model_key,Model,IFEval,BBH,MATH Lvl 5,GPQA,MUSR,MMLU-PRO,IFEval_n_valid,BBH_n_valid,MATH Lvl 5_n_valid,GPQA_n_valid,MUSR_n_valid,MMLU-PRO_n_valid,n_tasks_valid,six_task_complete,six_task_mean_complete_only,partial_task_mean,n_files_total,n_files_parse_success,n_files_parse_failed,has_parse_failure,source_parse_incomplete,legacy_partial_or_complete_mean,legacy_mean_matches_c01_table,mean_column_semantics
0-hero_Matter-0.2-7B-DPO,0-hero/Matter-0.2-7B-DPO,0.3302792147058693,0.3584447144592952,0.0083081570996978,0.259228187919463,0.3809523809523809,0.1163563829787234,1,1,1,1,1,1,6,True,0.2422615063525716,,1,1,0,False,False,0.2422615063525716,True,six_task_mean_complete_only = mean of six tasks ONLY when n_tasks_valid == 6; partial_task_mean = mean over the available tasks ONLY when 1 <= n_tasks_valid <= 5; legacy_* keeps the original skipna row mean for traceability and is NOT a six-task mean
01-ai_Yi-1.5-34B,01-ai/Yi-1.5-34B,0.2841172533322695,0.5953827460510328,0.1404833836858006,0.3657718120805369,0.4232804232804232,0.4665890957446808,1,1,1,1,1,1,6,True,0.37927078569579065,,1,1,0,False,False,0.37927078569579065,True,six_task_mean_complete_only = mean of six tasks ONLY when n_tasks_valid == 6; partial_task_mean = mean over the available tasks ONLY when 1 <= n_tasks_valid <= 5; legacy_* keeps the original skipna row mean for traceability and is NOT a six-task mean
01-ai_Yi-1.5-34B-32K,01-ai/Yi-1.5-34B-32K,0.3118691737922047,0.5981600416594341,0.134441087613293,0.3632550335570469,0.4391534391534391,0.4709109042553192,1,1,1,1,1,1,6,True,0.38629828000512284,,1,1,0,False,False,0.38629828000512284,True,six_task_mean_complete_only = mean of six tasks ONLY when n_tasks_valid == 6; partial_task_mean = mean over the available tasks ONLY when 1 <= n_tasks_valid <= 5; legacy_* keeps the original skipna row mean for traceability and is NOT a six-task mean
01-ai_Yi-1.5-34B-Chat,01-ai/Yi-1.5-34B-Chat,0.6066758423205982,0.6064919284846381,0.2333836858006042,0.3649328859060403,0.4272486772486772,0.4520445478723404,1,1,1,1,1,1,6,True,0.4484629279388164,,1,1,0,False,False,0.4484629279388164,True,six_task_mean_complete_only = mean of six tasks ONLY when n_tasks_valid == 6; partial_task_mean = mean over the available tasks ONLY when 1 <= n_tasks_valid <= 5; legacy_* keeps the original skipna row mean for traceability and is NOT a six-task mean
01-ai_Yi-1.5-34B-Chat-16K,01-ai/Yi-1.5-34B-Chat-16K,0.456449997118756,0.6070126714112133,0.1880664652567975,0.3380872483221476,0.4391534391534391,0.4544547872340425,1,1,1,1,1,1,6,True,0.41387076808273265,,1,1,0,False,False,0.41387076808273265,True,six_task_mean_complete_only = mean of six tasks ONLY when n_tasks_valid == 6; partial_task_mean = mean over the available tasks ONLY when 1 <= n_tasks_valid <= 5; legacy_* keeps the original skipna row mean for traceability and is NOT a six-task mean
01-ai_Yi-1.5-6B,01-ai/Yi-1.5-6B,0.2610606524022926,0.4481860788057629,0.0566465256797583,0.3120805369127516,0.4378306878306878,0.3100897606382978,1,1,1,1,1,1,6,True,0.30431570704492517,,1,1,0,False,False,0.30431570704492517,True,six_task_mean_complete_only = mean of six tasks ONLY when n_tasks_valid == 6; partial_task_mean = mean over the available tasks ONLY when 1 <= n_tasks_valid <= 5; legacy_* keeps the original skipna row mean for traceability and is NOT a six-task mean
01-ai_Yi-1.5-6B-Chat,01-ai/Yi-1.5-6B-Chat,0.4802302335580704,0.450616212463114,0.1253776435045317,0.3179530201342282,0.4417989417989418,0.3197307180851064,1,1,1,1,1,1,6,True,0.35595112825733205,,1,1,0,False,False,0.35595112825733205,True,six_task_mean_complete_only = mean of six tasks ONLY when n_tasks_valid == 6; partial_task_mean = mean over the available tasks ONLY when 1 <= n_tasks_valid <= 5; legacy_* keeps the original skipna row mean for traceability and is NOT a six-task mean
01-ai_Yi-1.5-9B,01-ai/Yi-1.5-9B,0.2935843561749491,0.513626106578719,0.1019637462235649,0.3791946308724832,0.4325396825396825,0.3916223404255319,1,1,1,1,1,1,6,True,0.35208847713582175,,1,1,0,False,False,0.35208847713582175,True,six_task_mean_complete_only = mean of six tasks ONLY when n_tasks_valid == 6; partial_task_mean = mean over the available tasks ONLY when 1 <= n_tasks_valid <= 5; legacy_* keeps the original skipna row mean for traceability and is NOT a six-task mean
01-ai_Yi-1.5-9B-32K,01-ai/Yi-1.5-9B-32K,0.2303111300238921,0.4940114563443846,0.0959214501510574,0.3590604026845637,0.4179894179894179,0.3764960106382978,1,1,1,1,1,1,6,True,0.3289649779719356,,1,1,0,False,False,0.3289649779719356,True,six_task_mean_complete_only = mean of six tasks ONLY when n_tasks_valid == 6; partial_task_mean = mean over the available tasks ONLY when 1 <= n_tasks_valid <= 5; legacy_* keeps the original skipna row mean for traceability and is NOT a six-task mean
01-ai_Yi-1.5-9B-Chat,01-ai/Yi-1.5-9B-Chat,0.6045525871354672,0.5528554070473876,0.1163141993957704,0.3347315436241611,0.4246031746031746,0.3975232712765957,1,1,1,1,1,1,6,True,0.405096697180426,,1,1,0,False,False,0.405096697180426,True,six_task_mean_complete_only = mean of six tasks ONLY when n_tasks_valid == 6; partial_task_mean = mean over the available tasks ONLY when 1 <= n_tasks_valid <= 5; legacy_* keeps the original skipna row mean for traceability and is NOT a six-task mean
01-ai_Yi-1.5-9B-Chat-16K,01-ai/Yi-1.5-9B-Chat-16K,0.4214040966856829,0.5124110397500434,0.1261329305135951,0.3087248322147651,0.4087301587301587,0.3993517287234042,1,1,1,1,1,1,6,True,0.36279246443627494,,1,1,0,False,False,0.36279246443627494,True,six_task_mean_complete_only = mean of six tasks ONLY when n_tasks_valid == 6; partial_task_mean = mean over the available tasks ONLY when 1 <= n_tasks_valid <= 5; legacy_* keeps the original skipna row mean for traceability and is NOT a six-task mean
01-ai_Yi-34B,01-ai/Yi-34B,0.3045751938190667,0.5450442631487589,0.0445619335347432,0.3666107382550335,0.4113756613756614,0.441156914893617,1,1,1,1,1,1,6,True,0.35222078417114683,,1,1,0,False,False,0.35222078417114683,True,six_task_mean_complete_only = mean of six tasks ONLY when n_tasks_valid == 6; partial_task_mean = mean over the available tasks ONLY when 1 <= n_tasks_valid <= 5; legacy_* keeps the original skipna row mean for traceability and is NOT a six-task mean
01-ai_Yi-34B-200K,01-ai/Yi-34B-200K,0.1542485050776384,0.5401839958340566,0.0445619335347432,0.3565436241610738,0.3809523809523809,0.4534574468085106,1,1,1,1,1,1,6,True,0.3216579810614006,,1,1,0,False,False,0.3216579810614006,True,six_task_mean_complete_only = mean of six tasks ONLY when n_tasks_valid == 6; partial_task_mean = mean over the available tasks ONLY when 1 <= n_tasks_valid <= 5; legacy_* keeps the original skipna row mean for traceability and is NOT a six-task mean
01-ai_Yi-34B-Chat,01-ai/Yi-34B-Chat,0.4698887839820565,0.5526818260718626,0.0626888217522658,0.3380872483221476,0.3968253968253968,0.4093251329787234,1,1,1,1,1,1,6,True,0.37158286832207543,,1,1,0,False,False,0.37158286832207543,True,six_task_mean_complete_only = mean of six tasks ONLY when n_tasks_valid == 6; partial_task_mean = mean over the available tasks ONLY when 1 <= n_tasks_valid <= 5; legacy_* keeps the original skipna row mean for traceability and is NOT a six-task mean
01-ai_Yi-6B,01-ai/Yi-6B,0.2893378458046871,0.4266620378406526,0.0151057401812688,0.2692953020134228,0.3928571428571428,0.2991190159574468,1,1,1,1,1,1,6,True,0.2820628474424368,,1,1,0,False,False,0.2820628474424368,True,six_task_mean_complete_only = mean of six tasks ONLY when n_tasks_valid == 6; partial_task_mean = mean over the available tasks ONLY when 1 <= n_tasks_valid <= 5; legacy_* keeps the original skipna row mean for traceability and is NOT a six-task mean
01-ai_Yi-6B-200K,01-ai/Yi-6B-200K,0.0843306870215472,0.4245790661343517,0.0120845921450151,0.2818791946308724,0.4576719576719577,0.2844082446808511,1,1,1,1,1,1,6,True,0.2574922903807659,,1,1,0,False,False,0.2574922903807659,True,six_task_mean_complete_only = mean of six tasks ONLY when n_tasks_valid == 6; partial_task_mean = mean over the available tasks ONLY when 1 <= n_tasks_valid <= 5; legacy_* keeps the original skipna row mean for traceability and is NOT a six-task mean
01-ai_Yi-6B-Chat,01-ai/Yi-6B-Chat,0.3395213588833184,0.4087831973615691,0.0067975830815709,0.2944630872483221,0.3677248677248677,0.3061003989361702,1,1,1,1,1,1,6,True,0.2872317488726364,,1,1,0,False,False,0.2872317488726364,True,six_task_mean_complete_only = mean of six tasks ONLY when n_tasks_valid == 6; partial_task_mean = mean over the available tasks ONLY when 1 <= n_tasks_valid <= 5; legacy_* keeps the original skipna row mean for traceability and is NOT a six-task mean
01-ai_Yi-9B,01-ai/Yi-9B,0.2708779372066118,0.492622808540184,0.0438066465256797,0.3179530201342282,0.4047619047619047,0.3573803191489361,1,1,1,1,1,1,6,True,0.31456710605292404,,1,1,0,False,False,0.31456710605292404,True,six_task_mean_complete_only = mean of six tasks ONLY when n_tasks_valid == 6; partial_task_mean = mean over the available tasks ONLY when 1 <= n_tasks_valid <= 5; legacy_* keeps the original skipna row mean for traceability and is NOT a six-task mean
01-ai_Yi-9B-200K,01-ai/Yi-9B-200K,0.2327092115586643,0.4780420065960771,0.0581570996978852,0.3154362416107382,0.4285714285714285,0.3622007978723404,1,1,1,1,1,1,6,True,0.31251946431785554,,1,1,0,False,False,0.31251946431785554,True,six_task_mean_complete_only = mean of six tasks ONLY when n_tasks_valid == 6; partial_task_mean = mean over the available tasks ONLY when 1 <= n_tasks_valid <= 5; legacy_* keeps the original skipna row mean for traceability and is NOT a six-task mean
01-ai_Yi-Coder-9B-Chat,01-ai/Yi-Coder-9B-Chat,0.4817041006750976,0.4802985592779031,0.0294561933534743,0.24748322147651,0.3981481481481481,0.2425199468085106,1,1,1,1,1,1,6,True,0.3132683616232739,,1,1,0,False,False,0.3132683616232739,True,six_task_mean_complete_only = mean of six tasks ONLY when n_tasks_valid == 6; partial_task_mean = mean over the available tasks ONLY when 1 <= n_tasks_valid <= 5; legacy_* keeps the original skipna row mean for traceability and is NOT a six-task mean
1-800-LLMs_Qwen-2.5-14B-Hindi,1-800-LLMs/Qwen-2.5-14B-Hindi,0.582570911847232,0.6497135913903836,0.2507552870090634,0.3624161073825503,0.4484126984126984,0.5262632978723404,1,1,1,1,1,1,6,True,0.47002198231904463,,1,1,0,False,False,0.47002198231904463,True,six_task_mean_complete_only = mean of six tasks ONLY when n_tasks_valid == 6; partial_task_mean = mean over the available tasks ONLY when 1 <= n_tasks_valid <= 5; legacy_* keeps the original skipna row mean for traceability and is NOT a six-task mean
1-800-LLMs_Qwen-2.5-14B-Hindi-Custom-Instruct,1-800-LLMs/Qwen-2.5-14B-Hindi-Custom-Instruct,0.307746778547587,0.6257594167679222,0.3058912386706948,0.3699664429530201,0.4484126984126984,0.516373005319149,1,1,1,1,1,1,6,True,0.4290249301118452,,1,1,0,False,False,0.4290249301118452,True,six_task_mean_complete_only = mean of six tasks ONLY when n_tasks_valid == 6; partial_task_mean = mean over the available tasks ONLY when 1 <= n_tasks_valid <= 5; legacy_* keeps the original skipna row mean for traceability and is NOT a six-task mean
1024m_PHI-4-Hindi,1024m/PHI-4-Hindi,0.0081683267064721,0.669675403575768,0.2311178247734139,0.3976510067114094,0.4907407407407407,0.523936170212766,1,1,1,1,1,1,6,True,0.38688157878676166,,1,1,0,False,False,0.38688157878676166,True,six_task_mean_complete_only = mean of six tasks ONLY when n_tasks_valid == 6; partial_task_mean = mean over the available tasks ONLY when 1 <= n_tasks_valid <= 5; legacy_* keeps the original skipna row mean for traceability and is NOT a six-task mean
1024m_QWEN-14B-B100,1024m/QWEN-14B-B100,0.7762104549262623,0.6511022391945843,0.0,0.3506711409395973,0.4087301587301587,0.5178690159574468,1,1,1,1,1,1,6,True,0.4507638349580083,,1,1,0,False,False,0.4507638349580083,True,six_task_mean_complete_only = mean of six tasks ONLY when n_tasks_valid == 6; partial_task_mean = mean over the available tasks ONLY when 1 <= n_tasks_valid <= 5; legacy_* keeps the original skipna row mean for traceability and is NOT a six-task mean
152334H_miqu-1-70b-sf,152334H/miqu-1-70b-sf,0.5181740005407873,0.6087484811664642,0.1080060422960725,0.3506711409395973,0.4576719576719577,0.4227892287234042,1,1,1,1,1,1,6,True,0.4110101418897138,,1,1,0,False,False,0.4110101418897138,True,six_task_mean_complete_only = mean of six tasks ONLY when n_tasks_valid == 6; partial_task_mean = mean over the available tasks ONLY when 1 <= n_tasks_valid <= 5; legacy_* keeps the original skipna row mean for traceability and is NOT a six-task mean
1TuanPham_T-VisStar-7B-v0.1,1TuanPham/T-VisStar-7B-v0.1,0.3607040430502178,0.5032112480472141,0.0453172205438066,0.285234899328859,0.4365079365079365,0.3210605053191489,1,1,1,1,1,1,6,True,0.3253393087995305,,1,1,0,False,False,0.3253393087995305,True,six_task_mean_complete_only = mean of six tasks ONLY when n_tasks_valid == 6; partial_task_mean = mean over the available tasks ONLY when 1 <= n_tasks_valid <= 5; legacy_* keeps the original skipna row mean for traceability and is NOT a six-task mean
1TuanPham_T-VisStar-v0.1,1TuanPham/T-VisStar-v0.1,0.3607040430502178,0.5032112480472141,0.0453172205438066,0.285234899328859,0.4365079365079365,0.3210605053191489,1,1,1,1,1,1,6,True,0.3253393087995305,,1,1,0,False,False,0.3253393087995305,True,six_task_mean_complete_only = mean of six tasks ONLY when n_tasks_valid == 6; partial_task_mean = mean over the available tasks ONLY when 1 <= n_tasks_valid <= 5; legacy_* keeps the original skipna row mean for traceability and is NOT a six-task mean
3rd-Degree-Burn_L-3.1-Science-Writer-8B,3rd-Degree-Burn/L-3.1-Science-Writer-8B,0.4262501274396379,0.5007811143898628,0.1027190332326284,0.2743288590604026,0.3955026455026455,0.3649434840425531,1,1,1,1,1,1,6,True,0.34408754394462177,,1,1,0,False,False,0.34408754394462177,True,six_task_mean_complete_only = mean of six tasks ONLY when n_tasks_valid == 6; partial_task_mean = mean over the available tasks ONLY when 1 <= n_tasks_valid <= 5; legacy_* keeps the original skipna row mean for traceability and is NOT a six-task mean
3rd-Degree-Burn_Llama-3.1-8B-Squareroot,3rd-Degree-Burn/Llama-3.1-8B-Squareroot,0.2213438121960841,0.3424752647109876,0.2107250755287009,0.2567114093959731,0.3082010582010582,0.1749501329787234,1,1,1,1,1,1,6,True,0.2524011255019212,,1,1,0,False,False,0.2524011255019212,True,six_task_mean_complete_only = mean of six tasks ONLY when n_tasks_valid == 6; partial_task_mean = mean over the available tasks ONLY when 1 <= n_tasks_valid <= 5; legacy_* keeps the original skipna row mean for traceability and is NOT a six-task mean
3rd-Degree-Burn_Llama-3.1-8B-Squareroot-v1,3rd-Degree-Burn/Llama-3.1-8B-Squareroot-v1,0.2892381104358657,0.3315396632529074,0.0619335347432024,0.2558724832214765,0.3333333333333333,0.1126994680851063,1,1,1,1,1,1,6,True,0.23076943217864862,,1,1,0,False,False,0.23076943217864862,True,six_task_mean_complete_only = mean of six tasks ONLY when n_tasks_valid == 6; partial_task_mean = mean over the available tasks ONLY when 1 <= n_tasks_valid <= 5; legacy_* keeps the original skipna row mean for traceability and is NOT a six-task mean
3rd-Degree-Burn_Llama-Squared-8B,3rd-Degree-Burn/Llama-Squared-8B,0.275524497222924,0.4410692588092345,0.0422960725075528,0.2718120805369127,0.3082010582010582,0.2366190159574468,1,1,1,1,1,1,6,True,0.2625869972058548,,1,1,0,False,False,0.2625869972058548,True,six_task_mean_complete_only = mean of six tasks ONLY when n_tasks_valid == 6; partial_task_mean = mean over the available tasks ONLY when 1 <= n_tasks_valid <= 5; legacy_* keeps the original skipna row mean for traceability and is NOT a six-task mean
4season_final_model_test_v2,4season/final_model_test_v2,0.3191132860809319,0.6323554938378754,0.0135951661631419,0.3271812080536913,0.4312169312169312,0.3528091755319149,1,1,1,1,1,1,6,True,0.34604521014741446,,1,1,0,False,False,0.34604521014741446,True,six_task_mean_complete_only = mean of six tasks ONLY when n_tasks_valid == 6; partial_task_mean = mean over the available tasks ONLY when 1 <= n_tasks_valid <= 5; legacy_* keeps the original skipna row mean for traceability and is NOT a six-task mean
AALF_FuseChat-Llama-3.1-8B-Instruct-preview,AALF/FuseChat-Llama-3.1-8B-Instruct-preview,0.7189579205397235,0.509460163166117,0.0702416918429003,0.3053691275167785,0.3809523809523809,0.3732546542553192,1,1,1,1,1,1,6,True,0.3930393230455365,,1,1,0,False,False,0.3930393230455365,True,six_task_mean_complete_only = mean of six tasks ONLY when n_tasks_valid == 6; partial_task_mean = mean over the available tasks ONLY when 1 <= n_tasks_valid <= 5; legacy_* keeps the original skipna row mean for traceability and is NOT a six-task mean
AALF_FuseChat-Llama-3.1-8B-SFT-preview,AALF/FuseChat-Llama-3.1-8B-SFT-preview,0.7280504616639405,0.522131574379448,0.11404833836858,0.3045302013422818,0.4007936507936508,0.3743351063829787,1,1,1,1,1,1,6,True,0.40731488882181327,,1,1,0,False,False,0.40731488882181327,True,six_task_mean_complete_only = mean of six tasks ONLY when n_tasks_valid == 6; partial_task_mean = mean over the available tasks ONLY when 1 <= n_tasks_valid <= 5; legacy_* keeps the original skipna row mean for traceability and is NOT a six-task mean
AALF_gemma-2-27b-it-SimPO-37K,AALF/gemma-2-27b-it-SimPO-37K,0.240652579599906,0.3889949661517097,0.0,0.2802013422818792,0.3478835978835979,0.1971409574468085,1,1,1,1,1,1,6,True,0.2424789072273169,,1,1,0,False,False,0.2424789072273169,True,six_task_mean_complete_only = mean of six tasks ONLY when n_tasks_valid == 6; partial_task_mean = mean over the available tasks ONLY when 1 <= n_tasks_valid <= 5; legacy_* keeps the original skipna row mean for traceability and is NOT a six-task mean
AALF_gemma-2-27b-it-SimPO-37K-100steps,AALF/gemma-2-27b-it-SimPO-37K-100steps,0.2567642743476199,0.3917722617601111,0.0,0.2885906040268456,0.332010582010582,0.2125166223404255,1,1,1,1,1,1,6,True,0.24694239074759736,,1,1,0,False,False,0.24694239074759736,True,six_task_mean_complete_only = mean of six tasks ONLY when n_tasks_valid == 6; partial_task_mean = mean over the available tasks ONLY when 1 <= n_tasks_valid <= 5; legacy_* keeps the original skipna row mean for traceability and is NOT a six-task mean
AELLM_gemma-2-aeria-infinity-9b,AELLM/gemma-2-aeria-infinity-9b,0.759399504426034,0.5976392987328589,0.0,0.3338926174496644,0.4007936507936508,0.386220079787234,1,1,1,1,1,1,6,True,0.41299085853157363,,1,1,0,False,False,0.41299085853157363,True,six_task_mean_complete_only = mean of six tasks ONLY when n_tasks_valid == 6; partial_task_mean = mean over the available tasks ONLY when 1 <= n_tasks_valid <= 5; legacy_* keeps the original skipna row mean for traceability and is NOT a six-task mean
AELLM_gemma-2-lyco-infinity-9b,AELLM/gemma-2-lyco-infinity-9b,0.7316475839660989,0.5828849158132269,0.0,0.3280201342281879,0.3994708994708995,0.378656914893617,1,1,1,1,1,1,6,True,0.40344674139533837,,1,1,0,False,False,0.40344674139533837,True,six_task_mean_complete_only = mean of six tasks ONLY when n_tasks_valid == 6; partial_task_mean = mean over the available tasks ONLY when 1 <= n_tasks_valid <= 5; legacy_* keeps the original skipna row mean for traceability and is NOT a six-task mean
AGI-0_Art-v0-3B,AGI-0/Art-v0-3B,0.3318029495073072,0.3386564832494358,0.1359516616314199,0.2609060402684564,0.3981481481481481,0.2528257978723404,1,1,1,1,1,1,6,True,0.286381846779518,,1,1,0,False,False,0.286381846779518,True,six_task_mean_complete_only = mean of six tasks ONLY when n_tasks_valid == 6; partial_task_mean = mean over the available tasks ONLY when 1 <= n_tasks_valid <= 5; legacy_* keeps the original skipna row mean for traceability and is NOT a six-task mean
AGI-0_Artificium-llama3.1-8B-001,AGI-0/Artificium-llama3.1-8B-001,0.5247687247614108,0.4237111612567262,0.1027190332326284,0.2659395973154362,0.3783068783068783,0.3181515957446808,1,1,1,1,1,1,6,True,0.3355994984362935,,1,1,0,False,False,0.3355994984362935,True,six_task_mean_complete_only = mean of six tasks ONLY when n_tasks_valid == 6; partial_task_mean = mean over the available tasks ONLY when 1 <= n_tasks_valid <= 5; legacy_* keeps the original skipna row mean for traceability and is NOT a six-task mean
AGI-0_smartllama3.1-8B-001,AGI-0/smartllama3.1-8B-001,0.3517865929068205,0.4639819475785454,0.1185800604229607,0.3062080536912752,0.4378306878306878,0.3486535904255319,1,1,1,1,1,1,6,True,0.33784015547597024,,1,1,0,False,False,0.33784015547597024,True,six_task_mean_complete_only = mean of six tasks ONLY when n_tasks_valid == 6; partial_task_mean = mean over the available tasks ONLY when 1 <= n_tasks_valid <= 5; legacy_* keeps the original skipna row mean for traceability and is NOT a six-task mean
AI-MO_NuminaMath-7B-CoT,AI-MO/NuminaMath-7B-CoT,0.2688544173903022,0.4297864954001041,0.0793051359516616,0.2659395973154362,0.3293650793650793,0.2868184840425531,1,1,1,1,1,1,6,True,0.27667820157752276,,1,1,0,False,False,0.27667820157752276,True,six_task_mean_complete_only = mean of six tasks ONLY when n_tasks_valid == 6; partial_task_mean = mean over the available tasks ONLY when 1 <= n_tasks_valid <= 5; legacy_* keeps the original skipna row mean for traceability and is NOT a six-task mean
AI-MO_NuminaMath-7B-TIR,AI-MO/NuminaMath-7B-TIR,0.2756242325917454,0.412775559798646,0.0173716012084592,0.2583892617449664,0.3505291005291005,0.2732712765957447,1,1,1,1,1,1,6,True,0.2646601720781103,,1,1,0,False,False,0.2646601720781103,True,six_task_mean_complete_only = mean of six tasks ONLY when n_tasks_valid == 6; partial_task_mean = mean over the available tasks ONLY when 1 <= n_tasks_valid <= 5; legacy_* keeps the original skipna row mean for traceability and is NOT a six-task mean
AI-Sweden-Models_Llama-3-8B-instruct,AI-Sweden-Models/Llama-3-8B-instruct,0.2401284148282113,0.414684950529422,0.0045317220543806,0.2659395973154362,0.4761904761904761,0.2597240691489361,1,1,1,1,1,1,6,True,0.27686653834447705,,1,1,0,False,False,0.27686653834447705,True,six_task_mean_complete_only = mean of six tasks ONLY when n_tasks_valid == 6; partial_task_mean = mean over the available tasks ONLY when 1 <= n_tasks_valid <= 5; legacy_* keeps the original skipna row mean for traceability and is NOT a six-task mean
AI-Sweden-Models_gpt-sw3-40b,AI-Sweden-Models/gpt-sw3-40b,0.1470298807164989,0.3245964242319041,0.0060422960725075,0.2348993288590604,0.3624338624338624,0.1275764627659574,1,1,1,1,1,1,6,True,0.20042970917996514,,1,1,0,False,False,0.20042970917996514,True,six_task_mean_complete_only = mean of six tasks ONLY when n_tasks_valid == 6; partial_task_mean = mean over the available tasks ONLY when 1 <= n_tasks_valid <= 5; legacy_* keeps the original skipna row mean for traceability and is NOT a six-task mean
AI4free_Dhanishtha,AI4free/Dhanishtha,0.2466477834368364,0.3376149973962853,0.2560422960725075,0.2525167785234899,0.3558201058201058,0.1643118351063829,1,1,1,1,1,1,6,True,0.2688256327259346,,1,1,0,False,False,0.2688256327259346,True,six_task_mean_complete_only = mean of six tasks ONLY when n_tasks_valid == 6; partial_task_mean = mean over the available tasks ONLY when 1 <= n_tasks_valid <= 5; legacy_* keeps the original skipna row mean for traceability and is NOT a six-task mean
AI4free_t2,AI4free/t2,0.3866828902866616,0.2874500954695365,0.1895770392749244,0.2575503355704698,0.3835978835978836,0.1143617021276595,1,1,1,1,1,1,6,True,0.26986999105452253,,1,1,0,False,False,0.26986999105452253,True,six_task_mean_complete_only = mean of six tasks ONLY when n_tasks_valid == 6; partial_task_mean = mean over the available tasks ONLY when 1 <= n_tasks_valid <= 5; legacy_* keeps the original skipna row mean for traceability and is NOT a six-task mean
AIDC-AI_Marco-o1,AIDC-AI/Marco-o1,0.477083028586373,0.5334143377885784,0.1064954682779456,0.259228187919463,0.4126984126984127,0.4116522606382978,1,1,1,1,1,1,6,True,0.3667619493181784,,1,1,0,False,False,0.3667619493181784,True,six_task_mean_complete_only = mean of six tasks ONLY when n_tasks_valid == 6; partial_task_mean = mean over the available tasks ONLY when 1 <= n_tasks_valid <= 5; legacy_* keeps the original skipna row mean for traceability and is NOT a six-task mean
Aashraf995_Creative-7B-nerd,Aashraf995/Creative-7B-nerd,0.4721871301480073,0.5584099982641902,0.2854984894259819,0.3263422818791946,0.451058201058201,0.44921875,1,1,1,1,1,1,6,True,0.42378580846259584,,1,1,0,False,False,0.42378580846259584,True,six_task_mean_complete_only = mean of six tasks ONLY when n_tasks_valid == 6; partial_task_mean = mean over the available tasks ONLY when 1 <= n_tasks_valid <= 5; legacy_* keeps the original skipna row mean for traceability and is NOT a six-task mean
Aashraf995_Gemma-Evo-10B,Aashraf995/Gemma-Evo-10B,0.7332211864519476,0.6035410519007117,0.2009063444108761,0.3540268456375839,0.458994708994709,0.4275265957446808,1,1,1,1,1,1,6,True,0.4630361221900849,,1,1,0,False,False,0.4630361221900849,True,six_task_mean_complete_only = mean of six tasks ONLY when n_tasks_valid == 6; partial_task_mean = mean over the available tasks ONLY when 1 <= n_tasks_valid <= 5; legacy_* keeps the original skipna row mean for traceability and is NOT a six-task mean
Aashraf995_Qwen-Evo-7B,Aashraf995/Qwen-Evo-7B,0.4757343847657549,0.5681305328935948,0.2998489425981873,0.3255033557046979,0.4537037037037037,0.4462267287234042,1,1,1,1,1,1,6,True,0.4281912747315571,,1,1,0,False,False,0.4281912747315571,True,six_task_mean_complete_only = mean of six tasks ONLY when n_tasks_valid == 6; partial_task_mean = mean over the available tasks ONLY when 1 <= n_tasks_valid <= 5; legacy_* keeps the original skipna row mean for traceability and is NOT a six-task mean
Aashraf995_QwenStock-14B,Aashraf995/QwenStock-14B,0.5008632650256873,0.6528380489498351,0.3338368580060423,0.3892617449664429,0.4788359788359788,0.5382313829787234,1,1,1,1,1,1,6,True,0.4823112131271183,,1,1,0,False,False,0.4823112131271183,True,six_task_mean_complete_only = mean of six tasks ONLY when n_tasks_valid == 6; partial_task_mean = mean over the available tasks ONLY when 1 <= n_tasks_valid <= 5; legacy_* keeps the original skipna row mean for traceability and is NOT a six-task mean
AbacusResearch_Jallabi-34B,AbacusResearch/Jallabi-34B,0.3528604103777976,0.5986807845860094,0.039274924471299,0.3389261744966443,0.4814814814814814,0.4681682180851064,1,1,1,1,1,1,6,True,0.37989866558305635,,1,1,0,False,False,0.37989866558305635,True,six_task_mean_complete_only = mean of six tasks ONLY when n_tasks_valid == 6; partial_task_mean = mean over the available tasks ONLY when 1 <= n_tasks_valid <= 5; legacy_* keeps the original skipna row mean for traceability and is NOT a six-task mean
Ahdoot_StructuredThinker-v0.3-MoreStructure,Ahdoot/StructuredThinker-v0.3-MoreStructure,0.4192808415005519,0.4813400451310536,0.2348942598187311,0.296979865771812,0.4153439153439153,0.3610372340425531,1,1,1,1,1,1,6,True,0.36814602693476944,,1,1,0,False,False,0.36814602693476944,True,six_task_mean_complete_only = mean of six tasks ONLY when n_tasks_valid == 6; partial_task_mean = mean over the available tasks ONLY when 1 <= n_tasks_valid <= 5; legacy_* keeps the original skipna row mean for traceability and is NOT a six-task mean
Ahdoot_Test_StealthThinker,Ahdoot/Test_StealthThinker,0.4220036170693759,0.461031070994619,0.1457703927492447,0.2961409395973154,0.4272486772486772,0.3597074468085106,1,1,1,1,1,1,6,True,0.3519836907446238,,1,1,0,False,False,0.3519836907446238,True,six_task_mean_complete_only = mean of six tasks ONLY when n_tasks_valid == 6; partial_task_mean = mean over the available tasks ONLY when 1 <= n_tasks_valid <= 5; legacy_* keeps the original skipna row mean for traceability and is NOT a six-task mean
AicoresSecurity_Cybernet-Sec-3B-R1-V0,AicoresSecurity/Cybernet-Sec-3B-R1-V0,0.6358018945287394,0.4487068217323381,0.1155589123867069,0.2634228187919463,0.3306878306878307,0.301030585106383,1,1,1,1,1,1,6,True,0.34920147720565736,,1,1,0,False,False,0.34920147720565736,True,six_task_mean_complete_only = mean of six tasks ONLY when n_tasks_valid == 6; partial_task_mean = mean over the available tasks ONLY when 1 <= n_tasks_valid <= 5; legacy_* keeps the original skipna row mean for traceability and is NOT a six-task mean
AicoresSecurity_Cybernet-Sec-3B-R1-V0-Coder,AicoresSecurity/Cybernet-Sec-3B-R1-V0-Coder,0.7097656440466851,0.4452352022218365,0.1487915407854985,0.2718120805369127,0.3399470899470899,0.3178191489361702,1,1,1,1,1,1,6,True,0.37222845107903213,,1,1,0,False,False,0.37222845107903213,True,six_task_mean_complete_only = mean of six tasks ONLY when n_tasks_valid == 6; partial_task_mean = mean over the available tasks ONLY when 1 <= n_tasks_valid <= 5; legacy_* keeps the original skipna row mean for traceability and is NOT a six-task mean
AicoresSecurity_Cybernet-Sec-3B-R1-V1,AicoresSecurity/Cybernet-Sec-3B-R1-V1,0.6145693426774292,0.4263148758896025,0.1518126888217522,0.2609060402684564,0.328042328042328,0.2876496010638298,1,1,1,1,1,1,6,True,0.3448824794605663,,1,1,0,False,False,0.3448824794605663,True,six_task_mean_complete_only = mean of six tasks ONLY when n_tasks_valid == 6; partial_task_mean = mean over the available tasks ONLY when 1 <= n_tasks_valid <= 5; legacy_* keeps the original skipna row mean for traceability and is NOT a six-task mean
AicoresSecurity_Cybernet-Sec-3B-R1-V1.1,AicoresSecurity/Cybernet-Sec-3B-R1-V1.1,0.6730209178313542,0.4367297344211074,0.1759818731117824,0.2709731543624161,0.3531746031746032,0.308843085106383,1,1,1,1,1,1,6,True,0.3697872280012744,,1,1,0,False,False,0.3697872280012744,True,six_task_mean_complete_only = mean of six tasks ONLY when n_tasks_valid == 6; partial_task_mean = mean over the available tasks ONLY when 1 <= n_tasks_valid <= 5; legacy_* keeps the original skipna row mean for traceability and is NOT a six-task mean
Alepach_notHumpback-M0,Alepach/notHumpback-M0,0.2683047646910198,0.286408609616386,0.0030211480362537,0.2541946308724832,0.3478835978835979,0.1162732712765957,1,1,1,1,1,1,6,True,0.2126810037293894,,1,1,0,False,False,0.2126810037293894,True,six_task_mean_complete_only = mean of six tasks ONLY when n_tasks_valid == 6; partial_task_mean = mean over the available tasks ONLY when 1 <= n_tasks_valid <= 5; legacy_* keeps the original skipna row mean for traceability and is NOT a six-task mean
Alepach_notHumpback-M1,Alepach/notHumpback-M1,0.2288627508344526,0.2910952959555632,0.0060422960725075,0.2533557046979866,0.3531746031746032,0.1098736702127659,1,1,1,1,1,1,6,True,0.2070673868246465,,1,1,0,False,False,0.2070673868246465,True,six_task_mean_complete_only = mean of six tasks ONLY when n_tasks_valid == 6; partial_task_mean = mean over the available tasks ONLY when 1 <= n_tasks_valid <= 5; legacy_* keeps the original skipna row mean for traceability and is NOT a six-task mean
Alepach_notHumpback-M1-v2,Alepach/notHumpback-M1-v2,0.2277135777514772,0.2751258462072556,0.0120845921450151,0.2600671140939597,0.3465608465608465,0.1118683510638298,1,1,1,1,1,1,6,True,0.20557005463706401,,1,1,0,False,False,0.20557005463706401,True,six_task_mean_complete_only = mean of six tasks ONLY when n_tasks_valid == 6; partial_task_mean = mean over the available tasks ONLY when 1 <= n_tasks_valid <= 5; legacy_* keeps the original skipna row mean for traceability and is NOT a six-task mean
Alibaba-NLP_gte-Qwen2-7B-instruct,Alibaba-NLP/gte-Qwen2-7B-instruct,0.2255404548819354,0.4457559451484117,0.0347432024169184,0.2449664429530201,0.3558201058201058,0.3321143617021276,1,1,1,1,1,1,6,True,0.2731567521537532,,1,1,0,False,False,0.2731567521537532,True,six_task_mean_complete_only = mean of six tasks ONLY when n_tasks_valid == 6; partial_task_mean = mean over the available tasks ONLY when 1 <= n_tasks_valid <= 5; legacy_* keeps the original skipna row mean for traceability and is NOT a six-task mean
Alsebay_Qwen2.5-7B-test-novelist,Alsebay/Qwen2.5-7B-test-novelist,0.5351600420218354,0.5117167158479431,0.1608761329305136,0.2911073825503356,0.4748677248677249,0.3865525265957447,1,1,1,1,1,1,6,True,0.39338008746901626,,1,1,0,False,False,0.39338008746901626,True,six_task_mean_complete_only = mean of six tasks ONLY when n_tasks_valid == 6; partial_task_mean = mean over the available tasks ONLY when 1 <= n_tasks_valid <= 5; legacy_* keeps the original skipna row mean for traceability and is NOT a six-task mean
Amaorynho_BBAI2006,Amaorynho/BBAI2006,0.146705186682447,0.2671411213331019,0.0,0.2525167785234899,0.3597883597883597,0.112283909574468,1,1,1,1,1,1,6,True,0.18973922598364446,,1,1,0,False,False,0.18973922598364446,True,six_task_mean_complete_only = mean of six tasks ONLY when n_tasks_valid == 6; partial_task_mean = mean over the available tasks ONLY when 1 <= n_tasks_valid <= 5; legacy_* keeps the original skipna row mean for traceability and is NOT a six-task mean
Amaorynho_BBAI270V4,Amaorynho/BBAI270V4,0.1990374428737971,0.3041138691199445,0.0083081570996978,0.2458053691275167,0.3306878306878307,0.1113696808510638,1,1,1,1,1,1,6,True,0.19988705829330844,,1,1,0,False,False,0.19988705829330844,True,six_task_mean_complete_only = mean of six tasks ONLY when n_tasks_valid == 6; partial_task_mean = mean over the available tasks ONLY when 1 <= n_tasks_valid <= 5; legacy_* keeps the original skipna row mean for traceability and is NOT a six-task mean
Amaorynho_BBAIIFEV1,Amaorynho/BBAIIFEV1,0.8047369867507104,0.5280333275473008,0.1933534743202417,0.3104026845637584,0.4179894179894179,0.3857214095744681,1,1,1,1,1,1,6,True,0.4400395501243162,,1,1,0,False,False,0.4400395501243162,True,six_task_mean_complete_only = mean of six tasks ONLY when n_tasks_valid == 6; partial_task_mean = mean over the available tasks ONLY when 1 <= n_tasks_valid <= 5; legacy_* keeps the original skipna row mean for traceability and is NOT a six-task mean
Amaorynho_BBAI_375,Amaorynho/BBAI_375,0.146705186682447,0.2671411213331019,0.0,0.2525167785234899,0.3597883597883597,0.112283909574468,1,1,1,1,1,1,6,True,0.18973922598364446,,1,1,0,False,False,0.18973922598364446,True,six_task_mean_complete_only = mean of six tasks ONLY when n_tasks_valid == 6; partial_task_mean = mean over the available tasks ONLY when 1 <= n_tasks_valid <= 5; legacy_* keeps the original skipna row mean for traceability and is NOT a six-task mean
Amu_t1-1.5B,Amu/t1-1.5B,0.3393717558300864,0.398021176879014,0.0513595166163142,0.2432885906040268,0.3505291005291005,0.2566489361702128,1,1,1,1,1,1,6,True,0.2732031794381258,,1,1,0,False,False,0.2732031794381258,True,six_task_mean_complete_only = mean of six tasks ONLY when n_tasks_valid == 6; partial_task_mean = mean over the available tasks ONLY when 1 <= n_tasks_valid <= 5; legacy_* keeps the original skipna row mean for traceability and is NOT a six-task mean
Amu_t1-3B,Amu/t1-3B,0.3327770316094628,0.3964589480992883,0.1374622356495468,0.2407718120805369,0.3425925925925926,0.128407579787234,1,1,1,1,1,1,6,True,0.2630783666364435,,1,1,0,False,False,0.2630783666364435,True,six_task_mean_complete_only = mean of six tasks ONLY when n_tasks_valid == 6; partial_task_mean = mean over the available tasks ONLY when 1 <= n_tasks_valid <= 5; legacy_* keeps the original skipna row mean for traceability and is NOT a six-task mean
ArliAI_ArliAI-RPMax-12B-v1.1,ArliAI/ArliAI-RPMax-12B-v1.1,0.5348852156721942,0.4733553202568998,0.0921450151057401,0.2818791946308724,0.3611111111111111,0.3384308510638298,1,1,1,1,1,1,6,True,0.34696778464010797,,1,1,0,False,False,0.34696778464010797,True,six_task_mean_complete_only = mean of six tasks ONLY when n_tasks_valid == 6; partial_task_mean = mean over the available tasks ONLY when 1 <= n_tasks_valid <= 5; legacy_* keeps the original skipna row mean for traceability and is NOT a six-task mean
ArliAI_Llama-3.1-8B-ArliAI-RPMax-v1.1,ArliAI/Llama-3.1-8B-ArliAI-RPMax-v1.1,0.6359016298975606,0.4997396285367124,0.1132930513595166,0.2835570469798658,0.3571428571428571,0.3551363031914893,1,1,1,1,1,1,6,True,0.3741284195180003,,1,1,0,False,False,0.3741284195180003,True,six_task_mean_complete_only = mean of six tasks ONLY when n_tasks_valid == 6; partial_task_mean = mean over the available tasks ONLY when 1 <= n_tasks_valid <= 5; legacy_* keeps the original skipna row mean for traceability and is NOT a six-task mean
Arthur-LAGACHERIE_Precis-1B-Instruct,Arthur-LAGACHERIE/Precis-1B-Instruct,0.3670738086056109,0.3195625759416768,0.0007552870090634,0.2659395973154362,0.3425925925925926,0.1426196808510638,1,1,1,1,1,1,6,True,0.23975725705257392,,1,1,0,False,False,0.23975725705257392,True,six_task_mean_complete_only = mean of six tasks ONLY when n_tasks_valid == 6; partial_task_mean = mean over the available tasks ONLY when 1 <= n_tasks_valid <= 5; legacy_* keeps the original skipna row mean for traceability and is NOT a six-task mean
Artples_L-MChat-7b,Artples/L-MChat-7b,0.5296646231997766,0.4584273563617427,0.0793051359516616,0.3053691275167785,0.4021164021164021,0.3298703457446808,1,1,1,1,1,1,6,True,0.3507921651485071,,1,1,0,False,False,0.3507921651485071,True,six_task_mean_complete_only = mean of six tasks ONLY when n_tasks_valid == 6; partial_task_mean = mean over the available tasks ONLY when 1 <= n_tasks_valid <= 5; legacy_* keeps the original skipna row mean for traceability and is NOT a six-task mean
Artples_L-MChat-Small,Artples/L-MChat-Small,0.3287056122200206,0.4789099114737025,0.0158610271903323,0.2676174496644295,0.369047619047619,0.2464261968085106,1,1,1,1,1,1,6,True,0.2844279694007691,,1,1,0,False,False,0.2844279694007691,True,six_task_mean_complete_only = mean of six tasks ONLY when n_tasks_valid == 6; partial_task_mean = mean over the available tasks ONLY when 1 <= n_tasks_valid <= 5; legacy_* keeps the original skipna row mean for traceability and is NOT a six-task mean
Aryanne_QwentileSwap,Aryanne/QwentileSwap,0.7378422585406721,0.6979691025863566,0.4222054380664652,0.3674496644295302,0.4629629629629629,0.5945811170212766,1,1,1,1,1,1,6,True,0.5471684239345439,,1,1,0,False,False,0.5471684239345439,True,six_task_mean_complete_only = mean of six tasks ONLY when n_tasks_valid == 6; partial_task_mean = mean over the available tasks ONLY when 1 <= n_tasks_valid <= 5; legacy_* keeps the original skipna row mean for traceability and is NOT a six-task mean
Aryanne_SHBA,Aryanne/SHBA,0.7816560060639104,0.5210900885262976,0.1737160120845921,0.3053691275167785,0.4153439153439153,0.3892121010638298,1,1,1,1,1,1,6,True,0.43106454176655395,,1,1,0,False,False,0.43106454176655395,True,six_task_mean_complete_only = mean of six tasks ONLY when n_tasks_valid == 6; partial_task_mean = mean over the available tasks ONLY when 1 <= n_tasks_valid <= 5; legacy_* keeps the original skipna row mean for traceability and is NOT a six-task mean
Aryanne_SuperHeart,Aryanne/SuperHeart,0.5192234382549413,0.5191806977955216,0.1389728096676737,0.3011744966442953,0.4431216931216931,0.3912067819148936,1,1,1,1,1,1,6,True,0.3854799862331697,,1,1,0,False,False,0.3854799862331697,True,six_task_mean_complete_only = mean of six tasks ONLY when n_tasks_valid == 6; partial_task_mean = mean over the available tasks ONLY when 1 <= n_tasks_valid <= 5; legacy_* keeps the original skipna row mean for traceability and is NOT a six-task mean
AtAndDev_Qwen2.5-1.5B-continuous-learnt,AtAndDev/Qwen2.5-1.5B-continuous-learnt,0.4605214165081982,0.4216281895504252,0.0747734138972809,0.2659395973154362,0.3624338624338624,0.2811668882978723,1,1,1,1,1,1,6,True,0.3110772280005125,,1,1,0,False,False,0.3110772280005125,True,six_task_mean_complete_only = mean of six tasks ONLY when n_tasks_valid == 6; partial_task_mean = mean over the available tasks ONLY when 1 <= n_tasks_valid <= 5; legacy_* keeps the original skipna row mean for traceability and is NOT a six-task mean
Ateron_Glowing-Forest-12B,Ateron/Glowing-Forest-12B,0.3591803082487799,0.5469536538795348,0.0777945619335347,0.3330536912751677,0.4444444444444444,0.3717586436170212,1,1,1,1,1,1,6,True,0.3555308838997471,,1,1,0,False,False,0.3555308838997471,True,six_task_mean_complete_only = mean of six tasks ONLY when n_tasks_valid == 6; partial_task_mean = mean over the available tasks ONLY when 1 <= n_tasks_valid <= 5; legacy_* keeps the original skipna row mean for traceability and is NOT a six-task mean
Ateron_Lotus-Magpic,Ateron/Lotus-Magpic,0.6286076499244228,0.5226523173060232,0.0996978851963746,0.3028523489932886,0.4325396825396825,0.3490691489361702,1,1,1,1,1,1,6,True,0.3892365054826603,,1,1,0,False,False,0.3892365054826603,True,six_task_mean_complete_only = mean of six tasks ONLY when n_tasks_valid == 6; partial_task_mean = mean over the available tasks ONLY when 1 <= n_tasks_valid <= 5; legacy_* keeps the original skipna row mean for traceability and is NOT a six-task mean
Ateron_Way_of_MagPicaro,Ateron/Way_of_MagPicaro,0.2637091805298829,0.5401839958340566,0.0589123867069486,0.3338926174496644,0.4642857142857143,0.3535571808510638,1,1,1,1,1,1,6,True,0.3357568459428884,,1,1,0,False,False,0.3357568459428884,True,six_task_mean_complete_only = mean of six tasks ONLY when n_tasks_valid == 6; partial_task_mean = mean over the available tasks ONLY when 1 <= n_tasks_valid <= 5; legacy_* keeps the original skipna row mean for traceability and is NOT a six-task mean
AuraIndustries_Aura-4B,AuraIndustries/Aura-4B,0.3815620331830653,0.4469710119770873,0.0430513595166163,0.287751677852349,0.3928571428571428,0.2706117021276595,1,1,1,1,1,1,6,True,0.30380082125232005,,1,1,0,False,False,0.30380082125232005,True,six_task_mean_complete_only = mean of six tasks ONLY when n_tasks_valid == 6; partial_task_mean = mean over the available tasks ONLY when 1 <= n_tasks_valid <= 5; legacy_* keeps the original skipna row mean for traceability and is NOT a six-task mean
AuraIndustries_Aura-8B,AuraIndustries/Aura-8B,0.7205315230255722,0.5108488109703176,0.1503021148036253,0.2860738255033557,0.3994708994708995,0.3873836436170212,1,1,1,1,1,1,6,True,0.4091018028984652,,1,1,0,False,False,0.4091018028984652,True,six_task_mean_complete_only = mean of six tasks ONLY when n_tasks_valid == 6; partial_task_mean = mean over the available tasks ONLY when 1 <= n_tasks_valid <= 5; legacy_* keeps the original skipna row mean for traceability and is NOT a six-task mean
AuraIndustries_Aura-MoE-2x4B,AuraIndustries/Aura-MoE-2x4B,0.460096987105325,0.4322166290574553,0.0294561933534743,0.2718120805369127,0.4074074074074074,0.2649601063829787,1,1,1,1,1,1,6,True,0.3109915673072589,,1,1,0,False,False,0.3109915673072589,True,six_task_mean_complete_only = mean of six tasks ONLY when n_tasks_valid == 6; partial_task_mean = mean over the available tasks ONLY when 1 <= n_tasks_valid <= 5; legacy_* keeps the original skipna row mean for traceability and is NOT a six-task mean
AuraIndustries_Aura-MoE-2x4B-v2,AuraIndustries/Aura-MoE-2x4B-v2,0.4777822843388875,0.4292657524735289,0.0234138972809667,0.287751677852349,0.4087301587301587,0.2609707446808511,1,1,1,1,1,1,6,True,0.3146524192261236,,1,1,0,False,False,0.3146524192261236,True,six_task_mean_complete_only = mean of six tasks ONLY when n_tasks_valid == 6; partial_task_mean = mean over the available tasks ONLY when 1 <= n_tasks_valid <= 5; legacy_* keeps the original skipna row mean for traceability and is NOT a six-task mean
Aurel9_testmerge-7b,Aurel9/testmerge-7b,0.3979984219648311,0.5151883353584447,0.0672205438066465,0.3003355704697986,0.4656084656084656,0.3052692819148936,1,1,1,1,1,1,6,True,0.34193676985384663,,1,1,0,False,False,0.34193676985384663,True,six_task_mean_complete_only = mean of six tasks ONLY when n_tasks_valid == 6; partial_task_mean = mean over the available tasks ONLY when 1 <= n_tasks_valid <= 5; legacy_* keeps the original skipna row mean for traceability and is NOT a six-task mean
Ayush-Singh_Llama1B-sft-2,Ayush-Singh/Llama1B-sft-2,0.1374375545774101,0.2808540183995834,0.0,0.2458053691275167,0.3544973544973545,0.1117021276595744,1,1,1,1,1,1,6,True,0.1883827373769065,,1,1,0,False,False,0.1883827373769065,True,six_task_mean_complete_only = mean of six tasks ONLY when n_tasks_valid == 6; partial_task_mean = mean over the available tasks ONLY when 1 <= n_tasks_valid <= 5; legacy_* keeps the original skipna row mean for traceability and is NOT a six-task mean
Azure99_Blossom-V6-14B,Azure99/Blossom-V6-14B,0.6395486198841297,0.5023433431695886,0.0755287009063444,0.2625838926174497,0.4021164021164021,0.4543716755319149,1,1,1,1,1,1,6,True,0.38941543903763826,,1,1,0,False,False,0.38941543903763826,True,six_task_mean_complete_only = mean of six tasks ONLY when n_tasks_valid == 6; partial_task_mean = mean over the available tasks ONLY when 1 <= n_tasks_valid <= 5; legacy_* keeps the original skipna row mean for traceability and is NOT a six-task mean
Azure99_Blossom-V6-7B,Azure99/Blossom-V6-7B,0.5538194213575536,0.4954001041485853,0.0785498489425981,0.3045302013422818,0.4285714285714285,0.4143949468085106,1,1,1,1,1,1,6,True,0.3792109918618263,,1,1,0,False,False,0.3792109918618263,True,six_task_mean_complete_only = mean of six tasks ONLY when n_tasks_valid == 6; partial_task_mean = mean over the available tasks ONLY when 1 <= n_tasks_valid <= 5; legacy_* keeps the original skipna row mean for traceability and is NOT a six-task mean
Azure99_blossom-v5-32b,Azure99/blossom-v5-32b,0.5235441960664371,0.5931261933692067,0.0966767371601208,0.311241610738255,0.4007936507936508,0.4234541223404255,1,1,1,1,1,1,6,True,0.3914727517446826,,1,1,0,False,False,0.3914727517446826,True,six_task_mean_complete_only = mean of six tasks ONLY when n_tasks_valid == 6; partial_task_mean = mean over the available tasks ONLY when 1 <= n_tasks_valid <= 5; legacy_* keeps the original skipna row mean for traceability and is NOT a six-task mean
Azure99_blossom-v5-llama3-8b,Azure99/blossom-v5-llama3-8b,0.434293230849701,0.4155528554070474,0.0400302114803625,0.2651006711409396,0.3664021164021164,0.2205784574468085,1,1,1,1,1,1,6,True,0.2903262571211626,,1,1,0,False,False,0.2903262571211626,True,six_task_mean_complete_only = mean of six tasks ONLY when n_tasks_valid == 6; partial_task_mean = mean over the available tasks ONLY when 1 <= n_tasks_valid <= 5; legacy_* keeps the original skipna row mean for traceability and is NOT a six-task mean
Azure99_blossom-v5.1-34b,Azure99/blossom-v5.1-34b,0.5696562897556262,0.6080541572643638,0.1442598187311178,0.3095637583892617,0.3915343915343915,0.4546210106382978,1,1,1,1,1,1,6,True,0.41294823771884315,,1,1,0,False,False,0.41294823771884315,True,six_task_mean_complete_only = mean of six tasks ONLY when n_tasks_valid == 6; partial_task_mean = mean over the available tasks ONLY when 1 <= n_tasks_valid <= 5; legacy_* keeps the original skipna row mean for traceability and is NOT a six-task mean
Azure99_blossom-v5.1-9b,Azure99/blossom-v5.1-9b,0.5085816744016985,0.5318521090088526,0.1049848942598187,0.3355704697986577,0.3981481481481481,0.3984375,1,1,1,1,1,1,6,True,0.3795957992695293,,1,1,0,False,False,0.3795957992695293,True,six_task_mean_complete_only = mean of six tasks ONLY when n_tasks_valid == 6; partial_task_mean = mean over the available tasks ONLY when 1 <= n_tasks_valid <= 5; legacy_* keeps the original skipna row mean for traceability and is NOT a six-task mean
BAAI_Gemma2-9B-IT-Simpo-Infinity-Preference,BAAI/Gemma2-9B-IT-Simpo-Infinity-Preference,0.31763831079314,0.5971185558062836,0.0,0.3397651006711409,0.3955026455026455,0.3863863031914893,1,1,1,1,1,1,6,True,0.3394018193274499,,1,1,0,False,False,0.3394018193274499,True,six_task_mean_complete_only = mean of six tasks ONLY when n_tasks_valid == 6; partial_task_mean = mean over the available tasks ONLY when 1 <= n_tasks_valid <= 5; legacy_* keeps the original skipna row mean for traceability and is NOT a six-task mean
BAAI_Infinity-Instruct-3M-0613-Llama3-70B,BAAI/Infinity-Instruct-3M-0613-Llama3-70B,0.6821134589555713,0.6625585835792397,0.1487915407854985,0.3582214765100671,0.451058201058201,0.4729886968085106,1,1,1,1,1,1,6,True,0.4626219929495146,,1,1,0,False,False,0.4626219929495146,True,six_task_mean_complete_only = mean of six tasks ONLY when n_tasks_valid == 6; partial_task_mean = mean over the available tasks ONLY when 1 <= n_tasks_valid <= 5; legacy_* keeps the original skipna row mean for traceability and is NOT a six-task mean
BAAI_Infinity-Instruct-3M-0613-Mistral-7B,BAAI/Infinity-Instruct-3M-0613-Mistral-7B,0.5319873491225504,0.4941850373199097,0.066465256797583,0.2961409395973154,0.4338624338624338,0.3160738031914893,1,1,1,1,1,1,6,True,0.35645246998188024,,1,1,0,False,False,0.35645246998188024,True,six_task_mean_complete_only = mean of six tasks ONLY when n_tasks_valid == 6; partial_task_mean = mean over the available tasks ONLY when 1 <= n_tasks_valid <= 5; legacy_* keeps the original skipna row mean for traceability and is NOT a six-task mean
BAAI_Infinity-Instruct-3M-0625-Llama3-70B,BAAI/Infinity-Instruct-3M-0625-Llama3-70B,0.7442120240960651,0.6639472313834404,0.1631419939577039,0.3573825503355705,0.4603174603174603,0.4586103723404255,1,1,1,1,1,1,6,True,0.4746019387384443,,1,1,0,False,False,0.4746019387384443,True,six_task_mean_complete_only = mean of six tasks ONLY when n_tasks_valid == 6; partial_task_mean = mean over the available tasks ONLY when 1 <= n_tasks_valid <= 5; legacy_* keeps the original skipna row mean for traceability and is NOT a six-task mean
BAAI_Infinity-Instruct-3M-0625-Llama3-8B,BAAI/Infinity-Instruct-3M-0625-Llama3-8B,0.6050268842227512,0.4921020656136087,0.052870090634441,0.2751677852348993,0.3703703703703703,0.3252160904255319,1,1,1,1,1,1,6,True,0.3534588810836004,,1,1,0,False,False,0.3534588810836004,True,six_task_mean_complete_only = mean of six tasks ONLY when n_tasks_valid == 6; partial_task_mean = mean over the available tasks ONLY when 1 <= n_tasks_valid <= 5; legacy_* keeps the original skipna row mean for traceability and is NOT a six-task mean
BAAI_Infinity-Instruct-3M-0625-Mistral-7B,BAAI/Infinity-Instruct-3M-0625-Mistral-7B,0.5867420666054957,0.4914077417115084,0.0672205438066465,0.2869127516778523,0.4259259259259259,0.3229720744680851,1,1,1,1,1,1,6,True,0.3635301840325856,,1,1,0,False,False,0.3635301840325856,True,six_task_mean_complete_only = mean of six tasks ONLY when n_tasks_valid == 6; partial_task_mean = mean over the available tasks ONLY when 1 <= n_tasks_valid <= 5; legacy_* keeps the original skipna row mean for traceability and is NOT a six-task mean
BAAI_Infinity-Instruct-3M-0625-Qwen2-7B,BAAI/Infinity-Instruct-3M-0625-Qwen2-7B,0.5553930238434022,0.5315049470578025,0.0611782477341389,0.3129194630872483,0.3875661375661375,0.3960272606382978,1,1,1,1,1,1,6,True,0.37409817998783784,,1,1,0,False,False,0.37409817998783784,True,six_task_mean_complete_only = mean of six tasks ONLY when n_tasks_valid == 6; partial_task_mean = mean over the available tasks ONLY when 1 <= n_tasks_valid <= 5; legacy_* keeps the original skipna row mean for traceability and is NOT a six-task mean
BAAI_Infinity-Instruct-3M-0625-Yi-1.5-9B,BAAI/Infinity-Instruct-3M-0625-Yi-1.5-9B,0.5185984299436606,0.5497309494879361,0.1397280966767371,0.3540268456375839,0.4563492063492063,0.4118184840425531,1,1,1,1,1,1,6,True,0.40504200202294616,,1,1,0,False,False,0.40504200202294616,True,six_task_mean_complete_only = mean of six tasks ONLY when n_tasks_valid == 6; partial_task_mean = mean over the available tasks ONLY when 1 <= n_tasks_valid <= 5; legacy_* keeps the original skipna row mean for traceability and is NOT a six-task mean
BAAI_Infinity-Instruct-7M-0729-Llama3_1-8B,BAAI/Infinity-Instruct-7M-0729-Llama3_1-8B,0.6131952109292234,0.5040791529248394,0.0974320241691842,0.2927852348993288,0.3571428571428571,0.3223902925531915,1,1,1,1,1,1,6,True,0.36450412876977073,,1,1,0,False,False,0.36450412876977073,True,six_task_mean_complete_only = mean of six tasks ONLY when n_tasks_valid == 6; partial_task_mean = mean over the available tasks ONLY when 1 <= n_tasks_valid <= 5; legacy_* keeps the original skipna row mean for traceability and is NOT a six-task mean
BAAI_Infinity-Instruct-7M-0729-mistral-7B,BAAI/Infinity-Instruct-7M-0729-mistral-7B,0.6161928128476886,0.4931435514667592,0.0558912386706948,0.2902684563758389,0.4047619047619047,0.3273769946808511,1,1,1,1,1,1,6,True,0.36460582646728956,,1,1,0,False,False,0.36460582646728956,True,six_task_mean_complete_only = mean of six tasks ONLY when n_tasks_valid == 6; partial_task_mean = mean over the available tasks ONLY when 1 <= n_tasks_valid <= 5; legacy_* keeps the original skipna row mean for traceability and is NOT a six-task mean
BAAI_Infinity-Instruct-7M-Gen-Llama3_1-70B,BAAI/Infinity-Instruct-7M-Gen-Llama3_1-70B,0.7335458804859993,0.6675924318694672,0.2107250755287009,0.3758389261744966,0.4523809523809524,0.460688164893617,1,1,1,1,1,1,6,True,0.48346190522220556,,1,1,0,False,False,0.48346190522220556,True,six_task_mean_complete_only = mean of six tasks ONLY when n_tasks_valid == 6; partial_task_mean = mean over the available tasks ONLY when 1 <= n_tasks_valid <= 5; legacy_* keeps the original skipna row mean for traceability and is NOT a six-task mean
BAAI_Infinity-Instruct-7M-Gen-Llama3_1-8B,BAAI/Infinity-Instruct-7M-Gen-Llama3_1-8B,0.6131952109292234,0.5040791529248394,0.0974320241691842,0.2927852348993288,0.3571428571428571,0.3223902925531915,1,1,1,1,1,1,6,True,0.36450412876977073,,1,1,0,False,False,0.36450412876977073,True,six_task_mean_complete_only = mean of six tasks ONLY when n_tasks_valid == 6; partial_task_mean = mean over the available tasks ONLY when 1 <= n_tasks_valid <= 5; legacy_* keeps the original skipna row mean for traceability and is NOT a six-task mean
BAAI_Infinity-Instruct-7M-Gen-mistral-7B,BAAI/Infinity-Instruct-7M-Gen-mistral-7B,0.6146690780462506,0.4931435514667592,0.0558912386706948,0.2902684563758389,0.4047619047619047,0.3273769946808511,1,1,1,1,1,1,6,True,0.3643518706670499,,1,1,0,False,False,0.3643518706670499,True,six_task_mean_complete_only = mean of six tasks ONLY when n_tasks_valid == 6; partial_task_mean = mean over the available tasks ONLY when 1 <= n_tasks_valid <= 5; legacy_* keeps the original skipna row mean for traceability and is NOT a six-task mean
BAAI_OPI-Llama-3.1-8B-Instruct,BAAI/OPI-Llama-3.1-8B-Instruct,0.2074551080023227,0.3520222183648672,0.0,0.2743288590604026,0.3227513227513227,0.2124335106382978,1,1,1,1,1,1,6,True,0.22816516980286883,,1,1,0,False,False,0.22816516980286883,True,six_task_mean_complete_only = mean of six tasks ONLY when n_tasks_valid == 6; partial_task_mean = mean over the available tasks ONLY when 1 <= n_tasks_valid <= 5; legacy_* keeps the original skipna row mean for traceability and is NOT a six-task mean
BEE-spoke-data_Meta-Llama-3-8Bee,BEE-spoke-data/Meta-Llama-3-8Bee,0.1950657588531762,0.4620725568477695,0.0385196374622356,0.313758389261745,0.365079365079365,0.3219747340425531,1,1,1,1,1,1,6,True,0.2827450735911407,,1,1,0,False,False,0.2827450735911407,True,six_task_mean_complete_only = mean of six tasks ONLY when n_tasks_valid == 6; partial_task_mean = mean over the available tasks ONLY when 1 <= n_tasks_valid <= 5; legacy_* keeps the original skipna row mean for traceability and is NOT a six-task mean
BEE-spoke-data_smol_llama-101M-GQA,BEE-spoke-data/smol_llama-101M-GQA,0.1384371246071534,0.2976913730255164,0.0,0.2575503355704698,0.3703703703703703,0.1107047872340425,1,1,1,1,1,1,6,True,0.19579233180125874,,1,1,0,False,False,0.19579233180125874,True,six_task_mean_complete_only = mean of six tasks ONLY when n_tasks_valid == 6; partial_task_mean = mean over the available tasks ONLY when 1 <= n_tasks_valid <= 5; legacy_* keeps the original skipna row mean for traceability and is NOT a six-task mean
BEE-spoke-data_smol_llama-220M-GQA,BEE-spoke-data/smol_llama-220M-GQA,0.2386046800267734,0.2997743447318174,0.0,0.2558724832214765,0.4047619047619047,0.1149434840425532,1,1,1,1,1,1,6,True,0.2189928161307542,,1,1,0,False,False,0.2189928161307542,True,six_task_mean_complete_only = mean of six tasks ONLY when n_tasks_valid == 6; partial_task_mean = mean over the available tasks ONLY when 1 <= n_tasks_valid <= 5; legacy_* keeps the original skipna row mean for traceability and is NOT a six-task mean
BEE-spoke-data_smol_llama-220M-GQA-fineweb_edu,BEE-spoke-data/smol_llama-220M-GQA-fineweb_edu,0.1988124842085666,0.2897066481513626,0.0,0.259228187919463,0.4351851851851852,0.1126994680851063,1,1,1,1,1,1,6,True,0.21593866225828062,,1,1,0,False,False,0.21593866225828062,True,six_task_mean_complete_only = mean of six tasks ONLY when n_tasks_valid == 6; partial_task_mean = mean over the available tasks ONLY when 1 <= n_tasks_valid <= 5; legacy_* keeps the original skipna row mean for traceability and is NOT a six-task mean
BEE-spoke-data_smol_llama-220M-openhermes,BEE-spoke-data/smol_llama-220M-openhermes,0.1555229014570229,0.2997743447318174,0.0,0.2676174496644295,0.3835978835978836,0.1120345744680851,1,1,1,1,1,1,6,True,0.20309119231987308,,1,1,0,False,False,0.20309119231987308,True,six_task_mean_complete_only = mean of six tasks ONLY when n_tasks_valid == 6; partial_task_mean = mean over the available tasks ONLY when 1 <= n_tasks_valid <= 5; legacy_* keeps the original skipna row mean for traceability and is NOT a six-task mean
BEE-spoke-data_tFINE-900m-e16-d32-flan,BEE-spoke-data/tFINE-900m-e16-d32-flan,0.1505771353342464,0.301162992536018,0.0,0.2332214765100671,0.3716931216931217,0.1307347074468085,1,1,1,1,1,1,6,True,0.19789823892004363,,1,1,0,False,False,0.19789823892004363,True,six_task_mean_complete_only = mean of six tasks ONLY when n_tasks_valid == 6; partial_task_mean = mean over the available tasks ONLY when 1 <= n_tasks_valid <= 5; legacy_* keeps the original skipna row mean for traceability and is NOT a six-task mean
BEE-spoke-data_tFINE-900m-e16-d32-flan-infinity-instruct-7m-T2T_en-1024,BEE-spoke-data/tFINE-900m-e16-d32-flan-infinity-instruct-7m-T2T_en-1024,0.1320673590517604,0.311577851067523,0.0,0.2541946308724832,0.4378306878306878,0.1236702127659574,1,1,1,1,1,1,6,True,0.20989012359806866,,1,1,0,False,False,0.20989012359806866,True,six_task_mean_complete_only = mean of six tasks ONLY when n_tasks_valid == 6; partial_task_mean = mean over the available tasks ONLY when 1 <= n_tasks_valid <= 5; legacy_* keeps the original skipna row mean for traceability and is NOT a six-task mean
BEE-spoke-data_tFINE-900m-e16-d32-instruct_2e,BEE-spoke-data/tFINE-900m-e16-d32-instruct_2e,0.1402855534426433,0.3096684603367471,0.0,0.259228187919463,0.4193121693121693,0.1236702127659574,1,1,1,1,1,1,6,True,0.20869409729616337,,1,1,0,False,False,0.20869409729616337,True,six_task_mean_complete_only = mean of six tasks ONLY when n_tasks_valid == 6; partial_task_mean = mean over the available tasks ONLY when 1 <= n_tasks_valid <= 5; legacy_* keeps the original skipna row mean for traceability and is NOT a six-task mean
BEE-spoke-data_tFINE-900m-instruct-orpo,BEE-spoke-data/tFINE-900m-instruct-orpo,0.1329915734695053,0.2999479257073424,0.0,0.259228187919463,0.3399470899470899,0.1151928191489361,1,1,1,1,1,1,6,True,0.1912179326987228,,1,1,0,False,False,0.1912179326987228,True,six_task_mean_complete_only = mean of six tasks ONLY when n_tasks_valid == 6; partial_task_mean = mean over the available tasks ONLY when 1 <= n_tasks_valid <= 5; legacy_* keeps the original skipna row mean for traceability and is NOT a six-task mean
BSC-LT_salamandra-7b,BSC-LT/salamandra-7b,0.1367382988248957,0.3509807325117167,0.0,0.2701342281879195,0.3492063492063492,0.1492686170212765,1,1,1,1,1,1,6,True,0.2093880376253596,,1,1,0,False,False,0.2093880376253596,True,six_task_mean_complete_only = mean of six tasks ONLY when n_tasks_valid == 6; partial_task_mean = mean over the available tasks ONLY when 1 <= n_tasks_valid <= 5; legacy_* keeps the original skipna row mean for traceability and is NOT a six-task mean
BSC-LT_salamandra-7b-instruct,BSC-LT/salamandra-7b-instruct,0.2450741809509878,0.3829196320083319,0.0022658610271903,0.2642617449664429,0.4126984126984127,0.1805186170212765,1,1,1,1,1,1,6,True,0.24795640811210698,,1,1,0,False,False,0.24795640811210698,True,six_task_mean_complete_only = mean of six tasks ONLY when n_tasks_valid == 6; partial_task_mean = mean over the available tasks ONLY when 1 <= n_tasks_valid <= 5; legacy_* keeps the original skipna row mean for traceability and is NOT a six-task mean
Ba2han_Llama-Phi-3_DoRA,Ba2han/Llama-Phi-3_DoRA,0.5130531434371911,0.5490366255858358,0.1019637462235649,0.3263422818791946,0.4060846560846561,0.3915392287234042,1,1,1,1,1,1,6,True,0.3813366136556411,,1,1,0,False,False,0.3813366136556411,True,six_task_mean_complete_only = mean of six tasks ONLY when n_tasks_valid == 6; partial_task_mean = mean over the available tasks ONLY when 1 <= n_tasks_valid <= 5; legacy_* keeps the original skipna row mean for traceability and is NOT a six-task mean
Baptiste-HUVELLE-10_LeTriomphant2.2_ECE_iLAB,Baptiste-HUVELLE-10/LeTriomphant2.2_ECE_iLAB,0.5076330802271307,0.7238326679395938,0.4448640483383685,0.3993288590604026,0.4616402116402116,0.5851063829787234,1,1,1,1,1,1,6,True,0.5204008750307385,,1,1,0,False,False,0.5204008750307385,True,six_task_mean_complete_only = mean of six tasks ONLY when n_tasks_valid == 6; partial_task_mean = mean over the available tasks ONLY when 1 <= n_tasks_valid <= 5; legacy_* keeps the original skipna row mean for traceability and is NOT a six-task mean
BenevolenceMessiah_Qwen2.5-72B-2x-Instruct-TIES-v1.0,BenevolenceMessiah/Qwen2.5-72B-2x-Instruct-TIES-v1.0,0.5473499204333391,0.7257420586703698,0.093655589123867,0.3674496644295302,0.4193121693121693,0.5628324468085106,1,1,1,1,1,1,6,True,0.4527236414629643,,1,1,0,False,False,0.4527236414629643,True,six_task_mean_complete_only = mean of six tasks ONLY when n_tasks_valid == 6; partial_task_mean = mean over the available tasks ONLY when 1 <= n_tasks_valid <= 5; legacy_* keeps the original skipna row mean for traceability and is NOT a six-task mean
BenevolenceMessiah_Yi-Coder-9B-Chat-Instruct-TIES-MoE-v1.0,BenevolenceMessiah/Yi-Coder-9B-Chat-Instruct-TIES-MoE-v1.0,0.3011531624977283,0.4903662558583579,0.0400302114803625,0.2625838926174497,0.4074074074074074,0.2680352393617021,1,1,1,1,1,1,6,True,0.294929361537168,,1,1,0,False,False,0.294929361537168,True,six_task_mean_complete_only = mean of six tasks ONLY when n_tasks_valid == 6; partial_task_mean = mean over the available tasks ONLY when 1 <= n_tasks_valid <= 5; legacy_* keeps the original skipna row mean for traceability and is NOT a six-task mean
BlackBeenie_Bloslain-8B-v0.2,BlackBeenie/Bloslain-8B-v0.2,0.5023371321427147,0.5087658392640166,0.1450151057401812,0.3062080536912752,0.4074074074074074,0.3653590425531915,1,1,1,1,1,1,6,True,0.3725154301331311,,1,1,0,False,False,0.3725154301331311,True,six_task_mean_complete_only = mean of six tasks ONLY when n_tasks_valid == 6; partial_task_mean = mean over the available tasks ONLY when 1 <= n_tasks_valid <= 5; legacy_* keeps the original skipna row mean for traceability and is NOT a six-task mean
BlackBeenie_Llama-3.1-8B-OpenO1-SFT-v0.1,BlackBeenie/Llama-3.1-8B-OpenO1-SFT-v0.1,0.5124037553690873,0.4764797778163513,0.1306646525679758,0.2684563758389262,0.3611111111111111,0.3491522606382978,1,1,1,1,1,1,6,True,0.34971132222362494,,1,1,0,False,False,0.34971132222362494,True,six_task_mean_complete_only = mean of six tasks ONLY when n_tasks_valid == 6; partial_task_mean = mean over the available tasks ONLY when 1 <= n_tasks_valid <= 5; legacy_* keeps the original skipna row mean for traceability and is NOT a six-task mean
BlackBeenie_Llama-3.1-8B-pythonic-passthrough-merge,BlackBeenie/Llama-3.1-8B-pythonic-passthrough-merge,0.2315855264032766,0.3419545217844124,0.0060422960725075,0.2684563758389262,0.376984126984127,0.1332280585106383,1,1,1,1,1,1,6,True,0.22637515093231464,,1,1,0,False,False,0.22637515093231464,True,six_task_mean_complete_only = mean of six tasks ONLY when n_tasks_valid == 6; partial_task_mean = mean over the available tasks ONLY when 1 <= n_tasks_valid <= 5; legacy_* keeps the original skipna row mean for traceability and is NOT a six-task mean
BlackBeenie_Neos-Gemma-2-9b,BlackBeenie/Neos-Gemma-2-9b,0.5875665456544192,0.5483423016837354,0.0823262839879154,0.322986577181208,0.3611111111111111,0.3981050531914893,1,1,1,1,1,1,6,True,0.3834063121349797,,1,1,0,False,False,0.3834063121349797,True,six_task_mean_complete_only = mean of six tasks ONLY when n_tasks_valid == 6; partial_task_mean = mean over the available tasks ONLY when 1 <= n_tasks_valid <= 5; legacy_* keeps the original skipna row mean for traceability and is NOT a six-task mean
BlackBeenie_Neos-Llama-3.1-8B,BlackBeenie/Neos-Llama-3.1-8B,0.4943937641014729,0.4393334490539837,0.1291540785498489,0.2684563758389262,0.3743386243386243,0.3262134308510638,1,1,1,1,1,1,6,True,0.33864828712232,,1,1,0,False,False,0.33864828712232,True,six_task_mean_complete_only = mean of six tasks ONLY when n_tasks_valid == 6; partial_task_mean = mean over the available tasks ONLY when 1 <= n_tasks_valid <= 5; legacy_* keeps the original skipna row mean for traceability and is NOT a six-task mean
BlackBeenie_Neos-Llama-3.1-base,BlackBeenie/Neos-Llama-3.1-base,0.1750821154536629,0.2891859052247874,0.0,0.2374161073825503,0.3492063492063492,0.1112034574468085,1,1,1,1,1,1,6,True,0.19368232245235975,,1,1,0,False,False,0.19368232245235975,True,six_task_mean_complete_only = mean of six tasks ONLY when n_tasks_valid == 6; partial_task_mean = mean over the available tasks ONLY when 1 <= n_tasks_valid <= 5; legacy_* keeps the original skipna row mean for traceability and is NOT a six-task mean
BlackBeenie_Neos-Phi-3-14B-v0.1,BlackBeenie/Neos-Phi-3-14B-v0.1,0.4022449323350931,0.6202048255511196,0.1669184290030211,0.3053691275167785,0.4113756613756614,0.4563663563829787,1,1,1,1,1,1,6,True,0.39374655536077535,,1,1,0,False,False,0.39374655536077535,True,six_task_mean_complete_only = mean of six tasks ONLY when n_tasks_valid == 6; partial_task_mean = mean over the available tasks ONLY when 1 <= n_tasks_valid <= 5; legacy_* keeps the original skipna row mean for traceability and is NOT a six-task mean
BlackBeenie_llama-3-luminous-merged,BlackBeenie/llama-3-luminous-merged,0.4323450666453897,0.5141468495052942,0.0785498489425981,0.2927852348993288,0.414021164021164,0.3773271276595745,1,1,1,1,1,1,6,True,0.3515292152788916,,1,1,0,False,False,0.3515292152788916,True,six_task_mean_complete_only = mean of six tasks ONLY when n_tasks_valid == 6; partial_task_mean = mean over the available tasks ONLY when 1 <= n_tasks_valid <= 5; legacy_* keeps the original skipna row mean for traceability and is NOT a six-task mean
BlackBeenie_llama-3.1-8B-Galore-openassistant-guanaco,BlackBeenie/llama-3.1-8B-Galore-openassistant-guanaco,0.2634842218646525,0.5195278597465718,0.0483383685800604,0.3003355704697986,0.4404761904761904,0.3206449468085106,1,1,1,1,1,1,6,True,0.31546785965763074,,1,1,0,False,False,0.31546785965763074,True,six_task_mean_complete_only = mean of six tasks ONLY when n_tasks_valid == 6; partial_task_mean = mean over the available tasks ONLY when 1 <= n_tasks_valid <= 5; legacy_* keeps the original skipna row mean for traceability and is NOT a six-task mean
Bllossom_llama-3.2-Korean-Bllossom-AICA-5B,Bllossom/llama-3.2-Korean-Bllossom-AICA-5B,0.5172497861230424,0.4277035236938031,0.073262839879154,0.2986577181208054,0.3822751322751322,0.2710272606382978,1,1,1,1,1,1,6,True,0.32836271012170576,,1,1,0,False,False,0.32836271012170576,True,six_task_mean_complete_only = mean of six tasks ONLY when n_tasks_valid == 6; partial_task_mean = mean over the available tasks ONLY when 1 <= n_tasks_valid <= 5; legacy_* keeps the original skipna row mean for traceability and is NOT a six-task mean
BoltMonkey_DreadMix,BoltMonkey/DreadMix,0.7094908176970438,0.5422669675403575,0.1374622356495468,0.299496644295302,0.4206349206349206,0.3789893617021276,1,1,1,1,1,1,6,True,0.41472349125321634,,1,1,0,False,False,0.41472349125321634,True,six_task_mean_complete_only = mean of six tasks ONLY when n_tasks_valid == 6; partial_task_mean = mean over the available tasks ONLY when 1 <= n_tasks_valid <= 5; legacy_* keeps the original skipna row mean for traceability and is NOT a six-task mean
BoltMonkey_NeuralDaredevil-SuperNova-Lite-7B-DARETIES-abliterated,BoltMonkey/NeuralDaredevil-SuperNova-Lite-7B-DARETIES-abliterated,0.4429114748866341,0.5153619163339698,0.0996978851963746,0.2802013422818792,0.4060846560846561,0.3641954787234042,1,1,1,1,1,1,6,True,0.351408792251153,,1,1,0,False,False,0.351408792251153,True,six_task_mean_complete_only = mean of six tasks ONLY when n_tasks_valid == 6; partial_task_mean = mean over the available tasks ONLY when 1 <= n_tasks_valid <= 5; legacy_* keeps the original skipna row mean for traceability and is NOT a six-task mean
BoltMonkey_SuperNeuralDreadDevil-8b,BoltMonkey/SuperNeuralDreadDevil-8b,0.7709898624538447,0.5271654226696754,0.1148036253776435,0.2919463087248322,0.3968253968253968,0.3678523936170212,1,1,1,1,1,1,6,True,0.41159716827806897,,1,1,0,False,False,0.41159716827806897,True,six_task_mean_complete_only = mean of six tasks ONLY when n_tasks_valid == 6; partial_task_mean = mean over the available tasks ONLY when 1 <= n_tasks_valid <= 5; legacy_* keeps the original skipna row mean for traceability and is NOT a six-task mean
BrainWave-ML_llama3.2-3B-maths-orpo,BrainWave-ML/llama3.2-3B-maths-orpo,0.2049074234143184,0.2876236764450616,0.0,0.259228187919463,0.3571428571428571,0.1167719414893617,1,1,1,1,1,1,6,True,0.20427901440184362,,1,1,0,False,False,0.20427901440184362,True,six_task_mean_complete_only = mean of six tasks ONLY when n_tasks_valid == 6; partial_task_mean = mean over the available tasks ONLY when 1 <= n_tasks_valid <= 5; legacy_* keeps the original skipna row mean for traceability and is NOT a six-task mean
BramVanroy_GEITje-7B-ultra,BramVanroy/GEITje-7B-ultra,0.3723442687624392,0.3754556500607533,0.0090634441087613,0.2625838926174497,0.328042328042328,0.2011303191489361,1,1,1,1,1,1,6,True,0.2581033171234446,,1,1,0,False,False,0.2581033171234446,True,six_task_mean_complete_only = mean of six tasks ONLY when n_tasks_valid == 6; partial_task_mean = mean over the available tasks ONLY when 1 <= n_tasks_valid <= 5; legacy_* keeps the original skipna row mean for traceability and is NOT a six-task mean
BramVanroy_fietje-2,BramVanroy/fietje-2,0.2098033218526842,0.402187120291616,0.0090634441087613,0.2541946308724832,0.369047619047619,0.1985538563829787,1,1,1,1,1,1,6,True,0.24047499875935707,,1,1,0,False,False,0.24047499875935707,True,six_task_mean_complete_only = mean of six tasks ONLY when n_tasks_valid == 6; partial_task_mean = mean over the available tasks ONLY when 1 <= n_tasks_valid <= 5; legacy_* keeps the original skipna row mean for traceability and is NOT a six-task mean
BramVanroy_fietje-2-chat,BramVanroy/fietje-2-chat,0.2917359273394593,0.4132963027252213,0.0052870090634441,0.2399328859060402,0.3518518518518518,0.2054521276595744,1,1,1,1,1,1,6,True,0.25125935075759853,,1,1,0,False,False,0.25125935075759853,True,six_task_mean_complete_only = mean of six tasks ONLY when n_tasks_valid == 6; partial_task_mean = mean over the available tasks ONLY when 1 <= n_tasks_valid <= 5; legacy_* keeps the original skipna row mean for traceability and is NOT a six-task mean
BramVanroy_fietje-2-instruct,BramVanroy/fietje-2-instruct,0.2789963962286732,0.4115604929699705,0.0052870090634441,0.2332214765100671,0.335978835978836,0.2103557180851064,1,1,1,1,1,1,6,True,0.24589998813934955,,1,1,0,False,False,0.24589998813934955,True,six_task_mean_complete_only = mean of six tasks ONLY when n_tasks_valid == 6; partial_task_mean = mean over the available tasks ONLY when 1 <= n_tasks_valid <= 5; legacy_* keeps the original skipna row mean for traceability and is NOT a six-task mean
CYFRAGOVPL_Llama-PLLuM-8B-base,CYFRAGOVPL/Llama-PLLuM-8B-base,0.2898874985039694,0.43169588613088,0.0362537764350453,0.285234899328859,0.3968253968253968,0.2756815159574468,1,1,1,1,1,1,6,True,0.2859298288635996,,1,1,0,False,False,0.2859298288635996,True,six_task_mean_complete_only = mean of six tasks ONLY when n_tasks_valid == 6; partial_task_mean = mean over the available tasks ONLY when 1 <= n_tasks_valid <= 5; legacy_* keeps the original skipna row mean for traceability and is NOT a six-task mean
CYFRAGOVPL_Llama-PLLuM-8B-chat,CYFRAGOVPL/Llama-PLLuM-8B-chat,0.3514862786295917,0.4056587398021177,0.0339879154078549,0.2642617449664429,0.4193121693121693,0.2719414893617021,1,1,1,1,1,1,6,True,0.29110805624664643,,1,1,0,False,False,0.29110805624664643,True,six_task_mean_complete_only = mean of six tasks ONLY when n_tasks_valid == 6; partial_task_mean = mean over the available tasks ONLY when 1 <= n_tasks_valid <= 5; legacy_* keeps the original skipna row mean for traceability and is NOT a six-task mean
CYFRAGOVPL_PLLuM-12B-base,CYFRAGOVPL/PLLuM-12B-base,0.2820937335159599,0.4372504773476827,0.0287009063444108,0.2902684563758389,0.414021164021164,0.2740192819148936,1,1,1,1,1,1,6,True,0.28772566991999166,,1,1,0,False,False,0.28772566991999166,True,six_task_mean_complete_only = mean of six tasks ONLY when n_tasks_valid == 6; partial_task_mean = mean over the available tasks ONLY when 1 <= n_tasks_valid <= 5; legacy_* keeps the original skipna row mean for traceability and is NOT a six-task mean
CYFRAGOVPL_PLLuM-12B-chat,CYFRAGOVPL/PLLuM-12B-chat,0.3214360120037057,0.4431522305155355,0.0181268882175226,0.2600671140939597,0.4113756613756614,0.2872340425531915,1,1,1,1,1,1,6,True,0.2902319914599294,,1,1,0,False,False,0.2902319914599294,True,six_task_mean_complete_only = mean of six tasks ONLY when n_tasks_valid == 6; partial_task_mean = mean over the available tasks ONLY when 1 <= n_tasks_valid <= 5; legacy_* keeps the original skipna row mean for traceability and is NOT a six-task mean
CYFRAGOVPL_PLLuM-12B-nc-base,CYFRAGOVPL/PLLuM-12B-nc-base,0.2404531088622632,0.4242319041833015,0.0219033232628398,0.2701342281879195,0.3637566137566138,0.2559009308510638,1,1,1,1,1,1,6,True,0.26273001818400027,,1,1,0,False,False,0.26273001818400027,True,six_task_mean_complete_only = mean of six tasks ONLY when n_tasks_valid == 6; partial_task_mean = mean over the available tasks ONLY when 1 <= n_tasks_valid <= 5; legacy_* keeps the original skipna row mean for traceability and is NOT a six-task mean
CYFRAGOVPL_PLLuM-12B-nc-chat,CYFRAGOVPL/PLLuM-12B-nc-chat,0.283442377336578,0.4559972227043916,0.0120845921450151,0.2827181208053691,0.4351851851851852,0.2597240691489361,1,1,1,1,1,1,6,True,0.28819192788757914,,1,1,0,False,False,0.28819192788757914,True,six_task_mean_complete_only = mean of six tasks ONLY when n_tasks_valid == 6; partial_task_mean = mean over the available tasks ONLY when 1 <= n_tasks_valid <= 5; legacy_* keeps the original skipna row mean for traceability and is NOT a six-task mean
CarrotAI_Llama-3.2-Rabbit-Ko-3B-Instruct,CarrotAI/Llama-3.2-Rabbit-Ko-3B-Instruct,0.7198821349574684,0.4396806110050338,0.0249244712990936,0.2709731543624161,0.3637566137566138,0.2822473404255319,1,1,1,1,1,1,6,True,0.3502440543010263,,1,1,0,False,False,0.3502440543010263,True,six_task_mean_complete_only = mean of six tasks ONLY when n_tasks_valid == 6; partial_task_mean = mean over the available tasks ONLY when 1 <= n_tasks_valid <= 5; legacy_* keeps the original skipna row mean for traceability and is NOT a six-task mean
CarrotAI_Llama-3.2-Rabbit-Ko-3B-Instruct-2412,CarrotAI/Llama-3.2-Rabbit-Ko-3B-Instruct-2412,0.4781823339849377,0.4355146675924318,0.1722054380664652,0.2927852348993288,0.3862433862433862,0.3134142287234042,1,1,1,1,1,1,6,True,0.3463908815849923,,1,1,0,False,False,0.3463908815849923,True,six_task_mean_complete_only = mean of six tasks ONLY when n_tasks_valid == 6; partial_task_mean = mean over the available tasks ONLY when 1 <= n_tasks_valid <= 5; legacy_* keeps the original skipna row mean for traceability and is NOT a six-task mean
Casual-Autopsy_L3-Umbral-Mind-RP-v2.0-8B,Casual-Autopsy/L3-Umbral-Mind-RP-v2.0-8B,0.7122634609502786,0.5250824509633745,0.1012084592145015,0.2869127516778523,0.3677248677248677,0.3723404255319149,1,1,1,1,1,1,6,True,0.3942554026771315,,1,1,0,False,False,0.3942554026771315,True,six_task_mean_complete_only = mean of six tasks ONLY when n_tasks_valid == 6; partial_task_mean = mean over the available tasks ONLY when 1 <= n_tasks_valid <= 5; legacy_* keeps the original skipna row mean for traceability and is NOT a six-task mean
CausalLM_14B,CausalLM/14B,0.2788213052478535,0.467453567089047,0.0332326283987915,0.3028523489932886,0.4153439153439153,0.3221409574468085,1,1,1,1,1,1,6,True,0.30330745375328405,,1,1,0,False,False,0.30330745375328405,True,six_task_mean_complete_only = mean of six tasks ONLY when n_tasks_valid == 6; partial_task_mean = mean over the available tasks ONLY when 1 <= n_tasks_valid <= 5; legacy_* keeps the original skipna row mean for traceability and is NOT a six-task mean
CausalLM_34b-beta,CausalLM/34b-beta,0.3043247472262486,0.5549383787536886,0.0415407854984894,0.3464765100671141,0.3743386243386243,0.5324966755319149,1,1,1,1,1,1,6,True,0.35901928690268,,1,1,0,False,False,0.35901928690268,True,six_task_mean_complete_only = mean of six tasks ONLY when n_tasks_valid == 6; partial_task_mean = mean over the available tasks ONLY when 1 <= n_tasks_valid <= 5; legacy_* keeps the original skipna row mean for traceability and is NOT a six-task mean
CausalLM_preview-1-hf,CausalLM/preview-1-hf,0.5558928088582737,0.3596597812879708,0.0166163141993957,0.261744966442953,0.3412698412698413,0.3597074468085106,1,1,1,1,1,1,6,True,0.31581519314449086,,1,1,0,False,False,0.31581519314449086,True,six_task_mean_complete_only = mean of six tasks ONLY when n_tasks_valid == 6; partial_task_mean = mean over the available tasks ONLY when 1 <= n_tasks_valid <= 5; legacy_* keeps the original skipna row mean for traceability and is NOT a six-task mean
Changgil_K2S3-14b-v0.2,Changgil/K2S3-14b-v0.2,0.3242840108689389,0.4596424231904183,0.0453172205438066,0.2810402684563758,0.3915343915343915,0.2643783244680851,1,1,1,1,1,1,6,True,0.294366106510336,,1,1,0,False,False,0.294366106510336,True,six_task_mean_complete_only = mean of six tasks ONLY when n_tasks_valid == 6; partial_task_mean = mean over the available tasks ONLY when 1 <= n_tasks_valid <= 5; legacy_* keeps the original skipna row mean for traceability and is NOT a six-task mean
Changgil_K2S3-v0.1,Changgil/K2S3-v0.1,0.3276561745058666,0.46311404270092,0.04607250755287,0.2642617449664429,0.4007936507936508,0.2562333776595745,1,1,1,1,1,1,6,True,0.2930219163632208,,1,1,0,False,False,0.2930219163632208,True,six_task_mean_complete_only = mean of six tasks ONLY when n_tasks_valid == 6; partial_task_mean = mean over the available tasks ONLY when 1 <= n_tasks_valid <= 5; legacy_* keeps the original skipna row mean for traceability and is NOT a six-task mean
ClaudioItaly_Albacus,ClaudioItaly/Albacus,0.4667415790103592,0.5089394202395418,0.0641993957703927,0.2718120805369127,0.4126984126984127,0.3164893617021276,1,1,1,1,1,1,6,True,0.34014670832629107,,1,1,0,False,False,0.34014670832629107,True,six_task_mean_complete_only = mean of six tasks ONLY when n_tasks_valid == 6; partial_task_mean = mean over the available tasks ONLY when 1 <= n_tasks_valid <= 5; legacy_* keeps the original skipna row mean for traceability and is NOT a six-task mean
ClaudioItaly_Book-Gut12B,ClaudioItaly/Book-Gut12B,0.3998468508003209,0.5405311577851067,0.0876132930513595,0.3070469798657718,0.4629629629629629,0.3670212765957447,1,1,1,1,1,1,6,True,0.36083708684354443,,1,1,0,False,False,0.36083708684354443,True,six_task_mean_complete_only = mean of six tasks ONLY when n_tasks_valid == 6; partial_task_mean = mean over the available tasks ONLY when 1 <= n_tasks_valid <= 5; legacy_* keeps the original skipna row mean for traceability and is NOT a six-task mean
ClaudioItaly_Evolutionstory-7B-v2.2,ClaudioItaly/Evolutionstory-7B-v2.2,0.4813794066410457,0.5084186773129665,0.0641993957703927,0.2751677852348993,0.4126984126984127,0.315907579787234,1,1,1,1,1,1,6,True,0.34296187624082514,,1,1,0,False,False,0.34296187624082514,True,six_task_mean_complete_only = mean of six tasks ONLY when n_tasks_valid == 6; partial_task_mean = mean over the available tasks ONLY when 1 <= n_tasks_valid <= 5; legacy_* keeps the original skipna row mean for traceability and is NOT a six-task mean
ClaudioItaly_intelligence-cod-rag-7b-v3,ClaudioItaly/intelligence-cod-rag-7b-v3,0.6897820006471718,0.5330671758375282,0.0981873111782477,0.2726510067114094,0.414021164021164,0.4195478723404255,1,1,1,1,1,1,6,True,0.4045427551226577,,1,1,0,False,False,0.4045427551226577,True,six_task_mean_complete_only = mean of six tasks ONLY when n_tasks_valid == 6; partial_task_mean = mean over the available tasks ONLY when 1 <= n_tasks_valid <= 5; legacy_* keeps the original skipna row mean for traceability and is NOT a six-task mean
CohereForAI_aya-23-35B,CohereForAI/aya-23-35B,0.6461932117891638,0.5360180524214546,0.0264350453172205,0.2944630872483221,0.4298941798941799,0.3356050531914893,1,1,1,1,1,1,6,True,0.37810143831030496,,1,1,0,False,False,0.37810143831030496,True,six_task_mean_complete_only = mean of six tasks ONLY when n_tasks_valid == 6; partial_task_mean = mean over the available tasks ONLY when 1 <= n_tasks_valid <= 5; legacy_* keeps the original skipna row mean for traceability and is NOT a six-task mean
CohereForAI_aya-23-8B,CohereForAI/aya-23-8B,0.4698887839820565,0.4256205519875021,0.0143504531722054,0.2843959731543624,0.3928571428571428,0.2278091755319149,1,1,1,1,1,1,6,True,0.30248701344753065,,1,1,0,False,False,0.30248701344753065,True,six_task_mean_complete_only = mean of six tasks ONLY when n_tasks_valid == 6; partial_task_mean = mean over the available tasks ONLY when 1 <= n_tasks_valid <= 5; legacy_* keeps the original skipna row mean for traceability and is NOT a six-task mean
CohereForAI_aya-expanse-32b,CohereForAI/aya-expanse-32b,0.7301737168490716,0.5629231036278424,0.1336858006042296,0.3255033557046979,0.3862433862433862,0.4129820478723404,1,1,1,1,1,1,6,True,0.425251901816928,,1,1,0,False,False,0.425251901816928,True,six_task_mean_complete_only = mean of six tasks ONLY when n_tasks_valid == 6; partial_task_mean = mean over the available tasks ONLY when 1 <= n_tasks_valid <= 5; legacy_* keeps the original skipna row mean for traceability and is NOT a six-task mean
CohereForAI_aya-expanse-8b,CohereForAI/aya-expanse-8b,0.6358517622131501,0.4941850373199097,0.0702416918429003,0.3028523489932886,0.3716931216931217,0.3003656914893617,1,1,1,1,1,1,6,True,0.36253160892528863,,1,1,0,False,False,0.36253160892528863,True,six_task_mean_complete_only = mean of six tasks ONLY when n_tasks_valid == 6; partial_task_mean = mean over the available tasks ONLY when 1 <= n_tasks_valid <= 5; legacy_* keeps the original skipna row mean for traceability and is NOT a six-task mean
CohereForAI_c4ai-command-r-plus,CohereForAI/c4ai-command-r-plus,0.7664186580495308,0.5813226870335011,0.0755287009063444,0.3053691275167785,0.4801587301587302,0.3991855053191489,1,1,1,1,1,1,6,True,0.43466390149733897,,1,1,0,False,False,0.43466390149733897,True,six_task_mean_complete_only = mean of six tasks ONLY when n_tasks_valid == 6; partial_task_mean = mean over the available tasks ONLY when 1 <= n_tasks_valid <= 5; legacy_* keeps the original skipna row mean for traceability and is NOT a six-task mean
CohereForAI_c4ai-command-r-plus-08-2024,CohereForAI/c4ai-command-r-plus-08-2024,0.7539539532883859,0.5948620031244576,0.1102719033232628,0.3506711409395973,0.4828042328042328,0.4420711436170212,1,1,1,1,1,1,6,True,0.4557723961828262,,1,1,0,False,False,0.4557723961828262,True,six_task_mean_complete_only = mean of six tasks ONLY when n_tasks_valid == 6; partial_task_mean = mean over the available tasks ONLY when 1 <= n_tasks_valid <= 5; legacy_* keeps the original skipna row mean for traceability and is NOT a six-task mean
CohereForAI_c4ai-command-r-v01,CohereForAI/c4ai-command-r-v01,0.6748194789824333,0.5351501475438292,0.0,0.3070469798657718,0.451058201058201,0.3369348404255319,1,1,1,1,1,1,6,True,0.3841682746459612,,1,1,0,False,False,0.3841682746459612,True,six_task_mean_complete_only = mean of six tasks ONLY when n_tasks_valid == 6; partial_task_mean = mean over the available tasks ONLY when 1 <= n_tasks_valid <= 5; legacy_* keeps the original skipna row mean for traceability and is NOT a six-task mean
CohereForAI_c4ai-command-r7b-12-2024,CohereForAI/c4ai-command-r7b-12-2024,0.7713145564878965,0.549383787536886,0.2666163141993957,0.3087248322147651,0.4113756613756614,0.3572140957446808,1,1,1,1,1,1,6,True,0.44410487459321435,,1,1,0,False,False,0.44410487459321435,True,six_task_mean_complete_only = mean of six tasks ONLY when n_tasks_valid == 6; partial_task_mean = mean over the available tasks ONLY when 1 <= n_tasks_valid <= 5; legacy_* keeps the original skipna row mean for traceability and is NOT a six-task mean
Columbia-NLP_LION-Gemma-2b-dpo-v1.0,Columbia-NLP/LION-Gemma-2b-dpo-v1.0,0.3278312654866864,0.3886478042006596,0.0430513595166163,0.2491610738255033,0.4113756613756614,0.1665558510638297,1,1,1,1,1,1,6,True,0.26443716924482613,,1,1,0,False,False,0.26443716924482613,True,six_task_mean_complete_only = mean of six tasks ONLY when n_tasks_valid == 6; partial_task_mean = mean over the available tasks ONLY when 1 <= n_tasks_valid <= 5; legacy_* keeps the original skipna row mean for traceability and is NOT a six-task mean
Columbia-NLP_LION-Gemma-2b-odpo-v1.0,Columbia-NLP/LION-Gemma-2b-odpo-v1.0,0.306648581319787,0.3862176705433084,0.0370090634441087,0.2424496644295302,0.4272486772486772,0.1692154255319149,1,1,1,1,1,1,6,True,0.2614648470862211,,1,1,0,False,False,0.2614648470862211,True,six_task_mean_complete_only = mean of six tasks ONLY when n_tasks_valid == 6; partial_task_mean = mean over the available tasks ONLY when 1 <= n_tasks_valid <= 5; legacy_* keeps the original skipna row mean for traceability and is NOT a six-task mean
Columbia-NLP_LION-Gemma-2b-sft-v1.0,Columbia-NLP/LION-Gemma-2b-sft-v1.0,0.3692469314751526,0.3846554417635827,0.0513595166163142,0.2558724832214765,0.4021164021164021,0.1781914893617021,1,1,1,1,1,1,6,True,0.273573710759105,,1,1,0,False,False,0.273573710759105,True,six_task_mean_complete_only = mean of six tasks ONLY when n_tasks_valid == 6; partial_task_mean = mean over the available tasks ONLY when 1 <= n_tasks_valid <= 5; legacy_* keeps the original skipna row mean for traceability and is NOT a six-task mean
Columbia-NLP_LION-LLaMA-3-8b-dpo-v1.0,Columbia-NLP/LION-LLaMA-3-8b-dpo-v1.0,0.4957424079220912,0.4983509807325117,0.0906344410876132,0.2810402684563758,0.4087301587301587,0.3218916223404255,1,1,1,1,1,1,6,True,0.3493983132115293,,1,1,0,False,False,0.3493983132115293,True,six_task_mean_complete_only = mean of six tasks ONLY when n_tasks_valid == 6; partial_task_mean = mean over the available tasks ONLY when 1 <= n_tasks_valid <= 5; legacy_* keeps the original skipna row mean for traceability and is NOT a six-task mean
Columbia-NLP_LION-LLaMA-3-8b-odpo-v1.0,Columbia-NLP/LION-LLaMA-3-8b-odpo-v1.0,0.3967993811974449,0.4978302378059365,0.0725075528700906,0.285234899328859,0.4047619047619047,0.3152426861702128,1,1,1,1,1,1,6,True,0.3287294436890747,,1,1,0,False,False,0.3287294436890747,True,six_task_mean_complete_only = mean of six tasks ONLY when n_tasks_valid == 6; partial_task_mean = mean over the available tasks ONLY when 1 <= n_tasks_valid <= 5; legacy_* keeps the original skipna row mean for traceability and is NOT a six-task mean
Columbia-NLP_LION-LLaMA-3-8b-sft-v1.0,Columbia-NLP/LION-LLaMA-3-8b-sft-v1.0,0.3817116362362974,0.505294219753515,0.0845921450151057,0.2776845637583892,0.4497354497354497,0.323720079787234,1,1,1,1,1,1,6,True,0.33712301571433184,,1,1,0,False,False,0.33712301571433184,True,six_task_mean_complete_only = mean of six tasks ONLY when n_tasks_valid == 6; partial_task_mean = mean over the available tasks ONLY when 1 <= n_tasks_valid <= 5; legacy_* keeps the original skipna row mean for traceability and is NOT a six-task mean
CombinHorizon_Josiefied-abliteratedV4-Qwen2.5-14B-Inst-BaseMerge-TIES,CombinHorizon/Josiefied-abliteratedV4-Qwen2.5-14B-Inst-BaseMerge-TIES,0.8239958864701216,0.6346120465197015,0.0,0.3246644295302013,0.4246031746031746,0.4979222074468085,1,1,1,1,1,1,6,True,0.4509662907616679,,1,1,0,False,False,0.4509662907616679,True,six_task_mean_complete_only = mean of six tasks ONLY when n_tasks_valid == 6; partial_task_mean = mean over the available tasks ONLY when 1 <= n_tasks_valid <= 5; legacy_* keeps the original skipna row mean for traceability and is NOT a six-task mean
CombinHorizon_Rombos-Qwen2.5-7B-Inst-BaseMerge-TIES,CombinHorizon/Rombos-Qwen2.5-7B-Inst-BaseMerge-TIES,0.7564019025075688,0.5375802812011804,0.0,0.2978187919463087,0.4021164021164021,0.4341755319148936,1,1,1,1,1,1,6,True,0.4046821516143923,,1,1,0,False,False,0.4046821516143923,True,six_task_mean_complete_only = mean of six tasks ONLY when n_tasks_valid == 6; partial_task_mean = mean over the available tasks ONLY when 1 <= n_tasks_valid <= 5; legacy_* keeps the original skipna row mean for traceability and is NOT a six-task mean
CombinHorizon_YiSM-blossom5.1-34B-SLERP,CombinHorizon/YiSM-blossom5.1-34B-SLERP,0.5033112142448702,0.6177746918937684,0.1978851963746223,0.3557046979865771,0.4404761904761904,0.4740691489361702,1,1,1,1,1,1,6,True,0.43153685665203306,,1,1,0,False,False,0.43153685665203306,True,six_task_mean_complete_only = mean of six tasks ONLY when n_tasks_valid == 6; partial_task_mean = mean over the available tasks ONLY when 1 <= n_tasks_valid <= 5; legacy_* keeps the original skipna row mean for traceability and is NOT a six-task mean
CombinHorizon_huihui-ai-abliterated-Qwen2.5-32B-Inst-BaseMerge-TIES,CombinHorizon/huihui-ai-abliterated-Qwen2.5-32B-Inst-BaseMerge-TIES,0.8206237228331937,0.6898107967366777,0.0,0.3389261744966443,0.4193121693121693,0.5720578457446809,1,1,1,1,1,1,6,True,0.4734551181872277,,1,1,0,False,False,0.4734551181872277,True,six_task_mean_complete_only = mean of six tasks ONLY when n_tasks_valid == 6; partial_task_mean = mean over the available tasks ONLY when 1 <= n_tasks_valid <= 5; legacy_* keeps the original skipna row mean for traceability and is NOT a six-task mean
CombinHorizon_huihui-ai-abliteratedV2-Qwen2.5-14B-Inst-BaseMerge-TIES,CombinHorizon/huihui-ai-abliteratedV2-Qwen2.5-14B-Inst-BaseMerge-TIES,0.8175762532303177,0.6313140079847249,0.0,0.3145973154362416,0.4246031746031746,0.4910239361702128,1,1,1,1,1,1,6,True,0.44651911457077853,,1,1,0,False,False,0.44651911457077853,True,six_task_mean_complete_only = mean of six tasks ONLY when n_tasks_valid == 6; partial_task_mean = mean over the available tasks ONLY when 1 <= n_tasks_valid <= 5; legacy_* keeps the original skipna row mean for traceability and is NOT a six-task mean
CombinHorizon_zetasepic-abliteratedV2-Qwen2.5-32B-Inst-BaseMerge-TIES,CombinHorizon/zetasepic-abliteratedV2-Qwen2.5-32B-Inst-BaseMerge-TIES,0.8328136012446974,0.692761673320604,0.0,0.3674496644295302,0.4298941798941799,0.5684840425531915,1,1,1,1,1,1,6,True,0.48190052690703383,,1,1,0,False,False,0.48190052690703383,True,six_task_mean_complete_only = mean of six tasks ONLY when n_tasks_valid == 6; partial_task_mean = mean over the available tasks ONLY when 1 <= n_tasks_valid <= 5; legacy_* keeps the original skipna row mean for traceability and is NOT a six-task mean
ContactDoctor_Bio-Medical-3B-CoT-012025,ContactDoctor/Bio-Medical-3B-CoT-012025,0.360379349016166,0.4342996007637563,0.1170694864048338,0.3045302013422818,0.335978835978836,0.2933843085106383,1,1,1,1,1,1,6,True,0.3076069636694187,,1,1,0,False,False,0.3076069636694187,True,six_task_mean_complete_only = mean of six tasks ONLY when n_tasks_valid == 6; partial_task_mean = mean over the available tasks ONLY when 1 <= n_tasks_valid <= 5; legacy_* keeps the original skipna row mean for traceability and is NOT a six-task mean
ContactDoctor_Bio-Medical-Llama-3-8B,ContactDoctor/Bio-Medical-Llama-3-8B,0.4422365988909427,0.4856795695191807,0.0725075528700906,0.3338926174496644,0.3505291005291005,0.3647772606382978,1,1,1,1,1,1,6,True,0.34160378331621283,,1,1,0,False,False,0.34160378331621283,True,six_task_mean_complete_only = mean of six tasks ONLY when n_tasks_valid == 6; partial_task_mean = mean over the available tasks ONLY when 1 <= n_tasks_valid <= 5; legacy_* keeps the original skipna row mean for traceability and is NOT a six-task mean
CoolSpring_Qwen2-0.5B-Abyme,CoolSpring/Qwen2-0.5B-Abyme,0.1915185042354286,0.2832841520569346,0.0151057401812688,0.2533557046979866,0.3531746031746032,0.1333111702127659,1,1,1,1,1,1,6,True,0.20495831242649795,,1,1,0,False,False,0.20495831242649795,True,six_task_mean_complete_only = mean of six tasks ONLY when n_tasks_valid == 6; partial_task_mean = mean over the available tasks ONLY when 1 <= n_tasks_valid <= 5; legacy_* keeps the original skipna row mean for traceability and is NOT a six-task mean
CoolSpring_Qwen2-0.5B-Abyme-merge2,CoolSpring/Qwen2-0.5B-Abyme-merge2,0.2021846478454944,0.2980385349765665,0.0181268882175226,0.2600671140939597,0.3677248677248677,0.1489361702127659,1,1,1,1,1,1,6,True,0.2158463705118628,,1,1,0,False,False,0.2158463705118628,True,six_task_mean_complete_only = mean of six tasks ONLY when n_tasks_valid == 6; partial_task_mean = mean over the available tasks ONLY when 1 <= n_tasks_valid <= 5; legacy_* keeps the original skipna row mean for traceability and is NOT a six-task mean
CoolSpring_Qwen2-0.5B-Abyme-merge3,CoolSpring/Qwen2-0.5B-Abyme-merge3,0.2386046800267734,0.2982121159520916,0.0211480362537764,0.2642617449664429,0.3492063492063492,0.1500166223404255,1,1,1,1,1,1,6,True,0.2202415914576432,,1,1,0,False,False,0.2202415914576432,True,six_task_mean_complete_only = mean of six tasks ONLY when n_tasks_valid == 6; partial_task_mean = mean over the available tasks ONLY when 1 <= n_tasks_valid <= 5; legacy_* keeps the original skipna row mean for traceability and is NOT a six-task mean
Corianas_Neural-Mistral-7B,Corianas/Neural-Mistral-7B,0.5489235229191878,0.4415900017358097,0.0188821752265861,0.2835570469798658,0.3862433862433862,0.2737699468085106,1,1,1,1,1,1,6,True,0.3254943466522244,,1,1,0,False,False,0.3254943466522244,True,six_task_mean_complete_only = mean of six tasks ONLY when n_tasks_valid == 6; partial_task_mean = mean over the available tasks ONLY when 1 <= n_tasks_valid <= 5; legacy_* keeps the original skipna row mean for traceability and is NOT a six-task mean
Corianas_Quokka_2.7b,Corianas/Quokka_2.7b,0.1749070244728431,0.3020308974136435,0.0037764350453172,0.2558724832214765,0.3902116402116402,0.1145279255319148,1,1,1,1,1,1,6,True,0.2068877343161392,,1,1,0,False,False,0.2068877343161392,True,six_task_mean_complete_only = mean of six tasks ONLY when n_tasks_valid == 6; partial_task_mean = mean over the available tasks ONLY when 1 <= n_tasks_valid <= 5; legacy_* keeps the original skipna row mean for traceability and is NOT a six-task mean
Corianas_llama-3-reactor,Corianas/llama-3-reactor,0.2300119239174279,0.4455823641728866,0.0438066465256797,0.2978187919463087,0.3968253968253968,0.2800864361702128,1,1,1,1,1,1,6,True,0.28235525992631877,,1,1,0,False,False,0.28235525992631877,True,six_task_mean_complete_only = mean of six tasks ONLY when n_tasks_valid == 6; partial_task_mean = mean over the available tasks ONLY when 1 <= n_tasks_valid <= 5; legacy_* keeps the original skipna row mean for traceability and is NOT a six-task mean
CortexLM_btlm-7b-base-v0.2,CortexLM/btlm-7b-base-v0.2,0.1483286568527063,0.3987155007811144,0.0105740181268882,0.2533557046979866,0.3835978835978836,0.2349567819148936,1,1,1,1,1,1,6,True,0.23825475766191215,,1,1,0,False,False,0.23825475766191215,True,six_task_mean_complete_only = mean of six tasks ONLY when n_tasks_valid == 6; partial_task_mean = mean over the available tasks ONLY when 1 <= n_tasks_valid <= 5; legacy_* keeps the original skipna row mean for traceability and is NOT a six-task mean
Cran-May_SCE-2-24B,Cran-May/SCE-2-24B,0.5865924635522636,0.6245443499392467,0.1827794561933534,0.337248322147651,0.4523809523809524,0.461186835106383,1,1,1,1,1,1,6,True,0.4407887298866417,,1,1,0,False,False,0.4407887298866417,True,six_task_mean_complete_only = mean of six tasks ONLY when n_tasks_valid == 6; partial_task_mean = mean over the available tasks ONLY when 1 <= n_tasks_valid <= 5; legacy_* keeps the original skipna row mean for traceability and is NOT a six-task mean
Cran-May_SCE-3-24B,Cran-May/SCE-3-24B,0.5465254413844156,0.5960770699531331,0.175226586102719,0.3464765100671141,0.4431216931216931,0.4646775265957447,1,1,1,1,1,1,6,True,0.4286841378708033,,1,1,0,False,False,0.4286841378708033,True,six_task_mean_complete_only = mean of six tasks ONLY when n_tasks_valid == 6; partial_task_mean = mean over the available tasks ONLY when 1 <= n_tasks_valid <= 5; legacy_* keeps the original skipna row mean for traceability and is NOT a six-task mean
Cran-May_T.E-8.1,Cran-May/T.E-8.1,0.7076922565459647,0.555806283631314,0.0634441087613293,0.3129194630872483,0.4497354497354497,0.4432347074468085,1,1,1,1,1,1,6,True,0.42213871153468574,,1,1,0,False,False,0.42213871153468574,True,six_task_mean_complete_only = mean of six tasks ONLY when n_tasks_valid == 6; partial_task_mean = mean over the available tasks ONLY when 1 <= n_tasks_valid <= 5; legacy_* keeps the original skipna row mean for traceability and is NOT a six-task mean
Cran-May_merge_model_20250308_2,Cran-May/merge_model_20250308_2,0.5932370554572978,0.6563096684603368,0.4380664652567976,0.3909395973154362,0.4788359788359788,0.5419714095744681,1,1,1,1,1,1,6,True,0.5165600291500526,,1,1,0,False,False,0.5165600291500526,True,six_task_mean_complete_only = mean of six tasks ONLY when n_tasks_valid == 6; partial_task_mean = mean over the available tasks ONLY when 1 <= n_tasks_valid <= 5; legacy_* keeps the original skipna row mean for traceability and is NOT a six-task mean
Cran-May_merge_model_20250308_3,Cran-May/merge_model_20250308_3,0.6017799438822324,0.6240236070126715,0.2545317220543807,0.3221476510067114,0.4312169312169312,0.4961768617021276,1,1,1,1,1,1,6,True,0.4549794528125091,,1,1,0,False,False,0.4549794528125091,True,six_task_mean_complete_only = mean of six tasks ONLY when n_tasks_valid == 6; partial_task_mean = mean over the available tasks ONLY when 1 <= n_tasks_valid <= 5; legacy_* keeps the original skipna row mean for traceability and is NOT a six-task mean
Cran-May_merge_model_20250308_4,Cran-May/merge_model_20250308_4,0.4539521802151624,0.6642943933344906,0.4199395770392749,0.3976510067114094,0.4682539682539682,0.5366522606382979,1,1,1,1,1,1,6,True,0.4901238976987672,,1,1,0,False,False,0.4901238976987672,True,six_task_mean_complete_only = mean of six tasks ONLY when n_tasks_valid == 6; partial_task_mean = mean over the available tasks ONLY when 1 <= n_tasks_valid <= 5; legacy_* keeps the original skipna row mean for traceability and is NOT a six-task mean
Cran-May_tempmotacilla-cinerea-0308,Cran-May/tempmotacilla-cinerea-0308,0.5630371857781796,0.656830411386912,0.4380664652567976,0.3741610738255033,0.4722222222222222,0.538813164893617,1,1,1,1,1,1,6,True,0.5071884205605386,,1,1,0,False,False,0.5071884205605386,True,six_task_mean_complete_only = mean of six tasks ONLY when n_tasks_valid == 6; partial_task_mean = mean over the available tasks ONLY when 1 <= n_tasks_valid <= 5; legacy_* keeps the original skipna row mean for traceability and is NOT a six-task mean
CreitinGameplays_Llama-3.1-8B-R1-v0.1,CreitinGameplays/Llama-3.1-8B-R1-v0.1,0.323485019747603,0.3025516403402187,0.1812688821752265,0.2583892617449664,0.3611111111111111,0.1251662234042553,1,1,1,1,1,1,6,True,0.2586620230872302,,1,1,0,False,False,0.2586620230872302,True,six_task_mean_complete_only = mean of six tasks ONLY when n_tasks_valid == 6; partial_task_mean = mean over the available tasks ONLY when 1 <= n_tasks_valid <= 5; legacy_* keeps the original skipna row mean for traceability and is NOT a six-task mean
CultriX_Qwen2.5-14B-Broca,CultriX/Qwen2.5-14B-Broca,0.560414145578177,0.6507550772435341,0.3459214501510574,0.386744966442953,0.4761904761904761,0.5364029255319149,1,1,1,1,1,1,6,True,0.4927381735230188,,1,1,0,False,False,0.4927381735230188,True,six_task_mean_complete_only = mean of six tasks ONLY when n_tasks_valid == 6; partial_task_mean = mean over the available tasks ONLY when 1 <= n_tasks_valid <= 5; legacy_* keeps the original skipna row mean for traceability and is NOT a six-task mean
CultriX_Qwen2.5-14B-BrocaV9,CultriX/Qwen2.5-14B-BrocaV9,0.6762933460994606,0.6361742752994272,0.2968277945619335,0.3640939597315436,0.4682539682539682,0.5330784574468085,1,1,1,1,1,1,6,True,0.495786966898857,,1,1,0,False,False,0.495786966898857,True,six_task_mean_complete_only = mean of six tasks ONLY when n_tasks_valid == 6; partial_task_mean = mean over the available tasks ONLY when 1 <= n_tasks_valid <= 5; legacy_* keeps the original skipna row mean for traceability and is NOT a six-task mean
CultriX_Qwen2.5-14B-Brocav3,CultriX/Qwen2.5-14B-Brocav3,0.6951776841004091,0.6431175143204305,0.3225075528700906,0.3590604026845637,0.4748677248677249,0.531748670212766,1,1,1,1,1,1,6,True,0.5044132581759976,,1,1,0,False,False,0.5044132581759976,True,six_task_mean_complete_only = mean of six tasks ONLY when n_tasks_valid == 6; partial_task_mean = mean over the available tasks ONLY when 1 <= n_tasks_valid <= 5; legacy_* keeps the original skipna row mean for traceability and is NOT a six-task mean
CultriX_Qwen2.5-14B-Brocav6,CultriX/Qwen2.5-14B-Brocav6,0.6995239298394925,0.635827113348377,0.29607250755287,0.3674496644295302,0.4735449735449735,0.5319148936170213,1,1,1,1,1,1,6,True,0.5007221803887107,,1,1,0,False,False,0.5007221803887107,True,six_task_mean_complete_only = mean of six tasks ONLY when n_tasks_valid == 6; partial_task_mean = mean over the available tasks ONLY when 1 <= n_tasks_valid <= 5; legacy_* keeps the original skipna row mean for traceability and is NOT a six-task mean
CultriX_Qwen2.5-14B-Brocav7,CultriX/Qwen2.5-14B-Brocav7,0.6723715297632504,0.6417288665162298,0.3187311178247734,0.3674496644295302,0.4788359788359788,0.5257646276595744,1,1,1,1,1,1,6,True,0.5008136308382228,,1,1,0,False,False,0.5008136308382228,True,six_task_mean_complete_only = mean of six tasks ONLY when n_tasks_valid == 6; partial_task_mean = mean over the available tasks ONLY when 1 <= n_tasks_valid <= 5; legacy_* keeps the original skipna row mean for traceability and is NOT a six-task mean
CultriX_Qwen2.5-14B-Emerged,CultriX/Qwen2.5-14B-Emerged,0.7000237148543642,0.6240236070126715,0.3074018126888218,0.3573825503355705,0.4682539682539682,0.5186170212765957,1,1,1,1,1,1,6,True,0.4959504457369987,,1,1,0,False,False,0.4959504457369987,True,six_task_mean_complete_only = mean of six tasks ONLY when n_tasks_valid == 6; partial_task_mean = mean over the available tasks ONLY when 1 <= n_tasks_valid <= 5; legacy_* keeps the original skipna row mean for traceability and is NOT a six-task mean
CultriX_Qwen2.5-14B-Emergedv3,CultriX/Qwen2.5-14B-Emergedv3,0.6388493641316153,0.6163860440895678,0.2069486404833836,0.360738255033557,0.4722222222222222,0.5173703457446809,1,1,1,1,1,1,6,True,0.4687524786175044,,1,1,0,False,False,0.4687524786175044,True,six_task_mean_complete_only = mean of six tasks ONLY when n_tasks_valid == 6; partial_task_mean = mean over the available tasks ONLY when 1 <= n_tasks_valid <= 5; legacy_* keeps the original skipna row mean for traceability and is NOT a six-task mean
CultriX_Qwen2.5-14B-FinalMerge,CultriX/Qwen2.5-14B-FinalMerge,0.4890978160170569,0.570387085575421,0.1306646525679758,0.3548657718120805,0.4365079365079365,0.4574468085106383,1,1,1,1,1,1,6,True,0.4064950118318515,,1,1,0,False,False,0.4064950118318515,True,six_task_mean_complete_only = mean of six tasks ONLY when n_tasks_valid == 6; partial_task_mean = mean over the available tasks ONLY when 1 <= n_tasks_valid <= 5; legacy_* keeps the original skipna row mean for traceability and is NOT a six-task mean
CultriX_Qwen2.5-14B-Hyper,CultriX/Qwen2.5-14B-Hyper,0.5360842564395802,0.6484985245617081,0.3300604229607251,0.3917785234899328,0.4894179894179894,0.5374002659574468,1,1,1,1,1,1,6,True,0.48887333047123044,,1,1,0,False,False,0.48887333047123044,True,six_task_mean_complete_only = mean of six tasks ONLY when n_tasks_valid == 6; partial_task_mean = mean over the available tasks ONLY when 1 <= n_tasks_valid <= 5; legacy_* keeps the original skipna row mean for traceability and is NOT a six-task mean
CultriX_Qwen2.5-14B-HyperMarck-dl,CultriX/Qwen2.5-14B-HyperMarck-dl,0.6650276821057017,0.6080541572643638,0.5287009063444109,0.3674496644295302,0.4404761904761904,0.5090591755319149,1,1,1,1,1,1,6,True,0.5197946293586854,,1,1,0,False,False,0.5197946293586854,True,six_task_mean_complete_only = mean of six tasks ONLY when n_tasks_valid == 6; partial_task_mean = mean over the available tasks ONLY when 1 <= n_tasks_valid <= 5; legacy_* keeps the original skipna row mean for traceability and is NOT a six-task mean
CultriX_Qwen2.5-14B-Hyperionv3,CultriX/Qwen2.5-14B-Hyperionv3,0.6836371937570092,0.6500607533414338,0.3413897280966767,0.3708053691275167,0.4722222222222222,0.5339926861702128,1,1,1,1,1,1,6,True,0.5086846587858452,,1,1,0,False,False,0.5086846587858452,True,six_task_mean_complete_only = mean of six tasks ONLY when n_tasks_valid == 6; partial_task_mean = mean over the available tasks ONLY when 1 <= n_tasks_valid <= 5; legacy_* keeps the original skipna row mean for traceability and is NOT a six-task mean
CultriX_Qwen2.5-14B-Hyperionv4,CultriX/Qwen2.5-14B-Hyperionv4,0.5415796752616391,0.6452004860267315,0.3300604229607251,0.3976510067114094,0.4828042328042328,0.5364029255319149,1,1,1,1,1,1,6,True,0.4889497915494421,,1,1,0,False,False,0.4889497915494421,True,six_task_mean_complete_only = mean of six tasks ONLY when n_tasks_valid == 6; partial_task_mean = mean over the available tasks ONLY when 1 <= n_tasks_valid <= 5; legacy_* keeps the original skipna row mean for traceability and is NOT a six-task mean
CultriX_Qwen2.5-14B-Hyperionv5,CultriX/Qwen2.5-14B-Hyperionv5,0.6729211824625327,0.6422496094428051,0.2953172205438066,0.3716442953020134,0.4788359788359788,0.5301695478723404,1,1,1,1,1,1,6,True,0.4985229724099128,,1,1,0,False,False,0.4985229724099128,True,six_task_mean_complete_only = mean of six tasks ONLY when n_tasks_valid == 6; partial_task_mean = mean over the available tasks ONLY when 1 <= n_tasks_valid <= 5; legacy_* keeps the original skipna row mean for traceability and is NOT a six-task mean
CultriX_Qwen2.5-14B-MegaMerge-pt2,CultriX/Qwen2.5-14B-MegaMerge-pt2,0.568307645935008,0.6550946016316612,0.2734138972809667,0.3791946308724832,0.4722222222222222,0.5420545212765957,1,1,1,1,1,1,6,True,0.4817145865364895,,1,1,0,False,False,0.4817145865364895,True,six_task_mean_complete_only = mean of six tasks ONLY when n_tasks_valid == 6; partial_task_mean = mean over the available tasks ONLY when 1 <= n_tasks_valid <= 5; legacy_* keeps the original skipna row mean for traceability and is NOT a six-task mean
CultriX_Qwen2.5-14B-MergeStock,CultriX/Qwen2.5-14B-MergeStock,0.5685326046002386,0.6554417635827113,0.2938066465256797,0.3733221476510067,0.4669312169312169,0.539561170212766,1,1,1,1,1,1,6,True,0.4829325915839366,,1,1,0,False,False,0.4829325915839366,True,six_task_mean_complete_only = mean of six tasks ONLY when n_tasks_valid == 6; partial_task_mean = mean over the available tasks ONLY when 1 <= n_tasks_valid <= 5; legacy_* keeps the original skipna row mean for traceability and is NOT a six-task mean
CultriX_Qwen2.5-14B-ReasoningMerge,CultriX/Qwen2.5-14B-ReasoningMerge,0.4605469044357859,0.6571775733379621,0.520392749244713,0.4077181208053691,0.5158730158730159,0.5344913563829787,1,1,1,1,1,1,6,True,0.5160332866799708,,1,1,0,False,False,0.5160332866799708,True,six_task_mean_complete_only = mean of six tasks ONLY when n_tasks_valid == 6; partial_task_mean = mean over the available tasks ONLY when 1 <= n_tasks_valid <= 5; legacy_* keeps the original skipna row mean for traceability and is NOT a six-task mean
CultriX_Qwen2.5-14B-Ultimav2,CultriX/Qwen2.5-14B-Ultimav2,0.5484990935163145,0.6540531157785107,0.3783987915407855,0.3850671140939597,0.496031746031746,0.5417220744680851,1,1,1,1,1,1,6,True,0.5006286559049002,,1,1,0,False,False,0.5006286559049002,True,six_task_mean_complete_only = mean of six tasks ONLY when n_tasks_valid == 6; partial_task_mean = mean over the available tasks ONLY when 1 <= n_tasks_valid <= 5; legacy_* keeps the original skipna row mean for traceability and is NOT a six-task mean
CultriX_Qwen2.5-14B-Unity,CultriX/Qwen2.5-14B-Unity,0.6738952645646883,0.6002430133657352,0.1533232628398791,0.3473154362416107,0.4669312169312169,0.507563164893617,1,1,1,1,1,1,6,True,0.45821189313945787,,1,1,0,False,False,0.45821189313945787,True,six_task_mean_complete_only = mean of six tasks ONLY when n_tasks_valid == 6; partial_task_mean = mean over the available tasks ONLY when 1 <= n_tasks_valid <= 5; legacy_* keeps the original skipna row mean for traceability and is NOT a six-task mean
CultriX_Qwen2.5-14B-Wernicke,CultriX/Qwen2.5-14B-Wernicke,0.5234699486252034,0.6542266967540358,0.3006042296072507,0.3934563758389262,0.4682539682539682,0.5423869680851063,1,1,1,1,1,1,6,True,0.4803996978607484,,1,1,0,False,False,0.4803996978607484,True,six_task_mean_complete_only = mean of six tasks ONLY when n_tasks_valid == 6; partial_task_mean = mean over the available tasks ONLY when 1 <= n_tasks_valid <= 5; legacy_* keeps the original skipna row mean for traceability and is NOT a six-task mean
CultriX_Qwen2.5-14B-Wernicke-SFT,CultriX/Qwen2.5-14B-Wernicke-SFT,0.4937443760333692,0.6443325811491061,0.3580060422960725,0.3540268456375839,0.3888888888888889,0.5069813829787234,1,1,1,1,1,1,6,True,0.45766335283062404,,1,1,0,False,False,0.45766335283062404,True,six_task_mean_complete_only = mean of six tasks ONLY when n_tasks_valid == 6; partial_task_mean = mean over the available tasks ONLY when 1 <= n_tasks_valid <= 5; legacy_* keeps the original skipna row mean for traceability and is NOT a six-task mean
CultriX_Qwen2.5-14B-Wernicke-SLERP,CultriX/Qwen2.5-14B-Wernicke-SLERP,0.5588904107767391,0.641902447491755,0.0944108761329305,0.3439597315436241,0.4126984126984127,0.5093916223404256,1,1,1,1,1,1,6,True,0.4268755834973145,,1,1,0,False,False,0.4268755834973145,True,six_task_mean_complete_only = mean of six tasks ONLY when n_tasks_valid == 6; partial_task_mean = mean over the available tasks ONLY when 1 <= n_tasks_valid <= 5; legacy_* keeps the original skipna row mean for traceability and is NOT a six-task mean
CultriX_Qwen2.5-14B-Wernickev3,CultriX/Qwen2.5-14B-Wernickev3,0.7048198779239085,0.6165596250650929,0.3277945619335347,0.3624161073825503,0.4708994708994709,0.515126329787234,1,1,1,1,1,1,6,True,0.49960266216529853,,1,1,0,False,False,0.49960266216529853,True,six_task_mean_complete_only = mean of six tasks ONLY when n_tasks_valid == 6; partial_task_mean = mean over the available tasks ONLY when 1 <= n_tasks_valid <= 5; legacy_* keeps the original skipna row mean for traceability and is NOT a six-task mean
CultriX_Qwen2.5-14B-partialmergept1,CultriX/Qwen2.5-14B-partialmergept1,0.633728507028019,0.6134351675056414,0.1986404833836858,0.3615771812080537,0.4748677248677249,0.5207779255319149,1,1,1,1,1,1,6,True,0.46717116492083993,,1,1,0,False,False,0.46717116492083993,True,six_task_mean_complete_only = mean of six tasks ONLY when n_tasks_valid == 6; partial_task_mean = mean over the available tasks ONLY when 1 <= n_tasks_valid <= 5; legacy_* keeps the original skipna row mean for traceability and is NOT a six-task mean
CultriX_Qwenfinity-2.5-14B,CultriX/Qwenfinity-2.5-14B,0.4813794066410457,0.5629231036278424,0.1487915407854985,0.348993288590604,0.4497354497354497,0.4498005319148936,1,1,1,1,1,1,6,True,0.40693722021588896,,1,1,0,False,False,0.40693722021588896,True,six_task_mean_complete_only = mean of six tasks ONLY when n_tasks_valid == 6; partial_task_mean = mean over the available tasks ONLY when 1 <= n_tasks_valid <= 5; legacy_* keeps the original skipna row mean for traceability and is NOT a six-task mean
CultriX_Qwestion-14B,CultriX/Qwestion-14B,0.6317803428237078,0.6432910952959555,0.3172205438066465,0.3682885906040268,0.4629629629629629,0.542220744680851,1,1,1,1,1,1,6,True,0.49429404669569177,,1,1,0,False,False,0.49429404669569177,True,six_task_mean_complete_only = mean of six tasks ONLY when n_tasks_valid == 6; partial_task_mean = mean over the available tasks ONLY when 1 <= n_tasks_valid <= 5; legacy_* keeps the original skipna row mean for traceability and is NOT a six-task mean
CultriX_SeQwence-14B,CultriX/SeQwence-14B,0.5351600420218354,0.6491928484638083,0.3398791540785498,0.360738255033557,0.4656084656084656,0.5418882978723404,1,1,1,1,1,1,6,True,0.4820778438464261,,1,1,0,False,False,0.4820778438464261,True,six_task_mean_complete_only = mean of six tasks ONLY when n_tasks_valid == 6; partial_task_mean = mean over the available tasks ONLY when 1 <= n_tasks_valid <= 5; legacy_* keeps the original skipna row mean for traceability and is NOT a six-task mean
CultriX_SeQwence-14B-EvolMerge,CultriX/SeQwence-14B-EvolMerge,0.5381576439403006,0.6550946016316612,0.3179758308157099,0.3808724832214765,0.4814814814814814,0.5418882978723404,1,1,1,1,1,1,6,True,0.48591172316049497,,1,1,0,False,False,0.48591172316049497,True,six_task_mean_complete_only = mean of six tasks ONLY when n_tasks_valid == 6; partial_task_mean = mean over the available tasks ONLY when 1 <= n_tasks_valid <= 5; legacy_* keeps the original skipna row mean for traceability and is NOT a six-task mean
CultriX_SeQwence-14B-EvolMergev1,CultriX/SeQwence-14B-EvolMergev1,0.5554683794554005,0.6524908869987849,0.324773413897281,0.3766778523489933,0.4616402116402116,0.539311835106383,1,1,1,1,1,1,6,True,0.4850604299078423,,1,1,0,False,False,0.4850604299078423,True,six_task_mean_complete_only = mean of six tasks ONLY when n_tasks_valid == 6; partial_task_mean = mean over the available tasks ONLY when 1 <= n_tasks_valid <= 5; legacy_* keeps the original skipna row mean for traceability and is NOT a six-task mean
CultriX_SeQwence-14B-v5,CultriX/SeQwence-14B-v5,0.5919881470055011,0.6502343343169589,0.3104229607250755,0.3699664429530201,0.4708994708994709,0.5414727393617021,1,1,1,1,1,1,6,True,0.4891640158769548,,1,1,0,False,False,0.4891640158769548,True,six_task_mean_complete_only = mean of six tasks ONLY when n_tasks_valid == 6; partial_task_mean = mean over the available tasks ONLY when 1 <= n_tasks_valid <= 5; legacy_* keeps the original skipna row mean for traceability and is NOT a six-task mean
CultriX_SeQwence-14Bv1,CultriX/SeQwence-14Bv1,0.6678003253589365,0.6321819128623503,0.3353474320241691,0.3615771812080537,0.4695767195767196,0.531998005319149,1,1,1,1,1,1,6,True,0.499746929391563,,1,1,0,False,False,0.499746929391563,True,six_task_mean_complete_only = mean of six tasks ONLY when n_tasks_valid == 6; partial_task_mean = mean over the available tasks ONLY when 1 <= n_tasks_valid <= 5; legacy_* keeps the original skipna row mean for traceability and is NOT a six-task mean
CultriX_SeQwence-14Bv2,CultriX/SeQwence-14Bv2,0.5785992278266112,0.6280159694497484,0.216012084592145,0.360738255033557,0.458994708994709,0.5334109042553191,1,1,1,1,1,1,6,True,0.4626285250253482,,1,1,0,False,False,0.4626285250253482,True,six_task_mean_complete_only = mean of six tasks ONLY when n_tasks_valid == 6; partial_task_mean = mean over the available tasks ONLY when 1 <= n_tasks_valid <= 5; legacy_* keeps the original skipna row mean for traceability and is NOT a six-task mean
CultriX_SeQwence-14Bv3,CultriX/SeQwence-14Bv3,0.5719047682371663,0.6276688074986981,0.2212990936555891,0.3649328859060403,0.4616402116402116,0.5334940159574468,1,1,1,1,1,1,6,True,0.4634899638158587,,1,1,0,False,False,0.4634899638158587,True,six_task_mean_complete_only = mean of six tasks ONLY when n_tasks_valid == 6; partial_task_mean = mean over the available tasks ONLY when 1 <= n_tasks_valid <= 5; legacy_* keeps the original skipna row mean for traceability and is NOT a six-task mean
DRXD1000_Atlas-7B,DRXD1000/Atlas-7B,0.3704459722425387,0.3282416247179309,0.0022658610271903,0.2575503355704698,0.3333333333333333,0.140126329787234,1,1,1,1,1,1,6,True,0.23866057611311617,,1,1,0,False,False,0.23866057611311617,True,six_task_mean_complete_only = mean of six tasks ONLY when n_tasks_valid == 6; partial_task_mean = mean over the available tasks ONLY when 1 <= n_tasks_valid <= 5; legacy_* keeps the original skipna row mean for traceability and is NOT a six-task mean
DRXD1000_Phoenix-7B,DRXD1000/Phoenix-7B,0.3209617149164218,0.3900364520048602,0.0,0.2785234899328859,0.3835978835978836,0.2342918882978723,1,1,1,1,1,1,6,True,0.267901904791654,,1,1,0,False,False,0.267901904791654,True,six_task_mean_complete_only = mean of six tasks ONLY when n_tasks_valid == 6; partial_task_mean = mean over the available tasks ONLY when 1 <= n_tasks_valid <= 5; legacy_* keeps the original skipna row mean for traceability and is NOT a six-task mean
DUAL-GPO_zephyr-7b-ipo-0k-15k-i1,DUAL-GPO/zephyr-7b-ipo-0k-15k-i1,0.2756242325917454,0.4447144592952612,0.0256797583081571,0.2911073825503356,0.4166666666666667,0.3129986702127659,1,1,1,1,1,1,6,True,0.29446519493748863,,1,1,0,False,False,0.29446519493748863,True,six_task_mean_complete_only = mean of six tasks ONLY when n_tasks_valid == 6; partial_task_mean = mean over the available tasks ONLY when 1 <= n_tasks_valid <= 5; legacy_* keeps the original skipna row mean for traceability and is NOT a six-task mean
DZgas_GIGABATEMAN-7B,DZgas/GIGABATEMAN-7B,0.4607463751734287,0.5014754382919632,0.0475830815709969,0.2894295302013422,0.4325396825396825,0.3176529255319149,1,1,1,1,1,1,6,True,0.34157117221822136,,1,1,0,False,False,0.34157117221822136,True,six_task_mean_complete_only = mean of six tasks ONLY when n_tasks_valid == 6; partial_task_mean = mean over the available tasks ONLY when 1 <= n_tasks_valid <= 5; legacy_* keeps the original skipna row mean for traceability and is NOT a six-task mean
Daemontatox_AetherDrake-SFT,Daemontatox/AetherDrake-SFT,0.4812796712722244,0.4844645026905051,0.1465256797583081,0.3204697986577181,0.4087301587301587,0.3499002659574468,1,1,1,1,1,1,6,True,0.3652283461777268,,1,1,0,False,False,0.3652283461777268,True,six_task_mean_complete_only = mean of six tasks ONLY when n_tasks_valid == 6; partial_task_mean = mean over the available tasks ONLY when 1 <= n_tasks_valid <= 5; legacy_* keeps the original skipna row mean for traceability and is NOT a six-task mean
Daemontatox_AetherSett,Daemontatox/AetherSett,0.5369586031729146,0.5438291963200833,0.3074018126888218,0.3078859060402684,0.4603174603174603,0.4278590425531915,1,1,1,1,1,1,6,True,0.4307086701821233,,1,1,0,False,False,0.4307086701821233,True,six_task_mean_complete_only = mean of six tasks ONLY when n_tasks_valid == 6; partial_task_mean = mean over the available tasks ONLY when 1 <= n_tasks_valid <= 5; legacy_* keeps the original skipna row mean for traceability and is NOT a six-task mean
Daemontatox_AetherTOT,Daemontatox/AetherTOT,0.4397642699149368,0.5040791529248394,0.1495468277945619,0.3238255033557047,0.4074074074074074,0.3804022606382978,1,1,1,1,1,1,6,True,0.367504237005958,,1,1,0,False,False,0.367504237005958,True,six_task_mean_complete_only = mean of six tasks ONLY when n_tasks_valid == 6; partial_task_mean = mean over the available tasks ONLY when 1 <= n_tasks_valid <= 5; legacy_* keeps the original skipna row mean for traceability and is NOT a six-task mean
Daemontatox_AetherUncensored,Daemontatox/AetherUncensored,0.4041930965394043,0.4459295261239368,0.0679758308157099,0.2885906040268456,0.3743386243386243,0.2710272606382978,1,1,1,1,1,1,6,True,0.3086758237471365,,1,1,0,False,False,0.3086758237471365,True,six_task_mean_complete_only = mean of six tasks ONLY when n_tasks_valid == 6; partial_task_mean = mean over the available tasks ONLY when 1 <= n_tasks_valid <= 5; legacy_* keeps the original skipna row mean for traceability and is NOT a six-task mean
Daemontatox_Cogito-MIS,Daemontatox/Cogito-MIS,0.1814518810090559,0.5047734768269397,0.0861027190332326,0.2567114093959731,0.3756613756613756,0.143533909574468,1,1,1,1,1,1,6,True,0.25803912858350747,,1,1,0,False,False,0.25803912858350747,True,six_task_mean_complete_only = mean of six tasks ONLY when n_tasks_valid == 6; partial_task_mean = mean over the available tasks ONLY when 1 <= n_tasks_valid <= 5; legacy_* keeps the original skipna row mean for traceability and is NOT a six-task mean
Daemontatox_CogitoDistil,Daemontatox/CogitoDistil,0.277647752408055,0.3653879534802985,0.1049848942598187,0.259228187919463,0.3743386243386243,0.2625498670212766,1,1,1,1,1,1,6,True,0.27402287990458934,,1,1,0,False,False,0.27402287990458934,True,six_task_mean_complete_only = mean of six tasks ONLY when n_tasks_valid == 6; partial_task_mean = mean over the available tasks ONLY when 1 <= n_tasks_valid <= 5; legacy_* keeps the original skipna row mean for traceability and is NOT a six-task mean
Daemontatox_CogitoZ,Daemontatox/CogitoZ,0.3967240255854466,0.6698489845512932,0.4629909365558912,0.3951342281879195,0.4788359788359788,0.5592586436170213,1,1,1,1,1,1,6,True,0.49379879955559175,,1,1,0,False,False,0.49379879955559175,True,six_task_mean_complete_only = mean of six tasks ONLY when n_tasks_valid == 6; partial_task_mean = mean over the available tasks ONLY when 1 <= n_tasks_valid <= 5; legacy_* keeps the original skipna row mean for traceability and is NOT a six-task mean
Daemontatox_CogitoZ14,Daemontatox/CogitoZ14,0.6637034180419066,0.6283631314007985,0.2077039274924471,0.3162751677852349,0.4047619047619047,0.3999335106382978,1,1,1,1,1,1,6,True,0.43679017668676495,,1,1,0,False,False,0.43679017668676495,True,six_task_mean_complete_only = mean of six tasks ONLY when n_tasks_valid == 6; partial_task_mean = mean over the available tasks ONLY when 1 <= n_tasks_valid <= 5; legacy_* keeps the original skipna row mean for traceability and is NOT a six-task mean
Daemontatox_DocumentCogito,Daemontatox/DocumentCogito,0.5064340394597445,0.5105016490192675,0.1623867069486405,0.3162751677852349,0.3968253968253968,0.3802360372340425,1,1,1,1,1,1,6,True,0.3787764995453878,,1,1,0,False,False,0.3787764995453878,True,six_task_mean_complete_only = mean of six tasks ONLY when n_tasks_valid == 6; partial_task_mean = mean over the available tasks ONLY when 1 <= n_tasks_valid <= 5; legacy_* keeps the original skipna row mean for traceability and is NOT a six-task mean
Daemontatox_Llama3.3-70B-CogniLink,Daemontatox/Llama3.3-70B-CogniLink,0.6931042965996888,0.6668981079673668,0.3957703927492447,0.4454697986577181,0.4867724867724867,0.5172872340425532,1,1,1,1,1,1,6,True,0.5342170527981763,,1,1,0,False,False,0.5342170527981763,True,six_task_mean_complete_only = mean of six tasks ONLY when n_tasks_valid == 6; partial_task_mean = mean over the available tasks ONLY when 1 <= n_tasks_valid <= 5; legacy_* keeps the original skipna row mean for traceability and is NOT a six-task mean
Daemontatox_Llama_cot,Daemontatox/Llama_cot,0.7548781677061308,0.4794306544002777,0.202416918429003,0.2911073825503356,0.3862433862433862,0.351811835106383,1,1,1,1,1,1,6,True,0.4109813907392527,,1,1,0,False,False,0.4109813907392527,True,six_task_mean_complete_only = mean of six tasks ONLY when n_tasks_valid == 6; partial_task_mean = mean over the available tasks ONLY when 1 <= n_tasks_valid <= 5; legacy_* keeps the original skipna row mean for traceability and is NOT a six-task mean
Daemontatox_MawaredT1,Daemontatox/MawaredT1,0.4198803618842449,0.5188335358444714,0.1457703927492447,0.3347315436241611,0.4695767195767196,0.4718251329787234,1,1,1,1,1,1,6,True,0.39343628110959417,,1,1,0,False,False,0.39343628110959417,True,six_task_mean_complete_only = mean of six tasks ONLY when n_tasks_valid == 6; partial_task_mean = mean over the available tasks ONLY when 1 <= n_tasks_valid <= 5; legacy_* keeps the original skipna row mean for traceability and is NOT a six-task mean
Daemontatox_Mini_QwQ,Daemontatox/Mini_QwQ,0.4497056698449004,0.5530289880229127,0.2817220543806646,0.3036912751677852,0.4682539682539682,0.437250664893617,1,1,1,1,1,1,6,True,0.41560877009397473,,1,1,0,False,False,0.41560877009397473,True,six_task_mean_complete_only = mean of six tasks ONLY when n_tasks_valid == 6; partial_task_mean = mean over the available tasks ONLY when 1 <= n_tasks_valid <= 5; legacy_* keeps the original skipna row mean for traceability and is NOT a six-task mean
Daemontatox_NemoR,Daemontatox/NemoR,0.2287375275380435,0.5188335358444714,0.0808157099697885,0.3271812080536913,0.3902116402116402,0.3290392287234042,1,1,1,1,1,1,6,True,0.3124698083901732,,1,1,0,False,False,0.3124698083901732,True,six_task_mean_complete_only = mean of six tasks ONLY when n_tasks_valid == 6; partial_task_mean = mean over the available tasks ONLY when 1 <= n_tasks_valid <= 5; legacy_* keeps the original skipna row mean for traceability and is NOT a six-task mean
Daemontatox_PathFinderAI2.0,Daemontatox/PathFinderAI2.0,0.3988472807705776,0.665335879187641,0.4561933534743202,0.3951342281879195,0.4841269841269841,0.5605053191489362,1,1,1,1,1,1,6,True,0.49335717414939645,,1,1,0,False,False,0.49335717414939645,True,six_task_mean_complete_only = mean of six tasks ONLY when n_tasks_valid == 6; partial_task_mean = mean over the available tasks ONLY when 1 <= n_tasks_valid <= 5; legacy_* keeps the original skipna row mean for traceability and is NOT a six-task mean
Daemontatox_PathFinderAi3.0,Daemontatox/PathFinderAi3.0,0.4270989862453844,0.6847769484464503,0.4833836858006042,0.4085570469798658,0.4801587301587302,0.5757147606382979,1,1,1,1,1,1,6,True,0.5099483597115554,,1,1,0,False,False,0.5099483597115554,True,six_task_mean_complete_only = mean of six tasks ONLY when n_tasks_valid == 6; partial_task_mean = mean over the available tasks ONLY when 1 <= n_tasks_valid <= 5; legacy_* keeps the original skipna row mean for traceability and is NOT a six-task mean
Daemontatox_PathfinderAI,Daemontatox/PathfinderAI,0.3745173916319809,0.6627321645547648,0.4758308157099697,0.3942953020134228,0.4854497354497354,0.559341755319149,1,1,1,1,1,1,6,True,0.4920278607798371,,1,1,0,False,False,0.4920278607798371,True,six_task_mean_complete_only = mean of six tasks ONLY when n_tasks_valid == 6; partial_task_mean = mean over the available tasks ONLY when 1 <= n_tasks_valid <= 5; legacy_* keeps the original skipna row mean for traceability and is NOT a six-task mean
Daemontatox_Phi-4-COT,Daemontatox/Phi-4-COT,0.1793031378963372,0.6153445582364173,0.1835347432024169,0.3355704697986577,0.4523809523809524,0.500498670212766,1,1,1,1,1,1,6,True,0.3777720886212579,,1,1,0,False,False,0.3777720886212579,True,six_task_mean_complete_only = mean of six tasks ONLY when n_tasks_valid == 6; partial_task_mean = mean over the available tasks ONLY when 1 <= n_tasks_valid <= 5; legacy_* keeps the original skipna row mean for traceability and is NOT a six-task mean
Daemontatox_PixelParse_AI,Daemontatox/PixelParse_AI,0.4382904027979095,0.500954695365388,0.1442598187311178,0.3238255033557047,0.4047619047619047,0.3778257978723404,1,1,1,1,1,1,6,True,0.3649863538140608,,1,1,0,False,False,0.3649863538140608,True,six_task_mean_complete_only = mean of six tasks ONLY when n_tasks_valid == 6; partial_task_mean = mean over the available tasks ONLY when 1 <= n_tasks_valid <= 5; legacy_* keeps the original skipna row mean for traceability and is NOT a six-task mean
Daemontatox_RA2.0,Daemontatox/RA2.0,0.3783893402837803,0.4865474743968061,0.3391238670694864,0.3053691275167785,0.4087301587301587,0.2616356382978723,1,1,1,1,1,1,6,True,0.3632992677158138,,1,1,0,False,False,0.3632992677158138,True,six_task_mean_complete_only = mean of six tasks ONLY when n_tasks_valid == 6; partial_task_mean = mean over the available tasks ONLY when 1 <= n_tasks_valid <= 5; legacy_* keeps the original skipna row mean for traceability and is NOT a six-task mean
Daemontatox_RA_Reasoner,Daemontatox/RA_Reasoner,0.559215104810791,0.6035410519007117,0.2009063444108761,0.3313758389261745,0.3955026455026455,0.4300199468085106,1,1,1,1,1,1,6,True,0.42009348872661817,,1,1,0,False,False,0.42009348872661817,True,six_task_mean_complete_only = mean of six tasks ONLY when n_tasks_valid == 6; partial_task_mean = mean over the available tasks ONLY when 1 <= n_tasks_valid <= 5; legacy_* keeps the original skipna row mean for traceability and is NOT a six-task mean
Daemontatox_RA_Reasoner2.0,Daemontatox/RA_Reasoner2.0,0.5366339091388627,0.6049296997049124,0.2288519637462235,0.3246644295302013,0.3875661375661375,0.4353390957446808,1,1,1,1,1,1,6,True,0.4196642059051697,,1,1,0,False,False,0.4196642059051697,True,six_task_mean_complete_only = mean of six tasks ONLY when n_tasks_valid == 6; partial_task_mean = mean over the available tasks ONLY when 1 <= n_tasks_valid <= 5; legacy_* keeps the original skipna row mean for traceability and is NOT a six-task mean
Daemontatox_ReasonTest,Daemontatox/ReasonTest,0.4079653098223824,0.5407047387606319,0.1563444108761329,0.3187919463087248,0.4312169312169312,0.4271941489361702,1,1,1,1,1,1,6,True,0.3803695809868289,,1,1,0,False,False,0.3803695809868289,True,six_task_mean_complete_only = mean of six tasks ONLY when n_tasks_valid == 6; partial_task_mean = mean over the available tasks ONLY when 1 <= n_tasks_valid <= 5; legacy_* keeps the original skipna row mean for traceability and is NOT a six-task mean
Daemontatox_Research_PathfinderAI,Daemontatox/Research_PathfinderAI,0.3456916537010687,0.2836313140079847,0.1699395770392749,0.2407718120805369,0.3386243386243386,0.113031914893617,1,1,1,1,1,1,6,True,0.24861510172447013,,1,1,0,False,False,0.24861510172447013,True,six_task_mean_complete_only = mean of six tasks ONLY when n_tasks_valid == 6; partial_task_mean = mean over the available tasks ONLY when 1 <= n_tasks_valid <= 5; legacy_* keeps the original skipna row mean for traceability and is NOT a six-task mean
Daemontatox_SphinX,Daemontatox/SphinX,0.5725042886208593,0.5426141294914077,0.2454682779456193,0.2978187919463087,0.4404761904761904,0.4365857712765957,1,1,1,1,1,1,6,True,0.4225779082928301,,1,1,0,False,False,0.4225779082928301,True,six_task_mean_complete_only = mean of six tasks ONLY when n_tasks_valid == 6; partial_task_mean = mean over the available tasks ONLY when 1 <= n_tasks_valid <= 5; legacy_* keeps the original skipna row mean for traceability and is NOT a six-task mean
Daemontatox_Sphinx2.0,Daemontatox/Sphinx2.0,0.7123133286346892,0.6448533240756813,0.0271903323262839,0.2936241610738255,0.4246031746031746,0.5183676861702128,1,1,1,1,1,1,6,True,0.43682533448064453,,1,1,0,False,False,0.43682533448064453,True,six_task_mean_complete_only = mean of six tasks ONLY when n_tasks_valid == 6; partial_task_mean = mean over the available tasks ONLY when 1 <= n_tasks_valid <= 5; legacy_* keeps the original skipna row mean for traceability and is NOT a six-task mean
Daemontatox_TinySphinx,Daemontatox/TinySphinx,0.2566900269063862,0.3289359486200312,0.0,0.273489932885906,0.332010582010582,0.1697972074468085,1,1,1,1,1,1,6,True,0.226820616311619,,1,1,0,False,False,0.226820616311619,True,six_task_mean_complete_only = mean of six tasks ONLY when n_tasks_valid == 6; partial_task_mean = mean over the available tasks ONLY when 1 <= n_tasks_valid <= 5; legacy_* keeps the original skipna row mean for traceability and is NOT a six-task mean
Daemontatox_TinySphinx2.0,Daemontatox/TinySphinx2.0,0.2535173340071011,0.3148758896024995,0.0264350453172205,0.2684563758389262,0.3373015873015873,0.1731216755319149,1,1,1,1,1,1,6,True,0.22895131793320825,,1,1,0,False,False,0.22895131793320825,True,six_task_mean_complete_only = mean of six tasks ONLY when n_tasks_valid == 6; partial_task_mean = mean over the available tasks ONLY when 1 <= n_tasks_valid <= 5; legacy_* keeps the original skipna row mean for traceability and is NOT a six-task mean
Daemontatox_Zirel-7B-Math,Daemontatox/Zirel-7B-Math,0.6638785090227264,0.5419198055893074,0.1978851963746223,0.3263422818791946,0.4788359788359788,0.4237034574468085,1,1,1,1,1,1,6,True,0.438760871524773,,1,1,0,False,False,0.438760871524773,True,six_task_mean_complete_only = mean of six tasks ONLY when n_tasks_valid == 6; partial_task_mean = mean over the available tasks ONLY when 1 <= n_tasks_valid <= 5; legacy_* keeps the original skipna row mean for traceability and is NOT a six-task mean
Daemontatox_Zirel_1.5,Daemontatox/Zirel_1.5,0.4167575366693706,0.395938205172713,0.1132930513595166,0.2600671140939597,0.365079365079365,0.214345079787234,1,1,1,1,1,1,6,True,0.2942467253603598,,1,1,0,False,False,0.2942467253603598,True,six_task_mean_complete_only = mean of six tasks ONLY when n_tasks_valid == 6; partial_task_mean = mean over the available tasks ONLY when 1 <= n_tasks_valid <= 5; legacy_* keeps the original skipna row mean for traceability and is NOT a six-task mean
Daemontatox_mini-Cogito-R1,Daemontatox/mini-Cogito-R1,0.2298368329366082,0.3266793959382051,0.2749244712990936,0.2869127516778523,0.3439153439153439,0.148188164893617,1,1,1,1,1,1,6,True,0.2684094934434534,,1,1,0,False,False,0.2684094934434534,True,six_task_mean_complete_only = mean of six tasks ONLY when n_tasks_valid == 6; partial_task_mean = mean over the available tasks ONLY when 1 <= n_tasks_valid <= 5; legacy_* keeps the original skipna row mean for traceability and is NOT a six-task mean
Daemontatox_mini_Pathfinder,Daemontatox/mini_Pathfinder,0.296157528690541,0.3935080715153619,0.2190332326283988,0.2583892617449664,0.376984126984127,0.2809175531914893,1,1,1,1,1,1,6,True,0.3041649624591474,,1,1,0,False,False,0.3041649624591474,True,six_task_mean_complete_only = mean of six tasks ONLY when n_tasks_valid == 6; partial_task_mean = mean over the available tasks ONLY when 1 <= n_tasks_valid <= 5; legacy_* keeps the original skipna row mean for traceability and is NOT a six-task mean
Dampfinchen_Llama-3.1-8B-Ultra-Instruct,Dampfinchen/Llama-3.1-8B-Ultra-Instruct,0.8081091503876381,0.5250824509633745,0.1495468277945619,0.2919463087248322,0.3994708994708995,0.382563164893617,1,1,1,1,1,1,6,True,0.42611980037248726,,1,1,0,False,False,0.42611980037248726,True,six_task_mean_complete_only = mean of six tasks ONLY when n_tasks_valid == 6; partial_task_mean = mean over the available tasks ONLY when 1 <= n_tasks_valid <= 5; legacy_* keeps the original skipna row mean for traceability and is NOT a six-task mean
Danielbrdz_Barcenas-10b,Danielbrdz/Barcenas-10b,0.6607811717354397,0.6101371289706649,0.2016616314199395,0.3414429530201342,0.4126984126984127,0.4360871010638298,1,1,1,1,1,1,6,True,0.4438013998180701,,1,1,0,False,False,0.4438013998180701,True,six_task_mean_complete_only = mean of six tasks ONLY when n_tasks_valid == 6; partial_task_mean = mean over the available tasks ONLY when 1 <= n_tasks_valid <= 5; legacy_* keeps the original skipna row mean for traceability and is NOT a six-task mean
Danielbrdz_Barcenas-14b-Phi-3-medium-ORPO,Danielbrdz/Barcenas-14b-Phi-3-medium-ORPO,0.4558504767350629,0.6425967713938552,0.1435045317220543,0.3380872483221476,0.4828042328042328,0.4689162234042553,1,1,1,1,1,1,6,True,0.4219599140636013,,1,1,0,False,False,0.4219599140636013,True,six_task_mean_complete_only = mean of six tasks ONLY when n_tasks_valid == 6; partial_task_mean = mean over the available tasks ONLY when 1 <= n_tasks_valid <= 5; legacy_* keeps the original skipna row mean for traceability and is NOT a six-task mean
Danielbrdz_Barcenas-14b-phi-4,Danielbrdz/Barcenas-14b-phi-4,0.0497590836757581,0.6748828328415206,0.2552870090634441,0.3833892617449664,0.5092592592592593,0.5174534574468085,1,1,1,1,1,1,6,True,0.3983384840052928,,1,1,0,False,False,0.3983384840052928,True,six_task_mean_complete_only = mean of six tasks ONLY when n_tasks_valid == 6; partial_task_mean = mean over the available tasks ONLY when 1 <= n_tasks_valid <= 5; legacy_* keeps the original skipna row mean for traceability and is NOT a six-task mean
Danielbrdz_Barcenas-14b-phi-4-v2,Danielbrdz/Barcenas-14b-phi-4-v2,0.2774726614272352,0.6575247352890123,0.3179758308157099,0.3783557046979866,0.4391534391534391,0.5243517287234043,1,1,1,1,1,1,6,True,0.4324723500177979,,1,1,0,False,False,0.4324723500177979,True,six_task_mean_complete_only = mean of six tasks ONLY when n_tasks_valid == 6; partial_task_mean = mean over the available tasks ONLY when 1 <= n_tasks_valid <= 5; legacy_* keeps the original skipna row mean for traceability and is NOT a six-task mean
Danielbrdz_Barcenas-3b-GRPO,Danielbrdz/Barcenas-3b-GRPO,0.5444276741268723,0.4408956778337094,0.1374622356495468,0.2902684563758389,0.3571428571428571,0.3036901595744681,1,1,1,1,1,1,6,True,0.3456478434505487,,1,1,0,False,False,0.3456478434505487,True,six_task_mean_complete_only = mean of six tasks ONLY when n_tasks_valid == 6; partial_task_mean = mean over the available tasks ONLY when 1 <= n_tasks_valid <= 5; legacy_* keeps the original skipna row mean for traceability and is NOT a six-task mean
Danielbrdz_Barcenas-Llama3-8b-ORPO,Danielbrdz/Barcenas-Llama3-8b-ORPO,0.737242738156979,0.4962680090262107,0.0574018126888217,0.3070469798657718,0.4179894179894179,0.3829787234042553,1,1,1,1,1,1,6,True,0.3998212801885761,,1,1,0,False,False,0.3998212801885761,True,six_task_mean_complete_only = mean of six tasks ONLY when n_tasks_valid == 6; partial_task_mean = mean over the available tasks ONLY when 1 <= n_tasks_valid <= 5; legacy_* keeps the original skipna row mean for traceability and is NOT a six-task mean
Danielbrdz_Barcenas-R1-Qwen-1.5b,Danielbrdz/Barcenas-R1-Qwen-1.5b,0.2428013227126247,0.3574032286061447,0.2658610271903323,0.3036912751677852,0.3531746031746032,0.190907579787234,1,1,1,1,1,1,6,True,0.2856398394397873,,1,1,0,False,False,0.2856398394397873,True,six_task_mean_complete_only = mean of six tasks ONLY when n_tasks_valid == 6; partial_task_mean = mean over the available tasks ONLY when 1 <= n_tasks_valid <= 5; legacy_* keeps the original skipna row mean for traceability and is NOT a six-task mean
Dans-DiscountModels_12b-mn-dans-reasoning-test-2,Dans-DiscountModels/12b-mn-dans-reasoning-test-2,0.3710953603106424,0.4770005207429266,0.0634441087613293,0.273489932885906,0.369047619047619,0.2507480053191489,1,1,1,1,1,1,6,True,0.30080425784459536,,1,1,0,False,False,0.30080425784459536,True,six_task_mean_complete_only = mean of six tasks ONLY when n_tasks_valid == 6; partial_task_mean = mean over the available tasks ONLY when 1 <= n_tasks_valid <= 5; legacy_* keeps the original skipna row mean for traceability and is NOT a six-task mean
Dans-DiscountModels_12b-mn-dans-reasoning-test-3,Dans-DiscountModels/12b-mn-dans-reasoning-test-3,0.5052593784491815,0.4829022739107794,0.0777945619335347,0.2709731543624161,0.4153439153439153,0.2515791223404255,1,1,1,1,1,1,6,True,0.3339754010567087,,1,1,0,False,False,0.3339754010567087,True,six_task_mean_complete_only = mean of six tasks ONLY when n_tasks_valid == 6; partial_task_mean = mean over the available tasks ONLY when 1 <= n_tasks_valid <= 5; legacy_* keeps the original skipna row mean for traceability and is NOT a six-task mean
Dans-DiscountModels_Dans-Instruct-CoreCurriculum-12b-ChatML,Dans-DiscountModels/Dans-Instruct-CoreCurriculum-12b-ChatML,0.0478109194714468,0.5233466412081236,0.0377643504531722,0.3053691275167785,0.4179894179894179,0.3580452127659574,1,1,1,1,1,1,6,True,0.28172094490081606,,1,1,0,False,False,0.28172094490081606,True,six_task_mean_complete_only = mean of six tasks ONLY when n_tasks_valid == 6; partial_task_mean = mean over the available tasks ONLY when 1 <= n_tasks_valid <= 5; legacy_* keeps the original skipna row mean for traceability and is NOT a six-task mean
Dans-DiscountModels_Dans-Instruct-Mix-8b-ChatML,Dans-DiscountModels/Dans-Instruct-Mix-8b-ChatML,0.0825077461136451,0.4714459295261239,0.0475830815709969,0.2944630872483221,0.3915343915343915,0.3287898936170212,1,1,1,1,1,1,6,True,0.2693873549350834,,1,1,0,False,False,0.2693873549350834,True,six_task_mean_complete_only = mean of six tasks ONLY when n_tasks_valid == 6; partial_task_mean = mean over the available tasks ONLY when 1 <= n_tasks_valid <= 5; legacy_* keeps the original skipna row mean for traceability and is NOT a six-task mean
Dans-DiscountModels_Dans-Instruct-Mix-8b-ChatML-V0.1.0,Dans-DiscountModels/Dans-Instruct-Mix-8b-ChatML-V0.1.0,0.0668204807688045,0.475785453914251,0.052870090634441,0.2860738255033557,0.3783068783068783,0.328374335106383,1,1,1,1,1,1,6,True,0.2647051773723523,,1,1,0,False,False,0.2647051773723523,True,six_task_mean_complete_only = mean of six tasks ONLY when n_tasks_valid == 6; partial_task_mean = mean over the available tasks ONLY when 1 <= n_tasks_valid <= 5; legacy_* keeps the original skipna row mean for traceability and is NOT a six-task mean
Dans-DiscountModels_Dans-Instruct-Mix-8b-ChatML-V0.1.1,Dans-DiscountModels/Dans-Instruct-Mix-8b-ChatML-V0.1.1,0.0910506345385798,0.4724874153792744,0.0490936555891238,0.2911073825503356,0.3822751322751322,0.327875664893617,1,1,1,1,1,1,6,True,0.2689816475376771,,1,1,0,False,False,0.2689816475376771,True,six_task_mean_complete_only = mean of six tasks ONLY when n_tasks_valid == 6; partial_task_mean = mean over the available tasks ONLY when 1 <= n_tasks_valid <= 5; legacy_* keeps the original skipna row mean for traceability and is NOT a six-task mean
Dans-DiscountModels_Dans-Instruct-Mix-8b-ChatML-V0.2.0,Dans-DiscountModels/Dans-Instruct-Mix-8b-ChatML-V0.2.0,0.5064085515321569,0.4605103280680437,0.0407854984894259,0.2936241610738255,0.3637566137566138,0.2999501329787234,1,1,1,1,1,1,6,True,0.3275058809831315,,1,1,0,False,False,0.3275058809831315,True,six_task_mean_complete_only = mean of six tasks ONLY when n_tasks_valid == 6; partial_task_mean = mean over the available tasks ONLY when 1 <= n_tasks_valid <= 5; legacy_* keeps the original skipna row mean for traceability and is NOT a six-task mean
Dans-DiscountModels_Mistral-7b-v0.3-Test-E0.7,Dans-DiscountModels/Mistral-7b-v0.3-Test-E0.7,0.5123538876846767,0.4738760631834751,0.0324773413897281,0.2961409395973154,0.3994708994708995,0.2744348404255319,1,1,1,1,1,1,6,True,0.3314589952919378,,1,1,0,False,False,0.3314589952919378,True,six_task_mean_complete_only = mean of six tasks ONLY when n_tasks_valid == 6; partial_task_mean = mean over the available tasks ONLY when 1 <= n_tasks_valid <= 5; legacy_* keeps the original skipna row mean for traceability and is NOT a six-task mean
Dans-DiscountModels_mistral-7b-test-merged,Dans-DiscountModels/mistral-7b-test-merged,0.6623547742212884,0.4875889602499566,0.0415407854984894,0.3053691275167785,0.3584656084656085,0.2931349734042553,1,1,1,1,1,1,6,True,0.35807570489272944,,1,1,0,False,False,0.35807570489272944,True,six_task_mean_complete_only = mean of six tasks ONLY when n_tasks_valid == 6; partial_task_mean = mean over the available tasks ONLY when 1 <= n_tasks_valid <= 5; legacy_* keeps the original skipna row mean for traceability and is NOT a six-task mean
Darkknight535_OpenCrystal-12B-L3,Darkknight535/OpenCrystal-12B-L3,0.4070909630890482,0.5198750216976219,0.0793051359516616,0.3062080536912752,0.365079365079365,0.3640292553191489,1,1,1,1,1,1,6,True,0.34026463247135347,,1,1,0,False,False,0.34026463247135347,True,six_task_mean_complete_only = mean of six tasks ONLY when n_tasks_valid == 6; partial_task_mean = mean over the available tasks ONLY when 1 <= n_tasks_valid <= 5; legacy_* keeps the original skipna row mean for traceability and is NOT a six-task mean
DavidAU_DeepHermes-3-Llama-3-8B-Preview-16.5B-Brainstorm,DavidAU/DeepHermes-3-Llama-3-8B-Preview-16.5B-Brainstorm,0.3135679995744624,0.4743968061100503,0.1057401812688821,0.313758389261745,0.3928571428571428,0.3208942819148936,1,1,1,1,1,1,6,True,0.3202024668311961,,1,1,0,False,False,0.3202024668311961,True,six_task_mean_complete_only = mean of six tasks ONLY when n_tasks_valid == 6; partial_task_mean = mean over the available tasks ONLY when 1 <= n_tasks_valid <= 5; legacy_* keeps the original skipna row mean for traceability and is NOT a six-task mean
DavidAU_DeepSeek-BlackRoot-R1-Distill-Llama-3.1-8B,DavidAU/DeepSeek-BlackRoot-R1-Distill-Llama-3.1-8B,0.3684978080382274,0.4860267314702308,0.0657099697885196,0.3179530201342282,0.4312169312169312,0.2976230053191489,1,1,1,1,1,1,6,True,0.3278379109945477,,1,1,0,False,False,0.3278379109945477,True,six_task_mean_complete_only = mean of six tasks ONLY when n_tasks_valid == 6; partial_task_mean = mean over the available tasks ONLY when 1 <= n_tasks_valid <= 5; legacy_* keeps the original skipna row mean for traceability and is NOT a six-task mean
DavidAU_DeepSeek-Grand-Horror-SMB-R1-Distill-Llama-3.1-16B,DavidAU/DeepSeek-Grand-Horror-SMB-R1-Distill-Llama-3.1-16B,0.2506948230694557,0.4461031070994619,0.0294561933534743,0.313758389261745,0.4153439153439153,0.2709441489361702,1,1,1,1,1,1,6,True,0.2877167628440371,,1,1,0,False,False,0.2877167628440371,True,six_task_mean_complete_only = mean of six tasks ONLY when n_tasks_valid == 6; partial_task_mean = mean over the available tasks ONLY when 1 <= n_tasks_valid <= 5; legacy_* keeps the original skipna row mean for traceability and is NOT a six-task mean
DavidAU_DeepSeek-MOE-4X8B-R1-Distill-Llama-3.1-Deep-Thinker-Uncensored-24B,DavidAU/DeepSeek-MOE-4X8B-R1-Distill-Llama-3.1-Deep-Thinker-Uncensored-24B,0.3882564927725103,0.4867210553723312,0.0815709969788519,0.322986577181208,0.4365079365079365,0.3024434840425531,1,1,1,1,1,1,6,True,0.33641442380923176,,1,1,0,False,False,0.33641442380923176,True,six_task_mean_complete_only = mean of six tasks ONLY when n_tasks_valid == 6; partial_task_mean = mean over the available tasks ONLY when 1 <= n_tasks_valid <= 5; legacy_* keeps the original skipna row mean for traceability and is NOT a six-task mean
DavidAU_DeepSeek-MOE-4X8B-R1-Distill-Llama-3.1-Mad-Scientist-24B,DavidAU/DeepSeek-MOE-4X8B-R1-Distill-Llama-3.1-Mad-Scientist-24B,0.3436182662003484,0.4771741017184516,0.0755287009063444,0.337248322147651,0.421957671957672,0.2969581117021276,1,1,1,1,1,1,6,True,0.32541419577209924,,1,1,0,False,False,0.32541419577209924,True,six_task_mean_complete_only = mean of six tasks ONLY when n_tasks_valid == 6; partial_task_mean = mean over the available tasks ONLY when 1 <= n_tasks_valid <= 5; legacy_* keeps the original skipna row mean for traceability and is NOT a six-task mean
DavidAU_DeepSeek-R1-Distill-Qwen-25.5B-Brainstorm,DavidAU/DeepSeek-R1-Distill-Qwen-25.5B-Brainstorm,0.3415947463840387,0.5813226870335011,0.5536253776435045,0.3859060402684564,0.5145502645502645,0.4623503989361702,1,1,1,1,1,1,6,True,0.47322491913598924,,1,1,0,False,False,0.47322491913598924,True,six_task_mean_complete_only = mean of six tasks ONLY when n_tasks_valid == 6; partial_task_mean = mean over the available tasks ONLY when 1 <= n_tasks_valid <= 5; legacy_* keeps the original skipna row mean for traceability and is NOT a six-task mean
DavidAU_DeepSeek-V2-Grand-Horror-SMB-R1-Distill-Llama-3.1-Uncensored-16.5B,DavidAU/DeepSeek-V2-Grand-Horror-SMB-R1-Distill-Llama-3.1-Uncensored-16.5B,0.2853162940996556,0.4440201353931609,0.0173716012084592,0.3053691275167785,0.4166666666666667,0.2777593085106383,1,1,1,1,1,1,6,True,0.29108385556589317,,1,1,0,False,False,0.29108385556589317,True,six_task_mean_complete_only = mean of six tasks ONLY when n_tasks_valid == 6; partial_task_mean = mean over the available tasks ONLY when 1 <= n_tasks_valid <= 5; legacy_* keeps the original skipna row mean for traceability and is NOT a six-task mean
DavidAU_DeepThought-MOE-8X3B-R1-Llama-3.2-Reasoning-18B,DavidAU/DeepThought-MOE-8X3B-R1-Llama-3.2-Reasoning-18B,0.3793135547015253,0.4218017705259503,0.1080060422960725,0.2793624161073825,0.3558201058201058,0.2720246010638298,1,1,1,1,1,1,6,True,0.302721415085811,,1,1,0,False,False,0.302721415085811,True,six_task_mean_complete_only = mean of six tasks ONLY when n_tasks_valid == 6; partial_task_mean = mean over the available tasks ONLY when 1 <= n_tasks_valid <= 5; legacy_* keeps the original skipna row mean for traceability and is NOT a six-task mean
DavidAU_Gemma-The-Writer-9B,DavidAU/Gemma-The-Writer-9B,0.1740315695687442,0.5891338309321298,0.0,0.3456375838926174,0.4087301587301587,0.397938829787234,1,1,1,1,1,1,6,True,0.31924532881848067,,1,1,0,False,False,0.31924532881848067,True,six_task_mean_complete_only = mean of six tasks ONLY when n_tasks_valid == 6; partial_task_mean = mean over the available tasks ONLY when 1 <= n_tasks_valid <= 5; legacy_* keeps the original skipna row mean for traceability and is NOT a six-task mean
DavidAU_Gemma-The-Writer-DEADLINE-10B,DavidAU/Gemma-The-Writer-DEADLINE-10B,0.2331580207183606,0.5889602499566048,0.0166163141993957,0.3422818791946309,0.4179894179894179,0.3946143617021276,1,1,1,1,1,1,6,True,0.33227004062675625,,1,1,0,False,False,0.33227004062675625,True,six_task_mean_complete_only = mean of six tasks ONLY when n_tasks_valid == 6; partial_task_mean = mean over the available tasks ONLY when 1 <= n_tasks_valid <= 5; legacy_* keeps the original skipna row mean for traceability and is NOT a six-task mean
DavidAU_Gemma-The-Writer-J.GutenBerg-10B,DavidAU/Gemma-The-Writer-J.GutenBerg-10B,0.2857894830161748,0.5903488977608055,0.0377643504531722,0.3380872483221476,0.4166666666666667,0.3946974734042553,1,1,1,1,1,1,6,True,0.34389235327053697,,1,1,0,False,False,0.34389235327053697,True,six_task_mean_complete_only = mean of six tasks ONLY when n_tasks_valid == 6; partial_task_mean = mean over the available tasks ONLY when 1 <= n_tasks_valid <= 5; legacy_* keeps the original skipna row mean for traceability and is NOT a six-task mean
DavidAU_Gemma-The-Writer-Mighty-Sword-9B,DavidAU/Gemma-The-Writer-Mighty-Sword-9B,0.7527549125209998,0.5900017358097552,0.0,0.3481543624161073,0.41005291005291,0.3967752659574468,1,1,1,1,1,1,6,True,0.41628986445953653,,1,1,0,False,False,0.41628986445953653,True,six_task_mean_complete_only = mean of six tasks ONLY when n_tasks_valid == 6; partial_task_mean = mean over the available tasks ONLY when 1 <= n_tasks_valid <= 5; legacy_* keeps the original skipna row mean for traceability and is NOT a six-task mean
DavidAU_Gemma-The-Writer-N-Restless-Quill-10B-Uncensored,DavidAU/Gemma-The-Writer-N-Restless-Quill-10B-Uncensored,0.7070927361622716,0.5913903836139559,0.0007552870090634,0.3414429530201342,0.4153439153439153,0.3966090425531915,1,1,1,1,1,1,6,True,0.40877238628375534,,1,1,0,False,False,0.40877238628375534,True,six_task_mean_complete_only = mean of six tasks ONLY when n_tasks_valid == 6; partial_task_mean = mean over the available tasks ONLY when 1 <= n_tasks_valid <= 5; legacy_* keeps the original skipna row mean for traceability and is NOT a six-task mean
DavidAU_L3-DARKEST-PLANET-16.5B,DavidAU/L3-DARKEST-PLANET-16.5B,0.6230623634179533,0.5216108314528728,0.0913897280966767,0.2953020134228188,0.3743386243386243,0.363031914893617,1,1,1,1,1,1,6,True,0.3781225792704272,,1,1,0,False,False,0.3781225792704272,True,six_task_mean_complete_only = mean of six tasks ONLY when n_tasks_valid == 6; partial_task_mean = mean over the available tasks ONLY when 1 <= n_tasks_valid <= 5; legacy_* keeps the original skipna row mean for traceability and is NOT a six-task mean
DavidAU_L3-Dark-Planet-8B,DavidAU/L3-Dark-Planet-8B,0.4134108609600305,0.5059885436556153,0.0747734138972809,0.3003355704697986,0.3611111111111111,0.3736702127659574,1,1,1,1,1,1,6,True,0.33821495214329894,,1,1,0,False,False,0.33821495214329894,True,six_task_mean_complete_only = mean of six tasks ONLY when n_tasks_valid == 6; partial_task_mean = mean over the available tasks ONLY when 1 <= n_tasks_valid <= 5; legacy_* keeps the original skipna row mean for traceability and is NOT a six-task mean
DavidAU_L3-Jamet-12.2B-MK.V-Blackroot-Instruct,DavidAU/L3-Jamet-12.2B-MK.V-Blackroot-Instruct,0.3961998608137519,0.4740496441590002,0.0407854984894259,0.2785234899328859,0.4007936507936508,0.3291223404255319,1,1,1,1,1,1,6,True,0.3199124141023744,,1,1,0,False,False,0.3199124141023744,True,six_task_mean_complete_only = mean of six tasks ONLY when n_tasks_valid == 6; partial_task_mean = mean over the available tasks ONLY when 1 <= n_tasks_valid <= 5; legacy_* keeps the original skipna row mean for traceability and is NOT a six-task mean
DavidAU_L3-Lumimaid-12.2B-v0.1-OAS-Instruct,DavidAU/L3-Lumimaid-12.2B-v0.1-OAS-Instruct,0.3924032677739509,0.4672799861135219,0.0385196374622356,0.2768456375838926,0.4179894179894179,0.3141622340425531,1,1,1,1,1,1,6,True,0.31786669682759533,,1,1,0,False,False,0.31786669682759533,True,six_task_mean_complete_only = mean of six tasks ONLY when n_tasks_valid == 6; partial_task_mean = mean over the available tasks ONLY when 1 <= n_tasks_valid <= 5; legacy_* keeps the original skipna row mean for traceability and is NOT a six-task mean
DavidAU_L3-SMB-Instruct-12.2B-F32,DavidAU/L3-SMB-Instruct-12.2B-F32,0.4303215468290802,0.4761326158653011,0.0407854984894259,0.2818791946308724,0.4074074074074074,0.3312001329787234,1,1,1,1,1,1,6,True,0.32795439936680176,,1,1,0,False,False,0.32795439936680176,True,six_task_mean_complete_only = mean of six tasks ONLY when n_tasks_valid == 6; partial_task_mean = mean over the available tasks ONLY when 1 <= n_tasks_valid <= 5; legacy_* keeps the original skipna row mean for traceability and is NOT a six-task mean
DavidAU_L3-Stheno-Maid-Blackroot-Grand-HORROR-16B,DavidAU/L3-Stheno-Maid-Blackroot-Grand-HORROR-16B,0.3438930925499895,0.4717930914771741,0.0158610271903323,0.2709731543624161,0.4021164021164021,0.3570478723404255,1,1,1,1,1,1,6,True,0.31028077333945664,,1,1,0,False,False,0.31028077333945664,True,six_task_mean_complete_only = mean of six tasks ONLY when n_tasks_valid == 6; partial_task_mean = mean over the available tasks ONLY when 1 <= n_tasks_valid <= 5; legacy_* keeps the original skipna row mean for traceability and is NOT a six-task mean
DavidAU_L3-Stheno-v3.2-12.2B-Instruct,DavidAU/L3-Stheno-v3.2-12.2B-Instruct,0.4027945850343755,0.4809928831800035,0.0498489425981873,0.2751677852348993,0.4087301587301587,0.3345246010638298,1,1,1,1,1,1,6,True,0.325343159306909,,1,1,0,False,False,0.325343159306909,True,six_task_mean_complete_only = mean of six tasks ONLY when n_tasks_valid == 6; partial_task_mean = mean over the available tasks ONLY when 1 <= n_tasks_valid <= 5; legacy_* keeps the original skipna row mean for traceability and is NOT a six-task mean
DavidAU_L3.1-Dark-Planet-SpinFire-Uncensored-8B,DavidAU/L3.1-Dark-Planet-SpinFire-Uncensored-8B,0.7042702252246262,0.524214546085749,0.0929003021148036,0.2793624161073825,0.3531746031746032,0.3670212765957447,1,1,1,1,1,1,6,True,0.38682389488381824,,1,1,0,False,False,0.38682389488381824,True,six_task_mean_complete_only = mean of six tasks ONLY when n_tasks_valid == 6; partial_task_mean = mean over the available tasks ONLY when 1 <= n_tasks_valid <= 5; legacy_* keeps the original skipna row mean for traceability and is NOT a six-task mean
DavidAU_L3.1-MOE-2X8B-Deepseek-DeepHermes-e32-uncensored-abliterated-13.7B,DavidAU/L3.1-MOE-2X8B-Deepseek-DeepHermes-e32-uncensored-abliterated-13.7B,0.3345257250761313,0.4443672973442111,0.2605740181268882,0.313758389261745,0.3743386243386243,0.2892287234042553,1,1,1,1,1,1,6,True,0.33613212959197586,,1,1,0,False,False,0.33613212959197586,True,six_task_mean_complete_only = mean of six tasks ONLY when n_tasks_valid == 6; partial_task_mean = mean over the available tasks ONLY when 1 <= n_tasks_valid <= 5; legacy_* keeps the original skipna row mean for traceability and is NOT a six-task mean
DavidAU_Qwen2.5-MOE-2X1.5B-DeepSeek-Uncensored-Censored-4B,DavidAU/Qwen2.5-MOE-2X1.5B-DeepSeek-Uncensored-Censored-4B,0.1783290557941816,0.2994271827807672,0.0249244712990936,0.259228187919463,0.3703703703703703,0.1141954787234042,1,1,1,1,1,1,6,True,0.20774579114787997,,1,1,0,False,False,0.20774579114787997,True,six_task_mean_complete_only = mean of six tasks ONLY when n_tasks_valid == 6; partial_task_mean = mean over the available tasks ONLY when 1 <= n_tasks_valid <= 5; legacy_* keeps the original skipna row mean for traceability and is NOT a six-task mean
DavidAU_Qwen2.5-MOE-2X7B-DeepSeek-Abliterated-Censored-19B,DavidAU/Qwen2.5-MOE-2X7B-DeepSeek-Abliterated-Censored-19B,0.2835177329485764,0.3563617427529942,0.2416918429003021,0.2651006711409396,0.3835978835978836,0.1636469414893617,1,1,1,1,1,1,6,True,0.28231946913834294,,1,1,0,False,False,0.28231946913834294,True,six_task_mean_complete_only = mean of six tasks ONLY when n_tasks_valid == 6; partial_task_mean = mean over the available tasks ONLY when 1 <= n_tasks_valid <= 5; legacy_* keeps the original skipna row mean for traceability and is NOT a six-task mean
DavidAU_Qwen2.5-MOE-6x1.5B-DeepSeek-Reasoning-e32,DavidAU/Qwen2.5-MOE-6x1.5B-DeepSeek-Reasoning-e32,0.2106776685860184,0.326332233987155,0.066465256797583,0.24748322147651,0.3399470899470899,0.1122007978723404,1,1,1,1,1,1,6,True,0.21718437811111613,,1,1,0,False,False,0.21718437811111613,True,six_task_mean_complete_only = mean of six tasks ONLY when n_tasks_valid == 6; partial_task_mean = mean over the available tasks ONLY when 1 <= n_tasks_valid <= 5; legacy_* keeps the original skipna row mean for traceability and is NOT a six-task mean
Davidsv_SUONG-1,Davidsv/SUONG-1,0.2497207409673001,0.2775559798646068,0.0,0.2441275167785234,0.3571428571428571,0.1085438829787234,1,1,1,1,1,1,6,True,0.2061818296220018,,1,1,0,False,False,0.2061818296220018,True,six_task_mean_complete_only = mean of six tasks ONLY when n_tasks_valid == 6; partial_task_mean = mean over the available tasks ONLY when 1 <= n_tasks_valid <= 5; legacy_* keeps the original skipna row mean for traceability and is NOT a six-task mean
DavieLion_Llama-3.2-1B-SPIN-iter0,DavieLion/Llama-3.2-1B-SPIN-iter0,0.1506768707030678,0.2895330671758375,0.0,0.2533557046979866,0.3558201058201058,0.112533244680851,1,1,1,1,1,1,6,True,0.19365316551297476,,1,1,0,False,False,0.19365316551297476,True,six_task_mean_complete_only = mean of six tasks ONLY when n_tasks_valid == 6; partial_task_mean = mean over the available tasks ONLY when 1 <= n_tasks_valid <= 5; legacy_* keeps the original skipna row mean for traceability and is NOT a six-task mean
DavieLion_Llama-3.2-1B-SPIN-iter1,DavieLion/Llama-3.2-1B-SPIN-iter1,0.1575464212733325,0.2910952959555632,0.0,0.2508389261744966,0.3637566137566138,0.1117852393617021,1,1,1,1,1,1,6,True,0.195837082753618,,1,1,0,False,False,0.195837082753618,True,six_task_mean_complete_only = mean of six tasks ONLY when n_tasks_valid == 6; partial_task_mean = mean over the available tasks ONLY when 1 <= n_tasks_valid <= 5; legacy_* keeps the original skipna row mean for traceability and is NOT a six-task mean
DavieLion_Llama-3.2-1B-SPIN-iter2,DavieLion/Llama-3.2-1B-SPIN-iter2,0.1376126455582299,0.2935254296129144,0.0,0.2541946308724832,0.3544973544973545,0.1128656914893617,1,1,1,1,1,1,6,True,0.19211595867172396,,1,1,0,False,False,0.19211595867172396,True,six_task_mean_complete_only = mean of six tasks ONLY when n_tasks_valid == 6; partial_task_mean = mean over the available tasks ONLY when 1 <= n_tasks_valid <= 5; legacy_* keeps the original skipna row mean for traceability and is NOT a six-task mean
DavieLion_Llama-3.2-1B-SPIN-iter3,DavieLion/Llama-3.2-1B-SPIN-iter3,0.1335910938531984,0.2930046866863391,0.0,0.2533557046979866,0.3492063492063492,0.112782579787234,1,1,1,1,1,1,6,True,0.1903234023718512,,1,1,0,False,False,0.1903234023718512,True,six_task_mean_complete_only = mean of six tasks ONLY when n_tasks_valid == 6; partial_task_mean = mean over the available tasks ONLY when 1 <= n_tasks_valid <= 5; legacy_* keeps the original skipna row mean for traceability and is NOT a six-task mean
DavieLion_Lllma-3.2-1B,DavieLion/Lllma-3.2-1B,0.1601439735457475,0.2935254296129144,0.0,0.2441275167785234,0.3571428571428571,0.1126163563829787,1,1,1,1,1,1,6,True,0.19459268891050352,,1,1,0,False,False,0.19459268891050352,True,six_task_mean_complete_only = mean of six tasks ONLY when n_tasks_valid == 6; partial_task_mean = mean over the available tasks ONLY when 1 <= n_tasks_valid <= 5; legacy_* keeps the original skipna row mean for traceability and is NOT a six-task mean
DebateLabKIT_Llama-3.1-Argunaut-1-8B-SFT,DebateLabKIT/Llama-3.1-Argunaut-1-8B-SFT,0.551921124837653,0.4802985592779031,0.1117824773413897,0.2835570469798658,0.4497354497354497,0.3472406914893617,1,1,1,1,1,1,6,True,0.3707558916102705,,1,1,0,False,False,0.3707558916102705,True,six_task_mean_complete_only = mean of six tasks ONLY when n_tasks_valid == 6; partial_task_mean = mean over the available tasks ONLY when 1 <= n_tasks_valid <= 5; legacy_* keeps the original skipna row mean for traceability and is NOT a six-task mean
Deci_DeciLM-7B,Deci/DeciLM-7B,0.281294742394624,0.4395070300295087,0.0241691842900302,0.2953020134228188,0.4351851851851852,0.2691988031914893,1,1,1,1,1,1,6,True,0.29077615975227605,,1,1,0,False,False,0.29077615975227605,True,six_task_mean_complete_only = mean of six tasks ONLY when n_tasks_valid == 6; partial_task_mean = mean over the available tasks ONLY when 1 <= n_tasks_valid <= 5; legacy_* keeps the original skipna row mean for traceability and is NOT a six-task mean
Deci_DeciLM-7B-instruct,Deci/DeciLM-7B-instruct,0.4880239985460799,0.456865127582017,0.0279456193353474,0.2894295302013422,0.3875661375661375,0.2608045212765957,1,1,1,1,1,1,6,True,0.3184391557512533,,1,1,0,False,False,0.3184391557512533,True,six_task_mean_complete_only = mean of six tasks ONLY when n_tasks_valid == 6; partial_task_mean = mean over the available tasks ONLY when 1 <= n_tasks_valid <= 5; legacy_* keeps the original skipna row mean for traceability and is NOT a six-task mean
DeepAutoAI_Explore_Llama-3.1-8B-Inst,DeepAutoAI/Explore_Llama-3.1-8B-Inst,0.7794828831943688,0.5105016490192675,0.175226586102719,0.2835570469798658,0.3902116402116402,0.379155585106383,1,1,1,1,1,1,6,True,0.41968923176904066,,1,1,0,False,False,0.41968923176904066,True,six_task_mean_complete_only = mean of six tasks ONLY when n_tasks_valid == 6; partial_task_mean = mean over the available tasks ONLY when 1 <= n_tasks_valid <= 5; legacy_* keeps the original skipna row mean for traceability and is NOT a six-task mean
DeepAutoAI_Explore_Llama-3.2-1B-Inst,DeepAutoAI/Explore_Llama-3.2-1B-Inst,0.5767507989911214,0.3464676271480645,0.0453172205438066,0.261744966442953,0.3187830687830688,0.174783909574468,1,1,1,1,1,1,6,True,0.28730793191391374,,1,1,0,False,False,0.28730793191391374,True,six_task_mean_complete_only = mean of six tasks ONLY when n_tasks_valid == 6; partial_task_mean = mean over the available tasks ONLY when 1 <= n_tasks_valid <= 5; legacy_* keeps the original skipna row mean for traceability and is NOT a six-task mean
DeepAutoAI_Explore_Llama-3.2-1B-Inst_v0,DeepAutoAI/Explore_Llama-3.2-1B-Inst_v0,0.5597148898256625,0.3343169588613088,0.0422960725075528,0.2634228187919463,0.3095238095238095,0.1803523936170212,1,1,1,1,1,1,6,True,0.2816044905212169,,1,1,0,False,False,0.2816044905212169,True,six_task_mean_complete_only = mean of six tasks ONLY when n_tasks_valid == 6; partial_task_mean = mean over the available tasks ONLY when 1 <= n_tasks_valid <= 5; legacy_* keeps the original skipna row mean for traceability and is NOT a six-task mean
DeepAutoAI_Explore_Llama-3.2-1B-Inst_v1,DeepAutoAI/Explore_Llama-3.2-1B-Inst_v1,0.4998891829235318,0.3103627842388474,0.0128398791540785,0.2449664429530201,0.376984126984127,0.1269115691489361,1,1,1,1,1,1,6,True,0.26199233090042345,,1,1,0,False,False,0.26199233090042345,True,six_task_mean_complete_only = mean of six tasks ONLY when n_tasks_valid == 6; partial_task_mean = mean over the available tasks ONLY when 1 <= n_tasks_valid <= 5; legacy_* keeps the original skipna row mean for traceability and is NOT a six-task mean
DeepAutoAI_Explore_Llama-3.2-1B-Inst_v1.1,DeepAutoAI/Explore_Llama-3.2-1B-Inst_v1.1,0.4813295389566351,0.3093212983856969,0.0135951661631419,0.2676174496644295,0.3597883597883597,0.1274933510638297,1,1,1,1,1,1,6,True,0.25985752733701545,,1,1,0,False,False,0.25985752733701545,True,six_task_mean_complete_only = mean of six tasks ONLY when n_tasks_valid == 6; partial_task_mean = mean over the available tasks ONLY when 1 <= n_tasks_valid <= 5; legacy_* keeps the original skipna row mean for traceability and is NOT a six-task mean
DeepAutoAI_causal_gpt2,DeepAutoAI/causal_gpt2,0.1812767900282362,0.2994271827807672,0.0022658610271903,0.2600671140939597,0.4259259259259259,0.1131150265957446,1,1,1,1,1,1,6,True,0.21367965007530398,,1,1,0,False,False,0.21367965007530398,True,six_task_mean_complete_only = mean of six tasks ONLY when n_tasks_valid == 6; partial_task_mean = mean over the available tasks ONLY when 1 <= n_tasks_valid <= 5; legacy_* keeps the original skipna row mean for traceability and is NOT a six-task mean
DeepAutoAI_d2nwg_Llama-3.1-8B-Instruct-v0.0,DeepAutoAI/d2nwg_Llama-3.1-8B-Instruct-v0.0,0.7892746800711002,0.5045998958514147,0.0793051359516616,0.2919463087248322,0.4126984126984127,0.3877160904255319,1,1,1,1,1,1,6,True,0.4109234206204923,,1,1,0,False,False,0.4109234206204923,True,six_task_mean_complete_only = mean of six tasks ONLY when n_tasks_valid == 6; partial_task_mean = mean over the available tasks ONLY when 1 <= n_tasks_valid <= 5; legacy_* keeps the original skipna row mean for traceability and is NOT a six-task mean
DeepAutoAI_d2nwg_causal_gpt2,DeepAutoAI/d2nwg_causal_gpt2,0.19161823960425,0.2992536018052421,0.0037764350453172,0.2575503355704698,0.4285714285714285,0.1151097074468085,1,1,1,1,1,1,6,True,0.2159799580072527,,1,1,0,False,False,0.2159799580072527,True,six_task_mean_complete_only = mean of six tasks ONLY when n_tasks_valid == 6; partial_task_mean = mean over the available tasks ONLY when 1 <= n_tasks_valid <= 5; legacy_* keeps the original skipna row mean for traceability and is NOT a six-task mean
DeepAutoAI_d2nwg_causal_gpt2_v1,DeepAutoAI/d2nwg_causal_gpt2_v1,0.2003860866944152,0.2956084013192154,0.0015105740181268,0.2583892617449664,0.4325396825396825,0.1135305851063829,1,1,1,1,1,1,6,True,0.21699409857046484,,1,1,0,False,False,0.21699409857046484,True,six_task_mean_complete_only = mean of six tasks ONLY when n_tasks_valid == 6; partial_task_mean = mean over the available tasks ONLY when 1 <= n_tasks_valid <= 5; legacy_* keeps the original skipna row mean for traceability and is NOT a six-task mean
DeepAutoAI_ldm_soup_Llama-3.1-8B-Inst,DeepAutoAI/ldm_soup_Llama-3.1-8B-Inst,0.803263119633683,0.5085922582884915,0.1155589123867069,0.2894295302013422,0.4153439153439153,0.3886303191489361,1,1,1,1,1,1,6,True,0.4201363425005125,,1,1,0,False,False,0.4201363425005125,True,six_task_mean_complete_only = mean of six tasks ONLY when n_tasks_valid == 6; partial_task_mean = mean over the available tasks ONLY when 1 <= n_tasks_valid <= 5; legacy_* keeps the original skipna row mean for traceability and is NOT a six-task mean
DeepAutoAI_ldm_soup_Llama-3.1-8B-Instruct-v0.0,DeepAutoAI/ldm_soup_Llama-3.1-8B-Instruct-v0.0,0.7889499860370484,0.5089394202395418,0.1042296072507553,0.2911073825503356,0.4113756613756614,0.3895445478723404,1,1,1,1,1,1,6,True,0.4156911008876138,,1,1,0,False,False,0.4156911008876138,True,six_task_mean_complete_only = mean of six tasks ONLY when n_tasks_valid == 6; partial_task_mean = mean over the available tasks ONLY when 1 <= n_tasks_valid <= 5; legacy_* keeps the original skipna row mean for traceability and is NOT a six-task mean
DeepAutoAI_ldm_soup_Llama-3.1-8B-Instruct-v0.1,DeepAutoAI/ldm_soup_Llama-3.1-8B-Instruct-v0.1,0.7889499860370484,0.5089394202395418,0.1042296072507553,0.2911073825503356,0.4113756613756614,0.3895445478723404,1,1,1,1,1,1,6,True,0.4156911008876138,,1,1,0,False,False,0.4156911008876138,True,six_task_mean_complete_only = mean of six tasks ONLY when n_tasks_valid == 6; partial_task_mean = mean over the available tasks ONLY when 1 <= n_tasks_valid <= 5; legacy_* keeps the original skipna row mean for traceability and is NOT a six-task mean
DeepMount00_Lexora-Lite-3B,DeepMount00/Lexora-Lite-3B,0.5775996577968678,0.48429092171498,0.0974320241691842,0.2743288590604026,0.3955026455026455,0.3602061170212766,1,1,1,1,1,1,6,True,0.36489337087755946,,1,1,0,False,False,0.36489337087755946,True,six_task_mean_complete_only = mean of six tasks ONLY when n_tasks_valid == 6; partial_task_mean = mean over the available tasks ONLY when 1 <= n_tasks_valid <= 5; legacy_* keeps the original skipna row mean for traceability and is NOT a six-task mean
DeepMount00_Lexora-Lite-3B_v2,DeepMount00/Lexora-Lite-3B_v2,0.4943184084894745,0.479951397326853,0.2280966767371601,0.2709731543624161,0.3809523809523809,0.3543882978723404,1,1,1,1,1,1,6,True,0.36811338595677084,,1,1,0,False,False,0.36811338595677084,True,six_task_mean_complete_only = mean of six tasks ONLY when n_tasks_valid == 6; partial_task_mean = mean over the available tasks ONLY when 1 <= n_tasks_valid <= 5; legacy_* keeps the original skipna row mean for traceability and is NOT a six-task mean
DeepMount00_Lexora-Medium-7B,DeepMount00/Lexora-Medium-7B,0.4103379034295669,0.511543134872418,0.1374622356495468,0.3053691275167785,0.4431216931216931,0.4325132978723404,1,1,1,1,1,1,6,True,0.3733912320770572,,1,1,0,False,False,0.3733912320770572,True,six_task_mean_complete_only = mean of six tasks ONLY when n_tasks_valid == 6; partial_task_mean = mean over the available tasks ONLY when 1 <= n_tasks_valid <= 5; legacy_* keeps the original skipna row mean for traceability and is NOT a six-task mean
DeepMount00_Llama-3-8b-Ita,DeepMount00/Llama-3-8b-Ita,0.7530297388706411,0.4917549036625586,0.0536253776435045,0.3053691275167785,0.4259259259259259,0.3852227393617021,1,1,1,1,1,1,6,True,0.40248796883018517,,1,1,0,False,False,0.40248796883018517,True,six_task_mean_complete_only = mean of six tasks ONLY when n_tasks_valid == 6; partial_task_mean = mean over the available tasks ONLY when 1 <= n_tasks_valid <= 5; legacy_* keeps the original skipna row mean for traceability and is NOT a six-task mean
DeepMount00_Llama-3.1-8b-ITA,DeepMount00/Llama-3.1-8b-ITA,0.7916727616058724,0.5075507724353411,0.1669184290030211,0.287751677852349,0.4126984126984127,0.3876329787234042,2,2,2,2,2,2,6,True,0.4257041720530667,,2,2,0,False,False,0.4257041720530667,True,six_task_mean_complete_only = mean of six tasks ONLY when n_tasks_valid == 6; partial_task_mean = mean over the available tasks ONLY when 1 <= n_tasks_valid <= 5; legacy_* keeps the original skipna row mean for traceability and is NOT a six-task mean
DeepMount00_Llama-3.1-Distilled,DeepMount00/Llama-3.1-Distilled,0.7843787816327346,0.5068564485332407,0.1555891238670695,0.3036912751677852,0.4047619047619047,0.3781582446808511,1,1,1,1,1,1,6,True,0.42223929644059766,,1,1,0,False,False,0.42223929644059766,True,six_task_mean_complete_only = mean of six tasks ONLY when n_tasks_valid == 6; partial_task_mean = mean over the available tasks ONLY when 1 <= n_tasks_valid <= 5; legacy_* keeps the original skipna row mean for traceability and is NOT a six-task mean
DeepMount00_Qwen2-1.5B-Ita,DeepMount00/Qwen2-1.5B-Ita,0.5173495214918638,0.3947231383440375,0.11404833836858,0.2625838926174497,0.3492063492063492,0.2771775265957447,1,1,1,1,1,1,6,True,0.3191814611040042,,1,1,0,False,False,0.3191814611040042,True,six_task_mean_complete_only = mean of six tasks ONLY when n_tasks_valid == 6; partial_task_mean = mean over the available tasks ONLY when 1 <= n_tasks_valid <= 5; legacy_* keeps the original skipna row mean for traceability and is NOT a six-task mean
DeepMount00_Qwen2-1.5B-Ita_v2,DeepMount00/Qwen2-1.5B-Ita_v2,0.4999889182923531,0.3921194237111612,0.0966767371601208,0.259228187919463,0.369047619047619,0.3031914893617021,1,1,1,1,1,1,6,True,0.32004206258206985,,1,1,0,False,False,0.32004206258206985,True,six_task_mean_complete_only = mean of six tasks ONLY when n_tasks_valid == 6; partial_task_mean = mean over the available tasks ONLY when 1 <= n_tasks_valid <= 5; legacy_* keeps the original skipna row mean for traceability and is NOT a six-task mean
DeepMount00_Qwen2-1.5B-Ita_v3,DeepMount00/Qwen2-1.5B-Ita_v3,0.4890479483326463,0.3912515188335358,0.1042296072507553,0.2533557046979866,0.373015873015873,0.3017785904255319,1,1,1,1,1,1,6,True,0.31877987375938815,,1,1,0,False,False,0.31877987375938815,True,six_task_mean_complete_only = mean of six tasks ONLY when n_tasks_valid == 6; partial_task_mean = mean over the available tasks ONLY when 1 <= n_tasks_valid <= 5; legacy_* keeps the original skipna row mean for traceability and is NOT a six-task mean
DeepMount00_Qwen2-1.5B-Ita_v5,DeepMount00/Qwen2-1.5B-Ita_v5,0.4987400098405564,0.3994098246832147,0.1178247734138972,0.2541946308724832,0.3412698412698413,0.2942985372340425,1,1,1,1,1,1,6,True,0.3176229362190059,,1,1,0,False,False,0.3176229362190059,True,six_task_mean_complete_only = mean of six tasks ONLY when n_tasks_valid == 6; partial_task_mean = mean over the available tasks ONLY when 1 <= n_tasks_valid <= 5; legacy_* keeps the original skipna row mean for traceability and is NOT a six-task mean
DeepMount00_Qwen2-1.5B-Ita_v6,DeepMount00/Qwen2-1.5B-Ita_v6,0.2999042540459314,0.42110744662385,0.0845921450151057,0.2827181208053691,0.3743386243386243,0.2871509308510638,1,1,1,1,1,1,6,True,0.29163525361332404,,1,1,0,False,False,0.29163525361332404,True,six_task_mean_complete_only = mean of six tasks ONLY when n_tasks_valid == 6; partial_task_mean = mean over the available tasks ONLY when 1 <= n_tasks_valid <= 5; legacy_* keeps the original skipna row mean for traceability and is NOT a six-task mean
DeepMount00_Qwen2.5-7B-Instruct-MathCoder,DeepMount00/Qwen2.5-7B-Instruct-MathCoder,0.1530250845534293,0.2966498871723659,0.0,0.2625838926174497,0.3796296296296296,0.1117852393617021,1,1,1,1,1,1,6,True,0.20061228888909607,,1,1,0,False,False,0.20061228888909607,True,six_task_mean_complete_only = mean of six tasks ONLY when n_tasks_valid == 6; partial_task_mean = mean over the available tasks ONLY when 1 <= n_tasks_valid <= 5; legacy_* keeps the original skipna row mean for traceability and is NOT a six-task mean
DeepMount00_mergekit-ties-okvgjfz,DeepMount00/mergekit-ties-okvgjfz,0.1530250845534293,0.2966498871723659,0.0,0.2625838926174497,0.3796296296296296,0.1117852393617021,1,1,1,1,1,1,6,True,0.20061228888909607,,1,1,0,False,False,0.20061228888909607,True,six_task_mean_complete_only = mean of six tasks ONLY when n_tasks_valid == 6; partial_task_mean = mean over the available tasks ONLY when 1 <= n_tasks_valid <= 5; legacy_* keeps the original skipna row mean for traceability and is NOT a six-task mean
Delta-Vector_Baldur-8B,Delta-Vector/Baldur-8B,0.4781823339849377,0.5292483943759764,0.1261329305135951,0.3020134228187919,0.4365079365079365,0.3654421542553192,1,1,1,1,1,1,6,True,0.3729211954094261,,1,1,0,False,False,0.3729211954094261,True,six_task_mean_complete_only = mean of six tasks ONLY when n_tasks_valid == 6; partial_task_mean = mean over the available tasks ONLY when 1 <= n_tasks_valid <= 5; legacy_* keeps the original skipna row mean for traceability and is NOT a six-task mean
Delta-Vector_Control-8B,Delta-Vector/Control-8B,0.5489733906035985,0.5028640860961638,0.1374622356495468,0.3162751677852349,0.4351851851851852,0.3731715425531915,1,1,1,1,1,1,6,True,0.3856552679788201,,1,1,0,False,False,0.3856552679788201,True,six_task_mean_complete_only = mean of six tasks ONLY when n_tasks_valid == 6; partial_task_mean = mean over the available tasks ONLY when 1 <= n_tasks_valid <= 5; legacy_* keeps the original skipna row mean for traceability and is NOT a six-task mean
Delta-Vector_Control-8B-V1.1,Delta-Vector/Control-8B-V1.1,0.5696562897556262,0.4974830758548863,0.1246223564954682,0.3070469798657718,0.4232804232804232,0.374501329787234,1,1,1,1,1,1,6,True,0.38276507583990166,,1,1,0,False,False,0.38276507583990166,True,six_task_mean_complete_only = mean of six tasks ONLY when n_tasks_valid == 6; partial_task_mean = mean over the available tasks ONLY when 1 <= n_tasks_valid <= 5; legacy_* keeps the original skipna row mean for traceability and is NOT a six-task mean
Delta-Vector_Darkens-8B,Delta-Vector/Darkens-8B,0.2547662424588979,0.522131574379448,0.0506042296072507,0.3246644295302013,0.41005291005291,0.3735871010638298,1,1,1,1,1,1,6,True,0.32263441451542296,,1,1,0,False,False,0.32263441451542296,True,six_task_mean_complete_only = mean of six tasks ONLY when n_tasks_valid == 6; partial_task_mean = mean over the available tasks ONLY when 1 <= n_tasks_valid <= 5; legacy_* keeps the original skipna row mean for traceability and is NOT a six-task mean
Delta-Vector_Henbane-7b-attempt2,Delta-Vector/Henbane-7b-attempt2,0.4157335868828043,0.5025169241451137,0.2069486404833836,0.2902684563758389,0.3968253968253968,0.4027593085106383,1,1,1,1,1,1,6,True,0.3691753855371959,,1,1,0,False,False,0.3691753855371959,True,six_task_mean_complete_only = mean of six tasks ONLY when n_tasks_valid == 6; partial_task_mean = mean over the available tasks ONLY when 1 <= n_tasks_valid <= 5; legacy_* keeps the original skipna row mean for traceability and is NOT a six-task mean
Delta-Vector_Odin-9B,Delta-Vector/Odin-9B,0.3691970637907419,0.5420933865648325,0.1253776435045317,0.3414429530201342,0.4642857142857143,0.4046708776595745,1,1,1,1,1,1,6,True,0.3745112731375882,,1,1,0,False,False,0.3745112731375882,True,six_task_mean_complete_only = mean of six tasks ONLY when n_tasks_valid == 6; partial_task_mean = mean over the available tasks ONLY when 1 <= n_tasks_valid <= 5; legacy_* keeps the original skipna row mean for traceability and is NOT a six-task mean
Delta-Vector_Tor-8B,Delta-Vector/Tor-8B,0.2381547626963124,0.5184863738934212,0.0543806646525679,0.3238255033557047,0.4087301587301587,0.3730053191489361,1,1,1,1,1,1,6,True,0.3194304637461835,,1,1,0,False,False,0.3194304637461835,True,six_task_mean_complete_only = mean of six tasks ONLY when n_tasks_valid == 6; partial_task_mean = mean over the available tasks ONLY when 1 <= n_tasks_valid <= 5; legacy_* keeps the original skipna row mean for traceability and is NOT a six-task mean
DevQuasar_DevQuasar-R1-Uncensored-Llama-8B,DevQuasar/DevQuasar-R1-Uncensored-Llama-8B,0.3848843291355824,0.5108488109703176,0.3308157099697885,0.3473154362416107,0.4431216931216931,0.3614527925531915,1,1,1,1,1,1,6,True,0.39640646199869733,,1,1,0,False,False,0.39640646199869733,True,six_task_mean_complete_only = mean of six tasks ONLY when n_tasks_valid == 6; partial_task_mean = mean over the available tasks ONLY when 1 <= n_tasks_valid <= 5; legacy_* keeps the original skipna row mean for traceability and is NOT a six-task mean
Dongwei_DeepSeek-R1-Distill-Qwen-7B-GRPO,Dongwei/DeepSeek-R1-Distill-Qwen-7B-GRPO,0.403768667136531,0.341086616906787,0.0,0.2793624161073825,0.365079365079365,0.2322140957446808,1,1,1,1,1,1,6,True,0.27025186016245767,,1,1,0,False,False,0.27025186016245767,True,six_task_mean_complete_only = mean of six tasks ONLY when n_tasks_valid == 6; partial_task_mean = mean over the available tasks ONLY when 1 <= n_tasks_valid <= 5; legacy_* keeps the original skipna row mean for traceability and is NOT a six-task mean
DoppelReflEx_L3-8B-R1-WolfCore,DoppelReflEx/L3-8B-R1-WolfCore,0.3775404814780339,0.5302898802291269,0.1631419939577039,0.3288590604026846,0.4272486772486772,0.3716755319148936,1,1,1,1,1,1,6,True,0.3664592708718533,,1,1,0,False,False,0.3664592708718533,True,six_task_mean_complete_only = mean of six tasks ONLY when n_tasks_valid == 6; partial_task_mean = mean over the available tasks ONLY when 1 <= n_tasks_valid <= 5; legacy_* keeps the original skipna row mean for traceability and is NOT a six-task mean
DoppelReflEx_L3-8B-R1-WolfCore-V1.5-test,DoppelReflEx/L3-8B-R1-WolfCore-V1.5-test,0.3955006050612375,0.5295955563270266,0.1231117824773413,0.3263422818791946,0.3835978835978836,0.3727559840425531,1,1,1,1,1,1,6,True,0.35515068223087276,,1,1,0,False,False,0.35515068223087276,True,six_task_mean_complete_only = mean of six tasks ONLY when n_tasks_valid == 6; partial_task_mean = mean over the available tasks ONLY when 1 <= n_tasks_valid <= 5; legacy_* keeps the original skipna row mean for traceability and is NOT a six-task mean
DoppelReflEx_L3-8B-WolfCore,DoppelReflEx/L3-8B-WolfCore,0.4021950646506824,0.5164034021871203,0.0981873111782477,0.3095637583892617,0.3968253968253968,0.3705119680851064,1,1,1,1,1,1,6,True,0.3489478168859692,,1,1,0,False,False,0.3489478168859692,True,six_task_mean_complete_only = mean of six tasks ONLY when n_tasks_valid == 6; partial_task_mean = mean over the available tasks ONLY when 1 <= n_tasks_valid <= 5; legacy_* keeps the original skipna row mean for traceability and is NOT a six-task mean
DoppelReflEx_MN-12B-FoxFrame-test,DoppelReflEx/MN-12B-FoxFrame-test,0.4222030878070187,0.5433084533935081,0.0830815709969788,0.3078859060402684,0.4246031746031746,0.3503158244680851,1,1,1,1,1,1,6,True,0.35523300288483894,,1,1,0,False,False,0.35523300288483894,True,six_task_mean_complete_only = mean of six tasks ONLY when n_tasks_valid == 6; partial_task_mean = mean over the available tasks ONLY when 1 <= n_tasks_valid <= 5; legacy_* keeps the original skipna row mean for traceability and is NOT a six-task mean
DoppelReflEx_MN-12B-FoxFrame2-test,DoppelReflEx/MN-12B-FoxFrame2-test,0.4318951493149288,0.5459121680263843,0.1404833836858006,0.3145973154362416,0.4246031746031746,0.3568816489361702,1,1,1,1,1,1,6,True,0.36906214000045007,,1,1,0,False,False,0.36906214000045007,True,six_task_mean_complete_only = mean of six tasks ONLY when n_tasks_valid == 6; partial_task_mean = mean over the available tasks ONLY when 1 <= n_tasks_valid <= 5; legacy_* keeps the original skipna row mean for traceability and is NOT a six-task mean
DoppelReflEx_MN-12B-FoxFrame3-test,DoppelReflEx/MN-12B-FoxFrame3-test,0.4323195787178021,0.5361916333969797,0.1321752265861027,0.3011744966442953,0.458994708994709,0.3528922872340425,1,1,1,1,1,1,6,True,0.36895798859565526,,1,1,0,False,False,0.36895798859565526,True,six_task_mean_complete_only = mean of six tasks ONLY when n_tasks_valid == 6; partial_task_mean = mean over the available tasks ONLY when 1 <= n_tasks_valid <= 5; legacy_* keeps the original skipna row mean for traceability and is NOT a six-task mean
DoppelReflEx_MN-12B-Kakigori,DoppelReflEx/MN-12B-Kakigori,0.359329911302012,0.538968929005381,0.1148036253776435,0.3246644295302013,0.4047619047619047,0.3581283244680851,1,1,1,1,1,1,6,True,0.35010952074087126,,1,1,0,False,False,0.35010952074087126,True,six_task_mean_complete_only = mean of six tasks ONLY when n_tasks_valid == 6; partial_task_mean = mean over the available tasks ONLY when 1 <= n_tasks_valid <= 5; legacy_* keeps the original skipna row mean for traceability and is NOT a six-task mean
DoppelReflEx_MN-12B-LilithFrame,DoppelReflEx/MN-12B-LilithFrame,0.4509545782966972,0.4910605797604582,0.059667673716012,0.3196308724832215,0.3888888888888889,0.3256316489361702,1,1,1,1,1,1,6,True,0.3393057070135747,,1,1,0,False,False,0.3393057070135747,True,six_task_mean_complete_only = mean of six tasks ONLY when n_tasks_valid == 6; partial_task_mean = mean over the available tasks ONLY when 1 <= n_tasks_valid <= 5; legacy_* keeps the original skipna row mean for traceability and is NOT a six-task mean
DoppelReflEx_MN-12B-LilithFrame-Experiment-2,DoppelReflEx/MN-12B-LilithFrame-Experiment-2,0.4299469851106176,0.4954001041485853,0.0611782477341389,0.3255033557046979,0.3796296296296296,0.327626329787234,1,1,1,1,1,1,6,True,0.33654744201915054,,1,1,0,False,False,0.33654744201915054,True,six_task_mean_complete_only = mean of six tasks ONLY when n_tasks_valid == 6; partial_task_mean = mean over the available tasks ONLY when 1 <= n_tasks_valid <= 5; legacy_* keeps the original skipna row mean for traceability and is NOT a six-task mean
DoppelReflEx_MN-12B-LilithFrame-Experiment-3,DoppelReflEx/MN-12B-LilithFrame-Experiment-3,0.4127858526487498,0.5441763582711335,0.1299093655589124,0.3280201342281879,0.4034391534391534,0.3603723404255319,1,1,1,1,1,1,6,True,0.36311720076194476,,1,1,0,False,False,0.36311720076194476,True,six_task_mean_complete_only = mean of six tasks ONLY when n_tasks_valid == 6; partial_task_mean = mean over the available tasks ONLY when 1 <= n_tasks_valid <= 5; legacy_* keeps the original skipna row mean for traceability and is NOT a six-task mean
DoppelReflEx_MN-12B-LilithFrame-Experiment-4,DoppelReflEx/MN-12B-LilithFrame-Experiment-4,0.3981480250180632,0.5502516924145113,0.1057401812688821,0.3171140939597315,0.4365079365079365,0.3648603723404255,1,1,1,1,1,1,6,True,0.3621037169182583,,1,1,0,False,False,0.3621037169182583,True,six_task_mean_complete_only = mean of six tasks ONLY when n_tasks_valid == 6; partial_task_mean = mean over the available tasks ONLY when 1 <= n_tasks_valid <= 5; legacy_* keeps the original skipna row mean for traceability and is NOT a six-task mean
DoppelReflEx_MN-12B-Mimicore-GreenSnake,DoppelReflEx/MN-12B-Mimicore-GreenSnake,0.4780072430041179,0.5459121680263843,0.1299093655589124,0.3246644295302013,0.4298941798941799,0.3651097074468085,1,1,1,1,1,1,6,True,0.3789161822434341,,1,1,0,False,False,0.3789161822434341,True,six_task_mean_complete_only = mean of six tasks ONLY when n_tasks_valid == 6; partial_task_mean = mean over the available tasks ONLY when 1 <= n_tasks_valid <= 5; legacy_* keeps the original skipna row mean for traceability and is NOT a six-task mean
DoppelReflEx_MN-12B-Mimicore-Nocturne,DoppelReflEx/MN-12B-Mimicore-Nocturne,0.3956502081144696,0.5677833709425447,0.1057401812688821,0.3196308724832215,0.4563492063492063,0.3633643617021276,1,1,1,1,1,1,6,True,0.3680863668100753,,1,1,0,False,False,0.3680863668100753,True,six_task_mean_complete_only = mean of six tasks ONLY when n_tasks_valid == 6; partial_task_mean = mean over the available tasks ONLY when 1 <= n_tasks_valid <= 5; legacy_* keeps the original skipna row mean for traceability and is NOT a six-task mean
DoppelReflEx_MN-12B-Mimicore-Orochi,DoppelReflEx/MN-12B-Mimicore-Orochi,0.4620451513096362,0.5462593299774344,0.1125377643504531,0.3129194630872483,0.4537037037037037,0.3446642287234042,1,1,1,1,1,1,6,True,0.3720216068586466,,1,1,0,False,False,0.3720216068586466,True,six_task_mean_complete_only = mean of six tasks ONLY when n_tasks_valid == 6; partial_task_mean = mean over the available tasks ONLY when 1 <= n_tasks_valid <= 5; legacy_* keeps the original skipna row mean for traceability and is NOT a six-task mean
DoppelReflEx_MN-12B-Mimicore-Orochi-v2-Experiment,DoppelReflEx/MN-12B-Mimicore-Orochi-v2-Experiment,0.2842413684579139,0.528554070473876,0.0045317220543806,0.2978187919463087,0.4563492063492063,0.3423371010638298,1,1,1,1,1,1,6,True,0.3189720433909192,,1,1,0,False,False,0.3189720433909192,True,six_task_mean_complete_only = mean of six tasks ONLY when n_tasks_valid == 6; partial_task_mean = mean over the available tasks ONLY when 1 <= n_tasks_valid <= 5; legacy_* keeps the original skipna row mean for traceability and is NOT a six-task mean
DoppelReflEx_MN-12B-Mimicore-Orochi-v3-Experiment,DoppelReflEx/MN-12B-Mimicore-Orochi-v3-Experiment,0.4101628124487471,0.5413990626627322,0.0566465256797583,0.2927852348993288,0.4431216931216931,0.339594414893617,1,1,1,1,1,1,6,True,0.3472849572843127,,1,1,0,False,False,0.3472849572843127,True,six_task_mean_complete_only = mean of six tasks ONLY when n_tasks_valid == 6; partial_task_mean = mean over the available tasks ONLY when 1 <= n_tasks_valid <= 5; legacy_* keeps the original skipna row mean for traceability and is NOT a six-task mean
DoppelReflEx_MN-12B-Mimicore-Orochi-v4-Experiment,DoppelReflEx/MN-12B-Mimicore-Orochi-v4-Experiment,0.4320702402957486,0.5424405485158826,0.1027190332326284,0.3053691275167785,0.4444444444444444,0.3519780585106383,1,1,1,1,1,1,6,True,0.3631702420860201,,1,1,0,False,False,0.3631702420860201,True,six_task_mean_complete_only = mean of six tasks ONLY when n_tasks_valid == 6; partial_task_mean = mean over the available tasks ONLY when 1 <= n_tasks_valid <= 5; legacy_* keeps the original skipna row mean for traceability and is NOT a six-task mean
DoppelReflEx_MN-12B-Mimicore-WhiteSnake,DoppelReflEx/MN-12B-Mimicore-WhiteSnake,0.4437603336923806,0.5566741885089395,0.1170694864048338,0.3179530201342282,0.4563492063492063,0.3657746010638298,1,1,1,1,1,1,6,True,0.3762634726922363,,1,1,0,False,False,0.3762634726922363,True,six_task_mean_complete_only = mean of six tasks ONLY when n_tasks_valid == 6; partial_task_mean = mean over the available tasks ONLY when 1 <= n_tasks_valid <= 5; legacy_* keeps the original skipna row mean for traceability and is NOT a six-task mean
DoppelReflEx_MN-12B-Mimicore-WhiteSnake-v2-Experiment-1,DoppelReflEx/MN-12B-Mimicore-WhiteSnake-v2-Experiment-1,0.3909039127293359,0.4844645026905051,0.0166163141993957,0.3053691275167785,0.3783068783068783,0.3114195478723404,1,1,1,1,1,1,6,True,0.314513380552539,,1,1,0,False,False,0.314513380552539,True,six_task_mean_complete_only = mean of six tasks ONLY when n_tasks_valid == 6; partial_task_mean = mean over the available tasks ONLY when 1 <= n_tasks_valid <= 5; legacy_* keeps the original skipna row mean for traceability and is NOT a six-task mean
DoppelReflEx_MN-12B-Mimicore-WhiteSnake-v2-Experiment-2,DoppelReflEx/MN-12B-Mimicore-WhiteSnake-v2-Experiment-2,0.4240515166425085,0.51570907828502,0.0445619335347432,0.3104026845637584,0.3994708994708995,0.3341921542553192,1,1,1,1,1,1,6,True,0.3380647111253748,,1,1,0,False,False,0.3380647111253748,True,six_task_mean_complete_only = mean of six tasks ONLY when n_tasks_valid == 6; partial_task_mean = mean over the available tasks ONLY when 1 <= n_tasks_valid <= 5; legacy_* keeps the original skipna row mean for traceability and is NOT a six-task mean
DoppelReflEx_MN-12B-Mimicore-WhiteSnake-v2-Experiment-3,DoppelReflEx/MN-12B-Mimicore-WhiteSnake-v2-Experiment-3,0.4302218114602588,0.4771741017184516,0.0279456193353474,0.3020134228187919,0.3677248677248677,0.319813829787234,1,1,1,1,1,1,6,True,0.3208156088074919,,1,1,0,False,False,0.3208156088074919,True,six_task_mean_complete_only = mean of six tasks ONLY when n_tasks_valid == 6; partial_task_mean = mean over the available tasks ONLY when 1 <= n_tasks_valid <= 5; legacy_* keeps the original skipna row mean for traceability and is NOT a six-task mean
DoppelReflEx_MN-12B-Mimicore-WhiteSnake-v2-Experiment-4,DoppelReflEx/MN-12B-Mimicore-WhiteSnake-v2-Experiment-4,0.4240515166425085,0.51570907828502,0.0445619335347432,0.3104026845637584,0.3994708994708995,0.3341921542553192,1,1,1,1,1,1,6,True,0.3380647111253748,,1,1,0,False,False,0.3380647111253748,True,six_task_mean_complete_only = mean of six tasks ONLY when n_tasks_valid == 6; partial_task_mean = mean over the available tasks ONLY when 1 <= n_tasks_valid <= 5; legacy_* keeps the original skipna row mean for traceability and is NOT a six-task mean
DoppelReflEx_MN-12B-Unleashed-Twilight,DoppelReflEx/MN-12B-Unleashed-Twilight,0.3505121965274361,0.5497309494879361,0.0959214501510574,0.3288590604026846,0.4378306878306878,0.3677692819148936,1,1,1,1,1,1,6,True,0.3551039377191159,,1,1,0,False,False,0.3551039377191159,True,six_task_mean_complete_only = mean of six tasks ONLY when n_tasks_valid == 6; partial_task_mean = mean over the available tasks ONLY when 1 <= n_tasks_valid <= 5; legacy_* keeps the original skipna row mean for traceability and is NOT a six-task mean
DoppelReflEx_MN-12B-WolFrame,DoppelReflEx/MN-12B-WolFrame,0.4397387819873491,0.5085922582884915,0.0755287009063444,0.3104026845637584,0.4007936507936508,0.339345079787234,1,1,1,1,1,1,6,True,0.3457335260544714,,1,1,0,False,False,0.3457335260544714,True,six_task_mean_complete_only = mean of six tasks ONLY when n_tasks_valid == 6; partial_task_mean = mean over the available tasks ONLY when 1 <= n_tasks_valid <= 5; legacy_* keeps the original skipna row mean for traceability and is NOT a six-task mean
DoppelReflEx_MiniusLight-24B,DoppelReflEx/MiniusLight-24B,0.2576641090085417,0.6236764450616212,0.1261329305135951,0.3582214765100671,0.4312169312169312,0.5091422872340425,1,1,1,1,1,1,6,True,0.3843423632574665,,1,1,0,False,False,0.3843423632574665,True,six_task_mean_complete_only = mean of six tasks ONLY when n_tasks_valid == 6; partial_task_mean = mean over the available tasks ONLY when 1 <= n_tasks_valid <= 5; legacy_* keeps the original skipna row mean for traceability and is NOT a six-task mean
DoppelReflEx_MiniusLight-24B-test,DoppelReflEx/MiniusLight-24B-test,0.0393677664153335,0.6320083318868253,0.0256797583081571,0.3682885906040268,0.4087301587301587,0.5182014627659575,1,1,1,1,1,1,6,True,0.3320460114517431,,1,1,0,False,False,0.3320460114517431,True,six_task_mean_complete_only = mean of six tasks ONLY when n_tasks_valid == 6; partial_task_mean = mean over the available tasks ONLY when 1 <= n_tasks_valid <= 5; legacy_* keeps the original skipna row mean for traceability and is NOT a six-task mean
DoppelReflEx_MiniusLight-24B-v1b-test,DoppelReflEx/MiniusLight-24B-v1b-test,0.3791140839638824,0.659086964068738,0.2394259818731118,0.3791946308724832,0.455026455026455,0.5364860372340425,1,1,1,1,1,1,6,True,0.44138902550645215,,1,1,0,False,False,0.44138902550645215,True,six_task_mean_complete_only = mean of six tasks ONLY when n_tasks_valid == 6; partial_task_mean = mean over the available tasks ONLY when 1 <= n_tasks_valid <= 5; legacy_* keeps the original skipna row mean for traceability and is NOT a six-task mean
DoppelReflEx_MiniusLight-24B-v1c-test,DoppelReflEx/MiniusLight-24B-v1c-test,0.3770650762199852,0.673667766012845,0.2968277945619335,0.3951342281879195,0.4629629629629629,0.5487034574468085,1,1,1,1,1,1,6,True,0.4590602142320758,,1,1,0,False,False,0.4590602142320758,True,six_task_mean_complete_only = mean of six tasks ONLY when n_tasks_valid == 6; partial_task_mean = mean over the available tasks ONLY when 1 <= n_tasks_valid <= 5; legacy_* keeps the original skipna row mean for traceability and is NOT a six-task mean
DoppelReflEx_MiniusLight-24B-v1d-test,DoppelReflEx/MiniusLight-24B-v1d-test,0.4032433941940717,0.6693282416247179,0.2945619335347432,0.3951342281879195,0.4616402116402116,0.5488696808510638,1,1,1,1,1,1,6,True,0.4621296150054546,,1,1,0,False,False,0.4621296150054546,True,six_task_mean_complete_only = mean of six tasks ONLY when n_tasks_valid == 6; partial_task_mean = mean over the available tasks ONLY when 1 <= n_tasks_valid <= 5; legacy_* keeps the original skipna row mean for traceability and is NOT a six-task mean
DreadPoor_Again-8B-Model_Stock,DreadPoor/Again-8B-Model_Stock,0.6724213974476612,0.5297691373025516,0.1148036253776435,0.3011744966442953,0.3981481481481481,0.351811835106383,1,1,1,1,1,1,6,True,0.3946881066711137,,1,1,0,False,False,0.3946881066711137,True,six_task_mean_complete_only = mean of six tasks ONLY when n_tasks_valid == 6; partial_task_mean = mean over the available tasks ONLY when 1 <= n_tasks_valid <= 5; legacy_* keeps the original skipna row mean for traceability and is NOT a six-task mean
DreadPoor_Alita99-8B-LINEAR,DreadPoor/Alita99-8B-LINEAR,0.7190077882241341,0.5426141294914077,0.1646525679758308,0.3162751677852349,0.4259259259259259,0.3809009308510638,1,1,1,1,1,1,6,True,0.4248960850422662,,1,1,0,False,False,0.4248960850422662,True,six_task_mean_complete_only = mean of six tasks ONLY when n_tasks_valid == 6; partial_task_mean = mean over the available tasks ONLY when 1 <= n_tasks_valid <= 5; legacy_* keeps the original skipna row mean for traceability and is NOT a six-task mean
DreadPoor_AnotherTest,DreadPoor/AnotherTest,0.4700638749628762,0.4655441763582711,0.0438066465256797,0.2978187919463087,0.4206349206349206,0.2874833776595745,1,1,1,1,1,1,6,True,0.33089196468127174,,1,1,0,False,False,0.33089196468127174,True,six_task_mean_complete_only = mean of six tasks ONLY when n_tasks_valid == 6; partial_task_mean = mean over the available tasks ONLY when 1 <= n_tasks_valid <= 5; legacy_* keeps the original skipna row mean for traceability and is NOT a six-task mean
DreadPoor_Aspire-8B-model_stock,DreadPoor/Aspire-8B-model_stock,0.7140620221013578,0.5261239368165249,0.1299093655589124,0.3145973154362416,0.4206349206349206,0.3763297872340425,1,1,1,1,1,1,6,True,0.41360955796366666,,1,1,0,False,False,0.41360955796366666,True,six_task_mean_complete_only = mean of six tasks ONLY when n_tasks_valid == 6; partial_task_mean = mean over the available tasks ONLY when 1 <= n_tasks_valid <= 5; legacy_* keeps the original skipna row mean for traceability and is NOT a six-task mean
DreadPoor_Aspire_1.3-8B_model-stock,DreadPoor/Aspire_1.3-8B_model-stock,0.7061685217445268,0.5289012324249263,0.1691842900302115,0.3078859060402684,0.41005291005291,0.3715924202127659,1,1,1,1,1,1,6,True,0.41563088008426813,,1,1,0,False,False,0.41563088008426813,True,six_task_mean_complete_only = mean of six tasks ONLY when n_tasks_valid == 6; partial_task_mean = mean over the available tasks ONLY when 1 <= n_tasks_valid <= 5; legacy_* keeps the original skipna row mean for traceability and is NOT a six-task mean
DreadPoor_Aspire_V2-8B-Model_Stock,DreadPoor/Aspire_V2-8B-Model_Stock,0.7371430027881576,0.5320256899843777,0.1759818731117824,0.3204697986577181,0.3888888888888889,0.3696808510638298,2,2,2,2,2,2,6,True,0.42069835074912576,,2,2,0,False,False,0.42069835074912576,True,six_task_mean_complete_only = mean of six tasks ONLY when n_tasks_valid == 6; partial_task_mean = mean over the available tasks ONLY when 1 <= n_tasks_valid <= 5; legacy_* keeps the original skipna row mean for traceability and is NOT a six-task mean
DreadPoor_Aspire_V2.1-8B-Model_Stock,DreadPoor/Aspire_V2.1-8B-Model_Stock,0.7237540836092679,0.5224787363304981,0.1767371601208459,0.3095637583892617,0.4126984126984127,0.3800698138297872,2,2,2,2,2,2,6,True,0.4208836608296789,,2,2,0,False,False,0.4208836608296789,True,six_task_mean_complete_only = mean of six tasks ONLY when n_tasks_valid == 6; partial_task_mean = mean over the available tasks ONLY when 1 <= n_tasks_valid <= 5; legacy_* keeps the original skipna row mean for traceability and is NOT a six-task mean
DreadPoor_Aspire_V2_ALT-8B-Model_Stock,DreadPoor/Aspire_V2_ALT-8B-Model_Stock,0.7381170848903134,0.5254296129144246,0.1729607250755287,0.3246644295302013,0.3968253968253968,0.3726728723404255,2,2,2,2,2,2,6,True,0.42177835359604837,,2,2,0,False,False,0.42177835359604837,True,six_task_mean_complete_only = mean of six tasks ONLY when n_tasks_valid == 6; partial_task_mean = mean over the available tasks ONLY when 1 <= n_tasks_valid <= 5; legacy_* keeps the original skipna row mean for traceability and is NOT a six-task mean
DreadPoor_Aspire_V2_ALT_ROW-8B-Model_Stock,DreadPoor/Aspire_V2_ALT_ROW-8B-Model_Stock,0.7381170848903134,0.5254296129144246,0.1729607250755287,0.3246644295302013,0.3968253968253968,0.3726728723404255,2,2,2,2,2,2,6,True,0.42177835359604837,,2,2,0,False,False,0.42177835359604837,True,six_task_mean_complete_only = mean of six tasks ONLY when n_tasks_valid == 6; partial_task_mean = mean over the available tasks ONLY when 1 <= n_tasks_valid <= 5; legacy_* keeps the original skipna row mean for traceability and is NOT a six-task mean
DreadPoor_Aspire_V3-8B-Model_Stock,DreadPoor/Aspire_V3-8B-Model_Stock,0.5118795905973927,0.52629751779205,0.1858006042296072,0.3053691275167785,0.4007936507936508,0.3641954787234042,2,2,2,2,2,2,6,True,0.3823893282754806,,2,2,0,False,False,0.3823893282754806,True,six_task_mean_complete_only = mean of six tasks ONLY when n_tasks_valid == 6; partial_task_mean = mean over the available tasks ONLY when 1 <= n_tasks_valid <= 5; legacy_* keeps the original skipna row mean for traceability and is NOT a six-task mean
DreadPoor_Aspire_V4-8B-Model_Stock,DreadPoor/Aspire_V4-8B-Model_Stock,0.769416259967996,0.5308106231557022,0.1925981873111782,0.3045302013422818,0.3862433862433862,0.370844414893617,2,2,2,2,2,2,6,True,0.42574051215236025,,2,2,0,False,False,0.42574051215236025,True,six_task_mean_complete_only = mean of six tasks ONLY when n_tasks_valid == 6; partial_task_mean = mean over the available tasks ONLY when 1 <= n_tasks_valid <= 5; legacy_* keeps the original skipna row mean for traceability and is NOT a six-task mean
DreadPoor_Aspire_V4_ALT-8B-Model_Stock,DreadPoor/Aspire_V4_ALT-8B-Model_Stock,0.7365933500888753,0.52629751779205,0.1812688821752265,0.3204697986577181,0.3915343915343915,0.3681848404255319,2,2,2,2,2,2,6,True,0.4207247967789655,,2,2,0,False,False,0.4207247967789655,True,six_task_mean_complete_only = mean of six tasks ONLY when n_tasks_valid == 6; partial_task_mean = mean over the available tasks ONLY when 1 <= n_tasks_valid <= 5; legacy_* keeps the original skipna row mean for traceability and is NOT a six-task mean
DreadPoor_Asymmetric_Linearity-8B-Model_Stock,DreadPoor/Asymmetric_Linearity-8B-Model_Stock,0.7174341857382855,0.5448706821732339,0.1646525679758308,0.3145973154362416,0.4193121693121693,0.3843916223404255,2,2,2,2,2,2,6,True,0.4242097571626977,,2,2,0,False,False,0.4242097571626977,True,six_task_mean_complete_only = mean of six tasks ONLY when n_tasks_valid == 6; partial_task_mean = mean over the available tasks ONLY when 1 <= n_tasks_valid <= 5; legacy_* keeps the original skipna row mean for traceability and is NOT a six-task mean
DreadPoor_Aurora_faustus-8B-LINEAR,DreadPoor/Aurora_faustus-8B-LINEAR,0.7281003293483512,0.5499045304634612,0.1706948640483383,0.3070469798657718,0.414021164021164,0.3842253989361702,2,2,2,2,2,2,6,True,0.4256655444472095,,2,2,0,False,False,0.4256655444472095,True,six_task_mean_complete_only = mean of six tasks ONLY when n_tasks_valid == 6; partial_task_mean = mean over the available tasks ONLY when 1 <= n_tasks_valid <= 5; legacy_* keeps the original skipna row mean for traceability and is NOT a six-task mean
DreadPoor_Aurora_faustus-8B-LORABLATED,DreadPoor/Aurora_faustus-8B-LORABLATED,0.7527050448365891,0.5382746051032807,0.1487915407854985,0.3020134228187919,0.4232804232804232,0.3672706117021276,2,2,2,2,2,2,6,True,0.42205594142111846,,2,2,0,False,False,0.42205594142111846,True,six_task_mean_complete_only = mean of six tasks ONLY when n_tasks_valid == 6; partial_task_mean = mean over the available tasks ONLY when 1 <= n_tasks_valid <= 5; legacy_* keeps the original skipna row mean for traceability and is NOT a six-task mean
DreadPoor_Aurora_faustus-8B-LORABLATED_ALT,DreadPoor/Aurora_faustus-8B-LORABLATED_ALT,0.7377923908562614,0.5377538621767054,0.1586102719033232,0.2986577181208054,0.421957671957672,0.3694315159574468,2,2,2,2,2,2,6,True,0.4207005718287023,,2,2,0,False,False,0.4207005718287023,True,six_task_mean_complete_only = mean of six tasks ONLY when n_tasks_valid == 6; partial_task_mean = mean over the available tasks ONLY when 1 <= n_tasks_valid <= 5; legacy_* keeps the original skipna row mean for traceability and is NOT a six-task mean
DreadPoor_Autumn_Dawn-8B-LINEAR,DreadPoor/Autumn_Dawn-8B-LINEAR,0.7292993701157373,0.5438291963200833,0.1858006042296072,0.2936241610738255,0.4179894179894179,0.3967752659574468,2,2,2,2,2,2,6,True,0.4278863359476863,,2,2,0,False,False,0.4278863359476863,True,six_task_mean_complete_only = mean of six tasks ONLY when n_tasks_valid == 6; partial_task_mean = mean over the available tasks ONLY when 1 <= n_tasks_valid <= 5; legacy_* keeps the original skipna row mean for traceability and is NOT a six-task mean
DreadPoor_BaeZel-8B-LINEAR,DreadPoor/BaeZel-8B-LINEAR,0.7377923908562614,0.5450442631487589,0.1812688821752265,0.3213087248322148,0.421957671957672,0.3861369680851064,2,2,2,2,2,2,6,True,0.4322514835092066,,2,2,0,False,False,0.4322514835092066,True,six_task_mean_complete_only = mean of six tasks ONLY when n_tasks_valid == 6; partial_task_mean = mean over the available tasks ONLY when 1 <= n_tasks_valid <= 5; legacy_* keeps the original skipna row mean for traceability and is NOT a six-task mean
DreadPoor_BaeZel-8B-Model_Stock,DreadPoor/BaeZel-8B-Model_Stock,0.7713145564878965,0.538968929005381,0.1638972809667673,0.313758389261745,0.4193121693121693,0.3880485372340425,2,2,2,2,2,2,6,True,0.43254997704466697,,2,2,0,False,False,0.43254997704466697,True,six_task_mean_complete_only = mean of six tasks ONLY when n_tasks_valid == 6; partial_task_mean = mean over the available tasks ONLY when 1 <= n_tasks_valid <= 5; legacy_* keeps the original skipna row mean for traceability and is NOT a six-task mean
DreadPoor_BaeZel_V2-8B-Model_Stock,DreadPoor/BaeZel_V2-8B-Model_Stock,0.7676675665013276,0.5351501475438292,0.1797583081570997,0.299496644295302,0.4179894179894179,0.3946974734042553,2,2,2,2,2,2,6,True,0.4324599263152053,,2,2,0,False,False,0.4324599263152053,True,six_task_mean_complete_only = mean of six tasks ONLY when n_tasks_valid == 6; partial_task_mean = mean over the available tasks ONLY when 1 <= n_tasks_valid <= 5; legacy_* keeps the original skipna row mean for traceability and is NOT a six-task mean
DreadPoor_BaeZel_V2_ALT-8B-Model_Stock,DreadPoor/BaeZel_V2_ALT-8B-Model_Stock,0.7676675665013276,0.5351501475438292,0.1797583081570997,0.299496644295302,0.4179894179894179,0.3946974734042553,2,2,2,2,2,2,6,True,0.4324599263152053,,2,2,0,False,False,0.4324599263152053,True,six_task_mean_complete_only = mean of six tasks ONLY when n_tasks_valid == 6; partial_task_mean = mean over the available tasks ONLY when 1 <= n_tasks_valid <= 5; legacy_* keeps the original skipna row mean for traceability and is NOT a six-task mean
DreadPoor_BaeZel_V3-8B-Model_Stock,DreadPoor/BaeZel_V3-8B-Model_Stock,0.7831797408653485,0.5375802812011804,0.1895770392749244,0.3204697986577181,0.4166666666666667,0.3887965425531915,2,2,2,2,2,2,6,True,0.43937834486983823,,2,2,0,False,False,0.43937834486983823,True,six_task_mean_complete_only = mean of six tasks ONLY when n_tasks_valid == 6; partial_task_mean = mean over the available tasks ONLY when 1 <= n_tasks_valid <= 5; legacy_* keeps the original skipna row mean for traceability and is NOT a six-task mean
DreadPoor_Blunt_Edge-8B-SLERP,DreadPoor/Blunt_Edge-8B-SLERP,0.7496575752337131,0.5374067002256553,0.1858006042296072,0.311241610738255,0.4166666666666667,0.3766622340425531,2,2,2,2,2,2,6,True,0.4295725651894084,,2,2,0,False,False,0.4295725651894084,True,six_task_mean_complete_only = mean of six tasks ONLY when n_tasks_valid == 6; partial_task_mean = mean over the available tasks ONLY when 1 <= n_tasks_valid <= 5; legacy_* keeps the original skipna row mean for traceability and is NOT a six-task mean
DreadPoor_BulkUp,DreadPoor/BulkUp,0.177804891022487,0.2827634091303593,0.0,0.24748322147651,0.3439153439153439,0.1109541223404255,2,2,2,2,2,2,6,True,0.19382016464752097,,2,2,0,False,False,0.19382016464752097,True,six_task_mean_complete_only = mean of six tasks ONLY when n_tasks_valid == 6; partial_task_mean = mean over the available tasks ONLY when 1 <= n_tasks_valid <= 5; legacy_* keeps the original skipna row mean for traceability and is NOT a six-task mean
DreadPoor_Cadence-8B-LINEAR,DreadPoor/Cadence-8B-LINEAR,0.7682172192006099,0.5413990626627322,0.1676737160120845,0.3028523489932886,0.4166666666666667,0.3803191489361702,1,1,1,1,1,1,6,True,0.4295213604119253,,1,1,0,False,False,0.4295213604119253,True,six_task_mean_complete_only = mean of six tasks ONLY when n_tasks_valid == 6; partial_task_mean = mean over the available tasks ONLY when 1 <= n_tasks_valid <= 5; legacy_* keeps the original skipna row mean for traceability and is NOT a six-task mean
DreadPoor_Caelid-8B-Model_Stock,DreadPoor/Caelid-8B-Model_Stock,0.7247281657114235,0.5443499392466585,0.1510574018126888,0.3104026845637584,0.3994708994708995,0.3816489361702128,2,2,2,2,2,2,6,True,0.4186096711626069,,2,2,0,False,False,0.4186096711626069,True,six_task_mean_complete_only = mean of six tasks ONLY when n_tasks_valid == 6; partial_task_mean = mean over the available tasks ONLY when 1 <= n_tasks_valid <= 5; legacy_* keeps the original skipna row mean for traceability and is NOT a six-task mean
DreadPoor_Casuar-9B-Model_Stock,DreadPoor/Casuar-9B-Model_Stock,0.7764852812759035,0.6094428050685645,0.2129909365558912,0.3447986577181208,0.4153439153439153,0.4156416223404255,2,2,2,2,2,2,6,True,0.46245053638380346,,2,2,0,False,False,0.46245053638380346,True,six_task_mean_complete_only = mean of six tasks ONLY when n_tasks_valid == 6; partial_task_mean = mean over the available tasks ONLY when 1 <= n_tasks_valid <= 5; legacy_* keeps the original skipna row mean for traceability and is NOT a six-task mean
DreadPoor_Condensed_Milk-8B-Model_Stock,DreadPoor/Condensed_Milk-8B-Model_Stock,0.7536292592543341,0.5415726436382573,0.1744712990936555,0.3213087248322148,0.4153439153439153,0.3876329787234042,2,2,2,2,2,2,6,True,0.43232647014763015,,2,2,0,False,False,0.43232647014763015,True,six_task_mean_complete_only = mean of six tasks ONLY when n_tasks_valid == 6; partial_task_mean = mean over the available tasks ONLY when 1 <= n_tasks_valid <= 5; legacy_* keeps the original skipna row mean for traceability and is NOT a six-task mean
DreadPoor_CoolerCoder-8B-LINEAR,DreadPoor/CoolerCoder-8B-LINEAR,0.4519286603988528,0.4745703870855754,0.0793051359516616,0.2902684563758389,0.3955026455026455,0.315907579787234,2,2,2,2,2,2,6,True,0.33458047751696807,,2,2,0,False,False,0.33458047751696807,True,six_task_mean_complete_only = mean of six tasks ONLY when n_tasks_valid == 6; partial_task_mean = mean over the available tasks ONLY when 1 <= n_tasks_valid <= 5; legacy_* keeps the original skipna row mean for traceability and is NOT a six-task mean
DreadPoor_Damasteel-8B-LINEAR,DreadPoor/Damasteel-8B-LINEAR,0.7384417789243651,0.5372331192501302,0.1669184290030211,0.2986577181208054,0.4206349206349206,0.3779089095744681,2,2,2,2,2,2,6,True,0.42329914591795176,,2,2,0,False,False,0.42329914591795176,True,six_task_mean_complete_only = mean of six tasks ONLY when n_tasks_valid == 6; partial_task_mean = mean over the available tasks ONLY when 1 <= n_tasks_valid <= 5; legacy_* keeps the original skipna row mean for traceability and is NOT a six-task mean
DreadPoor_Dearly_Beloved-8B-TIES,DreadPoor/Dearly_Beloved-8B-TIES,0.8266687943545348,0.4025342822426662,0.2114803625377643,0.2986577181208054,0.4166666666666667,0.2826628989361702,2,2,2,2,2,2,6,True,0.4064451204764346,,2,2,0,False,False,0.4064451204764346,True,six_task_mean_complete_only = mean of six tasks ONLY when n_tasks_valid == 6; partial_task_mean = mean over the available tasks ONLY when 1 <= n_tasks_valid <= 5; legacy_* keeps the original skipna row mean for traceability and is NOT a six-task mean
DreadPoor_Decayed-8B-LINEAR,DreadPoor/Decayed-8B-LINEAR,0.7676176988169169,0.5396632529074813,0.1714501510574018,0.3095637583892617,0.4179894179894179,0.3763297872340425,1,1,1,1,1,1,6,True,0.43043567773242036,,1,1,0,False,False,0.43043567773242036,True,six_task_mean_complete_only = mean of six tasks ONLY when n_tasks_valid == 6; partial_task_mean = mean over the available tasks ONLY when 1 <= n_tasks_valid <= 5; legacy_* keeps the original skipna row mean for traceability and is NOT a six-task mean
DreadPoor_Derivative-8B-Model_Stock,DreadPoor/Derivative-8B-Model_Stock,0.7667433520835827,0.5382746051032807,0.1790030211480362,0.3171140939597315,0.4193121693121693,0.3810671542553192,2,2,2,2,2,2,6,True,0.43358573264368655,,2,2,0,False,False,0.43358573264368655,True,six_task_mean_complete_only = mean of six tasks ONLY when n_tasks_valid == 6; partial_task_mean = mean over the available tasks ONLY when 1 <= n_tasks_valid <= 5; legacy_* keeps the original skipna row mean for traceability and is NOT a six-task mean
DreadPoor_Derivative_V2-8B-Model_Stock,DreadPoor/Derivative_V2-8B-Model_Stock,0.7536791269387447,0.5379274431522305,0.1797583081570997,0.3070469798657718,0.4113756613756614,0.3856382978723404,2,2,2,2,2,2,6,True,0.42923763622697475,,2,2,0,False,False,0.42923763622697475,True,six_task_mean_complete_only = mean of six tasks ONLY when n_tasks_valid == 6; partial_task_mean = mean over the available tasks ONLY when 1 <= n_tasks_valid <= 5; legacy_* keeps the original skipna row mean for traceability and is NOT a six-task mean
DreadPoor_Derivative_V2_ALT-8B-Model_Stock,DreadPoor/Derivative_V2_ALT-8B-Model_Stock,0.7719639445560003,0.5351501475438292,0.1880664652567975,0.311241610738255,0.4126984126984127,0.3882147606382978,2,2,2,2,2,2,6,True,0.4345558902385987,,2,2,0,False,False,0.4345558902385987,True,six_task_mean_complete_only = mean of six tasks ONLY when n_tasks_valid == 6; partial_task_mean = mean over the available tasks ONLY when 1 <= n_tasks_valid <= 5; legacy_* keeps the original skipna row mean for traceability and is NOT a six-task mean
DreadPoor_Derivative_V3-8B-Model_Stock,DreadPoor/Derivative_V3-8B-Model_Stock,0.6963767248677952,0.5216108314528728,0.1465256797583081,0.2944630872483221,0.414021164021164,0.3502327127659574,2,2,2,2,2,2,6,True,0.40387170001906997,,2,2,0,False,False,0.40387170001906997,True,six_task_mean_complete_only = mean of six tasks ONLY when n_tasks_valid == 6; partial_task_mean = mean over the available tasks ONLY when 1 <= n_tasks_valid <= 5; legacy_* keeps the original skipna row mean for traceability and is NOT a six-task mean
DreadPoor_Elusive_Dragon_Heart-8B-LINEAR,DreadPoor/Elusive_Dragon_Heart-8B-LINEAR,0.7131378076836128,0.5440027772956084,0.148036253776435,0.3062080536912752,0.414021164021164,0.3813996010638298,2,2,2,2,2,2,6,True,0.41780094292198755,,2,2,0,False,False,0.41780094292198755,True,six_task_mean_complete_only = mean of six tasks ONLY when n_tasks_valid == 6; partial_task_mean = mean over the available tasks ONLY when 1 <= n_tasks_valid <= 5; legacy_* keeps the original skipna row mean for traceability and is NOT a six-task mean
DreadPoor_Emu_Eggs-9B-Model_Stock,DreadPoor/Emu_Eggs-9B-Model_Stock,0.7606982805622415,0.6044089567783371,0.2099697885196374,0.3330536912751677,0.4060846560846561,0.4227061170212766,2,2,2,2,2,2,6,True,0.4561535817068861,,2,2,0,False,False,0.4561535817068861,True,six_task_mean_complete_only = mean of six tasks ONLY when n_tasks_valid == 6; partial_task_mean = mean over the available tasks ONLY when 1 <= n_tasks_valid <= 5; legacy_* keeps the original skipna row mean for traceability and is NOT a six-task mean
DreadPoor_Eunoia_Vespera-8B-LINEAR,DreadPoor/Eunoia_Vespera-8B-LINEAR,0.7235291249440374,0.5386217670543308,0.1540785498489426,0.3070469798657718,0.4179894179894179,0.3838929521276595,2,2,2,2,2,2,6,True,0.42085979863836,,2,2,0,False,False,0.42085979863836,True,six_task_mean_complete_only = mean of six tasks ONLY when n_tasks_valid == 6; partial_task_mean = mean over the available tasks ONLY when 1 <= n_tasks_valid <= 5; legacy_* keeps the original skipna row mean for traceability and is NOT a six-task mean
DreadPoor_Fu_sion_HA-8B-SLERP,DreadPoor/Fu_sion_HA-8B-SLERP,0.7609232392274721,0.5356708904704044,0.175226586102719,0.322986577181208,0.4153439153439153,0.3824800531914893,2,2,2,2,2,2,6,True,0.43210521025286797,,2,2,0,False,False,0.43210521025286797,True,six_task_mean_complete_only = mean of six tasks ONLY when n_tasks_valid == 6; partial_task_mean = mean over the available tasks ONLY when 1 <= n_tasks_valid <= 5; legacy_* keeps the original skipna row mean for traceability and is NOT a six-task mean
DreadPoor_HOT_STINKING_GARBAGE,DreadPoor/HOT_STINKING_GARBAGE,0.5754265349273262,0.4875889602499566,0.0672205438066465,0.2751677852348993,0.4246031746031746,0.3016954787234042,2,2,2,2,2,2,6,True,0.3552837462575679,,2,2,0,False,False,0.3552837462575679,True,six_task_mean_complete_only = mean of six tasks ONLY when n_tasks_valid == 6; partial_task_mean = mean over the available tasks ONLY when 1 <= n_tasks_valid <= 5; legacy_* keeps the original skipna row mean for traceability and is NOT a six-task mean
DreadPoor_H_the_eighth-8B-LINEAR,DreadPoor/H_the_eighth-8B-LINEAR,0.7469347996648892,0.536712376323555,0.1774924471299093,0.3280201342281879,0.4166666666666667,0.3823969414893617,1,1,1,1,1,1,6,True,0.43137056091709486,,1,1,0,False,False,0.43137056091709486,True,six_task_mean_complete_only = mean of six tasks ONLY when n_tasks_valid == 6; partial_task_mean = mean over the available tasks ONLY when 1 <= n_tasks_valid <= 5; legacy_* keeps the original skipna row mean for traceability and is NOT a six-task mean
DreadPoor_Happy_New_Year-8B-Model_Stock,DreadPoor/Happy_New_Year-8B-Model_Stock,0.7615726272955757,0.5354973094948794,0.1593655589123867,0.313758389261745,0.4179894179894179,0.3878823138297872,2,2,2,2,2,2,6,True,0.4293442694639653,,2,2,0,False,False,0.4293442694639653,True,six_task_mean_complete_only = mean of six tasks ONLY when n_tasks_valid == 6; partial_task_mean = mean over the available tasks ONLY when 1 <= n_tasks_valid <= 5; legacy_* keeps the original skipna row mean for traceability and is NOT a six-task mean
DreadPoor_Heart_Stolen-8B-Model_Stock,DreadPoor/Heart_Stolen-8B-Model_Stock,0.7244533393617822,0.5382746051032807,0.1722054380664652,0.3171140939597315,0.4153439153439153,0.3794049202127659,2,2,2,2,2,2,6,True,0.42446605200799015,,2,2,0,False,False,0.42446605200799015,True,six_task_mean_complete_only = mean of six tasks ONLY when n_tasks_valid == 6; partial_task_mean = mean over the available tasks ONLY when 1 <= n_tasks_valid <= 5; legacy_* keeps the original skipna row mean for traceability and is NOT a six-task mean
DreadPoor_Heart_Stolen-ALT-8B-Model_Stock,DreadPoor/Heart_Stolen-ALT-8B-Model_Stock,0.7183584001560305,0.5252560319388995,0.1563444108761329,0.3011744966442953,0.4047619047619047,0.3772440159574468,2,2,2,2,2,2,6,True,0.4138565433891183,,2,2,0,False,False,0.4138565433891183,True,six_task_mean_complete_only = mean of six tasks ONLY when n_tasks_valid == 6; partial_task_mean = mean over the available tasks ONLY when 1 <= n_tasks_valid <= 5; legacy_* keeps the original skipna row mean for traceability and is NOT a six-task mean
DreadPoor_Here_We_Go_Again-8B-SLERP,DreadPoor/Here_We_Go_Again-8B-SLERP,0.7442120240960651,0.5443499392466585,0.1729607250755287,0.3187919463087248,0.4179894179894179,0.3873005319148936,2,2,2,2,2,2,6,True,0.4309340974385481,,2,2,0,False,False,0.4309340974385481,True,six_task_mean_complete_only = mean of six tasks ONLY when n_tasks_valid == 6; partial_task_mean = mean over the available tasks ONLY when 1 <= n_tasks_valid <= 5; legacy_* keeps the original skipna row mean for traceability and is NOT a six-task mean
DreadPoor_Howdy-8B-LINEAR,DreadPoor/Howdy-8B-LINEAR,0.7377923908562614,0.5375802812011804,0.1774924471299093,0.3145973154362416,0.4113756613756614,0.3806515957446808,2,2,2,2,2,2,6,True,0.4265816152906558,,2,2,0,False,False,0.4265816152906558,True,six_task_mean_complete_only = mean of six tasks ONLY when n_tasks_valid == 6; partial_task_mean = mean over the available tasks ONLY when 1 <= n_tasks_valid <= 5; legacy_* keeps the original skipna row mean for traceability and is NOT a six-task mean
DreadPoor_Incidental-8B-Model_Stock,DreadPoor/Incidental-8B-Model_Stock,0.748183708116686,0.5436556153445582,0.161631419939577,0.3028523489932886,0.4232804232804232,0.3873005319148936,2,2,2,2,2,2,6,True,0.42781734126490445,,2,2,0,False,False,0.42781734126490445,True,six_task_mean_complete_only = mean of six tasks ONLY when n_tasks_valid == 6; partial_task_mean = mean over the available tasks ONLY when 1 <= n_tasks_valid <= 5; legacy_* keeps the original skipna row mean for traceability and is NOT a six-task mean
DreadPoor_Irina-8B-model_stock,DreadPoor/Irina-8B-model_stock,0.6799403360860294,0.5223051553549731,0.1019637462235649,0.2843959731543624,0.3994708994708995,0.3573803191489361,2,2,2,2,2,2,6,True,0.3909094049064609,,2,2,0,False,False,0.3909094049064609,True,six_task_mean_complete_only = mean of six tasks ONLY when n_tasks_valid == 6; partial_task_mean = mean over the available tasks ONLY when 1 <= n_tasks_valid <= 5; legacy_* keeps the original skipna row mean for traceability and is NOT a six-task mean
DreadPoor_Kindling-8B-Model_Stock,DreadPoor/Kindling-8B-Model_Stock,0.7308231049171753,0.5478215587571602,0.175226586102719,0.3179530201342282,0.4060846560846561,0.3829787234042553,2,2,2,2,2,2,6,True,0.42681460823336564,,2,2,0,False,False,0.42681460823336564,True,six_task_mean_complete_only = mean of six tasks ONLY when n_tasks_valid == 6; partial_task_mean = mean over the available tasks ONLY when 1 <= n_tasks_valid <= 5; legacy_* keeps the original skipna row mean for traceability and is NOT a six-task mean
DreadPoor_L3.1-BaeZel-8B-Della,DreadPoor/L3.1-BaeZel-8B-Della,0.5180243974875552,0.5433084533935081,0.1744712990936555,0.3196308724832215,0.4193121693121693,0.3902094414893617,2,2,2,2,2,2,6,True,0.39415943887657856,,2,2,0,False,False,0.39415943887657856,True,six_task_mean_complete_only = mean of six tasks ONLY when n_tasks_valid == 6; partial_task_mean = mean over the available tasks ONLY when 1 <= n_tasks_valid <= 5; legacy_* keeps the original skipna row mean for traceability and is NOT a six-task mean
DreadPoor_Laughing_Stock-8B-Model_Stock,DreadPoor/Laughing_Stock-8B-Model_Stock,0.7189579205397235,0.543134872417983,0.1578549848942598,0.2894295302013422,0.414021164021164,0.3764128989361702,2,2,2,2,2,2,6,True,0.4166352285017738,,2,2,0,False,False,0.4166352285017738,True,six_task_mean_complete_only = mean of six tasks ONLY when n_tasks_valid == 6; partial_task_mean = mean over the available tasks ONLY when 1 <= n_tasks_valid <= 5; legacy_* keeps the original skipna row mean for traceability and is NOT a six-task mean
DreadPoor_Lava_Lamp-8B-SLERP,DreadPoor/Lava_Lamp-8B-SLERP,0.7381170848903134,0.5358444714459295,0.1737160120845921,0.3053691275167785,0.4179894179894179,0.375,2,2,2,2,2,2,6,True,0.42433935232117187,,2,2,0,False,False,0.42433935232117187,True,six_task_mean_complete_only = mean of six tasks ONLY when n_tasks_valid == 6; partial_task_mean = mean over the available tasks ONLY when 1 <= n_tasks_valid <= 5; legacy_* keeps the original skipna row mean for traceability and is NOT a six-task mean
DreadPoor_LemonP-8B-Model_Stock,DreadPoor/LemonP-8B-Model_Stock,0.7676176988169169,0.5424405485158826,0.1767371601208459,0.3028523489932886,0.4074074074074074,0.4004321808510638,2,2,2,2,2,2,6,True,0.43291455745090085,,2,2,0,False,False,0.43291455745090085,True,six_task_mean_complete_only = mean of six tasks ONLY when n_tasks_valid == 6; partial_task_mean = mean over the available tasks ONLY when 1 <= n_tasks_valid <= 5; legacy_* keeps the original skipna row mean for traceability and is NOT a six-task mean
DreadPoor_Lydia_of_Whiterun-8B-LINEAR,DreadPoor/Lydia_of_Whiterun-8B-LINEAR,0.760323718843779,0.5358444714459295,0.1767371601208459,0.3162751677852349,0.4246031746031746,0.3800698138297872,1,1,1,1,1,1,6,True,0.4323089177714585,,1,1,0,False,False,0.4323089177714585,True,six_task_mean_complete_only = mean of six tasks ONLY when n_tasks_valid == 6; partial_task_mean = mean over the available tasks ONLY when 1 <= n_tasks_valid <= 5; legacy_* keeps the original skipna row mean for traceability and is NOT a six-task mean
DreadPoor_Machroom-3B-model_stock,DreadPoor/Machroom-3B-model_stock,0.3297794296909976,0.3584447144592952,0.0241691842900302,0.2525167785234899,0.4603174603174603,0.1612367021276596,1,1,1,1,1,1,6,True,0.26441071156815543,,1,1,0,False,False,0.26441071156815543,True,six_task_mean_complete_only = mean of six tasks ONLY when n_tasks_valid == 6; partial_task_mean = mean over the available tasks ONLY when 1 <= n_tasks_valid <= 5; legacy_* keeps the original skipna row mean for traceability and is NOT a six-task mean
DreadPoor_Matryoshka-8B-LINEAR,DreadPoor/Matryoshka-8B-LINEAR,0.7262519005128614,0.543134872417983,0.175226586102719,0.3204697986577181,0.4246031746031746,0.3865525265957447,2,2,2,2,2,2,6,True,0.4293731431483668,,2,2,0,False,False,0.4293731431483668,True,six_task_mean_complete_only = mean of six tasks ONLY when n_tasks_valid == 6; partial_task_mean = mean over the available tasks ONLY when 1 <= n_tasks_valid <= 5; legacy_* keeps the original skipna row mean for traceability and is NOT a six-task mean
DreadPoor_Mercury_In_Retrograde-8b-Model-Stock,DreadPoor/Mercury_In_Retrograde-8b-Model-Stock,0.7296240641497892,0.536712376323555,0.1646525679758308,0.3162751677852349,0.4193121693121693,0.3828956117021276,2,2,2,2,2,2,6,True,0.4249119928747844,,2,2,0,False,False,0.4249119928747844,True,six_task_mean_complete_only = mean of six tasks ONLY when n_tasks_valid == 6; partial_task_mean = mean over the available tasks ONLY when 1 <= n_tasks_valid <= 5; legacy_* keeps the original skipna row mean for traceability and is NOT a six-task mean
DreadPoor_Minthy-8B-Model_Stock,DreadPoor/Minthy-8B-Model_Stock,0.765769269981427,0.5335879187641035,0.1918429003021148,0.3036912751677852,0.4087301587301587,0.3992686170212766,2,2,2,2,2,2,6,True,0.4338150233278109,,2,2,0,False,False,0.4338150233278109,True,six_task_mean_complete_only = mean of six tasks ONLY when n_tasks_valid == 6; partial_task_mean = mean over the available tasks ONLY when 1 <= n_tasks_valid <= 5; legacy_* keeps the original skipna row mean for traceability and is NOT a six-task mean
DreadPoor_Minthy_ALT-8B-Model_Stock,DreadPoor/Minthy_ALT-8B-Model_Stock,0.6991992358054406,0.5363652143725047,0.1759818731117824,0.3062080536912752,0.421957671957672,0.3673537234042553,2,2,2,2,2,2,6,True,0.41784429539048834,,2,2,0,False,False,0.41784429539048834,True,six_task_mean_complete_only = mean of six tasks ONLY when n_tasks_valid == 6; partial_task_mean = mean over the available tasks ONLY when 1 <= n_tasks_valid <= 5; legacy_* keeps the original skipna row mean for traceability and is NOT a six-task mean
DreadPoor_Minthy_V2-8B-Model_Stock,DreadPoor/Minthy_V2-8B-Model_Stock,0.7125881549843305,0.5474743968061101,0.1593655589123867,0.2944630872483221,0.4193121693121693,0.3736702127659574,2,2,2,2,2,2,6,True,0.41781226333821264,,2,2,0,False,False,0.41781226333821264,True,six_task_mean_complete_only = mean of six tasks ONLY when n_tasks_valid == 6; partial_task_mean = mean over the available tasks ONLY when 1 <= n_tasks_valid <= 5; legacy_* keeps the original skipna row mean for traceability and is NOT a six-task mean
DreadPoor_Minus_Penus-8B-Model_Stock,DreadPoor/Minus_Penus-8B-Model_Stock,0.7311477989512272,0.5315049470578025,0.2001510574018127,0.3095637583892617,0.4007936507936508,0.3751662234042553,1,1,1,1,1,1,6,True,0.4247212393330017,,1,1,0,False,False,0.4247212393330017,True,six_task_mean_complete_only = mean of six tasks ONLY when n_tasks_valid == 6; partial_task_mean = mean over the available tasks ONLY when 1 <= n_tasks_valid <= 5; legacy_* keeps the original skipna row mean for traceability and is NOT a six-task mean
DreadPoor_Morphing-8B-Model_Stock,DreadPoor/Morphing-8B-Model_Stock,0.744536718130117,0.5379274431522305,0.1835347432024169,0.2936241610738255,0.4060846560846561,0.3852227393617021,1,1,1,1,1,1,6,True,0.42515507683415804,,1,1,0,False,False,0.42515507683415804,True,six_task_mean_complete_only = mean of six tasks ONLY when n_tasks_valid == 6; partial_task_mean = mean over the available tasks ONLY when 1 <= n_tasks_valid <= 5; legacy_* keeps the original skipna row mean for traceability and is NOT a six-task mean
DreadPoor_Not_Even_My_Final_Form-8B-Model_Stock,DreadPoor/Not_Even_My_Final_Form-8B-Model_Stock,0.7721889032212308,0.5334143377885784,0.1759818731117824,0.2953020134228188,0.414021164021164,0.3839760638297872,2,2,2,2,2,2,6,True,0.42914739256589357,,2,2,0,False,False,0.42914739256589357,True,six_task_mean_complete_only = mean of six tasks ONLY when n_tasks_valid == 6; partial_task_mean = mean over the available tasks ONLY when 1 <= n_tasks_valid <= 5; legacy_* keeps the original skipna row mean for traceability and is NOT a six-task mean
DreadPoor_Nother_One-8B-Model_Stock,DreadPoor/Nother_One-8B-Model_Stock,0.6863101016414226,0.5198750216976219,0.1518126888217522,0.2894295302013422,0.3862433862433862,0.3594581117021276,2,2,2,2,2,2,6,True,0.39885480671794205,,2,2,0,False,False,0.39885480671794205,True,six_task_mean_complete_only = mean of six tasks ONLY when n_tasks_valid == 6; partial_task_mean = mean over the available tasks ONLY when 1 <= n_tasks_valid <= 5; legacy_* keeps the original skipna row mean for traceability and is NOT a six-task mean
DreadPoor_Noxis-8B-LINEAR,DreadPoor/Noxis-8B-LINEAR,0.6913057354486096,0.5398368338830064,0.1978851963746223,0.3187919463087248,0.421957671957672,0.3660239361702128,1,1,1,1,1,1,6,True,0.42263355335714126,,1,1,0,False,False,0.42263355335714126,True,six_task_mean_complete_only = mean of six tasks ONLY when n_tasks_valid == 6; partial_task_mean = mean over the available tasks ONLY when 1 <= n_tasks_valid <= 5; legacy_* keeps the original skipna row mean for traceability and is NOT a six-task mean
DreadPoor_Nullsworn-12B-LINEAR,DreadPoor/Nullsworn-12B-LINEAR,0.4435608629547378,0.5445235202221836,0.1125377643504531,0.3078859060402684,0.4338624338624338,0.3645279255319149,1,1,1,1,1,1,6,True,0.3678164021603319,,1,1,0,False,False,0.3678164021603319,True,six_task_mean_complete_only = mean of six tasks ONLY when n_tasks_valid == 6; partial_task_mean = mean over the available tasks ONLY when 1 <= n_tasks_valid <= 5; legacy_* keeps the original skipna row mean for traceability and is NOT a six-task mean
DreadPoor_Nwah-8B-Model_Stock,DreadPoor/Nwah-8B-Model_Stock,0.7715893828375378,0.5365387953480298,0.1797583081570997,0.3104026845637584,0.4034391534391534,0.3807347074468085,1,1,1,1,1,1,6,True,0.43041050529873126,,1,1,0,False,False,0.43041050529873126,True,six_task_mean_complete_only = mean of six tasks ONLY when n_tasks_valid == 6; partial_task_mean = mean over the available tasks ONLY when 1 <= n_tasks_valid <= 5; legacy_* keeps the original skipna row mean for traceability and is NOT a six-task mean
DreadPoor_ONeil-model_stock-8B,DreadPoor/ONeil-model_stock-8B,0.6785662043378236,0.553723311925013,0.1012084592145015,0.3053691275167785,0.4166666666666667,0.3598736702127659,2,2,2,2,2,2,6,True,0.40256790664559156,,2,2,0,False,False,0.40256790664559156,True,six_task_mean_complete_only = mean of six tasks ONLY when n_tasks_valid == 6; partial_task_mean = mean over the available tasks ONLY when 1 <= n_tasks_valid <= 5; legacy_* keeps the original skipna row mean for traceability and is NOT a six-task mean
DreadPoor_Oh_Boy-8B-LINEAR,DreadPoor/Oh_Boy-8B-LINEAR,0.7503069633018169,0.5356708904704044,0.1782477341389728,0.3078859060402684,0.41005291005291,0.3848902925531915,2,2,2,2,2,2,6,True,0.42784244942626065,,2,2,0,False,False,0.42784244942626065,True,six_task_mean_complete_only = mean of six tasks ONLY when n_tasks_valid == 6; partial_task_mean = mean over the available tasks ONLY when 1 <= n_tasks_valid <= 5; legacy_* keeps the original skipna row mean for traceability and is NOT a six-task mean
DreadPoor_OrangeJ-8B-Model_Stock,DreadPoor/OrangeJ-8B-Model_Stock,0.7841039552830933,0.538795348029856,0.1759818731117824,0.3011744966442953,0.4021164021164021,0.3968583776595745,2,2,2,2,2,2,6,True,0.4331717421408339,,2,2,0,False,False,0.4331717421408339,True,six_task_mean_complete_only = mean of six tasks ONLY when n_tasks_valid == 6; partial_task_mean = mean over the available tasks ONLY when 1 <= n_tasks_valid <= 5; legacy_* keeps the original skipna row mean for traceability and is NOT a six-task mean
DreadPoor_Promissum_Mane-8B-LINEAR,DreadPoor/Promissum_Mane-8B-LINEAR,0.7150361042035134,0.5440027772956084,0.1555891238670695,0.3045302013422818,0.4193121693121693,0.3850565159574468,2,2,2,2,2,2,6,True,0.42058781532968154,,2,2,0,False,False,0.42058781532968154,True,six_task_mean_complete_only = mean of six tasks ONLY when n_tasks_valid == 6; partial_task_mean = mean over the available tasks ONLY when 1 <= n_tasks_valid <= 5; legacy_* keeps the original skipna row mean for traceability and is NOT a six-task mean
DreadPoor_Promissum_Mane-8B-LINEAR-lorablated,DreadPoor/Promissum_Mane-8B-LINEAR-lorablated,0.7156356245872064,0.5429612914424579,0.1533232628398791,0.3036912751677852,0.4193121693121693,0.3739195478723404,2,2,2,2,2,2,6,True,0.41814052853697303,,2,2,0,False,False,0.41814052853697303,True,six_task_mean_complete_only = mean of six tasks ONLY when n_tasks_valid == 6; partial_task_mean = mean over the available tasks ONLY when 1 <= n_tasks_valid <= 5; legacy_* keeps the original skipna row mean for traceability and is NOT a six-task mean
DreadPoor_RPMash-8B-Model_Stock,DreadPoor/RPMash-8B-Model_Stock,0.4563502617499346,0.5143204304808193,0.1080060422960725,0.2869127516778523,0.4047619047619047,0.3603723404255319,2,2,2,2,2,2,6,True,0.35512062189868593,,2,2,0,False,False,0.35512062189868593,True,six_task_mean_complete_only = mean of six tasks ONLY when n_tasks_valid == 6; partial_task_mean = mean over the available tasks ONLY when 1 <= n_tasks_valid <= 5; legacy_* keeps the original skipna row mean for traceability and is NOT a six-task mean
DreadPoor_RPMash_V3-8B-Model_Stock,DreadPoor/RPMash_V3-8B-Model_Stock,0.70491961329273,0.5207429265752473,0.1042296072507553,0.3003355704697986,0.376984126984127,0.3613696808510638,2,2,2,2,2,2,6,True,0.3947635875706203,,2,2,0,False,False,0.3947635875706203,True,six_task_mean_complete_only = mean of six tasks ONLY when n_tasks_valid == 6; partial_task_mean = mean over the available tasks ONLY when 1 <= n_tasks_valid <= 5; legacy_* keeps the original skipna row mean for traceability and is NOT a six-task mean
DreadPoor_Rusted_Gold-8B-LINEAR,DreadPoor/Rusted_Gold-8B-LINEAR,0.7296240641497892,0.5361916333969797,0.1933534743202417,0.2986577181208054,0.4166666666666667,0.3779920212765957,1,1,1,1,1,1,6,True,0.425414262988513,,1,1,0,False,False,0.425414262988513,True,six_task_mean_complete_only = mean of six tasks ONLY when n_tasks_valid == 6; partial_task_mean = mean over the available tasks ONLY when 1 <= n_tasks_valid <= 5; legacy_* keeps the original skipna row mean for traceability and is NOT a six-task mean
DreadPoor_Rusted_Platinum-8B-LINEAR,DreadPoor/Rusted_Platinum-8B-LINEAR,0.7179838384375679,0.5413990626627322,0.1722054380664652,0.2802013422818792,0.3955026455026455,0.3730053191489361,1,1,1,1,1,1,6,True,0.4133829410167044,,1,1,0,False,False,0.4133829410167044,True,six_task_mean_complete_only = mean of six tasks ONLY when n_tasks_valid == 6; partial_task_mean = mean over the available tasks ONLY when 1 <= n_tasks_valid <= 5; legacy_* keeps the original skipna row mean for traceability and is NOT a six-task mean
DreadPoor_Rusted_Platinum-8B-Model_Stock,DreadPoor/Rusted_Platinum-8B-Model_Stock,0.4407882197015031,0.5228258982815484,0.1019637462235649,0.2684563758389262,0.373015873015873,0.3546376329787234,1,1,1,1,1,1,6,True,0.34361462434002316,,1,1,0,False,False,0.34361462434002316,True,six_task_mean_complete_only = mean of six tasks ONLY when n_tasks_valid == 6; partial_task_mean = mean over the available tasks ONLY when 1 <= n_tasks_valid <= 5; legacy_* keeps the original skipna row mean for traceability and is NOT a six-task mean
DreadPoor_Sellen-8B-model_stock,DreadPoor/Sellen-8B-model_stock,0.7112893788481229,0.5223051553549731,0.1336858006042296,0.2743288590604026,0.3955026455026455,0.3569647606382978,2,2,2,2,2,2,6,True,0.399012766668112,,2,2,0,False,False,0.399012766668112,True,six_task_mean_complete_only = mean of six tasks ONLY when n_tasks_valid == 6; partial_task_mean = mean over the available tasks ONLY when 1 <= n_tasks_valid <= 5; legacy_* keeps the original skipna row mean for traceability and is NOT a six-task mean
DreadPoor_Something-8B-Model_Stock,DreadPoor/Something-8B-Model_Stock,0.5043107842746135,0.5382746051032807,0.1797583081570997,0.3171140939597315,0.4179894179894179,0.3885472074468085,2,2,2,2,2,2,6,True,0.39099906948849195,,2,2,0,False,False,0.39099906948849195,True,six_task_mean_complete_only = mean of six tasks ONLY when n_tasks_valid == 6; partial_task_mean = mean over the available tasks ONLY when 1 <= n_tasks_valid <= 5; legacy_* keeps the original skipna row mean for traceability and is NOT a six-task mean
DreadPoor_Spring_Dusk-8B-SCE,DreadPoor/Spring_Dusk-8B-SCE,0.6514636719459922,0.5618816177746919,0.0762839879154078,0.287751677852349,0.458994708994709,0.3435837765957447,2,2,2,2,2,2,6,True,0.39665990684648245,,2,2,0,False,False,0.39665990684648245,True,six_task_mean_complete_only = mean of six tasks ONLY when n_tasks_valid == 6; partial_task_mean = mean over the available tasks ONLY when 1 <= n_tasks_valid <= 5; legacy_* keeps the original skipna row mean for traceability and is NOT a six-task mean
DreadPoor_Summer_Dawn-8B-SCE,DreadPoor/Summer_Dawn-8B-SCE,0.6642032030567783,0.5368859572990801,0.1722054380664652,0.3003355704697986,0.4113756613756614,0.3753324468085106,2,2,2,2,2,2,6,True,0.4100563795127157,,2,2,0,False,False,0.4100563795127157,True,six_task_mean_complete_only = mean of six tasks ONLY when n_tasks_valid == 6; partial_task_mean = mean over the available tasks ONLY when 1 <= n_tasks_valid <= 5; legacy_* keeps the original skipna row mean for traceability and is NOT a six-task mean
DreadPoor_Summer_Dusk-8B-TIES,DreadPoor/Summer_Dusk-8B-TIES,0.4922206412319312,0.5344558236417288,0.1805135951661631,0.3070469798657718,0.4259259259259259,0.3855551861702128,2,2,2,2,2,2,6,True,0.38761969200028895,,2,2,0,False,False,0.38761969200028895,True,six_task_mean_complete_only = mean of six tasks ONLY when n_tasks_valid == 6; partial_task_mean = mean over the available tasks ONLY when 1 <= n_tasks_valid <= 5; legacy_* keeps the original skipna row mean for traceability and is NOT a six-task mean
DreadPoor_Summer_Rain-8B-SCE,DreadPoor/Summer_Rain-8B-SCE,0.5459259210007226,0.5837528206908523,0.0702416918429003,0.3036912751677852,0.4470899470899471,0.3550531914893617,2,2,2,2,2,2,6,True,0.3842924745469282,,2,2,0,False,False,0.3842924745469282,True,six_task_mean_complete_only = mean of six tasks ONLY when n_tasks_valid == 6; partial_task_mean = mean over the available tasks ONLY when 1 <= n_tasks_valid <= 5; legacy_* keeps the original skipna row mean for traceability and is NOT a six-task mean
DreadPoor_Summer_Rain-8B-TIES,DreadPoor/Summer_Rain-8B-TIES,0.5444021861992845,0.5837528206908523,0.0702416918429003,0.3036912751677852,0.4470899470899471,0.3550531914893617,2,2,2,2,2,2,6,True,0.38403851874668854,,2,2,0,False,False,0.38403851874668854,True,six_task_mean_complete_only = mean of six tasks ONLY when n_tasks_valid == 6; partial_task_mean = mean over the available tasks ONLY when 1 <= n_tasks_valid <= 5; legacy_* keeps the original skipna row mean for traceability and is NOT a six-task mean
DreadPoor_Sun-8B-Model_Stock,DreadPoor/Sun-8B-Model_Stock,0.7758358932077998,0.524214546085749,0.2099697885196374,0.299496644295302,0.4087301587301587,0.3834773936170212,2,2,2,2,2,2,6,True,0.43362073740927803,,2,2,0,False,False,0.43362073740927803,True,six_task_mean_complete_only = mean of six tasks ONLY when n_tasks_valid == 6; partial_task_mean = mean over the available tasks ONLY when 1 <= n_tasks_valid <= 5; legacy_* keeps the original skipna row mean for traceability and is NOT a six-task mean
DreadPoor_Sweetened_Condensed_Milk-8B-Model_Stock,DreadPoor/Sweetened_Condensed_Milk-8B-Model_Stock,0.7417142071924716,0.538795348029856,0.1873111782477341,0.3028523489932886,0.41005291005291,0.3848071808510638,2,2,2,2,2,2,6,True,0.42758886222788733,,2,2,0,False,False,0.42758886222788733,True,six_task_mean_complete_only = mean of six tasks ONLY when n_tasks_valid == 6; partial_task_mean = mean over the available tasks ONLY when 1 <= n_tasks_valid <= 5; legacy_* keeps the original skipna row mean for traceability and is NOT a six-task mean
DreadPoor_TEST02-Ignore,DreadPoor/TEST02-Ignore,0.6118964347930158,0.5591043221662906,0.086858006042296,0.2843959731543624,0.4193121693121693,0.3468251329787234,2,2,2,2,2,2,6,True,0.38473200640780963,,2,2,0,False,False,0.38473200640780963,True,six_task_mean_complete_only = mean of six tasks ONLY when n_tasks_valid == 6; partial_task_mean = mean over the available tasks ONLY when 1 <= n_tasks_valid <= 5; legacy_* keeps the original skipna row mean for traceability and is NOT a six-task mean
DreadPoor_TEST03-ignore,DreadPoor/TEST03-ignore,0.6967014189018471,0.536712376323555,0.1654078549848942,0.3087248322147651,0.4179894179894179,0.37890625,2,2,2,2,2,2,6,True,0.41740702506907984,,2,2,0,False,False,0.41740702506907984,True,six_task_mean_complete_only = mean of six tasks ONLY when n_tasks_valid == 6; partial_task_mean = mean over the available tasks ONLY when 1 <= n_tasks_valid <= 5; legacy_* keeps the original skipna row mean for traceability and is NOT a six-task mean
DreadPoor_TEST06-ignore,DreadPoor/TEST06-ignore,0.7322969720342026,0.5505988543655616,0.1178247734138972,0.2869127516778523,0.421957671957672,0.3615359042553192,2,2,2,2,2,2,6,True,0.4118544879507508,,2,2,0,False,False,0.4118544879507508,True,six_task_mean_complete_only = mean of six tasks ONLY when n_tasks_valid == 6; partial_task_mean = mean over the available tasks ONLY when 1 <= n_tasks_valid <= 5; legacy_* keeps the original skipna row mean for traceability and is NOT a six-task mean
DreadPoor_TEST07-ignore,DreadPoor/TEST07-ignore,0.7399655137258031,0.5547647977781636,0.1661631419939577,0.3087248322147651,0.4087301587301587,0.3879654255319149,2,2,2,2,2,2,6,True,0.42771897832912714,,2,2,0,False,False,0.42771897832912714,True,six_task_mean_complete_only = mean of six tasks ONLY when n_tasks_valid == 6; partial_task_mean = mean over the available tasks ONLY when 1 <= n_tasks_valid <= 5; legacy_* keeps the original skipna row mean for traceability and is NOT a six-task mean
DreadPoor_TEST08-ignore,DreadPoor/TEST08-ignore,0.7466599733152479,0.5434820343690332,0.18202416918429,0.3129194630872483,0.4074074074074074,0.3853058510638298,2,2,2,2,2,2,6,True,0.4296331497378428,,2,2,0,False,False,0.4296331497378428,True,six_task_mean_complete_only = mean of six tasks ONLY when n_tasks_valid == 6; partial_task_mean = mean over the available tasks ONLY when 1 <= n_tasks_valid <= 5; legacy_* keeps the original skipna row mean for traceability and is NOT a six-task mean
DreadPoor_Trinas_Nectar-8B-model_stock,DreadPoor/Trinas_Nectar-8B-model_stock,0.7259272064788096,0.5245617080367991,0.1525679758308157,0.2860738255033557,0.4060846560846561,0.3617852393617021,2,2,2,2,2,2,6,True,0.40950010188268976,,2,2,0,False,False,0.40950010188268976,True,six_task_mean_complete_only = mean of six tasks ONLY when n_tasks_valid == 6; partial_task_mean = mean over the available tasks ONLY when 1 <= n_tasks_valid <= 5; legacy_* keeps the original skipna row mean for traceability and is NOT a six-task mean
DreadPoor_UNTESTED-VENN_1.2-8B-Model_Stock,DreadPoor/UNTESTED-VENN_1.2-8B-Model_Stock,0.471762700745134,0.5455650060753341,0.1540785498489426,0.3154362416107382,0.4444444444444444,0.378656914893617,2,2,2,2,2,2,6,True,0.38499064293636837,,2,2,0,False,False,0.38499064293636837,True,six_task_mean_complete_only = mean of six tasks ONLY when n_tasks_valid == 6; partial_task_mean = mean over the available tasks ONLY when 1 <= n_tasks_valid <= 5; legacy_* keeps the original skipna row mean for traceability and is NOT a six-task mean
DreadPoor_VENN_1.2-8B-Model_Stock,DreadPoor/VENN_1.2-8B-Model_Stock,0.7226049105262924,0.5446971011977088,0.1706948640483383,0.296979865771812,0.4193121693121693,0.3720910904255319,2,2,2,2,2,2,6,True,0.4210633335469754,,2,2,0,False,False,0.4210633335469754,True,six_task_mean_complete_only = mean of six tasks ONLY when n_tasks_valid == 6; partial_task_mean = mean over the available tasks ONLY when 1 <= n_tasks_valid <= 5; legacy_* keeps the original skipna row mean for traceability and is NOT a six-task mean
DreadPoor_WIP-Acacia-8B-Model_Stock,DreadPoor/WIP-Acacia-8B-Model_Stock,0.6246359659038019,0.5169241451136956,0.1669184290030211,0.3062080536912752,0.421957671957672,0.3736702127659574,2,2,2,2,2,2,6,True,0.4017190797392372,,2,2,0,False,False,0.4017190797392372,True,six_task_mean_complete_only = mean of six tasks ONLY when n_tasks_valid == 6; partial_task_mean = mean over the available tasks ONLY when 1 <= n_tasks_valid <= 5; legacy_* keeps the original skipna row mean for traceability and is NOT a six-task mean
DreadPoor_WIP_Damascus-8B-TIES,DreadPoor/WIP_Damascus-8B-TIES,0.4776326812856554,0.5396632529074813,0.1654078549848942,0.3070469798657718,0.4113756613756614,0.3760804521276595,2,2,2,2,2,2,6,True,0.37953448042452065,,2,2,0,False,False,0.37953448042452065,True,six_task_mean_complete_only = mean of six tasks ONLY when n_tasks_valid == 6; partial_task_mean = mean over the available tasks ONLY when 1 <= n_tasks_valid <= 5; legacy_* keeps the original skipna row mean for traceability and is NOT a six-task mean
DreadPoor_Wannabe-8B-Model_Stock,DreadPoor/Wannabe-8B-Model_Stock,0.7204816553411615,0.536712376323555,0.1774924471299093,0.3011744966442953,0.4126984126984127,0.383061835106383,2,2,2,2,2,2,6,True,0.4219368705406194,,2,2,0,False,False,0.4219368705406194,True,six_task_mean_complete_only = mean of six tasks ONLY when n_tasks_valid == 6; partial_task_mean = mean over the available tasks ONLY when 1 <= n_tasks_valid <= 5; legacy_* keeps the original skipna row mean for traceability and is NOT a six-task mean
DreadPoor_What_A_Thrill-8B-Model_Stock,DreadPoor/What_A_Thrill-8B-Model_Stock,0.7064433480941679,0.5299427182780767,0.18202416918429,0.296979865771812,0.4074074074074074,0.3615359042553192,2,2,2,2,2,2,6,True,0.4140555688318455,,2,2,0,False,False,0.4140555688318455,True,six_task_mean_complete_only = mean of six tasks ONLY when n_tasks_valid == 6; partial_task_mean = mean over the available tasks ONLY when 1 <= n_tasks_valid <= 5; legacy_* keeps the original skipna row mean for traceability and is NOT a six-task mean
DreadPoor_Winter-8B-SCE,DreadPoor/Winter-8B-SCE,0.7536292592543341,0.5240409651102239,0.1918429003021148,0.299496644295302,0.4060846560846561,0.3838929521276595,2,2,2,2,2,2,6,True,0.42649789619571504,,2,2,0,False,False,0.42649789619571504,True,six_task_mean_complete_only = mean of six tasks ONLY when n_tasks_valid == 6; partial_task_mean = mean over the available tasks ONLY when 1 <= n_tasks_valid <= 5; legacy_* keeps the original skipna row mean for traceability and is NOT a six-task mean
DreadPoor_Winter_Dawn-8B-TIES,DreadPoor/Winter_Dawn-8B-TIES,0.5496482665992899,0.5287276514494011,0.175226586102719,0.3095637583892617,0.4272486772486772,0.3910405585106383,1,1,1,1,1,1,6,True,0.3969092497166646,,2,1,1,True,True,0.3969092497166646,True,six_task_mean_complete_only = mean of six tasks ONLY when n_tasks_valid == 6; partial_task_mean = mean over the available tasks ONLY when 1 <= n_tasks_valid <= 5; legacy_* keeps the original skipna row mean for traceability and is NOT a six-task mean
DreadPoor_Winter_Dusk-8B-TIES,DreadPoor/Winter_Dusk-8B-TIES,0.7152610628687439,0.4936642943933345,0.0717522658610271,0.299496644295302,0.3677248677248677,0.3478224734042553,2,2,2,2,2,2,6,True,0.3826202680912551,,2,2,0,False,False,0.3826202680912551,True,six_task_mean_complete_only = mean of six tasks ONLY when n_tasks_valid == 6; partial_task_mean = mean over the available tasks ONLY when 1 <= n_tasks_valid <= 5; legacy_* keeps the original skipna row mean for traceability and is NOT a six-task mean
DreadPoor_Winter_Night-8B-Model_Stock,DreadPoor/Winter_Night-8B-Model_Stock,0.7040452665593957,0.5170977260892207,0.1457703927492447,0.3062080536912752,0.3902116402116402,0.3666057180851064,1,1,1,1,1,1,6,True,0.40498979956431375,,1,1,0,False,False,0.40498979956431375,True,six_task_mean_complete_only = mean of six tasks ONLY when n_tasks_valid == 6; partial_task_mean = mean over the available tasks ONLY when 1 <= n_tasks_valid <= 5; legacy_* keeps the original skipna row mean for traceability and is NOT a six-task mean
DreadPoor_Yafune-8B-Model_Stock,DreadPoor/Yafune-8B-Model_Stock,0.7533045652202822,0.5453914250998091,0.1661631419939577,0.3271812080536913,0.4166666666666667,0.3850565159574468,1,1,1,1,1,1,6,True,0.43229392049864224,,1,1,0,False,False,0.43229392049864224,True,six_task_mean_complete_only = mean of six tasks ONLY when n_tasks_valid == 6; partial_task_mean = mean over the available tasks ONLY when 1 <= n_tasks_valid <= 5; legacy_* keeps the original skipna row mean for traceability and is NOT a six-task mean
DreadPoor_Yearn_V3-8B-Model_Stock,DreadPoor/Yearn_V3-8B-Model_Stock,0.7289746760816855,0.5318521090088526,0.1895770392749244,0.3053691275167785,0.3902116402116402,0.3801529255319149,2,2,2,2,2,2,6,True,0.42102291960429933,,2,2,0,False,False,0.42102291960429933,True,six_task_mean_complete_only = mean of six tasks ONLY when n_tasks_valid == 6; partial_task_mean = mean over the available tasks ONLY when 1 <= n_tasks_valid <= 5; legacy_* keeps the original skipna row mean for traceability and is NOT a six-task mean
DreadPoor_ZEUS-8B-V17-Abliterated_ALT,DreadPoor/ZEUS-8B-V17-Abliterated_ALT,0.5511221337163171,0.5210900885262976,0.1903323262839879,0.3078859060402684,0.414021164021164,0.3890458776595745,2,2,2,2,2,2,6,True,0.3955829160412683,,2,2,0,False,False,0.3955829160412683,True,six_task_mean_complete_only = mean of six tasks ONLY when n_tasks_valid == 6; partial_task_mean = mean over the available tasks ONLY when 1 <= n_tasks_valid <= 5; legacy_* keeps the original skipna row mean for traceability and is NOT a six-task mean
DreadPoor_Zelus-8B-Model_Stock,DreadPoor/Zelus-8B-Model_Stock,0.778833495126265,0.5295955563270266,0.1646525679758308,0.3062080536912752,0.4206349206349206,0.3841422872340425,2,2,2,2,2,2,6,True,0.4306778134982268,,2,2,0,False,False,0.4306778134982268,True,six_task_mean_complete_only = mean of six tasks ONLY when n_tasks_valid == 6; partial_task_mean = mean over the available tasks ONLY when 1 <= n_tasks_valid <= 5; legacy_* keeps the original skipna row mean for traceability and is NOT a six-task mean
DreadPoor_Zelus_V2-8B-Model_Stock,DreadPoor/Zelus_V2-8B-Model_Stock,0.7898243327703826,0.5334143377885784,0.2054380664652568,0.3095637583892617,0.3955026455026455,0.3833111702127659,2,2,2,2,2,2,6,True,0.43617571852148185,,2,2,0,False,False,0.43617571852148185,True,six_task_mean_complete_only = mean of six tasks ONLY when n_tasks_valid == 6; partial_task_mean = mean over the available tasks ONLY when 1 <= n_tasks_valid <= 5; legacy_* keeps the original skipna row mean for traceability and is NOT a six-task mean
DreadPoor_felix_dies-mistral-7B-model_stock,DreadPoor/felix_dies-mistral-7B-model_stock,0.3007786007792656,0.4877625412254817,0.0536253776435045,0.2919463087248322,0.451058201058201,0.3109208776595745,2,2,2,2,2,2,6,True,0.31601531784847653,,2,2,0,False,False,0.31601531784847653,True,six_task_mean_complete_only = mean of six tasks ONLY when n_tasks_valid == 6; partial_task_mean = mean over the available tasks ONLY when 1 <= n_tasks_valid <= 5; legacy_* keeps the original skipna row mean for traceability and is NOT a six-task mean
DreadPoor_hakuchido-8B-MODEL_STOCK,DreadPoor/hakuchido-8B-MODEL_STOCK,0.7375175645066203,0.5379274431522305,0.1948640483383685,0.2953020134228188,0.4166666666666667,0.3781582446808511,1,1,1,1,1,1,6,True,0.42673933012792603,,1,1,0,False,False,0.42673933012792603,True,six_task_mean_complete_only = mean of six tasks ONLY when n_tasks_valid == 6; partial_task_mean = mean over the available tasks ONLY when 1 <= n_tasks_valid <= 5; legacy_* keeps the original skipna row mean for traceability and is NOT a six-task mean
DreadPoor_ichor-8B-Model_Stock,DreadPoor/ichor-8B-Model_Stock,0.5386319410275846,0.5075507724353411,0.1087613293051359,0.3238255033557047,0.4206349206349206,0.3150764627659574,1,1,1,1,1,1,6,True,0.36908015492077406,,1,1,0,False,False,0.36908015492077406,True,six_task_mean_complete_only = mean of six tasks ONLY when n_tasks_valid == 6; partial_task_mean = mean over the available tasks ONLY when 1 <= n_tasks_valid <= 5; legacy_* keeps the original skipna row mean for traceability and is NOT a six-task mean
DreadPoor_ichor_1.1-8B-Model_Stock,DreadPoor/ichor_1.1-8B-Model_Stock,0.8096328851890761,0.5257767748654747,0.1774924471299093,0.3062080536912752,0.4060846560846561,0.3855551861702128,1,1,1,1,1,1,6,True,0.43512500052176734,,1,1,0,False,False,0.43512500052176734,True,six_task_mean_complete_only = mean of six tasks ONLY when n_tasks_valid == 6; partial_task_mean = mean over the available tasks ONLY when 1 <= n_tasks_valid <= 5; legacy_* keeps the original skipna row mean for traceability and is NOT a six-task mean
DreadPoor_inexpertus-8B-Model_Stock,DreadPoor/inexpertus-8B-Model_Stock,0.7795327508787795,0.52629751779205,0.1706948640483383,0.3095637583892617,0.4113756613756614,0.3790724734042553,1,1,1,1,1,1,6,True,0.4294228376480576,,1,1,0,False,False,0.4294228376480576,True,six_task_mean_complete_only = mean of six tasks ONLY when n_tasks_valid == 6; partial_task_mean = mean over the available tasks ONLY when 1 <= n_tasks_valid <= 5; legacy_* keeps the original skipna row mean for traceability and is NOT a six-task mean
DreadPoor_inexpertus_1.1-8B-LINEAR,DreadPoor/inexpertus_1.1-8B-LINEAR,0.7527050448365891,0.5509460163166117,0.1729607250755287,0.2978187919463087,0.4166666666666667,0.3827293882978723,1,1,1,1,1,1,6,True,0.42897110552326284,,1,1,0,False,False,0.42897110552326284,True,six_task_mean_complete_only = mean of six tasks ONLY when n_tasks_valid == 6; partial_task_mean = mean over the available tasks ONLY when 1 <= n_tasks_valid <= 5; legacy_* keeps the original skipna row mean for traceability and is NOT a six-task mean
DreadPoor_inexpertus_1.2-8B-LINEAR,DreadPoor/inexpertus_1.2-8B-LINEAR,0.7347947889377962,0.5505988543655616,0.1586102719033232,0.2953020134228188,0.4126984126984127,0.3788231382978723,1,1,1,1,1,1,6,True,0.4218045799376308,,1,1,0,False,False,0.4218045799376308,True,six_task_mean_complete_only = mean of six tasks ONLY when n_tasks_valid == 6; partial_task_mean = mean over the available tasks ONLY when 1 <= n_tasks_valid <= 5; legacy_* keeps the original skipna row mean for traceability and is NOT a six-task mean
DreadPoor_mergekit-nuslerp-nqzkedi,DreadPoor/mergekit-nuslerp-nqzkedi,0.7764852812759035,0.5351501475438292,0.1880664652567975,0.3011744966442953,0.421957671957672,0.3918716755319149,2,2,2,2,2,2,6,True,0.4357842897017354,,2,2,0,False,False,0.4357842897017354,True,six_task_mean_complete_only = mean of six tasks ONLY when n_tasks_valid == 6; partial_task_mean = mean over the available tasks ONLY when 1 <= n_tasks_valid <= 5; legacy_* keeps the original skipna row mean for traceability and is NOT a six-task mean
DreadPoor_remember_to_breathe-8b-Model-Stock,DreadPoor/remember_to_breathe-8b-Model-Stock,0.7104150321147887,0.5394896719319563,0.1487915407854985,0.3011744966442953,0.414021164021164,0.3760804521276595,2,2,2,2,2,2,6,True,0.4149953929375603,,2,2,0,False,False,0.4149953929375603,True,six_task_mean_complete_only = mean of six tasks ONLY when n_tasks_valid == 6; partial_task_mean = mean over the available tasks ONLY when 1 <= n_tasks_valid <= 5; legacy_* keeps the original skipna row mean for traceability and is NOT a six-task mean
DreadPoor_test,DreadPoor/test,0.4936945083489585,0.5344558236417288,0.1933534743202417,0.2709731543624161,0.4338624338624338,0.3646941489361702,2,2,2,2,2,2,6,True,0.3818389239119915,,2,2,0,False,False,0.3818389239119915,True,six_task_mean_complete_only = mean of six tasks ONLY when n_tasks_valid == 6; partial_task_mean = mean over the available tasks ONLY when 1 <= n_tasks_valid <= 5; legacy_* keeps the original skipna row mean for traceability and is NOT a six-task mean
DreadPoor_test_ALT,DreadPoor/test_ALT,0.499689712185889,0.5344558236417288,0.1706948640483383,0.2692953020134228,0.4351851851851852,0.3492353723404255,2,2,2,2,2,2,6,True,0.37642604323583156,,2,2,0,False,False,0.37642604323583156,True,six_task_mean_complete_only = mean of six tasks ONLY when n_tasks_valid == 6; partial_task_mean = mean over the available tasks ONLY when 1 <= n_tasks_valid <= 5; legacy_* keeps the original skipna row mean for traceability and is NOT a six-task mean
DreadPoor_tests_pending-do_not_use_yet,DreadPoor/tests_pending-do_not_use_yet,0.7691414336183549,0.5382746051032807,0.1978851963746223,0.296979865771812,0.3994708994708995,0.3827293882978723,2,2,2,2,2,2,6,True,0.43074689810614025,,2,2,0,False,False,0.43074689810614025,True,six_task_mean_complete_only = mean of six tasks ONLY when n_tasks_valid == 6; partial_task_mean = mean over the available tasks ONLY when 1 <= n_tasks_valid <= 5; legacy_* keeps the original skipna row mean for traceability and is NOT a six-task mean
EVA-UNIT-01_EVA-Qwen2.5-14B-v0.2,EVA-UNIT-01/EVA-Qwen2.5-14B-v0.2,0.4038429145777648,0.6080541572643638,0.3406344410876133,0.3942953020134228,0.4788359788359788,0.5135472074468085,1,1,1,1,1,1,6,True,0.4565350002043253,,1,1,0,False,False,0.4565350002043253,True,six_task_mean_complete_only = mean of six tasks ONLY when n_tasks_valid == 6; partial_task_mean = mean over the available tasks ONLY when 1 <= n_tasks_valid <= 5; legacy_* keeps the original skipna row mean for traceability and is NOT a six-task mean
EVA-UNIT-01_EVA-Qwen2.5-72B-v0.2,EVA-UNIT-01/EVA-Qwen2.5-72B-v0.2,0.6878837041272712,0.705433084533935,0.3904833836858006,0.4085570469798658,0.4708994708994709,0.581283244680851,1,1,1,1,1,1,6,True,0.5407566558178657,,1,1,0,False,False,0.5407566558178657,True,six_task_mean_complete_only = mean of six tasks ONLY when n_tasks_valid == 6; partial_task_mean = mean over the available tasks ONLY when 1 <= n_tasks_valid <= 5; legacy_* keeps the original skipna row mean for traceability and is NOT a six-task mean
Edgerunners_meta-llama-3-8b-instruct-hf-ortho-baukit-34fail-3000total-bf16,Edgerunners/meta-llama-3-8b-instruct-hf-ortho-baukit-34fail-3000total-bf16,0.7147114101694614,0.4966151709772609,0.0830815709969788,0.2600671140939597,0.3333333333333333,0.3636136968085106,1,1,1,1,1,1,6,True,0.37523704939658403,,1,1,0,False,False,0.37523704939658403,True,six_task_mean_complete_only = mean of six tasks ONLY when n_tasks_valid == 6; partial_task_mean = mean over the available tasks ONLY when 1 <= n_tasks_valid <= 5; legacy_* keeps the original skipna row mean for traceability and is NOT a six-task mean
EleutherAI_gpt-j-6b,EleutherAI/gpt-j-6b,0.2522185578708937,0.3167852803332754,0.0135951661631419,0.2458053691275167,0.365079365079365,0.1240857712765957,1,1,1,1,1,1,6,True,0.21959491830846475,,1,1,0,False,False,0.21959491830846475,True,six_task_mean_complete_only = mean of six tasks ONLY when n_tasks_valid == 6; partial_task_mean = mean over the available tasks ONLY when 1 <= n_tasks_valid <= 5; legacy_* keeps the original skipna row mean for traceability and is NOT a six-task mean
EleutherAI_gpt-neo-1.3B,EleutherAI/gpt-neo-1.3B,0.2079050253327836,0.3008158305849679,0.0105740181268882,0.2558724832214765,0.3809523809523809,0.1163563829787234,1,1,1,1,1,1,6,True,0.21207935353287008,,1,1,0,False,False,0.21207935353287008,True,six_task_mean_complete_only = mean of six tasks ONLY when n_tasks_valid == 6; partial_task_mean = mean over the available tasks ONLY when 1 <= n_tasks_valid <= 5; legacy_* keeps the original skipna row mean for traceability and is NOT a six-task mean
EleutherAI_gpt-neo-125m,EleutherAI/gpt-neo-125m,0.190544422133273,0.3091477174101718,0.0060422960725075,0.2533557046979866,0.3584656084656085,0.1025598404255319,1,1,1,1,1,1,6,True,0.2033525982008465,,1,1,0,False,False,0.2033525982008465,True,six_task_mean_complete_only = mean of six tasks ONLY when n_tasks_valid == 6; partial_task_mean = mean over the available tasks ONLY when 1 <= n_tasks_valid <= 5; legacy_* keeps the original skipna row mean for traceability and is NOT a six-task mean
EleutherAI_gpt-neo-2.7B,EleutherAI/gpt-neo-2.7B,0.2589628851447493,0.3105363652143725,0.0105740181268882,0.2659395973154362,0.3544973544973545,0.1162732712765957,1,1,1,1,1,1,6,True,0.21946391526256606,,1,1,0,False,False,0.21946391526256606,True,six_task_mean_complete_only = mean of six tasks ONLY when n_tasks_valid == 6; partial_task_mean = mean over the available tasks ONLY when 1 <= n_tasks_valid <= 5; legacy_* keeps the original skipna row mean for traceability and is NOT a six-task mean
EleutherAI_gpt-neox-20b,EleutherAI/gpt-neox-20b,0.2586880587951081,0.313660822773824,0.0135951661631419,0.2432885906040268,0.3637566137566138,0.1155252659574468,1,1,1,1,1,1,6,True,0.21808575300836022,,1,1,0,False,False,0.21808575300836022,True,six_task_mean_complete_only = mean of six tasks ONLY when n_tasks_valid == 6; partial_task_mean = mean over the available tasks ONLY when 1 <= n_tasks_valid <= 5; legacy_* keeps the original skipna row mean for traceability and is NOT a six-task mean
EleutherAI_pythia-1.4b,EleutherAI/pythia-1.4b,0.2370809452253354,0.3119250130185731,0.0151057401812688,0.261744966442953,0.3531746031746032,0.112283909574468,1,1,1,1,1,1,6,True,0.2152191962695336,,1,1,0,False,False,0.2152191962695336,True,six_task_mean_complete_only = mean of six tasks ONLY when n_tasks_valid == 6; partial_task_mean = mean over the available tasks ONLY when 1 <= n_tasks_valid <= 5; legacy_* keeps the original skipna row mean for traceability and is NOT a six-task mean
EleutherAI_pythia-12b,EleutherAI/pythia-12b,0.2471475684517081,0.3160909564311751,0.0166163141993957,0.2466442953020134,0.3637566137566138,0.1108710106382978,1,1,1,1,1,1,6,True,0.21685445979653395,,1,1,0,False,False,0.21685445979653395,True,six_task_mean_complete_only = mean of six tasks ONLY when n_tasks_valid == 6; partial_task_mean = mean over the available tasks ONLY when 1 <= n_tasks_valid <= 5; legacy_* keeps the original skipna row mean for traceability and is NOT a six-task mean
EleutherAI_pythia-160m,EleutherAI/pythia-160m,0.1815516163778773,0.2935254296129144,0.0090634441087613,0.2583892617449664,0.4166666666666667,0.1119514627659574,1,1,1,1,1,1,6,True,0.21185798021285726,,1,1,0,False,False,0.21185798021285726,True,six_task_mean_complete_only = mean of six tasks ONLY when n_tasks_valid == 6; partial_task_mean = mean over the available tasks ONLY when 1 <= n_tasks_valid <= 5; legacy_* keeps the original skipna row mean for traceability and is NOT a six-task mean
EleutherAI_pythia-1b,EleutherAI/pythia-1b,0.2207941594968018,0.296997049123416,0.0030211480362537,0.2567114093959731,0.3544973544973545,0.1136136968085106,1,1,1,1,1,1,6,True,0.20760580289305164,,1,1,0,False,False,0.20760580289305164,True,six_task_mean_complete_only = mean of six tasks ONLY when n_tasks_valid == 6; partial_task_mean = mean over the available tasks ONLY when 1 <= n_tasks_valid <= 5; legacy_* keeps the original skipna row mean for traceability and is NOT a six-task mean
EleutherAI_pythia-2.8b,EleutherAI/pythia-2.8b,0.2173222604910526,0.3206040617948273,0.0135951661631419,0.25,0.3478835978835979,0.1136968085106382,1,1,1,1,1,1,6,True,0.21051698247387632,,1,1,0,False,False,0.21051698247387632,True,six_task_mean_complete_only = mean of six tasks ONLY when n_tasks_valid == 6; partial_task_mean = mean over the available tasks ONLY when 1 <= n_tasks_valid <= 5; legacy_* keeps the original skipna row mean for traceability and is NOT a six-task mean
EleutherAI_pythia-410m,EleutherAI/pythia-410m,0.219545251045005,0.2994271827807672,0.0098187311178247,0.259228187919463,0.3571428571428571,0.112782579787234,1,1,1,1,1,1,6,True,0.20965746496552518,,1,1,0,False,False,0.20965746496552518,True,six_task_mean_complete_only = mean of six tasks ONLY when n_tasks_valid == 6; partial_task_mean = mean over the available tasks ONLY when 1 <= n_tasks_valid <= 5; legacy_* keeps the original skipna row mean for traceability and is NOT a six-task mean
EleutherAI_pythia-6.9b,EleutherAI/pythia-6.9b,0.2281136273975274,0.3202568998437771,0.0075528700906344,0.2516778523489933,0.3584656084656085,0.1146941489361702,1,1,1,1,1,1,6,True,0.2134601678471185,,1,1,0,False,False,0.2134601678471185,True,six_task_mean_complete_only = mean of six tasks ONLY when n_tasks_valid == 6; partial_task_mean = mean over the available tasks ONLY when 1 <= n_tasks_valid <= 5; legacy_* keeps the original skipna row mean for traceability and is NOT a six-task mean
Enno-Ai_EnnoAi-Pro-French-Llama-3-8B-v0.4,Enno-Ai/EnnoAi-Pro-French-Llama-3-8B-v0.4,0.4188807918545016,0.404270091997917,0.0060422960725075,0.2709731543624161,0.4166666666666667,0.2634640957446808,1,1,1,1,1,1,6,True,0.29671618278311496,,1,1,0,False,False,0.29671618278311496,True,six_task_mean_complete_only = mean of six tasks ONLY when n_tasks_valid == 6; partial_task_mean = mean over the available tasks ONLY when 1 <= n_tasks_valid <= 5; legacy_* keeps the original skipna row mean for traceability and is NOT a six-task mean
Enno-Ai_EnnoAi-Pro-Llama-3-8B,Enno-Ai/EnnoAi-Pro-Llama-3-8B,0.3195377154838051,0.4108661690678701,0.0219033232628398,0.261744966442953,0.4060846560846561,0.2150930851063829,1,1,1,1,1,1,6,True,0.2725383192414178,,1,1,0,False,False,0.2725383192414178,True,six_task_mean_complete_only = mean of six tasks ONLY when n_tasks_valid == 6; partial_task_mean = mean over the available tasks ONLY when 1 <= n_tasks_valid <= 5; legacy_* keeps the original skipna row mean for traceability and is NOT a six-task mean
Enno-Ai_EnnoAi-Pro-Llama-3-8B-v0.3,Enno-Ai/EnnoAi-Pro-Llama-3-8B-v0.3,0.5082569803676467,0.4070473876063183,0.0483383685800604,0.2651006711409396,0.4232804232804232,0.2990359042553192,1,1,1,1,1,1,6,True,0.32517662253845125,,1,1,0,False,False,0.32517662253845125,True,six_task_mean_complete_only = mean of six tasks ONLY when n_tasks_valid == 6; partial_task_mean = mean over the available tasks ONLY when 1 <= n_tasks_valid <= 5; legacy_* keeps the original skipna row mean for traceability and is NOT a six-task mean
Enno-Ai_EnnoAi-Pro-Llama-3.1-8B-v0.9,Enno-Ai/EnnoAi-Pro-Llama-3.1-8B-v0.9,0.4689147018799009,0.4120812358965457,0.0377643504531722,0.2659395973154362,0.3822751322751322,0.2595578457446808,1,1,1,1,1,1,6,True,0.304422143927478,,1,1,0,False,False,0.304422143927478,True,six_task_mean_complete_only = mean of six tasks ONLY when n_tasks_valid == 6; partial_task_mean = mean over the available tasks ONLY when 1 <= n_tasks_valid <= 5; legacy_* keeps the original skipna row mean for traceability and is NOT a six-task mean
EnnoAi_EnnoAi-Pro-Llama-3.1-8B-v1.0,EnnoAi/EnnoAi-Pro-Llama-3.1-8B-v1.0,0.4704384366813389,0.4120812358965457,0.0,0.2659395973154362,0.3822751322751322,0.2595578457446808,1,1,1,1,1,1,6,True,0.29838204131885565,,1,1,0,False,False,0.29838204131885565,True,six_task_mean_complete_only = mean of six tasks ONLY when n_tasks_valid == 6; partial_task_mean = mean over the available tasks ONLY when 1 <= n_tasks_valid <= 5; legacy_* keeps the original skipna row mean for traceability and is NOT a six-task mean
Epiculous_Azure_Dusk-v0.2,Epiculous/Azure_Dusk-v0.2,0.346715603487635,0.4093039402881444,0.0294561933534743,0.2609060402684564,0.3822751322751322,0.3034408244680851,1,1,1,1,1,1,6,True,0.2886829556901545,,1,1,0,False,False,0.2886829556901545,True,six_task_mean_complete_only = mean of six tasks ONLY when n_tasks_valid == 6; partial_task_mean = mean over the available tasks ONLY when 1 <= n_tasks_valid <= 5; legacy_* keeps the original skipna row mean for traceability and is NOT a six-task mean
Epiculous_Crimson_Dawn-v0.2,Epiculous/Crimson_Dawn-v0.2,0.3103454389907667,0.4461031070994619,0.0430513595166163,0.276006711409396,0.414021164021164,0.2721077127659574,1,1,1,1,1,1,6,True,0.2936059156338937,,1,1,0,False,False,0.2936059156338937,True,six_task_mean_complete_only = mean of six tasks ONLY when n_tasks_valid == 6; partial_task_mean = mean over the available tasks ONLY when 1 <= n_tasks_valid <= 5; legacy_* keeps the original skipna row mean for traceability and is NOT a six-task mean
Epiculous_NovaSpark,Epiculous/NovaSpark,0.6408473960203371,0.5037319909737893,0.1518126888217522,0.2978187919463087,0.3875661375661375,0.3648603723404255,1,1,1,1,1,1,6,True,0.3911062296114583,,1,1,0,False,False,0.3911062296114583,True,six_task_mean_complete_only = mean of six tasks ONLY when n_tasks_valid == 6; partial_task_mean = mean over the available tasks ONLY when 1 <= n_tasks_valid <= 5; legacy_* keeps the original skipna row mean for traceability and is NOT a six-task mean
Epiculous_Violet_Twilight-v0.2,Epiculous/Violet_Twilight-v0.2,0.4531775688506496,0.4591216802638431,0.0287009063444108,0.2659395973154362,0.4285714285714285,0.3110871010638298,1,1,1,1,1,1,6,True,0.32443304706826637,,1,1,0,False,False,0.32443304706826637,True,six_task_mean_complete_only = mean of six tasks ONLY when n_tasks_valid == 6; partial_task_mean = mean over the available tasks ONLY when 1 <= n_tasks_valid <= 5; legacy_* keeps the original skipna row mean for traceability and is NOT a six-task mean
EpistemeAI2_Athene-codegemma-2-7b-it-alpaca-v1.2,EpistemeAI2/Athene-codegemma-2-7b-it-alpaca-v1.2,0.4351177098986245,0.4134698837007464,0.0339879154078549,0.2709731543624161,0.4166666666666667,0.229720744680851,1,1,1,1,1,1,6,True,0.2999893457861933,,1,1,0,False,False,0.2999893457861933,True,six_task_mean_complete_only = mean of six tasks ONLY when n_tasks_valid == 6; partial_task_mean = mean over the available tasks ONLY when 1 <= n_tasks_valid <= 5; legacy_* keeps the original skipna row mean for traceability and is NOT a six-task mean
EpistemeAI2_Fireball-12B-v1.2,EpistemeAI2/Fireball-12B-v1.2,0.1355392580575096,0.4993924665856622,0.0415407854984894,0.2986577181208054,0.4166666666666667,0.3336934840425531,1,1,1,1,1,1,6,True,0.2875817298286144,,1,1,0,False,False,0.2875817298286144,True,six_task_mean_complete_only = mean of six tasks ONLY when n_tasks_valid == 6; partial_task_mean = mean over the available tasks ONLY when 1 <= n_tasks_valid <= 5; legacy_* keeps the original skipna row mean for traceability and is NOT a six-task mean
EpistemeAI2_Fireball-Alpaca-Llama3.1-8B-Philos,EpistemeAI2/Fireball-Alpaca-Llama3.1-8B-Philos,0.498640274471735,0.496962332928311,0.1185800604229607,0.2927852348993288,0.4272486772486772,0.3405917553191489,1,1,1,1,1,1,6,True,0.36246805588169356,,1,1,0,False,False,0.36246805588169356,True,six_task_mean_complete_only = mean of six tasks ONLY when n_tasks_valid == 6; partial_task_mean = mean over the available tasks ONLY when 1 <= n_tasks_valid <= 5; legacy_* keeps the original skipna row mean for traceability and is NOT a six-task mean
EpistemeAI2_Fireball-Alpaca-Llama3.1.01-8B-Philos,EpistemeAI2/Fireball-Alpaca-Llama3.1.01-8B-Philos,0.4211791380204523,0.4945321992709599,0.1359516616314199,0.2885906040268456,0.4365079365079365,0.3383477393617021,1,1,1,1,1,1,6,True,0.35251821313655274,,1,1,0,False,False,0.35251821313655274,True,six_task_mean_complete_only = mean of six tasks ONLY when n_tasks_valid == 6; partial_task_mean = mean over the available tasks ONLY when 1 <= n_tasks_valid <= 5; legacy_* keeps the original skipna row mean for traceability and is NOT a six-task mean
EpistemeAI2_Fireball-Alpaca-Llama3.1.03-8B-Philos,EpistemeAI2/Fireball-Alpaca-Llama3.1.03-8B-Philos,0.3880814017916905,0.4940114563443846,0.1283987915407855,0.2785234899328859,0.4272486772486772,0.3355219414893617,1,1,1,1,1,1,6,True,0.3419642930579642,,1,1,0,False,False,0.3419642930579642,True,six_task_mean_complete_only = mean of six tasks ONLY when n_tasks_valid == 6; partial_task_mean = mean over the available tasks ONLY when 1 <= n_tasks_valid <= 5; legacy_* keeps the original skipna row mean for traceability and is NOT a six-task mean
EpistemeAI2_Fireball-Alpaca-Llama3.1.04-8B-Philos,EpistemeAI2/Fireball-Alpaca-Llama3.1.04-8B-Philos,0.4084396069096663,0.4915813226870335,0.1027190332326284,0.2902684563758389,0.4365079365079365,0.3402593085106383,1,1,1,1,1,1,6,True,0.34496261070395695,,1,1,0,False,False,0.34496261070395695,True,six_task_mean_complete_only = mean of six tasks ONLY when n_tasks_valid == 6; partial_task_mean = mean over the available tasks ONLY when 1 <= n_tasks_valid <= 5; legacy_* keeps the original skipna row mean for traceability and is NOT a six-task mean
EpistemeAI2_Fireball-Alpaca-Llama3.1.06-8B-Philos-dpo,EpistemeAI2/Fireball-Alpaca-Llama3.1.06-8B-Philos-dpo,0.4865756193566404,0.4867210553723312,0.1170694864048338,0.2978187919463087,0.3928571428571428,0.3614527925531915,1,1,1,1,1,1,6,True,0.35708248141507476,,1,1,0,False,False,0.35708248141507476,True,six_task_mean_complete_only = mean of six tasks ONLY when n_tasks_valid == 6; partial_task_mean = mean over the available tasks ONLY when 1 <= n_tasks_valid <= 5; legacy_* keeps the original skipna row mean for traceability and is NOT a six-task mean
EpistemeAI2_Fireball-Alpaca-Llama3.1.07-8B-Philos-Math,EpistemeAI2/Fireball-Alpaca-Llama3.1.07-8B-Philos-Math,0.5079079065767719,0.4832494358618295,0.1200906344410876,0.2961409395973154,0.4060846560846561,0.3530585106382978,1,1,1,1,1,1,6,True,0.3610886805333264,,1,1,0,False,False,0.3610886805333264,True,six_task_mean_complete_only = mean of six tasks ONLY when n_tasks_valid == 6; partial_task_mean = mean over the available tasks ONLY when 1 <= n_tasks_valid <= 5; legacy_* keeps the original skipna row mean for traceability and is NOT a six-task mean
EpistemeAI2_Fireball-Alpaca-Llama3.1.08-8B-C-R1-KTO-Reflection,EpistemeAI2/Fireball-Alpaca-Llama3.1.08-8B-C-R1-KTO-Reflection,0.3952257787115963,0.4934907134178094,0.1246223564954682,0.299496644295302,0.4047619047619047,0.3592918882978723,1,1,1,1,1,1,6,True,0.34614821432999215,,1,1,0,False,False,0.34614821432999215,True,six_task_mean_complete_only = mean of six tasks ONLY when n_tasks_valid == 6; partial_task_mean = mean over the available tasks ONLY when 1 <= n_tasks_valid <= 5; legacy_* keeps the original skipna row mean for traceability and is NOT a six-task mean
EpistemeAI2_Fireball-Alpaca-Llama3.1.08-8B-Philos-C-R1,EpistemeAI2/Fireball-Alpaca-Llama3.1.08-8B-Philos-C-R1,0.5316382753316755,0.4815136261065787,0.1087613293051359,0.296979865771812,0.41005291005291,0.3523105053191489,1,1,1,1,1,1,6,True,0.3635427519812102,,1,1,0,False,False,0.3635427519812102,True,six_task_mean_complete_only = mean of six tasks ONLY when n_tasks_valid == 6; partial_task_mean = mean over the available tasks ONLY when 1 <= n_tasks_valid <= 5; legacy_* keeps the original skipna row mean for traceability and is NOT a six-task mean
EpistemeAI2_Fireball-Llama-3.1-8B-Philos-Reflection,EpistemeAI2/Fireball-Llama-3.1-8B-Philos-Reflection,0.3596047376516532,0.4875889602499566,0.1283987915407855,0.3078859060402684,0.3955026455026455,0.3550531914893617,1,1,1,1,1,1,6,True,0.3390057054124451,,1,1,0,False,False,0.3390057054124451,True,six_task_mean_complete_only = mean of six tasks ONLY when n_tasks_valid == 6; partial_task_mean = mean over the available tasks ONLY when 1 <= n_tasks_valid <= 5; legacy_* keeps the original skipna row mean for traceability and is NOT a six-task mean
EpistemeAI2_Fireball-MathMistral-Nemo-Base-2407-v2dpo,EpistemeAI2/Fireball-MathMistral-Nemo-Base-2407-v2dpo,0.3097204306794859,0.4289185905224787,0.0324773413897281,0.2634228187919463,0.4021164021164021,0.1147772606382978,1,1,1,1,1,1,6,True,0.2585721406897232,,1,1,0,False,False,0.2585721406897232,True,six_task_mean_complete_only = mean of six tasks ONLY when n_tasks_valid == 6; partial_task_mean = mean over the available tasks ONLY when 1 <= n_tasks_valid <= 5; legacy_* keeps the original skipna row mean for traceability and is NOT a six-task mean
EpistemeAI2_Fireball-Meta-Llama-3.1-8B-Instruct-Agent-0.003-128K-code-math,EpistemeAI2/Fireball-Meta-Llama-3.1-8B-Instruct-Agent-0.003-128K-code-math,0.5515465631191904,0.4789099114737025,0.1200906344410876,0.3045302013422818,0.369047619047619,0.3420046542553192,1,1,1,1,1,1,6,True,0.3610215972798667,,1,1,0,False,False,0.3610215972798667,True,six_task_mean_complete_only = mean of six tasks ONLY when n_tasks_valid == 6; partial_task_mean = mean over the available tasks ONLY when 1 <= n_tasks_valid <= 5; legacy_* keeps the original skipna row mean for traceability and is NOT a six-task mean
EpistemeAI2_Fireball-Meta-Llama-3.1-8B-Instruct-Agent-0.005-128K-code-COT,EpistemeAI2/Fireball-Meta-Llama-3.1-8B-Instruct-Agent-0.005-128K-code-COT,0.4633195476890207,0.4776948446450269,0.1170694864048338,0.3120805369127516,0.376984126984127,0.3564660904255319,1,1,1,1,1,1,6,True,0.35060243884354864,,1,1,0,False,False,0.35060243884354864,True,six_task_mean_complete_only = mean of six tasks ONLY when n_tasks_valid == 6; partial_task_mean = mean over the available tasks ONLY when 1 <= n_tasks_valid <= 5; legacy_* keeps the original skipna row mean for traceability and is NOT a six-task mean
EpistemeAI2_Fireball-Phi-3-medium-4k-inst-Philos,EpistemeAI2/Fireball-Phi-3-medium-4k-inst-Philos,0.5312880933700359,0.6156917201874674,0.1299093655589124,0.3322147651006711,0.4126984126984127,0.4598570478723404,1,1,1,1,1,1,6,True,0.4136099007979733,,1,1,0,False,False,0.4136099007979733,True,six_task_mean_complete_only = mean of six tasks ONLY when n_tasks_valid == 6; partial_task_mean = mean over the available tasks ONLY when 1 <= n_tasks_valid <= 5; legacy_* keeps the original skipna row mean for traceability and is NOT a six-task mean
EpistemeAI_Alpaca-Llama3.1-8B,EpistemeAI/Alpaca-Llama3.1-8B,0.1598691471961063,0.4738760631834751,0.0415407854984894,0.2902684563758389,0.3399470899470899,0.3246343085106383,1,1,1,1,1,1,6,True,0.27168930845193967,,1,1,0,False,False,0.27168930845193967,True,six_task_mean_complete_only = mean of six tasks ONLY when n_tasks_valid == 6; partial_task_mean = mean over the available tasks ONLY when 1 <= n_tasks_valid <= 5; legacy_* keeps the original skipna row mean for traceability and is NOT a six-task mean
EpistemeAI_Athena-gemma-2-2b-it,EpistemeAI/Athena-gemma-2-2b-it,0.3134172883504657,0.4256205519875021,0.0490936555891238,0.2684563758389262,0.4338624338624338,0.2421875,1,1,1,1,1,1,6,True,0.2887729676047419,,1,1,0,False,False,0.2887729676047419,True,six_task_mean_complete_only = mean of six tasks ONLY when n_tasks_valid == 6; partial_task_mean = mean over the available tasks ONLY when 1 <= n_tasks_valid <= 5; legacy_* keeps the original skipna row mean for traceability and is NOT a six-task mean
EpistemeAI_Athena-gemma-2-2b-it-Philos,EpistemeAI/Athena-gemma-2-2b-it-Philos,0.4620950189940469,0.3766707168894289,0.0370090634441087,0.2810402684563758,0.4298941798941799,0.2248171542553191,1,1,1,1,1,1,6,True,0.30192106698890986,,1,1,0,False,False,0.30192106698890986,True,six_task_mean_complete_only = mean of six tasks ONLY when n_tasks_valid == 6; partial_task_mean = mean over the available tasks ONLY when 1 <= n_tasks_valid <= 5; legacy_* keeps the original skipna row mean for traceability and is NOT a six-task mean
EpistemeAI_Athene-codegemma-2-7b-it-alpaca-v1.3,EpistemeAI/Athene-codegemma-2-7b-it-alpaca-v1.3,0.4029940557720182,0.43169588613088,0.0558912386706948,0.2802013422818792,0.4497354497354497,0.2587267287234042,1,1,1,1,1,1,6,True,0.31320745021905433,,1,1,0,False,False,0.31320745021905433,True,six_task_mean_complete_only = mean of six tasks ONLY when n_tasks_valid == 6; partial_task_mean = mean over the available tasks ONLY when 1 <= n_tasks_valid <= 5; legacy_* keeps the original skipna row mean for traceability and is NOT a six-task mean
EpistemeAI_DeepPhi-3.5-mini-instruct,EpistemeAI/DeepPhi-3.5-mini-instruct,0.1325915238234551,0.2838048949835098,0.0067975830815709,0.2332214765100671,0.365079365079365,0.1102892287234042,1,1,1,1,1,1,6,True,0.18863067870022873,,1,1,0,False,False,0.18863067870022873,True,six_task_mean_complete_only = mean of six tasks ONLY when n_tasks_valid == 6; partial_task_mean = mean over the available tasks ONLY when 1 <= n_tasks_valid <= 5; legacy_* keeps the original skipna row mean for traceability and is NOT a six-task mean
EpistemeAI_DeepThinkers-Phi4,EpistemeAI/DeepThinkers-Phi4,0.6939786433330231,0.6769658045478215,0.4584592145015105,0.3406040268456375,0.3968253968253968,0.5257646276595744,1,1,1,1,1,1,6,True,0.515432952285494,,1,1,0,False,False,0.515432952285494,True,six_task_mean_complete_only = mean of six tasks ONLY when n_tasks_valid == 6; partial_task_mean = mean over the available tasks ONLY when 1 <= n_tasks_valid <= 5; legacy_* keeps the original skipna row mean for traceability and is NOT a six-task mean
EpistemeAI_FineLlama3.1-8B-Instruct,EpistemeAI/FineLlama3.1-8B-Instruct,0.0800099292100515,0.4544349939246658,0.0234138972809667,0.2802013422818792,0.3478835978835979,0.3112533244680851,1,1,1,1,1,1,6,True,0.2495328475082077,,1,1,0,False,False,0.2495328475082077,True,six_task_mean_complete_only = mean of six tasks ONLY when n_tasks_valid == 6; partial_task_mean = mean over the available tasks ONLY when 1 <= n_tasks_valid <= 5; legacy_* keeps the original skipna row mean for traceability and is NOT a six-task mean
EpistemeAI_Fireball-12B,EpistemeAI/Fireball-12B,0.1833501775289565,0.5101544870682173,0.0407854984894259,0.261744966442953,0.4232804232804232,0.3343583776595745,1,1,1,1,1,1,6,True,0.2922789884115917,,1,1,0,False,False,0.2922789884115917,True,six_task_mean_complete_only = mean of six tasks ONLY when n_tasks_valid == 6; partial_task_mean = mean over the available tasks ONLY when 1 <= n_tasks_valid <= 5; legacy_* keeps the original skipna row mean for traceability and is NOT a six-task mean
EpistemeAI_Fireball-12B-v1.13a-philosophers,EpistemeAI/Fireball-12B-v1.13a-philosophers,0.0875532476052429,0.5098073251171672,0.0385196374622356,0.3011744966442953,0.4074074074074074,0.3366855053191489,1,1,1,1,1,1,6,True,0.2801912699259162,,1,1,0,False,False,0.2801912699259162,True,six_task_mean_complete_only = mean of six tasks ONLY when n_tasks_valid == 6; partial_task_mean = mean over the available tasks ONLY when 1 <= n_tasks_valid <= 5; legacy_* keeps the original skipna row mean for traceability and is NOT a six-task mean
EpistemeAI_Fireball-Alpaca-Llama-3.1-8B-Philos-DPO-200,EpistemeAI/Fireball-Alpaca-Llama-3.1-8B-Philos-DPO-200,0.4577243934981405,0.4825551119597292,0.1080060422960725,0.3003355704697986,0.3941798941798942,0.3582945478723404,1,1,1,1,1,1,6,True,0.3501825933793292,,1,1,0,False,False,0.3501825933793292,True,six_task_mean_complete_only = mean of six tasks ONLY when n_tasks_valid == 6; partial_task_mean = mean over the available tasks ONLY when 1 <= n_tasks_valid <= 5; legacy_* keeps the original skipna row mean for traceability and is NOT a six-task mean
EpistemeAI_Fireball-Alpaca-Llama3.1.07-8B-Philos-Math-KTO-beta,EpistemeAI/Fireball-Alpaca-Llama3.1.07-8B-Philos-Math-KTO-beta,0.7274010735958367,0.4853324075681305,0.1525679758308157,0.2802013422818792,0.3611111111111111,0.3543051861702128,1,1,1,1,1,1,6,True,0.3934865160929976,,1,1,0,False,False,0.3934865160929976,True,six_task_mean_complete_only = mean of six tasks ONLY when n_tasks_valid == 6; partial_task_mean = mean over the available tasks ONLY when 1 <= n_tasks_valid <= 5; legacy_* keeps the original skipna row mean for traceability and is NOT a six-task mean
EpistemeAI_Fireball-Alpaca-Llama3.1.08-8B-Philos-C-R2,EpistemeAI/Fireball-Alpaca-Llama3.1.08-8B-Philos-C-R2,0.4673156114664645,0.4915813226870335,0.1238670694864048,0.2860738255033557,0.4616402116402116,0.3351894946808511,1,1,1,1,1,1,6,True,0.3609445892440535,,1,1,0,False,False,0.3609445892440535,True,six_task_mean_complete_only = mean of six tasks ONLY when n_tasks_valid == 6; partial_task_mean = mean over the available tasks ONLY when 1 <= n_tasks_valid <= 5; legacy_* keeps the original skipna row mean for traceability and is NOT a six-task mean
EpistemeAI_Fireball-Meta-Llama-3.1-8B-Instruct-0.001-128K-auto,EpistemeAI/Fireball-Meta-Llama-3.1-8B-Instruct-0.001-128K-auto,0.4431863012362753,0.4804721402534282,0.1329305135951661,0.3120805369127516,0.4060846560846561,0.3515625,1,1,1,1,1,1,6,True,0.35438610801371295,,1,1,0,False,False,0.35438610801371295,True,six_task_mean_complete_only = mean of six tasks ONLY when n_tasks_valid == 6; partial_task_mean = mean over the available tasks ONLY when 1 <= n_tasks_valid <= 5; legacy_* keeps the original skipna row mean for traceability and is NOT a six-task mean
EpistemeAI_Fireball-Meta-Llama-3.1-8B-Instruct-Agent-0.003-128K,EpistemeAI/Fireball-Meta-Llama-3.1-8B-Instruct-Agent-0.003-128K,0.4457339858242796,0.4879361222010068,0.120845921450151,0.2944630872483221,0.3756613756613756,0.3543051861702128,1,1,1,1,1,1,6,True,0.34649094642589134,,1,1,0,False,False,0.34649094642589134,True,six_task_mean_complete_only = mean of six tasks ONLY when n_tasks_valid == 6; partial_task_mean = mean over the available tasks ONLY when 1 <= n_tasks_valid <= 5; legacy_* keeps the original skipna row mean for traceability and is NOT a six-task mean
EpistemeAI_Fireball-Meta-Llama-3.1-8B-Instruct-Agent-0.003-128K-code,EpistemeAI/Fireball-Meta-Llama-3.1-8B-Instruct-Agent-0.003-128K-code,0.5975334335119704,0.4875889602499566,0.120845921450151,0.3020134228187919,0.4007936507936508,0.3422539893617021,1,1,1,1,1,1,6,True,0.3751715630310371,,1,1,0,False,False,0.3751715630310371,True,six_task_mean_complete_only = mean of six tasks ONLY when n_tasks_valid == 6; partial_task_mean = mean over the available tasks ONLY when 1 <= n_tasks_valid <= 5; legacy_* keeps the original skipna row mean for traceability and is NOT a six-task mean
EpistemeAI_Fireball-Meta-Llama-3.1-8B-Instruct-Agent-0.003-128K-code-ds,EpistemeAI/Fireball-Meta-Llama-3.1-8B-Instruct-Agent-0.003-128K-code-ds,0.669099101495144,0.4645026905051206,0.1336858006042296,0.2726510067114094,0.3412698412698413,0.3389295212765957,1,1,1,1,1,1,6,True,0.3700229936437234,,1,1,0,False,False,0.3700229936437234,True,six_task_mean_complete_only = mean of six tasks ONLY when n_tasks_valid == 6; partial_task_mean = mean over the available tasks ONLY when 1 <= n_tasks_valid <= 5; legacy_* keeps the original skipna row mean for traceability and is NOT a six-task mean
EpistemeAI_Fireball-Meta-Llama-3.1-8B-Instruct-Agent-0.003-128K-code-ds-auto,EpistemeAI/Fireball-Meta-Llama-3.1-8B-Instruct-Agent-0.003-128K-code-ds-auto,0.7317473193349202,0.4618989758722444,0.1351963746223565,0.2911073825503356,0.3386243386243386,0.3488198138297872,1,1,1,1,1,1,6,True,0.38456570080566377,,1,1,0,False,False,0.38456570080566377,True,six_task_mean_complete_only = mean of six tasks ONLY when n_tasks_valid == 6; partial_task_mean = mean over the available tasks ONLY when 1 <= n_tasks_valid <= 5; legacy_* keeps the original skipna row mean for traceability and is NOT a six-task mean
EpistemeAI_Fireball-Meta-Llama-3.1-8B-Instruct-Agent-0.004-128K-code-COT,EpistemeAI/Fireball-Meta-Llama-3.1-8B-Instruct-Agent-0.004-128K-code-COT,0.4578241288669619,0.4752647109876757,0.1238670694864048,0.2936241610738255,0.3875661375661375,0.3470744680851064,1,1,1,1,1,1,6,True,0.34753677934435195,,1,1,0,False,False,0.34753677934435195,True,six_task_mean_complete_only = mean of six tasks ONLY when n_tasks_valid == 6; partial_task_mean = mean over the available tasks ONLY when 1 <= n_tasks_valid <= 5; legacy_* keeps the original skipna row mean for traceability and is NOT a six-task mean
EpistemeAI_Fireball-Meta-Llama-3.1-8B-Instruct-Agent-0.004-128K-code-ds-auto,EpistemeAI/Fireball-Meta-Llama-3.1-8B-Instruct-Agent-0.004-128K-code-ds-auto,0.7204816553411615,0.479951397326853,0.1435045317220543,0.2483221476510067,0.3293650793650793,0.3548038563829787,1,1,1,1,1,1,6,True,0.37940477796485556,,1,1,0,False,False,0.37940477796485556,True,six_task_mean_complete_only = mean of six tasks ONLY when n_tasks_valid == 6; partial_task_mean = mean over the available tasks ONLY when 1 <= n_tasks_valid <= 5; legacy_* keeps the original skipna row mean for traceability and is NOT a six-task mean
EpistemeAI_Fireball-Meta-Llama-3.1-8B-Instruct-Math,EpistemeAI/Fireball-Meta-Llama-3.1-8B-Instruct-Math,0.4622955979024543,0.4964415900017358,0.0981873111782477,0.2911073825503356,0.3637566137566138,0.3331117021276595,1,1,1,1,1,1,6,True,0.3408166995861744,,1,1,0,False,False,0.3408166995861744,True,six_task_mean_complete_only = mean of six tasks ONLY when n_tasks_valid == 6; partial_task_mean = mean over the available tasks ONLY when 1 <= n_tasks_valid <= 5; legacy_* keeps the original skipna row mean for traceability and is NOT a six-task mean
EpistemeAI_Fireball-Meta-Llama-3.2-8B-Instruct-agent-003-128k-code-DPO,EpistemeAI/Fireball-Meta-Llama-3.2-8B-Instruct-agent-003-128k-code-DPO,0.4610965571350682,0.4783891685471272,0.1087613293051359,0.3003355704697986,0.3994708994708995,0.3520611702127659,1,1,1,1,1,1,6,True,0.3500191158567992,,1,1,0,False,False,0.3500191158567992,True,six_task_mean_complete_only = mean of six tasks ONLY when n_tasks_valid == 6; partial_task_mean = mean over the available tasks ONLY when 1 <= n_tasks_valid <= 5; legacy_* keeps the original skipna row mean for traceability and is NOT a six-task mean
EpistemeAI_Fireball-Mistral-Nemo-Base-2407-v1-DPO2,EpistemeAI/Fireball-Mistral-Nemo-Base-2407-v1-DPO2,0.1860729530977805,0.4952265231730602,0.0362537764350453,0.2919463087248322,0.4034391534391534,0.3352726063829787,1,1,1,1,1,1,6,True,0.29136855354214175,,1,1,0,False,False,0.29136855354214175,True,six_task_mean_complete_only = mean of six tasks ONLY when n_tasks_valid == 6; partial_task_mean = mean over the available tasks ONLY when 1 <= n_tasks_valid <= 5; legacy_* keeps the original skipna row mean for traceability and is NOT a six-task mean
EpistemeAI_Fireball-R1-Llama-3.1-8B,EpistemeAI/Fireball-R1-Llama-3.1-8B,0.4427363839058143,0.362089914945322,0.311178247734139,0.2483221476510067,0.328042328042328,0.1115359042553191,1,1,1,1,1,1,6,True,0.30065082108898816,,1,1,0,False,False,0.30065082108898816,True,six_task_mean_complete_only = mean of six tasks ONLY when n_tasks_valid == 6; partial_task_mean = mean over the available tasks ONLY when 1 <= n_tasks_valid <= 5; legacy_* keeps the original skipna row mean for traceability and is NOT a six-task mean
EpistemeAI_Llama-3.2-3B-Agent007-Coder,EpistemeAI/Llama-3.2-3B-Agent007-Coder,0.5399562050913798,0.4304808193022045,0.1110271903323262,0.2575503355704698,0.3664021164021164,0.28515625,1,1,1,1,1,1,6,True,0.33176215278308274,,1,1,0,False,False,0.33176215278308274,True,six_task_mean_complete_only = mean of six tasks ONLY when n_tasks_valid == 6; partial_task_mean = mean over the available tasks ONLY when 1 <= n_tasks_valid <= 5; legacy_* keeps the original skipna row mean for traceability and is NOT a six-task mean
EpistemeAI_Mistral-Nemo-Instruct-12B-Philosophy-Math,EpistemeAI/Mistral-Nemo-Instruct-12B-Philosophy-Math,0.0694679007256302,0.5342822426662038,0.0959214501510574,0.3313758389261745,0.4285714285714285,0.3296210106382978,1,1,1,1,1,1,6,True,0.2982066452797987,,1,1,0,False,False,0.2982066452797987,True,six_task_mean_complete_only = mean of six tasks ONLY when n_tasks_valid == 6; partial_task_mean = mean over the available tasks ONLY when 1 <= n_tasks_valid <= 5; legacy_* keeps the original skipna row mean for traceability and is NOT a six-task mean
EpistemeAI_OpenReasoner-Llama-3.2-3B-rs1.0,EpistemeAI/OpenReasoner-Llama-3.2-3B-rs1.0,0.7274010735958367,0.4492275646589134,0.134441087613293,0.2718120805369127,0.3452380952380952,0.3134142287234042,1,1,1,1,1,1,6,True,0.3735890217277425,,1,1,0,False,False,0.3735890217277425,True,six_task_mean_complete_only = mean of six tasks ONLY when n_tasks_valid == 6; partial_task_mean = mean over the available tasks ONLY when 1 <= n_tasks_valid <= 5; legacy_* keeps the original skipna row mean for traceability and is NOT a six-task mean
EpistemeAI_Polypsyche-Llama-3.1-8B-Instruct-Agent-0.003-128K-code-ds-auto-Empathy,EpistemeAI/Polypsyche-Llama-3.1-8B-Instruct-Agent-0.003-128K-code-ds-auto-Empathy,0.7100903380807368,0.4617253948967193,0.1397280966767371,0.2768456375838926,0.3187830687830688,0.3311170212765957,1,1,1,1,1,1,6,True,0.373048259549625,,1,1,0,False,False,0.373048259549625,True,six_task_mean_complete_only = mean of six tasks ONLY when n_tasks_valid == 6; partial_task_mean = mean over the available tasks ONLY when 1 <= n_tasks_valid <= 5; legacy_* keeps the original skipna row mean for traceability and is NOT a six-task mean
EpistemeAI_Polypsyche-Llama-3.1-8B-Instruct-Agent-0.003-128K-code-ds-auto-Logic,EpistemeAI/Polypsyche-Llama-3.1-8B-Instruct-Agent-0.003-128K-code-ds-auto-Logic,0.712213593265868,0.4553028988022912,0.1185800604229607,0.2843959731543624,0.3227513227513227,0.3350232712765957,1,1,1,1,1,1,6,True,0.3713778532789001,,1,1,0,False,False,0.3713778532789001,True,six_task_mean_complete_only = mean of six tasks ONLY when n_tasks_valid == 6; partial_task_mean = mean over the available tasks ONLY when 1 <= n_tasks_valid <= 5; legacy_* keeps the original skipna row mean for traceability and is NOT a six-task mean
EpistemeAI_Polypsyche-Llama-3.1-8B-Instruct-Agent-0.003-128K-code-ds-auto-divergent,EpistemeAI/Polypsyche-Llama-3.1-8B-Instruct-Agent-0.003-128K-code-ds-auto-divergent,0.6915306941138402,0.4497483075854886,0.1027190332326284,0.2667785234899328,0.3571428571428571,0.3290392287234042,1,1,1,1,1,1,6,True,0.3661597740480252,,1,1,0,False,False,0.3661597740480252,True,six_task_mean_complete_only = mean of six tasks ONLY when n_tasks_valid == 6; partial_task_mean = mean over the available tasks ONLY when 1 <= n_tasks_valid <= 5; legacy_* keeps the original skipna row mean for traceability and is NOT a six-task mean
EpistemeAI_Reasoning-Llama-3.1-CoT-RE1-NMT,EpistemeAI/Reasoning-Llama-3.1-CoT-RE1-NMT,0.4828532737580731,0.4730081583058497,0.0808157099697885,0.2609060402684564,0.3174603174603174,0.3342752659574468,1,1,1,1,1,1,6,True,0.324886460953322,,1,1,0,False,False,0.324886460953322,True,six_task_mean_complete_only = mean of six tasks ONLY when n_tasks_valid == 6; partial_task_mean = mean over the available tasks ONLY when 1 <= n_tasks_valid <= 5; legacy_* keeps the original skipna row mean for traceability and is NOT a six-task mean
EpistemeAI_Reasoning-Llama-3.1-CoT-RE1-NMT-V2-ORPO,EpistemeAI/Reasoning-Llama-3.1-CoT-RE1-NMT-V2-ORPO,0.4553263119633683,0.4787363304981774,0.1291540785498489,0.3070469798657718,0.3928571428571428,0.3597905585106383,1,1,1,1,1,1,6,True,0.35381856704082454,,1,1,0,False,False,0.35381856704082454,True,six_task_mean_complete_only = mean of six tasks ONLY when n_tasks_valid == 6; partial_task_mean = mean over the available tasks ONLY when 1 <= n_tasks_valid <= 5; legacy_* keeps the original skipna row mean for traceability and is NOT a six-task mean
EpistemeAI_Reasoning-Llama-3.2-1B-Instruct-v1.2,EpistemeAI/Reasoning-Llama-3.2-1B-Instruct-v1.2,0.4087144332593075,0.3299774344731817,0.0506042296072507,0.2609060402684564,0.3214285714285714,0.1178523936170212,1,1,1,1,1,1,6,True,0.24824718377563149,,1,1,0,False,False,0.24824718377563149,True,six_task_mean_complete_only = mean of six tasks ONLY when n_tasks_valid == 6; partial_task_mean = mean over the available tasks ONLY when 1 <= n_tasks_valid <= 5; legacy_* keeps the original skipna row mean for traceability and is NOT a six-task mean
EpistemeAI_Reasoning-Llama-3.2-1B-Instruct-v1.3,EpistemeAI/Reasoning-Llama-3.2-1B-Instruct-v1.3,0.3272816127874041,0.3232077764277035,0.0506042296072507,0.2583892617449664,0.3253968253968254,0.1172706117021276,1,1,1,1,1,1,6,True,0.2336917196110463,,1,1,0,False,False,0.2336917196110463,True,six_task_mean_complete_only = mean of six tasks ONLY when n_tasks_valid == 6; partial_task_mean = mean over the available tasks ONLY when 1 <= n_tasks_valid <= 5; legacy_* keeps the original skipna row mean for traceability and is NOT a six-task mean
EpistemeAI_Reasoning-Llama-3.2-3B-Math-Instruct-RE1,EpistemeAI/Reasoning-Llama-3.2-3B-Math-Instruct-RE1,0.5119538380386264,0.4370768963721576,0.1080060422960725,0.2642617449664429,0.3425925925925926,0.2789228723404255,1,1,1,1,1,1,6,True,0.3238023311010529,,1,1,0,False,False,0.3238023311010529,True,six_task_mean_complete_only = mean of six tasks ONLY when n_tasks_valid == 6; partial_task_mean = mean over the available tasks ONLY when 1 <= n_tasks_valid <= 5; legacy_* keeps the original skipna row mean for traceability and is NOT a six-task mean
EpistemeAI_Reasoning-Llama-3.2-3B-Math-Instruct-RE1-ORPO,EpistemeAI/Reasoning-Llama-3.2-3B-Math-Instruct-RE1-ORPO,0.7289746760816855,0.4497483075854886,0.1533232628398791,0.273489932885906,0.3478835978835979,0.3100066489361702,1,1,1,1,1,1,6,True,0.3772377377021212,,1,1,0,False,False,0.3772377377021212,True,six_task_mean_complete_only = mean of six tasks ONLY when n_tasks_valid == 6; partial_task_mean = mean over the available tasks ONLY when 1 <= n_tasks_valid <= 5; legacy_* keeps the original skipna row mean for traceability and is NOT a six-task mean
EpistemeAI_ReasoningCore-3B-T1_1,EpistemeAI/ReasoningCore-3B-T1_1,0.7274509412802475,0.4500954695365388,0.1540785498489426,0.276006711409396,0.3544973544973545,0.3116688829787234,1,1,1,1,1,1,6,True,0.37896631825853383,,1,1,0,False,False,0.37896631825853383,True,six_task_mean_complete_only = mean of six tasks ONLY when n_tasks_valid == 6; partial_task_mean = mean over the available tasks ONLY when 1 <= n_tasks_valid <= 5; legacy_* keeps the original skipna row mean for traceability and is NOT a six-task mean
Eric111_CatunaMayo,Eric111/CatunaMayo,0.4074156571231,0.5226523173060232,0.0845921450151057,0.2919463087248322,0.4537037037037037,0.3178191489361702,1,1,1,1,1,1,6,True,0.34635488013482246,,1,1,0,False,False,0.34635488013482246,True,six_task_mean_complete_only = mean of six tasks ONLY when n_tasks_valid == 6; partial_task_mean = mean over the available tasks ONLY when 1 <= n_tasks_valid <= 5; legacy_* keeps the original skipna row mean for traceability and is NOT a six-task mean
Eric111_CatunaMayo-DPO,Eric111/CatunaMayo-DPO,0.4214539643700936,0.5203957646241972,0.0815709969788519,0.2919463087248322,0.4444444444444444,0.3169880319148936,1,1,1,1,1,1,6,True,0.34613325184288546,,1,1,0,False,False,0.34613325184288546,True,six_task_mean_complete_only = mean of six tasks ONLY when n_tasks_valid == 6; partial_task_mean = mean over the available tasks ONLY when 1 <= n_tasks_valid <= 5; legacy_* keeps the original skipna row mean for traceability and is NOT a six-task mean
Etherll_Chocolatine-3B-Instruct-DPO-Revised-Ties,Etherll/Chocolatine-3B-Instruct-DPO-Revised-Ties,0.3724694920588483,0.5396632529074813,0.1631419939577039,0.3238255033557047,0.4642857142857143,0.3977726063829787,1,1,1,1,1,1,6,True,0.3768597604914052,,1,1,0,False,False,0.3768597604914052,True,six_task_mean_complete_only = mean of six tasks ONLY when n_tasks_valid == 6; partial_task_mean = mean over the available tasks ONLY when 1 <= n_tasks_valid <= 5; legacy_* keeps the original skipna row mean for traceability and is NOT a six-task mean
Etherll_Chocolatine-3B-Instruct-DPO-Revised-Ties-v2,Etherll/Chocolatine-3B-Instruct-DPO-Revised-Ties-v2,0.3739932268602862,0.5396632529074813,0.1631419939577039,0.3238255033557047,0.4642857142857143,0.3977726063829787,1,1,1,1,1,1,6,True,0.37711371629164486,,1,1,0,False,False,0.37711371629164486,True,six_task_mean_complete_only = mean of six tasks ONLY when n_tasks_valid == 6; partial_task_mean = mean over the available tasks ONLY when 1 <= n_tasks_valid <= 5; legacy_* keeps the original skipna row mean for traceability and is NOT a six-task mean
Etherll_Herplete-LLM-Llama-3.1-8b,Etherll/Herplete-LLM-Llama-3.1-8b,0.6105976586568084,0.5339350807151536,0.154833836858006,0.3145973154362416,0.3981481481481481,0.375249335106383,1,1,1,1,1,1,6,True,0.3978935624867901,,1,1,0,False,False,0.3978935624867901,True,six_task_mean_complete_only = mean of six tasks ONLY when n_tasks_valid == 6; partial_task_mean = mean over the available tasks ONLY when 1 <= n_tasks_valid <= 5; legacy_* keeps the original skipna row mean for traceability and is NOT a six-task mean
Etherll_Herplete-LLM-Llama-3.1-8b-Ties,Etherll/Herplete-LLM-Llama-3.1-8b-Ties,0.6163679038285084,0.5328935948620032,0.148036253776435,0.3171140939597315,0.4007936507936508,0.375249335106383,1,1,1,1,1,1,6,True,0.3984091387211186,,1,1,0,False,False,0.3984091387211186,True,six_task_mean_complete_only = mean of six tasks ONLY when n_tasks_valid == 6; partial_task_mean = mean over the available tasks ONLY when 1 <= n_tasks_valid <= 5; legacy_* keeps the original skipna row mean for traceability and is NOT a six-task mean
Etherll_Qwen2.5-7B-della-test,Etherll/Qwen2.5-7B-della-test,0.7624968417133207,0.5417462246137823,0.4894259818731117,0.3087248322147651,0.4034391534391534,0.4360871010638298,1,1,1,1,1,1,6,True,0.49032002248632717,,1,1,0,False,False,0.49032002248632717,True,six_task_mean_complete_only = mean of six tasks ONLY when n_tasks_valid == 6; partial_task_mean = mean over the available tasks ONLY when 1 <= n_tasks_valid <= 5; legacy_* keeps the original skipna row mean for traceability and is NOT a six-task mean
Etherll_Qwen2.5-Coder-7B-Instruct-Ties,Etherll/Qwen2.5-Coder-7B-Instruct-Ties,0.5005385709916355,0.4867210553723312,0.2915407854984894,0.3296979865771812,0.4365079365079365,0.3503158244680851,1,1,1,1,1,1,6,True,0.3992203599026098,,1,1,0,False,False,0.3992203599026098,True,six_task_mean_complete_only = mean of six tasks ONLY when n_tasks_valid == 6; partial_task_mean = mean over the available tasks ONLY when 1 <= n_tasks_valid <= 5; legacy_* keeps the original skipna row mean for traceability and is NOT a six-task mean
Etherll_Replete-LLM-V3-Llama-3.1-8b,Etherll/Replete-LLM-V3-Llama-3.1-8b,0.5262924595628488,0.4516576983162645,0.2273413897280966,0.2684563758389262,0.3505291005291005,0.3469913563829787,1,1,1,1,1,1,6,True,0.36187806339303585,,1,1,0,False,False,0.36187806339303585,True,six_task_mean_complete_only = mean of six tasks ONLY when n_tasks_valid == 6; partial_task_mean = mean over the available tasks ONLY when 1 <= n_tasks_valid <= 5; legacy_* keeps the original skipna row mean for traceability and is NOT a six-task mean
Etherll_SuperHermes,Etherll/SuperHermes,0.5459015412438996,0.52629751779205,0.1654078549848942,0.3238255033557047,0.4391534391534391,0.3948636968085106,1,1,1,1,1,1,6,True,0.399241592223083,,1,1,0,False,False,0.399241592223083,True,six_task_mean_complete_only = mean of six tasks ONLY when n_tasks_valid == 6; partial_task_mean = mean over the available tasks ONLY when 1 <= n_tasks_valid <= 5; legacy_* keeps the original skipna row mean for traceability and is NOT a six-task mean
Eurdem_Defne-llama3.1-8B,Eurdem/Defne-llama3.1-8B,0.7496575752337131,0.5290748134004513,0.1518126888217522,0.2802013422818792,0.4034391534391534,0.3799867021276595,1,1,1,1,1,1,6,True,0.4156953792174347,,1,1,0,False,False,0.4156953792174347,True,six_task_mean_complete_only = mean of six tasks ONLY when n_tasks_valid == 6; partial_task_mean = mean over the available tasks ONLY when 1 <= n_tasks_valid <= 5; legacy_* keeps the original skipna row mean for traceability and is NOT a six-task mean
FINGU-AI_L3-8B,FINGU-AI/L3-8B,0.7517309627344335,0.4973094948793612,0.2545317220543807,0.2953020134228188,0.3822751322751322,0.3639461436170212,1,1,1,1,1,1,6,True,0.42418257816385796,,1,1,0,False,False,0.42418257816385796,True,six_task_mean_complete_only = mean of six tasks ONLY when n_tasks_valid == 6; partial_task_mean = mean over the available tasks ONLY when 1 <= n_tasks_valid <= 5; legacy_* keeps the original skipna row mean for traceability and is NOT a six-task mean
FINGU-AI_Phi-4-RRStock,FINGU-AI/Phi-4-RRStock,0.285541252764886,0.6422496094428051,0.0287009063444108,0.3800335570469799,0.4470899470899471,0.48828125,1,1,1,1,1,1,6,True,0.37864942044817146,,1,1,0,False,False,0.37864942044817146,True,six_task_mean_complete_only = mean of six tasks ONLY when n_tasks_valid == 6; partial_task_mean = mean over the available tasks ONLY when 1 <= n_tasks_valid <= 5; legacy_* keeps the original skipna row mean for traceability and is NOT a six-task mean
FINGU-AI_Q-Small-3B,FINGU-AI/Q-Small-3B,0.4145345461154182,0.4290921714980038,0.0830815709969788,0.2667785234899328,0.3994708994708995,0.2790059840425531,1,1,1,1,1,1,6,True,0.3119939492689644,,1,1,0,False,False,0.3119939492689644,True,six_task_mean_complete_only = mean of six tasks ONLY when n_tasks_valid == 6; partial_task_mean = mean over the available tasks ONLY when 1 <= n_tasks_valid <= 5; legacy_* keeps the original skipna row mean for traceability and is NOT a six-task mean
FINGU-AI_QwQ-Buddy-32B-Alpha,FINGU-AI/QwQ-Buddy-32B-Alpha,0.3446422159869147,0.6401666377365041,0.3851963746223565,0.3791946308724832,0.5052910052910053,0.5294215425531915,1,1,1,1,1,1,6,True,0.4639854011770759,,1,1,0,False,False,0.4639854011770759,True,six_task_mean_complete_only = mean of six tasks ONLY when n_tasks_valid == 6; partial_task_mean = mean over the available tasks ONLY when 1 <= n_tasks_valid <= 5; legacy_* keeps the original skipna row mean for traceability and is NOT a six-task mean
FINGU-AI_RomboUltima-32B,FINGU-AI/RomboUltima-32B,0.6671509372908327,0.6906787016143031,0.5385196374622356,0.3716442953020134,0.4828042328042328,0.578873005319149,1,1,1,1,1,1,6,True,0.5549451349654612,,1,1,0,False,False,0.5549451349654612,True,six_task_mean_complete_only = mean of six tasks ONLY when n_tasks_valid == 6; partial_task_mean = mean over the available tasks ONLY when 1 <= n_tasks_valid <= 5; legacy_* keeps the original skipna row mean for traceability and is NOT a six-task mean
FallenMerick_Chewy-Lemon-Cookie-11B,FallenMerick/Chewy-Lemon-Cookie-11B,0.4875242135312083,0.522131574379448,0.0543806646525679,0.2793624161073825,0.4537037037037037,0.3267121010638298,1,1,1,1,1,1,6,True,0.35396911223969,,1,1,0,False,False,0.35396911223969,True,six_task_mean_complete_only = mean of six tasks ONLY when n_tasks_valid == 6; partial_task_mean = mean over the available tasks ONLY when 1 <= n_tasks_valid <= 5; legacy_* keeps the original skipna row mean for traceability and is NOT a six-task mean
Felladrin_Llama-160M-Chat-v1,Felladrin/Llama-160M-Chat-v1,0.1575464212733325,0.2997743447318174,0.0,0.2575503355704698,0.365079365079365,0.1136136968085106,1,1,1,1,1,1,6,True,0.19892736057724922,,1,1,0,False,False,0.19892736057724922,True,six_task_mean_complete_only = mean of six tasks ONLY when n_tasks_valid == 6; partial_task_mean = mean over the available tasks ONLY when 1 <= n_tasks_valid <= 5; legacy_* keeps the original skipna row mean for traceability and is NOT a six-task mean
Felladrin_Minueza-32M-UltraChat,Felladrin/Minueza-32M-UltraChat,0.1375627778738192,0.2916160388821385,0.0045317220543806,0.2558724832214765,0.373015873015873,0.11328125,1,1,1,1,1,1,6,True,0.19598002417461466,,1,1,0,False,False,0.19598002417461466,True,six_task_mean_complete_only = mean of six tasks ONLY when n_tasks_valid == 6; partial_task_mean = mean over the available tasks ONLY when 1 <= n_tasks_valid <= 5; legacy_* keeps the original skipna row mean for traceability and is NOT a six-task mean
FlofloB_100k_fineweb_continued_pretraining_Qwen2.5-0.5B-Instruct_Unsloth_merged_16bit,FlofloB/100k_fineweb_continued_pretraining_Qwen2.5-0.5B-Instruct_Unsloth_merged_16bit,0.308321919174457,0.3311925013018573,0.0407854984894259,0.2692953020134228,0.3293650793650793,0.1497672872340425,1,1,1,1,1,1,6,True,0.23812126459638083,,1,1,0,False,False,0.23812126459638083,True,six_task_mean_complete_only = mean of six tasks ONLY when n_tasks_valid == 6; partial_task_mean = mean over the available tasks ONLY when 1 <= n_tasks_valid <= 5; legacy_* keeps the original skipna row mean for traceability and is NOT a six-task mean
FlofloB_10k_continued_pretraining_Phi-3-mini-4k-instruct_Unsloth_merged_16bit,FlofloB/10k_continued_pretraining_Phi-3-mini-4k-instruct_Unsloth_merged_16bit,0.509730847484674,0.5203957646241972,0.0876132930513595,0.299496644295302,0.4298941798941799,0.3769115691489361,1,1,1,1,1,1,6,True,0.3706737164164415,,1,1,0,False,False,0.3706737164164415,True,six_task_mean_complete_only = mean of six tasks ONLY when n_tasks_valid == 6; partial_task_mean = mean over the available tasks ONLY when 1 <= n_tasks_valid <= 5; legacy_* keeps the original skipna row mean for traceability and is NOT a six-task mean
FlofloB_10k_continued_pretraining_Qwen2.5-0.5B-Instruct_Unsloth_merged_16bit,FlofloB/10k_continued_pretraining_Qwen2.5-0.5B-Instruct_Unsloth_merged_16bit,0.2815440808166775,0.3292831105710814,0.0,0.2793624161073825,0.3293650793650793,0.1540890957446808,1,1,1,1,1,1,6,True,0.22894063043415025,,1,1,0,False,False,0.22894063043415025,True,six_task_mean_complete_only = mean of six tasks ONLY when n_tasks_valid == 6; partial_task_mean = mean over the available tasks ONLY when 1 <= n_tasks_valid <= 5; legacy_* keeps the original skipna row mean for traceability and is NOT a six-task mean
FlofloB_40k_continued_pretraining_Qwen2.5-0.5B-Instruct_Unsloth_merged_16bit,FlofloB/40k_continued_pretraining_Qwen2.5-0.5B-Instruct_Unsloth_merged_16bit,0.3015775919006015,0.3310189203263322,0.0,0.2676174496644295,0.3399470899470899,0.1485206117021276,1,1,1,1,1,1,6,True,0.23144694392343013,,1,1,0,False,False,0.23144694392343013,True,six_task_mean_complete_only = mean of six tasks ONLY when n_tasks_valid == 6; partial_task_mean = mean over the available tasks ONLY when 1 <= n_tasks_valid <= 5; legacy_* keeps the original skipna row mean for traceability and is NOT a six-task mean
FlofloB_83k_continued_pretraining_Qwen2.5-0.5B-Instruct_Unsloth_merged_16bit,FlofloB/83k_continued_pretraining_Qwen2.5-0.5B-Instruct_Unsloth_merged_16bit,0.2869397642699149,0.3344905398368338,0.0302114803625377,0.273489932885906,0.328042328042328,0.155501994680851,1,1,1,1,1,1,6,True,0.2347793400130619,,1,1,0,False,False,0.2347793400130619,True,six_task_mean_complete_only = mean of six tasks ONLY when n_tasks_valid == 6; partial_task_mean = mean over the available tasks ONLY when 1 <= n_tasks_valid <= 5; legacy_* keeps the original skipna row mean for traceability and is NOT a six-task mean
FlofloB_smollm2-135M_pretrained_1000k_fineweb,FlofloB/smollm2-135M_pretrained_1000k_fineweb,0.1484538801491154,0.2879708383961117,0.0090634441087613,0.2625838926174497,0.3571428571428571,0.1163563829787234,1,1,1,1,1,1,6,True,0.19692854923216976,,1,1,0,False,False,0.19692854923216976,True,six_task_mean_complete_only = mean of six tasks ONLY when n_tasks_valid == 6; partial_task_mean = mean over the available tasks ONLY when 1 <= n_tasks_valid <= 5; legacy_* keeps the original skipna row mean for traceability and is NOT a six-task mean
FlofloB_smollm2-135M_pretrained_1000k_fineweb_uncovai_human_removed,FlofloB/smollm2-135M_pretrained_1000k_fineweb_uncovai_human_removed,0.1553732984037908,0.3037667071688943,0.0060422960725075,0.2508389261744966,0.3571428571428571,0.1142785904255319,1,1,1,1,1,1,6,True,0.19790711256467966,,1,1,0,False,False,0.19790711256467966,True,six_task_mean_complete_only = mean of six tasks ONLY when n_tasks_valid == 6; partial_task_mean = mean over the available tasks ONLY when 1 <= n_tasks_valid <= 5; legacy_* keeps the original skipna row mean for traceability and is NOT a six-task mean
FlofloB_smollm2-135M_pretrained_1000k_fineweb_uncovai_selected,FlofloB/smollm2-135M_pretrained_1000k_fineweb_uncovai_selected,0.1467805422944454,0.2897066481513626,0.0067975830815709,0.2659395973154362,0.4034391534391534,0.1156914893617021,1,1,1,1,1,1,6,True,0.20472583560727842,,1,1,0,False,False,0.20472583560727842,True,six_task_mean_complete_only = mean of six tasks ONLY when n_tasks_valid == 6; partial_task_mean = mean over the available tasks ONLY when 1 <= n_tasks_valid <= 5; legacy_* keeps the original skipna row mean for traceability and is NOT a six-task mean
FlofloB_smollm2-135M_pretrained_1200k_fineweb,FlofloB/smollm2-135M_pretrained_1200k_fineweb,0.1580960739726148,0.2902273910779379,0.0067975830815709,0.2642617449664429,0.3703703703703703,0.1076296542553191,1,1,1,1,1,1,6,True,0.19956380295404264,,1,1,0,False,False,0.19956380295404264,True,six_task_mean_complete_only = mean of six tasks ONLY when n_tasks_valid == 6; partial_task_mean = mean over the available tasks ONLY when 1 <= n_tasks_valid <= 5; legacy_* keeps the original skipna row mean for traceability and is NOT a six-task mean
FlofloB_smollm2-135M_pretrained_1200k_fineweb_uncovai_human_removed,FlofloB/smollm2-135M_pretrained_1200k_fineweb_uncovai_human_removed,0.157771379938563,0.2924839437597639,0.0007552870090634,0.2651006711409396,0.369047619047619,0.1139461436170212,1,1,1,1,1,1,6,True,0.19985084075216172,,1,1,0,False,False,0.19985084075216172,True,six_task_mean_complete_only = mean of six tasks ONLY when n_tasks_valid == 6; partial_task_mean = mean over the available tasks ONLY when 1 <= n_tasks_valid <= 5; legacy_* keeps the original skipna row mean for traceability and is NOT a six-task mean
FlofloB_smollm2-135M_pretrained_1200k_fineweb_uncovai_selected,FlofloB/smollm2-135M_pretrained_1200k_fineweb_uncovai_selected,0.1584706356910774,0.2924839437597639,0.0075528700906344,0.2634228187919463,0.3558201058201058,0.116439494680851,1,1,1,1,1,1,6,True,0.19903164480572977,,1,1,0,False,False,0.19903164480572977,True,six_task_mean_complete_only = mean of six tasks ONLY when n_tasks_valid == 6; partial_task_mean = mean over the available tasks ONLY when 1 <= n_tasks_valid <= 5; legacy_* keeps the original skipna row mean for traceability and is NOT a six-task mean
FlofloB_smollm2-135M_pretrained_1400k_fineweb,FlofloB/smollm2-135M_pretrained_1400k_fineweb,0.1763808915898704,0.288491581322687,0.0113293051359516,0.2659395973154362,0.3862433862433862,0.1079621010638298,1,1,1,1,1,1,6,True,0.20605781044519356,,1,1,0,False,False,0.20605781044519356,True,six_task_mean_complete_only = mean of six tasks ONLY when n_tasks_valid == 6; partial_task_mean = mean over the available tasks ONLY when 1 <= n_tasks_valid <= 5; legacy_* keeps the original skipna row mean for traceability and is NOT a six-task mean
FlofloB_smollm2-135M_pretrained_1400k_fineweb_uncovai_human_removed,FlofloB/smollm2-135M_pretrained_1400k_fineweb_uncovai_human_removed,0.1706605141025811,0.2961291442457907,0.0105740181268882,0.2609060402684564,0.3928571428571428,0.1104554521276595,1,1,1,1,1,1,6,True,0.2069303852880864,,1,1,0,False,False,0.2069303852880864,True,six_task_mean_complete_only = mean of six tasks ONLY when n_tasks_valid == 6; partial_task_mean = mean over the available tasks ONLY when 1 <= n_tasks_valid <= 5; legacy_* keeps the original skipna row mean for traceability and is NOT a six-task mean
FlofloB_smollm2-135M_pretrained_1400k_fineweb_uncovai_selected,FlofloB/smollm2-135M_pretrained_1400k_fineweb_uncovai_selected,0.1538495636023528,0.288491581322687,0.0105740181268882,0.2684563758389262,0.373015873015873,0.1136968085106382,1,1,1,1,1,1,6,True,0.2013473700695609,,1,1,0,False,False,0.2013473700695609,True,six_task_mean_complete_only = mean of six tasks ONLY when n_tasks_valid == 6; partial_task_mean = mean over the available tasks ONLY when 1 <= n_tasks_valid <= 5; legacy_* keeps the original skipna row mean for traceability and is NOT a six-task mean
FlofloB_smollm2-135M_pretrained_200k_fineweb_uncovai_human_removed,FlofloB/smollm2-135M_pretrained_200k_fineweb_uncovai_human_removed,0.1474797980469598,0.2997743447318174,0.0037764350453172,0.2583892617449664,0.3571428571428571,0.1119514627659574,1,1,1,1,1,1,6,True,0.19641902657964586,,1,1,0,False,False,0.19641902657964586,True,six_task_mean_complete_only = mean of six tasks ONLY when n_tasks_valid == 6; partial_task_mean = mean over the available tasks ONLY when 1 <= n_tasks_valid <= 5; legacy_* keeps the original skipna row mean for traceability and is NOT a six-task mean
FlofloB_smollm2-135M_pretrained_200k_fineweb_uncovai_selected,FlofloB/smollm2-135M_pretrained_200k_fineweb_uncovai_selected,0.1345153082709433,0.2898802291268877,0.0075528700906344,0.2508389261744966,0.365079365079365,0.1131150265957446,1,1,1,1,1,1,6,True,0.19349695422301194,,1,1,0,False,False,0.19349695422301194,True,six_task_mean_complete_only = mean of six tasks ONLY when n_tasks_valid == 6; partial_task_mean = mean over the available tasks ONLY when 1 <= n_tasks_valid <= 5; legacy_* keeps the original skipna row mean for traceability and is NOT a six-task mean
FlofloB_smollm2-135M_pretrained_400k_fineweb,FlofloB/smollm2-135M_pretrained_400k_fineweb,0.1511267880335288,0.2940461725394896,0.0120845921450151,0.2525167785234899,0.3783068783068783,0.1162732712765957,1,1,1,1,1,1,6,True,0.20072574680416624,,1,1,0,False,False,0.20072574680416624,True,six_task_mean_complete_only = mean of six tasks ONLY when n_tasks_valid == 6; partial_task_mean = mean over the available tasks ONLY when 1 <= n_tasks_valid <= 5; legacy_* keeps the original skipna row mean for traceability and is NOT a six-task mean
FlofloB_smollm2-135M_pretrained_400k_fineweb_uncovai_human_removed,FlofloB/smollm2-135M_pretrained_400k_fineweb_uncovai_human_removed,0.155648124753432,0.3015101544870682,0.0090634441087613,0.2550335570469799,0.3849206349206349,0.1137799202127659,1,1,1,1,1,1,6,True,0.2033259725882737,,1,1,0,False,False,0.2033259725882737,True,six_task_mean_complete_only = mean of six tasks ONLY when n_tasks_valid == 6; partial_task_mean = mean over the available tasks ONLY when 1 <= n_tasks_valid <= 5; legacy_* keeps the original skipna row mean for traceability and is NOT a six-task mean
FlofloB_smollm2-135M_pretrained_400k_fineweb_uncovai_selected,FlofloB/smollm2-135M_pretrained_400k_fineweb_uncovai_selected,0.1584207680066667,0.2895330671758375,0.0067975830815709,0.2541946308724832,0.3809523809523809,0.1157746010638298,1,1,1,1,1,1,6,True,0.20094550519212817,,1,1,0,False,False,0.20094550519212817,True,six_task_mean_complete_only = mean of six tasks ONLY when n_tasks_valid == 6; partial_task_mean = mean over the available tasks ONLY when 1 <= n_tasks_valid <= 5; legacy_* keeps the original skipna row mean for traceability and is NOT a six-task mean
FlofloB_smollm2-135M_pretrained_600k_fineweb,FlofloB/smollm2-135M_pretrained_600k_fineweb,0.1639161868287255,0.2971706300989412,0.0060422960725075,0.2659395973154362,0.3796296296296296,0.1126163563829787,1,1,1,1,1,1,6,True,0.2042191160547031,,1,1,0,False,False,0.2042191160547031,True,six_task_mean_complete_only = mean of six tasks ONLY when n_tasks_valid == 6; partial_task_mean = mean over the available tasks ONLY when 1 <= n_tasks_valid <= 5; legacy_* keeps the original skipna row mean for traceability and is NOT a six-task mean
FlofloB_smollm2-135M_pretrained_600k_fineweb_uncovai_human_removed,FlofloB/smollm2-135M_pretrained_600k_fineweb_uncovai_human_removed,0.164141145493956,0.2975177920499913,0.0090634441087613,0.2625838926174497,0.3783068783068783,0.1146941489361702,1,1,1,1,1,1,6,True,0.20438455025220112,,1,1,0,False,False,0.20438455025220112,True,six_task_mean_complete_only = mean of six tasks ONLY when n_tasks_valid == 6; partial_task_mean = mean over the available tasks ONLY when 1 <= n_tasks_valid <= 5; legacy_* keeps the original skipna row mean for traceability and is NOT a six-task mean
FlofloB_smollm2-135M_pretrained_600k_fineweb_uncovai_selected,FlofloB/smollm2-135M_pretrained_600k_fineweb_uncovai_selected,0.1605938908762084,0.2950876583926402,0.0075528700906344,0.2609060402684564,0.3835978835978836,0.116190159574468,1,1,1,1,1,1,6,True,0.2039880838000485,,1,1,0,False,False,0.2039880838000485,True,six_task_mean_complete_only = mean of six tasks ONLY when n_tasks_valid == 6; partial_task_mean = mean over the available tasks ONLY when 1 <= n_tasks_valid <= 5; legacy_* keeps the original skipna row mean for traceability and is NOT a six-task mean
FlofloB_smollm2-135M_pretrained_800k_fineweb,FlofloB/smollm2-135M_pretrained_800k_fineweb,0.164141145493956,0.2923103627842388,0.0083081570996978,0.2491610738255033,0.369047619047619,0.1151928191489361,1,1,1,1,1,1,6,True,0.19969352956665853,,1,1,0,False,False,0.19969352956665853,True,six_task_mean_complete_only = mean of six tasks ONLY when n_tasks_valid == 6; partial_task_mean = mean over the available tasks ONLY when 1 <= n_tasks_valid <= 5; legacy_* keeps the original skipna row mean for traceability and is NOT a six-task mean
FlofloB_smollm2-135M_pretrained_800k_fineweb_uncovai_human_removed,FlofloB/smollm2-135M_pretrained_800k_fineweb_uncovai_human_removed,0.1622927166584662,0.3006422496094428,0.0067975830815709,0.2525167785234899,0.3981481481481481,0.1137799202127659,1,1,1,1,1,1,6,True,0.2056962327056473,,1,1,0,False,False,0.2056962327056473,True,six_task_mean_complete_only = mean of six tasks ONLY when n_tasks_valid == 6; partial_task_mean = mean over the available tasks ONLY when 1 <= n_tasks_valid <= 5; legacy_* keeps the original skipna row mean for traceability and is NOT a six-task mean
FlofloB_smollm2-135M_pretrained_800k_fineweb_uncovai_selected,FlofloB/smollm2-135M_pretrained_800k_fineweb_uncovai_selected,0.1474299303625491,0.290574553028988,0.0045317220543806,0.261744966442953,0.3756613756613756,0.113031914893617,1,1,1,1,1,1,6,True,0.1988290770739772,,1,1,0,False,False,0.1988290770739772,True,six_task_mean_complete_only = mean of six tasks ONLY when n_tasks_valid == 6; partial_task_mean = mean over the available tasks ONLY when 1 <= n_tasks_valid <= 5; legacy_* keeps the original skipna row mean for traceability and is NOT a six-task mean
FlofloB_smollm2_pretrained_200k_fineweb,FlofloB/smollm2_pretrained_200k_fineweb,0.1527003905193774,0.2959555632702655,0.0037764350453172,0.24748322147651,0.369047619047619,0.1159408244680851,1,1,1,1,1,1,6,True,0.1974840089711957,,1,1,0,False,False,0.1974840089711957,True,six_task_mean_complete_only = mean of six tasks ONLY when n_tasks_valid == 6; partial_task_mean = mean over the available tasks ONLY when 1 <= n_tasks_valid <= 5; legacy_* keeps the original skipna row mean for traceability and is NOT a six-task mean
FlofloB_test_continued_pretraining_Phi-3-mini-4k-instruct_Unsloth_merged_16bit,FlofloB/test_continued_pretraining_Phi-3-mini-4k-instruct_Unsloth_merged_16bit,0.5221456845614081,0.5238673841346988,0.1087613293051359,0.311241610738255,0.4232804232804232,0.3720910904255319,1,1,1,1,1,1,6,True,0.3768979204075755,,1,1,0,False,False,0.3768979204075755,True,six_task_mean_complete_only = mean of six tasks ONLY when n_tasks_valid == 6; partial_task_mean = mean over the available tasks ONLY when 1 <= n_tasks_valid <= 5; legacy_* keeps the original skipna row mean for traceability and is NOT a six-task mean
FuJhen_ft-openhermes-25-mistral-7b-irca-dpo-pairs,FuJhen/ft-openhermes-25-mistral-7b-irca-dpo-pairs,0.5420041046645123,0.4747439680611005,0.0015105740181268,0.2785234899328859,0.4166666666666667,0.2956283244680851,1,1,1,1,1,1,6,True,0.3348461879685629,,1,1,0,False,False,0.3348461879685629,True,six_task_mean_complete_only = mean of six tasks ONLY when n_tasks_valid == 6; partial_task_mean = mean over the available tasks ONLY when 1 <= n_tasks_valid <= 5; legacy_* keeps the original skipna row mean for traceability and is NOT a six-task mean
FuJhen_mistral-instruct-7B-DPO,FuJhen/mistral-instruct-7B-DPO,0.4968417133206558,0.4620725568477695,0.0347432024169184,0.2776845637583892,0.4007936507936508,0.3033577127659574,1,1,1,1,1,1,6,True,0.32924889998389023,,1,1,0,False,False,0.32924889998389023,True,six_task_mean_complete_only = mean of six tasks ONLY when n_tasks_valid == 6; partial_task_mean = mean over the available tasks ONLY when 1 <= n_tasks_valid <= 5; legacy_* keeps the original skipna row mean for traceability and is NOT a six-task mean
FuJhen_mistral_7b_v0.1_structedData_e2e,FuJhen/mistral_7b_v0.1_structedData_e2e,0.1726840339188907,0.4096511022391946,0.0022658610271903,0.2793624161073825,0.3716931216931217,0.2810837765957447,1,1,1,1,1,1,6,True,0.2527900519302541,,1,1,0,False,False,0.2527900519302541,True,six_task_mean_complete_only = mean of six tasks ONLY when n_tasks_valid == 6; partial_task_mean = mean over the available tasks ONLY when 1 <= n_tasks_valid <= 5; legacy_* keeps the original skipna row mean for traceability and is NOT a six-task mean
FuJhen_mistral_7b_v0.1_structedData_viggo,FuJhen/mistral_7b_v0.1_structedData_viggo,0.1783290557941816,0.4511369553896893,0.0287009063444108,0.2835570469798658,0.373015873015873,0.2942154255319149,1,1,1,1,1,1,6,True,0.26815921050932257,,1,1,0,False,False,0.26815921050932257,True,six_task_mean_complete_only = mean of six tasks ONLY when n_tasks_valid == 6; partial_task_mean = mean over the available tasks ONLY when 1 <= n_tasks_valid <= 5; legacy_* keeps the original skipna row mean for traceability and is NOT a six-task mean
FuseAI_FuseChat-7B-v2.0,FuseAI/FuseChat-7B-v2.0,0.3423194900641409,0.4924492275646589,0.0611782477341389,0.3020134228187919,0.4788359788359788,0.3162400265957447,1,1,1,1,1,1,6,True,0.33217273226890903,,1,1,0,False,False,0.33217273226890903,True,six_task_mean_complete_only = mean of six tasks ONLY when n_tasks_valid == 6; partial_task_mean = mean over the available tasks ONLY when 1 <= n_tasks_valid <= 5; legacy_* keeps the original skipna row mean for traceability and is NOT a six-task mean
FuseAI_FuseChat-Llama-3.1-8B-Instruct,FuseAI/FuseChat-Llama-3.1-8B-Instruct,0.7204816553411615,0.509460163166117,0.0702416918429003,0.3053691275167785,0.3809523809523809,0.3733377659574468,1,1,1,1,1,1,6,True,0.39330713079613083,,1,1,0,False,False,0.39330713079613083,True,six_task_mean_complete_only = mean of six tasks ONLY when n_tasks_valid == 6; partial_task_mean = mean over the available tasks ONLY when 1 <= n_tasks_valid <= 5; legacy_* keeps the original skipna row mean for traceability and is NOT a six-task mean
FuseAI_FuseChat-Llama-3.2-3B-Instruct,FuseAI/FuseChat-Llama-3.2-3B-Instruct,0.684886102208806,0.4639819475785454,0.2424471299093655,0.2961409395973154,0.3902116402116402,0.3131648936170212,1,1,1,1,1,1,6,True,0.3984721088537823,,1,1,0,False,False,0.3984721088537823,True,six_task_mean_complete_only = mean of six tasks ONLY when n_tasks_valid == 6; partial_task_mean = mean over the available tasks ONLY when 1 <= n_tasks_valid <= 5; legacy_* keeps the original skipna row mean for traceability and is NOT a six-task mean
FuseAI_FuseChat-Qwen-2.5-7B-Instruct,FuseAI/FuseChat-Qwen-2.5-7B-Instruct,0.5905641475728844,0.5497309494879361,0.4561933534743202,0.2961409395973154,0.3862433862433862,0.4118184840425531,1,1,1,1,1,1,6,True,0.44844854340306584,,1,1,0,False,False,0.44844854340306584,True,six_task_mean_complete_only = mean of six tasks ONLY when n_tasks_valid == 6; partial_task_mean = mean over the available tasks ONLY when 1 <= n_tasks_valid <= 5; legacy_* keeps the original skipna row mean for traceability and is NOT a six-task mean
GalrionSoftworks_MN-LooseCannon-12B-v1,GalrionSoftworks/MN-LooseCannon-12B-v1,0.5417791459992819,0.5091130012150669,0.0853474320241691,0.285234899328859,0.4126984126984127,0.3195644946808511,1,1,1,1,1,1,6,True,0.3589562309911068,,1,1,0,False,False,0.3589562309911068,True,six_task_mean_complete_only = mean of six tasks ONLY when n_tasks_valid == 6; partial_task_mean = mean over the available tasks ONLY when 1 <= n_tasks_valid <= 5; legacy_* keeps the original skipna row mean for traceability and is NOT a six-task mean
GalrionSoftworks_MagnusIntellectus-12B-v1,GalrionSoftworks/MagnusIntellectus-12B-v1,0.4421368635221213,0.5282069085228259,0.0649546827794562,0.2843959731543624,0.4417989417989418,0.3420877659574468,1,1,1,1,1,1,6,True,0.35059685595585904,,1,1,0,False,False,0.35059685595585904,True,six_task_mean_complete_only = mean of six tasks ONLY when n_tasks_valid == 6; partial_task_mean = mean over the available tasks ONLY when 1 <= n_tasks_valid <= 5; legacy_* keeps the original skipna row mean for traceability and is NOT a six-task mean
GenVRadmin_AryaBhatta-GemmaOrca-2-Merged,GenVRadmin/AryaBhatta-GemmaOrca-2-Merged,0.3063737549701458,0.3843082798125325,0.0098187311178247,0.2684563758389262,0.4537037037037037,0.2384474734042553,1,1,1,1,1,1,6,True,0.2768513864745647,,1,1,0,False,False,0.2768513864745647,True,six_task_mean_complete_only = mean of six tasks ONLY when n_tasks_valid == 6; partial_task_mean = mean over the available tasks ONLY when 1 <= n_tasks_valid <= 5; legacy_* keeps the original skipna row mean for traceability and is NOT a six-task mean
GenVRadmin_AryaBhatta-GemmaOrca-Merged,GenVRadmin/AryaBhatta-GemmaOrca-Merged,0.3063737549701458,0.4108661690678701,0.0226586102719033,0.2558724832214765,0.3518518518518518,0.2228224734042553,1,1,1,1,1,1,6,True,0.26174089046458376,,1,1,0,False,False,0.26174089046458376,True,six_task_mean_complete_only = mean of six tasks ONLY when n_tasks_valid == 6; partial_task_mean = mean over the available tasks ONLY when 1 <= n_tasks_valid <= 5; legacy_* keeps the original skipna row mean for traceability and is NOT a six-task mean
GenVRadmin_AryaBhatta-GemmaUltra-Merged,GenVRadmin/AryaBhatta-GemmaUltra-Merged,0.3020773769154731,0.4112133310189203,0.0536253776435045,0.2533557046979866,0.4272486772486772,0.2265625,1,1,1,1,1,1,6,True,0.2790138279207603,,1,1,0,False,False,0.2790138279207603,True,six_task_mean_complete_only = mean of six tasks ONLY when n_tasks_valid == 6; partial_task_mean = mean over the available tasks ONLY when 1 <= n_tasks_valid <= 5; legacy_* keeps the original skipna row mean for traceability and is NOT a six-task mean
GenVRadmin_llama38bGenZ_Vikas-Merged,GenVRadmin/llama38bGenZ_Vikas-Merged,0.3000294773423405,0.4521784412428398,0.04607250755287,0.2953020134228188,0.4391534391534391,0.2622174202127659,1,1,1,1,1,1,6,True,0.29915888315451233,,1,1,0,False,False,0.29915888315451233,True,six_task_mean_complete_only = mean of six tasks ONLY when n_tasks_valid == 6; partial_task_mean = mean over the available tasks ONLY when 1 <= n_tasks_valid <= 5; legacy_* keeps the original skipna row mean for traceability and is NOT a six-task mean
GoToCompany_gemma2-9b-cpt-sahabatai-v1-instruct,GoToCompany/gemma2-9b-cpt-sahabatai-v1-instruct,0.6550607942481504,0.5948620031244576,0.1978851963746223,0.3347315436241611,0.4775132275132275,0.4263630319148936,1,1,1,1,1,1,6,True,0.4477359661332521,,1,1,0,False,False,0.4477359661332521,True,six_task_mean_complete_only = mean of six tasks ONLY when n_tasks_valid == 6; partial_task_mean = mean over the available tasks ONLY when 1 <= n_tasks_valid <= 5; legacy_* keeps the original skipna row mean for traceability and is NOT a six-task mean
GoToCompany_llama3-8b-cpt-sahabatai-v1-instruct,GoToCompany/llama3-8b-cpt-sahabatai-v1-instruct,0.523844510343666,0.4936642943933345,0.127643504531722,0.2667785234899328,0.4484126984126984,0.3453291223404255,1,1,1,1,1,1,6,True,0.3676121089186299,,1,1,0,False,False,0.3676121089186299,True,six_task_mean_complete_only = mean of six tasks ONLY when n_tasks_valid == 6; partial_task_mean = mean over the available tasks ONLY when 1 <= n_tasks_valid <= 5; legacy_* keeps the original skipna row mean for traceability and is NOT a six-task mean
Goekdeniz-Guelmez_Josiefied-Qwen2.5-0.5B-Instruct-abliterated-v1,Goekdeniz-Guelmez/Josiefied-Qwen2.5-0.5B-Instruct-abliterated-v1,0.347189900574919,0.3254643291095296,0.0891238670694864,0.2516778523489933,0.3253968253968254,0.1641456117021276,1,1,1,1,1,1,6,True,0.25049973103364687,,1,1,0,False,False,0.25049973103364687,True,six_task_mean_complete_only = mean of six tasks ONLY when n_tasks_valid == 6; partial_task_mean = mean over the available tasks ONLY when 1 <= n_tasks_valid <= 5; legacy_* keeps the original skipna row mean for traceability and is NOT a six-task mean
Goekdeniz-Guelmez_Josiefied-Qwen2.5-1.5B-Instruct-abliterated-v1,Goekdeniz-Guelmez/Josiefied-Qwen2.5-1.5B-Instruct-abliterated-v1,0.4768580699211425,0.414858531504947,0.0173716012084592,0.2432885906040268,0.3664021164021164,0.2782579787234042,1,1,1,1,1,1,6,True,0.29950614806068265,,1,1,0,False,False,0.29950614806068265,True,six_task_mean_complete_only = mean of six tasks ONLY when n_tasks_valid == 6; partial_task_mean = mean over the available tasks ONLY when 1 <= n_tasks_valid <= 5; legacy_* keeps the original skipna row mean for traceability and is NOT a six-task mean
Goekdeniz-Guelmez_Josiefied-Qwen2.5-1.5B-Instruct-abliterated-v2,Goekdeniz-Guelmez/Josiefied-Qwen2.5-1.5B-Instruct-abliterated-v2,0.421553699738915,0.4009720534629404,0.0098187311178247,0.2399328859060402,0.3756613756613756,0.2561502659574468,1,1,1,1,1,1,6,True,0.2840148353074238,,1,1,0,False,False,0.2840148353074238,True,six_task_mean_complete_only = mean of six tasks ONLY when n_tasks_valid == 6; partial_task_mean = mean over the available tasks ONLY when 1 <= n_tasks_valid <= 5; legacy_* keeps the original skipna row mean for traceability and is NOT a six-task mean
Goekdeniz-Guelmez_Josiefied-Qwen2.5-1.5B-Instruct-abliterated-v3,Goekdeniz-Guelmez/Josiefied-Qwen2.5-1.5B-Instruct-abliterated-v3,0.4252505574098946,0.402187120291616,0.0060422960725075,0.2432885906040268,0.369047619047619,0.2555684840425531,1,1,1,1,1,1,6,True,0.2835641112447029,,1,1,0,False,False,0.2835641112447029,True,six_task_mean_complete_only = mean of six tasks ONLY when n_tasks_valid == 6; partial_task_mean = mean over the available tasks ONLY when 1 <= n_tasks_valid <= 5; legacy_* keeps the original skipna row mean for traceability and is NOT a six-task mean
Goekdeniz-Guelmez_Josiefied-Qwen2.5-14B-Instruct-abliterated-v4,Goekdeniz-Guelmez/Josiefied-Qwen2.5-14B-Instruct-abliterated-v4,0.8291666112581284,0.6332233987155008,0.5422960725075529,0.3422818791946309,0.4272486772486772,0.5018284574468085,1,1,1,1,1,1,6,True,0.546007516061883,,1,1,0,False,False,0.546007516061883,True,six_task_mean_complete_only = mean of six tasks ONLY when n_tasks_valid == 6; partial_task_mean = mean over the available tasks ONLY when 1 <= n_tasks_valid <= 5; legacy_* keeps the original skipna row mean for traceability and is NOT a six-task mean
Goekdeniz-Guelmez_Josiefied-Qwen2.5-7B-Instruct-abliterated-v2,Goekdeniz-Guelmez/Josiefied-Qwen2.5-7B-Instruct-abliterated-v2,0.7813811797142693,0.528554070473876,0.4531722054380664,0.2986577181208054,0.4338624338624338,0.4119847074468085,1,1,1,1,1,1,6,True,0.4846020525093766,,1,1,0,False,False,0.4846020525093766,True,six_task_mean_complete_only = mean of six tasks ONLY when n_tasks_valid == 6; partial_task_mean = mean over the available tasks ONLY when 1 <= n_tasks_valid <= 5; legacy_* keeps the original skipna row mean for traceability and is NOT a six-task mean
Goekdeniz-Guelmez_j.o.s.i.e.v4o-1.5b-dpo-stage1-v1,Goekdeniz-Guelmez/j.o.s.i.e.v4o-1.5b-dpo-stage1-v1,0.4188309241700909,0.4086096163860441,0.1200906344410876,0.2508389261744966,0.3518518518518518,0.2554853723404255,1,1,1,1,1,1,6,True,0.30095122089399945,,1,1,0,False,False,0.30095122089399945,True,six_task_mean_complete_only = mean of six tasks ONLY when n_tasks_valid == 6; partial_task_mean = mean over the available tasks ONLY when 1 <= n_tasks_valid <= 5; legacy_* keeps the original skipna row mean for traceability and is NOT a six-task mean
Goekdeniz-Guelmez_josie-3b-v6.0,Goekdeniz-Guelmez/josie-3b-v6.0,0.6009554648333089,0.4474917549036625,0.2938066465256798,0.2902684563758389,0.3849206349206349,0.3219747340425531,1,1,1,1,1,1,6,True,0.3899029486002797,,1,1,0,False,False,0.3899029486002797,True,six_task_mean_complete_only = mean of six tasks ONLY when n_tasks_valid == 6; partial_task_mean = mean over the available tasks ONLY when 1 <= n_tasks_valid <= 5; legacy_* keeps the original skipna row mean for traceability and is NOT a six-task mean
Goekdeniz-Guelmez_josie-7b-v6.0,Goekdeniz-Guelmez/josie-7b-v6.0,0.7411645544931892,0.509460163166117,0.4358006042296072,0.2827181208053691,0.414021164021164,0.3806515957446808,1,1,1,1,1,1,6,True,0.4606360337433546,,1,1,0,False,False,0.4606360337433546,True,six_task_mean_complete_only = mean of six tasks ONLY when n_tasks_valid == 6; partial_task_mean = mean over the available tasks ONLY when 1 <= n_tasks_valid <= 5; legacy_* keeps the original skipna row mean for traceability and is NOT a six-task mean
Goekdeniz-Guelmez_josie-7b-v6.0-step2000,Goekdeniz-Guelmez/josie-7b-v6.0-step2000,0.7597740661444966,0.5085922582884915,0.4237160120845921,0.2768456375838926,0.4523809523809524,0.4011801861702128,1,1,1,1,1,1,6,True,0.470414852108773,,1,1,0,False,False,0.470414852108773,True,six_task_mean_complete_only = mean of six tasks ONLY when n_tasks_valid == 6; partial_task_mean = mean over the available tasks ONLY when 1 <= n_tasks_valid <= 5; legacy_* keeps the original skipna row mean for traceability and is NOT a six-task mean
GreenNode_GreenNode-small-9B-it,GreenNode/GreenNode-small-9B-it,0.7436125037123721,0.5983336226349593,0.1744712990936555,0.3196308724832215,0.4193121693121693,0.3927027925531915,1,1,1,1,1,1,6,True,0.44134387663159486,,1,1,0,False,False,0.44134387663159486,True,six_task_mean_complete_only = mean of six tasks ONLY when n_tasks_valid == 6; partial_task_mean = mean over the available tasks ONLY when 1 <= n_tasks_valid <= 5; legacy_* keeps the original skipna row mean for traceability and is NOT a six-task mean
GritLM_GritLM-7B-KTO,GritLM/GritLM-7B-KTO,0.5310132670203948,0.4806457212289533,0.0271903323262839,0.2978187919463087,0.3703703703703703,0.2680352393617021,1,1,1,1,1,1,6,True,0.32917895370900213,,1,1,0,False,False,0.32917895370900213,True,six_task_mean_complete_only = mean of six tasks ONLY when n_tasks_valid == 6; partial_task_mean = mean over the available tasks ONLY when 1 <= n_tasks_valid <= 5; legacy_* keeps the original skipna row mean for traceability and is NOT a six-task mean
GritLM_GritLM-8x7B-KTO,GritLM/GritLM-8x7B-KTO,0.5714049832222946,0.57889255337615,0.1223564954682779,0.2961409395973154,0.4206349206349206,0.3647772606382978,1,1,1,1,1,1,6,True,0.392367858822876,,1,1,0,False,False,0.392367858822876,True,six_task_mean_complete_only = mean of six tasks ONLY when n_tasks_valid == 6; partial_task_mean = mean over the available tasks ONLY when 1 <= n_tasks_valid <= 5; legacy_* keeps the original skipna row mean for traceability and is NOT a six-task mean
Groq_Llama-3-Groq-8B-Tool-Use,Groq/Llama-3-Groq-8B-Tool-Use,0.6098230472922956,0.4846380836660302,0.0604229607250755,0.2676174496644295,0.365079365079365,0.3399268617021276,1,1,1,1,1,1,6,True,0.3545846280215539,,1,1,0,False,False,0.3545846280215539,True,six_task_mean_complete_only = mean of six tasks ONLY when n_tasks_valid == 6; partial_task_mean = mean over the available tasks ONLY when 1 <= n_tasks_valid <= 5; legacy_* keeps the original skipna row mean for traceability and is NOT a six-task mean
Gryphe_Pantheon-RP-1.0-8b-Llama-3,Gryphe/Pantheon-RP-1.0-8b-Llama-3,0.3932521265796974,0.4521784412428398,0.0634441087613293,0.276006711409396,0.3822751322751322,0.3066821808510638,1,1,1,1,1,1,6,True,0.31230645018657643,,1,1,0,False,False,0.31230645018657643,True,six_task_mean_complete_only = mean of six tasks ONLY when n_tasks_valid == 6; partial_task_mean = mean over the available tasks ONLY when 1 <= n_tasks_valid <= 5; legacy_* keeps the original skipna row mean for traceability and is NOT a six-task mean
Gryphe_Pantheon-RP-1.5-12b-Nemo,Gryphe/Pantheon-RP-1.5-12b-Nemo,0.4763084172218602,0.5167505641381704,0.0490936555891238,0.2726510067114094,0.4404761904761904,0.3302027925531915,1,1,1,1,1,1,6,True,0.3475804377816576,,1,1,0,False,False,0.3475804377816576,True,six_task_mean_complete_only = mean of six tasks ONLY when n_tasks_valid == 6; partial_task_mean = mean over the available tasks ONLY when 1 <= n_tasks_valid <= 5; legacy_* keeps the original skipna row mean for traceability and is NOT a six-task mean
Gryphe_Pantheon-RP-1.6-12b-Nemo,Gryphe/Pantheon-RP-1.6-12b-Nemo,0.4480567117470533,0.517792049991321,0.04607250755287,0.2776845637583892,0.4272486772486772,0.3311170212765957,1,1,1,1,1,1,6,True,0.3413285885958177,,1,1,0,False,False,0.3413285885958177,True,six_task_mean_complete_only = mean of six tasks ONLY when n_tasks_valid == 6; partial_task_mean = mean over the available tasks ONLY when 1 <= n_tasks_valid <= 5; legacy_* keeps the original skipna row mean for traceability and is NOT a six-task mean
Gryphe_Pantheon-RP-1.6-12b-Nemo-KTO,Gryphe/Pantheon-RP-1.6-12b-Nemo-KTO,0.4636187537954849,0.5247352890123242,0.052870090634441,0.2953020134228188,0.4232804232804232,0.3381815159574468,1,1,1,1,1,1,6,True,0.3496646810171565,,1,1,0,False,False,0.3496646810171565,True,six_task_mean_complete_only = mean of six tasks ONLY when n_tasks_valid == 6; partial_task_mean = mean over the available tasks ONLY when 1 <= n_tasks_valid <= 5; legacy_* keeps the original skipna row mean for traceability and is NOT a six-task mean
Gryphe_Pantheon-RP-Pure-1.6.2-22b-Small,Gryphe/Pantheon-RP-Pure-1.6.2-22b-Small,0.6931042965996888,0.52629751779205,0.202416918429003,0.3288590604026846,0.3756613756613756,0.3941988031914893,1,1,1,1,1,1,6,True,0.4200896620127152,,1,1,0,False,False,0.4200896620127152,True,six_task_mean_complete_only = mean of six tasks ONLY when n_tasks_valid == 6; partial_task_mean = mean over the available tasks ONLY when 1 <= n_tasks_valid <= 5; legacy_* keeps the original skipna row mean for traceability and is NOT a six-task mean
Gunulhona_Gemma-Ko-Merge,Gunulhona/Gemma-Ko-Merge,0.6415721397004392,0.5802812011803506,0.0015105740181268,0.3355704697986577,0.4034391534391534,0.3878823138297872,1,1,1,1,1,1,6,True,0.39170930866108583,,1,1,0,False,False,0.39170930866108583,True,six_task_mean_complete_only = mean of six tasks ONLY when n_tasks_valid == 6; partial_task_mean = mean over the available tasks ONLY when 1 <= n_tasks_valid <= 5; legacy_* keeps the original skipna row mean for traceability and is NOT a six-task mean
Gunulhona_Gemma-Ko-Merge-PEFT,Gunulhona/Gemma-Ko-Merge-PEFT,0.4441348954108433,0.4835965978128797,0.0,0.3070469798657718,0.3981481481481481,0.3097573138297872,1,1,1,1,1,1,6,True,0.3237806558445717,,1,1,0,False,False,0.3237806558445717,True,six_task_mean_complete_only = mean of six tasks ONLY when n_tasks_valid == 6; partial_task_mean = mean over the available tasks ONLY when 1 <= n_tasks_valid <= 5; legacy_* keeps the original skipna row mean for traceability and is NOT a six-task mean
HPAI-BSC_Llama3-Aloe-8B-Alpha,HPAI-BSC/Llama3-Aloe-8B-Alpha,0.5081073773144147,0.4813400451310536,0.0536253776435045,0.2944630872483221,0.3664021164021164,0.3295378989361702,1,1,1,1,1,1,6,True,0.3389126504459303,,1,1,0,False,False,0.3389126504459303,True,six_task_mean_complete_only = mean of six tasks ONLY when n_tasks_valid == 6; partial_task_mean = mean over the available tasks ONLY when 1 <= n_tasks_valid <= 5; legacy_* keeps the original skipna row mean for traceability and is NOT a six-task mean
HPAI-BSC_Llama3.1-Aloe-Beta-8B,HPAI-BSC/Llama3.1-Aloe-Beta-8B,0.6133204342256324,0.5146675924318694,0.1457703927492447,0.322986577181208,0.3835978835978836,0.3829787234042553,1,1,1,1,1,1,6,True,0.39388693393168217,,1,1,0,False,False,0.39388693393168217,True,six_task_mean_complete_only = mean of six tasks ONLY when n_tasks_valid == 6; partial_task_mean = mean over the available tasks ONLY when 1 <= n_tasks_valid <= 5; legacy_* keeps the original skipna row mean for traceability and is NOT a six-task mean
HPAI-BSC_Qwen2.5-Aloe-Beta-7B,HPAI-BSC/Qwen2.5-Aloe-Beta-7B,0.4553506917201914,0.5004339524388127,0.0845921450151057,0.2911073825503356,0.4246031746031746,0.4354222074468085,1,1,1,1,1,1,6,True,0.36525159229573806,,1,1,0,False,False,0.36525159229573806,True,six_task_mean_complete_only = mean of six tasks ONLY when n_tasks_valid == 6; partial_task_mean = mean over the available tasks ONLY when 1 <= n_tasks_valid <= 5; legacy_* keeps the original skipna row mean for traceability and is NOT a six-task mean
Hastagaras_Llama-3.1-Jamet-8B-MK.I,Hastagaras/Llama-3.1-Jamet-8B-MK.I,0.7338207068356406,0.5035584099982642,0.1253776435045317,0.2743288590604026,0.3716931216931217,0.3482380319148936,1,1,1,1,1,1,6,True,0.3928361288344758,,1,1,0,False,False,0.3928361288344758,True,six_task_mean_complete_only = mean of six tasks ONLY when n_tasks_valid == 6; partial_task_mean = mean over the available tasks ONLY when 1 <= n_tasks_valid <= 5; legacy_* keeps the original skipna row mean for traceability and is NOT a six-task mean
Hastagaras_Zabuza-8B-Llama-3.1,Hastagaras/Zabuza-8B-Llama-3.1,0.6265342624237025,0.4525256031938899,0.0422960725075528,0.2642617449664429,0.3558201058201058,0.2923038563829787,1,1,1,1,1,1,6,True,0.3389569408824454,,1,1,0,False,False,0.3389569408824454,True,six_task_mean_complete_only = mean of six tasks ONLY when n_tasks_valid == 6; partial_task_mean = mean over the available tasks ONLY when 1 <= n_tasks_valid <= 5; legacy_* keeps the original skipna row mean for traceability and is NOT a six-task mean
HelpingAI_Cipher-20B,HelpingAI/Cipher-20B,0.5377575942942504,0.6009373372678355,0.1993957703927492,0.2953020134228188,0.3994708994708995,0.3744182180851064,1,1,1,1,1,1,6,True,0.4012136388222766,,1,1,0,False,False,0.4012136388222766,True,six_task_mean_complete_only = mean of six tasks ONLY when n_tasks_valid == 6; partial_task_mean = mean over the available tasks ONLY when 1 <= n_tasks_valid <= 5; legacy_* keeps the original skipna row mean for traceability and is NOT a six-task mean
HelpingAI_Priya-10B,HelpingAI/Priya-10B,0.4042928319082257,0.4426314875889602,0.0188821752265861,0.2558724832214765,0.3783068783068783,0.249251994680851,1,1,1,1,1,1,6,True,0.29153964182216296,,1,1,0,False,False,0.29153964182216296,True,six_task_mean_complete_only = mean of six tasks ONLY when n_tasks_valid == 6; partial_task_mean = mean over the available tasks ONLY when 1 <= n_tasks_valid <= 5; legacy_* keeps the original skipna row mean for traceability and is NOT a six-task mean
HelpingAI_Priya-3B,HelpingAI/Priya-3B,0.4525780484669566,0.3940288144419371,0.0143504531722054,0.2567114093959731,0.3703703703703703,0.233876329787234,1,1,1,1,1,1,6,True,0.286985904272446,,1,1,0,False,False,0.286985904272446,True,six_task_mean_complete_only = mean of six tasks ONLY when n_tasks_valid == 6; partial_task_mean = mean over the available tasks ONLY when 1 <= n_tasks_valid <= 5; legacy_* keeps the original skipna row mean for traceability and is NOT a six-task mean
HeraiHench_Double-Down-Qwen-Math-7B,HeraiHench/Double-Down-Qwen-Math-7B,0.1669636564316015,0.2818955042527339,0.0007552870090634,0.2651006711409396,0.373015873015873,0.1112034574468085,1,1,1,1,1,1,6,True,0.19982240821617,,1,1,0,False,False,0.19982240821617,True,six_task_mean_complete_only = mean of six tasks ONLY when n_tasks_valid == 6; partial_task_mean = mean over the available tasks ONLY when 1 <= n_tasks_valid <= 5; legacy_* keeps the original skipna row mean for traceability and is NOT a six-task mean
HeraiHench_Marge-Qwen-Math-7B,HeraiHench/Marge-Qwen-Math-7B,0.126221758268062,0.3041138691199445,0.0052870090634441,0.2390939597315436,0.3928571428571428,0.1055518617021276,1,1,1,1,1,1,6,True,0.1955209334570441,,1,1,0,False,False,0.1955209334570441,True,six_task_mean_complete_only = mean of six tasks ONLY when n_tasks_valid == 6; partial_task_mean = mean over the available tasks ONLY when 1 <= n_tasks_valid <= 5; legacy_* keeps the original skipna row mean for traceability and is NOT a six-task mean
HeraiHench_Phi-4-slerp-ReasoningRP-14B,HeraiHench/Phi-4-slerp-ReasoningRP-14B,0.1575464212733325,0.4185037319909738,0.0,0.2936241610738255,0.3108465608465608,0.1899933510638297,1,1,1,1,1,1,6,True,0.22841903770808705,,1,1,0,False,False,0.22841903770808705,True,six_task_mean_complete_only = mean of six tasks ONLY when n_tasks_valid == 6; partial_task_mean = mean over the available tasks ONLY when 1 <= n_tasks_valid <= 5; legacy_* keeps the original skipna row mean for traceability and is NOT a six-task mean
HiroseKoichi_Llama-Salad-4x8B-V3,HiroseKoichi/Llama-Salad-4x8B-V3,0.6653523761397536,0.522131574379448,0.0959214501510574,0.3028523489932886,0.373015873015873,0.351811835106383,1,1,1,1,1,1,6,True,0.3851809096309673,,1,1,0,False,False,0.3851809096309673,True,six_task_mean_complete_only = mean of six tasks ONLY when n_tasks_valid == 6; partial_task_mean = mean over the available tasks ONLY when 1 <= n_tasks_valid <= 5; legacy_* keeps the original skipna row mean for traceability and is NOT a six-task mean
HoangHa_Pensez-Llama3.1-8B,HoangHa/Pensez-Llama3.1-8B,0.3886809221753835,0.4650234334316959,0.1148036253776435,0.2885906040268456,0.3597883597883597,0.3125831117021276,1,1,1,1,1,1,6,True,0.32157834275034264,,1,1,0,False,False,0.32157834275034264,True,six_task_mean_complete_only = mean of six tasks ONLY when n_tasks_valid == 6; partial_task_mean = mean over the available tasks ONLY when 1 <= n_tasks_valid <= 5; legacy_* keeps the original skipna row mean for traceability and is NOT a six-task mean
HuggingFaceH4_zephyr-7b-alpha,HuggingFaceH4/zephyr-7b-alpha,,0.4556500607533414,0.0196374622356495,,,,0,1,1,0,0,0,2,False,,0.23764376149449545,1,1,0,False,False,0.23764376149449545,True,six_task_mean_complete_only = mean of six tasks ONLY when n_tasks_valid == 6; partial_task_mean = mean over the available tasks ONLY when 1 <= n_tasks_valid <= 5; legacy_* keeps the original skipna row mean for traceability and is NOT a six-task mean
HuggingFaceH4_zephyr-7b-beta,HuggingFaceH4/zephyr-7b-beta,0.4950431521695767,0.4306544002777295,0.0287009063444108,0.2902684563758389,0.3915343915343915,0.2780917553191489,1,1,1,1,1,1,6,True,0.31904884367018266,,1,1,0,False,False,0.31904884367018266,True,six_task_mean_complete_only = mean of six tasks ONLY when n_tasks_valid == 6; partial_task_mean = mean over the available tasks ONLY when 1 <= n_tasks_valid <= 5; legacy_* keeps the original skipna row mean for traceability and is NOT a six-task mean
HuggingFaceH4_zephyr-7b-gemma-v0.1,HuggingFaceH4/zephyr-7b-gemma-v0.1,,0.4620725568477695,,,,,0,1,0,0,0,0,1,False,,0.4620725568477695,1,1,0,False,False,0.4620725568477695,True,six_task_mean_complete_only = mean of six tasks ONLY when n_tasks_valid == 6; partial_task_mean = mean over the available tasks ONLY when 1 <= n_tasks_valid <= 5; legacy_* keeps the original skipna row mean for traceability and is NOT a six-task mean
HuggingFaceH4_zephyr-orpo-141b-A35b-v0.1,HuggingFaceH4/zephyr-orpo-141b-A35b-v0.1,0.6510891102275296,0.6269744835965978,0.2046827794561933,0.3783557046979866,0.4457671957671957,0.4586103723404255,1,1,1,1,1,1,6,True,0.4609132743476547,,1,1,0,False,False,0.4609132743476547,True,six_task_mean_complete_only = mean of six tasks ONLY when n_tasks_valid == 6; partial_task_mean = mean over the available tasks ONLY when 1 <= n_tasks_valid <= 5; legacy_* keeps the original skipna row mean for traceability and is NOT a six-task mean
HuggingFaceTB_SmolLM-1.7B,HuggingFaceTB/SmolLM-1.7B,0.2361567308075905,0.3155702135045999,0.0166163141993957,0.2416107382550335,0.3412698412698413,0.1147772606382978,1,1,1,1,1,1,6,True,0.2110001831124598,,1,1,0,False,False,0.2110001831124598,True,six_task_mean_complete_only = mean of six tasks ONLY when n_tasks_valid == 6; partial_task_mean = mean over the available tasks ONLY when 1 <= n_tasks_valid <= 5; legacy_* keeps the original skipna row mean for traceability and is NOT a six-task mean
HuggingFaceTB_SmolLM-1.7B-Instruct,HuggingFaceTB/SmolLM-1.7B-Instruct,0.2347825990593846,0.2848463808366603,0.0211480362537764,0.2600671140939597,0.3478835978835979,0.1166057180851063,1,1,1,1,1,1,6,True,0.21088890770208088,,1,1,0,False,False,0.21088890770208088,True,six_task_mean_complete_only = mean of six tasks ONLY when n_tasks_valid == 6; partial_task_mean = mean over the available tasks ONLY when 1 <= n_tasks_valid <= 5; legacy_* keeps the original skipna row mean for traceability and is NOT a six-task mean
HuggingFaceTB_SmolLM-135M,HuggingFaceTB/SmolLM-135M,0.2124762297370975,0.3008158305849679,0.0135951661631419,0.2583892617449664,0.4351851851851852,0.1122007978723404,1,1,1,1,1,1,6,True,0.22211041188128322,,1,1,0,False,False,0.22211041188128322,True,six_task_mean_complete_only = mean of six tasks ONLY when n_tasks_valid == 6; partial_task_mean = mean over the available tasks ONLY when 1 <= n_tasks_valid <= 5; legacy_* keeps the original skipna row mean for traceability and is NOT a six-task mean
HuggingFaceTB_SmolLM-135M-Instruct,HuggingFaceTB/SmolLM-135M-Instruct,0.1214012154416946,0.2983856969276167,0.0052870090634441,0.259228187919463,0.3624338624338624,0.1176030585106382,1,1,1,1,1,1,6,True,0.19405650504945315,,1,1,0,False,False,0.19405650504945315,True,six_task_mean_complete_only = mean of six tasks ONLY when n_tasks_valid == 6; partial_task_mean = mean over the available tasks ONLY when 1 <= n_tasks_valid <= 5; legacy_* keeps the original skipna row mean for traceability and is NOT a six-task mean
HuggingFaceTB_SmolLM-360M,HuggingFaceTB/SmolLM-360M,0.2133505764704318,0.3027252213157438,0.0113293051359516,0.2676174496644295,0.4007936507936508,0.1123670212765957,1,1,1,1,1,1,6,True,0.21803053744280054,,1,1,0,False,False,0.21803053744280054,True,six_task_mean_complete_only = mean of six tasks ONLY when n_tasks_valid == 6; partial_task_mean = mean over the available tasks ONLY when 1 <= n_tasks_valid <= 5; legacy_* keeps the original skipna row mean for traceability and is NOT a six-task mean
HuggingFaceTB_SmolLM-360M-Instruct,HuggingFaceTB/SmolLM-360M-Instruct,0.1951654942219976,0.2848463808366603,0.0181268882175226,0.2642617449664429,0.3465608465608465,0.1166057180851063,1,1,1,1,1,1,6,True,0.20426117881476272,,1,1,0,False,False,0.20426117881476272,True,six_task_mean_complete_only = mean of six tasks ONLY when n_tasks_valid == 6; partial_task_mean = mean over the available tasks ONLY when 1 <= n_tasks_valid <= 5; legacy_* keeps the original skipna row mean for traceability and is NOT a six-task mean
HuggingFaceTB_SmolLM2-1.7B,HuggingFaceTB/SmolLM2-1.7B,0.2440003634800108,0.3428224266620378,0.0264350453172205,0.2793624161073825,0.3478835978835979,0.2137632978723404,1,1,1,1,1,1,6,True,0.24237785788709834,,1,1,0,False,False,0.24237785788709834,True,six_task_mean_complete_only = mean of six tasks ONLY when n_tasks_valid == 6; partial_task_mean = mean over the available tasks ONLY when 1 <= n_tasks_valid <= 5; legacy_* keeps the original skipna row mean for traceability and is NOT a six-task mean
HuggingFaceTB_SmolLM2-1.7B-Instruct,HuggingFaceTB/SmolLM2-1.7B-Instruct,0.5367835121920947,0.3567089047040444,0.0581570996978852,0.2793624161073825,0.3412698412698413,0.2053690159574468,1,1,1,1,1,1,6,True,0.29627513165478253,,1,1,0,False,False,0.29627513165478253,True,six_task_mean_complete_only = mean of six tasks ONLY when n_tasks_valid == 6; partial_task_mean = mean over the available tasks ONLY when 1 <= n_tasks_valid <= 5; legacy_* keeps the original skipna row mean for traceability and is NOT a six-task mean
HuggingFaceTB_SmolLM2-135M,HuggingFaceTB/SmolLM2-135M,0.1817765750431078,,0.0120845921450151,,,0.1094581117021276,1,0,1,0,0,1,3,False,,0.10110642629675015,1,1,0,False,False,0.10110642629675015,True,six_task_mean_complete_only = mean of six tasks ONLY when n_tasks_valid == 6; partial_task_mean = mean over the available tasks ONLY when 1 <= n_tasks_valid <= 5; legacy_* keeps the original skipna row mean for traceability and is NOT a six-task mean
HuggingFaceTB_SmolLM2-135M-Instruct,HuggingFaceTB/SmolLM2-135M-Instruct,0.0592516744460254,0.3105363652143725,0.0143504531722054,0.2340604026845637,0.3862433862433862,0.1092087765957446,1,1,1,1,1,1,6,True,0.18560850972604961,,1,1,0,False,False,0.18560850972604961,True,six_task_mean_complete_only = mean of six tasks ONLY when n_tasks_valid == 6; partial_task_mean = mean over the available tasks ONLY when 1 <= n_tasks_valid <= 5; legacy_* keeps the original skipna row mean for traceability and is NOT a six-task mean
HuggingFaceTB_SmolLM2-360M,HuggingFaceTB/SmolLM2-360M,0.2114522799505312,0.3214719666724527,0.0120845921450151,0.2458053691275167,0.3941798941798942,0.116938164893617,1,1,1,1,1,1,6,True,0.2169887111615045,,1,1,0,False,False,0.2169887111615045,True,six_task_mean_complete_only = mean of six tasks ONLY when n_tasks_valid == 6; partial_task_mean = mean over the available tasks ONLY when 1 <= n_tasks_valid <= 5; legacy_* keeps the original skipna row mean for traceability and is NOT a six-task mean
HuggingFaceTB_SmolLM2-360M-Instruct,HuggingFaceTB/SmolLM2-360M-Instruct,0.3841595854554803,0.3122721749696233,0.0151057401812688,0.2550335570469799,0.3452380952380952,0.1117021276595744,1,1,1,1,1,1,6,True,0.23725188009183695,,1,1,0,False,False,0.23725188009183695,True,six_task_mean_complete_only = mean of six tasks ONLY when n_tasks_valid == 6; partial_task_mean = mean over the available tasks ONLY when 1 <= n_tasks_valid <= 5; legacy_* keeps the original skipna row mean for traceability and is NOT a six-task mean
HumanLLMs_Humanish-LLama3-8B-Instruct,HumanLLMs/Humanish-LLama3-8B-Instruct,0.6497903340913221,0.4943586182954348,0.1027190332326284,0.2558724832214765,0.3571428571428571,0.3701795212765957,1,1,1,1,1,1,6,True,0.3716771412100524,,1,1,0,False,False,0.3716771412100524,True,six_task_mean_complete_only = mean of six tasks ONLY when n_tasks_valid == 6; partial_task_mean = mean over the available tasks ONLY when 1 <= n_tasks_valid <= 5; legacy_* keeps the original skipna row mean for traceability and is NOT a six-task mean
HumanLLMs_Humanish-Mistral-Nemo-Instruct-2407,HumanLLMs/Humanish-Mistral-Nemo-Instruct-2407,0.5451269298793867,0.5228258982815484,0.0762839879154078,0.287751677852349,0.3955026455026455,0.3520611702127659,1,1,1,1,1,1,6,True,0.36325871827401723,,1,1,0,False,False,0.36325871827401723,True,six_task_mean_complete_only = mean of six tasks ONLY when n_tasks_valid == 6; partial_task_mean = mean over the available tasks ONLY when 1 <= n_tasks_valid <= 5; legacy_* keeps the original skipna row mean for traceability and is NOT a six-task mean
HumanLLMs_Humanish-Qwen2.5-7B-Instruct,HumanLLMs/Humanish-Qwen2.5-7B-Instruct,0.7284250233824031,0.5341086616906787,0.5,0.2986577181208054,0.3968253968253968,0.4398271276595745,1,1,1,1,1,1,6,True,0.48297398794647645,,1,1,0,False,False,0.48297398794647645,True,six_task_mean_complete_only = mean of six tasks ONLY when n_tasks_valid == 6; partial_task_mean = mean over the available tasks ONLY when 1 <= n_tasks_valid <= 5; legacy_* keeps the original skipna row mean for traceability and is NOT a six-task mean
IDEA-CCNL_Ziya-LLaMA-13B-v1,IDEA-CCNL/Ziya-LLaMA-13B-v1,0.1696864320004255,0.2844992188856101,0.0,0.2491610738255033,0.3743386243386243,0.1101230053191489,1,1,1,1,1,1,6,True,0.19796805906155202,,1,1,0,False,False,0.19796805906155202,True,six_task_mean_complete_only = mean of six tasks ONLY when n_tasks_valid == 6; partial_task_mean = mean over the available tasks ONLY when 1 <= n_tasks_valid <= 5; legacy_* keeps the original skipna row mean for traceability and is NOT a six-task mean
INSAIT-Institute_BgGPT-Gemma-2-27B-IT-v1.0,INSAIT-Institute/BgGPT-Gemma-2-27B-IT-v1.0,0.0,0.2876236764450616,0.0,0.2600671140939597,0.3571428571428571,0.116688829787234,1,1,1,1,1,1,6,True,0.1702537462448521,,1,1,0,False,False,0.1702537462448521,True,six_task_mean_complete_only = mean of six tasks ONLY when n_tasks_valid == 6; partial_task_mean = mean over the available tasks ONLY when 1 <= n_tasks_valid <= 5; legacy_* keeps the original skipna row mean for traceability and is NOT a six-task mean
IlyaGusev_gemma-2-2b-it-abliterated,IlyaGusev/gemma-2-2b-it-abliterated,0.533086654521115,0.4080888734594688,0.0611782477341389,0.2651006711409396,0.376984126984127,0.2538231382978723,1,1,1,1,1,1,6,True,0.3163769520229436,,1,1,0,False,False,0.3163769520229436,True,six_task_mean_complete_only = mean of six tasks ONLY when n_tasks_valid == 6; partial_task_mean = mean over the available tasks ONLY when 1 <= n_tasks_valid <= 5; legacy_* keeps the original skipna row mean for traceability and is NOT a six-task mean
IlyaGusev_gemma-2-9b-it-abliterated,IlyaGusev/gemma-2-9b-it-abliterated,0.747259493698941,0.5898281548342301,0.1774924471299093,0.3456375838926174,0.4021164021164021,0.3915392287234042,1,1,1,1,1,1,6,True,0.44231221839925067,,1,1,0,False,False,0.44231221839925067,True,six_task_mean_complete_only = mean of six tasks ONLY when n_tasks_valid == 6; partial_task_mean = mean over the available tasks ONLY when 1 <= n_tasks_valid <= 5; legacy_* keeps the original skipna row mean for traceability and is NOT a six-task mean
Infinirc_Infinirc-Llama3-8B-2G-Release-v1.0,Infinirc/Infinirc-Llama3-8B-2G-Release-v1.0,0.2024339862675478,0.4341260197882312,0.0166163141993957,0.299496644295302,0.4603174603174603,0.2160073138297872,1,1,1,1,1,1,6,True,0.27149962311628734,,1,1,0,False,False,0.27149962311628734,True,six_task_mean_complete_only = mean of six tasks ONLY when n_tasks_valid == 6; partial_task_mean = mean over the available tasks ONLY when 1 <= n_tasks_valid <= 5; legacy_* keeps the original skipna row mean for traceability and is NOT a six-task mean
Intel_neural-chat-7b-v3,Intel/neural-chat-7b-v3,0.2777973554612871,0.5023433431695886,0.0294561933534743,0.2919463087248322,0.5052910052910053,0.2698636968085106,1,1,1,1,1,1,6,True,0.3127829838014497,,1,1,0,False,False,0.3127829838014497,True,six_task_mean_complete_only = mean of six tasks ONLY when n_tasks_valid == 6; partial_task_mean = mean over the available tasks ONLY when 1 <= n_tasks_valid <= 5; legacy_* keeps the original skipna row mean for traceability and is NOT a six-task mean
Intel_neural-chat-7b-v3-1,Intel/neural-chat-7b-v3-1,0.4686897432146704,0.503037667071689,0.0354984894259818,0.2902684563758389,0.4973544973544973,0.2677859042553192,1,1,1,1,1,1,6,True,0.34377245961633274,,1,1,0,False,False,0.34377245961633274,True,six_task_mean_complete_only = mean of six tasks ONLY when n_tasks_valid == 6; partial_task_mean = mean over the available tasks ONLY when 1 <= n_tasks_valid <= 5; legacy_* keeps the original skipna row mean for traceability and is NOT a six-task mean
Intel_neural-chat-7b-v3-2,Intel/neural-chat-7b-v3-2,0.4988397452093778,0.5006075334143378,0.0475830815709969,0.2902684563758389,0.4894179894179894,0.2667054521276595,1,1,1,1,1,1,6,True,0.34890370968603346,,1,1,0,False,False,0.34890370968603346,True,six_task_mean_complete_only = mean of six tasks ONLY when n_tasks_valid == 6; partial_task_mean = mean over the available tasks ONLY when 1 <= n_tasks_valid <= 5; legacy_* keeps the original skipna row mean for traceability and is NOT a six-task mean
IntervitensInc_internlm2_5-20b-llamafied,IntervitensInc/internlm2_5-20b-llamafied,0.3409952260003457,0.7483075854886304,0.1706948640483383,0.3380872483221476,0.4470899470899471,0.4050864361702128,1,1,1,1,1,1,6,True,0.4083768845199369,,1,1,0,False,False,0.4083768845199369,True,six_task_mean_complete_only = mean of six tasks ONLY when n_tasks_valid == 6; partial_task_mean = mean over the available tasks ONLY when 1 <= n_tasks_valid <= 5; legacy_* keeps the original skipna row mean for traceability and is NOT a six-task mean
Invalid-Null_PeiYangMe-0.5,Invalid-Null/PeiYangMe-0.5,0.1408850738263363,0.2759937510848811,0.0,0.2441275167785234,0.373015873015873,0.1108710106382978,1,1,1,1,1,1,6,True,0.19081553755731862,,1,1,0,False,False,0.19081553755731862,True,six_task_mean_complete_only = mean of six tasks ONLY when n_tasks_valid == 6; partial_task_mean = mean over the available tasks ONLY when 1 <= n_tasks_valid <= 5; legacy_* keeps the original skipna row mean for traceability and is NOT a six-task mean
Invalid-Null_PeiYangMe-0.7,Invalid-Null/PeiYangMe-0.7,0.1491032682172192,0.2987328588786669,0.0113293051359516,0.2332214765100671,0.3849206349206349,0.1101230053191489,1,1,1,1,1,1,6,True,0.1979050914969481,,1,1,0,False,False,0.1979050914969481,True,six_task_mean_complete_only = mean of six tasks ONLY when n_tasks_valid == 6; partial_task_mean = mean over the available tasks ONLY when 1 <= n_tasks_valid <= 5; legacy_* keeps the original skipna row mean for traceability and is NOT a six-task mean
Isaak-Carter_JOSIEv4o-8b-stage1-v4,Isaak-Carter/JOSIEv4o-8b-stage1-v4,0.2552660274737696,0.4707516056240236,0.052870090634441,0.2919463087248322,0.365079365079365,0.3316156914893617,1,1,1,1,1,1,6,True,0.2945881815042989,,1,1,0,False,False,0.2945881815042989,True,six_task_mean_complete_only = mean of six tasks ONLY when n_tasks_valid == 6; partial_task_mean = mean over the available tasks ONLY when 1 <= n_tasks_valid <= 5; legacy_* keeps the original skipna row mean for traceability and is NOT a six-task mean
Isaak-Carter_Josiefied-Qwen2.5-7B-Instruct-abliterated,Isaak-Carter/Josiefied-Qwen2.5-7B-Instruct-abliterated,0.7317473193349202,0.5372331192501302,0.0,0.3028523489932886,0.4074074074074074,0.4276097074468085,1,1,1,1,1,1,6,True,0.4011416504054259,,1,1,0,False,False,0.4011416504054259,True,six_task_mean_complete_only = mean of six tasks ONLY when n_tasks_valid == 6; partial_task_mean = mean over the available tasks ONLY when 1 <= n_tasks_valid <= 5; legacy_* keeps the original skipna row mean for traceability and is NOT a six-task mean
Isaak-Carter_Josiefied-Qwen2.5-7B-Instruct-abliterated-v2,Isaak-Carter/Josiefied-Qwen2.5-7B-Instruct-abliterated-v2,0.7841039552830933,0.528554070473876,0.4720543806646525,0.2986577181208054,0.4338624338624338,0.4128158244680851,1,1,1,1,1,1,6,True,0.488341397145491,,1,1,0,False,False,0.488341397145491,True,six_task_mean_complete_only = mean of six tasks ONLY when n_tasks_valid == 6; partial_task_mean = mean over the available tasks ONLY when 1 <= n_tasks_valid <= 5; legacy_* keeps the original skipna row mean for traceability and is NOT a six-task mean
J-LAB_Thynk_orpo,J-LAB/Thynk_orpo,0.2101778835711467,0.4431522305155355,0.148036253776435,0.2927852348993288,0.451058201058201,0.3231382978723404,1,1,1,1,1,1,6,True,0.3113913502821646,,1,1,0,False,False,0.3113913502821646,True,six_task_mean_complete_only = mean of six tasks ONLY when n_tasks_valid == 6; partial_task_mean = mean over the available tasks ONLY when 1 <= n_tasks_valid <= 5; legacy_* keeps the original skipna row mean for traceability and is NOT a six-task mean
JackFram_llama-160m,JackFram/llama-160m,0.1791036671586945,0.2857142857142857,0.0083081570996978,0.261744966442953,0.3783068783068783,0.112782579787234,1,1,1,1,1,1,6,True,0.20432675575162387,,1,1,0,False,False,0.20432675575162387,True,six_task_mean_complete_only = mean of six tasks ONLY when n_tasks_valid == 6; partial_task_mean = mean over the available tasks ONLY when 1 <= n_tasks_valid <= 5; legacy_* keeps the original skipna row mean for traceability and is NOT a six-task mean
JackFram_llama-68m,JackFram/llama-68m,0.17263416623448,0.2900538101024127,0.0060422960725075,0.2583892617449664,0.3902116402116402,0.1143617021276595,1,1,1,1,1,1,6,True,0.2052821460822777,,1,1,0,False,False,0.2052821460822777,True,six_task_mean_complete_only = mean of six tasks ONLY when n_tasks_valid == 6; partial_task_mean = mean over the available tasks ONLY when 1 <= n_tasks_valid <= 5; legacy_* keeps the original skipna row mean for traceability and is NOT a six-task mean
Jacoby746_Casual-Magnum-34B,Jacoby746/Casual-Magnum-34B,0.1930167511092789,0.60006943239021,0.0921450151057401,0.3724832214765101,0.4074074074074074,0.5183676861702128,1,1,1,1,1,1,6,True,0.36391491894322653,,1,1,0,False,False,0.36391491894322653,True,six_task_mean_complete_only = mean of six tasks ONLY when n_tasks_valid == 6; partial_task_mean = mean over the available tasks ONLY when 1 <= n_tasks_valid <= 5; legacy_* keeps the original skipna row mean for traceability and is NOT a six-task mean
Jacoby746_Inf-Silent-Kunoichi-v0.1-2x7B,Jacoby746/Inf-Silent-Kunoichi-v0.1-2x7B,0.3879816664228691,0.5169241451136956,0.0709969788519637,0.2894295302013422,0.4272486772486772,0.3271276595744681,1,1,1,1,1,1,6,True,0.33661810956883603,,1,1,0,False,False,0.33661810956883603,True,six_task_mean_complete_only = mean of six tasks ONLY when n_tasks_valid == 6; partial_task_mean = mean over the available tasks ONLY when 1 <= n_tasks_valid <= 5; legacy_* keeps the original skipna row mean for traceability and is NOT a six-task mean
Jacoby746_Inf-Silent-Kunoichi-v0.2-2x7B,Jacoby746/Inf-Silent-Kunoichi-v0.2-2x7B,0.3636019095998617,0.5195278597465718,0.0626888217522658,0.3003355704697986,0.4312169312169312,0.3272107712765957,1,1,1,1,1,1,6,True,0.3340969773436708,,1,1,0,False,False,0.3340969773436708,True,six_task_mean_complete_only = mean of six tasks ONLY when n_tasks_valid == 6; partial_task_mean = mean over the available tasks ONLY when 1 <= n_tasks_valid <= 5; legacy_* keeps the original skipna row mean for traceability and is NOT a six-task mean
Jacoby746_Proto-Athena-4x7B,Jacoby746/Proto-Athena-4x7B,0.3702963691893066,0.5089394202395418,0.0649546827794562,0.2944630872483221,0.4338624338624338,0.3206449468085106,1,1,1,1,1,1,6,True,0.3321934900212618,,1,1,0,False,False,0.3321934900212618,True,six_task_mean_complete_only = mean of six tasks ONLY when n_tasks_valid == 6; partial_task_mean = mean over the available tasks ONLY when 1 <= n_tasks_valid <= 5; legacy_* keeps the original skipna row mean for traceability and is NOT a six-task mean
Jacoby746_Proto-Athena-v0.2-4x7B,Jacoby746/Proto-Athena-v0.2-4x7B,0.375242135312083,0.5049470578024648,0.0634441087613293,0.2986577181208054,0.4206349206349206,0.3197307180851064,1,1,1,1,1,1,6,True,0.3304427764527849,,1,1,0,False,False,0.3304427764527849,True,six_task_mean_complete_only = mean of six tasks ONLY when n_tasks_valid == 6; partial_task_mean = mean over the available tasks ONLY when 1 <= n_tasks_valid <= 5; legacy_* keeps the original skipna row mean for traceability and is NOT a six-task mean
Jacoby746_Proto-Harpy-Blazing-Light-v0.1-2x7B,Jacoby746/Proto-Harpy-Blazing-Light-v0.1-2x7B,0.4904719477652628,0.5162298212115952,0.0747734138972809,0.2953020134228188,0.4444444444444444,0.3301196808510638,1,1,1,1,1,1,6,True,0.35855688693207766,,1,1,0,False,False,0.35855688693207766,True,six_task_mean_complete_only = mean of six tasks ONLY when n_tasks_valid == 6; partial_task_mean = mean over the available tasks ONLY when 1 <= n_tasks_valid <= 5; legacy_* keeps the original skipna row mean for traceability and is NOT a six-task mean
Jacoby746_Proto-Harpy-Spark-v0.1-7B,Jacoby746/Proto-Harpy-Spark-v0.1-7B,0.4332692810631346,0.4707516056240236,0.0619335347432024,0.3053691275167785,0.4312169312169312,0.3069315159574468,1,1,1,1,1,1,6,True,0.3349119993535861,,1,1,0,False,False,0.3349119993535861,True,six_task_mean_complete_only = mean of six tasks ONLY when n_tasks_valid == 6; partial_task_mean = mean over the available tasks ONLY when 1 <= n_tasks_valid <= 5; legacy_* keeps the original skipna row mean for traceability and is NOT a six-task mean
JayHyeon_Qwen-0.5B-DPO-1epoch,JayHyeon/Qwen-0.5B-DPO-1epoch,0.2647331303164492,0.318000347161951,0.0287009063444108,0.2525167785234899,0.3346560846560846,0.155751329787234,1,1,1,1,1,1,6,True,0.2257264294649366,,1,1,0,False,False,0.2257264294649366,True,six_task_mean_complete_only = mean of six tasks ONLY when n_tasks_valid == 6; partial_task_mean = mean over the available tasks ONLY when 1 <= n_tasks_valid <= 5; legacy_* keeps the original skipna row mean for traceability and is NOT a six-task mean
JayHyeon_Qwen-0.5B-DPO-5epoch,JayHyeon/Qwen-0.5B-DPO-5epoch,0.257014720940438,0.3100156222877973,0.0219033232628398,0.2432885906040268,0.3373015873015873,0.1532579787234042,1,1,1,1,1,1,6,True,0.22046363718668224,,1,1,0,False,False,0.22046363718668224,True,six_task_mean_complete_only = mean of six tasks ONLY when n_tasks_valid == 6; partial_task_mean = mean over the available tasks ONLY when 1 <= n_tasks_valid <= 5; legacy_* keeps the original skipna row mean for traceability and is NOT a six-task mean
JayHyeon_Qwen-0.5B-IRPO-1epoch,JayHyeon/Qwen-0.5B-IRPO-1epoch,0.2589130174603385,0.3157437944801249,0.0166163141993957,0.2466442953020134,0.328042328042328,0.1500166223404255,1,1,1,1,1,1,6,True,0.21932939530410434,,1,1,0,False,False,0.21932939530410434,True,six_task_mean_complete_only = mean of six tasks ONLY when n_tasks_valid == 6; partial_task_mean = mean over the available tasks ONLY when 1 <= n_tasks_valid <= 5; legacy_* keeps the original skipna row mean for traceability and is NOT a six-task mean
JayHyeon_Qwen-0.5B-IRPO-5epoch,JayHyeon/Qwen-0.5B-IRPO-5epoch,0.248671303253146,0.3176531852109009,0.0324773413897281,0.2399328859060402,0.328042328042328,0.1506815159574468,1,1,1,1,1,1,6,True,0.21957642662659838,,1,1,0,False,False,0.21957642662659838,True,six_task_mean_complete_only = mean of six tasks ONLY when n_tasks_valid == 6; partial_task_mean = mean over the available tasks ONLY when 1 <= n_tasks_valid <= 5; legacy_* keeps the original skipna row mean for traceability and is NOT a six-task mean
JayHyeon_Qwen-0.5B-eDPO-1epoch,JayHyeon/Qwen-0.5B-eDPO-1epoch,0.262335048781677,0.3169588613088006,0.0347432024169184,0.2424496644295302,0.332010582010582,0.155252659574468,1,1,1,1,1,1,6,True,0.22395833642032933,,1,1,0,False,False,0.22395833642032933,True,six_task_mean_complete_only = mean of six tasks ONLY when n_tasks_valid == 6; partial_task_mean = mean over the available tasks ONLY when 1 <= n_tasks_valid <= 5; legacy_* keeps the original skipna row mean for traceability and is NOT a six-task mean
JayHyeon_Qwen-0.5B-eDPO-5epoch,JayHyeon/Qwen-0.5B-eDPO-5epoch,0.2477470888354011,0.3091477174101718,0.0128398791540785,0.2491610738255033,0.332010582010582,0.1522606382978723,1,1,1,1,1,1,6,True,0.21719449658893483,,1,1,0,False,False,0.21719449658893483,True,six_task_mean_complete_only = mean of six tasks ONLY when n_tasks_valid == 6; partial_task_mean = mean over the available tasks ONLY when 1 <= n_tasks_valid <= 5; legacy_* keeps the original skipna row mean for traceability and is NOT a six-task mean
JayHyeon_Qwen2.5-0.5B-Instruct-SFT,JayHyeon/Qwen2.5-0.5B-Instruct-SFT,0.2767734056747208,0.3233813574032286,0.039274924471299,0.2827181208053691,0.3333333333333333,0.1520113031914893,1,1,1,1,1,1,6,True,0.23458207414657337,,1,1,0,False,False,0.23458207414657337,True,six_task_mean_complete_only = mean of six tasks ONLY when n_tasks_valid == 6; partial_task_mean = mean over the available tasks ONLY when 1 <= n_tasks_valid <= 5; legacy_* keeps the original skipna row mean for traceability and is NOT a six-task mean
JayHyeon_Qwen2.5-0.5B-Instruct-SFT-DPO-1epoch_v1,JayHyeon/Qwen2.5-0.5B-Instruct-SFT-DPO-1epoch_v1,0.2468727421020669,0.3244228432563791,0.0362537764350453,0.2726510067114094,0.3425925925925926,0.1574966755319149,1,1,1,1,1,1,6,True,0.23004827277156806,,1,1,0,False,False,0.23004827277156806,True,six_task_mean_complete_only = mean of six tasks ONLY when n_tasks_valid == 6; partial_task_mean = mean over the available tasks ONLY when 1 <= n_tasks_valid <= 5; legacy_* keeps the original skipna row mean for traceability and is NOT a six-task mean
JayHyeon_Qwen2.5-0.5B-Instruct-SFT-IRPO-1epoch_v1,JayHyeon/Qwen2.5-0.5B-Instruct-SFT-IRPO-1epoch_v1,0.2605863553150086,0.3287623676445061,0.0498489425981873,0.2802013422818792,0.328042328042328,0.1625664893617021,1,1,1,1,1,1,6,True,0.23500130420726853,,1,1,0,False,False,0.23500130420726853,True,six_task_mean_complete_only = mean of six tasks ONLY when n_tasks_valid == 6; partial_task_mean = mean over the available tasks ONLY when 1 <= n_tasks_valid <= 5; legacy_* keeps the original skipna row mean for traceability and is NOT a six-task mean
JayHyeon_Qwen2.5-0.5B-Instruct-SFT-MDPO-1epoch_v1,JayHyeon/Qwen2.5-0.5B-Instruct-SFT-MDPO-1epoch_v1,0.2529178136234081,0.3244228432563791,0.0279456193353474,0.2684563758389262,0.3293650793650793,0.1575797872340425,1,1,1,1,1,1,6,True,0.22678125310886377,,1,1,0,False,False,0.22678125310886377,True,six_task_mean_complete_only = mean of six tasks ONLY when n_tasks_valid == 6; partial_task_mean = mean over the available tasks ONLY when 1 <= n_tasks_valid <= 5; legacy_* keeps the original skipna row mean for traceability and is NOT a six-task mean
JayHyeon_Qwen2.5-0.5B-SFT,JayHyeon/Qwen2.5-0.5B-SFT,0.1963645349893837,0.3098420413122721,0.0271903323262839,0.2785234899328859,0.3386243386243386,0.1673038563829787,1,1,1,1,1,1,6,True,0.21964143226135713,,1,1,0,False,False,0.21964143226135713,True,six_task_mean_complete_only = mean of six tasks ONLY when n_tasks_valid == 6; partial_task_mean = mean over the available tasks ONLY when 1 <= n_tasks_valid <= 5; legacy_* keeps the original skipna row mean for traceability and is NOT a six-task mean
JayHyeon_Qwen2.5-0.5B-SFT-1e-4,JayHyeon/Qwen2.5-0.5B-SFT-1e-4,0.2019596891802639,0.3002950876583926,0.0007552870090634,0.2508389261744966,0.3439153439153439,0.1619015957446808,1,1,1,1,1,1,6,True,0.20994432161370688,,1,1,0,False,False,0.20994432161370688,True,six_task_mean_complete_only = mean of six tasks ONLY when n_tasks_valid == 6; partial_task_mean = mean over the available tasks ONLY when 1 <= n_tasks_valid <= 5; legacy_* keeps the original skipna row mean for traceability and is NOT a six-task mean
JayHyeon_Qwen2.5-0.5B-SFT-1e-4-2ep,JayHyeon/Qwen2.5-0.5B-SFT-1e-4-2ep,0.2140498322229462,0.3148758896024995,0.0264350453172205,0.2466442953020134,0.3465608465608465,0.1536735372340425,1,1,1,1,1,1,6,True,0.21703990770659476,,1,1,0,False,False,0.21703990770659476,True,six_task_mean_complete_only = mean of six tasks ONLY when n_tasks_valid == 6; partial_task_mean = mean over the available tasks ONLY when 1 <= n_tasks_valid <= 5; legacy_* keeps the original skipna row mean for traceability and is NOT a six-task mean
JayHyeon_Qwen2.5-0.5B-SFT-1e-4-3ep,JayHyeon/Qwen2.5-0.5B-SFT-1e-4-3ep,0.2257399256195782,0.3048081930220447,0.0022658610271903,0.2483221476510067,0.365079365079365,0.1531748670212765,1,1,1,1,1,1,6,True,0.2165650599034102,,1,1,0,False,False,0.2165650599034102,True,six_task_mean_complete_only = mean of six tasks ONLY when n_tasks_valid == 6; partial_task_mean = mean over the available tasks ONLY when 1 <= n_tasks_valid <= 5; legacy_* keeps the original skipna row mean for traceability and is NOT a six-task mean
JayHyeon_Qwen2.5-0.5B-SFT-1e-4-5ep,JayHyeon/Qwen2.5-0.5B-SFT-1e-4-5ep,0.1986872609121575,0.307411907654921,0.0196374622356495,0.2533557046979866,0.3399470899470899,0.155751329787234,1,1,1,1,1,1,6,True,0.2124651258725064,,1,1,0,False,False,0.2124651258725064,True,six_task_mean_complete_only = mean of six tasks ONLY when n_tasks_valid == 6; partial_task_mean = mean over the available tasks ONLY when 1 <= n_tasks_valid <= 5; legacy_* keeps the original skipna row mean for traceability and is NOT a six-task mean
JayHyeon_Qwen2.5-0.5B-SFT-1e-5,JayHyeon/Qwen2.5-0.5B-SFT-1e-5,0.1985875255433361,0.3108835271654226,0.0377643504531722,0.2684563758389262,0.3452380952380952,0.1697972074468085,1,1,1,1,1,1,6,True,0.2217878469476268,,1,1,0,False,False,0.2217878469476268,True,six_task_mean_complete_only = mean of six tasks ONLY when n_tasks_valid == 6; partial_task_mean = mean over the available tasks ONLY when 1 <= n_tasks_valid <= 5; legacy_* keeps the original skipna row mean for traceability and is NOT a six-task mean
JayHyeon_Qwen2.5-0.5B-SFT-1e-5-2ep,JayHyeon/Qwen2.5-0.5B-SFT-1e-5-2ep,0.1970637907418981,0.3197361569172018,0.0037764350453172,0.2692953020134228,0.335978835978836,0.1651429521276596,1,1,1,1,1,1,6,True,0.21516557880405587,,1,1,0,False,False,0.21516557880405587,True,six_task_mean_complete_only = mean of six tasks ONLY when n_tasks_valid == 6; partial_task_mean = mean over the available tasks ONLY when 1 <= n_tasks_valid <= 5; legacy_* keeps the original skipna row mean for traceability and is NOT a six-task mean
JayHyeon_Qwen2.5-0.5B-SFT-1e-5-3ep,JayHyeon/Qwen2.5-0.5B-SFT-1e-5-3ep,0.2241164554493189,0.3223398715500781,0.0022658610271903,0.2701342281879195,0.3346560846560846,0.1688829787234042,1,1,1,1,1,1,6,True,0.22039924659899923,,1,1,0,False,False,0.22039924659899923,True,six_task_mean_complete_only = mean of six tasks ONLY when n_tasks_valid == 6; partial_task_mean = mean over the available tasks ONLY when 1 <= n_tasks_valid <= 5; legacy_* keeps the original skipna row mean for traceability and is NOT a six-task mean
JayHyeon_Qwen2.5-0.5B-SFT-1e-5-5ep,JayHyeon/Qwen2.5-0.5B-SFT-1e-5-5ep,0.2291874448685044,0.3235549383787537,0.0521148036253776,0.2793624161073825,0.3227513227513227,0.1687998670212765,1,1,1,1,1,1,6,True,0.22929513212543626,,1,1,0,False,False,0.22929513212543626,True,six_task_mean_complete_only = mean of six tasks ONLY when n_tasks_valid == 6; partial_task_mean = mean over the available tasks ONLY when 1 <= n_tasks_valid <= 5; legacy_* keeps the original skipna row mean for traceability and is NOT a six-task mean
JayHyeon_Qwen2.5-0.5B-SFT-2e-4,JayHyeon/Qwen2.5-0.5B-SFT-2e-4,0.2034335562972912,0.2907481340045131,0.0,0.2575503355704698,0.3425925925925926,0.1412898936170212,1,1,1,1,1,1,6,True,0.205935752013648,,1,1,0,False,False,0.205935752013648,True,six_task_mean_complete_only = mean of six tasks ONLY when n_tasks_valid == 6; partial_task_mean = mean over the available tasks ONLY when 1 <= n_tasks_valid <= 5; legacy_* keeps the original skipna row mean for traceability and is NOT a six-task mean
JayHyeon_Qwen2.5-0.5B-SFT-2e-4-2ep,JayHyeon/Qwen2.5-0.5B-SFT-2e-4-2ep,0.1830753511793153,0.294914077417115,0.0,0.2424496644295302,0.3558201058201058,0.1484375,1,1,1,1,1,1,6,True,0.20411611647434438,,1,1,0,False,False,0.20411611647434438,True,six_task_mean_complete_only = mean of six tasks ONLY when n_tasks_valid == 6; partial_task_mean = mean over the available tasks ONLY when 1 <= n_tasks_valid <= 5; legacy_* keeps the original skipna row mean for traceability and is NOT a six-task mean
JayHyeon_Qwen2.5-0.5B-SFT-2e-4-3ep,JayHyeon/Qwen2.5-0.5B-SFT-2e-4-3ep,0.1989620872617987,0.3079326505814962,0.0007552870090634,0.2609060402684564,0.3439153439153439,0.1416223404255319,1,1,1,1,1,1,6,True,0.20901562491028172,,1,1,0,False,False,0.20901562491028172,True,six_task_mean_complete_only = mean of six tasks ONLY when n_tasks_valid == 6; partial_task_mean = mean over the available tasks ONLY when 1 <= n_tasks_valid <= 5; legacy_* keeps the original skipna row mean for traceability and is NOT a six-task mean
JayHyeon_Qwen2.5-0.5B-SFT-2e-4-5ep,JayHyeon/Qwen2.5-0.5B-SFT-2e-4-5ep,0.1897199430843495,0.290574553028988,0.0037764350453172,0.2692953020134228,0.3862433862433862,0.1336436170212765,1,1,1,1,1,1,6,True,0.21220887273945668,,1,1,0,False,False,0.21220887273945668,True,six_task_mean_complete_only = mean of six tasks ONLY when n_tasks_valid == 6; partial_task_mean = mean over the available tasks ONLY when 1 <= n_tasks_valid <= 5; legacy_* keeps the original skipna row mean for traceability and is NOT a six-task mean
JayHyeon_Qwen2.5-0.5B-SFT-2e-5,JayHyeon/Qwen2.5-0.5B-SFT-2e-5,0.2067558522498083,0.3169588613088006,0.0370090634441087,0.2692953020134228,0.3478835978835979,0.1678025265957446,1,1,1,1,1,1,6,True,0.22428420058258047,,1,1,0,False,False,0.22428420058258047,True,six_task_mean_complete_only = mean of six tasks ONLY when n_tasks_valid == 6; partial_task_mean = mean over the available tasks ONLY when 1 <= n_tasks_valid <= 5; legacy_* keeps the original skipna row mean for traceability and is NOT a six-task mean
JayHyeon_Qwen2.5-0.5B-SFT-2e-5-2ep,JayHyeon/Qwen2.5-0.5B-SFT-2e-5-2ep,0.2201447714286981,0.3190418330151015,0.0030211480362537,0.2776845637583892,0.335978835978836,0.1709607712765957,1,1,1,1,1,1,6,True,0.22113865391564572,,1,1,0,False,False,0.22113865391564572,True,six_task_mean_complete_only = mean of six tasks ONLY when n_tasks_valid == 6; partial_task_mean = mean over the available tasks ONLY when 1 <= n_tasks_valid <= 5; legacy_* keeps the original skipna row mean for traceability and is NOT a six-task mean
JayHyeon_Qwen2.5-0.5B-SFT-2e-5-2ep-DPOP_3e-7-3ep_0alp_5lam,JayHyeon/Qwen2.5-0.5B-SFT-2e-5-2ep-DPOP_3e-7-3ep_0alp_5lam,0.2410526292459562,0.3150494705780246,0.0347432024169184,0.2709731543624161,0.3293650793650793,0.15625,1,1,1,1,1,1,6,True,0.22457225599473243,,1,1,0,False,False,0.22457225599473243,True,six_task_mean_complete_only = mean of six tasks ONLY when n_tasks_valid == 6; partial_task_mean = mean over the available tasks ONLY when 1 <= n_tasks_valid <= 5; legacy_* keeps the original skipna row mean for traceability and is NOT a six-task mean
JayHyeon_Qwen2.5-0.5B-SFT-2e-5-2ep-DPOP_5e-6-1ep_0alp_5lam,JayHyeon/Qwen2.5-0.5B-SFT-2e-5-2ep-DPOP_5e-6-1ep_0alp_5lam,0.2368559865601049,0.3256379100850546,0.0022658610271903,0.276006711409396,0.3346560846560846,0.1569980053191489,1,1,1,1,1,1,6,True,0.22207009317616322,,1,1,0,False,False,0.22207009317616322,True,six_task_mean_complete_only = mean of six tasks ONLY when n_tasks_valid == 6; partial_task_mean = mean over the available tasks ONLY when 1 <= n_tasks_valid <= 5; legacy_* keeps the original skipna row mean for traceability and is NOT a six-task mean
JayHyeon_Qwen2.5-0.5B-SFT-2e-5-2ep-DPOP_5e-6-2ep_0alp_5lam,JayHyeon/Qwen2.5-0.5B-SFT-2e-5-2ep-DPOP_5e-6-2ep_0alp_5lam,0.2262397106344499,0.3249435861829543,0.0,0.2793624161073825,0.3399470899470899,0.1540890957446808,1,1,1,1,1,1,6,True,0.2207636497694262,,1,1,0,False,False,0.2207636497694262,True,six_task_mean_complete_only = mean of six tasks ONLY when n_tasks_valid == 6; partial_task_mean = mean over the available tasks ONLY when 1 <= n_tasks_valid <= 5; legacy_* keeps the original skipna row mean for traceability and is NOT a six-task mean
JayHyeon_Qwen2.5-0.5B-SFT-2e-5-2ep-DPOP_5e-6-3ep_0alp_5lam,JayHyeon/Qwen2.5-0.5B-SFT-2e-5-2ep-DPOP_5e-6-3ep_0alp_5lam,0.2507945584382771,0.3183475091130012,0.0407854984894259,0.276006711409396,0.3346560846560846,0.155501994680851,1,1,1,1,1,1,6,True,0.22934872613117263,,1,1,0,False,False,0.22934872613117263,True,six_task_mean_complete_only = mean of six tasks ONLY when n_tasks_valid == 6; partial_task_mean = mean over the available tasks ONLY when 1 <= n_tasks_valid <= 5; legacy_* keeps the original skipna row mean for traceability and is NOT a six-task mean
JayHyeon_Qwen2.5-0.5B-SFT-2e-5-2ep-DPOP_5e-7-1ep_0alp_5lam,JayHyeon/Qwen2.5-0.5B-SFT-2e-5-2ep-DPOP_5e-7-1ep_0alp_5lam,0.238979241745236,0.3166116993577504,0.0400302114803625,0.2676174496644295,0.332010582010582,0.156000664893617,1,1,1,1,1,1,6,True,0.22520830819199625,,1,1,0,False,False,0.22520830819199625,True,six_task_mean_complete_only = mean of six tasks ONLY when n_tasks_valid == 6; partial_task_mean = mean over the available tasks ONLY when 1 <= n_tasks_valid <= 5; legacy_* keeps the original skipna row mean for traceability and is NOT a six-task mean
JayHyeon_Qwen2.5-0.5B-SFT-2e-5-2ep-DPOP_5e-7-2ep_0alp_5lam,JayHyeon/Qwen2.5-0.5B-SFT-2e-5-2ep-DPOP_5e-7-2ep_0alp_5lam,0.2423015376977531,0.3131400798472487,0.0,0.2676174496644295,0.332010582010582,0.1547539893617021,1,1,1,1,1,1,6,True,0.21830393976361925,,1,1,0,False,False,0.21830393976361925,True,six_task_mean_complete_only = mean of six tasks ONLY when n_tasks_valid == 6; partial_task_mean = mean over the available tasks ONLY when 1 <= n_tasks_valid <= 5; legacy_* keeps the original skipna row mean for traceability and is NOT a six-task mean
JayHyeon_Qwen2.5-0.5B-SFT-2e-5-2ep-DPOP_5e-7-3ep_0alp_5lam,JayHyeon/Qwen2.5-0.5B-SFT-2e-5-2ep-DPOP_5e-7-3ep_0alp_5lam,0.2493206913212498,0.3171324422843256,0.0438066465256797,0.2651006711409396,0.3333333333333333,0.1560837765957446,1,1,1,1,1,1,6,True,0.22746292686687875,,1,1,0,False,False,0.22746292686687875,True,six_task_mean_complete_only = mean of six tasks ONLY when n_tasks_valid == 6; partial_task_mean = mean over the available tasks ONLY when 1 <= n_tasks_valid <= 5; legacy_* keeps the original skipna row mean for traceability and is NOT a six-task mean
JayHyeon_Qwen2.5-0.5B-SFT-2e-5-2ep-DPO_1e-6-1ep_0alp_0lam,JayHyeon/Qwen2.5-0.5B-SFT-2e-5-2ep-DPO_1e-6-1ep_0alp_0lam,0.2541667220752049,0.3145287276514494,0.0407854984894259,0.2718120805369127,0.328042328042328,0.1579953457446808,1,1,1,1,1,1,6,True,0.22788845042333364,,1,1,0,False,False,0.22788845042333364,True,six_task_mean_complete_only = mean of six tasks ONLY when n_tasks_valid == 6; partial_task_mean = mean over the available tasks ONLY when 1 <= n_tasks_valid <= 5; legacy_* keeps the original skipna row mean for traceability and is NOT a six-task mean
JayHyeon_Qwen2.5-0.5B-SFT-2e-5-2ep-DPO_1e-6-2ep_0alp_0lam,JayHyeon/Qwen2.5-0.5B-SFT-2e-5-2ep-DPO_1e-6-2ep_0alp_0lam,0.2450741809509878,0.3134872417982989,0.0407854984894259,0.2743288590604026,0.3293650793650793,0.1560837765957446,1,1,1,1,1,1,6,True,0.22652077270998985,,1,1,0,False,False,0.22652077270998985,True,six_task_mean_complete_only = mean of six tasks ONLY when n_tasks_valid == 6; partial_task_mean = mean over the available tasks ONLY when 1 <= n_tasks_valid <= 5; legacy_* keeps the original skipna row mean for traceability and is NOT a six-task mean
JayHyeon_Qwen2.5-0.5B-SFT-2e-5-2ep-DPO_1e-6-3ep_0alp_0lam,JayHyeon/Qwen2.5-0.5B-SFT-2e-5-2ep-DPO_1e-6-3ep_0alp_0lam,0.2557403245610535,0.311751432043048,0.0400302114803625,0.2743288590604026,0.3306878306878307,0.1574966755319149,1,1,1,1,1,1,6,True,0.22833922222743538,,1,1,0,False,False,0.22833922222743538,True,six_task_mean_complete_only = mean of six tasks ONLY when n_tasks_valid == 6; partial_task_mean = mean over the available tasks ONLY when 1 <= n_tasks_valid <= 5; legacy_* keeps the original skipna row mean for traceability and is NOT a six-task mean
JayHyeon_Qwen2.5-0.5B-SFT-2e-5-2ep-DPO_1e-7-2ep_0alp_0lam,JayHyeon/Qwen2.5-0.5B-SFT-2e-5-2ep-DPO_1e-7-2ep_0alp_0lam,0.2605364876305979,0.3155702135045999,0.0362537764350453,0.2701342281879195,0.3333333333333333,0.1576628989361702,1,1,1,1,1,1,6,True,0.22891515633794435,,1,1,0,False,False,0.22891515633794435,True,six_task_mean_complete_only = mean of six tasks ONLY when n_tasks_valid == 6; partial_task_mean = mean over the available tasks ONLY when 1 <= n_tasks_valid <= 5; legacy_* keeps the original skipna row mean for traceability and is NOT a six-task mean
JayHyeon_Qwen2.5-0.5B-SFT-2e-5-2ep-DPO_1e-7-3ep_0alp_0lam,JayHyeon/Qwen2.5-0.5B-SFT-2e-5-2ep-DPO_1e-7-3ep_0alp_0lam,0.2578137120617738,0.3160909564311751,0.0354984894259818,0.2634228187919463,0.328042328042328,0.1583277925531915,1,1,1,1,1,1,6,True,0.2265326828843994,,1,1,0,False,False,0.2265326828843994,True,six_task_mean_complete_only = mean of six tasks ONLY when n_tasks_valid == 6; partial_task_mean = mean over the available tasks ONLY when 1 <= n_tasks_valid <= 5; legacy_* keeps the original skipna row mean for traceability and is NOT a six-task mean
JayHyeon_Qwen2.5-0.5B-SFT-2e-5-2ep-DPO_2e-6-1ep_0alp_0lam,JayHyeon/Qwen2.5-0.5B-SFT-2e-5-2ep-DPO_2e-6-1ep_0alp_0lam,0.2335336906075878,0.3167852803332754,0.0022658610271903,0.2751677852348994,0.3267195767195767,0.1580784574468085,1,1,1,1,1,1,6,True,0.2187584418948897,,1,1,0,False,False,0.2187584418948897,True,six_task_mean_complete_only = mean of six tasks ONLY when n_tasks_valid == 6; partial_task_mean = mean over the available tasks ONLY when 1 <= n_tasks_valid <= 5; legacy_* keeps the original skipna row mean for traceability and is NOT a six-task mean
JayHyeon_Qwen2.5-0.5B-SFT-2e-5-2ep-DPO_2e-6-2ep_0alp_0lam,JayHyeon/Qwen2.5-0.5B-SFT-2e-5-2ep-DPO_2e-6-2ep_0alp_0lam,0.2471974361361188,0.319909737892727,0.0506042296072507,0.276006711409396,0.3253968253968254,0.1537566489361702,1,1,1,1,1,1,6,True,0.22881193156308133,,1,1,0,False,False,0.22881193156308133,True,six_task_mean_complete_only = mean of six tasks ONLY when n_tasks_valid == 6; partial_task_mean = mean over the available tasks ONLY when 1 <= n_tasks_valid <= 5; legacy_* keeps the original skipna row mean for traceability and is NOT a six-task mean
JayHyeon_Qwen2.5-0.5B-SFT-2e-5-2ep-DPO_2e-6-3ep_0alp_0lam,JayHyeon/Qwen2.5-0.5B-SFT-2e-5-2ep-DPO_2e-6-3ep_0alp_0lam,0.2474223948013493,0.3202568998437771,0.0415407854984894,0.2726510067114094,0.3267195767195767,0.1539228723404255,1,1,1,1,1,1,6,True,0.22708558931917122,,1,1,0,False,False,0.22708558931917122,True,six_task_mean_complete_only = mean of six tasks ONLY when n_tasks_valid == 6; partial_task_mean = mean over the available tasks ONLY when 1 <= n_tasks_valid <= 5; legacy_* keeps the original skipna row mean for traceability and is NOT a six-task mean
JayHyeon_Qwen2.5-0.5B-SFT-2e-5-2ep-DPO_3e-6-1ep_0alp_0lam,JayHyeon/Qwen2.5-0.5B-SFT-2e-5-2ep-DPO_3e-6-1ep_0alp_0lam,0.2402780178814434,0.3223398715500781,0.0007552870090634,0.2818791946308724,0.3253968253968254,0.1573304521276596,1,1,1,1,1,1,6,True,0.22132994143265702,,1,1,0,False,False,0.22132994143265702,True,six_task_mean_complete_only = mean of six tasks ONLY when n_tasks_valid == 6; partial_task_mean = mean over the available tasks ONLY when 1 <= n_tasks_valid <= 5; legacy_* keeps the original skipna row mean for traceability and is NOT a six-task mean
JayHyeon_Qwen2.5-0.5B-SFT-2e-5-2ep-DPO_3e-6-2ep_0alp_0lam,JayHyeon/Qwen2.5-0.5B-SFT-2e-5-2ep-DPO_3e-6-2ep_0alp_0lam,0.2368061188756942,0.3202568998437771,0.04607250755287,0.2743288590604026,0.3346560846560846,0.151595744680851,1,1,1,1,1,1,6,True,0.22728603577827988,,1,1,0,False,False,0.22728603577827988,True,six_task_mean_complete_only = mean of six tasks ONLY when n_tasks_valid == 6; partial_task_mean = mean over the available tasks ONLY when 1 <= n_tasks_valid <= 5; legacy_* keeps the original skipna row mean for traceability and is NOT a six-task mean
JayHyeon_Qwen2.5-0.5B-SFT-2e-5-2ep-DPO_3e-6-3ep_0alp_0lam,JayHyeon/Qwen2.5-0.5B-SFT-2e-5-2ep-DPO_3e-6-3ep_0alp_0lam,0.2371806805941568,0.3226870335011282,0.0007552870090634,0.2701342281879195,0.3386243386243386,0.1550033244680851,1,1,1,1,1,1,6,True,0.22073081539744857,,1,1,0,False,False,0.22073081539744857,True,six_task_mean_complete_only = mean of six tasks ONLY when n_tasks_valid == 6; partial_task_mean = mean over the available tasks ONLY when 1 <= n_tasks_valid <= 5; legacy_* keeps the original skipna row mean for traceability and is NOT a six-task mean
JayHyeon_Qwen2.5-0.5B-SFT-2e-5-2ep-DPO_3e-7-3ep_0alp_0lam,JayHyeon/Qwen2.5-0.5B-SFT-2e-5-2ep-DPO_3e-7-3ep_0alp_0lam,0.2499202117049428,0.3160909564311751,0.0007552870090634,0.2651006711409396,0.328042328042328,0.1574135638297872,1,1,1,1,1,1,6,True,0.21955383635970602,,1,1,0,False,False,0.21955383635970602,True,six_task_mean_complete_only = mean of six tasks ONLY when n_tasks_valid == 6; partial_task_mean = mean over the available tasks ONLY when 1 <= n_tasks_valid <= 5; legacy_* keeps the original skipna row mean for traceability and is NOT a six-task mean
JayHyeon_Qwen2.5-0.5B-SFT-2e-5-2ep-DPO_5e-6-1ep_0alp_0lam,JayHyeon/Qwen2.5-0.5B-SFT-2e-5-2ep-DPO_5e-6-1ep_0alp_0lam,0.2381048950119017,0.3228606144766534,0.0030211480362537,0.2743288590604026,0.332010582010582,0.1572473404255319,1,1,1,1,1,1,6,True,0.22126223983688756,,1,1,0,False,False,0.22126223983688756,True,six_task_mean_complete_only = mean of six tasks ONLY when n_tasks_valid == 6; partial_task_mean = mean over the available tasks ONLY when 1 <= n_tasks_valid <= 5; legacy_* keeps the original skipna row mean for traceability and is NOT a six-task mean
JayHyeon_Qwen2.5-0.5B-SFT-2e-5-2ep-DPO_5e-6-2ep_0alp_0lam,JayHyeon/Qwen2.5-0.5B-SFT-2e-5-2ep-DPO_5e-6-2ep_0alp_0lam,0.2420765790325226,0.3207776427703523,0.0007552870090634,0.2802013422818792,0.3399470899470899,0.1496010638297872,1,1,1,1,1,1,6,True,0.2222265008117824,,1,1,0,False,False,0.2222265008117824,True,six_task_mean_complete_only = mean of six tasks ONLY when n_tasks_valid == 6; partial_task_mean = mean over the available tasks ONLY when 1 <= n_tasks_valid <= 5; legacy_* keeps the original skipna row mean for traceability and is NOT a six-task mean
JayHyeon_Qwen2.5-0.5B-SFT-2e-5-2ep-DPO_5e-6-3ep_0alp_0lam,JayHyeon/Qwen2.5-0.5B-SFT-2e-5-2ep-DPO_5e-6-3ep_0alp_0lam,0.238055027327491,0.3249435861829543,0.0445619335347432,0.276006711409396,0.3399470899470899,0.1498503989361702,1,1,1,1,1,1,6,True,0.22889412455630742,,1,1,0,False,False,0.22889412455630742,True,six_task_mean_complete_only = mean of six tasks ONLY when n_tasks_valid == 6; partial_task_mean = mean over the available tasks ONLY when 1 <= n_tasks_valid <= 5; legacy_* keeps the original skipna row mean for traceability and is NOT a six-task mean
JayHyeon_Qwen2.5-0.5B-SFT-2e-5-2ep-DPO_5e-7_1ep_0alp_0lam,JayHyeon/Qwen2.5-0.5B-SFT-2e-5-2ep-DPO_5e-7_1ep_0alp_0lam,0.2526429872737669,0.3159173754556501,0.0007552870090634,0.273489932885906,0.3333333333333333,0.1572473404255319,1,1,1,1,1,1,6,True,0.22223104273054192,,1,1,0,False,False,0.22223104273054192,True,six_task_mean_complete_only = mean of six tasks ONLY when n_tasks_valid == 6; partial_task_mean = mean over the available tasks ONLY when 1 <= n_tasks_valid <= 5; legacy_* keeps the original skipna row mean for traceability and is NOT a six-task mean
JayHyeon_Qwen2.5-0.5B-SFT-2e-5-2ep-DPO_5e-7_2ep_0alp_0lam,JayHyeon/Qwen2.5-0.5B-SFT-2e-5-2ep-DPO_5e-7_2ep_0alp_0lam,0.2457235690190915,0.3141815657003992,0.0,0.2726510067114094,0.3293650793650793,0.1571642287234042,1,1,1,1,1,1,6,True,0.21984757491989723,,1,1,0,False,False,0.21984757491989723,True,six_task_mean_complete_only = mean of six tasks ONLY when n_tasks_valid == 6; partial_task_mean = mean over the available tasks ONLY when 1 <= n_tasks_valid <= 5; legacy_* keeps the original skipna row mean for traceability and is NOT a six-task mean
JayHyeon_Qwen2.5-0.5B-SFT-2e-5-2ep-DPO_5e-7_3ep_0alp_0lam,JayHyeon/Qwen2.5-0.5B-SFT-2e-5-2ep-DPO_5e-7_3ep_0alp_0lam,0.2441998342176536,0.3178267661864259,0.0483383685800604,0.273489932885906,0.3306878306878307,0.1566655585106383,1,1,1,1,1,1,6,True,0.2285347151780858,,1,1,0,False,False,0.2285347151780858,True,six_task_mean_complete_only = mean of six tasks ONLY when n_tasks_valid == 6; partial_task_mean = mean over the available tasks ONLY when 1 <= n_tasks_valid <= 5; legacy_* keeps the original skipna row mean for traceability and is NOT a six-task mean
JayHyeon_Qwen2.5-0.5B-SFT-2e-5-2ep-DPO_7e-7_1ep_0alp_0lam,JayHyeon/Qwen2.5-0.5B-SFT-2e-5-2ep-DPO_7e-7_1ep_0alp_0lam,0.2603613966497781,0.3160909564311751,0.0,0.276006711409396,0.328042328042328,0.1567486702127659,1,1,1,1,1,1,6,True,0.22287501045757382,,1,1,0,False,False,0.22287501045757382,True,six_task_mean_complete_only = mean of six tasks ONLY when n_tasks_valid == 6; partial_task_mean = mean over the available tasks ONLY when 1 <= n_tasks_valid <= 5; legacy_* keeps the original skipna row mean for traceability and is NOT a six-task mean
JayHyeon_Qwen2.5-0.5B-SFT-2e-5-2ep-DPO_7e-7_2ep_0alp_0lam,JayHyeon/Qwen2.5-0.5B-SFT-2e-5-2ep-DPO_7e-7_2ep_0alp_0lam,0.2489959972871979,0.3147023086269744,0.0007552870090634,0.2709731543624161,0.3293650793650793,0.1569148936170212,1,1,1,1,1,1,6,True,0.22028445337795874,,1,1,0,False,False,0.22028445337795874,True,six_task_mean_complete_only = mean of six tasks ONLY when n_tasks_valid == 6; partial_task_mean = mean over the available tasks ONLY when 1 <= n_tasks_valid <= 5; legacy_* keeps the original skipna row mean for traceability and is NOT a six-task mean
JayHyeon_Qwen2.5-0.5B-SFT-2e-5-2ep-DPO_7e-7_3ep_0alp_0lam,JayHyeon/Qwen2.5-0.5B-SFT-2e-5-2ep-DPO_7e-7_3ep_0alp_0lam,0.2603613966497781,0.3122721749696233,0.0007552870090634,0.2743288590604026,0.3333333333333333,0.1565824468085106,1,1,1,1,1,1,6,True,0.22293891630511853,,1,1,0,False,False,0.22293891630511853,True,six_task_mean_complete_only = mean of six tasks ONLY when n_tasks_valid == 6; partial_task_mean = mean over the available tasks ONLY when 1 <= n_tasks_valid <= 5; legacy_* keeps the original skipna row mean for traceability and is NOT a six-task mean
JayHyeon_Qwen2.5-0.5B-SFT-2e-5-2ep-IRPO_1e-7-1ep_1alp_0lam,JayHyeon/Qwen2.5-0.5B-SFT-2e-5-2ep-IRPO_1e-7-1ep_1alp_0lam,0.2550410688085391,0.3197361569172018,0.0490936555891238,0.2701342281879195,0.328042328042328,0.1570811170212765,1,1,1,1,1,1,6,True,0.2298547590943981,,1,1,0,False,False,0.2298547590943981,True,six_task_mean_complete_only = mean of six tasks ONLY when n_tasks_valid == 6; partial_task_mean = mean over the available tasks ONLY when 1 <= n_tasks_valid <= 5; legacy_* keeps the original skipna row mean for traceability and is NOT a six-task mean
JayHyeon_Qwen2.5-0.5B-SFT-2e-5-2ep-IRPO_1e-7-2ep_1alp_0lam,JayHyeon/Qwen2.5-0.5B-SFT-2e-5-2ep-IRPO_1e-7-2ep_1alp_0lam,0.2477969565198118,0.3183475091130012,0.0007552870090634,0.2667785234899328,0.3306878306878307,0.1586602393617021,1,1,1,1,1,1,6,True,0.22050439103022365,,1,1,0,False,False,0.22050439103022365,True,six_task_mean_complete_only = mean of six tasks ONLY when n_tasks_valid == 6; partial_task_mean = mean over the available tasks ONLY when 1 <= n_tasks_valid <= 5; legacy_* keeps the original skipna row mean for traceability and is NOT a six-task mean
JayHyeon_Qwen2.5-0.5B-SFT-2e-5-2ep-IRPO_1e-7-3ep_1alp_0lam,JayHyeon/Qwen2.5-0.5B-SFT-2e-5-2ep-IRPO_1e-7-3ep_1alp_0lam,0.24747226248576,0.3211248047214025,0.0400302114803625,0.2709731543624161,0.3293650793650793,0.1555851063829787,1,1,1,1,1,1,6,True,0.22742510313299982,,1,1,0,False,False,0.22742510313299982,True,six_task_mean_complete_only = mean of six tasks ONLY when n_tasks_valid == 6; partial_task_mean = mean over the available tasks ONLY when 1 <= n_tasks_valid <= 5; legacy_* keeps the original skipna row mean for traceability and is NOT a six-task mean
JayHyeon_Qwen2.5-0.5B-SFT-2e-5-2ep-IRPO_3e-7-3ep_1alp_0lam,JayHyeon/Qwen2.5-0.5B-SFT-2e-5-2ep-IRPO_3e-7-3ep_1alp_0lam,0.2590127528291599,0.3167852803332754,0.0362537764350453,0.2726510067114094,0.3267195767195767,0.1585771276595744,1,1,1,1,1,1,6,True,0.22833325344800684,,1,1,0,False,False,0.22833325344800684,True,six_task_mean_complete_only = mean of six tasks ONLY when n_tasks_valid == 6; partial_task_mean = mean over the available tasks ONLY when 1 <= n_tasks_valid <= 5; legacy_* keeps the original skipna row mean for traceability and is NOT a six-task mean
JayHyeon_Qwen2.5-0.5B-SFT-2e-5-2ep-IRPO_5e-6-1ep_1alp_0lam,JayHyeon/Qwen2.5-0.5B-SFT-2e-5-2ep-IRPO_5e-6-1ep_1alp_0lam,0.2323346498402017,0.3176531852109009,0.0453172205438066,0.2827181208053691,0.3253968253968254,0.1547539893617021,1,1,1,1,1,1,6,True,0.22636233185980095,,1,1,0,False,False,0.22636233185980095,True,six_task_mean_complete_only = mean of six tasks ONLY when n_tasks_valid == 6; partial_task_mean = mean over the available tasks ONLY when 1 <= n_tasks_valid <= 5; legacy_* keeps the original skipna row mean for traceability and is NOT a six-task mean
JayHyeon_Qwen2.5-0.5B-SFT-2e-5-2ep-IRPO_5e-6-2ep_1alp_0lam,JayHyeon/Qwen2.5-0.5B-SFT-2e-5-2ep-IRPO_5e-6-2ep_1alp_0lam,0.2315101707912782,0.324249262280854,0.0415407854984894,0.2701342281879195,0.3373015873015873,0.152094414893617,1,1,1,1,1,1,6,True,0.22613840815895758,,1,1,0,False,False,0.22613840815895758,True,six_task_mean_complete_only = mean of six tasks ONLY when n_tasks_valid == 6; partial_task_mean = mean over the available tasks ONLY when 1 <= n_tasks_valid <= 5; legacy_* keeps the original skipna row mean for traceability and is NOT a six-task mean
JayHyeon_Qwen2.5-0.5B-SFT-2e-5-2ep-IRPO_5e-6-3ep_1alp_0lam,JayHyeon/Qwen2.5-0.5B-SFT-2e-5-2ep-IRPO_5e-6-3ep_1alp_0lam,0.2298368329366082,0.3313660822773824,0.0007552870090634,0.2659395973154362,0.332010582010582,0.1567486702127659,1,1,1,1,1,1,6,True,0.2194428419603063,,1,1,0,False,False,0.2194428419603063,True,six_task_mean_complete_only = mean of six tasks ONLY when n_tasks_valid == 6; partial_task_mean = mean over the available tasks ONLY when 1 <= n_tasks_valid <= 5; legacy_* keeps the original skipna row mean for traceability and is NOT a six-task mean
JayHyeon_Qwen2.5-0.5B-SFT-2e-5-2ep-IRPO_5e-7-1ep_1alp_0lam,JayHyeon/Qwen2.5-0.5B-SFT-2e-5-2ep-IRPO_5e-7-1ep_1alp_0lam,0.2468727421020669,0.3162645374067002,0.0,0.2793624161073825,0.3293650793650793,0.1574966755319149,1,1,1,1,1,1,6,True,0.2215602417521906,,1,1,0,False,False,0.2215602417521906,True,six_task_mean_complete_only = mean of six tasks ONLY when n_tasks_valid == 6; partial_task_mean = mean over the available tasks ONLY when 1 <= n_tasks_valid <= 5; legacy_* keeps the original skipna row mean for traceability and is NOT a six-task mean
JayHyeon_Qwen2.5-0.5B-SFT-2e-5-2ep-IRPO_5e-7-2ep_1alp_0lam,JayHyeon/Qwen2.5-0.5B-SFT-2e-5-2ep-IRPO_5e-7-2ep_1alp_0lam,0.2520434668900739,0.3152230515535497,0.0,0.2751677852348993,0.332010582010582,0.1575797872340425,1,1,1,1,1,1,6,True,0.22200411215385793,,1,1,0,False,False,0.22200411215385793,True,six_task_mean_complete_only = mean of six tasks ONLY when n_tasks_valid == 6; partial_task_mean = mean over the available tasks ONLY when 1 <= n_tasks_valid <= 5; legacy_* keeps the original skipna row mean for traceability and is NOT a six-task mean
JayHyeon_Qwen2.5-0.5B-SFT-2e-5-2ep-IRPO_5e-7-3ep_1alp_0lam,JayHyeon/Qwen2.5-0.5B-SFT-2e-5-2ep-IRPO_5e-7-3ep_1alp_0lam,0.2665815591519391,0.3174796042353758,0.0,0.2718120805369127,0.328042328042328,0.1566655585106383,1,1,1,1,1,1,6,True,0.22343018841286566,,1,1,0,False,False,0.22343018841286566,True,six_task_mean_complete_only = mean of six tasks ONLY when n_tasks_valid == 6; partial_task_mean = mean over the available tasks ONLY when 1 <= n_tasks_valid <= 5; legacy_* keeps the original skipna row mean for traceability and is NOT a six-task mean
JayHyeon_Qwen2.5-0.5B-SFT-2e-5-2ep-MDPO_0.5_1e-7-1ep_0alp_0lam,JayHyeon/Qwen2.5-0.5B-SFT-2e-5-2ep-MDPO_0.5_1e-7-1ep_0alp_0lam,0.2499202117049428,0.3166116993577504,0.0007552870090634,0.2651006711409396,0.3333333333333333,0.15625,1,1,1,1,1,1,6,True,0.22032853375767159,,1,1,0,False,False,0.22032853375767159,True,six_task_mean_complete_only = mean of six tasks ONLY when n_tasks_valid == 6; partial_task_mean = mean over the available tasks ONLY when 1 <= n_tasks_valid <= 5; legacy_* keeps the original skipna row mean for traceability and is NOT a six-task mean
JayHyeon_Qwen2.5-0.5B-SFT-2e-5-2ep-MDPO_0.5_1e-7-2ep_0alp_0lam,JayHyeon/Qwen2.5-0.5B-SFT-2e-5-2ep-MDPO_0.5_1e-7-2ep_0alp_0lam,0.24170201731406,0.3169588613088006,0.0400302114803625,0.2684563758389262,0.332010582010582,0.1574966755319149,1,1,1,1,1,1,6,True,0.22610912058077437,,1,1,0,False,False,0.22610912058077437,True,six_task_mean_complete_only = mean of six tasks ONLY when n_tasks_valid == 6; partial_task_mean = mean over the available tasks ONLY when 1 <= n_tasks_valid <= 5; legacy_* keeps the original skipna row mean for traceability and is NOT a six-task mean
JayHyeon_Qwen2.5-0.5B-SFT-2e-5-2ep-MDPO_0.5_1e-7-3ep_0alp_0lam,JayHyeon/Qwen2.5-0.5B-SFT-2e-5-2ep-MDPO_0.5_1e-7-3ep_0alp_0lam,0.2562401095759252,0.318000347161951,0.0422960725075528,0.2659395973154362,0.3333333333333333,0.1575797872340425,1,1,1,1,1,1,6,True,0.22889820785470685,,1,1,0,False,False,0.22889820785470685,True,six_task_mean_complete_only = mean of six tasks ONLY when n_tasks_valid == 6; partial_task_mean = mean over the available tasks ONLY when 1 <= n_tasks_valid <= 5; legacy_* keeps the original skipna row mean for traceability and is NOT a six-task mean
JayHyeon_Qwen2.5-0.5B-SFT-2e-5-2ep-MDPO_1e-6-3ep_0alp_0lam,JayHyeon/Qwen2.5-0.5B-SFT-2e-5-2ep-MDPO_1e-6-3ep_0alp_0lam,0.2408276705807258,0.313834403749349,0.0015105740181268,0.273489932885906,0.3306878306878307,0.1556682180851064,1,1,1,1,1,1,6,True,0.21933643833450744,,1,1,0,False,False,0.21933643833450744,True,six_task_mean_complete_only = mean of six tasks ONLY when n_tasks_valid == 6; partial_task_mean = mean over the available tasks ONLY when 1 <= n_tasks_valid <= 5; legacy_* keeps the original skipna row mean for traceability and is NOT a six-task mean
JayHyeon_Qwen2.5-0.5B-SFT-2e-5-2ep-MDPO_1e-6_1ep_0alp_0lam,JayHyeon/Qwen2.5-0.5B-SFT-2e-5-2ep-MDPO_1e-6_1ep_0alp_0lam,0.2481216505538637,0.318000347161951,0.0007552870090634,0.276006711409396,0.3293650793650793,0.159158909574468,1,1,1,1,1,1,6,True,0.22190133084563687,,1,1,0,False,False,0.22190133084563687,True,six_task_mean_complete_only = mean of six tasks ONLY when n_tasks_valid == 6; partial_task_mean = mean over the available tasks ONLY when 1 <= n_tasks_valid <= 5; legacy_* keeps the original skipna row mean for traceability and is NOT a six-task mean
JayHyeon_Qwen2.5-0.5B-SFT-2e-5-2ep-MDPO_1e-6_2ep_0alp_0lam,JayHyeon/Qwen2.5-0.5B-SFT-2e-5-2ep-MDPO_1e-6_2ep_0alp_0lam,0.2544914161092568,0.3157437944801249,0.0007552870090634,0.2718120805369127,0.328042328042328,0.1560837765957446,1,1,1,1,1,1,6,True,0.22115478046223844,,1,1,0,False,False,0.22115478046223844,True,six_task_mean_complete_only = mean of six tasks ONLY when n_tasks_valid == 6; partial_task_mean = mean over the available tasks ONLY when 1 <= n_tasks_valid <= 5; legacy_* keeps the original skipna row mean for traceability and is NOT a six-task mean
JayHyeon_Qwen2.5-0.5B-SFT-2e-5-2ep-MDPO_2e-6-3ep_0alp_0lam,JayHyeon/Qwen2.5-0.5B-SFT-2e-5-2ep-MDPO_2e-6-3ep_0alp_0lam,0.2519935992056632,0.3178267661864259,0.0,0.2726510067114094,0.3253968253968254,0.1537566489361702,1,1,1,1,1,1,6,True,0.22027080773941568,,1,1,0,False,False,0.22027080773941568,True,six_task_mean_complete_only = mean of six tasks ONLY when n_tasks_valid == 6; partial_task_mean = mean over the available tasks ONLY when 1 <= n_tasks_valid <= 5; legacy_* keeps the original skipna row mean for traceability and is NOT a six-task mean
JayHyeon_Qwen2.5-0.5B-SFT-2e-5-2ep-MDPO_2e-6_1ep_0alp_0lam,JayHyeon/Qwen2.5-0.5B-SFT-2e-5-2ep-MDPO_2e-6_1ep_0alp_0lam,0.2314603031068675,0.318000347161951,0.0453172205438066,0.2802013422818792,0.3214285714285714,0.1582446808510638,1,1,1,1,1,1,6,True,0.2257754108956899,,1,1,0,False,False,0.2257754108956899,True,six_task_mean_complete_only = mean of six tasks ONLY when n_tasks_valid == 6; partial_task_mean = mean over the available tasks ONLY when 1 <= n_tasks_valid <= 5; legacy_* keeps the original skipna row mean for traceability and is NOT a six-task mean
JayHyeon_Qwen2.5-0.5B-SFT-2e-5-2ep-MDPO_2e-6_2ep_0alp_0lam,JayHyeon/Qwen2.5-0.5B-SFT-2e-5-2ep-MDPO_2e-6_2ep_0alp_0lam,0.2514938141907915,0.3162645374067002,0.0430513595166163,0.2718120805369127,0.328042328042328,0.1539228723404255,1,1,1,1,1,1,6,True,0.22743116533896235,,1,1,0,False,False,0.22743116533896235,True,six_task_mean_complete_only = mean of six tasks ONLY when n_tasks_valid == 6; partial_task_mean = mean over the available tasks ONLY when 1 <= n_tasks_valid <= 5; legacy_* keeps the original skipna row mean for traceability and is NOT a six-task mean
JayHyeon_Qwen2.5-0.5B-SFT-2e-5-2ep-MDPO_3e-6-1ep_0alp_0lam,JayHyeon/Qwen2.5-0.5B-SFT-2e-5-2ep-MDPO_3e-6-1ep_0alp_0lam,0.2471974361361188,0.3197361569172018,0.0347432024169184,0.2726510067114094,0.3253968253968254,0.1588264627659574,1,1,1,1,1,1,6,True,0.2264251817240719,,1,1,0,False,False,0.2264251817240719,True,six_task_mean_complete_only = mean of six tasks ONLY when n_tasks_valid == 6; partial_task_mean = mean over the available tasks ONLY when 1 <= n_tasks_valid <= 5; legacy_* keeps the original skipna row mean for traceability and is NOT a six-task mean
JayHyeon_Qwen2.5-0.5B-SFT-2e-5-2ep-MDPO_3e-6-2ep_0alp_0lam,JayHyeon/Qwen2.5-0.5B-SFT-2e-5-2ep-MDPO_3e-6-2ep_0alp_0lam,0.2459983953687327,0.3211248047214025,0.0377643504531722,0.2793624161073825,0.3293650793650793,0.1533410904255319,1,1,1,1,1,1,6,True,0.22782602274021682,,1,1,0,False,False,0.22782602274021682,True,six_task_mean_complete_only = mean of six tasks ONLY when n_tasks_valid == 6; partial_task_mean = mean over the available tasks ONLY when 1 <= n_tasks_valid <= 5; legacy_* keeps the original skipna row mean for traceability and is NOT a six-task mean
JayHyeon_Qwen2.5-0.5B-SFT-2e-5-2ep-MDPO_3e-6-3ep_0alp_0lam,JayHyeon/Qwen2.5-0.5B-SFT-2e-5-2ep-MDPO_3e-6-3ep_0alp_0lam,0.2523681609241257,0.3235549383787537,0.0536253776435045,0.2776845637583892,0.335978835978836,0.1530917553191489,1,1,1,1,1,1,6,True,0.23271727200045966,,1,1,0,False,False,0.23271727200045966,True,six_task_mean_complete_only = mean of six tasks ONLY when n_tasks_valid == 6; partial_task_mean = mean over the available tasks ONLY when 1 <= n_tasks_valid <= 5; legacy_* keeps the original skipna row mean for traceability and is NOT a six-task mean
JayHyeon_Qwen2.5-0.5B-SFT-2e-5-2ep-MDPO_5e-6-1ep_0alp_0lam,JayHyeon/Qwen2.5-0.5B-SFT-2e-5-2ep-MDPO_5e-6-1ep_0alp_0lam,0.2264646692996804,0.324249262280854,0.0015105740181268,0.273489932885906,0.3253968253968254,0.1568317819148936,1,1,1,1,1,1,6,True,0.21799050763271435,,1,1,0,False,False,0.21799050763271435,True,six_task_mean_complete_only = mean of six tasks ONLY when n_tasks_valid == 6; partial_task_mean = mean over the available tasks ONLY when 1 <= n_tasks_valid <= 5; legacy_* keeps the original skipna row mean for traceability and is NOT a six-task mean
JayHyeon_Qwen2.5-0.5B-SFT-2e-5-2ep-MDPO_5e-6-2ep_0alp_0lam,JayHyeon/Qwen2.5-0.5B-SFT-2e-5-2ep-MDPO_5e-6-2ep_0alp_0lam,0.23016152697066,0.3206040617948273,0.0,0.2768456375838926,0.3399470899470899,0.1500166223404255,1,1,1,1,1,1,6,True,0.21959582310614922,,1,1,0,False,False,0.21959582310614922,True,six_task_mean_complete_only = mean of six tasks ONLY when n_tasks_valid == 6; partial_task_mean = mean over the available tasks ONLY when 1 <= n_tasks_valid <= 5; legacy_* keeps the original skipna row mean for traceability and is NOT a six-task mean
JayHyeon_Qwen2.5-0.5B-SFT-2e-5-2ep-MDPO_5e-6-3ep_0alp_0lam,JayHyeon/Qwen2.5-0.5B-SFT-2e-5-2ep-MDPO_5e-6-3ep_0alp_0lam,0.2523681609241257,0.3258114910605797,0.0407854984894259,0.2776845637583892,0.3386243386243386,0.152094414893617,1,1,1,1,1,1,6,True,0.2312280779584127,,1,1,0,False,False,0.2312280779584127,True,six_task_mean_complete_only = mean of six tasks ONLY when n_tasks_valid == 6; partial_task_mean = mean over the available tasks ONLY when 1 <= n_tasks_valid <= 5; legacy_* keeps the original skipna row mean for traceability and is NOT a six-task mean
JayHyeon_Qwen2.5-0.5B-SFT-2e-5-2ep-MDPO_5e-7-3ep_0alp_0lam,JayHyeon/Qwen2.5-0.5B-SFT-2e-5-2ep-MDPO_5e-7-3ep_0alp_0lam,0.2657570801030156,0.3159173754556501,0.0362537764350453,0.261744966442953,0.3293650793650793,0.1574966755319149,1,1,1,1,1,1,6,True,0.22775582555560972,,1,1,0,False,False,0.22775582555560972,True,six_task_mean_complete_only = mean of six tasks ONLY when n_tasks_valid == 6; partial_task_mean = mean over the available tasks ONLY when 1 <= n_tasks_valid <= 5; legacy_* keeps the original skipna row mean for traceability and is NOT a six-task mean
JayHyeon_Qwen2.5-0.5B-SFT-2e-5-2ep-MDPO_5e-7_1ep_0alp_0lam,JayHyeon/Qwen2.5-0.5B-SFT-2e-5-2ep-MDPO_5e-7_1ep_0alp_0lam,0.2487211709375568,0.3171324422843256,0.0007552870090634,0.2718120805369127,0.3267195767195767,0.1594913563829787,1,1,1,1,1,1,6,True,0.22077198564506897,,1,1,0,False,False,0.22077198564506897,True,six_task_mean_complete_only = mean of six tasks ONLY when n_tasks_valid == 6; partial_task_mean = mean over the available tasks ONLY when 1 <= n_tasks_valid <= 5; legacy_* keeps the original skipna row mean for traceability and is NOT a six-task mean
JayHyeon_Qwen2.5-0.5B-SFT-2e-5-2ep-MDPO_5e-7_2ep_0alp_0lam,JayHyeon/Qwen2.5-0.5B-SFT-2e-5-2ep-MDPO_5e-7_2ep_0alp_0lam,0.2560151509106947,0.313660822773824,0.0,0.2768456375838926,0.3267195767195767,0.1561668882978723,1,1,1,1,1,1,6,True,0.22156801271431006,,1,1,0,False,False,0.22156801271431006,True,six_task_mean_complete_only = mean of six tasks ONLY when n_tasks_valid == 6; partial_task_mean = mean over the available tasks ONLY when 1 <= n_tasks_valid <= 5; legacy_* keeps the original skipna row mean for traceability and is NOT a six-task mean
JayHyeon_Qwen2.5-0.5B-SFT-2e-5-2ep-MDPO_7e-7-3ep_0alp_0lam,JayHyeon/Qwen2.5-0.5B-SFT-2e-5-2ep-MDPO_7e-7-3ep_0alp_0lam,0.2498703440205322,0.3131400798472487,0.0,0.2701342281879195,0.3293650793650793,0.1555851063829787,1,1,1,1,1,1,6,True,0.21968247296729307,,1,1,0,False,False,0.21968247296729307,True,six_task_mean_complete_only = mean of six tasks ONLY when n_tasks_valid == 6; partial_task_mean = mean over the available tasks ONLY when 1 <= n_tasks_valid <= 5; legacy_* keeps the original skipna row mean for traceability and is NOT a six-task mean
JayHyeon_Qwen2.5-0.5B-SFT-2e-5-2ep-MDPO_7e-7_1ep_0alp_0lam,JayHyeon/Qwen2.5-0.5B-SFT-2e-5-2ep-MDPO_7e-7_1ep_0alp_0lam,0.249595517670891,0.3157437944801249,0.0007552870090634,0.2625838926174497,0.3306878306878307,0.1566655585106383,1,1,1,1,1,1,6,True,0.219338646829333,,1,1,0,False,False,0.219338646829333,True,six_task_mean_complete_only = mean of six tasks ONLY when n_tasks_valid == 6; partial_task_mean = mean over the available tasks ONLY when 1 <= n_tasks_valid <= 5; legacy_* keeps the original skipna row mean for traceability and is NOT a six-task mean
JayHyeon_Qwen2.5-0.5B-SFT-2e-5-2ep-MDPO_7e-7_2ep_0alp_0lam,JayHyeon/Qwen2.5-0.5B-SFT-2e-5-2ep-MDPO_7e-7_2ep_0alp_0lam,0.2514938141907915,0.3147023086269744,0.0438066465256797,0.2701342281879195,0.3267195767195767,0.1553357712765957,1,1,1,1,1,1,6,True,0.22703205758792291,,1,1,0,False,False,0.22703205758792291,True,six_task_mean_complete_only = mean of six tasks ONLY when n_tasks_valid == 6; partial_task_mean = mean over the available tasks ONLY when 1 <= n_tasks_valid <= 5; legacy_* keeps the original skipna row mean for traceability and is NOT a six-task mean
JayHyeon_Qwen2.5-0.5B-SFT-2e-5-3ep,JayHyeon/Qwen2.5-0.5B-SFT-2e-5-3ep,0.2280881394699397,0.3212983856969276,0.0453172205438066,0.261744966442953,0.3293650793650793,0.1746176861702127,1,1,1,1,1,1,6,True,0.2267385796148198,,1,1,0,False,False,0.2267385796148198,True,six_task_mean_complete_only = mean of six tasks ONLY when n_tasks_valid == 6; partial_task_mean = mean over the available tasks ONLY when 1 <= n_tasks_valid <= 5; legacy_* keeps the original skipna row mean for traceability and is NOT a six-task mean
JayHyeon_Qwen2.5-0.5B-SFT-2e-5-5ep,JayHyeon/Qwen2.5-0.5B-SFT-2e-5-5ep,0.2347825990593846,0.3291095295955563,0.0052870090634441,0.2642617449664429,0.3399470899470899,0.1695478723404255,1,1,1,1,1,1,6,True,0.22382264082872386,,1,1,0,False,False,0.22382264082872386,True,six_task_mean_complete_only = mean of six tasks ONLY when n_tasks_valid == 6; partial_task_mean = mean over the available tasks ONLY when 1 <= n_tasks_valid <= 5; legacy_* keeps the original skipna row mean for traceability and is NOT a six-task mean
JayHyeon_Qwen2.5-0.5B-SFT-2e-5-5ep-MDPO_5e-7_3ep_0alp_0lam,JayHyeon/Qwen2.5-0.5B-SFT-2e-5-5ep-MDPO_5e-7_3ep_0alp_0lam,0.2525931195893562,0.3216455476479777,0.0015105740181268,0.2676174496644295,0.3518518518518518,0.1574135638297872,1,1,1,1,1,1,6,True,0.2254386844335882,,1,1,0,False,False,0.2254386844335882,True,six_task_mean_complete_only = mean of six tasks ONLY when n_tasks_valid == 6; partial_task_mean = mean over the available tasks ONLY when 1 <= n_tasks_valid <= 5; legacy_* keeps the original skipna row mean for traceability and is NOT a six-task mean
JayHyeon_Qwen2.5-0.5B-SFT-2e-5-5ep-MDPO_5e-7_3ep_0alp_0lam_1ep,JayHyeon/Qwen2.5-0.5B-SFT-2e-5-5ep-MDPO_5e-7_3ep_0alp_0lam_1ep,0.2481216505538637,0.3148758896024995,0.0015105740181268,0.2625838926174497,0.3465608465608465,0.159657579787234,1,1,1,1,1,1,6,True,0.2222184055233367,,1,1,0,False,False,0.2222184055233367,True,six_task_mean_complete_only = mean of six tasks ONLY when n_tasks_valid == 6; partial_task_mean = mean over the available tasks ONLY when 1 <= n_tasks_valid <= 5; legacy_* keeps the original skipna row mean for traceability and is NOT a six-task mean
JayHyeon_Qwen2.5-0.5B-SFT-2e-5-5ep-MDPO_5e-7_3ep_0alp_0lam_2ep,JayHyeon/Qwen2.5-0.5B-SFT-2e-5-5ep-MDPO_5e-7_3ep_0alp_0lam_2ep,0.2547662424588979,0.3173060232598507,0.0385196374622356,0.2651006711409396,0.3425925925925926,0.1561668882978723,1,1,1,1,1,1,6,True,0.22907534253539816,,1,1,0,False,False,0.22907534253539816,True,six_task_mean_complete_only = mean of six tasks ONLY when n_tasks_valid == 6; partial_task_mean = mean over the available tasks ONLY when 1 <= n_tasks_valid <= 5; legacy_* keeps the original skipna row mean for traceability and is NOT a six-task mean
JayHyeon_Qwen2.5-0.5B-SFT-2e-5-5ep-MDPO_7e-7_3ep_0alp_0lam,JayHyeon/Qwen2.5-0.5B-SFT-2e-5-5ep-MDPO_7e-7_3ep_0alp_0lam,0.2423015376977531,0.3192154139906266,0.0339879154078549,0.2701342281879195,0.3505291005291005,0.1563331117021276,1,1,1,1,1,1,6,True,0.22875021791923036,,1,1,0,False,False,0.22875021791923036,True,six_task_mean_complete_only = mean of six tasks ONLY when n_tasks_valid == 6; partial_task_mean = mean over the available tasks ONLY when 1 <= n_tasks_valid <= 5; legacy_* keeps the original skipna row mean for traceability and is NOT a six-task mean
JayHyeon_Qwen2.5-0.5B-SFT-2e-5-5ep-MDPO_7e-7_3ep_0alp_0lam_1ep,JayHyeon/Qwen2.5-0.5B-SFT-2e-5-5ep-MDPO_7e-7_3ep_0alp_0lam_1ep,0.2492708236368391,0.3166116993577504,0.039274924471299,0.2684563758389262,0.3465608465608465,0.159158909574468,1,1,1,1,1,1,6,True,0.2298889299066882,,1,1,0,False,False,0.2298889299066882,True,six_task_mean_complete_only = mean of six tasks ONLY when n_tasks_valid == 6; partial_task_mean = mean over the available tasks ONLY when 1 <= n_tasks_valid <= 5; legacy_* keeps the original skipna row mean for traceability and is NOT a six-task mean
JayHyeon_Qwen2.5-0.5B-SFT-2e-5-5ep-MDPO_7e-7_3ep_0alp_0lam_2ep,JayHyeon/Qwen2.5-0.5B-SFT-2e-5-5ep-MDPO_7e-7_3ep_0alp_0lam_2ep,0.2477969565198118,0.3188682520395764,0.0415407854984894,0.2692953020134228,0.3505291005291005,0.1555851063829787,1,1,1,1,1,1,6,True,0.23060258383056328,,1,1,0,False,False,0.23060258383056328,True,six_task_mean_complete_only = mean of six tasks ONLY when n_tasks_valid == 6; partial_task_mean = mean over the available tasks ONLY when 1 <= n_tasks_valid <= 5; legacy_* keeps the original skipna row mean for traceability and is NOT a six-task mean
JayHyeon_Qwen2.5-0.5B-SFT-5e-5,JayHyeon/Qwen2.5-0.5B-SFT-5e-5,0.2009856070781083,0.3089741364346468,0.0339879154078549,0.2676174496644295,0.3373015873015873,0.167220744680851,1,1,1,1,1,1,6,True,0.2193479067612463,,1,1,0,False,False,0.2193479067612463,True,six_task_mean_complete_only = mean of six tasks ONLY when n_tasks_valid == 6; partial_task_mean = mean over the available tasks ONLY when 1 <= n_tasks_valid <= 5; legacy_* keeps the original skipna row mean for traceability and is NOT a six-task mean
JayHyeon_Qwen2.5-0.5B-SFT-5e-5-2ep,JayHyeon/Qwen2.5-0.5B-SFT-5e-5-2ep,0.2174718635442847,0.3160909564311751,0.0015105740181268,0.2600671140939597,0.335978835978836,0.1627327127659574,1,1,1,1,1,1,6,True,0.2156420094720566,,1,1,0,False,False,0.2156420094720566,True,six_task_mean_complete_only = mean of six tasks ONLY when n_tasks_valid == 6; partial_task_mean = mean over the available tasks ONLY when 1 <= n_tasks_valid <= 5; legacy_* keeps the original skipna row mean for traceability and is NOT a six-task mean
JayHyeon_Qwen2.5-0.5B-SFT-5e-5-3ep,JayHyeon/Qwen2.5-0.5B-SFT-5e-5-3ep,0.2198699450790569,0.3277208817913556,0.0022658610271903,0.2533557046979866,0.3584656084656085,0.1651429521276596,1,1,1,1,1,1,6,True,0.22113682553147626,,1,1,0,False,False,0.22113682553147626,True,six_task_mean_complete_only = mean of six tasks ONLY when n_tasks_valid == 6; partial_task_mean = mean over the available tasks ONLY when 1 <= n_tasks_valid <= 5; legacy_* keeps the original skipna row mean for traceability and is NOT a six-task mean
JayHyeon_Qwen2.5-0.5B-SFT-5e-5-5ep,JayHyeon/Qwen2.5-0.5B-SFT-5e-5-5ep,0.2077299343519639,0.3252907481340045,0.0271903323262839,0.2684563758389262,0.3756613756613756,0.1586602393617021,1,1,1,1,1,1,6,True,0.2271648342790427,,1,1,0,False,False,0.2271648342790427,True,six_task_mean_complete_only = mean of six tasks ONLY when n_tasks_valid == 6; partial_task_mean = mean over the available tasks ONLY when 1 <= n_tasks_valid <= 5; legacy_* keeps the original skipna row mean for traceability and is NOT a six-task mean
JayHyeon_Qwen2.5-0.5B-SFT-7e-5,JayHyeon/Qwen2.5-0.5B-SFT-7e-5,0.2092536691534018,0.3140079847248742,0.0302114803625377,0.2567114093959731,0.335978835978836,0.1622340425531915,1,1,1,1,1,1,6,True,0.21806623702813568,,1,1,0,False,False,0.21806623702813568,True,six_task_mean_complete_only = mean of six tasks ONLY when n_tasks_valid == 6; partial_task_mean = mean over the available tasks ONLY when 1 <= n_tasks_valid <= 5; legacy_* keeps the original skipna row mean for traceability and is NOT a six-task mean
JayHyeon_Qwen2.5-0.5B-SFT-7e-5-2ep,JayHyeon/Qwen2.5-0.5B-SFT-7e-5-2ep,0.2156234347087949,0.3088005554591216,0.039274924471299,0.2424496644295302,0.335978835978836,0.1567486702127659,1,1,1,1,1,1,6,True,0.21647934754339127,,1,1,0,False,False,0.21647934754339127,True,six_task_mean_complete_only = mean of six tasks ONLY when n_tasks_valid == 6; partial_task_mean = mean over the available tasks ONLY when 1 <= n_tasks_valid <= 5; legacy_* keeps the original skipna row mean for traceability and is NOT a six-task mean
JayHyeon_Qwen2.5-0.5B-SFT-7e-5-3ep,JayHyeon/Qwen2.5-0.5B-SFT-7e-5-3ep,0.238055027327491,0.3173060232598507,0.0332326283987915,0.2365771812080536,0.3544973544973545,0.1521775265957446,1,1,1,1,1,1,6,True,0.22197429021454762,,1,1,0,False,False,0.22197429021454762,True,six_task_mean_complete_only = mean of six tasks ONLY when n_tasks_valid == 6; partial_task_mean = mean over the available tasks ONLY when 1 <= n_tasks_valid <= 5; legacy_* keeps the original skipna row mean for traceability and is NOT a six-task mean
JayHyeon_Qwen2.5-0.5B-SFT-7e-5-5ep,JayHyeon/Qwen2.5-0.5B-SFT-7e-5-5ep,0.2119764447222259,0.3185210900885263,0.0219033232628398,0.2458053691275167,0.3703703703703703,0.1628158244680851,1,1,1,1,1,1,6,True,0.22189873700659402,,1,1,0,False,False,0.22189873700659402,True,six_task_mean_complete_only = mean of six tasks ONLY when n_tasks_valid == 6; partial_task_mean = mean over the available tasks ONLY when 1 <= n_tasks_valid <= 5; legacy_* keeps the original skipna row mean for traceability and is NOT a six-task mean
JayHyeon_Qwen2.5-0.5B-SFT-DPO-1epoch_v1,JayHyeon/Qwen2.5-0.5B-SFT-DPO-1epoch_v1,0.2024594741951355,0.3244228432563791,0.0362537764350453,0.2726510067114094,0.3201058201058201,0.1329787234042553,1,1,1,1,1,1,6,True,0.2148119406846741,,1,1,0,False,False,0.2148119406846741,True,six_task_mean_complete_only = mean of six tasks ONLY when n_tasks_valid == 6; partial_task_mean = mean over the available tasks ONLY when 1 <= n_tasks_valid <= 5; legacy_* keeps the original skipna row mean for traceability and is NOT a six-task mean
JayHyeon_Qwen2.5-0.5B-SFT-MDPO-1epoch_v1,JayHyeon/Qwen2.5-0.5B-SFT-MDPO-1epoch_v1,0.1964144026737944,0.3270265578892553,0.0468277945619335,0.276006711409396,0.3253968253968254,0.1337267287234042,1,1,1,1,1,1,6,True,0.21756650344243478,,1,1,0,False,False,0.21756650344243478,True,six_task_mean_complete_only = mean of six tasks ONLY when n_tasks_valid == 6; partial_task_mean = mean over the available tasks ONLY when 1 <= n_tasks_valid <= 5; legacy_* keeps the original skipna row mean for traceability and is NOT a six-task mean
JayHyeon_Qwen_0.5-DPOP_1e-6-3ep_0alp_5lam,JayHyeon/Qwen_0.5-DPOP_1e-6-3ep_0alp_5lam,0.25324250765746,0.3126193369206735,0.0,0.2743288590604026,0.3306878306878307,0.1565824468085106,1,1,1,1,1,1,6,True,0.2212434968558129,,1,1,0,False,False,0.2212434968558129,True,six_task_mean_complete_only = mean of six tasks ONLY when n_tasks_valid == 6; partial_task_mean = mean over the available tasks ONLY when 1 <= n_tasks_valid <= 5; legacy_* keeps the original skipna row mean for traceability and is NOT a six-task mean
JayHyeon_Qwen_0.5-DPOP_1e-7-3ep_0alp_5lam,JayHyeon/Qwen_0.5-DPOP_1e-7-3ep_0alp_5lam,0.2669561208704016,0.3174796042353758,0.0407854984894259,0.2667785234899328,0.328042328042328,0.15625,1,1,1,1,1,1,6,True,0.22938201252124402,,1,1,0,False,False,0.22938201252124402,True,six_task_mean_complete_only = mean of six tasks ONLY when n_tasks_valid == 6; partial_task_mean = mean over the available tasks ONLY when 1 <= n_tasks_valid <= 5; legacy_* keeps the original skipna row mean for traceability and is NOT a six-task mean
JayHyeon_Qwen_0.5-DPOP_3e-6-1ep_0alp_5lam,JayHyeon/Qwen_0.5-DPOP_3e-6-1ep_0alp_5lam,0.248071782869453,0.3245964242319041,0.0037764350453172,0.2600671140939597,0.335978835978836,0.1564993351063829,1,1,1,1,1,1,6,True,0.22149832122097549,,1,1,0,False,False,0.22149832122097549,True,six_task_mean_complete_only = mean of six tasks ONLY when n_tasks_valid == 6; partial_task_mean = mean over the available tasks ONLY when 1 <= n_tasks_valid <= 5; legacy_* keeps the original skipna row mean for traceability and is NOT a six-task mean
JayHyeon_Qwen_0.5-DPOP_3e-6-2ep_0alp_5lam,JayHyeon/Qwen_0.5-DPOP_3e-6-2ep_0alp_5lam,0.2383298536771322,0.3202568998437771,0.0430513595166163,0.2793624161073825,0.3333333333333333,0.1503490691489361,1,1,1,1,1,1,6,True,0.22744715527119622,,1,1,0,False,False,0.22744715527119622,True,six_task_mean_complete_only = mean of six tasks ONLY when n_tasks_valid == 6; partial_task_mean = mean over the available tasks ONLY when 1 <= n_tasks_valid <= 5; legacy_* keeps the original skipna row mean for traceability and is NOT a six-task mean
JayHyeon_Qwen_0.5-DPOP_3e-6-3ep_0alp_5lam,JayHyeon/Qwen_0.5-DPOP_3e-6-3ep_0alp_5lam,0.2471475684517081,0.3204304808193022,0.0400302114803625,0.2701342281879195,0.332010582010582,0.1533410904255319,1,1,1,1,1,1,6,True,0.22718236022923433,,1,1,0,False,False,0.22718236022923433,True,six_task_mean_complete_only = mean of six tasks ONLY when n_tasks_valid == 6; partial_task_mean = mean over the available tasks ONLY when 1 <= n_tasks_valid <= 5; legacy_* keeps the original skipna row mean for traceability and is NOT a six-task mean
JayHyeon_Qwen_0.5-DPOP_3e-7-1ep_0alp_5lam,JayHyeon/Qwen_0.5-DPOP_3e-7-1ep_0alp_5lam,0.2447494869169359,0.3166116993577504,0.0007552870090634,0.261744966442953,0.3333333333333333,0.1564993351063829,1,1,1,1,1,1,6,True,0.21894901802773648,,1,1,0,False,False,0.21894901802773648,True,six_task_mean_complete_only = mean of six tasks ONLY when n_tasks_valid == 6; partial_task_mean = mean over the available tasks ONLY when 1 <= n_tasks_valid <= 5; legacy_* keeps the original skipna row mean for traceability and is NOT a six-task mean
JayHyeon_Qwen_0.5-DPOP_3e-7-2ep_0alp_5lam,JayHyeon/Qwen_0.5-DPOP_3e-7-2ep_0alp_5lam,0.2551408041773605,0.3173060232598507,0.0007552870090634,0.261744966442953,0.3253968253968254,0.1566655585106383,1,1,1,1,1,1,6,True,0.2195015774661152,,1,1,0,False,False,0.2195015774661152,True,six_task_mean_complete_only = mean of six tasks ONLY when n_tasks_valid == 6; partial_task_mean = mean over the available tasks ONLY when 1 <= n_tasks_valid <= 5; legacy_* keeps the original skipna row mean for traceability and is NOT a six-task mean
JayHyeon_Qwen_0.5-DPOP_3e-7-3ep_0alp_5lam,JayHyeon/Qwen_0.5-DPOP_3e-7-3ep_0alp_5lam,0.2537921603567423,0.3134872417982989,0.0415407854984894,0.2676174496644295,0.3253968253968254,0.1583277925531915,1,1,1,1,1,1,6,True,0.22669370921132947,,1,1,0,False,False,0.22669370921132947,True,six_task_mean_complete_only = mean of six tasks ONLY when n_tasks_valid == 6; partial_task_mean = mean over the available tasks ONLY when 1 <= n_tasks_valid <= 5; legacy_* keeps the original skipna row mean for traceability and is NOT a six-task mean
JayHyeon_Qwen_0.5-DPOP_5e-7-1ep_0alp_5lam,JayHyeon/Qwen_0.5-DPOP_5e-7-1ep_0alp_5lam,0.2402281501970327,0.3152230515535497,0.0377643504531722,0.2718120805369127,0.332010582010582,0.1568317819148936,1,1,1,1,1,1,6,True,0.22564499944435715,,1,1,0,False,False,0.22564499944435715,True,six_task_mean_complete_only = mean of six tasks ONLY when n_tasks_valid == 6; partial_task_mean = mean over the available tasks ONLY when 1 <= n_tasks_valid <= 5; legacy_* keeps the original skipna row mean for traceability and is NOT a six-task mean
JayHyeon_Qwen_0.5-DPOP_5e-7-2ep_0alp_5lam,JayHyeon/Qwen_0.5-DPOP_5e-7-2ep_0alp_5lam,0.2483964769035049,0.3190418330151015,0.0438066465256797,0.2701342281879195,0.328042328042328,0.1573304521276596,1,1,1,1,1,1,6,True,0.2277919941336988,,1,1,0,False,False,0.2277919941336988,True,six_task_mean_complete_only = mean of six tasks ONLY when n_tasks_valid == 6; partial_task_mean = mean over the available tasks ONLY when 1 <= n_tasks_valid <= 5; legacy_* keeps the original skipna row mean for traceability and is NOT a six-task mean
JayHyeon_Qwen_0.5-DPOP_5e-7-3ep_0alp_5lam,JayHyeon/Qwen_0.5-DPOP_5e-7-3ep_0alp_5lam,0.2578137120617738,0.3188682520395764,0.0007552870090634,0.2709731543624161,0.328042328042328,0.1583277925531915,1,1,1,1,1,1,6,True,0.22246342101139152,,1,1,0,False,False,0.22246342101139152,True,six_task_mean_complete_only = mean of six tasks ONLY when n_tasks_valid == 6; partial_task_mean = mean over the available tasks ONLY when 1 <= n_tasks_valid <= 5; legacy_* keeps the original skipna row mean for traceability and is NOT a six-task mean
JayHyeon_Qwen_0.5-DPO_1e-6-3ep_0alp_0lam,JayHyeon/Qwen_0.5-DPO_1e-6-3ep_0alp_0lam,0.2316353940876873,0.3233813574032286,0.052870090634441,0.2692953020134228,0.3214285714285714,0.1579953457446808,1,1,1,1,1,1,6,True,0.226101010218672,,1,1,0,False,False,0.226101010218672,True,six_task_mean_complete_only = mean of six tasks ONLY when n_tasks_valid == 6; partial_task_mean = mean over the available tasks ONLY when 1 <= n_tasks_valid <= 5; legacy_* keeps the original skipna row mean for traceability and is NOT a six-task mean
JayHyeon_Qwen_0.5-DPO_1e-7-3ep_0alp_0lam,JayHyeon/Qwen_0.5-DPO_1e-7-3ep_0alp_0lam,0.2359816398267707,0.3204304808193022,0.0,0.2709731543624161,0.3214285714285714,0.1595744680851064,1,1,1,1,1,1,6,True,0.21806471908702782,,1,1,0,False,False,0.21806471908702782,True,six_task_mean_complete_only = mean of six tasks ONLY when n_tasks_valid == 6; partial_task_mean = mean over the available tasks ONLY when 1 <= n_tasks_valid <= 5; legacy_* keeps the original skipna row mean for traceability and is NOT a six-task mean
JayHyeon_Qwen_0.5-DPO_3e-6-1ep_0alp_0lam,JayHyeon/Qwen_0.5-DPO_3e-6-1ep_0alp_0lam,0.2337087815884076,0.311751432043048,0.0347432024169184,0.2609060402684564,0.3227513227513227,0.1532579787234042,1,1,1,1,1,1,6,True,0.21951979296525956,,1,1,0,False,False,0.21951979296525956,True,six_task_mean_complete_only = mean of six tasks ONLY when n_tasks_valid == 6; partial_task_mean = mean over the available tasks ONLY when 1 <= n_tasks_valid <= 5; legacy_* keeps the original skipna row mean for traceability and is NOT a six-task mean
JayHyeon_Qwen_0.5-DPO_3e-6-2ep_0alp_0lam,JayHyeon/Qwen_0.5-DPO_3e-6-2ep_0alp_0lam,0.2569393653284396,0.3251171671584794,0.0060422960725075,0.2718120805369127,0.3148148148148148,0.1564993351063829,1,1,1,1,1,1,6,True,0.22187084316958947,,1,1,0,False,False,0.22187084316958947,True,six_task_mean_complete_only = mean of six tasks ONLY when n_tasks_valid == 6; partial_task_mean = mean over the available tasks ONLY when 1 <= n_tasks_valid <= 5; legacy_* keeps the original skipna row mean for traceability and is NOT a six-task mean
JayHyeon_Qwen_0.5-DPO_3e-6-3ep_0alp_0lam,JayHyeon/Qwen_0.5-DPO_3e-6-3ep_0alp_0lam,0.2459983953687327,0.3244228432563791,0.0022658610271903,0.2684563758389262,0.3201058201058201,0.1543384308510638,1,1,1,1,1,1,6,True,0.21926462107468536,,1,1,0,False,False,0.21926462107468536,True,six_task_mean_complete_only = mean of six tasks ONLY when n_tasks_valid == 6; partial_task_mean = mean over the available tasks ONLY when 1 <= n_tasks_valid <= 5; legacy_* keeps the original skipna row mean for traceability and is NOT a six-task mean
JayHyeon_Qwen_0.5-DPO_3e-7-1ep_0alp_0lam,JayHyeon/Qwen_0.5-DPO_3e-7-1ep_0alp_0lam,0.2529178136234081,0.3211248047214025,0.0007552870090634,0.2676174496644295,0.3187830687830688,0.159657579787234,1,1,1,1,1,1,6,True,0.22014266726476772,,1,1,0,False,False,0.22014266726476772,True,six_task_mean_complete_only = mean of six tasks ONLY when n_tasks_valid == 6; partial_task_mean = mean over the available tasks ONLY when 1 <= n_tasks_valid <= 5; legacy_* keeps the original skipna row mean for traceability and is NOT a six-task mean
JayHyeon_Qwen_0.5-DPO_3e-7-2ep_0alp_0lam,JayHyeon/Qwen_0.5-DPO_3e-7-2ep_0alp_0lam,0.2504698644042252,0.3235549383787537,0.0,0.2718120805369127,0.3187830687830688,0.159906914893617,1,1,1,1,1,1,6,True,0.2207544778327629,,1,1,0,False,False,0.2207544778327629,True,six_task_mean_complete_only = mean of six tasks ONLY when n_tasks_valid == 6; partial_task_mean = mean over the available tasks ONLY when 1 <= n_tasks_valid <= 5; legacy_* keeps the original skipna row mean for traceability and is NOT a six-task mean
JayHyeon_Qwen_0.5-DPO_3e-7-3ep_0alp_0lam,JayHyeon/Qwen_0.5-DPO_3e-7-3ep_0alp_0lam,0.2387044153955948,0.3239021003298039,0.0,0.2743288590604026,0.3161375661375661,0.1589095744680851,1,1,1,1,1,1,6,True,0.21866375256524206,,1,1,0,False,False,0.21866375256524206,True,six_task_mean_complete_only = mean of six tasks ONLY when n_tasks_valid == 6; partial_task_mean = mean over the available tasks ONLY when 1 <= n_tasks_valid <= 5; legacy_* keeps the original skipna row mean for traceability and is NOT a six-task mean
JayHyeon_Qwen_0.5-DPO_5e-7-1ep_0alp_0lam,JayHyeon/Qwen_0.5-DPO_5e-7-1ep_0alp_0lam,0.25324250765746,0.3202568998437771,0.0634441087613293,0.2684563758389262,0.3201058201058201,0.1593251329787234,1,1,1,1,1,1,6,True,0.23080514086433934,,1,1,0,False,False,0.23080514086433934,True,six_task_mean_complete_only = mean of six tasks ONLY when n_tasks_valid == 6; partial_task_mean = mean over the available tasks ONLY when 1 <= n_tasks_valid <= 5; legacy_* keeps the original skipna row mean for traceability and is NOT a six-task mean
JayHyeon_Qwen_0.5-DPO_5e-7-2ep_0alp_0lam,JayHyeon/Qwen_0.5-DPO_5e-7-2ep_0alp_0lam,0.2456238336502701,0.328415205693456,0.0536253776435045,0.2709731543624161,0.3174603174603174,0.16015625,1,1,1,1,1,1,6,True,0.22937568980166068,,1,1,0,False,False,0.22937568980166068,True,six_task_mean_complete_only = mean of six tasks ONLY when n_tasks_valid == 6; partial_task_mean = mean over the available tasks ONLY when 1 <= n_tasks_valid <= 5; legacy_* keeps the original skipna row mean for traceability and is NOT a six-task mean
JayHyeon_Qwen_0.5-DPO_5e-7-3ep_0alp_0lam,JayHyeon/Qwen_0.5-DPO_5e-7-3ep_0alp_0lam,0.2422516700133423,0.3252907481340045,0.0007552870090634,0.2743288590604026,0.3174603174603174,0.1594913563829787,1,1,1,1,1,1,6,True,0.2199297063433515,,1,1,0,False,False,0.2199297063433515,True,six_task_mean_complete_only = mean of six tasks ONLY when n_tasks_valid == 6; partial_task_mean = mean over the available tasks ONLY when 1 <= n_tasks_valid <= 5; legacy_* keeps the original skipna row mean for traceability and is NOT a six-task mean
JayHyeon_Qwen_0.5-IPO_5e-7-1ep_0alp_0lam,JayHyeon/Qwen_0.5-IPO_5e-7-1ep_0alp_0lam,0.2573892826589006,0.3265058149626801,0.0558912386706948,0.2692953020134228,0.3161375661375661,0.1650598404255319,1,1,1,1,1,1,6,True,0.2317131741447994,,1,1,0,False,False,0.2317131741447994,True,six_task_mean_complete_only = mean of six tasks ONLY when n_tasks_valid == 6; partial_task_mean = mean over the available tasks ONLY when 1 <= n_tasks_valid <= 5; legacy_* keeps the original skipna row mean for traceability and is NOT a six-task mean
JayHyeon_Qwen_0.5-IPO_5e-7-3ep_0alp_0lam,JayHyeon/Qwen_0.5-IPO_5e-7-3ep_0alp_0lam,0.3072481017034801,0.3256379100850546,0.0,0.2567114093959731,0.3148148148148148,0.1624002659574468,1,1,1,1,1,1,6,True,0.22780208365946156,,1,1,0,False,False,0.22780208365946156,True,six_task_mean_complete_only = mean of six tasks ONLY when n_tasks_valid == 6; partial_task_mean = mean over the available tasks ONLY when 1 <= n_tasks_valid <= 5; legacy_* keeps the original skipna row mean for traceability and is NOT a six-task mean
JayHyeon_Qwen_0.5-IRPO_1e-6-3ep_1alp_0lam,JayHyeon/Qwen_0.5-IRPO_1e-6-3ep_1alp_0lam,0.2550909364929498,0.322166290574553,0.0468277945619335,0.2667785234899328,0.3174603174603174,0.1574135638297872,1,1,1,1,1,1,6,True,0.22762290440157892,,1,1,0,False,False,0.22762290440157892,True,six_task_mean_complete_only = mean of six tasks ONLY when n_tasks_valid == 6; partial_task_mean = mean over the available tasks ONLY when 1 <= n_tasks_valid <= 5; legacy_* keeps the original skipna row mean for traceability and is NOT a six-task mean
JayHyeon_Qwen_0.5-IRPO_1e-7-3ep_1alp_0lam,JayHyeon/Qwen_0.5-IRPO_1e-7-3ep_1alp_0lam,0.2635839572334738,0.3178267661864259,0.0513595166163142,0.276006711409396,0.3253968253968254,0.1585771276595744,1,1,1,1,1,1,6,True,0.23212515075033494,,1,1,0,False,False,0.23212515075033494,True,six_task_mean_complete_only = mean of six tasks ONLY when n_tasks_valid == 6; partial_task_mean = mean over the available tasks ONLY when 1 <= n_tasks_valid <= 5; legacy_* keeps the original skipna row mean for traceability and is NOT a six-task mean
JayHyeon_Qwen_0.5-IRPO_3e-6-1ep_1alp_0lam,JayHyeon/Qwen_0.5-IRPO_3e-6-1ep_1alp_0lam,0.232284782155791,0.3240756813053289,0.0022658610271903,0.2508389261744966,0.3161375661375661,0.1611535904255319,1,1,1,1,1,1,6,True,0.21445940120431747,,1,1,0,False,False,0.21445940120431747,True,six_task_mean_complete_only = mean of six tasks ONLY when n_tasks_valid == 6; partial_task_mean = mean over the available tasks ONLY when 1 <= n_tasks_valid <= 5; legacy_* keeps the original skipna row mean for traceability and is NOT a six-task mean
JayHyeon_Qwen_0.5-IRPO_3e-6-2ep_1alp_0lam,JayHyeon/Qwen_0.5-IRPO_3e-6-2ep_1alp_0lam,0.2413773232800081,0.3298038534976567,0.0,0.2516778523489933,0.3333333333333333,0.1531748670212765,1,1,1,1,1,1,6,True,0.2182278715802113,,1,1,0,False,False,0.2182278715802113,True,six_task_mean_complete_only = mean of six tasks ONLY when n_tasks_valid == 6; partial_task_mean = mean over the available tasks ONLY when 1 <= n_tasks_valid <= 5; legacy_* keeps the original skipna row mean for traceability and is NOT a six-task mean
JayHyeon_Qwen_0.5-IRPO_3e-6-3ep_1alp_0lam,JayHyeon/Qwen_0.5-IRPO_3e-6-3ep_1alp_0lam,0.2677805999193252,0.3346641208123589,0.0513595166163142,0.2541946308724832,0.3373015873015873,0.1560837765957446,1,1,1,1,1,1,6,True,0.23356403868630224,,1,1,0,False,False,0.23356403868630224,True,six_task_mean_complete_only = mean of six tasks ONLY when n_tasks_valid == 6; partial_task_mean = mean over the available tasks ONLY when 1 <= n_tasks_valid <= 5; legacy_* keeps the original skipna row mean for traceability and is NOT a six-task mean
JayHyeon_Qwen_0.5-IRPO_3e-7-1ep_1alp_0lam,JayHyeon/Qwen_0.5-IRPO_3e-7-1ep_1alp_0lam,0.2560650185951054,0.3219927095990279,0.0536253776435045,0.2718120805369127,0.3187830687830688,0.1589095744680851,1,1,1,1,1,1,6,True,0.23019797160428404,,1,1,0,False,False,0.23019797160428404,True,six_task_mean_complete_only = mean of six tasks ONLY when n_tasks_valid == 6; partial_task_mean = mean over the available tasks ONLY when 1 <= n_tasks_valid <= 5; legacy_* keeps the original skipna row mean for traceability and is NOT a six-task mean
JayHyeon_Qwen_0.5-IRPO_3e-7-3ep_1alp_0lam,JayHyeon/Qwen_0.5-IRPO_3e-7-3ep_1alp_0lam,0.2639086512675257,0.3235549383787537,0.0,0.2701342281879195,0.3201058201058201,0.1586602393617021,1,1,1,1,1,1,6,True,0.22272731288362022,,1,1,0,False,False,0.22272731288362022,True,six_task_mean_complete_only = mean of six tasks ONLY when n_tasks_valid == 6; partial_task_mean = mean over the available tasks ONLY when 1 <= n_tasks_valid <= 5; legacy_* keeps the original skipna row mean for traceability and is NOT a six-task mean
JayHyeon_Qwen_0.5-IRPO_5e-7-1ep_1alp_0lam,JayHyeon/Qwen_0.5-IRPO_5e-7-1ep_1alp_0lam,0.2517686405404327,0.3197361569172018,0.0574018126888217,0.273489932885906,0.3161375661375661,0.1584940159574468,1,1,1,1,1,1,6,True,0.22950468752122918,,1,1,0,False,False,0.22950468752122918,True,six_task_mean_complete_only = mean of six tasks ONLY when n_tasks_valid == 6; partial_task_mean = mean over the available tasks ONLY when 1 <= n_tasks_valid <= 5; legacy_* keeps the original skipna row mean for traceability and is NOT a six-task mean
JayHyeon_Qwen_0.5-IRPO_5e-7-2ep_1alp_0lam,JayHyeon/Qwen_0.5-IRPO_5e-7-2ep_1alp_0lam,0.243825272499191,0.3247700052074292,0.0,0.2726510067114094,0.3187830687830688,0.1554188829787234,1,1,1,1,1,1,6,True,0.21924137269663693,,1,1,0,False,False,0.21924137269663693,True,six_task_mean_complete_only = mean of six tasks ONLY when n_tasks_valid == 6; partial_task_mean = mean over the available tasks ONLY when 1 <= n_tasks_valid <= 5; legacy_* keeps the original skipna row mean for traceability and is NOT a six-task mean
JayHyeon_Qwen_0.5-IRPO_5e-7-3ep_1alp_0lam,JayHyeon/Qwen_0.5-IRPO_5e-7-3ep_1alp_0lam,0.246548048068015,0.3226870335011282,0.052870090634441,0.2718120805369127,0.3174603174603174,0.1563331117021276,1,1,1,1,1,1,6,True,0.227951780317157,,1,1,0,False,False,0.227951780317157,True,six_task_mean_complete_only = mean of six tasks ONLY when n_tasks_valid == 6; partial_task_mean = mean over the available tasks ONLY when 1 <= n_tasks_valid <= 5; legacy_* keeps the original skipna row mean for traceability and is NOT a six-task mean
JayHyeon_Qwen_0.5-MDPO_0.1_3e-6-3ep_0alp_0lam,JayHyeon/Qwen_0.5-MDPO_0.1_3e-6-3ep_0alp_0lam,0.2505695997730466,0.324249262280854,0.0498489425981873,0.2818791946308724,0.3373015873015873,0.1521775265957446,1,1,1,1,1,1,6,True,0.232671018863382,,1,1,0,False,False,0.232671018863382,True,six_task_mean_complete_only = mean of six tasks ONLY when n_tasks_valid == 6; partial_task_mean = mean over the available tasks ONLY when 1 <= n_tasks_valid <= 5; legacy_* keeps the original skipna row mean for traceability and is NOT a six-task mean
JayHyeon_Qwen_0.5-MDPO_0.1_5e-7-3ep_0alp_0lam,JayHyeon/Qwen_0.5-MDPO_0.1_5e-7-3ep_0alp_0lam,0.2456737013346808,0.3160909564311751,0.0007552870090634,0.2634228187919463,0.3306878306878307,0.1565824468085106,1,1,1,1,1,1,6,True,0.21886884017720118,,1,1,0,False,False,0.21886884017720118,True,six_task_mean_complete_only = mean of six tasks ONLY when n_tasks_valid == 6; partial_task_mean = mean over the available tasks ONLY when 1 <= n_tasks_valid <= 5; legacy_* keeps the original skipna row mean for traceability and is NOT a six-task mean
JayHyeon_Qwen_0.5-MDPO_0.3_3e-6-3ep_0alp_0lam,JayHyeon/Qwen_0.5-MDPO_0.3_3e-6-3ep_0alp_0lam,0.2453988749850396,0.3197361569172018,0.0,0.2802013422818792,0.3373015873015873,0.1544215425531915,1,1,1,1,1,1,6,True,0.22284325067314992,,1,1,0,False,False,0.22284325067314992,True,six_task_mean_complete_only = mean of six tasks ONLY when n_tasks_valid == 6; partial_task_mean = mean over the available tasks ONLY when 1 <= n_tasks_valid <= 5; legacy_* keeps the original skipna row mean for traceability and is NOT a six-task mean
JayHyeon_Qwen_0.5-MDPO_0.3_5e-7-3ep_0alp_0lam,JayHyeon/Qwen_0.5-MDPO_0.3_5e-7-3ep_0alp_0lam,0.2475221301701707,0.3159173754556501,0.0015105740181268,0.2692953020134228,0.332010582010582,0.1569148936170212,1,1,1,1,1,1,6,True,0.22052847621416227,,1,1,0,False,False,0.22052847621416227,True,six_task_mean_complete_only = mean of six tasks ONLY when n_tasks_valid == 6; partial_task_mean = mean over the available tasks ONLY when 1 <= n_tasks_valid <= 5; legacy_* keeps the original skipna row mean for traceability and is NOT a six-task mean
JayHyeon_Qwen_0.5-MDPO_0.5_1e-5-3ep_0alp_0lam,JayHyeon/Qwen_0.5-MDPO_0.5_1e-5-3ep_0alp_0lam,0.2319600881217391,0.3218191286235028,0.039274924471299,0.2743288590604026,0.335978835978836,0.1542553191489361,1,1,1,1,1,1,6,True,0.22626952590078594,,1,1,0,False,False,0.22626952590078594,True,six_task_mean_complete_only = mean of six tasks ONLY when n_tasks_valid == 6; partial_task_mean = mean over the available tasks ONLY when 1 <= n_tasks_valid <= 5; legacy_* keeps the original skipna row mean for traceability and is NOT a six-task mean
JayHyeon_Qwen_0.5-MDPO_0.5_3e-7-1ep_0alp_0lam,JayHyeon/Qwen_0.5-MDPO_0.5_3e-7-1ep_0alp_0lam,0.2417518849984707,0.3159173754556501,0.0422960725075528,0.2625838926174497,0.328042328042328,0.1579953457446808,1,1,1,1,1,1,6,True,0.2247644832276887,,1,1,0,False,False,0.2247644832276887,True,six_task_mean_complete_only = mean of six tasks ONLY when n_tasks_valid == 6; partial_task_mean = mean over the available tasks ONLY when 1 <= n_tasks_valid <= 5; legacy_* keeps the original skipna row mean for traceability and is NOT a six-task mean
JayHyeon_Qwen_0.5-MDPO_0.5_3e-7-2ep_0alp_0lam,JayHyeon/Qwen_0.5-MDPO_0.5_3e-7-2ep_0alp_0lam,0.2493206913212498,0.318000347161951,0.0422960725075528,0.2701342281879195,0.3306878306878307,0.1570811170212765,1,1,1,1,1,1,6,True,0.22792004781463004,,1,1,0,False,False,0.22792004781463004,True,six_task_mean_complete_only = mean of six tasks ONLY when n_tasks_valid == 6; partial_task_mean = mean over the available tasks ONLY when 1 <= n_tasks_valid <= 5; legacy_* keeps the original skipna row mean for traceability and is NOT a six-task mean
JayHyeon_Qwen_0.5-MDPO_0.5_3e-7-3ep_0alp_0lam,JayHyeon/Qwen_0.5-MDPO_0.5_3e-7-3ep_0alp_0lam,0.2520434668900739,0.3181739281374761,0.0422960725075528,0.2634228187919463,0.3253968253968254,0.1550864361702127,1,1,1,1,1,1,6,True,0.22606992464901454,,1,1,0,False,False,0.22606992464901454,True,six_task_mean_complete_only = mean of six tasks ONLY when n_tasks_valid == 6; partial_task_mean = mean over the available tasks ONLY when 1 <= n_tasks_valid <= 5; legacy_* keeps the original skipna row mean for traceability and is NOT a six-task mean
JayHyeon_Qwen_0.5-MDPO_0.5_4e-6-3ep_0alp_0lam,JayHyeon/Qwen_0.5-MDPO_0.5_4e-6-3ep_0alp_0lam,0.2580386707270043,0.3230341954521784,0.0475830815709969,0.2751677852348993,0.3412698412698413,0.1539228723404255,1,1,1,1,1,1,6,True,0.23316940776589098,,1,1,0,False,False,0.23316940776589098,True,six_task_mean_complete_only = mean of six tasks ONLY when n_tasks_valid == 6; partial_task_mean = mean over the available tasks ONLY when 1 <= n_tasks_valid <= 5; legacy_* keeps the original skipna row mean for traceability and is NOT a six-task mean
JayHyeon_Qwen_0.5-MDPO_0.5_6e-6-3ep_0alp_0lam,JayHyeon/Qwen_0.5-MDPO_0.5_6e-6-3ep_0alp_0lam,0.2319600881217391,0.3251171671584794,0.0007552870090634,0.2709731543624161,0.3386243386243386,0.1536735372340425,1,1,1,1,1,1,6,True,0.22018392875167983,,1,1,0,False,False,0.22018392875167983,True,six_task_mean_complete_only = mean of six tasks ONLY when n_tasks_valid == 6; partial_task_mean = mean over the available tasks ONLY when 1 <= n_tasks_valid <= 5; legacy_* keeps the original skipna row mean for traceability and is NOT a six-task mean
JayHyeon_Qwen_0.5-MDPO_0.5_7e-6-3ep_0alp_0lam,JayHyeon/Qwen_0.5-MDPO_0.5_7e-6-3ep_0alp_0lam,0.2487710386219675,0.3265058149626801,0.0,0.2718120805369127,0.3333333333333333,0.1530917553191489,1,1,1,1,1,1,6,True,0.22225233712900708,,1,1,0,False,False,0.22225233712900708,True,six_task_mean_complete_only = mean of six tasks ONLY when n_tasks_valid == 6; partial_task_mean = mean over the available tasks ONLY when 1 <= n_tasks_valid <= 5; legacy_* keeps the original skipna row mean for traceability and is NOT a six-task mean
JayHyeon_Qwen_0.5-MDPO_0.5_7e-7-3ep_0alp_0lam,JayHyeon/Qwen_0.5-MDPO_0.5_7e-7-3ep_0alp_0lam,0.2523681609241257,0.3105363652143725,0.0007552870090634,0.2709731543624161,0.328042328042328,0.1564162234042553,1,1,1,1,1,1,6,True,0.21984858649276015,,1,1,0,False,False,0.21984858649276015,True,six_task_mean_complete_only = mean of six tasks ONLY when n_tasks_valid == 6; partial_task_mean = mean over the available tasks ONLY when 1 <= n_tasks_valid <= 5; legacy_* keeps the original skipna row mean for traceability and is NOT a six-task mean
JayHyeon_Qwen_0.5-MDPO_0.7_3e-6-3ep_0alp_0lam,JayHyeon/Qwen_0.5-MDPO_0.7_3e-6-3ep_0alp_0lam,0.2513940788219702,0.320083318868252,0.0438066465256797,0.2751677852348993,0.3306878306878307,0.1538397606382978,1,1,1,1,1,1,6,True,0.2291632367961549,,1,1,0,False,False,0.2291632367961549,True,six_task_mean_complete_only = mean of six tasks ONLY when n_tasks_valid == 6; partial_task_mean = mean over the available tasks ONLY when 1 <= n_tasks_valid <= 5; legacy_* keeps the original skipna row mean for traceability and is NOT a six-task mean
JayHyeon_Qwen_0.5-MDPO_0.7_5e-7-3ep_0alp_0lam,JayHyeon/Qwen_0.5-MDPO_0.7_5e-7-3ep_0alp_0lam,0.2456737013346808,0.3160909564311751,0.0385196374622356,0.2667785234899328,0.3267195767195767,0.1572473404255319,1,1,1,1,1,1,6,True,0.22517162264385548,,1,1,0,False,False,0.22517162264385548,True,six_task_mean_complete_only = mean of six tasks ONLY when n_tasks_valid == 6; partial_task_mean = mean over the available tasks ONLY when 1 <= n_tasks_valid <= 5; legacy_* keeps the original skipna row mean for traceability and is NOT a six-task mean
JayHyeon_Qwen_0.5-MDPO_0.9_5e-7-3ep_0alp_0lam,JayHyeon/Qwen_0.5-MDPO_0.9_5e-7-3ep_0alp_0lam,0.2542165897596156,0.3174796042353758,0.0007552870090634,0.2651006711409396,0.3253968253968254,0.1575797872340425,1,1,1,1,1,1,6,True,0.22008812746264372,,1,1,0,False,False,0.22008812746264372,True,six_task_mean_complete_only = mean of six tasks ONLY when n_tasks_valid == 6; partial_task_mean = mean over the available tasks ONLY when 1 <= n_tasks_valid <= 5; legacy_* keeps the original skipna row mean for traceability and is NOT a six-task mean
JayHyeon_Qwen_0.5-VDPO_5e-7-1ep_0alp_0lam,JayHyeon/Qwen_0.5-VDPO_5e-7-1ep_0alp_0lam,0.2517686405404327,0.320083318868252,0.0022658610271903,0.2718120805369127,0.3227513227513227,0.1594913563829787,1,1,1,1,1,1,6,True,0.22136209668451481,,1,1,0,False,False,0.22136209668451481,True,six_task_mean_complete_only = mean of six tasks ONLY when n_tasks_valid == 6; partial_task_mean = mean over the available tasks ONLY when 1 <= n_tasks_valid <= 5; legacy_* keeps the original skipna row mean for traceability and is NOT a six-task mean
JayHyeon_Qwen_0.5-VDPO_5e-7-1ep_10vpo_const,JayHyeon/Qwen_0.5-VDPO_5e-7-1ep_10vpo_const,0.2536170693759225,0.3219927095990279,0.0490936555891238,0.276006711409396,0.3227513227513227,0.159657579787234,1,1,1,1,1,1,6,True,0.2305198414186711,,1,1,0,False,False,0.2305198414186711,True,six_task_mean_complete_only = mean of six tasks ONLY when n_tasks_valid == 6; partial_task_mean = mean over the available tasks ONLY when 1 <= n_tasks_valid <= 5; legacy_* keeps the original skipna row mean for traceability and is NOT a six-task mean
JayHyeon_Qwen_0.5-VDPO_5e-7-1ep_3vpo_const,JayHyeon/Qwen_0.5-VDPO_5e-7-1ep_3vpo_const,0.2504698644042252,0.3211248047214025,0.0468277945619335,0.2709731543624161,0.3201058201058201,0.1589095744680851,1,1,1,1,1,1,6,True,0.22806850210398041,,1,1,0,False,False,0.22806850210398041,True,six_task_mean_complete_only = mean of six tasks ONLY when n_tasks_valid == 6; partial_task_mean = mean over the available tasks ONLY when 1 <= n_tasks_valid <= 5; legacy_* keeps the original skipna row mean for traceability and is NOT a six-task mean
JayHyeon_Qwen_0.5-VDPO_5e-7-3ep_0alp_0lam,JayHyeon/Qwen_0.5-VDPO_5e-7-3ep_0alp_0lam,0.2471974361361188,0.3239021003298039,0.0498489425981873,0.2751677852348993,0.3201058201058201,0.1586602393617021,1,1,1,1,1,1,6,True,0.2291470539610886,,1,1,0,False,False,0.2291470539610886,True,six_task_mean_complete_only = mean of six tasks ONLY when n_tasks_valid == 6; partial_task_mean = mean over the available tasks ONLY when 1 <= n_tasks_valid <= 5; legacy_* keeps the original skipna row mean for traceability and is NOT a six-task mean
JayHyeon_Qwen_0.5-VIPO_5e-7-1ep_0alp_0lam,JayHyeon/Qwen_0.5-VIPO_5e-7-1ep_0alp_0lam,0.2668563855015802,0.3292831105710814,0.0709969788519637,0.2676174496644295,0.3161375661375661,0.1633976063829787,1,1,1,1,1,1,6,True,0.2357148495182666,,1,1,0,False,False,0.2357148495182666,True,six_task_mean_complete_only = mean of six tasks ONLY when n_tasks_valid == 6; partial_task_mean = mean over the available tasks ONLY when 1 <= n_tasks_valid <= 5; legacy_* keeps the original skipna row mean for traceability and is NOT a six-task mean
JayHyeon_Qwen_0.5-VIPO_5e-7-1ep_30vpo_const,JayHyeon/Qwen_0.5-VIPO_5e-7-1ep_30vpo_const,0.2622353134128556,0.3266793959382051,0.0740181268882175,0.2692953020134228,0.3214285714285714,0.1633976063829787,1,1,1,1,1,1,6,True,0.23617571934404183,,1,1,0,False,False,0.23617571934404183,True,six_task_mean_complete_only = mean of six tasks ONLY when n_tasks_valid == 6; partial_task_mean = mean over the available tasks ONLY when 1 <= n_tasks_valid <= 5; legacy_* keeps the original skipna row mean for traceability and is NOT a six-task mean
JayHyeon_Qwen_0.5-VIPO_5e-7-1ep_3vpo_const,JayHyeon/Qwen_0.5-VIPO_5e-7-1ep_3vpo_const,0.2608611816646498,0.3280680437424058,0.0649546827794562,0.2701342281879195,0.3161375661375661,0.1651429521276596,1,1,1,1,1,1,6,True,0.23421644243994277,,1,1,0,False,False,0.23421644243994277,True,six_task_mean_complete_only = mean of six tasks ONLY when n_tasks_valid == 6; partial_task_mean = mean over the available tasks ONLY when 1 <= n_tasks_valid <= 5; legacy_* keeps the original skipna row mean for traceability and is NOT a six-task mean
JayHyeon_Qwen_0.5-VIPO_5e-7-3ep_0alp_0lam,JayHyeon/Qwen_0.5-VIPO_5e-7-3ep_0alp_0lam,0.2930347034756668,0.319909737892727,0.0,0.2684563758389262,0.3108465608465608,0.1590757978723404,1,1,1,1,1,1,6,True,0.22522052932103687,,1,1,0,False,False,0.22522052932103687,True,six_task_mean_complete_only = mean of six tasks ONLY when n_tasks_valid == 6; partial_task_mean = mean over the available tasks ONLY when 1 <= n_tasks_valid <= 5; legacy_* keeps the original skipna row mean for traceability and is NOT a six-task mean
JayHyeon_Qwen_0.5-cDPO_5e-7-3ep_0vpo_const_0.1,JayHyeon/Qwen_0.5-cDPO_5e-7-3ep_0vpo_const_0.1,0.2392540680948771,0.3226870335011282,0.0513595166163142,0.2776845637583892,0.3214285714285714,0.1573304521276596,1,1,1,1,1,1,6,True,0.22829070092115658,,1,1,0,False,False,0.22829070092115658,True,six_task_mean_complete_only = mean of six tasks ONLY when n_tasks_valid == 6; partial_task_mean = mean over the available tasks ONLY when 1 <= n_tasks_valid <= 5; legacy_* keeps the original skipna row mean for traceability and is NOT a six-task mean
JayHyeon_Qwen_0.5-cDPO_5e-7-3ep_0vpo_const_0.3,JayHyeon/Qwen_0.5-cDPO_5e-7-3ep_0vpo_const_0.3,0.24747226248576,0.3192154139906266,0.04607250755287,0.2810402684563758,0.3267195767195767,0.1566655585106383,1,1,1,1,1,1,6,True,0.22953093128597457,,1,1,0,False,False,0.22953093128597457,True,six_task_mean_complete_only = mean of six tasks ONLY when n_tasks_valid == 6; partial_task_mean = mean over the available tasks ONLY when 1 <= n_tasks_valid <= 5; legacy_* keeps the original skipna row mean for traceability and is NOT a six-task mean
JayHyeon_Qwen_0.5-rDPO_3e-6-1ep_0vpo_const_0.1,JayHyeon/Qwen_0.5-rDPO_3e-6-1ep_0vpo_const_0.1,0.232135179102559,0.3258114910605797,0.0475830815709969,0.2575503355704698,0.3015873015873015,0.1496010638297872,1,1,1,1,1,1,6,True,0.21904474212028233,,1,1,0,False,False,0.21904474212028233,True,six_task_mean_complete_only = mean of six tasks ONLY when n_tasks_valid == 6; partial_task_mean = mean over the available tasks ONLY when 1 <= n_tasks_valid <= 5; legacy_* keeps the original skipna row mean for traceability and is NOT a six-task mean
JayHyeon_Qwen_0.5-rDPO_5e-7-3ep_0vpo_const_0.3,JayHyeon/Qwen_0.5-rDPO_5e-7-3ep_0vpo_const_0.3,0.273875539125077,0.3230341954521784,0.04607250755287,0.2508389261744966,0.3082010582010582,0.159657579787234,1,1,1,1,1,1,6,True,0.22694663438215235,,1,1,0,False,False,0.22694663438215235,True,six_task_mean_complete_only = mean of six tasks ONLY when n_tasks_valid == 6; partial_task_mean = mean over the available tasks ONLY when 1 <= n_tasks_valid <= 5; legacy_* keeps the original skipna row mean for traceability and is NOT a six-task mean
Jimmy19991222_Llama-3-Instruct-8B-SimPO-v0.2,Jimmy19991222/Llama-3-Instruct-8B-SimPO-v0.2,0.6540368444615842,0.496962332928311,0.0619335347432024,0.3145973154362416,0.4007936507936508,0.3686003989361702,1,1,1,1,1,1,6,True,0.38282067954986004,,1,1,0,False,False,0.38282067954986004,True,six_task_mean_complete_only = mean of six tasks ONLY when n_tasks_valid == 6; partial_task_mean = mean over the available tasks ONLY when 1 <= n_tasks_valid <= 5; legacy_* keeps the original skipna row mean for traceability and is NOT a six-task mean
Jimmy19991222_llama-3-8b-instruct-gapo-v2-bert-f1-beta10-gamma0.3-lr1.0e-6-1minus-rerun,Jimmy19991222/llama-3-8b-instruct-gapo-v2-bert-f1-beta10-gamma0.3-lr1.0e-6-1minus-rerun,0.6717221416951467,0.486373893421281,0.0604229607250755,0.2944630872483221,0.4034391534391534,0.3633643617021276,1,1,1,1,1,1,6,True,0.379964266371851,,1,1,0,False,False,0.379964266371851,True,six_task_mean_complete_only = mean of six tasks ONLY when n_tasks_valid == 6; partial_task_mean = mean over the available tasks ONLY when 1 <= n_tasks_valid <= 5; legacy_* keeps the original skipna row mean for traceability and is NOT a six-task mean
Jimmy19991222_llama-3-8b-instruct-gapo-v2-bert_f1-beta10-gamma0.3-lr1.0e-6-scale-log,Jimmy19991222/llama-3-8b-instruct-gapo-v2-bert_f1-beta10-gamma0.3-lr1.0e-6-scale-log,0.6555605792630221,0.4924492275646589,0.0294561933534743,0.3045302013422818,0.3994708994708995,0.3657746010638298,1,1,1,1,1,1,6,True,0.3745402836763611,,1,1,0,False,False,0.3745402836763611,True,six_task_mean_complete_only = mean of six tasks ONLY when n_tasks_valid == 6; partial_task_mean = mean over the available tasks ONLY when 1 <= n_tasks_valid <= 5; legacy_* keeps the original skipna row mean for traceability and is NOT a six-task mean
Jimmy19991222_llama-3-8b-instruct-gapo-v2-bert_p-beta10-gamma0.3-lr1.0e-6-scale-log,Jimmy19991222/llama-3-8b-instruct-gapo-v2-bert_p-beta10-gamma0.3-lr1.0e-6-scale-log,0.6315055164740666,0.4901926748828328,0.0649546827794562,0.2860738255033557,0.3928571428571428,0.3611203457446808,1,1,1,1,1,1,6,True,0.3711173647069225,,1,1,0,False,False,0.3711173647069225,True,six_task_mean_complete_only = mean of six tasks ONLY when n_tasks_valid == 6; partial_task_mean = mean over the available tasks ONLY when 1 <= n_tasks_valid <= 5; legacy_* keeps the original skipna row mean for traceability and is NOT a six-task mean
Jimmy19991222_llama-3-8b-instruct-gapo-v2-bleu-beta0.1-no-length-scale-gamma0.4,Jimmy19991222/llama-3-8b-instruct-gapo-v2-bleu-beta0.1-no-length-scale-gamma0.4,0.6284580468711907,0.4966151709772609,0.0166163141993957,0.2927852348993288,0.4007936507936508,0.3544714095744681,1,1,1,1,1,1,6,True,0.36495663788588245,,1,1,0,False,False,0.36495663788588245,True,six_task_mean_complete_only = mean of six tasks ONLY when n_tasks_valid == 6; partial_task_mean = mean over the available tasks ONLY when 1 <= n_tasks_valid <= 5; legacy_* keeps the original skipna row mean for traceability and is NOT a six-task mean
Jimmy19991222_llama-3-8b-instruct-gapo-v2-rouge2-beta10-1minus-gamma0.3-rerun,Jimmy19991222/llama-3-8b-instruct-gapo-v2-rouge2-beta10-1minus-gamma0.3-rerun,0.6677504576745258,0.4931435514667592,0.0611782477341389,0.3062080536912752,0.3981481481481481,0.3657746010638298,1,1,1,1,1,1,6,True,0.38203384329644613,,1,1,0,False,False,0.38203384329644613,True,six_task_mean_complete_only = mean of six tasks ONLY when n_tasks_valid == 6; partial_task_mean = mean over the available tasks ONLY when 1 <= n_tasks_valid <= 5; legacy_* keeps the original skipna row mean for traceability and is NOT a six-task mean
Jimmy19991222_llama-3-8b-instruct-gapo-v2-rouge2-beta10-gamma0.3-lr1.0e-6-scale-log,Jimmy19991222/llama-3-8b-instruct-gapo-v2-rouge2-beta10-gamma0.3-lr1.0e-6-scale-log,0.6605063453857986,0.4907134178094081,0.0657099697885196,0.3036912751677852,0.3994708994708995,0.3664394946808511,1,1,1,1,1,1,6,True,0.38108856705054367,,1,1,0,False,False,0.38108856705054367,True,six_task_mean_complete_only = mean of six tasks ONLY when n_tasks_valid == 6; partial_task_mean = mean over the available tasks ONLY when 1 <= n_tasks_valid <= 5; legacy_* keeps the original skipna row mean for traceability and is NOT a six-task mean
Jimmy19991222_llama-3-8b-instruct-gapo-v2-rougeL-beta10-gamma0.3-lr1.0e-6-scale-log,Jimmy19991222/llama-3-8b-instruct-gapo-v2-rougeL-beta10-gamma0.3-lr1.0e-6-scale-log,0.649190813707629,0.4938378753688596,0.0415407854984894,0.3020134228187919,0.3955026455026455,0.37109375,1,1,1,1,1,1,6,True,0.3755298821494026,,1,1,0,False,False,0.3755298821494026,True,six_task_mean_complete_only = mean of six tasks ONLY when n_tasks_valid == 6; partial_task_mean = mean over the available tasks ONLY when 1 <= n_tasks_valid <= 5; legacy_* keeps the original skipna row mean for traceability and is NOT a six-task mean
Joseph717171_Hermes-3-Llama-3.1-8B_TIES_with_Base_Embeds_Initialized_to_Special_Instruct_Toks_dtypeF32,Joseph717171/Hermes-3-Llama-3.1-8B_TIES_with_Base_Embeds_Initialized_to_Special_Instruct_Toks_dtypeF32,0.6185410266980501,0.5164034021871203,0.0513595166163142,0.2827181208053691,0.4365079365079365,0.3144115691489361,1,1,1,1,1,1,6,True,0.36999026199395435,,1,1,0,False,False,0.36999026199395435,True,six_task_mean_complete_only = mean of six tasks ONLY when n_tasks_valid == 6; partial_task_mean = mean over the available tasks ONLY when 1 <= n_tasks_valid <= 5; legacy_* keeps the original skipna row mean for traceability and is NOT a six-task mean
Joseph717171_Llama-3.1-SuperNova-8B-Lite_TIES_with_Base,Joseph717171/Llama-3.1-SuperNova-8B-Lite_TIES_with_Base,0.8096328851890761,0.5110223919458428,0.1835347432024169,0.3095637583892617,0.41005291005291,0.3880485372340425,1,1,1,1,1,1,6,True,0.43530920433559167,,1,1,0,False,False,0.43530920433559167,True,six_task_mean_complete_only = mean of six tasks ONLY when n_tasks_valid == 6; partial_task_mean = mean over the available tasks ONLY when 1 <= n_tasks_valid <= 5; legacy_* keeps the original skipna row mean for traceability and is NOT a six-task mean
Josephgflowers_Cinder-Phi-2-V1-F16-gguf,Josephgflowers/Cinder-Phi-2-V1-F16-gguf,0.2356569457927188,0.4372504773476827,0.0241691842900302,0.2818791946308724,0.3425925925925926,0.2160904255319149,1,1,1,1,1,1,6,True,0.2562731366976353,,1,1,0,False,False,0.2562731366976353,True,six_task_mean_complete_only = mean of six tasks ONLY when n_tasks_valid == 6; partial_task_mean = mean over the available tasks ONLY when 1 <= n_tasks_valid <= 5; legacy_* keeps the original skipna row mean for traceability and is NOT a six-task mean
Josephgflowers_Differential-Attention-Liquid-Metal-Tinyllama,Josephgflowers/Differential-Attention-Liquid-Metal-Tinyllama,0.2226924560167023,0.2891859052247874,0.0324773413897281,0.2508389261744966,0.3346560846560846,0.1214261968085106,1,1,1,1,1,1,6,True,0.20854615171171828,,1,1,0,False,False,0.20854615171171828,True,six_task_mean_complete_only = mean of six tasks ONLY when n_tasks_valid == 6; partial_task_mean = mean over the available tasks ONLY when 1 <= n_tasks_valid <= 5; legacy_* keeps the original skipna row mean for traceability and is NOT a six-task mean
Josephgflowers_TinyLlama-Cinder-Agent-v1,Josephgflowers/TinyLlama-Cinder-Agent-v1,0.2669561208704016,0.3093212983856969,0.0347432024169184,0.2441275167785234,0.3386243386243386,0.1161070478723404,1,1,1,1,1,1,6,True,0.21831325415803657,,1,1,0,False,False,0.21831325415803657,True,six_task_mean_complete_only = mean of six tasks ONLY when n_tasks_valid == 6; partial_task_mean = mean over the available tasks ONLY when 1 <= n_tasks_valid <= 5; legacy_* keeps the original skipna row mean for traceability and is NOT a six-task mean
Josephgflowers_TinyLlama-v1.1-Cinders-World,Josephgflowers/TinyLlama-v1.1-Cinders-World,0.2469226097864776,0.2964763061968408,0.0347432024169184,0.2441275167785234,0.3346560846560846,0.1198470744680851,1,1,1,1,1,1,6,True,0.212795465717155,,1,1,0,False,False,0.212795465717155,True,six_task_mean_complete_only = mean of six tasks ONLY when n_tasks_valid == 6; partial_task_mean = mean over the available tasks ONLY when 1 <= n_tasks_valid <= 5; legacy_* keeps the original skipna row mean for traceability and is NOT a six-task mean
Josephgflowers_TinyLlama_v1.1_math_code-world-test-1,Josephgflowers/TinyLlama_v1.1_math_code-world-test-1,0.0078436326724202,0.3120985939940982,0.0196374622356495,0.2340604026845637,0.3492063492063492,0.1131981382978723,1,1,1,1,1,1,6,True,0.17267409651515886,,1,1,0,False,False,0.17267409651515886,True,six_task_mean_complete_only = mean of six tasks ONLY when n_tasks_valid == 6; partial_task_mean = mean over the available tasks ONLY when 1 <= n_tasks_valid <= 5; legacy_* keeps the original skipna row mean for traceability and is NOT a six-task mean
Josephgflowers_Tinyllama-STEM-Cinder-Agent-v1,Josephgflowers/Tinyllama-STEM-Cinder-Agent-v1,0.2125759651059189,0.3049817739975698,0.0672205438066465,0.2348993288590604,0.3333333333333333,0.108626994680851,1,1,1,1,1,1,6,True,0.21027298996389662,,1,1,0,False,False,0.21027298996389662,True,six_task_mean_complete_only = mean of six tasks ONLY when n_tasks_valid == 6; partial_task_mean = mean over the available tasks ONLY when 1 <= n_tasks_valid <= 5; legacy_* keeps the original skipna row mean for traceability and is NOT a six-task mean
JungZoona_T3Q-Qwen2.5-14B-Instruct-1M-e3,JungZoona/T3Q-Qwen2.5-14B-Instruct-1M-e3,0.732396707403024,0.7576809581669849,0.2862537764350453,0.4169463087248322,0.58994708994709,0.5884308510638298,1,1,1,1,1,1,6,True,0.5619426152901345,,1,1,0,False,False,0.5619426152901345,True,six_task_mean_complete_only = mean of six tasks ONLY when n_tasks_valid == 6; partial_task_mean = mean over the available tasks ONLY when 1 <= n_tasks_valid <= 5; legacy_* keeps the original skipna row mean for traceability and is NOT a six-task mean
JungZoona_T3Q-qwen2.5-14b-v1.0-e3,JungZoona/T3Q-qwen2.5-14b-v1.0-e3,0.732396707403024,0.7576809581669849,0.2862537764350453,0.4169463087248322,0.58994708994709,0.5884308510638298,1,1,1,1,1,1,6,True,0.5619426152901345,,1,1,0,False,False,0.5619426152901345,True,six_task_mean_complete_only = mean of six tasks ONLY when n_tasks_valid == 6; partial_task_mean = mean over the available tasks ONLY when 1 <= n_tasks_valid <= 5; legacy_* keeps the original skipna row mean for traceability and is NOT a six-task mean
Junhoee_Qwen-Megumin,Junhoee/Qwen-Megumin,0.7141118897857683,0.5259503558409998,0.4901812688821752,0.2961409395973154,0.3968253968253968,0.4198803191489361,1,1,1,1,1,1,6,True,0.47384836168009864,,1,1,0,False,False,0.47384836168009864,True,six_task_mean_complete_only = mean of six tasks ONLY when n_tasks_valid == 6; partial_task_mean = mean over the available tasks ONLY when 1 <= n_tasks_valid <= 5; legacy_* keeps the original skipna row mean for traceability and is NOT a six-task mean
KSU-HW-SEC_Llama3-70b-SVA-FT-1415,KSU-HW-SEC/Llama3-70b-SVA-FT-1415,0.6179913739987677,0.6646415552855407,0.2009063444108761,0.375,0.455026455026455,0.5242686170212766,1,1,1,1,1,1,6,True,0.47297239095715266,,1,1,0,False,False,0.47297239095715266,True,six_task_mean_complete_only = mean of six tasks ONLY when n_tasks_valid == 6; partial_task_mean = mean over the available tasks ONLY when 1 <= n_tasks_valid <= 5; legacy_* keeps the original skipna row mean for traceability and is NOT a six-task mean
KSU-HW-SEC_Llama3-70b-SVA-FT-500,KSU-HW-SEC/Llama3-70b-SVA-FT-500,0.6105223030448099,0.6684603367470925,0.2137462235649546,0.3808724832214765,0.4497354497354497,0.522689494680851,1,1,1,1,1,1,6,True,0.4743377151657724,,1,1,0,False,False,0.4743377151657724,True,six_task_mean_complete_only = mean of six tasks ONLY when n_tasks_valid == 6; partial_task_mean = mean over the available tasks ONLY when 1 <= n_tasks_valid <= 5; legacy_* keeps the original skipna row mean for traceability and is NOT a six-task mean
KSU-HW-SEC_Llama3-70b-SVA-FT-final,KSU-HW-SEC/Llama3-70b-SVA-FT-final,0.6164676391973297,0.6646415552855407,0.2009063444108761,0.375,0.455026455026455,0.5242686170212766,1,1,1,1,1,1,6,True,0.472718435156913,,1,1,0,False,False,0.472718435156913,True,six_task_mean_complete_only = mean of six tasks ONLY when n_tasks_valid == 6; partial_task_mean = mean over the available tasks ONLY when 1 <= n_tasks_valid <= 5; legacy_* keeps the original skipna row mean for traceability and is NOT a six-task mean
KSU-HW-SEC_Llama3.1-70b-SVA-FT-1000step,KSU-HW-SEC/Llama3.1-70b-SVA-FT-1000step,0.7238039512936785,0.6891164728345773,0.29607250755287,0.3959731543624161,0.4576719576719577,0.5251828457446809,1,1,1,1,1,1,6,True,0.5146368149100301,,1,1,0,False,False,0.5146368149100301,True,six_task_mean_complete_only = mean of six tasks ONLY when n_tasks_valid == 6; partial_task_mean = mean over the available tasks ONLY when 1 <= n_tasks_valid <= 5; legacy_* keeps the original skipna row mean for traceability and is NOT a six-task mean
Khetterman_DarkAtom-12B-v3,Khetterman/DarkAtom-12B-v3,0.6173419859306639,0.5120638777989932,0.1110271903323262,0.2978187919463087,0.4457671957671957,0.3546376329787234,1,1,1,1,1,1,6,True,0.38977611245903515,,1,1,0,False,False,0.38977611245903515,True,six_task_mean_complete_only = mean of six tasks ONLY when n_tasks_valid == 6; partial_task_mean = mean over the available tasks ONLY when 1 <= n_tasks_valid <= 5; legacy_* keeps the original skipna row mean for traceability and is NOT a six-task mean
Khetterman_Kosmos-8B-v1,Khetterman/Kosmos-8B-v1,0.4129110759451588,0.5216108314528728,0.0989425981873111,0.2986577181208054,0.3915343915343915,0.366938164893617,1,1,1,1,1,1,6,True,0.3484324633556928,,1,1,0,False,False,0.3484324633556928,True,six_task_mean_complete_only = mean of six tasks ONLY when n_tasks_valid == 6; partial_task_mean = mean over the available tasks ONLY when 1 <= n_tasks_valid <= 5; legacy_* keeps the original skipna row mean for traceability and is NOT a six-task mean
Kimargin_GPT-NEO-1.3B-wiki,Kimargin/GPT-NEO-1.3B-wiki,0.192068156934711,0.2989064398541919,0.0143504531722054,0.2449664429530201,0.3875661375661375,0.1098736702127659,1,1,1,1,1,1,6,True,0.20795521678217196,,1,1,0,False,False,0.20795521678217196,True,six_task_mean_complete_only = mean of six tasks ONLY when n_tasks_valid == 6; partial_task_mean = mean over the available tasks ONLY when 1 <= n_tasks_valid <= 5; legacy_* keeps the original skipna row mean for traceability and is NOT a six-task mean
KingNish_Qwen2.5-0.5b-Test-ft,KingNish/Qwen2.5-0.5b-Test-ft,0.2670813441668107,0.3211248047214025,0.0113293051359516,0.2634228187919463,0.3412698412698413,0.1688829787234042,1,1,1,1,1,1,6,True,0.2288518488015594,,1,1,0,False,False,0.2288518488015594,True,six_task_mean_complete_only = mean of six tasks ONLY when n_tasks_valid == 6; partial_task_mean = mean over the available tasks ONLY when 1 <= n_tasks_valid <= 5; legacy_* keeps the original skipna row mean for traceability and is NOT a six-task mean
KingNish_Reasoning-Llama-3b-v0.1,KingNish/Reasoning-Llama-3b-v0.1,0.6224628430342602,0.4332581149106058,0.1087613293051359,0.259228187919463,0.3161375661375661,0.3029421542553192,1,1,1,1,1,1,6,True,0.340465032593725,,1,1,0,False,False,0.340465032593725,True,six_task_mean_complete_only = mean of six tasks ONLY when n_tasks_valid == 6; partial_task_mean = mean over the available tasks ONLY when 1 <= n_tasks_valid <= 5; legacy_* keeps the original skipna row mean for traceability and is NOT a six-task mean
KingNish_qwen-1b-continued,KingNish/qwen-1b-continued,0.1254726348311369,0.2954348203436903,0.0090634441087613,0.2676174496644295,0.3849206349206349,0.1260804521276596,1,1,1,1,1,1,6,True,0.20143157266605208,,1,1,0,False,False,0.20143157266605208,True,six_task_mean_complete_only = mean of six tasks ONLY when n_tasks_valid == 6; partial_task_mean = mean over the available tasks ONLY when 1 <= n_tasks_valid <= 5; legacy_* keeps the original skipna row mean for traceability and is NOT a six-task mean
KingNish_qwen-1b-continued-v2.1,KingNish/qwen-1b-continued-v2.1,0.1126832360359401,0.3006422496094428,0.0090634441087613,0.2676174496644295,0.414021164021164,0.1278257978723404,1,1,1,1,1,1,6,True,0.2053088902186797,,1,1,0,False,False,0.2053088902186797,True,six_task_mean_complete_only = mean of six tasks ONLY when n_tasks_valid == 6; partial_task_mean = mean over the available tasks ONLY when 1 <= n_tasks_valid <= 5; legacy_* keeps the original skipna row mean for traceability and is NOT a six-task mean
KingNish_qwen-1b-continued-v2.2,KingNish/qwen-1b-continued-v2.2,0.1412596355447989,0.3013365735115431,0.0151057401812688,0.2567114093959731,0.3505291005291005,0.1262466755319149,1,1,1,1,1,1,6,True,0.19853152244909988,,1,1,0,False,False,0.19853152244909988,True,six_task_mean_complete_only = mean of six tasks ONLY when n_tasks_valid == 6; partial_task_mean = mean over the available tasks ONLY when 1 <= n_tasks_valid <= 5; legacy_* keeps the original skipna row mean for traceability and is NOT a six-task mean
Kquant03_CognitiveFusion2-4x7B-BF16,Kquant03/CognitiveFusion2-4x7B-BF16,0.3566570034175986,0.4087831973615691,0.0574018126888217,0.2860738255033557,0.414021164021164,0.2792553191489361,1,1,1,1,1,1,6,True,0.3003653870235741,,1,1,0,False,False,0.3003653870235741,True,six_task_mean_complete_only = mean of six tasks ONLY when n_tasks_valid == 6; partial_task_mean = mean over the available tasks ONLY when 1 <= n_tasks_valid <= 5; legacy_* keeps the original skipna row mean for traceability and is NOT a six-task mean
Kquant03_L3-Pneuma-8B,Kquant03/L3-Pneuma-8B,0.2374056392593873,0.4940114563443846,0.0506042296072507,0.3070469798657718,0.4166666666666667,0.3184009308510638,1,1,1,1,1,1,6,True,0.3040226504324208,,1,1,0,False,False,0.3040226504324208,True,six_task_mean_complete_only = mean of six tasks ONLY when n_tasks_valid == 6; partial_task_mean = mean over the available tasks ONLY when 1 <= n_tasks_valid <= 5; legacy_* keeps the original skipna row mean for traceability and is NOT a six-task mean
Krystalan_DRT-o1-14B,Krystalan/DRT-o1-14B,0.4067662690549963,0.6356535323728519,0.4826283987915408,0.3523489932885906,0.4788359788359788,0.5178690159574468,1,1,1,1,1,1,6,True,0.47901703138356755,,1,1,0,False,False,0.47901703138356755,True,six_task_mean_complete_only = mean of six tasks ONLY when n_tasks_valid == 6; partial_task_mean = mean over the available tasks ONLY when 1 <= n_tasks_valid <= 5; legacy_* keeps the original skipna row mean for traceability and is NOT a six-task mean
Krystalan_DRT-o1-7B,Krystalan/DRT-o1-7B,0.3928276971768242,0.5455650060753341,0.4478851963746224,0.3213087248322148,0.5079365079365079,0.4151429521276595,1,1,1,1,1,1,6,True,0.43844434742052724,,1,1,0,False,False,0.43844434742052724,True,six_task_mean_complete_only = mean of six tasks ONLY when n_tasks_valid == 6; partial_task_mean = mean over the available tasks ONLY when 1 <= n_tasks_valid <= 5; legacy_* keeps the original skipna row mean for traceability and is NOT a six-task mean
Kukedlc_NeuralExperiment-7b-MagicCoder-v7.5,Kukedlc/NeuralExperiment-7b-MagicCoder-v7.5,0.4552509563513699,0.3969796910258635,0.066465256797583,0.2961409395973154,0.4272486772486772,0.2824135638297872,1,1,1,1,1,1,6,True,0.3207498474750994,,1,1,0,False,False,0.3207498474750994,True,six_task_mean_complete_only = mean of six tasks ONLY when n_tasks_valid == 6; partial_task_mean = mean over the available tasks ONLY when 1 <= n_tasks_valid <= 5; legacy_* keeps the original skipna row mean for traceability and is NOT a six-task mean
Kukedlc_NeuralLLaMa-3-8b-DT-v0.1,Kukedlc/NeuralLLaMa-3-8b-DT-v0.1,0.4371412297149342,0.4971359139038361,0.0725075528700906,0.3028523489932886,0.4060846560846561,0.379155585106383,1,1,1,1,1,1,6,True,0.34914621444553146,,1,1,0,False,False,0.34914621444553146,True,six_task_mean_complete_only = mean of six tasks ONLY when n_tasks_valid == 6; partial_task_mean = mean over the available tasks ONLY when 1 <= n_tasks_valid <= 5; legacy_* keeps the original skipna row mean for traceability and is NOT a six-task mean
Kukedlc_NeuralLLaMa-3-8b-ORPO-v0.3,Kukedlc/NeuralLLaMa-3-8b-ORPO-v0.3,0.5275912356990563,0.4535670890470404,0.0483383685800604,0.2390939597315436,0.369047619047619,0.3056848404255319,1,1,1,1,1,1,6,True,0.3238871854218086,,1,1,0,False,False,0.3238871854218086,True,six_task_mean_complete_only = mean of six tasks ONLY when n_tasks_valid == 6; partial_task_mean = mean over the available tasks ONLY when 1 <= n_tasks_valid <= 5; legacy_* keeps the original skipna row mean for traceability and is NOT a six-task mean
Kukedlc_NeuralSynthesis-7B-v0.1,Kukedlc/NeuralSynthesis-7B-v0.1,0.4184563624516283,0.5120638777989932,0.0634441087613293,0.2810402684563758,0.4325396825396825,0.304936835106383,1,1,1,1,1,1,6,True,0.33541352251906537,,1,1,0,False,False,0.33541352251906537,True,six_task_mean_complete_only = mean of six tasks ONLY when n_tasks_valid == 6; partial_task_mean = mean over the available tasks ONLY when 1 <= n_tasks_valid <= 5; legacy_* keeps the original skipna row mean for traceability and is NOT a six-task mean
Kukedlc_NeuralSynthesis-7B-v0.3,Kukedlc/NeuralSynthesis-7B-v0.3,0.4078400865259733,0.5113695538968929,0.0777945619335347,0.2802013422818792,0.4338624338624338,0.3050199468085106,1,1,1,1,1,1,6,True,0.3360146542182041,,1,1,0,False,False,0.3360146542182041,True,six_task_mean_complete_only = mean of six tasks ONLY when n_tasks_valid == 6; partial_task_mean = mean over the available tasks ONLY when 1 <= n_tasks_valid <= 5; legacy_* keeps the original skipna row mean for traceability and is NOT a six-task mean
Kukedlc_NeuralSynthesis-7b-v0.4-slerp,Kukedlc/NeuralSynthesis-7b-v0.4-slerp,0.3947259936967247,0.5120638777989932,0.0626888217522658,0.2776845637583892,0.4325396825396825,0.3042719414893617,1,1,1,1,1,1,6,True,0.33066248017256955,,1,1,0,False,False,0.33066248017256955,True,six_task_mean_complete_only = mean of six tasks ONLY when n_tasks_valid == 6; partial_task_mean = mean over the available tasks ONLY when 1 <= n_tasks_valid <= 5; legacy_* keeps the original skipna row mean for traceability and is NOT a six-task mean
Kukedlc_Qwen-2.5-7b-Spanish-o1-CoT,Kukedlc/Qwen-2.5-7b-Spanish-o1-CoT,0.4210295349672203,0.5591043221662906,0.2462235649546827,0.3204697986577181,0.4775132275132275,0.4363364361702128,1,1,1,1,1,1,6,True,0.41011281407155864,,1,1,0,False,False,0.41011281407155864,True,six_task_mean_complete_only = mean of six tasks ONLY when n_tasks_valid == 6; partial_task_mean = mean over the available tasks ONLY when 1 <= n_tasks_valid <= 5; legacy_* keeps the original skipna row mean for traceability and is NOT a six-task mean
Kumar955_Hemanth-llm,Kumar955/Hemanth-llm,0.5045102550122564,0.5195278597465718,0.0702416918429003,0.2827181208053691,0.4484126984126984,0.3112533244680851,1,1,1,1,1,1,6,True,0.35611065838131356,,1,1,0,False,False,0.35611065838131356,True,six_task_mean_complete_only = mean of six tasks ONLY when n_tasks_valid == 6; partial_task_mean = mean over the available tasks ONLY when 1 <= n_tasks_valid <= 5; legacy_* keeps the original skipna row mean for traceability and is NOT a six-task mean
LEESM_llama-2-7b-hf-lora-oki100p,LEESM/llama-2-7b-hf-lora-oki100p,0.2512943434531487,0.3471619510501649,0.0120845921450151,0.2692953020134228,0.3677248677248677,0.1855884308510638,1,1,1,1,1,1,6,True,0.23885824787294715,,1,1,0,False,False,0.23885824787294715,True,six_task_mean_complete_only = mean of six tasks ONLY when n_tasks_valid == 6; partial_task_mean = mean over the available tasks ONLY when 1 <= n_tasks_valid <= 5; legacy_* keeps the original skipna row mean for traceability and is NOT a six-task mean
LEESM_llama-2-7b-hf-lora-oki10p,LEESM/llama-2-7b-hf-lora-oki10p,0.2270143219989627,0.3509807325117167,0.0128398791540785,0.2541946308724832,0.3465608465608465,0.1678856382978723,1,1,1,1,1,1,6,True,0.22657934156599333,,1,1,0,False,False,0.22657934156599333,True,six_task_mean_complete_only = mean of six tasks ONLY when n_tasks_valid == 6; partial_task_mean = mean over the available tasks ONLY when 1 <= n_tasks_valid <= 5; legacy_* keeps the original skipna row mean for traceability and is NOT a six-task mean
LEESM_llama-3-8b-bnb-4b-kowiki231101,LEESM/llama-3-8b-bnb-4b-kowiki231101,0.1684873912330394,0.4117340739454955,0.0135951661631419,0.2709731543624161,0.3544973544973545,0.2425199468085106,1,1,1,1,1,1,6,True,0.24363451450165965,,1,1,0,False,False,0.24363451450165965,True,six_task_mean_complete_only = mean of six tasks ONLY when n_tasks_valid == 6; partial_task_mean = mean over the available tasks ONLY when 1 <= n_tasks_valid <= 5; legacy_* keeps the original skipna row mean for traceability and is NOT a six-task mean
LEESM_llama-3-Korean-Bllossom-8B-trexlab-oki10p,LEESM/llama-3-Korean-Bllossom-8B-trexlab-oki10p,0.2137251381888943,0.4313487241798299,0.0468277945619335,0.2751677852348993,0.3862433862433862,0.3176529255319149,1,1,1,1,1,1,6,True,0.2784942923234764,,1,1,0,False,False,0.2784942923234764,True,six_task_mean_complete_only = mean of six tasks ONLY when n_tasks_valid == 6; partial_task_mean = mean over the available tasks ONLY when 1 <= n_tasks_valid <= 5; legacy_* keeps the original skipna row mean for traceability and is NOT a six-task mean
LGAI-EXAONE_EXAONE-3.0-7.8B-Instruct,LGAI-EXAONE/EXAONE-3.0-7.8B-Instruct,0.7192826145737754,0.4143377885783718,0.3043806646525679,0.2659395973154362,0.365079365079365,0.3577127659574468,1,1,1,1,1,1,6,True,0.4044554660261605,,1,1,0,False,False,0.4044554660261605,True,six_task_mean_complete_only = mean of six tasks ONLY when n_tasks_valid == 6; partial_task_mean = mean over the available tasks ONLY when 1 <= n_tasks_valid <= 5; legacy_* keeps the original skipna row mean for traceability and is NOT a six-task mean
LGAI-EXAONE_EXAONE-3.5-2.4B-Instruct,LGAI-EXAONE/EXAONE-3.5-2.4B-Instruct,0.7950449252428002,0.4072209685818434,0.3678247734138973,0.2659395973154362,0.365079365079365,0.3280418882978723,1,1,1,1,1,1,6,True,0.42152525298853577,,1,1,0,False,False,0.42152525298853577,True,six_task_mean_complete_only = mean of six tasks ONLY when n_tasks_valid == 6; partial_task_mean = mean over the available tasks ONLY when 1 <= n_tasks_valid <= 5; legacy_* keeps the original skipna row mean for traceability and is NOT a six-task mean
LGAI-EXAONE_EXAONE-3.5-32B-Instruct,LGAI-EXAONE/EXAONE-3.5-32B-Instruct,0.8391833668000904,0.5735115431348724,0.5128398791540786,0.287751677852349,0.3796296296296296,0.4636801861702128,1,1,1,1,1,1,6,True,0.5094327137902055,,1,1,0,False,False,0.5094327137902055,True,six_task_mean_complete_only = mean of six tasks ONLY when n_tasks_valid == 6; partial_task_mean = mean over the available tasks ONLY when 1 <= n_tasks_valid <= 5; legacy_* keeps the original skipna row mean for traceability and is NOT a six-task mean
LGAI-EXAONE_EXAONE-3.5-7.8B-Instruct,LGAI-EXAONE/EXAONE-3.5-7.8B-Instruct,0.8136045692096969,0.4730081583058497,0.4750755287009063,0.2575503355704698,0.376984126984127,0.4133144946808511,1,1,1,1,1,1,6,True,0.46825620224198344,,1,1,0,False,False,0.46825620224198344,True,six_task_mean_complete_only = mean of six tasks ONLY when n_tasks_valid == 6; partial_task_mean = mean over the available tasks ONLY when 1 <= n_tasks_valid <= 5; legacy_* keeps the original skipna row mean for traceability and is NOT a six-task mean
LLM360_K2,LLM360/K2,0.2252157608478836,0.4959208470751605,0.0271903323262839,0.2768456375838926,0.3968253968253968,0.3004488031914893,1,1,1,1,1,1,6,True,0.28707446297501776,,1,1,0,False,False,0.28707446297501776,True,six_task_mean_complete_only = mean of six tasks ONLY when n_tasks_valid == 6; partial_task_mean = mean over the available tasks ONLY when 1 <= n_tasks_valid <= 5; legacy_* keeps the original skipna row mean for traceability and is NOT a six-task mean
LLM360_K2-Chat,LLM360/K2-Chat,0.5151763986223221,0.5337614997396285,0.1034743202416918,0.3062080536912752,0.4563492063492063,0.3371010638297872,1,1,1,1,1,1,6,True,0.37534509041231856,,1,1,0,False,False,0.37534509041231856,True,six_task_mean_complete_only = mean of six tasks ONLY when n_tasks_valid == 6; partial_task_mean = mean over the available tasks ONLY when 1 <= n_tasks_valid <= 5; legacy_* keeps the original skipna row mean for traceability and is NOT a six-task mean
LLM4Binary_llm4decompile-1.3b-v2,LLM4Binary/llm4decompile-1.3b-v2,0.2267893633337322,0.324249262280854,0.0128398791540785,0.235738255033557,0.4060846560846561,0.1209275265957446,1,1,1,1,1,1,6,True,0.22110482374710372,,1,1,0,False,False,0.22110482374710372,True,six_task_mean_complete_only = mean of six tasks ONLY when n_tasks_valid == 6; partial_task_mean = mean over the available tasks ONLY when 1 <= n_tasks_valid <= 5; legacy_* keeps the original skipna row mean for traceability and is NOT a six-task mean
Lambent_qwen2.5-reinstruct-alternate-lumen-14B,Lambent/qwen2.5-reinstruct-alternate-lumen-14B,0.4793813747523238,0.6438118382225309,0.1978851963746223,0.3766778523489933,0.4761904761904761,0.538813164893617,1,1,1,1,1,1,6,True,0.4521266504637606,,1,1,0,False,False,0.4521266504637606,True,six_task_mean_complete_only = mean of six tasks ONLY when n_tasks_valid == 6; partial_task_mean = mean over the available tasks ONLY when 1 <= n_tasks_valid <= 5; legacy_* keeps the original skipna row mean for traceability and is NOT a six-task mean
Langboat_Mengzi3-8B-Chat,Langboat/Mengzi3-8B-Chat,0.513977357854936,0.4657177573337962,0.0906344410876132,0.2743288590604026,0.4074074074074074,0.3141622340425531,1,1,1,1,1,1,6,True,0.34437134279778475,,1,1,0,False,False,0.34437134279778475,True,six_task_mean_complete_only = mean of six tasks ONLY when n_tasks_valid == 6; partial_task_mean = mean over the available tasks ONLY when 1 <= n_tasks_valid <= 5; legacy_* keeps the original skipna row mean for traceability and is NOT a six-task mean
LenguajeNaturalAI_leniachat-gemma-2b-v0,LenguajeNaturalAI/leniachat-gemma-2b-v0,0.2149740466406911,0.3042874500954695,0.0030211480362537,0.2659395973154362,0.365079365079365,0.1170212765957446,1,1,1,1,1,1,6,True,0.21172048062716,,1,1,0,False,False,0.21172048062716,True,six_task_mean_complete_only = mean of six tasks ONLY when n_tasks_valid == 6; partial_task_mean = mean over the available tasks ONLY when 1 <= n_tasks_valid <= 5; legacy_* keeps the original skipna row mean for traceability and is NOT a six-task mean
LenguajeNaturalAI_leniachat-qwen2-1.5B-v0,LenguajeNaturalAI/leniachat-qwen2-1.5B-v0,0.2221184235605969,0.3666030203089741,0.0105740181268882,0.261744966442953,0.3743386243386243,0.1879986702127659,1,1,1,1,1,1,6,True,0.23722962049846708,,1,1,0,False,False,0.23722962049846708,True,six_task_mean_complete_only = mean of six tasks ONLY when n_tasks_valid == 6; partial_task_mean = mean over the available tasks ONLY when 1 <= n_tasks_valid <= 5; legacy_* keeps the original skipna row mean for traceability and is NOT a six-task mean
LeroyDyer_CheckPoint_A,LeroyDyer/CheckPoint_A,0.451279272330749,0.4726609963547995,0.0589123867069486,0.2835570469798658,0.421957671957672,0.2879820478723404,1,1,1,1,1,1,6,True,0.3293915703670625,,1,1,0,False,False,0.3293915703670625,True,six_task_mean_complete_only = mean of six tasks ONLY when n_tasks_valid == 6; partial_task_mean = mean over the available tasks ONLY when 1 <= n_tasks_valid <= 5; legacy_* keeps the original skipna row mean for traceability and is NOT a six-task mean
LeroyDyer_CheckPoint_B,LeroyDyer/CheckPoint_B,0.4439852923576111,0.475785453914251,0.0717522658610271,0.2902684563758389,0.3888888888888889,0.2907247340425531,1,1,1,1,1,1,6,True,0.3269008485733617,,1,1,0,False,False,0.3269008485733617,True,six_task_mean_complete_only = mean of six tasks ONLY when n_tasks_valid == 6; partial_task_mean = mean over the available tasks ONLY when 1 <= n_tasks_valid <= 5; legacy_* keeps the original skipna row mean for traceability and is NOT a six-task mean
LeroyDyer_CheckPoint_C,LeroyDyer/CheckPoint_C,0.3476896855897906,0.4556500607533414,0.0551359516616314,0.2709731543624161,0.4338624338624338,0.3021110372340425,1,1,1,1,1,1,6,True,0.31090372057727594,,1,1,0,False,False,0.31090372057727594,True,six_task_mean_complete_only = mean of six tasks ONLY when n_tasks_valid == 6; partial_task_mean = mean over the available tasks ONLY when 1 <= n_tasks_valid <= 5; legacy_* keeps the original skipna row mean for traceability and is NOT a six-task mean
LeroyDyer_LCARS_AI_001,LeroyDyer/LCARS_AI_001,0.3109449593744597,0.4235375802812012,0.0234138972809667,0.2634228187919463,0.4378306878306878,0.2670378989361702,1,1,1,1,1,1,6,True,0.28769797374923867,,1,1,0,False,False,0.28769797374923867,True,six_task_mean_complete_only = mean of six tasks ONLY when n_tasks_valid == 6; partial_task_mean = mean over the available tasks ONLY when 1 <= n_tasks_valid <= 5; legacy_* keeps the original skipna row mean for traceability and is NOT a six-task mean
LeroyDyer_LCARS_AI_1x4_003_SuperAI,LeroyDyer/LCARS_AI_1x4_003_SuperAI,0.4111125147940797,0.4893247700052074,0.0574018126888217,0.2827181208053691,0.4497354497354497,0.2972074468085106,1,1,1,1,1,1,6,True,0.331250019139573,,1,1,0,False,False,0.331250019139573,True,six_task_mean_complete_only = mean of six tasks ONLY when n_tasks_valid == 6; partial_task_mean = mean over the available tasks ONLY when 1 <= n_tasks_valid <= 5; legacy_* keeps the original skipna row mean for traceability and is NOT a six-task mean
LeroyDyer_LCARS_AI_StarTrek_Computer,LeroyDyer/LCARS_AI_StarTrek_Computer,0.3582560938310349,0.4415900017358097,0.0407854984894259,0.2676174496644295,0.3941798941798942,0.245844414893617,1,1,1,1,1,1,6,True,0.2913788921323685,,1,1,0,False,False,0.2913788921323685,True,six_task_mean_complete_only = mean of six tasks ONLY when n_tasks_valid == 6; partial_task_mean = mean over the available tasks ONLY when 1 <= n_tasks_valid <= 5; legacy_* keeps the original skipna row mean for traceability and is NOT a six-task mean
LeroyDyer_LCARS_TOP_SCORE,LeroyDyer/LCARS_TOP_SCORE,0.4370658741029357,0.5105016490192675,0.0672205438066465,0.2860738255033557,0.4285714285714285,0.3031083776595745,1,1,1,1,1,1,6,True,0.3387569497772014,,1,1,0,False,False,0.3387569497772014,True,six_task_mean_complete_only = mean of six tasks ONLY when n_tasks_valid == 6; partial_task_mean = mean over the available tasks ONLY when 1 <= n_tasks_valid <= 5; legacy_* keeps the original skipna row mean for traceability and is NOT a six-task mean
LeroyDyer_Mixtral_AI_SwahiliTron_7b,LeroyDyer/Mixtral_AI_SwahiliTron_7b,0.1533996462718919,0.3015101544870682,0.0135951661631419,0.2651006711409396,0.3412698412698413,0.1207613031914893,1,1,1,1,1,1,6,True,0.19927279708739534,,1,1,0,False,False,0.19927279708739534,True,six_task_mean_complete_only = mean of six tasks ONLY when n_tasks_valid == 6; partial_task_mean = mean over the available tasks ONLY when 1 <= n_tasks_valid <= 5; legacy_* keeps the original skipna row mean for traceability and is NOT a six-task mean
LeroyDyer_SpydazWebAI_Human_AGI,LeroyDyer/SpydazWebAI_Human_AGI,0.3388221031308041,0.3337962159347336,0.0143504531722054,0.2827181208053691,0.3955026455026455,0.1478557180851064,1,1,1,1,1,1,6,True,0.25217420943847735,,1,1,0,False,False,0.25217420943847735,True,six_task_mean_complete_only = mean of six tasks ONLY when n_tasks_valid == 6; partial_task_mean = mean over the available tasks ONLY when 1 <= n_tasks_valid <= 5; legacy_* keeps the original skipna row mean for traceability and is NOT a six-task mean
LeroyDyer_SpydazWebAI_Human_AGI_001,LeroyDyer/SpydazWebAI_Human_AGI_001,0.3118193061077939,0.341086616906787,0.0196374622356495,0.2986577181208054,0.3981481481481481,0.1426196808510638,1,1,1,1,1,1,6,True,0.2519948220617079,,1,1,0,False,False,0.2519948220617079,True,six_task_mean_complete_only = mean of six tasks ONLY when n_tasks_valid == 6; partial_task_mean = mean over the available tasks ONLY when 1 <= n_tasks_valid <= 5; legacy_* keeps the original skipna row mean for traceability and is NOT a six-task mean
LeroyDyer_SpydazWeb_AI_CyberTron_Ultra_7b,LeroyDyer/SpydazWeb_AI_CyberTron_Ultra_7b,0.1555727691414336,0.4785627495226523,0.0135951661631419,0.2927852348993288,0.4126984126984127,0.2865691489361702,1,1,1,1,1,1,6,True,0.27329724689352325,,1,1,0,False,False,0.27329724689352325,True,six_task_mean_complete_only = mean of six tasks ONLY when n_tasks_valid == 6; partial_task_mean = mean over the available tasks ONLY when 1 <= n_tasks_valid <= 5; legacy_* keeps the original skipna row mean for traceability and is NOT a six-task mean
LeroyDyer_SpydazWeb_AI_HumanAGI_001_M2,LeroyDyer/SpydazWeb_AI_HumanAGI_001_M2,0.3939513823322118,0.4868946363478563,0.0385196374622356,0.2894295302013422,0.4497354497354497,0.300531914893617,1,1,1,1,1,1,6,True,0.32651042516211876,,1,1,0,False,False,0.32651042516211876,True,six_task_mean_complete_only = mean of six tasks ONLY when n_tasks_valid == 6; partial_task_mean = mean over the available tasks ONLY when 1 <= n_tasks_valid <= 5; legacy_* keeps the original skipna row mean for traceability and is NOT a six-task mean
LeroyDyer_SpydazWeb_AI_HumanAGI_002,LeroyDyer/SpydazWeb_AI_HumanAGI_002,0.4087643009437182,0.5021697621940635,0.066465256797583,0.2869127516778523,0.4854497354497354,0.3058510638297872,1,1,1,1,1,1,6,True,0.34260214514878995,,1,1,0,False,False,0.34260214514878995,True,six_task_mean_complete_only = mean of six tasks ONLY when n_tasks_valid == 6; partial_task_mean = mean over the available tasks ONLY when 1 <= n_tasks_valid <= 5; legacy_* keeps the original skipna row mean for traceability and is NOT a six-task mean
LeroyDyer_SpydazWeb_AI_HumanAI_001,LeroyDyer/SpydazWeb_AI_HumanAI_001,0.2251658931634729,0.3325811491060579,0.0166163141993957,0.2885906040268456,0.3849206349206349,0.1270777925531915,1,1,1,1,1,1,6,True,0.2291587313282664,,1,1,0,False,False,0.2291587313282664,True,six_task_mean_complete_only = mean of six tasks ONLY when n_tasks_valid == 6; partial_task_mean = mean over the available tasks ONLY when 1 <= n_tasks_valid <= 5; legacy_* keeps the original skipna row mean for traceability and is NOT a six-task mean
LeroyDyer_SpydazWeb_AI_HumanAI_006,LeroyDyer/SpydazWeb_AI_HumanAI_006,0.1430083290114673,0.3266793959382051,0.0105740181268882,0.2802013422818792,0.3558201058201058,0.1135305851063829,1,1,1,1,1,1,6,True,0.20496896271415474,,1,1,0,False,False,0.20496896271415474,True,six_task_mean_complete_only = mean of six tasks ONLY when n_tasks_valid == 6; partial_task_mean = mean over the available tasks ONLY when 1 <= n_tasks_valid <= 5; legacy_* keeps the original skipna row mean for traceability and is NOT a six-task mean
LeroyDyer_SpydazWeb_AI_HumanAI_007,LeroyDyer/SpydazWeb_AI_HumanAI_007,0.3351751131442351,0.3395243881270612,0.0226586102719033,0.2885906040268456,0.4087301587301587,0.1352227393617021,1,1,1,1,1,1,6,True,0.25498360227698436,,1,1,0,False,False,0.25498360227698436,True,six_task_mean_complete_only = mean of six tasks ONLY when n_tasks_valid == 6; partial_task_mean = mean over the available tasks ONLY when 1 <= n_tasks_valid <= 5; legacy_* keeps the original skipna row mean for traceability and is NOT a six-task mean
LeroyDyer_SpydazWeb_AI_HumanAI_009_CHAT,LeroyDyer/SpydazWeb_AI_HumanAI_009_CHAT,0.2973310815303395,0.3289359486200312,0.0166163141993957,0.2810402684563758,0.4126984126984127,0.1432845744680851,1,1,1,1,1,1,6,True,0.24665109999544002,,1,1,0,False,False,0.24665109999544002,True,six_task_mean_complete_only = mean of six tasks ONLY when n_tasks_valid == 6; partial_task_mean = mean over the available tasks ONLY when 1 <= n_tasks_valid <= 5; legacy_* keeps the original skipna row mean for traceability and is NOT a six-task mean
LeroyDyer_SpydazWeb_AI_HumanAI_010_CHAT,LeroyDyer/SpydazWeb_AI_HumanAI_010_CHAT,0.2506948230694557,0.3315396632529074,0.0181268882175226,0.259228187919463,0.4126984126984127,0.1430352393617021,1,1,1,1,1,1,6,True,0.23588720241991057,,1,1,0,False,False,0.23588720241991057,True,six_task_mean_complete_only = mean of six tasks ONLY when n_tasks_valid == 6; partial_task_mean = mean over the available tasks ONLY when 1 <= n_tasks_valid <= 5; legacy_* keeps the original skipna row mean for traceability and is NOT a six-task mean
LeroyDyer_SpydazWeb_AI_HumanAI_011_INSTRUCT,LeroyDyer/SpydazWeb_AI_HumanAI_011_INSTRUCT,0.3148667757106699,0.3513278944627668,0.0143504531722054,0.2793624161073825,0.3822751322751322,0.1594913563829787,1,1,1,1,1,1,6,True,0.25027900468518927,,1,1,0,False,False,0.25027900468518927,True,six_task_mean_complete_only = mean of six tasks ONLY when n_tasks_valid == 6; partial_task_mean = mean over the available tasks ONLY when 1 <= n_tasks_valid <= 5; legacy_* keeps the original skipna row mean for traceability and is NOT a six-task mean
LeroyDyer_SpydazWeb_AI_HumanAI_011_INSTRUCT_ML,LeroyDyer/SpydazWeb_AI_HumanAI_011_INSTRUCT_ML,0.375242135312083,0.3969796910258635,0.0256797583081571,0.2927852348993288,0.4232804232804232,0.2018783244680851,1,1,1,1,1,1,6,True,0.2859742612156568,,1,1,0,False,False,0.2859742612156568,True,six_task_mean_complete_only = mean of six tasks ONLY when n_tasks_valid == 6; partial_task_mean = mean over the available tasks ONLY when 1 <= n_tasks_valid <= 5; legacy_* keeps the original skipna row mean for traceability and is NOT a six-task mean
LeroyDyer_SpydazWeb_AI_HumanAI_011_INSTRUCT_ML_r1,LeroyDyer/SpydazWeb_AI_HumanAI_011_INSTRUCT_ML_r1,0.4049677079039171,0.4835965978128797,0.0551359516616314,0.2927852348993288,0.3915343915343915,0.2956283244680851,1,1,1,1,1,1,6,True,0.32060803471337224,,1,1,0,False,False,0.32060803471337224,True,six_task_mean_complete_only = mean of six tasks ONLY when n_tasks_valid == 6; partial_task_mean = mean over the available tasks ONLY when 1 <= n_tasks_valid <= 5; legacy_* keeps the original skipna row mean for traceability and is NOT a six-task mean
LeroyDyer_SpydazWeb_AI_HumanAI_012_INSTRUCT_IA,LeroyDyer/SpydazWeb_AI_HumanAI_012_INSTRUCT_IA,0.306648581319787,0.4539142509980906,0.0445619335347432,0.299496644295302,0.4246031746031746,0.2317985372340425,1,1,1,1,1,1,6,True,0.29350385366419,,1,1,0,False,False,0.29350385366419,True,six_task_mean_complete_only = mean of six tasks ONLY when n_tasks_valid == 6; partial_task_mean = mean over the available tasks ONLY when 1 <= n_tasks_valid <= 5; legacy_* keeps the original skipna row mean for traceability and is NOT a six-task mean
LeroyDyer_SpydazWeb_AI_HumanAI_012_INSTRUCT_MX,LeroyDyer/SpydazWeb_AI_HumanAI_012_INSTRUCT_MX,0.3065987136353764,0.3124457559451484,0.0151057401812688,0.2911073825503356,0.3439153439153439,0.1107047872340425,1,1,1,1,1,1,6,True,0.22997962057691926,,1,1,0,False,False,0.22997962057691926,True,six_task_mean_complete_only = mean of six tasks ONLY when n_tasks_valid == 6; partial_task_mean = mean over the available tasks ONLY when 1 <= n_tasks_valid <= 5; legacy_* keeps the original skipna row mean for traceability and is NOT a six-task mean
LeroyDyer_SpydazWeb_AI_HumanAI_012_INSTRUCT_XA,LeroyDyer/SpydazWeb_AI_HumanAI_012_INSTRUCT_XA,0.3797634720319862,0.4447144592952612,0.0400302114803625,0.3129194630872483,0.414021164021164,0.2388630319148936,1,1,1,1,1,1,6,True,0.3050519669718193,,1,1,0,False,False,0.3050519669718193,True,six_task_mean_complete_only = mean of six tasks ONLY when n_tasks_valid == 6; partial_task_mean = mean over the available tasks ONLY when 1 <= n_tasks_valid <= 5; legacy_* keeps the original skipna row mean for traceability and is NOT a six-task mean
LeroyDyer_SpydazWeb_AI_HumanAI_RP,LeroyDyer/SpydazWeb_AI_HumanAI_RP,0.2541168543907942,0.3311925013018573,0.0128398791540785,0.2751677852348993,0.3875661375661375,0.1323969414893617,1,1,1,1,1,1,6,True,0.23221334985618805,,1,1,0,False,False,0.23221334985618805,True,six_task_mean_complete_only = mean of six tasks ONLY when n_tasks_valid == 6; partial_task_mean = mean over the available tasks ONLY when 1 <= n_tasks_valid <= 5; legacy_* keeps the original skipna row mean for traceability and is NOT a six-task mean
LeroyDyer_SpydazWeb_AI_HumanAI_TextVision,LeroyDyer/SpydazWeb_AI_HumanAI_TextVision,0.3062740196013245,0.3318868252039576,0.0143504531722054,0.2919463087248322,0.3928571428571428,0.1387134308510638,1,1,1,1,1,1,6,True,0.24600469673508774,,1,1,0,False,False,0.24600469673508774,True,six_task_mean_complete_only = mean of six tasks ONLY when n_tasks_valid == 6; partial_task_mean = mean over the available tasks ONLY when 1 <= n_tasks_valid <= 5; legacy_* keeps the original skipna row mean for traceability and is NOT a six-task mean
LeroyDyer_SpydazWeb_HumanAI_M1,LeroyDyer/SpydazWeb_HumanAI_M1,0.3582062261466243,0.3541051900711682,0.0249244712990936,0.2676174496644295,0.3664021164021164,0.1663065159574468,1,1,1,1,1,1,6,True,0.2562603282568131,,1,1,0,False,False,0.2562603282568131,True,six_task_mean_complete_only = mean of six tasks ONLY when n_tasks_valid == 6; partial_task_mean = mean over the available tasks ONLY when 1 <= n_tasks_valid <= 5; legacy_* keeps the original skipna row mean for traceability and is NOT a six-task mean
LeroyDyer_SpydazWeb_HumanAI_M2,LeroyDyer/SpydazWeb_HumanAI_M2,0.3750171766468526,0.3912515188335358,0.0287009063444108,0.2793624161073825,0.3743386243386243,0.2010472074468085,1,1,1,1,1,1,6,True,0.27495297495293575,,1,1,0,False,False,0.27495297495293575,True,six_task_mean_complete_only = mean of six tasks ONLY when n_tasks_valid == 6; partial_task_mean = mean over the available tasks ONLY when 1 <= n_tasks_valid <= 5; legacy_* keeps the original skipna row mean for traceability and is NOT a six-task mean
LeroyDyer_SpydazWeb_HumanAI_M3,LeroyDyer/SpydazWeb_HumanAI_M3,0.1578711153073844,0.3091477174101718,0.0090634441087613,0.2709731543624161,0.3902116402116402,0.1148603723404255,1,1,1,1,1,1,6,True,0.20868790729013323,,1,1,0,False,False,0.20868790729013323,True,six_task_mean_complete_only = mean of six tasks ONLY when n_tasks_valid == 6; partial_task_mean = mean over the available tasks ONLY when 1 <= n_tasks_valid <= 5; legacy_* keeps the original skipna row mean for traceability and is NOT a six-task mean
LeroyDyer__Spydaz_Web_AI_12,LeroyDyer/_Spydaz_Web_AI_12,0.2764985793250797,0.3127929178961985,0.0135951661631419,0.2684563758389262,0.3571428571428571,0.1136968085106382,1,1,1,1,1,1,6,True,0.22369711747947363,,1,1,0,False,False,0.22369711747947363,True,six_task_mean_complete_only = mean of six tasks ONLY when n_tasks_valid == 6; partial_task_mean = mean over the available tasks ONLY when 1 <= n_tasks_valid <= 5; legacy_* keeps the original skipna row mean for traceability and is NOT a six-task mean
LeroyDyer__Spydaz_Web_AI_14,LeroyDyer/_Spydaz_Web_AI_14,0.1811770546594148,0.296823468147891,0.0120845921450151,0.2659395973154362,0.3386243386243386,0.1139461436170212,1,1,1,1,1,1,6,True,0.20143253241818618,,1,1,0,False,False,0.20143253241818618,True,six_task_mean_complete_only = mean of six tasks ONLY when n_tasks_valid == 6; partial_task_mean = mean over the available tasks ONLY when 1 <= n_tasks_valid <= 5; legacy_* keeps the original skipna row mean for traceability and is NOT a six-task mean
LeroyDyer__Spydaz_Web_AI_BIBLE_002,LeroyDyer/_Spydaz_Web_AI_BIBLE_002,0.2194953833605943,0.3258114910605797,0.0173716012084592,0.2843959731543624,0.3399470899470899,0.1368018617021276,1,1,1,1,1,1,6,True,0.2206372334055355,,1,1,0,False,False,0.2206372334055355,True,six_task_mean_complete_only = mean of six tasks ONLY when n_tasks_valid == 6; partial_task_mean = mean over the available tasks ONLY when 1 <= n_tasks_valid <= 5; legacy_* keeps the original skipna row mean for traceability and is NOT a six-task mean
LeroyDyer__Spydaz_Web_AI_ChatML_002,LeroyDyer/_Spydaz_Web_AI_ChatML_002,0.241227720226776,0.3075854886304461,0.0113293051359516,0.2575503355704698,0.3611111111111111,0.1094581117021276,1,1,1,1,1,1,6,True,0.21471034539614706,,1,1,0,False,False,0.21471034539614706,True,six_task_mean_complete_only = mean of six tasks ONLY when n_tasks_valid == 6; partial_task_mean = mean over the available tasks ONLY when 1 <= n_tasks_valid <= 5; legacy_* keeps the original skipna row mean for traceability and is NOT a six-task mean
LeroyDyer__Spydaz_Web_AI_ChatQA,LeroyDyer/_Spydaz_Web_AI_ChatQA,0.1414591062824417,0.319909737892727,0.0098187311178247,0.2659395973154362,0.3439153439153439,0.1475232712765957,1,1,1,1,1,1,6,True,0.20476096463339488,,1,1,0,False,False,0.20476096463339488,True,six_task_mean_complete_only = mean of six tasks ONLY when n_tasks_valid == 6; partial_task_mean = mean over the available tasks ONLY when 1 <= n_tasks_valid <= 5; legacy_* keeps the original skipna row mean for traceability and is NOT a six-task mean
LeroyDyer__Spydaz_Web_AI_ChatQA_003,LeroyDyer/_Spydaz_Web_AI_ChatQA_003,0.2209193827932108,0.3134872417982989,0.0105740181268882,0.2709731543624161,0.3809523809523809,0.11328125,1,1,1,1,1,1,6,True,0.2183645713388658,,1,1,0,False,False,0.2183645713388658,True,six_task_mean_complete_only = mean of six tasks ONLY when n_tasks_valid == 6; partial_task_mean = mean over the available tasks ONLY when 1 <= n_tasks_valid <= 5; legacy_* keeps the original skipna row mean for traceability and is NOT a six-task mean
LightningRodLabs_Flashlight-v1.0,LightningRodLabs/Flashlight-v1.0,0.6745446526327921,0.6852976913730255,0.4969788519637462,0.3422818791946309,0.4087301587301587,0.5402260638297872,1,1,1,1,1,1,6,True,0.5246765496206901,,1,1,0,False,False,0.5246765496206901,True,six_task_mean_complete_only = mean of six tasks ONLY when n_tasks_valid == 6; partial_task_mean = mean over the available tasks ONLY when 1 <= n_tasks_valid <= 5; legacy_* keeps the original skipna row mean for traceability and is NOT a six-task mean
LightningRodLabs_Flashlight-v1.1,LightningRodLabs/Flashlight-v1.1,0.6720967034136092,0.6880749869814269,0.5324773413897281,0.3397651006711409,0.4034391534391534,0.5415558510638298,1,1,1,1,1,1,6,True,0.5295681894931481,,1,1,0,False,False,0.5295681894931481,True,six_task_mean_complete_only = mean of six tasks ONLY when n_tasks_valid == 6; partial_task_mean = mean over the available tasks ONLY when 1 <= n_tasks_valid <= 5; legacy_* keeps the original skipna row mean for traceability and is NOT a six-task mean
LightningRodLabs_Flashlight-v1.2,LightningRodLabs/Flashlight-v1.2,0.4359920566319587,0.3225134525256032,0.1555891238670695,0.235738255033557,0.4537037037037037,0.2485039893617021,1,1,1,1,1,1,6,True,0.3086734301872657,,1,1,0,False,False,0.3086734301872657,True,six_task_mean_complete_only = mean of six tasks ONLY when n_tasks_valid == 6; partial_task_mean = mean over the available tasks ONLY when 1 <= n_tasks_valid <= 5; legacy_* keeps the original skipna row mean for traceability and is NOT a six-task mean
Lil-R_2_PRYMMAL-ECE-2B-SLERP-V1,Lil-R/2_PRYMMAL-ECE-2B-SLERP-V1,0.5823459531820016,0.4277035236938031,0.0913897280966767,0.3062080536912752,0.4365079365079365,0.2677859042553192,1,1,1,1,1,1,6,True,0.3519901832378354,,1,1,0,False,False,0.3519901832378354,True,six_task_mean_complete_only = mean of six tasks ONLY when n_tasks_valid == 6; partial_task_mean = mean over the available tasks ONLY when 1 <= n_tasks_valid <= 5; legacy_* keeps the original skipna row mean for traceability and is NOT a six-task mean
Lil-R_2_PRYMMAL-ECE-2B-SLERP-V2,Lil-R/2_PRYMMAL-ECE-2B-SLERP-V2,0.5542693386880144,0.435861829543482,0.0944108761329305,0.2978187919463087,0.4470899470899471,0.2744348404255319,1,1,1,1,1,1,6,True,0.3506476039710358,,1,1,0,False,False,0.3506476039710358,True,six_task_mean_complete_only = mean of six tasks ONLY when n_tasks_valid == 6; partial_task_mean = mean over the available tasks ONLY when 1 <= n_tasks_valid <= 5; legacy_* keeps the original skipna row mean for traceability and is NOT a six-task mean
Lil-R_2_PRYMMAL-ECE-7B-SLERP,Lil-R/2_PRYMMAL-ECE-7B-SLERP,0.5577412376937636,,0.3632930513595166,,,0.4507147606382978,1,0,1,0,0,1,3,False,,0.457249683230526,1,1,0,False,False,0.457249683230526,True,six_task_mean_complete_only = mean of six tasks ONLY when n_tasks_valid == 6; partial_task_mean = mean over the available tasks ONLY when 1 <= n_tasks_valid <= 5; legacy_* keeps the original skipna row mean for traceability and is NOT a six-task mean
Lil-R_2_PRYMMAL-ECE-7B-SLERP-V1,Lil-R/2_PRYMMAL-ECE-7B-SLERP-V1,0.1073374202671134,0.3023780593646936,0.0007552870090634,0.2508389261744966,0.3902116402116402,0.1123670212765957,1,1,1,1,1,1,6,True,0.19398139238393383,,1,1,0,False,False,0.19398139238393383,True,six_task_mean_complete_only = mean of six tasks ONLY when n_tasks_valid == 6; partial_task_mean = mean over the available tasks ONLY when 1 <= n_tasks_valid <= 5; legacy_* keeps the original skipna row mean for traceability and is NOT a six-task mean
Lil-R_2_PRYMMAL-ECE-7B-SLERP-V2,Lil-R/2_PRYMMAL-ECE-7B-SLERP-V2,0.1073374202671134,0.3023780593646936,0.0007552870090634,0.2508389261744966,0.3902116402116402,0.1123670212765957,1,1,1,1,1,1,6,True,0.19398139238393383,,1,1,0,False,False,0.19398139238393383,True,six_task_mean_complete_only = mean of six tasks ONLY when n_tasks_valid == 6; partial_task_mean = mean over the available tasks ONLY when 1 <= n_tasks_valid <= 5; legacy_* keeps the original skipna row mean for traceability and is NOT a six-task mean
Lil-R_2_PRYMMAL-ECE-7B-SLERP-V3,Lil-R/2_PRYMMAL-ECE-7B-SLERP-V3,0.2234670673812151,0.3542787710466933,0.0060422960725075,0.2567114093959731,0.41005291005291,0.1816821808510638,1,1,1,1,1,1,6,True,0.2387057724667271,,1,1,0,False,False,0.2387057724667271,True,six_task_mean_complete_only = mean of six tasks ONLY when n_tasks_valid == 6; partial_task_mean = mean over the available tasks ONLY when 1 <= n_tasks_valid <= 5; legacy_* keeps the original skipna row mean for traceability and is NOT a six-task mean
Lil-R_PRYMMAL-ECE-1B-SLERP-V1,Lil-R/PRYMMAL-ECE-1B-SLERP-V1,0.2874395492847866,0.414858531504947,0.1034743202416918,0.276006711409396,0.3968253968253968,0.2925531914893617,1,1,1,1,1,1,6,True,0.29519295012593,,1,1,0,False,False,0.29519295012593,True,six_task_mean_complete_only = mean of six tasks ONLY when n_tasks_valid == 6; partial_task_mean = mean over the available tasks ONLY when 1 <= n_tasks_valid <= 5; legacy_* keeps the original skipna row mean for traceability and is NOT a six-task mean
Lil-R_PRYMMAL-ECE-7B-SLERP-V8,Lil-R/PRYMMAL-ECE-7B-SLERP-V8,0.1258471965495995,0.2935254296129144,0.0098187311178247,0.25,0.3624338624338624,0.112782579787234,1,1,1,1,1,1,6,True,0.19240129991690583,,1,1,0,False,False,0.19240129991690583,True,six_task_mean_complete_only = mean of six tasks ONLY when n_tasks_valid == 6; partial_task_mean = mean over the available tasks ONLY when 1 <= n_tasks_valid <= 5; legacy_* keeps the original skipna row mean for traceability and is NOT a six-task mean
LilRg_10PRYMMAL-3B-slerp,LilRg/10PRYMMAL-3B-slerp,0.1945903535951276,0.5299427182780767,0.1495468277945619,0.3213087248322148,0.4523809523809524,0.3881316489361702,1,1,1,1,1,1,6,True,0.3393168709695173,,1,1,0,False,False,0.3393168709695173,True,six_task_mean_complete_only = mean of six tasks ONLY when n_tasks_valid == 6; partial_task_mean = mean over the available tasks ONLY when 1 <= n_tasks_valid <= 5; legacy_* keeps the original skipna row mean for traceability and is NOT a six-task mean
LilRg_ECE-1B-merge-PRYMMAL,LilRg/ECE-1B-merge-PRYMMAL,0.2712281191682513,0.419024474917549,0.1012084592145015,0.2810402684563758,0.3796296296296296,0.2906416223404255,1,1,1,1,1,1,6,True,0.29046209562112213,,1,1,0,False,False,0.29046209562112213,True,six_task_mean_complete_only = mean of six tasks ONLY when n_tasks_valid == 6; partial_task_mean = mean over the available tasks ONLY when 1 <= n_tasks_valid <= 5; legacy_* keeps the original skipna row mean for traceability and is NOT a six-task mean
LilRg_ECE_Finetunning,LilRg/ECE_Finetunning,0.0445384912033404,0.4709251865995487,0.0453172205438066,0.2827181208053691,0.3835978835978836,0.3191489361702128,1,1,1,1,1,1,6,True,0.25770763982002687,,1,1,0,False,False,0.25770763982002687,True,six_task_mean_complete_only = mean of six tasks ONLY when n_tasks_valid == 6; partial_task_mean = mean over the available tasks ONLY when 1 <= n_tasks_valid <= 5; legacy_* keeps the original skipna row mean for traceability and is NOT a six-task mean
LilRg_PRYMMAL-6B-slerp,LilRg/PRYMMAL-6B-slerp,0.1153306559927658,0.2850199618121853,0.0,0.2458053691275167,0.369047619047619,0.1107878989361702,1,1,1,1,1,1,6,True,0.18766525081937616,,1,1,0,False,False,0.18766525081937616,True,six_task_mean_complete_only = mean of six tasks ONLY when n_tasks_valid == 6; partial_task_mean = mean over the available tasks ONLY when 1 <= n_tasks_valid <= 5; legacy_* keeps the original skipna row mean for traceability and is NOT a six-task mean
LilRg_PRYMMAL-ECE-7B-SLERP-V3,LilRg/PRYMMAL-ECE-7B-SLERP-V3,0.1243234617481615,0.2938725915639646,0.0098187311178247,0.2567114093959731,0.3664021164021164,0.1126994680851063,1,1,1,1,1,1,6,True,0.19397129638552446,,1,1,0,False,False,0.19397129638552446,True,six_task_mean_complete_only = mean of six tasks ONLY when n_tasks_valid == 6; partial_task_mean = mean over the available tasks ONLY when 1 <= n_tasks_valid <= 5; legacy_* keeps the original skipna row mean for traceability and is NOT a six-task mean
LilRg_PRYMMAL-ECE-7B-SLERP-V4,LilRg/PRYMMAL-ECE-7B-SLERP-V4,0.1249229821318545,0.2938725915639646,0.0098187311178247,0.2567114093959731,0.3664021164021164,0.1126994680851063,1,1,1,1,1,1,6,True,0.19407121644947326,,1,1,0,False,False,0.19407121644947326,True,six_task_mean_complete_only = mean of six tasks ONLY when n_tasks_valid == 6; partial_task_mean = mean over the available tasks ONLY when 1 <= n_tasks_valid <= 5; legacy_* keeps the original skipna row mean for traceability and is NOT a six-task mean
LilRg_PRYMMAL-ECE-7B-SLERP-V5,LilRg/PRYMMAL-ECE-7B-SLERP-V5,0.1249229821318545,0.2938725915639646,0.0098187311178247,0.2567114093959731,0.3664021164021164,0.1126994680851063,1,1,1,1,1,1,6,True,0.19407121644947326,,1,1,0,False,False,0.19407121644947326,True,six_task_mean_complete_only = mean of six tasks ONLY when n_tasks_valid == 6; partial_task_mean = mean over the available tasks ONLY when 1 <= n_tasks_valid <= 5; legacy_* keeps the original skipna row mean for traceability and is NOT a six-task mean
LilRg_PRYMMAL-ECE-7B-SLERP-V6,LilRg/PRYMMAL-ECE-7B-SLERP-V6,0.1243234617481615,0.2938725915639646,0.0098187311178247,0.2567114093959731,0.3664021164021164,0.1126994680851063,1,1,1,1,1,1,6,True,0.19397129638552446,,1,1,0,False,False,0.19397129638552446,True,six_task_mean_complete_only = mean of six tasks ONLY when n_tasks_valid == 6; partial_task_mean = mean over the available tasks ONLY when 1 <= n_tasks_valid <= 5; legacy_* keeps the original skipna row mean for traceability and is NOT a six-task mean
LilRg_PRYMMAL-ECE-7B-SLERP-V7,LilRg/PRYMMAL-ECE-7B-SLERP-V7,0.1249229821318545,0.2938725915639646,0.0098187311178247,0.2567114093959731,0.3664021164021164,0.1126994680851063,1,1,1,1,1,1,6,True,0.19407121644947326,,1,1,0,False,False,0.19407121644947326,True,six_task_mean_complete_only = mean of six tasks ONLY when n_tasks_valid == 6; partial_task_mean = mean over the available tasks ONLY when 1 <= n_tasks_valid <= 5; legacy_* keeps the original skipna row mean for traceability and is NOT a six-task mean
LilRg_PRYMMAL-slerp-Merge,LilRg/PRYMMAL-slerp-Merge,0.304400102838247,0.5348029855927791,0.161631419939577,0.3204697986577181,0.4629629629629629,0.3863031914893617,1,1,1,1,1,1,6,True,0.36176174358010754,,1,1,0,False,False,0.36176174358010754,True,six_task_mean_complete_only = mean of six tasks ONLY when n_tasks_valid == 6; partial_task_mean = mean over the available tasks ONLY when 1 <= n_tasks_valid <= 5; legacy_* keeps the original skipna row mean for traceability and is NOT a six-task mean
LimYeri_CodeMind-Llama3-8B-unsloth_v2-merged,LimYeri/CodeMind-Llama3-8B-unsloth_v2-merged,0.6946280314011268,0.4835965978128797,0.066465256797583,0.2651006711409396,0.3306878306878307,0.3505651595744681,1,1,1,1,1,1,6,True,0.36517392456913794,,1,1,0,False,False,0.36517392456913794,True,six_task_mean_complete_only = mean of six tasks ONLY when n_tasks_valid == 6; partial_task_mean = mean over the available tasks ONLY when 1 <= n_tasks_valid <= 5; legacy_* keeps the original skipna row mean for traceability and is NOT a six-task mean
LimYeri_CodeMind-Llama3-8B-unsloth_v3-merged,LimYeri/CodeMind-Llama3-8B-unsloth_v3-merged,0.6762933460994606,0.4893247700052074,0.0679758308157099,0.2583892617449664,0.3346560846560846,0.3495678191489361,1,1,1,1,1,1,6,True,0.36270118541172747,,1,1,0,False,False,0.36270118541172747,True,six_task_mean_complete_only = mean of six tasks ONLY when n_tasks_valid == 6; partial_task_mean = mean over the available tasks ONLY when 1 <= n_tasks_valid <= 5; legacy_* keeps the original skipna row mean for traceability and is NOT a six-task mean
LimYeri_CodeMind-Llama3-8B-unsloth_v4-one-DPO-merged,LimYeri/CodeMind-Llama3-8B-unsloth_v4-one-DPO-merged,0.6492406813920397,0.4827286929352543,0.0649546827794562,0.2684563758389262,0.3597883597883597,0.3353557180851064,1,1,1,1,1,1,6,True,0.3600874184698571,,1,1,0,False,False,0.3600874184698571,True,six_task_mean_complete_only = mean of six tasks ONLY when n_tasks_valid == 6; partial_task_mean = mean over the available tasks ONLY when 1 <= n_tasks_valid <= 5; legacy_* keeps the original skipna row mean for traceability and is NOT a six-task mean
LimYeri_CodeMind-Llama3-8B-unsloth_v4-one-merged,LimYeri/CodeMind-Llama3-8B-unsloth_v4-one-merged,0.3210869382128308,0.4712723485505988,0.0551359516616314,0.3095637583892617,0.4060846560846561,0.3352726063829787,1,1,1,1,1,1,6,True,0.31640270988032626,,1,1,0,False,False,0.31640270988032626,True,six_task_mean_complete_only = mean of six tasks ONLY when n_tasks_valid == 6; partial_task_mean = mean over the available tasks ONLY when 1 <= n_tasks_valid <= 5; legacy_* keeps the original skipna row mean for traceability and is NOT a six-task mean
LimYeri_CodeMind-Llama3.1-8B-unsloth-merged,LimYeri/CodeMind-Llama3.1-8B-unsloth-merged,0.6490157227268093,0.4686686339177226,0.1087613293051359,0.2642617449664429,0.3743386243386243,0.3340259308510638,1,1,1,1,1,1,6,True,0.3665119976842998,,1,1,0,False,False,0.3665119976842998,True,six_task_mean_complete_only = mean of six tasks ONLY when n_tasks_valid == 6; partial_task_mean = mean over the available tasks ONLY when 1 <= n_tasks_valid <= 5; legacy_* keeps the original skipna row mean for traceability and is NOT a six-task mean
Locutusque_CollectiveLM-Falcon-3-7B,Locutusque/CollectiveLM-Falcon-3-7B,0.3918281271470808,0.507203610484291,0.2182779456193353,0.3255033557046979,0.3875661375661375,0.3598736702127659,1,1,1,1,1,1,6,True,0.3650421411223847,,1,1,0,False,False,0.3650421411223847,True,six_task_mean_complete_only = mean of six tasks ONLY when n_tasks_valid == 6; partial_task_mean = mean over the available tasks ONLY when 1 <= n_tasks_valid <= 5; legacy_* keeps the original skipna row mean for traceability and is NOT a six-task mean
Locutusque_Hercules-6.0-Llama-3.1-8B,Locutusque/Hercules-6.0-Llama-3.1-8B,0.6630041622893922,0.4797778163513279,0.1336858006042296,0.2642617449664429,0.3611111111111111,0.3614527925531915,1,1,1,1,1,1,6,True,0.3772155713126159,,1,1,0,False,False,0.3772155713126159,True,six_task_mean_complete_only = mean of six tasks ONLY when n_tasks_valid == 6; partial_task_mean = mean over the available tasks ONLY when 1 <= n_tasks_valid <= 5; legacy_* keeps the original skipna row mean for traceability and is NOT a six-task mean
Locutusque_Hercules-6.1-Llama-3.1-8B,Locutusque/Hercules-6.1-Llama-3.1-8B,0.6006806384836678,0.463287623676445,0.1759818731117824,0.2609060402684564,0.3544973544973545,0.3668550531914893,1,1,1,1,1,1,6,True,0.3703680972048659,,1,1,0,False,False,0.3703680972048659,True,six_task_mean_complete_only = mean of six tasks ONLY when n_tasks_valid == 6; partial_task_mean = mean over the available tasks ONLY when 1 <= n_tasks_valid <= 5; legacy_* keeps the original skipna row mean for traceability and is NOT a six-task mean
Locutusque_Llama-3-NeuralHercules-5.0-8B,Locutusque/Llama-3-NeuralHercules-5.0-8B,0.4489310584803876,0.3888213851761847,0.0362537764350453,0.2684563758389262,0.3875661375661375,0.2933011968085106,1,1,1,1,1,1,6,True,0.303888321717532,,1,1,0,False,False,0.303888321717532,True,six_task_mean_complete_only = mean of six tasks ONLY when n_tasks_valid == 6; partial_task_mean = mean over the available tasks ONLY when 1 <= n_tasks_valid <= 5; legacy_* keeps the original skipna row mean for traceability and is NOT a six-task mean
Locutusque_Llama-3-Yggdrasil-2.0-8B,Locutusque/Llama-3-Yggdrasil-2.0-8B,0.5370583385417359,0.4731817392813747,0.0687311178247734,0.2625838926174497,0.3968253968253968,0.316655585106383,1,1,1,1,1,1,6,True,0.3425060116995189,,1,1,0,False,False,0.3425060116995189,True,six_task_mean_complete_only = mean of six tasks ONLY when n_tasks_valid == 6; partial_task_mean = mean over the available tasks ONLY when 1 <= n_tasks_valid <= 5; legacy_* keeps the original skipna row mean for traceability and is NOT a six-task mean
Locutusque_TinyMistral-248M-v2.5,Locutusque/TinyMistral-248M-v2.5,0.1336409615376091,0.3008158305849679,0.0,0.2508389261744966,0.376984126984127,0.1135305851063829,1,1,1,1,1,1,6,True,0.19596840506459723,,1,1,0,False,False,0.19596840506459723,True,six_task_mean_complete_only = mean of six tasks ONLY when n_tasks_valid == 6; partial_task_mean = mean over the available tasks ONLY when 1 <= n_tasks_valid <= 5; legacy_* keeps the original skipna row mean for traceability and is NOT a six-task mean
Luni_StarDust-12b-v1,Luni/StarDust-12b-v1,0.5459259210007226,0.5334143377885784,0.0762839879154078,0.276006711409396,0.4312169312169312,0.3411735372340425,1,1,1,1,1,1,6,True,0.36733690442751304,,1,1,0,False,False,0.36733690442751304,True,six_task_mean_complete_only = mean of six tasks ONLY when n_tasks_valid == 6; partial_task_mean = mean over the available tasks ONLY when 1 <= n_tasks_valid <= 5; legacy_* keeps the original skipna row mean for traceability and is NOT a six-task mean
Luni_StarDust-12b-v2,Luni/StarDust-12b-v2,0.5628620947973599,0.5384481860788057,0.0687311178247734,0.2936241610738255,0.4325396825396825,0.3439162234042553,1,1,1,1,1,1,6,True,0.37335357761978377,,1,1,0,False,False,0.37335357761978377,True,six_task_mean_complete_only = mean of six tasks ONLY when n_tasks_valid == 6; partial_task_mean = mean over the available tasks ONLY when 1 <= n_tasks_valid <= 5; legacy_* keeps the original skipna row mean for traceability and is NOT a six-task mean
Lunzima_NQLSG-Qwen2.5-14B-MegaFusion-v3,Lunzima/NQLSG-Qwen2.5-14B-MegaFusion-v3,0.7033460108068813,0.6467627148064572,0.4161631419939577,0.3817114093959731,0.4801587301587302,0.5393949468085106,1,1,1,1,1,1,6,True,0.5279228256617516,,1,1,0,False,False,0.5279228256617516,True,six_task_mean_complete_only = mean of six tasks ONLY when n_tasks_valid == 6; partial_task_mean = mean over the available tasks ONLY when 1 <= n_tasks_valid <= 5; legacy_* keeps the original skipna row mean for traceability and is NOT a six-task mean
Lunzima_NQLSG-Qwen2.5-14B-MegaFusion-v5,Lunzima/NQLSG-Qwen2.5-14B-MegaFusion-v5,0.7485084021507378,0.6446797431001562,0.4358006042296072,0.3624161073825503,0.4457671957671957,0.5140458776595744,1,1,1,1,1,1,6,True,0.525202988381637,,1,1,0,False,False,0.525202988381637,True,six_task_mean_complete_only = mean of six tasks ONLY when n_tasks_valid == 6; partial_task_mean = mean over the available tasks ONLY when 1 <= n_tasks_valid <= 5; legacy_* keeps the original skipna row mean for traceability and is NOT a six-task mean
Lunzima_NQLSG-Qwen2.5-14B-MegaFusion-v6,Lunzima/NQLSG-Qwen2.5-14B-MegaFusion-v6,0.704320092909037,0.6446797431001562,0.3957703927492447,0.3775167785234899,0.4761904761904761,0.5392287234042553,1,1,1,1,1,1,6,True,0.5229510344794431,,1,1,0,False,False,0.5229510344794431,True,six_task_mean_complete_only = mean of six tasks ONLY when n_tasks_valid == 6; partial_task_mean = mean over the available tasks ONLY when 1 <= n_tasks_valid <= 5; legacy_* keeps the original skipna row mean for traceability and is NOT a six-task mean
Lunzima_NQLSG-Qwen2.5-14B-MegaFusion-v7-rebase,Lunzima/NQLSG-Qwen2.5-14B-MegaFusion-v7-rebase,0.693054428915278,0.6403402187120292,0.3406344410876133,0.375,0.4880952380952381,0.5276761968085106,1,1,1,1,1,1,6,True,0.5108000872697782,,1,1,0,False,False,0.5108000872697782,True,six_task_mean_complete_only = mean of six tasks ONLY when n_tasks_valid == 6; partial_task_mean = mean over the available tasks ONLY when 1 <= n_tasks_valid <= 5; legacy_* keeps the original skipna row mean for traceability and is NOT a six-task mean
Lunzima_NQLSG-Qwen2.5-14B-MegaFusion-v8,Lunzima/NQLSG-Qwen2.5-14B-MegaFusion-v8,0.7383919112399544,0.6450269050512064,0.4169184290030212,0.386744966442953,0.496031746031746,0.5364860372340425,1,1,1,1,1,1,6,True,0.5365999991671538,,1,1,0,False,False,0.5365999991671538,True,six_task_mean_complete_only = mean of six tasks ONLY when n_tasks_valid == 6; partial_task_mean = mean over the available tasks ONLY when 1 <= n_tasks_valid <= 5; legacy_* keeps the original skipna row mean for traceability and is NOT a six-task mean
Lunzima_NQLSG-Qwen2.5-14B-MegaFusion-v8.5,Lunzima/NQLSG-Qwen2.5-14B-MegaFusion-v8.5,0.5928624937388352,0.6429439333449054,0.3655589123867069,0.3800335570469799,0.4761904761904761,0.5290059840425532,1,1,1,1,1,1,6,True,0.4977658927917428,,1,1,0,False,False,0.4977658927917428,True,six_task_mean_complete_only = mean of six tasks ONLY when n_tasks_valid == 6; partial_task_mean = mean over the available tasks ONLY when 1 <= n_tasks_valid <= 5; legacy_* keeps the original skipna row mean for traceability and is NOT a six-task mean
Lunzima_NQLSG-Qwen2.5-14B-MegaFusion-v8.6,Lunzima/NQLSG-Qwen2.5-14B-MegaFusion-v8.6,0.5919382793210903,0.6439854191980559,0.4070996978851964,0.384228187919463,0.4947089947089947,0.5399767287234043,1,1,1,1,1,1,6,True,0.5103228846260341,,1,1,0,False,False,0.5103228846260341,True,six_task_mean_complete_only = mean of six tasks ONLY when n_tasks_valid == 6; partial_task_mean = mean over the available tasks ONLY when 1 <= n_tasks_valid <= 5; legacy_* keeps the original skipna row mean for traceability and is NOT a six-task mean
Lunzima_NQLSG-Qwen2.5-14B-MegaFusion-v8.7,Lunzima/NQLSG-Qwen2.5-14B-MegaFusion-v8.7,0.7271262472461957,0.6484985245617081,0.4237160120845921,0.3800335570469799,0.4894179894179894,0.539810505319149,1,1,1,1,1,1,6,True,0.5347671392794356,,1,1,0,False,False,0.5347671392794356,True,six_task_mean_complete_only = mean of six tasks ONLY when n_tasks_valid == 6; partial_task_mean = mean over the available tasks ONLY when 1 <= n_tasks_valid <= 5; legacy_* keeps the original skipna row mean for traceability and is NOT a six-task mean
Lunzima_NQLSG-Qwen2.5-14B-MegaFusion-v8.9,Lunzima/NQLSG-Qwen2.5-14B-MegaFusion-v8.9,0.7271761149306064,0.6472834577330324,0.4146525679758308,0.3791946308724832,0.4907407407407407,0.538563829787234,1,1,1,1,1,1,6,True,0.5329352236733212,,1,1,0,False,False,0.5329352236733212,True,six_task_mean_complete_only = mean of six tasks ONLY when n_tasks_valid == 6; partial_task_mean = mean over the available tasks ONLY when 1 <= n_tasks_valid <= 5; legacy_* keeps the original skipna row mean for traceability and is NOT a six-task mean
Lunzima_NQLSG-Qwen2.5-14B-MegaFusion-v9-stock,Lunzima/NQLSG-Qwen2.5-14B-MegaFusion-v9-stock,0.6513639365771708,0.6554417635827113,0.418429003021148,0.384228187919463,0.4814814814814814,0.5412234042553191,1,1,1,1,1,1,6,True,0.5220279628062156,,1,1,0,False,False,0.5220279628062156,True,six_task_mean_complete_only = mean of six tasks ONLY when n_tasks_valid == 6; partial_task_mean = mean over the available tasks ONLY when 1 <= n_tasks_valid <= 5; legacy_* keeps the original skipna row mean for traceability and is NOT a six-task mean
Lyte_Llama-3.1-8B-Instruct-Reasoner-1o1_v0.3,Lyte/Llama-3.1-8B-Instruct-Reasoner-1o1_v0.3,0.7098155117310957,0.4940114563443846,0.1903323262839879,0.2701342281879195,0.3452380952380952,0.3617852393617021,1,1,1,1,1,1,6,True,0.39521947619119757,,1,1,0,False,False,0.39521947619119757,True,six_task_mean_complete_only = mean of six tasks ONLY when n_tasks_valid == 6; partial_task_mean = mean over the available tasks ONLY when 1 <= n_tasks_valid <= 5; legacy_* keeps the original skipna row mean for traceability and is NOT a six-task mean
Lyte_Llama-3.2-1B-Instruct-COT-RL-Expriement1-EP04,Lyte/Llama-3.2-1B-Instruct-COT-RL-Expriement1-EP04,0.5773503193748144,0.3488977608054157,0.066465256797583,0.2600671140939597,0.3227513227513227,0.1842586436170212,1,1,1,1,1,1,6,True,0.29329840290668613,,1,1,0,False,False,0.29329840290668613,True,six_task_mean_complete_only = mean of six tasks ONLY when n_tasks_valid == 6; partial_task_mean = mean over the available tasks ONLY when 1 <= n_tasks_valid <= 5; legacy_* keeps the original skipna row mean for traceability and is NOT a six-task mean
Lyte_Llama-3.2-3B-Overthinker,Lyte/Llama-3.2-3B-Overthinker,0.6407975283359264,0.4320430480819302,0.0264350453172205,0.259228187919463,0.3412698412698413,0.2985372340425531,1,1,1,1,1,1,6,True,0.33305181416115576,,1,1,0,False,False,0.33305181416115576,True,six_task_mean_complete_only = mean of six tasks ONLY when n_tasks_valid == 6; partial_task_mean = mean over the available tasks ONLY when 1 <= n_tasks_valid <= 5; legacy_* keeps the original skipna row mean for traceability and is NOT a six-task mean
M4-ai_TinyMistral-248M-v3,M4-ai/TinyMistral-248M-v3,0.1638663191443148,0.2848463808366603,0.0,0.2407718120805369,0.3783068783068783,0.1131981382978723,1,1,1,1,1,1,6,True,0.19683158811104376,,1,1,0,False,False,0.19683158811104376,True,six_task_mean_complete_only = mean of six tasks ONLY when n_tasks_valid == 6; partial_task_mean = mean over the available tasks ONLY when 1 <= n_tasks_valid <= 5; legacy_* keeps the original skipna row mean for traceability and is NOT a six-task mean
MEscriva_ECE-PRYMMAL-0.5B-FT-V5-MUSR-Mathis,MEscriva/ECE-PRYMMAL-0.5B-FT-V5-MUSR-Mathis,0.086629033187498,0.303245964242319,0.0105740181268882,0.2516778523489933,0.4007936507936508,0.1154421542553191,1,1,1,1,1,1,6,True,0.19472711215911134,,1,1,0,False,False,0.19472711215911134,True,six_task_mean_complete_only = mean of six tasks ONLY when n_tasks_valid == 6; partial_task_mean = mean over the available tasks ONLY when 1 <= n_tasks_valid <= 5; legacy_* keeps the original skipna row mean for traceability and is NOT a six-task mean
MLP-KTLim_llama-3-Korean-Bllossom-8B,MLP-KTLim/llama-3-Korean-Bllossom-8B,0.5112800702136997,0.488456865127582,0.1019637462235649,0.2625838926174497,0.3664021164021164,0.359375,1,1,1,1,1,1,6,True,0.34834361509740214,,1,1,0,False,False,0.34834361509740214,True,six_task_mean_complete_only = mean of six tasks ONLY when n_tasks_valid == 6; partial_task_mean = mean over the available tasks ONLY when 1 <= n_tasks_valid <= 5; legacy_* keeps the original skipna row mean for traceability and is NOT a six-task mean
MTSAIR_Cotype-Nano,MTSAIR/Cotype-Nano,0.3747922179816221,0.3836139559104322,0.0974320241691842,0.2701342281879195,0.328042328042328,0.2476728723404255,1,1,1,1,1,1,6,True,0.28361460443865194,,1,1,0,False,False,0.28361460443865194,True,six_task_mean_complete_only = mean of six tasks ONLY when n_tasks_valid == 6; partial_task_mean = mean over the available tasks ONLY when 1 <= n_tasks_valid <= 5; legacy_* keeps the original skipna row mean for traceability and is NOT a six-task mean
MTSAIR_MultiVerse_70B,MTSAIR/MultiVerse_70B,0.5249183278146429,0.6129144245790661,0.1925981873111782,0.3540268456375839,0.4735449735449735,0.4860372340425531,1,1,1,1,1,1,6,True,0.4406733321549996,,1,1,0,False,False,0.4406733321549996,True,six_task_mean_complete_only = mean of six tasks ONLY when n_tasks_valid == 6; partial_task_mean = mean over the available tasks ONLY when 1 <= n_tasks_valid <= 5; legacy_* keeps the original skipna row mean for traceability and is NOT a six-task mean
Magpie-Align_Llama-3-8B-Magpie-Align-SFT-v0.1,Magpie-Align/Llama-3-8B-Magpie-Align-SFT-v0.1,0.4361416596851908,0.458948099288318,0.0498489425981873,0.2625838926174497,0.3267195767195767,0.2863198138297872,1,1,1,1,1,1,6,True,0.30342699745641827,,1,1,0,False,False,0.30342699745641827,True,six_task_mean_complete_only = mean of six tasks ONLY when n_tasks_valid == 6; partial_task_mean = mean over the available tasks ONLY when 1 <= n_tasks_valid <= 5; legacy_* keeps the original skipna row mean for traceability and is NOT a six-task mean
Magpie-Align_Llama-3-8B-Magpie-Align-SFT-v0.3,Magpie-Align/Llama-3-8B-Magpie-Align-SFT-v0.3,0.5063586838477463,0.4553028988022912,0.0626888217522658,0.2659395973154362,0.3412698412698413,0.2902260638297872,1,1,1,1,1,1,6,True,0.32029765113622805,,1,1,0,False,False,0.32029765113622805,True,six_task_mean_complete_only = mean of six tasks ONLY when n_tasks_valid == 6; partial_task_mean = mean over the available tasks ONLY when 1 <= n_tasks_valid <= 5; legacy_* keeps the original skipna row mean for traceability and is NOT a six-task mean
Magpie-Align_Llama-3-8B-Magpie-Align-v0.1,Magpie-Align/Llama-3-8B-Magpie-Align-v0.1,0.4027192294223771,0.4771741017184516,0.04607250755287,0.2768456375838926,0.3082010582010582,0.3001163563829787,1,1,1,1,1,1,6,True,0.3018548151436047,,1,1,0,False,False,0.3018548151436047,True,six_task_mean_complete_only = mean of six tasks ONLY when n_tasks_valid == 6; partial_task_mean = mean over the available tasks ONLY when 1 <= n_tasks_valid <= 5; legacy_* keeps the original skipna row mean for traceability and is NOT a six-task mean
Magpie-Align_Llama-3-8B-Magpie-Align-v0.3,Magpie-Align/Llama-3-8B-Magpie-Align-v0.3,0.4497056698449004,0.4553028988022912,0.0566465256797583,0.2651006711409396,0.3399470899470899,0.3134142287234042,1,1,1,1,1,1,6,True,0.3133528473563972,,1,1,0,False,False,0.3133528473563972,True,six_task_mean_complete_only = mean of six tasks ONLY when n_tasks_valid == 6; partial_task_mean = mean over the available tasks ONLY when 1 <= n_tasks_valid <= 5; legacy_* keeps the original skipna row mean for traceability and is NOT a six-task mean
Magpie-Align_Llama-3.1-8B-Magpie-Align-SFT-v0.1,Magpie-Align/Llama-3.1-8B-Magpie-Align-SFT-v0.1,0.4782067137417607,0.4742232251345252,0.0898791540785498,0.2609060402684564,0.3386243386243386,0.2942985372340425,1,1,1,1,1,1,6,True,0.3226896681802789,,1,1,0,False,False,0.3226896681802789,True,six_task_mean_complete_only = mean of six tasks ONLY when n_tasks_valid == 6; partial_task_mean = mean over the available tasks ONLY when 1 <= n_tasks_valid <= 5; legacy_* keeps the original skipna row mean for traceability and is NOT a six-task mean
Magpie-Align_Llama-3.1-8B-Magpie-Align-v0.1,Magpie-Align/Llama-3.1-8B-Magpie-Align-v0.1,0.4457838535086903,0.4592952612393681,0.0,0.2634228187919463,0.3134920634920635,0.3262134308510638,1,1,1,1,1,1,6,True,0.30136790464718866,,1,1,0,False,False,0.30136790464718866,True,six_task_mean_complete_only = mean of six tasks ONLY when n_tasks_valid == 6; partial_task_mean = mean over the available tasks ONLY when 1 <= n_tasks_valid <= 5; legacy_* keeps the original skipna row mean for traceability and is NOT a six-task mean
Magpie-Align_MagpieLM-8B-Chat-v0.1,Magpie-Align/MagpieLM-8B-Chat-v0.1,0.3700714105240761,0.414684950529422,0.0611782477341389,0.261744966442953,0.3492063492063492,0.3194813829787234,1,1,1,1,1,1,6,True,0.2960612179026105,,1,1,0,False,False,0.2960612179026105,True,six_task_mean_complete_only = mean of six tasks ONLY when n_tasks_valid == 6; partial_task_mean = mean over the available tasks ONLY when 1 <= n_tasks_valid <= 5; legacy_* keeps the original skipna row mean for traceability and is NOT a six-task mean
Magpie-Align_MagpieLM-8B-SFT-v0.1,Magpie-Align/MagpieLM-8B-SFT-v0.1,0.4720619068515982,0.4530463461204652,0.0755287009063444,0.2676174496644295,0.3637566137566138,0.2989527925531915,1,1,1,1,1,1,6,True,0.3218273016421071,,1,1,0,False,False,0.3218273016421071,True,six_task_mean_complete_only = mean of six tasks ONLY when n_tasks_valid == 6; partial_task_mean = mean over the available tasks ONLY when 1 <= n_tasks_valid <= 5; legacy_* keeps the original skipna row mean for traceability and is NOT a six-task mean
ManoloPueblo_ContentCuisine_1-7B-slerp,ManoloPueblo/ContentCuisine_1-7B-slerp,0.3907044419916932,0.5150147543829197,0.073262839879154,0.3028523489932886,0.4669312169312169,0.3053523936170212,1,1,1,1,1,1,6,True,0.3423529992992156,,1,1,0,False,False,0.3423529992992156,True,six_task_mean_complete_only = mean of six tasks ONLY when n_tasks_valid == 6; partial_task_mean = mean over the available tasks ONLY when 1 <= n_tasks_valid <= 5; legacy_* keeps the original skipna row mean for traceability and is NOT a six-task mean
ManoloPueblo_LLM_MERGE_CC2,ManoloPueblo/LLM_MERGE_CC2,0.3853087585384557,0.5172713070647457,0.0641993957703927,0.3045302013422818,0.458994708994709,0.3031914893617021,1,1,1,1,1,1,6,True,0.33891597684538116,,1,1,0,False,False,0.33891597684538116,True,six_task_mean_complete_only = mean of six tasks ONLY when n_tasks_valid == 6; partial_task_mean = mean over the available tasks ONLY when 1 <= n_tasks_valid <= 5; legacy_* keeps the original skipna row mean for traceability and is NOT a six-task mean
ManoloPueblo_LLM_MERGE_CC3,ManoloPueblo/LLM_MERGE_CC3,0.3958751667797001,0.522131574379448,0.0793051359516616,0.3095637583892617,0.4669312169312169,0.3155751329787234,1,1,1,1,1,1,6,True,0.3482303309016686,,1,1,0,False,False,0.3482303309016686,True,six_task_mean_complete_only = mean of six tasks ONLY when n_tasks_valid == 6; partial_task_mean = mean over the available tasks ONLY when 1 <= n_tasks_valid <= 5; legacy_* keeps the original skipna row mean for traceability and is NOT a six-task mean
MarinaraSpaghetti_NemoReRemix-12B,MarinaraSpaghetti/NemoReRemix-12B,0.3342508987264901,0.5511195972921368,0.0906344410876132,0.3179530201342282,0.4497354497354497,0.3597905585106383,1,1,1,1,1,1,6,True,0.350580660914426,,1,1,0,False,False,0.350580660914426,True,six_task_mean_complete_only = mean of six tasks ONLY when n_tasks_valid == 6; partial_task_mean = mean over the available tasks ONLY when 1 <= n_tasks_valid <= 5; legacy_* keeps the original skipna row mean for traceability and is NOT a six-task mean
MarinaraSpaghetti_Nemomix-v4.0-12B,MarinaraSpaghetti/Nemomix-v4.0-12B,0.5574664113441224,0.5240409651102239,0.1080060422960725,0.2919463087248322,0.4232804232804232,0.3612865691489361,1,1,1,1,1,1,6,True,0.3776711199841017,,1,1,0,False,False,0.3776711199841017,True,six_task_mean_complete_only = mean of six tasks ONLY when n_tasks_valid == 6; partial_task_mean = mean over the available tasks ONLY when 1 <= n_tasks_valid <= 5; legacy_* keeps the original skipna row mean for traceability and is NOT a six-task mean
Marsouuu_MiniMathExpert-2_61B-ECE-PRYMMAL-Martial,Marsouuu/MiniMathExpert-2_61B-ECE-PRYMMAL-Martial,0.2548415980708963,0.391598680784586,0.0740181268882175,0.2751677852348993,0.4074074074074074,0.2273936170212765,1,1,1,1,1,1,6,True,0.2717378692345472,,1,1,0,False,False,0.2717378692345472,True,six_task_mean_complete_only = mean of six tasks ONLY when n_tasks_valid == 6; partial_task_mean = mean over the available tasks ONLY when 1 <= n_tasks_valid <= 5; legacy_* keeps the original skipna row mean for traceability and is NOT a six-task mean
Marsouuu_MiniQwenMathExpert-ECE-PRYMMAL-Martial,Marsouuu/MiniQwenMathExpert-ECE-PRYMMAL-Martial,0.2794961812435449,0.4188508939420239,0.11404833836858,0.2818791946308724,0.3862433862433862,0.2922207446808511,1,1,1,1,1,1,6,True,0.2954564565182098,,1,1,0,False,False,0.2954564565182098,True,six_task_mean_complete_only = mean of six tasks ONLY when n_tasks_valid == 6; partial_task_mean = mean over the available tasks ONLY when 1 <= n_tasks_valid <= 5; legacy_* keeps the original skipna row mean for traceability and is NOT a six-task mean
Marsouuu_MistralBase-4x7B-MoE-ECE-PRYMMAL-Martial,Marsouuu/MistralBase-4x7B-MoE-ECE-PRYMMAL-Martial,0.1697362996848362,0.3442110744662385,0.0030211480362537,0.259228187919463,0.3981481481481481,0.1378823138297872,1,1,1,1,1,1,6,True,0.2187045286807878,,1,1,0,False,False,0.2187045286807878,True,six_task_mean_complete_only = mean of six tasks ONLY when n_tasks_valid == 6; partial_task_mean = mean over the available tasks ONLY when 1 <= n_tasks_valid <= 5; legacy_* keeps the original skipna row mean for traceability and is NOT a six-task mean
Marsouuu_general3B-ECE-PRYMMAL-Martial,Marsouuu/general3B-ECE-PRYMMAL-Martial,0.2722265810272299,0.5377538621767054,0.154833836858006,0.3196308724832215,0.4695767195767196,0.3876329787234042,1,1,1,1,1,1,6,True,0.3569424751408811,,1,1,0,False,False,0.3569424751408811,True,six_task_mean_complete_only = mean of six tasks ONLY when n_tasks_valid == 6; partial_task_mean = mean over the available tasks ONLY when 1 <= n_tasks_valid <= 5; legacy_* keeps the original skipna row mean for traceability and is NOT a six-task mean
Marsouuu_general3Bv2-ECE-PRYMMAL-Martial,Marsouuu/general3Bv2-ECE-PRYMMAL-Martial,0.5692817280371636,0.5608401319215414,0.3670694864048338,0.3104026845637584,0.4391534391534391,0.4498005319148936,1,1,1,1,1,1,6,True,0.44942466699927164,,1,1,0,False,False,0.44942466699927164,True,six_task_mean_complete_only = mean of six tasks ONLY when n_tasks_valid == 6; partial_task_mean = mean over the available tasks ONLY when 1 <= n_tasks_valid <= 5; legacy_* keeps the original skipna row mean for traceability and is NOT a six-task mean
Marsouuu_lareneg1_78B-ECE-PRYMMAL-Martial,Marsouuu/lareneg1_78B-ECE-PRYMMAL-Martial,0.2794961812435449,0.4188508939420239,0.11404833836858,0.2818791946308724,0.3862433862433862,0.2922207446808511,1,1,1,1,1,1,6,True,0.2954564565182098,,1,1,0,False,False,0.2954564565182098,True,six_task_mean_complete_only = mean of six tasks ONLY when n_tasks_valid == 6; partial_task_mean = mean over the available tasks ONLY when 1 <= n_tasks_valid <= 5; legacy_* keeps the original skipna row mean for traceability and is NOT a six-task mean
Marsouuu_lareneg3B-ECE-PRYMMAL-Martial,Marsouuu/lareneg3B-ECE-PRYMMAL-Martial,0.33032908239028,0.5438291963200833,0.1518126888217522,0.3246644295302013,0.4722222222222222,0.3766622340425531,1,1,1,1,1,1,6,True,0.36658664222118204,,1,1,0,False,False,0.36658664222118204,True,six_task_mean_complete_only = mean of six tasks ONLY when n_tasks_valid == 6; partial_task_mean = mean over the available tasks ONLY when 1 <= n_tasks_valid <= 5; legacy_* keeps the original skipna row mean for traceability and is NOT a six-task mean
Marsouuu_lareneg3Bv2-ECE-PRYMMAL-Martial,Marsouuu/lareneg3Bv2-ECE-PRYMMAL-Martial,0.5753267995585047,0.5597986460683909,0.3655589123867069,0.3196308724832215,0.4365079365079365,0.4511303191489361,1,1,1,1,1,1,6,True,0.4513255810256162,,1,1,0,False,False,0.4513255810256162,True,six_task_mean_complete_only = mean of six tasks ONLY when n_tasks_valid == 6; partial_task_mean = mean over the available tasks ONLY when 1 <= n_tasks_valid <= 5; legacy_* keeps the original skipna row mean for traceability and is NOT a six-task mean
MaziyarPanahi_Calme-4x7B-MoE-v0.1,MaziyarPanahi/Calme-4x7B-MoE-v0.1,0.4315205875964663,0.5078979343863913,0.080060422960725,0.2818791946308724,0.4193121693121693,0.3056848404255319,1,1,1,1,1,1,6,True,0.33772585821869266,,1,1,0,False,False,0.33772585821869266,True,six_task_mean_complete_only = mean of six tasks ONLY when n_tasks_valid == 6; partial_task_mean = mean over the available tasks ONLY when 1 <= n_tasks_valid <= 5; legacy_* keeps the original skipna row mean for traceability and is NOT a six-task mean
MaziyarPanahi_Calme-4x7B-MoE-v0.2,MaziyarPanahi/Calme-4x7B-MoE-v0.2,0.429447200095746,0.5087658392640166,0.0740181268882175,0.2793624161073825,0.4312169312169312,0.3057679521276595,1,1,1,1,1,1,6,True,0.3380964109499922,,1,1,0,False,False,0.3380964109499922,True,six_task_mean_complete_only = mean of six tasks ONLY when n_tasks_valid == 6; partial_task_mean = mean over the available tasks ONLY when 1 <= n_tasks_valid <= 5; legacy_* keeps the original skipna row mean for traceability and is NOT a six-task mean
MaziyarPanahi_Llama-3-70B-Instruct-v0.1,MaziyarPanahi/Llama-3-70B-Instruct-v0.1,0.4714380067110821,0.5320256899843777,0.1495468277945619,0.2843959731543624,0.4417989417989418,0.4617686170212766,1,1,1,1,1,1,6,True,0.3901623427441004,,1,1,0,False,False,0.3901623427441004,True,six_task_mean_complete_only = mean of six tasks ONLY when n_tasks_valid == 6; partial_task_mean = mean over the available tasks ONLY when 1 <= n_tasks_valid <= 5; legacy_* keeps the original skipna row mean for traceability and is NOT a six-task mean
MaziyarPanahi_Llama-3-8B-Instruct-v0.10,MaziyarPanahi/Llama-3-8B-Instruct-v0.10,0.7667433520835827,0.4900190939073077,0.0490936555891238,0.3087248322147651,0.4206349206349206,0.386220079787234,1,1,1,1,1,1,6,True,0.4035726557028223,,1,1,0,False,False,0.4035726557028223,True,six_task_mean_complete_only = mean of six tasks ONLY when n_tasks_valid == 6; partial_task_mean = mean over the available tasks ONLY when 1 <= n_tasks_valid <= 5; legacy_* keeps the original skipna row mean for traceability and is NOT a six-task mean
MaziyarPanahi_Llama-3-8B-Instruct-v0.8,MaziyarPanahi/Llama-3-8B-Instruct-v0.8,0.7512311777195619,0.4945321992709599,0.0709969788519637,0.3053691275167785,0.4193121693121693,0.3851396276595745,1,1,1,1,1,1,6,True,0.4044302133885013,,1,1,0,False,False,0.4044302133885013,True,six_task_mean_complete_only = mean of six tasks ONLY when n_tasks_valid == 6; partial_task_mean = mean over the available tasks ONLY when 1 <= n_tasks_valid <= 5; legacy_* keeps the original skipna row mean for traceability and is NOT a six-task mean
MaziyarPanahi_Llama-3-8B-Instruct-v0.9,MaziyarPanahi/Llama-3-8B-Instruct-v0.9,0.763046494412603,0.4917549036625586,0.073262839879154,0.3078859060402684,0.414021164021164,0.3845578457446808,1,1,1,1,1,1,6,True,0.40575485896007146,,1,1,0,False,False,0.40575485896007146,True,six_task_mean_complete_only = mean of six tasks ONLY when n_tasks_valid == 6; partial_task_mean = mean over the available tasks ONLY when 1 <= n_tasks_valid <= 5; legacy_* keeps the original skipna row mean for traceability and is NOT a six-task mean
MaziyarPanahi_Qwen1.5-MoE-A2.7B-Wikihow,MaziyarPanahi/Qwen1.5-MoE-A2.7B-Wikihow,0.2954327850104389,0.3891685471272348,0.0823262839879154,0.2751677852348993,0.3492063492063492,0.238031914893617,1,1,1,1,1,1,6,True,0.27155561091007574,,1,1,0,False,False,0.27155561091007574,True,six_task_mean_complete_only = mean of six tasks ONLY when n_tasks_valid == 6; partial_task_mean = mean over the available tasks ONLY when 1 <= n_tasks_valid <= 5; legacy_* keeps the original skipna row mean for traceability and is NOT a six-task mean
MaziyarPanahi_Qwen2-7B-Instruct-v0.1,MaziyarPanahi/Qwen2-7B-Instruct-v0.1,0.3352249808286457,0.5084186773129665,0.2039274924471299,0.285234899328859,0.4431216931216931,0.3857214095744681,1,1,1,1,1,1,6,True,0.36027485876896037,,1,1,0,False,False,0.36027485876896037,True,six_task_mean_complete_only = mean of six tasks ONLY when n_tasks_valid == 6; partial_task_mean = mean over the available tasks ONLY when 1 <= n_tasks_valid <= 5; legacy_* keeps the original skipna row mean for traceability and is NOT a six-task mean
MaziyarPanahi_Qwen2-7B-Instruct-v0.8,MaziyarPanahi/Qwen2-7B-Instruct-v0.8,0.2774726614272352,0.4612046519701441,0.1767371601208459,0.2936241610738255,0.4285714285714285,0.3566323138297872,1,1,1,1,1,1,6,True,0.3323737294988778,,1,1,0,False,False,0.3323737294988778,True,six_task_mean_complete_only = mean of six tasks ONLY when n_tasks_valid == 6; partial_task_mean = mean over the available tasks ONLY when 1 <= n_tasks_valid <= 5; legacy_* keeps the original skipna row mean for traceability and is NOT a six-task mean
MaziyarPanahi_calme-2.1-llama3.1-70b,MaziyarPanahi/calme-2.1-llama3.1-70b,0.8434298771703524,0.6431175143204305,0.4101208459214501,0.3280201342281879,0.4365079365079365,0.5282579787234043,1,1,1,1,1,1,6,True,0.5315757144786271,,1,1,0,False,False,0.5315757144786271,True,six_task_mean_complete_only = mean of six tasks ONLY when n_tasks_valid == 6; partial_task_mean = mean over the available tasks ONLY when 1 <= n_tasks_valid <= 5; legacy_* keeps the original skipna row mean for traceability and is NOT a six-task mean
MaziyarPanahi_calme-2.1-phi3-4b,MaziyarPanahi/calme-2.1-phi3-4b,0.552520645221346,0.5565006075334143,0.0430513595166163,0.3296979865771812,0.4007936507936508,0.3745844414893617,1,1,1,1,1,1,6,True,0.3761914485219284,,1,1,0,False,False,0.3761914485219284,True,six_task_mean_complete_only = mean of six tasks ONLY when n_tasks_valid == 6; partial_task_mean = mean over the available tasks ONLY when 1 <= n_tasks_valid <= 5; legacy_* keeps the original skipna row mean for traceability and is NOT a six-task mean
MaziyarPanahi_calme-2.1-phi3.5-4b,MaziyarPanahi/calme-2.1-phi3.5-4b,0.5659095644002359,0.5467800729040098,0.1442598187311178,0.3439597315436241,0.3981481481481481,0.3935339095744681,1,1,1,1,1,1,6,True,0.39876520755026723,,1,1,0,False,False,0.39876520755026723,True,six_task_mean_complete_only = mean of six tasks ONLY when n_tasks_valid == 6; partial_task_mean = mean over the available tasks ONLY when 1 <= n_tasks_valid <= 5; legacy_* keeps the original skipna row mean for traceability and is NOT a six-task mean
MaziyarPanahi_calme-2.1-qwen2-72b,MaziyarPanahi/calme-2.1-qwen2-72b,0.8162774770941104,0.6955389689290054,0.3602719033232628,0.3808724832214765,0.4722222222222222,0.5414727393617021,1,1,1,1,1,1,6,True,0.54444263235863,,1,1,0,False,False,0.54444263235863,True,six_task_mean_complete_only = mean of six tasks ONLY when n_tasks_valid == 6; partial_task_mean = mean over the available tasks ONLY when 1 <= n_tasks_valid <= 5; legacy_* keeps the original skipna row mean for traceability and is NOT a six-task mean
MaziyarPanahi_calme-2.1-qwen2-7b,MaziyarPanahi/calme-2.1-qwen2-7b,0.3816119008674761,0.5006075334143378,0.2311178247734139,0.2894295302013422,0.4431216931216931,0.3692652925531915,1,1,1,1,1,1,6,True,0.3691922958219091,,1,1,0,False,False,0.3691922958219091,True,six_task_mean_complete_only = mean of six tasks ONLY when n_tasks_valid == 6; partial_task_mean = mean over the available tasks ONLY when 1 <= n_tasks_valid <= 5; legacy_* keeps the original skipna row mean for traceability and is NOT a six-task mean
MaziyarPanahi_calme-2.1-qwen2.5-72b,MaziyarPanahi/calme-2.1-qwen2.5-72b,0.8662360315075112,0.7245269918416941,0.0226586102719033,0.3632550335570469,0.4285714285714285,0.5619182180851063,1,1,1,1,1,1,6,True,0.49452771897244835,,1,1,0,False,False,0.49452771897244835,True,six_task_mean_complete_only = mean of six tasks ONLY when n_tasks_valid == 6; partial_task_mean = mean over the available tasks ONLY when 1 <= n_tasks_valid <= 5; legacy_* keeps the original skipna row mean for traceability and is NOT a six-task mean
MaziyarPanahi_calme-2.1-rys-78b,MaziyarPanahi/calme-2.1-rys-78b,0.8135547015252862,0.7085575420933866,0.3942598187311178,0.3942953020134228,0.4682539682539682,0.5443816489361702,1,1,1,1,1,1,6,True,0.553883830258892,,1,1,0,False,False,0.553883830258892,True,six_task_mean_complete_only = mean of six tasks ONLY when n_tasks_valid == 6; partial_task_mean = mean over the available tasks ONLY when 1 <= n_tasks_valid <= 5; legacy_* keeps the original skipna row mean for traceability and is NOT a six-task mean
MaziyarPanahi_calme-2.2-llama3-70b,MaziyarPanahi/calme-2.2-llama3-70b,0.8208486814984242,0.639819475785454,0.229607250755287,0.3414429530201342,0.4431216931216931,0.5206948138297872,1,1,1,1,1,1,6,True,0.49925581133513,,1,1,0,False,False,0.49925581133513,True,six_task_mean_complete_only = mean of six tasks ONLY when n_tasks_valid == 6; partial_task_mean = mean over the available tasks ONLY when 1 <= n_tasks_valid <= 5; legacy_* keeps the original skipna row mean for traceability and is NOT a six-task mean
MaziyarPanahi_calme-2.2-llama3.1-70b,MaziyarPanahi/calme-2.2-llama3.1-70b,0.8592667455684251,0.6780072904009721,0.4365558912386706,0.3246644295302013,0.4523809523809524,0.5414727393617021,1,1,1,1,1,1,6,True,0.5487246747468207,,1,1,0,False,False,0.5487246747468207,True,six_task_mean_complete_only = mean of six tasks ONLY when n_tasks_valid == 6; partial_task_mean = mean over the available tasks ONLY when 1 <= n_tasks_valid <= 5; legacy_* keeps the original skipna row mean for traceability and is NOT a six-task mean
MaziyarPanahi_calme-2.2-phi3-4b,MaziyarPanahi/calme-2.2-phi3-4b,0.5069083365470286,0.5505988543655616,0.0234138972809667,0.3213087248322148,0.3968253968253968,0.3813996010638298,1,1,1,1,1,1,6,True,0.36340913515249973,,1,1,0,False,False,0.36340913515249973,True,six_task_mean_complete_only = mean of six tasks ONLY when n_tasks_valid == 6; partial_task_mean = mean over the available tasks ONLY when 1 <= n_tasks_valid <= 5; legacy_* keeps the original skipna row mean for traceability and is NOT a six-task mean
MaziyarPanahi_calme-2.2-qwen2-72b,MaziyarPanahi/calme-2.2-qwen2-72b,0.8008151704145002,0.6931088352716542,0.4531722054380664,0.3741610738255033,0.4497354497354497,0.543467420212766,1,1,1,1,1,1,6,True,0.5524100258163234,,1,1,0,False,False,0.5524100258163234,True,six_task_mean_complete_only = mean of six tasks ONLY when n_tasks_valid == 6; partial_task_mean = mean over the available tasks ONLY when 1 <= n_tasks_valid <= 5; legacy_* keeps the original skipna row mean for traceability and is NOT a six-task mean
MaziyarPanahi_calme-2.2-qwen2-7b,MaziyarPanahi/calme-2.2-qwen2-7b,0.3597299609480622,0.5183127929178962,0.2145015105740181,0.2911073825503356,0.4351851851851852,0.3898769946808511,1,1,1,1,1,1,6,True,0.3681189711427247,,1,1,0,False,False,0.3681189711427247,True,six_task_mean_complete_only = mean of six tasks ONLY when n_tasks_valid == 6; partial_task_mean = mean over the available tasks ONLY when 1 <= n_tasks_valid <= 5; legacy_* keeps the original skipna row mean for traceability and is NOT a six-task mean
MaziyarPanahi_calme-2.2-qwen2.5-72b,MaziyarPanahi/calme-2.2-qwen2.5-72b,0.8476763875406145,0.7260892206214199,0.5891238670694864,0.3590604026845637,0.4193121693121693,0.561751994680851,1,1,1,1,1,1,6,True,0.5838356736515175,,1,1,0,False,False,0.5838356736515175,True,six_task_mean_complete_only = mean of six tasks ONLY when n_tasks_valid == 6; partial_task_mean = mean over the available tasks ONLY when 1 <= n_tasks_valid <= 5; legacy_* keeps the original skipna row mean for traceability and is NOT a six-task mean
MaziyarPanahi_calme-2.2-rys-78b,MaziyarPanahi/calme-2.2-rys-78b,0.7986420475449585,0.707168894289186,0.4070996978851964,0.4068791946308724,0.4523809523809524,0.538563829787234,1,1,1,1,1,1,6,True,0.5517891027530666,,1,1,0,False,False,0.5517891027530666,True,six_task_mean_complete_only = mean of six tasks ONLY when n_tasks_valid == 6; partial_task_mean = mean over the available tasks ONLY when 1 <= n_tasks_valid <= 5; legacy_* keeps the original skipna row mean for traceability and is NOT a six-task mean
MaziyarPanahi_calme-2.3-llama3-70b,MaziyarPanahi/calme-2.3-llama3-70b,0.8010401290797307,0.6366950182260024,0.2326283987915408,0.3380872483221476,0.4246031746031746,0.5204454787234043,1,1,1,1,1,1,6,True,0.4922499079576667,,1,1,0,False,False,0.4922499079576667,True,six_task_mean_complete_only = mean of six tasks ONLY when n_tasks_valid == 6; partial_task_mean = mean over the available tasks ONLY when 1 <= n_tasks_valid <= 5; legacy_* keeps the original skipna row mean for traceability and is NOT a six-task mean
MaziyarPanahi_calme-2.3-llama3.1-70b,MaziyarPanahi/calme-2.3-llama3.1-70b,0.8604657863358112,0.6861655962506509,0.3927492447129909,0.3439597315436241,0.455026455026455,0.5363198138297872,1,1,1,1,1,1,6,True,0.5457811046165533,,1,1,0,False,False,0.5457811046165533,True,six_task_mean_complete_only = mean of six tasks ONLY when n_tasks_valid == 6; partial_task_mean = mean over the available tasks ONLY when 1 <= n_tasks_valid <= 5; legacy_* keeps the original skipna row mean for traceability and is NOT a six-task mean
MaziyarPanahi_calme-2.3-phi3-4b,MaziyarPanahi/calme-2.3-phi3-4b,0.4926450706348045,0.5507724353410867,0.1472809667673716,0.3179530201342282,0.3981481481481481,0.3828125,1,1,1,1,1,1,6,True,0.3816020235042732,,1,1,0,False,False,0.3816020235042732,True,six_task_mean_complete_only = mean of six tasks ONLY when n_tasks_valid == 6; partial_task_mean = mean over the available tasks ONLY when 1 <= n_tasks_valid <= 5; legacy_* keeps the original skipna row mean for traceability and is NOT a six-task mean
MaziyarPanahi_calme-2.3-qwen2-72b,MaziyarPanahi/calme-2.3-qwen2-72b,0.3849840645044039,0.656830411386912,0.1472809667673716,0.3716442953020134,0.41005291005291,0.5418882978723404,1,1,1,1,1,1,6,True,0.4187801576476586,,1,1,0,False,False,0.4187801576476586,True,six_task_mean_complete_only = mean of six tasks ONLY when n_tasks_valid == 6; partial_task_mean = mean over the available tasks ONLY when 1 <= n_tasks_valid <= 5; legacy_* keeps the original skipna row mean for traceability and is NOT a six-task mean
MaziyarPanahi_calme-2.3-qwen2-7b,MaziyarPanahi/calme-2.3-qwen2-7b,0.3824862476008103,0.5037319909737893,0.2069486404833836,0.296979865771812,0.4417989417989418,0.3611203457446808,1,1,1,1,1,1,6,True,0.3655110053955697,,1,1,0,False,False,0.3655110053955697,True,six_task_mean_complete_only = mean of six tasks ONLY when n_tasks_valid == 6; partial_task_mean = mean over the available tasks ONLY when 1 <= n_tasks_valid <= 5; legacy_* keeps the original skipna row mean for traceability and is NOT a six-task mean
MaziyarPanahi_calme-2.3-rys-78b,MaziyarPanahi/calme-2.3-rys-78b,0.8065854155862002,0.7097726089220622,0.398036253776435,0.4043624161073825,0.4537037037037037,0.5475398936170213,1,1,1,1,1,1,6,True,0.5533333819521341,,1,1,0,False,False,0.5533333819521341,True,six_task_mean_complete_only = mean of six tasks ONLY when n_tasks_valid == 6; partial_task_mean = mean over the available tasks ONLY when 1 <= n_tasks_valid <= 5; legacy_* keeps the original skipna row mean for traceability and is NOT a six-task mean
MaziyarPanahi_calme-2.4-llama3-70b,MaziyarPanahi/calme-2.4-llama3-70b,0.5027371817887649,0.6389515709078285,0.2265861027190332,0.3397651006711409,0.4272486772486772,0.5203623670212766,1,1,1,1,1,1,6,True,0.4426085000594535,,1,1,0,False,False,0.4426085000594535,True,six_task_mean_complete_only = mean of six tasks ONLY when n_tasks_valid == 6; partial_task_mean = mean over the available tasks ONLY when 1 <= n_tasks_valid <= 5; legacy_* keeps the original skipna row mean for traceability and is NOT a six-task mean
MaziyarPanahi_calme-2.4-qwen2-7b,MaziyarPanahi/calme-2.4-qwen2-7b,0.3299545206718174,0.5068564485332407,0.2031722054380664,0.2835570469798658,0.4444444444444444,0.3976894946808511,1,1,1,1,1,1,6,True,0.36094569345804767,,1,1,0,False,False,0.36094569345804767,True,six_task_mean_complete_only = mean of six tasks ONLY when n_tasks_valid == 6; partial_task_mean = mean over the available tasks ONLY when 1 <= n_tasks_valid <= 5; legacy_* keeps the original skipna row mean for traceability and is NOT a six-task mean
MaziyarPanahi_calme-2.4-rys-78b,MaziyarPanahi/calme-2.4-rys-78b,0.8010899967641414,0.7259156396458948,0.4070996978851964,0.4026845637583892,0.5753968253968254,0.7002160904255319,1,1,1,1,1,1,6,True,0.6020671356459966,,1,1,0,False,False,0.6020671356459966,True,six_task_mean_complete_only = mean of six tasks ONLY when n_tasks_valid == 6; partial_task_mean = mean over the available tasks ONLY when 1 <= n_tasks_valid <= 5; legacy_* keeps the original skipna row mean for traceability and is NOT a six-task mean
MaziyarPanahi_calme-2.5-qwen2-7b,MaziyarPanahi/calme-2.5-qwen2-7b,0.3144922139922073,0.4865474743968061,0.2258308157099698,0.3104026845637584,0.4563492063492063,0.3681848404255319,1,1,1,1,1,1,6,True,0.36030120590624665,,1,1,0,False,False,0.36030120590624665,True,six_task_mean_complete_only = mean of six tasks ONLY when n_tasks_valid == 6; partial_task_mean = mean over the available tasks ONLY when 1 <= n_tasks_valid <= 5; legacy_* keeps the original skipna row mean for traceability and is NOT a six-task mean
MaziyarPanahi_calme-2.6-qwen2-7b,MaziyarPanahi/calme-2.6-qwen2-7b,0.3442676542684522,0.4893247700052074,0.1216012084592145,0.2843959731543625,0.4576719576719577,0.3731715425531915,1,1,1,1,1,1,6,True,0.3450721843520643,,1,1,0,False,False,0.3450721843520643,True,six_task_mean_complete_only = mean of six tasks ONLY when n_tasks_valid == 6; partial_task_mean = mean over the available tasks ONLY when 1 <= n_tasks_valid <= 5; legacy_* keeps the original skipna row mean for traceability and is NOT a six-task mean
MaziyarPanahi_calme-2.7-qwen2-7b,MaziyarPanahi/calme-2.7-qwen2-7b,0.3592301759331906,0.4851588265926054,0.120845921450151,0.2911073825503356,0.4814814814814814,0.3705119680851064,1,1,1,1,1,1,6,True,0.3513892926821451,,1,1,0,False,False,0.3513892926821451,True,six_task_mean_complete_only = mean of six tasks ONLY when n_tasks_valid == 6; partial_task_mean = mean over the available tasks ONLY when 1 <= n_tasks_valid <= 5; legacy_* keeps the original skipna row mean for traceability and is NOT a six-task mean
MaziyarPanahi_calme-3.1-baguette-3b,MaziyarPanahi/calme-3.1-baguette-3b,0.6234369251364158,0.465370595382746,0.2560422960725075,0.2860738255033557,0.3994708994708995,0.3399268617021276,1,1,1,1,1,1,6,True,0.395053567211342,,1,1,0,False,False,0.395053567211342,True,six_task_mean_complete_only = mean of six tasks ONLY when n_tasks_valid == 6; partial_task_mean = mean over the available tasks ONLY when 1 <= n_tasks_valid <= 5; legacy_* keeps the original skipna row mean for traceability and is NOT a six-task mean
MaziyarPanahi_calme-3.1-instruct-3b,MaziyarPanahi/calme-3.1-instruct-3b,0.4335939750971865,0.4782155875716021,0.1774924471299093,0.2860738255033557,0.3941798941798942,0.355718085106383,1,1,1,1,1,1,6,True,0.3542123024313884,,1,1,0,False,False,0.3542123024313884,True,six_task_mean_complete_only = mean of six tasks ONLY when n_tasks_valid == 6; partial_task_mean = mean over the available tasks ONLY when 1 <= n_tasks_valid <= 5; legacy_* keeps the original skipna row mean for traceability and is NOT a six-task mean
MaziyarPanahi_calme-3.1-instruct-78b,MaziyarPanahi/calme-3.1-instruct-78b,0.8135547015252862,0.728345773303246,0.3927492447129909,0.3959731543624161,0.5873015873015873,0.718500664893617,1,1,1,1,1,1,6,True,0.6060708543498573,,1,1,0,False,False,0.6060708543498573,True,six_task_mean_complete_only = mean of six tasks ONLY when n_tasks_valid == 6; partial_task_mean = mean over the available tasks ONLY when 1 <= n_tasks_valid <= 5; legacy_* keeps the original skipna row mean for traceability and is NOT a six-task mean
MaziyarPanahi_calme-3.1-llamaloi-3b,MaziyarPanahi/calme-3.1-llamaloi-3b,0.7375175645066203,0.4566915466064919,0.1676737160120845,0.2810402684563758,0.3505291005291005,0.3204787234042553,1,1,1,1,1,1,6,True,0.38565515325248806,,1,1,0,False,False,0.38565515325248806,True,six_task_mean_complete_only = mean of six tasks ONLY when n_tasks_valid == 6; partial_task_mean = mean over the available tasks ONLY when 1 <= n_tasks_valid <= 5; legacy_* keeps the original skipna row mean for traceability and is NOT a six-task mean
MaziyarPanahi_calme-3.2-baguette-3b,MaziyarPanahi/calme-3.2-baguette-3b,0.6338282423968404,0.4681478909911474,0.2824773413897281,0.2944630872483221,0.4007936507936508,0.3337765957446808,1,1,1,1,1,1,6,True,0.40224780142739497,,1,1,0,False,False,0.40224780142739497,True,six_task_mean_complete_only = mean of six tasks ONLY when n_tasks_valid == 6; partial_task_mean = mean over the available tasks ONLY when 1 <= n_tasks_valid <= 5; legacy_* keeps the original skipna row mean for traceability and is NOT a six-task mean
MaziyarPanahi_calme-3.2-instruct-3b,MaziyarPanahi/calme-3.2-instruct-3b,0.5533196363426819,0.4830758548863044,0.2167673716012084,0.2835570469798658,0.4034391534391534,0.3652759308510638,1,1,1,1,1,1,6,True,0.3842391656833796,,1,1,0,False,False,0.3842391656833796,True,six_task_mean_complete_only = mean of six tasks ONLY when n_tasks_valid == 6; partial_task_mean = mean over the available tasks ONLY when 1 <= n_tasks_valid <= 5; legacy_* keeps the original skipna row mean for traceability and is NOT a six-task mean
MaziyarPanahi_calme-3.2-instruct-78b,MaziyarPanahi/calme-3.2-instruct-78b,0.8062607215521482,0.7297344211074466,0.4033232628398791,0.4026845637583892,0.6005291005291006,0.7303025265957447,1,1,1,1,1,1,6,True,0.6121390993971181,,1,1,0,False,False,0.6121390993971181,True,six_task_mean_complete_only = mean of six tasks ONLY when n_tasks_valid == 6; partial_task_mean = mean over the available tasks ONLY when 1 <= n_tasks_valid <= 5; legacy_* keeps the original skipna row mean for traceability and is NOT a six-task mean
MaziyarPanahi_calme-3.3-baguette-3b,MaziyarPanahi/calme-3.3-baguette-3b,0.6359514975819713,0.4639819475785454,0.3806646525679758,0.2802013422818792,0.3915343915343915,0.3341921542553192,1,1,1,1,1,1,6,True,0.41442099763334705,,1,1,0,False,False,0.41442099763334705,True,six_task_mean_complete_only = mean of six tasks ONLY when n_tasks_valid == 6; partial_task_mean = mean over the available tasks ONLY when 1 <= n_tasks_valid <= 5; legacy_* keeps the original skipna row mean for traceability and is NOT a six-task mean
MaziyarPanahi_calme-3.3-instruct-3b,MaziyarPanahi/calme-3.3-instruct-3b,0.6423212631373645,0.4658913383093213,0.3738670694864048,0.2827181208053691,0.4060846560846561,0.3305352393617021,1,1,1,1,1,1,6,True,0.41690294786413634,,1,1,0,False,False,0.41690294786413634,True,six_task_mean_complete_only = mean of six tasks ONLY when n_tasks_valid == 6; partial_task_mean = mean over the available tasks ONLY when 1 <= n_tasks_valid <= 5; legacy_* keeps the original skipna row mean for traceability and is NOT a six-task mean
Minami-su_Amara-o1-7B-Qwen,Minami-su/Amara-o1-7B-Qwen,0.7389914316236474,0.5167505641381704,0.5181268882175226,0.2936241610738255,0.3994708994708995,0.4083277925531915,1,1,1,1,1,1,6,True,0.47921528951287623,,1,1,0,False,False,0.47921528951287623,True,six_task_mean_complete_only = mean of six tasks ONLY when n_tasks_valid == 6; partial_task_mean = mean over the available tasks ONLY when 1 <= n_tasks_valid <= 5; legacy_* keeps the original skipna row mean for traceability and is NOT a six-task mean
Minami-su_Amara-o2-7B-Qwen,Minami-su/Amara-o2-7B-Qwen,0.7146615424850509,0.5134525256031939,0.4086102719033233,0.2634228187919463,0.376984126984127,0.4164727393617021,1,1,1,1,1,1,6,True,0.44893400418822393,,1,1,0,False,False,0.44893400418822393,True,six_task_mean_complete_only = mean of six tasks ONLY when n_tasks_valid == 6; partial_task_mean = mean over the available tasks ONLY when 1 <= n_tasks_valid <= 5; legacy_* keeps the original skipna row mean for traceability and is NOT a six-task mean
Minami-su_test-7B-00,Minami-su/test-7B-00,0.6690492338107332,0.4426314875889602,0.4516616314199396,0.3028523489932886,0.4113756613756614,0.3587932180851064,1,1,1,1,1,1,6,True,0.43939393021228157,,1,1,0,False,False,0.43939393021228157,True,six_task_mean_complete_only = mean of six tasks ONLY when n_tasks_valid == 6; partial_task_mean = mean over the available tasks ONLY when 1 <= n_tasks_valid <= 5; legacy_* keeps the original skipna row mean for traceability and is NOT a six-task mean
Minami-su_test-7B-01,Minami-su/test-7B-01,0.6736204382150472,0.437944801249783,0.4554380664652568,0.3070469798657718,0.414021164021164,0.3535571808510638,1,1,1,1,1,1,6,True,0.44027143844468114,,1,1,0,False,False,0.44027143844468114,True,six_task_mean_complete_only = mean of six tasks ONLY when n_tasks_valid == 6; partial_task_mean = mean over the available tasks ONLY when 1 <= n_tasks_valid <= 5; legacy_* keeps the original skipna row mean for traceability and is NOT a six-task mean
Minami-su_test-v2-7B-00,Minami-su/test-v2-7B-00,0.6747197436136119,0.4381183822253081,0.4418429003021148,0.2919463087248322,0.414021164021164,0.3472406914893617,1,1,1,1,1,1,6,True,0.43464819839606544,,1,1,0,False,False,0.43464819839606544,True,six_task_mean_complete_only = mean of six tasks ONLY when n_tasks_valid == 6; partial_task_mean = mean over the available tasks ONLY when 1 <= n_tasks_valid <= 5; legacy_* keeps the original skipna row mean for traceability and is NOT a six-task mean
ModelCloud_Llama-3.2-1B-Instruct-gptqmodel-4bit-vortex-v1,ModelCloud/Llama-3.2-1B-Instruct-gptqmodel-4bit-vortex-v1,0.5268919799465418,0.3218191286235028,0.0438066465256797,0.2533557046979866,0.324074074074074,0.1764461436170212,1,1,1,1,1,1,6,True,0.2743989462474677,,1,1,0,False,False,0.2743989462474677,True,six_task_mean_complete_only = mean of six tasks ONLY when n_tasks_valid == 6; partial_task_mean = mean over the available tasks ONLY when 1 <= n_tasks_valid <= 5; legacy_* keeps the original skipna row mean for traceability and is NOT a six-task mean
ModelSpace_GemmaX2-28-9B-v0.1,ModelSpace/GemmaX2-28-9B-v0.1,0.0039218163362101,0.3659086964068738,0.0271903323262839,0.2768456375838926,0.3531746031746032,0.2230718085106383,1,1,1,1,1,1,6,True,0.20835214905641697,,1,1,0,False,False,0.20835214905641697,True,six_task_mean_complete_only = mean of six tasks ONLY when n_tasks_valid == 6; partial_task_mean = mean over the available tasks ONLY when 1 <= n_tasks_valid <= 5; legacy_* keeps the original skipna row mean for traceability and is NOT a six-task mean
NAPS-ai_naps-gemma-2-27b-v0.1.0,NAPS-ai/naps-gemma-2-27b-v0.1.0,0.0,0.2876236764450616,0.0,0.2600671140939597,0.3571428571428571,0.1167719414893617,1,1,1,1,1,1,6,True,0.17026759819520668,,1,1,0,False,False,0.17026759819520668,True,six_task_mean_complete_only = mean of six tasks ONLY when n_tasks_valid == 6; partial_task_mean = mean over the available tasks ONLY when 1 <= n_tasks_valid <= 5; legacy_* keeps the original skipna row mean for traceability and is NOT a six-task mean
NAPS-ai_naps-llama-3_1-instruct-v0.5.0,NAPS-ai/naps-llama-3_1-instruct-v0.5.0,0.5020124381086628,0.4131227217496962,0.0256797583081571,0.2684563758389262,0.3703703703703703,0.2613863031914893,1,1,1,1,1,1,6,True,0.3068379945945503,,1,1,0,False,False,0.3068379945945503,True,six_task_mean_complete_only = mean of six tasks ONLY when n_tasks_valid == 6; partial_task_mean = mean over the available tasks ONLY when 1 <= n_tasks_valid <= 5; legacy_* keeps the original skipna row mean for traceability and is NOT a six-task mean
NCSOFT_Llama-VARCO-8B-Instruct,NCSOFT/Llama-VARCO-8B-Instruct,0.4470327619604871,0.4999132095122374,0.0996978851963746,0.296979865771812,0.3835978835978836,0.3189827127659574,1,1,1,1,1,1,6,True,0.3410340531341254,,1,1,0,False,False,0.3410340531341254,True,six_task_mean_complete_only = mean of six tasks ONLY when n_tasks_valid == 6; partial_task_mean = mean over the available tasks ONLY when 1 <= n_tasks_valid <= 5; legacy_* keeps the original skipna row mean for traceability and is NOT a six-task mean
Naveenpoliasetty_llama3-8B-V2,Naveenpoliasetty/llama3-8B-V2,0.4122616878770551,0.5172713070647457,0.0709969788519637,0.2902684563758389,0.4074074074074074,0.3737533244680851,1,1,1,1,1,1,6,True,0.34532652700751604,,1,1,0,False,False,0.34532652700751604,True,six_task_mean_complete_only = mean of six tasks ONLY when n_tasks_valid == 6; partial_task_mean = mean over the available tasks ONLY when 1 <= n_tasks_valid <= 5; legacy_* keeps the original skipna row mean for traceability and is NOT a six-task mean
NbAiLab_nb-llama-3.1-8B-Instruct,NbAiLab/nb-llama-3.1-8B-Instruct,0.362502604201297,0.3223398715500781,0.0173716012084592,0.273489932885906,0.3201058201058201,0.1196808510638298,1,1,1,1,1,1,6,True,0.23591511350256508,,1,1,0,False,False,0.23591511350256508,True,six_task_mean_complete_only = mean of six tasks ONLY when n_tasks_valid == 6; partial_task_mean = mean over the available tasks ONLY when 1 <= n_tasks_valid <= 5; legacy_* keeps the original skipna row mean for traceability and is NOT a six-task mean
Nekochu_Llama-3.1-8B-German-ORPO,Nekochu/Llama-3.1-8B-German-ORPO,0.4610710692074806,0.4966151709772609,0.0,0.3162751677852349,0.4642857142857143,0.339345079787234,1,1,1,1,1,1,6,True,0.3462653670071541,,1,1,0,False,False,0.3462653670071541,True,six_task_mean_complete_only = mean of six tasks ONLY when n_tasks_valid == 6; partial_task_mean = mean over the available tasks ONLY when 1 <= n_tasks_valid <= 5; legacy_* keeps the original skipna row mean for traceability and is NOT a six-task mean
Nexesenex_Llama_3.1_8b_DeepDive_3_R1_Prev_v1.0,Nexesenex/Llama_3.1_8b_DeepDive_3_R1_Prev_v1.0,0.7100903380807368,0.5108488109703176,0.1925981873111782,0.3003355704697986,0.3756613756613756,0.3440824468085106,1,1,1,1,1,1,6,True,0.4056027882169862,,1,1,0,False,False,0.4056027882169862,True,six_task_mean_complete_only = mean of six tasks ONLY when n_tasks_valid == 6; partial_task_mean = mean over the available tasks ONLY when 1 <= n_tasks_valid <= 5; legacy_* keeps the original skipna row mean for traceability and is NOT a six-task mean
Nexesenex_Llama_3.1_8b_DobHerWild_R1_v1.1R,Nexesenex/Llama_3.1_8b_DobHerWild_R1_v1.1R,0.759999024809727,0.5240409651102239,0.2318731117824773,0.299496644295302,0.3849206349206349,0.3688497340425531,1,1,1,1,1,1,6,True,0.42819668582681963,,1,1,0,False,False,0.42819668582681963,True,six_task_mean_complete_only = mean of six tasks ONLY when n_tasks_valid == 6; partial_task_mean = mean over the available tasks ONLY when 1 <= n_tasks_valid <= 5; legacy_* keeps the original skipna row mean for traceability and is NOT a six-task mean
Nexesenex_Llama_3.1_8b_DoberWild_v2.02,Nexesenex/Llama_3.1_8b_DoberWild_v2.02,0.7746368524404137,0.5297691373025516,0.1993957703927492,0.2944630872483221,0.3941798941798942,0.3764128989361702,1,1,1,1,1,1,6,True,0.42814294008335013,,1,1,0,False,False,0.42814294008335013,True,six_task_mean_complete_only = mean of six tasks ONLY when n_tasks_valid == 6; partial_task_mean = mean over the available tasks ONLY when 1 <= n_tasks_valid <= 5; legacy_* keeps the original skipna row mean for traceability and is NOT a six-task mean
Nexesenex_Llama_3.1_8b_DodoWild_v2.01,Nexesenex/Llama_3.1_8b_DodoWild_v2.01,0.7977677008116243,0.524214546085749,0.1986404833836858,0.3036912751677852,0.4087301587301587,0.3738364361702128,1,1,1,1,1,1,6,True,0.43448010005820265,,1,1,0,False,False,0.43448010005820265,True,six_task_mean_complete_only = mean of six tasks ONLY when n_tasks_valid == 6; partial_task_mean = mean over the available tasks ONLY when 1 <= n_tasks_valid <= 5; legacy_* keeps the original skipna row mean for traceability and is NOT a six-task mean
Nexesenex_Llama_3.1_8b_DodoWild_v2.02,Nexesenex/Llama_3.1_8b_DodoWild_v2.02,0.8016895171478344,0.5249088699878494,0.2273413897280966,0.3045302013422818,0.3968253968253968,0.3760804521276595,1,1,1,1,1,1,6,True,0.43856263785985306,,1,1,0,False,False,0.43856263785985306,True,six_task_mean_complete_only = mean of six tasks ONLY when n_tasks_valid == 6; partial_task_mean = mean over the available tasks ONLY when 1 <= n_tasks_valid <= 5; legacy_* keeps the original skipna row mean for traceability and is NOT a six-task mean
Nexesenex_Llama_3.1_8b_DodoWild_v2.03,Nexesenex/Llama_3.1_8b_DodoWild_v2.03,0.7941207108250552,0.5292483943759764,0.2220543806646525,0.3078859060402684,0.3955026455026455,0.3785738031914893,1,1,1,1,1,1,6,True,0.4378976401000145,,1,1,0,False,False,0.4378976401000145,True,six_task_mean_complete_only = mean of six tasks ONLY when n_tasks_valid == 6; partial_task_mean = mean over the available tasks ONLY when 1 <= n_tasks_valid <= 5; legacy_* keeps the original skipna row mean for traceability and is NOT a six-task mean
Nexesenex_Llama_3.1_8b_Dolermed_R1_V1.01,Nexesenex/Llama_3.1_8b_Dolermed_R1_V1.01,0.7533544329046928,0.530637042180177,0.2016616314199395,0.3053691275167785,0.3743386243386243,0.3732546542553192,1,1,1,1,1,1,6,True,0.4231025854359219,,1,1,0,False,False,0.4231025854359219,True,six_task_mean_complete_only = mean of six tasks ONLY when n_tasks_valid == 6; partial_task_mean = mean over the available tasks ONLY when 1 <= n_tasks_valid <= 5; legacy_* keeps the original skipna row mean for traceability and is NOT a six-task mean
Nexesenex_Llama_3.1_8b_Dolermed_V1.01,Nexesenex/Llama_3.1_8b_Dolermed_V1.01,0.508657030013697,0.5174448880402708,0.134441087613293,0.2944630872483221,0.3941798941798942,0.3570478723404255,1,1,1,1,1,1,6,True,0.36770564323931704,,1,1,0,False,False,0.36770564323931704,True,six_task_mean_complete_only = mean of six tasks ONLY when n_tasks_valid == 6; partial_task_mean = mean over the available tasks ONLY when 1 <= n_tasks_valid <= 5; legacy_* keeps the original skipna row mean for traceability and is NOT a six-task mean
Nexesenex_Llama_3.1_8b_Dolerstormed_V1.04,Nexesenex/Llama_3.1_8b_Dolerstormed_V1.04,0.7889001183526376,0.5183127929178962,0.1925981873111782,0.3221476510067114,0.4021164021164021,0.3888796542553192,1,1,1,1,1,1,6,True,0.4354924676600241,,1,1,0,False,False,0.4354924676600241,True,six_task_mean_complete_only = mean of six tasks ONLY when n_tasks_valid == 6; partial_task_mean = mean over the available tasks ONLY when 1 <= n_tasks_valid <= 5; legacy_* keeps the original skipna row mean for traceability and is NOT a six-task mean
Nexesenex_Llama_3.1_8b_Hermedive_R1_V1.01,Nexesenex/Llama_3.1_8b_Hermedive_R1_V1.01,0.5001141415887622,0.5153619163339698,0.1774924471299093,0.2827181208053691,0.4007936507936508,0.3426695478723404,1,1,1,1,1,1,6,True,0.36985830408733356,,1,1,0,False,False,0.36985830408733356,True,six_task_mean_complete_only = mean of six tasks ONLY when n_tasks_valid == 6; partial_task_mean = mean over the available tasks ONLY when 1 <= n_tasks_valid <= 5; legacy_* keeps the original skipna row mean for traceability and is NOT a six-task mean
Nexesenex_Llama_3.1_8b_Mediver_V1.01,Nexesenex/Llama_3.1_8b_Mediver_V1.01,0.1884710346325527,0.4381183822253081,0.0015105740181268,0.2776845637583892,0.3888888888888889,0.2993683510638298,1,1,1,1,1,1,6,True,0.2656736324311826,,1,1,0,False,False,0.2656736324311826,True,six_task_mean_complete_only = mean of six tasks ONLY when n_tasks_valid == 6; partial_task_mean = mean over the available tasks ONLY when 1 <= n_tasks_valid <= 5; legacy_* keeps the original skipna row mean for traceability and is NOT a six-task mean
Nexesenex_Llama_3.1_8b_Smarteaz_0.2_R1,Nexesenex/Llama_3.1_8b_Smarteaz_0.2_R1,0.6345529860769425,0.509460163166117,0.2605740181268882,0.3003355704697986,0.4179894179894179,0.3645279255319149,1,1,1,1,1,1,6,True,0.41457334689351316,,1,1,0,False,False,0.41457334689351316,True,six_task_mean_complete_only = mean of six tasks ONLY when n_tasks_valid == 6; partial_task_mean = mean over the available tasks ONLY when 1 <= n_tasks_valid <= 5; legacy_* keeps the original skipna row mean for traceability and is NOT a six-task mean
Nexesenex_Llama_3.1_8b_Smarteaz_V1.01,Nexesenex/Llama_3.1_8b_Smarteaz_V1.01,0.8151283040111349,0.5228258982815484,0.2341389728096676,0.3095637583892617,0.3783068783068783,0.3735871010638298,1,1,1,1,1,1,6,True,0.43892515214372013,,1,1,0,False,False,0.43892515214372013,True,six_task_mean_complete_only = mean of six tasks ONLY when n_tasks_valid == 6; partial_task_mean = mean over the available tasks ONLY when 1 <= n_tasks_valid <= 5; legacy_* keeps the original skipna row mean for traceability and is NOT a six-task mean
Nexesenex_Llama_3.2_1b_AquaSyn_0.1,Nexesenex/Llama_3.2_1b_AquaSyn_0.1,0.2741004977903075,0.3265058149626801,0.0219033232628398,0.2483221476510067,0.3452380952380952,0.1377992021276596,1,1,1,1,1,1,6,True,0.22564484683876482,,1,1,0,False,False,0.22564484683876482,True,six_task_mean_complete_only = mean of six tasks ONLY when n_tasks_valid == 6; partial_task_mean = mean over the available tasks ONLY when 1 <= n_tasks_valid <= 5; legacy_* keeps the original skipna row mean for traceability and is NOT a six-task mean
Nexesenex_Llama_3.2_1b_Odyssea_V1,Nexesenex/Llama_3.2_1b_Odyssea_V1,0.2552660274737696,0.2975177920499913,0.0143504531722054,0.2583892617449664,0.3386243386243386,0.1152759308510638,1,1,1,1,1,1,6,True,0.2132373006527225,,1,1,0,False,False,0.2132373006527225,True,six_task_mean_complete_only = mean of six tasks ONLY when n_tasks_valid == 6; partial_task_mean = mean over the available tasks ONLY when 1 <= n_tasks_valid <= 5; legacy_* keeps the original skipna row mean for traceability and is NOT a six-task mean
Nexesenex_Llama_3.2_1b_Odyssea_V1.01,Nexesenex/Llama_3.2_1b_Odyssea_V1.01,0.2495456499864803,0.301162992536018,0.0173716012084592,0.2558724832214765,0.3412698412698413,0.1151928191489361,1,1,1,1,1,1,6,True,0.21340256456186857,,1,1,0,False,False,0.21340256456186857,True,six_task_mean_complete_only = mean of six tasks ONLY when n_tasks_valid == 6; partial_task_mean = mean over the available tasks ONLY when 1 <= n_tasks_valid <= 5; legacy_* keeps the original skipna row mean for traceability and is NOT a six-task mean
Nexesenex_Llama_3.2_1b_SunOrca_V1,Nexesenex/Llama_3.2_1b_SunOrca_V1,0.542953807009845,0.3402187120291616,0.0672205438066465,0.2743288590604026,0.3253968253968254,0.1884142287234042,1,1,1,1,1,1,6,True,0.2897554960043809,,1,1,0,False,False,0.2897554960043809,True,six_task_mean_complete_only = mean of six tasks ONLY when n_tasks_valid == 6; partial_task_mean = mean over the available tasks ONLY when 1 <= n_tasks_valid <= 5; legacy_* keeps the original skipna row mean for traceability and is NOT a six-task mean
Nexesenex_Llama_3.2_1b_Sydonia_0.1,Nexesenex/Llama_3.2_1b_Sydonia_0.1,0.2196704743414141,0.309494879361222,0.0203927492447129,0.2281879194630872,0.3373015873015873,0.1224235372340425,1,1,1,1,1,1,6,True,0.2062451911576777,,1,1,0,False,False,0.2062451911576777,True,six_task_mean_complete_only = mean of six tasks ONLY when n_tasks_valid == 6; partial_task_mean = mean over the available tasks ONLY when 1 <= n_tasks_valid <= 5; legacy_* keeps the original skipna row mean for traceability and is NOT a six-task mean
Nexesenex_Llama_3.2_3b_Kermes_v2,Nexesenex/Llama_3.2_3b_Kermes_v2,0.5753766672429155,0.4438465544176358,0.0543806646525679,0.2651006711409396,0.376984126984127,0.2734375,1,1,1,1,1,1,6,True,0.33152103073969763,,1,1,0,False,False,0.33152103073969763,True,six_task_mean_complete_only = mean of six tasks ONLY when n_tasks_valid == 6; partial_task_mean = mean over the available tasks ONLY when 1 <= n_tasks_valid <= 5; legacy_* keeps the original skipna row mean for traceability and is NOT a six-task mean
NikolaSigmoid_AceMath-1.5B-Instruct-dolphin-r1-200,NikolaSigmoid/AceMath-1.5B-Instruct-dolphin-r1-200,0.1808024929409522,0.2770352369380316,0.0,0.2558724832214765,0.3743386243386243,0.1142785904255319,1,1,1,1,1,1,6,True,0.20038790464410272,,1,1,0,False,False,0.20038790464410272,True,six_task_mean_complete_only = mean of six tasks ONLY when n_tasks_valid == 6; partial_task_mean = mean over the available tasks ONLY when 1 <= n_tasks_valid <= 5; legacy_* keeps the original skipna row mean for traceability and is NOT a six-task mean
NikolaSigmoid_DeepSeek-R1-Distill-Qwen-1.5B-500,NikolaSigmoid/DeepSeek-R1-Distill-Qwen-1.5B-500,0.1748571567884324,0.2574205867036973,0.0,0.2458053691275167,0.3373015873015873,0.1124501329787234,1,1,1,1,1,1,6,True,0.18797247214999283,,1,1,0,False,False,0.18797247214999283,True,six_task_mean_complete_only = mean of six tasks ONLY when n_tasks_valid == 6; partial_task_mean = mean over the available tasks ONLY when 1 <= n_tasks_valid <= 5; legacy_* keeps the original skipna row mean for traceability and is NOT a six-task mean
NikolaSigmoid_phi-4-14b,NikolaSigmoid/phi-4-14b,0.0560789815467404,0.6679395938205173,0.2938066465256798,0.4035234899328859,0.503968253968254,0.527842420212766,1,1,1,1,1,1,6,True,0.4088598976678072,,1,1,0,False,False,0.4088598976678072,True,six_task_mean_complete_only = mean of six tasks ONLY when n_tasks_valid == 6; partial_task_mean = mean over the available tasks ONLY when 1 <= n_tasks_valid <= 5; legacy_* keeps the original skipna row mean for traceability and is NOT a six-task mean
NotASI_FineTome-Llama3.2-3B-1002,NotASI/FineTome-Llama3.2-3B-1002,0.5474496558021605,0.4315223051553549,0.052870090634441,0.2508389261744966,0.3677248677248677,0.2436835106382978,1,1,1,1,1,1,6,True,0.3156815593549364,,1,1,0,False,False,0.3156815593549364,True,six_task_mean_complete_only = mean of six tasks ONLY when n_tasks_valid == 6; partial_task_mean = mean over the available tasks ONLY when 1 <= n_tasks_valid <= 5; legacy_* keeps the original skipna row mean for traceability and is NOT a six-task mean
NotASI_FineTome-v1.5-Llama3.2-1B-1007,NotASI/FineTome-v1.5-Llama3.2-1B-1007,0.3923777798463632,0.3212983856969276,0.0135951661631419,0.25,0.3465608465608465,0.1427027925531915,1,1,1,1,1,1,6,True,0.2444224951367451,,1,1,0,False,False,0.2444224951367451,True,six_task_mean_complete_only = mean of six tasks ONLY when n_tasks_valid == 6; partial_task_mean = mean over the available tasks ONLY when 1 <= n_tasks_valid <= 5; legacy_* keeps the original skipna row mean for traceability and is NOT a six-task mean
NotASI_FineTome-v1.5-Llama3.2-3B-1007,NotASI/FineTome-v1.5-Llama3.2-3B-1007,0.5507719517546776,0.4306544002777295,0.0513595166163142,0.261744966442953,0.3637566137566138,0.2448470744680851,1,1,1,1,1,1,6,True,0.3171890872193955,,1,1,0,False,False,0.3171890872193955,True,six_task_mean_complete_only = mean of six tasks ONLY when n_tasks_valid == 6; partial_task_mean = mean over the available tasks ONLY when 1 <= n_tasks_valid <= 5; legacy_* keeps the original skipna row mean for traceability and is NOT a six-task mean
NousResearch_DeepHermes-3-Mistral-24B-Preview,NousResearch/DeepHermes-3-Mistral-24B-Preview,0.4535776184966998,0.6497135913903836,0.2575528700906344,0.3699664429530201,0.4497354497354497,0.4590259308510638,1,1,1,1,1,1,6,True,0.43992865058620856,,1,1,0,False,False,0.43992865058620856,True,six_task_mean_complete_only = mean of six tasks ONLY when n_tasks_valid == 6; partial_task_mean = mean over the available tasks ONLY when 1 <= n_tasks_valid <= 5; legacy_* keeps the original skipna row mean for traceability and is NOT a six-task mean
NousResearch_Hermes-2-Pro-Llama-3-8B,NousResearch/Hermes-2-Pro-Llama-3-8B,0.5361839918084017,0.5028640860961638,0.0574018126888217,0.2927852348993288,0.4259259259259259,0.3051861702127659,1,1,1,1,1,1,6,True,0.3533912036052346,,1,1,0,False,False,0.3533912036052346,True,six_task_mean_complete_only = mean of six tasks ONLY when n_tasks_valid == 6; partial_task_mean = mean over the available tasks ONLY when 1 <= n_tasks_valid <= 5; legacy_* keeps the original skipna row mean for traceability and is NOT a six-task mean
NousResearch_Hermes-2-Pro-Mistral-7B,NousResearch/Hermes-2-Pro-Mistral-7B,0.5668337788179807,0.496788751952786,0.0483383685800604,0.273489932885906,0.4365079365079365,0.2946309840425531,1,1,1,1,1,1,6,True,0.35276495879787045,,1,1,0,False,False,0.35276495879787045,True,six_task_mean_complete_only = mean of six tasks ONLY when n_tasks_valid == 6; partial_task_mean = mean over the available tasks ONLY when 1 <= n_tasks_valid <= 5; legacy_* keeps the original skipna row mean for traceability and is NOT a six-task mean
NousResearch_Hermes-3-Llama-3.1-70B,NousResearch/Hermes-3-Llama-3.1-70B,0.7661438316998896,0.6738413469883701,0.1374622356495468,0.3615771812080537,0.4933862433862434,0.47265625,1,1,1,1,1,1,6,True,0.48417784815535064,,1,1,0,False,False,0.48417784815535064,True,six_task_mean_complete_only = mean of six tasks ONLY when n_tasks_valid == 6; partial_task_mean = mean over the available tasks ONLY when 1 <= n_tasks_valid <= 5; legacy_* keeps the original skipna row mean for traceability and is NOT a six-task mean
NousResearch_Nous-Hermes-2-Mistral-7B-DPO,NousResearch/Nous-Hermes-2-Mistral-7B-DPO,0.5762510139762497,0.4827286929352543,0.0422960725075528,0.2927852348993288,0.3994708994708995,0.3015292553191489,1,1,1,1,1,1,6,True,0.3491768615180723,,1,1,0,False,False,0.3491768615180723,True,six_task_mean_complete_only = mean of six tasks ONLY when n_tasks_valid == 6; partial_task_mean = mean over the available tasks ONLY when 1 <= n_tasks_valid <= 5; legacy_* keeps the original skipna row mean for traceability and is NOT a six-task mean
NousResearch_Yarn-Llama-2-13b-128k,NousResearch/Yarn-Llama-2-13b-128k,0.1654643013869865,0.381183822253081,0.0113293051359516,0.2583892617449664,0.3452380952380952,0.2320478723404255,1,1,1,1,1,1,6,True,0.2322754430165844,,1,1,0,False,False,0.2322754430165844,True,six_task_mean_complete_only = mean of six tasks ONLY when n_tasks_valid == 6; partial_task_mean = mean over the available tasks ONLY when 1 <= n_tasks_valid <= 5; legacy_* keeps the original skipna row mean for traceability and is NOT a six-task mean
Open-Orca_Mistral-7B-OpenOrca,Open-Orca/Mistral-7B-OpenOrca,0.4977659277384008,0.4766533587918764,0.0294561933534743,0.2718120805369127,0.3849206349206349,0.2652925531914893,1,1,1,1,1,1,6,True,0.3209834580887981,,1,1,0,False,False,0.3209834580887981,True,six_task_mean_complete_only = mean of six tasks ONLY when n_tasks_valid == 6; partial_task_mean = mean over the available tasks ONLY when 1 <= n_tasks_valid <= 5; legacy_* keeps the original skipna row mean for traceability and is NOT a six-task mean
OpenBuddy_openbuddy-llama3-70b-v21.2-32k,OpenBuddy/openbuddy-llama3-70b-v21.2-32k,0.7010476646409305,0.6497135913903836,0.1805135951661631,0.3422818791946309,0.4563492063492063,0.4832114361702128,1,1,1,1,1,1,6,True,0.4688528954852546,,1,1,0,False,False,0.4688528954852546,True,six_task_mean_complete_only = mean of six tasks ONLY when n_tasks_valid == 6; partial_task_mean = mean over the available tasks ONLY when 1 <= n_tasks_valid <= 5; legacy_* keeps the original skipna row mean for traceability and is NOT a six-task mean
OpenBuddy_openbuddy-llama3-8b-v21.1-8k,OpenBuddy/openbuddy-llama3-8b-v21.1-8k,0.5569666263292509,0.4759590348897761,0.0271903323262839,0.2709731543624161,0.3981481481481481,0.2954621010638298,1,1,1,1,1,1,6,True,0.3374498995199508,,1,1,0,False,False,0.3374498995199508,True,six_task_mean_complete_only = mean of six tasks ONLY when n_tasks_valid == 6; partial_task_mean = mean over the available tasks ONLY when 1 <= n_tasks_valid <= 5; legacy_* keeps the original skipna row mean for traceability and is NOT a six-task mean
OpenBuddy_openbuddy-llama3.1-70b-v22.1-131k,OpenBuddy/openbuddy-llama3.1-70b-v22.1-131k,0.7332710541363582,0.6698489845512932,0.0339879154078549,0.375,0.4616402116402116,0.5304188829787234,1,1,1,1,1,1,6,True,0.4673611747857402,,1,1,0,False,False,0.4673611747857402,True,six_task_mean_complete_only = mean of six tasks ONLY when n_tasks_valid == 6; partial_task_mean = mean over the available tasks ONLY when 1 <= n_tasks_valid <= 5; legacy_* keeps the original skipna row mean for traceability and is NOT a six-task mean
OpenBuddy_openbuddy-llama3.1-8b-v22.3-131k,OpenBuddy/openbuddy-llama3.1-8b-v22.3-131k,0.5997065563815123,0.5039055719493144,0.0974320241691842,0.2793624161073825,0.4007936507936508,0.3277094414893617,1,1,1,1,1,1,6,True,0.368151610148401,,1,1,0,False,False,0.368151610148401,True,six_task_mean_complete_only = mean of six tasks ONLY when n_tasks_valid == 6; partial_task_mean = mean over the available tasks ONLY when 1 <= n_tasks_valid <= 5; legacy_* keeps the original skipna row mean for traceability and is NOT a six-task mean
OpenBuddy_openbuddy-yi1.5-34b-v21.3-32k,OpenBuddy/openbuddy-yi1.5-34b-v21.3-32k,0.5420041046645123,0.6134351675056414,0.127643504531722,0.348993288590604,0.4431216931216931,0.4599401595744681,1,1,1,1,1,1,6,True,0.4225229863314402,,1,1,0,False,False,0.4225229863314402,True,six_task_mean_complete_only = mean of six tasks ONLY when n_tasks_valid == 6; partial_task_mean = mean over the available tasks ONLY when 1 <= n_tasks_valid <= 5; legacy_* keeps the original skipna row mean for traceability and is NOT a six-task mean
OpenLeecher_llama3-8b-lima,OpenLeecher/llama3-8b-lima,0.4370658741029357,0.4263148758896025,0.0294561933534743,0.2382550335570469,0.3703703703703703,0.2626329787234042,1,1,1,1,1,1,6,True,0.29401588766613895,,1,1,0,False,False,0.29401588766613895,True,six_task_mean_complete_only = mean of six tasks ONLY when n_tasks_valid == 6; partial_task_mean = mean over the available tasks ONLY when 1 <= n_tasks_valid <= 5; legacy_* keeps the original skipna row mean for traceability and is NOT a six-task mean
OpenScholar_Llama-3.1_OpenScholar-8B,OpenScholar/Llama-3.1_OpenScholar-8B,0.6064010159709571,0.5186599548689463,0.1427492447129909,0.2818791946308724,0.4272486772486772,0.370844414893617,1,1,1,1,1,1,6,True,0.3912970837210102,,1,1,0,False,False,0.3912970837210102,True,six_task_mean_complete_only = mean of six tasks ONLY when n_tasks_valid == 6; partial_task_mean = mean over the available tasks ONLY when 1 <= n_tasks_valid <= 5; legacy_* keeps the original skipna row mean for traceability and is NOT a six-task mean
Orenguteng_Llama-3.1-8B-Lexi-Uncensored-V2,Orenguteng/Llama-3.1-8B-Lexi-Uncensored-V2,0.7791581891603169,0.507203610484291,0.1691842900302115,0.2827181208053691,0.3835978835978836,0.3780751329787234,1,1,1,1,1,1,6,True,0.4166562045094659,,1,1,0,False,False,0.4166562045094659,True,six_task_mean_complete_only = mean of six tasks ONLY when n_tasks_valid == 6; partial_task_mean = mean over the available tasks ONLY when 1 <= n_tasks_valid <= 5; legacy_* keeps the original skipna row mean for traceability and is NOT a six-task mean
Orion-zhen_phi-4-abliterated,Orion-zhen/phi-4-abliterated,0.0576027163481783,0.6681131747960424,0.2854984894259819,0.4043624161073825,0.5,0.5291722074468085,1,1,1,1,1,1,6,True,0.4074581673540656,,1,1,0,False,False,0.4074581673540656,True,six_task_mean_complete_only = mean of six tasks ONLY when n_tasks_valid == 6; partial_task_mean = mean over the available tasks ONLY when 1 <= n_tasks_valid <= 5; legacy_* keeps the original skipna row mean for traceability and is NOT a six-task mean
PJMixers-Dev_LLaMa-3.1-Instruct-Interleaved-Zeroed-13B,PJMixers-Dev/LLaMa-3.1-Instruct-Interleaved-Zeroed-13B,0.7871015572015585,0.5061621246311404,0.1941087613293051,0.2919463087248322,0.3862433862433862,0.3767453457446808,1,1,1,1,1,1,6,True,0.42371791397915054,,1,1,0,False,False,0.42371791397915054,True,six_task_mean_complete_only = mean of six tasks ONLY when n_tasks_valid == 6; partial_task_mean = mean over the available tasks ONLY when 1 <= n_tasks_valid <= 5; legacy_* keeps the original skipna row mean for traceability and is NOT a six-task mean
PJMixers-Dev_LLaMa-3.1-RomboTiesTest-8B,PJMixers-Dev/LLaMa-3.1-RomboTiesTest-8B,0.7825303527972447,0.5061621246311404,0.1941087613293051,0.2919463087248322,0.3862433862433862,0.3767453457446808,1,1,1,1,1,1,6,True,0.4229560465784316,,1,1,0,False,False,0.4229560465784316,True,six_task_mean_complete_only = mean of six tasks ONLY when n_tasks_valid == 6; partial_task_mean = mean over the available tasks ONLY when 1 <= n_tasks_valid <= 5; legacy_* keeps the original skipna row mean for traceability and is NOT a six-task mean
PJMixers-Dev_LLaMa-3.1-RomboTiesTest2-8B,PJMixers-Dev/LLaMa-3.1-RomboTiesTest2-8B,0.7825303527972447,0.5061621246311404,0.1941087613293051,0.2919463087248322,0.3862433862433862,0.3767453457446808,1,1,1,1,1,1,6,True,0.4229560465784316,,1,1,0,False,False,0.4229560465784316,True,six_task_mean_complete_only = mean of six tasks ONLY when n_tasks_valid == 6; partial_task_mean = mean over the available tasks ONLY when 1 <= n_tasks_valid <= 5; legacy_* keeps the original skipna row mean for traceability and is NOT a six-task mean
PJMixers-Dev_LLaMa-3.2-Instruct-JankMix-v0.2-SFT-3B,PJMixers-Dev/LLaMa-3.2-Instruct-JankMix-v0.2-SFT-3B,0.6291573026237051,0.4580801944106926,0.1132930513595166,0.2726510067114094,0.365079365079365,0.3115026595744681,1,1,1,1,1,1,6,True,0.35829392995985937,,1,1,0,False,False,0.35829392995985937,True,six_task_mean_complete_only = mean of six tasks ONLY when n_tasks_valid == 6; partial_task_mean = mean over the available tasks ONLY when 1 <= n_tasks_valid <= 5; legacy_* keeps the original skipna row mean for traceability and is NOT a six-task mean
PJMixers-Dev_LLaMa-3.2-Instruct-JankMixBread-v0.1-3B,PJMixers-Dev/LLaMa-3.2-Instruct-JankMixBread-v0.1-3B,0.5040858256093831,0.4471445929526124,0.107250755287009,0.2827181208053691,0.3505291005291005,0.308344414893617,1,1,1,1,1,1,6,True,0.33334546834618184,,1,1,0,False,False,0.33334546834618184,True,six_task_mean_complete_only = mean of six tasks ONLY when n_tasks_valid == 6; partial_task_mean = mean over the available tasks ONLY when 1 <= n_tasks_valid <= 5; legacy_* keeps the original skipna row mean for traceability and is NOT a six-task mean
PJMixers_LLaMa-3-CursedStock-v2.0-8B,PJMixers/LLaMa-3-CursedStock-v2.0-8B,0.6330791189599152,0.5257767748654747,0.0861027190332326,0.2743288590604026,0.3849206349206349,0.3556349734042553,1,1,1,1,1,1,6,True,0.37664051337398585,,1,1,0,False,False,0.37664051337398585,True,six_task_mean_complete_only = mean of six tasks ONLY when n_tasks_valid == 6; partial_task_mean = mean over the available tasks ONLY when 1 <= n_tasks_valid <= 5; legacy_* keeps the original skipna row mean for traceability and is NOT a six-task mean
Quazim0t0_Lo-Phi-14b,Quazim0t0/Lo-Phi-14b,0.4941189377518318,0.6828675577156743,0.5196374622356495,0.3280201342281879,0.421957671957672,0.5369015957446809,1,1,1,1,1,1,6,True,0.49725055993894945,,1,1,0,False,False,0.49725055993894945,True,six_task_mean_complete_only = mean of six tasks ONLY when n_tasks_valid == 6; partial_task_mean = mean over the available tasks ONLY when 1 <= n_tasks_valid <= 5; legacy_* keeps the original skipna row mean for traceability and is NOT a six-task mean
Quazim0t0_Phi4.Turn.R1Distill.16bit,Quazim0t0/Phi4.Turn.R1Distill.16bit,0.3126437851567175,0.6540531157785107,0.0347432024169184,0.2944630872483221,0.3888888888888889,0.5256815159574468,1,1,1,1,1,1,6,True,0.3684122659078007,,1,1,0,False,False,0.3684122659078007,True,six_task_mean_complete_only = mean of six tasks ONLY when n_tasks_valid == 6; partial_task_mean = mean over the available tasks ONLY when 1 <= n_tasks_valid <= 5; legacy_* keeps the original skipna row mean for traceability and is NOT a six-task mean
Quazim0t0_Phi4Basis-14B-sce,Quazim0t0/Phi4Basis-14B-sce,0.6486411610083467,0.6889428918590522,0.4539274924471299,0.3288590604026846,0.4325396825396825,0.5389793882978723,1,1,1,1,1,1,6,True,0.5153149460924614,,1,1,0,False,False,0.5153149460924614,True,six_task_mean_complete_only = mean of six tasks ONLY when n_tasks_valid == 6; partial_task_mean = mean over the available tasks ONLY when 1 <= n_tasks_valid <= 5; legacy_* keeps the original skipna row mean for traceability and is NOT a six-task mean
Quazim0t0_graphite-14b-sce,Quazim0t0/graphite-14b-sce,0.3216864585965239,0.660996354799514,0.1540785498489426,0.2894295302013422,0.3968253968253968,0.5280086436170213,1,1,1,1,1,1,6,True,0.3918374889814568,,1,1,0,False,False,0.3918374889814568,True,six_task_mean_complete_only = mean of six tasks ONLY when n_tasks_valid == 6; partial_task_mean = mean over the available tasks ONLY when 1 <= n_tasks_valid <= 5; legacy_* keeps the original skipna row mean for traceability and is NOT a six-task mean
Qwen_QwQ-32B-Preview,Qwen/QwQ-32B-Preview,0.4035437084713006,0.6663773650407915,0.2288519637462235,0.2818791946308725,0.41005291005291,0.5678191489361702,1,1,1,1,1,1,6,True,0.4264207151463781,,1,1,0,False,False,0.4264207151463781,True,six_task_mean_complete_only = mean of six tasks ONLY when n_tasks_valid == 6; partial_task_mean = mean over the available tasks ONLY when 1 <= n_tasks_valid <= 5; legacy_* keeps the original skipna row mean for traceability and is NOT a six-task mean
Qwen_Qwen1.5-0.5B,Qwen/Qwen1.5-0.5B,0.1705607787337597,0.3131400798472487,0.0045317220543806,0.2541946308724832,0.3611111111111111,0.1307347074468085,1,1,1,1,1,1,6,True,0.20571217167763198,,1,1,0,False,False,0.20571217167763198,True,six_task_mean_complete_only = mean of six tasks ONLY when n_tasks_valid == 6; partial_task_mean = mean over the available tasks ONLY when 1 <= n_tasks_valid <= 5; legacy_* keeps the original skipna row mean for traceability and is NOT a six-task mean
Qwen_Qwen1.5-1.8B,Qwen/Qwen1.5-1.8B,0.2154239639711521,0.3449053983683388,0.0226586102719033,0.3053691275167785,0.3597883597883597,0.1881648936170212,1,1,1,1,1,1,6,True,0.23938505892225895,,1,1,0,False,False,0.23938505892225895,True,six_task_mean_complete_only = mean of six tasks ONLY when n_tasks_valid == 6; partial_task_mean = mean over the available tasks ONLY when 1 <= n_tasks_valid <= 5; legacy_* keeps the original skipna row mean for traceability and is NOT a six-task mean
Qwen_Qwen1.5-110B,Qwen/Qwen1.5-110B,0.3421942667677318,0.6070126714112133,0.2303625377643504,0.3523489932885906,0.4404761904761904,0.5360704787234043,1,1,1,1,1,1,6,True,0.4180775230719134,,1,1,0,False,False,0.4180775230719134,True,six_task_mean_complete_only = mean of six tasks ONLY when n_tasks_valid == 6; partial_task_mean = mean over the available tasks ONLY when 1 <= n_tasks_valid <= 5; legacy_* keeps the original skipna row mean for traceability and is NOT a six-task mean
Qwen_Qwen1.5-14B-Chat,Qwen/Qwen1.5-14B-Chat,0.4768082022367318,0.5184863738934212,0.0,0.2701342281879195,0.4391534391534391,0.3617852393617021,1,1,1,1,1,1,6,True,0.34439458047220234,,1,1,0,False,False,0.34439458047220234,True,six_task_mean_complete_only = mean of six tasks ONLY when n_tasks_valid == 6; partial_task_mean = mean over the available tasks ONLY when 1 <= n_tasks_valid <= 5; legacy_* keeps the original skipna row mean for traceability and is NOT a six-task mean
Qwen_Qwen1.5-32B,Qwen/Qwen1.5-32B,0.329729562006587,0.56865127582017,0.2666163141993957,0.3296979865771812,0.4272486772486772,0.4499667553191489,1,1,1,1,1,1,6,True,0.39531842852852667,,1,1,0,False,False,0.39531842852852667,True,six_task_mean_complete_only = mean of six tasks ONLY when n_tasks_valid == 6; partial_task_mean = mean over the available tasks ONLY when 1 <= n_tasks_valid <= 5; legacy_* keeps the original skipna row mean for traceability and is NOT a six-task mean
Qwen_Qwen1.5-32B-Chat,Qwen/Qwen1.5-32B-Chat,0.5532199009738605,0.6037146328762367,0.066465256797583,0.3062080536912752,0.4153439153439153,0.4457280585106383,1,1,1,1,1,1,6,True,0.3984466363655848,,1,1,0,False,False,0.3984466363655848,True,six_task_mean_complete_only = mean of six tasks ONLY when n_tasks_valid == 6; partial_task_mean = mean over the available tasks ONLY when 1 <= n_tasks_valid <= 5; legacy_* keeps the original skipna row mean for traceability and is NOT a six-task mean
Qwen_Qwen1.5-4B-Chat,Qwen/Qwen1.5-4B-Chat,0.3156657668320057,0.3973268529769137,0.0098187311178247,0.2667785234899328,0.3968253968253968,0.2396110372340425,1,1,1,1,1,1,6,True,0.27100438474601934,,1,1,0,False,False,0.27100438474601934,True,six_task_mean_complete_only = mean of six tasks ONLY when n_tasks_valid == 6; partial_task_mean = mean over the available tasks ONLY when 1 <= n_tasks_valid <= 5; legacy_* keeps the original skipna row mean for traceability and is NOT a six-task mean
Qwen_Qwen1.5-MoE-A2.7B,Qwen/Qwen1.5-MoE-A2.7B,0.265982038768246,0.4079152924839437,0.0015105740181268,0.259228187919463,0.4007936507936508,0.2777593085106383,1,1,1,1,1,1,6,True,0.2688648420823448,,1,1,0,False,False,0.2688648420823448,True,six_task_mean_complete_only = mean of six tasks ONLY when n_tasks_valid == 6; partial_task_mean = mean over the available tasks ONLY when 1 <= n_tasks_valid <= 5; legacy_* keeps the original skipna row mean for traceability and is NOT a six-task mean
Qwen_Qwen2-0.5B-Instruct,Qwen/Qwen2-0.5B-Instruct,0.2246661081486012,0.3169588613088006,0.0166163141993957,0.2466442953020134,0.3346560846560846,0.1530917553191489,1,1,1,1,1,1,6,True,0.21543890315567404,,1,1,0,False,False,0.21543890315567404,True,six_task_mean_complete_only = mean of six tasks ONLY when n_tasks_valid == 6; partial_task_mean = mean over the available tasks ONLY when 1 <= n_tasks_valid <= 5; legacy_* keeps the original skipna row mean for traceability and is NOT a six-task mean
Qwen_Qwen2-1.5B-Instruct,Qwen/Qwen2-1.5B-Instruct,0.3371232773485463,0.3823988890817566,0.0581570996978852,0.261744966442953,0.4285714285714285,0.2500831117021276,1,1,1,1,1,1,6,True,0.2863464621407828,,1,1,0,False,False,0.2863464621407828,True,six_task_mean_complete_only = mean of six tasks ONLY when n_tasks_valid == 6; partial_task_mean = mean over the available tasks ONLY when 1 <= n_tasks_valid <= 5; legacy_* keeps the original skipna row mean for traceability and is NOT a six-task mean
Qwen_Qwen2-57B-A14B,Qwen/Qwen2-57B-A14B,0.3112696534085116,0.5589307411907655,0.1865558912386707,0.3062080536912752,0.4166666666666667,0.4916057180851064,1,1,1,1,1,1,6,True,0.3785394540468327,,1,1,0,False,False,0.3785394540468327,True,six_task_mean_complete_only = mean of six tasks ONLY when n_tasks_valid == 6; partial_task_mean = mean over the available tasks ONLY when 1 <= n_tasks_valid <= 5; legacy_* keeps the original skipna row mean for traceability and is NOT a six-task mean
Qwen_Qwen2-7B,Qwen/Qwen2-7B,0.3148667757106699,0.5287276514494011,0.1880664652567975,0.3045302013422818,0.4431216931216931,0.4183011968085106,1,1,1,1,1,1,6,True,0.36626899728155893,,1,1,0,False,False,0.36626899728155893,True,six_task_mean_complete_only = mean of six tasks ONLY when n_tasks_valid == 6; partial_task_mean = mean over the available tasks ONLY when 1 <= n_tasks_valid <= 5; legacy_* keeps the original skipna row mean for traceability and is NOT a six-task mean
Qwen_Qwen2-7B-Instruct,Qwen/Qwen2-7B-Instruct,0.5679075962889577,0.5507724353410867,0.0861027190332326,0.2978187919463087,0.3915343915343915,0.3847240691489361,1,1,1,1,1,1,6,True,0.3798100005488189,,1,1,0,False,False,0.3798100005488189,True,six_task_mean_complete_only = mean of six tasks ONLY when n_tasks_valid == 6; partial_task_mean = mean over the available tasks ONLY when 1 <= n_tasks_valid <= 5; legacy_* keeps the original skipna row mean for traceability and is NOT a six-task mean
Qwen_Qwen2-Math-72B-Instruct,Qwen/Qwen2-Math-72B-Instruct,0.569381463405985,0.6320083318868253,0.3595166163141994,0.3682885906040268,0.451058201058201,0.4272772606382978,1,1,1,1,1,1,6,True,0.46792174398458924,,1,1,0,False,False,0.46792174398458924,True,six_task_mean_complete_only = mean of six tasks ONLY when n_tasks_valid == 6; partial_task_mean = mean over the available tasks ONLY when 1 <= n_tasks_valid <= 5; legacy_* keeps the original skipna row mean for traceability and is NOT a six-task mean
Qwen_Qwen2-VL-72B-Instruct,Qwen/Qwen2-VL-72B-Instruct,0.5982326892644849,0.6915466064919285,0.2333836858006042,0.3875838926174497,0.4484126984126984,0.5717253989361702,1,1,1,1,1,1,6,True,0.48848082858722264,,1,1,0,False,False,0.48848082858722264,True,six_task_mean_complete_only = mean of six tasks ONLY when n_tasks_valid == 6; partial_task_mean = mean over the available tasks ONLY when 1 <= n_tasks_valid <= 5; legacy_* keeps the original skipna row mean for traceability and is NOT a six-task mean
Qwen_Qwen2-VL-7B-Instruct,Qwen/Qwen2-VL-7B-Instruct,0.4599218961245052,0.5436556153445582,0.0566465256797583,0.3196308724832215,0.4365079365079365,0.4094913563829787,1,1,1,1,1,1,6,True,0.37097570042049305,,1,1,0,False,False,0.37097570042049305,True,six_task_mean_complete_only = mean of six tasks ONLY when n_tasks_valid == 6; partial_task_mean = mean over the available tasks ONLY when 1 <= n_tasks_valid <= 5; legacy_* keeps the original skipna row mean for traceability and is NOT a six-task mean
Qwen_Qwen2.5-1.5B-Instruct,Qwen/Qwen2.5-1.5B-Instruct,0.4475569267321817,0.4247526471098767,0.0128398791540785,0.2558724832214765,0.365079365079365,0.2799202127659574,1,1,1,1,1,1,6,True,0.29767025234382266,,1,1,0,False,False,0.29767025234382266,True,six_task_mean_complete_only = mean of six tasks ONLY when n_tasks_valid == 6; partial_task_mean = mean over the available tasks ONLY when 1 <= n_tasks_valid <= 5; legacy_* keeps the original skipna row mean for traceability and is NOT a six-task mean
Qwen_Qwen2.5-14B-Instruct,Qwen/Qwen2.5-14B-Instruct,0.8157776920792386,0.6373893421281027,0.0,0.3221476510067114,0.4087301587301587,0.4904421542553192,1,1,1,1,1,1,6,True,0.4457478330332551,,1,1,0,False,False,0.4457478330332551,True,six_task_mean_complete_only = mean of six tasks ONLY when n_tasks_valid == 6; partial_task_mean = mean over the available tasks ONLY when 1 <= n_tasks_valid <= 5; legacy_* keeps the original skipna row mean for traceability and is NOT a six-task mean
Qwen_Qwen2.5-32B-Instruct,Qwen/Qwen2.5-32B-Instruct,0.8346121623957765,0.6873806630793265,0.0,0.3380872483221476,0.4246031746031746,0.566655585106383,1,1,1,1,1,1,6,True,0.47522313891780127,,1,1,0,False,False,0.47522313891780127,True,six_task_mean_complete_only = mean of six tasks ONLY when n_tasks_valid == 6; partial_task_mean = mean over the available tasks ONLY when 1 <= n_tasks_valid <= 5; legacy_* keeps the original skipna row mean for traceability and is NOT a six-task mean
Qwen_Qwen2.5-3B-Instruct,Qwen/Qwen2.5-3B-Instruct,0.6474919879253713,0.4655441763582711,0.0,0.2726510067114094,0.3955026455026455,0.3254654255319149,1,1,1,1,1,1,6,True,0.35110920700493536,,1,1,0,False,False,0.35110920700493536,True,six_task_mean_complete_only = mean of six tasks ONLY when n_tasks_valid == 6; partial_task_mean = mean over the available tasks ONLY when 1 <= n_tasks_valid <= 5; legacy_* keeps the original skipna row mean for traceability and is NOT a six-task mean
Qwen_Qwen2.5-72B,Qwen/Qwen2.5-72B,0.4137100670664947,0.6781808713764972,0.3610271903323263,0.4052013422818792,0.4761904761904761,0.5968251329787234,1,1,1,1,1,1,6,True,0.4885225133710662,,1,1,0,False,False,0.4885225133710662,True,six_task_mean_complete_only = mean of six tasks ONLY when n_tasks_valid == 6; partial_task_mean = mean over the available tasks ONLY when 1 <= n_tasks_valid <= 5; legacy_* keeps the original skipna row mean for traceability and is NOT a six-task mean
Qwen_Qwen2.5-7B-Instruct,Qwen/Qwen2.5-7B-Instruct,0.7585251576926999,0.5368859572990801,0.0,0.3003355704697986,0.4021164021164021,0.4289394946808511,1,1,1,1,1,1,6,True,0.4044670970431386,,1,1,0,False,False,0.4044670970431386,True,six_task_mean_complete_only = mean of six tasks ONLY when n_tasks_valid == 6; partial_task_mean = mean over the available tasks ONLY when 1 <= n_tasks_valid <= 5; legacy_* keeps the original skipna row mean for traceability and is NOT a six-task mean
Qwen_Qwen2.5-Math-72B-Instruct,Qwen/Qwen2.5-Math-72B-Instruct,0.4003466358151926,0.6436382572470057,0.1850453172205438,0.3313758389261745,0.4457671957671957,0.4812167553191489,1,1,1,1,1,1,6,True,0.4145650000492102,,1,1,0,False,False,0.4145650000492102,True,six_task_mean_complete_only = mean of six tasks ONLY when n_tasks_valid == 6; partial_task_mean = mean over the available tasks ONLY when 1 <= n_tasks_valid <= 5; legacy_* keeps the original skipna row mean for traceability and is NOT a six-task mean
Qwen_Qwen2.5-Math-7B,Qwen/Qwen2.5-Math-7B,0.2459983953687327,0.4431522305155355,0.2832326283987915,0.2936241610738255,0.376984126984127,0.2717752659574468,1,1,1,1,1,1,6,True,0.31912780138307645,,1,1,0,False,False,0.31912780138307645,True,six_task_mean_complete_only = mean of six tasks ONLY when n_tasks_valid == 6; partial_task_mean = mean over the available tasks ONLY when 1 <= n_tasks_valid <= 5; legacy_* keeps the original skipna row mean for traceability and is NOT a six-task mean
RESMPDEV_Qwen2-Wukong-0.5B,RESMPDEV/Qwen2-Wukong-0.5B,0.1854235650296768,0.3060232598507204,0.0,0.2365771812080536,0.3518518518518518,0.1327293882978723,1,1,1,1,1,1,6,True,0.20210087437302915,,1,1,0,False,False,0.20210087437302915,True,six_task_mean_complete_only = mean of six tasks ONLY when n_tasks_valid == 6; partial_task_mean = mean over the available tasks ONLY when 1 <= n_tasks_valid <= 5; legacy_* keeps the original skipna row mean for traceability and is NOT a six-task mean
RLHFlow_ArmoRM-Llama3-8B-v0.1,RLHFlow/ArmoRM-Llama3-8B-v0.1,0.1896700753999388,0.2834577330324596,0.0,0.2491610738255033,0.3941798941798942,0.1077958776595744,1,1,1,1,1,1,6,True,0.20404410901622838,,1,1,0,False,False,0.20404410901622838,True,six_task_mean_complete_only = mean of six tasks ONLY when n_tasks_valid == 6; partial_task_mean = mean over the available tasks ONLY when 1 <= n_tasks_valid <= 5; legacy_* keeps the original skipna row mean for traceability and is NOT a six-task mean
Replete-AI_Llama3-8B-Instruct-Replete-Adapted,Replete-AI/Llama3-8B-Instruct-Replete-Adapted,0.6915306941138402,0.4841173407394549,0.0483383685800604,0.2810402684563758,0.3624338624338624,0.3390957446808511,1,1,1,1,1,1,6,True,0.36775937983407414,,1,1,0,False,False,0.36775937983407414,True,six_task_mean_complete_only = mean of six tasks ONLY when n_tasks_valid == 6; partial_task_mean = mean over the available tasks ONLY when 1 <= n_tasks_valid <= 5; legacy_* keeps the original skipna row mean for traceability and is NOT a six-task mean
Rombo-Org_Rombo-LLM-V2.5-Qwen-7b,Rombo-Org/Rombo-LLM-V2.5-Qwen-7b,0.748183708116686,0.5374067002256553,0.0,0.3011744966442953,0.3968253968253968,0.4282746010638298,1,1,1,1,1,1,6,True,0.4019774838126438,,1,1,0,False,False,0.4019774838126438,True,six_task_mean_complete_only = mean of six tasks ONLY when n_tasks_valid == 6; partial_task_mean = mean over the available tasks ONLY when 1 <= n_tasks_valid <= 5; legacy_* keeps the original skipna row mean for traceability and is NOT a six-task mean
SaisExperiments_Gemma-2-2B-Stheno-Filtered,SaisExperiments/Gemma-2-2B-Stheno-Filtered,0.4196554032190144,0.4132963027252213,0.0370090634441087,0.2701342281879195,0.3994708994708995,0.2629654255319149,1,1,1,1,1,1,6,True,0.3004218870965131,,1,1,0,False,False,0.3004218870965131,True,six_task_mean_complete_only = mean of six tasks ONLY when n_tasks_valid == 6; partial_task_mean = mean over the available tasks ONLY when 1 <= n_tasks_valid <= 5; legacy_* keeps the original skipna row mean for traceability and is NOT a six-task mean
SaisExperiments_RightSheep-Llama3.2-3B,SaisExperiments/RightSheep-Llama3.2-3B,0.4156338515139829,0.4237111612567262,0.0823262839879154,0.2869127516778523,0.3756613756613756,0.2539893617021276,1,1,1,1,1,1,6,True,0.3063724642999967,,1,1,0,False,False,0.3063724642999967,True,six_task_mean_complete_only = mean of six tasks ONLY when n_tasks_valid == 6; partial_task_mean = mean over the available tasks ONLY when 1 <= n_tasks_valid <= 5; legacy_* keeps the original skipna row mean for traceability and is NOT a six-task mean
Sakalti_Llama3.2-3B-Uranus-1,Sakalti/Llama3.2-3B-Uranus-1,0.5335365718515761,0.4426314875889602,0.1472809667673716,0.296979865771812,0.3664021164021164,0.3094248670212766,1,1,1,1,1,1,6,True,0.34937597923385216,,1,1,0,False,False,0.34937597923385216,True,six_task_mean_complete_only = mean of six tasks ONLY when n_tasks_valid == 6; partial_task_mean = mean over the available tasks ONLY when 1 <= n_tasks_valid <= 5; legacy_* keeps the original skipna row mean for traceability and is NOT a six-task mean
Sakalti_Phi3.5-Comets-3.8B,Sakalti/Phi3.5-Comets-3.8B,0.2094287601342216,0.3301510154487068,0.0,0.2491610738255033,0.3756613756613756,0.1152759308510638,1,1,1,1,1,1,6,True,0.2132796926534785,,1,1,0,False,False,0.2132796926534785,True,six_task_mean_complete_only = mean of six tasks ONLY when n_tasks_valid == 6; partial_task_mean = mean over the available tasks ONLY when 1 <= n_tasks_valid <= 5; legacy_* keeps the original skipna row mean for traceability and is NOT a six-task mean
Sakalti_Qwen2.5-1B-Instruct,Sakalti/Qwen2.5-1B-Instruct,0.1751319831380736,0.3008158305849679,0.0,0.2558724832214765,0.335978835978836,0.1213430851063829,1,1,1,1,1,1,6,True,0.19819036967162282,,1,1,0,False,False,0.19819036967162282,True,six_task_mean_complete_only = mean of six tasks ONLY when n_tasks_valid == 6; partial_task_mean = mean over the available tasks ONLY when 1 <= n_tasks_valid <= 5; legacy_* keeps the original skipna row mean for traceability and is NOT a six-task mean
SentientAGI_Dobby-Mini-Leashed-Llama-3.1-8B,SentientAGI/Dobby-Mini-Leashed-Llama-3.1-8B,0.7847034756667863,0.5110223919458428,0.18202416918429,0.3020134228187919,0.4246031746031746,0.3694315159574468,1,1,1,1,1,1,6,True,0.42896635836272207,,1,1,0,False,False,0.42896635836272207,True,six_task_mean_complete_only = mean of six tasks ONLY when n_tasks_valid == 6; partial_task_mean = mean over the available tasks ONLY when 1 <= n_tasks_valid <= 5; legacy_* keeps the original skipna row mean for traceability and is NOT a six-task mean
SentientAGI_Dobby-Mini-Unhinged-Llama-3.1-8B,SentientAGI/Dobby-Mini-Unhinged-Llama-3.1-8B,0.7456858912130924,0.5117167158479431,0.1125377643504531,0.3062080536912752,0.4007936507936508,0.3584607712765957,1,1,1,1,1,1,6,True,0.4059004745288351,,1,1,0,False,False,0.4059004745288351,True,six_task_mean_complete_only = mean of six tasks ONLY when n_tasks_valid == 6; partial_task_mean = mean over the available tasks ONLY when 1 <= n_tasks_valid <= 5; legacy_* keeps the original skipna row mean for traceability and is NOT a six-task mean
Sicarius-Prototyping_Brainy_LLAMA,Sicarius-Prototyping/Brainy_LLAMA,0.5204224790223274,0.509460163166117,0.1336858006042296,0.313758389261745,0.414021164021164,0.3848902925531915,1,1,1,1,1,1,6,True,0.3793730481047957,,1,1,0,False,False,0.3793730481047957,True,six_task_mean_complete_only = mean of six tasks ONLY when n_tasks_valid == 6; partial_task_mean = mean over the available tasks ONLY when 1 <= n_tasks_valid <= 5; legacy_* keeps the original skipna row mean for traceability and is NOT a six-task mean
SicariusSicariiStuff_LLAMA-3_8B_Unaligned_BETA,SicariusSicariiStuff/LLAMA-3_8B_Unaligned_BETA,0.3713203189758729,0.469536538795348,0.0785498489425981,0.3053691275167785,0.4113756613756614,0.3464926861702128,1,1,1,1,1,1,6,True,0.3304406969627453,,1,1,0,False,False,0.3304406969627453,True,six_task_mean_complete_only = mean of six tasks ONLY when n_tasks_valid == 6; partial_task_mean = mean over the available tasks ONLY when 1 <= n_tasks_valid <= 5; legacy_* keeps the original skipna row mean for traceability and is NOT a six-task mean
SicariusSicariiStuff_Phi-Line_14B,SicariusSicariiStuff/Phi-Line_14B,0.6495653754260917,0.6129144245790661,0.3859516616314199,0.3531879194630872,0.4470899470899471,0.5453789893617021,1,1,1,1,1,1,6,True,0.4990147195918857,,1,1,0,False,False,0.4990147195918857,True,six_task_mean_complete_only = mean of six tasks ONLY when n_tasks_valid == 6; partial_task_mean = mean over the available tasks ONLY when 1 <= n_tasks_valid <= 5; legacy_* keeps the original skipna row mean for traceability and is NOT a six-task mean
SicariusSicariiStuff_Qwen2.5-14B_Uncensored,SicariusSicariiStuff/Qwen2.5-14B_Uncensored,0.3173147249298528,0.6281895504252734,0.2938066465256798,0.3817114093959731,0.451058201058201,0.526595744680851,1,1,1,1,1,1,6,True,0.4331127128359719,,1,1,0,False,False,0.4331127128359719,True,six_task_mean_complete_only = mean of six tasks ONLY when n_tasks_valid == 6; partial_task_mean = mean over the available tasks ONLY when 1 <= n_tasks_valid <= 5; legacy_* keeps the original skipna row mean for traceability and is NOT a six-task mean
SicariusSicariiStuff_Qwen2.5-14B_Uncensored_Instruct,SicariusSicariiStuff/Qwen2.5-14B_Uncensored_Instruct,0.3789389929830627,0.5922582884915814,0.2787009063444108,0.3296979865771812,0.369047619047619,0.5127160904255319,1,1,1,1,1,1,6,True,0.41022664731156455,,1,1,0,False,False,0.41022664731156455,True,six_task_mean_complete_only = mean of six tasks ONLY when n_tasks_valid == 6; partial_task_mean = mean over the available tasks ONLY when 1 <= n_tasks_valid <= 5; legacy_* keeps the original skipna row mean for traceability and is NOT a six-task mean
SkyOrbis_SKY-Ko-Llama3.2-1B-lora-epoch5,SkyOrbis/SKY-Ko-Llama3.2-1B-lora-epoch5,0.4359920566319587,0.339003645200486,0.0475830815709969,0.259228187919463,0.3465608465608465,0.194564494680851,1,1,1,1,1,1,6,True,0.270488718760767,,1,1,0,False,False,0.270488718760767,True,six_task_mean_complete_only = mean of six tasks ONLY when n_tasks_valid == 6; partial_task_mean = mean over the available tasks ONLY when 1 <= n_tasks_valid <= 5; legacy_* keeps the original skipna row mean for traceability and is NOT a six-task mean
SkyOrbis_SKY-Ko-Llama3.2-1B-lora-v2-epoch3,SkyOrbis/SKY-Ko-Llama3.2-1B-lora-v2-epoch3,0.4359920566319587,0.339003645200486,0.0475830815709969,0.259228187919463,0.3465608465608465,0.194564494680851,1,1,1,1,1,1,6,True,0.270488718760767,,1,1,0,False,False,0.270488718760767,True,six_task_mean_complete_only = mean of six tasks ONLY when n_tasks_valid == 6; partial_task_mean = mean over the available tasks ONLY when 1 <= n_tasks_valid <= 5; legacy_* keeps the original skipna row mean for traceability and is NOT a six-task mean
SkyOrbis_SKY-Ko-Llama3.2-3B-lora-epoch1,SkyOrbis/SKY-Ko-Llama3.2-3B-lora-epoch1,0.5331121424487028,0.4389862871029335,0.1382175226586102,0.2919463087248322,0.3518518518518518,0.3004488031914893,1,1,1,1,1,1,6,True,0.34242715266307,,1,1,0,False,False,0.34242715266307,True,six_task_mean_complete_only = mean of six tasks ONLY when n_tasks_valid == 6; partial_task_mean = mean over the available tasks ONLY when 1 <= n_tasks_valid <= 5; legacy_* keeps the original skipna row mean for traceability and is NOT a six-task mean
SkyOrbis_SKY-Ko-Qwen2.5-3B-Instruct,SkyOrbis/SKY-Ko-Qwen2.5-3B-Instruct,0.3534100630770799,0.4259677139385523,0.0475830815709969,0.2793624161073825,0.4021164021164021,0.2811668882978723,1,1,1,1,1,1,6,True,0.298267760851381,,1,1,0,False,False,0.298267760851381,True,six_task_mean_complete_only = mean of six tasks ONLY when n_tasks_valid == 6; partial_task_mean = mean over the available tasks ONLY when 1 <= n_tasks_valid <= 5; legacy_* keeps the original skipna row mean for traceability and is NOT a six-task mean
SkyOrbis_SKY-Ko-Qwen2.5-7B-Instruct-SFT-step-15000,SkyOrbis/SKY-Ko-Qwen2.5-7B-Instruct-SFT-step-15000,0.3818867272171172,0.5042527339003645,0.1827794561933534,0.3271812080536913,0.4431216931216931,0.3913730053191489,1,1,1,1,1,1,6,True,0.37176580396756137,,1,1,0,False,False,0.37176580396756137,True,six_task_mean_complete_only = mean of six tasks ONLY when n_tasks_valid == 6; partial_task_mean = mean over the available tasks ONLY when 1 <= n_tasks_valid <= 5; legacy_* keeps the original skipna row mean for traceability and is NOT a six-task mean
SkyOrbis_SKY-Ko-Qwen2.5-7B-Instruct-SFT-step-5000,SkyOrbis/SKY-Ko-Qwen2.5-7B-Instruct-SFT-step-5000,0.3812373391490135,0.5342822426662038,0.2009063444108761,0.3028523489932886,0.4232804232804232,0.4237865691489361,1,1,1,1,1,1,6,True,0.3777242112747902,,1,1,0,False,False,0.3777242112747902,True,six_task_mean_complete_only = mean of six tasks ONLY when n_tasks_valid == 6; partial_task_mean = mean over the available tasks ONLY when 1 <= n_tasks_valid <= 5; legacy_* keeps the original skipna row mean for traceability and is NOT a six-task mean
Sorawiz_Gemma-9B-Base,Sorawiz/Gemma-9B-Base,0.1667375895956063,0.5919111265405311,0.0981873111782477,0.3397651006711409,0.4034391534391534,0.4235372340425531,1,1,1,1,1,1,6,True,0.3372629192445387,,1,1,0,False,False,0.3372629192445387,True,six_task_mean_complete_only = mean of six tasks ONLY when n_tasks_valid == 6; partial_task_mean = mean over the available tasks ONLY when 1 <= n_tasks_valid <= 5; legacy_* keeps the original skipna row mean for traceability and is NOT a six-task mean
Sorawiz_Gemma-Creative-9B-Base,Sorawiz/Gemma-Creative-9B-Base,0.1515002415812267,0.5440027772956084,0.0777945619335347,0.3296979865771812,0.4007936507936508,0.4007646276595745,1,1,1,1,1,1,6,True,0.3174256409734627,,1,1,0,False,False,0.3174256409734627,True,six_task_mean_complete_only = mean of six tasks ONLY when n_tasks_valid == 6; partial_task_mean = mean over the available tasks ONLY when 1 <= n_tasks_valid <= 5; legacy_* keeps the original skipna row mean for traceability and is NOT a six-task mean
Sourjayon_DeepSeek-R1-ForumNXT,Sourjayon/DeepSeek-R1-ForumNXT,0.2602871492085444,0.3299774344731817,0.1450151057401812,0.2743288590604026,0.3386243386243386,0.1648105053191489,1,1,1,1,1,1,6,True,0.2521738987376329,,1,1,0,False,False,0.2521738987376329,True,six_task_mean_complete_only = mean of six tasks ONLY when n_tasks_valid == 6; partial_task_mean = mean over the available tasks ONLY when 1 <= n_tasks_valid <= 5; legacy_* keeps the original skipna row mean for traceability and is NOT a six-task mean
Supichi_BBAI_135_Gemma,Supichi/BBAI_135_Gemma,0.0656214400014184,0.3549730949487936,0.0,0.2676174496644295,0.3796296296296296,0.167220744680851,1,1,1,1,1,1,6,True,0.20584372648752033,,1,1,0,False,False,0.20584372648752033,True,six_task_mean_complete_only = mean of six tasks ONLY when n_tasks_valid == 6; partial_task_mean = mean over the available tasks ONLY when 1 <= n_tasks_valid <= 5; legacy_* keeps the original skipna row mean for traceability and is NOT a six-task mean
Syed-Hasan-8503_Phi-3-mini-4K-instruct-cpo-simpo,Syed-Hasan-8503/Phi-3-mini-4K-instruct-cpo-simpo,0.5714049832222946,0.5646589133830933,0.0762839879154078,0.3305369127516778,0.3955026455026455,0.3860538563829787,1,1,1,1,1,1,6,True,0.38740688319301625,,1,1,0,False,False,0.38740688319301625,True,six_task_mean_complete_only = mean of six tasks ONLY when n_tasks_valid == 6; partial_task_mean = mean over the available tasks ONLY when 1 <= n_tasks_valid <= 5; legacy_* keeps the original skipna row mean for traceability and is NOT a six-task mean
T145_Meta-Llama-3.1-8B-Instruct-TIES,T145/Meta-Llama-3.1-8B-Instruct-TIES,0.5423542866261519,0.5058149626800903,0.2001510574018127,0.2944630872483221,0.3835978835978836,0.3779920212765957,1,1,1,1,1,1,6,True,0.3840622164718093,,1,1,0,False,False,0.3840622164718093,True,six_task_mean_complete_only = mean of six tasks ONLY when n_tasks_valid == 6; partial_task_mean = mean over the available tasks ONLY when 1 <= n_tasks_valid <= 5; legacy_* keeps the original skipna row mean for traceability and is NOT a six-task mean
T145_qwen-2.5-3B-merge-test,T145/qwen-2.5-3B-merge-test,0.5751018408932742,0.4802985592779031,0.0309667673716012,0.285234899328859,0.3994708994708995,0.3289561170212766,1,1,1,1,1,1,6,True,0.35000484722730224,,1,1,0,False,False,0.35000484722730224,True,six_task_mean_complete_only = mean of six tasks ONLY when n_tasks_valid == 6; partial_task_mean = mean over the available tasks ONLY when 1 <= n_tasks_valid <= 5; legacy_* keeps the original skipna row mean for traceability and is NOT a six-task mean
TIGER-Lab_AceCoder-Qwen2.5-Coder-7B-Base-Rule,TIGER-Lab/AceCoder-Qwen2.5-Coder-7B-Base-Rule,0.4407627317739154,0.4872417982989064,0.2016616314199395,0.2718120805369127,0.3439153439153439,0.374501329787234,1,1,1,1,1,1,6,True,0.35331581928870864,,1,1,0,False,False,0.35331581928870864,True,six_task_mean_complete_only = mean of six tasks ONLY when n_tasks_valid == 6; partial_task_mean = mean over the available tasks ONLY when 1 <= n_tasks_valid <= 5; legacy_* keeps the original skipna row mean for traceability and is NOT a six-task mean
TIGER-Lab_Qwen2.5-Math-7B-CFT,TIGER-Lab/Qwen2.5-Math-7B-CFT,0.2776976200924658,0.4615518139211942,0.5574018126888217,0.2860738255033557,0.3875661375661375,0.2944647606382978,1,1,1,1,1,1,6,True,0.3774593284017121,,1,1,0,False,False,0.3774593284017121,True,six_task_mean_complete_only = mean of six tasks ONLY when n_tasks_valid == 6; partial_task_mean = mean over the available tasks ONLY when 1 <= n_tasks_valid <= 5; legacy_* keeps the original skipna row mean for traceability and is NOT a six-task mean
TTTXXX01_Mistral-7B-Base-SimPO2-5e-7,TTTXXX01/Mistral-7B-Base-SimPO2-5e-7,0.4391891292880667,0.4301336573511543,0.0219033232628398,0.2978187919463087,0.3597883597883597,0.2765957446808511,1,1,1,1,1,1,6,True,0.3042381677195967,,1,1,0,False,False,0.3042381677195967,True,six_task_mean_complete_only = mean of six tasks ONLY when n_tasks_valid == 6; partial_task_mean = mean over the available tasks ONLY when 1 <= n_tasks_valid <= 5; legacy_* keeps the original skipna row mean for traceability and is NOT a six-task mean
Tarek07_Thalassic-Alpha-LLaMa-70B,Tarek07/Thalassic-Alpha-LLaMa-70B,0.7003484088884161,0.692761673320604,0.3157099697885196,0.4437919463087248,0.4788359788359788,0.543467420212766,1,1,1,1,1,1,6,True,0.5291525662258348,,1,1,0,False,False,0.5291525662258348,True,six_task_mean_complete_only = mean of six tasks ONLY when n_tasks_valid == 6; partial_task_mean = mean over the available tasks ONLY when 1 <= n_tasks_valid <= 5; legacy_* keeps the original skipna row mean for traceability and is NOT a six-task mean
Telugu-LLM-Labs_Indic-gemma-2b-finetuned-sft-Navarasa-2.0,Telugu-LLM-Labs/Indic-gemma-2b-finetuned-sft-Navarasa-2.0,0.2103031068675558,0.3218191286235028,0.0120845921450151,0.2432885906040268,0.3888888888888889,0.127908909574468,1,1,1,1,1,1,6,True,0.21738220278390954,,1,1,0,False,False,0.21738220278390954,True,six_task_mean_complete_only = mean of six tasks ONLY when n_tasks_valid == 6; partial_task_mean = mean over the available tasks ONLY when 1 <= n_tasks_valid <= 5; legacy_* keeps the original skipna row mean for traceability and is NOT a six-task mean
Telugu-LLM-Labs_Indic-gemma-7b-finetuned-sft-Navarasa-2.0,Telugu-LLM-Labs/Indic-gemma-7b-finetuned-sft-Navarasa-2.0,0.3236844904852458,0.4002777295608401,0.0211480362537764,0.2701342281879195,0.4074074074074074,0.2350398936170212,1,1,1,1,1,1,6,True,0.27628196425203505,,1,1,0,False,False,0.27628196425203505,True,six_task_mean_complete_only = mean of six tasks ONLY when n_tasks_valid == 6; partial_task_mean = mean over the available tasks ONLY when 1 <= n_tasks_valid <= 5; legacy_* keeps the original skipna row mean for traceability and is NOT a six-task mean
TheDrummer_Gemmasutra-9B-v1,TheDrummer/Gemmasutra-9B-v1,0.2415513060900632,0.587398021176879,0.073262839879154,0.3104026845637584,0.4841269841269841,0.4045046542553192,1,1,1,1,1,1,6,True,0.35020774834869295,,1,1,0,False,False,0.35020774834869295,True,six_task_mean_complete_only = mean of six tasks ONLY when n_tasks_valid == 6; partial_task_mean = mean over the available tasks ONLY when 1 <= n_tasks_valid <= 5; legacy_* keeps the original skipna row mean for traceability and is NOT a six-task mean
TheDrummer_Tiger-Gemma-9B-v2,TheDrummer/Tiger-Gemma-9B-v2,0.6985997154217476,0.5613608748481167,0.0007552870090634,0.3397651006711409,0.4074074074074074,0.4112367021276595,1,1,1,1,1,1,6,True,0.40318751458085594,,1,1,0,False,False,0.40318751458085594,True,six_task_mean_complete_only = mean of six tasks ONLY when n_tasks_valid == 6; partial_task_mean = mean over the available tasks ONLY when 1 <= n_tasks_valid <= 5; legacy_* keeps the original skipna row mean for traceability and is NOT a six-task mean
TheTsar1209_qwen-carpmuscle-r-v0.3,TheTsar1209/qwen-carpmuscle-r-v0.3,0.445509027159049,0.6188161777469189,0.2719033232628399,0.3506711409395973,0.4272486772486772,0.5103058510638298,1,1,1,1,1,1,6,True,0.4374090329034854,,1,1,0,False,False,0.4374090329034854,True,six_task_mean_complete_only = mean of six tasks ONLY when n_tasks_valid == 6; partial_task_mean = mean over the available tasks ONLY when 1 <= n_tasks_valid <= 5; legacy_* keeps the original skipna row mean for traceability and is NOT a six-task mean
TheTsar1209_qwen-carpmuscle-v0.1,TheTsar1209/qwen-carpmuscle-v0.1,0.5621628390448454,0.6406873806630793,0.2114803625377643,0.3439597315436241,0.4153439153439153,0.520029920212766,1,1,1,1,1,1,6,True,0.44894402489099905,,1,1,0,False,False,0.44894402489099905,True,six_task_mean_complete_only = mean of six tasks ONLY when n_tasks_valid == 6; partial_task_mean = mean over the available tasks ONLY when 1 <= n_tasks_valid <= 5; legacy_* keeps the original skipna row mean for traceability and is NOT a six-task mean
TinyLlama_TinyLlama-1.1B-Chat-v0.1,TinyLlama/TinyLlama-1.1B-Chat-v0.1,0.1478543597654224,0.3055025169241451,0.0,0.2290268456375838,0.3584656084656085,0.1097905585106382,1,1,1,1,1,1,6,True,0.19177331488389968,,1,1,0,False,False,0.19177331488389968,True,six_task_mean_complete_only = mean of six tasks ONLY when n_tasks_valid == 6; partial_task_mean = mean over the available tasks ONLY when 1 <= n_tasks_valid <= 5; legacy_* keeps the original skipna row mean for traceability and is NOT a six-task mean
TinyLlama_TinyLlama-1.1B-Chat-v1.0,TinyLlama/TinyLlama-1.1B-Chat-v1.0,0.0595763684800773,0.3060232598507204,0.0083081570996978,0.25,0.3505291005291005,0.1101230053191489,1,1,1,1,1,1,6,True,0.1807599818797908,,1,1,0,False,False,0.1807599818797908,True,six_task_mean_complete_only = mean of six tasks ONLY when n_tasks_valid == 6; partial_task_mean = mean over the available tasks ONLY when 1 <= n_tasks_valid <= 5; legacy_* keeps the original skipna row mean for traceability and is NOT a six-task mean
TinyLlama_TinyLlama-1.1B-intermediate-step-1431k-3T,TinyLlama/TinyLlama-1.1B-intermediate-step-1431k-3T,0.2276637100670664,0.3028988022912688,0.0083081570996978,0.2525167785234899,0.3373015873015873,0.1120345744680851,1,1,1,1,1,1,6,True,0.2067872682918659,,1,1,0,False,False,0.2067872682918659,True,six_task_mean_complete_only = mean of six tasks ONLY when n_tasks_valid == 6; partial_task_mean = mean over the available tasks ONLY when 1 <= n_tasks_valid <= 5; legacy_* keeps the original skipna row mean for traceability and is NOT a six-task mean
Triangle104_DS-Distilled-Hermes-Llama-3.1,Triangle104/DS-Distilled-Hermes-Llama-3.1,0.3229353670483207,0.5110223919458428,0.2061933534743202,0.3187919463087248,0.4034391534391534,0.3110039893617021,1,1,1,1,1,1,6,True,0.34556436692967735,,1,1,0,False,False,0.34556436692967735,True,six_task_mean_complete_only = mean of six tasks ONLY when n_tasks_valid == 6; partial_task_mean = mean over the available tasks ONLY when 1 <= n_tasks_valid <= 5; legacy_* keeps the original skipna row mean for traceability and is NOT a six-task mean
Triangle104_DSR1-Distill-Llama-Lit-8B,Triangle104/DSR1-Distill-Llama-Lit-8B,0.1885209023169634,0.4275299427182781,0.3519637462235649,0.3028523489932886,0.3531746031746032,0.2797539893617021,1,1,1,1,1,1,6,True,0.3172992554647334,,1,1,0,False,False,0.3172992554647334,True,six_task_mean_complete_only = mean of six tasks ONLY when n_tasks_valid == 6; partial_task_mean = mean over the available tasks ONLY when 1 <= n_tasks_valid <= 5; legacy_* keeps the original skipna row mean for traceability and is NOT a six-task mean
Triangle104_DSR1-Distill-Qwen-7B-RP,Triangle104/DSR1-Distill-Qwen-7B-RP,0.3609290017154483,0.4290921714980038,0.4803625377643504,0.3196308724832215,0.4034391534391534,0.3027759308510638,1,1,1,1,1,1,6,True,0.3827049446252069,,1,1,0,False,False,0.3827049446252069,True,six_task_mean_complete_only = mean of six tasks ONLY when n_tasks_valid == 6; partial_task_mean = mean over the available tasks ONLY when 1 <= n_tasks_valid <= 5; legacy_* keeps the original skipna row mean for traceability and is NOT a six-task mean
Triangle104_Dolphin3-Llama3.2-Smart,Triangle104/Dolphin3-Llama3.2-Smart,0.413660199382084,0.3945495573685124,0.0211480362537764,0.2692953020134228,0.3915343915343915,0.2194980053191489,1,1,1,1,1,1,6,True,0.284947581978556,,1,1,0,False,False,0.284947581978556,True,six_task_mean_complete_only = mean of six tasks ONLY when n_tasks_valid == 6; partial_task_mean = mean over the available tasks ONLY when 1 <= n_tasks_valid <= 5; legacy_* keeps the original skipna row mean for traceability and is NOT a six-task mean
Triangle104_Llama3.1-Allades-Lit-8b,Triangle104/Llama3.1-Allades-Lit-8b,0.2461236186651418,0.4164207602846728,0.0022658610271903,0.2843959731543624,0.3703703703703703,0.2724401595744681,1,1,1,1,1,1,6,True,0.2653361238460343,,1,1,0,False,False,0.2653361238460343,True,six_task_mean_complete_only = mean of six tasks ONLY when n_tasks_valid == 6; partial_task_mean = mean over the available tasks ONLY when 1 <= n_tasks_valid <= 5; legacy_* keeps the original skipna row mean for traceability and is NOT a six-task mean
Triangle104_Mistral-Small-24b-Harmony,Triangle104/Mistral-Small-24b-Harmony,0.1687123498982699,0.6422496094428051,0.1910876132930513,0.384228187919463,0.4272486772486772,0.5430518617021277,1,1,1,1,1,1,6,True,0.392763049917399,,1,1,0,False,False,0.392763049917399,True,six_task_mean_complete_only = mean of six tasks ONLY when n_tasks_valid == 6; partial_task_mean = mean over the available tasks ONLY when 1 <= n_tasks_valid <= 5; legacy_* keeps the original skipna row mean for traceability and is NOT a six-task mean
Triangle104_Phi-4-AbliteratedRP,Triangle104/Phi-4-AbliteratedRP,0.4922705089163419,0.6698489845512932,0.3028700906344411,0.3951342281879195,0.5092592592592593,0.530751329787234,1,1,1,1,1,1,6,True,0.48335573355608147,,1,1,0,False,False,0.48335573355608147,True,six_task_mean_complete_only = mean of six tasks ONLY when n_tasks_valid == 6; partial_task_mean = mean over the available tasks ONLY when 1 <= n_tasks_valid <= 5; legacy_* keeps the original skipna row mean for traceability and is NOT a six-task mean
Triangle104_Phi4-RP-o1,Triangle104/Phi4-RP-o1,0.0220071632158229,0.6637736504079152,0.3602719033232628,0.3733221476510067,0.4748677248677249,0.5110538563829787,1,1,1,1,1,1,6,True,0.4008827409747852,,1,1,0,False,False,0.4008827409747852,True,six_task_mean_complete_only = mean of six tasks ONLY when n_tasks_valid == 6; partial_task_mean = mean over the available tasks ONLY when 1 <= n_tasks_valid <= 5; legacy_* keeps the original skipna row mean for traceability and is NOT a six-task mean
Triangle104_Phi4-RP-o1-Ablit,Triangle104/Phi4-RP-o1-Ablit,0.0238555920513127,0.661169935775039,0.3882175226586102,0.3632550335570469,0.4748677248677249,0.5104720744680851,1,1,1,1,1,1,6,True,0.40363964722963647,,1,1,0,False,False,0.40363964722963647,True,six_task_mean_complete_only = mean of six tasks ONLY when n_tasks_valid == 6; partial_task_mean = mean over the available tasks ONLY when 1 <= n_tasks_valid <= 5; legacy_* keeps the original skipna row mean for traceability and is NOT a six-task mean
Triangle104_Porpoise-R1-Llama3.2-3b,Triangle104/Porpoise-R1-Llama3.2-3b,0.4352174452674459,0.3792744315223051,0.0422960725075528,0.2667785234899328,0.3571428571428571,0.2116855053191489,1,1,1,1,1,1,6,True,0.2820658058748738,,1,1,0,False,False,0.2820658058748738,True,six_task_mean_complete_only = mean of six tasks ONLY when n_tasks_valid == 6; partial_task_mean = mean over the available tasks ONLY when 1 <= n_tasks_valid <= 5; legacy_* keeps the original skipna row mean for traceability and is NOT a six-task mean
Triangle104_RomboHermes3-R1-Llama3.2-3b,Triangle104/RomboHermes3-R1-Llama3.2-3b,0.300728733094855,0.4266620378406526,0.0815709969788519,0.2835570469798658,0.365079365079365,0.2957114361702128,1,1,1,1,1,1,6,True,0.2922182693573005,,1,1,0,False,False,0.2922182693573005,True,six_task_mean_complete_only = mean of six tasks ONLY when n_tasks_valid == 6; partial_task_mean = mean over the available tasks ONLY when 1 <= n_tasks_valid <= 5; legacy_* keeps the original skipna row mean for traceability and is NOT a six-task mean
UCLA-AGI_Gemma-2-9B-It-SPPO-Iter2,UCLA-AGI/Gemma-2-9B-It-SPPO-Iter2,0.3100196367859502,0.5976392987328589,0.0,0.3347315436241611,0.4126984126984127,0.386968085106383,1,1,1,1,1,1,6,True,0.3403428294912943,,1,1,0,False,False,0.3403428294912943,True,six_task_mean_complete_only = mean of six tasks ONLY when n_tasks_valid == 6; partial_task_mean = mean over the available tasks ONLY when 1 <= n_tasks_valid <= 5; legacy_* keeps the original skipna row mean for traceability and is NOT a six-task mean
UCLA-AGI_Gemma-2-9B-It-SPPO-Iter3,UCLA-AGI/Gemma-2-9B-It-SPPO-Iter3,0.316714096375395,0.5992015275125846,0.0,0.3389261744966443,0.4153439153439153,0.382563164893617,1,1,1,1,1,1,6,True,0.3421248131036927,,1,1,0,False,False,0.3421248131036927,True,six_task_mean_complete_only = mean of six tasks ONLY when n_tasks_valid == 6; partial_task_mean = mean over the available tasks ONLY when 1 <= n_tasks_valid <= 5; legacy_* keeps the original skipna row mean for traceability and is NOT a six-task mean
UCLA-AGI_Llama-3-Instruct-8B-SPPO-Iter3,UCLA-AGI/Llama-3-Instruct-8B-SPPO-Iter3,0.6828127147080857,0.5063357056066655,0.073262839879154,0.2651006711409396,0.365079365079365,0.3644448138297872,1,1,1,1,1,1,6,True,0.3761726850406662,,1,1,0,False,False,0.3761726850406662,True,six_task_mean_complete_only = mean of six tasks ONLY when n_tasks_valid == 6; partial_task_mean = mean over the available tasks ONLY when 1 <= n_tasks_valid <= 5; legacy_* keeps the original skipna row mean for traceability and is NOT a six-task mean
UCLA-AGI_Mistral7B-PairRM-SPPO,UCLA-AGI/Mistral7B-PairRM-SPPO,0.4354922716170871,0.4412428397847596,0.0241691842900302,0.2810402684563758,0.3955026455026455,0.2620511968085106,1,1,1,1,1,1,6,True,0.3065830677432348,,1,1,0,False,False,0.3065830677432348,True,six_task_mean_complete_only = mean of six tasks ONLY when n_tasks_valid == 6; partial_task_mean = mean over the available tasks ONLY when 1 <= n_tasks_valid <= 5; legacy_* keeps the original skipna row mean for traceability and is NOT a six-task mean
UCLA-AGI_Mistral7B-PairRM-SPPO-Iter2,UCLA-AGI/Mistral7B-PairRM-SPPO-Iter2,0.4445848127413041,0.4455823641728866,0.0151057401812688,0.2885906040268456,0.4074074074074074,0.2677027925531915,1,1,1,1,1,1,6,True,0.311495620180484,,1,1,0,False,False,0.311495620180484,True,six_task_mean_complete_only = mean of six tasks ONLY when n_tasks_valid == 6; partial_task_mean = mean over the available tasks ONLY when 1 <= n_tasks_valid <= 5; legacy_* keeps the original skipna row mean for traceability and is NOT a six-task mean
UCLA-AGI_Mistral7B-PairRM-SPPO-Iter3,UCLA-AGI/Mistral7B-PairRM-SPPO-Iter3,0.4350678422142138,0.4382919632008332,0.0158610271903323,0.2751677852348993,0.4060846560846561,0.2657912234042553,1,1,1,1,1,1,6,True,0.30604408288819834,,1,1,0,False,False,0.30604408288819834,True,six_task_mean_complete_only = mean of six tasks ONLY when n_tasks_valid == 6; partial_task_mean = mean over the available tasks ONLY when 1 <= n_tasks_valid <= 5; legacy_* keeps the original skipna row mean for traceability and is NOT a six-task mean
UKzExecution_LlamaExecutor-8B-3.0.5,UKzExecution/LlamaExecutor-8B-3.0.5,0.740290207759855,0.4992188856101371,0.0853474320241691,0.2558724832214765,0.3743386243386243,0.3625332446808511,1,1,1,1,1,1,6,True,0.3862668129391855,,1,1,0,False,False,0.3862668129391855,True,six_task_mean_complete_only = mean of six tasks ONLY when n_tasks_valid == 6; partial_task_mean = mean over the available tasks ONLY when 1 <= n_tasks_valid <= 5; legacy_* keeps the original skipna row mean for traceability and is NOT a six-task mean
VAGOsolutions_Llama-3-SauerkrautLM-70b-Instruct,VAGOsolutions/Llama-3-SauerkrautLM-70b-Instruct,0.8044621604010691,0.6639472313834404,0.2167673716012084,0.3280201342281879,0.4325396825396825,0.5392287234042553,1,1,1,1,1,1,6,True,0.49749421725964055,,1,1,0,False,False,0.49749421725964055,True,six_task_mean_complete_only = mean of six tasks ONLY when n_tasks_valid == 6; partial_task_mean = mean over the available tasks ONLY when 1 <= n_tasks_valid <= 5; legacy_* keeps the original skipna row mean for traceability and is NOT a six-task mean
VAGOsolutions_Llama-3-SauerkrautLM-8b-Instruct,VAGOsolutions/Llama-3-SauerkrautLM-8b-Instruct,0.744536718130117,0.492622808540184,0.0574018126888217,0.3087248322147651,0.4232804232804232,0.3857214095744681,1,1,1,1,1,1,6,True,0.4020480007381299,,1,1,0,False,False,0.4020480007381299,True,six_task_mean_complete_only = mean of six tasks ONLY when n_tasks_valid == 6; partial_task_mean = mean over the available tasks ONLY when 1 <= n_tasks_valid <= 5; legacy_* keeps the original skipna row mean for traceability and is NOT a six-task mean
VAGOsolutions_Llama-3.1-SauerkrautLM-8b-Instruct,VAGOsolutions/Llama-3.1-SauerkrautLM-8b-Instruct,0.8017393848322452,0.5080715153619163,0.1117824773413897,0.2902684563758389,0.414021164021164,0.3890458776595745,1,1,1,1,1,1,6,True,0.41915481259868814,,1,1,0,False,False,0.41915481259868814,True,six_task_mean_complete_only = mean of six tasks ONLY when n_tasks_valid == 6; partial_task_mean = mean over the available tasks ONLY when 1 <= n_tasks_valid <= 5; legacy_* keeps the original skipna row mean for traceability and is NOT a six-task mean
VAGOsolutions_SauerkrautLM-Gemma-2b,VAGOsolutions/SauerkrautLM-Gemma-2b,0.2475221301701707,0.3398715500781114,0.0196374622356495,0.2567114093959731,0.3664021164021164,0.1468583776595744,1,1,1,1,1,1,6,True,0.22950050765693256,,1,1,0,False,False,0.22950050765693256,True,six_task_mean_complete_only = mean of six tasks ONLY when n_tasks_valid == 6; partial_task_mean = mean over the available tasks ONLY when 1 <= n_tasks_valid <= 5; legacy_* keeps the original skipna row mean for traceability and is NOT a six-task mean
VAGOsolutions_SauerkrautLM-gemma-2-9b-it,VAGOsolutions/SauerkrautLM-gemma-2-9b-it,0.3024009627787604,0.6071862523867384,0.0052870090634441,0.3271812080536913,0.4312169312169312,0.4090757978723404,1,1,1,1,1,1,6,True,0.3470580268953176,,1,1,0,False,False,0.3470580268953176,True,six_task_mean_complete_only = mean of six tasks ONLY when n_tasks_valid == 6; partial_task_mean = mean over the available tasks ONLY when 1 <= n_tasks_valid <= 5; legacy_* keeps the original skipna row mean for traceability and is NOT a six-task mean
VIRNECT_llama-3-Korean-8B-r-v-0.1,VIRNECT/llama-3-Korean-8B-r-v-0.1,0.4915712531638275,0.4787363304981774,0.0717522658610271,0.2424496644295302,0.3664021164021164,0.3259640957446808,1,1,1,1,1,1,6,True,0.32947928768322654,,1,1,0,False,False,0.32947928768322654,True,six_task_mean_complete_only = mean of six tasks ONLY when n_tasks_valid == 6; partial_task_mean = mean over the available tasks ONLY when 1 <= n_tasks_valid <= 5; legacy_* keeps the original skipna row mean for traceability and is NOT a six-task mean
ValiantLabs_Llama3.1-70B-ShiningValiant2,ValiantLabs/Llama3.1-70B-ShiningValiant2,0.5355346037402979,0.6729734421107446,0.2719033232628399,0.3926174496644295,0.4669312169312169,0.5172872340425532,1,1,1,1,1,1,6,True,0.47620787829201366,,1,1,0,False,False,0.47620787829201366,True,six_task_mean_complete_only = mean of six tasks ONLY when n_tasks_valid == 6; partial_task_mean = mean over the available tasks ONLY when 1 <= n_tasks_valid <= 5; legacy_* keeps the original skipna row mean for traceability and is NOT a six-task mean
ValiantLabs_Llama3.1-8B-Fireplace2,ValiantLabs/Llama3.1-8B-Fireplace2,0.5483240025354947,0.4582537753862176,0.0581570996978852,0.2885906040268456,0.3425925925925926,0.2406914893617021,1,1,1,1,1,1,6,True,0.322768260600123,,1,1,0,False,False,0.322768260600123,True,six_task_mean_complete_only = mean of six tasks ONLY when n_tasks_valid == 6; partial_task_mean = mean over the available tasks ONLY when 1 <= n_tasks_valid <= 5; legacy_* keeps the original skipna row mean for traceability and is NOT a six-task mean
ValiantLabs_Llama3.2-3B-Esper2,ValiantLabs/Llama3.2-3B-Esper2,0.2749748445236417,0.381183822253081,0.0219033232628398,0.2701342281879195,0.3544973544973545,0.2257313829787234,1,1,1,1,1,1,6,True,0.25473749261726,,1,1,0,False,False,0.25473749261726,True,six_task_mean_complete_only = mean of six tasks ONLY when n_tasks_valid == 6; partial_task_mean = mean over the available tasks ONLY when 1 <= n_tasks_valid <= 5; legacy_* keeps the original skipna row mean for traceability and is NOT a six-task mean
Weyaxi_Einstein-v6.1-Llama3-8B,Weyaxi/Einstein-v6.1-Llama3-8B,0.4568245588372186,0.4980038187814615,0.0574018126888217,0.2818791946308724,0.4206349206349206,0.3130817819148936,1,1,1,1,1,1,6,True,0.33797101458136475,,1,1,0,False,False,0.33797101458136475,True,six_task_mean_complete_only = mean of six tasks ONLY when n_tasks_valid == 6; partial_task_mean = mean over the available tasks ONLY when 1 <= n_tasks_valid <= 5; legacy_* keeps the original skipna row mean for traceability and is NOT a six-task mean
Weyaxi_Einstein-v6.1-developed-by-Weyaxi-Llama3-8B,Weyaxi/Einstein-v6.1-developed-by-Weyaxi-Llama3-8B,0.392702473880415,0.5018226002430134,0.0558912386706948,0.273489932885906,0.4325396825396825,0.3092586436170212,1,1,1,1,1,1,6,True,0.3276174286394555,,1,1,0,False,False,0.3276174286394555,True,six_task_mean_complete_only = mean of six tasks ONLY when n_tasks_valid == 6; partial_task_mean = mean over the available tasks ONLY when 1 <= n_tasks_valid <= 5; legacy_* keeps the original skipna row mean for traceability and is NOT a six-task mean
Weyaxi_Einstein-v7-Qwen2-7B,Weyaxi/Einstein-v7-Qwen2-7B,0.4099633417111043,0.5113695538968929,0.1518126888217522,0.299496644295302,0.4391534391534391,0.4095744680851064,1,1,1,1,1,1,6,True,0.3702283559939328,,1,1,0,False,False,0.3702283559939328,True,six_task_mean_complete_only = mean of six tasks ONLY when n_tasks_valid == 6; partial_task_mean = mean over the available tasks ONLY when 1 <= n_tasks_valid <= 5; legacy_* keeps the original skipna row mean for traceability and is NOT a six-task mean
Xiaojian9992024_Llama3.2-1B-THREADRIPPER,Xiaojian9992024/Llama3.2-1B-THREADRIPPER,0.5575916346405316,0.3523693803159173,0.0543806646525679,0.2609060402684564,0.3121693121693121,0.1762799202127659,1,1,1,1,1,1,6,True,0.2856161587099252,,1,1,0,False,False,0.2856161587099252,True,six_task_mean_complete_only = mean of six tasks ONLY when n_tasks_valid == 6; partial_task_mean = mean over the available tasks ONLY when 1 <= n_tasks_valid <= 5; legacy_* keeps the original skipna row mean for traceability and is NOT a six-task mean
Xiaojian9992024_Llama3.2-1B-THREADRIPPER-v0.2,Xiaojian9992024/Llama3.2-1B-THREADRIPPER-v0.2,0.5317878783849076,0.349592084707516,0.0309667673716012,0.2659395973154362,0.3306878306878307,0.1745345744680851,1,1,1,1,1,1,6,True,0.2805847888225628,,1,1,0,False,False,0.2805847888225628,True,six_task_mean_complete_only = mean of six tasks ONLY when n_tasks_valid == 6; partial_task_mean = mean over the available tasks ONLY when 1 <= n_tasks_valid <= 5; legacy_* keeps the original skipna row mean for traceability and is NOT a six-task mean
Xiaojian9992024_Qwen2.5-THREADRIPPER-Medium-Censored,Xiaojian9992024/Qwen2.5-THREADRIPPER-Medium-Censored,0.8112064876749248,0.6412081235896546,0.533987915407855,0.3347315436241611,0.4126984126984127,0.4928523936170212,1,1,1,1,1,1,6,True,0.5377808127686715,,1,1,0,False,False,0.5377808127686715,True,six_task_mean_complete_only = mean of six tasks ONLY when n_tasks_valid == 6; partial_task_mean = mean over the available tasks ONLY when 1 <= n_tasks_valid <= 5; legacy_* keeps the original skipna row mean for traceability and is NOT a six-task mean
Xiaojian9992024_Qwen2.5-Ultra-1.5B-25.02-Exp,Xiaojian9992024/Qwen2.5-Ultra-1.5B-25.02-Exp,0.4073403015111017,0.4032286061447665,0.0830815709969788,0.2583892617449664,0.3373015873015873,0.2641289893617021,1,1,1,1,1,1,6,True,0.2922450528435171,,1,1,0,False,False,0.2922450528435171,True,six_task_mean_complete_only = mean of six tasks ONLY when n_tasks_valid == 6; partial_task_mean = mean over the available tasks ONLY when 1 <= n_tasks_valid <= 5; legacy_* keeps the original skipna row mean for traceability and is NOT a six-task mean
YOYO-AI_Qwen2.5-14B-YOYO-0505,YOYO-AI/Qwen2.5-14B-YOYO-0505,0.5882912893345214,0.6512758201701093,0.2288519637462235,0.3733221476510067,0.4748677248677249,0.5370678191489362,1,1,1,1,1,1,6,True,0.475612794153087,,1,1,0,False,False,0.475612794153087,True,six_task_mean_complete_only = mean of six tasks ONLY when n_tasks_valid == 6; partial_task_mean = mean over the available tasks ONLY when 1 <= n_tasks_valid <= 5; legacy_* keeps the original skipna row mean for traceability and is NOT a six-task mean
YOYO-AI_Qwen2.5-14B-YOYO-0805,YOYO-AI/Qwen2.5-14B-YOYO-0805,0.5882912893345214,0.6512758201701093,0.2288519637462235,0.3733221476510067,0.4748677248677249,0.5370678191489362,1,1,1,1,1,1,6,True,0.475612794153087,,1,1,0,False,False,0.475612794153087,True,six_task_mean_complete_only = mean of six tasks ONLY when n_tasks_valid == 6; partial_task_mean = mean over the available tasks ONLY when 1 <= n_tasks_valid <= 5; legacy_* keeps the original skipna row mean for traceability and is NOT a six-task mean
YOYO-AI_Qwen2.5-14B-YOYO-1010,YOYO-AI/Qwen2.5-14B-YOYO-1010,0.5898648918203699,0.6516229821211595,0.2212990936555891,0.3833892617449664,0.4735449735449735,0.5375664893617021,1,1,1,1,1,1,6,True,0.4762146153747935,,1,1,0,False,False,0.4762146153747935,True,six_task_mean_complete_only = mean of six tasks ONLY when n_tasks_valid == 6; partial_task_mean = mean over the available tasks ONLY when 1 <= n_tasks_valid <= 5; legacy_* keeps the original skipna row mean for traceability and is NOT a six-task mean
YOYO-AI_Qwen2.5-14B-YOYO-SCE,YOYO-AI/Qwen2.5-14B-YOYO-SCE,0.5843694729983111,0.6467627148064572,0.2318731117824773,0.3741610738255033,0.4695767195767196,0.5380651595744681,1,1,1,1,1,1,6,True,0.47413470876065605,,1,1,0,False,False,0.47413470876065605,True,six_task_mean_complete_only = mean of six tasks ONLY when n_tasks_valid == 6; partial_task_mean = mean over the available tasks ONLY when 1 <= n_tasks_valid <= 5; legacy_* keeps the original skipna row mean for traceability and is NOT a six-task mean
YOYO-AI_Qwen2.5-14B-YOYO-V4,YOYO-AI/Qwen2.5-14B-YOYO-V4,0.8397828871837835,0.6474570387085575,0.5347432024169184,0.3221476510067114,0.41005291005291,0.5169547872340425,1,1,1,1,1,1,6,True,0.5451897461004872,,1,1,0,False,False,0.5451897461004872,True,six_task_mean_complete_only = mean of six tasks ONLY when n_tasks_valid == 6; partial_task_mean = mean over the available tasks ONLY when 1 <= n_tasks_valid <= 5; legacy_* keeps the original skipna row mean for traceability and is NOT a six-task mean
YOYO-AI_Qwen2.5-14B-YOYO-V4-p2,YOYO-AI/Qwen2.5-14B-YOYO-V4-p2,0.8047868544351211,0.6328762367644506,0.5166163141993958,0.3271812080536913,0.4417989417989418,0.4967586436170212,1,1,1,1,1,1,6,True,0.536669699811437,,1,1,0,False,False,0.536669699811437,True,six_task_mean_complete_only = mean of six tasks ONLY when n_tasks_valid == 6; partial_task_mean = mean over the available tasks ONLY when 1 <= n_tasks_valid <= 5; legacy_* keeps the original skipna row mean for traceability and is NOT a six-task mean
YOYO-AI_Qwen2.5-14B-YOYO-latest,YOYO-AI/Qwen2.5-14B-YOYO-latest,0.591063932587756,0.6642943933344906,0.3202416918429003,0.3825503355704698,0.4682539682539682,0.5370678191489362,1,1,1,1,1,1,6,True,0.4939120234564202,,1,1,0,False,False,0.4939120234564202,True,six_task_mean_complete_only = mean of six tasks ONLY when n_tasks_valid == 6; partial_task_mean = mean over the available tasks ONLY when 1 <= n_tasks_valid <= 5; legacy_* keeps the original skipna row mean for traceability and is NOT a six-task mean
YOYO-AI_Qwen2.5-14B-YOYO-latest-V2,YOYO-AI/Qwen2.5-14B-YOYO-latest-V2,0.7780588837617521,0.6271480645721229,0.5158610271903323,0.3540268456375839,0.4285714285714285,0.5223570478723404,1,1,1,1,1,1,6,True,0.5376705496009266,,1,1,0,False,False,0.5376705496009266,True,six_task_mean_complete_only = mean of six tasks ONLY when n_tasks_valid == 6; partial_task_mean = mean over the available tasks ONLY when 1 <= n_tasks_valid <= 5; legacy_* keeps the original skipna row mean for traceability and is NOT a six-task mean
YOYO-AI_Qwen2.5-7B-it-restore,YOYO-AI/Qwen2.5-7B-it-restore,0.7530796065550517,0.5381010241277556,0.5,0.3011744966442953,0.3994708994708995,0.4287732712765957,1,1,1,1,1,1,6,True,0.48676654967909966,,1,1,0,False,False,0.48676654967909966,True,six_task_mean_complete_only = mean of six tasks ONLY when n_tasks_valid == 6; partial_task_mean = mean over the available tasks ONLY when 1 <= n_tasks_valid <= 5; legacy_* keeps the original skipna row mean for traceability and is NOT a six-task mean
YOYO-AI_ZYH-LLM-Qwen2.5-14B,YOYO-AI/ZYH-LLM-Qwen2.5-14B,0.594111402190632,0.6625585835792397,0.2968277945619335,0.3859060402684564,0.4748677248677249,0.5350731382978723,1,1,1,1,1,1,6,True,0.49155744729430983,,1,1,0,False,False,0.49155744729430983,True,six_task_mean_complete_only = mean of six tasks ONLY when n_tasks_valid == 6; partial_task_mean = mean over the available tasks ONLY when 1 <= n_tasks_valid <= 5; legacy_* keeps the original skipna row mean for traceability and is NOT a six-task mean
YOYO-AI_ZYH-LLM-Qwen2.5-14B-V2,YOYO-AI/ZYH-LLM-Qwen2.5-14B-V2,0.5070834275278483,0.6429439333449054,0.3542296072507553,0.3791946308724832,0.4682539682539682,0.5371509308510638,1,1,1,1,1,1,6,True,0.48147608301683736,,1,1,0,False,False,0.48147608301683736,True,six_task_mean_complete_only = mean of six tasks ONLY when n_tasks_valid == 6; partial_task_mean = mean over the available tasks ONLY when 1 <= n_tasks_valid <= 5; legacy_* keeps the original skipna row mean for traceability and is NOT a six-task mean
Youlln_ECE-Qwen0.5B-FT-V2,Youlln/ECE-Qwen0.5B-FT-V2,0.2525931195893562,0.3270265578892553,0.0120845921450151,0.2667785234899328,0.3055555555555556,0.1665558510638297,1,1,1,1,1,1,6,True,0.22176569995549078,,1,1,0,False,False,0.22176569995549078,True,six_task_mean_complete_only = mean of six tasks ONLY when n_tasks_valid == 6; partial_task_mean = mean over the available tasks ONLY when 1 <= n_tasks_valid <= 5; legacy_* keeps the original skipna row mean for traceability and is NOT a six-task mean
Yuma42_Llama3.1-IgneousIguana-8B,Yuma42/Llama3.1-IgneousIguana-8B,0.8133297428600558,0.5169241451136956,0.2197885196374622,0.3104026845637584,0.4193121693121693,0.3973570478723404,1,1,1,1,1,1,6,True,0.44618571822658026,,1,1,0,False,False,0.44618571822658026,True,six_task_mean_complete_only = mean of six tasks ONLY when n_tasks_valid == 6; partial_task_mean = mean over the available tasks ONLY when 1 <= n_tasks_valid <= 5; legacy_* keeps the original skipna row mean for traceability and is NOT a six-task mean
ZeroXClem_Llama-3.1-8B-AthenaSky-MegaMix,ZeroXClem/Llama-3.1-8B-AthenaSky-MegaMix,0.63008151704145,0.51570907828502,0.2794561933534743,0.2776845637583892,0.3531746031746032,0.3503989361702128,1,1,1,1,1,1,6,True,0.40108414863052483,,1,1,0,False,False,0.40108414863052483,True,six_task_mean_complete_only = mean of six tasks ONLY when n_tasks_valid == 6; partial_task_mean = mean over the available tasks ONLY when 1 <= n_tasks_valid <= 5; legacy_* keeps the original skipna row mean for traceability and is NOT a six-task mean
ZeroXClem_Llama-3.1-8B-SuperNova-EtherealHermes,ZeroXClem/Llama-3.1-8B-SuperNova-EtherealHermes,0.7338705745200512,0.5229994792570735,0.1744712990936555,0.2927852348993288,0.4060846560846561,0.374501329787234,1,1,1,1,1,1,6,True,0.4174520956069998,,1,1,0,False,False,0.4174520956069998,True,six_task_mean_complete_only = mean of six tasks ONLY when n_tasks_valid == 6; partial_task_mean = mean over the available tasks ONLY when 1 <= n_tasks_valid <= 5; legacy_* keeps the original skipna row mean for traceability and is NOT a six-task mean
ZeroXClem_Qwen-2.5-Aether-SlerpFusion-7B,ZeroXClem/Qwen-2.5-Aether-SlerpFusion-7B,0.6261597007052399,0.5433084533935081,0.2416918429003021,0.2986577181208054,0.4166666666666667,0.4326795212765957,1,1,1,1,1,1,6,True,0.4265273171771862,,1,1,0,False,False,0.4265273171771862,True,six_task_mean_complete_only = mean of six tasks ONLY when n_tasks_valid == 6; partial_task_mean = mean over the available tasks ONLY when 1 <= n_tasks_valid <= 5; legacy_* keeps the original skipna row mean for traceability and is NOT a six-task mean
ZeroXClem_Qwen2.5-7B-HomerAnvita-NerdMix,ZeroXClem/Qwen2.5-7B-HomerAnvita-NerdMix,0.7707649037886142,0.551640340218712,0.2953172205438066,0.3196308724832215,0.4378306878306878,0.4431515957446808,1,1,1,1,1,1,6,True,0.4697226034349538,,1,1,0,False,False,0.4697226034349538,True,six_task_mean_complete_only = mean of six tasks ONLY when n_tasks_valid == 6; partial_task_mean = mean over the available tasks ONLY when 1 <= n_tasks_valid <= 5; legacy_* keeps the original skipna row mean for traceability and is NOT a six-task mean
abacusai_Liberated-Qwen1.5-14B,abacusai/Liberated-Qwen1.5-14B,0.363701644968683,0.492622808540184,0.1117824773413897,0.2835570469798658,0.4166666666666667,0.3507313829787234,1,1,1,1,1,1,6,True,0.3365103379125854,,1,1,0,False,False,0.3365103379125854,True,six_task_mean_complete_only = mean of six tasks ONLY when n_tasks_valid == 6; partial_task_mean = mean over the available tasks ONLY when 1 <= n_tasks_valid <= 5; legacy_* keeps the original skipna row mean for traceability and is NOT a six-task mean
abacusai_bigyi-15b,abacusai/bigyi-15b,0.2094032722066339,0.4332581149106058,0.0234138972809667,0.3095637583892617,0.3531746031746032,0.300282579787234,1,1,1,1,1,1,6,True,0.27151603762488424,,1,1,0,False,False,0.27151603762488424,True,six_task_mean_complete_only = mean of six tasks ONLY when n_tasks_valid == 6; partial_task_mean = mean over the available tasks ONLY when 1 <= n_tasks_valid <= 5; legacy_* keeps the original skipna row mean for traceability and is NOT a six-task mean
abideen_MedPhi-4-14B-v1,abideen/MedPhi-4-14B-v1,0.6276834355066778,0.6877278250303767,0.2454682779456193,0.3439597315436241,0.414021164021164,0.5338264627659575,1,1,1,1,1,1,6,True,0.4754478161355699,,1,1,0,False,False,0.4754478161355699,True,six_task_mean_complete_only = mean of six tasks ONLY when n_tasks_valid == 6; partial_task_mean = mean over the available tasks ONLY when 1 <= n_tasks_valid <= 5; legacy_* keeps the original skipna row mean for traceability and is NOT a six-task mean
agentlans_Llama3.1-8B-drill,agentlans/Llama3.1-8B-drill,0.765169749597734,0.5006075334143378,0.1654078549848942,0.2676174496644295,0.3664021164021164,0.3775764627659574,1,1,1,1,1,1,6,True,0.4071301944715782,,1,1,0,False,False,0.4071301944715782,True,six_task_mean_complete_only = mean of six tasks ONLY when n_tasks_valid == 6; partial_task_mean = mean over the available tasks ONLY when 1 <= n_tasks_valid <= 5; legacy_* keeps the original skipna row mean for traceability and is NOT a six-task mean
agentlans_Llama3.1-Daredevilish,agentlans/Llama3.1-Daredevilish,0.6291573026237051,0.499045304634612,0.127643504531722,0.3011744966442953,0.4087301587301587,0.3696808510638298,1,1,1,1,1,1,6,True,0.38923860303805385,,1,1,0,False,False,0.38923860303805385,True,six_task_mean_complete_only = mean of six tasks ONLY when n_tasks_valid == 6; partial_task_mean = mean over the available tasks ONLY when 1 <= n_tasks_valid <= 5; legacy_* keeps the original skipna row mean for traceability and is NOT a six-task mean
agentlans_Qwen2.5-0.5B-Instruct-CrashCourse-dropout,agentlans/Qwen2.5-0.5B-Instruct-CrashCourse-dropout,0.2948831323111566,0.3292831105710814,0.0007552870090634,0.2634228187919463,0.3333333333333333,0.1608211436170212,1,1,1,1,1,1,6,True,0.2304164709389337,,1,1,0,False,False,0.2304164709389337,True,six_task_mean_complete_only = mean of six tasks ONLY when n_tasks_valid == 6; partial_task_mean = mean over the available tasks ONLY when 1 <= n_tasks_valid <= 5; legacy_* keeps the original skipna row mean for traceability and is NOT a six-task mean
akhadangi_Llama3.2.1B.0.01-First,akhadangi/Llama3.2.1B.0.01-First,0.0813585730306697,0.3160909564311751,0.0181268882175226,0.2483221476510067,0.3187830687830688,0.1196808510638298,1,1,1,1,1,1,6,True,0.18372708086287878,,1,1,0,False,False,0.18372708086287878,True,six_task_mean_complete_only = mean of six tasks ONLY when n_tasks_valid == 6; partial_task_mean = mean over the available tasks ONLY when 1 <= n_tasks_valid <= 5; legacy_* keeps the original skipna row mean for traceability and is NOT a six-task mean
akhadangi_Llama3.2.1B.0.1-First,akhadangi/Llama3.2.1B.0.1-First,0.1000933079783862,0.309494879361222,0.0211480362537764,0.2449664429530201,0.3293650793650793,0.116938164893617,1,1,1,1,1,1,6,True,0.1870009851341835,,1,1,0,False,False,0.1870009851341835,True,six_task_mean_complete_only = mean of six tasks ONLY when n_tasks_valid == 6; partial_task_mean = mean over the available tasks ONLY when 1 <= n_tasks_valid <= 5; legacy_* keeps the original skipna row mean for traceability and is NOT a six-task mean
akhadangi_Llama3.2.1B.BaseFiT,akhadangi/Llama3.2.1B.BaseFiT,0.0882779912853451,0.3155702135045999,0.0241691842900302,0.2533557046979866,0.3214285714285714,0.1171875,1,1,1,1,1,1,6,True,0.18666486086775555,,1,1,0,False,False,0.18666486086775555,True,six_task_mean_complete_only = mean of six tasks ONLY when n_tasks_valid == 6; partial_task_mean = mean over the available tasks ONLY when 1 <= n_tasks_valid <= 5; legacy_* keeps the original skipna row mean for traceability and is NOT a six-task mean
allenai_Llama-3.1-Tulu-3-70B,allenai/Llama-3.1-Tulu-3-70B,0.8291167435737177,0.6129144245790661,0.3821752265861027,0.3733221476510067,0.4933862433862434,0.4645113031914893,1,1,1,1,1,1,6,True,0.525904348161271,,1,1,0,False,False,0.525904348161271,True,six_task_mean_complete_only = mean of six tasks ONLY when n_tasks_valid == 6; partial_task_mean = mean over the available tasks ONLY when 1 <= n_tasks_valid <= 5; legacy_* keeps the original skipna row mean for traceability and is NOT a six-task mean
allenai_Llama-3.1-Tulu-3-8B-DPO,allenai/Llama-3.1-Tulu-3-8B-DPO,0.8029384255996312,0.4047908349244922,0.1858006042296072,0.2936241610738255,0.4153439153439153,0.2898105053191489,1,1,1,1,1,1,6,True,0.3987180744151034,,1,1,0,False,False,0.3987180744151034,True,six_task_mean_complete_only = mean of six tasks ONLY when n_tasks_valid == 6; partial_task_mean = mean over the available tasks ONLY when 1 <= n_tasks_valid <= 5; legacy_* keeps the original skipna row mean for traceability and is NOT a six-task mean
allenai_Llama-3.1-Tulu-3-8B-RM,allenai/Llama-3.1-Tulu-3-8B-RM,0.1670135241160121,0.292657524735289,0.0,0.2567114093959731,0.3756613756613756,0.1082114361702127,1,1,1,1,1,1,6,True,0.20004254501314375,,1,1,0,False,False,0.20004254501314375,True,six_task_mean_complete_only = mean of six tasks ONLY when n_tasks_valid == 6; partial_task_mean = mean over the available tasks ONLY when 1 <= n_tasks_valid <= 5; legacy_* keeps the original skipna row mean for traceability and is NOT a six-task mean
allenai_Llama-3.1-Tulu-3-8B-SFT,allenai/Llama-3.1-Tulu-3-8B-SFT,0.7403400754442657,0.3834403749349071,0.11404833836858,0.2776845637583892,0.4259259259259259,0.2811668882978723,1,1,1,1,1,1,6,True,0.3704343611216567,,1,1,0,False,False,0.3704343611216567,True,six_task_mean_complete_only = mean of six tasks ONLY when n_tasks_valid == 6; partial_task_mean = mean over the available tasks ONLY when 1 <= n_tasks_valid <= 5; legacy_* keeps the original skipna row mean for traceability and is NOT a six-task mean
allknowingroger_Gemma2Slerp1-2.6B,allknowingroger/Gemma2Slerp1-2.6B,0.5354348683714766,0.4322166290574553,0.1019637462235649,0.2835570469798658,0.455026455026455,0.2688663563829787,1,1,1,1,1,1,6,True,0.3461775170069661,,1,1,0,False,False,0.3461775170069661,True,six_task_mean_complete_only = mean of six tasks ONLY when n_tasks_valid == 6; partial_task_mean = mean over the available tasks ONLY when 1 <= n_tasks_valid <= 5; legacy_* keeps the original skipna row mean for traceability and is NOT a six-task mean
allknowingroger_Gemma2Slerp1-27B,allknowingroger/Gemma2Slerp1-27B,0.7186332265056716,0.6370421801770526,0.2492447129909365,0.3640939597315436,0.4761904761904761,0.4456449468085106,1,1,1,1,1,1,6,True,0.48180825040069847,,1,1,0,False,False,0.48180825040069847,True,six_task_mean_complete_only = mean of six tasks ONLY when n_tasks_valid == 6; partial_task_mean = mean over the available tasks ONLY when 1 <= n_tasks_valid <= 5; legacy_* keeps the original skipna row mean for traceability and is NOT a six-task mean
allknowingroger_Gemma2Slerp2-27B,allknowingroger/Gemma2Slerp2-27B,0.7545534736720789,0.6528380489498351,0.243202416918429,0.3699664429530201,0.4616402116402116,0.4622672872340425,1,1,1,1,1,1,6,True,0.4907446468946029,,1,1,0,False,False,0.4907446468946029,True,six_task_mean_complete_only = mean of six tasks ONLY when n_tasks_valid == 6; partial_task_mean = mean over the available tasks ONLY when 1 <= n_tasks_valid <= 5; legacy_* keeps the original skipna row mean for traceability and is NOT a six-task mean
allknowingroger_Gemma2Slerp4-27B,allknowingroger/Gemma2Slerp4-27B,0.7496575752337131,0.6500607533414338,0.2288519637462235,0.3666107382550335,0.4497354497354497,0.4649268617021276,1,1,1,1,1,1,6,True,0.4849738903356635,,1,1,0,False,False,0.4849738903356635,True,six_task_mean_complete_only = mean of six tasks ONLY when n_tasks_valid == 6; partial_task_mean = mean over the available tasks ONLY when 1 <= n_tasks_valid <= 5; legacy_* keeps the original skipna row mean for traceability and is NOT a six-task mean
allknowingroger_GemmaSlerp5-10B,allknowingroger/GemmaSlerp5-10B,0.7353444416370785,0.6049296997049124,0.1978851963746223,0.3523489932885906,0.4603174603174603,0.4328457446808511,1,1,1,1,1,1,6,True,0.4639452560005859,,1,1,0,False,False,0.4639452560005859,True,six_task_mean_complete_only = mean of six tasks ONLY when n_tasks_valid == 6; partial_task_mean = mean over the available tasks ONLY when 1 <= n_tasks_valid <= 5; legacy_* keeps the original skipna row mean for traceability and is NOT a six-task mean
allknowingroger_GemmaStock1-27B,allknowingroger/GemmaStock1-27B,0.7509064836855099,0.6537059538274606,0.2590634441087613,0.3640939597315436,0.4523809523809524,0.4729886968085106,1,1,1,1,1,1,6,True,0.49218991509045645,,1,1,0,False,False,0.49218991509045645,True,six_task_mean_complete_only = mean of six tasks ONLY when n_tasks_valid == 6; partial_task_mean = mean over the available tasks ONLY when 1 <= n_tasks_valid <= 5; legacy_* keeps the original skipna row mean for traceability and is NOT a six-task mean
allknowingroger_Llama3.1-60B,allknowingroger/Llama3.1-60B,0.1814518810090559,0.3211248047214025,0.0,0.2944630872483221,0.3584656084656085,0.3310339095744681,1,1,1,1,1,1,6,True,0.2477565485031428,,1,1,0,False,False,0.2477565485031428,True,six_task_mean_complete_only = mean of six tasks ONLY when n_tasks_valid == 6; partial_task_mean = mean over the available tasks ONLY when 1 <= n_tasks_valid <= 5; legacy_* keeps the original skipna row mean for traceability and is NOT a six-task mean
allknowingroger_MistralPhi3-11B,allknowingroger/MistralPhi3-11B,0.1942911474886634,0.6217670543308453,0.0,0.3322147651006711,0.4259259259259259,0.46875,1,1,1,1,1,1,6,True,0.3404914821410176,,1,1,0,False,False,0.3404914821410176,True,six_task_mean_complete_only = mean of six tasks ONLY when n_tasks_valid == 6; partial_task_mean = mean over the available tasks ONLY when 1 <= n_tasks_valid <= 5; legacy_* keeps the original skipna row mean for traceability and is NOT a six-task mean
allknowingroger_Mistralmash2-7B-s,allknowingroger/Mistralmash2-7B-s,0.4101883003763348,0.5287276514494011,0.0709969788519637,0.2978187919463087,0.4365079365079365,0.3345246010638298,1,1,1,1,1,1,6,True,0.3464607100326291,,1,1,0,False,False,0.3464607100326291,True,six_task_mean_complete_only = mean of six tasks ONLY when n_tasks_valid == 6; partial_task_mean = mean over the available tasks ONLY when 1 <= n_tasks_valid <= 5; legacy_* keeps the original skipna row mean for traceability and is NOT a six-task mean
allknowingroger_Phi3mash1-17B-pass,allknowingroger/Phi3mash1-17B-pass,0.188421166948142,0.6110050338482902,0.0,0.3196308724832215,0.4444444444444444,0.4589428191489361,1,1,1,1,1,1,6,True,0.3370740561455057,,1,1,0,False,False,0.3370740561455057,True,six_task_mean_complete_only = mean of six tasks ONLY when n_tasks_valid == 6; partial_task_mean = mean over the available tasks ONLY when 1 <= n_tasks_valid <= 5; legacy_* keeps the original skipna row mean for traceability and is NOT a six-task mean
allknowingroger_Qwen2.5-42B-AGI,allknowingroger/Qwen2.5-42B-AGI,0.1912935455701981,0.290574553028988,0.0,0.2600671140939597,0.3611111111111111,0.1167719414893617,1,1,1,1,1,1,6,True,0.2033030442156031,,1,1,0,False,False,0.2033030442156031,True,six_task_mean_complete_only = mean of six tasks ONLY when n_tasks_valid == 6; partial_task_mean = mean over the available tasks ONLY when 1 <= n_tasks_valid <= 5; legacy_* keeps the original skipna row mean for traceability and is NOT a six-task mean
allknowingroger_Qwen2.5-7B-task3,allknowingroger/Qwen2.5-7B-task3,0.512903540383959,0.5361916333969797,0.2099697885196374,0.3171140939597315,0.4351851851851852,0.4501329787234042,1,1,1,1,1,1,6,True,0.4102495366948162,,1,1,0,False,False,0.4102495366948162,True,six_task_mean_complete_only = mean of six tasks ONLY when n_tasks_valid == 6; partial_task_mean = mean over the available tasks ONLY when 1 <= n_tasks_valid <= 5; legacy_* keeps the original skipna row mean for traceability and is NOT a six-task mean
allknowingroger_Qwen2.5-7B-task4,allknowingroger/Qwen2.5-7B-task4,0.5005385709916355,0.5552855407047388,0.2673716012084592,0.3204697986577181,0.4391534391534391,0.4561170212765957,1,1,1,1,1,1,6,True,0.42315599533209775,,1,1,0,False,False,0.42315599533209775,True,six_task_mean_complete_only = mean of six tasks ONLY when n_tasks_valid == 6; partial_task_mean = mean over the available tasks ONLY when 1 <= n_tasks_valid <= 5; legacy_* keeps the original skipna row mean for traceability and is NOT a six-task mean
allknowingroger_QwenSlerp12-7B,allknowingroger/QwenSlerp12-7B,0.5075577246151324,0.5533761499739629,0.2673716012084592,0.3154362416107382,0.458994708994709,0.4460605053191489,1,1,1,1,1,1,6,True,0.4247994886203584,,1,1,0,False,False,0.4247994886203584,True,six_task_mean_complete_only = mean of six tasks ONLY when n_tasks_valid == 6; partial_task_mean = mean over the available tasks ONLY when 1 <= n_tasks_valid <= 5; legacy_* keeps the original skipna row mean for traceability and is NOT a six-task mean
allknowingroger_QwenSlerp4-14B,allknowingroger/QwenSlerp4-14B,0.6327544249258634,0.6464155528554071,0.309667673716012,0.3724832214765101,0.4642857142857143,0.5435505319148937,1,1,1,1,1,1,6,True,0.4948595198624001,,1,1,0,False,False,0.4948595198624001,True,six_task_mean_complete_only = mean of six tasks ONLY when n_tasks_valid == 6; partial_task_mean = mean over the available tasks ONLY when 1 <= n_tasks_valid <= 5; legacy_* keeps the original skipna row mean for traceability and is NOT a six-task mean
allknowingroger_QwenSlerp6-14B,allknowingroger/QwenSlerp6-14B,0.6866846633598851,0.6372157611525777,0.3413897280966767,0.3733221476510067,0.4682539682539682,0.5405585106382979,1,1,1,1,1,1,6,True,0.5079041298587353,,1,1,0,False,False,0.5079041298587353,True,six_task_mean_complete_only = mean of six tasks ONLY when n_tasks_valid == 6; partial_task_mean = mean over the available tasks ONLY when 1 <= n_tasks_valid <= 5; legacy_* keeps the original skipna row mean for traceability and is NOT a six-task mean
allknowingroger_QwenStock1-14B,allknowingroger/QwenStock1-14B,0.5634117474966422,0.6511022391945843,0.2938066465256798,0.3766778523489933,0.4722222222222222,0.5418051861702128,1,1,1,1,1,1,6,True,0.48317098232638905,,1,1,0,False,False,0.48317098232638905,True,six_task_mean_complete_only = mean of six tasks ONLY when n_tasks_valid == 6; partial_task_mean = mean over the available tasks ONLY when 1 <= n_tasks_valid <= 5; legacy_* keeps the original skipna row mean for traceability and is NOT a six-task mean
allknowingroger_QwenStock2-14B,allknowingroger/QwenStock2-14B,0.5563427261887348,0.654747439680611,0.2990936555891239,0.3791946308724832,0.4748677248677249,0.5405585106382979,1,1,1,1,1,1,6,True,0.4841341146394959,,1,1,0,False,False,0.4841341146394959,True,six_task_mean_complete_only = mean of six tasks ONLY when n_tasks_valid == 6; partial_task_mean = mean over the available tasks ONLY when 1 <= n_tasks_valid <= 5; legacy_* keeps the original skipna row mean for traceability and is NOT a six-task mean
allknowingroger_Qwenslerp3-14B,allknowingroger/Qwenslerp3-14B,0.5052349986923584,0.6498871723659086,0.2741691842900302,0.375,0.4669312169312169,0.5394780585106383,1,1,1,1,1,1,6,True,0.4684501051316921,,1,1,0,False,False,0.4684501051316921,True,six_task_mean_complete_only = mean of six tasks ONLY when n_tasks_valid == 6; partial_task_mean = mean over the available tasks ONLY when 1 <= n_tasks_valid <= 5; legacy_* keeps the original skipna row mean for traceability and is NOT a six-task mean
allknowingroger_Qwenslerp3-7B,allknowingroger/Qwenslerp3-7B,0.501837347127843,0.5551119597292137,0.2824773413897281,0.3246644295302013,0.451058201058201,0.4542054521276595,1,1,1,1,1,1,6,True,0.4282257884938077,,1,1,0,False,False,0.4282257884938077,True,six_task_mean_complete_only = mean of six tasks ONLY when n_tasks_valid == 6; partial_task_mean = mean over the available tasks ONLY when 1 <= n_tasks_valid <= 5; legacy_* keeps the original skipna row mean for traceability and is NOT a six-task mean
allknowingroger_ROGERphi-7B-slerp,allknowingroger/ROGERphi-7B-slerp,0.3861332375873793,0.515882659260545,0.066465256797583,0.2885906040268456,0.4682539682539682,0.3052692819148936,1,1,1,1,1,1,6,True,0.33843250130686914,,1,1,0,False,False,0.33843250130686914,True,six_task_mean_complete_only = mean of six tasks ONLY when n_tasks_valid == 6; partial_task_mean = mean over the available tasks ONLY when 1 <= n_tasks_valid <= 5; legacy_* keeps the original skipna row mean for traceability and is NOT a six-task mean
allknowingroger_Rombos-LLM-V2.5-Qwen-42b,allknowingroger/Rombos-LLM-V2.5-Qwen-42b,0.1879213819332704,0.2928311057108141,0.0,0.2625838926174497,0.3624338624338624,0.1167719414893617,1,1,1,1,1,1,6,True,0.20375703069745973,,1,1,0,False,False,0.20375703069745973,True,six_task_mean_complete_only = mean of six tasks ONLY when n_tasks_valid == 6; partial_task_mean = mean over the available tasks ONLY when 1 <= n_tasks_valid <= 5; legacy_* keeps the original skipna row mean for traceability and is NOT a six-task mean
allknowingroger_Yi-1.5-34B,allknowingroger/Yi-1.5-34B,0.1639161868287255,0.2798125325464329,0.0,0.2583892617449664,0.3849206349206349,0.1095412234042553,1,1,1,1,1,1,6,True,0.1994299732408358,,1,1,0,False,False,0.1994299732408358,True,six_task_mean_complete_only = mean of six tasks ONLY when n_tasks_valid == 6; partial_task_mean = mean over the available tasks ONLY when 1 <= n_tasks_valid <= 5; legacy_* keeps the original skipna row mean for traceability and is NOT a six-task mean
allknowingroger_Yislerp-34B,allknowingroger/Yislerp-34B,0.3691970637907419,0.6136087484811664,0.195619335347432,0.3582214765100671,0.4563492063492063,0.4751496010638298,1,1,1,1,1,1,6,True,0.41135757192374056,,1,1,0,False,False,0.41135757192374056,True,six_task_mean_complete_only = mean of six tasks ONLY when n_tasks_valid == 6; partial_task_mean = mean over the available tasks ONLY when 1 <= n_tasks_valid <= 5; legacy_* keeps the original skipna row mean for traceability and is NOT a six-task mean
allknowingroger_Yislerp2-34B,allknowingroger/Yislerp2-34B,0.3993470657854493,0.6228085401839958,0.2099697885196374,0.3640939597315436,0.4523809523809524,0.472406914893617,1,1,1,1,1,1,6,True,0.42016787024919927,,1,1,0,False,False,0.42016787024919927,True,six_task_mean_complete_only = mean of six tasks ONLY when n_tasks_valid == 6; partial_task_mean = mean over the available tasks ONLY when 1 <= n_tasks_valid <= 5; legacy_* keeps the original skipna row mean for traceability and is NOT a six-task mean
allura-org_Mistral-Small-24b-Sertraline-0304,allura-org/Mistral-Small-24b-Sertraline-0304,0.6799902037704402,0.6512758201701093,0.222809667673716,0.3515100671140939,0.4391534391534391,0.5105551861702128,1,1,1,1,1,1,6,True,0.47588239734200183,,1,1,0,False,False,0.47588239734200183,True,six_task_mean_complete_only = mean of six tasks ONLY when n_tasks_valid == 6; partial_task_mean = mean over the available tasks ONLY when 1 <= n_tasks_valid <= 5; legacy_* keeps the original skipna row mean for traceability and is NOT a six-task mean
amazon_MegaBeam-Mistral-7B-300k,amazon/MegaBeam-Mistral-7B-300k,0.520347123410329,0.4212810275993751,0.0211480362537764,0.273489932885906,0.3968253968253968,0.2549035904255319,1,1,1,1,1,1,6,True,0.3146658512333858,,1,1,0,False,False,0.3146658512333858,True,six_task_mean_complete_only = mean of six tasks ONLY when n_tasks_valid == 6; partial_task_mean = mean over the available tasks ONLY when 1 <= n_tasks_valid <= 5; legacy_* keeps the original skipna row mean for traceability and is NOT a six-task mean
anakin87_gemma-2b-orpo,anakin87/gemma-2b-orpo,0.2477969565198118,0.3395243881270612,0.0120845921450151,0.261744966442953,0.3716931216931217,0.1305684840425532,1,1,1,1,1,1,6,True,0.22723541816175266,,1,1,0,False,False,0.22723541816175266,True,six_task_mean_complete_only = mean of six tasks ONLY when n_tasks_valid == 6; partial_task_mean = mean over the available tasks ONLY when 1 <= n_tasks_valid <= 5; legacy_* keeps the original skipna row mean for traceability and is NOT a six-task mean
arcee-ai_Llama-3.1-SuperNova-Lite,arcee-ai/Llama-3.1-SuperNova-Lite,0.8017393848322452,0.5113695538968929,0.154833836858006,0.3062080536912752,0.4153439153439153,0.3877160904255319,1,1,1,1,1,1,6,True,0.4295351391746444,,1,1,0,False,False,0.4295351391746444,True,six_task_mean_complete_only = mean of six tasks ONLY when n_tasks_valid == 6; partial_task_mean = mean over the available tasks ONLY when 1 <= n_tasks_valid <= 5; legacy_* keeps the original skipna row mean for traceability and is NOT a six-task mean
asharsha30_LLAMA_Harsha_8_B_ORDP_10k,asharsha30/LLAMA_Harsha_8_B_ORDP_10k,0.3463909094535831,0.4667592431869467,0.0521148036253776,0.273489932885906,0.369047619047619,0.281000664893617,1,1,1,1,1,1,6,True,0.2981338621821749,,1,1,0,False,False,0.2981338621821749,True,six_task_mean_complete_only = mean of six tasks ONLY when n_tasks_valid == 6; partial_task_mean = mean over the available tasks ONLY when 1 <= n_tasks_valid <= 5; legacy_* keeps the original skipna row mean for traceability and is NOT a six-task mean
awnr_Mistral-7B-v0.1-signtensors-1-over-4,awnr/Mistral-7B-v0.1-signtensors-1-over-4,0.0,0.2876236764450616,0.0,0.259228187919463,0.3571428571428571,0.1166057180851063,1,1,1,1,1,1,6,True,0.17010007326541465,,1,1,0,False,False,0.17010007326541465,True,six_task_mean_complete_only = mean of six tasks ONLY when n_tasks_valid == 6; partial_task_mean = mean over the available tasks ONLY when 1 <= n_tasks_valid <= 5; legacy_* keeps the original skipna row mean for traceability and is NOT a six-task mean
axolotl-ai-co_romulus-mistral-nemo-12b-simpo,axolotl-ai-co/romulus-mistral-nemo-12b-simpo,0.6064010159709571,0.5360180524214546,0.0083081570996978,0.2785234899328859,0.421957671957672,0.3459109042553192,1,1,1,1,1,1,6,True,0.3661865486063311,,1,1,0,False,False,0.3661865486063311,True,six_task_mean_complete_only = mean of six tasks ONLY when n_tasks_valid == 6; partial_task_mean = mean over the available tasks ONLY when 1 <= n_tasks_valid <= 5; legacy_* keeps the original skipna row mean for traceability and is NOT a six-task mean
bedio_DistMerge_Llama-3.1-8B-Instruct,bedio/DistMerge_Llama-3.1-8B-Instruct,0.542953807009845,0.511543134872418,0.1450151057401812,0.3045302013422818,0.4470899470899471,0.3958610372340425,1,1,1,1,1,1,6,True,0.39116553888145256,,1,1,0,False,False,0.39116553888145256,True,six_task_mean_complete_only = mean of six tasks ONLY when n_tasks_valid == 6; partial_task_mean = mean over the available tasks ONLY when 1 <= n_tasks_valid <= 5; legacy_* keeps the original skipna row mean for traceability and is NOT a six-task mean
bigscience_bloom-1b1,bigscience/bloom-1b1,0.1373378192085887,0.3081062315570213,0.0015105740181268,0.259228187919463,0.369047619047619,0.1107878989361702,1,1,1,1,1,1,6,True,0.19766972178116482,,1,1,0,False,False,0.19766972178116482,True,six_task_mean_complete_only = mean of six tasks ONLY when n_tasks_valid == 6; partial_task_mean = mean over the available tasks ONLY when 1 <= n_tasks_valid <= 5; legacy_* keeps the original skipna row mean for traceability and is NOT a six-task mean
bosonai_Higgs-Llama-3-70B,bosonai/Higgs-Llama-3-70B,0.5560678998390935,0.6228085401839958,0.1578549848942598,0.3666107382550335,0.4457671957671957,0.4901928191489361,1,1,1,1,1,1,6,True,0.4398836963480857,,1,1,0,False,False,0.4398836963480857,True,six_task_mean_complete_only = mean of six tasks ONLY when n_tasks_valid == 6; partial_task_mean = mean over the available tasks ONLY when 1 <= n_tasks_valid <= 5; legacy_* keeps the original skipna row mean for traceability and is NOT a six-task mean
braindao_DeepSeek-R1-Distill-Qwen-1.5B-Blunt,braindao/DeepSeek-R1-Distill-Qwen-1.5B-Blunt,0.261136008014291,0.2744315223051553,0.1382175226586102,0.24748322147651,0.3584656084656085,0.1183510638297872,1,1,1,1,1,1,6,True,0.23301415779166035,,1,1,0,False,False,0.23301415779166035,True,six_task_mean_complete_only = mean of six tasks ONLY when n_tasks_valid == 6; partial_task_mean = mean over the available tasks ONLY when 1 <= n_tasks_valid <= 5; legacy_* keeps the original skipna row mean for traceability and is NOT a six-task mean
braindao_DeepSeek-R1-Distill-Qwen-14B-Blunt,braindao/DeepSeek-R1-Distill-Qwen-14B-Blunt,0.5611632690151022,0.3235549383787537,0.1638972809667673,0.3028523489932886,0.4537037037037037,0.1446974734042553,1,1,1,1,1,1,6,True,0.32497816907697846,,1,1,0,False,False,0.32497816907697846,True,six_task_mean_complete_only = mean of six tasks ONLY when n_tasks_valid == 6; partial_task_mean = mean over the available tasks ONLY when 1 <= n_tasks_valid <= 5; legacy_* keeps the original skipna row mean for traceability and is NOT a six-task mean
braindao_DeepSeek-R1-Distill-Qwen-14B-Blunt-Uncensored,braindao/DeepSeek-R1-Distill-Qwen-14B-Blunt-Uncensored,0.5421791956453321,0.3141815657003992,0.1631419939577039,0.2827181208053691,0.4470899470899471,0.1431183510638297,1,1,1,1,1,1,6,True,0.3154048623770968,,1,1,0,False,False,0.3154048623770968,True,six_task_mean_complete_only = mean of six tasks ONLY when n_tasks_valid == 6; partial_task_mean = mean over the available tasks ONLY when 1 <= n_tasks_valid <= 5; legacy_* keeps the original skipna row mean for traceability and is NOT a six-task mean
braindao_DeepSeek-R1-Distill-Qwen-14B-Blunt-Uncensored-Blunt,braindao/DeepSeek-R1-Distill-Qwen-14B-Blunt-Uncensored-Blunt,0.5221456845614081,0.313660822773824,0.2507552870090634,0.2785234899328859,0.451058201058201,0.1483543882978723,1,1,1,1,1,1,6,True,0.32741631227220913,,1,1,0,False,False,0.32741631227220913,True,six_task_mean_complete_only = mean of six tasks ONLY when n_tasks_valid == 6; partial_task_mean = mean over the available tasks ONLY when 1 <= n_tasks_valid <= 5; legacy_* keeps the original skipna row mean for traceability and is NOT a six-task mean
braindao_DeepSeek-R1-Distill-Qwen-7B-Reflective,braindao/DeepSeek-R1-Distill-Qwen-7B-Reflective,0.3921783091087204,0.2871029335184863,0.202416918429003,0.2541946308724832,0.3888888888888889,0.1155252659574468,1,1,1,1,1,1,6,True,0.27338449112917146,,1,1,0,False,False,0.27338449112917146,True,six_task_mean_complete_only = mean of six tasks ONLY when n_tasks_valid == 6; partial_task_mean = mean over the available tasks ONLY when 1 <= n_tasks_valid <= 5; legacy_* keeps the original skipna row mean for traceability and is NOT a six-task mean
braindao_Qwen2.5-14B,braindao/Qwen2.5-14B,0.540854931581537,0.583058496788752,0.2922960725075528,0.3733221476510067,0.4113756613756614,0.4883643617021276,1,1,1,1,1,1,6,True,0.4482119452677729,,1,1,0,False,False,0.4482119452677729,True,six_task_mean_complete_only = mean of six tasks ONLY when n_tasks_valid == 6; partial_task_mean = mean over the available tasks ONLY when 1 <= n_tasks_valid <= 5; legacy_* keeps the original skipna row mean for traceability and is NOT a six-task mean
bunnycore_FuseCyberMix-Qwen-2.5-7B-Instruct,bunnycore/FuseCyberMix-Qwen-2.5-7B-Instruct,0.7019220113742648,0.5488630446103107,0.0007552870090634,0.296979865771812,0.4007936507936508,0.4336768617021276,1,1,1,1,1,1,6,True,0.3971651202102049,,1,1,0,False,False,0.3971651202102049,True,six_task_mean_complete_only = mean of six tasks ONLY when n_tasks_valid == 6; partial_task_mean = mean over the available tasks ONLY when 1 <= n_tasks_valid <= 5; legacy_* keeps the original skipna row mean for traceability and is NOT a six-task mean
bunnycore_Gemma2-9B-TitanFusion,bunnycore/Gemma2-9B-TitanFusion,0.1618416911572405,0.5705606665509461,0.0770392749244713,0.3322147651006711,0.4126984126984127,0.3960272606382978,1,1,1,1,1,1,6,True,0.3250636785116732,,1,1,0,False,False,0.3250636785116732,True,six_task_mean_complete_only = mean of six tasks ONLY when n_tasks_valid == 6; partial_task_mean = mean over the available tasks ONLY when 1 <= n_tasks_valid <= 5; legacy_* keeps the original skipna row mean for traceability and is NOT a six-task mean
bunnycore_HyperLlama-3.1-8B,bunnycore/HyperLlama-3.1-8B,0.7883005979689446,0.5089394202395418,0.1601208459214501,0.2869127516778523,0.3822751322751322,0.3783244680851064,1,1,1,1,1,1,6,True,0.4174788693613378,,1,1,0,False,False,0.4174788693613378,True,six_task_mean_complete_only = mean of six tasks ONLY when n_tasks_valid == 6; partial_task_mean = mean over the available tasks ONLY when 1 <= n_tasks_valid <= 5; legacy_* keeps the original skipna row mean for traceability and is NOT a six-task mean
bunnycore_Llama-3.1-8B-TitanFusion-v3,bunnycore/Llama-3.1-8B-TitanFusion-v3,0.4809549772381725,0.5245617080367991,0.1299093655589124,0.3087248322147651,0.4298941798941799,0.3805684840425531,1,1,1,1,1,1,6,True,0.37576892449756366,,1,1,0,False,False,0.37576892449756366,True,six_task_mean_complete_only = mean of six tasks ONLY when n_tasks_valid == 6; partial_task_mean = mean over the available tasks ONLY when 1 <= n_tasks_valid <= 5; legacy_* keeps the original skipna row mean for traceability and is NOT a six-task mean
bunnycore_Llama-3.2-3B-Deep-Test,bunnycore/Llama-3.2-3B-Deep-Test,0.1775300646728458,0.2904009720534629,0.0,0.2516778523489933,0.3637566137566138,0.1048869680851063,1,1,1,1,1,1,6,True,0.19804207848617036,,1,1,0,False,False,0.19804207848617036,True,six_task_mean_complete_only = mean of six tasks ONLY when n_tasks_valid == 6; partial_task_mean = mean over the available tasks ONLY when 1 <= n_tasks_valid <= 5; legacy_* keeps the original skipna row mean for traceability and is NOT a six-task mean
bunnycore_Llama-3.2-3B-Della,bunnycore/Llama-3.2-3B-Della,0.3560829709614933,0.3653879534802985,0.0264350453172205,0.276006711409396,0.3888888888888889,0.2128490691489361,1,1,1,1,1,1,6,True,0.27094177320103885,,1,1,0,False,False,0.27094177320103885,True,six_task_mean_complete_only = mean of six tasks ONLY when n_tasks_valid == 6; partial_task_mean = mean over the available tasks ONLY when 1 <= n_tasks_valid <= 5; legacy_* keeps the original skipna row mean for traceability and is NOT a six-task mean
bunnycore_Llama-3.2-3B-Long-Think,bunnycore/Llama-3.2-3B-Long-Think,0.5473499204333391,0.4596424231904183,0.1397280966767371,0.2609060402684564,0.3386243386243386,0.3047706117021276,1,1,1,1,1,1,6,True,0.3418369051492362,,1,1,0,False,False,0.3418369051492362,True,six_task_mean_complete_only = mean of six tasks ONLY when n_tasks_valid == 6; partial_task_mean = mean over the available tasks ONLY when 1 <= n_tasks_valid <= 5; legacy_* keeps the original skipna row mean for traceability and is NOT a six-task mean
bunnycore_Llama-3.2-3B-Mix-Skill,bunnycore/Llama-3.2-3B-Mix-Skill,0.6404229666174639,0.4566915466064919,0.1268882175226586,0.261744966442953,0.3386243386243386,0.3120844414893617,1,1,1,1,1,1,6,True,0.3560760795505446,,1,1,0,False,False,0.3560760795505446,True,six_task_mean_complete_only = mean of six tasks ONLY when n_tasks_valid == 6; partial_task_mean = mean over the available tasks ONLY when 1 <= n_tasks_valid <= 5; legacy_* keeps the original skipna row mean for traceability and is NOT a six-task mean
bunnycore_Llama-3.2-3B-ProdigyPlus,bunnycore/Llama-3.2-3B-ProdigyPlus,0.4015201886549909,0.4386391251518833,0.0989425981873111,0.2684563758389262,0.3571428571428571,0.2817486702127659,1,1,1,1,1,1,6,True,0.30774163586478903,,1,1,0,False,False,0.30774163586478903,True,six_task_mean_complete_only = mean of six tasks ONLY when n_tasks_valid == 6; partial_task_mean = mean over the available tasks ONLY when 1 <= n_tasks_valid <= 5; legacy_* keeps the original skipna row mean for traceability and is NOT a six-task mean
bunnycore_Llama-3.2-3B-ToxicKod,bunnycore/Llama-3.2-3B-ToxicKod,0.6319299458769398,0.4507897934386391,0.1699395770392749,0.2659395973154362,0.3465608465608465,0.2879820478723404,1,1,1,1,1,1,6,True,0.35885696801724615,,1,1,0,False,False,0.35885696801724615,True,six_task_mean_complete_only = mean of six tasks ONLY when n_tasks_valid == 6; partial_task_mean = mean over the available tasks ONLY when 1 <= n_tasks_valid <= 5; legacy_* keeps the original skipna row mean for traceability and is NOT a six-task mean
bunnycore_Phi-3.5-mini-TitanFusion-0.1,bunnycore/Phi-3.5-mini-TitanFusion-0.1,0.5227950726295119,0.5348029855927791,0.0619335347432024,0.3313758389261745,0.4444444444444444,0.3806515957446808,1,1,1,1,1,1,6,True,0.37933391201346556,,1,1,0,False,False,0.37933391201346556,True,six_task_mean_complete_only = mean of six tasks ONLY when n_tasks_valid == 6; partial_task_mean = mean over the available tasks ONLY when 1 <= n_tasks_valid <= 5; legacy_* keeps the original skipna row mean for traceability and is NOT a six-task mean
bunnycore_Phi-4-Model-Stock-v4,bunnycore/Phi-4-Model-Stock-v4,0.7110145524984818,0.6901579586877278,0.3716012084592145,0.3691275167785235,0.4603174603174603,0.5393949468085106,1,1,1,1,1,1,6,True,0.5236022739249865,,1,1,0,False,False,0.5236022739249865,True,six_task_mean_complete_only = mean of six tasks ONLY when n_tasks_valid == 6; partial_task_mean = mean over the available tasks ONLY when 1 <= n_tasks_valid <= 5; legacy_* keeps the original skipna row mean for traceability and is NOT a six-task mean
bunnycore_Phi-4-RP-v0,bunnycore/Phi-4-RP-v0,0.6827129793392643,0.6832147196667245,0.2779456193353474,0.3523489932885906,0.4126984126984127,0.5364029255319149,1,1,1,1,1,1,6,True,0.49088727497670903,,1,1,0,False,False,0.49088727497670903,True,six_task_mean_complete_only = mean of six tasks ONLY when n_tasks_valid == 6; partial_task_mean = mean over the available tasks ONLY when 1 <= n_tasks_valid <= 5; legacy_* keeps the original skipna row mean for traceability and is NOT a six-task mean
bunnycore_Phi-4-RR-Shoup,bunnycore/Phi-4-RR-Shoup,0.6586579165503088,0.692588092345079,0.479607250755287,0.337248322147651,0.4431216931216931,0.5428856382978723,1,1,1,1,1,1,6,True,0.5256848188696485,,1,1,0,False,False,0.5256848188696485,True,six_task_mean_complete_only = mean of six tasks ONLY when n_tasks_valid == 6; partial_task_mean = mean over the available tasks ONLY when 1 <= n_tasks_valid <= 5; legacy_* keeps the original skipna row mean for traceability and is NOT a six-task mean
bunnycore_Phi-4-ReasoningRP,bunnycore/Phi-4-ReasoningRP,0.6736204382150472,0.6899843777122028,0.4433534743202417,0.3439597315436241,0.4484126984126984,0.5420545212765957,1,1,1,1,1,1,6,True,0.5235642069134016,,1,1,0,False,False,0.5235642069134016,True,six_task_mean_complete_only = mean of six tasks ONLY when n_tasks_valid == 6; partial_task_mean = mean over the available tasks ONLY when 1 <= n_tasks_valid <= 5; legacy_* keeps the original skipna row mean for traceability and is NOT a six-task mean
bunnycore_Phi-4-Sce-exp-v0.1,bunnycore/Phi-4-Sce-exp-v0.1,0.6595322632836429,0.6922409303940288,0.4811178247734139,0.3355704697986577,0.4431216931216931,0.5423038563829787,1,1,1,1,1,1,6,True,0.5256478396257359,,1,1,0,False,False,0.5256478396257359,True,six_task_mean_complete_only = mean of six tasks ONLY when n_tasks_valid == 6; partial_task_mean = mean over the available tasks ONLY when 1 <= n_tasks_valid <= 5; legacy_* keeps the original skipna row mean for traceability and is NOT a six-task mean
bunnycore_Phi-4-Stock-Ex,bunnycore/Phi-4-Stock-Ex,0.6574588757829227,0.68408262454435,0.391238670694864,0.3506711409395973,0.4616402116402116,0.5374833776595744,1,1,1,1,1,1,6,True,0.5137624835435867,,1,1,0,False,False,0.5137624835435867,True,six_task_mean_complete_only = mean of six tasks ONLY when n_tasks_valid == 6; partial_task_mean = mean over the available tasks ONLY when 1 <= n_tasks_valid <= 5; legacy_* keeps the original skipna row mean for traceability and is NOT a six-task mean
bunnycore_Phi-4-Stock-RP,bunnycore/Phi-4-Stock-RP,0.6399231816025922,0.6839090435688249,0.3225075528700906,0.3582214765100671,0.4708994708994709,0.5316655585106383,1,1,1,1,1,1,6,True,0.501187713993614,,1,1,0,False,False,0.501187713993614,True,six_task_mean_complete_only = mean of six tasks ONLY when n_tasks_valid == 6; partial_task_mean = mean over the available tasks ONLY when 1 <= n_tasks_valid <= 5; legacy_* keeps the original skipna row mean for traceability and is NOT a six-task mean
bunnycore_Phi-4-Trim-Exp1,bunnycore/Phi-4-Trim-Exp1,0.1219253802133893,0.2831105710814094,0.0052870090634441,0.2550335570469799,0.4166666666666667,0.1146941489361702,1,1,1,1,1,1,6,True,0.1994528888346766,,1,1,0,False,False,0.1994528888346766,True,six_task_mean_complete_only = mean of six tasks ONLY when n_tasks_valid == 6; partial_task_mean = mean over the available tasks ONLY when 1 <= n_tasks_valid <= 5; legacy_* keeps the original skipna row mean for traceability and is NOT a six-task mean
bunnycore_Qwen-2.5-7B-Deep-Stock-v1,bunnycore/Qwen-2.5-7B-Deep-Stock-v1,0.5695066867023941,0.5341086616906787,0.2552870090634441,0.2776845637583892,0.41005291005291,0.4065824468085106,1,1,1,1,1,1,6,True,0.4088703796793878,,1,1,0,False,False,0.4088703796793878,True,six_task_mean_complete_only = mean of six tasks ONLY when n_tasks_valid == 6; partial_task_mean = mean over the available tasks ONLY when 1 <= n_tasks_valid <= 5; legacy_* keeps the original skipna row mean for traceability and is NOT a six-task mean
bunnycore_Qwen-2.5-7B-Deep-Stock-v5,bunnycore/Qwen-2.5-7B-Deep-Stock-v5,0.4509047106122865,0.4645026905051206,0.1472809667673716,0.2701342281879195,0.3637566137566138,0.2831615691489361,1,1,1,1,1,1,6,True,0.3299567964963747,,1,1,0,False,False,0.3299567964963747,True,six_task_mean_complete_only = mean of six tasks ONLY when n_tasks_valid == 6; partial_task_mean = mean over the available tasks ONLY when 1 <= n_tasks_valid <= 5; legacy_* keeps the original skipna row mean for traceability and is NOT a six-task mean
bunnycore_Qwen-2.5-7B-Exp-Sce,bunnycore/Qwen-2.5-7B-Exp-Sce,0.765169749597734,0.5471272348550599,0.3255287009063444,0.2986577181208054,0.4417989417989418,0.4258643617021276,1,1,1,1,1,1,6,True,0.4673577844968355,,1,1,0,False,False,0.4673577844968355,True,six_task_mean_complete_only = mean of six tasks ONLY when n_tasks_valid == 6; partial_task_mean = mean over the available tasks ONLY when 1 <= n_tasks_valid <= 5; legacy_* keeps the original skipna row mean for traceability and is NOT a six-task mean
bunnycore_Qwen-2.5-7b-S1k,bunnycore/Qwen-2.5-7b-S1k,0.7162351449708995,0.5535497309494879,0.4780966767371601,0.2843959731543624,0.4060846560846561,0.4382480053191489,1,1,1,1,1,1,6,True,0.4794350312026192,,1,1,0,False,False,0.4794350312026192,True,six_task_mean_complete_only = mean of six tasks ONLY when n_tasks_valid == 6; partial_task_mean = mean over the available tasks ONLY when 1 <= n_tasks_valid <= 5; legacy_* keeps the original skipna row mean for traceability and is NOT a six-task mean
bunnycore_Qwen2.5-1.5B-Model-Stock,bunnycore/Qwen2.5-1.5B-Model-Stock,0.1829257481260832,0.2841520569345599,0.0,0.259228187919463,0.3664021164021164,0.1100398936170212,1,1,1,1,1,1,6,True,0.20045800049987395,,1,1,0,False,False,0.20045800049987395,True,six_task_mean_complete_only = mean of six tasks ONLY when n_tasks_valid == 6; partial_task_mean = mean over the available tasks ONLY when 1 <= n_tasks_valid <= 5; legacy_* keeps the original skipna row mean for traceability and is NOT a six-task mean
bunnycore_Qwen2.5-3B-Model-Stock-v2,bunnycore/Qwen2.5-3B-Model-Stock-v2,0.6490157227268093,0.4639819475785454,0.0,0.2869127516778523,0.3902116402116402,0.3269614361702128,1,1,1,1,1,1,6,True,0.35284724972750997,,1,1,0,False,False,0.35284724972750997,True,six_task_mean_complete_only = mean of six tasks ONLY when n_tasks_valid == 6; partial_task_mean = mean over the available tasks ONLY when 1 <= n_tasks_valid <= 5; legacy_* keeps the original skipna row mean for traceability and is NOT a six-task mean
bunnycore_Qwen2.5-3B-Model-Stock-v3.2,bunnycore/Qwen2.5-3B-Model-Stock-v3.2,0.6353021095138676,0.4688422148932477,0.3753776435045317,0.2835570469798658,0.3915343915343915,0.3293716755319149,1,1,1,1,1,1,6,True,0.41399751365963655,,1,1,0,False,False,0.41399751365963655,True,six_task_mean_complete_only = mean of six tasks ONLY when n_tasks_valid == 6; partial_task_mean = mean over the available tasks ONLY when 1 <= n_tasks_valid <= 5; legacy_* keeps the original skipna row mean for traceability and is NOT a six-task mean
bunnycore_Qwen2.5-3B-Model-Stock-v4.1,bunnycore/Qwen2.5-3B-Model-Stock-v4.1,0.6380747527671025,0.4783891685471272,0.3768882175226586,0.2793624161073825,0.3928571428571428,0.3386801861702128,1,1,1,1,1,1,6,True,0.4173753139952711,,1,1,0,False,False,0.4173753139952711,True,six_task_mean_complete_only = mean of six tasks ONLY when n_tasks_valid == 6; partial_task_mean = mean over the available tasks ONLY when 1 <= n_tasks_valid <= 5; legacy_* keeps the original skipna row mean for traceability and is NOT a six-task mean
bunnycore_Qwen2.5-3B-RP-Mix,bunnycore/Qwen2.5-3B-RP-Mix,0.5720543712903984,0.4868946363478563,0.0740181268882175,0.273489932885906,0.4272486772486772,0.3727559840425531,1,1,1,1,1,1,6,True,0.36774362145060135,,1,1,0,False,False,0.36774362145060135,True,six_task_mean_complete_only = mean of six tasks ONLY when n_tasks_valid == 6; partial_task_mean = mean over the available tasks ONLY when 1 <= n_tasks_valid <= 5; legacy_* keeps the original skipna row mean for traceability and is NOT a six-task mean
bunnycore_Qwen2.5-7B-Instruct-Fusion,bunnycore/Qwen2.5-7B-Instruct-Fusion,0.6962016338869754,0.5460857490019094,0.1993957703927492,0.3045302013422818,0.4285714285714285,0.4467253989361702,1,1,1,1,1,1,6,True,0.43691836368858566,,1,1,0,False,False,0.43691836368858566,True,six_task_mean_complete_only = mean of six tasks ONLY when n_tasks_valid == 6; partial_task_mean = mean over the available tasks ONLY when 1 <= n_tasks_valid <= 5; legacy_* keeps the original skipna row mean for traceability and is NOT a six-task mean
bunnycore_Qwen2.5-7B-MixStock-Sce-V0.3,bunnycore/Qwen2.5-7B-MixStock-Sce-V0.3,0.2119764447222259,0.3466412081235897,0.2575528700906344,0.2575503355704698,0.3703703703703703,0.1779421542553191,1,1,1,1,1,1,6,True,0.2703388971887682,,1,1,0,False,False,0.2703388971887682,True,six_task_mean_complete_only = mean of six tasks ONLY when n_tasks_valid == 6; partial_task_mean = mean over the available tasks ONLY when 1 <= n_tasks_valid <= 5; legacy_* keeps the original skipna row mean for traceability and is NOT a six-task mean
bunnycore_Qwen2.5-7B-MixStock-V0.1,bunnycore/Qwen2.5-7B-MixStock-V0.1,0.7673428724672757,0.5445235202221836,0.2885196374622356,0.3003355704697986,0.4404761904761904,0.4256150265957447,1,1,1,1,1,1,6,True,0.46113546961557145,,1,1,0,False,False,0.46113546961557145,True,six_task_mean_complete_only = mean of six tasks ONLY when n_tasks_valid == 6; partial_task_mean = mean over the available tasks ONLY when 1 <= n_tasks_valid <= 5; legacy_* keeps the original skipna row mean for traceability and is NOT a six-task mean
bunnycore_Qwen2.5-7B-R1-Bespoke-Stock,bunnycore/Qwen2.5-7B-R1-Bespoke-Stock,0.3726445830396681,0.4802985592779031,0.1729607250755287,0.2785234899328859,0.3915343915343915,0.347157579787234,1,1,1,1,1,1,6,True,0.3405198881079352,,1,1,0,False,False,0.3405198881079352,True,six_task_mean_complete_only = mean of six tasks ONLY when n_tasks_valid == 6; partial_task_mean = mean over the available tasks ONLY when 1 <= n_tasks_valid <= 5; legacy_* keeps the original skipna row mean for traceability and is NOT a six-task mean
bunnycore_Qwen2.5-7B-R1-Bespoke-Task,bunnycore/Qwen2.5-7B-R1-Bespoke-Task,0.3786641666334215,0.4122548168720708,0.0317220543806646,0.2533557046979866,0.3558201058201058,0.2687832446808511,1,1,1,1,1,1,6,True,0.28343334884751675,,1,1,0,False,False,0.28343334884751675,True,six_task_mean_complete_only = mean of six tasks ONLY when n_tasks_valid == 6; partial_task_mean = mean over the available tasks ONLY when 1 <= n_tasks_valid <= 5; legacy_* keeps the original skipna row mean for traceability and is NOT a six-task mean
bunnycore_Qwen2.5-7B-Sky-R1-Mini,bunnycore/Qwen2.5-7B-Sky-R1-Mini,0.2304862210047119,0.347509113001215,0.0294561933534743,0.2894295302013422,0.3439153439153439,0.1253324468085106,1,1,1,1,1,1,6,True,0.22768814138076632,,1,1,0,False,False,0.22768814138076632,True,six_task_mean_complete_only = mean of six tasks ONLY when n_tasks_valid == 6; partial_task_mean = mean over the available tasks ONLY when 1 <= n_tasks_valid <= 5; legacy_* keeps the original skipna row mean for traceability and is NOT a six-task mean
bunnycore_Smol-Llama-3.2-3B,bunnycore/Smol-Llama-3.2-3B,0.6678501930433471,0.4528727651449401,0.1351963746223565,0.2768456375838926,0.3452380952380952,0.3228058510638298,1,1,1,1,1,1,6,True,0.3668014861160769,,1,1,0,False,False,0.3668014861160769,True,six_task_mean_complete_only = mean of six tasks ONLY when n_tasks_valid == 6; partial_task_mean = mean over the available tasks ONLY when 1 <= n_tasks_valid <= 5; legacy_* keeps the original skipna row mean for traceability and is NOT a six-task mean
byroneverson_Mistral-Small-Instruct-2409-abliterated,byroneverson/Mistral-Small-Instruct-2409-abliterated,0.6970759806203096,0.5170977260892207,0.141238670694864,0.3330536912751677,0.369047619047619,0.3922872340425531,1,1,1,1,1,1,6,True,0.40830015362828903,,1,1,0,False,False,0.40830015362828903,True,six_task_mean_complete_only = mean of six tasks ONLY when n_tasks_valid == 6; partial_task_mean = mean over the available tasks ONLY when 1 <= n_tasks_valid <= 5; legacy_* keeps the original skipna row mean for traceability and is NOT a six-task mean
byroneverson_Yi-1.5-9B-Chat-abliterated,byroneverson/Yi-1.5-9B-Chat-abliterated,0.5723291976400395,0.5370595382746051,0.0981873111782477,0.2919463087248322,0.4378306878306878,0.3715093085106383,1,1,1,1,1,1,6,True,0.38481039202650846,,1,1,0,False,False,0.38481039202650846,True,six_task_mean_complete_only = mean of six tasks ONLY when n_tasks_valid == 6; partial_task_mean = mean over the available tasks ONLY when 1 <= n_tasks_valid <= 5; legacy_* keeps the original skipna row mean for traceability and is NOT a six-task mean
carsenk_phi3.5_mini_exp_825_uncensored,carsenk/phi3.5_mini_exp_825_uncensored,0.1364136047908438,0.2928311057108141,0.0,0.2491610738255033,0.3637566137566138,0.1175199468085106,1,1,1,1,1,1,6,True,0.19328039081538093,,1,1,0,False,False,0.19328039081538093,True,six_task_mean_complete_only = mean of six tasks ONLY when n_tasks_valid == 6; partial_task_mean = mean over the available tasks ONLY when 1 <= n_tasks_valid <= 5; legacy_* keeps the original skipna row mean for traceability and is NOT a six-task mean
cat-searcher_gemma-2-9b-it-sppo-iter-1,cat-searcher/gemma-2-9b-it-sppo-iter-1,0.3014767483610154,0.595903488977608,0.0,0.3447986577181208,0.3915343915343915,0.3853889627659574,1,1,1,1,1,1,6,True,0.33651704155951556,,1,1,0,False,False,0.33651704155951556,True,six_task_mean_complete_only = mean of six tasks ONLY when n_tasks_valid == 6; partial_task_mean = mean over the available tasks ONLY when 1 <= n_tasks_valid <= 5; legacy_* keeps the original skipna row mean for traceability and is NOT a six-task mean
cckm_tinymistral_950m,cckm/tinymistral_950m,0.2395288944445183,0.29474049644159,0.0030211480362537,0.2600671140939597,0.3544973544973545,0.1096243351063829,1,1,1,1,1,1,6,True,0.21024655710334317,,1,1,0,False,False,0.21024655710334317,True,six_task_mean_complete_only = mean of six tasks ONLY when n_tasks_valid == 6; partial_task_mean = mean over the available tasks ONLY when 1 <= n_tasks_valid <= 5; legacy_* keeps the original skipna row mean for traceability and is NOT a six-task mean
chujiezheng_Mistral7B-PairRM-SPPO-ExPO,chujiezheng/Mistral7B-PairRM-SPPO-ExPO,0.367348634955252,0.3862176705433084,0.0090634441087613,0.2768456375838926,0.4047619047619047,0.2551529255319149,1,1,1,1,1,1,6,True,0.28323170291417227,,1,1,0,False,False,0.28323170291417227,True,six_task_mean_complete_only = mean of six tasks ONLY when n_tasks_valid == 6; partial_task_mean = mean over the available tasks ONLY when 1 <= n_tasks_valid <= 5; legacy_* keeps the original skipna row mean for traceability and is NOT a six-task mean
cloudyu_Llama-3-70Bx2-MOE,cloudyu/Llama-3-70Bx2-MOE,0.5482486469234964,0.6620378406526645,0.1986404833836858,0.3934563758389262,0.4801587301587302,0.5142121010638298,1,1,1,1,1,1,6,True,0.4661256963368888,,1,1,0,False,False,0.4661256963368888,True,six_task_mean_complete_only = mean of six tasks ONLY when n_tasks_valid == 6; partial_task_mean = mean over the available tasks ONLY when 1 <= n_tasks_valid <= 5; legacy_* keeps the original skipna row mean for traceability and is NOT a six-task mean
cognitivecomputations_Dolphin3.0-Qwen2.5-0.5B,cognitivecomputations/Dolphin3.0-Qwen2.5-0.5B,0.4697136930012367,0.3107099461898976,0.0513595166163142,0.2348993288590604,0.3544973544973545,0.1412898936170212,1,1,1,1,1,1,6,True,0.2604116221301474,,1,1,0,False,False,0.2604116221301474,True,six_task_mean_complete_only = mean of six tasks ONLY when n_tasks_valid == 6; partial_task_mean = mean over the available tasks ONLY when 1 <= n_tasks_valid <= 5; legacy_* keeps the original skipna row mean for traceability and is NOT a six-task mean
cognitivecomputations_Dolphin3.0-R1-Mistral-24B,cognitivecomputations/Dolphin3.0-R1-Mistral-24B,0.406816136739407,0.5344558236417288,0.2069486404833836,0.2944630872483221,0.3941798941798942,0.300531914893617,1,1,1,1,1,1,6,True,0.35623258286439213,,1,1,0,False,False,0.35623258286439213,True,six_task_mean_complete_only = mean of six tasks ONLY when n_tasks_valid == 6; partial_task_mean = mean over the available tasks ONLY when 1 <= n_tasks_valid <= 5; legacy_* keeps the original skipna row mean for traceability and is NOT a six-task mean
cognitivecomputations_dolphin-2.9-llama3-8b,cognitivecomputations/dolphin-2.9-llama3-8b,0.3850339321888145,0.4940114563443846,0.0506042296072507,0.2869127516778523,0.4365079365079365,0.277094414893617,1,1,1,1,1,1,6,True,0.3216941202033093,,1,1,0,False,False,0.3216941202033093,True,six_task_mean_complete_only = mean of six tasks ONLY when n_tasks_valid == 6; partial_task_mean = mean over the available tasks ONLY when 1 <= n_tasks_valid <= 5; legacy_* keeps the original skipna row mean for traceability and is NOT a six-task mean
cognitivecomputations_dolphin-2.9.1-llama-3-70b,cognitivecomputations/dolphin-2.9.1-llama-3-70b,0.3760167466765959,0.5174448880402708,0.0543806646525679,0.3087248322147651,0.496031746031746,0.4129820478723404,1,1,1,1,1,1,6,True,0.36093015424804764,,1,1,0,False,False,0.36093015424804764,True,six_task_mean_complete_only = mean of six tasks ONLY when n_tasks_valid == 6; partial_task_mean = mean over the available tasks ONLY when 1 <= n_tasks_valid <= 5; legacy_* keeps the original skipna row mean for traceability and is NOT a six-task mean
cognitivecomputations_dolphin-2.9.1-yi-1.5-9b,cognitivecomputations/dolphin-2.9.1-yi-1.5-9b,0.4465329769456154,0.5466064919284847,0.1042296072507553,0.3380872483221476,0.4338624338624338,0.3966921542553192,1,1,1,1,1,1,6,True,0.3776684854274593,,1,1,0,False,False,0.3776684854274593,True,six_task_mean_complete_only = mean of six tasks ONLY when n_tasks_valid == 6; partial_task_mean = mean over the available tasks ONLY when 1 <= n_tasks_valid <= 5; legacy_* keeps the original skipna row mean for traceability and is NOT a six-task mean
cognitivecomputations_dolphin-2.9.3-mistral-7B-32k,cognitivecomputations/dolphin-2.9.3-mistral-7B-32k,0.4126362495955177,0.4783891685471272,0.0483383685800604,0.285234899328859,0.4629629629629629,0.2820811170212766,1,1,1,1,1,1,6,True,0.3282737943393006,,1,1,0,False,False,0.3282737943393006,True,six_task_mean_complete_only = mean of six tasks ONLY when n_tasks_valid == 6; partial_task_mean = mean over the available tasks ONLY when 1 <= n_tasks_valid <= 5; legacy_* keeps the original skipna row mean for traceability and is NOT a six-task mean
cognitivecomputations_dolphin-2.9.4-gemma2-2b,cognitivecomputations/dolphin-2.9.4-gemma2-2b,0.0895512794939649,0.4049644159000173,0.0415407854984894,0.2843959731543624,0.4166666666666667,0.2105219414893617,1,1,1,1,1,1,6,True,0.24127351036714373,,1,1,0,False,False,0.24127351036714373,True,six_task_mean_complete_only = mean of six tasks ONLY when n_tasks_valid == 6; partial_task_mean = mean over the available tasks ONLY when 1 <= n_tasks_valid <= 5; legacy_* keeps the original skipna row mean for traceability and is NOT a six-task mean
cognitivecomputations_dolphin-2.9.4-llama3.1-8b,cognitivecomputations/dolphin-2.9.4-llama3.1-8b,0.3315779908420768,0.349592084707516,0.0022658610271903,0.2533557046979866,0.3227513227513227,0.1234208776595744,1,1,1,1,1,1,6,True,0.23049397361427781,,1,1,0,False,False,0.23049397361427781,True,six_task_mean_complete_only = mean of six tasks ONLY when n_tasks_valid == 6; partial_task_mean = mean over the available tasks ONLY when 1 <= n_tasks_valid <= 5; legacy_* keeps the original skipna row mean for traceability and is NOT a six-task mean
cstr_llama3.1-8b-spaetzle-v90,cstr/llama3.1-8b-spaetzle-v90,0.7356192679867197,0.5290748134004513,0.1336858006042296,0.2827181208053691,0.4126984126984127,0.3730884308510638,1,1,1,1,1,1,6,True,0.41114747439104105,,1,1,0,False,False,0.41114747439104105,True,six_task_mean_complete_only = mean of six tasks ONLY when n_tasks_valid == 6; partial_task_mean = mean over the available tasks ONLY when 1 <= n_tasks_valid <= 5; legacy_* keeps the original skipna row mean for traceability and is NOT a six-task mean
deepseek-ai_DeepSeek-R1-Distill-Llama-8B,deepseek-ai/DeepSeek-R1-Distill-Llama-8B,0.3782397372305482,0.3211248047214025,0.0,0.2550335570469799,0.324074074074074,0.2089428191489361,1,1,1,1,1,1,6,True,0.2479024987036568,,1,1,0,False,False,0.2479024987036568,True,six_task_mean_complete_only = mean of six tasks ONLY when n_tasks_valid == 6; partial_task_mean = mean over the available tasks ONLY when 1 <= n_tasks_valid <= 5; legacy_* keeps the original skipna row mean for traceability and is NOT a six-task mean
deepseek-ai_DeepSeek-R1-Distill-Qwen-1.5B,deepseek-ai/DeepSeek-R1-Distill-Qwen-1.5B,0.3463410417691724,0.3212983856969276,0.0,0.2558724832214765,0.3624338624338624,0.1186835106382978,1,1,1,1,1,1,6,True,0.23410488062662274,,1,1,0,False,False,0.23410488062662274,True,six_task_mean_complete_only = mean of six tasks ONLY when n_tasks_valid == 6; partial_task_mean = mean over the available tasks ONLY when 1 <= n_tasks_valid <= 5; legacy_* keeps the original skipna row mean for traceability and is NOT a six-task mean
deepseek-ai_DeepSeek-R1-Distill-Qwen-7B,deepseek-ai/DeepSeek-R1-Distill-Qwen-7B,0.403768667136531,0.341086616906787,0.0,0.2793624161073825,0.365079365079365,0.2321309840425532,1,1,1,1,1,1,6,True,0.2702380082121031,,1,1,0,False,False,0.2702380082121031,True,six_task_mean_complete_only = mean of six tasks ONLY when n_tasks_valid == 6; partial_task_mean = mean over the available tasks ONLY when 1 <= n_tasks_valid <= 5; legacy_* keeps the original skipna row mean for traceability and is NOT a six-task mean
deepseek-ai_deepseek-llm-7b-base,deepseek-ai/deepseek-llm-7b-base,0.217871913190335,0.3488977608054157,0.0120845921450151,0.273489932885906,0.373015873015873,0.1806017287234042,1,1,1,1,1,1,6,True,0.23432696679432485,,1,1,0,False,False,0.23432696679432485,True,six_task_mean_complete_only = mean of six tasks ONLY when n_tasks_valid == 6; partial_task_mean = mean over the available tasks ONLY when 1 <= n_tasks_valid <= 5; legacy_* keeps the original skipna row mean for traceability and is NOT a six-task mean
deepseek-ai_deepseek-moe-16b-base,deepseek-ai/deepseek-moe-16b-base,0.2449744455821664,0.3402187120291616,0.0181268882175226,0.2541946308724832,0.365079365079365,0.1505152925531915,1,1,1,1,1,1,6,True,0.22885155572231505,,1,1,0,False,False,0.22885155572231505,True,six_task_mean_complete_only = mean of six tasks ONLY when n_tasks_valid == 6; partial_task_mean = mean over the available tasks ONLY when 1 <= n_tasks_valid <= 5; legacy_* keeps the original skipna row mean for traceability and is NOT a six-task mean
dnhkng_RYS-Llama-3-8B-Instruct,dnhkng/RYS-Llama-3-8B-Instruct,0.6957772044841022,0.4787363304981774,0.0619335347432024,0.2575503355704698,0.3373015873015873,0.355718085106383,1,1,1,1,1,1,6,True,0.364502846283987,,1,1,0,False,False,0.364502846283987,True,six_task_mean_complete_only = mean of six tasks ONLY when n_tasks_valid == 6; partial_task_mean = mean over the available tasks ONLY when 1 <= n_tasks_valid <= 5; legacy_* keeps the original skipna row mean for traceability and is NOT a six-task mean
dnhkng_RYS-Llama-3-Large-Instruct,dnhkng/RYS-Llama-3-Large-Instruct,0.8050616807847621,0.650581496268009,0.2182779456193353,0.2894295302013422,0.4166666666666667,0.5137134308510638,1,1,1,1,1,1,6,True,0.48228845839852985,,1,1,0,False,False,0.48228845839852985,True,six_task_mean_complete_only = mean of six tasks ONLY when n_tasks_valid == 6; partial_task_mean = mean over the available tasks ONLY when 1 <= n_tasks_valid <= 5; legacy_* keeps the original skipna row mean for traceability and is NOT a six-task mean
dnhkng_RYS-Llama-3.1-8B-Instruct,dnhkng/RYS-Llama-3.1-8B-Instruct,0.7684920455502511,0.5150147543829197,0.1132930513595166,0.2676174496644295,0.3677248677248677,0.3639461436170212,1,1,1,1,1,1,6,True,0.39934805204983426,,1,1,0,False,False,0.39934805204983426,True,six_task_mean_complete_only = mean of six tasks ONLY when n_tasks_valid == 6; partial_task_mean = mean over the available tasks ONLY when 1 <= n_tasks_valid <= 5; legacy_* keeps the original skipna row mean for traceability and is NOT a six-task mean
duyhv1411_Llama-3.2-3B-en-vi,duyhv1411/Llama-3.2-3B-en-vi,0.4852014876084345,0.3235549383787537,0.0226586102719033,0.2751677852348993,0.3201058201058201,0.1358876329787234,1,1,1,1,1,1,6,True,0.2604293790964224,,1,1,0,False,False,0.2604293790964224,True,six_task_mean_complete_only = mean of six tasks ONLY when n_tasks_valid == 6; partial_task_mean = mean over the available tasks ONLY when 1 <= n_tasks_valid <= 5; legacy_* keeps the original skipna row mean for traceability and is NOT a six-task mean
dwikitheduck_gemma-2-2b-id-inst,dwikitheduck/gemma-2-2b-id-inst,0.38785644312646,0.3933344905398368,0.0052870090634441,0.299496644295302,0.414021164021164,0.2173371010638297,1,1,1,1,1,1,6,True,0.28622214201833945,,1,1,0,False,False,0.28622214201833945,True,six_task_mean_complete_only = mean of six tasks ONLY when n_tasks_valid == 6; partial_task_mean = mean over the available tasks ONLY when 1 <= n_tasks_valid <= 5; legacy_* keeps the original skipna row mean for traceability and is NOT a six-task mean
ehristoforu_Gemma2-9B-it-psy10k-mental_health,ehristoforu/Gemma2-9B-it-psy10k-mental_health,0.5886658510529839,0.5542440548515882,0.1216012084592145,0.337248322147651,0.4074074074074074,0.3828956117021276,1,1,1,1,1,1,6,True,0.3986770759368288,,1,1,0,False,False,0.3986770759368288,True,six_task_mean_complete_only = mean of six tasks ONLY when n_tasks_valid == 6; partial_task_mean = mean over the available tasks ONLY when 1 <= n_tasks_valid <= 5; legacy_* keeps the original skipna row mean for traceability and is NOT a six-task mean
ehristoforu_Gemma2-9b-it-train6,ehristoforu/Gemma2-9b-it-train6,0.7025215317579578,0.5891338309321298,0.0838368580060422,0.3288590604026846,0.4074074074074074,0.3941988031914893,1,1,1,1,1,1,6,True,0.4176595819496185,,1,1,0,False,False,0.4176595819496185,True,six_task_mean_complete_only = mean of six tasks ONLY when n_tasks_valid == 6; partial_task_mean = mean over the available tasks ONLY when 1 <= n_tasks_valid <= 5; legacy_* keeps the original skipna row mean for traceability and is NOT a six-task mean
ehristoforu_QwenQwen2.5-7B-IT,ehristoforu/QwenQwen2.5-7B-IT,0.751830698103255,0.5375802812011804,0.0,0.3036912751677852,0.4021164021164021,0.4289394946808511,1,1,1,1,1,1,6,True,0.40402635854491226,,1,1,0,False,False,0.40402635854491226,True,six_task_mean_complete_only = mean of six tasks ONLY when n_tasks_valid == 6; partial_task_mean = mean over the available tasks ONLY when 1 <= n_tasks_valid <= 5; legacy_* keeps the original skipna row mean for traceability and is NOT a six-task mean
ehristoforu_coolqwen-3b-it,ehristoforu/coolqwen-3b-it,0.6472670292601409,0.4816872070821038,0.0,0.2827181208053691,0.4113756613756614,0.3601230053191489,1,1,1,1,1,1,6,True,0.3638618373070707,,1,1,0,False,False,0.3638618373070707,True,six_task_mean_complete_only = mean of six tasks ONLY when n_tasks_valid == 6; partial_task_mean = mean over the available tasks ONLY when 1 <= n_tasks_valid <= 5; legacy_* keeps the original skipna row mean for traceability and is NOT a six-task mean
ehristoforu_qwen2.5-test-32b-it,ehristoforu/qwen2.5-test-32b-it,0.7889499860370484,0.7043915986807846,0.0793051359516616,0.3640939597315436,0.4563492063492063,0.5765458776595744,1,1,1,1,1,1,6,True,0.4949392940683032,,1,1,0,False,False,0.4949392940683032,True,six_task_mean_complete_only = mean of six tasks ONLY when n_tasks_valid == 6; partial_task_mean = mean over the available tasks ONLY when 1 <= n_tasks_valid <= 5; legacy_* keeps the original skipna row mean for traceability and is NOT a six-task mean
ehristoforu_rufalcon3-3b-it,ehristoforu/rufalcon3-3b-it,0.5942111375594533,0.4124283978475959,0.1737160120845921,0.2726510067114094,0.3888888888888889,0.2347905585106383,1,1,1,1,1,1,6,True,0.3461143336004297,,1,1,0,False,False,0.3461143336004297,True,six_task_mean_complete_only = mean of six tasks ONLY when n_tasks_valid == 6; partial_task_mean = mean over the available tasks ONLY when 1 <= n_tasks_valid <= 5; legacy_* keeps the original skipna row mean for traceability and is NOT a six-task mean
ehristoforu_ruphi-4b,ehristoforu/ruphi-4b,0.1751818508224843,0.2881444193716369,0.0,0.2399328859060402,0.3505291005291005,0.1126163563829787,1,1,1,1,1,1,6,True,0.19440076883537347,,1,1,0,False,False,0.19440076883537347,True,six_task_mean_complete_only = mean of six tasks ONLY when n_tasks_valid == 6; partial_task_mean = mean over the available tasks ONLY when 1 <= n_tasks_valid <= 5; legacy_* keeps the original skipna row mean for traceability and is NOT a six-task mean
ell44ot_gemma-2b-def,ell44ot/gemma-2b-def,0.2693043347207631,0.3133136608227738,0.0173716012084592,0.273489932885906,0.3664021164021164,0.1572473404255319,1,1,1,1,1,1,6,True,0.23285483107759172,,1,1,0,False,False,0.23285483107759172,True,six_task_mean_complete_only = mean of six tasks ONLY when n_tasks_valid == 6; partial_task_mean = mean over the available tasks ONLY when 1 <= n_tasks_valid <= 5; legacy_* keeps the original skipna row mean for traceability and is NOT a six-task mean
ewre324_Thinker-Qwen2.5-0.5B-Instruct-Reasoning,ewre324/Thinker-Qwen2.5-0.5B-Instruct-Reasoning,0.2476473534665798,0.3278944627668807,0.0045317220543806,0.285234899328859,0.3373015873015873,0.1647273936170212,1,1,1,1,1,1,6,True,0.22788956975588479,,1,1,0,False,False,0.22788956975588479,True,six_task_mean_complete_only = mean of six tasks ONLY when n_tasks_valid == 6; partial_task_mean = mean over the available tasks ONLY when 1 <= n_tasks_valid <= 5; legacy_* keeps the original skipna row mean for traceability and is NOT a six-task mean
facebook_opt-1.3b,facebook/opt-1.3b,0.2383298536771322,0.3075854886304461,0.0075528700906344,0.2424496644295302,0.3412698412698413,0.1107047872340425,1,1,1,1,1,1,6,True,0.20798208422193779,,1,1,0,False,False,0.20798208422193779,True,six_task_mean_complete_only = mean of six tasks ONLY when n_tasks_valid == 6; partial_task_mean = mean over the available tasks ONLY when 1 <= n_tasks_valid <= 5; legacy_* keeps the original skipna row mean for traceability and is NOT a six-task mean
facebook_opt-30b,facebook/opt-30b,0.2452991396162183,0.3048081930220447,0.0060422960725075,0.2692953020134228,0.3597883597883597,0.1163563829787234,1,1,1,1,1,1,6,True,0.21693161224854607,,1,1,0,False,False,0.21693161224854607,True,six_task_mean_complete_only = mean of six tasks ONLY when n_tasks_valid == 6; partial_task_mean = mean over the available tasks ONLY when 1 <= n_tasks_valid <= 5; legacy_* keeps the original skipna row mean for traceability and is NOT a six-task mean
failspy_Meta-Llama-3-70B-Instruct-abliterated-v3.5,failspy/Meta-Llama-3-70B-Instruct-abliterated-v3.5,0.7746867201248244,0.572470057281722,0.1185800604229607,0.296979865771812,0.3968253968253968,0.4452293882978723,1,1,1,1,1,1,6,True,0.43412858145409805,,1,1,0,False,False,0.43412858145409805,True,six_task_mean_complete_only = mean of six tasks ONLY when n_tasks_valid == 6; partial_task_mean = mean over the available tasks ONLY when 1 <= n_tasks_valid <= 5; legacy_* keeps the original skipna row mean for traceability and is NOT a six-task mean
failspy_Phi-3-medium-4k-instruct-abliterated-v3,failspy/Phi-3-medium-4k-instruct-abliterated-v3,0.6319299458769398,0.6283631314007985,0.141238670694864,0.3171140939597315,0.458994708994709,0.4399933510638298,1,1,1,1,1,1,6,True,0.4362723169984788,,1,1,0,False,False,0.4362723169984788,True,six_task_mean_complete_only = mean of six tasks ONLY when n_tasks_valid == 6; partial_task_mean = mean over the available tasks ONLY when 1 <= n_tasks_valid <= 5; legacy_* keeps the original skipna row mean for traceability and is NOT a six-task mean
fhai50032_Unaligned-Thinker-PHI-4,fhai50032/Unaligned-Thinker-PHI-4,0.0562540725275602,0.6615170977260892,0.3300604229607251,0.3808724832214765,0.4669312169312169,0.5147107712765957,1,1,1,1,1,1,6,True,0.40172434410727725,,1,1,0,False,False,0.40172434410727725,True,six_task_mean_complete_only = mean of six tasks ONLY when n_tasks_valid == 6; partial_task_mean = mean over the available tasks ONLY when 1 <= n_tasks_valid <= 5; legacy_* keeps the original skipna row mean for traceability and is NOT a six-task mean
flammenai_Mahou-1.2a-mistral-7B,flammenai/Mahou-1.2a-mistral-7B,0.4536773538655212,0.5092865821905919,0.0581570996978852,0.2718120805369127,0.3888888888888889,0.3163231382978723,1,1,1,1,1,1,6,True,0.333024190579612,,1,1,0,False,False,0.333024190579612,True,six_task_mean_complete_only = mean of six tasks ONLY when n_tasks_valid == 6; partial_task_mean = mean over the available tasks ONLY when 1 <= n_tasks_valid <= 5; legacy_* keeps the original skipna row mean for traceability and is NOT a six-task mean
flammenai_Mahou-1.5-mistral-nemo-12B,flammenai/Mahou-1.5-mistral-nemo-12B,0.6751441730164851,0.5481687207082104,0.0506042296072507,0.276006711409396,0.451058201058201,0.3602061170212766,1,1,1,1,1,1,6,True,0.39353135880346996,,1,1,0,False,False,0.39353135880346996,True,six_task_mean_complete_only = mean of six tasks ONLY when n_tasks_valid == 6; partial_task_mean = mean over the available tasks ONLY when 1 <= n_tasks_valid <= 5; legacy_* keeps the original skipna row mean for traceability and is NOT a six-task mean
fluently-lm_Llama-TI-8B,fluently-lm/Llama-TI-8B,0.2880390696684796,0.5186599548689463,0.1971299093655589,0.2961409395973154,0.41005291005291,0.343999335106383,1,1,1,1,1,1,6,True,0.34233701977659886,,1,1,0,False,False,0.34233701977659886,True,six_task_mean_complete_only = mean of six tasks ONLY when n_tasks_valid == 6; partial_task_mean = mean over the available tasks ONLY when 1 <= n_tasks_valid <= 5; legacy_* keeps the original skipna row mean for traceability and is NOT a six-task mean
fluently-lm_Llama-TI-8B-Instruct,fluently-lm/Llama-TI-8B-Instruct,0.7716392505219485,0.5249088699878494,0.229607250755287,0.2953020134228188,0.3809523809523809,0.3725897606382978,1,1,1,1,1,1,6,True,0.429166587713097,,1,1,0,False,False,0.429166587713097,True,six_task_mean_complete_only = mean of six tasks ONLY when n_tasks_valid == 6; partial_task_mean = mean over the available tasks ONLY when 1 <= n_tasks_valid <= 5; legacy_* keeps the original skipna row mean for traceability and is NOT a six-task mean
fluently-sets_FalconThink3-10B-IT,fluently-sets/FalconThink3-10B-IT,0.7326216660682544,0.6174275299427183,0.2371601208459214,0.3347315436241611,0.4470899470899471,0.4434840425531915,1,1,1,1,1,1,6,True,0.4687524750206989,,1,1,0,False,False,0.4687524750206989,True,six_task_mean_complete_only = mean of six tasks ONLY when n_tasks_valid == 6; partial_task_mean = mean over the available tasks ONLY when 1 <= n_tasks_valid <= 5; legacy_* keeps the original skipna row mean for traceability and is NOT a six-task mean
freewheelin_free-evo-qwen72b-v0.8-re,freewheelin/free-evo-qwen72b-v0.8-re,0.533086654521115,0.608401319215414,0.1623867069486405,0.3565436241610738,0.4867724867724867,0.4870345744680851,1,1,1,1,1,1,6,True,0.43903756101446917,,1,1,0,False,False,0.43903756101446917,True,six_task_mean_complete_only = mean of six tasks ONLY when n_tasks_valid == 6; partial_task_mean = mean over the available tasks ONLY when 1 <= n_tasks_valid <= 5; legacy_* keeps the original skipna row mean for traceability and is NOT a six-task mean
fulim_FineLlama-3.1-8B,fulim/FineLlama-3.1-8B,0.1438826757448015,0.4551293178267662,0.0453172205438066,0.2927852348993288,0.3862433862433862,0.3167386968085106,1,1,1,1,1,1,6,True,0.27334942201109996,,1,1,0,False,False,0.27334942201109996,True,six_task_mean_complete_only = mean of six tasks ONLY when n_tasks_valid == 6; partial_task_mean = mean over the available tasks ONLY when 1 <= n_tasks_valid <= 5; legacy_* keeps the original skipna row mean for traceability and is NOT a six-task mean
gaverfraxz_Meta-Llama-3.1-8B-Instruct-HalfAbliterated-DELLA,gaverfraxz/Meta-Llama-3.1-8B-Instruct-HalfAbliterated-DELLA,0.4009461561988856,0.3990626627321645,0.0083081570996978,0.2843959731543624,0.3637566137566138,0.1653922872340425,1,1,1,1,1,1,6,True,0.27031030836262776,,1,1,0,False,False,0.27031030836262776,True,six_task_mean_complete_only = mean of six tasks ONLY when n_tasks_valid == 6; partial_task_mean = mean over the available tasks ONLY when 1 <= n_tasks_valid <= 5; legacy_* keeps the original skipna row mean for traceability and is NOT a six-task mean
gaverfraxz_Meta-Llama-3.1-8B-Instruct-HalfAbliterated-TIES,gaverfraxz/Meta-Llama-3.1-8B-Instruct-HalfAbliterated-TIES,0.4550514856137271,0.5032112480472141,0.1163141993957704,0.2667785234899328,0.373015873015873,0.3678523936170212,1,1,1,1,1,1,6,True,0.3470372871965898,,1,1,0,False,False,0.3470372871965898,True,six_task_mean_complete_only = mean of six tasks ONLY when n_tasks_valid == 6; partial_task_mean = mean over the available tasks ONLY when 1 <= n_tasks_valid <= 5; legacy_* keeps the original skipna row mean for traceability and is NOT a six-task mean
gbueno86_Brinebreath-Llama-3.1-70B,gbueno86/Brinebreath-Llama-3.1-70B,0.5532952565858589,0.6859920152751259,0.2998489425981873,0.3464765100671141,0.4523809523809524,0.5196143617021277,1,1,1,1,1,1,6,True,0.47626800643489436,,1,1,0,False,False,0.47626800643489436,True,six_task_mean_complete_only = mean of six tasks ONLY when n_tasks_valid == 6; partial_task_mean = mean over the available tasks ONLY when 1 <= n_tasks_valid <= 5; legacy_* keeps the original skipna row mean for traceability and is NOT a six-task mean
gmonsoon_gemma2-9b-sahabatai-v1-instruct-BaseTIES,gmonsoon/gemma2-9b-sahabatai-v1-instruct-BaseTIES,0.7377923908562614,0.6075334143377886,0.1933534743202417,0.3204697986577181,0.4775132275132275,0.4346742021276595,1,1,1,1,1,1,6,True,0.46188941796881605,,1,1,0,False,False,0.46188941796881605,True,six_task_mean_complete_only = mean of six tasks ONLY when n_tasks_valid == 6; partial_task_mean = mean over the available tasks ONLY when 1 <= n_tasks_valid <= 5; legacy_* keeps the original skipna row mean for traceability and is NOT a six-task mean
godlikehhd_ifd_new_correct_all_sample_2500_qwen,godlikehhd/ifd_new_correct_all_sample_2500_qwen,0.3375731946790072,0.397847595903489,0.0876132930513595,0.2902684563758389,0.3558201058201058,0.2888962765957447,1,1,1,1,1,1,6,True,0.29300315373759084,,1,1,0,False,False,0.29300315373759084,True,six_task_mean_complete_only = mean of six tasks ONLY when n_tasks_valid == 6; partial_task_mean = mean over the available tasks ONLY when 1 <= n_tasks_valid <= 5; legacy_* keeps the original skipna row mean for traceability and is NOT a six-task mean
godlikehhd_ifd_new_qwen_2500,godlikehhd/ifd_new_qwen_2500,0.323959316834887,0.4124283978475959,0.1012084592145015,0.3003355704697986,0.3584656084656085,0.2910571808510638,1,1,1,1,1,1,6,True,0.2979090889472425,,1,1,0,False,False,0.2979090889472425,True,six_task_mean_complete_only = mean of six tasks ONLY when n_tasks_valid == 6; partial_task_mean = mean over the available tasks ONLY when 1 <= n_tasks_valid <= 5; legacy_* keeps the original skipna row mean for traceability and is NOT a six-task mean
godlikehhd_qwen-2.5-1.5b-cherry,godlikehhd/qwen-2.5-1.5b-cherry,0.2893378458046871,0.3999305676097899,0.0966767371601208,0.3003355704697986,0.3452380952380952,0.2923038563829787,1,1,1,1,1,1,6,True,0.28730377877757834,,1,1,0,False,False,0.28730377877757834,True,six_task_mean_complete_only = mean of six tasks ONLY when n_tasks_valid == 6; partial_task_mean = mean over the available tasks ONLY when 1 <= n_tasks_valid <= 5; legacy_* keeps the original skipna row mean for traceability and is NOT a six-task mean
google_codegemma-1.1-2b,google/codegemma-1.1-2b,0.2293625358493242,0.3318868252039576,0.0060422960725075,0.2651006711409396,0.3862433862433862,0.1278257978723404,1,1,1,1,1,1,6,True,0.22441025206374263,,1,1,0,False,False,0.22441025206374263,True,six_task_mean_complete_only = mean of six tasks ONLY when n_tasks_valid == 6; partial_task_mean = mean over the available tasks ONLY when 1 <= n_tasks_valid <= 5; legacy_* keeps the original skipna row mean for traceability and is NOT a six-task mean
google_gemma-1.1-2b-it,google/gemma-1.1-2b-it,0.3067483166886084,0.3155702135045999,0.0015105740181268,0.2692953020134228,0.3386243386243386,0.1483543882978723,1,1,1,1,1,1,6,True,0.23001718885782818,,1,1,0,False,False,0.23001718885782818,True,six_task_mean_complete_only = mean of six tasks ONLY when n_tasks_valid == 6; partial_task_mean = mean over the available tasks ONLY when 1 <= n_tasks_valid <= 5; legacy_* keeps the original skipna row mean for traceability and is NOT a six-task mean
google_gemma-2-27b-it,google/gemma-2-27b-it,0.7977677008116243,0.6422496094428051,0.0067975830815709,0.375,0.4021164021164021,0.4451462765957447,1,1,1,1,1,1,6,True,0.4448462620080245,,1,1,0,False,False,0.4448462620080245,True,six_task_mean_complete_only = mean of six tasks ONLY when n_tasks_valid == 6; partial_task_mean = mean over the available tasks ONLY when 1 <= n_tasks_valid <= 5; legacy_* keeps the original skipna row mean for traceability and is NOT a six-task mean
google_gemma-2-2b,google/gemma-2-2b,0.1993122692234382,0.362089914945322,0.0287009063444108,0.2625838926174497,0.421957671957672,0.218001994680851,1,1,1,1,1,1,6,True,0.24877444162819062,,1,1,0,False,False,0.24877444162819062,True,six_task_mean_complete_only = mean of six tasks ONLY when n_tasks_valid == 6; partial_task_mean = mean over the available tasks ONLY when 1 <= n_tasks_valid <= 5; legacy_* keeps the original skipna row mean for traceability and is NOT a six-task mean
google_gemma-2-2b-it,google/gemma-2-2b-it,0.5668337788179807,0.4162471793091477,0.0007552870090634,0.2743288590604026,0.3915343915343915,0.2549867021276595,1,1,1,1,1,1,6,True,0.3174476996431076,,1,1,0,False,False,0.3174476996431076,True,six_task_mean_complete_only = mean of six tasks ONLY when n_tasks_valid == 6; partial_task_mean = mean over the available tasks ONLY when 1 <= n_tasks_valid <= 5; legacy_* keeps the original skipna row mean for traceability and is NOT a six-task mean
google_gemma-2-2b-jpn-it,google/gemma-2-2b-jpn-it,0.5077826832803628,0.4221489324770005,0.0347432024169184,0.285234899328859,0.3955026455026455,0.2578125,1,1,1,1,1,1,6,True,0.31720414383429774,,1,1,0,False,False,0.31720414383429774,True,six_task_mean_complete_only = mean of six tasks ONLY when n_tasks_valid == 6; partial_task_mean = mean over the available tasks ONLY when 1 <= n_tasks_valid <= 5; legacy_* keeps the original skipna row mean for traceability and is NOT a six-task mean
google_gemma-7b-it,google/gemma-7b-it,,0.362089914945322,,,,,0,1,0,0,0,0,1,False,,0.362089914945322,1,1,0,False,False,0.362089914945322,True,six_task_mean_complete_only = mean of six tasks ONLY when n_tasks_valid == 6; partial_task_mean = mean over the available tasks ONLY when 1 <= n_tasks_valid <= 5; legacy_* keeps the original skipna row mean for traceability and is NOT a six-task mean
google_recurrentgemma-9b,google/recurrentgemma-9b,0.3076226634219426,0.3883006422496094,0.0483383685800604,0.285234899328859,0.3835978835978836,0.2608876329787234,1,1,1,1,1,1,6,True,0.27899701502617974,,1,1,0,False,False,0.27899701502617974,True,six_task_mean_complete_only = mean of six tasks ONLY when n_tasks_valid == 6; partial_task_mean = mean over the available tasks ONLY when 1 <= n_tasks_valid <= 5; legacy_* keeps the original skipna row mean for traceability and is NOT a six-task mean
google_recurrentgemma-9b-it,google/recurrentgemma-9b-it,0.4980407540880419,0.4270091997917028,0.0075528700906344,0.276006711409396,0.4378306878306878,0.2577293882978723,1,1,1,1,1,1,6,True,0.3173616019180559,,1,1,0,False,False,0.3173616019180559,True,six_task_mean_complete_only = mean of six tasks ONLY when n_tasks_valid == 6; partial_task_mean = mean over the available tasks ONLY when 1 <= n_tasks_valid <= 5; legacy_* keeps the original skipna row mean for traceability and is NOT a six-task mean
grimjim_DeepSauerHuatuoSkywork-R1-o1-Llama-3.1-8B,grimjim/DeepSauerHuatuoSkywork-R1-o1-Llama-3.1-8B,0.4797060687863757,0.5245617080367991,0.2197885196374622,0.3380872483221476,0.4404761904761904,0.3956948138297872,1,1,1,1,1,1,6,True,0.3997190915147937,,1,1,0,False,False,0.3997190915147937,True,six_task_mean_complete_only = mean of six tasks ONLY when n_tasks_valid == 6; partial_task_mean = mean over the available tasks ONLY when 1 <= n_tasks_valid <= 5; legacy_* keeps the original skipna row mean for traceability and is NOT a six-task mean
grimjim_Gigantes-v2-gemma2-9b-it,grimjim/Gigantes-v2-gemma2-9b-it,0.7350696152874374,0.5978128797083839,0.0475830815709969,0.3515100671140939,0.458994708994709,0.4259474734042553,1,1,1,1,1,1,6,True,0.43615297101331274,,1,1,0,False,False,0.43615297101331274,True,six_task_mean_complete_only = mean of six tasks ONLY when n_tasks_valid == 6; partial_task_mean = mean over the available tasks ONLY when 1 <= n_tasks_valid <= 5; legacy_* keeps the original skipna row mean for traceability and is NOT a six-task mean
grimjim_Gigantes-v3-gemma2-9b-it,grimjim/Gigantes-v3-gemma2-9b-it,0.697625633319592,0.5974657177573338,0.059667673716012,0.3565436241610738,0.4603174603174603,0.4226230053191489,1,1,1,1,1,1,6,True,0.4323738524317702,,1,1,0,False,False,0.4323738524317702,True,six_task_mean_complete_only = mean of six tasks ONLY when n_tasks_valid == 6; partial_task_mean = mean over the available tasks ONLY when 1 <= n_tasks_valid <= 5; legacy_* keeps the original skipna row mean for traceability and is NOT a six-task mean
grimjim_HuatuoSkywork-o1-Llama-3.1-8B,grimjim/HuatuoSkywork-o1-Llama-3.1-8B,0.3961499931293413,0.4882832841520569,0.3398791540785498,0.2927852348993288,0.3835978835978836,0.3095079787234042,1,1,1,1,1,1,6,True,0.3683672547634274,,1,1,0,False,False,0.3683672547634274,True,six_task_mean_complete_only = mean of six tasks ONLY when n_tasks_valid == 6; partial_task_mean = mean over the available tasks ONLY when 1 <= n_tasks_valid <= 5; legacy_* keeps the original skipna row mean for traceability and is NOT a six-task mean
grimjim_Llama-3-Instruct-8B-SPPO-Iter3-SimPO-merge,grimjim/Llama-3-Instruct-8B-SPPO-Iter3-SimPO-merge,0.4271244741729721,0.4941850373199097,0.093655589123867,0.2902684563758389,0.4034391534391534,0.3625332446808511,1,1,1,1,1,1,6,True,0.34520099251876535,,1,1,0,False,False,0.34520099251876535,True,six_task_mean_complete_only = mean of six tasks ONLY when n_tasks_valid == 6; partial_task_mean = mean over the available tasks ONLY when 1 <= n_tasks_valid <= 5; legacy_* keeps the original skipna row mean for traceability and is NOT a six-task mean
grimjim_Llama-3.1-Bonsaikraft-8B-Instruct,grimjim/Llama-3.1-Bonsaikraft-8B-Instruct,0.4250012189878411,0.5261239368165249,0.1283987915407855,0.3036912751677852,0.4232804232804232,0.3764128989361702,1,1,1,1,1,1,6,True,0.36381809078825506,,1,1,0,False,False,0.36381809078825506,True,six_task_mean_complete_only = mean of six tasks ONLY when n_tasks_valid == 6; partial_task_mean = mean over the available tasks ONLY when 1 <= n_tasks_valid <= 5; legacy_* keeps the original skipna row mean for traceability and is NOT a six-task mean
grimjim_Llama-Nephilim-Metamorphosis-v2-8B,grimjim/Llama-Nephilim-Metamorphosis-v2-8B,0.4544519652300341,0.4999132095122374,0.1374622356495468,0.322986577181208,0.4087301587301587,0.3809009308510638,1,1,1,1,1,1,6,True,0.36740751285904144,,1,1,0,False,False,0.36740751285904144,True,six_task_mean_complete_only = mean of six tasks ONLY when n_tasks_valid == 6; partial_task_mean = mean over the available tasks ONLY when 1 <= n_tasks_valid <= 5; legacy_* keeps the original skipna row mean for traceability and is NOT a six-task mean
grimjim_Magot-v2-Gemma2-8k-9B,grimjim/Magot-v2-Gemma2-8k-9B,0.7347449212533854,0.5889602499566048,0.0,0.3540268456375839,0.4338624338624338,0.4222905585106383,1,1,1,1,1,1,6,True,0.42231416820344103,,1,1,0,False,False,0.42231416820344103,True,six_task_mean_complete_only = mean of six tasks ONLY when n_tasks_valid == 6; partial_task_mean = mean over the available tasks ONLY when 1 <= n_tasks_valid <= 5; legacy_* keeps the original skipna row mean for traceability and is NOT a six-task mean
grimjim_llama-3-Nephilim-v2-8B,grimjim/llama-3-Nephilim-v2-8B,0.3922281767931311,0.5033848290227391,0.0951661631419939,0.299496644295302,0.3888888888888889,0.3641123670212766,1,1,1,1,1,1,6,True,0.34054617819388855,,1,1,0,False,False,0.34054617819388855,True,six_task_mean_complete_only = mean of six tasks ONLY when n_tasks_valid == 6; partial_task_mean = mean over the available tasks ONLY when 1 <= n_tasks_valid <= 5; legacy_* keeps the original skipna row mean for traceability and is NOT a six-task mean
grimjim_llama-3-Nephilim-v2.1-8B,grimjim/llama-3-Nephilim-v2.1-8B,0.389505401224307,0.5082450963374414,0.0898791540785498,0.299496644295302,0.3928571428571428,0.3644448138297872,1,1,1,1,1,1,6,True,0.3407380421037551,,1,1,0,False,False,0.3407380421037551,True,six_task_mean_complete_only = mean of six tasks ONLY when n_tasks_valid == 6; partial_task_mean = mean over the available tasks ONLY when 1 <= n_tasks_valid <= 5; legacy_* keeps the original skipna row mean for traceability and is NOT a six-task mean
grimjim_llama-3-Nephilim-v3-8B,grimjim/llama-3-Nephilim-v3-8B,0.4173825449806513,0.4995660475611873,0.0913897280966767,0.2953020134228188,0.3981481481481481,0.3612034574468085,1,1,1,1,1,1,6,True,0.34383198994271513,,1,1,0,False,False,0.34383198994271513,True,six_task_mean_complete_only = mean of six tasks ONLY when n_tasks_valid == 6; partial_task_mean = mean over the available tasks ONLY when 1 <= n_tasks_valid <= 5; legacy_* keeps the original skipna row mean for traceability and is NOT a six-task mean
gz987_qwen2.5-7b-cabs-v0.4,gz987/qwen2.5-7b-cabs-v0.4,0.7582503313430586,0.549557368512411,0.4848942598187311,0.3078859060402684,0.4417989417989418,0.4395777925531915,1,1,1,1,1,1,6,True,0.4969941000111004,,1,1,0,False,False,0.4969941000111004,True,six_task_mean_complete_only = mean of six tasks ONLY when n_tasks_valid == 6; partial_task_mean = mean over the available tasks ONLY when 1 <= n_tasks_valid <= 5; legacy_* keeps the original skipna row mean for traceability and is NOT a six-task mean
hotmailuser_FalconSlerp2-7B,hotmailuser/FalconSlerp2-7B,0.6160432097944565,0.5492102065613609,0.2666163141993957,0.3196308724832215,0.4470899470899471,0.4140625,1,1,1,1,1,1,6,True,0.435442175021397,,1,1,0,False,False,0.435442175021397,True,six_task_mean_complete_only = mean of six tasks ONLY when n_tasks_valid == 6; partial_task_mean = mean over the available tasks ONLY when 1 <= n_tasks_valid <= 5; legacy_* keeps the original skipna row mean for traceability and is NOT a six-task mean
hotmailuser_FalconSlerp3-7B,hotmailuser/FalconSlerp3-7B,0.6096235765546527,0.5486894636347857,0.2741691842900302,0.3187919463087248,0.4497354497354497,0.4127327127659574,1,1,1,1,1,1,6,True,0.43562372221493345,,1,1,0,False,False,0.43562372221493345,True,six_task_mean_complete_only = mean of six tasks ONLY when n_tasks_valid == 6; partial_task_mean = mean over the available tasks ONLY when 1 <= n_tasks_valid <= 5; legacy_* keeps the original skipna row mean for traceability and is NOT a six-task mean
hotmailuser_Gemma2Crono-27B,hotmailuser/Gemma2Crono-27B,0.7086164709637096,0.6481513626106579,0.2371601208459214,0.3708053691275167,0.4563492063492063,0.4632646276595745,1,1,1,1,1,1,6,True,0.4807245262594311,,1,1,0,False,False,0.4807245262594311,True,six_task_mean_complete_only = mean of six tasks ONLY when n_tasks_valid == 6; partial_task_mean = mean over the available tasks ONLY when 1 <= n_tasks_valid <= 5; legacy_* keeps the original skipna row mean for traceability and is NOT a six-task mean
hotmailuser_Gemma2atlas-27B,hotmailuser/Gemma2atlas-27B,0.7213560020744957,0.6521437250477348,0.2122356495468278,0.3557046979865771,0.4444444444444444,0.4749833776595745,1,1,1,1,1,1,6,True,0.47681131612660915,,1,1,0,False,False,0.47681131612660915,True,six_task_mean_complete_only = mean of six tasks ONLY when n_tasks_valid == 6; partial_task_mean = mean over the available tasks ONLY when 1 <= n_tasks_valid <= 5; legacy_* keeps the original skipna row mean for traceability and is NOT a six-task mean
hotmailuser_Llama-Hermes-slerp-8B,hotmailuser/Llama-Hermes-slerp-8B,0.3390470617960345,0.5295955563270266,0.0755287009063444,0.2936241610738255,0.4074074074074074,0.3331117021276595,1,1,1,1,1,1,6,True,0.3297190982730497,,1,1,0,False,False,0.3297190982730497,True,six_task_mean_complete_only = mean of six tasks ONLY when n_tasks_valid == 6; partial_task_mean = mean over the available tasks ONLY when 1 <= n_tasks_valid <= 5; legacy_* keeps the original skipna row mean for traceability and is NOT a six-task mean
hotmailuser_LlamaStock-8B,hotmailuser/LlamaStock-8B,0.4249513513034304,0.5313313660822774,0.1714501510574018,0.3271812080536913,0.4126984126984127,0.3806515957446808,1,1,1,1,1,1,6,True,0.37471068082331577,,1,1,0,False,False,0.37471068082331577,True,six_task_mean_complete_only = mean of six tasks ONLY when n_tasks_valid == 6; partial_task_mean = mean over the available tasks ONLY when 1 <= n_tasks_valid <= 5; legacy_* keeps the original skipna row mean for traceability and is NOT a six-task mean
hotmailuser_Qwen2.5-HomerSlerp-7B,hotmailuser/Qwen2.5-HomerSlerp-7B,0.4487814554271555,0.5611872938725916,0.3262839879154078,0.313758389261745,0.4378306878306878,0.4548703457446808,1,1,1,1,1,1,6,True,0.4237853600087114,,1,1,0,False,False,0.4237853600087114,True,six_task_mean_complete_only = mean of six tasks ONLY when n_tasks_valid == 6; partial_task_mean = mean over the available tasks ONLY when 1 <= n_tasks_valid <= 5; legacy_* keeps the original skipna row mean for traceability and is NOT a six-task mean
hotmailuser_QwenSlerp-14B,hotmailuser/QwenSlerp-14B,0.7024716640735471,0.6479777816351328,0.3549848942598187,0.3875838926174497,0.4629629629629629,0.5399767287234043,1,1,1,1,1,1,6,True,0.5159929873787191,,1,1,0,False,False,0.5159929873787191,True,six_task_mean_complete_only = mean of six tasks ONLY when n_tasks_valid == 6; partial_task_mean = mean over the available tasks ONLY when 1 <= n_tasks_valid <= 5; legacy_* keeps the original skipna row mean for traceability and is NOT a six-task mean
hotmailuser_QwenSlerp-7B,hotmailuser/QwenSlerp-7B,0.4672912317096415,0.5615344558236417,0.3066465256797583,0.3179530201342282,0.4404761904761904,0.4508809840425531,1,1,1,1,1,1,6,True,0.42413040131100216,,1,1,0,False,False,0.42413040131100216,True,six_task_mean_complete_only = mean of six tasks ONLY when n_tasks_valid == 6; partial_task_mean = mean over the available tasks ONLY when 1 <= n_tasks_valid <= 5; legacy_* keeps the original skipna row mean for traceability and is NOT a six-task mean
hotmailuser_QwenSlerp2-14B,hotmailuser/QwenSlerp2-14B,0.7036707048409332,0.6476306196840826,0.357250755287009,0.3808724832214765,0.4801587301587302,0.5378989361702128,1,1,1,1,1,1,6,True,0.5179137048937407,,1,1,0,False,False,0.5179137048937407,True,six_task_mean_complete_only = mean of six tasks ONLY when n_tasks_valid == 6; partial_task_mean = mean over the available tasks ONLY when 1 <= n_tasks_valid <= 5; legacy_* keeps the original skipna row mean for traceability and is NOT a six-task mean
hotmailuser_QwenSparse-7B,hotmailuser/QwenSparse-7B,0.1085863287189102,0.2855407047387606,0.0,0.2600671140939597,0.3558201058201058,0.1122007978723404,1,1,1,1,1,1,6,True,0.18703584187401281,,1,1,0,False,False,0.18703584187401281,True,six_task_mean_complete_only = mean of six tasks ONLY when n_tasks_valid == 6; partial_task_mean = mean over the available tasks ONLY when 1 <= n_tasks_valid <= 5; legacy_* keeps the original skipna row mean for traceability and is NOT a six-task mean
hotmailuser_QwenStock-1.7B,hotmailuser/QwenStock-1.7B,0.3214116322468827,0.4160735983336226,0.080060422960725,0.287751677852349,0.4404761904761904,0.2954621010638298,1,1,1,1,1,1,6,True,0.3068726038222666,,1,1,0,False,False,0.3068726038222666,True,six_task_mean_complete_only = mean of six tasks ONLY when n_tasks_valid == 6; partial_task_mean = mean over the available tasks ONLY when 1 <= n_tasks_valid <= 5; legacy_* keeps the original skipna row mean for traceability and is NOT a six-task mean
hotmailuser_QwenStock1-14B,hotmailuser/QwenStock1-14B,0.6693240601603745,0.6490192674882833,0.3277945619335347,0.3859060402684564,0.4775132275132275,0.5416389627659575,1,1,1,1,1,1,6,True,0.5085326866883056,,1,1,0,False,False,0.5085326866883056,True,six_task_mean_complete_only = mean of six tasks ONLY when n_tasks_valid == 6; partial_task_mean = mean over the available tasks ONLY when 1 <= n_tasks_valid <= 5; legacy_* keeps the original skipna row mean for traceability and is NOT a six-task mean
huihui-ai_DeepSeek-R1-Distill-Qwen-14B-abliterated-v2,huihui-ai/DeepSeek-R1-Distill-Qwen-14B-abliterated-v2,0.4211292703360417,0.3462940461725395,0.0,0.276006711409396,0.4682539682539682,0.1914893617021276,1,1,1,1,1,1,6,True,0.2838622263123455,,1,1,0,False,False,0.2838622263123455,True,six_task_mean_complete_only = mean of six tasks ONLY when n_tasks_valid == 6; partial_task_mean = mean over the available tasks ONLY when 1 <= n_tasks_valid <= 5; legacy_* keeps the original skipna row mean for traceability and is NOT a six-task mean
iFaz_llama31_8B_en_emo_v4,iFaz/llama31_8B_en_emo_v4,0.3042504997850149,0.4903662558583579,0.0883685800604229,0.296979865771812,0.3637566137566138,0.3048537234042553,1,1,1,1,1,1,6,True,0.3080959231060794,,1,1,0,False,False,0.3080959231060794,True,six_task_mean_complete_only = mean of six tasks ONLY when n_tasks_valid == 6; partial_task_mean = mean over the available tasks ONLY when 1 <= n_tasks_valid <= 5; legacy_* keeps the original skipna row mean for traceability and is NOT a six-task mean
iFaz_llama32_1B_en_emo_v1,iFaz/llama32_1B_en_emo_v1,0.4408380873859138,0.3346641208123589,0.0181268882175226,0.25,0.3478835978835979,0.1761136968085106,1,1,1,1,1,1,6,True,0.26127106518465065,,1,1,0,False,False,0.26127106518465065,True,six_task_mean_complete_only = mean of six tasks ONLY when n_tasks_valid == 6; partial_task_mean = mean over the available tasks ONLY when 1 <= n_tasks_valid <= 5; legacy_* keeps the original skipna row mean for traceability and is NOT a six-task mean
iFaz_llama32_3B_en_emo_2000_stp,iFaz/llama32_3B_en_emo_2000_stp,0.7368681764385165,0.450616212463114,0.1533232628398791,0.2835570469798658,0.3518518518518518,0.3097573138297872,1,1,1,1,1,1,6,True,0.38099564406716907,,1,1,0,False,False,0.38099564406716907,True,six_task_mean_complete_only = mean of six tasks ONLY when n_tasks_valid == 6; partial_task_mean = mean over the available tasks ONLY when 1 <= n_tasks_valid <= 5; legacy_* keeps the original skipna row mean for traceability and is NOT a six-task mean
iFaz_llama32_3B_en_emo_300_stp,iFaz/llama32_3B_en_emo_300_stp,0.725552644760347,0.4480124978302378,0.1601208459214501,0.2743288590604026,0.3611111111111111,0.3148271276595745,1,1,1,1,1,1,6,True,0.3806588477238539,,1,1,0,False,False,0.3806588477238539,True,six_task_mean_complete_only = mean of six tasks ONLY when n_tasks_valid == 6; partial_task_mean = mean over the available tasks ONLY when 1 <= n_tasks_valid <= 5; legacy_* keeps the original skipna row mean for traceability and is NOT a six-task mean
iFaz_llama32_3B_en_emo_5000_stp,iFaz/llama32_3B_en_emo_5000_stp,0.7100404703963262,0.4546085749001909,0.1291540785498489,0.2793624161073825,0.3439153439153439,0.3066821808510638,1,1,1,1,1,1,6,True,0.3706271774533594,,1,1,0,False,False,0.3706271774533594,True,six_task_mean_complete_only = mean of six tasks ONLY when n_tasks_valid == 6; partial_task_mean = mean over the available tasks ONLY when 1 <= n_tasks_valid <= 5; legacy_* keeps the original skipna row mean for traceability and is NOT a six-task mean
iFaz_llama32_3B_en_emo_v3,iFaz/llama32_3B_en_emo_v3,0.5759263199421978,0.4283978475959035,0.0679758308157099,0.2676174496644295,0.3544973544973545,0.2710272606382978,1,1,1,1,1,1,6,True,0.32757367719231545,,1,1,0,False,False,0.32757367719231545,True,six_task_mean_complete_only = mean of six tasks ONLY when n_tasks_valid == 6; partial_task_mean = mean over the available tasks ONLY when 1 <= n_tasks_valid <= 5; legacy_* keeps the original skipna row mean for traceability and is NOT a six-task mean
ifable_gemma-2-Ifable-9B,ifable/gemma-2-Ifable-9B,0.2984292787581395,0.5863565353237286,0.0891238670694864,0.3414429530201342,0.4047619047619047,0.4226230053191489,1,1,1,1,1,1,6,True,0.3571229240420904,,1,1,0,False,False,0.3571229240420904,True,six_task_mean_complete_only = mean of six tasks ONLY when n_tasks_valid == 6; partial_task_mean = mean over the available tasks ONLY when 1 <= n_tasks_valid <= 5; legacy_* keeps the original skipna row mean for traceability and is NOT a six-task mean
jayasuryajsk_Qwen2.5-3B-reasoner,jayasuryajsk/Qwen2.5-3B-reasoner,0.4159585455480348,0.4625932997743447,0.2084592145015106,0.3020134228187919,0.4113756613756614,0.3482380319148936,1,1,1,1,1,1,6,True,0.35810636265553947,,1,1,0,False,False,0.35810636265553947,True,six_task_mean_complete_only = mean of six tasks ONLY when n_tasks_valid == 6; partial_task_mean = mean over the available tasks ONLY when 1 <= n_tasks_valid <= 5; legacy_* keeps the original skipna row mean for traceability and is NOT a six-task mean
jebish7_Llama-3-Nanda-10B-Chat,jebish7/Llama-3-Nanda-10B-Chat,0.2952831819572069,0.4938378753688596,0.0558912386706948,0.3011744966442953,0.4351851851851852,0.3156582446808511,1,1,1,1,1,1,6,True,0.31617170375118214,,1,1,0,False,False,0.31617170375118214,True,six_task_mean_complete_only = mean of six tasks ONLY when n_tasks_valid == 6; partial_task_mean = mean over the available tasks ONLY when 1 <= n_tasks_valid <= 5; legacy_* keeps the original skipna row mean for traceability and is NOT a six-task mean
jebish7_Llama-3.1-8B-Instruct,jebish7/Llama-3.1-8B-Instruct,0.5058345190760515,0.5084186773129665,0.1525679758308157,0.3213087248322148,0.3994708994708995,0.3777426861702128,1,1,1,1,1,1,6,True,0.3775572471155268,,1,1,0,False,False,0.3775572471155268,True,six_task_mean_complete_only = mean of six tasks ONLY when n_tasks_valid == 6; partial_task_mean = mean over the available tasks ONLY when 1 <= n_tasks_valid <= 5; legacy_* keeps the original skipna row mean for traceability and is NOT a six-task mean
jebish7_gemma-2-9b-it,jebish7/gemma-2-9b-it,0.1551472315677956,0.5932997743447318,0.0483383685800604,0.3473154362416107,0.455026455026455,0.414311835106383,1,1,1,1,1,1,6,True,0.33557318347783943,,1,1,0,False,False,0.33557318347783943,True,six_task_mean_complete_only = mean of six tasks ONLY when n_tasks_valid == 6; partial_task_mean = mean over the available tasks ONLY when 1 <= n_tasks_valid <= 5; legacy_* keeps the original skipna row mean for traceability and is NOT a six-task mean
jeffmeloy_Qwen2.5-7B-minperplexity-2,jeffmeloy/Qwen2.5-7B-minperplexity-2,0.509730847484674,0.549383787536886,0.0007552870090634,0.311241610738255,0.4616402116402116,0.4345910904255319,1,1,1,1,1,1,6,True,0.377890472472437,,1,1,0,False,False,0.377890472472437,True,six_task_mean_complete_only = mean of six tasks ONLY when n_tasks_valid == 6; partial_task_mean = mean over the available tasks ONLY when 1 <= n_tasks_valid <= 5; legacy_* keeps the original skipna row mean for traceability and is NOT a six-task mean
jeffmeloy_Qwen2.5-7B-nerd-uncensored-v0.9,jeffmeloy/Qwen2.5-7B-nerd-uncensored-v0.9,0.6048274134851084,0.5455650060753341,0.2507552870090634,0.322986577181208,0.4814814814814814,0.4363364361702128,1,1,1,1,1,1,6,True,0.4403253669004013,,1,1,0,False,False,0.4403253669004013,True,six_task_mean_complete_only = mean of six tasks ONLY when n_tasks_valid == 6; partial_task_mean = mean over the available tasks ONLY when 1 <= n_tasks_valid <= 5; legacy_* keeps the original skipna row mean for traceability and is NOT a six-task mean
jeffmeloy_Qwen2.5-7B-nerd-uncensored-v1.0,jeffmeloy/Qwen2.5-7B-nerd-uncensored-v1.0,0.7695159953368174,0.5393160909564312,0.0015105740181268,0.2902684563758389,0.4537037037037037,0.4253656914893617,1,1,1,1,1,1,6,True,0.41328008531337984,,1,1,0,False,False,0.41328008531337984,True,six_task_mean_complete_only = mean of six tasks ONLY when n_tasks_valid == 6; partial_task_mean = mean over the available tasks ONLY when 1 <= n_tasks_valid <= 5; legacy_* keeps the original skipna row mean for traceability and is NOT a six-task mean
jeffmeloy_Qwen2.5-7B-nerd-uncensored-v1.1,jeffmeloy/Qwen2.5-7B-nerd-uncensored-v1.1,0.6626296005709296,0.4839437597639299,0.0740181268882175,0.2869127516778523,0.3835978835978836,0.3849734042553192,1,1,1,1,1,1,6,True,0.3793459211256886,,1,1,0,False,False,0.3793459211256886,True,six_task_mean_complete_only = mean of six tasks ONLY when n_tasks_valid == 6; partial_task_mean = mean over the available tasks ONLY when 1 <= n_tasks_valid <= 5; legacy_* keeps the original skipna row mean for traceability and is NOT a six-task mean
jeffmeloy_Qwen2.5-7B-nerd-uncensored-v1.2,jeffmeloy/Qwen2.5-7B-nerd-uncensored-v1.2,0.4964671516021933,0.4912341607359833,0.1057401812688821,0.3036912751677852,0.4166666666666667,0.3968583776595745,1,1,1,1,1,1,6,True,0.36844296885018085,,1,1,0,False,False,0.36844296885018085,True,six_task_mean_complete_only = mean of six tasks ONLY when n_tasks_valid == 6; partial_task_mean = mean over the available tasks ONLY when 1 <= n_tasks_valid <= 5; legacy_* keeps the original skipna row mean for traceability and is NOT a six-task mean
jeffmeloy_Qwen2.5-7B-nerd-uncensored-v1.3,jeffmeloy/Qwen2.5-7B-nerd-uncensored-v1.3,0.4995146212050692,0.4997396285367124,0.1117824773413897,0.3129194630872483,0.4179894179894179,0.4015957446808511,1,1,1,1,1,1,6,True,0.37392355880678146,,1,1,0,False,False,0.37392355880678146,True,six_task_mean_complete_only = mean of six tasks ONLY when n_tasks_valid == 6; partial_task_mean = mean over the available tasks ONLY when 1 <= n_tasks_valid <= 5; legacy_* keeps the original skipna row mean for traceability and is NOT a six-task mean
jeffmeloy_Qwen2.5-7B-nerd-uncensored-v1.5,jeffmeloy/Qwen2.5-7B-nerd-uncensored-v1.5,0.5650352176669016,0.5499045304634612,0.222809667673716,0.3271812080536913,0.4973544973544973,0.444813829787234,1,1,1,1,1,1,6,True,0.4345164918332502,,1,1,0,False,False,0.4345164918332502,True,six_task_mean_complete_only = mean of six tasks ONLY when n_tasks_valid == 6; partial_task_mean = mean over the available tasks ONLY when 1 <= n_tasks_valid <= 5; legacy_* keeps the original skipna row mean for traceability and is NOT a six-task mean
jeffmeloy_Qwen2.5-7B-olm-v1.2,jeffmeloy/Qwen2.5-7B-olm-v1.2,0.4202549236027074,0.5509460163166117,0.277190332326284,0.3171140939597315,0.4682539682539682,0.4387466755319149,1,1,1,1,1,1,6,True,0.4120843349985363,,1,1,0,False,False,0.4120843349985363,True,six_task_mean_complete_only = mean of six tasks ONLY when n_tasks_valid == 6; partial_task_mean = mean over the available tasks ONLY when 1 <= n_tasks_valid <= 5; legacy_* keeps the original skipna row mean for traceability and is NOT a six-task mean
jeffmeloy_Qwen2.5-7B-olm-v1.3,jeffmeloy/Qwen2.5-7B-olm-v1.3,0.4218540140161438,0.5505988543655616,0.2938066465256798,0.3213087248322148,0.4695767195767196,0.4469747340425531,1,1,1,1,1,1,6,True,0.4173532822264787,,1,1,0,False,False,0.4173532822264787,True,six_task_mean_complete_only = mean of six tasks ONLY when n_tasks_valid == 6; partial_task_mean = mean over the available tasks ONLY when 1 <= n_tasks_valid <= 5; legacy_* keeps the original skipna row mean for traceability and is NOT a six-task mean
jeffmeloy_Qwen2.5-7B-olm-v1.5,jeffmeloy/Qwen2.5-7B-olm-v1.5,0.4546514359676769,0.5525082450963374,0.2817220543806646,0.3397651006711409,0.4537037037037037,0.4399102393617021,1,1,1,1,1,1,6,True,0.42037679653020427,,1,1,0,False,False,0.42037679653020427,True,six_task_mean_complete_only = mean of six tasks ONLY when n_tasks_valid == 6; partial_task_mean = mean over the available tasks ONLY when 1 <= n_tasks_valid <= 5; legacy_* keeps the original skipna row mean for traceability and is NOT a six-task mean
jiangxinyang-shanda_Homer-LLama3-8B,jiangxinyang-shanda/Homer-LLama3-8B,0.3991719748046295,0.5144940114563444,0.0249244712990936,0.296979865771812,0.4047619047619047,0.3139128989361702,1,1,1,1,1,1,6,True,0.3257075211716591,,1,1,0,False,False,0.3257075211716591,True,six_task_mean_complete_only = mean of six tasks ONLY when n_tasks_valid == 6; partial_task_mean = mean over the available tasks ONLY when 1 <= n_tasks_valid <= 5; legacy_* keeps the original skipna row mean for traceability and is NOT a six-task mean
jlzhou_Qwen2.5-3B-Infinity-Instruct-0625,jlzhou/Qwen2.5-3B-Infinity-Instruct-0625,0.3557582769274414,0.4763061968408262,0.0203927492447129,0.2692953020134228,0.3968253968253968,0.3198969414893617,1,1,1,1,1,1,6,True,0.306412477223527,,1,1,0,False,False,0.306412477223527,True,six_task_mean_complete_only = mean of six tasks ONLY when n_tasks_valid == 6; partial_task_mean = mean over the available tasks ONLY when 1 <= n_tasks_valid <= 5; legacy_* keeps the original skipna row mean for traceability and is NOT a six-task mean
johnsutor_Llama-3-8B-Instruct_breadcrumbs-density-0.1-gamma-0.01,johnsutor/Llama-3-8B-Instruct_breadcrumbs-density-0.1-gamma-0.01,0.4271244741729721,0.5013018573164382,0.0370090634441087,0.3221476510067114,0.4629629629629629,0.3739195478723404,1,1,1,1,1,1,6,True,0.35407759279592227,,1,1,0,False,False,0.35407759279592227,True,six_task_mean_complete_only = mean of six tasks ONLY when n_tasks_valid == 6; partial_task_mean = mean over the available tasks ONLY when 1 <= n_tasks_valid <= 5; legacy_* keeps the original skipna row mean for traceability and is NOT a six-task mean
johnsutor_Llama-3-8B-Instruct_breadcrumbs-density-0.1-gamma-0.1,johnsutor/Llama-3-8B-Instruct_breadcrumbs-density-0.1-gamma-0.1,0.425325913021893,0.4999132095122374,0.0853474320241691,0.3011744966442953,0.414021164021164,0.3724235372340425,1,1,1,1,1,1,6,True,0.34970095874296686,,1,1,0,False,False,0.34970095874296686,True,six_task_mean_complete_only = mean of six tasks ONLY when n_tasks_valid == 6; partial_task_mean = mean over the available tasks ONLY when 1 <= n_tasks_valid <= 5; legacy_* keeps the original skipna row mean for traceability and is NOT a six-task mean
johnsutor_Llama-3-8B-Instruct_breadcrumbs-density-0.5-gamma-0.01,johnsutor/Llama-3-8B-Instruct_breadcrumbs-density-0.5-gamma-0.01,0.3203621945327287,0.4858531504947058,0.0,0.3020134228187919,0.5092592592592593,0.3344414893617021,1,1,1,1,1,1,6,True,0.3253215860778646,,1,1,0,False,False,0.3253215860778646,True,six_task_mean_complete_only = mean of six tasks ONLY when n_tasks_valid == 6; partial_task_mean = mean over the available tasks ONLY when 1 <= n_tasks_valid <= 5; legacy_* keeps the original skipna row mean for traceability and is NOT a six-task mean
johnsutor_Llama-3-8B-Instruct_breadcrumbs-density-0.5-gamma-0.1,johnsutor/Llama-3-8B-Instruct_breadcrumbs-density-0.5-gamma-0.1,0.4396390466185277,0.5118902968234681,0.0687311178247734,0.3070469798657718,0.4391534391534391,0.3695977393617021,1,1,1,1,1,1,6,True,0.35600976994128036,,1,1,0,False,False,0.35600976994128036,True,six_task_mean_complete_only = mean of six tasks ONLY when n_tasks_valid == 6; partial_task_mean = mean over the available tasks ONLY when 1 <= n_tasks_valid <= 5; legacy_* keeps the original skipna row mean for traceability and is NOT a six-task mean
johnsutor_Llama-3-8B-Instruct_breadcrumbs-density-0.7-gamma-0.01,johnsutor/Llama-3-8B-Instruct_breadcrumbs-density-0.7-gamma-0.01,0.2814443454478561,0.4830758548863044,0.0,0.2902684563758389,0.5158730158730159,0.3295378989361702,1,1,1,1,1,1,6,True,0.3166999285865309,,1,1,0,False,False,0.3166999285865309,True,six_task_mean_complete_only = mean of six tasks ONLY when n_tasks_valid == 6; partial_task_mean = mean over the available tasks ONLY when 1 <= n_tasks_valid <= 5; legacy_* keeps the original skipna row mean for traceability and is NOT a six-task mean
johnsutor_Llama-3-8B-Instruct_breadcrumbs-density-0.7-gamma-0.1,johnsutor/Llama-3-8B-Instruct_breadcrumbs-density-0.7-gamma-0.1,0.4302218114602588,0.5132789446276688,0.0604229607250755,0.3078859060402684,0.4325396825396825,0.3662732712765957,1,1,1,1,1,1,6,True,0.3517704294449249,,1,1,0,False,False,0.3517704294449249,True,six_task_mean_complete_only = mean of six tasks ONLY when n_tasks_valid == 6; partial_task_mean = mean over the available tasks ONLY when 1 <= n_tasks_valid <= 5; legacy_* keeps the original skipna row mean for traceability and is NOT a six-task mean
johnsutor_Llama-3-8B-Instruct_breadcrumbs_ties-density-0.1-gamma-0.01,johnsutor/Llama-3-8B-Instruct_breadcrumbs_ties-density-0.1-gamma-0.01,0.4358923212631374,0.5018226002430134,0.0430513595166163,0.3104026845637584,0.4523809523809524,0.3762466755319149,1,1,1,1,1,1,6,True,0.3532994322498988,,1,1,0,False,False,0.3532994322498988,True,six_task_mean_complete_only = mean of six tasks ONLY when n_tasks_valid == 6; partial_task_mean = mean over the available tasks ONLY when 1 <= n_tasks_valid <= 5; legacy_* keeps the original skipna row mean for traceability and is NOT a six-task mean
johnsutor_Llama-3-8B-Instruct_breadcrumbs_ties-density-0.5-gamma-0.01,johnsutor/Llama-3-8B-Instruct_breadcrumbs_ties-density-0.5-gamma-0.01,0.3454168273514275,0.4954001041485853,0.0105740181268882,0.296979865771812,0.4907407407407407,0.3531416223404255,1,1,1,1,1,1,6,True,0.3320421964133132,,1,1,0,False,False,0.3320421964133132,True,six_task_mean_complete_only = mean of six tasks ONLY when n_tasks_valid == 6; partial_task_mean = mean over the available tasks ONLY when 1 <= n_tasks_valid <= 5; legacy_* keeps the original skipna row mean for traceability and is NOT a six-task mean
johnsutor_Llama-3-8B-Instruct_breadcrumbs_ties-density-0.5-gamma-0.1,johnsutor/Llama-3-8B-Instruct_breadcrumbs_ties-density-0.5-gamma-0.1,0.4091643505897684,0.511543134872418,0.0687311178247734,0.2953020134228188,0.4351851851851852,0.366938164893617,1,1,1,1,1,1,6,True,0.34781066113143017,,1,1,0,False,False,0.34781066113143017,True,six_task_mean_complete_only = mean of six tasks ONLY when n_tasks_valid == 6; partial_task_mean = mean over the available tasks ONLY when 1 <= n_tasks_valid <= 5; legacy_* keeps the original skipna row mean for traceability and is NOT a six-task mean
johnsutor_Llama-3-8B-Instruct_breadcrumbs_ties-density-0.7-gamma-0.01,johnsutor/Llama-3-8B-Instruct_breadcrumbs_ties-density-0.7-gamma-0.01,0.2903872835188411,0.4936642943933345,0.0052870090634441,0.299496644295302,0.4986772486772486,0.3489860372340425,1,1,1,1,1,1,6,True,0.3227497528637021,,1,1,0,False,False,0.3227497528637021,True,six_task_mean_complete_only = mean of six tasks ONLY when n_tasks_valid == 6; partial_task_mean = mean over the available tasks ONLY when 1 <= n_tasks_valid <= 5; legacy_* keeps the original skipna row mean for traceability and is NOT a six-task mean
johnsutor_Llama-3-8B-Instruct_breadcrumbs_ties-density-0.9-gamma-0.01,johnsutor/Llama-3-8B-Instruct_breadcrumbs_ties-density-0.9-gamma-0.01,0.291311497936586,0.4888040270786322,0.0,0.3003355704697986,0.4973544973544973,0.3454122340425531,1,1,1,1,1,1,6,True,0.32053630448034454,,1,1,0,False,False,0.32053630448034454,True,six_task_mean_complete_only = mean of six tasks ONLY when n_tasks_valid == 6; partial_task_mean = mean over the available tasks ONLY when 1 <= n_tasks_valid <= 5; legacy_* keeps the original skipna row mean for traceability and is NOT a six-task mean
johnsutor_Llama-3-8B-Instruct_breadcrumbs_ties-density-0.9-gamma-0.1,johnsutor/Llama-3-8B-Instruct_breadcrumbs_ties-density-0.9-gamma-0.1,0.4162333718976759,0.5120638777989932,0.0694864048338368,0.296979865771812,0.4312169312169312,0.3624501329787234,1,1,1,1,1,1,6,True,0.3480717640829954,,1,1,0,False,False,0.3480717640829954,True,six_task_mean_complete_only = mean of six tasks ONLY when n_tasks_valid == 6; partial_task_mean = mean over the available tasks ONLY when 1 <= n_tasks_valid <= 5; legacy_* keeps the original skipna row mean for traceability and is NOT a six-task mean
johnsutor_Llama-3-8B-Instruct_linear,johnsutor/Llama-3-8B-Instruct_linear,0.4308213318439518,0.5019961812185384,0.0906344410876132,0.2953020134228188,0.4087301587301587,0.3711768617021276,1,1,1,1,1,1,6,True,0.3497768313342014,,1,1,0,False,False,0.3497768313342014,True,six_task_mean_complete_only = mean of six tasks ONLY when n_tasks_valid == 6; partial_task_mean = mean over the available tasks ONLY when 1 <= n_tasks_valid <= 5; legacy_* keeps the original skipna row mean for traceability and is NOT a six-task mean
johnsutor_Llama-3-8B-Instruct_ties-density-0.1,johnsutor/Llama-3-8B-Instruct_ties-density-0.1,0.4116122998089513,0.4999132095122374,0.0709969788519637,0.2885906040268456,0.4166666666666667,0.3600398936170212,1,1,1,1,1,1,6,True,0.3413032754139476,,1,1,0,False,False,0.3413032754139476,True,six_task_mean_complete_only = mean of six tasks ONLY when n_tasks_valid == 6; partial_task_mean = mean over the available tasks ONLY when 1 <= n_tasks_valid <= 5; legacy_* keeps the original skipna row mean for traceability and is NOT a six-task mean
johnsutor_Llama-3-8B-Instruct_ties-density-0.7,johnsutor/Llama-3-8B-Instruct_ties-density-0.7,0.3681232463197649,0.4709251865995487,0.0574018126888217,0.3095637583892617,0.3875661375661375,0.3152426861702128,1,1,1,1,1,1,6,True,0.31813713795562454,,1,1,0,False,False,0.31813713795562454,True,six_task_mean_complete_only = mean of six tasks ONLY when n_tasks_valid == 6; partial_task_mean = mean over the available tasks ONLY when 1 <= n_tasks_valid <= 5; legacy_* keeps the original skipna row mean for traceability and is NOT a six-task mean
kayfour_T3Q-Qwen2.5-7B-it-KOR-Safe,kayfour/T3Q-Qwen2.5-7B-it-KOR-Safe,0.6081497094376255,0.5526818260718626,0.3761329305135951,0.3213087248322148,0.4272486772486772,0.4463929521276595,1,1,1,1,1,1,6,True,0.4553191367052724,,1,1,0,False,False,0.4553191367052724,True,six_task_mean_complete_only = mean of six tasks ONLY when n_tasks_valid == 6; partial_task_mean = mean over the available tasks ONLY when 1 <= n_tasks_valid <= 5; legacy_* keeps the original skipna row mean for traceability and is NOT a six-task mean
keeeeenw_MicroLlama,keeeeenw/MicroLlama,0.1985376578589254,0.2983856969276167,0.0,0.2609060402684564,0.369047619047619,0.1137799202127659,1,1,1,1,1,1,6,True,0.20677615571923055,,1,1,0,False,False,0.20677615571923055,True,six_task_mean_complete_only = mean of six tasks ONLY when n_tasks_valid == 6; partial_task_mean = mean over the available tasks ONLY when 1 <= n_tasks_valid <= 5; legacy_* keeps the original skipna row mean for traceability and is NOT a six-task mean
kevin009_llamaRAGdrama,kevin009/llamaRAGdrama,0.2598372318780835,0.398021176879014,0.0339879154078549,0.2642617449664429,0.4312169312169312,0.2723570478723404,1,1,1,1,1,1,6,True,0.2766136747034445,,1,1,0,False,False,0.2766136747034445,True,six_task_mean_complete_only = mean of six tasks ONLY when n_tasks_valid == 6; partial_task_mean = mean over the available tasks ONLY when 1 <= n_tasks_valid <= 5; legacy_* keeps the original skipna row mean for traceability and is NOT a six-task mean
khoantap_llama-3-8b-stock-merge,khoantap/llama-3-8b-stock-merge,0.4811799359034029,0.5155354973094949,0.1601208459214501,0.3179530201342282,0.3941798941798942,0.3799867021276595,1,1,1,1,1,1,6,True,0.3748259825960216,,1,1,0,False,False,0.3748259825960216,True,six_task_mean_complete_only = mean of six tasks ONLY when n_tasks_valid == 6; partial_task_mean = mean over the available tasks ONLY when 1 <= n_tasks_valid <= 5; legacy_* keeps the original skipna row mean for traceability and is NOT a six-task mean
khoantap_llama-linear-0.5-0.5-1-merge,khoantap/llama-linear-0.5-0.5-1-merge,0.4812298035878136,0.5641381704565179,0.2016616314199395,0.3070469798657718,0.414021164021164,0.3833111702127659,1,1,1,1,1,1,6,True,0.39190148659399543,,1,1,0,False,False,0.39190148659399543,True,six_task_mean_complete_only = mean of six tasks ONLY when n_tasks_valid == 6; partial_task_mean = mean over the available tasks ONLY when 1 <= n_tasks_valid <= 5; legacy_* keeps the original skipna row mean for traceability and is NOT a six-task mean
khoantap_llama-linear-0.5-1-0.5-merge,khoantap/llama-linear-0.5-1-0.5-merge,0.5031616111916382,0.5952091650755077,0.1472809667673716,0.2936241610738255,0.4166666666666667,0.3690159574468085,1,1,1,1,1,1,6,True,0.38749308803696964,,1,1,0,False,False,0.38749308803696964,True,six_task_mean_complete_only = mean of six tasks ONLY when n_tasks_valid == 6; partial_task_mean = mean over the available tasks ONLY when 1 <= n_tasks_valid <= 5; legacy_* keeps the original skipna row mean for traceability and is NOT a six-task mean
khoantap_llama-slerp-merge,khoantap/llama-slerp-merge,0.4979908864036312,0.576809581669849,0.0815709969788519,0.3028523489932886,0.4047619047619047,0.3677692819148936,1,1,1,1,1,1,6,True,0.3719591667870698,,1,1,0,False,False,0.3719591667870698,True,six_task_mean_complete_only = mean of six tasks ONLY when n_tasks_valid == 6; partial_task_mean = mean over the available tasks ONLY when 1 <= n_tasks_valid <= 5; legacy_* keeps the original skipna row mean for traceability and is NOT a six-task mean
khulaifi95_Llama-3.1-8B-Reason-Blend-888k,khulaifi95/Llama-3.1-8B-Reason-Blend-888k,0.583170432230925,0.4794306544002777,0.1117824773413897,0.2793624161073825,0.3373015873015873,0.3100066489361702,1,1,1,1,1,1,6,True,0.3501757027196221,,1,1,0,False,False,0.3501757027196221,True,six_task_mean_complete_only = mean of six tasks ONLY when n_tasks_valid == 6; partial_task_mean = mean over the available tasks ONLY when 1 <= n_tasks_valid <= 5; legacy_* keeps the original skipna row mean for traceability and is NOT a six-task mean
kms7530_chemeng_llama-3-8b-Instruct-bnb-4bit_24_1_100_1,kms7530/chemeng_llama-3-8b-Instruct-bnb-4bit_24_1_100_1,0.5455014915978493,0.4280506856448533,0.0309667673716012,0.2701342281879195,0.3809523809523809,0.2798371010638298,1,1,1,1,1,1,6,True,0.3225737758030724,,1,1,0,False,False,0.3225737758030724,True,six_task_mean_complete_only = mean of six tasks ONLY when n_tasks_valid == 6; partial_task_mean = mean over the available tasks ONLY when 1 <= n_tasks_valid <= 5; legacy_* keeps the original skipna row mean for traceability and is NOT a six-task mean
kms7530_chemeng_qwen-math-7b_24_1_100_1_nonmath,kms7530/chemeng_qwen-math-7b_24_1_100_1_nonmath,0.2583633647610562,0.385349765665683,0.2862537764350453,0.2902684563758389,0.4074074074074074,0.2451795212765957,1,1,1,1,1,1,6,True,0.3121370486536044,,1,1,0,False,False,0.3121370486536044,True,six_task_mean_complete_only = mean of six tasks ONLY when n_tasks_valid == 6; partial_task_mean = mean over the available tasks ONLY when 1 <= n_tasks_valid <= 5; legacy_* keeps the original skipna row mean for traceability and is NOT a six-task mean
langgptai_Qwen-las-v0.1,langgptai/Qwen-las-v0.1,0.3301041237250495,0.3867384134698837,0.0196374622356495,0.2466442953020134,0.369047619047619,0.2325465425531915,1,1,1,1,1,1,6,True,0.26411974272223443,,1,1,0,False,False,0.26411974272223443,True,six_task_mean_complete_only = mean of six tasks ONLY when n_tasks_valid == 6; partial_task_mean = mean over the available tasks ONLY when 1 <= n_tasks_valid <= 5; legacy_* keeps the original skipna row mean for traceability and is NOT a six-task mean
langgptai_qwen1.5-7b-chat-sa-v0.1,langgptai/qwen1.5-7b-chat-sa-v0.1,0.4267742922113325,0.429612914424579,0.0302114803625377,0.3120805369127516,0.3544973544973545,0.2992852393617021,1,1,1,1,1,1,6,True,0.3087436362950429,,1,1,0,False,False,0.3087436362950429,True,six_task_mean_complete_only = mean of six tasks ONLY when n_tasks_valid == 6; partial_task_mean = mean over the available tasks ONLY when 1 <= n_tasks_valid <= 5; legacy_* keeps the original skipna row mean for traceability and is NOT a six-task mean
lars1234_Mistral-Small-24B-Instruct-2501-writer,lars1234/Mistral-Small-24B-Instruct-2501-writer,0.6565346613651777,0.6714112133310189,0.3557401812688822,0.3892617449664429,0.4642857142857143,0.5447972074468085,1,1,1,1,1,1,6,True,0.5136717871106741,,1,1,0,False,False,0.5136717871106741,True,six_task_mean_complete_only = mean of six tasks ONLY when n_tasks_valid == 6; partial_task_mean = mean over the available tasks ONLY when 1 <= n_tasks_valid <= 5; legacy_* keeps the original skipna row mean for traceability and is NOT a six-task mean
lemon07r_Gemma-2-Ataraxy-9B,lemon07r/Gemma-2-Ataraxy-9B,0.3008772279773224,0.5924318694671064,0.0083081570996978,0.3347315436241611,0.4417989417989418,0.4226230053191489,1,1,1,1,1,1,6,True,0.35012845754772975,,1,1,0,False,False,0.35012845754772975,True,six_task_mean_complete_only = mean of six tasks ONLY when n_tasks_valid == 6; partial_task_mean = mean over the available tasks ONLY when 1 <= n_tasks_valid <= 5; legacy_* keeps the original skipna row mean for traceability and is NOT a six-task mean
lemon07r_Gemma-2-Ataraxy-Advanced-9B,lemon07r/Gemma-2-Ataraxy-Advanced-9B,0.5515964308036011,0.5884395070300296,0.0015105740181268,0.3355704697986577,0.3756613756613756,0.4243683510638298,1,1,1,1,1,1,6,True,0.37952445139593677,,1,1,0,False,False,0.37952445139593677,True,six_task_mean_complete_only = mean of six tasks ONLY when n_tasks_valid == 6; partial_task_mean = mean over the available tasks ONLY when 1 <= n_tasks_valid <= 5; legacy_* keeps the original skipna row mean for traceability and is NOT a six-task mean
lemon07r_Gemma-2-Ataraxy-v3j-9B,lemon07r/Gemma-2-Ataraxy-v3j-9B,0.4169326276501904,0.5634438465544176,0.0007552870090634,0.3280201342281879,0.3174603174603174,0.4133976063829787,1,1,1,1,1,1,6,True,0.34000163654752585,,1,1,0,False,False,0.34000163654752585,True,six_task_mean_complete_only = mean of six tasks ONLY when n_tasks_valid == 6; partial_task_mean = mean over the available tasks ONLY when 1 <= n_tasks_valid <= 5; legacy_* keeps the original skipna row mean for traceability and is NOT a six-task mean
lemon07r_Gemma-2-Ataraxy-v4-Advanced-9B,lemon07r/Gemma-2-Ataraxy-v4-Advanced-9B,0.7015474496558022,0.6018052421454608,0.0611782477341389,0.3389261744966443,0.4576719576719577,0.4366688829787234,1,1,1,1,1,1,6,True,0.4329663257804546,,1,1,0,False,False,0.4329663257804546,True,six_task_mean_complete_only = mean of six tasks ONLY when n_tasks_valid == 6; partial_task_mean = mean over the available tasks ONLY when 1 <= n_tasks_valid <= 5; legacy_* keeps the original skipna row mean for traceability and is NOT a six-task mean
lemon07r_Gemma-2-Ataraxy-v4b-9B,lemon07r/Gemma-2-Ataraxy-v4b-9B,0.6878338364428604,0.6031938899496615,0.0883685800604229,0.3406040268456375,0.455026455026455,0.4356715425531915,1,1,1,1,1,1,6,True,0.43511638847970474,,1,1,0,False,False,0.43511638847970474,True,six_task_mean_complete_only = mean of six tasks ONLY when n_tasks_valid == 6; partial_task_mean = mean over the available tasks ONLY when 1 <= n_tasks_valid <= 5; legacy_* keeps the original skipna row mean for traceability and is NOT a six-task mean
lemon07r_Gemma-2-Ataraxy-v4c-9B,lemon07r/Gemma-2-Ataraxy-v4c-9B,0.6945282960323054,0.6078805762888387,0.1797583081570997,0.3338926174496644,0.4523809523809524,0.4394946808510638,1,1,1,1,1,1,6,True,0.45132257185998736,,1,1,0,False,False,0.45132257185998736,True,six_task_mean_complete_only = mean of six tasks ONLY when n_tasks_valid == 6; partial_task_mean = mean over the available tasks ONLY when 1 <= n_tasks_valid <= 5; legacy_* keeps the original skipna row mean for traceability and is NOT a six-task mean
lemon07r_Llama-3-RedMagic4-8B,lemon07r/Llama-3-RedMagic4-8B,0.4864005283758206,0.42110744662385,0.0830815709969788,0.2902684563758389,0.3756613756613756,0.3676030585106383,1,1,1,1,1,1,6,True,0.3373537394240837,,1,1,0,False,False,0.3373537394240837,True,six_task_mean_complete_only = mean of six tasks ONLY when n_tasks_valid == 6; partial_task_mean = mean over the available tasks ONLY when 1 <= n_tasks_valid <= 5; legacy_* keeps the original skipna row mean for traceability and is NOT a six-task mean
lemon07r_llama-3-NeuralMahou-8b,lemon07r/llama-3-NeuralMahou-8b,0.4900973860468002,0.4134698837007464,0.0951661631419939,0.2885906040268456,0.3862433862433862,0.3690159574468085,1,1,1,1,1,1,6,True,0.3404305634344302,,1,1,0,False,False,0.3404305634344302,True,six_task_mean_complete_only = mean of six tasks ONLY when n_tasks_valid == 6; partial_task_mean = mean over the available tasks ONLY when 1 <= n_tasks_valid <= 5; legacy_* keeps the original skipna row mean for traceability and is NOT a six-task mean
lightblue_suzume-llama-3-8B-multilingual,lightblue/suzume-llama-3-8B-multilingual,0.6678003253589365,0.4927963895157091,0.0785498489425981,0.2835570469798658,0.3968253968253968,0.3383477393617021,1,1,1,1,1,1,6,True,0.37631279116403477,,1,1,0,False,False,0.37631279116403477,True,six_task_mean_complete_only = mean of six tasks ONLY when n_tasks_valid == 6; partial_task_mean = mean over the available tasks ONLY when 1 <= n_tasks_valid <= 5; legacy_* keeps the original skipna row mean for traceability and is NOT a six-task mean
lightblue_suzume-llama-3-8B-multilingual-orpo-borda-half,lightblue/suzume-llama-3-8B-multilingual-orpo-borda-half,0.6249107922534431,0.4683214719666724,0.0770392749244713,0.2449664429530201,0.3505291005291005,0.3613696808510638,1,1,1,1,1,1,6,True,0.3545227939129618,,1,1,0,False,False,0.3545227939129618,True,six_task_mean_complete_only = mean of six tasks ONLY when n_tasks_valid == 6; partial_task_mean = mean over the available tasks ONLY when 1 <= n_tasks_valid <= 5; legacy_* keeps the original skipna row mean for traceability and is NOT a six-task mean
lightblue_suzume-llama-3-8B-multilingual-orpo-borda-top25,lightblue/suzume-llama-3-8B-multilingual-orpo-borda-top25,0.6636535503574958,0.48429092171498,0.0853474320241691,0.2726510067114094,0.3558201058201058,0.3684341755319149,1,1,1,1,1,1,6,True,0.37169953202667916,,1,1,0,False,False,0.37169953202667916,True,six_task_mean_complete_only = mean of six tasks ONLY when n_tasks_valid == 6; partial_task_mean = mean over the available tasks ONLY when 1 <= n_tasks_valid <= 5; legacy_* keeps the original skipna row mean for traceability and is NOT a six-task mean
lkoenig_BBAI_200_Gemma,lkoenig/BBAI_200_Gemma,0.0705173384397842,0.3417809408088873,0.0,0.2667785234899328,0.3624338624338624,0.1678856382978723,1,1,1,1,1,1,6,True,0.20156605057838983,,1,1,0,False,False,0.20156605057838983,True,six_task_mean_complete_only = mean of six tasks ONLY when n_tasks_valid == 6; partial_task_mean = mean over the available tasks ONLY when 1 <= n_tasks_valid <= 5; legacy_* keeps the original skipna row mean for traceability and is NOT a six-task mean
lkoenig_BBAI_456_QwenKoen,lkoenig/BBAI_456_QwenKoen,0.4529282304285961,0.5530289880229127,0.3685800604229607,0.3129194630872483,0.4391534391534391,0.4468916223404255,1,1,1,1,1,1,6,True,0.42891696724259704,,1,1,0,False,False,0.42891696724259704,True,six_task_mean_complete_only = mean of six tasks ONLY when n_tasks_valid == 6; partial_task_mean = mean over the available tasks ONLY when 1 <= n_tasks_valid <= 5; legacy_* keeps the original skipna row mean for traceability and is NOT a six-task mean
lkoenig_BBAI_7B_KoenQwenDyan,lkoenig/BBAI_7B_KoenQwenDyan,0.5807224830117421,0.5507724353410867,0.3738670694864048,0.3179530201342282,0.4365079365079365,0.4459773936170212,1,1,1,1,1,1,6,True,0.45096672301640334,,1,1,0,False,False,0.45096672301640334,True,six_task_mean_complete_only = mean of six tasks ONLY when n_tasks_valid == 6; partial_task_mean = mean over the available tasks ONLY when 1 <= n_tasks_valid <= 5; legacy_* keeps the original skipna row mean for traceability and is NOT a six-task mean
lkoenig_BBAI_7B_Qwen2.5koen,lkoenig/BBAI_7B_Qwen2.5koen,0.4599972517365036,0.5518139211942371,0.3655589123867069,0.3129194630872483,0.4365079365079365,0.4484707446808511,1,1,1,1,1,1,6,True,0.4292113715989139,,1,1,0,False,False,0.4292113715989139,True,six_task_mean_complete_only = mean of six tasks ONLY when n_tasks_valid == 6; partial_task_mean = mean over the available tasks ONLY when 1 <= n_tasks_valid <= 5; legacy_* keeps the original skipna row mean for traceability and is NOT a six-task mean
lkoenig_BBAI_7B_QwenDyanKoenLo,lkoenig/BBAI_7B_QwenDyanKoenLo,0.4663171496074859,0.553723311925013,0.3640483383685801,0.3187919463087248,0.4338624338624338,0.4464760638297872,1,1,1,1,1,1,6,True,0.4305365406503375,,1,1,0,False,False,0.4305365406503375,True,six_task_mean_complete_only = mean of six tasks ONLY when n_tasks_valid == 6; partial_task_mean = mean over the available tasks ONLY when 1 <= n_tasks_valid <= 5; legacy_* keeps the original skipna row mean for traceability and is NOT a six-task mean
llmat_Mistral-v0.3-7B-ORPO,llmat/Mistral-v0.3-7B-ORPO,0.3770406964631622,0.3969796910258635,0.0052870090634441,0.2667785234899328,0.3544973544973545,0.2278091755319149,1,1,1,1,1,1,6,True,0.271398741678612,,1,1,0,False,False,0.271398741678612,True,six_task_mean_complete_only = mean of six tasks ONLY when n_tasks_valid == 6; partial_task_mean = mean over the available tasks ONLY when 1 <= n_tasks_valid <= 5; legacy_* keeps the original skipna row mean for traceability and is NOT a six-task mean
magnifi_Phi3_intent_v56_3_w_unknown_5_lr_0.002,magnifi/Phi3_intent_v56_3_w_unknown_5_lr_0.002,0.2018100861270318,0.3240756813053289,0.0,0.2642617449664429,0.4113756613756614,0.1471908244680851,1,1,1,1,1,1,6,True,0.22478566637375832,,1,1,0,False,False,0.22478566637375832,True,six_task_mean_complete_only = mean of six tasks ONLY when n_tasks_valid == 6; partial_task_mean = mean over the available tasks ONLY when 1 <= n_tasks_valid <= 5; legacy_* keeps the original skipna row mean for traceability and is NOT a six-task mean
maldv_badger-lambda-llama-3-8b,maldv/badger-lambda-llama-3-8b,0.4860758343417687,0.494705780246485,0.0830815709969788,0.2818791946308724,0.3743386243386243,0.3766622340425531,1,1,1,1,1,1,6,True,0.3494572064328803,,1,1,0,False,False,0.3494572064328803,True,six_task_mean_complete_only = mean of six tasks ONLY when n_tasks_valid == 6; partial_task_mean = mean over the available tasks ONLY when 1 <= n_tasks_valid <= 5; legacy_* keeps the original skipna row mean for traceability and is NOT a six-task mean
marcuscedricridia_Hush-Qwen2.5-7B-MST,marcuscedricridia/Hush-Qwen2.5-7B-MST,0.7488330961847898,0.5420933865648325,0.4244712990936556,0.3036912751677852,0.3902116402116402,0.4163065159574468,1,1,1,1,1,1,6,True,0.47093453553002496,,1,1,0,False,False,0.47093453553002496,True,six_task_mean_complete_only = mean of six tasks ONLY when n_tasks_valid == 6; partial_task_mean = mean over the available tasks ONLY when 1 <= n_tasks_valid <= 5; legacy_* keeps the original skipna row mean for traceability and is NOT a six-task mean
marcuscedricridia_Hush-Qwen2.5-7B-MST-v1.3,marcuscedricridia/Hush-Qwen2.5-7B-MST-v1.3,0.704320092909037,0.5485158826592605,0.4758308157099697,0.3145973154362416,0.4298941798941799,0.4439827127659574,1,1,1,1,1,1,6,True,0.4861901665624411,,1,1,0,False,False,0.4861901665624411,True,six_task_mean_complete_only = mean of six tasks ONLY when n_tasks_valid == 6; partial_task_mean = mean over the available tasks ONLY when 1 <= n_tasks_valid <= 5; legacy_* keeps the original skipna row mean for traceability and is NOT a six-task mean
marcuscedricridia_Hush-Qwen2.5-7B-Preview,marcuscedricridia/Hush-Qwen2.5-7B-Preview,0.7962439660101863,0.5401839958340566,0.3753776435045317,0.311241610738255,0.4285714285714285,0.4364195478723404,1,1,1,1,1,1,6,True,0.48133969875513305,,1,1,0,False,False,0.48133969875513305,True,six_task_mean_complete_only = mean of six tasks ONLY when n_tasks_valid == 6; partial_task_mean = mean over the available tasks ONLY when 1 <= n_tasks_valid <= 5; legacy_* keeps the original skipna row mean for traceability and is NOT a six-task mean
marcuscedricridia_Hush-Qwen2.5-7B-RP-v1.4-1M,marcuscedricridia/Hush-Qwen2.5-7B-RP-v1.4-1M,0.7727884236049238,0.528380489498351,0.3368580060422961,0.2986577181208054,0.4417989417989418,0.4134807180851064,1,1,1,1,1,1,6,True,0.4653273828584041,,1,1,0,False,False,0.4653273828584041,True,six_task_mean_complete_only = mean of six tasks ONLY when n_tasks_valid == 6; partial_task_mean = mean over the available tasks ONLY when 1 <= n_tasks_valid <= 5; legacy_* keeps the original skipna row mean for traceability and is NOT a six-task mean
marcuscedricridia_Hush-Qwen2.5-7B-v1.1,marcuscedricridia/Hush-Qwen2.5-7B-v1.1,0.7889499860370484,0.5356708904704044,0.4380664652567976,0.3162751677852349,0.4166666666666667,0.4227061170212766,1,1,1,1,1,1,6,True,0.4863892155395713,,1,1,0,False,False,0.4863892155395713,True,six_task_mean_complete_only = mean of six tasks ONLY when n_tasks_valid == 6; partial_task_mean = mean over the available tasks ONLY when 1 <= n_tasks_valid <= 5; legacy_* keeps the original skipna row mean for traceability and is NOT a six-task mean
marcuscedricridia_Hush-Qwen2.5-7B-v1.3,marcuscedricridia/Hush-Qwen2.5-7B-v1.3,0.7856276900845313,0.5297691373025516,0.3323262839879154,0.3120805369127516,0.4232804232804232,0.4345079787234042,1,1,1,1,1,1,6,True,0.46959867504859615,,1,1,0,False,False,0.46959867504859615,True,six_task_mean_complete_only = mean of six tasks ONLY when n_tasks_valid == 6; partial_task_mean = mean over the available tasks ONLY when 1 <= n_tasks_valid <= 5; legacy_* keeps the original skipna row mean for traceability and is NOT a six-task mean
marcuscedricridia_Qwen2.5-7B-Preview,marcuscedricridia/Qwen2.5-7B-Preview,0.7679423928509688,0.5341086616906787,0.3444108761329305,0.3238255033557047,0.4126984126984127,0.42578125,1,1,1,1,1,1,6,True,0.46812784945478253,,1,1,0,False,False,0.46812784945478253,True,six_task_mean_complete_only = mean of six tasks ONLY when n_tasks_valid == 6; partial_task_mean = mean over the available tasks ONLY when 1 <= n_tasks_valid <= 5; legacy_* keeps the original skipna row mean for traceability and is NOT a six-task mean
marcuscedricridia_Yell-Qwen2.5-7B-Preview-v1.1,marcuscedricridia/Yell-Qwen2.5-7B-Preview-v1.1,0.5757013612769672,0.5334143377885784,0.1895770392749244,0.2860738255033557,0.4047619047619047,0.3831449468085106,1,1,1,1,1,1,6,True,0.3954455692357068,,1,1,0,False,False,0.3954455692357068,True,six_task_mean_complete_only = mean of six tasks ONLY when n_tasks_valid == 6; partial_task_mean = mean over the available tasks ONLY when 1 <= n_tasks_valid <= 5; legacy_* keeps the original skipna row mean for traceability and is NOT a six-task mean
mattshumer_Reflection-Llama-3.1-70B,mattshumer/Reflection-Llama-3.1-70B,0.0045213367199031,0.6443325811491061,0.120845921450151,0.3632550335570469,0.4563492063492063,0.4955119680851064,1,1,1,1,1,1,6,True,0.34746934121842,,1,1,0,False,False,0.34746934121842,True,six_task_mean_complete_only = mean of six tasks ONLY when n_tasks_valid == 6; partial_task_mean = mean over the available tasks ONLY when 1 <= n_tasks_valid <= 5; legacy_* keeps the original skipna row mean for traceability and is NOT a six-task mean
meditsolutions_Llama-3.2-SUN-1B-chat,meditsolutions/Llama-3.2-SUN-1B-chat,0.5426789806602038,0.3508071515361916,0.0475830815709969,0.2609060402684564,0.3293650793650793,0.1899933510638297,1,1,1,1,1,1,6,True,0.2868889474107929,,1,1,0,False,False,0.2868889474107929,True,six_task_mean_complete_only = mean of six tasks ONLY when n_tasks_valid == 6; partial_task_mean = mean over the available tasks ONLY when 1 <= n_tasks_valid <= 5; legacy_* keeps the original skipna row mean for traceability and is NOT a six-task mean
meditsolutions_Llama-3.2-SUN-2.4B-checkpoint-34800,meditsolutions/Llama-3.2-SUN-2.4B-checkpoint-34800,0.2500953026857626,0.3134872417982989,0.0015105740181268,0.2860738255033557,0.4021164021164021,0.135721409574468,1,1,1,1,1,1,6,True,0.23150079261606896,,1,1,0,False,False,0.23150079261606896,True,six_task_mean_complete_only = mean of six tasks ONLY when n_tasks_valid == 6; partial_task_mean = mean over the available tasks ONLY when 1 <= n_tasks_valid <= 5; legacy_* keeps the original skipna row mean for traceability and is NOT a six-task mean
meditsolutions_Llama-3.2-SUN-2.5B-chat,meditsolutions/Llama-3.2-SUN-2.5B-chat,0.560414145578177,0.3549730949487936,0.0128398791540785,0.259228187919463,0.3148148148148148,0.1813497340425532,1,1,1,1,1,1,6,True,0.2806033094096467,,1,1,0,False,False,0.2806033094096467,True,six_task_mean_complete_only = mean of six tasks ONLY when n_tasks_valid == 6; partial_task_mean = mean over the available tasks ONLY when 1 <= n_tasks_valid <= 5; legacy_* keeps the original skipna row mean for traceability and is NOT a six-task mean
meta-llama_Llama-2-13b-hf,meta-llama/Llama-2-13b-hf,0.2482468738502728,0.4113869119944454,0.0105740181268882,0.2810402684563758,0.3531746031746032,0.237782579787234,1,1,1,1,1,1,6,True,0.25703420923163656,,1,1,0,False,False,0.25703420923163656,True,six_task_mean_complete_only = mean of six tasks ONLY when n_tasks_valid == 6; partial_task_mean = mean over the available tasks ONLY when 1 <= n_tasks_valid <= 5; legacy_* keeps the original skipna row mean for traceability and is NOT a six-task mean
meta-llama_Llama-2-70b-chat-hf,meta-llama/Llama-2-70b-chat-hf,0.4957922756065018,0.3022044783891685,0.0090634441087613,0.2642617449664429,0.3677248677248677,0.2432679521276596,1,1,1,1,1,1,6,True,0.28038579382056694,,1,1,0,False,False,0.28038579382056694,True,six_task_mean_complete_only = mean of six tasks ONLY when n_tasks_valid == 6; partial_task_mean = mean over the available tasks ONLY when 1 <= n_tasks_valid <= 5; legacy_* keeps the original skipna row mean for traceability and is NOT a six-task mean
meta-llama_Llama-2-70b-hf,meta-llama/Llama-2-70b-hf,0.2406780675274937,0.5460857490019094,0.0249244712990936,0.3028523489932886,0.4113756613756614,0.3717586436170212,1,1,1,1,1,1,6,True,0.316279156969078,,1,1,0,False,False,0.316279156969078,True,six_task_mean_complete_only = mean of six tasks ONLY when n_tasks_valid == 6; partial_task_mean = mean over the available tasks ONLY when 1 <= n_tasks_valid <= 5; legacy_* keeps the original skipna row mean for traceability and is NOT a six-task mean
meta-llama_Llama-2-7b-chat-hf,meta-llama/Llama-2-7b-chat-hf,0.3965245548478038,0.3084533935080715,0.0067975830815709,0.2541946308724832,0.3677248677248677,0.167719414893617,1,1,1,1,1,1,6,True,0.2502357408214023,,1,1,0,False,False,0.2502357408214023,True,six_task_mean_complete_only = mean of six tasks ONLY when n_tasks_valid == 6; partial_task_mean = mean over the available tasks ONLY when 1 <= n_tasks_valid <= 5; legacy_* keeps the original skipna row mean for traceability and is NOT a six-task mean
meta-llama_Llama-3.1-70B,meta-llama/Llama-3.1-70B,0.1684375235486287,0.6271480645721229,0.1669184290030211,0.3875838926174497,0.4563492063492063,0.4654255319148936,1,1,1,1,1,1,6,True,0.3786437746675537,,1,1,0,False,False,0.3786437746675537,True,six_task_mean_complete_only = mean of six tasks ONLY when n_tasks_valid == 6; partial_task_mean = mean over the available tasks ONLY when 1 <= n_tasks_valid <= 5; legacy_* keeps the original skipna row mean for traceability and is NOT a six-task mean
meta-llama_Llama-3.1-70B-Instruct,meta-llama/Llama-3.1-70B-Instruct,0.8428303567866594,0.679916681131748,0.0271903323262839,0.3162751677852349,0.4537037037037037,0.5337433510638298,1,1,1,1,1,1,6,True,0.4756099321329099,,1,1,0,False,False,0.4756099321329099,True,six_task_mean_complete_only = mean of six tasks ONLY when n_tasks_valid == 6; partial_task_mean = mean over the available tasks ONLY when 1 <= n_tasks_valid <= 5; legacy_* keeps the original skipna row mean for traceability and is NOT a six-task mean
meta-llama_Llama-3.1-8B-Instruct,meta-llama/Llama-3.1-8B-Instruct,0.4921707735475206,0.5077243534108662,0.1540785498489425,0.3154362416107382,0.3968253968253968,0.3798204787234042,1,1,1,1,1,1,6,True,0.3743426323278114,,1,1,0,False,False,0.3743426323278114,True,six_task_mean_complete_only = mean of six tasks ONLY when n_tasks_valid == 6; partial_task_mean = mean over the available tasks ONLY when 1 <= n_tasks_valid <= 5; legacy_* keeps the original skipna row mean for traceability and is NOT a six-task mean
meta-llama_Llama-3.2-1B,meta-llama/Llama-3.2-1B,0.147779004153424,0.3089741364346468,0.0022658610271903,0.2281879194630872,0.3439153439153439,0.120345744680851,1,1,1,1,1,1,6,True,0.19191133494575718,,1,1,0,False,False,0.19191133494575718,True,six_task_mean_complete_only = mean of six tasks ONLY when n_tasks_valid == 6; partial_task_mean = mean over the available tasks ONLY when 1 <= n_tasks_valid <= 5; legacy_* keeps the original skipna row mean for traceability and is NOT a six-task mean
meta-llama_Llama-3.2-3B-Instruct,meta-llama/Llama-3.2-3B-Instruct,0.7414393808428303,0.4546085749001909,0.1351963746223565,0.2634228187919463,0.3571428571428571,0.3154920212765957,1,1,1,1,1,1,6,True,0.3778836712627962,,1,1,0,False,False,0.3778836712627962,True,six_task_mean_complete_only = mean of six tasks ONLY when n_tasks_valid == 6; partial_task_mean = mean over the available tasks ONLY when 1 <= n_tasks_valid <= 5; legacy_* keeps the original skipna row mean for traceability and is NOT a six-task mean
meta-llama_Meta-Llama-3-70B,meta-llama/Meta-Llama-3-70B,0.1603190645265673,0.6465891338309321,0.1654078549848942,0.3976510067114094,0.451058201058201,0.4709109042553192,1,1,1,1,1,1,6,True,0.3819893608945539,,1,1,0,False,False,0.3819893608945539,True,six_task_mean_complete_only = mean of six tasks ONLY when n_tasks_valid == 6; partial_task_mean = mean over the available tasks ONLY when 1 <= n_tasks_valid <= 5; legacy_* keeps the original skipna row mean for traceability and is NOT a six-task mean
meta-llama_Meta-Llama-3-70B-Instruct,meta-llama/Meta-Llama-3-70B-Instruct,0.8099077115387172,0.6524908869987849,0.2333836858006042,0.2869127516778523,0.414021164021164,0.5206948138297872,1,1,1,1,1,1,6,True,0.4862351689778183,,1,1,0,False,False,0.4862351689778183,True,six_task_mean_complete_only = mean of six tasks ONLY when n_tasks_valid == 6; partial_task_mean = mean over the available tasks ONLY when 1 <= n_tasks_valid <= 5; legacy_* keeps the original skipna row mean for traceability and is NOT a six-task mean
meta-llama_Meta-Llama-3-8B-Instruct,meta-llama/Meta-Llama-3-8B-Instruct,0.7408398604591373,0.4971359139038361,0.086858006042296,0.259228187919463,0.3558201058201058,0.3664394946808511,1,1,1,1,1,1,6,True,0.3843869281376149,,1,1,0,False,False,0.3843869281376149,True,six_task_mean_complete_only = mean of six tasks ONLY when n_tasks_valid == 6; partial_task_mean = mean over the available tasks ONLY when 1 <= n_tasks_valid <= 5; legacy_* keeps the original skipna row mean for traceability and is NOT a six-task mean
microsoft_Phi-3-medium-128k-instruct,microsoft/Phi-3-medium-128k-instruct,0.6040029344361849,0.6361742752994272,0.161631419939577,0.3364093959731543,0.4113756613756614,0.4711602393617021,1,1,1,1,1,1,6,True,0.4367923210642845,,1,1,0,False,False,0.4367923210642845,True,six_task_mean_complete_only = mean of six tasks ONLY when n_tasks_valid == 6; partial_task_mean = mean over the available tasks ONLY when 1 <= n_tasks_valid <= 5; legacy_* keeps the original skipna row mean for traceability and is NOT a six-task mean
microsoft_Phi-3-medium-4k-instruct,microsoft/Phi-3-medium-4k-instruct,0.6422713954529538,0.6380836660302031,0.1699395770392749,0.3364093959731543,0.4246031746031746,0.4675864361702128,1,1,1,1,1,1,6,True,0.44648227421149556,,1,1,0,False,False,0.44648227421149556,True,six_task_mean_complete_only = mean of six tasks ONLY when n_tasks_valid == 6; partial_task_mean = mean over the available tasks ONLY when 1 <= n_tasks_valid <= 5; legacy_* keeps the original skipna row mean for traceability and is NOT a six-task mean
microsoft_Phi-3-mini-128k-instruct,microsoft/Phi-3-mini-128k-instruct,0.5976331688807919,0.5559798646068391,0.0891238670694864,0.3179530201342282,0.3928571428571428,0.3734208776595745,1,1,1,1,1,1,6,True,0.3878279902013438,,1,1,0,False,False,0.3878279902013438,True,six_task_mean_complete_only = mean of six tasks ONLY when n_tasks_valid == 6; partial_task_mean = mean over the available tasks ONLY when 1 <= n_tasks_valid <= 5; legacy_* keeps the original skipna row mean for traceability and is NOT a six-task mean
microsoft_Phi-4-mini-instruct,microsoft/Phi-4-mini-instruct,0.7377923908562614,0.5667418850893942,0.1699395770392749,0.3095637583892617,0.3862433862433862,0.3932014627659574,1,1,1,1,1,1,6,True,0.4272470767305893,,1,1,0,False,False,0.4272470767305893,True,six_task_mean_complete_only = mean of six tasks ONLY when n_tasks_valid == 6; partial_task_mean = mean over the available tasks ONLY when 1 <= n_tasks_valid <= 5; legacy_* keeps the original skipna row mean for traceability and is NOT a six-task mean
microsoft_phi-1,microsoft/phi-1,0.2068057199342189,0.3112306891164728,0.0067975830815709,0.2651006711409396,0.3518518518518518,0.116190159574468,1,1,1,1,1,1,6,True,0.209662779116587,,1,1,0,False,False,0.209662779116587,True,six_task_mean_complete_only = mean of six tasks ONLY when n_tasks_valid == 6; partial_task_mean = mean over the available tasks ONLY when 1 <= n_tasks_valid <= 5; legacy_* keeps the original skipna row mean for traceability and is NOT a six-task mean
microsoft_phi-1_5,microsoft/phi-1_5,0.2032839532440591,0.3331018920326332,0.0113293051359516,0.2676174496644295,0.3399470899470899,0.1691323138297872,1,1,1,1,1,1,6,True,0.2207353339756584,,1,1,0,False,False,0.2207353339756584,True,six_task_mean_complete_only = mean of six tasks ONLY when n_tasks_valid == 6; partial_task_mean = mean over the available tasks ONLY when 1 <= n_tasks_valid <= 5; legacy_* keeps the original skipna row mean for traceability and is NOT a six-task mean
microsoft_phi-4,microsoft/phi-4,0.0487850015736024,0.6686339177226176,0.2787009063444108,0.401006711409396,0.5026455026455027,0.5295046542553191,1,1,1,1,1,1,6,True,0.4048794489918081,,1,1,0,False,False,0.4048794489918081,True,six_task_mean_complete_only = mean of six tasks ONLY when n_tasks_valid == 6; partial_task_mean = mean over the available tasks ONLY when 1 <= n_tasks_valid <= 5; legacy_* keeps the original skipna row mean for traceability and is NOT a six-task mean
migtissera_Tess-3-Mistral-Nemo-12B,migtissera/Tess-3-Mistral-Nemo-12B,0.335499807178287,0.488456865127582,0.0468277945619335,0.2508389261744966,0.4444444444444444,0.2564827127659574,1,1,1,1,1,1,6,True,0.30375842504211686,,1,1,0,False,False,0.30375842504211686,True,six_task_mean_complete_only = mean of six tasks ONLY when n_tasks_valid == 6; partial_task_mean = mean over the available tasks ONLY when 1 <= n_tasks_valid <= 5; legacy_* keeps the original skipna row mean for traceability and is NOT a six-task mean
minghaowu_Qwen1.5-1.8B-OpenHermes-2.5,minghaowu/Qwen1.5-1.8B-OpenHermes-2.5,0.2777973554612871,0.3353584447144593,0.0022658610271903,0.2835570469798658,0.3518518518518518,0.179188829787234,1,1,1,1,1,1,6,True,0.23833656497031472,,1,1,0,False,False,0.23833656497031472,True,six_task_mean_complete_only = mean of six tasks ONLY when n_tasks_valid == 6; partial_task_mean = mean over the available tasks ONLY when 1 <= n_tasks_valid <= 5; legacy_* keeps the original skipna row mean for traceability and is NOT a six-task mean
mistral-community_Mixtral-8x22B-v0.1,mistral-community/Mixtral-8x22B-v0.1,0.3166564417177914,0.38,0.1542857142857142,0.33,0.3533333333333333,0.36,1,1,1,1,1,1,6,True,0.31571258155613985,,1,1,0,False,False,0.31571258155613985,True,six_task_mean_complete_only = mean of six tasks ONLY when n_tasks_valid == 6; partial_task_mean = mean over the available tasks ONLY when 1 <= n_tasks_valid <= 5; legacy_* keeps the original skipna row mean for traceability and is NOT a six-task mean
mistralai_Codestral-22B-v0.1,mistralai/Codestral-22B-v0.1,0.5771752283939946,0.5087658392640166,0.0876132930513595,0.2986577181208054,0.4179894179894179,0.3155751329787234,1,1,1,1,1,1,6,True,0.3676294382997196,,1,1,0,False,False,0.3676294382997196,True,six_task_mean_complete_only = mean of six tasks ONLY when n_tasks_valid == 6; partial_task_mean = mean over the available tasks ONLY when 1 <= n_tasks_valid <= 5; legacy_* keeps the original skipna row mean for traceability and is NOT a six-task mean
mistralai_Mistral-7B-Instruct-v0.1,mistralai/Mistral-7B-Instruct-v0.1,0.450229834616595,0.3763235549383787,0.0151057401812688,0.2416107382550335,0.3809523809523809,0.238031914893617,1,1,1,1,1,1,6,True,0.28370902730621234,,1,1,0,False,False,0.28370902730621234,True,six_task_mean_complete_only = mean of six tasks ONLY when n_tasks_valid == 6; partial_task_mean = mean over the available tasks ONLY when 1 <= n_tasks_valid <= 5; legacy_* keeps the original skipna row mean for traceability and is NOT a six-task mean
mistralai_Mistral-7B-Instruct-v0.3,mistralai/Mistral-7B-Instruct-v0.3,0.5465254413844156,0.4700572817219233,0.0317220543806646,0.2793624161073825,0.373015873015873,0.3075132978723404,1,1,1,1,1,1,6,True,0.33469939408043325,,1,1,0,False,False,0.33469939408043325,True,six_task_mean_complete_only = mean of six tasks ONLY when n_tasks_valid == 6; partial_task_mean = mean over the available tasks ONLY when 1 <= n_tasks_valid <= 5; legacy_* keeps the original skipna row mean for traceability and is NOT a six-task mean
mistralai_Mistral-7B-v0.3,mistralai/Mistral-7B-v0.3,,0.4511369553896893,,,,,0,1,0,0,0,0,1,False,,0.4511369553896893,1,1,0,False,False,0.4511369553896893,True,six_task_mean_complete_only = mean of six tasks ONLY when n_tasks_valid == 6; partial_task_mean = mean over the available tasks ONLY when 1 <= n_tasks_valid <= 5; legacy_* keeps the original skipna row mean for traceability and is NOT a six-task mean
mistralai_Mistral-Large-Instruct-2411,mistralai/Mistral-Large-Instruct-2411,0.8400577135334246,0.6700225655268183,0.0113293051359516,0.4370805369127516,0.4523809523809524,0.5561835106382979,1,1,1,1,1,1,6,True,0.49450909735469933,,1,1,0,False,False,0.49450909735469933,True,six_task_mean_complete_only = mean of six tasks ONLY when n_tasks_valid == 6; partial_task_mean = mean over the available tasks ONLY when 1 <= n_tasks_valid <= 5; legacy_* keeps the original skipna row mean for traceability and is NOT a six-task mean
mistralai_Mistral-Nemo-Instruct-2407,mistralai/Mistral-Nemo-Instruct-2407,0.6261098330208292,0.4875889602499566,0.0030211480362537,0.3154362416107382,0.3902116402116402,0.3373503989361702,1,1,1,1,1,1,6,True,0.35995303701093134,,1,1,0,False,False,0.35995303701093134,True,six_task_mean_complete_only = mean of six tasks ONLY when n_tasks_valid == 6; partial_task_mean = mean over the available tasks ONLY when 1 <= n_tasks_valid <= 5; legacy_* keeps the original skipna row mean for traceability and is NOT a six-task mean
mistralai_Mistral-Small-Instruct-2409,mistralai/Mistral-Small-Instruct-2409,0.666975846310013,0.51570907828502,0.1435045317220543,0.3238255033557047,0.3624338624338624,0.3960272606382978,1,1,1,1,1,1,6,True,0.401412680457492,,1,1,0,False,False,0.401412680457492,True,six_task_mean_complete_only = mean of six tasks ONLY when n_tasks_valid == 6; partial_task_mean = mean over the available tasks ONLY when 1 <= n_tasks_valid <= 5; legacy_* keeps the original skipna row mean for traceability and is NOT a six-task mean
mistralai_Mixtral-8x22B-Instruct-v0.1,mistralai/Mixtral-8x22B-Instruct-v0.1,0.7183584001560305,0.6110050338482902,0.1873111782477341,0.3733221476510067,0.4298941798941799,0.4483045212765957,1,1,1,1,1,1,6,True,0.4613659101789729,,1,1,0,False,False,0.4613659101789729,True,six_task_mean_complete_only = mean of six tasks ONLY when n_tasks_valid == 6; partial_task_mean = mean over the available tasks ONLY when 1 <= n_tasks_valid <= 5; legacy_* keeps the original skipna row mean for traceability and is NOT a six-task mean
mistralai_Mixtral-8x22B-v0.1,mistralai/Mixtral-8x22B-v0.1,0.2582636293922348,0.6233292831105711,0.168429003021148,0.3758389261744966,0.4034391534391534,0.4639295212765957,1,1,1,1,1,1,6,True,0.3822049194023666,,1,1,0,False,False,0.3822049194023666,True,six_task_mean_complete_only = mean of six tasks ONLY when n_tasks_valid == 6; partial_task_mean = mean over the available tasks ONLY when 1 <= n_tasks_valid <= 5; legacy_* keeps the original skipna row mean for traceability and is NOT a six-task mean
mistralai_Mixtral-8x7B-v0.1,mistralai/Mixtral-8x7B-v0.1,0.2350075577246151,0.5032112480472141,0.0883685800604229,0.3196308724832215,0.4312169312169312,0.3834773936170212,1,1,1,1,1,1,6,True,0.32681876385823766,,1,1,0,False,False,0.32681876385823766,True,six_task_mean_complete_only = mean of six tasks ONLY when n_tasks_valid == 6; partial_task_mean = mean over the available tasks ONLY when 1 <= n_tasks_valid <= 5; legacy_* keeps the original skipna row mean for traceability and is NOT a six-task mean
mkurman_llama-3.2-MEDIT-3B-o1,mkurman/llama-3.2-MEDIT-3B-o1,0.4381651795015004,0.4402013539316091,0.1193353474320241,0.2659395973154362,0.3558201058201058,0.2741023936170212,1,1,1,1,1,1,6,True,0.31559399626961615,,1,1,0,False,False,0.31559399626961615,True,six_task_mean_complete_only = mean of six tasks ONLY when n_tasks_valid == 6; partial_task_mean = mean over the available tasks ONLY when 1 <= n_tasks_valid <= 5; legacy_* keeps the original skipna row mean for traceability and is NOT a six-task mean
mkurman_phi-4-MedIT-11B-exp-1,mkurman/phi-4-MedIT-11B-exp-1,0.5947607902587357,0.538795348029856,0.0725075528700906,0.3011744966442953,0.3835978835978836,0.3824800531914893,1,1,1,1,1,1,6,True,0.37888602076539174,,1,1,0,False,False,0.37888602076539174,True,six_task_mean_complete_only = mean of six tasks ONLY when n_tasks_valid == 6; partial_task_mean = mean over the available tasks ONLY when 1 <= n_tasks_valid <= 5; legacy_* keeps the original skipna row mean for traceability and is NOT a six-task mean
mkxu_llama-3-8b-po1,mkxu/llama-3-8b-po1,0.4081149128756145,0.4943586182954348,0.0702416918429003,0.296979865771812,0.3796296296296296,0.3562167553191489,1,1,1,1,1,1,6,True,0.33425691228909,,1,1,0,False,False,0.33425691228909,True,six_task_mean_complete_only = mean of six tasks ONLY when n_tasks_valid == 6; partial_task_mean = mean over the available tasks ONLY when 1 <= n_tasks_valid <= 5; legacy_* keeps the original skipna row mean for traceability and is NOT a six-task mean
mlabonne_BigQwen2.5-52B-Instruct,mlabonne/BigQwen2.5-52B-Instruct,0.7913480675718205,0.7089047040444367,0.1782477341389728,0.3020134228187919,0.41005291005291,0.5519448138297872,1,1,1,1,1,1,6,True,0.4904186087427866,,1,1,0,False,False,0.4904186087427866,True,six_task_mean_complete_only = mean of six tasks ONLY when n_tasks_valid == 6; partial_task_mean = mean over the available tasks ONLY when 1 <= n_tasks_valid <= 5; legacy_* keeps the original skipna row mean for traceability and is NOT a six-task mean
mlabonne_ChimeraLlama-3-8B-v2,mlabonne/ChimeraLlama-3-8B-v2,0.4468831589072549,0.5035584099982642,0.0830815709969788,0.285234899328859,0.3783068783068783,0.3568816489361702,1,1,1,1,1,1,6,True,0.34232442774573424,,1,1,0,False,False,0.34232442774573424,True,six_task_mean_complete_only = mean of six tasks ONLY when n_tasks_valid == 6; partial_task_mean = mean over the available tasks ONLY when 1 <= n_tasks_valid <= 5; legacy_* keeps the original skipna row mean for traceability and is NOT a six-task mean
mlabonne_OrpoLlama-3-8B,mlabonne/OrpoLlama-3-8B,0.3652752474545317,0.4396806110050338,0.0385196374622356,0.2793624161073825,0.3571428571428571,0.2705285904255319,1,1,1,1,1,1,6,True,0.29175155993292873,,1,1,0,False,False,0.29175155993292873,True,six_task_mean_complete_only = mean of six tasks ONLY when n_tasks_valid == 6; partial_task_mean = mean over the available tasks ONLY when 1 <= n_tasks_valid <= 5; legacy_* keeps the original skipna row mean for traceability and is NOT a six-task mean
mlabonne_phixtral-2x2_8,mlabonne/phixtral-2x2_8,0.3431184811854767,0.4877625412254817,0.0256797583081571,0.2651006711409396,0.3637566137566138,0.2550698138297872,1,1,1,1,1,1,6,True,0.290081313241076,,1,1,0,False,False,0.290081313241076,True,six_task_mean_complete_only = mean of six tasks ONLY when n_tasks_valid == 6; partial_task_mean = mean over the available tasks ONLY when 1 <= n_tasks_valid <= 5; legacy_* keeps the original skipna row mean for traceability and is NOT a six-task mean
mlx-community_Josiefied-Qwen2.5-0.5B-Instruct-abliterated-v1-float32,mlx-community/Josiefied-Qwen2.5-0.5B-Instruct-abliterated-v1-float32,0.3368983186833158,0.3282416247179309,0.0105740181268882,0.2575503355704698,0.324074074074074,0.163813164893617,1,1,1,1,1,1,6,True,0.23685858934438261,,1,1,0,False,False,0.23685858934438261,True,six_task_mean_complete_only = mean of six tasks ONLY when n_tasks_valid == 6; partial_task_mean = mean over the available tasks ONLY when 1 <= n_tasks_valid <= 5; legacy_* keeps the original skipna row mean for traceability and is NOT a six-task mean
mlx-community_Mistral-Small-24B-Instruct-2501-bf16,mlx-community/Mistral-Small-24B-Instruct-2501-bf16,0.6282829558903709,0.669501822600243,0.2953172205438066,0.3951342281879195,0.4616402116402116,0.5394780585106383,1,1,1,1,1,1,6,True,0.4982257495621983,,1,1,0,False,False,0.4982257495621983,True,six_task_mean_complete_only = mean of six tasks ONLY when n_tasks_valid == 6; partial_task_mean = mean over the available tasks ONLY when 1 <= n_tasks_valid <= 5; legacy_* keeps the original skipna row mean for traceability and is NOT a six-task mean
mmnga_Llama-3-70B-japanese-suzume-vector-v0.1,mmnga/Llama-3-70B-japanese-suzume-vector-v0.1,0.4648931501748693,0.6519701440722097,0.2424471299093655,0.2860738255033557,0.4126984126984127,0.5224401595744681,1,1,1,1,1,1,6,True,0.4300871369887802,,1,1,0,False,False,0.4300871369887802,True,six_task_mean_complete_only = mean of six tasks ONLY when n_tasks_valid == 6; partial_task_mean = mean over the available tasks ONLY when 1 <= n_tasks_valid <= 5; legacy_* keeps the original skipna row mean for traceability and is NOT a six-task mean
mobiuslabsgmbh_DeepSeek-R1-ReDistill-Llama3-8B-v1.1,mobiuslabsgmbh/DeepSeek-R1-ReDistill-Llama3-8B-v1.1,0.370396104558128,0.343169588613088,0.3285498489425982,0.2709731543624161,0.3386243386243386,0.2198304521276596,1,1,1,1,1,1,6,True,0.3119239145380381,,1,1,0,False,False,0.3119239145380381,True,six_task_mean_complete_only = mean of six tasks ONLY when n_tasks_valid == 6; partial_task_mean = mean over the available tasks ONLY when 1 <= n_tasks_valid <= 5; legacy_* keeps the original skipna row mean for traceability and is NOT a six-task mean
mobiuslabsgmbh_DeepSeek-R1-ReDistill-Qwen-7B-v1.1,mobiuslabsgmbh/DeepSeek-R1-ReDistill-Qwen-7B-v1.1,0.347315123871328,0.3669501822600243,0.3496978851963746,0.2651006711409396,0.3994708994708995,0.2326296542553191,1,1,1,1,1,1,6,True,0.32686073603248084,,1,1,0,False,False,0.32686073603248084,True,six_task_mean_complete_only = mean of six tasks ONLY when n_tasks_valid == 6; partial_task_mean = mean over the available tasks ONLY when 1 <= n_tasks_valid <= 5; legacy_* keeps the original skipna row mean for traceability and is NOT a six-task mean
monsterapi_Llama-3_1-8B-Instruct-orca-ORPO,monsterapi/Llama-3_1-8B-Instruct-orca-ORPO,0.2272891483486039,0.2832841520569346,0.0,0.2491610738255033,0.3439153439153439,0.1167719414893617,1,1,1,1,1,1,6,True,0.20340360993929127,,1,1,0,False,False,0.20340360993929127,True,six_task_mean_complete_only = mean of six tasks ONLY when n_tasks_valid == 6; partial_task_mean = mean over the available tasks ONLY when 1 <= n_tasks_valid <= 5; legacy_* keeps the original skipna row mean for traceability and is NOT a six-task mean
monsterapi_gemma-2-2b-LoRA-MonsterInstruct,monsterapi/gemma-2-2b-LoRA-MonsterInstruct,0.3902545246612322,0.362263495920847,0.0098187311178247,0.2701342281879195,0.3637566137566138,0.198720079787234,1,1,1,1,1,1,6,True,0.2658246122386118,,1,1,0,False,False,0.2658246122386118,True,six_task_mean_complete_only = mean of six tasks ONLY when n_tasks_valid == 6; partial_task_mean = mean over the available tasks ONLY when 1 <= n_tasks_valid <= 5; legacy_* keeps the original skipna row mean for traceability and is NOT a six-task mean
mukaj_Llama-3.1-Hawkish-8B,mukaj/Llama-3.1-Hawkish-8B,0.6720468357291984,0.486373893421281,0.0445619335347432,0.2902684563758389,0.3955026455026455,0.3331117021276595,1,1,1,1,1,1,6,True,0.3703109111152278,,1,1,0,False,False,0.3703109111152278,True,six_task_mean_complete_only = mean of six tasks ONLY when n_tasks_valid == 6; partial_task_mean = mean over the available tasks ONLY when 1 <= n_tasks_valid <= 5; legacy_* keeps the original skipna row mean for traceability and is NOT a six-task mean
natong19_Mistral-Nemo-Instruct-2407-abliterated,natong19/Mistral-Nemo-Instruct-2407-abliterated,0.6392239258500778,0.5016490192674883,0.0566465256797583,0.2869127516778523,0.4021164021164021,0.351811835106383,1,1,1,1,1,1,6,True,0.37306007661632695,,1,1,0,False,False,0.37306007661632695,True,six_task_mean_complete_only = mean of six tasks ONLY when n_tasks_valid == 6; partial_task_mean = mean over the available tasks ONLY when 1 <= n_tasks_valid <= 5; legacy_* keeps the original skipna row mean for traceability and is NOT a six-task mean
natong19_Qwen2-7B-Instruct-abliterated,natong19/Qwen2-7B-Instruct-abliterated,0.5836945970026197,0.551466759243187,0.1027190332326284,0.3011744966442953,0.4021164021164021,0.3842253989361702,1,1,1,1,1,1,6,True,0.38756611452921713,,1,1,0,False,False,0.38756611452921713,True,six_task_mean_complete_only = mean of six tasks ONLY when n_tasks_valid == 6; partial_task_mean = mean over the available tasks ONLY when 1 <= n_tasks_valid <= 5; legacy_* keeps the original skipna row mean for traceability and is NOT a six-task mean
nazimali_Mistral-Nemo-Kurdish-Instruct,nazimali/Mistral-Nemo-Kurdish-Instruct,0.4963917959901949,0.467453567089047,0.0045317220543806,0.2827181208053691,0.3968253968253968,0.3062666223404255,1,1,1,1,1,1,6,True,0.3256978708508023,,1,1,0,False,False,0.3256978708508023,True,six_task_mean_complete_only = mean of six tasks ONLY when n_tasks_valid == 6; partial_task_mean = mean over the available tasks ONLY when 1 <= n_tasks_valid <= 5; legacy_* keeps the original skipna row mean for traceability and is NOT a six-task mean
nbeerbower_Dumpling-Qwen2.5-1.5B,nbeerbower/Dumpling-Qwen2.5-1.5B,0.3698963195432563,0.4119076549210206,0.0611782477341389,0.2684563758389262,0.3716931216931217,0.2771775265957447,1,1,1,1,1,1,6,True,0.2933848743877014,,1,1,0,False,False,0.2933848743877014,True,six_task_mean_complete_only = mean of six tasks ONLY when n_tasks_valid == 6; partial_task_mean = mean over the available tasks ONLY when 1 <= n_tasks_valid <= 5; legacy_* keeps the original skipna row mean for traceability and is NOT a six-task mean
nbeerbower_Dumpling-Qwen2.5-14B,nbeerbower/Dumpling-Qwen2.5-14B,0.6064010159709571,0.6425967713938552,0.309667673716012,0.3011744966442953,0.4338624338624338,0.5170378989361702,1,1,1,1,1,1,6,True,0.4684567150872872,,1,1,0,False,False,0.4684567150872872,True,six_task_mean_complete_only = mean of six tasks ONLY when n_tasks_valid == 6; partial_task_mean = mean over the available tasks ONLY when 1 <= n_tasks_valid <= 5; legacy_* keeps the original skipna row mean for traceability and is NOT a six-task mean
nbeerbower_Gemma2-Gutenberg-Doppel-9B,nbeerbower/Gemma2-Gutenberg-Doppel-9B,0.7171094917042337,0.5858357923971532,0.0347432024169184,0.3296979865771812,0.4603174603174603,0.4127327127659574,1,1,1,1,1,1,6,True,0.42340610769648407,,1,1,0,False,False,0.42340610769648407,True,six_task_mean_complete_only = mean of six tasks ONLY when n_tasks_valid == 6; partial_task_mean = mean over the available tasks ONLY when 1 <= n_tasks_valid <= 5; legacy_* keeps the original skipna row mean for traceability and is NOT a six-task mean
nbeerbower_Gutensuppe-mistral-nemo-12B,nbeerbower/Gutensuppe-mistral-nemo-12B,0.2916107040430502,0.5459121680263843,0.1102719033232628,0.337248322147651,0.4285714285714285,0.3680186170212766,1,1,1,1,1,1,6,True,0.34693885718884215,,1,1,0,False,False,0.34693885718884215,True,six_task_mean_complete_only = mean of six tasks ONLY when n_tasks_valid == 6; partial_task_mean = mean over the available tasks ONLY when 1 <= n_tasks_valid <= 5; legacy_* keeps the original skipna row mean for traceability and is NOT a six-task mean
nbeerbower_Hermes2-Gutenberg2-Mistral-7B,nbeerbower/Hermes2-Gutenberg2-Mistral-7B,0.3721447980247964,0.4948793612220101,0.0566465256797583,0.2894295302013422,0.4616402116402116,0.2992852393617021,1,1,1,1,1,1,6,True,0.3290042776883034,,1,1,0,False,False,0.3290042776883034,True,six_task_mean_complete_only = mean of six tasks ONLY when n_tasks_valid == 6; partial_task_mean = mean over the available tasks ONLY when 1 <= n_tasks_valid <= 5; legacy_* keeps the original skipna row mean for traceability and is NOT a six-task mean
nbeerbower_Llama-3.1-Nemotron-lorablated-70B,nbeerbower/Llama-3.1-Nemotron-lorablated-70B,0.7146615424850509,0.6372157611525777,0.2333836858006042,0.2567114093959731,0.4417989417989418,0.4911070478723404,1,1,1,1,1,1,6,True,0.4624797314175813,,1,1,0,False,False,0.4624797314175813,True,six_task_mean_complete_only = mean of six tasks ONLY when n_tasks_valid == 6; partial_task_mean = mean over the available tasks ONLY when 1 <= n_tasks_valid <= 5; legacy_* keeps the original skipna row mean for traceability and is NOT a six-task mean
nbeerbower_Mahou-1.5-mistral-nemo-12B-lorablated,nbeerbower/Mahou-1.5-mistral-nemo-12B-lorablated,0.6824880206740338,0.5459121680263843,0.052870090634441,0.2793624161073825,0.451058201058201,0.3573803191489361,1,1,1,1,1,1,6,True,0.3948452026082298,,1,1,0,False,False,0.3948452026082298,True,six_task_mean_complete_only = mean of six tasks ONLY when n_tasks_valid == 6; partial_task_mean = mean over the available tasks ONLY when 1 <= n_tasks_valid <= 5; legacy_* keeps the original skipna row mean for traceability and is NOT a six-task mean
nbeerbower_Mistral-Gutenberg-Doppel-7B-FFT,nbeerbower/Mistral-Gutenberg-Doppel-7B-FFT,0.5716798095719358,0.4070473876063183,0.0249244712990936,0.2835570469798658,0.4047619047619047,0.2728557180851064,1,1,1,1,1,1,6,True,0.32747105638403745,,1,1,0,False,False,0.32747105638403745,True,six_task_mean_complete_only = mean of six tasks ONLY when n_tasks_valid == 6; partial_task_mean = mean over the available tasks ONLY when 1 <= n_tasks_valid <= 5; legacy_* keeps the original skipna row mean for traceability and is NOT a six-task mean
nbeerbower_Mistral-Nemo-Moderne-12B-FFT-experimental,nbeerbower/Mistral-Nemo-Moderne-12B-FFT-experimental,0.3352249808286457,0.5197014407220969,0.0203927492447129,0.2810402684563758,0.3703703703703703,0.3454953457446808,1,1,1,1,1,1,6,True,0.31203752589448036,,1,1,0,False,False,0.31203752589448036,True,six_task_mean_complete_only = mean of six tasks ONLY when n_tasks_valid == 6; partial_task_mean = mean over the available tasks ONLY when 1 <= n_tasks_valid <= 5; legacy_* keeps the original skipna row mean for traceability and is NOT a six-task mean
nbeerbower_Mistral-Nemo-Prism-12B,nbeerbower/Mistral-Nemo-Prism-12B,0.6858103166265509,0.5441763582711335,0.0521148036253776,0.3078859060402684,0.4616402116402116,0.3581283244680851,1,1,1,1,1,1,6,True,0.4016259867786045,,1,1,0,False,False,0.4016259867786045,True,six_task_mean_complete_only = mean of six tasks ONLY when n_tasks_valid == 6; partial_task_mean = mean over the available tasks ONLY when 1 <= n_tasks_valid <= 5; legacy_* keeps the original skipna row mean for traceability and is NOT a six-task mean
nbeerbower_Mistral-Nemo-Prism-12B-v2,nbeerbower/Mistral-Nemo-Prism-12B-v2,0.6974006746543615,0.5453914250998091,0.0574018126888217,0.3053691275167785,0.458994708994709,0.3567154255319149,1,1,1,1,1,1,6,True,0.4035455290810657,,1,1,0,False,False,0.4035455290810657,True,six_task_mean_complete_only = mean of six tasks ONLY when n_tasks_valid == 6; partial_task_mean = mean over the available tasks ONLY when 1 <= n_tasks_valid <= 5; legacy_* keeps the original skipna row mean for traceability and is NOT a six-task mean
nbeerbower_Mistral-Small-Drummer-22B,nbeerbower/Mistral-Small-Drummer-22B,0.6331289866443259,0.5775039055719493,0.1669184290030211,0.3431208053691275,0.4060846560846561,0.4094913563829787,1,1,1,1,1,1,6,True,0.4227080231760098,,1,1,0,False,False,0.4227080231760098,True,six_task_mean_complete_only = mean of six tasks ONLY when n_tasks_valid == 6; partial_task_mean = mean over the available tasks ONLY when 1 <= n_tasks_valid <= 5; legacy_* keeps the original skipna row mean for traceability and is NOT a six-task mean
nbeerbower_Mistral-Small-Gutenberg-Doppel-22B,nbeerbower/Mistral-Small-Gutenberg-Doppel-22B,0.4893227746822874,0.5835792397153272,0.1948640483383685,0.3464765100671141,0.3968253968253968,0.4124002659574468,1,1,1,1,1,1,6,True,0.4039113725976568,,1,1,0,False,False,0.4039113725976568,True,six_task_mean_complete_only = mean of six tasks ONLY when n_tasks_valid == 6; partial_task_mean = mean over the available tasks ONLY when 1 <= n_tasks_valid <= 5; legacy_* keeps the original skipna row mean for traceability and is NOT a six-task mean
nbeerbower_Qwen2.5-Gutenberg-Doppel-14B,nbeerbower/Qwen2.5-Gutenberg-Doppel-14B,0.8090832324897937,0.6365214372504774,0.0,0.3330536912751677,0.4087301587301587,0.4921043882978723,1,1,1,1,1,1,6,True,0.4465821513405783,,1,1,0,False,False,0.4465821513405783,True,six_task_mean_complete_only = mean of six tasks ONLY when n_tasks_valid == 6; partial_task_mean = mean over the available tasks ONLY when 1 <= n_tasks_valid <= 5; legacy_* keeps the original skipna row mean for traceability and is NOT a six-task mean
nbeerbower_Stella-mistral-nemo-12B-v2,nbeerbower/Stella-mistral-nemo-12B-v2,0.3274312158406361,0.5459121680263843,0.1042296072507553,0.3322147651006711,0.4298941798941799,0.3684341755319149,1,1,1,1,1,1,6,True,0.35135268527409025,,1,1,0,False,False,0.35135268527409025,True,six_task_mean_complete_only = mean of six tasks ONLY when n_tasks_valid == 6; partial_task_mean = mean over the available tasks ONLY when 1 <= n_tasks_valid <= 5; legacy_* keeps the original skipna row mean for traceability and is NOT a six-task mean
nbeerbower_gemma2-gutenberg-27B,nbeerbower/gemma2-gutenberg-27B,0.2947080413303368,0.3784065266446797,0.0,0.2726510067114094,0.3716931216931217,0.198221409574468,1,1,1,1,1,1,6,True,0.2526133509923359,,1,1,0,False,False,0.2526133509923359,True,six_task_mean_complete_only = mean of six tasks ONLY when n_tasks_valid == 6; partial_task_mean = mean over the available tasks ONLY when 1 <= n_tasks_valid <= 5; legacy_* keeps the original skipna row mean for traceability and is NOT a six-task mean
nbeerbower_gemma2-gutenberg-9B,nbeerbower/gemma2-gutenberg-9B,0.2795948084416016,0.593820517271307,0.0143504531722054,0.3380872483221476,0.458994708994709,0.4192154255319149,1,1,1,1,1,1,6,True,0.35067719362231425,,1,1,0,False,False,0.35067719362231425,True,six_task_mean_complete_only = mean of six tasks ONLY when n_tasks_valid == 6; partial_task_mean = mean over the available tasks ONLY when 1 <= n_tasks_valid <= 5; legacy_* keeps the original skipna row mean for traceability and is NOT a six-task mean
nbeerbower_mistral-nemo-cc-12B,nbeerbower/mistral-nemo-cc-12B,0.143532493783162,0.5384481860788057,0.0181268882175226,0.3154362416107382,0.4417989417989418,0.3597905585106383,1,1,1,1,1,1,6,True,0.30285555166663475,,1,1,0,False,False,0.30285555166663475,True,six_task_mean_complete_only = mean of six tasks ONLY when n_tasks_valid == 6; partial_task_mean = mean over the available tasks ONLY when 1 <= n_tasks_valid <= 5; legacy_* keeps the original skipna row mean for traceability and is NOT a six-task mean
nbeerbower_mistral-nemo-gutenberg-12B-v3,nbeerbower/mistral-nemo-gutenberg-12B-v3,0.2182708546656205,0.5429612914424579,0.04607250755287,0.3145973154362416,0.4444444444444444,0.3644448138297872,1,1,1,1,1,1,6,True,0.3217985378952369,,1,1,0,False,False,0.3217985378952369,True,six_task_mean_complete_only = mean of six tasks ONLY when n_tasks_valid == 6; partial_task_mean = mean over the available tasks ONLY when 1 <= n_tasks_valid <= 5; legacy_* keeps the original skipna row mean for traceability and is NOT a six-task mean
nbeerbower_mistral-nemo-gutenberg2-12B-test,nbeerbower/mistral-nemo-gutenberg2-12B-test,0.3384719211691644,0.5233466412081236,0.1019637462235649,0.3171140939597315,0.4153439153439153,0.35546875,1,1,1,1,1,1,6,True,0.3419515113174166,,1,1,0,False,False,0.3419515113174166,True,six_task_mean_complete_only = mean of six tasks ONLY when n_tasks_valid == 6; partial_task_mean = mean over the available tasks ONLY when 1 <= n_tasks_valid <= 5; legacy_* keeps the original skipna row mean for traceability and is NOT a six-task mean
nbeerbower_mistral-nemo-kartoffel-12B,nbeerbower/mistral-nemo-kartoffel-12B,0.7031709198260616,0.5446971011977088,0.0543806646525679,0.3045302013422818,0.4642857142857143,0.3584607712765957,1,1,1,1,1,1,6,True,0.4049208954301551,,1,1,0,False,False,0.4049208954301551,True,six_task_mean_complete_only = mean of six tasks ONLY when n_tasks_valid == 6; partial_task_mean = mean over the available tasks ONLY when 1 <= n_tasks_valid <= 5; legacy_* keeps the original skipna row mean for traceability and is NOT a six-task mean
nbeerbower_mistral-nemo-wissenschaft-12B,nbeerbower/mistral-nemo-wissenschaft-12B,0.6520133246452745,0.500954695365388,0.0657099697885196,0.2927852348993288,0.4166666666666667,0.3532247340425531,1,1,1,1,1,1,6,True,0.3802257709012884,,1,1,0,False,False,0.3802257709012884,True,six_task_mean_complete_only = mean of six tasks ONLY when n_tasks_valid == 6; partial_task_mean = mean over the available tasks ONLY when 1 <= n_tasks_valid <= 5; legacy_* keeps the original skipna row mean for traceability and is NOT a six-task mean
necva_IE-cont-Llama3.1-8B,necva/IE-cont-Llama3.1-8B,0.2049074234143184,0.2876236764450616,0.0,0.2600671140939597,0.3571428571428571,0.116688829787234,1,1,1,1,1,1,6,True,0.2044049834805718,,1,1,0,False,False,0.2044049834805718,True,six_task_mean_complete_only = mean of six tasks ONLY when n_tasks_valid == 6; partial_task_mean = mean over the available tasks ONLY when 1 <= n_tasks_valid <= 5; legacy_* keeps the original skipna row mean for traceability and is NOT a six-task mean
neopolita_jessi-v0.1-bf16-falcon3-7b-instruct,neopolita/jessi-v0.1-bf16-falcon3-7b-instruct,0.7527050448365891,0.5478215587571602,0.3444108761329305,0.3028523489932886,0.4814814814814814,0.3923703457446808,1,1,1,1,1,1,6,True,0.47027360932435514,,1,1,0,False,False,0.47027360932435514,True,six_task_mean_complete_only = mean of six tasks ONLY when n_tasks_valid == 6; partial_task_mean = mean over the available tasks ONLY when 1 <= n_tasks_valid <= 5; legacy_* keeps the original skipna row mean for traceability and is NOT a six-task mean
neopolita_jessi-v0.1-qwen2.5-7b-instruct,neopolita/jessi-v0.1-qwen2.5-7b-instruct,0.6281333528371389,0.5398368338830064,0.2552870090634441,0.3296979865771812,0.4285714285714285,0.4311835106382978,1,1,1,1,1,1,6,True,0.4354516869284161,,1,1,0,False,False,0.4354516869284161,True,six_task_mean_complete_only = mean of six tasks ONLY when n_tasks_valid == 6; partial_task_mean = mean over the available tasks ONLY when 1 <= n_tasks_valid <= 5; legacy_* keeps the original skipna row mean for traceability and is NOT a six-task mean
neopolita_jessi-v0.2-falcon3-10b-instruct,neopolita/jessi-v0.2-falcon3-10b-instruct,0.7768099753099553,0.6181218538448187,0.202416918429003,0.3288590604026846,0.4272486772486772,0.4354222074468085,1,1,1,1,1,1,6,True,0.4648131154469912,,1,1,0,False,False,0.4648131154469912,True,six_task_mean_complete_only = mean of six tasks ONLY when n_tasks_valid == 6; partial_task_mean = mean over the available tasks ONLY when 1 <= n_tasks_valid <= 5; legacy_* keeps the original skipna row mean for traceability and is NOT a six-task mean
neopolita_jessi-v0.2-falcon3-7b-instruct,neopolita/jessi-v0.2-falcon3-7b-instruct,0.5770754930251731,0.5309842041312273,0.1865558912386707,0.3171140939597315,0.4470899470899471,0.3904587765957447,1,1,1,1,1,1,6,True,0.40821306767341575,,1,1,0,False,False,0.40821306767341575,True,six_task_mean_complete_only = mean of six tasks ONLY when n_tasks_valid == 6; partial_task_mean = mean over the available tasks ONLY when 1 <= n_tasks_valid <= 5; legacy_* keeps the original skipna row mean for traceability and is NOT a six-task mean
netcat420_DeepSeek-R1-MFANN-TIES-unretrained-7b,netcat420/DeepSeek-R1-MFANN-TIES-unretrained-7b,0.2586880587951081,0.3060232598507204,0.0075528700906344,0.2550335570469799,0.3518518518518518,0.1145279255319148,1,1,1,1,1,1,6,True,0.2156129205278682,,1,1,0,False,False,0.2156129205278682,True,six_task_mean_complete_only = mean of six tasks ONLY when n_tasks_valid == 6; partial_task_mean = mean over the available tasks ONLY when 1 <= n_tasks_valid <= 5; legacy_* keeps the original skipna row mean for traceability and is NOT a six-task mean
netcat420_MFANN-Llama3.1-Abliterated-SLERP-TIES-V3,netcat420/MFANN-Llama3.1-Abliterated-SLERP-TIES-V3,0.4238021782204551,0.490539836833883,0.0755287009063444,0.296979865771812,0.373015873015873,0.3489860372340425,1,1,1,1,1,1,6,True,0.334808748663735,,1,1,0,False,False,0.334808748663735,True,six_task_mean_complete_only = mean of six tasks ONLY when n_tasks_valid == 6; partial_task_mean = mean over the available tasks ONLY when 1 <= n_tasks_valid <= 5; legacy_* keeps the original skipna row mean for traceability and is NOT a six-task mean
netcat420_MFANN-Llama3.1-Abliterated-Slerp-TIES,netcat420/MFANN-Llama3.1-Abliterated-Slerp-TIES,0.4293474647269245,0.4962680090262107,0.059667673716012,0.2919463087248322,0.3677248677248677,0.3531416223404255,1,1,1,1,1,1,6,True,0.3330159910432121,,1,1,0,False,False,0.3330159910432121,True,six_task_mean_complete_only = mean of six tasks ONLY when n_tasks_valid == 6; partial_task_mean = mean over the available tasks ONLY when 1 <= n_tasks_valid <= 5; legacy_* keeps the original skipna row mean for traceability and is NOT a six-task mean
netcat420_MFANN-Llama3.1-Abliterated-Slerp-V3.2,netcat420/MFANN-Llama3.1-Abliterated-Slerp-V3.2,0.4128113405763374,0.496962332928311,0.0619335347432024,0.287751677852349,0.3743386243386243,0.3527260638297872,1,1,1,1,1,1,6,True,0.3310872623781019,,1,1,0,False,False,0.3310872623781019,True,six_task_mean_complete_only = mean of six tasks ONLY when n_tasks_valid == 6; partial_task_mean = mean over the available tasks ONLY when 1 <= n_tasks_valid <= 5; legacy_* keeps the original skipna row mean for traceability and is NOT a six-task mean
netcat420_MFANN-llama3.1-abliterated-v2,netcat420/MFANN-llama3.1-abliterated-v2,0.4429114748866341,0.4934907134178094,0.0657099697885196,0.2927852348993288,0.3835978835978836,0.3490691489361702,1,1,1,1,1,1,6,True,0.33792740425439094,,1,1,0,False,False,0.33792740425439094,True,six_task_mean_complete_only = mean of six tasks ONLY when n_tasks_valid == 6; partial_task_mean = mean over the available tasks ONLY when 1 <= n_tasks_valid <= 5; legacy_* keeps the original skipna row mean for traceability and is NOT a six-task mean
netcat420_MFANN-phigments-slerp-V3.3,netcat420/MFANN-phigments-slerp-V3.3,0.3690973284219205,0.4858531504947058,0.0256797583081571,0.2751677852348993,0.3888888888888889,0.2802526595744681,1,1,1,1,1,1,6,True,0.3041565951538399,,1,1,0,False,False,0.3041565951538399,True,six_task_mean_complete_only = mean of six tasks ONLY when n_tasks_valid == 6; partial_task_mean = mean over the available tasks ONLY when 1 <= n_tasks_valid <= 5; legacy_* keeps the original skipna row mean for traceability and is NOT a six-task mean
netcat420_Qwen2.5-Coder-Scholar-7B-Abliterated-MFANN,netcat420/Qwen2.5-Coder-Scholar-7B-Abliterated-MFANN,0.5742274941599401,0.5025169241451137,0.0649546827794562,0.2927852348993288,0.4047619047619047,0.3156582446808511,1,1,1,1,1,1,6,True,0.3591507475710991,,1,1,0,False,False,0.3591507475710991,True,six_task_mean_complete_only = mean of six tasks ONLY when n_tasks_valid == 6; partial_task_mean = mean over the available tasks ONLY when 1 <= n_tasks_valid <= 5; legacy_* keeps the original skipna row mean for traceability and is NOT a six-task mean
netcat420_Qwen2.5-DeepSeek-R1-MFANN-Slerp-7b,netcat420/Qwen2.5-DeepSeek-R1-MFANN-Slerp-7b,0.2675556412540947,0.3759763929873286,0.0022658610271903,0.2323825503355704,0.3518518518518518,0.167719414893617,1,1,1,1,1,1,6,True,0.23295861872494214,,1,1,0,False,False,0.23295861872494214,True,six_task_mean_complete_only = mean of six tasks ONLY when n_tasks_valid == 6; partial_task_mean = mean over the available tasks ONLY when 1 <= n_tasks_valid <= 5; legacy_* keeps the original skipna row mean for traceability and is NOT a six-task mean
netcat420_qwen2.5-MFANN-7b-SLERPv1.1,netcat420/qwen2.5-MFANN-7b-SLERPv1.1,0.6588075196035408,0.5032112480472141,0.1593655589123867,0.2902684563758389,0.4113756613756614,0.3448304521276595,1,1,1,1,1,1,6,True,0.3946431494070503,,1,1,0,False,False,0.3946431494070503,True,six_task_mean_complete_only = mean of six tasks ONLY when n_tasks_valid == 6; partial_task_mean = mean over the available tasks ONLY when 1 <= n_tasks_valid <= 5; legacy_* keeps the original skipna row mean for traceability and is NOT a six-task mean
newsbang_Homer-v1.0-Qwen2.5-72B,newsbang/Homer-v1.0-Qwen2.5-72B,0.7627716680629618,0.7292136781808713,0.4833836858006042,0.4161073825503356,0.4669312169312169,0.6145279255319149,1,1,1,1,1,1,6,True,0.5788225928429841,,1,1,0,False,False,0.5788225928429841,True,six_task_mean_complete_only = mean of six tasks ONLY when n_tasks_valid == 6; partial_task_mean = mean over the available tasks ONLY when 1 <= n_tasks_valid <= 5; legacy_* keeps the original skipna row mean for traceability and is NOT a six-task mean
newsbang_Homer-v1.0-Qwen2.5-7B,newsbang/Homer-v1.0-Qwen2.5-7B,0.6392737935344885,0.5629231036278424,0.3036253776435045,0.3221476510067114,0.4272486772486772,0.4534574468085106,1,1,1,1,1,1,6,True,0.45144600831162246,,1,1,0,False,False,0.45144600831162246,True,six_task_mean_complete_only = mean of six tasks ONLY when n_tasks_valid == 6; partial_task_mean = mean over the available tasks ONLY when 1 <= n_tasks_valid <= 5; legacy_* keeps the original skipna row mean for traceability and is NOT a six-task mean
nhyha_N3N_gemma-2-9b-it_20241110_2026,nhyha/N3N_gemma-2-9b-it_20241110_2026,0.6282829558903709,0.5858357923971532,0.1382175226586102,0.3364093959731543,0.4060846560846561,0.4020113031914893,1,1,1,1,1,1,6,True,0.4161402710325723,,1,1,0,False,False,0.4161402710325723,True,six_task_mean_complete_only = mean of six tasks ONLY when n_tasks_valid == 6; partial_task_mean = mean over the available tasks ONLY when 1 <= n_tasks_valid <= 5; legacy_* keeps the original skipna row mean for traceability and is NOT a six-task mean
nhyha_merge_Qwen2.5-7B-Instruct_20241023_0314,nhyha/merge_Qwen2.5-7B-Instruct_20241023_0314,0.5694568190179834,0.553723311925013,0.2197885196374622,0.3213087248322148,0.4246031746031746,0.4542054521276595,1,1,1,1,1,1,6,True,0.4238476670239179,,1,1,0,False,False,0.4238476670239179,True,six_task_mean_complete_only = mean of six tasks ONLY when n_tasks_valid == 6; partial_task_mean = mean over the available tasks ONLY when 1 <= n_tasks_valid <= 5; legacy_* keeps the original skipna row mean for traceability and is NOT a six-task mean
nisten_franqwenstein-35b,nisten/franqwenstein-35b,0.3798632074008076,0.661169935775039,0.3028700906344411,0.4035234899328859,0.4933862433862434,0.5730551861702128,1,1,1,1,1,1,6,True,0.4689780255499383,,1,1,0,False,False,0.4689780255499383,True,six_task_mean_complete_only = mean of six tasks ONLY when n_tasks_valid == 6; partial_task_mean = mean over the available tasks ONLY when 1 <= n_tasks_valid <= 5; legacy_* keeps the original skipna row mean for traceability and is NOT a six-task mean
nisten_tqwendo-36b,nisten/tqwendo-36b,0.6777672132164878,0.6417288665162298,0.3935045317220544,0.3313758389261745,0.4417989417989418,0.4380817819148936,1,1,1,1,1,1,6,True,0.48737619568246365,,1,1,0,False,False,0.48737619568246365,True,six_task_mean_complete_only = mean of six tasks ONLY when n_tasks_valid == 6; partial_task_mean = mean over the available tasks ONLY when 1 <= n_tasks_valid <= 5; legacy_* keeps the original skipna row mean for traceability and is NOT a six-task mean
nlpguy_Mistral-NeMo-Minitron-Upscale-v3,nlpguy/Mistral-NeMo-Minitron-Upscale-v3,0.1412097678603882,0.3022044783891685,0.0,0.259228187919463,0.4087301587301587,0.1171043882978723,1,1,1,1,1,1,6,True,0.2047461635328418,,1,1,0,False,False,0.2047461635328418,True,six_task_mean_complete_only = mean of six tasks ONLY when n_tasks_valid == 6; partial_task_mean = mean over the available tasks ONLY when 1 <= n_tasks_valid <= 5; legacy_* keeps the original skipna row mean for traceability and is NOT a six-task mean
noname0202_gemma-2-2b-it-ties,noname0202/gemma-2-2b-it-ties,0.1265708320589369,0.4167679222357229,0.0015105740181268,0.2701342281879195,0.3915343915343915,0.2560671542553192,1,1,1,1,1,1,6,True,0.2437641837150695,,1,1,0,False,False,0.2437641837150695,True,six_task_mean_complete_only = mean of six tasks ONLY when n_tasks_valid == 6; partial_task_mean = mean over the available tasks ONLY when 1 <= n_tasks_valid <= 5; legacy_* keeps the original skipna row mean for traceability and is NOT a six-task mean
noname0202_gemma-2-9b-sft-jp-en-zh-v1,noname0202/gemma-2-9b-sft-jp-en-zh-v1,0.2988049486473667,0.4513105363652144,0.0264350453172205,0.3070469798657718,0.4074074074074074,0.3125,1,1,1,1,1,1,6,True,0.3005841529338302,,1,1,0,False,False,0.3005841529338302,True,six_task_mean_complete_only = mean of six tasks ONLY when n_tasks_valid == 6; partial_task_mean = mean over the available tasks ONLY when 1 <= n_tasks_valid <= 5; legacy_* keeps the original skipna row mean for traceability and is NOT a six-task mean
noname0202_gemma-2-9b-sft-jp-en-zh-v2,noname0202/gemma-2-9b-sft-jp-en-zh-v2,0.3993470657854493,0.4487068217323381,0.0256797583081571,0.287751677852349,0.3611111111111111,0.3675199468085106,1,1,1,1,1,1,6,True,0.31501939693298586,,1,1,0,False,False,0.31501939693298586,True,six_task_mean_complete_only = mean of six tasks ONLY when n_tasks_valid == 6; partial_task_mean = mean over the available tasks ONLY when 1 <= n_tasks_valid <= 5; legacy_* keeps the original skipna row mean for traceability and is NOT a six-task mean
noname0202_llama-math-1b-r16-0to512tokens-test,noname0202/llama-math-1b-r16-0to512tokens-test,0.5469753587148765,0.3462940461725395,0.066465256797583,0.2667785234899328,0.3134920634920635,0.1727892287234042,1,1,1,1,1,1,6,True,0.2854657462317332,,1,1,0,False,False,0.2854657462317332,True,six_task_mean_complete_only = mean of six tasks ONLY when n_tasks_valid == 6; partial_task_mean = mean over the available tasks ONLY when 1 <= n_tasks_valid <= 5; legacy_* keeps the original skipna row mean for traceability and is NOT a six-task mean
noname0202_llama-math-1b-r32-0to512tokens-test,noname0202/llama-math-1b-r32-0to512tokens-test,0.5682577782505973,0.3466412081235897,0.0672205438066465,0.2651006711409396,0.3201058201058201,0.1760305851063829,1,1,1,1,1,1,6,True,0.2905594344223293,,1,1,0,False,False,0.2905594344223293,True,six_task_mean_complete_only = mean of six tasks ONLY when n_tasks_valid == 6; partial_task_mean = mean over the available tasks ONLY when 1 <= n_tasks_valid <= 5; legacy_* keeps the original skipna row mean for traceability and is NOT a six-task mean
noname0202_llama-math-1b-r32-test,noname0202/llama-math-1b-r32-test,0.5819215237791282,0.3464676271480645,0.0626888217522658,0.261744966442953,0.3148148148148148,0.1781083776595744,1,1,1,1,1,1,6,True,0.2909576885994668,,1,1,0,False,False,0.2909576885994668,True,six_task_mean_complete_only = mean of six tasks ONLY when n_tasks_valid == 6; partial_task_mean = mean over the available tasks ONLY when 1 <= n_tasks_valid <= 5; legacy_* keeps the original skipna row mean for traceability and is NOT a six-task mean
notbdq_Qwen2.5-14B-Instruct-1M-GRPO-Reasoning,notbdq/Qwen2.5-14B-Instruct-1M-GRPO-Reasoning,0.8413564896696322,0.6177746918937684,0.0067975830815709,0.3431208053691275,0.4166666666666667,0.4849567819148936,1,1,1,1,1,1,6,True,0.45177883643260985,,1,1,0,False,False,0.45177883643260985,True,six_task_mean_complete_only = mean of six tasks ONLY when n_tasks_valid == 6; partial_task_mean = mean over the available tasks ONLY when 1 <= n_tasks_valid <= 5; legacy_* keeps the original skipna row mean for traceability and is NOT a six-task mean
nvidia_Mistral-NeMo-Minitron-8B-Base,nvidia/Mistral-NeMo-Minitron-8B-Base,0.1945659738383045,0.5259503558409998,0.0430513595166163,0.3145973154362416,0.414021164021164,0.3782413563829787,1,1,1,1,1,1,6,True,0.3117379208393842,,1,1,0,False,False,0.3117379208393842,True,six_task_mean_complete_only = mean of six tasks ONLY when n_tasks_valid == 6; partial_task_mean = mean over the available tasks ONLY when 1 <= n_tasks_valid <= 5; legacy_* keeps the original skipna row mean for traceability and is NOT a six-task mean
oopere_Llama-FinSent-S,oopere/Llama-FinSent-S,0.2118767093534045,0.3131400798472487,0.0181268882175226,0.2567114093959731,0.3822751322751322,0.113031914893617,1,1,1,1,1,1,6,True,0.21586035566381637,,1,1,0,False,False,0.21586035566381637,True,six_task_mean_complete_only = mean of six tasks ONLY when n_tasks_valid == 6; partial_task_mean = mean over the available tasks ONLY when 1 <= n_tasks_valid <= 5; legacy_* keeps the original skipna row mean for traceability and is NOT a six-task mean
oopere_pruned20-llama-1b,oopere/pruned20-llama-1b,0.1993621369078489,0.3002950876583926,0.0030211480362537,0.25,0.3624338624338624,0.112283909574468,1,1,1,1,1,1,6,True,0.20456602410180427,,1,1,0,False,False,0.20456602410180427,True,six_task_mean_complete_only = mean of six tasks ONLY when n_tasks_valid == 6; partial_task_mean = mean over the available tasks ONLY when 1 <= n_tasks_valid <= 5; legacy_* keeps the original skipna row mean for traceability and is NOT a six-task mean
oopere_pruned20-llama-3.2-3b,oopere/pruned20-llama-3.2-3b,0.178878708493464,0.3235549383787537,0.0052870090634441,0.2659395973154362,0.3412698412698413,0.1279920212765957,1,1,1,1,1,1,6,True,0.20715368596625583,,1,1,0,False,False,0.20715368596625583,True,six_task_mean_complete_only = mean of six tasks ONLY when n_tasks_valid == 6; partial_task_mean = mean over the available tasks ONLY when 1 <= n_tasks_valid <= 5; legacy_* keeps the original skipna row mean for traceability and is NOT a six-task mean
oopere_pruned40-llama-1b,oopere/pruned40-llama-1b,0.2284383214315793,0.2931782676618643,0.0007552870090634,0.2432885906040268,0.4272486772486772,0.1082114361702127,1,1,1,1,1,1,6,True,0.21685343002090393,,1,1,0,False,False,0.21685343002090393,True,six_task_mean_complete_only = mean of six tasks ONLY when n_tasks_valid == 6; partial_task_mean = mean over the available tasks ONLY when 1 <= n_tasks_valid <= 5; legacy_* keeps the original skipna row mean for traceability and is NOT a six-task mean
oopere_pruned40-llama-3.2-1B,oopere/pruned40-llama-3.2-1B,0.2266397602805001,0.2945669154660649,0.0083081570996978,0.2541946308724832,0.4338624338624338,0.1114527925531914,1,1,1,1,1,1,6,True,0.2215041150223952,,1,1,0,False,False,0.2215041150223952,True,six_task_mean_complete_only = mean of six tasks ONLY when n_tasks_valid == 6; partial_task_mean = mean over the available tasks ONLY when 1 <= n_tasks_valid <= 5; legacy_* keeps the original skipna row mean for traceability and is NOT a six-task mean
oopere_pruned60-llama-1b,oopere/pruned60-llama-1b,0.1828503925140848,0.2966498871723659,0.0,0.2491610738255033,0.4074074074074074,0.1172706117021276,1,1,1,1,1,1,6,True,0.20888989543691483,,1,1,0,False,False,0.20888989543691483,True,six_task_mean_complete_only = mean of six tasks ONLY when n_tasks_valid == 6; partial_task_mean = mean over the available tasks ONLY when 1 <= n_tasks_valid <= 5; legacy_* keeps the original skipna row mean for traceability and is NOT a six-task mean
orai-nlp_Llama-eus-8B,orai-nlp/Llama-eus-8B,0.2161232197236665,0.4410692588092345,0.0430513595166163,0.2894295302013422,0.3915343915343915,0.3057679521276595,1,1,1,1,1,1,6,True,0.28116261865215175,,1,1,0,False,False,0.28116261865215175,True,six_task_mean_complete_only = mean of six tasks ONLY when n_tasks_valid == 6; partial_task_mean = mean over the available tasks ONLY when 1 <= n_tasks_valid <= 5; legacy_* keeps the original skipna row mean for traceability and is NOT a six-task mean
pankajmathur_orca_mini_phi-4,pankajmathur/orca_mini_phi-4,0.7780588837617521,0.6846033674709252,0.2643504531722054,0.3741610738255033,0.4695767195767196,0.5255152925531915,1,1,1,1,1,1,6,True,0.5160442983933828,,1,1,0,False,False,0.5160442983933828,True,six_task_mean_complete_only = mean of six tasks ONLY when n_tasks_valid == 6; partial_task_mean = mean over the available tasks ONLY when 1 <= n_tasks_valid <= 5; legacy_* keeps the original skipna row mean for traceability and is NOT a six-task mean
princeton-nlp_Llama-3-8B-ProLong-64k-Base,princeton-nlp/Llama-3-8B-ProLong-64k-Base,0.1249229821318545,0.4691893768442978,0.0581570996978852,0.2860738255033557,0.3915343915343915,0.3286236702127659,1,1,1,1,1,1,6,True,0.2764168909874251,,1,1,0,False,False,0.2764168909874251,True,six_task_mean_complete_only = mean of six tasks ONLY when n_tasks_valid == 6; partial_task_mean = mean over the available tasks ONLY when 1 <= n_tasks_valid <= 5; legacy_* keeps the original skipna row mean for traceability and is NOT a six-task mean
princeton-nlp_Llama-3-8B-ProLong-64k-Instruct,princeton-nlp/Llama-3-8B-ProLong-64k-Instruct,0.3986478100329348,0.4971359139038361,0.0551359516616314,0.2718120805369127,0.4153439153439153,0.3213098404255319,1,1,1,1,1,1,6,True,0.32656425198412703,,1,1,0,False,False,0.32656425198412703,True,six_task_mean_complete_only = mean of six tasks ONLY when n_tasks_valid == 6; partial_task_mean = mean over the available tasks ONLY when 1 <= n_tasks_valid <= 5; legacy_* keeps the original skipna row mean for traceability and is NOT a six-task mean
princeton-nlp_Llama-3-Base-8B-SFT-DPO,princeton-nlp/Llama-3-Base-8B-SFT-DPO,0.4111125147940797,0.4655441763582711,0.0256797583081571,0.3104026845637584,0.3862433862433862,0.3078457446808511,1,1,1,1,1,1,6,True,0.31780471082475065,,1,1,0,False,False,0.31780471082475065,True,six_task_mean_complete_only = mean of six tasks ONLY when n_tasks_valid == 6; partial_task_mean = mean over the available tasks ONLY when 1 <= n_tasks_valid <= 5; legacy_* keeps the original skipna row mean for traceability and is NOT a six-task mean
princeton-nlp_Llama-3-Base-8B-SFT-IPO,princeton-nlp/Llama-3-Base-8B-SFT-IPO,0.4486562321307464,0.4678007290400972,0.0120845921450151,0.2978187919463087,0.3915343915343915,0.3115026595744681,1,1,1,1,1,1,6,True,0.32156623272850454,,1,1,0,False,False,0.32156623272850454,True,six_task_mean_complete_only = mean of six tasks ONLY when n_tasks_valid == 6; partial_task_mean = mean over the available tasks ONLY when 1 <= n_tasks_valid <= 5; legacy_* keeps the original skipna row mean for traceability and is NOT a six-task mean
princeton-nlp_Llama-3-Base-8B-SFT-KTO,princeton-nlp/Llama-3-Base-8B-SFT-KTO,0.4522533544329047,0.4671064051379969,0.0113293051359516,0.3053691275167785,0.3835978835978836,0.3054355053191489,1,1,1,1,1,1,6,True,0.32084859685677736,,1,1,0,False,False,0.32084859685677736,True,six_task_mean_complete_only = mean of six tasks ONLY when n_tasks_valid == 6; partial_task_mean = mean over the available tasks ONLY when 1 <= n_tasks_valid <= 5; legacy_* keeps the original skipna row mean for traceability and is NOT a six-task mean
princeton-nlp_Llama-3-Base-8B-SFT-ORPO,princeton-nlp/Llama-3-Base-8B-SFT-ORPO,0.4516538340492116,0.4726609963547995,0.039274924471299,0.313758389261745,0.3703703703703703,0.3082613031914893,1,1,1,1,1,1,6,True,0.32599663628315245,,1,1,0,False,False,0.32599663628315245,True,six_task_mean_complete_only = mean of six tasks ONLY when n_tasks_valid == 6; partial_task_mean = mean over the available tasks ONLY when 1 <= n_tasks_valid <= 5; legacy_* keeps the original skipna row mean for traceability and is NOT a six-task mean
princeton-nlp_Llama-3-Base-8B-SFT-RDPO,princeton-nlp/Llama-3-Base-8B-SFT-RDPO,0.4480068440626427,0.4643291095295955,0.0370090634441087,0.3062080536912752,0.4021164021164021,0.3014461436170212,1,1,1,1,1,1,6,True,0.32651926941017423,,1,1,0,False,False,0.32651926941017423,True,six_task_mean_complete_only = mean of six tasks ONLY when n_tasks_valid == 6; partial_task_mean = mean over the available tasks ONLY when 1 <= n_tasks_valid <= 5; legacy_* keeps the original skipna row mean for traceability and is NOT a six-task mean
princeton-nlp_Llama-3-Base-8B-SFT-RRHF,princeton-nlp/Llama-3-Base-8B-SFT-RRHF,0.3357247658435174,0.4499218885610137,0.0287009063444108,0.3053691275167785,0.3716931216931217,0.2888962765957447,1,1,1,1,1,1,6,True,0.2967176810924311,,1,1,0,False,False,0.2967176810924311,True,six_task_mean_complete_only = mean of six tasks ONLY when n_tasks_valid == 6; partial_task_mean = mean over the available tasks ONLY when 1 <= n_tasks_valid <= 5; legacy_* keeps the original skipna row mean for traceability and is NOT a six-task mean
princeton-nlp_Llama-3-Base-8B-SFT-SLiC-HF,princeton-nlp/Llama-3-Base-8B-SFT-SLiC-HF,0.4890479483326463,0.4693629578198229,0.0445619335347432,0.2869127516778523,0.4087301587301587,0.3063497340425531,1,1,1,1,1,1,6,True,0.3341609140229627,,1,1,0,False,False,0.3341609140229627,True,six_task_mean_complete_only = mean of six tasks ONLY when n_tasks_valid == 6; partial_task_mean = mean over the available tasks ONLY when 1 <= n_tasks_valid <= 5; legacy_* keeps the original skipna row mean for traceability and is NOT a six-task mean
princeton-nlp_Llama-3-Instruct-8B-CPO-v0.2,princeton-nlp/Llama-3-Instruct-8B-CPO-v0.2,0.7505817896514582,0.5016490192674883,0.0989425981873111,0.2609060402684564,0.3611111111111111,0.370595079787234,1,1,1,1,1,1,6,True,0.39063093971217655,,1,1,0,False,False,0.39063093971217655,True,six_task_mean_complete_only = mean of six tasks ONLY when n_tasks_valid == 6; partial_task_mean = mean over the available tasks ONLY when 1 <= n_tasks_valid <= 5; legacy_* keeps the original skipna row mean for traceability and is NOT a six-task mean
princeton-nlp_Llama-3-Instruct-8B-DPO,princeton-nlp/Llama-3-Instruct-8B-DPO,0.6757436934001781,0.4978302378059365,0.0332326283987915,0.2718120805369127,0.373015873015873,0.3665226063829787,1,1,1,1,1,1,6,True,0.3696928532567784,,1,1,0,False,False,0.3696928532567784,True,six_task_mean_complete_only = mean of six tasks ONLY when n_tasks_valid == 6; partial_task_mean = mean over the available tasks ONLY when 1 <= n_tasks_valid <= 5; legacy_* keeps the original skipna row mean for traceability and is NOT a six-task mean
princeton-nlp_Llama-3-Instruct-8B-RDPO,princeton-nlp/Llama-3-Instruct-8B-RDPO,0.6660017642078574,0.5023433431695886,0.0211480362537764,0.2827181208053691,0.3743386243386243,0.3607047872340425,1,1,1,1,1,1,6,True,0.36787577933487636,,1,1,0,False,False,0.36787577933487636,True,six_task_mean_complete_only = mean of six tasks ONLY when n_tasks_valid == 6; partial_task_mean = mean over the available tasks ONLY when 1 <= n_tasks_valid <= 5; legacy_* keeps the original skipna row mean for traceability and is NOT a six-task mean
princeton-nlp_Llama-3-Instruct-8B-RRHF-v0.2,princeton-nlp/Llama-3-Instruct-8B-RRHF-v0.2,0.712488419615509,0.4988717236590869,0.0793051359516616,0.2600671140939597,0.373015873015873,0.3482380319148936,1,1,1,1,1,1,6,True,0.37866438304183064,,1,1,0,False,False,0.37866438304183064,True,six_task_mean_complete_only = mean of six tasks ONLY when n_tasks_valid == 6; partial_task_mean = mean over the available tasks ONLY when 1 <= n_tasks_valid <= 5; legacy_* keeps the original skipna row mean for traceability and is NOT a six-task mean
princeton-nlp_Llama-3-Instruct-8B-SimPO,princeton-nlp/Llama-3-Instruct-8B-SimPO,0.6503898544750152,0.4825551119597292,0.0226586102719033,0.2936241610738255,0.3941798941798942,0.3489029255319149,1,1,1,1,1,1,6,True,0.36538509291538035,,1,1,0,False,False,0.36538509291538035,True,six_task_mean_complete_only = mean of six tasks ONLY when n_tasks_valid == 6; partial_task_mean = mean over the available tasks ONLY when 1 <= n_tasks_valid <= 5; legacy_* keeps the original skipna row mean for traceability and is NOT a six-task mean
princeton-nlp_Mistral-7B-Base-SFT-CPO,princeton-nlp/Mistral-7B-Base-SFT-CPO,0.4654926705585623,0.4363825724700573,0.0241691842900302,0.2919463087248322,0.4060846560846561,0.265126329787234,1,1,1,1,1,1,6,True,0.314866953652562,,1,1,0,False,False,0.314866953652562,True,six_task_mean_complete_only = mean of six tasks ONLY when n_tasks_valid == 6; partial_task_mean = mean over the available tasks ONLY when 1 <= n_tasks_valid <= 5; legacy_* keeps the original skipna row mean for traceability and is NOT a six-task mean
princeton-nlp_Mistral-7B-Base-SFT-DPO,princeton-nlp/Mistral-7B-Base-SFT-DPO,0.4403383023710421,0.4311751432043048,0.0158610271903323,0.2726510067114094,0.4113756613756614,0.2645445478723404,1,1,1,1,1,1,6,True,0.3059909481208484,,1,1,0,False,False,0.3059909481208484,True,six_task_mean_complete_only = mean of six tasks ONLY when n_tasks_valid == 6; partial_task_mean = mean over the available tasks ONLY when 1 <= n_tasks_valid <= 5; legacy_* keeps the original skipna row mean for traceability and is NOT a six-task mean
princeton-nlp_Mistral-7B-Base-SFT-RDPO,princeton-nlp/Mistral-7B-Base-SFT-RDPO,0.4606466398046073,0.4393334490539837,0.0196374622356495,0.2776845637583892,0.3571428571428571,0.2776761968085106,1,1,1,1,1,1,6,True,0.3053535281339996,,1,1,0,False,False,0.3053535281339996,True,six_task_mean_complete_only = mean of six tasks ONLY when n_tasks_valid == 6; partial_task_mean = mean over the available tasks ONLY when 1 <= n_tasks_valid <= 5; legacy_* keeps the original skipna row mean for traceability and is NOT a six-task mean
princeton-nlp_Mistral-7B-Base-SFT-SLiC-HF,princeton-nlp/Mistral-7B-Base-SFT-SLiC-HF,0.5127284494031392,0.440027772956084,0.0294561933534743,0.2919463087248322,0.4259259259259259,0.2780917553191489,1,1,1,1,1,1,6,True,0.3296960676137674,,1,1,0,False,False,0.3296960676137674,True,six_task_mean_complete_only = mean of six tasks ONLY when n_tasks_valid == 6; partial_task_mean = mean over the available tasks ONLY when 1 <= n_tasks_valid <= 5; legacy_* keeps the original skipna row mean for traceability and is NOT a six-task mean
princeton-nlp_Mistral-7B-Base-SFT-SimPO,princeton-nlp/Mistral-7B-Base-SFT-SimPO,0.4700638749628762,0.437944801249783,0.0060422960725075,0.2835570469798658,0.3968253968253968,0.2701961436170212,1,1,1,1,1,1,6,True,0.3107715932845751,,1,1,0,False,False,0.3107715932845751,True,six_task_mean_complete_only = mean of six tasks ONLY when n_tasks_valid == 6; partial_task_mean = mean over the available tasks ONLY when 1 <= n_tasks_valid <= 5; legacy_* keeps the original skipna row mean for traceability and is NOT a six-task mean
princeton-nlp_Mistral-7B-Instruct-DPO,princeton-nlp/Mistral-7B-Instruct-DPO,0.517624347841505,0.4053115778510675,0.0294561933534743,0.2684563758389262,0.3822751322751322,0.2748503989361702,1,1,1,1,1,1,6,True,0.3129956710160459,,1,1,0,False,False,0.3129956710160459,True,six_task_mean_complete_only = mean of six tasks ONLY when n_tasks_valid == 6; partial_task_mean = mean over the available tasks ONLY when 1 <= n_tasks_valid <= 5; legacy_* keeps the original skipna row mean for traceability and is NOT a six-task mean
princeton-nlp_Mistral-7B-Instruct-IPO,princeton-nlp/Mistral-7B-Instruct-IPO,0.4929198969844457,0.4315223051553549,0.0181268882175226,0.273489932885906,0.4312169312169312,0.2707779255319149,1,1,1,1,1,1,6,True,0.3196756466653459,,1,1,0,False,False,0.3196756466653459,True,six_task_mean_complete_only = mean of six tasks ONLY when n_tasks_valid == 6; partial_task_mean = mean over the available tasks ONLY when 1 <= n_tasks_valid <= 5; legacy_* keeps the original skipna row mean for traceability and is NOT a six-task mean
princeton-nlp_Mistral-7B-Instruct-KTO,princeton-nlp/Mistral-7B-Instruct-KTO,0.4907966417993147,0.4138170456517965,0.0234138972809667,0.273489932885906,0.3941798941798942,0.28125,1,1,1,1,1,1,6,True,0.3128245686329797,,1,1,0,False,False,0.3128245686329797,True,six_task_mean_complete_only = mean of six tasks ONLY when n_tasks_valid == 6; partial_task_mean = mean over the available tasks ONLY when 1 <= n_tasks_valid <= 5; legacy_* keeps the original skipna row mean for traceability and is NOT a six-task mean
princeton-nlp_Mistral-7B-Instruct-SLiC-HF,princeton-nlp/Mistral-7B-Instruct-SLiC-HF,0.5115294086357531,0.4037493490713418,0.0151057401812688,0.2726510067114094,0.3902116402116402,0.2715259308510638,1,1,1,1,1,1,6,True,0.3107955126104128,,1,1,0,False,False,0.3107955126104128,True,six_task_mean_complete_only = mean of six tasks ONLY when n_tasks_valid == 6; partial_task_mean = mean over the available tasks ONLY when 1 <= n_tasks_valid <= 5; legacy_* keeps the original skipna row mean for traceability and is NOT a six-task mean
princeton-nlp_Sheared-LLaMA-1.3B,princeton-nlp/Sheared-LLaMA-1.3B,0.2197702097102355,0.3181739281374761,0.0083081570996978,0.2399328859060402,0.3703703703703703,0.1171043882978723,1,1,1,1,1,1,6,True,0.21227665658694872,,1,1,0,False,False,0.21227665658694872,True,six_task_mean_complete_only = mean of six tasks ONLY when n_tasks_valid == 6; partial_task_mean = mean over the available tasks ONLY when 1 <= n_tasks_valid <= 5; legacy_* keeps the original skipna row mean for traceability and is NOT a six-task mean
princeton-nlp_gemma-2-9b-it-DPO,princeton-nlp/gemma-2-9b-it-DPO,0.2768720328727775,0.5932997743447318,0.0,0.3355704697986577,0.3809523809523809,0.3723404255319149,1,1,1,1,1,1,6,True,0.32650584725007714,,1,1,0,False,False,0.32650584725007714,True,six_task_mean_complete_only = mean of six tasks ONLY when n_tasks_valid == 6; partial_task_mean = mean over the available tasks ONLY when 1 <= n_tasks_valid <= 5; legacy_* keeps the original skipna row mean for traceability and is NOT a six-task mean
princeton-nlp_gemma-2-9b-it-SimPO,princeton-nlp/gemma-2-9b-it-SimPO,0.3206857803960159,0.583232077764277,0.0,0.3355704697986577,0.4113756613756614,0.3975232712765957,1,1,1,1,1,1,6,True,0.3413978767685346,,1,1,0,False,False,0.3413978767685346,True,six_task_mean_complete_only = mean of six tasks ONLY when n_tasks_valid == 6; partial_task_mean = mean over the available tasks ONLY when 1 <= n_tasks_valid <= 5; legacy_* keeps the original skipna row mean for traceability and is NOT a six-task mean
prithivMLmods_Galactic-Qwen-14B-Exp2,prithivMLmods/Galactic-Qwen-14B-Exp2,0.6620300801872365,0.7193195625759417,0.3474320241691843,0.3993288590604026,0.5343915343915344,0.5690658244680851,1,1,1,1,1,1,6,True,0.5385946474753974,,1,1,0,False,False,0.5385946474753974,True,six_task_mean_complete_only = mean of six tasks ONLY when n_tasks_valid == 6; partial_task_mean = mean over the available tasks ONLY when 1 <= n_tasks_valid <= 5; legacy_* keeps the original skipna row mean for traceability and is NOT a six-task mean
prithivMLmods_Llama-3.1-8B-Open-SFT,prithivMLmods/Llama-3.1-8B-Open-SFT,0.4122616878770551,0.494705780246485,0.1155589123867069,0.3095637583892617,0.3902116402116402,0.3522273936170212,1,1,1,1,1,1,6,True,0.3457548621213617,,1,1,0,False,False,0.3457548621213617,True,six_task_mean_complete_only = mean of six tasks ONLY when n_tasks_valid == 6; partial_task_mean = mean over the available tasks ONLY when 1 <= n_tasks_valid <= 5; legacy_* keeps the original skipna row mean for traceability and is NOT a six-task mean
prithivMLmods_Llama-3.2-6B-AlgoCode,prithivMLmods/Llama-3.2-6B-AlgoCode,0.2135755351356622,0.3733726783544523,0.0105740181268882,0.2869127516778524,0.4007936507936508,0.1797706117021276,1,1,1,1,1,1,6,True,0.24416654096510557,,1,1,0,False,False,0.24416654096510557,True,six_task_mean_complete_only = mean of six tasks ONLY when n_tasks_valid == 6; partial_task_mean = mean over the available tasks ONLY when 1 <= n_tasks_valid <= 5; legacy_* keeps the original skipna row mean for traceability and is NOT a six-task mean
prithivMLmods_Llama-Express.1-Math,prithivMLmods/Llama-Express.1-Math,0.5084320713484665,0.3336226349592084,0.0506042296072507,0.2634228187919463,0.3134920634920635,0.1609873670212765,1,1,1,1,1,1,6,True,0.271760197536702,,1,1,0,False,False,0.271760197536702,True,six_task_mean_complete_only = mean of six tasks ONLY when n_tasks_valid == 6; partial_task_mean = mean over the available tasks ONLY when 1 <= n_tasks_valid <= 5; legacy_* keeps the original skipna row mean for traceability and is NOT a six-task mean
prithivMLmods_Magellanic-Qwen-25B-R999,prithivMLmods/Magellanic-Qwen-25B-R999,0.1872719938651666,0.2570734247526471,0.0052870090634441,0.2508389261744966,0.3822751322751322,0.1299867021276596,1,1,1,1,1,1,6,True,0.20212219804309103,,1,1,0,False,False,0.20212219804309103,True,six_task_mean_complete_only = mean of six tasks ONLY when n_tasks_valid == 6; partial_task_mean = mean over the available tasks ONLY when 1 <= n_tasks_valid <= 5; legacy_* keeps the original skipna row mean for traceability and is NOT a six-task mean
prithivMLmods_Phi-4-Empathetic,prithivMLmods/Phi-4-Empathetic,0.0496593483069367,0.6705433084533935,0.2590634441087613,0.3800335570469799,0.4986772486772486,0.5065658244680851,1,1,1,1,1,1,6,True,0.3940904551769009,,1,1,0,False,False,0.3940904551769009,True,six_task_mean_complete_only = mean of six tasks ONLY when n_tasks_valid == 6; partial_task_mean = mean over the available tasks ONLY when 1 <= n_tasks_valid <= 5; legacy_* keeps the original skipna row mean for traceability and is NOT a six-task mean
prithivMLmods_Phi-4-Math-IO,prithivMLmods/Phi-4-Math-IO,0.0589768480963842,0.6649887172365909,0.0966767371601208,0.398489932885906,0.4867724867724867,0.5205285904255319,1,1,1,1,1,1,6,True,0.37107221876283675,,1,1,0,False,False,0.37107221876283675,True,six_task_mean_complete_only = mean of six tasks ONLY when n_tasks_valid == 6; partial_task_mean = mean over the available tasks ONLY when 1 <= n_tasks_valid <= 5; legacy_* keeps the original skipna row mean for traceability and is NOT a six-task mean
prithivMLmods_Phi-4-o1,prithivMLmods/Phi-4-o1,0.0289764491549089,0.6667245269918417,0.3942598187311178,0.3825503355704698,0.4973544973544973,0.5173703457446809,1,1,1,1,1,1,6,True,0.41453932892458606,,1,1,0,False,False,0.41453932892458606,True,six_task_mean_complete_only = mean of six tasks ONLY when n_tasks_valid == 6; partial_task_mean = mean over the available tasks ONLY when 1 <= n_tasks_valid <= 5; legacy_* keeps the original skipna row mean for traceability and is NOT a six-task mean
prithivMLmods_Phi4-Super,prithivMLmods/Phi4-Super,0.0481356135054987,0.6701961465023434,0.3421450151057402,0.3942953020134228,0.503968253968254,0.526595744680851,1,1,1,1,1,1,6,True,0.41422267929601836,,1,1,0,False,False,0.41422267929601836,True,six_task_mean_complete_only = mean of six tasks ONLY when n_tasks_valid == 6; partial_task_mean = mean over the available tasks ONLY when 1 <= n_tasks_valid <= 5; legacy_* keeps the original skipna row mean for traceability and is NOT a six-task mean
prithivMLmods_Primal-Opus-14B-Optimus-v1,prithivMLmods/Primal-Opus-14B-Optimus-v1,0.5013131823561483,0.6406873806630793,0.3323262839879154,0.3724832214765101,0.4841269841269841,0.5259308510638298,1,1,1,1,1,1,6,True,0.4761446506124112,,1,1,0,False,False,0.4761446506124112,True,six_task_mean_complete_only = mean of six tasks ONLY when n_tasks_valid == 6; partial_task_mean = mean over the available tasks ONLY when 1 <= n_tasks_valid <= 5; legacy_* keeps the original skipna row mean for traceability and is NOT a six-task mean
prithivMLmods_Primal-Opus-14B-Optimus-v2,prithivMLmods/Primal-Opus-14B-Optimus-v2,0.6403730989330532,0.65266446797431,0.4206948640483384,0.3917785234899328,0.4894179894179894,0.542220744680851,1,1,1,1,1,1,6,True,0.5228582814240791,,1,1,0,False,False,0.5228582814240791,True,six_task_mean_complete_only = mean of six tasks ONLY when n_tasks_valid == 6; partial_task_mean = mean over the available tasks ONLY when 1 <= n_tasks_valid <= 5; legacy_* keeps the original skipna row mean for traceability and is NOT a six-task mean
prithivMLmods_Qwen2.5-14B-DeepSeek-R1-1M,prithivMLmods/Qwen2.5-14B-DeepSeek-R1-1M,0.3557582769274414,0.6136087484811664,0.4078549848942598,0.3951342281879195,0.5264550264550265,0.491938164893617,1,1,1,1,1,1,6,True,0.46512490497323844,,1,1,0,False,False,0.46512490497323844,True,six_task_mean_complete_only = mean of six tasks ONLY when n_tasks_valid == 6; partial_task_mean = mean over the available tasks ONLY when 1 <= n_tasks_valid <= 5; legacy_* keeps the original skipna row mean for traceability and is NOT a six-task mean
qingy2019_LLaMa_3.2_3B_Catalysts,qingy2019/LLaMa_3.2_3B_Catalysts,0.499239794855428,0.4454087831973615,0.1110271903323262,0.2885906040268456,0.3783068783068783,0.30078125,1,1,1,1,1,1,6,True,0.3372257501198066,,1,1,0,False,False,0.3372257501198066,True,six_task_mean_complete_only = mean of six tasks ONLY when n_tasks_valid == 6; partial_task_mean = mean over the available tasks ONLY when 1 <= n_tasks_valid <= 5; legacy_* keeps the original skipna row mean for traceability and is NOT a six-task mean
qingy2019_OpenMath2-Llama3.1-8B,qingy2019/OpenMath2-Llama3.1-8B,0.2330593935203039,0.4072209685818434,0.0415407854984894,0.2651006711409396,0.3425925925925926,0.1553357712765957,1,1,1,1,1,1,6,True,0.2408083637684608,,1,1,0,False,False,0.2408083637684608,True,six_task_mean_complete_only = mean of six tasks ONLY when n_tasks_valid == 6; partial_task_mean = mean over the available tasks ONLY when 1 <= n_tasks_valid <= 5; legacy_* keeps the original skipna row mean for traceability and is NOT a six-task mean
qingy2019_Qwen2.5-Ultimate-14B-Instruct,qingy2019/Qwen2.5-Ultimate-14B-Instruct,0.3938017792789797,0.5816698489845513,0.2802114803625378,0.3565436241610738,0.4126984126984127,0.4929355053191489,1,1,1,1,1,1,6,True,0.419643441800784,,1,1,0,False,False,0.419643441800784,True,six_task_mean_complete_only = mean of six tasks ONLY when n_tasks_valid == 6; partial_task_mean = mean over the available tasks ONLY when 1 <= n_tasks_valid <= 5; legacy_* keeps the original skipna row mean for traceability and is NOT a six-task mean
qingy2024_QwEnlarge-16B-Instruct,qingy2024/QwEnlarge-16B-Instruct,0.7801821389468832,0.5919111265405311,0.4599697885196374,0.3330536912751677,0.4087301587301587,0.4475565159574468,1,1,1,1,1,1,6,True,0.5035672366616374,,1,1,0,False,False,0.5035672366616374,True,six_task_mean_complete_only = mean of six tasks ONLY when n_tasks_valid == 6; partial_task_mean = mean over the available tasks ONLY when 1 <= n_tasks_valid <= 5; legacy_* keeps the original skipna row mean for traceability and is NOT a six-task mean
qingy2024_Qwen2.5-4B,qingy2024/Qwen2.5-4B,0.2158483933740253,0.4245790661343517,0.0332326283987915,0.2911073825503356,0.4603174603174603,0.2524933510638298,1,1,1,1,1,1,6,True,0.27959638030646566,,1,1,0,False,False,0.27959638030646566,True,six_task_mean_complete_only = mean of six tasks ONLY when n_tasks_valid == 6; partial_task_mean = mean over the available tasks ONLY when 1 <= n_tasks_valid <= 5; legacy_* keeps the original skipna row mean for traceability and is NOT a six-task mean
qingy2024_Qwen2.5-Coder-Draft-1.5B-Instruct,qingy2024/Qwen2.5-Coder-Draft-1.5B-Instruct,0.4125110262991086,0.381010241277556,0.0052870090634441,0.2600671140939597,0.3571428571428571,0.2244015957446808,1,1,1,1,1,1,6,True,0.2734033072702677,,1,1,0,False,False,0.2734033072702677,True,six_task_mean_complete_only = mean of six tasks ONLY when n_tasks_valid == 6; partial_task_mean = mean over the available tasks ONLY when 1 <= n_tasks_valid <= 5; legacy_* keeps the original skipna row mean for traceability and is NOT a six-task mean
qingy2024_Qwen2.5-Math-14B-Instruct-Preview,qingy2024/Qwen2.5-Math-14B-Instruct-Preview,0.7825802204816554,0.6276688074986981,0.0,0.3406040268456375,0.41005291005291,0.4993351063829787,1,1,1,1,1,1,6,True,0.44337351187697993,,1,1,0,False,False,0.44337351187697993,True,six_task_mean_complete_only = mean of six tasks ONLY when n_tasks_valid == 6; partial_task_mean = mean over the available tasks ONLY when 1 <= n_tasks_valid <= 5; legacy_* keeps the original skipna row mean for traceability and is NOT a six-task mean
qingy2024_Qwen2.6-14B-Instruct,qingy2024/Qwen2.6-14B-Instruct,0.5810970447302047,0.6375629231036278,0.2673716012084592,0.3791946308724832,0.4563492063492063,0.5285073138297872,1,1,1,1,1,1,6,True,0.47501378668229477,,1,1,0,False,False,0.47501378668229477,True,six_task_mean_complete_only = mean of six tasks ONLY when n_tasks_valid == 6; partial_task_mean = mean over the available tasks ONLY when 1 <= n_tasks_valid <= 5; legacy_* keeps the original skipna row mean for traceability and is NOT a six-task mean
qq8933_OpenLongCoT-Base-Gemma2-2B,qq8933/OpenLongCoT-Base-Gemma2-2B,0.1965141380426158,0.3077590696059711,0.0,0.2625838926174497,0.3214285714285714,0.1315658244680851,1,1,1,1,1,1,6,True,0.20330858269378219,,1,1,0,False,False,0.20330858269378219,True,six_task_mean_complete_only = mean of six tasks ONLY when n_tasks_valid == 6; partial_task_mean = mean over the available tasks ONLY when 1 <= n_tasks_valid <= 5; legacy_* keeps the original skipna row mean for traceability and is NOT a six-task mean
rasyosef_Phi-1_5-Instruct-v0.1,rasyosef/Phi-1_5-Instruct-v0.1,0.2402281501970327,0.3093212983856969,0.0,0.2600671140939597,0.3412698412698413,0.1561668882978723,1,1,1,1,1,1,6,True,0.2178422153740672,,1,1,0,False,False,0.2178422153740672,True,six_task_mean_complete_only = mean of six tasks ONLY when n_tasks_valid == 6; partial_task_mean = mean over the available tasks ONLY when 1 <= n_tasks_valid <= 5; legacy_* keeps the original skipna row mean for traceability and is NOT a six-task mean
rasyosef_phi-2-instruct-apo,rasyosef/phi-2-instruct-apo,0.3145919493610287,0.4408956778337094,0.0,0.2701342281879195,0.3333333333333333,0.2155086436170212,1,1,1,1,1,1,6,True,0.2624106387221687,,1,1,0,False,False,0.2624106387221687,True,six_task_mean_complete_only = mean of six tasks ONLY when n_tasks_valid == 6; partial_task_mean = mean over the available tasks ONLY when 1 <= n_tasks_valid <= 5; legacy_* keeps the original skipna row mean for traceability and is NOT a six-task mean
recoilme_Gemma-2-Ataraxy-Gemmasutra-9B-slerp,recoilme/Gemma-2-Ataraxy-Gemmasutra-9B-slerp,0.7648949232480928,0.5972921367818087,0.0173716012084592,0.3305369127516778,0.4232804232804232,0.4207114361702128,1,1,1,1,1,1,6,True,0.42568123890677906,,1,1,0,False,False,0.42568123890677906,True,six_task_mean_complete_only = mean of six tasks ONLY when n_tasks_valid == 6; partial_task_mean = mean over the available tasks ONLY when 1 <= n_tasks_valid <= 5; legacy_* keeps the original skipna row mean for traceability and is NOT a six-task mean
rhysjones_phi-2-orange-v2,rhysjones/phi-2-orange-v2,0.3669740732367895,0.4750911300121506,0.0,0.261744966442953,0.3624338624338624,0.2532413563829787,1,1,1,1,1,1,6,True,0.28658089808478904,,1,1,0,False,False,0.28658089808478904,True,six_task_mean_complete_only = mean of six tasks ONLY when n_tasks_valid == 6; partial_task_mean = mean over the available tasks ONLY when 1 <= n_tasks_valid <= 5; legacy_* keeps the original skipna row mean for traceability and is NOT a six-task mean
riaz_FineLlama-3.1-8B,riaz/FineLlama-3.1-8B,0.4373407004525769,0.4554764797778163,0.0483383685800604,0.2751677852348993,0.3756613756613756,0.296376329787234,1,1,1,1,1,1,6,True,0.3147268399156604,,1,1,0,False,False,0.3147268399156604,True,six_task_mean_complete_only = mean of six tasks ONLY when n_tasks_valid == 6; partial_task_mean = mean over the available tasks ONLY when 1 <= n_tasks_valid <= 5; legacy_* keeps the original skipna row mean for traceability and is NOT a six-task mean
rombodawg_Rombos-Coder-V2.5-Qwen-14b,rombodawg/Rombos-Coder-V2.5-Qwen-14b,0.7047445223119102,0.6153445582364173,0.2779456193353474,0.3028523489932886,0.3902116402116402,0.3939494680851064,1,1,1,1,1,1,6,True,0.4475080261956183,,1,1,0,False,False,0.4475080261956183,True,six_task_mean_complete_only = mean of six tasks ONLY when n_tasks_valid == 6; partial_task_mean = mean over the available tasks ONLY when 1 <= n_tasks_valid <= 5; legacy_* keeps the original skipna row mean for traceability and is NOT a six-task mean
rombodawg_Rombos-LLM-V2.5-Qwen-0.5b,rombodawg/Rombos-LLM-V2.5-Qwen-0.5b,0.2846669060315518,0.3280680437424058,0.0249244712990936,0.2667785234899328,0.3227513227513227,0.1865857712765957,1,1,1,1,1,1,6,True,0.23562917309848375,,1,1,0,False,False,0.23562917309848375,True,six_task_mean_complete_only = mean of six tasks ONLY when n_tasks_valid == 6; partial_task_mean = mean over the available tasks ONLY when 1 <= n_tasks_valid <= 5; legacy_* keeps the original skipna row mean for traceability and is NOT a six-task mean
rombodawg_Rombos-LLM-V2.5-Qwen-14b,rombodawg/Rombos-LLM-V2.5-Qwen-14b,0.5840447789642593,0.646241971879882,0.1563444108761329,0.3716442953020134,0.4708994708994709,0.5375664893617021,1,1,1,1,1,1,6,True,0.4611235695472435,,1,1,0,False,False,0.4611235695472435,True,six_task_mean_complete_only = mean of six tasks ONLY when n_tasks_valid == 6; partial_task_mean = mean over the available tasks ONLY when 1 <= n_tasks_valid <= 5; legacy_* keeps the original skipna row mean for traceability and is NOT a six-task mean
rombodawg_Rombos-LLM-V2.5-Qwen-32b,rombodawg/Rombos-LLM-V2.5-Qwen-32b,0.6826631116548536,0.7014407220968581,0.391238670694864,0.3968120805369127,0.5026455026455027,0.5915890957446809,1,1,1,1,1,1,6,True,0.5443981972289454,,1,1,0,False,False,0.5443981972289454,True,six_task_mean_complete_only = mean of six tasks ONLY when n_tasks_valid == 6; partial_task_mean = mean over the available tasks ONLY when 1 <= n_tasks_valid <= 5; legacy_* keeps the original skipna row mean for traceability and is NOT a six-task mean
rombodawg_Rombos-LLM-V2.5.1-Qwen-3b,rombodawg/Rombos-LLM-V2.5.1-Qwen-3b,0.2595125378440316,0.3830932129838569,0.0830815709969788,0.2743288590604026,0.3981481481481481,0.2719414893617021,1,1,1,1,1,1,6,True,0.27835096973252,,1,1,0,False,False,0.27835096973252,True,six_task_mean_complete_only = mean of six tasks ONLY when n_tasks_valid == 6; partial_task_mean = mean over the available tasks ONLY when 1 <= n_tasks_valid <= 5; legacy_* keeps the original skipna row mean for traceability and is NOT a six-task mean
rombodawg_rombos_Replete-Coder-Llama3-8B,rombodawg/rombos_Replete-Coder-Llama3-8B,0.4714125187834945,0.3275473008158306,0.0264350453172205,0.2667785234899328,0.3955026455026455,0.1334773936170212,1,1,1,1,1,1,6,True,0.2701922379210242,,1,1,0,False,False,0.2701922379210242,True,six_task_mean_complete_only = mean of six tasks ONLY when n_tasks_valid == 6; partial_task_mean = mean over the available tasks ONLY when 1 <= n_tasks_valid <= 5; legacy_* keeps the original skipna row mean for traceability and is NOT a six-task mean
rsh345_mistral-ft-optimized-1218-NeuralHermes-2.5-Mistral-7B,rsh345/mistral-ft-optimized-1218-NeuralHermes-2.5-Mistral-7B,0.3891807071902552,0.5150147543829197,0.0725075528700906,0.3028523489932886,0.4669312169312169,0.3053523936170212,1,1,1,1,1,1,6,True,0.34197316233079866,,1,1,0,False,False,0.34197316233079866,True,six_task_mean_complete_only = mean of six tasks ONLY when n_tasks_valid == 6; partial_task_mean = mean over the available tasks ONLY when 1 <= n_tasks_valid <= 5; legacy_* keeps the original skipna row mean for traceability and is NOT a six-task mean
sabersaleh_Llama2-7B-SimPO,sabersaleh/Llama2-7B-SimPO,0.1658643510330368,0.3457733032459642,0.0075528700906344,0.2709731543624161,0.3994708994708995,0.1641456117021276,1,1,1,1,1,1,6,True,0.2256300316508464,,1,1,0,False,False,0.2256300316508464,True,six_task_mean_complete_only = mean of six tasks ONLY when n_tasks_valid == 6; partial_task_mean = mean over the available tasks ONLY when 1 <= n_tasks_valid <= 5; legacy_* keeps the original skipna row mean for traceability and is NOT a six-task mean
sabersaleh_Llama3,sabersaleh/Llama3,0.3320777758569484,0.4770005207429266,0.0551359516616314,0.3104026845637584,0.3928571428571428,0.316156914893617,1,1,1,1,1,1,6,True,0.31393849842933746,,1,1,0,False,False,0.31393849842933746,True,six_task_mean_complete_only = mean of six tasks ONLY when n_tasks_valid == 6; partial_task_mean = mean over the available tasks ONLY when 1 <= n_tasks_valid <= 5; legacy_* keeps the original skipna row mean for traceability and is NOT a six-task mean
sabersalehk_Llama3-001-300,sabersalehk/Llama3-001-300,0.3178643776291351,0.4731817392813747,0.0468277945619335,0.299496644295302,0.4060846560846561,0.3158244680851064,1,1,1,1,1,1,6,True,0.3098799466562513,,1,1,0,False,False,0.3098799466562513,True,six_task_mean_complete_only = mean of six tasks ONLY when n_tasks_valid == 6; partial_task_mean = mean over the available tasks ONLY when 1 <= n_tasks_valid <= 5; legacy_* keeps the original skipna row mean for traceability and is NOT a six-task mean
sabersalehk_Llama3_01_300,sabersalehk/Llama3_01_300,0.2958827023408999,0.4678007290400972,0.0445619335347432,0.3078859060402684,0.4060846560846561,0.3124168882978723,1,1,1,1,1,1,6,True,0.3057721358897562,,1,1,0,False,False,0.3057721358897562,True,six_task_mean_complete_only = mean of six tasks ONLY when n_tasks_valid == 6; partial_task_mean = mean over the available tasks ONLY when 1 <= n_tasks_valid <= 5; legacy_* keeps the original skipna row mean for traceability and is NOT a six-task mean
sequelbox_Llama3.1-70B-PlumChat,sequelbox/Llama3.1-70B-PlumChat,0.5567172879071973,0.6747092518659955,0.2945619335347432,0.3917785234899328,0.4775132275132275,0.5166223404255319,1,1,1,1,1,1,6,True,0.4853170941227713,,1,1,0,False,False,0.4853170941227713,True,six_task_mean_complete_only = mean of six tasks ONLY when n_tasks_valid == 6; partial_task_mean = mean over the available tasks ONLY when 1 <= n_tasks_valid <= 5; legacy_* keeps the original skipna row mean for traceability and is NOT a six-task mean
sequelbox_Llama3.1-8B-MOTH,sequelbox/Llama3.1-8B-MOTH,0.5208469084252008,0.4818607880576289,0.1185800604229607,0.2692953020134228,0.3571428571428571,0.3292885638297872,1,1,1,1,1,1,6,True,0.34616907998197627,,1,1,0,False,False,0.34616907998197627,True,six_task_mean_complete_only = mean of six tasks ONLY when n_tasks_valid == 6; partial_task_mean = mean over the available tasks ONLY when 1 <= n_tasks_valid <= 5; legacy_* keeps the original skipna row mean for traceability and is NOT a six-task mean
sequelbox_Llama3.1-8B-PlumCode,sequelbox/Llama3.1-8B-PlumCode,0.2044829940114451,0.3343169588613088,0.0241691842900302,0.276006711409396,0.376984126984127,0.2335438829787234,1,1,1,1,1,1,6,True,0.24158397642250506,,1,1,0,False,False,0.24158397642250506,True,six_task_mean_complete_only = mean of six tasks ONLY when n_tasks_valid == 6; partial_task_mean = mean over the available tasks ONLY when 1 <= n_tasks_valid <= 5; legacy_* keeps the original skipna row mean for traceability and is NOT a six-task mean
sequelbox_Llama3.1-8B-PlumMath,sequelbox/Llama3.1-8B-PlumMath,0.224241678745728,0.3994098246832147,0.039274924471299,0.3179530201342282,0.3915343915343915,0.2975398936170212,1,1,1,1,1,1,6,True,0.2783256221976471,,1,1,0,False,False,0.2783256221976471,True,six_task_mean_complete_only = mean of six tasks ONLY when n_tasks_valid == 6; partial_task_mean = mean over the available tasks ONLY when 1 <= n_tasks_valid <= 5; legacy_* keeps the original skipna row mean for traceability and is NOT a six-task mean
sethuiyer_Llama-3.1-8B-Experimental-1208-Instruct,sethuiyer/Llama-3.1-8B-Experimental-1208-Instruct,0.6099981382731153,0.4957472660996355,0.0838368580060422,0.2961409395973154,0.3783068783068783,0.351063829787234,1,1,1,1,1,1,6,True,0.36918231834503684,,1,1,0,False,False,0.36918231834503684,True,six_task_mean_complete_only = mean of six tasks ONLY when n_tasks_valid == 6; partial_task_mean = mean over the available tasks ONLY when 1 <= n_tasks_valid <= 5; legacy_* keeps the original skipna row mean for traceability and is NOT a six-task mean
sethuiyer_Llamaverse-3.1-8B-Instruct,sethuiyer/Llamaverse-3.1-8B-Instruct,0.6185410266980501,0.5407047387606319,0.1842900302114803,0.2911073825503356,0.3756613756613756,0.3523105053191489,1,1,1,1,1,1,6,True,0.3937691765335037,,1,1,0,False,False,0.3937691765335037,True,six_task_mean_complete_only = mean of six tasks ONLY when n_tasks_valid == 6; partial_task_mean = mean over the available tasks ONLY when 1 <= n_tasks_valid <= 5; legacy_* keeps the original skipna row mean for traceability and is NOT a six-task mean
sethuiyer_Qwen2.5-7B-Anvita,sethuiyer/Qwen2.5-7B-Anvita,0.6480416406246536,0.5433084533935081,0.1586102719033232,0.3271812080536913,0.4325396825396825,0.4165558510638298,1,1,1,1,1,1,6,True,0.4210395179297814,,1,1,0,False,False,0.4210395179297814,True,six_task_mean_complete_only = mean of six tasks ONLY when n_tasks_valid == 6; partial_task_mean = mean over the available tasks ONLY when 1 <= n_tasks_valid <= 5; legacy_* keeps the original skipna row mean for traceability and is NOT a six-task mean
shastraai_Shastra-LLAMA2-Math-Commonsense-SFT,shastraai/Shastra-LLAMA2-Math-Commonsense-SFT,0.3041507644161935,0.381010241277556,0.0181268882175226,0.259228187919463,0.3597883597883597,0.1997174202127659,1,1,1,1,1,1,6,True,0.2536703103053101,,1,1,0,False,False,0.2536703103053101,True,six_task_mean_complete_only = mean of six tasks ONLY when n_tasks_valid == 6; partial_task_mean = mean over the available tasks ONLY when 1 <= n_tasks_valid <= 5; legacy_* keeps the original skipna row mean for traceability and is NOT a six-task mean
shivank21_mistral_dpo_self,shivank21/mistral_dpo_self,0.340345837932242,0.3190418330151015,0.0196374622356495,0.2407718120805369,0.324074074074074,0.2214095744680851,1,1,1,1,1,1,6,True,0.24421343230094816,,1,1,0,False,False,0.24421343230094816,True,six_task_mean_complete_only = mean of six tasks ONLY when n_tasks_valid == 6; partial_task_mean = mean over the available tasks ONLY when 1 <= n_tasks_valid <= 5; legacy_* keeps the original skipna row mean for traceability and is NOT a six-task mean
siqi00_Mistral-7B-DFT,siqi00/Mistral-7B-DFT,0.5568668909604294,0.4645026905051206,0.0377643504531722,0.3045302013422818,0.4179894179894179,0.2962932180851064,1,1,1,1,1,1,6,True,0.3463244615559214,,1,1,0,False,False,0.3463244615559214,True,six_task_mean_complete_only = mean of six tasks ONLY when n_tasks_valid == 6; partial_task_mean = mean over the available tasks ONLY when 1 <= n_tasks_valid <= 5; legacy_* keeps the original skipna row mean for traceability and is NOT a six-task mean
skymizer_Llama2-7b-sft-chat-custom-template-dpo,skymizer/Llama2-7b-sft-chat-custom-template-dpo,0.2352823840742563,0.3667766012844992,0.0098187311178247,0.2390939597315436,0.4417989417989418,0.1946476063829787,1,1,1,1,1,1,6,True,0.24790303739834071,,1,1,0,False,False,0.24790303739834071,True,six_task_mean_complete_only = mean of six tasks ONLY when n_tasks_valid == 6; partial_task_mean = mean over the available tasks ONLY when 1 <= n_tasks_valid <= 5; legacy_* keeps the original skipna row mean for traceability and is NOT a six-task mean
someon98_qwen-CoMa-0.5b,someon98/qwen-CoMa-0.5b,0.2276637100670664,0.2924839437597639,0.0,0.2399328859060402,0.4034391534391534,0.1098736702127659,1,1,1,1,1,1,6,True,0.21223222723079826,,1,1,0,False,False,0.21223222723079826,True,six_task_mean_complete_only = mean of six tasks ONLY when n_tasks_valid == 6; partial_task_mean = mean over the available tasks ONLY when 1 <= n_tasks_valid <= 5; legacy_* keeps the original skipna row mean for traceability and is NOT a six-task mean
sometimesanotion_Qwen2.5-14B-Vimarckoso-v2,sometimesanotion/Qwen2.5-14B-Vimarckoso-v2,0.4505301488938239,0.6531852109008852,0.3504531722054381,0.3825503355704698,0.4814814814814814,0.5379820478723404,1,1,1,1,1,1,6,True,0.47603039948740644,,1,1,0,False,False,0.47603039948740644,True,six_task_mean_complete_only = mean of six tasks ONLY when n_tasks_valid == 6; partial_task_mean = mean over the available tasks ONLY when 1 <= n_tasks_valid <= 5; legacy_* keeps the original skipna row mean for traceability and is NOT a six-task mean
sometimesanotion_Qwen2.5-14B-Vimarckoso-v3,sometimesanotion/Qwen2.5-14B-Vimarckoso-v3,0.7256523801291683,0.6401666377365041,0.3444108761329305,0.3800335570469799,0.4801587301587302,0.5343251329787234,1,1,1,1,1,1,6,True,0.5174578856971728,,1,1,0,False,False,0.5174578856971728,True,six_task_mean_complete_only = mean of six tasks ONLY when n_tasks_valid == 6; partial_task_mean = mean over the available tasks ONLY when 1 <= n_tasks_valid <= 5; legacy_* keeps the original skipna row mean for traceability and is NOT a six-task mean
sometimesanotion_Qwen2.5-14B-Vimarckoso-v3-IF-Variant,sometimesanotion/Qwen2.5-14B-Vimarckoso-v3-IF-Variant,0.6412973133507981,0.5497309494879361,0.2129909365558912,0.3473154362416107,0.5304232804232805,0.4588597074468085,1,1,1,1,1,1,6,True,0.45676960391772087,,1,1,0,False,False,0.45676960391772087,True,six_task_mean_complete_only = mean of six tasks ONLY when n_tasks_valid == 6; partial_task_mean = mean over the available tasks ONLY when 1 <= n_tasks_valid <= 5; legacy_* keeps the original skipna row mean for traceability and is NOT a six-task mean
sometimesanotion_Qwen2.5-7B-Gordion-v0.1-Prose,sometimesanotion/Qwen2.5-7B-Gordion-v0.1-Prose,0.5347101246913745,0.5566741885089395,0.2892749244712991,0.3204697986577181,0.4497354497354497,0.4525432180851064,1,1,1,1,1,1,6,True,0.4339012840249812,,1,1,0,False,False,0.4339012840249812,True,six_task_mean_complete_only = mean of six tasks ONLY when n_tasks_valid == 6; partial_task_mean = mean over the available tasks ONLY when 1 <= n_tasks_valid <= 5; legacy_* keeps the original skipna row mean for traceability and is NOT a six-task mean
sometimesanotion_Qwentessential-14B-v1,sometimesanotion/Qwentessential-14B-v1,0.6279083941719084,0.6535323728519354,0.4070996978851964,0.3875838926174497,0.4867724867724867,0.5381482712765957,1,1,1,1,1,1,6,True,0.5168408525959287,,1,1,0,False,False,0.5168408525959287,True,six_task_mean_complete_only = mean of six tasks ONLY when n_tasks_valid == 6; partial_task_mean = mean over the available tasks ONLY when 1 <= n_tasks_valid <= 5; legacy_* keeps the original skipna row mean for traceability and is NOT a six-task mean
sometimesanotion_Qwentinuum-14B-v1,sometimesanotion/Qwentinuum-14B-v1,0.5031616111916382,0.654747439680611,0.3240181268882175,0.3825503355704698,0.4775132275132275,0.5409740691489362,1,1,1,1,1,1,6,True,0.48049413499885,,1,1,0,False,False,0.48049413499885,True,six_task_mean_complete_only = mean of six tasks ONLY when n_tasks_valid == 6; partial_task_mean = mean over the available tasks ONLY when 1 <= n_tasks_valid <= 5; legacy_* keeps the original skipna row mean for traceability and is NOT a six-task mean
sometimesanotion_Qwentinuum-14B-v2,sometimesanotion/Qwentinuum-14B-v2,0.5378329499062487,0.6533587918764103,0.3293051359516616,0.3884228187919463,0.4708994708994709,0.5408909574468085,1,1,1,1,1,1,6,True,0.48678502081209113,,1,1,0,False,False,0.48678502081209113,True,six_task_mean_complete_only = mean of six tasks ONLY when n_tasks_valid == 6; partial_task_mean = mean over the available tasks ONLY when 1 <= n_tasks_valid <= 5; legacy_* keeps the original skipna row mean for traceability and is NOT a six-task mean
sometimesanotion_Qwentinuum-14B-v6,sometimesanotion/Qwentinuum-14B-v6,0.6304062110755019,0.65266446797431,0.338368580060423,0.386744966442953,0.4894179894179894,0.5399767287234043,1,1,1,1,1,1,6,True,0.5062631572824302,,1,1,0,False,False,0.5062631572824302,True,six_task_mean_complete_only = mean of six tasks ONLY when n_tasks_valid == 6; partial_task_mean = mean over the available tasks ONLY when 1 <= n_tasks_valid <= 5; legacy_* keeps the original skipna row mean for traceability and is NOT a six-task mean
sometimesanotion_Qwentinuum-14B-v7,sometimesanotion/Qwentinuum-14B-v7,0.6109223526908603,0.6528380489498351,0.3338368580060423,0.3909395973154362,0.4814814814814814,0.5409740691489362,1,1,1,1,1,1,6,True,0.5018320679320986,,1,1,0,False,False,0.5018320679320986,True,six_task_mean_complete_only = mean of six tasks ONLY when n_tasks_valid == 6; partial_task_mean = mean over the available tasks ONLY when 1 <= n_tasks_valid <= 5; legacy_* keeps the original skipna row mean for traceability and is NOT a six-task mean
sometimesanotion_Qwentinuum-14B-v8,sometimesanotion/Qwentinuum-14B-v8,0.5411552458587658,0.6517965630966847,0.3413897280966767,0.3833892617449664,0.4867724867724867,0.5412234042553191,1,1,1,1,1,1,6,True,0.49095444830414986,,1,1,0,False,False,0.49095444830414986,True,six_task_mean_complete_only = mean of six tasks ONLY when n_tasks_valid == 6; partial_task_mean = mean over the available tasks ONLY when 1 <= n_tasks_valid <= 5; legacy_* keeps the original skipna row mean for traceability and is NOT a six-task mean
sometimesanotion_Qwenvergence-14B-v0.6-004-model_stock,sometimesanotion/Qwenvergence-14B-v0.6-004-model_stock,0.6859854076073706,0.6235028640860961,0.3134441087613293,0.3833892617449664,0.5026455026455027,0.519281914893617,1,1,1,1,1,1,6,True,0.504708176623147,,1,1,0,False,False,0.504708176623147,True,six_task_mean_complete_only = mean of six tasks ONLY when n_tasks_valid == 6; partial_task_mean = mean over the available tasks ONLY when 1 <= n_tasks_valid <= 5; legacy_* keeps the original skipna row mean for traceability and is NOT a six-task mean
sometimesanotion_Qwenvergence-14B-v3,sometimesanotion/Qwenvergence-14B-v3,0.504410519643435,0.65266446797431,0.3481873111782477,0.384228187919463,0.4880952380952381,0.5386469414893617,1,1,1,1,1,1,6,True,0.4860387777166759,,1,1,0,False,False,0.4860387777166759,True,six_task_mean_complete_only = mean of six tasks ONLY when n_tasks_valid == 6; partial_task_mean = mean over the available tasks ONLY when 1 <= n_tasks_valid <= 5; legacy_* keeps the original skipna row mean for traceability and is NOT a six-task mean
sometimesanotion_Qwenvergence-14B-v3-Prose,sometimesanotion/Qwenvergence-14B-v3-Prose,0.4917707239014703,0.6493664294393334,0.3557401812688822,0.3951342281879195,0.4933862433862434,0.5369847074468085,1,1,1,1,1,1,6,True,0.48706375227177623,,1,1,0,False,False,0.48706375227177623,True,six_task_mean_complete_only = mean of six tasks ONLY when n_tasks_valid == 6; partial_task_mean = mean over the available tasks ONLY when 1 <= n_tasks_valid <= 5; legacy_* keeps the original skipna row mean for traceability and is NOT a six-task mean
sometimesanotion_Qwenvergence-14B-v3-Reason,sometimesanotion/Qwenvergence-14B-v3-Reason,0.5366837768232734,0.6540531157785107,0.3240181268882175,0.386744966442953,0.4735449735449735,0.5394780585106383,1,1,1,1,1,1,6,True,0.48575383633142777,,1,1,0,False,False,0.48575383633142777,True,six_task_mean_complete_only = mean of six tasks ONLY when n_tasks_valid == 6; partial_task_mean = mean over the available tasks ONLY when 1 <= n_tasks_valid <= 5; legacy_* keeps the original skipna row mean for traceability and is NOT a six-task mean
sometimesanotion_Qwenvergence-14B-v8,sometimesanotion/Qwenvergence-14B-v8,0.5913387589373973,0.6514494011456344,0.3557401812688822,0.3808724832214765,0.4761904761904761,0.543467420212766,1,1,1,1,1,1,6,True,0.49984312016277205,,1,1,0,False,False,0.49984312016277205,True,six_task_mean_complete_only = mean of six tasks ONLY when n_tasks_valid == 6; partial_task_mean = mean over the available tasks ONLY when 1 <= n_tasks_valid <= 5; legacy_* keeps the original skipna row mean for traceability and is NOT a six-task mean
sometimesanotion_Qwenvergence-14B-v9,sometimesanotion/Qwenvergence-14B-v9,0.6598070896332842,0.6144766533587919,0.3950151057401813,0.3682885906040268,0.5132275132275133,0.5110538563829787,1,1,1,1,1,1,6,True,0.510311468157796,,1,1,0,False,False,0.510311468157796,True,six_task_mean_complete_only = mean of six tasks ONLY when n_tasks_valid == 6; partial_task_mean = mean over the available tasks ONLY when 1 <= n_tasks_valid <= 5; legacy_* keeps the original skipna row mean for traceability and is NOT a six-task mean
spmurrayzzz_Mistral-Syndicate-7B,spmurrayzzz/Mistral-Syndicate-7B,0.249595517670891,0.4240583232077764,0.0241691842900302,0.276006711409396,0.4378306878306878,0.2631316489361702,1,1,1,1,1,1,6,True,0.27913201222415857,,1,1,0,False,False,0.27913201222415857,True,six_task_mean_complete_only = mean of six tasks ONLY when n_tasks_valid == 6; partial_task_mean = mean over the available tasks ONLY when 1 <= n_tasks_valid <= 5; legacy_* keeps the original skipna row mean for traceability and is NOT a six-task mean
ssmits_Qwen2.5-95B-Instruct,ssmits/Qwen2.5-95B-Instruct,0.8431051831363006,0.7005728172192328,0.0604229607250755,0.3640939597315436,0.4272486772486772,0.5216921542553191,1,1,1,1,1,1,6,True,0.4861892920526914,,1,1,0,False,False,0.4861892920526914,True,six_task_mean_complete_only = mean of six tasks ONLY when n_tasks_valid == 6; partial_task_mean = mean over the available tasks ONLY when 1 <= n_tasks_valid <= 5; legacy_* keeps the original skipna row mean for traceability and is NOT a six-task mean
suayptalha_DeepSeek-R1-Distill-Llama-3B,suayptalha/DeepSeek-R1-Distill-Llama-3B,0.7092658590318134,0.4436729734421107,0.209214501510574,0.2609060402684564,0.3386243386243386,0.2977892287234042,1,1,1,1,1,1,6,True,0.3765788236001162,,1,1,0,False,False,0.3765788236001162,True,six_task_mean_complete_only = mean of six tasks ONLY when n_tasks_valid == 6; partial_task_mean = mean over the available tasks ONLY when 1 <= n_tasks_valid <= 5; legacy_* keeps the original skipna row mean for traceability and is NOT a six-task mean
suayptalha_Komodo-Llama-3.2-3B-v2-fp16,suayptalha/Komodo-Llama-3.2-3B-v2-fp16,0.6340532010620709,0.4339524388127061,0.0626888217522658,0.2776845637583892,0.3399470899470899,0.2852393617021276,1,1,1,1,1,1,6,True,0.3389275795057749,,1,1,0,False,False,0.3389275795057749,True,six_task_mean_complete_only = mean of six tasks ONLY when n_tasks_valid == 6; partial_task_mean = mean over the available tasks ONLY when 1 <= n_tasks_valid <= 5; legacy_* keeps the original skipna row mean for traceability and is NOT a six-task mean
sumink_Qwenftmodel,sumink/Qwenftmodel,0.1729089925841212,0.3792744315223051,0.0770392749244713,0.2567114093959731,0.3611111111111111,0.233876329787234,1,1,1,1,1,1,6,True,0.24682025822086928,,1,1,0,False,False,0.24682025822086928,True,six_task_mean_complete_only = mean of six tasks ONLY when n_tasks_valid == 6; partial_task_mean = mean over the available tasks ONLY when 1 <= n_tasks_valid <= 5; legacy_* keeps the original skipna row mean for traceability and is NOT a six-task mean
sumink_bbhqwen,sumink/bbhqwen,0.1808523606253629,0.3365735115431348,0.0105740181268882,0.2575503355704698,0.4338624338624338,0.1616522606382978,1,1,1,1,1,1,6,True,0.23017748672776453,,1,1,0,False,False,0.23017748672776453,True,six_task_mean_complete_only = mean of six tasks ONLY when n_tasks_valid == 6; partial_task_mean = mean over the available tasks ONLY when 1 <= n_tasks_valid <= 5; legacy_* keeps the original skipna row mean for traceability and is NOT a six-task mean
sumink_bbhqwen2,sumink/bbhqwen2,0.1532999109030705,0.3018573164381183,0.0060422960725075,0.2625838926174497,0.4417989417989418,0.1149434840425532,1,1,1,1,1,1,6,True,0.2134209736454402,,1,1,0,False,False,0.2134209736454402,True,six_task_mean_complete_only = mean of six tasks ONLY when n_tasks_valid == 6; partial_task_mean = mean over the available tasks ONLY when 1 <= n_tasks_valid <= 5; legacy_* keeps the original skipna row mean for traceability and is NOT a six-task mean
sumink_bbhqwen4,sumink/bbhqwen4,0.1448567578469571,0.3190418330151015,0.0060422960725075,0.2441275167785234,0.4021164021164021,0.1509308510638297,1,1,1,1,1,1,6,True,0.21118594281555356,,1,1,0,False,False,0.21118594281555356,True,six_task_mean_complete_only = mean of six tasks ONLY when n_tasks_valid == 6; partial_task_mean = mean over the available tasks ONLY when 1 <= n_tasks_valid <= 5; legacy_* keeps the original skipna row mean for traceability and is NOT a six-task mean
sumink_bbhqwen5,sumink/bbhqwen5,0.1521507378200951,0.286235028640861,0.0022658610271903,0.2600671140939597,0.4007936507936508,0.1131150265957446,1,1,1,1,1,1,6,True,0.2024379031619169,,1,1,0,False,False,0.2024379031619169,True,six_task_mean_complete_only = mean of six tasks ONLY when n_tasks_valid == 6; partial_task_mean = mean over the available tasks ONLY when 1 <= n_tasks_valid <= 5; legacy_* keeps the original skipna row mean for traceability and is NOT a six-task mean
sumink_bbhqwen6,sumink/bbhqwen6,0.1892955136814762,0.2730428745009547,0.0007552870090634,0.2583892617449664,0.3571428571428571,0.1152759308510638,1,1,1,1,1,1,6,True,0.19898362082173027,,1,1,0,False,False,0.19898362082173027,True,six_task_mean_complete_only = mean of six tasks ONLY when n_tasks_valid == 6; partial_task_mean = mean over the available tasks ONLY when 1 <= n_tasks_valid <= 5; legacy_* keeps the original skipna row mean for traceability and is NOT a six-task mean
synergetic_FrankenQwen2.5-14B,synergetic/FrankenQwen2.5-14B,0.1869472998311148,0.6024995660475612,0.0,0.2701342281879195,0.3835978835978836,0.4381648936170212,1,1,1,1,1,1,6,True,0.3135573118802501,,1,1,0,False,False,0.3135573118802501,True,six_task_mean_complete_only = mean of six tasks ONLY when n_tasks_valid == 6; partial_task_mean = mean over the available tasks ONLY when 1 <= n_tasks_valid <= 5; legacy_* keeps the original skipna row mean for traceability and is NOT a six-task mean
tangledgroup_tangled-llama-pints-1.5b-v0.1-instruct,tangledgroup/tangled-llama-pints-1.5b-v0.1-instruct,0.1509018293682983,0.3107099461898976,0.0007552870090634,0.2399328859060402,0.3756613756613756,0.1108710106382978,1,1,1,1,1,1,6,True,0.19813872246216213,,1,1,0,False,False,0.19813872246216213,True,six_task_mean_complete_only = mean of six tasks ONLY when n_tasks_valid == 6; partial_task_mean = mean over the available tasks ONLY when 1 <= n_tasks_valid <= 5; legacy_* keeps the original skipna row mean for traceability and is NOT a six-task mean
tanliboy_lambda-qwen2.5-14b-dpo-test,tanliboy/lambda-qwen2.5-14b-dpo-test,0.8231215397367873,0.6370421801770526,0.0,0.3624161073825503,0.4246031746031746,0.4847905585106383,1,1,1,1,1,1,6,True,0.45532892673503383,,1,1,0,False,False,0.45532892673503383,True,six_task_mean_complete_only = mean of six tasks ONLY when n_tasks_valid == 6; partial_task_mean = mean over the available tasks ONLY when 1 <= n_tasks_valid <= 5; legacy_* keeps the original skipna row mean for traceability and is NOT a six-task mean
tanliboy_lambda-qwen2.5-32b-dpo-test,tanliboy/lambda-qwen2.5-32b-dpo-test,0.8083839767372794,0.6719319562575942,0.0,0.3565436241610738,0.4259259259259259,0.565658244680851,1,1,1,1,1,1,6,True,0.47140728796045406,,1,1,0,False,False,0.47140728796045406,True,six_task_mean_complete_only = mean of six tasks ONLY when n_tasks_valid == 6; partial_task_mean = mean over the available tasks ONLY when 1 <= n_tasks_valid <= 5; legacy_* keeps the original skipna row mean for traceability and is NOT a six-task mean
tensopolis_falcon3-10b-tensopolis-v1,tensopolis/falcon3-10b-tensopolis-v1,0.5853435551004668,0.6024995660475612,0.2001510574018127,0.3288590604026846,0.3902116402116402,0.4308510638297872,1,1,1,1,1,1,6,True,0.4229859904989921,,1,1,0,False,False,0.4229859904989921,True,six_task_mean_complete_only = mean of six tasks ONLY when n_tasks_valid == 6; partial_task_mean = mean over the available tasks ONLY when 1 <= n_tasks_valid <= 5; legacy_* keeps the original skipna row mean for traceability and is NOT a six-task mean
tensopolis_mistral-small-2501-tensopolis-v1,tensopolis/mistral-small-2501-tensopolis-v1,0.7762104549262623,0.6443325811491061,0.4441087613293051,0.3573825503355705,0.4272486772486772,0.4464760638297872,1,1,1,1,1,1,6,True,0.5159598481364515,,1,1,0,False,False,0.5159598481364515,True,six_task_mean_complete_only = mean of six tasks ONLY when n_tasks_valid == 6; partial_task_mean = mean over the available tasks ONLY when 1 <= n_tasks_valid <= 5; legacy_* keeps the original skipna row mean for traceability and is NOT a six-task mean
tensopolis_phi-4-tensopolis-v1,tensopolis/phi-4-tensopolis-v1,0.6852107962428579,0.6865127582017011,0.4531722054380664,0.3515100671140939,0.4087301587301587,0.5324966755319149,1,1,1,1,1,1,6,True,0.5196054435431322,,1,1,0,False,False,0.5196054435431322,True,six_task_mean_complete_only = mean of six tasks ONLY when n_tasks_valid == 6; partial_task_mean = mean over the available tasks ONLY when 1 <= n_tasks_valid <= 5; legacy_* keeps the original skipna row mean for traceability and is NOT a six-task mean
tensopolis_qwen2.5-14b-tensopolis-v1,tensopolis/qwen2.5-14b-tensopolis-v1,0.8218227636005798,0.6330498177399757,0.0256797583081571,0.3196308724832215,0.4047619047619047,0.4767287234042553,1,1,1,1,1,1,6,True,0.44694564004968235,,1,1,0,False,False,0.44694564004968235,True,six_task_mean_complete_only = mean of six tasks ONLY when n_tasks_valid == 6; partial_task_mean = mean over the available tasks ONLY when 1 <= n_tasks_valid <= 5; legacy_* keeps the original skipna row mean for traceability and is NOT a six-task mean
tensopolis_qwen2.5-7b-tensopolis-v1,tensopolis/qwen2.5-7b-tensopolis-v1,0.7414892485272411,0.5247352890123242,0.3814199395770393,0.2944630872483221,0.41005291005291,0.4067486702127659,1,1,1,1,1,1,6,True,0.4598181907717671,,1,1,0,False,False,0.4598181907717671,True,six_task_mean_complete_only = mean of six tasks ONLY when n_tasks_valid == 6; partial_task_mean = mean over the available tasks ONLY when 1 <= n_tasks_valid <= 5; legacy_* keeps the original skipna row mean for traceability and is NOT a six-task mean
theo77186_Qwen2.5-Coder-7B-Instruct-20241106,theo77186/Qwen2.5-Coder-7B-Instruct-20241106,0.6101477413263474,0.4980038187814615,0.0339879154078549,0.2919463087248322,0.4060846560846561,0.3352726063829787,1,1,1,1,1,1,6,True,0.36257384111802177,,1,1,0,False,False,0.36257384111802177,True,six_task_mean_complete_only = mean of six tasks ONLY when n_tasks_valid == 6; partial_task_mean = mean over the available tasks ONLY when 1 <= n_tasks_valid <= 5; legacy_* keeps the original skipna row mean for traceability and is NOT a six-task mean
theprint_CleverBoi-Llama-3.1-8B-Instruct,theprint/CleverBoi-Llama-3.1-8B-Instruct,0.1681626971989875,0.4549557368512411,0.0241691842900302,0.3003355704697986,0.4007936507936508,0.3075132978723404,1,1,1,1,1,1,6,True,0.2759883562460081,,1,1,0,False,False,0.2759883562460081,True,six_task_mean_complete_only = mean of six tasks ONLY when n_tasks_valid == 6; partial_task_mean = mean over the available tasks ONLY when 1 <= n_tasks_valid <= 5; legacy_* keeps the original skipna row mean for traceability and is NOT a six-task mean
theprint_CleverBoi-Llama-3.1-8B-v2,theprint/CleverBoi-Llama-3.1-8B-v2,0.1961395763241532,0.4643291095295955,0.0445619335347432,0.2860738255033557,0.373015873015873,0.3188164893617021,1,1,1,1,1,1,6,True,0.28048946787823714,,1,1,0,False,False,0.28048946787823714,True,six_task_mean_complete_only = mean of six tasks ONLY when n_tasks_valid == 6; partial_task_mean = mean over the available tasks ONLY when 1 <= n_tasks_valid <= 5; legacy_* keeps the original skipna row mean for traceability and is NOT a six-task mean
theprint_ReWiz-Llama-3.1-8B-v2,theprint/ReWiz-Llama-3.1-8B-v2,0.2373059038905659,0.4608574900190939,0.0453172205438066,0.3028523489932886,0.3809523809523809,0.3310339095744681,1,1,1,1,1,1,6,True,0.29305320899560067,,1,1,0,False,False,0.29305320899560067,True,six_task_mean_complete_only = mean of six tasks ONLY when n_tasks_valid == 6; partial_task_mean = mean over the available tasks ONLY when 1 <= n_tasks_valid <= 5; legacy_* keeps the original skipna row mean for traceability and is NOT a six-task mean
thomas-yanxin_XinYuan-Qwen2-1_5B,thomas-yanxin/XinYuan-Qwen2-1_5B,0.2985556102253133,0.3617427529942718,0.0611782477341389,0.2701342281879195,0.3624338624338624,0.2357047872340425,1,1,1,1,1,1,6,True,0.26495824813492475,,1,1,0,False,False,0.26495824813492475,True,six_task_mean_complete_only = mean of six tasks ONLY when n_tasks_valid == 6; partial_task_mean = mean over the available tasks ONLY when 1 <= n_tasks_valid <= 5; legacy_* keeps the original skipna row mean for traceability and is NOT a six-task mean
tianyil1_MistralForCausalLM_Cal_DPO,tianyil1/MistralForCausalLM_Cal_DPO,0.5306387053019322,0.4346467627148064,0.0287009063444108,0.276006711409396,0.3968253968253968,0.2763464095744681,1,1,1,1,1,1,6,True,0.32386081536173505,,1,1,0,False,False,0.32386081536173505,True,six_task_mean_complete_only = mean of six tasks ONLY when n_tasks_valid == 6; partial_task_mean = mean over the available tasks ONLY when 1 <= n_tasks_valid <= 5; legacy_* keeps the original skipna row mean for traceability and is NOT a six-task mean
tiiuae_Falcon3-10B-Base,tiiuae/Falcon3-10B-Base,0.3647754624396601,0.5926054504426315,0.2477341389728096,0.3456375838926174,0.4391534391534391,0.4240359042553192,1,1,1,1,1,1,6,True,0.4023236631927461,,1,1,0,False,False,0.4023236631927461,True,six_task_mean_complete_only = mean of six tasks ONLY when n_tasks_valid == 6; partial_task_mean = mean over the available tasks ONLY when 1 <= n_tasks_valid <= 5; legacy_* keeps the original skipna row mean for traceability and is NOT a six-task mean
tiiuae_Falcon3-1B-Instruct,tiiuae/Falcon3-1B-Instruct,0.5556678501930433,0.3718104495747266,0.0128398791540785,0.2667785234899328,0.4179894179894179,0.1838430851063829,1,1,1,1,1,1,6,True,0.3014882009179303,,1,1,0,False,False,0.3014882009179303,True,six_task_mean_complete_only = mean of six tasks ONLY when n_tasks_valid == 6; partial_task_mean = mean over the available tasks ONLY when 1 <= n_tasks_valid <= 5; legacy_* keeps the original skipna row mean for traceability and is NOT a six-task mean
tiiuae_Falcon3-3B-Base,tiiuae/Falcon3-3B-Base,0.2764985793250797,0.4391598680784586,0.1185800604229607,0.296979865771812,0.3743386243386243,0.2878989361702128,1,1,1,1,1,1,6,True,0.29890932235119133,,1,1,0,False,False,0.29890932235119133,True,six_task_mean_complete_only = mean of six tasks ONLY when n_tasks_valid == 6; partial_task_mean = mean over the available tasks ONLY when 1 <= n_tasks_valid <= 5; legacy_* keeps the original skipna row mean for traceability and is NOT a six-task mean
tiiuae_Falcon3-7B-Instruct,tiiuae/Falcon3-7B-Instruct,0.7612479332615238,0.5597986460683909,0.3187311178247734,0.3104026845637584,0.4814814814814814,0.4087433510638298,1,1,1,1,1,1,6,True,0.47340086904395956,,1,1,0,False,False,0.47340086904395956,True,six_task_mean_complete_only = mean of six tasks ONLY when n_tasks_valid == 6; partial_task_mean = mean over the available tasks ONLY when 1 <= n_tasks_valid <= 5; legacy_* keeps the original skipna row mean for traceability and is NOT a six-task mean
tiiuae_Falcon3-Mamba-7B-Instruct,tiiuae/Falcon3-Mamba-7B-Instruct,0.7165099713205406,0.465370595382746,0.2726586102719033,0.3036912751677852,0.3862433862433862,0.3369348404255319,1,1,1,1,1,1,6,True,0.4135681131353155,,1,1,0,False,False,0.4135681131353155,True,six_task_mean_complete_only = mean of six tasks ONLY when n_tasks_valid == 6; partial_task_mean = mean over the available tasks ONLY when 1 <= n_tasks_valid <= 5; legacy_* keeps the original skipna row mean for traceability and is NOT a six-task mean
tiiuae_falcon-11B,tiiuae/falcon-11B,0.3261324397044287,0.4362089914945322,0.0234138972809667,0.2709731543624161,0.3981481481481481,0.2389461436170212,1,1,1,1,1,1,6,True,0.2823037957679188,,1,1,0,False,False,0.2823037957679188,True,six_task_mean_complete_only = mean of six tasks ONLY when n_tasks_valid == 6; partial_task_mean = mean over the available tasks ONLY when 1 <= n_tasks_valid <= 5; legacy_* keeps the original skipna row mean for traceability and is NOT a six-task mean
tiiuae_falcon-40b,tiiuae/falcon-40b,0.2496453853553017,0.4009720534629404,0.0135951661631419,0.273489932885906,0.3624338624338624,0.2504986702127659,1,1,1,1,1,1,6,True,0.2584391784189864,,1,1,0,False,False,0.2584391784189864,True,six_task_mean_complete_only = mean of six tasks ONLY when n_tasks_valid == 6; partial_task_mean = mean over the available tasks ONLY when 1 <= n_tasks_valid <= 5; legacy_* keeps the original skipna row mean for traceability and is NOT a six-task mean
tiiuae_falcon-mamba-7b,tiiuae/falcon-mamba-7b,0.3335760227307987,0.4280506856448533,0.0362537764350453,0.3104026845637584,0.4206349206349206,0.230219414893617,1,1,1,1,1,1,6,True,0.2931895841504989,,1,1,0,False,False,0.2931895841504989,True,six_task_mean_complete_only = mean of six tasks ONLY when n_tasks_valid == 6; partial_task_mean = mean over the available tasks ONLY when 1 <= n_tasks_valid <= 5; legacy_* keeps the original skipna row mean for traceability and is NOT a six-task mean
tinycompany_ShawtyIsBad-bgem3,tinycompany/ShawtyIsBad-bgem3,0.2608113139802391,0.3823988890817566,0.0483383685800604,0.3053691275167785,0.369047619047619,0.2583111702127659,1,1,1,1,1,1,6,True,0.27071274806986995,,1,1,0,False,False,0.27071274806986995,True,six_task_mean_complete_only = mean of six tasks ONLY when n_tasks_valid == 6; partial_task_mean = mean over the available tasks ONLY when 1 <= n_tasks_valid <= 5; legacy_* keeps the original skipna row mean for traceability and is NOT a six-task mean
tinycompany_ShawtyIsBad-e5-large,tinycompany/ShawtyIsBad-e5-large,0.2468228744176562,0.3844818607880576,0.0453172205438066,0.3020134228187919,0.3716931216931217,0.2568982712765957,1,1,1,1,1,1,6,True,0.2678711285896716,,1,1,0,False,False,0.2678711285896716,True,six_task_mean_complete_only = mean of six tasks ONLY when n_tasks_valid == 6; partial_task_mean = mean over the available tasks ONLY when 1 <= n_tasks_valid <= 5; legacy_* keeps the original skipna row mean for traceability and is NOT a six-task mean
tinycompany_ShawtyIsBad-nomic1.5,tinycompany/ShawtyIsBad-nomic1.5,0.2543916807404354,0.3841346988370074,0.0430513595166163,0.311241610738255,0.3624338624338624,0.2567320478723404,1,1,1,1,1,1,6,True,0.2686642100230861,,1,1,0,False,False,0.2686642100230861,True,six_task_mean_complete_only = mean of six tasks ONLY when n_tasks_valid == 6; partial_task_mean = mean over the available tasks ONLY when 1 <= n_tasks_valid <= 5; legacy_* keeps the original skipna row mean for traceability and is NOT a six-task mean
tugstugi_Qwen2.5-7B-Instruct-QwQ-v0.1,tugstugi/Qwen2.5-7B-Instruct-QwQ-v0.1,0.6017300761978217,0.5085922582884915,0.1457703927492447,0.2684563758389262,0.3783068783068783,0.4080784574468085,1,1,1,1,1,1,6,True,0.3851557398046952,,1,1,0,False,False,0.3851557398046952,True,six_task_mean_complete_only = mean of six tasks ONLY when n_tasks_valid == 6; partial_task_mean = mean over the available tasks ONLY when 1 <= n_tasks_valid <= 5; legacy_* keeps the original skipna row mean for traceability and is NOT a six-task mean
unsloth_Llama-3.2-1B-Instruct-no-system-message,unsloth/Llama-3.2-1B-Instruct-no-system-message,0.5649853499824908,0.3513278944627668,0.0347432024169184,0.2726510067114094,0.3333333333333333,0.1668882978723404,1,1,1,1,1,1,6,True,0.28732151412987655,,1,1,0,False,False,0.28732151412987655,True,six_task_mean_complete_only = mean of six tasks ONLY when n_tasks_valid == 6; partial_task_mean = mean over the available tasks ONLY when 1 <= n_tasks_valid <= 5; legacy_* keeps the original skipna row mean for traceability and is NOT a six-task mean
unsloth_phi-4-unsloth-bnb-4bit,unsloth/phi-4-unsloth-bnb-4bit,0.6793906833867471,0.6769658045478215,0.2001510574018127,0.3364093959731543,0.4021164021164021,0.5285904255319149,1,1,1,1,1,1,6,True,0.4706039614929754,,1,1,0,False,False,0.4706039614929754,True,six_task_mean_complete_only = mean of six tasks ONLY when n_tasks_valid == 6; partial_task_mean = mean over the available tasks ONLY when 1 <= n_tasks_valid <= 5; legacy_* keeps the original skipna row mean for traceability and is NOT a six-task mean
uukuguy_speechless-code-mistral-7b-v1.0,uukuguy/speechless-code-mistral-7b-v1.0,0.3665241559063285,0.4540878319736157,0.04607250755287,0.2843959731543624,0.4497354497354497,0.3145777925531915,1,1,1,1,1,1,6,True,0.31923228514596963,,1,1,0,False,False,0.31923228514596963,True,six_task_mean_complete_only = mean of six tasks ONLY when n_tasks_valid == 6; partial_task_mean = mean over the available tasks ONLY when 1 <= n_tasks_valid <= 5; legacy_* keeps the original skipna row mean for traceability and is NOT a six-task mean
uukuguy_speechless-instruct-mistral-7b-v0.2,uukuguy/speechless-instruct-mistral-7b-v0.2,0.3261324397044287,0.4598160041659434,0.0438066465256797,0.2818791946308724,0.4894179894179894,0.2902260638297872,1,1,1,1,1,1,6,True,0.31521305637911684,,1,1,0,False,False,0.31521305637911684,True,six_task_mean_complete_only = mean of six tasks ONLY when n_tasks_valid == 6; partial_task_mean = mean over the available tasks ONLY when 1 <= n_tasks_valid <= 5; legacy_* keeps the original skipna row mean for traceability and is NOT a six-task mean
uukuguy_speechless-llama2-hermes-orca-platypus-wizardlm-13b,uukuguy/speechless-llama2-hermes-orca-platypus-wizardlm-13b,0.4561751707691148,0.4818607880576289,0.0143504531722054,0.2701342281879195,0.4642857142857143,0.2559009308510638,1,1,1,1,1,1,6,True,0.32378454755394115,,1,1,0,False,False,0.32378454755394115,True,six_task_mean_complete_only = mean of six tasks ONLY when n_tasks_valid == 6; partial_task_mean = mean over the available tasks ONLY when 1 <= n_tasks_valid <= 5; legacy_* keeps the original skipna row mean for traceability and is NOT a six-task mean
v000000_Qwen2.5-14B-Gutenberg-1e-Delta,v000000/Qwen2.5-14B-Gutenberg-1e-Delta,0.8045120280854798,0.6382572470057282,0.0,0.3288590604026846,0.4060846560846561,0.4930186170212766,1,1,1,1,1,1,6,True,0.44512193476663753,,1,1,0,False,False,0.44512193476663753,True,six_task_mean_complete_only = mean of six tasks ONLY when n_tasks_valid == 6; partial_task_mean = mean over the available tasks ONLY when 1 <= n_tasks_valid <= 5; legacy_* keeps the original skipna row mean for traceability and is NOT a six-task mean
v000000_Qwen2.5-Lumen-14B,v000000/Qwen2.5-Lumen-14B,0.8063604569209697,0.6372157611525777,0.0,0.3280201342281879,0.41005291005291,0.4902759308510638,1,1,1,1,1,1,6,True,0.44532086553428485,,1,1,0,False,False,0.44532086553428485,True,six_task_mean_complete_only = mean of six tasks ONLY when n_tasks_valid == 6; partial_task_mean = mean over the available tasks ONLY when 1 <= n_tasks_valid <= 5; legacy_* keeps the original skipna row mean for traceability and is NOT a six-task mean
vhab10_Llama-3.1-8B-Base-Instruct-SLERP,vhab10/Llama-3.1-8B-Base-Instruct-SLERP,0.290711977552893,0.5039055719493144,0.1049848942598187,0.2961409395973154,0.4007936507936508,0.3621176861702128,1,1,1,1,1,1,6,True,0.32644245338720085,,1,1,0,False,False,0.32644245338720085,True,six_task_mean_complete_only = mean of six tasks ONLY when n_tasks_valid == 6; partial_task_mean = mean over the available tasks ONLY when 1 <= n_tasks_valid <= 5; legacy_* keeps the original skipna row mean for traceability and is NOT a six-task mean
vhab10_Llama-3.2-Instruct-3B-TIES,vhab10/Llama-3.2-Instruct-3B-TIES,0.4727367828472896,0.4332581149106058,0.0959214501510574,0.2692953020134228,0.3492063492063492,0.2915558510638298,1,1,1,1,1,1,6,True,0.3186623083654258,,1,1,0,False,False,0.3186623083654258,True,six_task_mean_complete_only = mean of six tasks ONLY when n_tasks_valid == 6; partial_task_mean = mean over the available tasks ONLY when 1 <= n_tasks_valid <= 5; legacy_* keeps the original skipna row mean for traceability and is NOT a six-task mean
vhab10_llama-3-8b-merged-linear,vhab10/llama-3-8b-merged-linear,0.5916634529714491,0.4919284846380836,0.0717522658610271,0.299496644295302,0.4179894179894179,0.3704288563829787,1,1,1,1,1,1,6,True,0.37387652035637636,,1,1,0,False,False,0.37387652035637636,True,six_task_mean_complete_only = mean of six tasks ONLY when n_tasks_valid == 6; partial_task_mean = mean over the available tasks ONLY when 1 <= n_tasks_valid <= 5; legacy_* keeps the original skipna row mean for traceability and is NOT a six-task mean
vicgalle_Configurable-Hermes-2-Pro-Llama-3-8B,vicgalle/Configurable-Hermes-2-Pro-Llama-3-8B,0.5762510139762497,0.5014754382919632,0.059667673716012,0.296979865771812,0.4179894179894179,0.3097573138297872,1,1,1,1,1,1,6,True,0.360353453929207,,1,1,0,False,False,0.360353453929207,True,six_task_mean_complete_only = mean of six tasks ONLY when n_tasks_valid == 6; partial_task_mean = mean over the available tasks ONLY when 1 <= n_tasks_valid <= 5; legacy_* keeps the original skipna row mean for traceability and is NOT a six-task mean
vicgalle_Humanish-RP-Llama-3.1-8B,vicgalle/Humanish-RP-Llama-3.1-8B,0.6669259786256023,0.5084186773129665,0.1367069486404833,0.2869127516778523,0.3941798941798942,0.34765625,1,1,1,1,1,1,6,True,0.3901334167394664,,1,1,0,False,False,0.3901334167394664,True,six_task_mean_complete_only = mean of six tasks ONLY when n_tasks_valid == 6; partial_task_mean = mean over the available tasks ONLY when 1 <= n_tasks_valid <= 5; legacy_* keeps the original skipna row mean for traceability and is NOT a six-task mean
vicgalle_Roleplay-Llama-3-8B,vicgalle/Roleplay-Llama-3-8B,0.7320221456845614,0.4995660475611873,0.086858006042296,0.2609060402684564,0.3518518518518518,0.370844414893617,1,1,1,1,1,1,6,True,0.3836747510503284,,1,1,0,False,False,0.3836747510503284,True,six_task_mean_complete_only = mean of six tasks ONLY when n_tasks_valid == 6; partial_task_mean = mean over the available tasks ONLY when 1 <= n_tasks_valid <= 5; legacy_* keeps the original skipna row mean for traceability and is NOT a six-task mean
vonjack_Qwen2.5-Coder-0.5B-Merged,vonjack/Qwen2.5-Coder-0.5B-Merged,0.3099708772723041,0.3041138691199445,0.0,0.2533557046979866,0.3293650793650793,0.1201795212765957,1,1,1,1,1,1,6,True,0.21949750862198503,,1,1,0,False,False,0.21949750862198503,True,six_task_mean_complete_only = mean of six tasks ONLY when n_tasks_valid == 6; partial_task_mean = mean over the available tasks ONLY when 1 <= n_tasks_valid <= 5; legacy_* keeps the original skipna row mean for traceability and is NOT a six-task mean
wave-on-discord_qwent-7b,wave-on-discord/qwent-7b,0.2014853920929799,0.4226696754035757,0.0,0.2651006711409396,0.3809523809523809,0.1603224734042553,1,1,1,1,1,1,6,True,0.23842176549902186,,1,1,0,False,False,0.23842176549902186,True,six_task_mean_complete_only = mean of six tasks ONLY when n_tasks_valid == 6; partial_task_mean = mean over the available tasks ONLY when 1 <= n_tasks_valid <= 5; legacy_* keeps the original skipna row mean for traceability and is NOT a six-task mean
weathermanj_Menda-3b-Optim-100,weathermanj/Menda-3b-Optim-100,0.6398234462337709,0.4710987675750738,0.3716012084592145,0.2894295302013422,0.3981481481481481,0.3460771276595745,1,1,1,1,1,1,6,True,0.4193630380461873,,1,1,0,False,False,0.4193630380461873,True,six_task_mean_complete_only = mean of six tasks ONLY when n_tasks_valid == 6; partial_task_mean = mean over the available tasks ONLY when 1 <= n_tasks_valid <= 5; legacy_* keeps the original skipna row mean for traceability and is NOT a six-task mean
win10_EVA-Norns-Qwen2.5-v0.1,win10/EVA-Norns-Qwen2.5-v0.1,0.6219630580193884,0.5026905051206387,0.154833836858006,0.285234899328859,0.4034391534391534,0.3425033244680851,1,1,1,1,1,1,6,True,0.3851107962056884,,1,1,0,False,False,0.3851107962056884,True,six_task_mean_complete_only = mean of six tasks ONLY when n_tasks_valid == 6; partial_task_mean = mean over the available tasks ONLY when 1 <= n_tasks_valid <= 5; legacy_* keeps the original skipna row mean for traceability and is NOT a six-task mean
win10_Norns-Qwen2.5-12B,win10/Norns-Qwen2.5-12B,0.4896973364007499,0.4577330324596424,0.0045317220543806,0.2835570469798658,0.3544973544973545,0.2660405585106383,1,1,1,1,1,1,6,True,0.3093428418171052,,1,1,0,False,False,0.3093428418171052,True,six_task_mean_complete_only = mean of six tasks ONLY when n_tasks_valid == 6; partial_task_mean = mean over the available tasks ONLY when 1 <= n_tasks_valid <= 5; legacy_* keeps the original skipna row mean for traceability and is NOT a six-task mean
win10_Norns-Qwen2.5-7B,win10/Norns-Qwen2.5-7B,0.6122211288270678,0.5028640860961638,0.1555891238670695,0.2843959731543624,0.4074074074074074,0.3413397606382978,1,1,1,1,1,1,6,True,0.3839695799983948,,1,1,0,False,False,0.3839695799983948,True,six_task_mean_complete_only = mean of six tasks ONLY when n_tasks_valid == 6; partial_task_mean = mean over the available tasks ONLY when 1 <= n_tasks_valid <= 5; legacy_* keeps the original skipna row mean for traceability and is NOT a six-task mean
win10_Qwen2.5-2B-Instruct,win10/Qwen2.5-2B-Instruct,0.2272891483486039,0.3666030203089741,0.0015105740181268,0.2676174496644295,0.4365079365079365,0.1934009308510638,1,1,1,1,1,1,6,True,0.24882150994985577,,1,1,0,False,False,0.24882150994985577,True,six_task_mean_complete_only = mean of six tasks ONLY when n_tasks_valid == 6; partial_task_mean = mean over the available tasks ONLY when 1 <= n_tasks_valid <= 5; legacy_* keeps the original skipna row mean for traceability and is NOT a six-task mean
wzhouad_gemma-2-9b-it-WPO-HB,wzhouad/gemma-2-9b-it-WPO-HB,0.5437029304467702,0.562228779725742,0.0,0.3498322147651007,0.3664021164021164,0.3360206117021276,1,1,1,1,1,1,6,True,0.3596977755069762,,1,1,0,False,False,0.3596977755069762,True,six_task_mean_complete_only = mean of six tasks ONLY when n_tasks_valid == 6; partial_task_mean = mean over the available tasks ONLY when 1 <= n_tasks_valid <= 5; legacy_* keeps the original skipna row mean for traceability and is NOT a six-task mean
x0000001_Deepseek-Lumen-R1-Qwen2.5-14B,x0000001/Deepseek-Lumen-R1-Qwen2.5-14B,0.4436107306391486,0.4558236417288665,0.0015105740181268,0.285234899328859,0.4722222222222222,0.4379155585106383,1,1,1,1,1,1,6,True,0.3493862710746436,,1,1,0,False,False,0.3493862710746436,True,six_task_mean_complete_only = mean of six tasks ONLY when n_tasks_valid == 6; partial_task_mean = mean over the available tasks ONLY when 1 <= n_tasks_valid <= 5; legacy_* keeps the original skipna row mean for traceability and is NOT a six-task mean
xinchen9_Llama3.1_8B_Instruct_CoT,xinchen9/Llama3.1_8B_Instruct_CoT,0.3003286834488047,0.4490539836833883,0.04607250755287,0.3036912751677852,0.4047619047619047,0.2983710106382978,1,1,1,1,1,1,6,True,0.30037989420884176,,1,1,0,False,False,0.30037989420884176,True,six_task_mean_complete_only = mean of six tasks ONLY when n_tasks_valid == 6; partial_task_mean = mean over the available tasks ONLY when 1 <= n_tasks_valid <= 5; legacy_* keeps the original skipna row mean for traceability and is NOT a six-task mean
xinchen9_Llama3.1_CoT_V1,xinchen9/Llama3.1_CoT_V1,0.2452991396162183,0.4377712202742579,0.0120845921450151,0.2793624161073825,0.4563492063492063,0.2805019946808511,1,1,1,1,1,1,6,True,0.2852280948621552,,1,1,0,False,False,0.2852280948621552,True,six_task_mean_complete_only = mean of six tasks ONLY when n_tasks_valid == 6; partial_task_mean = mean over the available tasks ONLY when 1 <= n_tasks_valid <= 5; legacy_* keeps the original skipna row mean for traceability and is NOT a six-task mean
xinchen9_Mistral-7B-CoT,xinchen9/Mistral-7B-CoT,0.2798707429620075,0.3850026037146328,0.0181268882175226,0.2491610738255033,0.3981481481481481,0.2283909574468085,1,1,1,1,1,1,6,True,0.2597834023857705,,1,1,0,False,False,0.2597834023857705,True,six_task_mean_complete_only = mean of six tasks ONLY when n_tasks_valid == 6; partial_task_mean = mean over the available tasks ONLY when 1 <= n_tasks_valid <= 5; legacy_* keeps the original skipna row mean for traceability and is NOT a six-task mean
xkp24_Llama-3-8B-Instruct-SPPO-Iter2_gp_2b-table,xkp24/Llama-3-8B-Instruct-SPPO-Iter2_gp_2b-table,0.6568593553992297,0.4936642943933345,0.059667673716012,0.259228187919463,0.3584656084656085,0.3701795212765957,1,1,1,1,1,1,6,True,0.36634410686170726,,1,1,0,False,False,0.36634410686170726,True,six_task_mean_complete_only = mean of six tasks ONLY when n_tasks_valid == 6; partial_task_mean = mean over the available tasks ONLY when 1 <= n_tasks_valid <= 5; legacy_* keeps the original skipna row mean for traceability and is NOT a six-task mean
xkp24_Llama-3-8B-Instruct-SPPO-Iter2_gp_8b-table,xkp24/Llama-3-8B-Instruct-SPPO-Iter2_gp_8b-table,0.6620799478716473,0.4992188856101371,0.0694864048338368,0.259228187919463,0.3796296296296296,0.3599567819148936,1,1,1,1,1,1,6,True,0.3715999729632679,,1,1,0,False,False,0.3715999729632679,True,six_task_mean_complete_only = mean of six tasks ONLY when n_tasks_valid == 6; partial_task_mean = mean over the available tasks ONLY when 1 <= n_tasks_valid <= 5; legacy_* keeps the original skipna row mean for traceability and is NOT a six-task mean
xkp24_Llama-3-8B-Instruct-SPPO-score-Iter2_gp_8b-table-0.002,xkp24/Llama-3-8B-Instruct-SPPO-score-Iter2_gp_8b-table-0.002,0.6453188650558297,0.4938378753688596,0.0641993957703927,0.2600671140939597,0.3928571428571428,0.3529753989361702,1,1,1,1,1,1,6,True,0.3682092986803925,,1,1,0,False,False,0.3682092986803925,True,six_task_mean_complete_only = mean of six tasks ONLY when n_tasks_valid == 6; partial_task_mean = mean over the available tasks ONLY when 1 <= n_tasks_valid <= 5; legacy_* keeps the original skipna row mean for traceability and is NOT a six-task mean
xukp20_Llama-3-8B-Instruct-SPPO-Iter3_bt_2b-table,xukp20/Llama-3-8B-Instruct-SPPO-Iter3_bt_2b-table,0.575601625908146,0.488456865127582,0.0755287009063444,0.259228187919463,0.365079365079365,0.3658577127659574,1,1,1,1,1,1,6,True,0.354958742951143,,1,1,0,False,False,0.354958742951143,True,six_task_mean_complete_only = mean of six tasks ONLY when n_tasks_valid == 6; partial_task_mean = mean over the available tasks ONLY when 1 <= n_tasks_valid <= 5; legacy_* keeps the original skipna row mean for traceability and is NOT a six-task mean
xukp20_Llama-3-8B-Instruct-SPPO-Iter3_bt_8b-table,xukp20/Llama-3-8B-Instruct-SPPO-Iter3_bt_8b-table,0.7034457461757027,0.5077243534108662,0.0770392749244713,0.259228187919463,0.373015873015873,0.3692652925531915,1,1,1,1,1,1,6,True,0.3816197879999279,,1,1,0,False,False,0.3816197879999279,True,six_task_mean_complete_only = mean of six tasks ONLY when n_tasks_valid == 6; partial_task_mean = mean over the available tasks ONLY when 1 <= n_tasks_valid <= 5; legacy_* keeps the original skipna row mean for traceability and is NOT a six-task mean
xukp20_Llama-3-8B-Instruct-SPPO-Iter3_gp_2b-table,xukp20/Llama-3-8B-Instruct-SPPO-Iter3_gp_2b-table,0.6023794642659255,0.4948793612220101,0.080060422960725,0.259228187919463,0.3664021164021164,0.3657746010638298,1,1,1,1,1,1,6,True,0.3614540256390116,,1,1,0,False,False,0.3614540256390116,True,six_task_mean_complete_only = mean of six tasks ONLY when n_tasks_valid == 6; partial_task_mean = mean over the available tasks ONLY when 1 <= n_tasks_valid <= 5; legacy_* keeps the original skipna row mean for traceability and is NOT a six-task mean
yam-peleg_Hebrew-Mistral-7B,yam-peleg/Hebrew-Mistral-7B,0.2334339552387664,0.4329109529595556,0.0453172205438066,0.2793624161073825,0.3968253968253968,0.2780086436170212,1,1,1,1,1,1,6,True,0.27764309754865485,,1,1,0,False,False,0.27764309754865485,True,six_task_mean_complete_only = mean of six tasks ONLY when n_tasks_valid == 6; partial_task_mean = mean over the available tasks ONLY when 1 <= n_tasks_valid <= 5; legacy_* keeps the original skipna row mean for traceability and is NOT a six-task mean
yfzp_Llama-3-8B-Instruct-SPPO-Iter1_bt_2b-table,yfzp/Llama-3-8B-Instruct-SPPO-Iter1_bt_2b-table,0.6708976626462231,0.496788751952786,0.0687311178247734,0.259228187919463,0.3716931216931217,0.3715924202127659,1,1,1,1,1,1,6,True,0.3731552103748555,,1,1,0,False,False,0.3731552103748555,True,six_task_mean_complete_only = mean of six tasks ONLY when n_tasks_valid == 6; partial_task_mean = mean over the available tasks ONLY when 1 <= n_tasks_valid <= 5; legacy_* keeps the original skipna row mean for traceability and is NOT a six-task mean
yfzp_Llama-3-8B-Instruct-SPPO-Iter1_bt_8b-table,yfzp/Llama-3-8B-Instruct-SPPO-Iter1_bt_8b-table,0.7332710541363582,0.5068564485332407,0.0906344410876132,0.2600671140939597,0.3796296296296296,0.3748337765957447,1,1,1,1,1,1,6,True,0.39088207734609104,,1,1,0,False,False,0.39088207734609104,True,six_task_mean_complete_only = mean of six tasks ONLY when n_tasks_valid == 6; partial_task_mean = mean over the available tasks ONLY when 1 <= n_tasks_valid <= 5; legacy_* keeps the original skipna row mean for traceability and is NOT a six-task mean
yfzp_Llama-3-8B-Instruct-SPPO-Iter1_gp_2b-table,yfzp/Llama-3-8B-Instruct-SPPO-Iter1_gp_2b-table,0.6784664689690023,0.4922756465891338,0.0883685800604229,0.259228187919463,0.3637566137566138,0.3717586436170212,1,1,1,1,1,1,6,True,0.3756423568186094,,1,1,0,False,False,0.3756423568186094,True,six_task_mean_complete_only = mean of six tasks ONLY when n_tasks_valid == 6; partial_task_mean = mean over the available tasks ONLY when 1 <= n_tasks_valid <= 5; legacy_* keeps the original skipna row mean for traceability and is NOT a six-task mean
yfzp_Llama-3-8B-Instruct-SPPO-Iter1_gp_8b-table,yfzp/Llama-3-8B-Instruct-SPPO-Iter1_gp_8b-table,0.7131876753680235,0.5011282763409131,0.0861027190332326,0.259228187919463,0.3703703703703703,0.3682679521276595,1,1,1,1,1,1,6,True,0.38304753019327703,,1,1,0,False,False,0.38304753019327703,True,six_task_mean_complete_only = mean of six tasks ONLY when n_tasks_valid == 6; partial_task_mean = mean over the available tasks ONLY when 1 <= n_tasks_valid <= 5; legacy_* keeps the original skipna row mean for traceability and is NOT a six-task mean
yfzp_Llama-3-8B-Instruct-SPPO-score-Iter1_bt_2b-table-0.001,yfzp/Llama-3-8B-Instruct-SPPO-score-Iter1_bt_2b-table-0.001,0.6495653754260917,0.4966151709772609,0.0453172205438066,0.259228187919463,0.376984126984127,0.3720079787234042,1,1,1,1,1,1,6,True,0.36661967676235885,,1,1,0,False,False,0.36661967676235885,True,six_task_mean_complete_only = mean of six tasks ONLY when n_tasks_valid == 6; partial_task_mean = mean over the available tasks ONLY when 1 <= n_tasks_valid <= 5; legacy_* keeps the original skipna row mean for traceability and is NOT a six-task mean
yfzp_Llama-3-8B-Instruct-SPPO-score-Iter1_gp_2b-table-0.001,yfzp/Llama-3-8B-Instruct-SPPO-score-Iter1_gp_2b-table-0.001,0.6504397221594258,0.4940114563443846,0.0672205438066465,0.259228187919463,0.365079365079365,0.3702626329787234,1,1,1,1,1,1,6,True,0.3677069847146681,,1,1,0,False,False,0.3677069847146681,True,six_task_mean_complete_only = mean of six tasks ONLY when n_tasks_valid == 6; partial_task_mean = mean over the available tasks ONLY when 1 <= n_tasks_valid <= 5; legacy_* keeps the original skipna row mean for traceability and is NOT a six-task mean
yfzp_Llama-3-8B-Instruct-SPPO-score-Iter1_gp_8b-table-0.002,yfzp/Llama-3-8B-Instruct-SPPO-score-Iter1_gp_8b-table-0.002,0.7015973173402128,0.4974830758548863,0.0657099697885196,0.259228187919463,0.376984126984127,0.366938164893617,1,1,1,1,1,1,6,True,0.37799014046347096,,1,1,0,False,False,0.37799014046347096,True,six_task_mean_complete_only = mean of six tasks ONLY when n_tasks_valid == 6; partial_task_mean = mean over the available tasks ONLY when 1 <= n_tasks_valid <= 5; legacy_* keeps the original skipna row mean for traceability and is NOT a six-task mean
yifAI_Llama-3-8B-Instruct-SPPO-score-Iter3_gp_8b-table-0.002,yifAI/Llama-3-8B-Instruct-SPPO-score-Iter3_gp_8b-table-0.002,0.6489658550423987,0.4900190939073077,0.0619335347432024,0.261744966442953,0.3888888888888889,0.3519780585106383,1,1,1,1,1,1,6,True,0.36725506625589815,,1,1,0,False,False,0.36725506625589815,True,six_task_mean_complete_only = mean of six tasks ONLY when n_tasks_valid == 6; partial_task_mean = mean over the available tasks ONLY when 1 <= n_tasks_valid <= 5; legacy_* keeps the original skipna row mean for traceability and is NOT a six-task mean
ymcki_gemma-2-2b-ORPO-jpn-it-abliterated-18,ymcki/gemma-2-2b-ORPO-jpn-it-abliterated-18,0.4685401401614383,0.412601978823121,0.0,0.2718120805369127,0.365079365079365,0.2442652925531915,1,1,1,1,1,1,6,True,0.2937164761923381,,1,1,0,False,False,0.2937164761923381,True,six_task_mean_complete_only = mean of six tasks ONLY when n_tasks_valid == 6; partial_task_mean = mean over the available tasks ONLY when 1 <= n_tasks_valid <= 5; legacy_* keeps the original skipna row mean for traceability and is NOT a six-task mean
ymcki_gemma-2-2b-ORPO-jpn-it-abliterated-18-merge,ymcki/gemma-2-2b-ORPO-jpn-it-abliterated-18-merge,0.4725616918664698,0.3815309842041312,0.0249244712990936,0.2818791946308724,0.3306878306878307,0.245096409574468,1,1,1,1,1,1,6,True,0.2894467637104776,,1,1,0,False,False,0.2894467637104776,True,six_task_mean_complete_only = mean of six tasks ONLY when n_tasks_valid == 6; partial_task_mean = mean over the available tasks ONLY when 1 <= n_tasks_valid <= 5; legacy_* keeps the original skipna row mean for traceability and is NOT a six-task mean
ymcki_gemma-2-2b-jpn-it-abliterated-17,ymcki/gemma-2-2b-jpn-it-abliterated-17,0.0,0.2912688769310883,0.0,0.259228187919463,0.3373015873015873,0.1167719414893617,1,1,1,1,1,1,6,True,0.1674284322735834,,1,1,0,False,False,0.1674284322735834,True,six_task_mean_complete_only = mean of six tasks ONLY when n_tasks_valid == 6; partial_task_mean = mean over the available tasks ONLY when 1 <= n_tasks_valid <= 5; legacy_* keeps the original skipna row mean for traceability and is NOT a six-task mean
ymcki_gemma-2-2b-jpn-it-abliterated-17-18-24,ymcki/gemma-2-2b-jpn-it-abliterated-17-18-24,0.505484337114412,0.3782329456691546,0.0,0.2810402684563758,0.3492063492063492,0.2282247340425532,1,1,1,1,1,1,6,True,0.29036477241480746,,1,1,0,False,False,0.29036477241480746,True,six_task_mean_complete_only = mean of six tasks ONLY when n_tasks_valid == 6; partial_task_mean = mean over the available tasks ONLY when 1 <= n_tasks_valid <= 5; legacy_* keeps the original skipna row mean for traceability and is NOT a six-task mean
ymcki_gemma-2-2b-jpn-it-abliterated-17-ORPO-alpaca,ymcki/gemma-2-2b-jpn-it-abliterated-17-ORPO-alpaca,0.3064734903389672,0.4056587398021177,0.0007552870090634,0.2692953020134228,0.3955026455026455,0.2249002659574468,1,1,1,1,1,1,6,True,0.2670976217706105,,1,1,0,False,False,0.2670976217706105,True,six_task_mean_complete_only = mean of six tasks ONLY when n_tasks_valid == 6; partial_task_mean = mean over the available tasks ONLY when 1 <= n_tasks_valid <= 5; legacy_* keeps the original skipna row mean for traceability and is NOT a six-task mean
yuvraj17_Llama3-8B-SuperNova-Spectrum-Hermes-DPO,yuvraj17/Llama3-8B-SuperNova-Spectrum-Hermes-DPO,0.4690897928607206,0.4370768963721576,0.0513595166163142,0.3020134228187919,0.4007936507936508,0.2634640957446808,1,1,1,1,1,1,6,True,0.3206328958677193,,1,1,0,False,False,0.3206328958677193,True,six_task_mean_complete_only = mean of six tasks ONLY when n_tasks_valid == 6; partial_task_mean = mean over the available tasks ONLY when 1 <= n_tasks_valid <= 5; legacy_* keeps the original skipna row mean for traceability and is NOT a six-task mean
yuvraj17_Llama3-8B-SuperNova-Spectrum-dare_ties,yuvraj17/Llama3-8B-SuperNova-Spectrum-dare_ties,0.4012708502329375,0.4577330324596424,0.0740181268882175,0.2751677852348993,0.4206349206349206,0.3573803191489361,1,1,1,1,1,1,6,True,0.3310341724332589,,1,1,0,False,False,0.3310341724332589,True,six_task_mean_complete_only = mean of six tasks ONLY when n_tasks_valid == 6; partial_task_mean = mean over the available tasks ONLY when 1 <= n_tasks_valid <= 5; legacy_* keeps the original skipna row mean for traceability and is NOT a six-task mean
yuvraj17_Llama3-8B-abliterated-Spectrum-slerp,yuvraj17/Llama3-8B-abliterated-Spectrum-slerp,0.2884878788281759,0.4948793612220101,0.052870090634441,0.3011744966442953,0.3994708994708995,0.3257147606382978,1,1,1,1,1,1,6,True,0.31043291457301997,,1,1,0,False,False,0.31043291457301997,True,six_task_mean_complete_only = mean of six tasks ONLY when n_tasks_valid == 6; partial_task_mean = mean over the available tasks ONLY when 1 <= n_tasks_valid <= 5; legacy_* keeps the original skipna row mean for traceability and is NOT a six-task mean
zake7749_gemma-2-2b-it-chinese-kyara-dpo,zake7749/gemma-2-2b-it-chinese-kyara-dpo,0.5382075116247114,0.4235375802812012,0.0611782477341389,0.2667785234899328,0.4563492063492063,0.257313829787234,1,1,1,1,1,1,6,True,0.33389414987773747,,1,1,0,False,False,0.33389414987773747,True,six_task_mean_complete_only = mean of six tasks ONLY when n_tasks_valid == 6; partial_task_mean = mean over the available tasks ONLY when 1 <= n_tasks_valid <= 5; legacy_* keeps the original skipna row mean for traceability and is NOT a six-task mean
zelk12_MT-Gen1-gemma-2-9B,zelk12/MT-Gen1-gemma-2-9B,0.7886252920029965,0.6089220621419892,0.120845921450151,0.3464765100671141,0.4206349206349206,0.4380817819148936,1,1,1,1,1,1,6,True,0.4539310813686775,,1,1,0,False,False,0.4539310813686775,True,six_task_mean_complete_only = mean of six tasks ONLY when n_tasks_valid == 6; partial_task_mean = mean over the available tasks ONLY when 1 <= n_tasks_valid <= 5; legacy_* keeps the original skipna row mean for traceability and is NOT a six-task mean
zelk12_MT-Gen2-GI-gemma-2-9B,zelk12/MT-Gen2-GI-gemma-2-9B,0.7913979352562313,0.608401319215414,0.1336858006042296,0.3506711409395973,0.4272486772486772,0.4355884308510638,1,1,1,1,1,1,6,True,0.45783221735253554,,1,1,0,False,False,0.45783221735253554,True,six_task_mean_complete_only = mean of six tasks ONLY when n_tasks_valid == 6; partial_task_mean = mean over the available tasks ONLY when 1 <= n_tasks_valid <= 5; legacy_* keeps the original skipna row mean for traceability and is NOT a six-task mean
zelk12_MT-Gen2-gemma-2-9B,zelk12/MT-Gen2-gemma-2-9B,0.7907485471881275,0.6089220621419892,0.1487915407854985,0.3464765100671141,0.4312169312169312,0.4387466755319149,1,1,1,1,1,1,6,True,0.4608170444885959,,1,1,0,False,False,0.4608170444885959,True,six_task_mean_complete_only = mean of six tasks ONLY when n_tasks_valid == 6; partial_task_mean = mean over the available tasks ONLY when 1 <= n_tasks_valid <= 5; legacy_* keeps the original skipna row mean for traceability and is NOT a six-task mean
zelk12_MT-Gen3-gemma-2-9B,zelk12/MT-Gen3-gemma-2-9B,0.8020142111818863,0.6085749001909391,0.11404833836858,0.348993288590604,0.4206349206349206,0.4355884308510638,1,1,1,1,1,1,6,True,0.45497568163633234,,1,1,0,False,False,0.45497568163633234,True,six_task_mean_complete_only = mean of six tasks ONLY when n_tasks_valid == 6; partial_task_mean = mean over the available tasks ONLY when 1 <= n_tasks_valid <= 5; legacy_* keeps the original skipna row mean for traceability and is NOT a six-task mean
zelk12_MT-Gen6-gemma-2-9B,zelk12/MT-Gen6-gemma-2-9B,0.1615668648075994,0.5842735636174275,0.0,0.3330536912751677,0.4060846560846561,0.4165558510638298,1,1,1,1,1,1,6,True,0.3169224378081134,,1,1,0,False,False,0.3169224378081134,True,six_task_mean_complete_only = mean of six tasks ONLY when n_tasks_valid == 6; partial_task_mean = mean over the available tasks ONLY when 1 <= n_tasks_valid <= 5; legacy_* keeps the original skipna row mean for traceability and is NOT a six-task mean
zelk12_MT-Gen7-gemma-2-9B,zelk12/MT-Gen7-gemma-2-9B,0.1664128955615544,0.5926054504426315,0.0891238670694864,0.3355704697986577,0.4087301587301587,0.4122340425531915,1,1,1,1,1,1,6,True,0.33411281402594667,,1,1,0,False,False,0.33411281402594667,True,six_task_mean_complete_only = mean of six tasks ONLY when n_tasks_valid == 6; partial_task_mean = mean over the available tasks ONLY when 1 <= n_tasks_valid <= 5; legacy_* keeps the original skipna row mean for traceability and is NOT a six-task mean
zelk12_MT-Merge-gemma-2-9B,zelk12/MT-Merge-gemma-2-9B,0.8035379459833243,0.6108314528727652,0.1193353474320241,0.3481543624161073,0.4246031746031746,0.4361702127659574,1,1,1,1,1,1,6,True,0.45710541601222543,,1,1,0,False,False,0.45710541601222543,True,six_task_mean_complete_only = mean of six tasks ONLY when n_tasks_valid == 6; partial_task_mean = mean over the available tasks ONLY when 1 <= n_tasks_valid <= 5; legacy_* keeps the original skipna row mean for traceability and is NOT a six-task mean
zelk12_MT-Merge2-MU-gemma-2-MTg2MT1g2-9B,zelk12/MT-Merge2-MU-gemma-2-MTg2MT1g2-9B,0.7955945779420825,0.6071862523867384,0.1382175226586102,0.3506711409395973,0.4312169312169312,0.437250664893617,1,1,1,1,1,1,6,True,0.4600228483395961,,1,1,0,False,False,0.4600228483395961,True,six_task_mean_complete_only = mean of six tasks ONLY when n_tasks_valid == 6; partial_task_mean = mean over the available tasks ONLY when 1 <= n_tasks_valid <= 5; legacy_* keeps the original skipna row mean for traceability and is NOT a six-task mean
zelk12_MT-Merge4-gemma-2-9B,zelk12/MT-Merge4-gemma-2-9B,0.7807317916461656,0.6108314528727652,0.1880664652567975,0.3523489932885906,0.4285714285714285,0.4389960106382978,1,1,1,1,1,1,6,True,0.4665910237123408,,1,1,0,False,False,0.4665910237123408,True,six_task_mean_complete_only = mean of six tasks ONLY when n_tasks_valid == 6; partial_task_mean = mean over the available tasks ONLY when 1 <= n_tasks_valid <= 5; legacy_* keeps the original skipna row mean for traceability and is NOT a six-task mean
zelk12_MT-Merge6-gemma-2-9B,zelk12/MT-Merge6-gemma-2-9B,0.1694603651644303,0.593820517271307,0.080060422960725,0.3288590604026846,0.4087301587301587,0.4114860372340425,1,1,1,1,1,1,6,True,0.332069426960558,,1,1,0,False,False,0.332069426960558,True,six_task_mean_complete_only = mean of six tasks ONLY when n_tasks_valid == 6; partial_task_mean = mean over the available tasks ONLY when 1 <= n_tasks_valid <= 5; legacy_* keeps the original skipna row mean for traceability and is NOT a six-task mean
zelk12_MT1-Gen2-gemma-2-9B,zelk12/MT1-Gen2-gemma-2-9B,0.7983672211953173,0.6085749001909391,0.1132930513595166,0.3523489932885906,0.4272486772486772,0.4355053191489361,1,1,1,1,1,1,6,True,0.4558896937386629,,1,1,0,False,False,0.4558896937386629,True,six_task_mean_complete_only = mean of six tasks ONLY when n_tasks_valid == 6; partial_task_mean = mean over the available tasks ONLY when 1 <= n_tasks_valid <= 5; legacy_* keeps the original skipna row mean for traceability and is NOT a six-task mean
zelk12_MT1-Gen5-gemma-2-9B,zelk12/MT1-Gen5-gemma-2-9B,0.7794828831943688,0.6011109182433605,0.0324773413897281,0.3464765100671141,0.4179894179894179,0.4222074468085106,1,1,1,1,1,1,6,True,0.43329075294874997,,1,1,0,False,False,0.43329075294874997,True,six_task_mean_complete_only = mean of six tasks ONLY when n_tasks_valid == 6; partial_task_mean = mean over the available tasks ONLY when 1 <= n_tasks_valid <= 5; legacy_* keeps the original skipna row mean for traceability and is NOT a six-task mean
zelk12_MT1-gemma-2-9B,zelk12/MT1-gemma-2-9B,0.7946703635243377,0.6099635479951397,0.1336858006042296,0.3456375838926174,0.4312169312169312,0.4357546542553192,1,1,1,1,1,1,6,True,0.4584881469147624,,1,1,0,False,False,0.4584881469147624,True,six_task_mean_complete_only = mean of six tasks ONLY when n_tasks_valid == 6; partial_task_mean = mean over the available tasks ONLY when 1 <= n_tasks_valid <= 5; legacy_* keeps the original skipna row mean for traceability and is NOT a six-task mean
zelk12_MT2-Gen1-gemma-2-9B,zelk12/MT2-Gen1-gemma-2-9B,0.7855778224001206,0.6087484811664642,0.1012084592145015,0.3431208053691275,0.4232804232804232,0.4376662234042553,1,1,1,1,1,1,6,True,0.44993370247248204,,1,1,0,False,False,0.44993370247248204,True,six_task_mean_complete_only = mean of six tasks ONLY when n_tasks_valid == 6; partial_task_mean = mean over the available tasks ONLY when 1 <= n_tasks_valid <= 5; legacy_* keeps the original skipna row mean for traceability and is NOT a six-task mean
zelk12_MT2-Gen2-gemma-2-9B,zelk12/MT2-Gen2-gemma-2-9B,0.7889001183526376,0.6078805762888387,0.148036253776435,0.3464765100671141,0.4259259259259259,0.4388297872340425,1,1,1,1,1,1,6,True,0.45934152860749905,,1,1,0,False,False,0.45934152860749905,True,six_task_mean_complete_only = mean of six tasks ONLY when n_tasks_valid == 6; partial_task_mean = mean over the available tasks ONLY when 1 <= n_tasks_valid <= 5; legacy_* keeps the original skipna row mean for traceability and is NOT a six-task mean
zelk12_MT2-Gen3-gemma-2-9B,zelk12/MT2-Gen3-gemma-2-9B,0.7810066179958066,0.6094428050685645,0.1329305135951661,0.3464765100671141,0.421957671957672,0.4374168882978723,1,1,1,1,1,1,6,True,0.4548718344970326,,1,1,0,False,False,0.4548718344970326,True,six_task_mean_complete_only = mean of six tasks ONLY when n_tasks_valid == 6; partial_task_mean = mean over the available tasks ONLY when 1 <= n_tasks_valid <= 5; legacy_* keeps the original skipna row mean for traceability and is NOT a six-task mean
zelk12_MT2-Gen4-gemma-2-9B,zelk12/MT2-Gen4-gemma-2-9B,0.7895993741051521,0.6085749001909391,0.0830815709969788,0.3456375838926174,0.4113756613756614,0.4320977393617021,1,1,1,1,1,1,6,True,0.4450611383205085,,1,1,0,False,False,0.4450611383205085,True,six_task_mean_complete_only = mean of six tasks ONLY when n_tasks_valid == 6; partial_task_mean = mean over the available tasks ONLY when 1 <= n_tasks_valid <= 5; legacy_* keeps the original skipna row mean for traceability and is NOT a six-task mean
zelk12_MT2-Gen5-gemma-2-9B,zelk12/MT2-Gen5-gemma-2-9B,0.7749116787900548,0.6056240236070126,0.0634441087613293,0.3515100671140939,0.4232804232804232,0.4301861702127659,1,1,1,1,1,1,6,True,0.44149274529428,,1,1,0,False,False,0.44149274529428,True,six_task_mean_complete_only = mean of six tasks ONLY when n_tasks_valid == 6; partial_task_mean = mean over the available tasks ONLY when 1 <= n_tasks_valid <= 5; legacy_* keeps the original skipna row mean for traceability and is NOT a six-task mean
zelk12_MT2-Gen6-gemma-2-9B,zelk12/MT2-Gen6-gemma-2-9B,0.1664128955615544,0.5952091650755077,0.0,0.3380872483221476,0.4126984126984127,0.4209607712765957,1,1,1,1,1,1,6,True,0.322228082155703,,1,1,0,False,False,0.322228082155703,True,six_task_mean_complete_only = mean of six tasks ONLY when n_tasks_valid == 6; partial_task_mean = mean over the available tasks ONLY when 1 <= n_tasks_valid <= 5; legacy_* keeps the original skipna row mean for traceability and is NOT a six-task mean
zelk12_MT2-Max-Merge_02012025163610-gemma-2-9B,zelk12/MT2-Max-Merge_02012025163610-gemma-2-9B,0.7901490268044344,0.6096163860440895,0.1699395770392749,0.3515100671140939,0.421957671957672,0.4390791223404255,1,1,1,1,1,1,6,True,0.46370864188333166,,1,1,0,False,False,0.46370864188333166,True,six_task_mean_complete_only = mean of six tasks ONLY when n_tasks_valid == 6; partial_task_mean = mean over the available tasks ONLY when 1 <= n_tasks_valid <= 5; legacy_* keeps the original skipna row mean for traceability and is NOT a six-task mean
zelk12_MT3-Gen1-gemma-2-9B,zelk12/MT3-Gen1-gemma-2-9B,0.7837792612490415,0.6096163860440895,0.0324773413897281,0.3464765100671141,0.414021164021164,0.4326795212765957,1,1,1,1,1,1,6,True,0.4365083640079555,,1,1,0,False,False,0.4365083640079555,True,six_task_mean_complete_only = mean of six tasks ONLY when n_tasks_valid == 6; partial_task_mean = mean over the available tasks ONLY when 1 <= n_tasks_valid <= 5; legacy_* keeps the original skipna row mean for traceability and is NOT a six-task mean
zelk12_MT3-Gen2-gemma-2-9B,zelk12/MT3-Gen2-gemma-2-9B,0.7843289139483238,0.6080541572643638,0.0203927492447129,0.3573825503355705,0.41005291005291,0.4332613031914893,1,1,1,1,1,1,6,True,0.43557876400622836,,1,1,0,False,False,0.43557876400622836,True,six_task_mean_complete_only = mean of six tasks ONLY when n_tasks_valid == 6; partial_task_mean = mean over the available tasks ONLY when 1 <= n_tasks_valid <= 5; legacy_* keeps the original skipna row mean for traceability and is NOT a six-task mean
zelk12_MT3-Gen3-gemma-2-9B,zelk12/MT3-Gen3-gemma-2-9B,0.7856276900845313,0.6077069953133136,0.0906344410876132,0.3515100671140939,0.4246031746031746,0.4302692819148936,1,1,1,1,1,1,6,True,0.44839194168627006,,1,1,0,False,False,0.44839194168627006,True,six_task_mean_complete_only = mean of six tasks ONLY when n_tasks_valid == 6; partial_task_mean = mean over the available tasks ONLY when 1 <= n_tasks_valid <= 5; legacy_* keeps the original skipna row mean for traceability and is NOT a six-task mean
zelk12_MT3-Gen4-gemma-2-9B,zelk12/MT3-Gen4-gemma-2-9B,0.7737126380226687,0.6092692240930394,0.2046827794561933,0.3473154362416107,0.4470899470899471,0.4387466755319149,1,1,1,1,1,1,6,True,0.47013611673922906,,1,1,0,False,False,0.47013611673922906,True,six_task_mean_complete_only = mean of six tasks ONLY when n_tasks_valid == 6; partial_task_mean = mean over the available tasks ONLY when 1 <= n_tasks_valid <= 5; legacy_* keeps the original skipna row mean for traceability and is NOT a six-task mean
zelk12_MT3-Gen5-gemma-2-9B,zelk12/MT3-Gen5-gemma-2-9B,0.7990166092634211,0.6090956431175143,0.0725075528700906,0.3531879194630872,0.4179894179894179,0.4316821808510638,1,1,1,1,1,1,6,True,0.4472465539257658,,1,1,0,False,False,0.4472465539257658,True,six_task_mean_complete_only = mean of six tasks ONLY when n_tasks_valid == 6; partial_task_mean = mean over the available tasks ONLY when 1 <= n_tasks_valid <= 5; legacy_* keeps the original skipna row mean for traceability and is NOT a six-task mean
zelk12_MT3-Gen5-gemma-2-9B_v1,zelk12/MT3-Gen5-gemma-2-9B_v1,0.7996161296471141,0.6103107099461899,0.1095166163141994,0.348993288590604,0.4193121693121693,0.4359208776595745,1,1,1,1,1,1,6,True,0.45394496524497524,,1,1,0,False,False,0.45394496524497524,True,six_task_mean_complete_only = mean of six tasks ONLY when n_tasks_valid == 6; partial_task_mean = mean over the available tasks ONLY when 1 <= n_tasks_valid <= 5; legacy_* keeps the original skipna row mean for traceability and is NOT a six-task mean
zelk12_MT3-Gen6-gemma-2-9B,zelk12/MT3-Gen6-gemma-2-9B,0.1761548247538752,0.6009373372678355,0.0883685800604229,0.3431208053691275,0.4113756613756614,0.4102393617021276,1,1,1,1,1,1,6,True,0.338366095088175,,1,1,0,False,False,0.338366095088175,True,six_task_mean_complete_only = mean of six tasks ONLY when n_tasks_valid == 6; partial_task_mean = mean over the available tasks ONLY when 1 <= n_tasks_valid <= 5; legacy_* keeps the original skipna row mean for traceability and is NOT a six-task mean
zelk12_MT3-Max-Merge_02012025163610-gemma-2-9B,zelk12/MT3-Max-Merge_02012025163610-gemma-2-9B,0.1761548247538752,0.6111786148238153,0.0770392749244713,0.3506711409395973,0.4246031746031746,0.4389128989361702,1,1,1,1,1,1,6,True,0.346426654830184,,1,1,0,False,False,0.346426654830184,True,six_task_mean_complete_only = mean of six tasks ONLY when n_tasks_valid == 6; partial_task_mean = mean over the available tasks ONLY when 1 <= n_tasks_valid <= 5; legacy_* keeps the original skipna row mean for traceability and is NOT a six-task mean
zelk12_MT3-gemma-2-9B,zelk12/MT3-gemma-2-9B,0.7786085364610345,0.6120465197014407,0.0944108761329305,0.3447986577181208,0.4232804232804232,0.4326795212765957,1,1,1,1,1,1,6,True,0.44763742242842425,,1,1,0,False,False,0.44763742242842425,True,six_task_mean_complete_only = mean of six tasks ONLY when n_tasks_valid == 6; partial_task_mean = mean over the available tasks ONLY when 1 <= n_tasks_valid <= 5; legacy_* keeps the original skipna row mean for traceability and is NOT a six-task mean
zelk12_MT4-Gen2-gemma-2-9B,zelk12/MT4-Gen2-gemma-2-9B,0.8050616807847621,0.6096163860440895,0.1570996978851963,0.3456375838926174,0.4246031746031746,0.4367519946808511,1,1,1,1,1,1,6,True,0.4631284196484485,,1,1,0,False,False,0.4631284196484485,True,six_task_mean_complete_only = mean of six tasks ONLY when n_tasks_valid == 6; partial_task_mean = mean over the available tasks ONLY when 1 <= n_tasks_valid <= 5; legacy_* keeps the original skipna row mean for traceability and is NOT a six-task mean
zelk12_MT4-Gen3-gemma-2-9B,zelk12/MT4-Gen3-gemma-2-9B,0.7840540875986826,0.6075334143377886,0.1510574018126888,0.3439597315436241,0.4232804232804232,0.4380817819148936,1,1,1,1,1,1,6,True,0.45799447341468347,,1,1,0,False,False,0.45799447341468347,True,six_task_mean_complete_only = mean of six tasks ONLY when n_tasks_valid == 6; partial_task_mean = mean over the available tasks ONLY when 1 <= n_tasks_valid <= 5; legacy_* keeps the original skipna row mean for traceability and is NOT a six-task mean
zelk12_MT4-Gen5-gemma-2-9B,zelk12/MT4-Gen5-gemma-2-9B,0.7788833628106757,0.6096163860440895,0.1487915407854985,0.3565436241610738,0.4259259259259259,0.4384142287234042,1,1,1,1,1,1,6,True,0.4596958447417779,,1,1,0,False,False,0.4596958447417779,True,six_task_mean_complete_only = mean of six tasks ONLY when n_tasks_valid == 6; partial_task_mean = mean over the available tasks ONLY when 1 <= n_tasks_valid <= 5; legacy_* keeps the original skipna row mean for traceability and is NOT a six-task mean
zelk12_MT4-gemma-2-9B,zelk12/MT4-gemma-2-9B,0.7761605872418517,0.606318347509113,0.1563444108761329,0.3380872483221476,0.4298941798941799,0.4365857712765957,1,1,1,1,1,1,6,True,0.4572317575200035,,1,1,0,False,False,0.4572317575200035,True,six_task_mean_complete_only = mean of six tasks ONLY when n_tasks_valid == 6; partial_task_mean = mean over the available tasks ONLY when 1 <= n_tasks_valid <= 5; legacy_* keeps the original skipna row mean for traceability and is NOT a six-task mean
zelk12_MT5-Gen1-gemma-2-9B,zelk12/MT5-Gen1-gemma-2-9B,0.7831298731809377,0.6101371289706649,0.0687311178247734,0.3473154362416107,0.4193121693121693,0.4368351063829787,1,1,1,1,1,1,6,True,0.44424347198552244,,1,1,0,False,False,0.44424347198552244,True,six_task_mean_complete_only = mean of six tasks ONLY when n_tasks_valid == 6; partial_task_mean = mean over the available tasks ONLY when 1 <= n_tasks_valid <= 5; legacy_* keeps the original skipna row mean for traceability and is NOT a six-task mean
zelk12_MT5-Gen2-gemma-2-9B,zelk12/MT5-Gen2-gemma-2-9B,0.7962439660101863,0.6096163860440895,0.1034743202416918,0.3515100671140939,0.4153439153439153,0.4379155585106383,1,1,1,1,1,1,6,True,0.4523507022107692,,1,1,0,False,False,0.4523507022107692,True,six_task_mean_complete_only = mean of six tasks ONLY when n_tasks_valid == 6; partial_task_mean = mean over the available tasks ONLY when 1 <= n_tasks_valid <= 5; legacy_* keeps the original skipna row mean for traceability and is NOT a six-task mean
zelk12_MT5-Gen3-gemma-2-9B,zelk12/MT5-Gen3-gemma-2-9B,0.7825303527972447,0.6078805762888387,0.1155589123867069,0.3515100671140939,0.421957671957672,0.4375,1,1,1,1,1,1,6,True,0.45282293009075936,,1,1,0,False,False,0.45282293009075936,True,six_task_mean_complete_only = mean of six tasks ONLY when n_tasks_valid == 6; partial_task_mean = mean over the available tasks ONLY when 1 <= n_tasks_valid <= 5; legacy_* keeps the original skipna row mean for traceability and is NOT a six-task mean
zelk12_MT5-gemma-2-9B,zelk12/MT5-gemma-2-9B,0.8047868544351211,0.6101371289706649,0.0861027190332326,0.3431208053691275,0.4193121693121693,0.4366688829787234,1,1,1,1,1,1,6,True,0.4500214266831732,,1,1,0,False,False,0.4500214266831732,True,six_task_mean_complete_only = mean of six tasks ONLY when n_tasks_valid == 6; partial_task_mean = mean over the available tasks ONLY when 1 <= n_tasks_valid <= 5; legacy_* keeps the original skipna row mean for traceability and is NOT a six-task mean
zelk12_MTM-Merge-gemma-2-9B,zelk12/MTM-Merge-gemma-2-9B,0.7798075772284205,0.6122201006769658,0.1661631419939577,0.3548657718120805,0.4259259259259259,0.4388297872340425,1,1,1,1,1,1,6,True,0.4629687174785655,,1,1,0,False,False,0.4629687174785655,True,six_task_mean_complete_only = mean of six tasks ONLY when n_tasks_valid == 6; partial_task_mean = mean over the available tasks ONLY when 1 <= n_tasks_valid <= 5; legacy_* keeps the original skipna row mean for traceability and is NOT a six-task mean
zelk12_Rv0.4DMv1t0.25-gemma-2-9B,zelk12/Rv0.4DMv1t0.25-gemma-2-9B,0.7496575752337131,0.6054504426314876,0.1941087613293051,0.3456375838926174,0.4298941798941799,0.4400764627659574,1,1,1,1,1,1,6,True,0.4608041676245434,,1,1,0,False,False,0.4608041676245434,True,six_task_mean_complete_only = mean of six tasks ONLY when n_tasks_valid == 6; partial_task_mean = mean over the available tasks ONLY when 1 <= n_tasks_valid <= 5; legacy_* keeps the original skipna row mean for traceability and is NOT a six-task mean
zelk12_Test01012025155054t0.5_gemma-2,zelk12/Test01012025155054t0.5_gemma-2,0.1555229014570229,0.2787710466932824,0.0,0.2416107382550335,0.3664021164021164,0.1090425531914893,1,1,1,1,1,1,6,True,0.1918915593331574,,1,1,0,False,False,0.1918915593331574,True,six_task_mean_complete_only = mean of six tasks ONLY when n_tasks_valid == 6; partial_task_mean = mean over the available tasks ONLY when 1 <= n_tasks_valid <= 5; legacy_* keeps the original skipna row mean for traceability and is NOT a six-task mean
zelk12_gemma-2-S2MTM-9B,zelk12/gemma-2-S2MTM-9B,0.7822555264476034,0.6056240236070126,0.0400302114803625,0.3456375838926174,0.4206349206349206,0.4296875,1,1,1,1,1,1,6,True,0.4373116276770861,,1,1,0,False,False,0.4373116276770861,True,six_task_mean_complete_only = mean of six tasks ONLY when n_tasks_valid == 6; partial_task_mean = mean over the available tasks ONLY when 1 <= n_tasks_valid <= 5; legacy_* keeps the original skipna row mean for traceability and is NOT a six-task mean
zelk12_recoilme-gemma-2-Gutenberg-Doppel-9B-v0.1,zelk12/recoilme-gemma-2-Gutenberg-Doppel-9B-v0.1,0.763046494412603,0.6087484811664642,0.0634441087613293,0.3414429530201342,0.4298941798941799,0.4315159574468085,1,1,1,1,1,1,6,True,0.4396820291169199,,1,1,0,False,False,0.4396820291169199,True,six_task_mean_complete_only = mean of six tasks ONLY when n_tasks_valid == 6; partial_task_mean = mean over the available tasks ONLY when 1 <= n_tasks_valid <= 5; legacy_* keeps the original skipna row mean for traceability and is NOT a six-task mean
zelk12_recoilme-gemma-2-Ifable-9B-v0.1,zelk12/recoilme-gemma-2-Ifable-9B-v0.1,0.7937960167910034,0.6057976045825377,0.0793051359516616,0.3515100671140939,0.4193121693121693,0.4323470744680851,1,1,1,1,1,1,6,True,0.4470113447032585,,1,1,0,False,False,0.4470113447032585,True,six_task_mean_complete_only = mean of six tasks ONLY when n_tasks_valid == 6; partial_task_mean = mean over the available tasks ONLY when 1 <= n_tasks_valid <= 5; legacy_* keeps the original skipna row mean for traceability and is NOT a six-task mean
zelk12_recoilme-gemma-2-psy10k-mental_healt-9B-v0.1,zelk12/recoilme-gemma-2-psy10k-mental_healt-9B-v0.1,0.744536718130117,0.5974657177573338,0.1646525679758308,0.3439597315436241,0.4285714285714285,0.4180518617021276,1,1,1,1,1,1,6,True,0.44953967094674363,,1,1,0,False,False,0.44953967094674363,True,six_task_mean_complete_only = mean of six tasks ONLY when n_tasks_valid == 6; partial_task_mean = mean over the available tasks ONLY when 1 <= n_tasks_valid <= 5; legacy_* keeps the original skipna row mean for traceability and is NOT a six-task mean
zetasepic_Qwen2.5-32B-Instruct-abliterated-v2,zetasepic/Qwen2.5-32B-Instruct-abliterated-v2,0.8334131216283904,0.690505120638778,0.0,0.3674496644295302,0.4338624338624338,0.5621675531914894,1,1,1,1,1,1,6,True,0.4812329822917703,,1,1,0,False,False,0.4812329822917703,True,six_task_mean_complete_only = mean of six tasks ONLY when n_tasks_valid == 6; partial_task_mean = mean over the available tasks ONLY when 1 <= n_tasks_valid <= 5; legacy_* keeps the original skipna row mean for traceability and is NOT a six-task mean
zetasepic_Qwen2.5-72B-Instruct-abliterated,zetasepic/Qwen2.5-72B-Instruct-abliterated,0.7152610628687439,0.713591390383614,0.4614803625377643,0.4068791946308724,0.4708994708994709,0.5871841755319149,1,1,1,1,1,1,6,True,0.5592159428087301,,1,1,0,False,False,0.5592159428087301,True,six_task_mean_complete_only = mean of six tasks ONLY when n_tasks_valid == 6; partial_task_mean = mean over the available tasks ONLY when 1 <= n_tasks_valid <= 5; legacy_* keeps the original skipna row mean for traceability and is NOT a six-task mean
