val_loss,prediction
4.7388,4.738596534358064
4.3541,4.354728145077205
4.0384,4.0377806584545
3.7776,3.7774937251906096
3.5698,3.569862933884996
3.3922,3.392088334725826
3.3024,3.303007960872496
3.2452,3.2456395840936314
3.2041,3.2042377260859367
3.172,3.172276828480518
3.1466,3.146497507719982
3.1248,3.1250477353400363
3.1064,3.106781583506807
3.0913,3.090937259277234
3.077,3.077008247604018
3.0646,3.064612327404747
3.0531,3.0534726174996494
3.0432,3.043378916781604
3.0342,3.0341681778449843
3.0254,3.0257115845447675
3.018,3.0179021551765053
3.0105,3.0106631465210656
3.0039,3.003921356238484
2.9975,2.997619038209808
2.9921,2.9917076281078208
2.9861,2.986145926200616
2.9807,2.9808987042735064
2.9761,2.9759333206103804
2.971,2.97122820064691
2.9668,2.966757980544798
2.9621,2.9625025528985063
2.9582,2.958444197026441
2.9546,2.954567222179548
2.951,2.950855943257384
2.9473,2.9473014335845296
2.9439,2.9438907178394187
2.9406,2.9406137509210324
2.9372,2.937461467285484
2.9343,2.934425659892729
2.9314,2.9314988770912693
2.9289,2.9286730108032333
2.926,2.925944559313636
2.923,2.923306484577268
2.9208,2.9207535883092577
2.9182,2.918281091794888
2.9158,2.91588459275956
2.9137,2.9135589356112988
2.9115,2.91130257775963
2.9093,2.909110911938246
2.9068,2.9069807064720363
2.9049,2.904908956959768
2.903,2.9028928658546853
2.9011,2.90092982426188
2.8989,2.89901649539409
2.8971,2.8971524236419883
2.8951,2.895334551254224
2.8933,2.893560877298853
2.892,2.8918295231958773
2.8904,2.89013872313317
2.8885,2.888486036668926
2.8871,2.886871473198946
2.8854,2.885292759466068
2.8836,2.883748501679257
2.8823,2.88223738269872
2.8811,2.88075815662587
2.8793,2.8793096438567183
2.8782,2.877890056799816
2.876,2.876499688095458
2.8753,2.875136847728765
2.8738,2.873800579580424
2.8724,2.872489974588735
2.8712,2.8712041677720617
2.8696,2.8699423354803297
2.8687,2.8687031075926988
2.8676,2.867486916744711
2.8666,2.866292452659528
2.865,2.865119033444072
2.8638,2.863966007575677
2.8628,2.8628327521606582
2.8619,2.861718144523165
2.8607,2.8606226766016425
2.8595,2.8595452663215952
2.8586,2.8584853901887755
2.8575,2.857442546267779
2.8566,2.856416253037855
2.8553,2.8554060483227177
2.8544,2.854411017674699
2.8534,2.85343168305037
2.8522,2.8524671565804134
2.8516,2.851517044064856
2.8506,2.8505809662261767
2.8497,2.849658557980595
2.8487,2.8487490373559696
2.8476,2.847852932544654
2.8469,2.84696948043062
2.8461,2.846098366247278
2.8451,2.845239286371757
2.8444,2.844391947815585
2.8436,2.843556067743792
2.8431,2.842730982372893
2.842,2.84191721427864
2.8412,2.841114112544304
2.8403,2.8403214306497087
2.8392,2.839538930189092
2.8388,2.8387663805260352
2.838,2.838003196983925
2.8377,2.8372498909505794
2.8365,2.8365058871351345
2.8358,2.8357709828734605
2.8351,2.835044981793377
2.8341,2.834327693562144
2.8338,2.833618933646335
2.8331,2.832918191041308
2.8324,2.83222596008026
2.8314,2.8315417363209536
2.8311,2.830865356251925
2.83,2.830196661122634
2.8297,2.8295354967641675
2.8293,2.828881713418199
2.8281,2.828234858956749
2.8275,2.827595408544255
2.827,2.8269629146724164
2.8263,2.826337243666675
2.8255,2.8257182655169086
2.8251,2.8251058537474343
2.8243,2.824499597841306
2.824,2.823899955914176
2.8232,2.823306520875038
2.823,2.822719179196074
2.822,2.822137820312988
2.8215,2.821562336524853
2.8212,2.820992622898112
2.8202,2.820428309533172
2.8199,2.8198698346733835
2.8196,2.8193168308306644
2.8185,2.818769203257998
2.8183,2.818226859551108
2.8178,2.817689709573437
2.8173,2.817157412871481
2.8164,2.8166303910295776
2.8159,2.8161083053671425
2.8157,2.8155910741260266
2.8152,2.815078617482162
2.8146,2.8145708574862884
2.8142,2.8140677180069016
2.8135,2.813568887983128
2.8131,2.8130747702568617
4.5235,4.52335457742236
4.1397,4.139486188141501
3.8226,3.822538701518796
3.5629,3.562251768254906
3.3548,3.354620976949292
3.1771,3.176846377790122
3.0883,3.087766003936792
3.0304,3.030397627157928
2.9888,2.988995769150233
2.9568,2.9570348715448143
2.9311,2.9312555507842784
2.9098,2.9098057784043325
2.8916,2.891539626571104
2.8757,2.8756953023415304
2.8619,2.861766290668314
2.8494,2.8493703704690434
2.8385,2.8382306605639456
2.8281,2.8281369598459
2.8195,2.8189262209092805
2.8106,2.810469627609064
2.8025,2.802660198240801
2.7952,2.795421189585362
2.7888,2.78867939930278
2.7823,2.782377081274104
2.7766,2.776465671172117
2.771,2.770903969264912
2.7656,2.765656747337802
2.7605,2.7606913636746766
2.7557,2.755986243711207
2.7514,2.7515160236090943
2.7474,2.7472605959628025
2.7432,2.743202240090737
2.7391,2.739325265243844
2.7356,2.73561398632168
2.7321,2.7320594766488258
2.7285,2.728648760903715
2.7254,2.7253717939853286
2.7222,2.72221951034978
2.719,2.719183702957025
2.7163,2.716256920155565
2.7135,2.713431053867529
2.7109,2.7107026023779324
2.7082,2.708064527641564
2.7053,2.705511631373554
2.7029,2.703039134859184
2.7007,2.700642635823856
2.6984,2.698316978675595
2.6961,2.696060620823926
2.6945,2.693868955002542
2.6918,2.6917387495363325
2.6898,2.6896670000240634
2.6878,2.687650908918981
2.6858,2.6856878673261755
2.6837,2.683774538458386
2.682,2.6819104667062845
2.68,2.68009259431852
2.6783,2.6783189203631497
2.6765,2.676587566260173
2.6749,2.6748967661974663
2.6736,2.673244079733222
2.6713,2.671629516263242
2.6702,2.670050802530364
2.6683,2.6685065447435528
2.6669,2.666995425763016
2.6657,2.665516199690167
2.6641,2.6640676869210145
2.6625,2.6626480998641124
2.6611,2.661257731159754
2.66,2.659894890793061
2.6584,2.65855862264472
2.6573,2.657248017653031
2.656,2.655962210836358
2.6546,2.654700378544626
2.6538,2.653461150656995
2.6523,2.652244959809007
2.6507,2.651050495723824
2.6499,2.649877076508368
2.6486,2.648724050639973
2.6477,2.6475907952249544
2.6464,2.6464761875874614
2.6454,2.6453807196659387
2.6444,2.6443033093858914
2.6434,2.643243433253072
2.642,2.642200589332075
2.6411,2.641174296102151
2.6401,2.640164091387014
2.6391,2.639169060738995
2.6385,2.6381897261146663
2.6373,2.6372251996447096
2.6361,2.636275087129152
2.6355,2.635339009290473
2.6347,2.634416601044891
2.6337,2.633507080420266
2.6324,2.63261097560895
2.6317,2.631727523494916
2.6311,2.630856409311574
2.6299,2.629997329436053
2.6292,2.6291499908798808
2.6284,2.628314110808088
2.6274,2.627489025437189
2.6267,2.6266752573429364
2.6254,2.6258721556085995
2.6249,2.625079473714005
2.6243,2.6242969732533883
2.6234,2.6235244235903314
2.623,2.6227612400482214
2.6218,2.622007934014876
2.6212,2.6212639301994307
2.6206,2.6205290259377567
2.62,2.6198030248576734
2.6189,2.6190857366264395
2.6186,2.618376976710631
2.6177,2.617676234105604
2.6169,2.616984003144556
2.6164,2.61629977938525
2.6157,2.615623399316221
2.6149,2.61495470418693
2.6143,2.614293539828464
2.6136,2.613639756482496
2.613,2.612992902021045
2.6125,2.612353451608551
2.612,2.6117209577367126
2.6109,2.611095286730971
2.6108,2.610476308581205
2.6096,2.6098638968117305
2.6092,2.6092576409056023
2.6088,2.6086579989784715
2.6081,2.608064563939334
2.6074,2.6074772222603704
2.6069,2.606895863377284
2.6063,2.606320379589149
2.6057,2.6057506659624083
2.6053,2.6051863525974674
2.6047,2.60462787773768
2.604,2.6040748738949606
2.6037,2.6035272463222943
2.603,2.6029849026154044
2.6026,2.6024477526377328
2.602,2.601915455935777
2.6013,2.6013884340938738
2.6008,2.6008663484314387
2.6005,2.600349117190323
2.5999,2.5998366605464582
2.5993,2.5993289005505846
2.5989,2.598825761071198
2.5985,2.598326931047424
2.5978,2.597832813321158
4.3461,4.346382266296798
3.9625,3.9625138770159394
3.6458,3.6455663903932334
3.3856,3.3852794571293456
3.1777,3.17764866582373
2.9999,2.9998740666645607
2.9109,2.91079369281123
2.8533,2.853425316032366
2.8125,2.8120234580246715
2.7799,2.7800625604192533
2.754,2.754283239658717
2.733,2.732833467278771
2.7147,2.714567315445542
2.6988,2.698722991215969
2.6849,2.6847939795427527
2.6724,2.672398059343482
2.6611,2.661258349438384
2.6512,2.6511646487203384
2.6418,2.641953909783719
2.6336,2.6334973164835023
2.6256,2.62568788711524
2.6183,2.6184488784598003
2.6116,2.6117070881772184
2.6055,2.6054047701485428
2.5994,2.5994933600465555
2.5938,2.59393165813935
2.5887,2.588684436212241
2.5837,2.583719052549115
2.5789,2.579013932585646
2.5745,2.574543712483533
2.5703,2.570288284837241
2.566,2.566229928965176
2.5621,2.562352954118283
2.5585,2.558641675196119
2.555,2.5550871655232643
2.5517,2.551676449778153
2.5486,2.548399482859767
2.5454,2.5452471992242187
2.5422,2.542211391831464
2.5393,2.539284609030004
2.5363,2.536458742741968
2.5337,2.533730291252371
2.531,2.5310922165160026
2.5286,2.5285393202479924
2.5259,2.526066823733623
2.5237,2.523670324698294
2.5215,2.521344667550033
2.5191,2.5190883096983647
2.5169,2.5168966438769806
2.5148,2.514766438410771
2.5126,2.512694688898502
2.5107,2.51067859779342
2.5087,2.508715556200614
2.5068,2.5068022273328245
2.5048,2.504938155580723
2.5031,2.5031202831929584
2.5014,2.501346609237588
2.4998,2.499615255134612
2.498,2.497924455071905
2.4965,2.4962717686076608
2.4946,2.4946572051376807
2.4932,2.4930784914048023
2.4916,2.491534233617992
2.4903,2.4900231146374545
2.4884,2.4885438885646054
2.487,2.4870953757954526
2.4856,2.485675788738551
2.484,2.4842854200341926
2.4829,2.4829225796675
2.4815,2.4815863115191585
2.4803,2.480275706527469
2.479,2.478989899710797
2.478,2.4777280674190645
2.4766,2.476488839531433
2.4752,2.475272648683445
2.474,2.4740781845982625
2.473,2.4729047653828067
2.4716,2.471751739514412
2.4708,2.470618484099393
2.4696,2.4695038764619
2.4683,2.468408408540377
2.4671,2.46733099826033
2.4664,2.46627112212751
2.4652,2.4652282782065136
2.4644,2.4642019849765897
2.463,2.4631917802614525
2.4621,2.462196749613434
2.4612,2.461217414989105
2.4603,2.460252888519148
2.4592,2.4593027760035904
2.4584,2.4583666981649115
2.4573,2.4574442899193296
2.4565,2.4565347692947044
2.4557,2.4556386644833887
2.4548,2.4547552123693546
2.454,2.4538840981860126
2.4529,2.453025018310492
2.452,2.45217767975432
2.4515,2.451341799682526
2.4506,2.4505167143116275
2.4496,2.449702946217375
2.4491,2.448899844483038
2.4481,2.4481071625884434
2.4475,2.447324662127828
2.4466,2.44655211246477
2.446,2.44578892892266
2.4452,2.445035622889314
2.4443,2.4442916190738693
2.4437,2.443556714812196
2.4429,2.442830713732112
2.4423,2.442113425500878
2.4413,2.4414046655850696
2.4408,2.4407039229800427
2.4401,2.4400116920189947
2.4391,2.4393274682596884
2.4385,2.43865108819066
2.4377,2.437982393061369
2.4373,2.4373212287029022
2.4368,2.436667445356934
2.4362,2.436020590895484
2.4354,2.43538114048299
2.4349,2.434748646611151
2.434,2.43412297560541
2.4333,2.4335039974556434
2.4329,2.432891585686169
2.4323,2.432285329780041
2.4317,2.43168568785291
2.4309,2.4310922528137726
2.4305,2.430504911134809
2.4298,2.429923552251722
2.4294,2.429348068463588
2.4288,2.4287783548368465
2.4281,2.428214041471906
2.4276,2.4276555666121182
2.427,2.427102562769399
2.4266,2.426554935196733
2.4261,2.426012591489843
2.4254,2.425475441512172
2.425,2.424943144810216
2.4244,2.424416122968312
2.4238,2.4238940373058773
2.4234,2.4233768060647614
2.4228,2.422864349420897
2.4223,2.422356589425023
2.4217,2.4218534499456363
2.4216,2.4213546199218627
2.4209,2.4208605021955965
4.2153,4.215862659144632
3.8315,3.831994269863773
3.5146,3.5150467832410683
3.2545,3.25475984997718
3.0476,3.047129058671564
2.8697,2.8693544595123943
2.7802,2.780274085659064
2.723,2.7229057088802
2.6816,2.681503850872505
2.6501,2.649542953267087
2.6239,2.6237636325065505
2.6023,2.6023138601266047
2.5839,2.5840477082933755
2.5679,2.5682033840638026
2.5543,2.5542743723905863
2.5417,2.541878452191316
2.5305,2.5307387422862178
2.5205,2.520645041568172
2.5113,2.5114343026315527
2.5032,2.502977709331336
2.4953,2.4951682799630737
2.4879,2.487929271307634
2.4814,2.481187481025052
2.4749,2.4748851629963764
2.4688,2.468973752894389
2.4636,2.463412050987184
2.4582,2.458164829060075
2.453,2.453199445396949
2.4485,2.4484943254334794
2.4439,2.4440241053313665
2.4396,2.4397686776850747
2.4358,2.4357103218130094
2.4321,2.4318333469661164
2.4279,2.428122068043953
2.4246,2.424567558371098
2.4211,2.421156842625987
2.4178,2.4178798757076008
2.4146,2.4147275920720523
2.4116,2.4116917846792973
2.4088,2.4087650018778377
2.4058,2.4059391355898017
2.4032,2.403210684100205
2.4006,2.400572609363836
2.398,2.398019713095826
2.3954,2.3955472165814564
2.3931,2.393150717546128
2.3909,2.3908250603978667
2.3886,2.3885687025461984
2.3863,2.3863770367248143
2.3842,2.3842468312586047
2.3822,2.382175081746336
2.38,2.3801589906412537
2.3782,2.378195949048448
2.3762,2.376282620180658
2.3745,2.3744185484285567
2.3725,2.372600676040792
2.3706,2.370827002085422
2.3689,2.3690956479824457
2.3674,2.3674048479197385
2.3658,2.3657521614554944
2.364,2.3641375979855144
2.3626,2.362558884252636
2.3608,2.361014626465825
2.3595,2.359503507485288
2.3579,2.358024281412439
2.3565,2.356575768643286
2.3552,2.3551561815863846
2.3537,2.3537658128820262
2.3524,2.3524029725153333
2.3512,2.351066704366992
2.3497,2.349756099375303
2.3485,2.3484702925586305
2.3471,2.347208460266898
2.346,2.345969232379267
2.3449,2.3447530415312787
2.3433,2.343558577446096
2.3423,2.3423851582306403
2.3413,2.3412321323622454
2.3401,2.340098876947226
2.339,2.3389842693097336
2.3378,2.337888801388211
2.3368,2.336811391108164
2.3357,2.335751514975344
2.3348,2.334708671054347
2.3337,2.333682377824424
2.3327,2.332672173109286
2.3316,2.331677142461268
2.3306,2.3306978078369385
2.3297,2.3297332813669818
2.3288,2.328783168851424
2.3278,2.327847091012745
2.3269,2.3269246827671632
2.3262,2.326015162142538
2.3252,2.3251190573312224
2.3242,2.324235605217188
2.3235,2.3233644910338462
2.3225,2.322505411158325
2.3215,2.321658072602153
2.3207,2.3208221925303603
2.3198,2.319997107159461
2.3191,2.319183339065209
2.3184,2.318380237330872
2.3178,2.317587555436277
2.3168,2.316805054975661
2.316,2.316032505312604
2.3153,2.3152693217704936
2.3143,2.314516015737148
2.3138,2.313772011921703
2.3131,2.313037107660029
2.3122,2.312311106579945
2.3117,2.311593818348712
2.3109,2.310885058432904
2.3101,2.3101843158278763
2.3096,2.3094920848668283
2.309,2.308807861107522
2.3081,2.3081314810384934
2.3075,2.3074627859092027
2.3068,2.306801621550736
2.3061,2.3061478382047675
2.3056,2.3055009837433174
2.3048,2.304861533330824
2.3042,2.304229039458985
2.3036,2.303603368453244
2.303,2.302984390303477
2.3024,2.3023719785340027
2.3019,2.3017657226278745
2.3011,2.301166080700744
2.3005,2.3005726456616062
2.2999,2.2999853039826426
2.2994,2.2994039450995563
2.2989,2.2988284613114214
2.2983,2.29825874768468
2.2976,2.29769443431974
2.2972,2.297135959459952
2.2967,2.296582955617233
2.2961,2.2960353280445664
2.2957,2.295492984337677
2.2949,2.294955834360005
2.2943,2.2944235376580493
2.2937,2.293896515816145
2.2935,2.293374430153711
2.2929,2.292857198912595
2.2923,2.2923447422687304
2.2919,2.291836982272857
2.2912,2.29133384279347
2.2911,2.2908350127696964
2.2904,2.29034089504343
4.1816,4.181156438072532
3.7976,3.797288048791673
3.4805,3.480340562168968
3.22,3.2200536289050783
3.0125,3.0124228375994635
2.8347,2.834648238440294
2.7458,2.7455678645869632
2.6879,2.6881994878081
2.6471,2.646797629800405
2.6148,2.614836732194986
2.589,2.58905741143445
2.5674,2.567607639054504
2.5491,2.549341487221275
2.5336,2.533497162991702
2.5196,2.5195681513184858
2.507,2.507172231119215
2.4958,2.496032521214117
2.4859,2.4859388204960715
2.4769,2.476728081559452
2.4682,2.468271488259236
2.4602,2.460462058890973
2.4532,2.453223050235533
2.4464,2.4464812599529515
2.4398,2.440178941924276
2.4342,2.4342675318222886
2.4287,2.428705829915083
2.4235,2.4234586079879743
2.4187,2.4184932243248483
2.4139,2.4137881043613785
2.4093,2.409317884259266
2.4049,2.405062456612974
2.4013,2.401004100740909
2.3971,2.397127125894016
2.3934,2.393415846971852
2.3898,2.3898613372989974
2.3865,2.3864506215538865
2.3831,2.3831736546355
2.3799,2.380021370999952
2.3769,2.376985563607197
2.374,2.374058780805737
2.3712,2.371232914517701
2.3684,2.368504463028104
2.3659,2.365866388291736
2.3633,2.363313492023725
2.361,2.360840995509356
2.3581,2.358444496474027
2.3562,2.3561188393257666
2.354,2.353862481474098
2.3514,2.3516708156527137
2.3495,2.349540610186504
2.3474,2.347468860674235
2.3453,2.345452769569153
2.3434,2.343489727976347
2.3414,2.3415763991085576
2.3399,2.339712327356456
2.338,2.3378944549686915
2.3362,2.3361207810133213
2.3345,2.334389426910345
2.3326,2.332698626847638
2.331,2.331045940383394
2.3295,2.329431376913414
2.3277,2.3278526631805354
2.3264,2.3263084053937244
2.3248,2.324797286413188
2.3233,2.3233180603403385
2.3219,2.321869547571186
2.3205,2.320449960514284
2.319,2.3190595918099257
2.3178,2.3176967514432327
2.3162,2.316360483294892
2.3151,2.3150498783032027
2.3138,2.313764071486529
2.3125,2.3125022391947976
2.3113,2.3112630113071666
2.3099,2.310046820459178
2.3089,2.308852356373996
2.3077,2.30767893715854
2.3065,2.306525911290145
2.3055,2.305392655875126
2.3042,2.304278048237633
2.303,2.3031825803161103
2.3019,2.302105170036063
2.3011,2.301045293903244
2.2999,2.3000024499822467
2.2991,2.298976156752323
2.2978,2.2979659520371856
2.2971,2.2969709213891667
2.296,2.295991586764838
2.295,2.295027060294881
2.294,2.2940769477793235
2.2932,2.2931408699406446
2.2922,2.2922184616950627
2.2914,2.291308941070437
2.2904,2.290412836259122
2.2895,2.289529384145087
2.2886,2.2886582699617457
2.2878,2.2877991900862247
2.287,2.2869518515300524
2.286,2.28611597145826
2.2852,2.2852908860873606
2.2845,2.284477117993108
2.2837,2.283674016258771
2.2829,2.2828813343641765
2.2821,2.28209883390356
2.2814,2.281326284240503
2.2805,2.280563100698393
2.2797,2.279809794665048
2.2791,2.2790657908496024
2.2782,2.2783308865879284
2.2776,2.277604885507845
2.2767,2.276887597276611
2.2763,2.2761788373608027
2.2755,2.275478094755776
2.2748,2.274785863794728
2.2742,2.274101640035421
2.2736,2.273425259966393
2.2728,2.2727565648371018
2.2719,2.272095400478636
2.2713,2.271441617132667
2.2707,2.270794762671217
2.2702,2.270155312258723
2.2696,2.2695228183868843
2.2688,2.268897147381143
2.2683,2.2682781692313765
2.2676,2.267665757461902
2.267,2.267059501555774
2.2663,2.266459859628643
2.2658,2.2658664245895057
2.2652,2.265279082910542
2.2646,2.264697724027456
2.2642,2.264122240239321
2.2635,2.26355252661258
2.2632,2.262988213247639
2.2625,2.262429738387852
2.2619,2.2618767345451323
2.2613,2.261329106972466
2.2609,2.260786763265576
2.2602,2.2602496132879044
2.2597,2.2597173165859488
2.2594,2.259190294744045
2.2587,2.2586682090816104
2.2583,2.2581509778404945
2.2576,2.25763852119663
2.2571,2.2571307612007563
2.2568,2.256627621721369
2.2561,2.256128791697596
2.2558,2.2556346739713296
4.1162,4.116626220862935
3.7324,3.732757831582077
3.4164,3.415810344959372
3.1558,3.155523411695482
2.9476,2.947892620389867
2.7702,2.7701180212306973
2.6811,2.6810376473773667
2.6238,2.6236692705985027
2.5824,2.582267412590808
2.5504,2.5503065149853894
2.5246,2.524527194224853
2.503,2.503077421844908
2.4846,2.4848112700116785
2.469,2.468966945782105
2.455,2.4550379341088893
2.4427,2.4426420139096185
2.4313,2.4315023040045207
2.4212,2.421408603286475
2.4123,2.412197864349856
2.4037,2.403741271049639
2.396,2.3959318416813766
2.3887,2.388692833025937
2.3819,2.381951042743355
2.3757,2.37564872471468
2.3697,2.369737314612692
2.3642,2.3641756127054867
2.3589,2.358928390778378
2.3539,2.353963007115252
2.3492,2.349257887151782
2.3448,2.344787667049669
2.3405,2.3405322394033776
2.3366,2.3364738835313124
2.3325,2.3325969086844194
2.3288,2.328885629762256
2.3253,2.325331120089401
2.3221,2.32192040434429
2.3186,2.318643437425904
2.3156,2.315491153790356
2.3123,2.3124553463976003
2.3095,2.3095285635961407
2.3068,2.3067026973081046
2.304,2.3039742458185075
2.3014,2.301336171082139
2.2987,2.298783274814129
2.2964,2.2963107782997594
2.2941,2.2939142792644307
2.2915,2.29158862211617
2.2893,2.2893322642645013
2.2873,2.287140598443117
2.2851,2.285010392976908
2.2829,2.2829386434646386
2.2809,2.2809225523595567
2.2789,2.27895951076675
2.2769,2.277046181898961
2.2751,2.27518211014686
2.2733,2.273364237759095
2.2715,2.271590563803725
2.2698,2.2698592097007486
2.2682,2.268168409638041
2.2666,2.2665157231737973
2.2648,2.2649011597038173
2.2634,2.263322445970939
2.2617,2.261778188184128
2.2603,2.260267069203591
2.2588,2.258787843130742
2.2572,2.2573393303615896
2.2559,2.255919743304688
2.2545,2.254529374600329
2.2532,2.253166534233636
2.2518,2.251830266085295
2.2507,2.2505196610936062
2.2492,2.249233854276933
2.2479,2.247972021985201
2.2467,2.24673279409757
2.2455,2.245516603249582
2.2443,2.244322139164399
2.2432,2.243148719948944
2.2421,2.2419956940805483
2.2408,2.2408624386655296
2.2397,2.2397478310280365
2.2387,2.238652363106514
2.2375,2.2375749528264666
2.2366,2.236515076693647
2.2355,2.23547223277265
2.2343,2.2344459395427263
2.2336,2.233435734827589
2.2326,2.23244070417957
2.2314,2.231461369555241
2.2305,2.2304968430852847
2.2296,2.229546730569727
2.2286,2.228610652731048
2.2277,2.227688244485466
2.2269,2.226778723860841
2.2259,2.2258826190495253
2.2249,2.2249991669354907
2.224,2.224128052752149
2.2232,2.223268972876628
2.2224,2.222421634320456
2.2217,2.2215857542486632
2.2207,2.220760668877764
2.22,2.2199469007835115
2.2191,2.2191437990491747
2.2184,2.21835111715458
2.2178,2.2175686166939634
2.2168,2.2167960670309066
2.216,2.216032883488797
2.2154,2.215279577455451
2.2146,2.214535573640006
2.214,2.213800669378332
2.2131,2.2130746682982485
2.2123,2.2123573800670147
2.2117,2.2116486201512062
2.211,2.21094787754618
2.2103,2.210255646585132
2.2096,2.209571422825825
2.209,2.2088950427567964
2.2083,2.208226347627505
2.2077,2.207565183269039
2.207,2.2069113999230705
2.2063,2.2062645454616203
2.2056,2.2056250950491263
2.2051,2.204992601177288
2.2043,2.2043669301715463
2.2038,2.20374795202178
2.2031,2.2031355402523056
2.2025,2.202529284346177
2.202,2.2019296424190467
2.2014,2.201336207379909
2.2008,2.200748865700945
2.2001,2.200167506817859
2.1997,2.1995920230297243
2.1991,2.1990223094029835
2.1986,2.1984579960380426
2.1979,2.197899521178255
2.1974,2.197346517335536
2.1968,2.1967988897628694
2.1964,2.1962565460559795
2.1957,2.195719396078308
2.1952,2.1951870993763523
2.1947,2.194660077534449
2.1942,2.194137991872014
2.1936,2.193620760630898
2.1931,2.1931083039870334
2.1927,2.19260054399116
2.192,2.192097404511773
2.1916,2.191598574488
2.1911,2.191104456761733
4.0512,4.050588767375112
3.6658,3.666720378094253
3.3494,3.349772891471548
3.0899,3.089485958207659
2.8818,2.881855166902043
2.7039,2.704080567742874
2.6151,2.615000193889544
2.5577,2.55763181711068
2.5161,2.5162299591029846
2.4841,2.4842690614975664
2.4586,2.45848974073703
2.4371,2.4370399683570843
2.4187,2.418773816523855
2.4032,2.402929492294282
2.3889,2.389000480621066
2.3764,2.376604560421795
2.3654,2.3654648505166973
2.3553,2.355371149798652
2.3462,2.346160410862032
2.3377,2.3377038175618154
2.3299,2.329894388193553
2.3225,2.322655379538113
2.3161,2.315913589255532
2.3096,2.309611271226856
2.3038,2.3036998611248687
2.2982,2.298138159217664
2.2929,2.2928909372905544
2.288,2.2879255536274283
2.2832,2.283220433663959
2.2788,2.278750213561846
2.2746,2.274494785915554
2.2704,2.270436430043489
2.2666,2.266559455196596
2.2628,2.2628481762744324
2.2594,2.259293666601577
2.2558,2.2558829508564666
2.2528,2.2526059839380803
2.2494,2.249453700302532
2.2463,2.246417892909777
2.2435,2.2434911101083173
2.2406,2.240665243820281
2.238,2.237936792330684
2.2352,2.235298717594316
2.2327,2.2327458213263056
2.2301,2.230273324811936
2.2278,2.227876825776608
2.2253,2.2255511686283462
2.2231,2.223294810776678
2.2212,2.221103144955294
2.219,2.2189729394890843
2.2169,2.216901189976815
2.2148,2.214885098871733
2.2129,2.212922057278927
2.211,2.2110087284111377
2.209,2.2091446566590363
2.2074,2.207326784271272
2.2056,2.2055531103159014
2.2038,2.203821756212925
2.2021,2.202130956150218
2.2005,2.200478269685974
2.1987,2.198863706215994
2.1973,2.1972849924831155
2.1957,2.1957407346963045
2.1941,2.194229615715768
2.1927,2.1927503896429186
2.1914,2.1913018768737658
2.1899,2.189882289816864
2.1884,2.188491921112506
2.1872,2.187129080745813
2.1859,2.185792812597472
2.1845,2.1844822076057824
2.1832,2.18319640078911
2.1819,2.1819345684973777
2.1807,2.1806953406097467
2.1795,2.1794791497617583
2.1783,2.178284685676576
2.1772,2.17711126646112
2.176,2.175958240592725
2.1748,2.174824985177706
2.1738,2.173710377540213
2.1726,2.1726149096186904
2.1717,2.171537499338643
2.1704,2.1704776232058234
2.1696,2.1694347792848268
2.1684,2.168408486054903
2.1673,2.1673982813397656
2.1664,2.166403250691747
2.1654,2.165423916067418
2.1645,2.1644593895974613
2.1635,2.1635092770819035
2.1625,2.1625731992432247
2.1616,2.161650790997643
2.1609,2.1607412703730176
2.16,2.159845165561702
2.159,2.158961713447668
2.1581,2.158090599264326
2.1572,2.1572315193888048
2.1564,2.1563841808326325
2.1555,2.15554830076084
2.1547,2.1547232153899407
2.1538,2.153909447295688
2.1531,2.153106345561352
2.1524,2.1523136636667566
2.1515,2.1515311632061405
2.1509,2.150758613543083
2.1499,2.149995430000973
2.1491,2.149242123967628
2.1485,2.1484981201521824
2.1478,2.1477632158905084
2.1472,2.147037214810425
2.1463,2.1463199265791912
2.1457,2.145611166663383
2.1449,2.144910424058356
2.1442,2.144218193097308
2.1436,2.1435339693380016
2.1429,2.142857589268973
2.1421,2.1421888941396823
2.1416,2.1415277297812154
2.141,2.140873946435247
2.1402,2.140227091973797
2.1396,2.139587641561304
2.139,2.1389551476894644
2.1384,2.138329476683724
2.1377,2.137710498533957
2.1371,2.137098086764482
2.1365,2.136491830858354
2.136,2.1358921889312232
2.1353,2.135298753892086
2.1347,2.134711412213122
2.1342,2.134130053330036
2.1334,2.133554569541901
2.1331,2.13298485591516
2.1323,2.132420542550219
2.1318,2.1318620676904314
2.1312,2.1313090638477123
2.1307,2.130761436275046
2.1303,2.130219092568156
2.1297,2.1296819425904845
2.1292,2.129149645888529
2.1286,2.128622624046625
2.1281,2.1281005383841904
2.1276,2.1275833071430745
2.127,2.12707085049921
2.1266,2.1265630905033364
2.126,2.126059951023949
2.1255,2.125561121000176
2.125,2.1250670032739096
4.0188,4.018901235606303
3.6351,3.635032846325444
3.3185,3.318085359702739
3.058,3.0577984264388496
2.8502,2.850167635133235
2.6724,2.672393035974065
2.5833,2.5833126621207345
2.5261,2.5259442853418705
2.4845,2.484542427334176
2.4527,2.452581529728757
2.4268,2.4268022089682213
2.4053,2.4053524365882755
2.3868,2.3870862847550463
2.3713,2.3712419605254733
2.3573,2.357312948852257
2.345,2.3449170286529863
2.3334,2.3337773187478885
2.3239,2.323683618029843
2.3144,2.3144728790932234
2.3061,2.3060162857930067
2.2981,2.2982068564247444
2.291,2.2909678477693047
2.2841,2.284226057486723
2.2778,2.277923739458047
2.2722,2.27201232935606
2.2664,2.2664506274488545
2.2612,2.2612034055217456
2.2563,2.2562380218586195
2.2516,2.2515329018951498
2.2471,2.2470626817930373
2.2428,2.2428072541467454
2.239,2.23874889827468
2.2349,2.234871923427787
2.2312,2.231160644505623
2.2277,2.2276061348327687
2.2243,2.224195419087658
2.221,2.2209184521692715
2.2178,2.217766168533723
2.2146,2.214730361140968
2.2119,2.2118035783395085
2.2089,2.2089777120514724
2.2063,2.206249260561876
2.2035,2.203611185825507
2.201,2.201058289557497
2.1986,2.198585793043127
2.1962,2.1961892940077985
2.1939,2.193863636859538
2.1917,2.191607279007869
2.1894,2.189415613186485
2.1873,2.1872854077202755
2.1853,2.1852136582080064
2.1833,2.1831975671029245
2.1811,2.1812345255101184
2.1794,2.179321196642329
2.1775,2.1774571248902275
2.1756,2.175639252502463
2.174,2.1738655785470926
2.1721,2.1721342244441164
2.1704,2.170443424381409
2.1688,2.168790737917165
2.1672,2.167176174447185
2.1655,2.1655974607143067
2.1639,2.164053202927496
2.1627,2.162542083946959
2.161,2.16106285787411
2.1595,2.159614345104957
2.158,2.1581947580480554
2.1568,2.156804389343697
2.1553,2.155441548977004
2.1542,2.154105280828663
2.1529,2.152794675836974
2.1515,2.151508869020301
2.1504,2.150247036728569
2.1491,2.149007808840938
2.1478,2.14779161799295
2.1464,2.146597153907767
2.1456,2.145423734692311
2.1442,2.144270708823916
2.143,2.1431374534088974
2.1421,2.1420228457714043
2.1411,2.1409273778498816
2.1399,2.1398499675698344
2.1388,2.1387900914370146
2.1378,2.137747247516018
2.1368,2.136720954286094
2.1358,2.135710749570957
2.1347,2.134715718922938
2.1337,2.133736384298609
2.1328,2.1327718578286525
2.1318,2.1318217453130948
2.1309,2.130885667474416
2.1298,2.129963259228834
2.129,2.1290537386042088
2.1281,2.128157633792893
2.1272,2.1272741816788585
2.1264,2.126403067495517
2.1256,2.125543987619996
2.1248,2.124696649063824
2.1238,2.123860768992031
2.123,2.123035683621132
2.1223,2.12222191552688
2.1214,2.1214188137925425
2.1206,2.120626131897948
2.1199,2.1198436314373312
2.119,2.1190710817742744
2.1183,2.1183078982321644
2.1175,2.1175545921988186
2.1168,2.1168105883833737
2.1161,2.1160756841217
2.1152,2.1153496830416163
2.1147,2.1146323948103825
2.1139,2.113923634894574
2.1133,2.113222892289547
2.1125,2.112530661328499
2.1119,2.1118464375691928
2.1112,2.111170057500164
2.1105,2.110501362370873
2.1099,2.109840198012406
2.1092,2.1091864146664383
2.1085,2.108539560204988
2.1079,2.107900109792494
2.1072,2.107267615920656
2.1066,2.106641944914914
2.1059,2.106022966765148
2.1055,2.105410554995673
2.1047,2.104804299089545
2.1042,2.1042046571624144
2.1036,2.103611222123277
2.1031,2.1030238804443133
2.1024,2.102442521561227
2.102,2.101867037773092
2.1013,2.101297324146352
2.1008,2.1007330107814104
2.1001,2.1001745359216226
2.0998,2.099621532078904
2.099,2.099073904506237
2.0986,2.098531560799348
2.098,2.097994410821676
2.0975,2.09746211411972
2.0969,2.0969350922778167
2.0964,2.0964130066153817
2.0959,2.0958957753742657
2.0954,2.095383318730401
2.0949,2.094875558734528
2.0945,2.0943724192551407
2.0938,2.093873589231367
2.0933,2.093379471505101
4.7388,4.738647258994325
4.3541,4.3547964703090525
4.0384,4.037859712553658
3.7776,3.777578466143464
3.5698,3.569949763139677
3.3922,3.392174860583205
3.3024,3.303093477249
3.2452,3.245724104615628
3.2041,3.204321344478375
3.172,3.1723596382141683
3.1466,3.146579590111164
3.1248,3.125129159144508
3.1064,3.1068624067572
3.0913,3.09101753100762
3.077,3.0770880103017992
3.0646,3.064691617550318
3.0531,3.053551466888228
3.0432,3.0434573533444413
3.0342,3.034246226296728
3.0254,3.0257892668980544
3.018,3.017979490994035
3.0105,3.010740153740376
3.0039,3.003998050945935
2.9975,2.9976954350354763
2.9921,2.99178374041261
2.9861,2.986221766232931
2.9807,2.9809742833013617
2.9761,2.9760086489163866
2.971,2.971303287979929
2.9668,2.966832835841603
2.9621,2.962577184476756
2.9582,2.958518612646345
2.9546,2.954641429097649
2.951,2.950929948178941
2.9473,2.9473752429920848
2.9439,2.943964337739136
2.9406,2.940687186972988
2.9372,2.937534724832511
2.9343,2.9344987439861514
2.9314,2.9315717925139366
2.9289,2.9287457620129724
2.926,2.92601715069555
2.923,2.923378920224758
2.9208,2.920825872118562
2.9182,2.9183532274788737
2.9158,2.915956583860261
2.9137,2.913630785444796
2.9115,2.9113742896276373
2.9093,2.909182488934928
2.9068,2.9070521515608814
2.9049,2.904980272981623
2.903,2.9029640555351506
2.9011,2.901000890218114
2.8989,2.899087440083886
2.8971,2.897223249542363
2.8951,2.895405260692845
2.8933,2.893631472517421
2.892,2.8919000063547533
2.8904,2.890209096315688
2.8885,2.8885563018343783
2.8871,2.886941632340285
2.8854,2.885362814458487
2.8836,2.883818454335411
2.8823,2.882307234771768
2.8811,2.880827909812332
2.8793,2.8793792997991416
2.8782,2.877959617044051
2.876,2.87656915422946
2.8753,2.875206221247612
2.8738,2.8738698619343936
2.8724,2.872559167185264
2.8712,2.8712732719776004
2.8696,2.8700113526220843
2.8687,2.86877203891968
2.8676,2.8675557635516844
2.8666,2.866361216165491
2.865,2.865187714834855
2.8638,2.864034608005261
2.8628,2.8629012727524303
2.8619,2.86178658633381
2.8607,2.860691040734653
2.8595,2.859613553815447
2.8586,2.8585536020557494
2.8575,2.857510683494932
2.8566,2.856484316587937
2.8553,2.8554740391350526
2.8544,2.854478936631981
2.8534,2.8534995310819875
2.8522,2.8525349345602504
2.8516,2.851584752846483
2.8506,2.850648606643543
2.8497,2.849726130848689
2.8487,2.848816543439806
2.8476,2.84792037265518
2.8469,2.8470368553296144
2.8461,2.846165676679928
2.8451,2.845306533067184
2.8444,2.844459131487356
2.8436,2.8436231890904025
2.8431,2.842798042049002
2.842,2.841984212983536
2.8412,2.841181050933991
2.8403,2.84038830936688
2.8392,2.8396057498635208
2.8388,2.838833141774959
2.838,2.8380699003849807
2.8377,2.837316537124725
2.8365,2.8365724766641343
2.8358,2.835837516327921
2.8351,2.835111459733067
2.8341,2.834394116536292
2.8338,2.833685302193922
2.8331,2.8329845056657708
2.8324,2.832292221326739
2.8314,2.831607944699326
2.8311,2.8309315122628824
2.83,2.8302627652579275
2.8297,2.8296015495068394
2.8293,2.828947715242812
2.8281,2.8283008103056524
2.8275,2.8276613098998613
2.827,2.827028766485121
2.8263,2.826403046379223
2.8255,2.8257840195645856
2.8251,2.8251715595582496
2.8243,2.8245652558134697
2.824,2.8239655664845738
2.8232,2.823372084450899
2.823,2.822784696178032
2.822,2.8222032910952346
2.8215,2.8216277614952974
2.8212,2.8210580024385217
2.8202,2.8204936439979207
2.8199,2.819935124453957
2.8196,2.8193820762912463
2.8185,2.8188344047571787
2.8183,2.81829201744201
2.8178,2.817754824203835
2.8173,2.81722248456354
2.8164,2.816695420141278
2.8159,2.8161732922309195
2.8157,2.8156560190694235
2.8152,2.8151435208279367
2.8146,2.814635719552516
2.8142,2.814132539107073
2.8135,2.813633668406934
2.8131,2.8131395103283747
4.5235,4.523310694132613
4.1397,4.139446782361857
3.8226,3.822503705077819
3.5629,3.562220978047044
3.3548,3.3545940005910992
3.1771,3.176823058595166
3.0883,3.087744677895563
3.0304,3.030377649478032
2.9888,2.9889767989186224
2.9568,2.957016700053509
2.9311,2.931238037611792
2.9098,2.9097888229895768
2.8916,2.891523153569082
2.8757,2.8756792535207194
2.8619,2.861750619281461
2.8494,2.8493550386348523
2.8385,2.838215636886124
2.8281,2.8281222179089207
2.8195,2.818911738202168
2.8106,2.810455384735741
2.8025,2.802646178430688
2.7952,2.7954073779264887
2.7888,2.7886657827124166
2.7823,2.782363648111769
2.7766,2.7764524110185795
2.771,2.770890872743699
2.7656,2.7656438059695194
2.7605,2.760678569825558
2.7557,2.755973590284394
2.7514,2.751503504173504
2.7474,2.747248204610532
2.7432,2.743189971377177
2.7391,2.7393131141364933
2.7356,2.73560194820895
2.7321,2.7320475471416272
2.7285,2.728636935964964
2.7254,2.725360069846198
2.7222,2.7222078834844594
2.719,2.719172170060513
2.7163,2.716245478124059
2.7135,2.7134196998223072
2.7109,2.710691333524813
2.7082,2.708053341383536
2.7053,2.7055005252558124
2.7029,2.703028106558048
2.7007,2.700631683136795
2.6984,2.6983060995468144
2.6961,2.696049813231562
2.6945,2.6938582170569108
2.6918,2.691728079437675
2.6898,2.689656396056436
2.6878,2.687640369444684
2.6858,2.685677390780652
2.6837,2.683764123374509
2.682,2.6819001116225523
2.68,2.6800822978633296
2.6783,2.6783086812215235
2.6765,2.6765773831704127
2.6749,2.6748866379480623
2.6736,2.6732340051853223
2.6713,2.6716194942714995
2.6702,2.6700408320175253
2.6683,2.6684966246723065
2.6669,2.666985555133868
2.6657,2.6655063775394647
2.6641,2.6640579123191026
2.6625,2.6626383719356506
2.6611,2.6612480490155885
2.66,2.65988525359566
2.6584,2.658549029584308
2.6573,2.657238467946263
2.656,2.655952703725088
2.6546,2.6546909132947363
2.6538,2.653451726576762
2.6523,2.6522355761893754
2.6507,2.6510411518964667
2.6499,2.64986777182498
2.6486,2.6487147844714074
2.6477,2.647581566960411
2.6464,2.6464669966513688
2.6454,2.645371565463997
2.6444,2.6442941913578912
2.6434,2.6432343508543124
2.642,2.6421915420327458
2.6411,2.641165283386745
2.6401,2.640155112753773
2.6391,2.6391601157152857
2.6385,2.638180814208539
2.6373,2.637216320392593
2.6361,2.636266240079262
2.6355,2.635330194002381
2.6347,2.634407817089116
2.6337,2.63349832739252
2.6324,2.632602253085648
2.6317,2.6317188310771344
2.6311,2.6308477466098736
2.6299,2.629988696070151
2.6292,2.629141386478343
2.6284,2.628305535008029
2.6274,2.6274804778973784
2.6267,2.626666737703201
2.6254,2.625863663530056
2.6249,2.625071008865256
2.6243,2.624288535310284
2.6234,2.62351601223574
2.623,2.62275285498427
2.6218,2.6219995749252205
2.6212,2.621255596786721
2.6206,2.620520717910834
2.62,2.619794741931387
2.6189,2.619077478521468
2.6186,2.6183687431533085
2.6177,2.617668024839271
2.6169,2.6169758178947315
2.6164,2.616291617894273
2.6157,2.615615261331463
2.6149,2.614946589460652
2.6143,2.6142854481176783
2.6136,2.613631687548839
2.613,2.612984855641342
2.6125,2.612345427542501
2.612,2.6117129557590726
2.6109,2.6110873066206404
2.6108,2.610468350121111
2.6096,2.6098559597887263
2.6092,2.6092497251204354
2.6088,2.608650104215368
2.6081,2.6080566899963187
2.6074,2.607469368939004
2.6069,2.6068880304825703
2.6063,2.606312566929452
2.6057,2.6057428733493664
2.6053,2.605178579855341
2.6047,2.6046201246749043
2.604,2.6040671403325257
2.6037,2.603519532084156
2.603,2.6029772075284163
2.6026,2.6024400765315736
2.602,2.6019077986518178
2.6013,2.601380795458238
2.6008,2.6008587282818967
2.6005,2.600341515367214
2.5999,2.599829076892636
2.5993,2.599321334911357
2.5989,2.598818213294275
2.5985,2.598319400991273
2.5978,2.597825300829647
4.3461,4.346394174813765
3.9625,3.9625177361622295
3.6458,3.64556519777323
3.3856,3.3852754253813995
3.1777,3.1776433954894068
2.9999,2.999868612501541
2.9109,2.910788505946706
2.8533,2.8534204462304693
2.8125,2.812018893930444
2.7799,2.7800582793688084
2.754,2.7542792183811065
2.733,2.732829684528149
2.7147,2.7145637524661854
2.6988,2.69871963169138
2.6849,2.684790809014485
2.6724,2.6723950652023625
2.6611,2.661255520554724
2.6512,2.651161975216358
2.6418,2.641951382844689
2.6336,2.633494928201924
2.6256,2.6256856304233818
2.6183,2.6184467468368853
2.6116,2.61170507575035
2.6055,2.605402871554222
2.5994,2.599491570368312
2.5938,2.593929972854955
2.5887,2.588682851148778
2.5837,2.583717563889605
2.5789,2.579012536699095
2.5745,2.5745424060349698
2.5703,2.5702870647160263
2.566,2.566228792263329
2.5621,2.5623518981114906
2.5585,2.558640697363704
2.555,2.5550862634222846
2.5517,2.5516756211426497
2.5486,2.548398725551269
2.5454,2.5452465112213742
2.5422,2.5422107712207502
2.5393,2.539284053997396
2.5363,2.536458251595491
2.5337,2.533729862324409
2.531,2.5310918482488947
2.5286,2.5285390111576267
2.5259,2.5260665724043885
2.5237,2.523670129778484
2.5215,2.521344527773633
2.5191,2.5190882238026804
2.5169,2.516896610678256
2.5148,2.5147664567743697
2.5126,2.5126947577359364
2.5107,2.510678716059617
2.5087,2.508715722891389
2.5068,2.506802441504953
2.5048,2.504938416282129
2.5031,2.5031205895288147
2.5014,2.501346960345603
2.4998,2.4996156501832973
2.498,2.4979248932589737
2.4965,2.4962722491785465
2.4946,2.494657727323727
2.4932,2.493079054482733
2.4916,2.491534836888307
2.4903,2.490023757423288
2.4884,2.488544570210652
2.487,2.487096095666965
2.4856,2.485676546238187
2.484,2.484286214547474
2.4829,2.4829234106159195
2.4815,2.481587178341317
2.4803,2.480276608678333
2.479,2.478990836661
2.478,2.4777290386542474
2.4766,2.4764898445676167
2.4752,2.475273687018228
2.474,2.474079255758709
2.473,2.472905868908692
2.4716,2.47175287495772
2.4708,2.470619651023843
2.4696,2.469505074457204
2.4683,2.468409637177489
2.4671,2.467332257135562
2.4664,2.46627241084724
2.4652,2.465229596386811
2.4644,2.464203332242872
2.463,2.463193156248148
2.4621,2.4621981539771065
2.4612,2.4612188473676606
2.4603,2.460254348572204
2.4592,2.4593042633985887
2.4584,2.458368212576854
2.4573,2.4574458310305287
2.4565,2.4565363368070496
2.4557,2.4556402580804426
2.4548,2.454756831753951
2.454,2.4538857430673926
2.4529,2.453026688404096
2.452,2.4521793747815983
2.4515,2.451343519370752
2.4506,2.450518458405282
2.4496,2.449704714443152
2.4491,2.4489016365846337
2.4481,2.4481089783147025
2.4475,2.447326501232592
2.4466,2.446553974706734
2.446,2.4457908140760924
2.4452,2.445037530711221
2.4443,2.4442935493366784
2.4437,2.443558667292656
2.4429,2.442832688211174
2.4423,2.4421154217635754
2.4413,2.441406683420408
2.4408,2.4407059621910325
2.4401,2.440013752392032
2.4391,2.439329549595067
2.4385,2.438653190292237
2.4377,2.437984515736473
2.4373,2.43732337176224
2.4368,2.436669608614507
2.4362,2.436022774178003
2.4354,2.4353833436012056
2.4349,2.4347508693884503
2.434,2.4341252178681536
2.4333,2.4335062590330905
2.4329,2.432893866410408
2.4323,2.432287629494932
2.4317,2.431688006386903
2.4309,2.4310945900070373
2.4305,2.430507266830081
2.4298,2.429925926294243
2.4294,2.4293504607010434
2.4288,2.428780765119315
2.4281,2.428216469660299
2.4276,2.4276580125525604
2.427,2.4271050263188143
2.4266,2.426557416214224
2.4261,2.4260150898366435
2.4254,2.425477957051598
2.425,2.4249456774157245
2.4244,2.424418672499084
2.4238,2.423896603631209
2.4234,2.423379389055856
2.4228,2.422866948950824
2.4223,2.422359205368679
2.4217,2.4218560821797053
2.4216,2.4213572683324607
2.4209,2.420863166655133
4.2153,4.215953992892058
3.8315,3.83205336492448
3.5146,3.5150832316855176
3.2545,3.2547809626237787
3.0476,3.0471404943521634
2.8697,2.8693597935988864
2.7802,2.78027725766466
2.723,2.722907849504699
2.6816,2.681505438703112
2.6501,2.64954423155836
2.6239,2.6237647395282826
2.6023,2.602314880398836
2.5839,2.5840486961607025
2.5679,2.568204375763332
2.5543,2.554275392708232
2.5417,2.5418795183857474
2.5305,2.5307398665118086
2.5205,2.5206462324249017
2.5113,2.5114355661914773
2.5032,2.502979049837129
2.4953,2.495169700353124
2.4879,2.4879307734465668
2.4814,2.481189066067555
2.4749,2.4748868315328942
2.4688,2.4689755050872417
2.4636,2.463413886672864
2.4582,2.4581667478268976
2.453,2.453201446683661
2.4485,2.4484964084572365
2.4439,2.444026269241544
2.4396,2.439770921551553
2.4358,2.435712644647956
2.4321,2.431835747741114
2.4279,2.4281245457399208
2.4246,2.424570111879226
2.4211,2.421159470866423
2.4178,2.4178825775991952
2.4146,2.4147303665376105
2.4116,2.411694630649701
2.4088,2.408767918295267
2.4058,2.405942121443078
2.4032,2.403213738327663
2.4006,2.400575730954293
2.398,2.3980229010562906
2.3954,2.395550469937876
2.3931,2.3931540353438856
2.3909,2.390828441732145
2.3886,2.388572146471483
2.3863,2.386380542345968
2.3842,2.384250397700261
2.3822,2.382178708152712
2.38,2.380162676175905
2.3782,2.378199692893964
2.3762,2.3762864215655624
2.3745,2.374422406544852
2.3725,2.372604590126026
2.3706,2.370830971394667
2.3689,2.369099671787877
2.3674,2.367408925510211
2.3658,2.3657562921612683
2.364,2.364141781102047
2.3626,2.362563119116267
2.3608,2.361018912427874
2.3595,2.359507843911643
2.3579,2.358028667683148
2.3565,2.35658020415216
2.3552,2.355160665763664
2.3537,2.3537703451245555
2.3524,2.352407552255916
2.3512,2.3510713310506923
2.3497,2.3497607724590948
2.3485,2.3484750115110566
2.3471,2.3472132245677413
2.346,2.345974041540488
2.3449,2.3447578950326853
2.3433,2.3435634747993035
2.3423,2.342390098957278
2.3413,2.341237115993672
2.3401,2.340103903024259
2.339,2.3389893374023014
2.3378,2.337893911035131
2.3368,2.336816541877074
2.3357,2.335756706442333
2.3348,2.334713902803719
2.3337,2.3336876494484766
2.3327,2.332677484208096
2.3316,2.3316824926610185
2.3306,2.3307031967339094
2.3297,2.329738708583349
2.3288,2.328788634016342
2.3278,2.327852593762162
2.3269,2.326930222743645
2.3262,2.3260207390125966
2.3252,2.3251246707324817
2.3242,2.324241254811057
2.3235,2.323370176487696
2.3225,2.3225111321453378
2.3215,2.321663828801176
2.3207,2.320827983625763
2.3198,2.320002932857421
2.3191,2.319189199044172
2.3184,2.3183861312909784
2.3178,2.317593483082666
2.3168,2.3168110160183515
2.316,2.31603849946638
2.3153,2.315275348770377
2.3143,2.314522075291391
2.3138,2.313778103758714
2.3131,2.313043231512545
2.3122,2.3123172621849344
2.3117,2.3116000054472723
2.3109,2.310891276770172
2.3101,2.310190565167653
2.3096,2.309498364947219
2.309,2.308814171685237
2.3081,2.308137821873932
2.3075,2.307469156766368
2.3068,2.3068080221971563
2.3061,2.3061542684114213
2.3056,2.305507443298492
2.3048,2.304868021998132
2.3042,2.304235557019312
2.3036,2.3036099146906377
2.303,2.302990965005081
2.3024,2.30237858148999
2.3019,2.3017723536447114
2.3011,2.301172739561054
2.3005,2.300579332164283
2.2999,2.299992017929368
2.2994,2.29941068629474
2.2989,2.2988352295621524
2.2983,2.298265542800668
2.2976,2.2977012561259404
2.2972,2.2971428077584
2.2967,2.296589830225195
2.2961,2.296042228781732
2.2957,2.2954999110261096
2.2949,2.294962786824095
2.2943,2.2944305157366385
2.2937,2.2939035193258976
2.2935,2.293381458925736
2.2929,2.29286425278016
2.2923,2.2923518210672147
2.2919,2.291844085839717
2.2912,2.2913409709681987
2.2911,2.290842165405408
2.2904,2.2903480719718825
4.1816,4.181090537380019
3.7976,3.797248893754203
3.4805,3.480320022581481
3.22,3.2200455287034817
3.0125,3.0124224283454537
2.8347,2.8346525074662603
2.7458,2.745573696090849
2.6879,2.688206010344611
2.6471,2.646804483804324
2.6148,2.614843739748
2.589,2.589064474381665
2.5674,2.56761469940876
2.5491,2.5493485091580923
2.5336,2.533504123715072
2.5196,2.519575036181229
2.507,2.5071790306507067
2.4958,2.496039229389399
2.4859,2.485945433626063
2.4769,2.476734597566897
2.4682,2.468277906193775
2.4602,2.4604683785503987
2.4532,2.453229272074936
2.4464,2.446487384779976
2.4398,2.4401849708283496
2.4342,2.434273466089306
2.4287,2.428711670964974
2.4235,2.423464357328717
2.4187,2.4184988834758063
2.4139,2.413793674956615
2.4093,2.409323367899396
2.4049,2.405067854894591
2.4013,2.401009415246284
2.3971,2.397132358183555
2.3934,2.393420998540524
2.3898,2.389866409687523
2.3865,2.3864556162303137
2.3831,2.383178573032324
2.3799,2.380026214513108
2.3769,2.376990333595594
2.374,2.374063478591207
2.3712,2.371237541351737
2.3684,2.368509020193497
2.3659,2.3658708770014925
2.3633,2.363317913455984
2.361,2.3608453508082654
2.3581,2.358448786750688
2.3562,2.356123065628969
2.354,2.3538666448825327
2.3514,2.3516749171842584
2.3495,2.3495446508299715
2.3474,2.3474728413903634
2.3453,2.345456691291581
2.3434,2.3434935916125634
2.3414,2.341580205513757
2.3399,2.3397160774160595
2.338,2.3378981495171827
2.3362,2.336124420862576
2.3345,2.3343930128504424
2.3326,2.332702159647646
2.331,2.3310494207673123
2.3295,2.3294348056356675
2.3277,2.3278560409515485
2.3264,2.3263117329057503
2.3248,2.3248005643409497
2.3233,2.3233212893416457
2.3219,2.321872728287522
2.3205,2.3204530935487924
2.319,2.319062677795982
2.3178,2.3176997909766417
2.3162,2.31636347695726
2.3151,2.315052826662417
2.3138,2.3137669750972165
2.3125,2.3125050985987623
2.3113,2.3112658270131106
2.3099,2.310049593005461
2.3089,2.308855086266417
2.3077,2.3076816248916647
2.3065,2.306528557347664
2.3055,2.305395260730196
2.3042,2.3042806123338897
2.303,2.303185104126153
2.3019,2.3021076540033745
2.3011,2.301047738462015
2.2999,2.3000048555576624
2.2991,2.2989785237608285
2.2978,2.297968280886749
2.2971,2.296973212461615
2.296,2.2959938404700195
2.295,2.29502927701679
2.294,2.294079127894419
2.2932,2.293143013818069
2.2922,2.292220569696848
2.2914,2.291311013534848
2.2904,2.290414873551577
2.2895,2.289531386607451
2.2886,2.288660237929526
2.2878,2.2878011238887463
2.287,2.286953751490625
2.286,2.286117837894335
2.2852,2.285292719294926
2.2845,2.2844789182942726
2.2837,2.2836757839543265
2.2829,2.2828830697496465
2.2821,2.282100537269337
2.2814,2.2813279558719777
2.2805,2.280564740861147
2.2797,2.279811403649907
2.2791,2.279067368927693
2.2782,2.278332434025854
2.2776,2.2776064025678
2.2767,2.276889084216485
2.2763,2.276180294434288
2.2755,2.2754795221984
2.2748,2.274787261866262
2.2742,2.274103008977546
2.2736,2.273426600016973
2.2728,2.272757876230275
2.2719,2.272096683444897
2.2713,2.271442871898954
2.2707,2.2707959894477003
2.2702,2.270156511278856
2.2696,2.2695239898674013
2.2688,2.268898291535531
2.2683,2.2682792862699444
2.2676,2.26766684759185
2.267,2.2670605649685767
2.2663,2.266460896538267
2.2658,2.265867435194225
2.2652,2.2652800674057825
2.2646,2.264698682605853
2.2642,2.264123173090782
2.2635,2.263553433924339
2.2632,2.2629890951922653
2.2625,2.262430595159532
2.2619,2.2618775663234083
2.2613,2.2613299139344187
2.2609,2.260787545585877
2.2602,2.260250371138864
2.2597,2.259718050126013
2.2594,2.2591910041525685
2.2587,2.2586688945240936
2.2583,2.2581516394802583
2.2576,2.2576391591948566
2.2571,2.257131375716532
2.2568,2.2566282129117226
2.2561,2.2561293597065264
2.2558,2.2556352189629543
4.1162,4.116657129510257
3.7324,3.732775835610725
3.4164,3.4158193358647733
3.1558,3.1555263492690435
2.9476,2.9478917859557603
2.7702,2.7701148599355587
2.6811,2.681033690236158
2.6238,2.623664950161478
2.5824,2.582262909146254
2.5504,2.5503019187127696
2.5246,2.5245225554877018
2.503,2.5030727708233744
2.4846,2.48480662567154
2.469,2.468962320441181
2.455,2.4550333359080327
2.4427,2.4426374482981807
2.4313,2.431497774626163
2.4212,2.4214041125465795
2.4123,2.4121934137880188
2.4037,2.40373686159081
2.396,2.3959274738289245
2.3887,2.3886885069237063
2.3819,2.381946758322173
2.3757,2.3756444817355966
2.3697,2.369733112713157
2.3642,2.364171451433541
2.3589,2.358924269618189
2.3539,2.353958925525037
2.3492,2.3492538445218702
2.3448,2.3447836627702454
2.3405,2.3405282728538666
2.3366,2.3364699540867586
2.3325,2.3325930157203354
2.3288,2.3288817726752544
2.3253,2.3253272982488125
2.3221,2.321916617145677
2.3186,2.3186396842753343
2.3156,2.3154874341054947
2.3123,2.312451659608474
2.3095,2.3095249091456336
2.3068,2.306699074667295
2.304,2.303970654441452
2.3014,2.3013326104514977
2.2987,2.298779744425796
2.2964,2.29630727766271
2.2941,2.2939108079005126
2.2915,2.291585179573484
2.2893,2.289328850076021
2.2873,2.287137212167704
2.2851,2.2850070341851483
2.2829,2.282935311738517
2.2809,2.280919247292126
2.2789,2.2789562319618
2.2769,2.277042928982936
2.2751,2.275178882731607
2.2733,2.2733610354786524
2.2715,2.2715873863015723
2.2698,2.2698560566295014
2.2682,2.2681652806591504
2.2666,2.2665126179685124
2.2648,2.264898077938991
2.2634,2.263319387332821
2.2617,2.2617751523666945
2.2603,2.260264055908287
2.2588,2.2587848520662352
2.2572,2.2573363612435347
2.2559,2.2559167958657627
2.2545,2.254526448559085
2.2532,2.2531636293253463
2.2518,2.2518273820513524
2.2507,2.250516797681325
2.2492,2.2492310112393628
2.2479,2.247969199080941
2.2467,2.246729991100028
2.2455,2.245513819918398
2.2443,2.2443193752738027
2.2432,2.243145975278053
2.2421,2.2419929684132214
2.2408,2.240859731790217
2.2397,2.2397451427464574
2.2387,2.2386496932069857
2.2375,2.237572301110411
2.2366,2.236512442966553
2.2355,2.235469616843956
2.2343,2.234443341225703
2.2336,2.233433153939231
2.2326,2.23243814054867
2.2314,2.231458822997656
2.2305,2.230494313428552
2.2296,2.229544217644701
2.2286,2.228608156371811
2.2277,2.227685764529236
2.2269,2.226776260155593
2.2259,2.225880171430714
2.2249,2.224996735249241
2.224,2.224125636847397
2.2232,2.2232665726050445
2.2224,2.2224192495363764
2.2217,2.221583384809017
2.2207,2.220758314649225
2.22,2.2199445616207147
2.2191,2.219141474816439
2.2184,2.2183488077185625
2.2178,2.2175663219236
2.2168,2.216793786797356
2.216,2.2160306176722258
2.2154,2.2152773259244
2.2146,2.2145333362719786
2.214,2.2137984460528446
2.2131,2.2130724588967814
2.2123,2.2123551844729663
2.2117,2.211646438249846
2.211,2.210945709231054
2.2103,2.210253491738622
2.2096,2.2095692813385592
2.209,2.208892914521105
2.2083,2.208224232537385
2.2077,2.2075630812201115
2.207,2.20690931081255
2.2063,2.206262469194372
2.2056,2.205623031519293
2.2051,2.2049905502866447
2.2043,2.204364891823324
2.2038,2.2037459261206287
2.2031,2.20313352670427
2.2025,2.202527283064488
2.202,2.201927653306573
2.2014,2.2013342303466943
2.2008,2.200746900658311
2.2001,2.200165553678376
2.1997,2.1995900817071865
2.1991,2.199020379812387
2.1986,2.198456078101091
2.1979,2.197897614806695
2.1974,2.197344622447816
2.1968,2.1967970062785414
2.1964,2.1962546738956803
2.1957,2.195717535163734
2.1952,2.195185249635549
2.1947,2.1946582388858302
2.1942,2.194136164240338
2.1936,2.193618943941904
2.1931,2.1931064981674218
2.1927,2.1925987489685754
2.192,2.192095620214786
2.1916,2.1915968008511526
2.1911,2.1911026937102984
4.0512,4.050590415611768
3.6658,3.666726945184179
3.3494,3.349782164940549
3.0899,3.089496341308384
2.8818,2.8818655630288785
2.7039,2.704090229970093
2.6151,2.615009182909744
2.5577,2.5576402494139865
2.5161,2.5162379242851585
2.4841,2.484276626091832
2.4586,2.4584969554726435
2.4371,2.437046872968988
2.4187,2.418780442892944
2.4032,2.402935866414045
2.3889,2.3890066243697072
2.3764,2.3766104921920403
2.3654,2.365470586057513
2.3553,2.3553767027425287
2.3462,2.3461657931216
2.3377,2.337709039633665
2.3299,2.329899459324902
2.3225,2.322660308127068
2.3161,2.3159183827830425
2.3096,2.3096159364518014
2.3038,2.303704404183038
2.2982,2.298142585703491
2.2929,2.2928952523252084
2.288,2.287929761866128
2.2832,2.283224539495831
2.2788,2.278754220997432
2.2746,2.2744986986740576
2.2704,2.2704402515831457
2.2666,2.2665631887409803
2.2628,2.262851824795513
2.2594,2.2592972329605585
2.2558,2.2558864376991696
2.2528,2.252609393751676
2.2494,2.249457035429263
2.2463,2.246421155559148
2.2435,2.2434943023679588
2.2406,2.2406683676334964
2.238,2.237939849602541
2.2352,2.2353017101011923
2.2327,2.2327487507560417
2.2301,2.230276192770225
2.2278,2.22787963379279
2.2253,2.225553918133119
2.2231,2.2232975031901887
2.2212,2.2211057816075352
2.219,2.2189755216521205
2.2169,2.2169037188684446
2.2148,2.21488757565885
2.2129,2.212924483080611
2.211,2.21101110427795
2.209,2.2091469836467814
2.2074,2.207329063371787
2.2056,2.2055553424833554
2.2038,2.2038239423658976
2.2021,2.202133097173632
2.2005,2.200480366411972
2.1987,2.198865759488744
2.1973,2.197287003096833
2.1957,2.1957427034180186
2.1941,2.194231543286677
2.1927,2.192752276779657
2.1914,2.1913037242695914
2.1899,2.1898840981242915
2.1884,2.1884936910000805
2.1872,2.187130812843044
2.1859,2.185794507514544
2.1845,2.1844838659344186
2.1832,2.1831980231033854
2.1819,2.18193615535449
2.1807,2.180696892534213
2.1795,2.17948066729592
2.1783,2.178286169331167
2.1772,2.1771127167326614
2.176,2.1759596579640976
2.1748,2.174826370118699
2.1738,2.1737117304929017
2.1726,2.1726162310435564
2.1717,2.171538789669197
2.1704,2.170478882864402
2.1696,2.169436008683014
2.1684,2.168409685593929
2.1673,2.167399451410888
2.1664,2.1664043916628306
2.1654,2.1654250283247984
2.1645,2.164460473504578
2.1635,2.1635103329935697
2.1625,2.162574227505929
2.1616,2.1616517919498355
2.1609,2.160742244332592
2.16,2.159846112864775
2.159,2.1589626344101527
2.1581,2.15809149419512
2.1572,2.15723238859001
2.1564,2.1563850245997807
2.1555,2.1555491193830973
2.1547,2.1547240091385214
2.1538,2.1539102164595434
2.1531,2.1531070904117224
2.1524,2.1523143844692747
2.1515,2.1515318602209947
2.1509,2.150759287025186
2.1499,2.1499960801890703
2.1491,2.149242751117699
2.1485,2.14849872450422
2.1478,2.147763797679815
2.1472,2.147037774267752
2.1463,2.146320463930866
2.1457,2.1456116821314315
2.1449,2.144910917850344
2.1442,2.144218665437397
2.1436,2.143534420436016
2.1429,2.142858019330889
2.1421,2.142189303367732
2.1416,2.1415281183739867
2.141,2.1408743145877795
2.1402,2.1402274398680623
2.1396,2.139587969395219
2.139,2.138955455647966
2.1384,2.138329764948551
2.1377,2.1377107672837354
2.1371,2.1370983361747995
2.1365,2.136492061092737
2.136,2.135892400168589
2.1353,2.1352989462993546
2.1347,2.1347115859544634
2.1342,2.1341302085669365
2.1334,2.13355470643323
2.1331,2.132984974617228
2.1323,2.13242064320828
2.1318,2.131862150464496
2.1312,2.1313091288867767
2.1307,2.1307614837257787
2.1303,2.1302191225749527
2.1297,2.129681955295518
2.1292,2.1291496414236506
2.1286,2.12862260255793
2.1281,2.12810050000748
2.1276,2.12758325201212
2.127,2.127070778745797
2.1266,2.126563002257308
2.126,2.126059846413248
2.1255,2.12556100014317
2.125,2.125066866302634
4.0188,4.018883309962165
3.6351,3.635014368398872
3.3185,3.318067132164826
3.058,3.057780984736251
2.8502,2.850151274958084
2.6724,2.6723779902252573
2.5833,2.583298434256661
2.5261,2.5259306484109354
2.4845,2.484529250937346
2.4527,2.452568729694619
2.4268,2.426789726448844
2.4053,2.405340228174986
2.3868,2.3870743171402107
2.3713,2.371230207463745
2.3573,2.3573013888986525
2.345,2.34490564418305
2.3334,2.3337660949667285
2.3239,2.323672542347733
2.3144,2.3144619406716784
2.3061,2.306005475206961
2.2981,2.298196165461221
2.291,2.2909572690602458
2.2841,2.284215584525907
2.2778,2.277913366418368
2.2722,2.2720020509898
2.2664,2.2664404390064696
2.2612,2.2611933026850703
2.2563,2.2562280007234943
2.2516,2.2515229588092205
2.2471,2.247052813434263
2.2428,2.2427974574503624
2.239,2.2387391704048576
2.2349,2.2348622617532743
2.2312,2.231151046608552
2.2277,2.2275965983998063
2.2243,2.224185941985766
2.221,2.2209090324007734
2.2178,2.217756804224015
2.2146,2.214721050527663
2.2119,2.2117943197628134
2.2089,2.208968503969336
2.2063,2.2062401014705326
2.2035,2.203602074325174
2.201,2.201049224321794
2.1986,2.198576772813547
2.1962,2.196180317588713
2.1939,2.193854703133769
2.1917,2.191598386871823
2.1894,2.1894067616077173
2.1873,2.187276595713481
2.1853,2.1852048848319168
2.1833,2.183188831457474
2.1811,2.1812258267338414
2.1794,2.179312533926971
2.1775,2.1774484974271884
2.1756,2.175630659532518
2.174,2.173857019341144
2.1721,2.1721256983014627
2.1704,2.1704349306281547
2.1688,2.168782275919719
2.1672,2.16716774356564
2.1655,2.1655890603467096
2.1639,2.1640448324933743
2.1627,2.1625337428862106
2.161,2.161054545645968
2.1595,2.159606061187025
2.158,2.158186501948546
2.1568,2.156796160560933
2.1553,2.155433347038516
2.1542,2.154097105277068
2.1529,2.152786526229279
2.1515,2.151500744927246
2.1504,2.1502389377340108
2.1491,2.1489997345529512
2.1478,2.14778356800805
2.1464,2.146589127845814
2.1456,2.1454157321841505
2.1442,2.1442627295109182
2.143,2.1431294969425223
2.1421,2.142014911823445
2.1411,2.1409194660799566
2.1399,2.1398420776572946
2.1388,2.1387822230697804
2.1378,2.137739400390246
2.1368,2.136713128105863
2.1358,2.135702944047967
2.1347,2.134707933785877
2.1337,2.1337286192638
2.1328,2.1327641126290087
2.1318,2.131814019688093
2.1309,2.130877961169859
2.1298,2.129955571996632
2.129,2.129046070211085
2.1281,2.128149983993304
2.1272,2.12726655024179
2.1264,2.126395454195265
2.1256,2.1255363922359893
2.1248,2.1246890713804527
2.1238,2.1238532087984865
2.123,2.123028140719444
2.1223,2.1222143897070893
2.1214,2.1214113048573395
2.1206,2.1206186396542366
2.1199,2.1198361556961025
2.119,2.119063622350479
2.1183,2.1183004549522457
2.1175,2.117547164877556
2.1168,2.116803176846896
2.1161,2.116068288199642
2.1152,2.115342302567017
2.1147,2.1146250296195834
2.1139,2.113916284827127
2.1133,2.11321555719522
2.1125,2.1125233410458173
2.1119,2.1118391319468004
2.1112,2.111162766389568
2.1105,2.1104940856263643
2.1099,2.109832935490984
2.1092,2.1091791662277366
2.1085,2.1085323257178223
2.1079,2.1078928891148774
2.1072,2.107260408919714
2.1066,2.1066347514601405
2.1059,2.10601578672834
2.1055,2.105403388250876
2.1047,2.104797145519241
2.1042,2.104197516638663
2.1036,2.103604094526526
2.1031,2.10301676565704
2.1024,2.102435419467884
2.102,2.1018599482600635
2.1013,2.101290247101904
2.1008,2.1007259461015164
2.1001,2.1001674834922603
2.0998,2.0996144917937225
2.099,2.099066876260596
2.0986,2.0985245444902736
2.098,2.097987406347828
2.0975,2.097455121386924
2.0969,2.0969281111822604
2.0964,2.0964060370603965
2.0959,2.095888817264669
2.0954,2.095376371972464
2.0949,2.094868623235942
2.0945,2.094365494924989
2.0938,2.0938666759853537
2.0933,2.093372569249693
2.8293,2.82887637134956
2.8281,2.828229490744338
2.8275,2.827590014441207
2.827,2.826957494915183
2.8263,2.826331798487649
2.8255,2.825712795144528
2.8251,2.825100358406279
2.8243,2.8244940777404453
2.824,2.823894411282609
2.8232,2.8233009519263343
2.823,2.8227135861403068
2.822,2.82213220335682
2.8215,2.821556695871619
2.8212,2.8209869587478966
2.8202,2.8204226220718205
2.8199,2.819864124105864
2.8196,2.819311097347756
2.8185,2.818763447047521
2.8183,2.818221080797992
2.8178,2.817683908459782
2.8173,2.817151589566091
2.8164,2.8166245457197068
2.8159,2.8161024382267845
2.8157,2.8155851853265887
2.8152,2.815072707192525
2.8146,2.814564925872858
2.8142,2.814061765233664
2.8135,2.8135629142017256
2.8131,2.813068775636643
2.6136,2.613633282819186
2.613,2.6129864022139646
2.6125,2.612346925910834
2.612,2.611714406384809
2.6109,2.611088709957276
2.6108,2.6104697066141545
2.6096,2.609857269875905
2.6092,2.609250989210072
2.6088,2.608651322752236
2.6081,2.608057863395961
2.6074,2.607470497609933
2.6069,2.6068891148264464
2.6063,2.606313607341246
2.6057,2.605743870217524
2.6053,2.605179533541447
2.6047,2.604621035575491
2.604,2.6040680088173827
2.6037,2.603520358517148
2.603,2.6029779922676184
2.6026,2.6024408199294085
2.602,2.6019085010357177
2.6013,2.601381457189333
2.6008,2.600859349696411
2.6005,2.6003420967962154
2.5999,2.5998296186621515
2.5993,2.5993218373424845
2.5989,2.5988186767032904
2.5985,2.598319825671352
2.5978,2.597825687106269
2.4368,2.436660813065444
2.4362,2.4360139324602224
2.4354,2.435374456157092
2.4349,2.434741936631067
2.434,2.434116240203533
2.4333,2.433497236860412
2.4329,2.4328848001221632
2.4323,2.4322785194563297
2.4317,2.431678852998494
2.4309,2.4310853936422188
2.4305,2.430498027856191
2.4298,2.429916645072704
2.4294,2.429341137587504
2.4288,2.428771400463781
2.4281,2.428207063787705
2.4276,2.427648565821748
2.427,2.4270955390636404
2.4266,2.4265478887634053
2.4261,2.426005522513876
2.4254,2.425468350175666
2.425,2.424936031281975
2.4244,2.424408987435591
2.4238,2.423886879942669
2.4234,2.423369627042473
2.4228,2.422857148908409
2.4223,2.422349367588742
2.4217,2.421846206949548
2.4216,2.42134735591761
2.4209,2.4208532173525272
2.3061,2.306141693268917
2.3056,2.305494812663696
2.3048,2.304855336360565
2.3042,2.3042228168345407
2.3036,2.303597120407007
2.303,2.3029781170638857
2.3024,2.3023656803256367
2.3019,2.301759399659803
2.3011,2.301159733201968
2.3005,2.300566273845692
2.2999,2.2999789080596647
2.2994,2.2993975252761776
2.2989,2.298822017790977
2.2983,2.2982522806672545
2.2976,2.2976879439911784
2.2972,2.297129446025222
2.2967,2.296576419267114
2.2961,2.296028768966879
2.2957,2.2954864027173496
2.2949,2.29494923037914
2.2943,2.294416911485449
2.2937,2.2938898676390647
2.2935,2.2933677601461424
2.2929,2.292850507245946
2.2923,2.2923380291118827
2.2919,2.291830247792216
2.2912,2.2913270871530216
2.2911,2.2908282361210834
2.2904,2.2903340975560007
2.2713,2.271435713095592
2.2707,2.27078883249037
2.2702,2.2701493561872392
2.2696,2.269516836661215
2.2688,2.268891140233681
2.2683,2.26827213689056
2.2676,2.267659700152311
2.267,2.2670534194864773
2.2663,2.266453753028641
2.2658,2.2658602936723664
2.2652,2.265272927886339
2.2646,2.264691545102852
2.2642,2.2641160376176512
2.2635,2.2635463004939287
2.2632,2.2629819638178525
2.2625,2.262423465851896
2.2619,2.261870439093788
2.2613,2.261322788793553
2.2609,2.260780422544024
2.2602,2.260243250205814
2.2597,2.259710931312122
2.2594,2.259183887465739
2.2587,2.2586617799728166
2.2583,2.258144527072621
2.2576,2.257632048938557
2.2571,2.25712426761889
2.2568,2.256621106979696
2.2561,2.2561222559477576
2.2558,2.255628117382675
2.207,2.2069060987671194
2.2063,2.2062592181618985
2.2056,2.205619741858768
2.2051,2.204987222332744
2.2043,2.2043615259052096
2.2038,2.2037425225620884
2.2031,2.2031300858238394
2.2025,2.2025238051580054
2.202,2.2019241387001696
2.2014,2.2013306793438945
2.2008,2.200743313557868
2.2001,2.20016193077438
2.1997,2.19958642328918
2.1991,2.199016686165457
2.1986,2.198452349489381
2.1979,2.1978938515234243
2.1974,2.197340824765316
2.1968,2.196793174465081
2.1964,2.196250808215552
2.1957,2.195713635877342
2.1952,2.195181316983651
2.1947,2.194654273137268
2.1942,2.1941321656443447
2.1936,2.1936149127441493
2.1931,2.193102434610085
2.1927,2.192594653290418
2.192,2.1920914926512243
2.1916,2.1915926416192857
2.1911,2.1910985030542034
2.141,2.140869518775633
2.1402,2.140222638170412
2.1396,2.1395831618672814
2.139,2.138950642341257
2.1384,2.1383249459137232
2.1377,2.137705942570602
2.1371,2.137093505832353
2.1365,2.1364872251665195
2.136,2.135887558708684
2.1353,2.1352940993524085
2.1347,2.134706733566381
2.1342,2.134125350782894
2.1334,2.1335498432976934
2.1331,2.132980106173971
2.1323,2.1324157694978947
2.1318,2.1318572715319384
2.1312,2.13130424477383
2.1307,2.130756594473595
2.1303,2.130214228224066
2.1297,2.129677055885856
2.1292,2.129144736992165
2.1286,2.128617693145781
2.1281,2.1280955856528587
2.1276,2.127578332752663
2.127,2.127065854618599
2.1266,2.126558073298932
2.126,2.126054912659738
2.1255,2.1255560616278
2.125,2.125061923062717
2.1092,2.109182523669075
2.1085,2.108535643063854
2.1079,2.1078961667607232
2.1072,2.1072636472346984
2.1066,2.106637950807165
2.1059,2.106018947464044
2.1055,2.105406510725795
2.1047,2.104800230059961
2.1042,2.104200563602125
2.1036,2.10360710424585
2.1031,2.103019738459823
2.1024,2.102438355676336
2.102,2.101862848191135
2.1013,2.1012931110674127
2.1008,2.1007287743913365
2.1001,2.10017027642538
2.0998,2.099617249667272
2.099,2.099069599367037
2.0986,2.098527233117508
2.098,2.0979900607792974
2.0975,2.097457741885606
2.0969,2.096930698039223
2.0964,2.0964085905463
2.0959,2.095891337646105
2.0954,2.0953788595120404
2.0949,2.0948710781923734
2.0945,2.09436791755318
2.0938,2.093869066521241
2.0933,2.093374927956159
4.7388,4.738596536107014
4.3541,4.354728146124352
4.0384,4.037780659016999
3.7776,3.777493725432973
3.5698,3.5698629339330084
3.3922,3.3920883346595674
3.3024,3.303007960770349
3.2452,3.2456395839769923
3.2041,3.2042377259634103
3.172,3.1722768283562446
3.1466,3.146497507596171
3.1248,3.1250477352179407
3.1064,3.1067815833871624
3.0913,3.0909372591604782
3.077,3.077008247490404
3.0646,3.064612327294417
3.0531,3.053472617392671
3.0432,3.043378916677997
3.0342,3.03416817774474
3.0254,3.0257115844478526
3.018,3.017902155082876
3.0105,3.010663146430666
3.0039,3.003921356151253
2.9975,2.997619038125684
2.9921,2.9917076280267367
2.9861,2.9861459261225063
2.9807,2.980898704198307
2.9761,2.975933320538027
2.971,2.97122820057734
2.9668,2.966757980477947
2.9621,2.962502552834315
2.9582,2.958444196964851
2.9546,2.954567222120504
2.951,2.950855943200831
2.9473,2.9473014335304137
2.9439,2.943890717787689
2.9406,2.9406137508716395
2.9372,2.9374614672383803
2.9343,2.934425659847868
2.9314,2.9314988770486066
2.9289,2.928673010762727
2.926,2.925944559275244
2.923,2.9233064845409493
2.9208,2.920753588274974
2.9182,2.9182810917626023
2.9158,2.9158845927292347
2.9137,2.913558935582901
2.9115,2.9113025777331254
2.9093,2.9091109119136007
2.9068,2.90698070644922
2.9049,2.904908956938748
2.903,2.902892865835433
2.9011,2.9009298242443657
2.8989,2.899016495378288
2.8971,2.8971524236278694
2.8951,2.8953345512417616
2.8933,2.893560877288023
2.892,2.891829523186653
2.8904,2.8901387231255287
2.8885,2.888486036662844
2.8871,2.8868714731944007
2.8854,2.885292759463036
2.8836,2.883748501677718
2.8823,2.8822373826986523
2.8811,2.880758156627254
2.8793,2.879309643859533
2.8782,2.877890056804043
2.876,2.876499688101078
2.8753,2.87513684773576
2.8738,2.873800579588775
2.8724,2.872489974598425
2.8712,2.871204167783074
2.8696,2.8699423354926474
2.8687,2.868703107606306
2.8676,2.867486916759591
2.8666,2.866292452675665
2.865,2.8651190334614527
2.8638,2.863966007594285
2.8628,2.86283275218048
2.8619,2.8617181445441866
2.8607,2.8606226766238496
2.8595,2.859545266344974
2.8586,2.8584853902133127
2.8575,2.857442546293462
2.8566,2.856416253064672
2.8553,2.855406048350655
2.8544,2.854411017703745
2.8534,2.8534316830805126
2.8522,2.8524671566116413
2.8516,2.8515170440971573
2.8506,2.8505809662595407
2.8497,2.8496585580150104
2.8487,2.8487490373914266
2.8476,2.847852932581141
2.8469,2.8469694804681267
2.8461,2.846098366285795
2.8451,2.8452392864112737
2.8444,2.844391947856092
2.8436,2.84355606778528
2.8431,2.842730982415352
2.842,2.841917214322061
2.8412,2.8411141125886776
2.8403,2.840321430695027
2.8392,2.839538930235346
2.8388,2.838766380573216
2.838,2.8380031970320245
2.8377,2.8372498909995887
2.8365,2.836505887185046
2.8358,2.835770982924266
2.8351,2.8350449818450687
2.8341,2.8343276936147137
2.8338,2.833618933699776
2.8331,2.832918191095613
2.8324,2.832225960135421
2.8314,2.8315417363769635
2.8311,2.8308653563087764
2.83,2.83019666118032
2.8297,2.8295354968226816
2.8293,2.8288817134775344
2.8281,2.828234859016899
2.8275,2.8275954086052133
2.827,2.826962914734176
2.8263,2.8263372437292293
2.8255,2.825718265580252
2.8251,2.82510585381156
2.8243,2.824499597906209
2.824,2.823899955979849
2.8232,2.8233065209414754
2.823,2.822719179263271
2.822,2.822137820380937
2.8215,2.8215623365935505
2.8212,2.820992622967552
2.8202,2.820428309603347
2.8199,2.8198698347442908
2.8196,2.8193168309022973
2.8185,2.818769203330352
2.8183,2.818226859624177
2.8178,2.817689709647216
2.8173,2.817157412945965
2.8164,2.816630391104761
2.8159,2.816108305443022
2.8157,2.8155910742025965
2.8152,2.8150786175594176
2.8146,2.8145708575642248
2.8142,2.8140677180855143
2.8135,2.813568888062413
2.8131,2.8130747703368133
4.5235,4.523354579081516
4.1397,4.139486189098854
3.8226,3.8225387019915
3.5629,3.5622517684074744
3.3548,3.3546209769075097
3.1771,3.1768463776340687
3.0883,3.087766003744851
3.0304,3.0303976269514936
2.9888,2.988995768937912
2.9568,2.957034871330746
2.9311,2.9312555505706723
2.9098,2.909805778192442
2.8916,2.891539626361664
2.8757,2.87569530213498
2.8619,2.8617662904649053
2.8494,2.849370370268918
2.8385,2.8382306603671723
2.8281,2.8281369596524986
2.8195,2.8189262207192414
2.8106,2.810469627422354
2.8025,2.802660198057377
2.7952,2.795421189405168
2.7888,2.788679399125755
2.7823,2.7823770811001847
2.7766,2.776465671001238
2.771,2.770903969097008
2.7656,2.7656567471728084
2.7605,2.7606913635125285
2.7557,2.755986243551841
2.7514,2.7515160234524485
2.7474,2.7472605958088163
2.7432,2.7432022399393525
2.7391,2.7393252650950046
2.7356,2.7356139861753324
2.7321,2.732059476504915
2.7285,2.7286487607621903
2.7254,2.725371793846141
2.7222,2.7222195102128817
2.719,2.7191837028223693
2.7163,2.716256920023108
2.7135,2.7134310537372284
2.7109,2.710702602249745
2.7082,2.7080645275154507
2.7053,2.705511631249476
2.7029,2.703039134737104
2.7007,2.700642635703736
2.6984,2.698316978557403
2.6961,2.6960606207076268
2.6945,2.693868954888102
2.6918,2.6917387494237213
2.6898,2.689666999913249
2.6878,2.6876509088099345
2.6858,2.685687867218867
2.6837,2.683774538352789
2.682,2.6819104666023708
2.68,2.680092594216263
2.6783,2.6783189202625244
2.6765,2.676587566161155
2.6749,2.67489676610003
2.6736,2.6732440796373456
2.6713,2.671629516168902
2.6702,2.6700508024375376
2.6683,2.668506544652219
2.6669,2.6669954256731536
2.6657,2.665516199601756
2.6641,2.6640676868340343
2.6625,2.6626480997785444
2.6611,2.661257731075579
2.66,2.6598948907102606
2.6584,2.658558622563276
2.6573,2.6572480175729263
2.656,2.6559622107575755
2.6546,2.654700378467149
2.6538,2.6534611505808074
2.6523,2.652244959734092
2.6507,2.651050495650167
2.6499,2.649877076435954
2.6486,2.6487240505687866
2.6477,2.647590795154981
2.6464,2.646476187518688
2.6454,2.645380719598351
2.6444,2.644303309319475
2.6434,2.643243433187814
2.642,2.642200589267963
2.6411,2.6411742960391726
2.6401,2.6401640913251563
2.6391,2.6391690606782463
2.6385,2.638189726055014
2.6373,2.6372251995861427
2.6361,2.6362750870716587
2.6355,2.635339009234042
2.6347,2.634416600989512
2.6337,2.633507080365928
2.6324,2.6326109755556426
2.6317,2.631727523442628
2.6311,2.6308564092602964
2.6299,2.629997329385775
2.6292,2.629149990830593
2.6284,2.628314110759781
2.6274,2.627489025389853
2.6267,2.626675257296563
2.6254,2.625872155563179
2.6249,2.6250794736695284
2.6243,2.624296973209848
2.6234,2.623524423547717
2.623,2.622761240006526
2.6218,2.62200793397409
2.6212,2.6212639301595475
2.6206,2.6205290258987675
2.62,2.61980302481957
2.6189,2.619085736589215
2.6186,2.618376976674277
2.6177,2.6176762340701143
2.6169,2.6169840031099225
2.6164,2.616299779351465
2.6157,2.615623399283278
2.6149,2.6149547041548216
2.6143,2.614293539797183
2.6136,2.613639756452036
2.613,2.6129929019914004
2.6125,2.6123534515797147
2.612,2.6117209577086773
2.6109,2.6110952867037307
2.6108,2.610476308554753
2.6096,2.609863896786061
2.6092,2.60925764088071
2.6088,2.60865799895435
2.6081,2.6080645639159767
2.6074,2.6074772222377725
2.6069,2.606895863355439
2.6063,2.606320379568052
2.6057,2.6057506659420526
2.6053,2.6051863525778485
2.6047,2.604627877718792
2.604,2.6040748738767987
2.6037,2.6035272463048527
2.603,2.602984902598678
2.6026,2.6024477526217167
2.602,2.6019154559204662
2.6013,2.601388434079263
2.6008,2.600866348417523
2.6005,2.600349117177098
2.5999,2.599836660533919
2.5993,2.599328900538726
2.5989,2.598825761060016
2.5985,2.5983269310369144
2.5978,2.5978328133113147
4.3461,4.3463822679379405
3.9625,3.962513877955279
3.6458,3.6455663908479248
3.3856,3.3852794572639
3.1777,3.1776486657639347
2.9999,2.9998740664904937
2.9109,2.910793692601276
2.8533,2.8534253158079186
2.8125,2.8120234577943366
2.7799,2.780062560187171
2.754,2.7542832394270973
2.733,2.732833467048867
2.7147,2.7145673152180887
2.6988,2.698722990991405
2.6849,2.6847939793213302
2.6724,2.672398059125343
2.6611,2.6612583492235973
2.6512,2.6511646485089235
2.6418,2.6419539095756663
2.6336,2.633497316278779
2.6256,2.6256878869138025
2.6183,2.618448878261592
2.6116,2.61170708798218
2.6055,2.6054047699566096
2.5994,2.599493359857663
2.5938,2.5939316579534326
2.5887,2.5886844360292334
2.5837,2.583719052368953
2.5789,2.579013932408266
2.5745,2.574543712308873
2.5703,2.5702882846652413
2.566,2.566229928795777
2.5621,2.5623529539514296
2.5585,2.5586416750317573
2.555,2.55508716536134
2.5517,2.551676449618616
2.5486,2.5483994827025658
2.5454,2.545247199069306
2.5422,2.5422113916787943
2.5393,2.539284608879533
2.5363,2.5364587425936533
2.5337,2.53373029110617
2.531,2.531092216371876
2.5286,2.5285393201059003
2.5259,2.5260668235935286
2.5237,2.523670324560161
2.5215,2.521344667413828
2.5191,2.519088309564052
2.5169,2.516896643744527
2.5148,2.5147664382801462
2.5126,2.512694688769674
2.5107,2.5106785976663595
2.5087,2.508715556075292
2.5068,2.506802227209214
2.5048,2.504938155458796
2.5031,2.503120283072688
2.5014,2.5013466091189493
2.4998,2.49961525501758
2.498,2.497924454956455
2.4965,2.4962717684937705
2.4946,2.494657205025327
2.4932,2.4930784912939625
2.4916,2.491534233508644
2.4903,2.4900231145295786
2.4884,2.4885438884581803
2.487,2.4870953756904592
2.4856,2.4856757886349694
2.484,2.484285419932004
2.4829,2.4829225795666856
2.4815,2.481586311419701
2.4803,2.4802757064293512
2.479,2.4789898996140005
2.478,2.4777280673235738
2.4766,2.4764888394372324
2.4752,2.475272648590517
2.474,2.474078184506592
2.473,2.472904765292379
2.4716,2.4717517394252115
2.4708,2.4706184840114065
2.4696,2.469503876375113
2.4683,2.468408408454776
2.4671,2.4673309981759
2.4664,2.466271122044239
2.4652,2.465228278124388
2.4644,2.4642019848955976
2.463,2.463191780181581
2.4621,2.462196749534672
2.4612,2.461217414911439
2.4603,2.460252888442568
2.4592,2.459302775928084
2.4584,2.458366698090467
2.4573,2.4574442898459368
2.4565,2.456534769222353
2.4557,2.455638664412068
2.4548,2.454755212299053
2.454,2.4538840981167214
2.4529,2.4530250182422
2.452,2.452177679687018
2.4515,2.451341799616206
2.4506,2.4505167142462785
2.4496,2.449702946152988
2.4491,2.448899844419604
2.4481,2.4481071625259534
2.4475,2.4473246620662725
2.4466,2.4465521124041425
2.446,2.445788928862951
2.4452,2.445035622830515
2.4443,2.4442916190159725
2.4437,2.4435567147551924
2.4429,2.442830713675995
2.4423,2.44211342544564
2.4413,2.4414046655307025
2.4408,2.44070392292654
2.4401,2.4400116919663475
2.4391,2.43932746820789
2.4385,2.4386510881397028
2.4377,2.4379823930112465
2.4373,2.437321228653608
2.4368,2.4366674453084607
2.4362,2.4360205908478254
2.4354,2.43538114043614
2.4349,2.4347486465651023
2.434,2.434122975560156
2.4333,2.433503997411178
2.4329,2.432891585642486
2.4323,2.432285329737135
2.4317,2.431685687810775
2.4309,2.4310922527724017
2.4305,2.4305049110941974
2.4298,2.429923552211864
2.4294,2.429348068424477
2.4288,2.4287783547984776
2.4281,2.428214041434273
2.4276,2.427655566575217
2.427,2.427102562733224
2.4266,2.4265549351612776
2.4261,2.426012591455103
2.4254,2.4254754414781416
2.425,2.424943144776891
2.4244,2.424416122935688
2.4238,2.423894037273948
2.4234,2.423376806033523
2.4228,2.422864349390344
2.4223,2.422356589395151
2.4217,2.4218534499164406
2.4216,2.42135461989334
2.4209,2.42086050216774
4.2153,4.215862660816196
3.8315,3.831994270833534
3.5146,3.5150467837261803
3.2545,3.254759850142155
3.0476,3.04712905864219
2.8697,2.869354459368749
2.7802,2.780274085479532
2.723,2.722905708686174
2.6816,2.681503850672592
2.6501,2.6495429530654264
2.6239,2.623763632305353
2.6023,2.6023138599271225
2.5839,2.584047708096344
2.5679,2.56820338386966
2.5543,2.5542743721995858
2.5417,2.541878452003598
2.5305,2.530738742101853
2.5205,2.520645041387179
2.5113,2.511434302453922
2.5032,2.5029777091570344
2.4953,2.495168279792058
2.4879,2.487929271139848
2.4814,2.481187480860436
2.4749,2.474885162834865
2.4688,2.4689737527359186
2.4636,2.463412050831688
2.4582,2.458164828907489
2.453,2.453199445247209
2.4485,2.448494325286521
2.4439,2.444024105187129
2.4396,2.439768677543497
2.4358,2.435710321674033
2.4321,2.431833346829685
2.4279,2.428122067910013
2.4246,2.424567558239596
2.4211,2.421156842496871
2.4178,2.4178798755808213
2.4146,2.414727591947562
2.4116,2.41169178455705
2.4088,2.4087650017577884
2.4058,2.405939135471909
2.4032,2.4032106839844256
2.4006,2.400572609250131
2.398,2.398019712984156
2.3954,2.395547216471784
2.3931,2.393150717438417
2.3909,2.390825060292084
2.3886,2.3885687024423072
2.3863,2.3863770366227826
2.3842,2.3842468311584017
2.3822,2.382175081647929
2.38,2.380158990544615
2.3782,2.378195948953548
2.3762,2.3762826200874696
2.3745,2.3744185483370512
2.3725,2.3726006759509435
2.3706,2.370827001997205
2.3689,2.369095647895836
2.3674,2.3674048478347105
2.3658,2.365752161372026
2.364,2.3641375979035826
2.3626,2.362558884172218
2.3608,2.3610146263869
2.3595,2.359503507407834
2.3579,2.358024281336436
2.3565,2.3565757685687148
2.3552,2.355156181513225
2.3537,2.35376581281026
2.3524,2.352402972444941
2.3512,2.3510667042979567
2.3497,2.3497560993076068
2.3485,2.348470292492256
2.3471,2.3472084602018293
2.346,2.345969232315488
2.3449,2.3447530414687727
2.3433,2.343558577384848
2.3423,2.3423851581706345
2.3413,2.341232132303467
2.3401,2.340098876889662
2.339,2.3389842692533684
2.3378,2.3378888013330315
2.3368,2.336811391054156
2.3357,2.3357515149224946
2.3348,2.334708671002644
2.3337,2.333682377773853
2.3327,2.3326721730598368
2.3316,2.331677142412927
2.3306,2.3306978077896945
2.3297,2.329733281320823
2.3288,2.328783168806339
2.3278,2.3278470909687226
2.3269,2.3269246827241923
2.3262,2.3260151621006084
2.3252,2.325119057290323
2.3242,2.3242356051773085
2.3235,2.323364490994977
2.3225,2.3225054111204555
2.3215,2.3216580725652736
2.3207,2.320822192494461
2.3198,2.319997107124534
2.3191,2.319183339031244
2.3184,2.3183802372978595
2.3178,2.317587555404209
2.3168,2.316805054944528
2.316,2.316032505282398
2.3153,2.3152693217412064
2.3143,2.3145160157087705
2.3138,2.313772011894228
2.3131,2.313037107633448
2.3122,2.3123111065542505
2.3117,2.3115938183238955
2.3109,2.310885058408958
2.3101,2.3101843158047948
2.3096,2.309492084844603
2.309,2.3088078610861453
2.3081,2.3081314810179583
2.3075,2.307462785889502
2.3068,2.3068016215318634
2.3061,2.306147838186716
2.3056,2.305500983726081
2.3048,2.304861533314395
2.3042,2.3042290394433578
2.3036,2.303603368438411
2.303,2.3029843902894336
2.3024,2.3023719785207417
2.3019,2.3017657226153907
2.3011,2.3011660806890304
2.3005,2.300572645650657
2.2999,2.299985303972453
2.2994,2.29940394509012
2.2989,2.2988284613027323
2.2983,2.298258747676733
2.2976,2.297694434312529
2.2972,2.2971359594534726
2.2967,2.296582955611479
2.2961,2.296035328039533
2.2957,2.2954929843333587
2.2949,2.294955834356397
2.2943,2.2944235376551467
2.2937,2.293896515813944
2.2935,2.293374430152204
2.2929,2.2928571989117783
2.2923,2.2923447422685994
2.2919,2.2918369822734066
2.2912,2.291333842794696
2.2911,2.290835012771595
2.2904,2.290340895045995
4.1816,4.181156439760235
3.7976,3.797288049777572
3.4805,3.480340562670219
3.22,3.2200536290861934
3.0125,3.0124228375862288
2.8347,2.834648238312788
2.7458,2.74556786442357
2.6879,2.6881994876302127
2.6471,2.6467976296166307
2.6148,2.614836732009465
2.589,2.589057411249392
2.5674,2.567607638871161
2.5491,2.549341487040383
2.5336,2.533497162813698
2.5196,2.5195681511436243
2.507,2.507172230947637
2.4958,2.496032521045892
2.4859,2.4859388203312176
2.4769,2.47672808139796
2.4682,2.468271488101073
2.4602,2.4604620587360966
2.4532,2.4532230500838863
2.4464,2.446481259804474
2.4398,2.440178941778904
2.4342,2.434267531679957
2.4287,2.4287058297757262
2.4235,2.4234586078515274
2.4187,2.418493224191248
2.4139,2.41378810423056
2.4093,2.4093178841311675
2.4049,2.405062456487536
2.4013,2.401004100618072
2.3971,2.397127125773724
2.3934,2.3934158468540514
2.3898,2.389861337183634
2.3865,2.3864506214409094
2.3831,2.3831736545248594
2.3799,2.3800213708916003
2.3769,2.3769855635010884
2.374,2.374058780701827
2.3712,2.3712329144159474
2.3684,2.368504462928464
2.3659,2.3658663881941697
2.3633,2.3633134919281944
2.361,2.3608409954158227
2.3581,2.358444496382455
2.3562,2.356118839236122
2.354,2.353862481386346
2.3514,2.3516708155668216
2.3495,2.34954061010244
2.3474,2.347468860591968
2.3453,2.3454527694886536
2.3434,2.343489727897586
2.3414,2.341576399031508
2.3399,2.33971232728109
2.338,2.337894454894982
2.3362,2.3361207809412434
2.3345,2.334389426839873
2.3326,2.332698626778749
2.331,2.3310459403160646
2.3295,2.329431376847621
2.3277,2.3278526631162566
2.3264,2.326308405330938
2.3248,2.3247972863518727
2.3233,2.3233180602804744
2.3219,2.3218695475127533
2.3205,2.320449960457264
2.319,2.319059591754298
2.3178,2.31769675138898
2.3162,2.316360483241996
2.3151,2.3150498782516453
2.3138,2.313764071436294
2.3125,2.312502239145868
2.3113,2.311263011259526
2.3099,2.310046820412812
2.3089,2.3088523563288863
2.3077,2.307678937114673
2.3065,2.3065259112475056
2.3055,2.305392655833701
2.3042,2.304278048197407
2.303,2.30318258027707
2.3019,2.3021051699981943
2.3011,2.301045293866533
2.2999,2.3000024499466822
2.2991,2.298976156717892
2.2978,2.297965952003876
2.2971,2.2969709213569653
2.296,2.295991586733733
2.295,2.2950270602648617
2.294,2.2940769477503773
2.2932,2.2931408699127607
2.2922,2.292218461668231
2.2914,2.2913089410446466
2.2904,2.2904128362343616
2.2895,2.289529384121347
2.2886,2.288658269939015
2.2878,2.287799190064494
2.287,2.286951851509312
2.286,2.2861159714385
2.2852,2.285290886068573
2.2845,2.284477117975282
2.2837,2.283674016241898
2.2829,2.2828813343482475
2.2821,2.2820988338885666
2.2814,2.281326284226436
2.2805,2.280563100685245
2.2797,2.279809794652809
2.2791,2.2790657908382665
2.2782,2.2783308865774865
2.2776,2.277604885498289
2.2767,2.276887597267934
2.2763,2.2761788373529965
2.2755,2.2754780947488333
2.2748,2.2747858637886416
2.2742,2.274101640030184
2.2736,2.273425259961997
2.2728,2.272756564833541
2.2719,2.272095400475902
2.2713,2.2714416171307548
2.2707,2.2707947626701195
2.2702,2.2701553122584333
2.2696,2.2695228183873963
2.2688,2.26889714738245
2.2683,2.268278169233472
2.2676,2.2676657574647807
2.267,2.2670595015594293
2.2663,2.266459859633069
2.2658,2.265866424594696
2.2652,2.2652790829164915
2.2646,2.264697724034158
2.2642,2.264122240246771
2.2635,2.263552526620772
2.2632,2.262988213256568
2.2625,2.262429738397511
2.2619,2.2618767345555177
2.2613,2.261329106983572
2.2609,2.260786763277397
2.2602,2.260249613300436
2.2597,2.2597173165991853
2.2594,2.259190294757982
2.2587,2.258668209096242
2.2583,2.258150977855817
2.2576,2.257638521212638
2.2571,2.257130761217445
2.2568,2.2566276217387347
2.2561,2.2561287917156334
2.2558,2.2556346739900337
4.1162,4.116626222591854
3.7324,3.732757832609192
3.4164,3.4158103455018383
3.1558,3.1555234119178124
2.9476,2.947892620417848
2.7702,2.7701180211444068
2.6811,2.681037647255189
2.6238,2.623669270461832
2.5824,2.5822674124482496
2.5504,2.5503065148410844
2.5246,2.524527194081011
2.503,2.5030774217027805
2.4846,2.484811269872002
2.469,2.4689669456453176
2.455,2.455037933975244
2.4427,2.442642013779256
2.4313,2.4315023038775103
2.4212,2.421408603162837
2.4123,2.4121978642295794
2.4037,2.4037412709326924
2.396,2.3959318415677155
2.3887,2.3886928329155053
2.3819,2.381951042636093
2.3757,2.375648724610523
2.3697,2.369737314511576
2.3642,2.3641756126073457
2.3589,2.3589283906831464
2.3539,2.353963007022867
2.3492,2.349257887062179
2.3448,2.3447876669627865
2.3405,2.3405322393191548
2.3366,2.336473883449691
2.3325,2.332596908605343
2.3288,2.328885629685671
2.3253,2.325331120015253
2.3221,2.3219204042725283
2.3186,2.318643437356479
2.3156,2.31549115372322
2.3123,2.312455346332708
2.3095,2.3095285635334464
2.3068,2.3067026972475664
2.304,2.303974245760083
2.3014,2.3013361710257887
2.2987,2.298783274759814
2.2964,2.296310778247442
2.2941,2.2939142792140745
2.2915,2.2915886220677413
2.2893,2.2893322642179648
2.2873,2.2871405983984405
2.2851,2.28501039293406
2.2829,2.282938643423587
2.2809,2.2809225523202725
2.2789,2.278959510729205
2.2769,2.277046181863127
2.2751,2.275182110112709
2.2733,2.273364237726601
2.2715,2.271590563772863
2.2698,2.269859209671493
2.2682,2.268168409610368
2.2666,2.266515723147684
2.2648,2.2649011596792405
2.2634,2.263322445947876
2.2617,2.261778188162557
2.2603,2.260267069183492
2.2588,2.258787843112094
2.2572,2.2573393303443723
2.2559,2.255919743288883
2.2545,2.2545293745859176
2.2532,2.253166534220598
2.2518,2.2518302660736147
2.2507,2.2505196610832643
2.2492,2.2492338542679136
2.2479,2.247972021977487
2.2467,2.246732794091145
2.2455,2.2455166032444307
2.2443,2.2443221391605053
2.2432,2.243148719946292
2.2421,2.241995694079125
2.2408,2.2408624386653195
2.2397,2.2397478310290264
2.2387,2.238652363108689
2.2375,2.2375749528298137
2.2366,2.2365150766981525
2.2355,2.235472232778301
2.2343,2.234445939549511
2.2336,2.2334357348354943
2.2326,2.2324407041885848
2.2314,2.231461369565352
2.2305,2.2304968430964807
2.2296,2.2295467305819967
2.2286,2.22861065274438
2.2277,2.22768824449985
2.2269,2.226778723876266
2.2259,2.2258826190659806
2.2249,2.224999166952966
2.224,2.2241280527706344
2.2232,2.223268972896113
2.2224,2.222421634340931
2.2217,2.2215857542701194
2.2207,2.220760668900192
2.22,2.219946900806901
2.2191,2.219143799073517
2.2184,2.218351117179867
2.2178,2.2175686167201856
2.2168,2.2167960670580555
2.216,2.2160328835168643
2.2154,2.2152795774844285
2.2146,2.214535573669885
2.214,2.213800669409106
2.2131,2.2130746683299085
2.2123,2.212357380099553
2.2117,2.211648620184616
2.211,2.2109478775804523
2.2103,2.2102556466202605
2.2096,2.209571422861803
2.209,2.2088950427936163
2.2083,2.20822634766516
2.2077,2.207565183307521
2.207,2.206911399962374
2.2063,2.206264545501739
2.2056,2.2056250950900527
2.2051,2.204992601219016
2.2043,2.204366930214069
2.2038,2.203747952065092
2.2031,2.2031355402964
2.2025,2.2025292843910487
2.202,2.201929642464688
2.2014,2.201336207426315
2.2008,2.2007488657481105
2.2001,2.2001675068657773
2.1997,2.19959202307839
2.1991,2.19902230945239
2.1986,2.198457996088187
2.1979,2.19789952122913
2.1974,2.1973465173871367
2.1968,2.1967988898151907
2.1964,2.196256546109016
2.1957,2.1957193961320547
2.1952,2.1951870994308047
2.1947,2.194660077589601
2.1942,2.1941379919278616
2.1936,2.193620760687436
2.1931,2.193108304044257
2.1927,2.192600544049064
2.192,2.1920974045703536
2.1916,2.1915985745472524
2.1911,2.191104456821653
4.0512,4.050588769164762
3.6658,3.6667203791821
3.3494,3.3497728920747463
3.0899,3.089485958490721
2.8818,2.881855166990756
2.7039,2.704080567717315
2.6151,2.6150001938280973
2.5577,2.55763181703474
2.5161,2.516229959021158
2.4841,2.4842690614139924
2.4586,2.458489740653919
2.4371,2.4370399682756885
2.4187,2.41877381644491
2.4032,2.402929492218226
2.3889,2.389000480548152
2.3764,2.3766045603521646
2.3654,2.3654648504504188
2.3553,2.355371149735745
2.3462,2.3461604108024874
2.3377,2.3377038175056004
2.3299,2.329894388140624
2.3225,2.3226553794884137
2.3161,2.3159135892090013
2.3096,2.309611271183431
2.3038,2.3036998610844845
2.2982,2.2981381591802537
2.2929,2.292890937256055
2.288,2.287925553595775
2.2832,2.2832204336350874
2.2788,2.278750213535695
2.2746,2.2744947858920628
2.2704,2.270436430022599
2.2666,2.266559455178251
2.2628,2.262848176258579
2.2594,2.2592936665881616
2.2558,2.2558829508454368
2.2528,2.252605983929387
2.2494,2.249453700296128
2.2463,2.246417892905616
2.2435,2.2434911101063544
2.2406,2.240665243820475
2.238,2.237936792332992
2.2352,2.235298717598697
2.2327,2.232745821332722
2.2301,2.23027332482035
2.2278,2.2278768257869825
2.2253,2.2255511686406493
2.2231,2.223294810790873
2.2212,2.221103144971349
2.219,2.218972939506968
2.2169,2.2169011899964954
2.2148,2.214885098893181
2.2129,2.2129220573021136
2.211,2.211008728436036
2.209,2.209144656685617
2.2074,2.207326784299509
2.2056,2.205553110345771
2.2038,2.203821756244401
2.2021,2.2021309561832765
2.2005,2.200478269720592
2.1987,2.198863706252149
2.1973,2.197284992520784
2.1957,2.1957407347354656
2.1941,2.1942296157564
2.1927,2.192750389685002
2.1914,2.1913018769172807
2.1899,2.189882289861792
2.1884,2.1884919211588256
2.1872,2.187129080793507
2.1859,2.1857928126465227
2.1845,2.1844822076561727
2.1832,2.1831964008408216
2.1819,2.1819345685503952
2.1807,2.180695340664053
2.1795,2.1794791498173387
2.1783,2.1782846857334137
2.1772,2.1771112665192005
2.176,2.175958240652033
2.1748,2.174824985238228
2.1738,2.1737103776019344
2.1726,2.172614909681597
2.1717,2.1715374994027217
2.1704,2.1704776232710605
2.1696,2.1694347793512097
2.1684,2.168408486122419
2.1673,2.1673982814084027
2.1664,2.1664032507614928
2.1654,2.1654239161382605
2.1645,2.164459389669389
2.1635,2.1635092771549047
2.1625,2.162573199317288
2.1616,2.1616507910727583
2.1609,2.160741270449174
2.16,2.159845165638889
2.159,2.1589617135258745
2.1581,2.1580905993435424
2.1572,2.157231519469021
2.1564,2.1563841809138395
2.1555,2.1555483008430274
2.1547,2.1547232154731
2.1538,2.1539094473798093
2.1531,2.153106345646425
2.1524,2.152313663752775
2.1515,2.151531163293094
2.1509,2.1507586136309635
2.1499,2.1499954300897723
2.1491,2.149242124057337
2.1485,2.148498120242794
2.1478,2.147763215982014
2.1472,2.1470372149028165
2.1463,2.146319926672461
2.1457,2.145611166757524
2.1449,2.1449104241533608
2.1442,2.144218193193169
2.1436,2.143533969434712
2.1429,2.1428575893665243
2.1421,2.1421888942380685
2.1416,2.1415277298804294
2.141,2.140873946535282
2.1402,2.140227092074647
2.1396,2.1395876416629607
2.139,2.138955147791924
2.1384,2.1383294767869776
2.1377,2.137710498638
2.1371,2.137098086869308
2.1365,2.1364918309639567
2.136,2.1358921890375964
2.1353,2.135298753999223
2.1347,2.134711412321019
2.1342,2.1341300534386853
2.1334,2.1335545696512983
2.1331,2.132984856025299
2.1323,2.132420542661096
2.1318,2.1318620678020386
2.1312,2.131309063960045
2.1307,2.130761436388099
2.1303,2.1302190926819247
2.1297,2.129681942704963
2.1292,2.1291496460037127
2.1286,2.128622624162509
2.1281,2.1281005385007696
2.1276,2.1275833072603443
2.127,2.1270708506171654
2.1266,2.126563090621973
2.126,2.126059951143262
2.1255,2.125561121120161
2.125,2.125067003394561
4.0188,4.018901237433594
3.6351,3.635032847450933
3.3185,3.3180853603435785
3.058,3.057798426759553
2.8502,2.8501676352595884
2.6724,2.6723930359861474
2.5833,2.5833126620969296
2.5261,2.5259442853035723
2.4845,2.4845424272899903
2.4527,2.4525815296828246
2.4268,2.426802208922751
2.4053,2.4053524365445207
2.3868,2.3870862847137424
2.3713,2.3712419604870583
2.3573,2.357312948816984
2.345,2.344917028620997
2.3334,2.333777318719251
2.3239,2.323683618004577
2.3144,2.31447287907132
2.3061,2.3060162857744326
2.2981,2.298206856409456
2.291,2.290967847757246
2.2841,2.284226057477833
2.2778,2.277923739452264
2.2722,2.2720123293533168
2.2664,2.2664506274490863
2.2612,2.261203405524887
2.2563,2.256238021864607
2.2516,2.25153290190392
2.2471,2.247062681804527
2.2428,2.242807254160895
2.239,2.238748898291431
2.2349,2.234871923447084
2.2312,2.231160644527411
2.2277,2.2276061348569938
2.2243,2.224195419114269
2.221,2.2209184521982195
2.2178,2.2177661685649603
2.2146,2.214730361174448
2.2119,2.2118035783751866
2.2089,2.208977712089307
2.2063,2.206249260601824
2.2035,2.2036111858675294
2.201,2.201058289601554
2.1986,2.1985857930891823
2.1962,2.1961892940558148
2.1939,2.193863636909481
2.1917,2.191607279059705
2.1894,2.1894156132401807
2.1873,2.1872854077758
2.1853,2.185213658265328
2.1833,2.183197567162013
2.1811,2.1812345255709458
2.1794,2.179321196704868
2.1775,2.177457124954449
2.1756,2.1756392525683417
2.174,2.173865578614603
2.1721,2.1721342245132336
2.1704,2.1704434244521087
2.1688,2.168790737989424
2.1672,2.1671761745209808
2.1655,2.165597460789616
2.1639,2.164053203004298
2.1627,2.1625420840252323
2.161,2.161062857953834
2.1595,2.159614345186113
2.158,2.158194758130623
2.1568,2.156804389427658
2.1553,2.15544154906234
2.1542,2.154105280915355
2.1529,2.152794675925005
2.1515,2.151508869109654
2.1504,2.1502470368192275
2.1491,2.149007808932886
2.1478,2.147791618086171
2.1464,2.146597154002245
2.1456,2.1454237347880327
2.1442,2.144270708920865
2.143,2.14313745350706
2.1421,2.142022845870766
2.1411,2.1409273779504296
2.1399,2.139849967671554
2.1388,2.1387900915398927
2.1378,2.137747247620042
2.1368,2.136720954391252
2.1358,2.135710749677235
2.1347,2.134715719030325
2.1337,2.1337363844070927
2.1328,2.1327718579382213
2.1318,2.1318217454237374
2.1309,2.1308856675861207
2.1298,2.1299632593415905
2.129,2.129053738718006
2.1281,2.1281576339077213
2.1272,2.1272741817947067
2.1264,2.126403067612375
2.1256,2.1255439877378537
2.1248,2.124696649182672
2.1238,2.12386076911186
2.123,2.123035683741932
2.1223,2.122221915648641
2.1214,2.1214188139152577
2.1206,2.120626132021607
2.1199,2.1198436315619262
2.119,2.119071081899796
2.1183,2.118307898358605
2.1175,2.1175545923261687
2.1168,2.116810588511626
2.1161,2.116075684250846
2.1152,2.1153496831716487
2.1147,2.1146323949412937
2.1139,2.113923635026356
2.1133,2.113222892422193
2.1125,2.112530661462001
2.1119,2.1118464377035435
2.1112,2.1111700576353565
2.1105,2.1105013625069
2.1099,2.1098401981492616
2.1092,2.1091864148041144
2.1085,2.108539560343479
2.1079,2.1079001099317933
2.1072,2.107267616060756
2.1066,2.1066419450558094
2.1059,2.106022966906832
2.1055,2.10541055513814
2.1047,2.104804299232789
2.1042,2.1042046573064286
2.1036,2.1036112222680554
2.1031,2.103023880589851
2.1024,2.1024425217075176
2.102,2.1018670379201305
2.1013,2.101297324294132
2.1008,2.100733010929927
2.1001,2.100174536070871
2.0998,2.0996215322288774
2.099,2.099073904656932
2.0986,2.098531560950757
2.098,2.097994410973796
2.0975,2.097462114272545
2.0969,2.096935092431341
2.0964,2.096413006769602
2.0959,2.0958957755291765
2.0954,2.0953833188859976
2.0949,2.094875558890805
2.0945,2.0943724194120943
2.0938,2.093873589388993
2.0933,2.0933794716633933
4.7388,4.738647260186228
4.3541,4.354796470855723
4.0384,4.037859712661003
3.7776,3.777578465966757
3.5698,3.569949762796516
3.3922,3.3921748601488986
3.3024,3.303093476790085
3.2452,3.2457241041493563
3.2041,3.2043213440113014
3.172,3.1723596377492327
3.1466,3.146579589649797
3.1248,3.1251291586874226
3.1064,3.106862406304736
3.0913,3.091017530559916
3.077,3.077088009858874
3.0646,3.064691617112125
3.0531,3.0535514664546834
3.0432,3.04345735291544
3.0342,3.034246225872152
3.0254,3.025789266477781
3.018,3.017979490577943
3.0105,3.0107401533283404
3.0039,3.003998050537837
2.9975,2.9976954346312006
2.9921,2.9917837400120453
2.9861,2.9862217658359693
2.9807,2.9809742829079013
2.9761,2.976008648526331
2.971,2.971303287593184
2.9668,2.966832835458078
2.9621,2.962577184096366
2.9582,2.958518612269009
2.9546,2.95464142872329
2.951,2.9509299478074853
2.9473,2.9473752426234605
2.9439,2.9439643373732745
2.9406,2.9406871866098254
2.9372,2.937534724471986
2.9343,2.934498743628203
2.9314,2.931571792158508
2.9289,2.9287457616600103
2.926,2.926017150345001
2.923,2.9233789198765714
2.9208,2.9208258717726894
2.9182,2.918353227135269
2.9158,2.9159565835188785
2.9137,2.9136307851055925
2.9115,2.9113742892905723
2.9093,2.9091824885999604
2.9068,2.907052151227973
2.9049,2.904980272650736
2.903,2.902964055206249
2.9011,2.901000889891163
2.8989,2.8990874397588526
2.8971,2.8972232492192136
2.8951,2.895405260371548
2.8933,2.893631472197946
2.892,2.891900006037071
2.8904,2.890209095999769
2.8885,2.8885563015201963
2.8871,2.886941632027812
2.8854,2.885362814147697
2.8836,2.883818454026278
2.8823,2.8823072344642684
2.8811,2.88082790950644
2.8793,2.879379299494836
2.8782,2.877959616741309
2.876,2.876569153928258
2.8753,2.8752062209479297
2.8738,2.873869861636209
2.8724,2.872559166888558
2.8712,2.8712732716823526
2.8696,2.870011352328275
2.8687,2.868772038627291
2.8676,2.8675557632606976
2.8666,2.8663612158758887
2.865,2.8651877145466185
2.8638,2.864034607718374
2.8628,2.862901272466876
2.8619,2.8617865860495724
2.8607,2.8606910404517167
2.8595,2.859613553533795
2.8586,2.8585536017753674
2.8575,2.8575106832158044
2.8566,2.856484316310051
2.8553,2.855474038858393
2.8544,2.854478936356535
2.8534,2.85349953080774
2.8522,2.8525349342871893
2.8516,2.8515847525745945
2.8506,2.8506486063728147
2.8497,2.8497261305791084
2.8487,2.848816543171361
2.8476,2.847920372387859
2.8469,2.847036855063405
2.8461,2.846165676414819
2.8451,2.845306532803164
2.8444,2.844459131224414
2.8436,2.843623188828529
2.8431,2.842798041788185
2.842,2.841984212723766
2.8412,2.841181050675257
2.8403,2.840388309109172
2.8392,2.8396057496068297
2.8388,2.8388331415192747
2.838,2.8380699001302943
2.8377,2.837316536871027
2.8365,2.836572476411414
2.8358,2.835837516076172
2.8351,2.835111459482278
2.8341,2.8343941162864548
2.8338,2.833685301945029
2.8331,2.832984505417814
2.8324,2.83229222107971
2.8314,2.831607944453216
2.8311,2.8309315120176834
2.83,2.830262765013632
2.8297,2.82960154926344
2.8293,2.8289477150003006
2.8281,2.8283008100640217
2.8275,2.827661309659104
2.827,2.8270287662452303
2.8263,2.826403046140192
2.8255,2.825784019326406
2.8251,2.8251715593209155
2.8243,2.8245652555769745
2.824,2.8239655662489103
2.8232,2.823372084216061
2.823,2.822784695944012
2.822,2.822203290862028
2.8215,2.8216277612628966
2.8212,2.8210580022069207
2.8202,2.820493643767114
2.8199,2.8199351242239383
2.8196,2.8193820760620096
2.8185,2.8188344045287184
2.8183,2.81829201721432
2.8178,2.81775482397691
2.8173,2.817222484337374
2.8164,2.8166954199158662
2.8159,2.816173292006256
2.8157,2.815656018845503
2.8152,2.815143520604753
2.8146,2.814635719330065
2.8142,2.814132538885349
2.8135,2.813633668185933
2.8131,2.8131395101080914
4.5235,4.52331069507972
4.1397,4.139446782944094
3.8226,3.8225037054030833
3.5629,3.562220978197648
3.3548,3.3545940006308816
3.1771,3.176823058564413
3.0883,3.08774467783945
3.0304,3.030377649409613
2.9888,2.988976798843457
2.9568,2.957016699974443
2.9311,2.931238037530454
2.9098,2.90978882290697
2.8916,2.8915231534858576
2.8757,2.8756792534373146
2.8619,2.86175061919818
2.8494,2.8493550385519084
2.8385,2.8382156368036697
2.8281,2.8281222178270684
2.8195,2.8189117381209963
2.8106,2.810455384655309
2.8025,2.8026461783510364
2.7952,2.795407377847648
2.7888,2.788665782634405
2.7823,2.7823636480346
2.7766,2.7764524109422606
2.771,2.770890872668233
2.7656,2.7656438058949058
2.7605,2.7606785697517946
2.7557,2.755973590211476
2.7514,2.751503504101425
2.7474,2.747248204539285
2.7432,2.7431899713067533
2.7391,2.739313114066884
2.7356,2.7356019481401463
2.7321,2.7320475470736194
2.7285,2.7286369358977414
2.7254,2.72536006977975
2.7222,2.722207883418777
2.719,2.719172169995585
2.7163,2.7162454780598755
2.7135,2.7134196997588584
2.7109,2.7106913334620883
2.7082,2.7080533413215258
2.7053,2.705500525194506
2.7029,2.703028106497436
2.7007,2.700631683076868
2.6984,2.698306099487564
2.6961,2.696049813172977
2.6945,2.693858216998983
2.6918,2.6917280793803955
2.6898,2.689656395999796
2.6878,2.6876403693886743
2.6858,2.6856773907252656
2.6837,2.6837641233197376
2.682,2.681900111568387
2.68,2.680082297809763
2.6783,2.678308681168548
2.6765,2.6765773831180204
2.6749,2.674886637896246
2.6736,2.673234005134075
2.6713,2.671619494220814
2.6702,2.6700408319673943
2.6683,2.668496624622724
2.6669,2.666985555084827
2.6657,2.665506377490958
2.6641,2.664057912271125
2.6625,2.662638371888196
2.6611,2.6612480489686505
2.66,2.6598852535492323
2.6584,2.658549029538384
2.6573,2.657238467900839
2.656,2.655952703680157
2.6546,2.654690913250293
2.6538,2.653451726532801
2.6523,2.652235576145893
2.6507,2.651041151853456
2.6499,2.6498677717824366
2.6486,2.6487147844293264
2.6477,2.647581566918787
2.6464,2.646466996610198
2.6454,2.645371565423274
2.6444,2.6442941913176115
2.6434,2.643234350814472
2.642,2.6421915419933395
2.6411,2.641165283347769
2.6401,2.640155112715223
2.6391,2.6391601156771576
2.6385,2.6381808141708287
2.6373,2.6372163203552965
2.6361,2.636266240042376
2.6355,2.635330193965901
2.6347,2.634407817053037
2.6337,2.63349832735684
2.6324,2.6326022530503628
2.6317,2.63171883104224
2.6311,2.6308477465753675
2.6299,2.629988696036029
2.6292,2.6291413864446014
2.6284,2.628305534974665
2.6274,2.6274804778643888
2.6267,2.626666737670582
2.6254,2.625863663497805
2.6249,2.625071008833369
2.6243,2.624288535278758
2.6234,2.623516012204573
2.623,2.622752854953458
2.6218,2.6219995748947613
2.6212,2.621255596756612
2.6206,2.620520717881071
2.62,2.619794741901968
2.6189,2.61907747849239
2.6186,2.618368743124569
2.6177,2.6176680248108672
2.6169,2.616975817866661
2.6164,2.6162916178665325
2.6157,2.6156152613040504
2.6149,2.6149465894335644
2.6143,2.6142854480909143
2.6136,2.613631687522396
2.613,2.6129848556152173
2.6125,2.612345427516692
2.612,2.6117129557335765
2.6109,2.6110873065954547
2.6108,2.6104683500962342
2.6096,2.609855959764156
2.6092,2.609249725096169
2.6088,2.608650104191404
2.6081,2.6080566899726545
2.6074,2.6074693689156376
2.6069,2.6068880304594995
2.6063,2.606312566906676
2.6057,2.605742873326881
2.6053,2.605178579833146
2.6047,2.604620124652996
2.604,2.604067140310903
2.6037,2.6035195320628173
2.603,2.6029772075073594
2.6026,2.602440076510796
2.602,2.6019077986313186
2.6013,2.601380795438016
2.6008,2.600858728261948
2.6005,2.6003415153475378
2.5999,2.5998290768732306
2.5993,2.5993213348922213
2.5989,2.5988182132754063
2.5985,2.5983194009726702
2.5978,2.597825300811308
4.3461,4.346394176850594
3.9625,3.9625177373555
3.6458,3.6455651983814352
3.3856,3.385275425600657
3.1777,3.177643395470122
2.9999,2.9998686123392866
2.9109,2.9107885057379312
2.8533,2.853420446001864
2.8125,2.8120188936929
2.7799,2.780058279127653
2.754,2.7542792181392373
2.733,2.7328296842872506
2.7147,2.714563752227277
2.6988,2.6987196314550936
2.6849,2.684790808781213
2.6724,2.6723950649723447
2.6611,2.661255520328102
2.6512,2.651161974993208
2.6418,2.6419513826250407
2.6336,2.6334949279857764
2.6256,2.6256856302107154
2.6183,2.618446746627661
2.6116,2.611705075544522
2.6055,2.6054028713517368
2.5994,2.599491570169112
2.5938,2.59392997265898
2.5887,2.5886828509559674
2.5837,2.583717563699897
2.5789,2.5790125365124275
2.5745,2.574542405851281
2.5703,2.570287064535256
2.566,2.5662287920854183
2.5621,2.562351897936382
2.5585,2.558640697191342
2.555,2.555086263252615
2.5517,2.551675620975617
2.5486,2.548398725386824
2.5454,2.545246511059465
2.5422,2.5422107710613293
2.5393,2.5392840538404164
2.5363,2.536458251440908
2.5337,2.533729862172177
2.531,2.5310918480989715
2.5286,2.5285390110099706
2.5259,2.52606657225896
2.5237,2.5236701296352435
2.5215,2.521344527632544
2.5191,2.5190882236637053
2.5169,2.51689661054136
2.5148,2.5147664566395185
2.5126,2.5126947576030965
2.5107,2.510678715928756
2.5087,2.508715722762475
2.5068,2.5068024413779577
2.5048,2.504938416157021
2.5031,2.5031205894055657
2.5014,2.5013469602241845
2.4998,2.499615650063683
2.498,2.4979248931411364
2.4965,2.4962722490624616
2.4946,2.4946577272093693
2.4932,2.4930790543700776
2.4916,2.49153483677733
2.4903,2.490023757313967
2.4884,2.488544570102964
2.487,2.4870960955608887
2.4856,2.485676546133701
2.484,2.484286214444557
2.4829,2.482923410514552
2.4815,2.481587178241479
2.4803,2.480276608580005
2.479,2.478990836564161
2.478,2.4777290385588824
2.4766,2.4764898444737065
2.4752,2.475273686925754
2.474,2.474079255667656
2.473,2.472905868819042
2.4716,2.471752874869457
2.4708,2.4706196509369507
2.4696,2.469505074371668
2.4683,2.468409637093292
2.4671,2.46733225705269
2.4664,2.466272410765677
2.4652,2.4652295963065445
2.4644,2.4642033321638874
2.463,2.463193156170431
2.4621,2.462198153900645
2.4612,2.4612188472924394
2.4603,2.460254348498212
2.4592,2.459304263325812
2.4584,2.45836821250528
2.4573,2.457445830960145
2.4565,2.456536336737846
2.4557,2.455640258012406
2.4548,2.45475683168707
2.454,2.453885743001656
2.4529,2.4530266883394924
2.452,2.452179374718117
2.4515,2.4513435193083817
2.4506,2.4505184583440145
2.4496,2.449704714382975
2.4491,2.448901636525538
2.4481,2.448108978256678
2.4475,2.4473265011756284
2.4466,2.446553974650822
2.446,2.445790814021223
2.4452,2.4450375306573844
2.4443,2.444293549283866
2.4437,2.4435586672408585
2.4429,2.442832688160382
2.4423,2.442115421713781
2.4413,2.4414066833716026
2.4408,2.440705962143209
2.4401,2.4400137523451804
2.4391,2.43932954954918
2.4385,2.4386531902473063
2.4377,2.4379845156924898
2.4373,2.437323371719198
2.4368,2.436669608572398
2.4362,2.43602277413682
2.4354,2.435383343560941
2.4349,2.434750869349097
2.434,2.4341252178297035
2.4333,2.433506258995538
2.4329,2.432893866373745
2.4323,2.432287629459152
2.4317,2.431688006352
2.4309,2.431094589973004
2.4305,2.430507266796911
2.4298,2.4299259262619293
2.4294,2.4293504606695806
2.4288,2.428780765088696
2.4281,2.4282164696305184
2.4276,2.427658012523612
2.427,2.427105026290692
2.4266,2.426557416186921
2.4261,2.426015089810156
2.4254,2.425477957025918
2.425,2.4249456773908475
2.4244,2.4244186724750043
2.4238,2.4238966036079206
2.4234,2.423379389033354
2.4228,2.422866948929103
2.4223,2.4223592053477336
2.4217,2.42185608215953
2.4216,2.421357268313051
2.4209,2.4208631666364826
4.2153,4.215953995454881
3.8315,3.8320533665256185
3.5146,3.5150832326064987
3.2545,3.254780963079724
3.0476,3.047140494510441
2.8697,2.8693597935649096
2.7802,2.7802772575600163
2.723,2.722907849364895
2.6816,2.6815054385434234
2.6501,2.649544231386682
2.6239,2.623764739349182
2.6023,2.602314880215157
2.5839,2.5840486959743147
2.5679,2.568204375575509
2.5543,2.554275392519872
2.5417,2.5418795181974945
2.5305,2.530739866324133
2.5205,2.5206462322381524
2.5113,2.511435566005914
2.5032,2.502979049652948
2.4953,2.495169700170471
2.4879,2.4879307732655525
2.4814,2.48118906588826
2.4749,2.4748868313553785
2.4688,2.468975504911548
2.4636,2.463413886499022
2.4582,2.458166747654926
2.453,2.4532014465135705
2.4485,2.4484964082890306
2.4439,2.4440262690752204
2.4396,2.439770921387108
2.4358,2.4357126444853785
2.4321,2.431835747580393
2.4279,2.4281245455810434
2.4246,2.424570111722176
2.4211,2.4211594707111828
2.4178,2.417882577445747
2.4146,2.4147303663859354
2.4116,2.41169463049978
2.4088,2.40876791814708
2.4058,2.405942121296606
2.4032,2.403213738182885
2.4006,2.400575730811189
2.398,2.3980229009148406
2.3954,2.39555046979806
2.3931,2.393154035205684
2.3909,2.390828441595537
2.3886,2.388572146336449
2.3863,2.38638054221249
2.3842,2.3842503975683185
2.3822,2.3821787080222867
2.38,2.3801626760469783
2.3782,2.378199692766517
2.3762,2.376286421439579
2.3745,2.374422406420313
2.3725,2.372604590002915
2.3706,2.370830971272966
2.3689,2.3690996716675694
2.3674,2.36740892539128
2.3658,2.365756292043699
2.364,2.364141780985824
2.3626,2.3625631190013725
2.3608,2.3610189123142944
2.3595,2.359507843799362
2.3579,2.358028667572152
2.3565,2.356580204042434
2.3552,2.355160665655195
2.3537,2.3537703450173293
2.3524,2.352407552149918
2.3512,2.3510713309459104
2.3497,2.3497607723555154
2.3485,2.348475011408667
2.3471,2.347213224466528
2.346,2.3459740414404404
2.3449,2.34475789493379
2.3433,2.343563474701549
2.3423,2.342390098860652
2.3413,2.341237115898164
2.3401,2.3401039029298576
2.339,2.338989337308996
2.3378,2.3378939109429098
2.3368,2.336816541785927
2.3357,2.335756706352249
2.3348,2.3347139027146886
2.3337,2.333687649360489
2.3327,2.332677484121141
2.3316,2.331682492575088
2.3306,2.3307031966489924
2.3297,2.329738708499437
2.3288,2.328788633933425
2.3278,2.327852593680232
2.3269,2.326930222662692
2.3262,2.3260207389326126
2.3252,2.3251246706534574
2.3242,2.324241254732984
2.3235,2.3233701764105663
2.3225,2.3225111320691427
2.3215,2.3216638287259075
2.3207,2.3208279835514136
2.3198,2.3200029327839835
2.3191,2.319189198971638
2.3184,2.31838613121934
2.3178,2.317593483011916
2.3168,2.316811015948483
2.316,2.316038499397385
2.3153,2.315275348702249
2.3143,2.314522075224124
2.3138,2.3137781036923
2.3131,2.3130432314469767
2.3122,2.3123172621202053
2.3117,2.311600005383376
2.3109,2.310891276707102
2.3101,2.310190565105404
2.3096,2.3094983648857834
2.309,2.3088141716246096
2.3081,2.308137821814105
2.3075,2.307469156707336
2.3068,2.306808022138915
2.3061,2.306154268353964
2.3056,2.305507443241813
2.3048,2.304868021942224
2.3042,2.304235556964171
2.3036,2.3036099146362576
2.303,2.302990964951457
2.3024,2.3023785814371163
2.3019,2.301772353592584
2.3011,2.3011727395096653
2.3005,2.300579332113629
2.2999,2.299992017879443
2.2994,2.29941068624554
2.2989,2.298835229513672
2.2983,2.298265542752902
2.2976,2.2977012560788848
2.2972,2.2971428077120484
2.2967,2.2965898301795447
2.2961,2.296042228736777
2.2957,2.295499910981846
2.2949,2.294962786780518
2.2943,2.294430515693744
2.2937,2.2939035192836807
2.2935,2.293381458884192
2.2929,2.2928642527392844
2.2923,2.2923518210270046
2.2919,2.291844085800167
2.2912,2.2913409709293058
2.2911,2.290842165367168
2.2904,2.2903480719342904
4.1816,4.1810905382447725
3.7976,3.797248894163905
3.4805,3.480320022688667
3.22,3.220045528622361
3.0125,3.0124224281612406
2.8347,2.834652507234034
2.7458,2.7455736958510686
2.6879,2.6882060101066205
2.6471,2.646804483571155
2.6148,2.614843739520716
2.589,2.589064474160572
2.5674,2.567614699193845
2.5491,2.549348508949203
2.5336,2.5335041235119986
2.5196,2.519575035983735
2.507,2.507179030458553
2.4958,2.4960392292023545
2.4859,2.485945433443907
2.4769,2.476734597389421
2.4682,2.468277906020784
2.4602,2.4604683783817123
2.4532,2.4532292719103816
2.4464,2.4464873846193944
2.4398,2.440184970671593
2.4342,2.4342734659362346
2.4287,2.4287116708154595
2.4235,2.4234643571826364
2.4187,2.418498883333048
2.4139,2.413793674817069
2.4093,2.4093233677629624
2.4049,2.405067854761174
2.4013,2.401009415115795
2.3971,2.3971323580559085
2.3934,2.3934209984156416
2.3898,2.389866409565327
2.3865,2.386455616110732
2.3831,2.383178572915289
2.3799,2.380026214398553
2.3769,2.3769903334834583
2.374,2.374063478481432
2.3712,2.371237541244267
2.3684,2.3685090200882764
2.3659,2.36587087689847
2.3633,2.363317913355111
2.361,2.360845350709494
2.3581,2.3584487866539745
2.3562,2.3561230655342698
2.354,2.3538666447898056
2.3514,2.3516749170934634
2.3495,2.34954465074107
2.3474,2.3474728413033192
2.3453,2.345456691206358
2.3434,2.343493591529127
2.3414,2.341580205432076
2.3399,2.3397160773360994
2.338,2.3378981494389133
2.3362,2.336124420785968
2.3345,2.334393012775468
2.3326,2.3327021595742754
2.331,2.3310494206955203
2.3295,2.329434805565427
2.3277,2.3278560408828346
2.3264,2.3263117328385383
2.3248,2.3248005642752165
2.3233,2.323321289277368
2.3219,2.3218727282246765
2.3205,2.320453093487359
2.319,2.3190626777359395
2.3178,2.3176997909179686
2.3162,2.3163634768999364
2.3151,2.3150528266064243
2.3138,2.313766975042536
2.3125,2.3125050985453752
2.3113,2.311265826961
2.3099,2.310049592954609
2.3089,2.308855086216806
2.3077,2.3076816248432794
2.3065,2.3065285573004872
2.3055,2.305395260684213
2.3042,2.304280612289085
2.303,2.303185104082513
2.3019,2.3021076539608827
2.3011,2.301047738420658
2.2999,2.300004855517426
2.2991,2.2989785237217
2.2978,2.2979682808487136
2.2971,2.2969732124246613
2.296,2.295993840434135
2.295,2.295029276981961
2.294,2.2940791278606345
2.2932,2.2931430137853166
2.2922,2.2922205696651163
2.2914,2.291311013504126
2.2904,2.290414873521854
2.2895,2.289531386578716
2.2886,2.288660237901768
2.2878,2.2878011238619544
2.287,2.286953751464789
2.286,2.286117837869446
2.2852,2.285292719270974
2.2845,2.2844789182712475
2.2837,2.28367578393222
2.2829,2.282883069728448
2.2821,2.282100537249037
2.2814,2.2813279558525688
2.2805,2.2805647408426206
2.2797,2.279811403632254
2.2791,2.279067368910905
2.2782,2.278332434009923
2.2776,2.277606402552717
2.2767,2.276889084202244
2.2763,2.276180294420879
2.2755,2.275479522185816
2.2748,2.274787261854496
2.2742,2.274103008966591
2.2736,2.273426600006821
2.2728,2.272757876220919
2.2719,2.272096683436329
2.2713,2.271442871891169
2.2707,2.2707959894406904
2.2702,2.2701565112726145
2.2696,2.2695239898619226
2.2688,2.268898291530808
2.2683,2.2682792862659698
2.2676,2.267666847588619
2.267,2.2670605649660827
2.2663,2.266460896536504
2.2658,2.265867435193187
2.2652,2.265280067405463
2.2646,2.2646986826062463
2.2642,2.264123173091883
2.2635,2.263553433926142
2.2632,2.262989095194765
2.2625,2.2624305951627224
2.2619,2.2618775663272843
2.2613,2.261329913938975
2.2609,2.260787545591109
2.2602,2.260250371144765
2.2597,2.25971805013258
2.2594,2.259191004159796
2.2587,2.258668894531976
2.2583,2.2581516394887906
2.2576,2.257639159204034
2.2571,2.25713137572635
2.2568,2.256628212922177
2.2561,2.2561293597176126
2.2558,2.255635218974668
4.1162,4.116657132095202
3.7324,3.732775837229125
3.4164,3.41581933680442
3.1558,3.1555263497492607
2.9476,2.9478917861462723
2.7702,2.7701148599436163
2.6811,2.6810336901796816
2.6238,2.6236649500742857
2.5824,2.5822629090426457
2.5504,2.550301918600009
2.5246,2.524522555369915
2.503,2.50307277070308
2.4846,2.484806625550355
2.469,2.468962320320184
2.455,2.455033335787958
2.4427,2.44263744817954
2.4313,2.431497774509316
2.4212,2.42140411243178
2.4123,2.412193413675445
2.4037,2.4037368614805854
2.396,2.3959274737211347
2.3887,2.3886885068184047
2.3819,2.3819467582193927
2.3757,2.3756444816353524
2.3697,2.3697331126154526
2.3642,2.3641714513383687
2.3589,2.358924269525537
2.3539,2.353958925434886
2.3492,2.349253844434195
2.3448,2.34478366268502
2.3405,2.340528272771062
2.3366,2.3364699540063443
2.3325,2.33259301564228
2.3288,2.328881772599526
2.3253,2.3253272981753774
2.3221,2.3219166170745025
2.3186,2.3186396842063863
2.3156,2.315487434038741
2.3123,2.312451659543881
2.3095,2.30952490908317
2.3068,2.3066990746069305
2.304,2.303970654383153
2.3014,2.3013326103952343
2.2987,2.298779744371537
2.2964,2.2963072776104267
2.2941,2.2939108078501764
2.2915,2.2915851795250664
2.2893,2.2893288500294933
2.2873,2.28713721212304
2.2851,2.2850070341423203
2.2829,2.2829353116974995
2.2809,2.2809192472528936
2.2789,2.278956231924328
2.2769,2.2770429289472003
2.2751,2.275178882697584
2.2733,2.2733610354463187
2.2715,2.2715873862709057
2.2698,2.26985605660048
2.2682,2.2681652806317514
2.2666,2.266512617942716
2.2648,2.264898077914776
2.2634,2.263319387310168
2.2617,2.261775152345584
2.2603,2.2602640558886984
2.2588,2.2587848520481506
2.2572,2.257336361226935
2.2559,2.255916795850632
2.2545,2.254526448545404
2.2532,2.253163629313098
2.2518,2.25182738204052
2.2507,2.2505167976718927
2.2492,2.2492310112313136
2.2479,2.24796919907426
2.2467,2.2467299910946994
2.2455,2.2455138199144065
2.2443,2.244319375271134
2.2432,2.243145975276693
2.2421,2.2419929684131548
2.2408,2.24085973179143
2.2397,2.239745142748938
2.2387,2.23864969321072
2.2375,2.2375723011153847
2.2366,2.236512442972754
2.2355,2.235469616851371
2.2343,2.234443341234321
2.2336,2.233433153949039
2.2326,2.2324381405596574
2.2314,2.231458823009809
2.2305,2.23049431344186
2.2296,2.2295442176591544
2.2286,2.228608156387397
2.2277,2.227685764545944
2.2269,2.226776260173414
2.2259,2.2258801714496363
2.2249,2.2249967352692543
2.224,2.224125636868491
2.2232,2.22326657262721
2.2224,2.222419249559603
2.2217,2.221583384833296
2.2207,2.220758314674547
2.22,2.21994456164707
2.2191,2.219141474843819
2.2184,2.218348807746957
2.2178,2.2175663219530013
2.2168,2.216793786827755
2.216,2.216030617703616
2.2154,2.2152773259567704
2.2146,2.2145333363053226
2.214,2.213798446087153
2.2131,2.2130724589320474
2.2123,2.2123551845091813
2.2117,2.2116464382870022
2.211,2.2109457092691445
2.2103,2.21025349177764
2.2096,2.209569281378496
2.209,2.2088929145619534
2.2083,2.2082242325791377
2.2077,2.2075630812627622
2.207,2.2069093108560915
2.2063,2.2062624692387978
2.2056,2.2056230315645964
2.2051,2.204990550332819
2.2043,2.2043648918703616
2.2038,2.2037459261685246
2.2031,2.203133526753017
2.2025,2.2025272831140805
2.202,2.2019276533570045
2.2014,2.201334230397959
2.2008,2.200746900710403
2.2001,2.200165553731288
2.1997,2.199590081760914
2.1991,2.199020379866924
2.1986,2.198456078156433
2.1979,2.197897614862835
2.1974,2.1973446225047484
2.1968,2.1967970063362614
2.1964,2.1962546739541824
2.1957,2.1957175352230127
2.1952,2.1951852496956
2.1947,2.194658238946647
2.1942,2.1941361643019155
2.1936,2.1936189440042377
2.1931,2.193106498230507
2.1927,2.1925987490324066
2.192,2.1920956202793587
2.1916,2.1915968009164626
2.1911,2.19110269377634
4.0512,4.050590416584889
3.6658,3.666726945652512
3.3494,3.349782165078399
3.0899,3.08949634124572
2.8818,2.881865562861817
2.7039,2.704090229761104
2.6151,2.6150091826992
2.5577,2.557640249210288
2.5161,2.5162379240905617
2.4841,2.4842766259068085
2.4586,2.458496955297046
2.4371,2.4370468728024446
2.4187,2.4187804427350126
2.4032,2.4029358662642784
2.3889,2.389006624227666
2.3764,2.376610492057319
2.3654,2.3654705859297342
2.3553,2.3553767026213457
2.3462,2.3461657930066946
2.3377,2.337709039524745
2.3299,2.3298994592217004
2.3225,2.322660308029336
2.3161,2.31591838269055
2.3096,2.309615936364338
2.3038,2.303704404100407
2.2982,2.2981425856255115
2.2929,2.2928952522517108
2.288,2.287929761796956
2.2832,2.283224539430835
2.2788,2.2787542209364737
2.2746,2.274498698617008
2.2704,2.2704402515298816
2.2666,2.2665631886913875
2.2628,2.2628518247494847
2.2594,2.259297232917991
2.2558,2.255886437659965
2.2528,2.252609393715744
2.2494,2.2494570353965155
2.2463,2.2464211555295024
2.2435,2.2434943023413374
2.2406,2.240668367609825
2.238,2.2379398495817475
2.2352,2.235301710083208
2.2327,2.232748750740802
2.2301,2.230276192757668
2.2278,2.227879633782856
2.2253,2.2255539181257507
2.2231,2.223297503185332
2.2212,2.2211057816051367
2.219,2.2189755216521307
2.2169,2.2169037188708143
2.2148,2.214887575663533
2.2129,2.212924483087563
2.211,2.2110111042871274
2.209,2.209146983658143
2.2074,2.207329063385292
2.2056,2.205555342498965
2.2038,2.2038239423835746
2.2021,2.2021330971933395
2.2005,2.2004803664336774
2.1987,2.198865759512412
2.1973,2.1972870031224305
2.1957,2.1957427034455144
2.1941,2.19423154331604
2.1927,2.1927522768108583
2.1914,2.191303724302601
2.1899,2.1898840981590832
2.1884,2.188493691036625
2.1872,2.1871308128813167
2.1859,2.1857945075545184
2.1845,2.1844838659760697
2.1832,2.183198023146689
2.1819,2.181936155399423
2.1807,2.180696892580753
2.1795,2.179480667344043
2.1783,2.178286169380853
2.1772,2.1771127167838884
2.176,2.175959658016845
2.1748,2.174826370172948
2.1738,2.173711730548632
2.1726,2.172616231100748
2.1717,2.171538789727832
2.1704,2.170478882924462
2.1696,2.1694360087444813
2.1684,2.1684096856567865
2.1673,2.1673994514751183
2.1664,2.1664043917284177
2.1654,2.1654250283917267
2.1645,2.1644604735728303
2.1635,2.163510333063132
2.1625,2.162574227576785
2.1616,2.161651792021971
2.1609,2.160742244405993
2.16,2.159846112939427
2.159,2.158962634486042
2.1581,2.158091494272232
2.1572,2.1572323886683336
2.1564,2.156385024679301
2.1555,2.155549119463803
2.1547,2.1547240092204
2.1538,2.153910216542582
2.1531,2.1531070904959093
2.1524,2.1523143845545976
2.1515,2.1515318603074425
2.1509,2.150759287112748
2.1499,2.149996080277735
2.1491,2.1492427512074554
2.1485,2.148498724595057
2.1478,2.147763797771723
2.1472,2.1470377743607205
2.1463,2.1463204640248845
2.1457,2.14561168222649
2.1449,2.144910917946434
2.1442,2.1442186655345084
2.1436,2.143534420534139
2.1429,2.1428580194300144
2.1421,2.142189303467851
2.1416,2.1415281184750907
2.141,2.1408743146898592
2.1402,2.1402274399711096
2.1396,2.1395879694992246
2.139,2.1389554557529227
2.1384,2.1383297650544497
2.1377,2.1377107673905686
2.1371,2.137098336282559
2.1365,2.136492061201416
2.136,2.135892400278179
2.1353,2.1352989464098475
2.1347,2.1347115860658525
2.1342,2.134130208679214
2.1334,2.133554706546389
2.1331,2.1329849747312624
2.1323,2.1324206433231807
2.1318,2.1318621505802584
2.1312,2.1313091290033928
2.1307,2.1307614838432416
2.1303,2.1302191226932563
2.1297,2.129681955414656
2.1292,2.129149641543617
2.1286,2.1286226026787176
2.1281,2.1281005001290825
2.1276,2.127583252134532
2.127,2.127070778869012
2.1266,2.1265630023813205
2.126,2.126059846538052
2.1255,2.1255610002687604
2.125,2.125066866429004
4.0188,4.018883311849629
3.6351,3.63501436956592
3.3185,3.318067132840439
3.058,3.057780985093204
2.8502,2.850151275127388
2.6724,2.672377990290744
2.5833,2.5832984342934333
2.5261,2.5259306484386137
2.4845,2.4845292509634467
2.4527,2.452568729722553
2.4268,2.4267897264802976
2.4053,2.40534022821082
2.3868,2.387074317180854
2.3713,2.371230207509392
2.3573,2.357301388949355
2.345,2.344905644238783
2.3334,2.3337660950274204
2.3239,2.323672542413283
2.3144,2.314461940741972
2.3061,2.306005475281875
2.2981,2.298196165540631
2.291,2.2909572691440245
2.2841,2.28421558461393
2.2778,2.277913366510515
2.2722,2.272002051085954
2.2664,2.2664404391065185
2.2612,2.2611933027889064
2.2563,2.2562280008310145
2.2516,2.2515229589203254
2.2471,2.2470528135488568
2.2428,2.2427974575683547
2.239,2.238739170526161
2.2349,2.234862261877807
2.2312,2.231151046736236
2.2277,2.2275965985305635
2.2243,2.2241859421195245
2.221,2.220909032537463
2.2178,2.2177568043635696
2.2146,2.2147210506700183
2.2119,2.2117943199079084
2.2089,2.208968504117113
2.2063,2.206240101620934
2.2035,2.203602074478146
2.201,2.201049224477284
2.1986,2.198576772971504
2.1962,2.1961803177490897
2.1939,2.19385470329652
2.1917,2.1915983870369007
2.1894,2.1894067617750794
2.1873,2.1872765958830858
2.1853,2.185204885003724
2.1833,2.183188831631444
2.1811,2.181225826909937
2.1794,2.179312534105157
2.1775,2.177448497607428
2.1756,2.175630659714777
2.174,2.173857019525389
2.1721,2.172125698487663
2.1704,2.170434930816278
2.1688,2.168782276109736
2.1672,2.167167743757521
2.1655,2.165589060540427
2.1639,2.1640448326889
2.1627,2.1625337430835176
2.161,2.1610545458450297
2.1595,2.1596060613878176
2.158,2.1581865021510445
2.1568,2.156796160765113
2.1553,2.1554333472443545
2.1542,2.1540971054845426
2.1529,2.1527865264383665
2.1515,2.151500745137926
2.1504,2.1502389379462614
2.1491,2.148999734766753
2.1478,2.1477835682233826
2.1464,2.146589128062658
2.1456,2.145415732402487
2.1442,2.144262729730728
2.143,2.143129497163788
2.1421,2.1420149120461494
2.1411,2.140919466304082
2.1399,2.1398420778828235
2.1388,2.138782223296697
2.1378,2.137739400618534
2.1368,2.136713128335507
2.1358,2.135702944278951
2.1347,2.134707934018187
2.1337,2.13372861949742
2.1328,2.132764112863925
2.1318,2.131814019924291
2.1309,2.1308779614073257
2.1298,2.129955572235353
2.129,2.129046070451048
2.1281,2.128149984234495
2.1272,2.127266550484197
2.1264,2.126395454438875
2.1256,2.12553639248079
2.1248,2.1246890716264324
2.1238,2.1238532090456337
2.123,2.1230281409677465
2.1223,2.1222143899565364
2.1214,2.12141130510792
2.1206,2.120618639905939
2.1199,2.1198361559489163
2.119,2.119063622604394
2.1183,2.118300455207252
2.1175,2.117547165133643
2.1168,2.1168031771040536
2.1161,2.116068288457861
2.1152,2.1153423028262868
2.1147,2.114625029879895
2.1139,2.113916285088471
2.1133,2.113215557457588
2.1125,2.1125233413092
2.1119,2.1118391322111885
2.1112,2.111162766654953
2.1105,2.1104940858927383
2.1099,2.1098329357583383
2.1092,2.1091791664960624
2.1085,2.1085323259871123
2.1079,2.1078928893851234
2.1072,2.1072604091909075
2.1066,2.1066347517322743
2.1059,2.106015787001406
2.1055,2.105403388524867
2.1047,2.104797145794151
2.1042,2.104197516914483
2.1036,2.103604094803249
2.1031,2.1030167659346586
2.1024,2.102435419746392
2.102,2.1018599485394547
2.1013,2.1012902473821704
2.1008,2.1007259463826524
2.1001,2.100167483774259
2.0998,2.099614492076577
2.099,2.0990668765443
2.0986,2.098524544774821
2.098,2.097987406633213
2.0975,2.09745512167314
2.0969,2.0969281114693024
2.0964,2.0964060373482574
2.0959,2.095888817553343
2.0954,2.0953763722619456
2.0949,2.0948686235262257
2.0945,2.0943654952160693
2.0938,2.093866676277225
2.0933,2.0933725695423497
2.8293,2.828876371470842
2.8281,2.8282294908664807
2.8275,2.827590014564202
2.827,2.826957495039023
2.8263,2.826331798612328
2.8255,2.8257127952700385
2.8251,2.8251003585326147
2.8243,2.8244940778676
2.824,2.823894411410577
2.8232,2.823300952055108
2.823,2.8227135862698804
2.822,2.822132203487187
2.8215,2.8215566960027743
2.8212,2.8209869588798338
2.8202,2.820422622204534
2.8199,2.819864124239348
2.8196,2.819311097482004
2.8185,2.8187634471825285
2.8183,2.8182210809337525
2.8178,2.8176839085962904
2.8173,2.817151589703343
2.8164,2.8166245458576964
2.8159,2.816102438365506
2.8157,2.815585185466037
2.8152,2.815072707332696
2.8146,2.814564926013745
2.8142,2.814061765375264
2.8135,2.813562914344032
2.8131,2.813068775779652
2.6136,2.613633282801572
2.613,2.61298640219721
2.6125,2.6123469258949314
2.612,2.611714406369752
2.6109,2.6110887099430573
2.6108,2.610469706600768
2.6096,2.609857269863344
2.6092,2.6092509891983293
2.6088,2.608651322741306
2.6081,2.608057863385837
2.6074,2.60747049760061
2.6069,2.6068891148179163
2.6063,2.606313607333504
2.6057,2.605743870210563
2.6053,2.605179533535264
2.6047,2.604621035570077
2.604,2.604068008812733
2.6037,2.603520358513258
2.603,2.602977992264482
2.6026,2.60244081992702
2.602,2.601908501034072
2.6013,2.6013814571884257
2.6008,2.600859349696236
2.6005,2.6003420967967665
2.5999,2.5998296186634247
2.5993,2.5993218373444744
2.5989,2.5988186767059926
2.5985,2.598319825674761
2.5978,2.5978256871103813
2.4368,2.4366608130136536
2.4362,2.436013932409292
2.4354,2.4353744561070134
2.4349,2.434741936581834
2.434,2.43411624015514
2.4333,2.43349723681285
2.4329,2.432884800075426
2.4323,2.432278519410412
2.4317,2.431678852953388
2.4309,2.431085393597919
2.4305,2.430498027812692
2.4298,2.4299166450299983
2.4294,2.4293411375455856
2.4288,2.428771400422645
2.4281,2.4282070637473456
2.4276,2.427648565782159
2.427,2.4270955390248155
2.4266,2.42654788872534
2.4261,2.426005522476564
2.4254,2.425468350139102
2.425,2.424936031246154
2.4244,2.424408987400508
2.4238,2.4238868799083173
2.4234,2.4233696270088485
2.4228,2.422857148875506
2.4223,2.4223493675565564
2.4217,2.4218462069180746
2.4216,2.4213473558868435
2.4209,2.420853217322464
2.3061,2.3061416932545864
2.3056,2.3054948126502253
2.3048,2.3048553363479467
2.3042,2.3042228168227674
2.3036,2.303597120396073
2.303,2.302978117053783
2.3024,2.3023656803163592
2.3019,2.301759399651345
2.3011,2.301159733194321
2.3005,2.3005662738388524
2.2999,2.299978908053625
2.2994,2.299397525270932
2.2989,2.298822017786519
2.2983,2.2982522806635783
2.2976,2.2976879439882785
2.2972,2.297129446023092
2.2967,2.2965764192657487
2.2961,2.296028768966273
2.2957,2.295486402717497
2.2949,2.294949230380035
2.2943,2.294416911487088
2.2937,2.293889867641441
2.2935,2.2933677601492506
2.2929,2.292850507249782
2.2923,2.29233802911644
2.2919,2.2918302477974897
2.2912,2.291327087159008
2.2911,2.2908282361277768
2.2904,2.290334097563397
2.2713,2.271435713102764
2.2707,2.2707888324984022
2.2702,2.270149356196124
2.2696,2.2695168366709444
2.2688,2.268891140244249
2.2683,2.26827213690196
2.2676,2.267659700164536
2.267,2.267053419499521
2.2663,2.2664537530424984
2.2658,2.2658602936870293
2.2652,2.265272927901802
2.2646,2.2646915451191085
2.2642,2.264116037634696
2.2635,2.263546300511756
2.2632,2.262981963836456
2.2625,2.262423465871269
2.2619,2.2618704391139257
2.2613,2.26132278881445
2.2609,2.260780422565674
2.2602,2.2602432502282124
2.2597,2.259710931335264
2.2594,2.259183887489618
2.2587,2.258661779997428
2.2583,2.2581445270979588
2.2576,2.257632048964617
2.2571,2.257124267645666
2.2568,2.256621107007185
2.2561,2.2561222559759537
2.2558,2.255628117411573
2.207,2.2069060988303404
2.2063,2.206259218225979
2.2056,2.2056197419237
2.2051,2.2049872223985214
2.2043,2.204361525971826
2.2038,2.2037425226295366
2.2031,2.203130085892113
2.2025,2.2025238052270986
2.202,2.2019241387700754
2.2014,2.2013306794146064
2.2008,2.2007433136293786
2.2001,2.200161930846685
2.1997,2.1995864233622724
2.1991,2.1990166862393323
2.1986,2.1984523495640325
2.1979,2.197893851598846
2.1974,2.1973408248415027
2.1968,2.1967931745420266
2.1964,2.1962508082932506
2.1957,2.195713635955789
2.1952,2.195181317062841
2.1947,2.1946542732171945
2.1942,2.194132165725004
2.1936,2.193614912825536
2.1931,2.193102434692193
2.1927,2.192594653373243
2.192,2.192091492734761
2.1916,2.1915926417035303
2.1911,2.1910985031391506
2.141,2.140869518922812
2.1402,2.1402226383184506
2.1396,2.139583162016172
2.139,2.1389506424909928
2.1384,2.138324946064298
2.1377,2.1377059427220084
2.1371,2.1370935059845846
2.1365,2.13648722531957
2.136,2.1358875588625468
2.1353,2.1352940995070777
2.1347,2.1347067337218504
2.1342,2.134125350939157
2.1334,2.133549843454744
2.1331,2.132980106331804
2.1323,2.132415769656504
2.1318,2.1318572716913176
2.1312,2.131304244933974
2.1307,2.1307565946344984
2.1303,2.1302142283857224
2.1297,2.1296770560482603
2.1292,2.129144737155313
2.1286,2.1286176933096663
2.1281,2.128095585817476
2.1276,2.127578332918007
2.127,2.1270658547846653
2.1266,2.126558073465715
2.126,2.126054912827233
2.1255,2.125556061796002
2.125,2.125061923231622
2.1092,2.109182523868726
2.1085,2.1085356432643643
2.1079,2.1078961669620857
2.1072,2.107263647436907
2.1066,2.106637951010212
2.1059,2.106018947667922
2.1055,2.1054065109304987
2.1047,2.104800230265484
2.1042,2.104200563808461
2.1036,2.103607104452992
2.1031,2.103019738667764
2.1024,2.1024383558850706
2.102,2.101862848400658
2.1013,2.101293111277718
2.1008,2.100728774602418
2.1001,2.100170276637232
2.0998,2.099617249879888
2.099,2.099069599580412
2.0986,2.098527233331636
2.098,2.0979900609941744
2.0975,2.0974577421012266
2.0969,2.09693069825558
2.0964,2.0964085907633896
2.0959,2.095891337863921
2.0954,2.095378859730579
2.0949,2.0948710784116287
2.0945,2.094367917773147
2.0938,2.093869066741916
2.0933,2.093374928177536
4.7388,4.738552012659119
4.3541,4.354753181819193
4.0384,4.037844010228406
3.7776,3.777572839232266
3.5698,3.5699423152703904
3.3922,3.3921574313076555
3.3024,3.3030675932185787
3.2452,3.245691383205239
3.2041,3.2042829498344103
3.172,3.172316411938777
3.1466,3.14653216426516
3.1248,3.125078023953209
3.1064,3.106807952800162
3.0913,3.090960075090325
3.077,3.0770278179079904
3.0646,3.0646289111391267
3.0531,3.0534864364078085
3.0432,3.043390162824595
3.0342,3.0341770187793062
3.0254,3.0257181681960126
3.018,3.017906611782331
3.0105,3.0106655943676675
3.0039,3.003921900698646
2.9975,2.997617774489746
2.9921,2.991704642640273
2.9861,2.9861412977953403
2.9807,2.9808925050756754
2.9761,2.9759256162027765
2.971,2.9712190528659708
2.9668,2.96674744589449
2.9621,2.9624906837794893
2.9582,2.9584310421636983
2.9546,2.954552826992784
2.951,2.9508403496218767
2.9473,2.9472846818160807
2.9439,2.9438728452194907
2.9406,2.940594792496208
2.9372,2.937441456060725
2.9343,2.934404627003058
2.9314,2.931476851954798
2.9289,2.9286500208044965
2.926,2.925920631299055
2.923,2.9232816435799283
2.9208,2.920727858114873
2.9182,2.918254495031811
2.9158,2.915857150980373
2.9137,2.9135306689785327
2.9115,2.91127350628764
2.9093,2.9090810543708794
2.9068,2.9069500807369355
2.9049,2.9048775802199573
2.903,2.902860754555929
2.9011,2.9008969941762137
2.8989,2.898982961327892
2.8971,2.897118200475872
2.8951,2.8952996529672617
2.8933,2.893525317339318
2.892,2.891793314510552
2.8904,2.890101878194557
2.8885,2.888448567205649
2.8871,2.88683339110934
2.8854,2.8852540759444114
2.8836,2.8837092275367247
2.8823,2.882197528382476
2.8811,2.880717732236919
2.8793,2.879268659166613
2.8782,2.8778485210058435
2.876,2.876457610621041
2.8753,2.8750942374471
2.8738,2.873757445092348
2.8724,2.8724463242349154
2.8712,2.8711600096444725
2.8696,2.8698976774330625
2.8687,2.868657957019188
2.8676,2.8674412812897736
2.8666,2.866246339522468
2.865,2.86507244962384
2.8638,2.863918959879004
2.8628,2.8627852472097617
2.8619,2.861670188549583
2.8607,2.8605742760965107
2.8595,2.85949642739583
2.8586,2.85843611879581
2.8575,2.857392848209491
2.8566,2.8563661339702
2.8553,2.855355513761088
2.8544,2.854360072804717
2.8534,2.8533803333181496
2.8522,2.8524154071092567
2.8516,2.8514648998565133
2.8506,2.850528432165061
2.8497,2.8496056388378035
2.8487,2.8486957376128066
2.8476,2.847799256939402
2.8469,2.8469154334167524
2.8461,2.846043952179336
2.8451,2.8451845095085533
2.8444,2.8443368123232875
2.8436,2.8435005776988667
2.8431,2.842675141598692
2.842,2.841861026848657
2.8412,2.841057582282341
2.8403,2.840264561300488
2.8392,2.839481725420642
2.8388,2.8387088439319905
2.838,2.837945331930003
2.8377,2.83719170104552
2.8365,2.836447375762257
2.8358,2.835712153350019
2.8351,2.834985837372445
2.8341,2.834268237434433
2.8338,2.8335591689419424
2.8331,2.8328581206864363
2.8324,2.832165587235157
2.8314,2.831481063943711
2.8311,2.8308043872464
2.83,2.8301353983399062
2.8297,2.82947394300394
2.8293,2.828819871430156
2.8281,2.8281727313063367
2.8275,2.8275329980217707
2.827,2.826900223885128
2.8263,2.826274275176799
2.8255,2.825655021842749
2.8251,2.825042337364485
2.8243,2.824435811055004
2.824,2.8238359012469965
2.8232,2.823242200680278
2.823,2.822654595788278
2.822,2.8220729759688776
2.8215,2.821497233484239
2.8212,2.8209272633647653
2.8202,2.820362695554906
2.8199,2.8198039685061915
2.8196,2.819250714575175
2.8185,2.818702838982044
2.8183,2.818160249290475
2.8178,2.817622855332591
2.8173,2.817090316509335
2.8164,2.816563054605913
2.8159,2.816040730796603
2.8157,2.815523263294635
2.8152,2.815010572247948
2.8146,2.8145025796798966
2.8142,2.813999209432182
2.8135,2.813500150308932
2.8131,2.813005805344766
4.5235,4.523328596036427
4.1397,4.139529765196501
3.8226,3.8226205936057145
3.5629,3.5623494226095738
3.3548,3.3547188986476977
3.1771,3.176934014684964
3.0883,3.0878441765958864
3.0304,3.0304679665825467
2.9888,2.989059533211718
2.9568,2.957092995316084
2.9311,2.931308747642468
2.9098,2.9098546073305163
2.8916,2.8915845361774704
2.8757,2.8757366584676327
2.8619,2.861804401285298
2.8494,2.849405494516434
2.8385,2.838263019785116
2.8281,2.828166746201903
2.8195,2.818953602156614
2.8106,2.8104947515733203
2.8025,2.8026831951596387
2.7952,2.795442177744975
2.7888,2.7886984840759537
2.7823,2.782394357867054
2.7766,2.7764812260175806
2.771,2.770917881172648
2.7656,2.765669088452983
2.7605,2.760702199580084
2.7557,2.7559956362432785
2.7514,2.7515240292717977
2.7474,2.747267267156797
2.7432,2.743207625541006
2.7391,2.739329410370092
2.7356,2.7356169329991844
2.7321,2.7320612651933884
2.7285,2.7286494285967984
2.7254,2.725371375873515
2.7222,2.722218039438032
2.719,2.7191812103803663
2.7163,2.716253435332105
2.7135,2.7134266041818043
2.7109,2.7106972146763626
2.7082,2.708058226957236
2.7053,2.7055044414921805
2.7029,2.7030310784091185
2.7007,2.7006337343576803
2.6984,2.6983072523558405
2.6961,2.696050089664947
2.6945,2.693857637748187
2.6918,2.691726664114243
2.6898,2.689654163597265
2.6878,2.687637337933237
2.6858,2.685673577553521
2.6837,2.6837595447051994
2.682,2.6818947838531795
2.68,2.6800762363445694
2.6783,2.678301900716625
2.6765,2.67656989788786
2.6749,2.674878461571865
2.6736,2.6732251505829563
2.6713,2.6716099744866475
2.6702,2.6700306593217187
2.6683,2.6684858109140324
2.6669,2.6669741117597834
2.6657,2.665494315614226
2.6641,2.6640452425439203
2.6625,2.662625104383152
2.6611,2.6612341939983484
2.66,2.659870820824408
2.6584,2.658534028469656
2.6573,2.657222907612223
2.656,2.65593659302178
2.6546,2.65467426081037
2.6538,2.6534345403964954
2.6523,2.6522178646670813
2.6507,2.651022922899776
2.6499,2.649849033001148
2.6486,2.648695543256311
2.6477,2.6475618305870694
2.6464,2.646446771926891
2.6454,2.6453508594738184
2.6444,2.644273010773137
2.6434,2.643212702173117
2.642,2.6421694315867983
2.6411,2.6411427173475075
2.6401,2.640132097138396
2.6391,2.639136656182025
2.6385,2.6381569166954573
2.6373,2.6371919904865644
2.6361,2.636241483233821
2.6355,2.635305015542369
2.6347,2.634382222215111
2.6337,2.6334723209901143
2.6324,2.6325758403167097
2.6317,2.6316920167940605
2.6311,2.630820535556643
2.6299,2.629961092885861
2.6292,2.629113395700595
2.6284,2.6282771610761744
2.6274,2.6274517249759994
2.6267,2.6266376102259645
2.6254,2.625834165659649
2.6249,2.6250411446777955
2.6243,2.6242583087979496
2.6234,2.6234854273092982
2.623,2.6227219153073107
2.6218,2.621968284422828
2.6212,2.6212239591395647
2.6206,2.620488736727326
2.62,2.619762420749753
2.6189,2.61904482081174
2.6186,2.6183357523192496
2.6177,2.617634704063744
2.6169,2.616942170612465
2.6164,2.6162576473210186
2.6157,2.615580970623708
2.6149,2.614911981717213
2.6143,2.614250526381248
2.6136,2.6135964548074635
2.613,2.6129493146836444
2.6125,2.6123095813990784
2.612,2.611676807262436
2.6109,2.6110508585541066
2.6108,2.610431605220057
2.6096,2.609818920741793
2.6092,2.609212394432312
2.6088,2.608612484624304
2.6081,2.6080187840575864
2.6074,2.607431179165585
2.6069,2.6068495593461853
2.6063,2.6062738168615467
2.6057,2.605703846742073
2.6053,2.6051392789322136
2.6047,2.6045805518834992
2.604,2.6040272979524826
2.6037,2.603479422359352
2.603,2.602936832667783
2.6026,2.6023994387098988
2.602,2.6018668998866428
2.6013,2.6013396379832208
2.6008,2.6008173141739106
2.6005,2.600299846671943
2.5999,2.599787155625256
2.5993,2.5992791630572043
2.5989,2.59877579280949
2.5985,2.59827673368624
2.5978,2.5977823887220737
4.3461,4.346359717622958
3.9625,3.9625608867830326
3.6458,3.645651715192246
3.3856,3.3853805441961056
3.1777,3.17775002023423
2.9999,2.999965136271495
2.9109,2.910875298182418
2.8533,2.8534990881690785
2.8125,2.81209065479825
2.7799,2.7801241169026163
2.754,2.754339869229
2.733,2.732885728917048
2.7147,2.7146156577640017
2.6988,2.6987677800541645
2.6849,2.68483552287183
2.6724,2.6724366161029662
2.6611,2.661294141371648
2.6512,2.6511978677884347
2.6418,2.6419847237431457
2.6336,2.633525873159852
2.6256,2.6257143167461705
2.6183,2.618473299331507
2.6116,2.611729605662485
2.6055,2.6054254794535856
2.5994,2.5995123476041124
2.5938,2.59394900275918
2.5887,2.588700210039515
2.5837,2.583733321166616
2.5789,2.5790267578298103
2.5745,2.574555150858329
2.5703,2.570298388743329
2.566,2.566238747127538
2.5621,2.562360531956623
2.5585,2.558648054585716
2.555,2.55509238677992
2.5517,2.55168055018333
2.5486,2.5484024974600468
2.5454,2.5452491610245644
2.5422,2.5422123319668977
2.5393,2.5392845569186373
2.5363,2.536457725768336
2.5337,2.5337283362628944
2.531,2.531089348543768
2.5286,2.5285355630787123
2.5259,2.5260621999956503
2.5237,2.523664855944212
2.5215,2.5213383739423723
2.5191,2.519081211251479
2.5169,2.516888759334719
2.5148,2.514757785700775
2.5126,2.512685285183797
2.5107,2.5106684595197684
2.5087,2.508704699140053
2.5068,2.506790666291731
2.5048,2.504925905439712
2.5031,2.503107357931101
2.5014,2.5013330223031573
2.4998,2.499601019474391
2.498,2.4979095831583966
2.4965,2.496256272169488
2.4946,2.49464109607318
2.4932,2.493061780908251
2.4916,2.491516932500564
2.4903,2.490005233346315
2.4884,2.4885254372007584
2.487,2.487076364130452
2.4856,2.485656225969683
2.484,2.4842653155848806
2.4829,2.482901942410939
2.4815,2.481565150056188
2.4803,2.480254029198755
2.479,2.478967714608312
2.478,2.477705382396902
2.4766,2.476465661983028
2.4752,2.475248986253613
2.474,2.474054044486308
2.473,2.472880154587679
2.4716,2.471726664842843
2.4708,2.470592952173601
2.4696,2.4694778935134227
2.4683,2.4683819810603502
2.4671,2.4673041323596694
2.4664,2.4662438237596493
2.4652,2.4652005531733305
2.4644,2.46417383893404
2.463,2.463163218724928
2.4621,2.4621677777685567
2.4612,2.461188038281989
2.4603,2.460223112073096
2.4592,2.459272604820353
2.4584,2.4583361371289008
2.4573,2.457413343801643
2.4565,2.456503442576646
2.4557,2.455606961903241
2.4548,2.454723138380592
2.454,2.4538516571431748
2.4529,2.452992214472393
2.452,2.452144517287127
2.4515,2.451308282662706
2.4506,2.4504828465625312
2.4496,2.4496687318124963
2.4491,2.4488652872461807
2.4481,2.448072266264328
2.4475,2.447289430384481
2.4466,2.44651654889583
2.446,2.4457530368938425
2.4452,2.444999406009359
2.4443,2.4442550807260965
2.4437,2.4435198583138584
2.4429,2.4427935423362848
2.4423,2.4420759423982723
2.4413,2.441366873905782
2.4408,2.440665825650276
2.4401,2.4399732921989967
2.4391,2.4392887689075504
2.4385,2.4386120922102394
2.4377,2.4379431033037458
2.4373,2.4372816479677795
2.4368,2.436627576393996
2.4362,2.435980436270176
2.4354,2.4353407029856102
2.4349,2.4347079288489675
2.434,2.4340819801406384
2.4333,2.4334627268065887
2.4329,2.432850042328325
2.4323,2.432243516018844
2.4317,2.431643606210836
2.4309,2.431049905644118
2.4305,2.4304623007521173
2.4298,2.429880680932717
2.4294,2.4293049384480785
2.4288,2.428734968328605
2.4281,2.428170400518745
2.4276,2.427611673470031
2.427,2.4270584195390144
2.4266,2.4265105439458834
2.4261,2.4259679542543147
2.4254,2.4254305602964306
2.425,2.4248980214731746
2.4244,2.424370759569753
2.4238,2.4238484357604424
2.4234,2.4233309682584747
2.4228,2.422818277211788
2.4223,2.422310284643736
2.4217,2.4218069143960217
2.4216,2.421307855272772
2.4209,2.420813510308605
4.2153,4.215833392570991
3.8315,3.8320345617310654
3.5146,3.5151253901402786
3.2545,3.2548542191441383
3.0476,3.0472236951822627
2.8697,2.869438811219528
2.7802,2.780348973130451
2.723,2.7229727631171112
2.6816,2.6815643297462826
2.6501,2.649597791850649
2.6239,2.6238135441770325
2.6023,2.602359403865081
2.5839,2.5840893327120344
2.5679,2.568241455002197
2.5543,2.5543091978198627
2.5417,2.541910291050999
2.5305,2.5307678163196807
2.5205,2.5206715427364674
2.5113,2.5114583986911785
2.5032,2.502999548107885
2.4953,2.4951879916942032
2.4879,2.48794697427954
2.4814,2.481203280610518
2.4749,2.4748991544016183
2.4688,2.468986022552145
2.4636,2.463422677707213
2.4582,2.458173884987548
2.453,2.4532069961146488
2.4485,2.448500432777843
2.4439,2.4440288258063623
2.4396,2.4397720636913616
2.4358,2.4357124220755706
2.4321,2.431834206904656
2.4279,2.428121729533749
2.4246,2.424566061727953
2.4211,2.421154225131363
2.4178,2.4178761724080795
2.4146,2.414722835972597
2.4116,2.4116860069149304
2.4088,2.40875823186667
2.4058,2.405931400716369
2.4032,2.403202011210927
2.4006,2.4005630234918005
2.398,2.398009238026745
2.3954,2.395535874943683
2.3931,2.393138530892245
2.3909,2.390812048890405
2.3886,2.388554886199512
2.3863,2.386362434282752
2.3842,2.384231460648808
2.3822,2.3821589601318296
2.38,2.380142134467801
2.3782,2.378178374088086
2.3762,2.376264341239764
2.3745,2.374399580387744
2.3725,2.372581032879134
2.3706,2.37080669725119
2.3689,2.369074694422424
2.3674,2.3673832581064294
2.3658,2.365729947117521
2.364,2.364114771021212
2.3626,2.362535455856284
2.3608,2.360990607448597
2.3595,2.359478908294348
2.3579,2.357999112148791
2.3565,2.356550039078485
2.3552,2.355129900917716
2.3537,2.3537389905329134
2.3524,2.352375617358972
2.3512,2.3510388250042205
2.3497,2.349727704146788
2.3485,2.3484413895563447
2.3471,2.3471790573449347
2.346,2.3459393369310604
2.3449,2.344722661201646
2.3433,2.3435277194343405
2.3423,2.342353829535712
2.3413,2.341200339790876
2.3401,2.340066627121634
2.339,2.3389515684614555
2.3378,2.337855656008383
2.3368,2.336777807307702
2.3357,2.335717498707682
2.3348,2.334674228121364
2.3337,2.333647513882072
2.3327,2.3326368936729605
2.3316,2.3316414527165894
2.3306,2.330661713230022
2.3297,2.329696787021129
2.3288,2.3287462797683856
2.3278,2.327809812076933
2.3269,2.326887018749676
2.3262,2.325977117524679
2.3252,2.325080636851274
2.3242,2.3241968133286246
2.3235,2.3233253320912075
2.3225,2.322465889420425
2.3215,2.32161819223516
2.3207,2.320781957610739
2.3198,2.319956521510564
2.3191,2.319142406760529
2.3184,2.318338962194213
2.3178,2.31754594121236
2.3168,2.316763105332514
2.316,2.3159902238438628
2.3153,2.3152267118418752
2.3143,2.314473080957392
2.3138,2.3137287556741293
2.3131,2.312993533261891
2.3122,2.312267217284317
2.3117,2.311549617346305
2.3109,2.310840548853814
2.3101,2.3101395005983085
2.3096,2.309446967147029
2.309,2.308762443855583
2.3081,2.308085767158272
2.3075,2.3074167782517785
2.3068,2.306755322915812
2.3061,2.306101251342028
2.3056,2.305454111218209
2.3048,2.304814377933643
2.3042,2.304181603797
2.3036,2.303555655088671
2.303,2.302936401754621
2.3024,2.3023237172763578
2.3019,2.301717190966876
2.3011,2.3011172811588687
2.3005,2.300523580592151
2.2999,2.29993597570015
2.2994,2.29935435588075
2.2989,2.2987786133961112
2.2983,2.298208643276637
2.2976,2.297644075466778
2.2972,2.297085348418064
2.2967,2.296532094487047
2.2961,2.295984218893916
2.2957,2.2954416292023474
2.2949,2.294904235244464
2.2943,2.294371696421208
2.2937,2.2938444345177853
2.2935,2.293322110708475
2.2929,2.2928046432065075
2.2923,2.2922919521598204
2.2919,2.291783959591769
2.2912,2.2912805893440544
2.2911,2.290781530220804
2.2904,2.290287185256638
4.1816,4.181123681489825
3.7976,3.7973248506499
3.4805,3.4804156790591128
3.22,3.2201445080629725
3.0125,3.012513984101097
2.8347,2.834729100138362
2.7458,2.745639262049285
2.6879,2.6882630520359454
2.6471,2.6468546186651167
2.6148,2.614888080769483
2.589,2.5891038330958667
2.5674,2.567649692783915
2.5491,2.5493796216308686
2.5336,2.5335317439210314
2.5196,2.519599486738697
2.507,2.507200579969833
2.4958,2.496058105238515
2.4859,2.4859618316553016
2.4769,2.4767486876100127
2.4682,2.468289837026719
2.4602,2.4604782806130374
2.4532,2.453237263198374
2.4464,2.4464935695293524
2.4398,2.4401894433204525
2.4342,2.43427631147098
2.4287,2.4287129666260467
2.4235,2.423464173906382
2.4187,2.418497285033483
2.4139,2.413790721696677
2.4093,2.4093191147251964
2.4049,2.405062352610196
2.4013,2.4010027109944048
2.3971,2.39712449582349
2.3934,2.393412018452583
2.3898,2.389856350646787
2.3865,2.386444514050197
2.3831,2.3831664613269137
2.3799,2.380013124891432
2.3769,2.376976295833765
2.374,2.374048520785504
2.3712,2.371221689635203
2.3684,2.3684923001297613
2.3659,2.3658533124106347
2.3633,2.363299526945579
2.361,2.360826163862517
2.3581,2.358428819811079
2.3562,2.356102337809239
2.354,2.353845175118346
2.3514,2.351652723201586
2.3495,2.349521749567642
2.3474,2.347449249050664
2.3453,2.345432423386636
2.3434,2.34346866300692
2.3414,2.341554630158598
2.3399,2.339689869306578
2.338,2.337871321797968
2.3362,2.3360969861700243
2.3345,2.334364983341258
2.3326,2.3326735470252635
2.331,2.331020236036355
2.3295,2.329405059940046
2.3277,2.327825744775118
2.3264,2.326280896367431
2.3248,2.324769197213182
2.3233,2.3232894010676253
2.3219,2.321840327997319
2.3205,2.32042018983655
2.319,2.3190292794517475
2.3178,2.317665906277806
2.3162,2.316329113923054
2.3151,2.315017993065622
2.3138,2.313731678475179
2.3125,2.312469346263769
2.3113,2.3112296258498946
2.3099,2.31001295012048
2.3089,2.308818008353174
2.3077,2.307644118454546
2.3065,2.30649062870971
2.3055,2.305356916040468
2.3042,2.3042418573802896
2.303,2.303145944927217
2.3019,2.3020680962265363
2.3011,2.3010077876265163
2.2999,2.299964517040197
2.2991,2.298937802800906
2.2978,2.297927182591794
2.2971,2.296931741635424
2.296,2.295952002148856
2.295,2.294987075939963
2.294,2.29403656868722
2.2932,2.293100100995768
2.2922,2.29217730766851
2.2914,2.291267406443513
2.2904,2.2903709257701084
2.2895,2.2894871022474588
2.2886,2.2886156210100417
2.2878,2.28775617833926
2.287,2.286908481153994
2.286,2.286072246529573
2.2852,2.285246810429398
2.2845,2.2844326956793632
2.2837,2.283629251113048
2.2829,2.282836230131194
2.2821,2.2820533942513483
2.2814,2.281280512762697
2.2805,2.2805170007607094
2.2797,2.279763369876226
2.2791,2.2790190445929634
2.2782,2.2782838221807253
2.2776,2.277557506203152
2.2767,2.276839906265139
2.2763,2.276130837772649
2.2755,2.2754297895171427
2.2748,2.274737256065864
2.2742,2.2740527327744173
2.2736,2.2733760560771064
2.2728,2.2727070671706127
2.2719,2.2720456118346464
2.2713,2.271391540260862
2.2707,2.270744400137043
2.2702,2.270104666852477
2.2696,2.2694718927158344
2.2688,2.2688459440075053
2.2683,2.268226690673456
2.2676,2.267614006195192
2.267,2.2670074798857103
2.2663,2.266407570077703
2.2658,2.265813869510985
2.2652,2.265226264618984
2.2646,2.264644644799584
2.2642,2.2640689023149454
2.2635,2.263498932195472
2.2632,2.2629343643856124
2.2625,2.262375637336898
2.2619,2.2618223834058813
2.2613,2.2612745078127503
2.2609,2.2607319181211816
2.2602,2.260194524163297
2.2597,2.259661985340041
2.2594,2.2591347234366195
2.2587,2.2586123996273093
2.2583,2.2580949321253416
2.2576,2.2575822410786546
2.2571,2.257074248510603
2.2568,2.2565708782628886
2.2561,2.2560718191396383
2.2558,2.2555774741754724
4.1162,4.116584603092814
3.7324,3.7327857722528894
3.4164,3.415876600662103
3.1558,3.1556054296659624
2.9476,2.9479749057040863
2.7702,2.770190021741352
2.6811,2.681100183652275
2.6238,2.623723973638936
2.5824,2.5823155402681066
2.5504,2.5503490023724726
2.5246,2.524564754698857
2.503,2.503110614386905
2.4846,2.484840543233859
2.469,2.4689926655240213
2.455,2.4550604083416867
2.4427,2.4426615015728226
2.4313,2.431519026841505
2.4212,2.4214227532582915
2.4123,2.4122096092130025
2.4037,2.403750758629709
2.396,2.395939202216028
2.3887,2.388698184801364
2.3819,2.3819544911323423
2.3757,2.3756503649234424
2.3697,2.369737233073969
2.3642,2.3641738882290366
2.3589,2.358925095509372
2.3539,2.353958206636473
2.3492,2.349251643299667
2.3448,2.3447800363281863
2.3405,2.3405232742131856
2.3366,2.336463632597394
2.3325,2.33258541742648
2.3288,2.328872940055573
2.3253,2.325317272249777
2.3221,2.321905435653187
2.3186,2.318627382929904
2.3156,2.315474046494421
2.3123,2.312437217436755
2.3095,2.309509442388494
2.3068,2.306682611238193
2.304,2.303953221732751
2.3014,2.301314234013625
2.2987,2.298760448548569
2.2964,2.296287085465507
2.2941,2.293889741414069
2.2915,2.291563259412229
2.2893,2.289306096721336
2.2873,2.287113644804576
2.2851,2.284982671170632
2.2829,2.2829101706536536
2.2809,2.280893344989625
2.2789,2.2789295846099096
2.2769,2.277015551761588
2.2751,2.275150790909568
2.2733,2.273332243400958
2.2715,2.271557907773014
2.2698,2.2698259049442484
2.2682,2.2681344686282534
2.2666,2.266481157639345
2.2648,2.264865981543036
2.2634,2.263286666378108
2.2617,2.261741817970421
2.2603,2.260230118816172
2.2588,2.2587503226706147
2.2572,2.257301249600309
2.2559,2.25588111143954
2.2545,2.254490201054737
2.2532,2.253126827880796
2.2518,2.2517900355260445
2.2507,2.250478914668612
2.2492,2.249192600078169
2.2479,2.2479302678667588
2.2467,2.246690547452884
2.2455,2.24547387172347
2.2443,2.2442789299561645
2.2432,2.243105040057536
2.2421,2.2419515503127
2.2408,2.240817837643458
2.2397,2.2397027789832795
2.2387,2.238606866530207
2.2375,2.2375290178295257
2.2366,2.236468709229506
2.2355,2.235425438643187
2.2343,2.234398724403896
2.2336,2.2333881041947845
2.2326,2.232392663238413
2.2314,2.231412923751846
2.2305,2.230447997542953
2.2296,2.2294974902902096
2.2286,2.228561022598757
2.2277,2.2276382292715
2.2269,2.226728328046503
2.2259,2.2258318473730982
2.2249,2.224948023850449
2.224,2.224076542613032
2.2232,2.223217099942249
2.2224,2.222369402756984
2.2217,2.221533168132563
2.2207,2.220707732032388
2.22,2.219893617282353
2.2191,2.219090172716037
2.2184,2.218297151734184
2.2178,2.2175143158543382
2.2168,2.216741434365687
2.216,2.2159779223637
2.2154,2.215224291479216
2.2146,2.2144799661959533
2.214,2.2137447437837148
2.2131,2.2130184278061416
2.2123,2.2123008278681286
2.2117,2.2115917593756382
2.211,2.2108907111201326
2.2103,2.210198177668853
2.2096,2.209513654377407
2.209,2.208836977680096
2.2083,2.208167988773602
2.2077,2.2075065334376363
2.207,2.206852461863852
2.2063,2.206205321740033
2.2056,2.205565588455467
2.2051,2.2049328143188243
2.2043,2.204306865610495
2.2038,2.203687612276445
2.2031,2.203074927798182
2.2025,2.2024684014887
2.202,2.2018684916806928
2.2014,2.201274791113975
2.2008,2.200687186221974
2.2001,2.200105566402574
2.1997,2.199529823917936
2.1991,2.1989598537984616
2.1986,2.1983952859886022
2.1979,2.197836558939888
2.1974,2.197283305008871
2.1968,2.19673542941574
2.1964,2.1961928397241715
2.1957,2.195655445766288
2.1952,2.195122906943032
2.1947,2.1945956450396094
2.1942,2.194073321230299
2.1936,2.1935558537283315
2.1931,2.1930431626816445
2.1927,2.192535170113593
2.192,2.1920317998658785
2.1916,2.1915327407426286
2.1911,2.1910383957784623
4.0512,4.050534154537248
3.6658,3.6667353236973215
3.3494,3.349826152106536
3.0899,3.089554981110396
2.8818,2.881924457148519
2.7039,2.7041395731857847
2.6151,2.615049735096708
2.5577,2.557673525083368
2.5161,2.5162650917125395
2.4841,2.4842985538169056
2.4586,2.458514306143289
2.4371,2.4370601658313378
2.4187,2.4187900946782914
2.4032,2.4029422169684542
2.3889,2.38900995978612
2.3764,2.3766110530172555
2.3654,2.3654685782859373
2.3553,2.355372304702724
2.3462,2.346159160657435
2.3377,2.3377003100741414
2.3299,2.32988875366046
2.3225,2.322647736245796
2.3161,2.315904042576775
2.3096,2.309599916367875
2.3038,2.3036867845184017
2.2982,2.298123439673469
2.2929,2.292874646953804
2.288,2.2879077580809057
2.2832,2.2832011947440995
2.2788,2.2787295877726192
2.2746,2.274472825657618
2.2704,2.270413184041827
2.2666,2.2665349688709124
2.2628,2.262822491500006
2.2594,2.259266823694209
2.2558,2.25585498709762
2.2528,2.2525769343743365
2.2494,2.2494235979388537
2.2463,2.2463867688811874
2.2435,2.2434589938329266
2.2406,2.2406321626826253
2.238,2.237902773177184
2.2352,2.235263785458057
2.2327,2.2327099999930016
2.2301,2.23023663690994
2.2278,2.227839292858502
2.2253,2.225512810856661
2.2231,2.2232556481657686
2.2212,2.221063196249008
2.219,2.2189322226150647
2.2169,2.2168597220980866
2.2148,2.214842896434058
2.2129,2.2128791360543425
2.211,2.2109651032060205
2.209,2.2091003423540005
2.2074,2.207281794845391
2.2056,2.205507459217447
2.2038,2.203775456388681
2.2021,2.2020840200726863
2.2005,2.200430709083778
2.1987,2.198815532987469
2.1973,2.19723621782254
2.1957,2.195691369414853
2.1941,2.1941796702606045
2.1927,2.192699874115048
2.1914,2.191250801044742
2.1899,2.1898306628839723
2.1884,2.18843975249917
2.1872,2.1870763793252284
2.1859,2.185739586970477
2.1845,2.1844284661130446
2.1832,2.1831421515226013
2.1819,2.1818798193111912
2.1807,2.180640098897317
2.1795,2.179423423167903
2.1783,2.178228481400597
2.1772,2.1770545915019683
2.176,2.175901101757132
2.1748,2.174767389087891
2.1738,2.1736523304277124
2.1726,2.17255641797464
2.1717,2.1714785692739587
2.1704,2.170418260673939
2.1696,2.16937499008762
2.1684,2.168348275848329
2.1673,2.167337655639217
2.1664,2.1663422146828464
2.1654,2.1653624751962783
2.1645,2.164397548987385
2.1635,2.1634470417346425
2.1625,2.1625105740431905
2.1616,2.1615877807159323
2.1609,2.160677879490936
2.16,2.1597813988175307
2.159,2.1588975752948816
2.1581,2.158026094057464
2.1572,2.157166651386682
2.1564,2.1563189542014163
2.1555,2.155482719576996
2.1547,2.154657283476821
2.1538,2.153843168726786
2.1531,2.1530397241604704
2.1524,2.152246703178617
2.1515,2.151463867298771
2.1509,2.15069098581012
2.1499,2.149927473808132
2.1491,2.1491738429236484
2.1485,2.148429517640386
2.1478,2.147694295228148
2.1472,2.146967979250574
2.1463,2.1462503793125616
2.1457,2.145541310820071
2.1449,2.144840262564565
2.1442,2.1441477291132864
2.1436,2.14346320582184
2.1429,2.142786529124529
2.1421,2.142117540218035
2.1416,2.141456084882069
2.141,2.140802013308285
2.1402,2.140154873184465
2.1396,2.1395151398999
2.139,2.1388823657632567
2.1384,2.138256417054928
2.1377,2.1376371637208784
2.1371,2.1370244792426147
2.1365,2.136417952933133
2.136,2.1358180431251257
2.1353,2.1352243425584074
2.1347,2.1346367376664066
2.1342,2.134055117847007
2.1334,2.133479375362368
2.1331,2.1329094052428945
2.1323,2.1323448374330347
2.1318,2.1317861103843203
2.1312,2.131232856453304
2.1307,2.1306849808601727
2.1303,2.1301423911686044
2.1297,2.1296049972107203
2.1292,2.129072458387464
2.1286,2.1285451964840423
2.1281,2.128022872674732
2.1276,2.127505405172764
2.127,2.1269927141260774
2.1266,2.1264847215580254
2.126,2.125981351310311
2.1255,2.125482292187061
2.125,2.1249879472228947
4.0188,4.018838588107229
3.6351,3.635039757267304
3.3185,3.318130585676517
3.058,3.057859414680377
2.8502,2.8502288907185007
2.6724,2.672444006755766
2.5833,2.583354168666689
2.5261,2.5259779586533497
2.4845,2.484569525282521
2.4527,2.452602987386887
2.4268,2.426818739713271
2.4053,2.40536459940132
2.3868,2.387094528248273
2.3713,2.371246650538436
2.3573,2.357314393356101
2.345,2.344915486587237
2.3334,2.333773011855919
2.3239,2.323676738272705
2.3144,2.3144635942274165
2.3061,2.306004743644123
2.2981,2.2981931872304413
2.291,2.2909521698157778
2.2841,2.2842084761467567
2.2778,2.2779043499378564
2.2722,2.2719912180883832
2.2664,2.26642787324345
2.2612,2.2611790805237857
2.2563,2.256212191650888
2.2516,2.251505628314081
2.2471,2.2470340213426008
2.2428,2.2427772592276
2.239,2.2387176176118087
2.2349,2.234839402440894
2.2312,2.2311269250699874
2.2277,2.227571257264191
2.2243,2.2241594206676014
2.221,2.220881367944318
2.2178,2.2177280315088352
2.2146,2.214691202451169
2.2119,2.211763427402908
2.2089,2.208936596252607
2.2063,2.2062072067471656
2.2035,2.203568219028039
2.201,2.201014433562983
2.1986,2.198541070479921
2.1962,2.196143726428484
2.1939,2.193817244426643
2.1917,2.19156008173575
2.1894,2.1893676298189897
2.1873,2.1872366561850463
2.1853,2.185164155668068
2.1833,2.18314733000404
2.1811,2.181183569624324
2.1794,2.179269536776002
2.1775,2.177404775923982
2.1756,2.1755862284153724
2.174,2.1738118927874286
2.1721,2.1720798899586624
2.1704,2.170388453642668
2.1688,2.16873514265376
2.1672,2.1671199665574505
2.1655,2.1655406513925217
2.1639,2.163995802984835
2.1627,2.162484103830586
2.161,2.161004307685029
2.1595,2.159555234614724
2.158,2.158135096453954
2.1568,2.1567441860691514
2.1553,2.15538081289521
2.1542,2.1540440205404585
2.1529,2.152732899683026
2.1515,2.151446585092583
2.1504,2.1501842528811728
2.1491,2.1489445324672984
2.1478,2.1477278567378844
2.1464,2.146532914970579
2.1456,2.14535902507195
2.1442,2.1442055353271137
2.143,2.1430718226578724
2.1421,2.141956763997694
2.1411,2.140860851544621
2.1399,2.13978300284394
2.1388,2.1387226942439206
2.1378,2.1376794236576013
2.1368,2.1366527094183105
2.1358,2.1356420892091985
2.1347,2.134646648252828
2.1337,2.13366690876626
2.1328,2.132701982557367
2.1318,2.131751475304624
2.1309,2.130815007613172
2.1298,2.129892214285914
2.129,2.1289823130609173
2.1281,2.1280858323875123
2.1272,2.127202008864863
2.1264,2.1263305276274456
2.1256,2.125471084956664
2.1248,2.124623387771398
2.1238,2.1237871531469774
2.123,2.1229617170468025
2.1223,2.122147602296768
2.1214,2.121344157730452
2.1206,2.1205511367485985
2.1199,2.1197683008687527
2.119,2.1189954193801013
2.1183,2.1182319073781137
2.1175,2.11747827649363
2.1168,2.116733951210368
2.1161,2.115998728798129
2.1152,2.115272412820556
2.1147,2.114554812882543
2.1139,2.1138457443900527
2.1133,2.113144696134547
2.1125,2.112452162683268
2.1119,2.111767639391821
2.1112,2.1110909626945107
2.1105,2.1104219737880165
2.1099,2.1097605184520507
2.1092,2.109106446878266
2.1085,2.108459306754447
2.1079,2.107819573469881
2.1072,2.1071867993332383
2.1066,2.1065608506249096
2.1059,2.10594159729086
2.1055,2.1053289128125963
2.1047,2.1047223865031146
2.1042,2.104122476695107
2.1036,2.103528776128389
2.1031,2.102941171236388
2.1024,2.1023595514169884
2.102,2.1017838089323497
2.1013,2.101213838812876
2.1008,2.100649271003016
2.1001,2.100090543954302
2.0998,2.0995372900232856
2.099,2.098989414430154
2.0986,2.098446824738586
2.098,2.097909430780702
2.0975,2.0973768919574454
2.0969,2.096849630054024
2.0964,2.0963273062447136
2.0959,2.095809838742745
2.0954,2.095297147696059
2.0949,2.094789155128007
2.0945,2.0942857848802925
2.0938,2.0937867257570426
2.0933,2.0932923807928763
4.7388,4.738796799844371
4.3541,4.355019811988365
4.0384,4.038124953895648
3.7776,3.7778624804073546
3.5698,3.5702364984429646
3.3922,3.39245345621432
3.3024,3.303363701601147
3.2452,3.2459872068603195
3.2041,3.204578388408972
3.172,3.172611443344857
3.1466,3.146826793733021
3.1248,3.1253722667006443
3.1064,3.1071018273354065
3.0913,3.0912536002783084
3.077,3.077321012299179
3.0646,3.064921792002182
3.0531,3.05377901975617
3.0432,3.0436824634181026
3.0342,3.03446905019058
3.0254,3.0260099429023493
3.018,3.0181981411497345
3.0105,3.0109568890945235
3.0039,3.004212970551784
2.9975,2.9979086285050767
2.9921,2.991995289195501
2.9861,2.986431744674729
2.9807,2.98118275952753
2.9761,2.9762156849034014
2.971,2.971508942228726
2.9668,2.967037161842845
2.9621,2.962780231872705
2.9582,2.958720427628491
2.9546,2.9548420547515484
2.951,2.9511294242459902
2.9473,2.9475736077663
2.9439,2.9441616266462787
2.9406,2.9408834333320564
2.9372,2.937729960036604
2.9343,2.934692997663279
2.9314,2.931765092670478
2.9289,2.928938134726084
2.926,2.926208621547948
2.923,2.923569513076602
2.9208,2.921015609649312
2.9182,2.9185421312719644
2.9158,2.9161446744799013
2.9137,2.9138180821318915
2.9115,2.9115608114938
2.9093,2.909368253881029
2.9068,2.9072371767132035
2.9049,2.9051645747405472
2.903,2.903147649619865
2.9011,2.90118379170774
2.8989,2.8992696631353585
2.8971,2.897404808391949
2.8951,2.895586168715175
2.8933,2.8938117425821983
2.892,2.8920796508544977
2.8904,2.8903881271914926
2.8885,2.888734730315408
2.8871,2.887119469824612
2.8854,2.885540071669934
2.8836,2.883995141632774
2.8823,2.882483362166924
2.8811,2.88100348698717
2.8793,2.879554336121424
2.8782,2.878134121330795
2.876,2.8767431355194275
2.8753,2.87537968805161
2.8738,2.874042822503309
2.8724,2.8727316295216467
2.8712,2.8714452438465683
2.8696,2.870182841561605
2.8687,2.8689430520251773
2.8676,2.8677263081638142
2.8666,2.8665312991967373
2.865,2.865357343006244
2.8638,2.8642037878541053
2.8628,2.8630700106396643
2.8619,2.8619548882445813
2.8607,2.860858912906822
2.8595,2.8597810021210246
2.8586,2.858720632216112
2.8575,2.857677301086463
2.8566,2.8566505270474023
2.8553,2.855639847764701
2.8544,2.8546443484164747
2.8534,2.853664551259232
2.8522,2.852699568057176
2.8516,2.851749004473637
2.8506,2.850812481099107
2.8497,2.849889632722317
2.8487,2.848979677041807
2.8476,2.848083142545535
2.8469,2.8471992657937006
2.8461,2.84632773190832
2.8451,2.845468237158721
2.8444,2.84462048845208
2.8436,2.8437842028523703
2.8431,2.8429587162880545
2.842,2.842144551622444
2.8412,2.8413410576545663
2.8403,2.8405479877750945
2.8392,2.8397651034917946
2.8388,2.8389921740843533
2.838,2.8382286146164963
2.8377,2.8374749367553367
2.8365,2.83673056495313
2.8358,2.8359952964711965
2.8351,2.835268934864925
2.8341,2.834551289731184
2.8338,2.833842176468119
2.8331,2.833141083838535
2.8324,2.832448506444567
2.8314,2.8317639396133587
2.8311,2.8310872197721872
2.83,2.8304181881108885
2.8297,2.829756690402503
2.8293,2.8291025768321814
2.8281,2.828455395061604
2.8275,2.8278156205135745
2.827,2.8271828054707955
2.8263,2.8265568162077743
2.8255,2.825937522664737
2.8251,2.825324798317588
2.8243,2.82471823245508
2.824,2.8241182834422704
2.8232,2.823524543994829
2.823,2.8229369005410923
2.822,2.822355242473969
2.8215,2.82177946205076
2.8212,2.82120945429712
2.8202,2.8206448491351224
2.8199,2.820086085047368
2.8196,2.819532794368098
2.8185,2.818984882313162
2.8183,2.818442256441994
2.8178,2.8179048265825664
2.8173,2.8173722521148363
2.8164,2.8168449548540164
2.8159,2.8163225959534404
2.8157,2.8158050936225334
2.8152,2.815292368005509
2.8146,2.814784341122074
2.8142,2.8142809368103583
2.8135,2.813781843854924
2.8131,2.813287465319214
4.5235,4.523275927785225
4.1397,4.139473662445811
3.8226,3.8225640998182735
3.5629,3.562294615941826
3.3548,3.3546670116930684
3.1771,3.1768859723205938
3.0883,3.087798612066298
3.0304,3.030424220131688
2.9888,2.989017216807735
2.9568,2.9570518550483813
2.9311,2.9312686043249663
2.9098,2.9098153278724634
2.8916,2.891546017907072
2.8757,2.875698820137616
2.8619,2.8617671762558734
2.8494,2.849368827856839
2.8385,2.838226865261199
2.8281,2.8281310643792468
2.8195,2.8189183590162923
2.8106,2.8104599174782896
2.8025,2.802648744244445
2.7952,2.795408086764607
2.7888,2.7886647324785354
2.7823,2.7823609272226104
2.7766,2.776448099709232
2.771,2.7708850441446784
2.7656,2.7656365270033056
2.7605,2.7606699013103784
2.7557,2.755963589541332
2.7514,2.751492223568312
2.7474,2.7472356926933803
2.7432,2.743176273281522
2.7391,2.7392982719244032
2.7356,2.7355860006536705
2.7321,2.732030531560885
2.7285,2.7286188868628614
2.7254,2.72534101965247
2.7222,2.72218786273432
2.719,2.719151207554368
2.7163,2.7162236010698257
2.7135,2.713396933544716
2.7109,2.71066770284458
2.7082,2.708028869442946
2.7053,2.70547523404108
2.7029,2.703002016982925
2.7007,2.7006048151183446
2.6984,2.698278471716465
2.6961,2.6960214440795287
2.6945,2.693829123898782
2.6918,2.691698278833286
2.6898,2.689625903857736
2.6878,2.6876092008396606
2.6858,2.6856455603337177
2.6837,2.68373164475798
2.682,2.681866998574336
2.68,2.6800485632887168
2.6783,2.6782743375347406
2.6765,2.6765424423217907
2.6749,2.6748511114492493
2.6736,2.673197903861303
2.6713,2.67158282910162
2.6702,2.6700036133313807
2.6683,2.66845886244528
2.6669,2.666947259004813
2.6657,2.6654675568272377
2.6641,2.6640185760380355
2.6625,2.6625985285703817
2.6611,2.661207707257613
2.66,2.659844421629052
2.6584,2.658507715341465
2.6573,2.6571966791191954
2.656,2.6559104477760296
2.6546,2.654648197466158
2.6538,2.6534085576865007
2.6523,2.652191961285669
2.6507,2.650997097616941
2.6499,2.649823284622214
2.6486,2.64866987062046
2.6477,2.647536232565944
2.6464,2.6464212474580817
2.6454,2.645325407454709
2.6444,2.644247630165141
2.6434,2.64318739196524
2.642,2.642144190794573
2.6411,2.6411175450119826
2.6401,2.640106992325175
2.6391,2.639111618011906
2.6385,2.638131944248488
2.6373,2.6371670828967178
2.6361,2.6362166396562268
2.6355,2.6352802351525617
2.6347,2.6343575042083134
2.6337,2.6334476646097444
2.6324,2.632551244765797
2.6317,2.631667481322924
2.6311,2.630796059432735
2.6299,2.629936675393197
2.6292,2.629089036139212
2.6284,2.6282528587616043
2.6274,2.6274274792655974
2.6267,2.626613420437652
2.6254,2.625810031152548
2.6249,2.625017064824651
2.6243,2.6242342829847085
2.6234,2.6234614549347044
2.623,2.6226979958075813
2.6218,2.621944417195816
2.6212,2.6212001436201446
2.6206,2.620464972361706
2.62,2.619738706995143
2.6189,2.619021157136037
2.6186,2.618312138200728
2.6177,2.61761113901403
2.6169,2.616918654106214
2.6164,2.616234178865921
2.6157,2.6155575497367183
2.6149,2.614888607924296
2.6143,2.6142271992171304
2.6136,2.613573173815405
2.613,2.6129260794369027
2.6125,2.612286391435388
2.612,2.6116536621493096
2.6109,2.6110277578667245
2.6108,2.610408548541064
2.6096,2.609795907661109
2.6092,2.6091894245674525
2.6088,2.6085895575585023
2.6081,2.607995899401508
2.6074,2.607408336536469
2.6069,2.60682675836768
2.6063,2.6062510571635555
2.6057,2.6056811279606023
2.6053,2.6051166007284814
2.6047,2.604557913885859
2.604,2.60400469981439
2.6037,2.603456863739805
2.603,2.602914313231195
2.6026,2.60237695812597
2.602,2.601844457848538
2.6013,2.6013172341524102
2.6008,2.600794948235249
2.6005,2.6002775183151097
2.5999,2.599764864544647
2.5993,2.5992569089518267
2.5989,2.598753575382862
2.5985,2.5982545526635747
2.5978,2.5977602437981986
4.3461,4.346375718746737
3.9625,3.962563649286343
3.6458,3.6456465694684312
3.3856,3.3853713868431146
3.1777,3.1777396086501524
2.9999,2.9999553133062995
2.9109,2.91086645182694
2.8533,2.8534911456344787
2.8125,2.812083510382529
2.7799,2.7801176778537817
2.754,2.754334058824615
2.733,2.73288048403788
2.7147,2.7146109260540285
2.6988,2.69876351779926
2.6849,2.6848316925518327
2.6724,2.672433185719952
2.6611,2.661291083193297
2.6512,2.651195157564928
2.6418,2.6419823401004088
2.6336,2.6335237971235874
2.6256,2.625712531498827
2.6183,2.6184717894974607
2.6116,2.611728357480857
2.6055,2.6054244804340887
2.5994,2.599511586360361
2.5938,2.593948468869746
2.5887,2.588699893931234
2.5837,2.5837332141135336
2.5789,2.5790268515724493
2.5745,2.574555437832416
2.5703,2.570298861916093
2.566,2.5662393999440263
2.5621,2.5623613582929745
2.5585,2.558649048787017
2.555,2.555093543385751
2.5517,2.551681864137375
2.5486,2.54840396400077
2.5454,2.545250775660368
2.5422,2.5422140904539847
2.5393,2.53928645524122
2.5363,2.536459760184888
2.5337,2.5337305030965345
2.531,2.5310916443632947
2.5286,2.528537984619837
2.5259,2.5260647441492123
2.5237,2.523667519745474
2.5215,2.521341154616326
2.5191,2.519084106037538
2.5169,2.516891765646322
2.5148,2.5147609010615715
2.5126,2.512688507220813
2.5107,2.5106717859571286
2.5087,2.508708127793195
2.5068,2.506794195109327
2.5048,2.5049295323560274
2.5031,2.5031110810051285
2.5014,2.5013368396661466
2.4998,2.499604929325933
2.498,2.497913583762776
2.4965,2.496260361894385
2.4946,2.494645273259486
2.4932,2.4930660439949306
2.4916,2.49152127997903
2.4903,2.4900096637578555
2.4884,2.4885299491341306
2.487,2.487080956219629
2.4856,2.485660896929019
2.484,2.484270064094672
2.4829,2.4829067672286333
2.4815,2.481570049976723
2.4803,2.4802590030529053
2.479,2.478972761261132
2.478,2.4777105007462565
2.4766,2.476470850991636
2.4752,2.4752542448469605
2.474,2.474059371652688
2.473,2.4728855493430904
2.4716,2.471732126229877
2.4708,2.4705984792603943
2.4696,2.469483485423342
2.4683,2.468387636878577
2.4671,2.467309851225199
2.4664,2.466249604833328
2.4652,2.4652063956370385
2.4644,2.4641797419899256
2.463,2.463169181594671
2.4621,2.4621737997206505
2.4612,2.461194118546776
2.4603,2.460229249926787
2.4592,2.4592787995560808
2.4584,2.458342388056141
2.4573,2.457419650245659
2.4565,2.4565098039039683
2.4557,2.45561337744284
2.4548,2.4547296075020246
2.454,2.453858179229808
2.4529,2.452998788920959
2.452,2.4521511435073
2.4515,2.451314960076694
2.4506,2.4504895746286977
2.4496,2.449675509952694
2.4491,2.4488721149179504
2.4481,2.4480791429362787
2.4475,2.44729635553596
2.4466,2.4465235220166
2.446,2.445760057506299
2.4452,2.4450064736004498
2.4443,2.44426219481506
2.4437,2.4435270184291964
2.4429,2.4428007480155047
2.4423,2.442083193187632
2.4413,2.441374169360048
2.4408,2.440673165353478
2.4401,2.4399806757010345
2.4391,2.4392961957873496
2.4385,2.4386195620543494
2.4377,2.437950615706135
2.4373,2.437289202529641
2.4368,2.436635172723559
2.4362,2.4359880740021693
2.4354,2.435348381721973
2.4349,2.4347156482179746
2.434,2.434089739776908
2.4333,2.433470526350925
2.4329,2.432857881427564
2.4323,2.43225139434432
2.4317,2.431651523402232
2.4309,2.431057861365496
2.4305,2.4304702946730057
2.4298,2.4298887127279807
2.4294,2.4293130077977896
2.4288,2.428743074917924
2.4281,2.428178544055337
2.4276,2.4276198536311955
2.427,2.4270666360244766
2.4266,2.4265187964600017
2.4261,2.425976242505977
2.4254,2.4254388839989507
2.425,2.4249063803608992
2.4244,2.424379153347721
2.4238,2.42385686415467
2.4234,2.423339430999026
2.4228,2.4228267740326896
2.4223,2.42231881528289
2.4217,2.421815478595122
2.4216,2.421316452793048
2.4209,2.4208221408831583
4.2153,4.215958798178429
3.8315,3.832119129248032
3.5146,3.515181255708966
3.2545,3.2548906348274915
3.0476,3.047247825389645
2.8697,2.869455181915514
2.7802,2.780362587043721
2.723,2.7229850578746224
2.6816,2.6815759145580524
2.6501,2.649608976731836
2.6239,2.6238245055706275
2.6023,2.602370249777096
2.5839,2.58410013269802
2.5679,2.5682522555240763
2.5543,2.5543200307281864
2.5417,2.541921178578262
2.5305,2.5307787741713774
2.5205,2.520682582068211
2.5113,2.511469527418928
2.5032,2.5030107718001857
2.4953,2.495199314241839
2.4879,2.4879583981951257
2.4814,2.4812148074893434
2.4749,2.4749107851100107
2.4688,2.4689977574020245
2.4636,2.4634345165874025
2.4582,2.45818582746355
2.453,2.453219041554002
2.4485,2.448512580262081
2.4439,2.444041074324421
2.4396,2.439784412126201
2.4358,2.4357248692323537
2.4321,2.431846751532957
2.4279,2.428134370390664
2.4246,2.4245787974547017
2.4211,2.421167054402229
2.4178,2.41788909389296
2.4146,2.414735848343907
2.4116,2.411699108853053
2.4088,2.4087714220642287
2.4058,2.405944677922733
2.4032,2.4032153741106805
2.4006,2.400576470831418
2.398,2.3980227685742754
2.3954,2.395549487489807
2.3931,2.393152224251008
2.3909,2.390825821937393
2.3886,2.3885687377584404
2.3863,2.3863763632397577
2.3842,2.3842454659141343
2.3822,2.382173040639656
2.38,2.380156289175983
2.3782,2.378192601977827
2.3762,2.376278641349423
2.3745,2.374413951709381
2.3725,2.3725954744615505
2.3706,2.37082120816479
2.3689,2.3690892737587186
2.3674,2.3673979049775293
2.3658,2.365744660687214
2.364,2.364129550409287
2.3626,2.362550300233589
2.3608,2.3610055160045365
2.3595,2.3594938802363803
2.3579,2.358014146701933
2.3565,2.3565651354848285
2.3552,2.355145058464919
2.3537,2.3537542084664893
2.3524,2.352390894969431
2.3512,2.3510541615973106
2.3497,2.3497430990430628
2.3485,2.3484568420907466
2.3471,2.347194566866386
2.346,2.345954902828792
2.3449,2.3447382828243533
2.3433,2.3435433961705723
2.3423,2.3423695607864885
2.3413,2.34121612496934
2.3401,2.3400824656527126
2.339,2.338967459806573
2.3378,2.3378715995897634
2.3368,2.336793802583709
2.3357,2.335733545147217
2.3348,2.334690325203577
2.3337,2.333663661096089
2.3327,2.3326530905176086
2.3316,2.331657698723458
2.3306,2.3306780078930287
2.3297,2.3297131298666915
2.3288,2.328762670331633
2.3278,2.327826249901481
2.3269,2.3269035033874026
2.3262,2.325993648557526
2.3252,2.3250972138248005
2.3242,2.324213435818253
2.3235,2.3233419996798097
2.3225,2.322482601698137
2.3215,2.321634948799197
2.3207,2.320798758065223
2.3198,2.319973365487003
2.3191,2.3191592938555146
2.3184,2.318355892031583
2.3178,2.317562913422206
2.3168,2.316780119551032
2.316,2.316007279713207
2.3153,2.3152438090296275
2.3143,2.314490219097428
2.3138,2.313745934425649
2.3131,2.3130107522895136
2.3122,2.312284476257953
2.3117,2.3115669159410364
2.3109,2.310857886749777
2.3101,2.310156877499096
2.3096,2.3094643827238803
2.309,2.308779897803124
2.3081,2.308103259175744
2.3075,2.307434308042936
2.3068,2.3067728901888263
2.3061,2.3061188558093875
2.3056,2.305471752614164
2.3048,2.304832055961376
2.3042,2.304199318181408
2.3036,2.303573405558613
2.303,2.3029541880428326
2.3024,2.3023415391193707
2.3019,2.3017350481217105
2.3011,2.301135173352523
2.3005,2.3005415075720816
2.2999,2.299953937217308
2.2994,2.299372351689507
2.2989,2.2987966432541924
2.2983,2.298226706945054
2.2976,2.2976621727257163
2.2972,2.297103479018847
2.2967,2.296550258200161
2.2961,2.296002415492879
2.2957,2.2954598584636545
2.2949,2.2949224969475264
2.2943,2.294389990363616
2.2937,2.293862760469205
2.2935,2.2933404684567424
2.2929,2.2928230325421617
2.2923,2.292310372876053
2.2919,2.291802411484373
2.2912,2.2912990722113773
2.2911,2.29080004387833
2.2904,2.290305729492959
4.1816,4.181055615706212
3.7976,3.7972893551589593
3.4805,3.480401646132994
3.22,3.220143640463533
3.0125,3.0125201227166425
2.8347,2.8347382507111574
2.7458,2.745648697189331
2.6879,2.68827217658136
2.6471,2.646863257023179
2.6148,2.614896183461695
2.589,2.589111396457446
2.5674,2.5676567311063496
2.5491,2.5493861561004683
2.5336,2.533537797636596
2.5196,2.5196050832658026
2.507,2.507205741702335
2.4958,2.4960628532448346
2.4859,2.4859661855589485
2.4769,2.4767526656002654
2.4682,2.4682934559301533
2.4602,2.46048155583032
2.4532,2.453240209296344
2.4464,2.446496199849453
2.4398,2.4401917702432283
2.4342,2.4342783465053794
2.4287,2.428714720490462
2.4235,2.423465656601607
2.4187,2.4184985057853945
2.4139,2.4137916893869384
2.4093,2.4093198375670544
2.4049,2.4050628383222565
2.4013,2.401002966842462
2.3971,2.397124528658002
2.3934,2.393411834640524
2.3898,2.389855956410045
2.3865,2.38644391518165
2.3831,2.383165663319766
2.3799,2.3800121329614274
2.3769,2.37697511493931
2.374,2.3740471556459246
2.3712,2.371220144662679
2.3684,2.3684905797004885
2.3659,2.3658514206205177
2.3633,2.363297467709633
2.361,2.360823940926435
2.3581,2.35842643676185
2.3562,2.3560997980109883
2.354,2.353842481944607
2.3514,2.351649879818691
2.3495,2.3495187590178905
2.3474,2.3474461142593945
2.3453,2.345429147168776
2.3434,2.3434652480730582
2.3414,2.341551079056327
2.3399,2.3396861846198065
2.338,2.337867505956511
2.3362,2.336093041519673
2.3345,2.334360912148025
2.3326,2.3326693514793444
2.331,2.331015918198045
2.3295,2.32940062191756
2.3277,2.3278211885525004
2.3264,2.326276223866402
2.3248,2.324764410296001
2.3233,2.323284501539784
2.3219,2.3218353176100783
2.3205,2.320415070237668
2.319,2.319024052343477
2.3178,2.317660573262471
2.3162,2.316323676557508
2.3151,2.31501245286314
2.3138,2.3137260369072457
2.3125,2.3124636047617755
2.3113,2.3112237857600726
2.3099,2.3100070128460564
2.3089,2.3088119752145224
2.3077,2.307637990737873
2.3065,2.306484407668356
2.3055,2.305350602896139
2.3042,2.3042354532811564
2.303,2.303139451078799
2.3019,2.3020615137624345
2.3011,2.3010011176530605
2.2999,2.2999577606374086
2.2991,2.298930961023418
2.2978,2.2979202564697285
2.2971,2.296924732135723
2.296,2.295944910295063
2.295,2.294979902693532
2.294,2.294029314988225
2.2932,2.2930927677636044
2.2922,2.2921698958025627
2.2914,2.2912599167869248
2.2904,2.2903633592214145
2.2895,2.2894794596497405
2.2886,2.2886079031887747
2.2878,2.287748386102857
2.287,2.286900615294323
2.286,2.286064307822456
2.2852,2.2852387996008896
2.2845,2.2844246135091577
2.2837,2.2836210983316167
2.2829,2.282828007454768
2.2821,2.282045102382324
2.2814,2.281272152390032
2.2805,2.2805085725281136
2.2797,2.279754874479399
2.2791,2.2790104826827537
2.2782,2.2782751943959743
2.2776,2.27754881317102
2.2767,2.276831148601421
2.2763,2.2761220160820748
2.2755,2.275420904363564
2.2748,2.2747283080631377
2.2742,2.2740437224957963
2.2736,2.2733669840858903
2.2728,2.2726979340204045
2.2719,2.2720364180695976
2.2713,2.2713822864159097
2.2707,2.2707350867098643
2.2702,2.270095294388784
2.2696,2.2694624617242667
2.2688,2.2688364549883646
2.2683,2.268217144118905
2.2676,2.2676044025894537
2.267,2.266997819678385
2.2663,2.2663978537647766
2.2658,2.265804097553957
2.2652,2.265216437472133
2.2646,2.264634762910132
2.2642,2.2640589661232218
2.2635,2.2634889421350675
2.2632,2.2629243208581498
2.2625,2.2623655407885286
2.2619,2.261812234250875
2.2613,2.261264306459221
2.2609,2.260721664971222
2.2602,2.260184219613109
2.2597,2.25965162975583
2.2594,2.259124317227599
2.2587,2.2586019431727564
2.2583,2.258084425799129
2.2576,2.2575716852493666
2.2571,2.257063643541644
2.2568,2.25656022451259
2.2561,2.256061116938355
2.2558,2.2555667238948773
4.1162,4.116610709237691
3.7324,3.732796131749402
3.4164,3.4158770015857263
3.1558,3.155600151953006
2.9476,2.947967057154356
2.7702,2.7701816457739348
2.6811,2.6810922296762185
2.6238,2.6237165681654684
2.5824,2.5823086774726374
2.5504,2.5503426483555875
2.5246,2.5245588711643165
2.503,2.503105165065529
2.4846,2.484835495472901
2.469,2.4689879905716388
2.455,2.455056080490754
2.4427,2.442657498267736
2.4313,2.431515328076712
2.4212,2.421419341209992
2.4123,2.412206467925363
2.4037,2.403747873751338
2.396,2.3959365608928644
2.3887,2.3886957751475326
2.3819,2.381952302426445
2.3757,2.3756483873594574
2.3697,2.369735457651278
2.3642,2.3641723066589413
2.3589,2.3589237001352306
2.3539,2.353956990448936
2.3492,2.349250599623094
2.3448,2.3447791590270453
2.3405,2.340522557560365
2.3366,2.336463071235188
2.3325,2.3325850063323315
2.3288,2.328872674580232
2.3253,2.325317147883559
2.3221,2.3219054482115
2.3186,2.3186275284616435
2.3156,2.315474321263133
2.3123,2.312437617903755
2.3095,2.309509965197704
2.3068,2.306683253258567
2.304,2.303953979876268
2.3014,2.3013151053952603
2.2987,2.2987614304185926
2.2964,2.296288175200258
2.2941,2.293890936507552
2.2915,2.2915645575169807
2.2893,2.289307495494693
2.2873,2.287115142050051
2.2851,2.284984264782333
2.2829,2.282911858610839
2.2809,2.2808951253516803
2.2789,2.278931455511716
2.2769,2.277017511451139
2.2751,2.275152837617486
2.2733,2.2733343754641666
2.2715,2.2715601235885807
2.2698,2.269828202966206
2.2682,2.2681368473646444
2.2666,2.266483615686929
2.2648,2.264868517471664
2.2634,2.2632892788420413
2.2617,2.261744505667947
2.2603,2.260232880487492
2.2588,2.25875315709587
2.2572,2.2573041555977302
2.2559,2.255884087897021
2.2545,2.254493246827729
2.2532,2.253129941891774
2.2518,2.251793216729203
2.2507,2.250482162048499
2.2492,2.2491959126483936
2.2479,2.2479336446687745
2.2467,2.2466939875848047
2.2455,2.2454773742486496
2.2443,2.244282493992935
2.2432,2.243108664747825
2.2421,2.2419552348211047
2.2408,2.2408215811563683
2.2397,2.239706580735616
2.2387,2.2386107257215464
2.2375,2.237532933706806
2.2366,2.2364726810583626
2.2355,2.235429465707274
2.2343,2.234402806004236
2.2336,2.233392239649152
2.2326,2.2323968519059525
2.2314,2.23141716495658
2.2305,2.2304522906494912
2.2296,2.2295018346777136
2.2286,2.228565417660452
2.2277,2.2276426744142044
2.2269,2.226732822713657
2.2259,2.225836390973654
2.2249,2.2249526158294146
2.224,2.2240811824273328
2.2232,2.223221787060356
2.2224,2.2223741366585483
2.2217,2.221537948308076
2.2207,2.2207125580045566
2.22,2.21989848854042
2.2191,2.2190950887810743
2.2184,2.218302112136852
2.2178,2.2175193201346053
2.2168,2.216746482072557
2.216,2.2159830130753466
2.2154,2.215229424741345
2.2146,2.214485141583157
2.214,2.213749960878636
2.2131,2.2130236861992483
2.2123,2.212306127157502
2.2117,2.211597099166764
2.211,2.210896091044736
2.2103,2.2102035973274137
2.2096,2.209519113396449
2.209,2.208842475692788
2.2083,2.2081735254195825
2.2077,2.2075121083628453
2.207,2.206858074720371
2.2063,2.206210972203772
2.2056,2.20557127617232
2.2051,2.2049385389583778
2.2043,2.204312626847882
2.2038,2.203693409792205
2.2031,2.2030807612781307
2.2025,2.2024742706407325
2.202,2.201874396183724
2.2014,2.201280730668897
2.2008,2.200693160534472
2.2001,2.2001115751830027
2.1997,2.1995358668812184
2.1991,2.1989659306639826
2.1986,2.198401396496071
2.1979,2.1978427028012044
2.1974,2.197289481956198
2.1968,2.196741639185307
2.1964,2.1961990820561863
2.1957,2.195661720404846
2.1952,2.1951292136512595
2.1947,2.194601983553784
2.1942,2.19407969130568
2.1936,2.1935622551237417
2.1931,2.193049595159392
2.1927,2.1925416334393955
2.192,2.192038293808794
2.1916,2.191539265089421
2.1911,2.191044950290116
4.0512,4.050539160908972
3.6658,3.666757557989532
3.3494,3.3498577502129665
3.0899,3.0895902760651626
2.8818,2.8819595716277
2.7039,2.7041718593225688
2.6151,2.615079507642729
2.5577,2.557701236753658
2.5161,2.516291081504338
2.4841,2.4843230708321444
2.4586,2.458537539205304
2.4371,2.4370822622828183
2.4187,2.4188111724223744
2.4032,2.402962371946208
2.3889,2.389029272615568
2.3764,2.376629591389248
2.3654,2.365486400100182
2.3553,2.355389460033037
2.3462,2.346175693226692
2.3377,2.337716258382111
2.3299,2.3299041516057697
2.3225,2.322662614595683
2.3161,2.315918428726591
2.3096,2.3096138350582
2.3038,2.3037002582003283
2.2982,2.298136488810017
2.2929,2.292887290270812
2.288,2.2879200125960963
2.2832,2.283213076496585
2.2788,2.278741111414909
2.2746,2.274484004774542
2.2704,2.270424031262149
2.2666,2.2665454959639657
2.2628,2.2628327093148606
2.2594,2.2592767426726432
2.2558,2.2558646168941205
2.2528,2.252586284062955
2.2494,2.249432676063526
2.2463,2.246395583500429
2.2435,2.243467552559653
2.2406,2.240640472602821
2.238,2.237910841235795
2.2352,2.235271618130392
2.2327,2.2327176034308867
2.2301,2.230244016965118
2.2278,2.227846455103834
2.2253,2.2255197605052794
2.2231,2.2232623903912856
2.2212,2.221069735896372
2.219,2.218938564317756
2.2169,2.216865870291517
2.2148,2.2148488553678574
2.2129,2.21288490980366
2.211,2.210970695596393
2.209,2.209105757229317
2.2074,2.207287035816569
2.2056,2.2055125297580025
2.2038,2.2037803598423307
2.2021,2.202088759660401
2.2005,2.2004352878343973
2.1987,2.1988199539730235
2.1973,2.1972404839332578
2.1957,2.195695483441852
2.1941,2.19418363490084
2.1927,2.192703691975939
2.1914,2.1912544746485025
2.1899,2.1898341946046065
2.1884,2.18844314476856
2.1872,2.1870796344332777
2.1859,2.185742707136672
2.1845,2.1844314534896085
2.1832,2.183145008197468
2.1819,2.181882547310802
2.1807,2.180642700129301
2.1795,2.179425899604356
2.1783,2.1782308348987254
2.1772,2.177056823867201
2.176,2.175903214745228
2.1748,2.1747693844069325
2.1738,2.173654209685063
2.1726,2.1725581828442904
2.1717,2.1714802213318904
2.1704,2.170419801455451
2.1696,2.1693764210888613
2.1684,2.1683495985277577
2.1673,2.167338871418985
2.1664,2.1663433249001285
2.1654,2.165363481255139
2.1645,2.164398452208715
2.1635,2.163447843407942
2.1625,2.1625112754276614
2.1616,2.161588383041517
2.1609,2.160678383912928
2.16,2.1597818065572256
2.159,2.1588978875002165
2.1581,2.158026311850834
2.1572,2.157166775865771
2.1564,2.1563189864399925
2.1555,2.1554826606256725
2.1547,2.154657134321033
2.1538,2.153842930416225
2.1531,2.153039397680536
2.1524,2.152246289494298
2.1515,2.151463367355265
2.1509,2.1506904005334246
2.1499,2.1499268040655712
2.1491,2.149173089644977
2.1485,2.148428681697331
2.1478,2.147693377475389
2.1472,2.146966980526233
2.1463,2.146249300438668
2.1457,2.1455401526030173
2.1449,2.1448390257582663
2.1442,2.144146414531786
2.1436,2.143461814227155
2.1429,2.1427850612646866
2.1421,2.1421159968274472
2.1416,2.141454466681896
2.141,2.140800321006784
2.1402,2.1401531074424884
2.1396,2.139513301436065
2.139,2.1388804552490885
2.1384,2.1382544351503325
2.1377,2.1376351110744367
2.1371,2.1370223564918667
2.1365,2.136415760671869
2.136,2.135815782002896
2.1353,2.1352220131812407
2.1347,2.134634340630337
2.1342,2.1340526537383164
2.1334,2.1334768447578223
2.1331,2.132906808709965
2.1323,2.132342175499079
2.1318,2.1317833836301774
2.1312,2.1312300654198526
2.1307,2.1306821260798365
2.1303,2.1301394731655448
2.1297,2.129602016501024
2.1292,2.1290694154497847
2.1286,2.1285420918486366
2.1281,2.1280197068345315
2.1276,2.127502178613322
2.127,2.126989427325732
2.1266,2.126481374988054
2.126,2.1259779454350864
2.1255,2.1254788274362424
2.125,2.124984424075649
4.0188,4.018759660016919
3.6351,3.6349624428147
3.3185,3.3180550900958714
3.058,3.057785812494909
2.8502,2.8501571121328304
2.6724,2.672374057174716
2.5833,2.583285245308776
2.5261,2.5259097404404978
2.4845,2.4845018394403584
2.4527,2.452535726884597
2.4268,2.426751831896784
2.4053,2.405297991873531
2.3868,2.387028181523634
2.3713,2.371180533954102
2.3573,2.357248482187551
2.345,2.3448497607276098
2.3334,2.333707454586098
2.3239,2.3236113354847685
2.3144,2.31439833386696
2.3061,2.305939615299704
2.2981,2.2981281818814536
2.291,2.290887279422392
2.2841,2.2841436936431987
2.2778,2.2778396690262266
2.2722,2.2719266331222485
2.2664,2.266363379133636
2.2612,2.2611146726613307
2.2563,2.2561478658816494
2.2516,2.251441380769478
2.2471,2.2469698485133964
2.2428,2.2427131578862767
2.239,2.238653584780638
2.2349,2.234775435364613
2.2312,2.23106302122184
2.2277,2.227507414235813
2.2243,2.224095636242259
2.221,2.2208176400507265
2.2178,2.217664358207601
2.2146,2.214627581922854
2.2119,2.211699857937471
2.2089,2.208873076263255
2.2063,2.206143734691673
2.2035,2.2035047934723893
2.201,2.20095105315074
2.1986,2.198477733926238
2.1962,2.1960804325147096
2.1939,2.1937539920149662
2.1917,2.191496869705727
2.1894,2.189304457123137
2.1873,2.1871735218251502
2.1853,2.185101058691864
2.1833,2.183084269502186
2.1811,2.181120544727629
2.1794,2.179206546669274
2.1775,2.177341819794155
2.1756,2.175523305499288
2.174,2.173749002353079
2.1721,2.1720170313033704
2.1704,2.170325626091396
2.1688,2.168672345571921
2.1672,2.167057199306056
2.1655,2.165477913370545
2.1639,2.163933093613292
2.1627,2.1624214225513687
2.161,2.160941653959826
2.1595,2.159492607924009
2.158,2.158072496308583
2.1568,2.156681611971639
2.1553,2.1553182643769784
2.1542,2.153981497148293
2.1529,2.1526704009783493
2.1515,2.1513841106507736
2.1504,2.1501218022909265
2.1491,2.148882105341118
2.1478,2.147665452678057
2.1464,2.146470533602286
2.1456,2.1452966660314843
2.1442,2.144143198261405
2.143,2.1430095072240394
2.1421,2.1418944698726983
2.1411,2.1407985783944787
2.1399,2.1397207503538858
2.1388,2.138660462107813
2.1378,2.137617211577583
2.1368,2.1365905171044832
2.1358,2.135579916379317
2.1347,2.1345844946411043
2.1337,2.1336047740956725
2.1328,2.13263986656694
2.1318,2.13168937773995
2.1309,2.130752928226176
2.1298,2.129830152834624
2.129,2.1289202693176312
2.1281,2.128023806113331
2.1272,2.1271399998348643
2.1264,2.126268535622001
2.1256,2.1254091097612595
2.1248,2.124561429176461
2.1238,2.123725210947711
2.123,2.122899791050707
2.1223,2.1220856923003675
2.1214,2.1212822635423665
2.1206,2.120489258181633
2.1199,2.1197064377397687
2.119,2.1189335715098854
2.1183,2.1181700745984102
2.1175,2.117416458625488
2.1168,2.116672148085645
2.1161,2.115936940252155
2.1152,2.115210638692022
2.1147,2.114493053013409
2.1139,2.113783998625446
2.1133,2.1130829643292923
2.1125,2.1123904446818726
2.1119,2.111705935048387
2.1112,2.11102927186596
2.1105,2.110360296334017
2.1099,2.1096988542349355
2.1092,2.109044795762963
2.1085,2.108397668614559
2.1079,2.1077579481690987
2.1072,2.1071251867438563
2.1066,2.106499250621548
2.1059,2.105880009750404
2.1055,2.1052673376141344
2.1047,2.104660823533685
2.1042,2.1040609258321834
2.1036,2.1034672372573406
2.1031,2.102879644244572
2.1024,2.102298036193698
2.102,2.101722305368769
2.1013,2.101152346802032
2.1008,2.1005877904451657
2.1001,2.1000290747405392
2.0998,2.0994758320519
2.099,2.098927967601105
2.0986,2.0983853889534623
2.098,2.0978480059426863
2.0975,2.097315477976427
2.0969,2.09678822683106
2.0964,2.096265913687544
2.0959,2.095748456760558
2.0954,2.095235776199458
2.0949,2.094727794028983
2.0945,2.094224434092187
2.0938,2.093725385199378
2.0933,2.0932310503767155
2.8293,2.828827415015972
2.8281,2.828180245225833
2.8275,2.827540482563601
2.827,2.8269076793189707
2.8263,2.826281701767688
2.8255,2.825662419851189
2.8251,2.8250497070465648
2.8243,2.824443152649178
2.824,2.8238432150142936
2.8232,2.823249486864184
2.823,2.8226618546282767
2.822,2.8220802077005547
2.8215,2.8215044383393706
2.8212,2.8209344415714086
2.8202,2.8203698473249386
2.8199,2.8198110940731462
2.8196,2.819257814156465
2.8185,2.818709912791698
2.8183,2.818167297539216
2.8178,2.817629878227905
2.8173,2.8170973142436067
2.8164,2.816570027392421
2.8159,2.816047678833564
2.8157,2.81553018677731
2.8152,2.815017471368708
2.8146,2.814509454628286
2.8142,2.814006060394978
2.8135,2.813506977458897
2.8131,2.8130126088747125
2.6136,2.613595750247743
2.613,2.612948580457605
2.6125,2.6123088177953724
2.612,2.6116760145507425
2.6109,2.61105003699946
2.6108,2.6104307550829606
2.6096,2.6098180422783366
2.6092,2.6092114878809496
2.6088,2.6086115502460654
2.6081,2.608017822095955
2.6074,2.6074301898600485
2.6069,2.6068485429323265
2.6063,2.6062727735711424
2.6057,2.6057027768031804
2.6053,2.6051381825567104
2.6047,2.604579429304918
2.604,2.6040261493882366
2.6037,2.6034782480234697
2.603,2.602935632770987
2.6026,2.6023982134596766
2.602,2.6018656494753785
2.6013,2.601338362624193
2.6008,2.600816014065335
2.6005,2.6002985220090817
2.5999,2.59978580660048
2.5993,2.5992777898600576
2.5989,2.5987743956267497
2.5985,2.598275312690669
2.5978,2.5977809441064843
2.4368,2.436620816279689
2.4362,2.435973646489551
2.4354,2.4353338838273184
2.4349,2.4347010805826885
2.434,2.4340751030314056
2.4333,2.4334558211149067
2.4329,2.4328431083102826
2.4323,2.432236553912896
2.4317,2.4316366162780114
2.4309,2.431042888127901
2.4305,2.430455255891994
2.4298,2.4298736089642725
2.4294,2.4292978396030884
2.4288,2.4287278428351264
2.4281,2.4281632485886564
2.4276,2.427604495336864
2.427,2.4270512154201827
2.4266,2.426503314055416
2.4261,2.425960698802933
2.4254,2.4254232794916226
2.425,2.4248907155073245
2.4244,2.424363428656138
2.4238,2.423841080097281
2.4234,2.423323588041028
2.4228,2.422810872632426
2.4223,2.422302855892004
2.4217,2.421799461658696
2.4216,2.421300378722615
2.4209,2.4208060101384303
2.3061,2.306090593818753
2.3056,2.305443424028615
2.3048,2.3048036613663823
2.3042,2.3041708581217524
2.3036,2.303544880570469
2.303,2.3029255986539705
2.3024,2.3023128858493465
2.3019,2.3017063314519595
2.3011,2.301106393817076
2.3005,2.300512665666965
2.2999,2.299925033431058
2.2994,2.2993433865033364
2.2989,2.2987676171421523
2.2983,2.2981976203741903
2.2976,2.29763302612772
2.2972,2.297074272875928
2.2967,2.2965209929592465
2.2961,2.29597309159448
2.2957,2.295430476341997
2.2949,2.2948930570306865
2.2943,2.2943604930463883
2.2937,2.2938332061952025
2.2935,2.293310857636345
2.2929,2.292793365580091
2.2923,2.29228065017149
2.2919,2.2917726334310675
2.2912,2.29126923919776
2.2911,2.290770156261679
2.2904,2.290275787677494
2.2713,2.2713799511290858
2.2707,2.2707327813389475
2.2702,2.270093018676715
2.2696,2.269460215432085
2.2688,2.268834237880802
2.2683,2.2682149559643032
2.2676,2.267602243159679
2.267,2.266995688762292
2.2663,2.266395751127408
2.2658,2.2658020229772977
2.2652,2.26521439074139
2.2646,2.264632743813669
2.2642,2.264056974452485
2.2635,2.263486977684523
2.2632,2.262922383438053
2.2625,2.2623636301862606
2.2619,2.261810350269579
2.2613,2.2612624489048123
2.2609,2.2607198336523298
2.2602,2.260182414341019
2.2597,2.259649850356721
2.2594,2.259122563505535
2.2587,2.2586002149466777
2.2583,2.258082722890424
2.2576,2.2575700074818226
2.2571,2.2570619907414
2.2568,2.2565585965080923
2.2561,2.256059513572012
2.2558,2.255565144987827
2.207,2.206839286415639
2.2063,2.206192116625501
2.2056,2.2055523539632684
2.2051,2.2049195507186385
2.2043,2.204293573167356
2.2038,2.2036742912508567
2.2031,2.2030615784462326
2.2025,2.2024550240488456
2.202,2.201855086413961
2.2014,2.201261358263851
2.2008,2.2006737260279445
2.2001,2.2000920791002225
2.1997,2.1995163097390384
2.1991,2.1989463129710765
2.1986,2.1983817187246064
2.1979,2.197822965472814
2.1974,2.1972696855561327
2.1968,2.1967217841913658
2.1964,2.196179168938883
2.1957,2.1956417496275726
2.1952,2.1951091856432745
2.1947,2.194581898792089
2.1942,2.194059550233231
2.1936,2.193542058176978
2.1931,2.193029342768376
2.1927,2.1925213260279537
2.192,2.1920179317946458
2.1916,2.191518848858565
2.1911,2.1910244802743803
2.141,2.1407874559465805
2.1402,2.1401402861564423
2.1396,2.1395005234942097
2.139,2.13886772024958
2.1384,2.138241742698297
2.1377,2.137622460781798
2.1371,2.137009747977174
2.1365,2.136403193579787
2.136,2.1358032559449027
2.1353,2.1352095277947925
2.1347,2.134621895558886
2.1342,2.134040248631164
2.1334,2.13346447926998
2.1331,2.1328944825020177
2.1323,2.132329888255548
2.1318,2.131771135003756
2.1312,2.131217855087074
2.1307,2.130669953722307
2.1303,2.1301273384698245
2.1297,2.129589919158514
2.1292,2.129057355174216
2.1286,2.1285300683230304
2.1281,2.1280077197641725
2.1276,2.127490227707919
2.127,2.1269775122993173
2.1266,2.126469495558895
2.126,2.125966101325587
2.1255,2.1254670183895064
2.125,2.1249726498053216
2.1092,2.109091337042993
2.1085,2.108444167252854
2.1079,2.107804404590622
2.1072,2.107171601345992
2.1066,2.1065456237947093
2.1059,2.10592634187821
2.1055,2.1053136290735863
2.1047,2.104707074676199
2.1042,2.104107137041315
2.1036,2.103513408891205
2.1031,2.102925776655298
2.1024,2.102344129727576
2.102,2.101768360366392
2.1013,2.1011983635984297
2.1008,2.10063376935196
2.1001,2.100075016100168
2.0998,2.0995217361834864
2.099,2.0989738348187195
2.0986,2.0984312195662365
2.098,2.0978938002549263
2.0975,2.097361236270628
2.0969,2.0968339494194423
2.0964,2.096311600860585
2.0959,2.095794108804331
2.0954,2.0952813933957297
2.0949,2.094773376655307
2.0945,2.094269982421999
2.0938,2.0937708994859183
2.0933,2.093276530901734
4.7388,4.738552016328217
4.3541,4.354753180041136
4.0384,4.037844005013884
3.7776,3.7775728320672535
3.5698,3.569942307232596
3.3922,3.392157423106236
3.3024,3.303067585174482
3.2452,3.245691375358963
3.2041,3.2042829421821013
3.172,3.172316404467536
3.1466,3.1465321569609275
3.1248,3.125078016802842
3.1064,3.1068079457919127
3.0913,3.090960068213889
3.077,3.0770278111541853
3.0646,3.064628904499912
3.0531,3.0534864298760644
3.0432,3.0433901563939867
3.0342,3.034177012444169
3.0254,3.0257181619512554
3.018,3.017906605623398
3.0105,3.0106655882903484
3.0039,3.003921894699146
2.9975,2.9976177685645946
2.9921,2.991704636786287
2.9861,2.9861412920095898
2.9807,2.980892499355454
2.9761,2.9759256105456084
2.971,2.9712190472694977
2.9668,2.9667474403565457
2.9621,2.962490678298052
2.9582,2.9584310367368776
2.9546,2.954552821618808
2.951,2.9508403442991047
2.9473,2.947284676542922
2.9439,2.94387283999447
2.9406,2.9405947873179312
2.9372,2.937441450927876
2.9343,2.93440462191439
2.9314,2.931476846909127
2.9289,2.92865001580072
2.926,2.9259206263360844
2.923,2.923281638656748
2.9208,2.920727853230513
2.9182,2.9182544901853484
2.9158,2.9158571461709246
2.9137,2.9135306642052723
2.9115,2.911273501549742
2.9093,2.909081049667572
2.9068,2.906950076067476
2.9049,2.904877575583635
2.903,2.90286074995206
2.9011,2.900896989604142
2.8989,2.898982956787001
2.8971,2.897118195965539
2.8951,2.895299648486902
2.8933,2.893525312888367
2.892,2.891793310088466
2.8904,2.890101873800811
2.8885,2.8884485628397485
2.8871,2.886833386770783
2.8854,2.8852540716327244
2.8836,2.88370922325145
2.8823,2.882197524123169
2.8811,2.8807177280031526
2.8793,2.8792686549579707
2.8782,2.8778485168219348
2.876,2.876457606461462
2.8753,2.875094233311473
2.8738,2.873757440980305
2.8724,2.8724463201461
2.8712,2.871160005578537
2.8696,2.86989767338967
2.8687,2.868657952998022
2.8676,2.8674412772905047
2.8666,2.866246335544786
2.865,2.8650724456674426
2.8638,2.863918955943598
2.8628,2.862785243295062
2.8619,2.86167018465532
2.8607,2.860574272222403
2.8595,2.8594964235416125
2.8586,2.8584361149612256
2.8575,2.857392844394288
2.8566,2.8563661301741314
2.8553,2.8553555099839154
2.8544,2.8543600690462148
2.8534,2.8533803295780795
2.8522,2.852415403387396
2.8516,2.8514648961526445
2.8506,2.8505284284789707
2.8497,2.8496056351692824
2.8487,2.84869573396166
2.8476,2.8477992533054213
2.8469,2.846915429799744
2.8461,2.846043948579107
2.8451,2.8451845059249194
2.8444,2.844336808756065
2.8436,2.8435005741478765
2.8431,2.842675138063766
2.842,2.841861023329616
2.8412,2.8410575787790178
2.8403,2.8402645578127164
2.8392,2.839481721948261
2.8388,2.8387088404748417
2.838,2.837945328487938
2.8377,2.837191697618379
2.8365,2.836447372349891
2.8358,2.8357121499522813
2.8351,2.8349858339891925
2.8341,2.834268234065523
2.8338,2.833559165587238
2.8331,2.832858117345808
2.8324,2.832165583908464
2.8314,2.8314810606308214
2.8311,2.8308043839471857
2.83,2.8301353950542403
2.8297,2.829473939731699
2.8293,2.828819868171217
2.8281,2.828172728060586
2.8275,2.827532994789084
2.827,2.8269002206653893
2.8263,2.8262742719698943
2.8255,2.8256550186485665
2.8251,2.8250423341829145
2.8243,2.824435807885942
2.824,2.8238358980903304
2.8232,2.823242197535904
2.823,2.822654592656091
2.822,2.822072972848777
2.8215,2.8214972303761243
2.8212,2.8209272602685385
2.8202,2.820362692470475
2.8199,2.819803965433456
2.8196,2.81925071151404
2.8185,2.818702835932417
2.8183,2.8181602462522664
2.8178,2.8176228523057096
2.8173,2.817090313493697
2.8164,2.8165630516014275
2.8159,2.816040727803183
2.8157,2.8155232603121965
2.8152,2.815010569276407
2.8146,2.8145025767191707
2.8142,2.813999206482191
2.8135,2.8135001473696004
2.8131,2.8130058024160096
4.5235,4.52332860200273
4.1397,4.13952976571565
3.8226,3.822620590688397
3.5629,3.5623494177417663
3.3548,3.3547188929071083
3.1771,3.1769340087807487
3.0883,3.087844170848995
3.0304,3.030467961033476
2.9888,2.989059527856614
2.9568,2.957092990142048
2.9311,2.9313087426354403
2.9098,2.909854602477355
2.8916,2.891584531466425
2.8757,2.875736653888402
2.8619,2.861804396828698
2.8494,2.849405490174425
2.8385,2.8382630155505773
2.8281,2.8281667420684995
2.8195,2.8189535981186817
2.8106,2.810494747625768
2.8025,2.802683191297911
2.7952,2.795442173964861
2.7888,2.7886984803736583
2.7823,2.7823943542391074
2.7766,2.7764812224608
2.771,2.7709178776841026
2.7656,2.765669085029967
2.7605,2.7607021962201213
2.7557,2.7559956329440105
2.7514,2.751524026031059
2.7474,2.747267263972565
2.7432,2.743207622411391
2.7391,2.73932940729332
2.7356,2.735616929973617
2.7321,2.7320612622174347
2.7285,2.7286494256689826
2.7254,2.725371372992444
2.7222,2.722218036602389
2.719,2.719181207588903
2.7163,2.71625343258364
2.7135,2.7134266014752324
2.7109,2.710697212010597
2.7082,2.7080582243312605
2.7053,2.705504438905026
2.7029,2.703031075859861
2.7007,2.700633731845437
2.6984,2.698307249879785
2.6961,2.696050087224255
2.6945,2.6938576353420847
2.6918,2.691726661741989
2.6898,2.689654161258148
2.6878,2.6876373356265733
2.6858,2.685673575278655
2.6837,2.6837595424615137
2.682,2.681894781640052
2.68,2.680076234161415
2.6783,2.6783018985628795
2.6765,2.6765698957629787
2.6749,2.674878459475324
2.6736,2.6732251485142617
2.6713,2.671609972445296
2.6702,2.670030657307237
2.6683,2.6684858089259627
2.6669,2.6669741097976827
2.6657,2.665494313677665
2.6641,2.6640452406324835
2.6625,2.662625102496448
2.6611,2.6612341921359755
2.66,2.659870818985986
2.6584,2.6585340266548183
2.6573,2.6572229058206127
2.656,2.6559365912530497
2.6546,2.654674259064183
2.6538,2.653434538672535
2.6523,2.652217862965017
2.6507,2.651022921219299
2.6499,2.649849031341956
2.6486,2.6486955416181104
2.6477,2.647561828969575
2.6464,2.646446770329833
2.6454,2.645350857896916
2.6444,2.6442730092161253
2.6434,2.6432127006357384
2.642,2.6421694300688
2.6411,2.6411427158486447
2.6401,2.640132095658428
2.6391,2.639136654720728
2.6385,2.6381569152525923
2.6373,2.6371919890619093
2.6361,2.6362414818271573
2.6355,2.6353050141534835
2.6347,2.634382220843796
2.6337,2.633472319636173
2.6324,2.6325758389799345
2.6317,2.6316920154742567
2.6311,2.63082053425362
2.6299,2.629961091599432
2.6292,2.629113394430578
2.6284,2.6282771598223893
2.6274,2.627451723738279
2.6267,2.626637609004129
2.6254,2.6258341644535306
2.6249,2.625041143487229
2.6243,2.6242583076227737
2.6234,2.6234854261493545
2.623,2.622721914162451
2.6218,2.621968283292892
2.6212,2.621223958024404
2.6206,2.620488735626794
2.62,2.6197624196637053
2.6189,2.619044819740036
2.6186,2.6183357512617507
2.6177,2.6176347030203204
2.6169,2.6169421695829764
2.6164,2.616257646305334
2.6157,2.6155809696216985
2.6149,2.614911980728753
2.6143,2.614250525406212
2.6136,2.6135964538457293
2.613,2.6129493137350988
2.6125,2.612309580463597
2.612,2.611676806339902
2.6109,2.611050857644407
2.6108,2.61043160432308
2.6096,2.609818919857428
2.6092,2.6092123935604548
2.6088,2.6086124837648432
2.6081,2.6080187832104165
2.6074,2.607431178330604
2.6069,2.60684955852329
2.6063,2.606273816050637
2.6057,2.605703845943052
2.6053,2.605139278144988
2.6047,2.6045805511079685
2.604,2.604027297188553
2.6037,2.6034794216069304
2.603,2.602936831926779
2.6026,2.6023994379802224
2.602,2.6018668991682103
2.6013,2.6013396372759403
2.6008,2.600817313477696
2.6005,2.6002998459867093
2.5999,2.59978715495092
2.5993,2.5992791623936835
2.5989,2.598775792156704
2.5985,2.598276733044113
2.5978,2.5977823880905224
4.3461,4.346359725717964
3.9625,3.962560889430884
3.6458,3.645651714403631
3.3856,3.385380541457
3.1777,3.1777500166223422
2.9999,2.999965132495982
2.9109,2.910875294564229
2.8533,2.8534990847487096
2.8125,2.812090651571848
2.7799,2.780124113857282
2.754,2.754339866350674
2.733,2.7328857261925887
2.7147,2.71461565518166
2.6988,2.698767777603636
2.6849,2.684835520543932
2.6724,2.6724366138896585
2.6611,2.661294139265811
2.6512,2.6511978657837334
2.6418,2.641984721833916
2.6336,2.633525871341002
2.6256,2.625714315013145
2.6183,2.618473297680095
2.6116,2.611729604088892
2.6055,2.6054254779543413
2.5994,2.599512346176034
2.5938,2.5939490013993365
2.5887,2.588700208745201
2.5837,2.583733319935355
2.5789,2.5790267566592444
2.5745,2.574555149746293
2.5703,2.5702983876877994
2.566,2.5662387461266247
2.5621,2.562360531008554
2.5585,2.5586480536888514
2.555,2.5550923859326686
2.5517,2.5516805493842165
2.5486,2.548402496707678
2.5454,2.545249160317623
2.5422,2.5422123313041367
2.5393,2.539284556298873
2.5363,2.5364577251904663
2.5337,2.533728335725831
2.531,2.5310893480464944
2.5286,2.52853556262026
2.5259,2.5260621995750947
2.5237,2.523664855560672
2.5215,2.521338373595019
2.5191,2.519081210939489
2.5169,2.5168887590573186
2.5148,2.5147577854572227
2.5126,2.5126852849733816
2.5107,2.510668459341807
2.5087,2.508704698993889
2.5068,2.506790666176748
2.5048,2.504925905355286
2.5031,2.5031073578766487
2.5014,2.5013330222781134
2.4998,2.499601019478213
2.498,2.497909583190558
2.4965,2.496256272229496
2.4946,2.49464109616053
2.4932,2.493061781022471
2.4916,2.491516932641197
2.4903,2.4900052335129166
2.4884,2.4885254373929
2.487,2.4870763643477174
2.4856,2.485656226211681
2.484,2.4842653158512094
2.4829,2.48290194270122
2.4815,2.481565150370052
2.4803,2.4802540295358466
2.479,2.478967714968284
2.478,2.477705382779417
2.4766,2.4764656623877688
2.4752,2.4752489866802514
2.474,2.4740540449345327
2.473,2.4728801550571893
2.4716,2.4717266653333443
2.4708,2.4705929526848087
2.4696,2.469477894045067
2.4683,2.4683819816121497
2.4671,2.467304132931359
2.4664,2.4662438243509723
2.4652,2.465200553784034
2.4644,2.4641738395638786
2.463,2.463163219373662
2.4621,2.462167778435961
2.4612,2.4611880389678262
2.4603,2.4602231127771432
2.4592,2.4592726055423912
2.4584,2.4583361378687174
2.4573,2.457413344559029
2.4565,2.456503443351407
2.4557,2.4556069626951684
2.4548,2.4547231391894906
2.454,2.453851657968854
2.4529,2.4529922153146657
2.452,2.452144518145812
2.4515,2.451308283537623
2.4506,2.4504828474535127
2.4496,2.449668732719363
2.4491,2.4488652881687645
2.4481,2.448072267202463
2.4475,2.447289431338008
2.4466,2.4465165498645884
2.446,2.445753037877685
2.4452,2.4449994070081256
2.4443,2.444255081739638
2.4437,2.443519859342028
2.4429,2.442793543378939
2.4423,2.44207594345527
2.4413,2.441366874976985
2.4408,2.4406658267355543
2.4401,2.4399732932982103
2.4391,2.439288770020568
2.4385,2.4386120933369324
2.4377,2.437943104443987
2.4373,2.437281649121445
2.4368,2.436627577560963
2.4362,2.4359804374503327
2.4354,2.435340704178831
2.4349,2.434707930055136
2.434,2.434081981359641
2.4333,2.433462728038313
2.4329,2.432850043572661
2.4323,2.4322435172756887
2.4317,2.431643607480077
2.4309,2.4310499069256504
2.4305,2.4304623020458376
2.4298,2.429880682238524
2.4294,2.429304939765871
2.4288,2.428734969658285
2.4281,2.4281704018602217
2.4276,2.4276116748232024
2.427,2.427058420903787
2.4266,2.4265105453221643
2.4261,2.425967955642013
2.4254,2.4254305616954563
2.425,2.424898022883444
2.4244,2.424370760991174
2.4238,2.42384843719293
2.4234,2.423330969701943
2.4228,2.4228182786661536
2.4223,2.4223102861089174
2.4217,2.421806915871937
2.4216,2.421307856759347
2.4209,2.4208135118057563
4.2153,4.215833402423857
3.8315,3.832034566136776
3.5146,3.515125391109524
3.2545,3.254854218162893
3.0476,3.0472236933282355
2.8697,2.8694388092018754
2.7802,2.7803489712701217
2.723,2.7229727614546024
2.6816,2.681564328277741
2.6501,2.649597790563175
2.6239,2.623813543056567
2.6023,2.6023594028984816
2.5839,2.584089331887552
2.5679,2.5682414543095287
2.5543,2.554309197249825
2.5417,2.541910290595552
2.5305,2.530767815971704
2.5205,2.520671542489626
2.5113,2.5114583985398085
2.5032,2.502999548046895
2.4953,2.4951879917190376
2.4879,2.487946974385988
2.4814,2.481203280794785
2.4749,2.474899154660234
2.4688,2.4689860228819267
2.4636,2.4634226781052293
2.4582,2.4581738854510937
2.453,2.453206996641248
2.4485,2.448500433365137
2.4439,2.444028826452185
2.4396,2.439772064393692
2.4358,2.435712422832517
2.4321,2.431834207714447
2.4279,2.428121730394744
2.4246,2.424566062638561
2.4211,2.4211542260901093
2.4178,2.4178761734135708
2.4146,2.414722837023516
2.4116,2.411686008010029
2.4088,2.4087582330047663
2.4058,2.40593140189636
2.4032,2.403202012431724
2.4006,2.400563024752388
2.398,2.3980092393261527
2.3954,2.395535876280988
2.3931,2.393138532266564
2.3909,2.390812050300912
2.3886,2.3885548876453817
2.3863,2.3863624357632114
2.3842,2.3842314621631155
2.3822,2.3821589616792744
2.38,2.3801421360476995
2.3782,2.3781783756997816
2.3762,2.3762643428826404
2.3745,2.3743995820611787
2.3725,2.372581034582541
2.3706,2.370806698984006
2.3689,2.3690746961841054
2.3674,2.3673832598964504
2.3658,2.365729948935388
2.364,2.3641147728664227
2.3626,2.362535457728364
2.3608,2.3609906093470894
2.3595,2.359478910218809
2.3579,2.357999114098792
2.3565,2.35655004105361
2.3552,2.3551299029175743
2.3537,2.353738992557102
2.3524,2.3523756194071126
2.3512,2.351038827075945
2.3497,2.3497277062417394
2.3485,2.3484413916741764
2.3471,2.3471790594853097
2.346,2.3459393390936616
2.3449,2.344722663386144
2.3433,2.3435277216404256
2.3423,2.342353831763082
2.3413,2.341200342039237
2.3401,2.340066629390701
2.339,2.33895157075096
2.3378,2.3378556583180425
2.3368,2.336777809637252
2.3357,2.335717501056865
2.3348,2.334674230489927
2.3337,2.333647516269771
2.3327,2.332636896079555
2.3316,2.3316414551418543
2.3306,2.330661715673719
2.3297,2.329696789483036
2.3288,2.328746282248284
2.3278,2.3278098145746102
2.3269,2.326887021264922
2.3262,2.3259771200573
2.3252,2.325080639401061
2.3242,2.3241968158953834
2.3235,2.3233253346747467
2.3225,2.322465892020559
2.3215,2.3216181948517045
2.3207,2.320781960243516
2.3198,2.3199565241594056
2.3191,2.319142409425256
2.3184,2.3183389648746573
2.3178,2.317545943908356
2.3168,2.3167631080439004
2.316,2.3159902265704813
2.3153,2.3152267145835776
2.3143,2.3144730837140184
2.3138,2.3137287584455306
2.3131,2.312993536047921
2.3122,2.312267220084832
2.3117,2.3115496201611627
2.3109,2.3108405516828774
2.3101,2.310139503441447
2.3096,2.309446970004103
2.309,2.308762446726461
2.3081,2.308085770042825
2.3075,2.30741678114988
2.3068,2.3067553258273383
2.3061,2.3061012542668564
2.3056,2.305454114156225
2.3048,2.304814380884724
2.3042,2.304181606761029
2.3036,2.303555658065534
2.303,2.302936404744206
2.3024,2.302323720278554
2.3019,2.301717193981581
2.3011,2.30111728418597
2.3005,2.300523583631543
2.2999,2.2999359787517304
2.2994,2.2993543589444165
2.2989,2.298778616471764
2.2983,2.298208646364178
2.2976,2.2976440785661145
2.2972,2.297085351529095
2.2967,2.2965320976096795
2.2961,2.295984222028057
2.2957,2.295441632347906
2.2949,2.294904238401349
2.2943,2.294371699589337
2.2937,2.293844437697067
2.2935,2.2933221138988227
2.2929,2.292804646407836
2.2923,2.2922919553720464
2.2919,2.2917839628148102
2.2912,2.2912805925778303
2.2911,2.29078153346524
2.2904,2.290287188511649
4.1816,4.181123691844734
3.7976,3.797324855557653
3.4805,3.4804156805304003
3.22,3.2201445075837696
3.0125,3.012513982749112
2.8347,2.834729098622752
2.7458,2.7456392606909983
2.6879,2.688263050875479
2.6471,2.6468546176986174
2.6148,2.6148880799840515
2.589,2.589103832477444
2.5674,2.567649692319358
2.5491,2.5493796213084288
2.5336,2.533531743730405
2.5196,2.519599486670701
2.507,2.507200580016428
2.4958,2.496058105392581
2.4859,2.485961831910503
2.4769,2.476748687960685
2.4682,2.4682898374677715
2.4602,2.460478281139914
2.4532,2.4532372638068645
2.4464,2.4464935702156616
2.4398,2.4401894440811107
2.4342,2.434276312302804
2.4287,2.428712967526106
2.4235,2.4234641748719703
2.4187,2.418497286062125
2.4139,2.413790722786014
2.4093,2.4093191158730622
2.4049,2.405062353814569
2.4013,2.401002712253394
2.3971,2.3971244971353234
2.3934,2.393412019815621
2.3898,2.389856352059438
2.3865,2.386444515510986
2.3831,2.383166462834448
2.3799,2.380013126444392
2.3769,2.376976297430906
2.374,2.374048522425643
2.3712,2.371221691317236
2.3684,2.3684923018526005
2.3659,2.365853314173264
2.3633,2.3632995287470293
2.361,2.360826165701864
2.3581,2.3584288216874407
2.3562,2.3561023397217884
2.354,2.3538451770662583
2.3514,2.351652725184088
2.3495,2.349521751583992
2.3474,2.347449251100151
2.3453,2.345432425468577
2.3434,2.343468665120658
2.3414,2.341554632303517
2.3399,2.339689871482056
2.338,2.337871324003418
2.3362,2.336096988404883
2.3345,2.334364985604982
2.3326,2.3326735493173274
2.331,2.331020238356265
2.3295,2.3294050622873
2.3277,2.3278257471492405
2.3264,2.326280898767966
2.3248,2.324769199639686
2.3233,2.3232894035196687
2.3219,2.321840330474487
2.3205,2.320420192338451
2.319,2.3190292819779788
2.3178,2.317665908827989
2.3162,2.3163291164968216
2.3151,2.315017995662616
2.3138,2.313731681095053
2.3125,2.3124693489061863
2.3113,2.311229628514538
2.3099,2.310012952807021
2.3089,2.308818011061302
2.3077,2.3076441211839587
2.3065,2.3064906314601137
2.3055,2.305356918811578
2.3042,2.304241860171836
2.303,2.303145947738919
2.3019,2.3020680990581286
2.3011,2.3010077904777417
2.2999,2.2999645199108034
2.2991,2.298937805690648
2.2978,2.2979271855004315
2.2971,2.296931744562731
2.296,2.295952005094596
2.295,2.2949870789039126
2.294,2.2940365716691606
2.2932,2.293100103995487
2.2922,2.2921773106857986
2.2914,2.291267409478176
2.2904,2.290370928821938
2.2895,2.28948710531626
2.2886,2.2886156240956232
2.2878,2.287756181441435
2.287,2.286908484272581
2.286,2.2860722496643926
2.2852,2.285246813580282
2.2845,2.2844326988461323
2.2837,2.283629254295534
2.2829,2.2828362333292325
2.2821,2.282053397464777
2.2814,2.281280515991358
2.2805,2.2805170040044542
2.2797,2.279763373134895
2.2791,2.279019047866407
2.2782,2.2782838254687974
2.2776,2.277557509505709
2.2767,2.27683990958204
2.2763,2.276130841103754
2.2755,2.275429792862324
2.2748,2.27473725942498
2.2742,2.274052736147337
2.2736,2.273376059463702
2.2728,2.2727070705707564
2.2719,2.272045615248215
2.2713,2.271391543687733
2.2707,2.270744403577102
2.2702,2.2701046703056003
2.2696,2.2694718961819054
2.2688,2.2688459474864104
2.2683,2.2682266941650826
2.2676,2.2676140096994306
2.267,2.267007483402458
2.2663,2.2664075736068465
2.2658,2.26581387305242
2.2652,2.265226268172607
2.2646,2.264644648365293
2.2642,2.2640689058926404
2.2635,2.2634989357850546
2.2632,2.262934367986991
2.2625,2.262375640949972
2.2619,2.2618223870305565
2.2613,2.2612745114489337
2.2609,2.2607319217687825
2.2602,2.2601945278222257
2.2597,2.2596619890102136
2.2594,2.259134727117944
2.2587,2.2586124033197
2.2583,2.258094935828713
2.2576,2.257582244792923
2.2571,2.257074252235687
2.2568,2.256570881998707
2.2561,2.2560718228861165
2.2558,2.2555774779325257
4.1162,4.116584614429381
3.7324,3.7327857781423
3.4164,3.415876603115048
3.1558,3.155605430168417
2.9476,2.947974905333759
2.7702,2.770190021207399
2.6811,2.6811001832756456
2.6238,2.623723973460126
2.5824,2.5823155402832643
2.5504,2.550349002568699
2.5246,2.524564755062091
2.503,2.503110614904005
2.4846,2.484840543893076
2.469,2.4689926663150525
2.455,2.4550604092553487
2.4427,2.4426615026010747
2.4313,2.4315190279772274
2.4212,2.42142275449515
2.4123,2.4122096105453323
2.4037,2.403750760052419
2.396,2.395939203724561
2.3887,2.388698186391512
2.3819,2.381954492800309
2.3757,2.375650366665758
2.3697,2.36973723488745
2.3642,2.3641738901107527
2.3589,2.358925097456617
2.3539,2.3539582086467714
2.3492,2.3492516453706607
2.3448,2.344780038457709
2.3405,2.340523276399216
2.3366,2.336463634838041
2.3325,2.3325854197199702
2.3288,2.328872942400268
2.3253,2.3253172746440853
2.3221,2.3219054380956328
2.3186,2.318627385419094
2.3156,2.3154740490290395
2.3123,2.3124372200155534
2.3095,2.30950944501029
2.3068,2.306682613901883
2.304,2.303953224437248
2.3014,2.3013142367579107
2.2987,2.2987604513316766
2.2964,2.2962870882865114
2.2941,2.293889744272088
2.2915,2.291563262306436
2.2893,2.289306099650905
2.2873,2.287113647768735
2.2851,2.2849826741686394
2.2829,2.2829101736847983
2.2809,2.2808933480532234
2.2789,2.278929587705305
2.2769,2.277015554888164
2.2751,2.275150794066702
2.2733,2.273332246588065
2.2715,2.27155791098953
2.2698,2.269825908189629
2.2682,2.2681344719019743
2.2666,2.266481160940912
2.2648,2.2648659848719466
2.2634,2.263286669733888
2.2617,2.261741821352613
2.2603,2.260230122224333
2.2588,2.258750326104316
2.2572,2.2573012530591336
2.2559,2.2558811149230977
2.2545,2.254490204562626
2.2532,2.2531268314126365
2.2518,2.251790039081469
2.2507,2.250478918247264
2.2492,2.2491926036797003
2.2479,2.2479302714908336
2.2467,2.246690551099185
2.2455,2.245473875391668
2.2443,2.244278933645949
2.2432,2.243105043768605
2.2421,2.241951554044761
2.2408,2.240817841396225
2.2397,2.2397027827564835
2.2387,2.238606870323566
2.2375,2.237529021642776
2.2366,2.2364687130623886
2.2355,2.2354254424954503
2.2343,2.234398728275295
2.2336,2.2333881080850784
2.2326,2.232392667147378
2.2314,2.231412927679243
2.2305,2.2304480014885595
2.2296,2.229497494253808
2.2286,2.2285610265801337
2.2277,2.2276382332704454
2.2269,2.226728332062823
2.2259,2.2258318514065847
2.2249,2.224948027900907
2.224,2.2240765466802705
2.2232,2.2232171040260824
2.2224,2.222369406857228
2.2217,2.22153317224904
2.2207,2.220707736164929
2.22,2.21989362143078
2.2191,2.2190901768801807
2.2184,2.21829715591388
2.2178,2.2175143200494243
2.2168,2.2167414385760047
2.216,2.215977926589101
2.2154,2.2152242957195423
2.2146,2.2144799704510545
2.214,2.2137447480534447
2.2131,2.2130184320903554
2.2123,2.2123008321666866
2.2117,2.211591763688401
2.211,2.2108907154469706
2.2103,2.210198182009627
2.2096,2.2095136587319844
2.209,2.208836982048349
2.2083,2.208167993155404
2.2077,2.207506537832862
2.207,2.20685246627238
2.2063,2.206205326161749
2.2056,2.205565592890248
2.2051,2.2049328187665527
2.2043,2.2043068700710577
2.2038,2.20368761674973
2.2031,2.203074932284077
2.2025,2.202468405987105
2.202,2.201868496191494
2.2014,2.201274795637067
2.2008,2.200687190757254
2.2001,2.20010557094994
2.1997,2.199529828477288
2.1991,2.198959858369701
2.1986,2.198395290571638
2.1979,2.197836563534618
2.1974,2.197283309615204
2.1968,2.1967354340335805
2.1964,2.1961928443534293
2.1957,2.1956554504068726
2.1952,2.195122911594861
2.1947,2.1945956497025905
2.1942,2.194073325904346
2.1936,2.1935558584133594
2.1931,2.1930431673775703
2.1927,2.192535174820334
2.192,2.192031804583354
2.1916,2.191532745470764
2.1911,2.191038400517173
4.0512,4.050534166958189
3.6658,3.666735330671109
3.3494,3.349826155643856
3.0899,3.089554982697225
2.8818,2.881924457862568
2.7039,2.704139573736208
2.6151,2.615049735804454
2.5577,2.557673525988935
2.5161,2.5162650928120733
2.4841,2.4842985550975074
2.4586,2.4585143075908995
2.4371,2.437060167432814
2.4187,2.4187900964218847
2.4032,2.402942218843861
2.3889,2.3890099617841574
2.3764,2.376611055129884
2.3654,2.3654685805060365
2.3553,2.3553723070239587
2.3462,2.346159163074141
2.3377,2.3377003125812275
2.3299,2.32988875625337
2.3225,2.3226477389203204
2.3161,2.315904045329118
2.3096,2.309599919194566
2.3038,2.303686787416259
2.2982,2.298123442639562
2.2929,2.2928746499854262
2.288,2.2879077611755805
2.2832,2.2832011978994697
2.2788,2.2787295909865177
2.2746,2.2744728289280243
2.2704,2.2704131873668496
2.2666,2.26653497224878
2.2628,2.2628224949290767
2.2594,2.259266827172894
2.2558,2.255854990624442
2.2528,2.252576937947904
2.2494,2.249423601557848
2.2463,2.246386772544362
2.2435,2.243458997539099
2.2406,2.240632166430692
2.238,2.2379027769660564
2.2352,2.23526378928672
2.2327,2.232710003860485
2.2301,2.2302366408153205
2.2278,2.2278392968008967
2.2253,2.2255128148352443
2.2231,2.223255652179714
2.2212,2.221063200297544
2.219,2.218932226697448
2.2169,2.216859726213607
2.2148,2.214842900582032
2.2129,2.212879140234114
2.211,2.210965107416973
2.209,2.2091003465955112
2.2074,2.207281799116874
2.2056,2.205507463518339
2.2038,2.203775460718438
2.2021,2.202084024430783
2.2005,2.2004307134697205
2.1987,2.198815537400755
2.1973,2.1972362222626964
2.1957,2.195691373881422
2.1941,2.194179674753141
2.1927,2.1926998786331247
2.1914,2.1912508055879427
2.1899,2.189830667451907
2.1884,2.1884397570914347
2.1872,2.187076383941445
2.1859,2.185739591610277
2.1845,2.184428470776072
2.1832,2.183142156208509
2.1819,2.181879824019642
2.1807,2.180640103627994
2.1795,2.1794234279204767
2.1783,2.178228486174758
2.1772,2.1770545962974146
2.176,2.17590110657357
2.1748,2.174767393925034
2.1738,2.173652335285292
2.1726,2.172556422852375
2.1717,2.1714785741715845
2.1704,2.1704182655911977
2.1696,2.16937499502426
2.1684,2.1683482808041035
2.1673,2.1673376606138874
2.1664,2.166342219676187
2.1654,2.165362480208052
2.1645,2.164397554017368
2.1635,2.163447046782617
2.1625,2.1625105791089427
2.1616,2.1615877857992545
2.1609,2.160677884591632
2.16,2.1597814039353933
2.159,2.158897580429716
2.1581,2.158026099209079
2.1572,2.1571666565548915
2.1564,2.156318959386037
2.1555,2.1554827247778485
2.1547,2.154657288693738
2.1538,2.153843173959588
2.1531,2.15303972940899
2.1524,2.1522467084426884
2.1515,2.151463872578233
2.1509,2.1506909911048138
2.1499,2.14992747911791
2.1491,2.149173848248351
2.1485,2.148429522979863
2.1478,2.1476943005822533
2.1472,2.1469679846191645
2.1463,2.1462503846954952
2.1457,2.14554131621721
2.1449,2.14484026797578
2.1442,2.144147734538436
2.1436,2.1434632112607934
2.1429,2.1427865345771577
2.1421,2.1421175456842123
2.1416,2.141456090361671
2.141,2.140802018801189
2.1402,2.140154878690558
2.1396,2.139515145419056
2.139,2.1388823712953613
2.1384,2.1382564225998664
2.1377,2.1376371692785385
2.1371,2.1370244848128865
2.1365,2.136417958515914
2.136,2.1358180487203025
2.1353,2.135224348165876
2.1347,2.134636743286063
2.1342,2.134055123478749
2.1334,2.1334793810060964
2.1331,2.1329094108985105
2.1323,2.132344843100447
2.1318,2.131786116063428
2.1312,2.131232862144012
2.1307,2.1306849865623896
2.1303,2.1301423968822384
2.1297,2.1296050029356817
2.1292,2.1290724641236696
2.1286,2.1285452022313995
2.1281,2.128022878433155
2.1276,2.1275054109421685
2.127,2.126992719906379
2.1266,2.1264847273491427
2.126,2.125981357112163
2.1255,2.1254822979995724
2.125,2.1249879530459816
4.0188,4.018838601085057
3.6351,3.635039764797976
3.3185,3.318130589770724
3.058,3.057859416824093
2.8502,2.850228891989436
2.6724,2.672444007863076
2.5833,2.583354169931322
2.5261,2.5259779601158026
2.4845,2.484569526938941
2.4527,2.452602989224375
2.4268,2.426818741717767
2.4053,2.4053646015596817
2.3868,2.3870945305487523
2.3713,2.371246652970729
2.3573,2.357314395911025
2.345,2.3449154892567514
2.3334,2.333773014632904
2.3239,2.3236767411508263
2.3144,2.3144635972010086
2.3061,2.306004746708095
2.2981,2.2981931903802377
2.291,2.290952173047188
2.2841,2.2842084794559856
2.2778,2.2779043533214343
2.2722,2.271991221543127
2.2664,2.266427876766429
2.2612,2.261179084112294
2.2563,2.256212195302448
2.2516,2.2515056320263374
2.2471,2.2470340251133853
2.2428,2.242777263054892
2.239,2.238717621493717
2.2349,2.234839406375647
2.2312,2.2311269290559443
2.2277,2.2275712612997616
2.2243,2.224159424751309
2.221,2.220881372074771
2.2178,2.217728035684716
2.2146,2.2146912066712297
2.2119,2.2117634316659665
2.2089,2.20893660055756
2.2063,2.206207211092924
2.2035,2.2035682234135874
2.201,2.201014437987353
2.1986,2.198541074942188
2.1962,2.1961437309277643
2.1939,2.193817248962112
2.1917,2.191560086306582
2.1894,2.1893676344244115
2.1873,2.187236660824316
2.1853,2.1851641603404746
2.1833,2.1831473347089
2.1811,2.1811835743609818
2.1794,2.179269541543841
2.1775,2.177404780722379
2.1756,2.1755862332437417
2.174,2.1738118976452068
2.1721,2.172079894845305
2.1704,2.1703884585576505
2.1688,2.168735147596588
2.1672,2.167119971527623
2.1655,2.165540656389564
2.1639,2.163995808008289
2.1627,2.162484108880009
2.161,2.1610043127599923
2.1595,2.1595552397148103
2.158,2.1581351015787744
2.1568,2.1567441912183023
2.1553,2.1553808180683127
2.1542,2.154044025737145
2.1529,2.15273290490294
2.1515,2.151446590335377
2.1504,2.15018425814651
2.1491,2.1489445377548617
2.1478,2.1477278620473443
2.1464,2.1465329203016257
2.1456,2.145359030424282
2.1442,2.1442055407004377
2.143,2.1430718280519017
2.1421,2.14195676941216
2.1411,2.1408608569792427
2.1399,2.139783008298452
2.1388,2.1387226997180653
2.1378,2.137679429151127
2.1368,2.136652714930971
2.1358,2.135642094740755
2.1347,2.1346466538030544
2.1337,2.133666914334919
2.1328,2.132701988144236
2.1318,2.131751480909484
2.1309,2.1308150132358104
2.1298,2.129892219926122
2.129,2.1289823187185
2.1281,2.128085838062261
2.1272,2.1272020145565835
2.1264,2.126330533335947
2.1256,2.125471090681759
2.1248,2.1246233935129046
2.1238,2.123787158904716
2.123,2.1229617228206057
2.1223,2.122147608086456
2.1214,2.1213441635358574
2.1206,2.120551142569556
2.1199,2.1197683067051005
2.119,2.1189954252316814
2.1183,2.1182319132447778
2.1175,2.1174782823752185
2.1168,2.1167339571067307
2.1161,2.115998734709121
2.1152,2.115272418746032
2.1147,2.114554818822363
2.1139,2.113845750344077
2.1133,2.113144702102648
2.1125,2.112452168665304
2.1119,2.111767645387661
2.1112,2.1110909687040254
2.1105,2.11042197981108
2.1099,2.1097605244885385
2.1092,2.1091064529280565
2.1085,2.1084593128174256
2.1079,2.107819579545924
2.1072,2.107186805422229
2.1066,2.106560856726734
2.1059,2.105941603405406
2.1055,2.105328918939754
2.1047,2.1047223926427816
2.1042,2.10412248284717
2.1036,2.103528782292744
2.1031,2.1029411774129305
2.1024,2.1023595576056167
2.102,2.101783815132964
2.1013,2.101213845025378
2.1008,2.100649277227314
2.1001,2.100090550190296
2.0998,2.09953729627088
2.099,2.098989420689257
2.0986,2.098446831009106
2.098,2.0979094370625493
2.0975,2.097376898250537
2.0969,2.096849636358267
2.0964,2.096327312560023
2.0959,2.095809845069036
2.0954,2.0952971540332466
2.0949,2.0947891614760104
2.0945,2.0942857912390305
2.0938,2.09378673212644
2.0933,2.0932923871728493
4.7388,4.738796790742446
4.3541,4.355019801070197
4.0384,4.038124941775258
3.7776,3.7778624675439656
3.5698,3.570236485178354
3.3922,3.392453442769775
3.3024,3.3033636881335195
3.2452,3.2459871934048765
3.2041,3.2045783749766743
3.172,3.17261142993921
3.1466,3.146826780354745
3.1248,3.1253722533493207
3.1064,3.1071018140101434
3.0913,3.091253586978044
3.077,3.0773209990227843
3.0646,3.064921778748559
3.0531,3.0537790065242705
3.0432,3.04368245020694
3.0342,3.034469036999232
3.0254,3.026009929729958
3.018,3.018198127995511
3.0105,3.0109568759577177
3.0039,3.0042129574317062
2.9975,2.997908615401087
2.9921,2.991995276107002
2.9861,2.9864317316011624
2.9807,2.981182746468375
2.9761,2.976215671858176
2.971,2.971508929196966
2.9668,2.9670371488241187
2.9621,2.9627802188666097
2.9582,2.958720414634644
2.9546,2.95484204176959
2.951,2.951129411275587
2.9473,2.9475735948071224
2.9439,2.944161613698024
2.9406,2.9408834203944325
2.9372,2.9377299471093363
2.9343,2.9346929847461065
2.9314,2.9317650797631507
2.9289,2.928938121828369
2.926,2.926208608659614
2.923,2.923569500197432
2.9208,2.9210155967790987
2.9182,2.918542118410509
2.9158,2.9161446616270146
2.9137,2.9138180692873945
2.9115,2.911560798657514
2.9093,2.909368241052786
2.9068,2.9072371638928423
2.9049,2.9051645619279123
2.903,2.9031476368148064
2.9011,2.9011837789101143
2.8989,2.8992696503450306
2.8971,2.8974047956087805
2.8951,2.895586155939037
2.8933,2.893811729812968
2.892,2.892079638092052
2.8904,2.890388114435716
2.8885,2.88873471756619
2.8871,2.887119457081841
2.8854,2.885540058933505
2.8836,2.883995128902584
2.8823,2.882483349442873
2.8811,2.881003474269164
2.8793,2.879554323409368
2.8782,2.878134108624601
2.876,2.876743122819005
2.8753,2.875379675356874
2.8738,2.874042809814176
2.8724,2.872731616838036
2.8712,2.871445231168402
2.8696,2.870182828888806
2.8687,2.868943039357674
2.8676,2.867726295501532
2.8666,2.866531286539605
2.865,2.865357330354193
2.8638,2.864203775207069
2.8628,2.8630699979975778
2.8619,2.861954875607383
2.8607,2.860858900274448
2.8595,2.859780989493413
2.8586,2.858720619593204
2.8575,2.8576772884682016
2.8566,2.856650514433731
2.8553,2.8556398351555643
2.8544,2.8546443358118214
2.8534,2.8536645386590065
2.8522,2.852699555461328
2.8516,2.851748991882116
2.8506,2.8508124685118634
2.8497,2.8498896201393027
2.8487,2.848979664462977
2.8476,2.848083129970841
2.8469,2.847199253223098
2.8461,2.8463277193417644
2.8451,2.845468224596169
2.8444,2.844620475893489
2.8436,2.8437841902976992
2.8431,2.8429587037372643
2.842,2.8421445390754934
2.8412,2.8413410451114154
2.8403,2.840547975235705
2.8392,2.8397650909561296
2.8388,2.838992161552376
2.838,2.838228602088172
2.8377,2.837474924230627
2.8365,2.836730552432001
2.8358,2.835995283953614
2.8351,2.835268922350856
2.8341,2.8345512772205934
2.8338,2.833842163960976
2.8331,2.833141071334809
2.8324,2.8324484939442254
2.8314,2.8317639271163704
2.8311,2.8310872072785225
2.83,2.8304181756205176
2.8297,2.8297566779153964
2.8293,2.82910256434831
2.8281,2.828455382580942
2.8275,2.8278156080360923
2.827,2.827182792996466
2.8263,2.8265568037365707
2.8255,2.8259375101966326
2.8251,2.8253247858525565
2.8243,2.824718219993098
2.824,2.824118270983312
2.8232,2.8235245315388684
2.823,2.8229368880881047
2.822,2.822355230023931
2.8215,2.821779449603648
2.8212,2.82120944185291
2.8202,2.820644836693794
2.8199,2.820086072608897
2.8196,2.8195327819324616
2.8185,2.818984869880339
2.8183,2.8184422440119623
2.8178,2.8179048141553045
2.8173,2.817372239690325
2.8164,2.8168449424322337
2.8159,2.816322583534366
2.8157,2.815805081206148
2.8152,2.815292355591791
2.8146,2.8147843287110046
2.8142,2.8142809244019187
2.8135,2.813781831449096
2.8131,2.8132874529159784
4.5235,4.523275928587475
4.1397,4.139473660366597
3.8226,3.822564096005509
3.5629,3.5622946112357363
3.3548,3.354667006689989
3.1771,3.1768859674183245
3.0883,3.0877986073601384
3.0304,3.030424215610535
2.9888,2.98901721245125
2.9568,2.957051850838076
2.9311,2.9312686002453194
2.9098,2.9098153239106
2.8916,2.891546014052256
2.8757,2.87569881638085
2.8619,2.861767172589412
2.8494,2.849368824274062
2.8385,2.8382268617563584
2.8281,2.8281310609473107
2.8195,2.81891835565282
2.8106,2.810459914179333
2.8025,2.802648741006503
2.7952,2.7954080835844755
2.7888,2.7886647293533446
2.7823,2.7823609241497542
2.7766,2.776448096686333
2.771,2.7708850411695605
2.7656,2.765636524073968
2.7605,2.760669898424996
2.7557,2.755963586698178
2.7514,2.7514922207658032
2.7474,2.747235689930045
2.7432,2.743176270555987
2.7391,2.739298269235387
2.7356,2.735585997999988
2.7321,2.732030528941392
2.7285,2.728618884276498
2.7254,2.7253410170982377
2.7222,2.722187860211277
2.719,2.7191512050616247
2.7163,2.71622359860654
2.7135,2.7133969311101014
2.7109,2.710667700437865
2.7082,2.7080288670634123
2.7053,2.70547523168804
2.7029,2.7030020146557274
2.7007,2.7006048128163664
2.6984,2.698278469439124
2.6961,2.696021441826244
2.6945,2.69382912166901
2.6918,2.691698276626507
2.6898,2.689625901673451
2.6878,2.687609198677392
2.6858,2.6856455581930057
2.6837,2.683731642638393
2.682,2.681866996475441
2.68,2.6800485612101053
2.6783,2.6782743354760195
2.6765,2.676542440282581
2.6749,2.6748511094291865
2.6736,2.673197901860044
2.6713,2.671582827118815
2.6702,2.6700036113667016
2.6683,2.668458860498409
2.6669,2.666947257075444
2.6657,2.665467554915073
2.6641,2.664018574142788
2.6625,2.6625985266917813
2.6611,2.6612077053953818
2.66,2.659844419782927
2.6584,2.6585077135111943
2.6573,2.6571966773045324
2.656,2.6559104459767355
2.6546,2.6546481956820003
2.6538,2.6534085559172613
2.6523,2.6521919595311214
2.6507,2.6509970958768725
2.6499,2.649823282896417
2.6486,2.6486698689087325
2.6477,2.6475362308680905
2.6464,2.646421245773918
2.6454,2.6453254057840407
2.6444,2.644247628507788
2.6434,2.643187390321026
2.642,2.6421441891633246
2.6411,2.641117543393532
2.6401,2.6401069907193584
2.6391,2.6391116164185693
2.6385,2.6381319426674685
2.6373,2.637167081327864
2.6361,2.636216638099389
2.6355,2.6352802336075936
2.6347,2.634357502675074
2.6337,2.6334476630881
2.6324,2.6325512432556057
2.6317,2.6316674798240536
2.6311,2.630796057945055
2.6299,2.6299366739165806
2.6292,2.629089034673534
2.6284,2.628252857306744
2.6274,2.62742747782144
2.6267,2.626613419004076
2.6254,2.625810029729438
2.6249,2.625017063411896
2.6243,2.6242342815821984
2.6234,2.6234614535423315
2.623,2.622697994425245
2.6218,2.621944415823408
2.6212,2.621200142257564
2.6206,2.620464971008853
2.62,2.61973870565192
2.6189,2.6190211558023484
2.6186,2.61831213687648
2.6177,2.617611137699136
2.6169,2.6169186528005763
2.6164,2.6162341775694524
2.6157,2.615557548449331
2.6149,2.6148886066459047
2.6143,2.614227197947652
2.6136,2.6135731725547555
2.613,2.612926078185005
2.6125,2.612286390192159
2.612,2.611653660914671
2.6109,2.6110277566405986
2.6108,2.6104085473233747
2.6096,2.609795906451783
2.6092,2.609189423366419
2.6088,2.6085895563656862
2.6081,2.607995898216838
2.6074,2.607408335359876
2.6069,2.606826757199095
2.6063,2.606251056002911
2.6057,2.6056811268078315
2.6053,2.605116599583523
2.6047,2.6045579127486453
2.604,2.604004698684857
2.6037,2.6034568626178904
2.603,2.602914312116837
2.6026,2.6023769570191093
2.602,2.601844456749117
2.6013,2.601317233060368
2.6008,2.600794947150527
2.6005,2.600277517237651
2.5999,2.5997648634743955
2.5993,2.599256907888728
2.5989,2.59875357432686
2.5985,2.59825455161462
2.5978,2.5977602427562343
4.3461,4.346375729603297
3.9625,3.962563652687423
3.6458,3.6456465681665513
3.3856,3.38537138287242
3.1777,3.177739603485821
2.9999,2.999955307919046
2.9109,2.910866446655621
2.8533,2.853491140734341
2.8125,2.8120835057481965
2.7799,2.780117673467538
2.754,2.754334054667172
2.733,2.7328804800912185
2.7147,2.7146109223020427
2.6988,2.6987635142278297
2.6849,2.684831689148375
2.6724,2.6724331824734486
2.6611,2.661291080093993
2.6512,2.651195154604144
2.6418,2.641982337270385
2.6336,2.633523794417348
2.6256,2.625712528910132
2.6183,2.618471787020542
2.6116,2.6117283551105155
2.6055,2.605424478165572
2.5994,2.599511584189308
2.5938,2.593948466792142
2.5887,2.588699891943374
2.5837,2.5837332122120245
2.5789,2.5790268497540625
2.5745,2.574555436094184
2.5703,2.5702988602552463
2.566,2.5662393983579754
2.5621,2.5623613567792924
2.5585,2.558649047343457
2.555,2.555093542010135
2.5517,2.5516818628276807
2.5486,2.5484039627550907
2.5454,2.545250774476899
2.5422,2.5422140893310177
2.5393,2.539286454177135
2.5363,2.536459759178173
2.5337,2.5337305021457017
2.531,2.531091643466951
2.5286,2.528537983776656
2.5259,2.5260647433579275
2.5237,2.5236675190048774
2.5215,2.521341153925285
2.5191,2.519084105394924
2.5169,2.5168917650510743
2.5148,2.514760900512675
2.5126,2.512688506717294
2.5107,2.510671785498052
2.5087,2.508708127377661
2.5068,2.506794194736491
2.5048,2.504929532025038
2.5031,2.503111080715182
2.5014,2.501336839416473
2.4998,2.499604929115786
2.498,2.497913583591437
2.4965,2.4962603617611783
2.4946,2.4946452731637216
2.4932,2.493066043935961
2.4916,2.491521279956228
2.4903,2.490009663770614
2.4884,2.4885299491818627
2.487,2.487080956301765
2.4856,2.485660897045024
2.484,2.4842700642439937
2.4829,2.482906767410754
2.4815,2.481570050191137
2.4803,2.480259003299126
2.479,2.4789727615386834
2.478,2.4777105010546774
2.4766,2.476470851330492
2.4752,2.475254245215801
2.474,2.4740593720510886
2.473,2.472885549770637
2.4716,2.471732126686169
2.4708,2.470598479745039
2.4696,2.469483485935971
2.4683,2.4683876374188056
2.4671,2.4673098517926646
2.4664,2.466249605427677
2.4652,2.4652063962579267
2.4644,2.4641797426370164
2.463,2.463169182267636
2.4621,2.462173800419181
2.4612,2.4611941192705467
2.4603,2.460229250675493
2.4592,2.4592788003294226
2.4584,2.4583423888538265
2.4573,2.457419651067404
2.4565,2.456509804749503
2.4557,2.455613378311881
2.4548,2.454729608394305
2.454,2.4538581801450667
2.4529,2.45299878985894
2.452,2.452151144467753
2.4515,2.4513149610593747
2.4506,2.450489575633376
2.4496,2.4496755109791235
2.4491,2.448872115965902
2.4481,2.4480791440055256
2.4475,2.447296356626281
2.4466,2.446523523127778
2.446,2.4457600586381325
2.4452,2.4450064747527187
2.4443,2.44426219598756
2.4437,2.443527019621728
2.4429,2.4428007492278696
2.4423,2.442083194419637
2.4413,2.441374170611504
2.4408,2.440673166624208
2.4401,2.4399806769908454
2.4391,2.4392961970960627
2.4385,2.438619563381788
2.4377,2.437950617052125
2.4373,2.437289203894014
2.4368,2.4366351741061463
2.4362,2.435988075402816
2.4354,2.435348383140508
2.4349,2.434715649654239
2.434,2.434089741230746
2.4333,2.433470527822182
2.4329,2.4328578829160903
2.4323,2.432251395849974
2.4317,2.4316515249248605
2.4309,2.431057862904954
2.4305,2.4304702962291533
2.4298,2.4298887143006778
2.4294,2.4293130093869
2.4288,2.4287430765233107
2.4281,2.4281785456768765
2.4276,2.427619855268749
2.427,2.427066637677915
2.4266,2.4265187981291985
2.4261,2.4259762441908075
2.4254,2.4254388856992914
2.425,2.424906382076636
2.4244,2.424379155078728
2.4238,2.423856865900829
2.4234,2.4233394327602213
2.4228,2.4228267758088067
2.4223,2.4223188170738164
2.4217,2.421815480400747
2.4216,2.421316454613269
2.4209,2.42082214271786
4.2153,4.215958812287813
3.8315,3.832119134812517
3.5146,3.5151812558173727
3.2545,3.254890631768829
3.0476,3.047247820834098
2.8697,2.869455176957884
2.7802,2.780362582245244
2.723,2.7229850533240625
2.6816,2.6815759102635672
2.6501,2.6496089726822456
2.6239,2.623824501750152
2.6023,2.6023702461697176
2.5839,2.584100129288817
2.5679,2.568252252299642
2.5543,2.5543200276763582
2.5417,2.5419211756882643
2.5305,2.53077877143358
2.5205,2.520682579473984
2.5113,2.5114695249605057
2.5032,2.503010769470557
2.4953,2.495199312034705
2.4879,2.4879583961046405
2.4814,2.4812148055102226
2.4749,2.474910783237411
2.4688,2.46899775563149
2.4636,2.463434514914824
2.4582,2.458185825885125
2.453,2.4532190400662444
2.4485,2.448512578861667
2.4439,2.444041073008291
2.4396,2.4397844108914963
2.4358,2.435724868076397
2.4321,2.431846750453237
2.4279,2.4281343693848547
2.4246,2.424578796520543
2.4211,2.421167053537623
2.4178,2.4178890930959245
2.4146,2.4147358476125667
2.4116,2.4116991081856294
2.4088,2.4087714214590354
2.4058,2.405944677378195
2.4032,2.403215373625245
2.4006,2.400576470403631
2.398,2.398022768202752
2.3954,2.395549487173226
2.3931,2.3931522239881056
2.3909,2.390825821726985
2.3886,2.3885687375993445
2.3863,2.3863763631308657
2.3842,2.3842454658543826
2.3822,2.3821730406280235
2.38,2.3801562892114894
2.3782,2.3781926020595296
2.3762,2.376278641476436
2.3745,2.374413951880809
2.3725,2.3725954746765523
2.3706,2.370821208422554
2.3689,2.3690892740584624
2.3674,2.367397905318497
2.3658,2.365744661068696
2.364,2.364129550830558
2.3626,2.3625503006939668
2.3608,2.3610055165033623
2.3595,2.359493880773014
2.3579,2.358014147275757
2.3565,2.356565136095244
2.3552,2.3551450591113605
2.3537,2.3537542091483763
2.3524,2.352390895686217
2.3512,2.3510541623484644
2.3497,2.349743099828069
2.3485,2.3484568429091044
2.3471,2.3471945677176085
2.346,2.3459549037124208
2.3449,2.344738283739913
2.3433,2.3435433971176147
2.3423,2.3423695617645777
2.3413,2.3412161259780504
2.3401,2.340082466691632
2.339,2.338967460875312
2.3378,2.337871600687914
2.3368,2.3367938037108886
2.3357,2.335733546303052
2.3348,2.3346903263877032
2.3337,2.333663662308151
2.3327,2.3326530917572588
2.3316,2.3316576999903704
2.3306,2.330678009186859
2.3297,2.329713131187116
2.3288,2.3287626716783367
2.3278,2.3278262512741543
2.3269,2.3269035047857427
2.3262,2.3259936499812497
2.3252,2.325097215273608
2.3242,2.32421343729186
2.3235,2.32334200117794
2.3225,2.32248260322052
2.3215,2.321634950345567
2.3207,2.320798759635321
2.3198,2.319973367080585
2.3191,2.319159295472321
2.3184,2.3183558936713697
2.3178,2.317562915084733
2.3168,2.316780121236065
2.316,2.316007281420516
2.3153,2.315243810758997
2.3143,2.314490220848627
2.3138,2.3137459361984605
2.3131,2.313010754083724
2.3122,2.312284478073354
2.3117,2.3115669177774225
2.3109,2.3108578886069475
2.3101,2.310156879376862
2.3096,2.3094643846220384
2.309,2.308779899721483
2.3081,2.308103261114117
2.3075,2.30743431000114
2.3068,2.30677289216668
2.3061,2.3061188578067133
2.3056,2.3054717546307955
2.3048,2.3048320579971326
2.3042,2.3041993202361217
2.3036,2.303573407632117
2.303,2.3029541901349657
2.3024,2.302341541229972
2.3019,2.301735050250629
2.3011,2.3011351754995952
2.3005,2.3005415097371555
2.2999,2.2999539394002326
2.2994,2.299372353890134
2.2989,2.298796645472377
2.2983,2.2982267091806525
2.2976,2.297662174978596
2.2972,2.29710348128886
2.2967,2.2965502604871704
2.2961,2.29600241779675
2.2957,2.2954598607842547
2.2949,2.294922499284725
2.2943,2.294389992717292
2.2937,2.2938627628392227
2.2935,2.2933404708429777
2.2929,2.2928230349444907
2.2923,2.2923103752943543
2.2919,2.2918024139185267
2.2912,2.291299074661266
2.2911,2.290800046343844
2.2904,2.290305731973976
4.1816,4.181055620208458
3.7976,3.797289356346721
3.4805,3.4804016454231768
3.22,3.2201436388846707
3.0125,3.0125201209847856
2.8347,2.8347382493099
2.7458,2.745648696143003
2.6879,2.6882721758399346
2.6471,2.6468632565422947
2.6148,2.614896183206721
2.589,2.589111396401268
2.5674,2.56765673122737
2.5491,2.5493861563811566
2.5336,2.533537798062537
2.5196,2.5196050838247785
2.507,2.507205742384018
2.4958,2.4960628540403444
2.4859,2.485966186460568
2.4769,2.4767526666012296
2.4682,2.468293457024484
2.4602,2.46048155701274
2.4532,2.4532402105620466
2.4464,2.44649620119415
2.4398,2.440191771663038
2.4342,2.434278347996773
2.4287,2.428714722050217
2.4235,2.4234656582267693
2.4187,2.418498507473276
2.4139,2.413791691135001
2.4093,2.4093198393729773
2.4049,2.4050628401838843
2.4013,2.40100296875779
2.3971,2.3971245306251587
2.3934,2.393411836657783
2.3898,2.389855958475744
2.3865,2.386443917294249
2.3831,2.383165665477817
2.3799,2.380012135163566
2.3769,2.376975117184248
2.374,2.374047157932445
2.3712,2.3712201469896472
2.3684,2.3684905820667925
2.3659,2.3658514230251195
2.3633,2.363297470151546
2.361,2.3608239434047205
2.3581,2.358426439275614
2.3562,2.356099800559393
2.354,2.3538424845268207
2.3514,2.351649882433934
2.3495,2.349518761665418
2.3474,2.347446116938493
2.3453,2.34542914987876
2.3434,2.343465250813272
2.3414,2.3415510818261547
2.3399,2.339686187418627
2.338,2.337867508783744
2.3362,2.336093044374756
2.3345,2.3343609150304183
2.3326,2.332669354388529
2.331,2.331015921133531
2.3295,2.329400624878851
2.3277,2.3278211915391296
2.3264,2.326276226877918
2.3248,2.3247644133319665
2.3233,2.323284504599778
2.3219,2.321835320693693
2.3205,2.320415073344519
2.319,2.3190240554731703
2.3178,2.317660576414636
2.3162,2.3163236797317843
2.3151,2.3150124560591787
2.3138,2.3137260401247097
2.3125,2.312463608000335
2.3113,2.3112237890194187
2.3099,2.310007016125869
2.3089,2.3088119785145
2.3077,2.3076379940577225
2.3065,2.3064844110077924
2.3055,2.305350606254886
2.3042,2.304235456658952
2.303,2.303139454475372
2.3019,2.302061517177528
2.3011,2.3010011210864247
2.2999,2.299957764088801
2.2991,2.2989309644926017
2.2978,2.297920259956472
2.2971,2.2969247356398084
2.296,2.295944913816262
2.295,2.2949799062316294
2.294,2.294029318543012
2.2932,2.293092771334876
2.2922,2.2921698993901174
2.2914,2.2912599203905755
2.2904,2.2903633628409623
2.2895,2.2894794632849984
2.2886,2.28860790683956
2.2878,2.2877483897689896
2.287,2.2869006189756296
2.286,2.286064311518764
2.2852,2.28523880331204
2.2845,2.2844246172349782
2.2837,2.2836211020719466
2.2829,2.28282801120945
2.2821,2.2820451061512044
2.2814,2.2812721561729594
2.2805,2.280508576324947
2.2797,2.279754878289986
2.2791,2.2790104865069525
2.2782,2.2782751982336453
2.2776,2.277548817022027
2.2767,2.2768311524656286
2.2763,2.2761220199593524
2.2755,2.275420908253788
2.2748,2.274728311966176
2.2742,2.2740437264115227
2.2736,2.273366988014184
2.2728,2.272697937961145
2.2719,2.2720364220226674
2.2713,2.271382290381193
2.2707,2.270735090687253
2.2702,2.2700952983781604
2.2696,2.269462465725521
2.2688,2.268836459001389
2.2683,2.2682171481435947
2.2676,2.267604406625704
2.267,2.266997823726098
2.2663,2.2663978578238457
2.2658,2.265804101624284
2.2652,2.265216441553619
2.2646,2.2646347670026827
2.2642,2.264058970226742
2.2635,2.263488946249465
2.2632,2.262924324983338
2.2625,2.262365544924412
2.2619,2.261812238397366
2.2613,2.261264310616232
2.2609,2.260721669138667
2.2602,2.260184223790904
2.2597,2.259651633943896
2.2594,2.2591243214258494
2.2587,2.25860194738111
2.2583,2.258084430017507
2.2576,2.2575716894776905
2.2571,2.257063647779836
2.2568,2.256560228760576
2.2561,2.2560611211960624
2.2558,2.2555667281622283
4.1162,4.116610728968983
3.7324,3.7327961433928856
3.4164,3.415877007894728
3.1558,3.1556001549846737
2.9476,2.9479670584365216
2.7702,2.770181646297054
2.6811,2.681092230121948
2.6238,2.623716568683523
2.5824,2.582308678107707
2.5504,2.550342649120653
2.5246,2.524558872060769
2.503,2.5031051660901724
2.4846,2.484835496620744
2.469,2.4689879918371584
2.455,2.4550560818682703
2.4427,2.4426574997518298
2.4313,2.431515329662272
2.4212,2.421419342892244
2.4123,2.412206469699877
2.4037,2.403747875614012
2.396,2.3959365628399385
2.3887,2.3886957771754487
2.3819,2.381952304531941
2.3757,2.375648389539507
2.3697,2.3697354599030644
2.3642,2.36417230897984
2.3589,2.3589237025227927
2.3539,2.3539569929009017
2.3492,2.3492506021372868
2.3448,2.344779161601452
2.3405,2.340522560193093
2.3366,2.336463073924454
2.3325,2.3325850090764573
2.3288,2.328872677377655
2.3253,2.3253171507327526
2.3221,2.321905451111042
2.3186,2.3186275314101863
2.3156,2.3154743242593963
2.3123,2.3124376209465205
2.3095,2.3095099682858136
2.3068,2.3066832563909374
2.304,2.303953983051824
2.3014,2.301315108612996
2.2987,2.2987614336775457
2.2964,2.2962881784995086
2.2941,2.293890939846219
2.2915,2.291564560894237
2.2893,2.28930749890971
2.2873,2.2871151455020504
2.2851,2.284984268270568
2.2829,2.282911862134589
2.2809,2.280895128910254
2.2789,2.2789314591044474
2.2769,2.277017515077402
2.2751,2.2751528412766446
2.2733,2.2733343791556235
2.2715,2.2715601273117594
2.2698,2.269828206720549
2.2682,2.268136851149614
2.2666,2.266483619502018
2.2648,2.264868521316353
2.2634,2.263289282715844
2.2617,2.26174450957039
2.2603,2.2602328844181168
2.2588,2.258753161054233
2.2572,2.2573041595834007
2.2559,2.2558840919095937
2.2545,2.254493250866785
2.2532,2.2531299459569185
2.2518,2.251793220820054
2.2507,2.250482166164684
2.2492,2.2491959167895503
2.2479,2.2479336488345507
2.2467,2.2466939917748694
2.2455,2.245477378462657
2.2443,2.244282498230561
2.2432,2.2431086690087527
2.2421,2.241955239105025
2.2408,2.2408215854629816
2.2397,2.23970658506464
2.2387,2.238610730072683
2.2375,2.237532938079777
2.2366,2.236472685452896
2.2355,2.2354294701231034
2.2343,2.2344028104411024
2.2336,2.2333922441068013
2.2326,2.232396856384147
2.2314,2.231417169455068
2.2305,2.2304522951680354
2.2296,2.229501839216083
2.2286,2.22856542221842
2.2277,2.22764267899155
2.2269,2.2267328273101725
2.2259,2.2258363955891185
2.2249,2.22495262046362
2.224,2.2240811870800767
2.2232,2.2232217917314387
2.2224,2.222374141347775
2.2217,2.221537953015256
2.2207,2.2207125627295103
2.22,2.2198984932829564
2.2191,2.219095093541013
2.2184,2.2183021169140167
2.2178,2.2175193249288228
2.2168,2.2167464868836584
2.216,2.2159830179031728
2.2154,2.215229429585726
2.2146,2.214485146443931
2.214,2.2137499657556456
2.2131,2.2130236910923395
2.2123,2.2123061320665243
2.2117,2.2115971040915667
2.211,2.2108960959851807
2.2103,2.2102036022833498
2.2096,2.209519118367735
2.209,2.208842480679285
2.2083,2.208173530421155
2.2077,2.2075121133793587
2.207,2.2068580797516937
2.2063,2.206210977249781
2.2056,2.2055712812328814
2.2051,2.204938544033366
2.2043,2.204312631937174
2.2038,2.20369341489568
2.2031,2.2030807663956686
2.2025,2.202474275772224
2.202,2.2018744013290443
2.2014,2.201280735827935
2.2008,2.200693165707114
2.2001,2.20011158036914
2.1997,2.1995358720807423
2.1991,2.198965935876785
2.1986,2.1984014017220543
2.1979,2.197842708040259
2.1974,2.197289487208221
2.1968,2.196741644450198
2.1964,2.196199087333846
2.1957,2.195661725695177
2.1952,2.195129218954172
2.1947,2.194601988869176
2.1942,2.19407969663346
2.1936,2.1935622604638167
2.1931,2.193049600511671
2.1927,2.192541638803789
2.192,2.1920382991852136
2.1916,2.1915392704777856
2.1911,2.1910449556903333
4.0512,4.050539166282718
3.6658,3.666757559241425
3.3494,3.349857749074386
3.0899,3.0895902737954675
2.8818,2.881959569107804
2.7039,2.7041718571456053
2.6151,2.6150795058660585
2.5577,2.5577012353269044
2.5161,2.516291080378996
2.4841,2.484323069969394
2.4586,2.458537538574367
2.4371,2.4370822618589942
2.4187,2.4188111721855083
2.4032,2.4029623718796644
2.3889,2.389029272705203
2.3764,2.376629591623081
2.3654,2.36548640046789
2.3553,2.355389460525636
2.3462,2.346175693836294
2.3377,2.33771625910174
2.3299,2.3299041524292576
2.3225,2.32266261551741
2.3161,2.3159184297415383
2.3096,2.309613836161821
2.3038,2.303700259388486
2.2982,2.2981364900789325
2.2929,2.292887291617019
2.288,2.28792001401644
2.2832,2.2832130779880835
2.2788,2.2787411129748345
2.2746,2.2744840064003613
2.2704,2.2704240329515044
2.2666,2.2665454977146555
2.2628,2.262832711124854
2.2594,2.259276744539981
2.2558,2.255864618816992
2.2528,2.252586286039653
2.2494,2.249432678092444
2.2463,2.246395585580048
2.2435,2.243467554688539
2.2406,2.240640474779636
2.238,2.237910843459228
2.2352,2.2352716203992182
2.2327,2.232717605743943
2.2301,2.2302440193212965
2.2278,2.227846457502078
2.2253,2.225519762944601
2.2231,2.223262392870703
2.2212,2.221069738414965
2.219,2.218938566874645
2.2169,2.2168658728858577
2.2148,2.214848857998842
2.2129,2.2128849124705128
2.211,2.210970698298386
2.209,2.209105759965717
2.2074,2.207287038586688
2.2056,2.205512532561178
2.2038,2.203780362677924
2.2021,2.202088762527797
2.2005,2.2004352907330187
2.1987,2.1988199569022826
2.1973,2.1972404868926017
2.1957,2.1956954864307465
2.1941,2.1941836379187696
2.1927,2.1927036950224053
2.1914,2.1912544777230214
2.1899,2.189834197706724
2.1884,2.1884431478978086
2.1872,2.1870796375892203
2.1859,2.185742710318882
2.1845,2.184431456697673
2.1832,2.1831450114309856
2.1819,2.1818825505693846
2.1807,2.180642703412582
2.1795,2.179425902911957
2.1783,2.178230838230289
2.1772,2.1770568272223803
2.176,2.1759032181236853
2.1748,2.1747693878083387
2.1738,2.17365421310911
2.1726,2.172558186290656
2.1717,2.1714802248002703
2.1704,2.17041980494555
2.1696,2.1693764246003915
2.1684,2.1683496020604376
2.1673,2.1673388749725406
2.1664,2.1663433284743023
2.1654,2.165363484849661
2.1645,2.164398455823329
2.1635,2.1634478470424
2.1625,2.1625112790817207
2.1616,2.16158838671494
2.1609,2.160678387605492
2.16,2.1597818102686945
2.159,2.158897891230368
2.1581,2.1580263155994523
2.1572,2.157166779632644
2.1564,2.1563189902249125
2.1555,2.155482664428436
2.1547,2.1546571381414497
2.1538,2.153842934254093
2.1531,2.1530394015356635
2.1524,2.1522462933664994
2.1515,2.1514633712443563
2.1509,2.1506904044392274
2.1499,2.149926807987917
2.1491,2.149173093583687
2.1485,2.1484286856522354
2.1478,2.147693381446323
2.1472,2.146966984513033
2.1463,2.1462493044411763
2.1457,2.145540156621077
2.1449,2.144839029791731
2.1442,2.144146418580498
2.1436,2.143461818290968
2.1429,2.142785065343454
2.1421,2.142116000921027
2.1416,2.1414544707901486
2.141,2.140800325129572
2.1402,2.1401531115796835
2.1396,2.139513305587528
2.139,2.1388804594146893
2.1384,2.1382544393299425
2.1377,2.13763511526793
2.1371,2.13702236069912
2.1365,2.136415764892767
2.136,2.1358157862373126
2.1353,2.135222017429057
2.1347,2.1346343448914387
2.1342,2.1340526580125894
2.1334,2.133476849045154
2.1331,2.132906813010245
2.1323,2.132342179812206
2.1318,2.131783387956038
2.1312,2.1312300697583413
2.1307,2.1306821304308503
2.1303,2.130139477528981
2.1297,2.1296020208767827
2.1292,2.1290694198377733
2.1286,2.128542096248752
2.1281,2.1280197112466768
2.1276,2.127502183037404
2.127,2.126989431761656
2.1266,2.12648137943573
2.126,2.125977949894424
2.1255,2.1254788319071563
2.125,2.124984428558048
4.0188,4.018759665777363
3.6351,3.634962445252228
3.3185,3.3180550906948287
3.058,3.05778581232745
2.8502,2.850157111936676
2.6724,2.672374057451824
2.5833,2.583285246027151
2.5261,2.525909741525365
2.4845,2.4845018408333903
2.4527,2.4525357285422467
2.4268,2.426751833785749
2.4053,2.40529799396768
2.3868,2.387028183801968
2.3713,2.3711805363994847
2.3573,2.357248484785548
2.345,2.344849763466078
2.3334,2.3337074574546337
2.3239,2.323611338474363
2.3144,2.314398336969737
2.3061,2.305939618508723
2.2981,2.298128185190597
2.291,2.2908872828261018
2.2841,2.284143697136524
2.2778,2.277839672604693
2.2722,2.271926636781793
2.2664,2.266363382870553
2.2612,2.2611146764722303
2.2563,2.2561478697634465
2.2516,2.251441384719264
2.2471,2.246969852528515
2.2428,2.2427131619642617
2.239,2.238653588919198
2.2349,2.2347754395616115
2.2312,2.231063025475306
2.2277,2.227507418543849
2.2243,2.224095640603112
2.221,2.220817644462747
2.2178,2.217664362669236
2.2146,2.2146275864326364
2.2119,2.2116998624940174
2.2089,2.2088730808652763
2.2063,2.206143739337905
2.2035,2.203504798161654
2.201,2.200951057881917
2.1986,2.1984777386982626
2.1962,2.1960804373265668
2.1939,2.193753996865707
2.1917,2.1914968745944083
2.1894,2.1893044620488773
2.1873,2.187173526787104
2.1853,2.185101063689224
2.1833,2.1830842745341767
2.1811,2.181120549793508
2.1794,2.179206551768344
2.1775,2.1773418249257155
2.1756,2.1755233106626792
2.174,2.173749007547669
2.1721,2.1720170365285494
2.1704,2.1703256313465755
2.1688,2.168672350856549
2.1672,2.1670572046195726
2.1655,2.1654779187124227
2.1639,2.16393309898302
2.1627,2.1624214279484564
2.161,2.160941659383797
2.1595,2.159492613374403
2.158,2.1580725017849662
2.1568,2.156681617473568
2.1553,2.155318269904035
2.1542,2.153981502700072
2.1529,2.1526704065544573
2.1515,2.1513841162508296
2.1504,2.1501218079145605
2.1491,2.148882110987981
2.1478,2.14766545834779
2.1464,2.1464705392945485
2.1456,2.145296671745947
2.1442,2.144143203997748
2.143,2.1430095129819486
2.1421,2.1418944756518816
2.1411,2.1407985841946298
2.1399,2.139720756174716
2.1388,2.138660467949043
2.1378,2.1376172174389385
2.1368,2.136590522985698
2.1358,2.135579922280132
2.1347,2.1345845005612727
2.1337,2.13360478003494
2.1328,2.132639872525063
2.1318,2.1316893837166946
2.1309,2.1307529342213107
2.1298,2.1298301588479243
2.129,2.1289202753488867
2.1281,2.128023812162317
2.1272,2.127140005901372
2.1264,2.126268541705825
2.1256,2.1254091158621984
2.1248,2.1245614352943187
2.1238,2.123725217082296
2.123,2.1228997972018377
2.1223,2.1220856984678527
2.1214,2.121282269726026
2.1206,2.1204892643812907
2.1199,2.11970644395525
2.119,2.1189335777410223
2.1183,2.118170080845044
2.1175,2.117416464887448
2.1168,2.116672154362772
2.1161,2.1159369465442923
2.1152,2.115210644999017
2.1147,2.1144930593351106
2.1139,2.113784004961707
2.1133,2.113082970679974
2.1125,2.1123904510468265
2.1119,2.111705941427473
2.1112,2.1110292782590427
2.1105,2.110360302740961
2.1099,2.109698860655609
2.1092,2.109044802197236
2.1085,2.108397675062311
2.1079,2.107757954630198
2.1072,2.10712519321818
2.1066,2.106499257108976
2.1059,2.105880016250816
2.1055,2.1052673441274146
2.1047,2.1046608300597245
2.1042,2.1040609323708632
2.1036,2.103467243808549
2.1031,2.1028796508082013
2.1024,2.10229804276964
2.102,2.101722311956919
2.1013,2.1011523534022847
2.1008,2.1005877970574254
2.1001,2.1000290813647
2.0998,2.099475838687861
2.099,2.09892797424877
2.0986,2.0983853956127354
2.098,2.0978480126134724
2.0975,2.0973154846586386
2.0969,2.0967882335246
2.0964,2.096265920392322
2.0959,2.095748463476486
2.0954,2.095235782926448
2.0949,2.094727800766948
2.0945,2.0942244408410424
2.0938,2.093725391959045
2.0933,2.0932310571471064
2.8293,2.8288274119627816
2.8281,2.828180242182308
2.8275,2.8275404795296484
2.827,2.8269076762945065
2.8263,2.8262816987526285
2.8255,2.825662416845452
2.8251,2.8250497040500697
2.8243,2.8244431496618496
2.824,2.82384321203605
2.8232,2.823249483894947
2.823,2.822661851667972
2.822,2.822080204749108
2.8215,2.821504435396708
2.8212,2.820934438637458
2.8202,2.820369844399633
2.8199,2.8198110911564123
2.8196,2.8192578112482334
2.8185,2.818709909891901
2.8183,2.818167294647786
2.8178,2.817629875344778
2.8173,2.817097311368721
2.8164,2.816570024525709
2.8159,2.816047675974962
2.8157,2.815530183926757
2.8152,2.815017468526144
2.8146,2.814509451793648
2.8142,2.814006057568208
2.8135,2.8135069746399406
2.8131,2.813012606063508
2.6136,2.6135957495049897
2.613,2.612948579724516
2.6125,2.6123088170718565
2.612,2.6116760138367145
2.6109,2.611050036294837
2.6108,2.61043075438766
2.6096,2.609818041592278
2.6092,2.6092114872040577
2.6088,2.6086115495782582
2.6081,2.608017821437155
2.6074,2.6074301892101803
2.6069,2.606848542291316
2.6063,2.606272772938916
2.6057,2.6057027761796663
2.6053,2.6051381819418413
2.6047,2.6045794286986204
2.604,2.604026148790441
2.6037,2.603478247434109
2.603,2.602935632189994
2.6026,2.6023982128869863
2.602,2.601865648910929
2.6013,2.601338362067917
2.6008,2.60081601351717
2.6005,2.600298521468965
2.5999,2.5997858060683514
2.5993,2.599277789335856
2.5989,2.598774395110416
2.5985,2.5982753121821487
2.5978,2.597780943605716
2.4368,2.436620817397636
2.4362,2.4359736476171614
2.4354,2.435333884964502
2.4349,2.43470108172936
2.434,2.434075104187482
2.4333,2.433455822280305
2.4329,2.4328431094849234
2.4323,2.432236555096704
2.4317,2.431636617470904
2.4309,2.4310428893298006
2.4305,2.430455257102826
2.4298,2.4298736101839618
2.4294,2.4292978408315618
2.4288,2.428727844072312
2.4281,2.428163249834487
2.4276,2.427604496591266
2.427,2.427051216683087
2.4266,2.426503315326755
2.4261,2.42596070008264
2.4254,2.425423280779632
2.425,2.4248907168035747
2.4244,2.4243634299605628
2.4238,2.423841081409816
2.4234,2.4233235893616105
2.4228,2.422810873960997
2.4223,2.4223028572285017
2.4217,2.4217994630030617
2.4216,2.4213003800747943
2.4209,2.4208060114983616
2.3061,2.3060905962784903
2.3056,2.3054434264980164
2.3048,2.304803663845357
2.3042,2.304170860610215
2.3036,2.303544883068337
2.303,2.3029256011611605
2.3024,2.302312888365779
2.3019,2.3017063339775583
2.3011,2.3011063963517584
2.3005,2.300512668210656
2.2999,2.299925035983681
2.2994,2.2993433890648167
2.2989,2.2987676197124167
2.2983,2.298197622953167
2.2976,2.297633028715342
2.2972,2.297074275472121
2.2967,2.296520995563942
2.2961,2.2959730942076098
2.2957,2.2954304789634947
2.2949,2.294893059660487
2.2943,2.2943604956844297
2.2937,2.2938332088414177
2.2935,2.2933108602906707
2.2929,2.292793368242465
2.2923,2.292280652841852
2.2919,2.2917726361093567
2.2912,2.2912692418839167
2.2911,2.2907701589556493
2.2904,2.2902757903792166
2.2713,2.271379953939998
2.2707,2.270732784159524
2.2702,2.270093021506865
2.2696,2.269460218271723
2.2688,2.268834240729845
2.2683,2.2682149588226683
2.2676,2.2676022460272867
2.267,2.266995691639066
2.2663,2.266395754013266
2.2658,2.265802025872164
2.2652,2.2652143936451887
2.2646,2.2646327467263245
2.2642,2.2640569773739245
2.2635,2.2634869806146747
2.2632,2.2629223863768497
2.2625,2.2623636331336288
2.2619,2.26181035322545
2.2613,2.2612624518691176
2.2609,2.2607198366250025
2.2602,2.2601824173219947
2.2597,2.259649853345937
2.2594,2.259122566502925
2.2587,2.2586002179521785
2.2583,2.2580827259039733
2.2576,2.25757001050336
2.2571,2.2570619937708645
2.2568,2.2565585995454245
2.2561,2.256059516617157
2.2558,2.2555651480407244
2.207,2.206839289871678
2.2063,2.206192120091204
2.2056,2.205552357438545
2.2051,2.204919554203403
2.2043,2.204293576661525
2.2038,2.2036742947543484
2.2031,2.2030615819589663
2.2025,2.202455027570746
2.202,2.2018550899449467
2.2014,2.2012613618038435
2.2008,2.200673729576869
2.2001,2.2000920826580046
2.1997,2.1995163133056046
2.1991,2.1989463165463548
2.1986,2.19838172230853
2.1979,2.197822969065309
2.1974,2.19726968915713
2.1968,2.1967217878007976
2.1964,2.1961791725566826
2.1957,2.1956417532536747
2.1952,2.1951091892776176
2.1947,2.1945819024346056
2.1942,2.1940595538838585
2.1936,2.1935420618356534
2.1931,2.19302934643504
2.1927,2.1925213297025445
2.192,2.192017935477105
2.1916,2.191518852548837
2.1911,2.1910244839724045
2.141,2.1407874600498635
2.1402,2.140140290269389
2.1396,2.13950052761673
2.139,2.138867724381588
2.1384,2.13824174683971
2.1377,2.1376224649325337
2.1371,2.137009752137152
2.1365,2.1364031977489315
2.136,2.135803260123132
2.1353,2.135209531982029
2.1347,2.1346218997550537
2.1342,2.13404025283619
2.1334,2.13346448348379
2.1331,2.13289448672454
2.1323,2.132329892486715
2.1318,2.1317711392434937
2.1312,2.131217859335316
2.1307,2.130669957978983
2.1303,2.130127342734868
2.1297,2.12958992343186
2.1292,2.1290573594558024
2.1286,2.1285300726127905
2.1281,2.128007724062044
2.1276,2.1274902320138387
2.127,2.1269775166132248
2.1266,2.12646949988073
2.126,2.12596610565529
2.1255,2.1254670227270225
2.125,2.12497265415059
2.1092,2.1090913414509167
2.1085,2.1084441716704427
2.1079,2.1078044090177834
2.1072,2.107171605782641
2.1066,2.1065456282407635
2.1059,2.105926346333587
2.1055,2.1053136335382048
2.1047,2.1047070791499847
2.1042,2.104107141524185
2.1036,2.103513413383082
2.1031,2.102925781156108
2.1024,2.102344134237243
2.102,2.101768364884843
2.1013,2.101198368125593
2.1008,2.1006337738877683
2.1001,2.100075020644548
2.0998,2.0995217407363684
2.099,2.098973839380036
2.0986,2.098431224135921
2.098,2.097893804832913
2.0975,2.097361240856856
2.0969,2.096833954013844
2.0964,2.096311605463097
2.0959,2.095794113414892
2.0954,2.0952813980142784
2.0949,2.094773381281783
2.0945,2.094269987056343
2.0938,2.093770904128076
2.0933,2.093276535551643
