run_id,N_params_B,D_tokens_B,C_FLOPs_1e21,steps,batch_tokens_M,lr,wd,precision,gpu_days,step_time_ms,train_loss,val_loss,ppl,grad_norm_avg,C_reported_FLOPs,C_6ND_FLOPs,ratio_reported_to_6ND,abs_difference_in_1e21,within_C_rounding_0.00005
8,0.070542,0.134,0.0001,64,2.09,0.000318,0.088,bf16,0.0,100.4,4.4729,4.7388,114.3,1.085,1e+17,5.671576799999999e+16,1.7631780989018788,4.328423200000001e-05,True
9,0.070542,0.268,0.0001,128,2.09,0.000318,0.098,fp16,0.0,100.4,4.1411,4.3541,77.8,0.582,1e+17,1.1343153599999998e+17,0.8815890494509394,1.3431535999999983e-05,True
10,0.070542,0.537,0.0002,256,2.1,0.000318,0.053,bf16,0.0,100.4,3.9212,4.0384,56.74,0.522,2e+17,2.2728632399999997e+17,0.8799473566214219,2.728632399999997e-05,True
11,0.070542,1.074,0.0005,512,2.1,0.000318,0.074,fp16,0.0,100.4,3.5323,3.7776,43.71,1.073,5e+17,4.5457264799999994e+17,1.0999341957767772,4.542735200000006e-05,True
12,0.070542,2.097,0.0009,1000,2.1,0.000318,0.082,bf16,0.0,100.4,3.377,3.5698,35.51,8.652,9e+17,8.875594439999999e+17,1.0140165890680333,1.2440556000000127e-05,True
13,0.070542,4.194,0.0018,2000,2.1,0.000318,0.069,fp16,0.1,100.4,3.3164,3.3922,29.73,0.914,1.8e+18,1.7751188879999997e+18,1.0140165890680333,2.4881112000000255e-05,True
14,0.070542,6.291,0.0027,3000,2.1,0.000318,0.052,bf16,0.1,100.4,3.1983,3.3024,27.18,1.378,2.7e+18,2.662678332e+18,1.0140165890680333,3.7321668e-05,True
15,0.070542,8.389,0.0036,4000,2.1,0.000318,0.038,bf16,0.1,100.4,3.071,3.2452,25.67,0.753,3.6e+18,3.550661027999999e+18,1.0138957145193306,4.933897200000102e-05,True
16,0.070542,10.486,0.0044,5000,2.1,0.000318,0.095,fp16,0.2,100.4,2.999,3.2041,24.63,0.999,4.4000000000000005e+18,4.4382204719999995e+18,0.9913883340764332,3.822047199999898e-05,True
17,0.070542,12.583,0.0053,6000,2.1,0.000318,0.047,bf16,0.2,100.4,3.0927,3.172,23.86,0.682,5.3e+18,5.325779915999999e+18,0.9951594101884402,2.5779915999998978e-05,True
18,0.070542,14.68,0.0062,7000,2.1,0.000318,0.085,fp16,0.2,100.4,3.0447,3.1466,23.26,0.71,6.2e+18,6.213339359999999e+18,0.9978531093785292,1.3339359999998975e-05,True
19,0.070542,16.777,0.0071,8000,2.1,0.000318,0.096,fp16,0.3,100.4,3.0169,3.1248,22.76,1.22,7.1e+18,7.100898803999999e+18,0.9998734239108586,8.98803999998976e-07,True
20,0.070542,18.874,0.008,9000,2.1,0.000318,0.087,fp16,0.3,100.4,2.9922,3.1064,22.34,0.785,8e+18,7.988458247999998e+18,1.0014448034453822,1.1541752000002049e-05,True
21,0.070542,20.972,0.0089,10000,2.1,0.000318,0.096,fp16,0.3,100.4,2.9376,3.0913,22.01,1.36,8.9e+18,8.876440943999999e+18,1.0026541106000288,2.3559056000001022e-05,True
22,0.070542,23.069,0.0098,11000,2.1,0.000318,0.083,fp16,0.4,100.4,2.9798,3.077,21.69,0.94,9.8e+18,9.764000387999998e+18,1.0036869736347251,3.5999612000002046e-05,True
23,0.070542,25.166,0.0107,12000,2.1,0.000318,0.068,bf16,0.4,100.4,2.8241,3.0646,21.43,0.962,1.07e+19,1.0651559831999998e+19,1.0045477065109727,4.844016800000205e-05,True
24,0.070542,27.263,0.0115,13000,2.1,0.000318,0.092,bf16,0.4,100.4,2.9827,3.0531,21.18,1.208,1.15e+19,1.1539119275999998e+19,0.9966098559981643,3.911927599999795e-05,True
25,0.070542,29.36,0.0124,14000,2.1,0.000318,0.057,bf16,0.5,100.4,2.9136,3.0432,20.97,0.973,1.24e+19,1.2426678719999998e+19,0.9978531093785292,2.667871999999795e-05,True
26,0.070542,31.457,0.0133,15000,2.1,0.000318,0.059,bf16,0.5,100.4,2.8271,3.0342,20.78,1.154,1.33e+19,1.3314238163999998e+19,0.9989306061807955,1.4238163999997952e-05,True
27,0.070542,33.554,0.0142,16000,2.1,0.000318,0.078,bf16,0.5,100.4,2.8712,3.0254,20.6,1.101,1.42e+19,1.4201797607999998e+19,0.9998734239108586,1.797607999997952e-06,True
28,0.070542,35.652,0.0151,17000,2.1,0.000318,0.091,bf16,0.6,100.4,2.8056,3.018,20.45,1.337,1.51e+19,1.5089780303999998e+19,1.0006772594295024,1.0219696000002049e-05,True
29,0.070542,37.749,0.016,18000,2.1,0.000318,0.047,bf16,0.6,100.4,2.8389,3.0105,20.3,0.823,1.6e+19,1.5977339747999998e+19,1.0014182744034619,2.266025200000205e-05,True
30,0.070542,39.846,0.0169,19000,2.1,0.000318,0.1,bf16,0.6,100.4,2.8154,3.0039,20.16,0.708,1.6899999999999998e+19,1.6864899191999996e+19,1.0020812936739434,3.510080800000205e-05,True
31,0.070542,41.943,0.0178,20000,2.1,0.000318,0.057,fp16,0.7,100.4,2.901,2.9975,20.04,1.733,1.78e+19,1.7752458635999996e+19,1.0026780157596646,4.754136400000409e-05,True
32,0.070542,44.04,0.0186,21000,2.1,0.000318,0.08,fp16,0.7,100.4,2.7855,2.9921,19.93,0.784,1.86e+19,1.8640018079999996e+19,0.9978531093785293,4.00180799999959e-05,True
33,0.070542,46.137,0.0195,22000,2.1,0.000318,0.029,fp16,0.7,100.4,2.8755,2.9861,19.81,1.069,1.95e+19,1.9527577524e+19,0.9985877652276067,2.757752399999795e-05,True
34,0.070542,48.234,0.0204,23000,2.1,0.000318,0.037,bf16,0.8,100.4,2.8621,2.9807,19.7,0.692,2.04e+19,2.0415136967999996e+19,0.9992585419326981,1.5136967999995904e-05,True
35,0.070542,50.332,0.0213,24000,2.1,0.000318,0.015,bf16,0.8,100.4,2.867,2.9761,19.61,0.646,2.13e+19,2.1303119663999996e+19,0.9998535583497065,3.119663999995904e-06,True
36,0.070542,52.429,0.0222,25000,2.1,0.000318,0.035,bf16,0.8,100.4,2.7852,2.971,19.51,0.879,2.22e+19,2.2190679108e+19,1.0004200363564648,9.320892000002049e-06,True
37,0.070542,54.526,0.0231,26000,2.1,0.000318,0.047,bf16,0.9,100.4,2.8032,2.9668,19.43,1.253,2.31e+19,2.3078238551999996e+19,1.0009429423285912,2.1761448000004096e-05,True
38,0.070542,56.623,0.024,27000,2.1,0.000318,0.042,bf16,0.9,100.4,2.8331,2.9621,19.34,1.23,2.4e+19,2.3965797995999994e+19,1.0014271172612619,3.4202004000006146e-05,True
39,0.070542,58.72,0.0249,28000,2.1,0.000318,0.038,bf16,0.9,100.4,2.827,2.9582,19.26,0.889,2.49e+19,2.4853357439999996e+19,1.0018767106260233,4.6642560000004096e-05,True
40,0.070542,60.817,0.0257,29000,2.1,0.000318,0.044,fp16,1.0,100.4,2.839,2.9546,19.19,1.429,2.57e+19,2.5740916884e+19,0.9984104340888715,4.091688399999795e-05,True
41,0.070542,62.915,0.0266,30000,2.1,0.000318,0.042,fp16,1.0,100.4,2.8415,2.951,19.13,1.311,2.66e+19,2.6628899579999994e+19,0.9989147287174533,2.8899579999993856e-05,True
42,0.070542,65.012,0.0275,31000,2.1,0.000318,0.075,bf16,1.0,100.4,2.764,2.9473,19.06,9.016,2.75e+19,2.7516459023999996e+19,0.9994018480362739,1.6459023999995906e-05,True
43,0.070542,67.109,0.0284,32000,2.1,0.000318,0.096,bf16,1.1,100.4,2.8075,2.9439,18.99,1.137,2.84e+19,2.8404018467999994e+19,0.9998585246659898,4.018467999993856e-06,True
44,0.070542,69.206,0.0293,33000,2.1,0.000318,0.021,bf16,1.1,100.4,2.7976,2.9406,18.93,0.838,2.93e+19,2.9291577911999996e+19,1.0002875259238442,8.422088000004095e-06,True
45,0.070542,71.303,0.0302,34000,2.1,0.000318,0.047,bf16,1.1,100.4,2.7444,2.9372,18.86,0.949,3.02e+19,3.0179137355999994e+19,1.0006912935831764,2.0862644000006146e-05,True
46,0.070542,73.4,0.0311,35000,2.1,0.000318,0.059,fp16,1.2,100.4,2.8258,2.9343,18.81,1.049,3.11e+19,3.1066696799999996e+19,1.0010719903765244,3.3303200000004096e-05,True
47,0.070542,75.497,0.032,36000,2.1,0.000318,0.081,bf16,1.2,100.4,2.701,2.9314,18.75,0.802,3.2e+19,3.1954256243999994e+19,1.001431538748726,4.5743756000006146e-05,True
48,0.070542,77.595,0.0328,37000,2.1,0.000318,0.038,fp16,1.2,100.4,2.7989,2.9289,18.71,1.478,3.2800000000000004e+19,3.2842238939999994e+19,0.998713883664352,4.223893999998976e-05,True
49,0.070542,79.692,0.0337,38000,2.1,0.000318,0.097,fp16,1.3,100.4,2.8359,2.926,18.65,0.843,3.37e+19,3.372979838399999e+19,0.9991165561186951,2.979838399999181e-05,True
50,0.070542,81.789,0.0346,39000,2.1,0.000318,0.015,bf16,1.3,100.4,2.7993,2.923,18.6,0.869,3.46e+19,3.4617357827999994e+19,0.9994985802184488,1.7357827999993856e-05,True
51,0.070542,83.886,0.0355,40000,2.1,0.000318,0.056,bf16,1.3,100.4,2.8496,2.9208,18.56,1.416,3.5499999999999996e+19,3.550491727199999e+19,0.9998615044794408,4.917271999995904e-06,True
52,0.070542,85.983,0.0364,41000,2.1,0.000318,0.096,bf16,1.4,100.4,2.7831,2.9182,18.51,0.435,3.64e+19,3.6392476715999998e+19,1.000206726353326,7.523284000002048e-06,True
53,0.070542,88.08,0.0373,42000,2.1,0.000318,0.051,bf16,1.4,100.4,2.7785,2.9158,18.46,0.939,3.73e+19,3.728003615999999e+19,1.000535510210192,1.9963840000008192e-05,True
54,0.070542,90.178,0.0382,43000,2.1,0.000318,0.027,fp16,1.4,100.4,2.7524,2.9137,18.42,0.992,3.82e+19,3.8168018856e+19,1.0008379042182058,3.19811440000041e-05,True
55,0.070542,92.275,0.0391,44000,2.1,0.000318,0.096,fp16,1.4,100.4,2.8013,2.9115,18.38,1.524,3.91e+19,3.905557829999999e+19,1.001137397061664,4.442170000000614e-05,True
56,0.070542,94.372,0.0399,45000,2.1,0.000318,0.044,fp16,1.5,100.4,2.7228,2.9093,18.34,1.131,3.99e+19,3.994313774399999e+19,0.9989200211491529,4.3137743999991807e-05,True
57,0.070542,96.469,0.0408,46000,2.1,0.000318,0.058,fp16,1.5,100.4,2.7758,2.9068,18.3,2.318,4.08e+19,4.083069718799999e+19,0.9992481835943519,3.069718799998976e-05,True
58,0.070542,98.566,0.0417,47000,2.1,0.000318,0.097,fp16,1.5,100.4,2.814,2.9049,18.26,0.882,4.17e+19,4.1718256631999996e+19,0.999562382671907,1.8256631999995905e-05,True
59,0.070542,100.663,0.0426,48000,2.1,0.000318,0.076,fp16,1.6,100.4,2.8079,2.903,18.23,0.782,4.26e+19,4.260581607599999e+19,0.999863491031609,5.816075999993856e-06,True
60,0.070542,102.76,0.0435,49000,2.1,0.000318,0.042,bf16,1.6,100.4,2.7019,2.9011,18.19,1.111,4.35e+19,4.349337551999999e+19,1.000152310091383,6.624480000008192e-06,True
61,0.070542,104.858,0.0444,50000,2.1,0.000318,0.083,fp16,1.6,100.4,2.6967,2.8989,18.15,1.01,4.44e+19,4.4381358216e+19,1.0004200363564648,1.8641784000004097e-05,True
62,0.070542,106.955,0.0453,51000,2.1,0.000318,0.025,bf16,1.7,100.4,2.7549,2.8971,18.12,17.364,4.53e+19,4.526891765999999e+19,1.0006866154882132,3.108234000000614e-05,True
63,0.070542,109.052,0.0462,52000,2.1,0.000318,0.044,bf16,1.7,100.4,2.7161,2.8951,18.09,1.042,4.62e+19,4.615647710399999e+19,1.0009429423285912,4.352289600000819e-05,True
64,0.070542,111.149,0.047,53000,2.1,0.000318,0.02,bf16,1.7,100.4,2.746,2.8933,18.05,0.852,4.7e+19,4.704403654799999e+19,0.9990639292196991,4.403654799998976e-05,True
65,0.070542,113.246,0.0479,54000,2.1,0.000318,0.041,bf16,1.8,100.4,2.6816,2.892,18.03,1.059,4.79e+19,4.793159599199999e+19,0.9993408107669676,3.159599199998771e-05,True
66,0.070542,115.343,0.0488,55000,2.1,0.000318,0.051,fp16,1.8,100.4,2.719,2.8904,18.0,2.044,4.88e+19,4.881915543599999e+19,0.9996076245926642,1.9155435999993855e-05,True
67,0.070542,117.441,0.0497,56000,2.1,0.000318,0.07,bf16,1.8,100.4,2.7137,2.8885,17.97,1.005,4.97e+19,4.970713813199999e+19,0.9998563962386844,7.13813199998976e-06,True
68,0.070542,119.538,0.0506,57000,2.1,0.000318,0.075,bf16,1.9,100.4,2.726,2.8871,17.94,0.629,5.06e+19,5.059469757599999e+19,1.0001048019704446,5.302424000012288e-06,True
69,0.070542,121.635,0.0515,58000,2.1,0.000318,0.081,bf16,1.9,100.4,2.7985,2.8854,17.91,1.061,5.15e+19,5.148225701999999e+19,1.0003446426211096,1.7742980000006144e-05,True
70,0.070542,123.732,0.0524,59000,2.1,0.000318,0.061,fp16,1.9,100.4,2.675,2.8836,17.88,0.483,5.24e+19,5.236981646399999e+19,1.0005763536715993,3.018353600000819e-05,True
71,0.070542,125.829,0.0533,60000,2.1,0.000318,0.086,bf16,2.0,100.4,2.6973,2.8823,17.86,1.032,5.33e+19,5.325737590799999e+19,1.0008003415728488,4.262409200001024e-05,True
72,0.070542,127.926,0.0541,61000,2.1,0.000318,0.023,bf16,2.0,100.4,2.6969,2.8811,17.83,1.11,5.41e+19,5.4144935351999996e+19,0.9991700913167987,4.4935351999995906e-05,True
73,0.070542,130.023,0.055,62000,2.1,0.000318,0.059,bf16,2.0,100.4,2.7654,2.8793,17.8,0.77,5.5e+19,5.503249479599999e+19,0.999409534382905,3.2494795999993856e-05,True
74,0.070542,132.121,0.0559,63000,2.1,0.000318,0.092,fp16,2.1,100.4,2.8125,2.8782,17.78,1.209,5.59e+19,5.5920477492e+19,0.9996338104945022,2.0477491999997953e-05,True
75,0.070542,134.218,0.0568,64000,2.1,0.000318,0.042,bf16,2.1,100.4,2.6563,2.876,17.74,0.94,5.68e+19,5.680803693599999e+19,0.9998585246659898,8.036935999987712e-06,True
76,0.070542,136.315,0.0577,65000,2.1,0.000318,0.073,bf16,2.1,100.4,2.7029,2.8753,17.73,1.135,5.77e+19,5.769559637999999e+19,1.0000763250625058,4.403620000006144e-06,True
77,0.070542,138.412,0.0586,66000,2.1,0.000318,0.053,bf16,2.2,100.4,2.7023,2.8738,17.7,0.759,5.86e+19,5.858315582399999e+19,1.0002875259238442,1.684417600000819e-05,True
78,0.070542,140.509,0.0595,67000,2.1,0.000318,0.067,bf16,2.2,100.4,2.7384,2.8724,17.68,0.499,5.95e+19,5.947071526799998e+19,1.0004924227305498,2.9284732000018433e-05,True
79,0.070542,142.606,0.0604,68000,2.1,0.000318,0.024,bf16,2.2,100.4,2.804,2.8712,17.66,0.63,6.04e+19,6.035827471199999e+19,1.0006912935831764,4.172528800001229e-05,True
80,0.070542,144.703,0.0612,69000,2.1,0.000318,0.018,bf16,2.3,100.4,2.7626,2.8696,17.63,1.235,6.12e+19,6.124583415599999e+19,0.9992516363499393,4.5834155999993856e-05,True
81,0.070542,146.801,0.0621,70000,2.1,0.000318,0.034,bf16,2.3,100.4,2.6469,2.8687,17.61,1.055,6.21e+19,6.213381685199998e+19,0.9994557415959086,3.381685199998157e-05,True
82,0.070542,148.898,0.063,71000,2.1,0.000318,0.095,bf16,2.3,100.4,2.7514,2.8676,17.59,0.882,6.3e+19,6.302137629599999e+19,0.9996608088039908,2.137629599998771e-05,True
83,0.070542,150.995,0.0639,72000,2.1,0.000318,0.033,bf16,2.4,100.4,2.7816,2.8666,17.58,6.266,6.39e+19,6.390893573999999e+19,0.9998601801157142,8.935739999993857e-06,True
84,0.070542,153.092,0.0648,73000,2.1,0.000318,0.083,bf16,2.4,100.4,2.7796,2.865,17.55,0.973,6.48e+19,6.479649518399999e+19,1.0000540895921926,3.504816000008192e-06,True
85,0.070542,155.189,0.0657,74000,2.1,0.000318,0.076,bf16,2.4,100.4,2.6722,2.8638,17.53,0.677,6.569999999999999e+19,6.568405462799999e+19,1.0002427586434837,1.5945372000002048e-05,True
86,0.070542,157.286,0.0666,75000,2.1,0.000318,0.075,fp16,2.5,100.4,2.7212,2.8628,17.51,1.124,6.660000000000001e+19,6.657161407199999e+19,1.0004263968719358,2.838592800002048e-05,True
87,0.070542,159.384,0.0675,76000,2.1,0.000318,0.065,fp16,2.5,100.4,2.8003,2.8619,17.49,1.101,6.750000000000001e+19,6.745959676799998e+19,1.0005989248963194,4.040323200002458e-05,True
88,0.070542,161.481,0.0683,77000,2.1,0.000318,0.042,bf16,2.5,100.4,2.8016,2.8607,17.47,1.254,6.83e+19,6.834715621199999e+19,0.9993100486602,4.715621199998976e-05,True
89,0.070542,163.578,0.0692,78000,2.1,0.000318,0.095,fp16,2.6,100.4,2.72,2.8595,17.45,0.935,6.92e+19,6.923471565599999e+19,0.9994985802184488,3.471565599998771e-05,True
90,0.070542,165.675,0.0701,79000,2.1,0.000318,0.029,bf16,2.6,100.4,2.6712,2.8586,17.44,0.777,7.009999999999999e+19,7.012227509999999e+19,0.9996823391715651,2.227510000000205e-05,True
91,0.070542,167.772,0.071,80000,2.1,0.000318,0.029,bf16,2.6,100.4,2.7619,2.8575,17.42,1.138,7.099999999999999e+19,7.100983454399998e+19,0.9998615044794408,9.834543999991808e-06,True
92,0.070542,169.869,0.0719,81000,2.1,0.000318,0.087,bf16,2.7,100.4,2.799,2.8566,17.4,0.865,7.190000000000001e+19,7.189739398799999e+19,1.0000362462650656,2.606012000018432e-06,True
93,0.070542,171.966,0.0728,82000,2.1,0.000318,0.024,fp16,2.7,100.4,2.7476,2.8553,17.38,0.812,7.28e+19,7.2784953431999996e+19,1.000206726353326,1.5046568000004096e-05,True
94,0.070542,174.064,0.0737,83000,2.1,0.000318,0.082,fp16,2.7,100.4,2.6365,2.8544,17.36,1.093,7.37e+19,7.367293612799998e+19,1.0003673516140716,2.7063872000016385e-05,True
95,0.070542,176.161,0.0746,84000,2.1,0.000318,0.095,bf16,2.8,100.4,2.649,2.8534,17.35,0.794,7.46e+19,7.456049557199998e+19,1.0005298305449415,3.950442800001843e-05,True
96,0.070542,178.258,0.0754,85000,2.1,0.000318,0.078,fp16,2.8,100.4,2.6504,2.8522,17.33,1.153,7.54e+19,7.5448055016e+19,0.9993630715067499,4.8055015999995904e-05,True
97,0.070542,180.355,0.0763,86000,2.1,0.000318,0.013,bf16,2.8,100.4,2.7115,2.8516,17.32,1.169,7.63e+19,7.633561445999998e+19,0.9995334489641314,3.561445999997747e-05,True
98,0.070542,182.452,0.0772,87000,2.1,0.000318,0.023,fp16,2.9,100.4,2.6294,2.8506,17.3,1.162,7.72e+19,7.7223173904e+19,0.9996999099774272,2.3173903999991807e-05,True
99,0.070542,184.549,0.0781,88000,2.1,0.000318,0.033,bf16,2.9,100.4,2.6497,2.8497,17.28,0.932,7.81e+19,7.811073334799999e+19,0.9998625880523722,1.073334799998976e-05,True
100,0.070542,186.647,0.079,89000,2.1,0.000318,0.025,bf16,2.9,100.4,2.7339,2.8487,17.27,0.996,7.9e+19,7.899871604399999e+19,1.0000162528717467,1.283956000014336e-06,True
101,0.070542,188.744,0.0799,90000,2.1,0.000318,0.088,fp16,3.0,100.4,2.6921,2.8476,17.25,1.862,7.99e+19,7.988627548799998e+19,1.0001718006242772,1.3724512000016383e-05,True
102,0.070542,190.841,0.0808,91000,2.1,0.000318,0.067,bf16,3.0,100.4,2.7789,2.8469,17.23,1.06,8.08e+19,8.0773834932e+19,1.0003239299956728,2.6165068000002047e-05,True
103,0.070542,192.938,0.0817,92000,2.1,0.000318,0.029,bf16,3.0,100.4,2.6382,2.8461,17.22,1.078,8.17e+19,8.166139437599998e+19,1.000472752446796,3.860562400002048e-05,True
104,0.070542,195.035,0.0825,93000,2.1,0.000318,0.068,bf16,3.1,100.4,2.771,2.8451,17.2,1.521,8.25e+19,8.254895382e+19,0.9994069722542246,4.8953819999993854e-05,True
105,0.070542,197.132,0.0834,94000,2.1,0.000318,0.023,fp16,3.1,100.4,2.7516,2.8444,17.19,8.415,8.34e+19,8.343651326399999e+19,0.999562382671907,3.651326399999181e-05,True
106,0.070542,199.229,0.0843,95000,2.1,0.000318,0.057,bf16,3.1,100.4,2.7595,2.8436,17.18,0.993,8.43e+19,8.432407270799999e+19,0.9997145215212345,2.407270799998976e-05,True
107,0.070542,201.327,0.0852,96000,2.1,0.000318,0.06,bf16,3.2,100.4,2.6934,2.8431,17.17,1.147,8.52e+19,8.521205540399999e+19,0.9998585246659897,1.2055403999985664e-05,True
108,0.070542,203.424,0.0861,97000,2.1,0.000318,0.07,bf16,3.2,100.4,2.7434,2.842,17.15,0.965,8.61e+19,8.609961484799998e+19,1.0000044733301152,3.85152000016384e-07,True
109,0.070542,205.521,0.087,98000,2.1,0.000318,0.084,bf16,3.2,100.4,2.7526,2.8412,17.14,8.925,8.7e+19,8.698717429199998e+19,1.0001474436674649,1.2825708000018432e-05,True
110,0.070542,207.618,0.0879,99000,2.1,0.000318,0.057,bf16,3.3,100.4,2.7093,2.8403,17.12,0.848,8.79e+19,8.787473373599998e+19,1.0002875259238444,2.526626400002048e-05,True
111,0.070542,209.715,0.0888,100000,2.1,0.000318,0.051,bf16,3.3,100.4,2.7042,2.8392,17.1,7.696,8.88e+19,8.876229318e+19,1.0004248067354855,3.7706820000006144e-05,True
112,0.070542,211.812,0.0896,101000,2.1,0.000318,0.045,bf16,3.3,100.4,2.7028,2.8388,17.09,1.148,8.96e+19,8.9649852624e+19,0.999443918505822,4.985262399999181e-05,True
113,0.070542,213.91,0.0905,102000,2.1,0.000318,0.021,bf16,3.4,100.4,2.7331,2.838,17.08,0.829,9.05e+19,9.053783531999999e+19,0.9995821048750916,3.783531999998771e-05,True
114,0.070542,216.007,0.0914,103000,2.1,0.000318,0.091,fp16,3.4,100.4,2.652,2.8377,17.08,0.904,9.14e+19,9.142539476399999e+19,0.9997222351178736,2.5394763999985662e-05,True
115,0.070542,218.104,0.0923,104000,2.1,0.000318,0.027,bf16,3.4,100.4,2.7404,2.8365,17.06,1.117,9.23e+19,9.231295420799998e+19,0.9998596707459844,1.2954207999983616e-05,True
116,0.070542,220.201,0.0932,105000,2.1,0.000318,0.011,bf16,3.5,100.4,2.6744,2.8358,17.04,0.639,9.32e+19,9.320051365199998e+19,0.9999944887428207,5.13651999981568e-07,True
117,0.070542,222.298,0.0941,106000,2.1,0.000318,0.032,fp16,3.5,100.4,2.6617,2.8351,17.03,1.066,9.41e+19,9.408807309599998e+19,1.0001267631869541,1.192690400002048e-05,True
118,0.070542,224.395,0.095,107000,2.1,0.000318,0.025,fp16,3.5,100.4,2.6281,2.8341,17.02,0.917,9.5e+19,9.497563254e+19,1.0002565653878615,2.4367460000006143e-05,True
119,0.070542,226.492,0.0959,108000,2.1,0.000318,0.025,bf16,3.6,100.4,2.7444,2.8338,17.01,1.169,9.59e+19,9.586319198399998e+19,1.0003839640141148,3.680801600002458e-05,True
120,0.070542,228.59,0.0968,109000,2.1,0.000318,0.044,bf16,3.6,100.4,2.6349,2.8331,17.0,1.311,9.68e+19,9.675117467999999e+19,1.0005046483431492,4.882532000001229e-05,True
121,0.070542,230.687,0.0976,110000,2.1,0.000318,0.082,fp16,3.6,100.4,2.6255,2.8324,16.99,0.922,9.76e+19,9.763873412399999e+19,0.9996032914155688,3.8734123999985666e-05,True
122,0.070542,232.784,0.0985,111000,2.1,0.000318,0.089,fp16,3.7,100.4,2.6842,2.8314,16.97,1.256,9.85e+19,9.852629356799998e+19,0.9997331314611786,2.6293567999983616e-05,True
123,0.070542,234.881,0.0994,112000,2.1,0.000318,0.053,bf16,3.7,100.4,2.6201,2.8311,16.96,11.145,9.94e+19,9.941385301199998e+19,0.9998606531023567,1.3853011999981567e-05,True
124,0.070542,236.978,0.1003,113000,2.1,0.000318,0.066,bf16,3.7,100.4,2.6836,2.83,16.94,1.151,1.003e+20,1.00301412456e+20,0.9999859178852479,1.412455999995904e-06,True
125,0.070542,239.075,0.1012,114000,2.1,0.000318,0.063,bf16,3.8,100.4,2.6874,2.8297,16.94,0.701,1.012e+20,1.0118897189999998e+20,1.0001089851966372,1.1028100000022528e-05,True
126,0.070542,241.172,0.1021,115000,2.1,0.000318,0.052,bf16,3.8,100.4,2.6083,2.8293,16.93,0.905,1.021e+20,1.0207653134399998e+20,1.0002299123578262,2.3468656000024575e-05,True
127,0.070542,243.27,0.103,116000,2.1,0.000318,0.066,bf16,3.8,100.4,2.642,2.8281,16.91,1.063,1.03e+20,1.0296451403999999e+20,1.0003446426211096,3.548596000001229e-05,True
128,0.070542,245.367,0.1039,117000,2.1,0.000318,0.035,fp16,3.9,100.4,2.7125,2.8275,16.9,0.983,1.039e+20,1.0385207348399999e+20,1.000461488291877,4.792651600001434e-05,True
129,0.070542,247.464,0.1047,118000,2.1,0.000318,0.078,fp16,3.9,100.4,2.7472,2.827,16.89,0.958,1.047e+20,1.0473963292799998e+20,0.9996216052425233,3.9632927999983616e-05,True
130,0.070542,249.561,0.1056,119000,2.1,0.000318,0.039,bf16,3.9,100.4,2.6935,2.8263,16.88,1.224,1.056e+20,1.0562719237199998e+20,0.999742562768267,2.719237199998157e-05,True
131,0.070542,251.658,0.1065,120000,2.1,0.000318,0.095,bf16,4.0,100.4,2.7254,2.8255,16.87,1.144,1.065e+20,1.0651475181599998e+20,0.9998615044794409,1.475181599997952e-05,True
132,0.070542,253.755,0.1074,121000,2.1,0.000318,0.044,bf16,4.0,100.4,2.759,2.8251,16.86,1.122,1.074e+20,1.0740231125999998e+20,0.9999784803513736,2.311259999977472e-06,True
133,0.070542,255.853,0.1083,122000,2.1,0.000318,0.026,fp16,4.0,100.4,2.6884,2.8243,16.85,1.447,1.083e+20,1.0829029395599999e+20,1.0000896298610469,9.70604400001024e-06,True
134,0.070542,257.95,0.1092,123000,2.1,0.000318,0.074,fp16,4.1,100.4,2.6145,2.824,16.84,1.404,1.092e+20,1.0917785339999997e+20,1.0002028488316115,2.2146600000028673e-05,True
135,0.070542,260.047,0.1101,124000,2.1,0.000318,0.096,fp16,4.1,100.4,2.6783,2.8232,16.83,1.017,1.101e+20,1.10065412844e+20,1.0003142418231694,3.458715599999795e-05,True
136,0.070542,262.144,0.111,125000,2.1,0.000318,0.012,fp16,4.1,100.4,2.6472,2.823,16.83,6.122,1.11e+20,1.1095297228799998e+20,1.0004238526560418,4.702771200001638e-05,True
137,0.070542,264.241,0.1118,126000,2.1,0.000318,0.063,bf16,4.1,100.4,2.6347,2.822,16.81,0.623,1.118e+20,1.1184053173199998e+20,0.9996375935327534,4.0531731999981566e-05,True
138,0.070542,266.338,0.1127,127000,2.1,0.000318,0.096,bf16,4.2,100.4,2.726,2.8215,16.8,2.001,1.127e+20,1.12728091176e+20,0.9997508058931279,2.8091175999995904e-05,True
139,0.070542,268.435,0.1136,128000,2.1,0.000318,0.077,bf16,4.2,100.4,2.675,2.8212,16.8,0.635,1.136e+20,1.1361565061999998e+20,0.9998622494355789,1.5650619999977473e-05,True
140,0.070542,270.533,0.1145,129000,2.1,0.000318,0.099,bf16,4.2,100.4,2.7152,2.8202,16.78,1.251,1.145e+20,1.1450363331599999e+20,0.9999682689894218,3.63331599998976e-06,True
141,0.070542,272.63,0.1154,130000,2.1,0.000318,0.07,bf16,4.3,100.4,2.7297,2.8199,16.78,0.853,1.154e+20,1.1539119275999999e+20,1.0000763250625058,8.807240000012287e-06,True
142,0.070542,274.727,0.1163,131000,2.1,0.000318,0.058,bf16,4.3,100.4,2.6983,2.8196,16.77,0.801,1.163e+20,1.1627875220399997e+20,1.0001827315446485,2.124779600003072e-05,True
143,0.070542,276.824,0.1172,132000,2.1,0.000318,0.072,bf16,4.3,100.4,2.7394,2.8185,16.75,0.971,1.172e+20,1.1716631164799998e+20,1.0002875259238442,3.368835200001638e-05,True
144,0.070542,278.921,0.1181,133000,2.1,0.000318,0.076,bf16,4.4,100.4,2.6436,2.8183,16.75,1.72,1.181e+20,1.1805387109199998e+20,1.0003907445607105,4.612890800001843e-05,True
145,0.070542,281.018,0.1189,134000,2.1,0.000318,0.099,fp16,4.4,100.4,2.6764,2.8178,16.74,7.208,1.189e+20,1.1894143053599996e+20,0.9996516727954821,4.143053599996314e-05,True
146,0.070542,283.116,0.1198,135000,2.1,0.000318,0.064,bf16,4.4,100.4,2.6869,2.8173,16.73,1.251,1.198e+20,1.1982941323199998e+20,0.9997545407992358,2.9413231999975425e-05,True
147,0.070542,285.213,0.1207,136000,2.1,0.000318,0.089,fp16,4.5,100.4,2.6393,2.8164,16.72,1.019,1.207e+20,1.2071697267599999e+20,0.9998594010798668,1.697267599998976e-05,True
148,0.070542,287.31,0.1216,137000,2.1,0.000318,0.045,bf16,4.5,100.4,2.5929,2.8159,16.71,1.022,1.216e+20,1.2160453211999999e+20,0.999962730665371,4.532119999987712e-06,True
149,0.070542,289.407,0.1225,138000,2.1,0.000318,0.043,bf16,4.5,100.4,2.6849,2.8157,16.7,0.631,1.225e+20,1.2249209156399997e+20,1.0000645628293146,7.90843600003072e-06,True
150,0.070542,291.504,0.1234,139000,2.1,0.000318,0.013,bf16,4.6,100.4,2.6264,2.8152,16.7,0.992,1.234e+20,1.2337965100799998e+20,1.00016492988782,2.0348992000016384e-05,True
151,0.070542,293.601,0.1243,140000,2.1,0.000318,0.024,fp16,4.6,100.4,2.6214,2.8146,16.69,0.769,1.243e+20,1.2426721045199998e+20,1.0002638632337586,3.278954800001843e-05,True
152,0.070542,295.698,0.1252,141000,2.1,0.000318,0.064,fp16,4.6,100.4,2.6762,2.8142,16.68,8.205,1.252e+20,1.2515476989599998e+20,1.0003613933694864,4.523010400002048e-05,True
153,0.070542,297.796,0.126,142000,2.1,0.000318,0.09,bf16,4.7,100.4,2.6996,2.8135,16.67,0.966,1.26e+20,1.2604275259199998e+20,0.9996608088039908,4.275259199997542e-05,True
154,0.070542,299.893,0.1269,143000,2.1,0.000318,0.084,bf16,4.7,100.4,2.7356,2.8131,16.66,1.056,1.2690000000000002e+20,1.2693031203599997e+20,0.9997611915112021,3.0312035999956993e-05,True
162,0.162405,0.134,0.0001,64,2.09,0.000292,0.062,bf16,0.0,152.3,4.3629,4.5235,92.16,1.068,1e+17,1.3057362e+17,0.7658514790353519,3.057362e-05,True
163,0.162405,0.268,0.0003,128,2.09,0.000292,0.013,fp16,0.0,152.3,3.8711,4.1397,62.79,0.966,3e+17,2.6114724e+17,1.1487772185530278,3.885276e-05,True
164,0.162405,0.537,0.0005,256,2.1,0.000292,0.033,fp16,0.0,152.3,3.7306,3.8226,45.72,1.234,5e+17,5.2326891000000006e+17,0.9555316405096568,2.3268910000000065e-05,True
165,0.162405,1.074,0.001,512,2.1,0.000292,0.057,bf16,0.0,152.3,3.3444,3.5629,35.26,1.29,1e+18,1.0465378200000001e+18,0.9555316405096568,4.653782000000013e-05,True
166,0.162405,2.097,0.002,1000,2.1,0.000292,0.064,bf16,0.1,152.3,3.2267,3.3548,28.64,0.746,2e+18,2.04337971e+18,0.9787706074462293,4.337971e-05,True
167,0.162405,4.194,0.0041,2000,2.1,0.000292,0.065,fp16,0.2,152.3,2.9947,3.1771,23.98,0.724,4.1000000000000005e+18,4.08675942e+18,1.0032398726323852,1.3240580000000512e-05,True
168,0.162405,6.291,0.0061,3000,2.1,0.000292,0.049,fp16,0.2,152.3,2.9252,3.0883,21.94,8.649,6.1e+18,6.13013913e+18,0.9950834509036666,3.013913e-05,True
169,0.162405,8.389,0.0082,4000,2.1,0.000292,0.042,fp16,0.3,152.3,2.8517,3.0304,20.7,0.782,8.200000000000001e+18,8.174493269999999e+18,1.0031202827083618,2.550673000000205e-05,True
170,0.162405,10.486,0.0102,5000,2.1,0.000292,0.052,fp16,0.4,152.3,2.7538,2.9888,19.86,1.264,1.02e+19,1.021787298e+19,0.9982508120785036,1.787298e-05,True
171,0.162405,12.583,0.0123,6000,2.1,0.000292,0.015,bf16,0.5,152.3,2.7969,2.9568,19.24,0.497,1.23e+19,1.2261252690000001e+19,1.0031601428483405,3.874730999999898e-05,True
172,0.162405,14.68,0.0143,7000,2.1,0.000292,0.033,bf16,0.5,152.3,2.735,2.9311,18.75,0.768,1.43e+19,1.43046324e+19,0.9996761608498237,4.6324e-06,True
173,0.162405,16.777,0.0163,8000,2.1,0.000292,0.094,fp16,0.6,152.3,2.7712,2.9098,18.35,0.59,1.6299999999999998e+19,1.634801211e+19,0.9970631224348901,4.801211000000307e-05,True
174,0.162405,18.874,0.0184,9000,2.1,0.000292,0.066,bf16,0.7,152.3,2.6823,2.8916,18.02,1.284,1.84e+19,1.8391391819999998e+19,1.0004680548424096,8.608180000002048e-06,True
175,0.162405,20.972,0.0204,10000,2.1,0.000292,0.016,bf16,0.8,152.3,2.7827,2.8757,17.74,0.585,2.04e+19,2.043574596e+19,0.9982508120785036,3.574596e-05,True
176,0.162405,23.069,0.0225,11000,2.1,0.000292,0.045,bf16,0.8,152.3,2.7086,2.8619,17.5,1.916,2.25e+19,2.247912567e+19,1.000928609515621,2.0874329999998977e-05,True
177,0.162405,25.166,0.0245,12000,2.1,0.000292,0.088,bf16,0.9,152.3,2.7791,2.8494,17.28,1.193,2.45e+19,2.4522505380000002e+19,0.9990822560887944,2.2505380000002048e-05,True
178,0.162405,27.263,0.0266,13000,2.1,0.000292,0.094,bf16,1.0,152.3,2.6645,2.8385,17.09,1.048,2.66e+19,2.6565885090000003e+19,1.0012841623715687,3.4114909999996925e-05,True
179,0.162405,29.36,0.0286,14000,2.1,0.000292,0.016,fp16,1.1,152.3,2.6719,2.8281,16.91,0.969,2.86e+19,2.86092648e+19,0.9996761608498237,9.2648e-06,True
180,0.162405,31.457,0.0307,15000,2.1,0.000292,0.01,bf16,1.1,152.3,2.7286,2.8195,16.77,0.952,3.07e+19,3.065264451e+19,1.0015449071607687,4.7355489999998974e-05,True
181,0.162405,33.554,0.0327,16000,2.1,0.000292,0.057,bf16,1.2,152.3,2.6204,2.8106,16.62,0.773,3.27e+19,3.269602422e+19,1.0001215982705802,3.975779999997952e-06,True
182,0.162405,35.652,0.0347,17000,2.1,0.000292,0.097,bf16,1.3,152.3,2.64,2.8025,16.49,1.129,3.47e+19,3.474037836e+19,0.9988377109891673,4.037836e-05,True
183,0.162405,37.749,0.0368,18000,2.1,0.000292,0.041,bf16,1.4,152.3,2.6225,2.7952,16.37,1.2,3.68e+19,3.678375807e+19,1.0004415516753098,1.6241929999998977e-05,True
184,0.162405,39.846,0.0388,19000,2.1,0.000292,0.03,fp16,1.4,152.3,2.6239,2.7888,16.26,1.185,3.88e+19,3.882713778e+19,0.9993010615370681,2.7137779999997952e-05,True
185,0.162405,41.943,0.0409,20000,2.1,0.000292,0.06,fp16,1.5,152.3,2.5797,2.7823,16.16,0.696,4.09e+19,4.0870517489999995e+19,1.0007213637558472,2.948251000000512e-05,True
186,0.162405,44.04,0.0429,21000,2.1,0.000292,0.027,bf16,1.6,152.3,2.7107,2.7766,16.06,0.861,4.29e+19,4.29138972e+19,0.9996761608498237,1.38972e-05,True
187,0.162405,46.137,0.045,22000,2.1,0.000292,0.066,bf16,1.7,152.3,2.682,2.771,15.97,1.206,4.5e+19,4.495727691e+19,1.0009503042207277,4.272309000000307e-05,True
188,0.162405,48.234,0.047,23000,2.1,0.000292,0.035,fp16,1.7,152.3,2.6973,2.7656,15.89,0.808,4.7e+19,4.700065662e+19,0.9999860295568781,6.56620000002048e-07,True
189,0.162405,50.332,0.049,24000,2.1,0.000292,0.074,bf16,1.8,152.3,2.5905,2.7605,15.81,0.68,4.9e+19,4.9045010760000004e+19,0.9990822560887944,4.5010760000004096e-05,True
190,0.162405,52.429,0.0511,25000,2.1,0.000292,0.053,bf16,1.9,152.3,2.5846,2.7557,15.73,0.827,5.11e+19,5.108839047e+19,1.0002272439960076,1.1609529999998977e-05,True
191,0.162405,54.526,0.0531,26000,2.1,0.000292,0.069,fp16,2.0,152.3,2.5332,2.7514,15.66,1.1,5.31e+19,5.313177018000001e+19,0.9994020492844041,3.177018000000614e-05,True
192,0.162405,56.623,0.0552,27000,2.1,0.000292,0.098,bf16,2.0,152.3,2.6402,2.7474,15.6,10.559,5.52e+19,5.5175149889999995e+19,1.0004503859083218,2.485011000000512e-05,True
193,0.162405,58.72,0.0572,28000,2.1,0.000292,0.086,fp16,2.1,152.3,2.6418,2.7432,15.54,1.552,5.72e+19,5.72185296e+19,0.9996761608498237,1.85296e-05,True
194,0.162405,60.817,0.0593,29000,2.1,0.000292,0.066,bf16,2.2,152.3,2.6636,2.7391,15.47,1.061,5.93e+19,5.926190931e+19,1.0006427516501493,3.8090690000003073e-05,True
195,0.162405,62.915,0.0613,30000,2.1,0.000292,0.058,bf16,2.3,152.3,2.6212,2.7356,15.42,0.598,6.13e+19,6.130626345e+19,0.9998978334407037,6.263449999998976e-06,True
196,0.162405,65.012,0.0633,31000,2.1,0.000292,0.064,bf16,2.4,152.3,2.5374,2.7321,15.37,1.148,6.329999999999999e+19,6.334964316e+19,0.9992163624367286,4.964316000001229e-05,True
197,0.162405,67.109,0.0654,32000,2.1,0.000292,0.068,bf16,2.4,152.3,2.667,2.7285,15.31,0.852,6.54e+19,6.539302286999999e+19,1.0001066953276327,6.977130000007168e-06,True
198,0.162405,69.206,0.0674,33000,2.1,0.000292,0.029,bf16,2.5,152.3,2.5826,2.7254,15.26,1.114,6.74e+19,6.743640258000001e+19,0.9994601939218685,3.640258000000614e-05,True
199,0.162405,71.303,0.0695,34000,2.1,0.000292,0.057,bf16,2.6,152.3,2.5326,2.7222,15.21,0.79,6.950000000000001e+19,6.9479782289999995e+19,1.0002909869509324,2.021771000001331e-05,True
200,0.162405,73.4,0.0715,35000,2.1,0.000292,0.026,bf16,2.7,152.3,2.5482,2.719,15.16,1.451,7.149999999999999e+19,7.152316200000001e+19,0.9996761608498235,2.3162000000016384e-05,True
201,0.162405,75.497,0.0736,36000,2.1,0.000292,0.046,bf16,2.7,152.3,2.6415,2.7163,15.12,1.237,7.36e+19,7.356654171e+19,1.0004548030833351,3.3458290000003074e-05,True
202,0.162405,77.595,0.0756,37000,2.1,0.000292,0.073,bf16,2.8,152.3,2.539,2.7135,15.08,0.72,7.56e+19,7.561089584999999e+19,0.9998558957690225,1.0895849999990784e-05,True
203,0.162405,79.692,0.0777,38000,2.1,0.000292,0.083,bf16,2.9,152.3,2.5835,2.7109,15.04,0.742,7.77e+19,7.765427556e+19,1.000588820636987,4.5724440000004094e-05,True
204,0.162405,81.789,0.0797,39000,2.1,0.000292,0.08,bf16,3.0,152.3,2.5927,2.7082,15.0,0.969,7.97e+19,7.969765527e+19,1.0000294203134592,2.344729999998976e-06,True
205,0.162405,83.886,0.0817,40000,2.1,0.000292,0.087,fp16,3.0,152.3,2.6326,2.7053,14.96,8.879,8.17e+19,8.174103497999999e+19,0.9994979880055345,4.103497999998976e-05,True
206,0.162405,85.983,0.0838,41000,2.1,0.000292,0.085,bf16,3.1,152.3,2.5412,2.7029,14.92,1.946,8.38e+19,8.378441469000001e+19,1.0001860168153904,1.5585309999988737e-05,True
207,0.162405,88.08,0.0858,42000,2.1,0.000292,0.056,fp16,3.2,152.3,2.5356,2.7007,14.89,0.681,8.58e+19,8.58277944e+19,0.9996761608498237,2.77944e-05,True
208,0.162405,90.178,0.0879,43000,2.1,0.000292,0.022,bf16,3.3,152.3,2.6137,2.6984,14.86,6.908,8.79e+19,8.787214854e+19,1.0003169543531456,2.7851460000006142e-05,True
209,0.162405,92.275,0.0899,44000,2.1,0.000292,0.035,bf16,3.3,152.3,2.5719,2.6961,14.82,0.799,8.99e+19,8.991552825e+19,0.9998273017986746,1.5528249999998975e-05,True
210,0.162405,94.372,0.092,45000,2.1,0.000292,0.057,fp16,3.4,152.3,2.6397,2.6945,14.8,0.615,9.2e+19,9.195890796e+19,1.0004468521963947,4.10920399999959e-05,True
211,0.162405,96.469,0.094,46000,2.1,0.000292,0.034,bf16,3.5,152.3,2.5054,2.6918,14.76,8.94,9.4e+19,9.400228767e+19,0.9999756636773774,2.287669999992832e-06,True
212,0.162405,98.566,0.096,47000,2.1,0.000292,0.06,bf16,3.6,152.3,2.4834,2.6898,14.73,11.948,9.6e+19,9.604566738e+19,0.9995245243096774,4.5667379999997955e-05,True
213,0.162405,100.663,0.0981,48000,2.1,0.000292,0.054,bf16,3.6,152.3,2.5685,2.6878,14.7,0.801,9.81e+19,9.808904709e+19,1.0001116629259326,1.0952909999996927e-05,True
214,0.162405,102.76,0.1001,49000,2.1,0.000292,0.044,bf16,3.7,152.3,2.5031,2.6858,14.67,0.963,1.001e+20,1.001324268e+20,0.9996761608498237,3.242680000000819e-05,True
215,0.162405,104.858,0.1022,50000,2.1,0.000292,0.019,bf16,3.8,152.3,2.6246,2.6837,14.64,0.946,1.022e+20,1.0217678094e+20,1.0002272439960076,2.3219059999997953e-05,True
216,0.162405,106.955,0.1042,51000,2.1,0.000292,0.046,bf16,3.9,152.3,2.4809,2.682,14.61,11.218,1.042e+20,1.0422016064999999e+20,0.9998065571010997,2.0160649999990782e-05,True
217,0.162405,109.052,0.1063,52000,2.1,0.000292,0.037,fp16,3.9,152.3,2.4988,2.68,14.58,1.398,1.063e+20,1.0626354036000001e+20,1.0003431058279864,3.645963999998771e-05,True
218,0.162405,111.149,0.1083,53000,2.1,0.000292,0.078,bf16,4.0,152.3,2.6048,2.6783,14.56,0.994,1.083e+20,1.0830692007e+20,0.9999361068526782,6.920070000001024e-06,True
219,0.162405,113.246,0.1104,54000,2.1,0.000292,0.083,bf16,4.1,152.3,2.6092,2.6765,14.53,0.957,1.104e+20,1.1035029977999999e+20,1.0004503859083218,4.970022000001024e-05,True
220,0.162405,115.343,0.1124,55000,2.1,0.000292,0.08,fp16,4.2,152.3,2.5993,2.6749,14.51,0.974,1.124e+20,1.1239367949000001e+20,1.0000562354576223,6.320509999988736e-06,True
221,0.162405,117.441,0.1144,56000,2.1,0.000292,0.055,fp16,4.2,152.3,2.4875,2.6736,14.49,1.139,1.144e+20,1.1443803363e+20,0.9996676486934145,3.803363000000512e-05,True
222,0.162405,119.538,0.1165,57000,2.1,0.000292,0.056,fp16,4.3,152.3,2.5982,2.6713,14.46,0.731,1.165e+20,1.1648141334e+20,1.0001595676036807,1.8586660000006143e-05,True
223,0.162405,121.635,0.1185,58000,2.1,0.000292,0.099,fp16,4.4,152.3,2.5945,2.6702,14.44,1.007,1.185e+20,1.1852479305e+20,0.9997908197149137,2.4793049999998975e-05,True
224,0.162405,123.732,0.1206,59000,2.1,0.000292,0.021,fp16,4.5,152.3,2.5925,2.6683,14.41,1.056,1.206e+20,1.2056817276e+20,1.0002639771282207,3.18272399999959e-05,True
225,0.162405,125.829,0.1226,60000,2.1,0.000292,0.054,bf16,4.5,152.3,2.56,2.6669,14.4,0.977,1.226e+20,1.2261155247e+20,0.9999057799223053,1.1552469999992832e-05,True
226,0.162405,127.926,0.1247,61000,2.1,0.000292,0.091,bf16,4.6,152.3,2.5201,2.6657,14.38,0.865,1.247e+20,1.2465493218e+20,1.0003615406082362,4.506782000000205e-05,True
227,0.162405,130.023,0.1267,62000,2.1,0.000292,0.085,bf16,4.7,152.3,2.6088,2.6641,14.35,1.471,1.267e+20,1.2669831189e+20,1.0000133238555022,1.688109999996928e-06,True
228,0.162405,132.121,0.1287,63000,2.1,0.000292,0.059,bf16,4.8,152.3,2.4716,2.6625,14.33,1.185,1.2870000000000002e+20,1.2874266603000001e+20,0.9996685944814125,4.266602999999693e-05,True
229,0.162405,134.218,0.1308,64000,2.1,0.000292,0.099,bf16,4.9,152.3,2.5114,2.6611,14.31,0.701,1.308e+20,1.3078604573999999e+20,1.0001066953276327,1.3954260000014335e-05,True
230,0.162405,136.315,0.1328,65000,2.1,0.000292,0.094,fp16,4.9,152.3,2.5623,2.66,14.3,0.81,1.328e+20,1.3282942544999999e+20,0.9997784719018372,2.9425449999990786e-05,True
231,0.162405,138.412,0.1349,66000,2.1,0.000292,0.022,bf16,5.0,152.3,2.5289,2.6584,14.27,1.519,1.349e+20,1.3487280516000001e+20,1.0002016332348669,2.7194839999987713e-05,True
232,0.162405,140.509,0.1369,67000,2.1,0.000292,0.044,fp16,5.1,152.3,2.4639,2.6573,14.26,1.029,1.369e+20,1.3691618486999998e+20,0.9998817899431294,1.618486999998464e-05,True
233,0.162405,142.606,0.139,68000,2.1,0.000292,0.021,fp16,5.2,152.3,2.4522,2.656,14.24,0.768,1.3900000000000002e+20,1.3895956457999999e+20,1.0002909869509324,4.043542000002662e-05,True
234,0.162405,144.703,0.141,69000,2.1,0.000292,0.041,bf16,5.2,152.3,2.5034,2.6546,14.22,0.761,1.4099999999999998e+20,1.4100294429e+20,0.9999791189466657,2.944290000011264e-06,True
235,0.162405,146.801,0.143,70000,2.1,0.000292,0.028,fp16,5.3,152.3,2.5164,2.6538,14.21,14.246,1.4299999999999998e+20,1.4304729842999999e+20,0.9996693511130995,4.729843000000512e-05,True
236,0.162405,148.898,0.1451,71000,2.1,0.000292,0.056,bf16,5.4,152.3,2.5497,2.6523,14.19,1.13,1.451e+20,1.4509067814e+20,1.00006424851079,9.321860000006145e-06,True
237,0.162405,150.995,0.1471,72000,2.1,0.000292,0.027,bf16,5.5,152.3,2.5025,2.6507,14.16,0.977,1.4710000000000002e+20,1.4713405785e+20,0.9997685250410567,3.405784999998259e-05,True
238,0.162405,153.092,0.1492,73000,2.1,0.000292,0.059,fp16,5.5,152.3,2.5301,2.6499,14.15,1.082,1.492e+20,1.4917743756000002e+20,1.000151245659994,2.256243999997952e-05,True
239,0.162405,155.189,0.1512,74000,2.1,0.000292,0.021,bf16,5.6,152.3,2.5601,2.6486,14.13,1.43,1.512e+20,1.5122081727e+20,0.9998623385961284,2.0817269999992833e-05,True
240,0.162405,157.286,0.1533,75000,2.1,0.000292,0.073,bf16,5.7,152.3,2.5051,2.6477,14.12,0.857,1.533e+20,1.5326419698e+20,1.0002336032857346,3.580302000000205e-05,True
241,0.162405,159.384,0.1553,76000,2.1,0.000292,0.048,fp16,5.8,152.3,2.493,2.6464,14.1,1.116,1.553e+20,1.5530855112e+20,0.9999449410870276,8.551119999991807e-06,True
242,0.162405,161.481,0.1574,77000,2.1,0.000292,0.059,bf16,5.8,152.3,2.4853,2.6454,14.09,7.89,1.574e+20,1.5735193083e+20,1.0003054882755265,4.806917000000307e-05,True
243,0.162405,163.578,0.1594,78000,2.1,0.000292,0.093,bf16,5.9,152.3,2.4558,2.6444,14.07,0.913,1.594e+20,1.5939531054e+20,1.0000294203134592,4.689459999997952e-06,True
244,0.162405,165.675,0.1614,79000,2.1,0.000292,0.024,bf16,6.0,152.3,2.587,2.6434,14.06,0.763,1.614e+20,1.6143869025e+20,0.9997603409074981,3.869025000000717e-05,True
245,0.162405,167.772,0.1635,80000,2.1,0.000292,0.064,bf16,6.1,152.3,2.5608,2.642,14.04,0.778,1.635e+20,1.6348206995999998e+20,1.0001096758806909,1.793004000002048e-05,True
246,0.162405,169.869,0.1655,81000,2.1,0.000292,0.022,bf16,6.1,152.3,2.5869,2.6411,14.03,0.871,1.655e+20,1.6552544967e+20,0.9998462492018555,2.544966999998464e-05,True
247,0.162405,171.966,0.1676,82000,2.1,0.000292,0.044,bf16,6.2,152.3,2.5449,2.6401,14.01,0.808,1.676e+20,1.6756882938000002e+20,1.0001860168153904,3.117061999997747e-05,True
248,0.162405,174.064,0.1696,83000,2.1,0.000292,0.057,fp16,6.3,152.3,2.5376,2.6391,14.0,0.48,1.696e+20,1.6961318352e+20,0.9999222730230848,1.3183519999983616e-05,True
249,0.162405,176.161,0.1717,84000,2.1,0.000292,0.058,bf16,6.4,152.3,2.4901,2.6385,13.99,0.886,1.717e+20,1.7165656323e+20,1.000253044621089,4.3436770000011264e-05,True
250,0.162405,178.258,0.1737,85000,2.1,0.000292,0.057,bf16,6.4,152.3,2.4717,2.6373,13.98,0.812,1.737e+20,1.7369994294e+20,1.0000003284975172,5.7060000006144e-08,True
251,0.162405,180.355,0.1757,86000,2.1,0.000292,0.034,bf16,6.5,152.3,2.5257,2.6361,13.96,0.695,1.757e+20,1.7574332265e+20,0.999753489069475,4.332264999999898e-05,True
252,0.162405,182.452,0.1778,87000,2.1,0.000292,0.046,bf16,6.6,152.3,2.5559,2.6355,13.95,1.501,1.778e+20,1.7778670236e+20,1.0000747954702094,1.3297639999995904e-05,True
253,0.162405,184.549,0.1798,88000,2.1,0.000292,0.03,fp16,6.7,152.3,2.4321,2.6347,13.94,0.93,1.798e+20,1.7983008207e+20,0.9998327194779998,3.0082070000009215e-05,True
254,0.162405,186.647,0.1819,89000,2.1,0.000292,0.043,bf16,6.7,152.3,2.4247,2.6337,13.92,0.935,1.819e+20,1.8187443621e+20,1.0001405573566726,2.5563789999996927e-05,True
255,0.162405,188.744,0.1839,90000,2.1,0.000292,0.03,bf16,6.8,152.3,2.5022,2.6324,13.91,1.089,1.839e+20,1.8391781592e+20,0.9999031310810707,1.781592000000819e-05,True
256,0.162405,190.841,0.186,91000,2.1,0.000292,0.052,bf16,6.9,152.3,2.5197,2.6317,13.9,1.437,1.86e+20,1.8596119563e+20,1.0002086691789034,3.880436999998669e-05,True
257,0.162405,192.938,0.188,92000,2.1,0.000292,0.046,fp16,7.0,152.3,2.4688,2.6311,13.89,0.979,1.88e+20,1.8800457534e+20,0.9999756636773774,4.575339999985664e-06,True
258,0.162405,195.035,0.19,93000,2.1,0.000292,0.032,bf16,7.1,152.3,2.5499,2.6299,13.87,8.375,1.9e+20,1.9004795505e+20,0.9997476686871618,4.7955049999990785e-05,True
259,0.162405,197.132,0.1921,94000,2.1,0.000292,0.041,fp16,7.1,152.3,2.5124,2.6292,13.86,0.936,1.921e+20,1.9209133476e+20,1.000045109999422,8.665240000004095e-06,True
260,0.162405,199.229,0.1941,95000,2.1,0.000292,0.059,bf16,7.2,152.3,2.5068,2.6284,13.85,0.61,1.941e+20,1.9413471447e+20,0.999821183603897,3.471447000000102e-05,True
261,0.162405,201.327,0.1962,96000,2.1,0.000292,0.062,bf16,7.3,152.3,2.5443,2.6274,13.84,1.4,1.962e+20,1.9617906861e+20,1.0001066953276325,2.093139000000512e-05,True
262,0.162405,203.424,0.1982,97000,2.1,0.000292,0.075,fp16,7.4,152.3,2.5137,2.6267,13.83,1.346,1.982e+20,1.9822244832e+20,0.9998867518780529,2.244832e-05,True
263,0.162405,205.521,0.2003,98000,2.1,0.000292,0.047,bf16,7.4,152.3,2.42,2.6254,13.81,2.023,2.003e+20,2.0026582802999997e+20,1.0001706330547562,3.417197000002765e-05,True
264,0.162405,207.618,0.2023,99000,2.1,0.000292,0.011,bf16,7.5,152.3,2.4176,2.6249,13.8,0.903,2.023e+20,2.0230920774e+20,0.9999544867972008,9.20774000001024e-06,True
265,0.162405,209.715,0.2044,100000,2.1,0.000292,0.057,bf16,7.6,152.3,2.4437,2.6243,13.79,0.999,2.044e+20,2.0435258745e+20,1.0002320134557219,4.741254999998464e-05,True
266,0.162405,211.812,0.2064,101000,2.1,0.000292,0.076,bf16,7.7,152.3,2.4571,2.6234,13.78,0.88,2.064e+20,2.0639596716000002e+20,1.0000195393352664,4.03283999997952e-06,True
267,0.162405,213.91,0.2084,102000,2.1,0.000292,0.05,bf16,7.7,152.3,2.5603,2.623,13.78,0.928,2.084e+20,2.0844032129999998e+20,0.9998065571010997,4.0321299999981565e-05,True
268,0.162405,216.007,0.2105,103000,2.1,0.000292,0.02,fp16,7.8,152.3,2.4867,2.6218,13.76,0.926,2.105e+20,2.1048370101000002e+20,1.0000774358770859,1.6298989999980546e-05,True
269,0.162405,218.104,0.2125,104000,2.1,0.000292,0.018,bf16,7.9,152.3,2.5427,2.6212,13.75,1.203,2.125e+20,2.1252708072000002e+20,0.9998725775561953,2.7080720000024575e-05,True
270,0.162405,220.201,0.2146,105000,2.1,0.000292,0.05,fp16,8.0,152.3,2.4661,2.6206,13.74,0.698,2.146e+20,2.1457046043e+20,1.0001376683907972,2.9539570000003072e-05,True
271,0.162405,222.298,0.2166,106000,2.1,0.000292,0.013,bf16,8.0,152.3,2.4444,2.62,13.74,1.241,2.166e+20,2.1661384014e+20,0.9999361068526782,1.3840140000002047e-05,True
272,0.162405,224.395,0.2187,107000,2.1,0.000292,0.024,bf16,8.1,152.3,2.4825,2.6189,13.72,0.64,2.187e+20,2.1865721985e+20,1.000195649382304,4.2780149999992835e-05,True
273,0.162405,226.492,0.2207,108000,2.1,0.000292,0.021,fp16,8.2,152.3,2.452,2.6186,13.72,2.22,2.207e+20,2.2070059955999998e+20,0.9999972833784722,5.9955999997952e-07,True
274,0.162405,228.59,0.2227,109000,2.1,0.000292,0.067,fp16,8.3,152.3,2.467,2.6177,13.7,1.065,2.227e+20,2.227449537e+20,0.9997981830822504,4.495370000000614e-05,True
275,0.162405,230.687,0.2248,110000,2.1,0.000292,0.04,bf16,8.3,152.3,2.4854,2.6169,13.69,1.001,2.248e+20,2.2478833341e+20,1.0000519003358537,1.1666589999988737e-05,True
276,0.162405,232.784,0.2268,111000,2.1,0.000292,0.046,bf16,8.4,152.3,2.4583,2.6164,13.69,0.837,2.268e+20,2.2683171311999998e+20,0.9998601909778674,3.1713119999983616e-05,True
277,0.162405,234.881,0.2289,112000,2.1,0.000292,0.09,bf16,8.5,152.3,2.4558,2.6157,13.68,0.76,2.289e+20,2.2887509283e+20,1.00010882429229,2.4907170000011264e-05,True
278,0.162405,236.978,0.2309,113000,2.1,0.000292,0.047,fp16,8.6,152.3,2.4732,2.6149,13.67,0.822,2.309e+20,2.3091847254e+20,0.9999200040611874,1.8472539999993856e-05,True
279,0.162405,239.075,0.233,114000,2.1,0.000292,0.077,bf16,8.6,152.3,2.4095,2.6143,13.66,1.265,2.33e+20,2.3296185225e+20,1.0001637510589463,3.814775000000102e-05,True
280,0.162405,241.172,0.235,115000,2.1,0.000292,0.091,fp16,8.7,152.3,2.4229,2.6136,13.65,0.51,2.35e+20,2.3500523196e+20,0.999977736836085,5.231960000004096e-06,True
281,0.162405,243.27,0.237,116000,2.1,0.000292,0.014,fp16,8.8,152.3,2.4085,2.613,13.64,1.146,2.37e+20,2.370495861e+20,0.9997908197149137,4.958609999999795e-05,True
282,0.162405,245.367,0.2391,117000,2.1,0.000292,0.076,bf16,8.9,152.3,2.499,2.6125,13.63,1.465,2.391e+20,2.3909296581e+20,1.0000294203134592,7.034189999996928e-06,True
283,0.162405,247.464,0.2411,118000,2.1,0.000292,0.011,bf16,8.9,152.3,2.421,2.612,13.63,0.423,2.411e+20,2.4113634552e+20,0.999849273986791,3.6345520000008193e-05,True
284,0.162405,249.561,0.2432,119000,2.1,0.000292,0.034,bf16,9.0,152.3,2.4121,2.6109,13.61,0.728,2.432e+20,2.4317972523e+20,1.0000833736035388,2.0274769999986687e-05,True
285,0.162405,251.658,0.2452,120000,2.1,0.000292,0.077,bf16,9.1,152.3,2.4988,2.6108,13.61,13.318,2.452e+20,2.4522310494e+20,0.9999057799223053,2.3104939999985664e-05,True
286,0.162405,253.755,0.2473,121000,2.1,0.000292,0.025,bf16,9.2,152.3,2.4903,2.6096,13.59,1.416,2.473e+20,2.4726648465e+20,1.0001355434402985,3.351535000000921e-05,True
287,0.162405,255.853,0.2493,122000,2.1,0.000292,0.086,fp16,9.2,152.3,2.5008,2.6092,13.59,1.887,2.493e+20,2.4931083879000002e+20,0.9999565249948513,1.0838790000017408e-05,True
288,0.162405,257.95,0.2514,123000,2.1,0.000292,0.063,bf16,9.3,152.3,2.4392,2.6088,13.58,0.732,2.514e+20,2.513542185e+20,1.000182139373961,4.578150000001024e-05,True
289,0.162405,260.047,0.2534,124000,2.1,0.000292,0.066,bf16,9.4,152.3,2.5,2.6081,13.57,1.362,2.534e+20,2.5339759821000003e+20,1.0000094783455602,2.401789999972352e-06,True
290,0.162405,262.144,0.2554,125000,2.1,0.000292,0.087,bf16,9.5,152.3,2.4641,2.6074,13.56,0.71,2.554e+20,2.5544097792e+20,0.9998395796933849,4.097792e-05,True
291,0.162405,264.241,0.2575,126000,2.1,0.000292,0.075,bf16,9.6,152.3,2.4505,2.6069,13.56,7.375,2.575e+20,2.5748435762999997e+20,1.0000607507583916,1.564237000002765e-05,True
292,0.162405,266.338,0.2595,127000,2.1,0.000292,0.044,bf16,9.6,152.3,2.4794,2.6063,13.55,0.875,2.595e+20,2.5952773734e+20,0.9998931237936866,2.773734000001024e-05,True
293,0.162405,268.435,0.2616,128000,2.1,0.000292,0.022,bf16,9.7,152.3,2.4256,2.6057,13.54,1.31,2.616e+20,2.6157111705e+20,1.000110421021731,2.888294999998464e-05,True
294,0.162405,270.533,0.2636,129000,2.1,0.000292,0.013,bf16,9.8,152.3,2.4592,2.6053,13.54,0.749,2.636e+20,2.6361547119e+20,0.9999413115249641,1.5471190000009217e-05,True
295,0.162405,272.63,0.2657,130000,2.1,0.000292,0.047,fp16,9.9,152.3,2.4411,2.6047,13.53,0.931,2.657e+20,2.6565885089999998e+20,1.0001548945192702,4.1149100000018434e-05,True
296,0.162405,274.727,0.2677,131000,2.1,0.000292,0.069,fp16,9.9,152.3,2.4437,2.604,13.52,0.851,2.677e+20,2.6770223061e+20,0.9999916675703638,2.230609999986688e-06,True
297,0.162405,276.824,0.2697,132000,2.1,0.000292,0.092,bf16,10.0,152.3,2.43,2.6037,13.51,0.716,2.697e+20,2.6974561032000002e+20,0.9998309135783677,4.561032000002458e-05,True
298,0.162405,278.921,0.2718,133000,2.1,0.000292,0.045,fp16,10.1,152.3,2.5335,2.603,13.5,1.083,2.718e+20,2.7178899003e+20,1.0000405092568274,1.1009970000003072e-05,True
299,0.162405,281.018,0.2738,134000,2.1,0.000292,0.017,bf16,10.2,152.3,2.4425,2.6026,13.5,1.65,2.738e+20,2.7383236973999997e+20,0.9998817899431294,3.236973999996928e-05,True
300,0.162405,283.116,0.2759,135000,2.1,0.000292,0.049,bf16,10.2,152.3,2.5355,2.602,13.49,1.559,2.7589999999999997e+20,2.7587672388e+20,1.0000843714528453,2.3276119999971327e-05,True
301,0.162405,285.213,0.2779,136000,2.1,0.000292,0.095,bf16,10.3,152.3,2.5454,2.6013,13.48,0.681,2.7789999999999997e+20,2.7792010359000003e+20,0.9999276641389364,2.010359000006656e-05,True
302,0.162405,287.31,0.28,137000,2.1,0.000292,0.043,bf16,10.4,152.3,2.5067,2.6008,13.47,0.665,2.8000000000000003e+20,2.799634833e+20,1.000130433796471,3.6516700000026626e-05,True
303,0.162405,289.407,0.282,138000,2.1,0.000292,0.044,fp16,10.5,152.3,2.4101,2.6005,13.47,0.948,2.8199999999999997e+20,2.8200686300999998e+20,0.9999756636773773,6.863010000011264e-06,True
304,0.162405,291.504,0.2841,139000,2.1,0.000292,0.045,bf16,10.5,152.3,2.404,2.5999,13.46,1.0,2.8410000000000003e+20,2.8405024272000002e+20,1.0001751707005195,4.975728000001638e-05,True
305,0.162405,293.601,0.2861,140000,2.1,0.000292,0.07,bf16,10.6,152.3,2.5195,2.5993,13.45,0.833,2.8610000000000003e+20,2.8609362243e+20,1.0000222918985255,6.377570000044032e-06,True
306,0.162405,295.698,0.2881,141000,2.1,0.000292,0.082,bf16,10.7,152.3,2.4744,2.5989,13.45,1.315,2.8810000000000003e+20,2.8813700214e+20,0.9998715814361739,3.700213999996109e-05,True
307,0.162405,297.796,0.2902,142000,2.1,0.000292,0.056,fp16,10.8,152.3,2.4803,2.5985,13.44,0.618,2.902e+20,2.9018135628e+20,1.00006424851079,1.864372000001229e-05,True
308,0.162405,299.893,0.2922,143000,2.1,0.000292,0.091,bf16,10.8,152.3,2.4393,2.5978,13.43,0.865,2.922e+20,2.9222473598999996e+20,0.9999153528536311,2.4735989999960065e-05,True
316,0.409009,0.134,0.0003,64,2.09,0.000266,0.076,fp16,0.0,241.7,4.0482,4.3461,77.18,0.544,3e+17,3.28843236e+17,0.912288796476872,2.8843236e-05,True
317,0.409009,0.268,0.0007,128,2.09,0.000266,0.035,bf16,0.0,241.7,3.8798,3.9625,52.59,0.843,7e+17,6.57686472e+17,1.0643369292230174,4.2313528e-05,True
318,0.409009,0.537,0.0013,256,2.1,0.000266,0.039,bf16,0.0,241.7,3.4633,3.6458,38.31,1.009,1.3e+18,1.317826998e+18,0.9864724292133527,1.7826998e-05,True
319,0.409009,1.074,0.0026,512,2.1,0.000266,0.079,fp16,0.1,241.7,3.3153,3.3856,29.54,0.987,2.6e+18,2.635653996e+18,0.9864724292133527,3.5653996e-05,True
320,0.409009,2.097,0.0051,1000,2.1,0.000266,0.022,bf16,0.2,241.7,2.955,3.1777,23.99,1.233,5.1e+18,5.146151238e+18,0.9910318924054909,4.6151238e-05,True
321,0.409009,4.194,0.0103,2000,2.1,0.000266,0.095,fp16,0.4,241.7,2.9201,2.9999,20.08,0.993,1.03e+19,1.0292302476e+19,1.000747891350643,7.697524e-06,True
322,0.409009,6.291,0.0154,3000,2.1,0.000266,0.05,bf16,0.6,241.7,2.8308,2.9109,18.37,1.24,1.54e+19,1.5438453714000001e+19,0.9975092250355921,3.845371400000102e-05,True
323,0.409009,8.389,0.0206,4000,2.1,0.000266,0.061,bf16,0.8,241.7,2.6728,2.8533,17.34,1.015,2.06e+19,2.0587059005999997e+19,1.0006285984800565,1.2940994000003072e-05,True
324,0.409009,10.486,0.0257,5000,2.1,0.000266,0.084,bf16,1.0,241.7,2.7489,2.8125,16.65,1.235,2.57e+19,2.5733210244000002e+19,0.9987094403035958,3.321024400000205e-05,True
325,0.409009,12.583,0.0309,6000,2.1,0.000266,0.089,fp16,1.1,241.7,2.7077,2.7799,16.12,0.735,3.09e+19,3.0879361482e+19,1.000668359610092,2.0638518000001025e-05,True
326,0.409009,14.68,0.036,7000,2.1,0.000266,0.073,bf16,1.3,241.7,2.6654,2.754,15.71,0.635,3.5999999999999996e+19,3.602551272e+19,0.9992918152144483,2.5512720000004095e-05,True
327,0.409009,16.777,0.0412,8000,2.1,0.000266,0.08,bf16,1.5,241.7,2.6689,2.733,15.38,0.93,4.12e+19,4.1171663958e+19,1.000688241360099,2.8336041999998976e-05,True
328,0.409009,18.874,0.0463,9000,2.1,0.000266,0.017,bf16,1.7,241.7,2.5567,2.7147,15.1,1.176,4.63e+19,4.631781519599999e+19,0.9996153705453376,1.7815195999993855e-05,True
329,0.409009,20.972,0.0515,10000,2.1,0.000266,0.043,bf16,1.9,241.7,2.4955,2.6988,14.86,1.543,5.15e+19,5.1466420488000004e+19,1.0006524547788946,3.3579511999995906e-05,True
330,0.409009,23.069,0.0566,11000,2.1,0.000266,0.026,fp16,2.1,241.7,2.6285,2.6849,14.66,0.898,5.66e+19,5.6612571726e+19,0.9997779340238977,1.2571725999996928e-05,True
331,0.409009,25.166,0.0618,12000,2.1,0.000266,0.077,bf16,2.3,241.7,2.487,2.6724,14.47,1.136,6.18e+19,6.1758722964e+19,1.000668359610092,4.127703600000205e-05,True
332,0.409009,27.263,0.0669,13000,2.1,0.000266,0.046,fp16,2.5,241.7,2.5409,2.6611,14.31,0.948,6.69e+19,6.690487420200001e+19,0.9999271472809994,4.874202000007168e-06,True
333,0.409009,29.36,0.0721,14000,2.1,0.000266,0.084,fp16,2.7,241.7,2.4745,2.6512,14.17,1.281,7.21e+19,7.205102544e+19,1.0006797205133573,4.897456e-05,True
334,0.409009,31.457,0.0772,15000,2.1,0.000266,0.04,bf16,2.9,241.7,2.5417,2.6418,14.04,0.813,7.72e+19,7.7197176678e+19,1.000036572866023,2.823321999998976e-06,True
335,0.409009,33.554,0.0823,16000,2.1,0.000266,0.094,bf16,3.1,241.7,2.5707,2.6336,13.92,0.754,8.23e+19,8.2343327916e+19,0.9994738138827204,4.3327916000002046e-05,True
336,0.409009,35.652,0.0875,17000,2.1,0.000266,0.065,bf16,3.2,241.7,2.4974,2.6256,13.81,1.015,8.75e+19,8.7491933208e+19,1.000092200408703,8.066791999995904e-06,True
337,0.409009,37.749,0.0926,18000,2.1,0.000266,0.034,bf16,3.4,241.7,2.5334,2.6183,13.71,0.649,9.26e+19,9.2638084446e+19,0.9995888899664996,3.808444600000512e-05,True
338,0.409009,39.846,0.0978,19000,2.1,0.000266,0.01,bf16,3.6,241.7,2.4206,2.6116,13.62,1.073,9.78e+19,9.778423568399999e+19,1.0001612153113406,1.576431600001024e-05,True
339,0.409009,41.943,0.1029,20000,2.1,0.000266,0.039,bf16,3.8,241.7,2.4457,2.6055,13.54,0.859,1.029e+20,1.0293038692199999e+20,0.9997047818150823,3.0386921999990783e-05,True
340,0.409009,44.04,0.1081,21000,2.1,0.000266,0.017,fp16,4.0,241.7,2.4413,2.5994,13.46,0.822,1.081e+20,1.0807653815999999e+20,1.0002170854137211,2.346184000000819e-05,True
341,0.409009,46.137,0.1132,22000,2.1,0.000266,0.087,fp16,4.2,241.7,2.5259,2.5938,13.38,1.127,1.132e+20,1.1322268939800001e+20,0.9997996037885989,2.2689398000009217e-05,True
342,0.409009,48.234,0.1184,23000,2.1,0.000266,0.06,bf16,4.4,241.7,2.3833,2.5887,13.31,0.814,1.184e+20,1.1836884063600001e+20,1.0002632395808946,3.115936399998976e-05,True
343,0.409009,50.332,0.1235,24000,2.1,0.000266,0.047,bf16,4.6,241.7,2.426,2.5837,13.25,1.019,1.235e+20,1.23517445928e+20,0.9998587573773978,1.7445927999995905e-05,True
344,0.409009,52.429,0.1287,25000,2.1,0.000266,0.078,fp16,4.8,241.7,2.4971,2.5789,13.18,1.133,1.2870000000000002e+20,1.28663597166e+20,1.00028293032996,3.640283400001946e-05,True
345,0.409009,54.526,0.1338,26000,2.1,0.000266,0.053,bf16,5.0,241.7,2.391,2.5745,13.12,0.499,1.338e+20,1.3380974840400001e+20,0.9999271472809994,9.748404000014336e-06,True
346,0.409009,56.623,0.139,27000,2.1,0.000266,0.074,bf16,5.2,241.7,2.4376,2.5703,13.07,1.197,1.3900000000000002e+20,1.38955899642e+20,1.000317369454004,4.410035800001741e-05,True
347,0.409009,58.72,0.1441,28000,2.1,0.000266,0.052,bf16,5.3,241.7,2.4378,2.566,13.01,1.08,1.441e+20,1.4410205088e+20,0.9999857678639029,2.05088e-06,True
348,0.409009,60.817,0.1492,29000,2.1,0.000266,0.05,bf16,5.5,241.7,2.3774,2.5621,12.96,0.851,1.492e+20,1.49248202118e+20,0.9996770338448575,4.820211799998464e-05,True
349,0.409009,62.915,0.1544,30000,2.1,0.000266,0.037,bf16,5.7,241.7,2.4185,2.5585,12.92,1.027,1.544e+20,1.5439680741e+20,1.0000206778239367,3.192589999996928e-06,True
350,0.409009,65.012,0.1595,31000,2.1,0.000266,0.014,fp16,5.9,241.7,2.4567,2.555,12.87,0.991,1.595e+20,1.59542958648e+20,0.9997307393045483,4.295864799998771e-05,True
351,0.409009,67.109,0.1647,32000,2.1,0.000266,0.071,bf16,6.1,241.7,2.3989,2.5517,12.83,1.466,1.647e+20,1.6468910988599997e+20,1.000066125283011,1.0890114000027648e-05,True
352,0.409009,69.206,0.1698,33000,2.1,0.000266,0.077,bf16,6.3,241.7,2.4458,2.5486,12.79,1.049,1.698e+20,1.6983526112400002e+20,0.9997923804293251,3.526112400002253e-05,True
353,0.409009,71.303,0.175,34000,2.1,0.000266,0.03,bf16,6.5,241.7,2.4315,2.5454,12.75,0.972,1.75e+20,1.74981412362e+20,1.000106226357126,1.8587637999992833e-05,True
354,0.409009,73.4,0.1801,35000,2.1,0.000266,0.096,bf16,6.7,241.7,2.3911,2.5422,12.71,0.937,1.801e+20,1.8012756360000002e+20,0.9998469773340118,2.7563600000024576e-05,True
355,0.409009,75.497,0.1853,36000,2.1,0.000266,0.089,bf16,6.9,241.7,2.3825,2.5393,12.67,0.805,1.853e+20,1.85273714838e+20,1.0001418720514292,2.6285161999990784e-05,True
356,0.409009,77.595,0.1904,37000,2.1,0.000266,0.056,bf16,7.1,241.7,2.399,2.5363,12.63,1.201,1.904e+20,1.9042232013e+20,0.9998827861671639,2.232012999999488e-05,True
357,0.409009,79.692,0.1956,38000,2.1,0.000266,0.076,fp16,7.3,241.7,2.3967,2.5337,12.6,1.275,1.956e+20,1.9556847136799998e+20,1.0001612153113406,3.152863200002048e-05,True
358,0.409009,81.789,0.2007,39000,2.1,0.000266,0.074,bf16,7.4,241.7,2.4741,2.531,12.57,0.927,2.007e+20,2.00714622606e+20,0.9999271472809995,1.4622605999996928e-05,True
359,0.409009,83.886,0.2059,40000,2.1,0.000266,0.032,bf16,7.6,241.7,2.377,2.5286,12.54,1.191,2.059e+20,2.0586077384399998e+20,1.0001905470151868,3.922615600001843e-05,True
360,0.409009,85.983,0.211,41000,2.1,0.000266,0.035,bf16,7.8,241.7,2.4247,2.5259,12.5,0.836,2.11e+20,2.11006925082e+20,0.9999671807832975,6.925081999998976e-06,True
361,0.409009,88.08,0.2162,42000,2.1,0.000266,0.07,bf16,8.0,241.7,2.3857,2.5237,12.48,1.319,2.162e+20,2.1615307631999998e+20,1.0002170854137211,4.692368000001638e-05,True
362,0.409009,90.178,0.2213,43000,2.1,0.000266,0.097,bf16,8.2,241.7,2.3587,2.5215,12.45,0.673,2.213e+20,2.21301681612e+20,0.9999924012687669,1.681612000002048e-06,True
363,0.409009,92.275,0.2264,44000,2.1,0.000266,0.029,bf16,8.4,241.7,2.3985,2.5191,12.42,13.563,2.264e+20,2.2644783285000002e+20,0.9997887687888287,4.783285000001946e-05,True
364,0.409009,94.372,0.2316,45000,2.1,0.000266,0.077,fp16,8.6,241.7,2.3623,2.5169,12.39,0.775,2.316e+20,2.31593984088e+20,1.0000259761151555,6.015911999995904e-06,True
365,0.409009,96.469,0.2367,46000,2.1,0.000266,0.07,bf16,8.8,241.7,2.3169,2.5148,12.36,1.004,2.367e+20,2.36740135326e+20,0.9998304667438636,4.013532599998874e-05,True
366,0.409009,98.566,0.2419,47000,2.1,0.000266,0.096,bf16,9.0,241.7,2.4602,2.5126,12.34,1.085,2.419e+20,2.41886286564e+20,1.0000566937307394,1.3713435999993856e-05,True
367,0.409009,100.663,0.247,48000,2.1,0.000266,0.078,bf16,9.2,241.7,2.3234,2.5107,12.31,0.506,2.47e+20,2.47032437802e+20,0.9998686901109481,3.2437801999990786e-05,True
368,0.409009,102.76,0.2522,49000,2.1,0.000266,0.024,bf16,9.4,241.7,2.4027,2.5087,12.29,1.438,2.5219999999999997e+20,2.5217858904e+20,1.000084903956682,2.141095999995904e-05,True
369,0.409009,104.858,0.2573,50000,2.1,0.000266,0.05,bf16,9.5,241.7,2.3256,2.5068,12.27,0.956,2.5729999999999997e+20,2.57327194332e+20,0.9998943200229162,2.7194332000026623e-05,True
370,0.409009,106.955,0.2625,51000,2.1,0.000266,0.023,fp16,9.7,241.7,2.4274,2.5048,12.24,0.947,2.625e+20,2.6247334557e+20,1.0001015509972722,2.6654429999988737e-05,True
371,0.409009,109.052,0.2676,52000,2.1,0.000266,0.069,bf16,9.9,241.7,2.4382,2.5031,12.22,1.063,2.676e+20,2.6761949680800003e+20,0.9999271472809994,1.949680800002867e-05,True
372,0.409009,111.149,0.2728,53000,2.1,0.000266,0.069,bf16,10.1,241.7,2.3119,2.5014,12.2,0.763,2.728e+20,2.72765648046e+20,1.0001259394437902,3.435195399998669e-05,True
373,0.409009,113.246,0.2779,54000,2.1,0.000266,0.056,bf16,10.3,241.7,2.4488,2.4998,12.18,0.557,2.7789999999999997e+20,2.77911799284e+20,0.9999575430621138,1.179928400003072e-05,True
374,0.409009,115.343,0.2831,55000,2.1,0.000266,0.061,bf16,10.5,241.7,2.3415,2.498,12.16,0.926,2.8310000000000003e+20,2.83057950522e+20,1.0001485543081283,4.2049478000017406e-05,True
375,0.409009,117.441,0.2882,56000,2.1,0.000266,0.076,fp16,10.7,241.7,2.2984,2.4965,12.14,0.867,2.882e+20,2.88206555814e+20,0.9999772530712167,6.555814000001024e-06,True
376,0.409009,119.538,0.2934,57000,2.1,0.000266,0.038,fp16,10.9,241.7,2.4345,2.4946,12.12,2.561,2.934e+20,2.93352707052e+20,1.0001612153113406,4.729294800001434e-05,True
377,0.409009,121.635,0.2985,58000,2.1,0.000266,0.037,fp16,11.1,241.7,2.4101,2.4932,12.1,0.979,2.985e+20,2.9849885829000004e+20,1.0000038248387497,1.14170999996416e-06,True
378,0.409009,123.732,0.3036,59000,2.1,0.000266,0.011,bf16,11.3,241.7,2.3446,2.4916,12.08,0.699,3.036e+20,3.03645009528e+20,0.9998517692483404,4.500952800002048e-05,True
379,0.409009,125.829,0.3088,60000,2.1,0.000266,0.094,fp16,11.5,241.7,2.4267,2.4903,12.06,0.863,3.088e+20,3.08791160766e+20,1.0000286252818185,8.83923399999488e-06,True
380,0.409009,127.926,0.3139,61000,2.1,0.000266,0.089,bf16,11.6,241.7,2.3597,2.4884,12.04,1.144,3.139e+20,3.13937312004e+20,0.9998811482338248,3.731200399998976e-05,True
381,0.409009,130.023,0.3191,62000,2.1,0.000266,0.084,fp16,11.8,241.7,2.3231,2.487,12.02,0.894,3.191e+20,3.19083463242e+20,1.0000518258070537,1.65367580000256e-05,True
382,0.409009,132.121,0.3242,63000,2.1,0.000266,0.07,bf16,12.0,241.7,2.3901,2.4856,12.01,1.081,3.242e+20,3.24232068534e+20,0.999901093885793,3.20685340000256e-05,True
383,0.409009,134.218,0.3294,64000,2.1,0.000266,0.022,bf16,12.2,241.7,2.3897,2.484,11.99,0.875,3.294e+20,3.2937821977199994e+20,1.000066125283011,2.1780228000055296e-05,True
384,0.409009,136.315,0.3345,65000,2.1,0.000266,0.08,bf16,12.4,241.7,2.3516,2.4829,11.98,0.669,3.345e+20,3.3452437101e+20,0.9999271472809995,2.437100999999488e-05,True
385,0.409009,138.412,0.3397,66000,2.1,0.000266,0.086,fp16,12.6,241.7,2.3814,2.4815,11.96,1.847,3.397e+20,3.3967052224800005e+20,1.000086783368203,2.9477751999954944e-05,True
386,0.409009,140.509,0.3448,67000,2.1,0.000266,0.073,bf16,12.8,241.7,2.3017,2.4803,11.94,14.586,3.448e+20,3.4481667348599996e+20,0.9999516453603261,1.667348599996416e-05,True
387,0.409009,142.606,0.35,68000,2.1,0.000266,0.033,bf16,13.0,241.7,2.3924,2.479,11.93,0.843,3.5e+20,3.49962824724e+20,1.000106226357126,3.7175275999985665e-05,True
388,0.409009,144.703,0.3551,69000,2.1,0.000266,0.036,fp16,13.2,241.7,2.293,2.478,11.92,0.867,3.551e+20,3.55108975962e+20,0.9999747233592852,8.975961999998976e-06,True
389,0.409009,146.801,0.3603,70000,2.1,0.000266,0.059,fp16,13.4,241.7,2.3711,2.4766,11.9,0.843,3.603e+20,3.60257581254e+20,1.0001177456026111,4.241874600001536e-05,True
390,0.409009,148.898,0.3654,71000,2.1,0.000266,0.078,bf16,13.6,241.7,2.4216,2.4752,11.88,1.004,3.654e+20,3.65403732492e+20,0.9999897852931755,3.73249199996928e-06,True
391,0.409009,150.995,0.3705,72000,2.1,0.000266,0.083,bf16,13.7,241.7,2.3471,2.474,11.87,9.684,3.705e+20,3.7054988373e+20,0.9998653791778374,4.9883730000019455e-05,True
392,0.409009,153.092,0.3757,73000,2.1,0.000266,0.014,fp16,13.9,241.7,2.3658,2.473,11.86,0.909,3.757e+20,3.75696034968e+20,1.0000105538297746,3.965031999995904e-06,True
393,0.409009,155.189,0.3808,74000,2.1,0.000266,0.059,bf16,14.1,241.7,2.3765,2.4716,11.84,7.906,3.808e+20,3.80842186206e+20,0.9998892291675451,4.2186205999988734e-05,True
394,0.409009,157.286,0.386,75000,2.1,0.000266,0.095,bf16,14.3,241.7,2.282,2.4708,11.83,0.916,3.86e+20,3.85988337444e+20,1.0000302147885536,1.1662556000026624e-05,True
395,0.409009,159.384,0.3911,76000,2.1,0.000266,0.089,bf16,14.5,241.7,2.2841,2.4696,11.82,1.492,3.911e+20,3.9113694273599996e+20,0.9999055503790014,3.694273599995904e-05,True
396,0.409009,161.481,0.3963,77000,2.1,0.000266,0.089,fp16,14.7,241.7,2.3759,2.4683,11.8,0.581,3.963e+20,3.96283093974e+20,1.0000426614868438,1.6906025999990782e-05,True
397,0.409009,163.578,0.4014,78000,2.1,0.000266,0.084,bf16,14.9,241.7,2.4085,2.4671,11.79,1.038,4.014e+20,4.01429245212e+20,0.9999271472809995,2.9245211999993856e-05,True
398,0.409009,165.675,0.4066,79000,2.1,0.000266,0.088,bf16,15.1,241.7,2.3347,2.4664,11.78,0.689,4.066e+20,4.0657539645000004e+20,1.0000605141142695,2.4603549999955967e-05,True
399,0.409009,167.772,0.4117,80000,2.1,0.000266,0.02,bf16,15.3,241.7,2.3638,2.4652,11.77,1.497,4.117e+20,4.1172154768799996e+20,0.9999476644151345,2.1547687999963135e-05,True
400,0.409009,169.869,0.4169,81000,2.1,0.000266,0.059,bf16,15.5,241.7,2.4129,2.4644,11.76,1.175,4.169e+20,4.16867698926e+20,1.0000774851927439,3.230107399998669e-05,True
401,0.409009,171.966,0.422,82000,2.1,0.000266,0.05,bf16,15.7,241.7,2.2849,2.463,11.74,1.368,4.22e+20,4.22013850164e+20,0.9999671807832975,1.3850163999997952e-05,True
402,0.409009,174.064,0.4272,83000,2.1,0.000266,0.062,bf16,15.8,241.7,2.3634,2.4621,11.73,1.031,4.272e+20,4.27162455456e+20,1.000087892893021,3.7544544000016385e-05,True
403,0.409009,176.161,0.4323,84000,2.1,0.000266,0.073,fp16,16.0,241.7,2.3968,2.4612,11.72,1.188,4.323e+20,4.3230860669400003e+20,0.9999800913193335,8.606694000033792e-06,True
404,0.409009,178.258,0.4375,85000,2.1,0.000266,0.019,fp16,16.2,241.7,2.3853,2.4603,11.71,0.696,4.375e+20,4.37454757932e+20,1.000103421135968,4.5242067999981566e-05,True
405,0.409009,180.355,0.4426,86000,2.1,0.000266,0.02,bf16,16.4,241.7,2.2875,2.4592,11.7,0.762,4.426e+20,4.4260090917e+20,0.999997945846967,9.09170000003072e-07,True
406,0.409009,182.452,0.4477,87000,2.1,0.000266,0.037,bf16,16.6,241.7,2.391,2.4584,11.69,0.535,4.477e+20,4.47747060408e+20,0.999894895104488,4.706040799998771e-05,True
407,0.409009,184.549,0.4529,88000,2.1,0.000266,0.053,bf16,16.8,241.7,2.2833,2.4573,11.67,1.359,4.529e+20,4.5289321164600004e+20,1.0000149888623309,6.788353999962112e-06,True
408,0.409009,186.647,0.458,89000,2.1,0.000266,0.04,fp16,17.0,241.7,2.3711,2.4565,11.66,1.383,4.58e+20,4.5804181693799996e+20,0.9999087049774636,4.1816937999958014e-05,True
409,0.409009,188.744,0.4632,90000,2.1,0.000266,0.021,fp16,17.2,241.7,2.3842,2.4557,11.65,0.909,4.632e+20,4.63187968176e+20,1.0000259761151555,1.2031823999991809e-05,True
410,0.409009,190.841,0.4683,91000,2.1,0.000266,0.043,bf16,17.4,241.7,2.3875,2.4548,11.64,0.666,4.683e+20,4.68334119414e+20,0.9999271472809995,3.411941399999283e-05,True
411,0.409009,192.938,0.4735,92000,2.1,0.000266,0.06,bf16,17.6,241.7,2.2965,2.454,11.63,0.742,4.735e+20,4.73480270652e+20,1.0000416687858458,1.9729348000022527e-05,True
412,0.409009,195.035,0.4786,93000,2.1,0.000266,0.027,bf16,17.8,241.7,2.3831,2.4529,11.62,1.54,4.786e+20,4.7862642188999996e+20,0.9999447964241179,2.6421889999962112e-05,True
413,0.409009,197.132,0.4838,94000,2.1,0.000266,0.041,fp16,17.9,241.7,2.3938,2.452,11.61,1.706,4.838e+20,4.83772573128e+20,1.0000566937307394,2.742687199998771e-05,True
414,0.409009,199.229,0.4889,95000,2.1,0.000266,0.054,fp16,18.1,241.7,2.3696,2.4515,11.61,1.075,4.889e+20,4.8891872436600006e+20,0.9999617024976404,1.8724366000062464e-05,True
415,0.409009,201.327,0.4941,96000,2.1,0.000266,0.097,bf16,18.3,241.7,2.287,2.4506,11.59,1.538,4.941e+20,4.94067329658e+20,1.0000661252830108,3.267034200001741e-05,True
416,0.409009,203.424,0.4992,97000,2.1,0.000266,0.063,bf16,18.5,241.7,2.2572,2.4496,11.58,1.372,4.992e+20,4.99213480896e+20,0.9999729957292502,1.3480896000032767e-05,True
417,0.409009,205.521,0.5044,98000,2.1,0.000266,0.082,fp16,18.7,241.7,2.2719,2.4491,11.58,13.821,5.0439999999999993e+20,5.0435963213399995e+20,1.0000800378607406,4.036786599998259e-05,True
418,0.409009,207.618,0.5095,99000,2.1,0.000266,0.095,fp16,18.9,241.7,2.3578,2.4481,11.57,0.623,5.0949999999999993e+20,5.09505783372e+20,0.9999886490552438,5.783372000067584e-06,True
419,0.409009,209.715,0.5147,100000,2.1,0.000266,0.089,bf16,19.1,241.7,2.3817,2.4475,11.56,0.904,5.1470000000000007e+20,5.1465193461e+20,1.000093393975166,4.806539000007885e-05,True
420,0.409009,211.812,0.5198,101000,2.1,0.000266,0.037,fp16,19.3,241.7,2.2911,2.4466,11.55,0.64,5.1980000000000007e+20,5.1979808584800004e+20,1.000003682491437,1.914152000028672e-06,True
421,0.409009,213.91,0.5249,102000,2.1,0.000266,0.043,bf16,19.5,241.7,2.3355,2.446,11.54,0.799,5.2490000000000007e+20,5.2494669114e+20,0.9999110554637489,4.669113999995699e-05,True
422,0.409009,216.007,0.5301,103000,2.1,0.000266,0.097,fp16,19.7,241.7,2.2586,2.4452,11.53,1.05,5.301e+20,5.30092842378e+20,1.0000135025818644,7.157621999992832e-06,True
423,0.409009,218.104,0.5352,104000,2.1,0.000266,0.014,bf16,19.9,241.7,2.3597,2.4443,11.52,1.685,5.352e+20,5.3523899361600006e+20,0.9999271472809994,3.899361600005734e-05,True
424,0.409009,220.201,0.5404,105000,2.1,0.000266,0.041,bf16,20.0,241.7,2.3211,2.4437,11.52,0.633,5.404e+20,5.40385144854e+20,1.0000274899229586,1.4855146000023551e-05,True
425,0.409009,222.298,0.5455,106000,2.1,0.000266,0.021,bf16,20.2,241.7,2.2722,2.4429,11.51,0.861,5.455e+20,5.45531296092e+20,0.9999426319035696,3.129609200002662e-05,True
426,0.409009,224.395,0.5507,107000,2.1,0.000266,0.062,fp16,20.4,241.7,2.3749,2.4423,11.5,0.694,5.507e+20,5.5067744733e+20,1.0000409544100803,2.2552669999988738e-05,True
427,0.409009,226.492,0.5558,108000,2.1,0.000266,0.032,bf16,20.6,241.7,2.3611,2.4413,11.49,6.102,5.5579999999999993e+20,5.55823598568e+20,0.9999575430621138,2.359856800006144e-05,True
428,0.409009,228.59,0.561,109000,2.1,0.000266,0.072,fp16,20.8,241.7,2.2682,2.4408,11.48,0.849,5.6100000000000007e+20,5.6097220386e+20,1.0000495499417061,2.7796140000083967e-05,True
429,0.409009,230.687,0.5661,110000,2.1,0.000266,0.02,bf16,21.0,241.7,2.333,2.4401,11.47,1.119,5.6610000000000007e+20,5.66118355098e+20,0.999967577278082,1.8355097999966208e-05,True
430,0.409009,232.784,0.5713,111000,2.1,0.000266,0.087,bf16,21.2,241.7,2.2753,2.4391,11.46,1.533,5.713e+20,5.7126450633599995e+20,1.0000621317508902,3.549366400004915e-05,True
431,0.409009,234.881,0.5764,112000,2.1,0.000266,0.044,bf16,21.4,241.7,2.3739,2.4385,11.46,1.627,5.764e+20,5.76410657574e+20,0.999981510449434,1.0657574000001023e-05,True
432,0.409009,236.978,0.5816,113000,2.1,0.000266,0.062,bf16,21.6,241.7,2.3342,2.4377,11.45,0.971,5.816e+20,5.8155680881200005e+20,1.000074268218247,4.31911879999488e-05,True
433,0.409009,239.075,0.5867,114000,2.1,0.000266,0.093,bf16,21.8,241.7,2.3481,2.4373,11.44,0.999,5.867e+20,5.8670296005e+20,0.9999949547723439,2.960049999970304e-06,True
434,0.409009,241.172,0.5918,115000,2.1,0.000266,0.073,bf16,22.0,241.7,2.3618,2.4368,11.44,0.867,5.918e+20,5.91849111288e+20,0.9999170205934869,4.911128800002048e-05,True
435,0.409009,243.27,0.597,116000,2.1,0.000266,0.064,bf16,22.1,241.7,2.3618,2.4362,11.43,1.027,5.97e+20,5.969977165800001e+20,1.0000038248387497,2.28341999992832e-06,True
436,0.409009,245.367,0.6021,117000,2.1,0.000266,0.043,fp16,22.3,241.7,2.2726,2.4354,11.42,0.959,6.021e+20,6.02143867818e+20,0.9999271472809995,4.386781799999079e-05,True
437,0.409009,247.464,0.6073,118000,2.1,0.000266,0.05,fp16,22.5,241.7,2.2797,2.4349,11.42,1.27,6.073e+20,6.07290019056e+20,1.000016435218243,9.98094399995904e-06,True
438,0.409009,249.561,0.6124,119000,2.1,0.000266,0.029,bf16,22.7,241.7,2.2889,2.434,11.4,0.392,6.124e+20,6.12436170294e+20,0.9999409403040604,3.6170293999960066e-05,True
439,0.409009,251.658,0.6176,120000,2.1,0.000266,0.013,fp16,22.9,241.7,2.2784,2.4333,11.4,1.248,6.176e+20,6.17582321532e+20,1.0000286252818185,1.767846799998976e-05,True
440,0.409009,253.755,0.6227,121000,2.1,0.000266,0.024,fp16,23.1,241.7,2.3328,2.4329,11.39,1.022,6.227e+20,6.227284727699999e+20,0.9999542773917607,2.8472769999929345e-05,True
441,0.409009,255.853,0.6279,122000,2.1,0.000266,0.067,fp16,23.3,241.7,2.362,2.4323,11.39,0.804,6.279e+20,6.27877078062e+20,1.0000365070470016,2.2921938000019457e-05,True
442,0.409009,257.95,0.633,123000,2.1,0.000266,0.085,bf16,23.5,241.7,2.3,2.4317,11.38,0.736,6.33e+20,6.330232293e+20,0.9999633041902337,2.322930000003072e-05,True
443,0.409009,260.047,0.6382,124000,2.1,0.000266,0.04,fp16,23.7,241.7,2.3408,2.4309,11.37,0.785,6.382e+20,6.381693805380001e+20,1.000047980149054,3.06194619999191e-05,True
444,0.409009,262.144,0.6433,125000,2.1,0.000266,0.049,fp16,23.9,241.7,2.3468,2.4305,11.36,0.926,6.433e+20,6.43315531776e+20,0.9999758566749397,1.5531776e-05,True
445,0.409009,264.241,0.6485,126000,2.1,0.000266,0.04,bf16,24.1,241.7,2.2949,2.4298,11.36,0.74,6.485e+20,6.484616830139999e+20,1.0000590890518342,3.8316986000080896e-05,True
446,0.409009,266.338,0.6536,127000,2.1,0.000266,0.062,fp16,24.2,241.7,2.3303,2.4294,11.35,0.858,6.536e+20,6.536078342520001e+20,0.9999880138340003,7.834252000100352e-06,True
447,0.409009,268.435,0.6588,128000,2.1,0.000266,0.022,bf16,24.4,241.7,2.3726,2.4288,11.35,1.058,6.588e+20,6.5875398549e+20,1.0000698508259738,4.6014509999980544e-05,True
448,0.409009,270.533,0.6639,129000,2.1,0.000266,0.029,bf16,24.6,241.7,2.3531,2.4281,11.34,0.596,6.639e+20,6.639025907820001e+20,0.9999960976474018,2.590782000070656e-06,True
449,0.409009,272.63,0.669,130000,2.1,0.000266,0.079,bf16,24.8,241.7,2.3459,2.4276,11.33,0.805,6.69e+20,6.6904874202e+20,0.9999271472809995,4.874201999998976e-05,True
450,0.409009,274.727,0.6742,131000,2.1,0.000266,0.013,bf16,25.0,241.7,2.2637,2.427,11.32,1.181,6.742e+20,6.741948932579999e+20,1.0000075745782877,5.106742000091136e-06,True
451,0.409009,276.824,0.6793,132000,2.1,0.000266,0.031,bf16,25.2,241.7,2.3106,2.4266,11.32,10.774,6.793e+20,6.793410444960001e+20,0.9999395818987641,4.104449600009011e-05,True
452,0.409009,278.921,0.6845,133000,2.1,0.000266,0.034,bf16,25.4,241.7,2.3227,2.4261,11.31,1.033,6.845e+20,6.84487195734e+20,1.0000187063630697,1.2804265999990783e-05,True
453,0.409009,281.018,0.6896,134000,2.1,0.000266,0.04,bf16,25.6,241.7,2.3484,2.4254,11.31,1.725,6.896e+20,6.896333469719999e+20,0.9999516453603261,3.334697199992832e-05,True
454,0.409009,283.116,0.6948,135000,2.1,0.000266,0.027,bf16,25.8,241.7,2.3159,2.425,11.3,1.018,6.948e+20,6.94781952264e+20,1.0000259761151555,1.804773600002048e-05,True
455,0.409009,285.213,0.6999,136000,2.1,0.000266,0.026,bf16,26.0,241.7,2.3211,2.4244,11.3,0.785,6.999e+20,6.99928103502e+20,0.9999598480160184,2.8103502000029695e-05,True
456,0.409009,287.31,0.7051,137000,2.1,0.000266,0.098,bf16,26.2,241.7,2.3344,2.4238,11.29,0.85,7.051e+20,7.0507425474e+20,1.0000365142533953,2.57452600000512e-05,True
457,0.409009,289.407,0.7102,138000,2.1,0.000266,0.023,bf16,26.3,241.7,2.3744,2.4234,11.28,1.136,7.102e+20,7.10220405978e+20,0.999971268105185,2.0405977999998977e-05,True
458,0.409009,291.504,0.7154,139000,2.1,0.000266,0.091,fp16,26.5,241.7,2.3457,2.4228,11.28,1.151,7.154e+20,7.15366557216e+20,1.0000467491577048,3.3442783999950846e-05,True
459,0.409009,293.601,0.7205,140000,2.1,0.000266,0.066,fp16,26.7,241.7,2.3114,2.4223,11.27,0.895,7.205e+20,7.20512708454e+20,0.9999823619294277,1.2708453999968256e-05,True
460,0.409009,295.698,0.7257,141000,2.1,0.000266,0.024,bf16,26.9,241.7,2.2803,2.4217,11.27,1.568,7.257e+20,7.256588596919999e+20,1.0000566937307396,4.114030800011264e-05,True
461,0.409009,297.796,0.7308,142000,2.1,0.000266,0.078,bf16,27.1,241.7,2.2667,2.4216,11.26,0.791,7.308e+20,7.30807464984e+20,0.9999897852931755,7.46498399993856e-06,True
462,0.409009,299.893,0.736,143000,2.1,0.000266,0.045,bf16,27.3,241.7,2.325,2.4209,11.26,0.71,7.36e+20,7.35953616222e+20,1.000063025409452,4.638377800001126e-05,True
470,1.040867,0.134,0.0008,64,2.09,0.000243,0.021,fp16,0.0,385.6,4.106,4.2153,67.71,1.055,8e+17,8.36857068e+17,0.9559577502427212,3.6857068e-05,True
471,1.040867,0.268,0.0017,128,2.09,0.000243,0.09,bf16,0.1,385.6,3.5276,3.8315,46.13,0.992,1.7e+18,1.673714136e+18,1.0157051096328913,2.6285864e-05,True
472,1.040867,0.537,0.0034,256,2.1,0.000243,0.07,fp16,0.1,385.6,3.3149,3.5146,33.6,0.931,3.4e+18,3.353673474e+18,1.0138136662257538,4.6326526e-05,True
473,1.040867,1.074,0.0067,512,2.1,0.000243,0.045,bf16,0.2,385.6,3.0826,3.2545,25.91,1.827,6.7e+18,6.707346948e+18,0.9989046417224339,7.346948e-06,True
474,1.040867,2.097,0.0131,1000,2.1,0.000243,0.089,bf16,0.5,385.6,2.849,3.0476,21.06,1.377,1.31e+19,1.3096188594e+19,1.000291031697707,3.811406000001024e-06,True
475,1.040867,4.194,0.0262,2000,2.1,0.000243,0.03,bf16,1.0,385.6,2.6664,2.8697,17.63,0.896,2.62e+19,2.6192377188e+19,1.000291031697707,7.622812000002048e-06,True
476,1.040867,6.291,0.0393,3000,2.1,0.000243,0.082,bf16,1.5,385.6,2.664,2.7802,16.12,0.837,3.93e+19,3.9288565782e+19,1.0002910316977067,1.1434217999998976e-05,True
477,1.040867,8.389,0.0524,4000,2.1,0.000243,0.058,bf16,1.9,385.6,2.6367,2.723,15.23,0.702,5.24e+19,5.2390999578e+19,1.00017179328649,9.000422000001025e-06,True
478,1.040867,10.486,0.0655,5000,2.1,0.000243,0.058,fp16,2.4,385.6,2.5683,2.6816,14.61,0.738,6.55e+19,6.5487188172e+19,1.0001956386944932,1.2811827999997952e-05,True
479,1.040867,12.583,0.0786,6000,2.1,0.000243,0.097,fp16,2.9,385.6,2.537,2.6501,14.16,1.682,7.86e+19,7.8583376766e+19,1.0002115362648452,1.662323399999488e-05,True
480,1.040867,14.68,0.0917,7000,2.1,0.000243,0.055,bf16,3.4,385.6,2.4219,2.6239,13.79,1.348,9.17e+19,9.167956535999999e+19,1.0002228919816512,2.043464000000819e-05,True
481,1.040867,16.777,0.1048,8000,2.1,0.000243,0.074,bf16,3.9,385.6,2.5487,2.6023,13.49,0.873,1.048e+20,1.0477575395400001e+20,1.000231408938471,2.4246045999988735e-05,True
482,1.040867,18.874,0.1179,9000,2.1,0.000243,0.057,bf16,4.4,385.6,2.4712,2.5839,13.25,1.162,1.179e+20,1.17871942548e+20,1.0002380333384986,2.805745200000205e-05,True
483,1.040867,20.972,0.131,10000,2.1,0.000243,0.096,bf16,4.9,385.6,2.4417,2.5679,13.04,1.162,1.31e+20,1.30974376344e+20,1.0001956386944932,2.5623655999995903e-05,True
484,1.040867,23.069,0.1441,11000,2.1,0.000243,0.018,bf16,5.3,385.6,2.4617,2.5543,12.86,0.846,1.441e+20,1.4407056493799999e+20,1.0002043100338551,2.9435062000009217e-05,True
485,1.040867,25.166,0.1572,12000,2.1,0.000243,0.083,bf16,5.8,385.6,2.4881,2.5417,12.7,0.737,1.572e+20,1.57166753532e+20,1.0002115362648452,3.324646799998976e-05,True
486,1.040867,27.263,0.1703,13000,2.1,0.000243,0.061,bf16,6.3,385.6,2.3582,2.5305,12.56,0.866,1.703e+20,1.70262942126e+20,1.0002176508495464,3.705787399998669e-05,True
487,1.040867,29.36,0.1834,14000,2.1,0.000243,0.057,bf16,6.8,385.6,2.349,2.5205,12.44,0.788,1.834e+20,1.8335913071999998e+20,1.0002228919816512,4.086928000001638e-05,True
488,1.040867,31.457,0.1965,15000,2.1,0.000243,0.032,bf16,7.3,385.6,2.3716,2.5113,12.32,1.108,1.965e+20,1.9645531931400002e+20,1.0002274343405717,4.468068599998054e-05,True
489,1.040867,33.554,0.2096,16000,2.1,0.000243,0.075,bf16,7.8,385.6,2.4259,2.5032,12.22,1.439,2.096e+20,2.0955150790800002e+20,1.000231408938471,4.849209199997747e-05,True
490,1.040867,35.652,0.2227,17000,2.1,0.000243,0.072,bf16,8.3,385.6,2.4098,2.4953,12.13,1.229,2.227e+20,2.22653941704e+20,1.0002068604563992,4.605829599998771e-05,True
491,1.040867,37.749,0.2358,18000,2.1,0.000243,0.034,fp16,8.7,385.6,2.4325,2.4879,12.04,1.301,2.358e+20,2.35750130298e+20,1.0002115362648452,4.986970199998464e-05,True
492,1.040867,39.846,0.2488,19000,2.1,0.000243,0.085,bf16,9.2,385.6,2.2911,2.4814,11.96,1.082,2.488e+20,2.48846318892e+20,0.9998138654724481,4.631889199998566e-05,True
493,1.040867,41.943,0.2619,20000,2.1,0.000243,0.066,bf16,9.7,385.6,2.3866,2.4749,11.88,1.422,2.6190000000000003e+20,2.61942507486e+20,0.9998377220772301,4.250748599995597e-05,True
494,1.040867,44.04,0.275,21000,2.1,0.000243,0.023,bf16,10.2,385.6,2.407,2.4688,11.81,0.852,2.7500000000000003e+20,2.7503869608e+20,0.9998593067791861,3.869607999995904e-05,True
495,1.040867,46.137,0.2881,22000,2.1,0.000243,0.094,fp16,10.7,385.6,2.3888,2.4636,11.75,1.173,2.8810000000000003e+20,2.88134884674e+20,0.9998789293631022,3.488467399996211e-05,True
496,1.040867,48.234,0.3012,23000,2.1,0.000243,0.066,bf16,11.2,385.6,2.3307,2.4582,11.68,0.519,3.012e+20,3.01231073268e+20,0.9998968457415003,3.107326800003072e-05,True
497,1.040867,50.332,0.3143,24000,2.1,0.000243,0.075,bf16,11.7,385.6,2.3107,2.453,11.62,13.117,3.143e+20,3.14333507064e+20,0.9998934028245573,3.350706400002048e-05,True
498,1.040867,52.429,0.3274,25000,2.1,0.000243,0.018,fp16,12.1,385.6,2.3543,2.4485,11.57,0.555,3.274e+20,3.27429695658e+20,0.999909306766021,2.9695657999990784e-05,True
499,1.040867,54.526,0.3405,26000,2.1,0.000243,0.095,bf16,12.6,385.6,2.333,2.4439,11.52,1.0,3.405e+20,3.40525884252e+20,0.9999239874171184,2.5884252000026625e-05,True
500,1.040867,56.623,0.3536,27000,2.1,0.000243,0.014,fp16,13.1,385.6,2.2965,2.4396,11.47,1.276,3.536e+20,3.53622072846e+20,0.9999375806894,2.207284599999693e-05,True
501,1.040867,58.72,0.3667,28000,2.1,0.000243,0.088,fp16,13.6,385.6,2.3025,2.4358,11.43,0.948,3.667e+20,3.6671826143999997e+20,0.9999502030798023,1.826143999996723e-05,True
502,1.040867,60.817,0.3798,29000,2.1,0.000243,0.067,fp16,14.1,385.6,2.288,2.4321,11.38,1.438,3.798e+20,3.79814450034e+20,0.9999619550177758,1.4450034000003072e-05,True
503,1.040867,62.915,0.3929,30000,2.1,0.000243,0.026,bf16,14.6,385.6,2.2374,2.4279,11.34,0.694,3.929e+20,3.9291688383e+20,0.9999570295126149,1.6883829999992832e-05,True
504,1.040867,65.012,0.406,31000,2.1,0.000243,0.051,fp16,15.1,385.6,2.2636,2.4246,11.3,1.149,4.06e+20,4.06013072424e+20,0.9999678029480135,1.3072424000028671e-05,True
505,1.040867,67.109,0.4191,32000,2.1,0.000243,0.048,bf16,15.5,385.6,2.252,2.4211,11.26,1.316,4.191e+20,4.19109261018e+20,0.9999779030938675,9.261017999998976e-06,True
506,1.040867,69.206,0.4322,33000,2.1,0.000243,0.063,bf16,16.0,385.6,2.2498,2.4178,11.22,0.961,4.322e+20,4.3220544961200003e+20,0.9999873911538947,5.449612000034816e-06,True
507,1.040867,71.303,0.4453,34000,2.1,0.000243,0.035,bf16,16.5,385.6,2.3336,2.4146,11.19,1.095,4.453e+20,4.45301638206e+20,0.9999963211318813,1.63820600000512e-06,True
508,1.040867,73.4,0.4584,35000,2.1,0.000243,0.015,bf16,17.0,385.6,2.2856,2.4116,11.15,1.235,4.584e+20,4.5839782680000004e+20,1.000004740860172,2.17319999995904e-06,True
509,1.040867,75.497,0.4715,36000,2.1,0.000243,0.086,bf16,17.5,385.6,2.3333,2.4088,11.12,0.828,4.715e+20,4.71494015394e+20,1.0000126928567588,5.984605999988736e-06,True
510,1.040867,77.595,0.4846,37000,2.1,0.000243,0.012,fp16,18.0,385.6,2.2176,2.4058,11.09,1.72,4.846e+20,4.8459644919e+20,1.0000073273545564,3.550809999998976e-06,True
511,1.040867,79.692,0.4977,38000,2.1,0.000243,0.028,fp16,18.5,385.6,2.2499,2.4032,11.06,13.366,4.977e+20,4.97692637784e+20,1.0000147926962166,7.362216000028672e-06,True
512,1.040867,81.789,0.5108,39000,2.1,0.000243,0.033,fp16,18.9,385.6,2.2464,2.4006,11.03,0.786,5.108e+20,5.10788826378e+20,1.0000218752279277,1.1173621999992832e-05,True
513,1.040867,83.886,0.5239,40000,2.1,0.000243,0.025,bf16,19.4,385.6,2.346,2.398,11.0,1.343,5.239e+20,5.23885014972e+20,1.0000286036583825,1.4985028000022527e-05,True
514,1.040867,85.983,0.537,41000,2.1,0.000243,0.063,bf16,19.9,385.6,2.2268,2.3954,10.97,0.742,5.3700000000000007e+20,5.36981203566e+20,1.000035003895621,1.8796434000052223e-05,True
515,1.040867,88.08,0.5501,42000,2.1,0.000243,0.046,bf16,20.4,385.6,2.3208,2.3931,10.95,0.58,5.5010000000000007e+20,5.5007739216e+20,1.0000410993804187,2.260784000008192e-05,True
516,1.040867,90.178,0.5632,43000,2.1,0.000243,0.029,fp16,20.9,385.6,2.3058,2.3909,10.92,1.083,5.6320000000000007e+20,5.63179825956e+20,1.0000358216737715,2.017404400009216e-05,True
517,1.040867,92.275,0.5763,44000,2.1,0.000243,0.053,fp16,21.4,385.6,2.2512,2.3886,10.9,1.232,5.7630000000000007e+20,5.7627601455e+20,1.0000416214615817,2.398545000005632e-05,True
518,1.040867,94.372,0.5894,45000,2.1,0.000243,0.023,fp16,21.9,385.6,2.2364,2.3863,10.87,1.052,5.8940000000000007e+20,5.89372203144e+20,1.0000471635001646,2.7796856000086016e-05,True
519,1.040867,96.469,0.6025,46000,2.1,0.000243,0.012,bf16,22.3,385.6,2.3027,2.3842,10.85,8.891,6.025e+20,6.02468391738e+20,1.0000524645980329,3.160826199998464e-05,True
520,1.040867,98.566,0.6156,47000,2.1,0.000243,0.027,fp16,22.8,385.6,2.1934,2.3822,10.83,1.034,6.156e+20,6.15564580332e+20,1.0000575401332885,3.541966800001433e-05,True
521,1.040867,100.663,0.6287,48000,2.1,0.000243,0.063,fp16,23.3,385.6,2.2333,2.38,10.8,0.85,6.287e+20,6.28660768926e+20,1.0000624042026147,3.923107400004403e-05,True
522,1.040867,102.76,0.6418,49000,2.1,0.000243,0.064,bf16,23.8,385.6,2.2604,2.3782,10.79,0.6,6.418e+20,6.4175695752e+20,1.000067069752023,4.304247999994266e-05,True
523,1.040867,104.858,0.6549,50000,2.1,0.000243,0.016,bf16,24.3,385.6,2.3196,2.3762,10.76,0.645,6.549e+20,6.54859391316e+20,1.0000620113027905,4.060868400001843e-05,True
524,1.040867,106.955,0.668,51000,2.1,0.000243,0.045,bf16,24.8,385.6,2.1915,2.3745,10.75,1.034,6.68e+20,6.6795557991e+20,1.0000665015628825,4.442009000004813e-05,True
525,1.040867,109.052,0.6811,52000,2.1,0.000243,0.08,bf16,25.3,385.6,2.3022,2.3725,10.72,0.556,6.811e+20,6.81051768504e+20,1.0000708191333323,4.8231495999946755e-05,True
526,1.040867,111.149,0.6941,53000,2.1,0.000243,0.017,bf16,25.8,385.6,2.235,2.3706,10.7,1.411,6.941e+20,6.94147957098e+20,0.9999309122824469,4.795709800002355e-05,True
527,1.040867,113.246,0.7072,54000,2.1,0.000243,0.055,fp16,26.2,385.6,2.2499,2.3689,10.69,0.916,7.072e+20,7.07244145692e+20,0.9999375806894,4.414569199999386e-05,True
528,1.040867,115.343,0.7203,55000,2.1,0.000243,0.019,bf16,26.7,385.6,2.3047,2.3674,10.67,1.046,7.203e+20,7.20340334286e+20,0.999944006625646,4.033428599996416e-05,True
529,1.040867,117.441,0.7334,56000,2.1,0.000243,0.04,fp16,27.2,385.6,2.2849,2.3658,10.65,0.852,7.334e+20,7.33442768082e+20,0.999941688589947,4.2768082000019453e-05,True
530,1.040867,119.538,0.7465,57000,2.1,0.000243,0.034,bf16,27.7,385.6,2.2632,2.364,10.63,0.862,7.465e+20,7.46538956676e+20,0.9999478169549605,3.895667599998976e-05,True
531,1.040867,121.635,0.7596,58000,2.1,0.000243,0.064,bf16,28.2,385.6,2.1877,2.3626,10.62,0.731,7.596e+20,7.596351452700001e+20,0.9999537340126784,3.5145270000091136e-05,True
532,1.040867,123.732,0.7727,59000,2.1,0.000243,0.03,fp16,28.7,385.6,2.2282,2.3608,10.6,1.277,7.727e+20,7.727313338639999e+20,0.9999594505067586,3.133386399993037e-05,True
533,1.040867,125.829,0.7858,60000,2.1,0.000243,0.056,bf16,29.2,385.6,2.2067,2.3595,10.59,9.885,7.858e+20,7.858275224579999e+20,0.9999649764646652,2.752245799990067e-05,True
534,1.040867,127.926,0.7989,61000,2.1,0.000243,0.088,bf16,29.6,385.6,2.2892,2.3579,10.57,1.224,7.989e+20,7.98923711052e+20,0.9999703212563703,2.371105200000205e-05,True
535,1.040867,130.023,0.812,62000,2.1,0.000243,0.022,bf16,30.1,385.6,2.19,2.3565,10.55,0.919,8.12e+20,8.12019899646e+20,0.9999754936473741,1.989964599997235e-05,True
536,1.040867,132.121,0.8251,63000,2.1,0.000243,0.09,bf16,30.6,385.6,2.3053,2.3552,10.54,0.853,8.251e+20,8.25122333442e+20,0.9999729331747611,2.2333442000027647e-05,True
537,1.040867,134.218,0.8382,64000,2.1,0.000243,0.068,bf16,31.1,385.6,2.301,2.3537,10.52,1.295,8.382e+20,8.38218522036e+20,0.9999779030938675,1.8522035999997952e-05,True
538,1.040867,136.315,0.8513,65000,2.1,0.000243,0.067,fp16,31.6,385.6,2.2081,2.3524,10.51,1.214,8.513e+20,8.5131471063e+20,0.9999827201036041,1.4710629999968256e-05,True
539,1.040867,138.412,0.8644,66000,2.1,0.000243,0.082,fp16,32.1,385.6,2.2902,2.3512,10.5,0.705,8.644e+20,8.644108992240001e+20,0.9999873911538947,1.0899224000069632e-05,True
540,1.040867,140.509,0.8775,67000,2.1,0.000243,0.069,fp16,32.6,385.6,2.1987,2.3497,10.48,1.141,8.775e+20,8.775070878179999e+20,0.999991922779772,7.087817999908864e-06,True
541,1.040867,142.606,0.8906,68000,2.1,0.000243,0.056,bf16,33.0,385.6,2.228,2.3485,10.47,1.43,8.906e+20,8.90603276412e+20,0.9999963211318813,3.27641200001024e-06,True
542,1.040867,144.703,0.9037,69000,2.1,0.000243,0.044,bf16,33.5,385.6,2.1985,2.3471,10.46,1.54,9.037e+20,9.03699465006e+20,1.0000005920043342,5.34994000019456e-07,True
543,1.040867,146.801,0.9168,70000,2.1,0.000243,0.025,bf16,34.0,385.6,2.2386,2.346,10.44,0.537,9.168e+20,9.168018988019999e+20,0.9999979288851797,1.898801999904768e-06,True
544,1.040867,148.898,0.9299,71000,2.1,0.000243,0.068,fp16,34.5,385.6,2.2884,2.3449,10.43,0.802,9.299e+20,9.29898087396e+20,1.0000020567888308,1.912603999993856e-06,True
545,1.040867,150.995,0.943,72000,2.1,0.000243,0.048,bf16,35.0,385.6,2.2755,2.3433,10.42,1.155,9.43e+20,9.4299427599e+20,1.0000060700368452,5.724010000023552e-06,True
546,1.040867,153.092,0.9561,73000,2.1,0.000243,0.032,bf16,35.5,385.6,2.2375,2.3423,10.41,1.406,9.561e+20,9.560904645840001e+20,1.0000099733407593,9.535415999922175e-06,True
547,1.040867,155.189,0.9692,74000,2.1,0.000243,0.042,bf16,36.0,385.6,2.2702,2.3413,10.39,0.985,9.692e+20,9.691866531779999e+20,1.0000137711574508,1.3346822000082944e-05,True
548,1.040867,157.286,0.9823,75000,2.1,0.000243,0.029,bf16,36.4,385.6,2.2215,2.3401,10.38,1.161,9.823e+20,9.82282841772e+20,1.000017467706113,1.715822799998157e-05,True
549,1.040867,159.384,0.9954,76000,2.1,0.000243,0.081,fp16,36.9,385.6,2.2581,2.339,10.37,1.198,9.954e+20,9.95385275568e+20,1.0000147926962166,1.4724432000057344e-05,True
550,1.040867,161.481,1.0085,77000,2.1,0.000243,0.018,bf16,37.4,385.6,2.2604,2.3378,10.36,1.756,1.0085e+21,1.0084814641619999e+21,1.0000183799491202,1.853583800008704e-05,True
551,1.040867,163.578,1.0216,78000,2.1,0.000243,0.079,fp16,37.9,385.6,2.1779,2.3368,10.35,0.887,1.0216e+21,1.021577652756e+21,1.0000218752279277,2.2347243999985664e-05,True
552,1.040867,165.675,1.0347,79000,2.1,0.000243,0.057,bf16,38.4,385.6,2.1728,2.3357,10.34,1.33,1.0347e+21,1.0346738413500001e+21,1.0000252820250735,2.615864999988429e-05,True
553,1.040867,167.772,1.0478,80000,2.1,0.000243,0.019,bf16,38.9,385.6,2.2376,2.3348,10.33,1.137,1.0478e+21,1.047770029944e+21,1.0000286036583825,2.9970056000045055e-05,True
554,1.040867,169.869,1.0609,81000,2.1,0.000243,0.024,bf16,39.4,385.6,2.1518,2.3337,10.32,1.653,1.0609e+21,1.060866218538e+21,1.000031843281848,3.378146199994368e-05,True
555,1.040867,171.966,1.074,82000,2.1,0.000243,0.018,fp16,39.8,385.6,2.2212,2.3327,10.31,1.029,1.0740000000000001e+21,1.073962407132e+21,1.000035003895621,3.7592868000104446e-05,True
556,1.040867,174.064,1.0871,83000,2.1,0.000243,0.061,bf16,40.3,385.6,2.2657,2.3316,10.29,1.277,1.0871e+21,1.087064840928e+21,1.0000323431231297,3.515907200004915e-05,True
557,1.040867,176.161,1.1002,84000,2.1,0.000243,0.085,bf16,40.8,385.6,2.1852,2.3306,10.28,0.714,1.1002000000000001e+21,1.100161029522e+21,1.000035422521753,3.897047800007885e-05,True
558,1.040867,178.258,1.1133,85000,2.1,0.000243,0.04,fp16,41.3,385.6,2.1715,2.3297,10.27,0.846,1.1133e+21,1.113257218116e+21,1.0000384294692222,4.278188399997747e-05,True
559,1.040867,180.355,1.1264,86000,2.1,0.000243,0.016,fp16,41.8,385.6,2.2517,2.3288,10.27,1.279,1.1264000000000001e+21,1.12635340671e+21,1.0000413664927212,4.659329000013824e-05,True
560,1.040867,182.452,1.1394,87000,2.1,0.000243,0.071,fp16,42.3,385.6,2.1768,2.3278,10.26,0.886,1.1394e+21,1.139449595304e+21,0.9999564743326915,4.959530399996314e-05,True
561,1.040867,184.549,1.1525,88000,2.1,0.000243,0.084,fp16,42.8,385.6,2.237,2.3269,10.25,1.129,1.1525000000000001e+21,1.152545783898e+21,0.9999602758531249,4.578389799993344e-05,True
562,1.040867,186.647,1.1656,89000,2.1,0.000243,0.01,fp16,43.2,385.6,2.1956,2.3262,10.24,0.996,1.1656e+21,1.165648217694e+21,0.9999586344376733,4.821769399998874e-05,True
563,1.040867,188.744,1.1787,90000,2.1,0.000243,0.074,bf16,43.7,385.6,2.1594,2.3252,10.23,0.925,1.1787000000000001e+21,1.178744406288e+21,0.9999623274666136,4.440628799982797e-05,True
564,1.040867,190.841,1.1918,91000,2.1,0.000243,0.027,bf16,44.2,385.6,2.1866,2.3242,10.22,11.357,1.1918e+21,1.191840594882e+21,0.9999659393360367,4.0594882000060414e-05,True
565,1.040867,192.938,1.2049,92000,2.1,0.000243,0.079,bf16,44.7,385.6,2.2683,2.3235,10.21,0.957,1.2049000000000001e+21,1.204936783476e+21,0.9999694726922571,3.678347599989965e-05,True
566,1.040867,195.035,1.218,93000,2.1,0.000243,0.094,bf16,45.2,385.6,2.1557,2.3225,10.2,1.036,1.218e+21,1.21803297207e+21,0.9999729300677764,3.2972070000001023e-05,True
567,1.040867,197.132,1.2311,94000,2.1,0.000243,0.039,bf16,45.7,385.6,2.2592,2.3215,10.19,1.174,1.2311e+21,1.231129160664e+21,0.9999763138873389,2.9160663999840255e-05,True
568,1.040867,199.229,1.2442,95000,2.1,0.000243,0.044,bf16,46.2,385.6,2.2627,2.3207,10.18,1.501,1.2442e+21,1.2442253492580002e+21,0.9999796264736004,2.5349258000203776e-05,True
569,1.040867,201.327,1.2573,96000,2.1,0.000243,0.091,fp16,46.6,385.6,2.2601,2.3198,10.17,1.203,1.2573000000000001e+21,1.257327783054e+21,0.9999779030938676,2.7783053999865856e-05,True
570,1.040867,203.424,1.2704,97000,2.1,0.000243,0.06,bf16,47.1,385.6,2.1924,2.3191,10.17,1.115,1.2704e+21,1.270423971648e+21,0.9999811309857694,2.397164799996723e-05,True
571,1.040867,205.521,1.2835,98000,2.1,0.000243,0.039,bf16,47.6,385.6,2.2059,2.3184,10.16,0.723,1.2835e+21,1.283520160242e+21,0.9999842930071344,2.0160241999806465e-05,True
572,1.040867,207.618,1.2966,99000,2.1,0.000243,0.011,bf16,48.1,385.6,2.1975,2.3178,10.15,1.0,1.2966e+21,1.296616348836e+21,0.9999873911538948,1.634883599990784e-05,True
573,1.040867,209.715,1.3097,100000,2.1,0.000243,0.063,bf16,48.6,385.6,2.2343,2.3168,10.14,0.582,1.3097000000000001e+21,1.3097125374300001e+21,0.999990427342152,1.2537430000009216e-05,True
574,1.040867,211.812,1.3228,101000,2.1,0.000243,0.1,bf16,49.1,385.6,2.2225,2.316,10.14,1.097,1.3228e+21,1.322808726024e+21,0.9999934034121272,8.726024000110592e-06,True
575,1.040867,213.91,1.3359,102000,2.1,0.000243,0.059,fp16,49.6,385.6,2.2508,2.3153,10.13,1.429,1.3359e+21,1.33591115982e+21,0.9999916462858194,1.1159819999772672e-05,True
576,1.040867,216.007,1.349,103000,2.1,0.000243,0.042,bf16,50.0,385.6,2.1724,2.3143,10.12,1.101,1.349e+21,1.3490073484140001e+21,0.9999945527250027,7.348414000136192e-06,True
577,1.040867,218.104,1.3621,104000,2.1,0.000243,0.023,bf16,50.5,385.6,2.1646,2.3138,10.11,0.913,1.3621000000000001e+21,1.362103537008e+21,0.9999974032752255,3.537007999975424e-06,True
578,1.040867,220.201,1.3752,105000,2.1,0.000243,0.011,bf16,51.0,385.6,2.1688,2.3131,10.11,1.037,1.3752e+21,1.375199725602e+21,1.0000001995331986,2.743979999232e-07,True
579,1.040867,222.298,1.3883,106000,2.1,0.000243,0.011,fp16,51.5,385.6,2.1967,2.3122,10.1,0.739,1.3883e+21,1.388295914196e+21,1.0000029430353847,4.085804000083968e-06,True
580,1.040867,224.395,1.4014,107000,2.1,0.000243,0.032,bf16,52.0,385.6,2.1569,2.3117,10.09,1.24,1.4014e+21,1.40139210279e+21,1.0000056352608127,7.897209999982592e-06,True
581,1.040867,226.492,1.4145,108000,2.1,0.000243,0.099,bf16,52.5,385.6,2.1935,2.3109,10.08,0.942,1.4145000000000001e+21,1.414488291384e+21,1.0000082776337362,1.170861600014336e-05,True
582,1.040867,228.59,1.4276,109000,2.1,0.000243,0.072,fp16,53.0,385.6,2.2416,2.3101,10.08,0.85,1.4276e+21,1.42759072518e+21,1.000006496834027,9.274819999956992e-06,True
583,1.040867,230.687,1.4407,110000,2.1,0.000243,0.03,bf16,53.4,385.6,2.1757,2.3096,10.07,0.866,1.4407e+21,1.440686913774e+21,1.0000090833239859,1.308622600011776e-05,True
584,1.040867,232.784,1.4538,111000,2.1,0.000243,0.053,bf16,53.9,385.6,2.1996,2.309,10.06,1.099,1.4538e+21,1.453783102368e+21,1.0000116232139253,1.6897632000016385e-05,True
585,1.040867,234.881,1.4669,112000,2.1,0.000243,0.029,bf16,54.4,385.6,2.1937,2.3081,10.06,0.897,1.4669000000000001e+21,1.466879290962e+21,1.0000141177519704,2.0709038000177154e-05,True
586,1.040867,236.978,1.48,113000,2.1,0.000243,0.091,bf16,54.9,385.6,2.252,2.3075,10.05,1.281,1.48e+21,1.479975479556e+21,1.0000165681420663,2.4520444000075776e-05,True
587,1.040867,239.075,1.4931,114000,2.1,0.000243,0.05,fp16,55.4,385.6,2.147,2.3068,10.04,0.927,1.4931e+21,1.49307166815e+21,1.0000189755459197,2.8331850000236545e-05,True
588,1.040867,241.172,1.5062,115000,2.1,0.000243,0.029,bf16,55.9,385.6,2.1243,2.3061,10.03,1.219,1.5062e+21,1.5061678567439999e+21,1.0000213410848307,3.214325600013517e-05,True
589,1.040867,243.27,1.5193,116000,2.1,0.000243,0.015,fp16,56.4,385.6,2.1899,2.3056,10.03,0.772,1.5193000000000001e+21,1.5192702905400002e+21,1.0000195550852176,2.97094599999488e-05,True
590,1.040867,245.367,1.5324,117000,2.1,0.000243,0.036,bf16,56.8,385.6,2.2284,2.3048,10.02,14.222,1.5324e+21,1.532366479134e+21,1.000021875227928,3.3520866000109565e-05,True
591,1.040867,247.464,1.5455,118000,2.1,0.000243,0.055,bf16,57.3,385.6,2.1628,2.3042,10.02,1.215,1.5455e+21,1.5454626677279999e+21,1.000024156049046,3.733227200027034e-05,True
592,1.040867,249.561,1.5586,119000,2.1,0.000243,0.07,fp16,57.8,385.6,2.1244,2.3036,10.01,0.753,1.5586e+21,1.558558856322e+21,1.0000263985398004,4.1143677999906816e-05,True
593,1.040867,251.658,1.5717,120000,2.1,0.000243,0.041,bf16,58.3,385.6,2.2103,2.303,10.0,1.15,1.5717000000000001e+21,1.5716550449159998e+21,1.0000286036583828,4.495508400032973e-05,True
594,1.040867,253.755,1.5848,121000,2.1,0.000243,0.021,fp16,58.8,385.6,2.2534,2.3024,10.0,1.145,1.5848e+21,1.58475123351e+21,1.000030772331309,4.876648999996621e-05,True
595,1.040867,255.853,1.5979,122000,2.1,0.000243,0.032,bf16,59.3,385.6,2.1592,2.3019,9.99,1.299,1.5979e+21,1.597853667306e+21,1.0000289968317801,4.633269400004199e-05,True
596,1.040867,257.95,1.6109,123000,2.1,0.000243,0.09,fp16,59.8,385.6,2.1615,2.3011,9.99,1.325,1.6109e+21,1.6109498559e+21,0.9999690518610387,4.9855900000190465e-05,True
597,1.040867,260.047,1.624,124000,2.1,0.000243,0.026,fp16,60.2,385.6,2.1967,2.3005,9.98,1.347,1.624e+21,1.624046044494e+21,0.9999716482829066,4.604449400002969e-05,True
598,1.040867,262.144,1.6371,125000,2.1,0.000243,0.055,bf16,60.7,385.6,2.2224,2.2999,9.97,1.496,1.6370999999999999e+21,1.637142233088e+21,0.9999742031650356,4.2233088000131074e-05,True
599,1.040867,264.241,1.6502,126000,2.1,0.000243,0.076,bf16,61.2,385.6,2.1614,2.2994,9.97,0.723,1.6502e+21,1.650238421682e+21,0.9999767174963962,3.84216819999703e-05,True
600,1.040867,266.338,1.6633,127000,2.1,0.000243,0.015,fp16,61.7,385.6,2.198,2.2989,9.96,1.126,1.6633000000000001e+21,1.6633346102760002e+21,0.9999791922348118,3.461027600007168e-05,True
601,1.040867,268.435,1.6764,128000,2.1,0.000243,0.066,bf16,62.2,385.6,2.2103,2.2983,9.96,0.982,1.6764e+21,1.67643079887e+21,0.9999816283081767,3.079886999991091e-05,True
602,1.040867,270.533,1.6895,129000,2.1,0.000243,0.041,fp16,62.7,385.6,2.2428,2.2976,9.95,0.846,1.6895e+21,1.689533232666e+21,0.999980330267936,3.323266599983514e-05,True
603,1.040867,272.63,1.7026,130000,2.1,0.000243,0.064,bf16,63.2,385.6,2.1296,2.2972,9.95,1.54,1.7026e+21,1.70262942126e+21,0.9999827201036041,2.9421259999936513e-05,True
604,1.040867,274.727,1.7157,131000,2.1,0.000243,0.057,bf16,63.6,385.6,2.221,2.2967,9.94,0.804,1.7157000000000001e+21,1.715725609854e+21,0.9999850734558878,2.5609853999775744e-05,True
605,1.040867,276.824,1.7288,132000,2.1,0.000243,0.07,bf16,64.1,385.6,2.2286,2.2961,9.94,1.324,1.7288e+21,1.7288217984480001e+21,0.9999873911538947,2.1798448000139265e-05,True
606,1.040867,278.921,1.7419,133000,2.1,0.000243,0.03,bf16,64.6,385.6,2.2099,2.2957,9.93,0.791,1.7419e+21,1.7419179870419998e+21,0.9999896740017994,1.7987041999716353e-05,True
607,1.040867,281.018,1.755,134000,2.1,0.000243,0.014,bf16,65.1,385.6,2.1291,2.2949,9.92,1.64,1.755e+21,1.7550141756359998e+21,0.999991922779772,1.4175635999817727e-05,True
608,1.040867,283.116,1.7681,135000,2.1,0.000243,0.047,bf16,65.6,385.6,2.209,2.2943,9.92,0.701,1.7681000000000001e+21,1.768116609432e+21,0.999990606144464,1.660943199974195e-05,True
609,1.040867,285.213,1.7812,136000,2.1,0.000243,0.08,bf16,66.1,385.6,2.2085,2.2937,9.91,0.675,1.7812e+21,1.781212798026e+21,0.999992814993237,1.2798026000105472e-05,True
610,1.040867,287.31,1.7943,137000,2.1,0.000243,0.088,bf16,66.6,385.6,2.1193,2.2935,9.91,0.738,1.7943e+21,1.79430898662e+21,0.9999949915983998,8.986619999944703e-06,True
611,1.040867,289.407,1.8074,138000,2.1,0.000243,0.024,fp16,67.0,385.6,2.1905,2.2929,9.9,1.756,1.8074e+21,1.8074051752139998e+21,0.9999971366608491,5.175213999783936e-06,True
612,1.040867,291.504,1.8205,139000,2.1,0.000243,0.039,bf16,67.5,385.6,2.1751,2.2923,9.9,1.027,1.8205000000000001e+21,1.820501363808e+21,0.9999992508613138,1.363807999885312e-06,True
613,1.040867,293.601,1.8336,140000,2.1,0.000243,0.045,fp16,68.0,385.6,2.2125,2.2919,9.89,0.612,1.8336e+21,1.833597552402e+21,1.000001334861075,2.447598000013312e-06,True
614,1.040867,295.698,1.8467,141000,2.1,0.000243,0.053,fp16,68.5,385.6,2.2093,2.2912,9.89,1.115,1.8467e+21,1.846693740996e+21,1.0000033893026554,6.25900400017408e-06,True
615,1.040867,297.796,1.8598,142000,2.1,0.000243,0.018,bf16,69.0,385.6,2.2044,2.2911,9.89,0.958,1.8598e+21,1.859796174792e+21,1.0000020567888308,3.825207999987712e-06,True
616,1.040867,299.893,1.8729,143000,2.1,0.000243,0.041,bf16,69.5,385.6,2.2132,2.2904,9.88,0.791,1.8729000000000001e+21,1.8728923633859997e+21,1.0000040774441445,7.636614000410624e-06,True
624,1.416184,0.134,0.0011,64,2.09,0.000235,0.056,bf16,0.0,449.8,3.9619,4.1816,65.47,1.172,1.1000000000000001e+18,1.1386119360000003e+18,0.9660885901691443,3.861193600000013e-05,True
625,1.416184,0.268,0.0023,128,2.09,0.000235,0.1,bf16,0.1,449.8,3.5643,3.7976,44.6,1.349,2.3e+18,2.2772238720000005e+18,1.0100017079041053,2.277612799999949e-05,True
626,1.416184,0.537,0.0046,256,2.1,0.000235,0.071,fp16,0.2,449.8,3.2775,3.4805,32.48,0.976,4.6e+18,4.562944848000001e+18,1.0081208853567978,3.7055151999998976e-05,True
627,1.416184,1.074,0.0091,512,2.1,0.000235,0.045,bf16,0.3,449.8,3.1354,3.22,25.03,0.771,9.1e+18,9.125889696000002e+18,0.9971630496463978,2.588969600000205e-05,True
628,1.416184,2.097,0.0178,1000,2.1,0.000235,0.052,bf16,0.7,449.8,2.8084,3.0125,20.34,0.583,1.78e+19,1.7818427088000002e+19,0.9989658409292248,1.842708800000205e-05,True
629,1.416184,4.194,0.0356,2000,2.1,0.000235,0.06,bf16,1.3,449.8,2.6609,2.8347,17.02,0.992,3.56e+19,3.5636854176000004e+19,0.9989658409292248,3.68541760000041e-05,True
630,1.416184,6.291,0.0535,3000,2.1,0.000235,0.088,fp16,2.0,449.8,2.6348,2.7458,15.58,0.994,5.35e+19,5.345528126400001e+19,1.0008365634777814,4.471873599999181e-05,True
631,1.416184,8.389,0.0713,4000,2.1,0.000235,0.028,bf16,2.6,449.8,2.6267,2.6879,14.7,0.631,7.13e+19,7.1282205456e+19,1.0002496351492798,1.7794544e-05,True
632,1.416184,10.486,0.0891,5000,2.1,0.000235,0.078,bf16,3.3,449.8,2.4696,2.6471,14.11,0.861,8.91e+19,8.910063254400002e+19,0.9999929007911397,6.32544000016384e-07,True
633,1.416184,12.583,0.1069,6000,2.1,0.000235,0.014,fp16,4.0,449.8,2.5623,2.6148,13.66,11.416,1.069e+20,1.06919059632e+20,0.9998217377512896,1.9059632000008193e-05,True
634,1.416184,14.68,0.1247,7000,2.1,0.000235,0.071,bf16,4.6,449.8,2.4588,2.589,13.32,0.86,1.247e+20,1.2473748672000002e+20,0.9996994751057943,3.748672000001638e-05,True
635,1.416184,16.777,0.1426,8000,2.1,0.000235,0.092,bf16,5.3,449.8,2.4459,2.5674,13.03,1.342,1.426e+20,1.4255591380800002e+20,1.000309255441057,4.4086191999975425e-05,True
636,1.416184,18.874,0.1604,9000,2.1,0.000235,0.089,bf16,5.9,449.8,2.4119,2.5491,12.8,0.795,1.604e+20,1.6037434089600002e+20,1.0001599950706368,2.5659103999983616e-05,True
637,1.416184,20.972,0.1782,10000,2.1,0.000235,0.022,bf16,6.6,449.8,2.409,2.5336,12.6,0.935,1.782e+20,1.7820126508800003e+20,0.9999929007911397,1.265088000032768e-06,True
638,1.416184,23.069,0.196,11000,2.1,0.000235,0.043,bf16,7.3,449.8,2.4611,2.5196,12.42,1.754,1.96e+20,1.9601969217600002e+20,0.9998995398075499,1.9692176000024576e-05,True
639,1.416184,25.166,0.2138,12000,2.1,0.000235,0.025,bf16,7.9,449.8,2.3225,2.507,12.27,1.047,2.138e+20,2.13838119264e+20,0.9998217377512896,3.8119264000016386e-05,True
640,1.416184,27.263,0.2317,13000,2.1,0.000235,0.035,bf16,8.6,449.8,2.3671,2.4958,12.13,0.998,2.317e+20,2.3165654635200004e+20,1.0001875778979021,4.345364799995904e-05,True
641,1.416184,29.36,0.2495,14000,2.1,0.000235,0.049,bf16,9.3,449.8,2.3566,2.4859,12.01,0.727,2.495e+20,2.4947497344000003e+20,1.0001003169161815,2.5026559999967233e-05,True
642,1.416184,31.457,0.2673,15000,2.1,0.000235,0.061,bf16,9.9,449.8,2.293,2.4769,11.9,1.117,2.6729999999999997e+20,2.6729340052800002e+20,1.0000246899922964,6.599471999942656e-06,True
643,1.416184,33.554,0.2851,16000,2.1,0.000235,0.08,bf16,10.6,449.8,2.343,2.4682,11.8,0.921,2.8510000000000003e+20,2.8511182761600005e+20,0.9999585158704256,1.1827616000016384e-05,True
644,1.416184,35.652,0.3029,17000,2.1,0.000235,0.099,bf16,11.2,449.8,2.3154,2.4602,11.71,0.489,3.029e+20,3.0293875180800003e+20,0.9998720803866499,3.875180800003277e-05,True
645,1.416184,37.749,0.3208,18000,2.1,0.000235,0.047,bf16,11.9,449.8,2.29,2.4532,11.63,6.417,3.208e+20,3.207571788960001e+20,1.000133500064277,4.282110399990989e-05,True
646,1.416184,39.846,0.3386,19000,2.1,0.000235,0.095,bf16,12.6,449.8,2.3217,2.4464,11.55,0.983,3.386e+20,3.38575605984e+20,1.0000720489473218,2.4394015999983616e-05,True
647,1.416184,41.943,0.3564,20000,2.1,0.000235,0.024,bf16,13.2,449.8,2.2694,2.4398,11.47,0.894,3.564e+20,3.56394033072e+20,1.0000167425025288,5.966927999991808e-06,True
648,1.416184,44.04,0.3742,21000,2.1,0.000235,0.051,fp16,13.9,449.8,2.2506,2.4342,11.41,1.09,3.742e+20,3.7421246016000007e+20,0.9999667029793857,1.2460160000065535e-05,True
649,1.416184,46.137,0.392,22000,2.1,0.000235,0.032,bf16,14.5,449.8,2.2355,2.4287,11.34,1.857,3.92e+20,3.9203088724800006e+20,0.9999212122080051,3.0887248000057343e-05,True
650,1.416184,48.234,0.4098,23000,2.1,0.000235,0.037,bf16,15.2,449.8,2.2426,2.4235,11.29,1.252,4.098e+20,4.0984931433600005e+20,0.999879676909842,4.931433600004915e-05,True
651,1.416184,50.332,0.4277,24000,2.1,0.000235,0.097,bf16,15.9,449.8,2.2343,2.4187,11.23,17.89,4.277e+20,4.27676238528e+20,1.0000555594860303,2.3761471999967233e-05,True
652,1.416184,52.429,0.4455,25000,2.1,0.000235,0.068,bf16,16.5,449.8,2.3349,2.4139,11.18,1.032,4.455e+20,4.454946656160001e+20,1.0000119740693023,5.334383999909888e-06,True
653,1.416184,54.526,0.4633,26000,2.1,0.000235,0.089,fp16,17.2,449.8,2.3035,2.4093,11.13,1.114,4.633e+20,4.633130927040001e+20,0.9999717411309841,1.309270400008192e-05,True
654,1.416184,56.623,0.4811,27000,2.1,0.000235,0.062,fp16,17.8,449.8,2.3443,2.4049,11.08,1.554,4.811e+20,4.81131519792e+20,0.9999344881997886,3.151979200000819e-05,True
655,1.416184,58.72,0.4989,28000,2.1,0.000235,0.056,bf16,18.5,449.8,2.3457,2.4013,11.04,0.942,4.989e+20,4.9894994688000007e+20,0.9998998960109879,4.994688000006553e-05,True
656,1.416184,60.817,0.5168,29000,2.1,0.000235,0.049,bf16,19.2,449.8,2.2617,2.3971,10.99,1.046,5.1680000000000007e+20,5.1676837396800006e+20,1.0000611996275182,3.162603200000819e-05,True
657,1.416184,62.915,0.5346,30000,2.1,0.000235,0.021,bf16,19.8,449.8,2.2911,2.3934,10.95,1.527,5.3459999999999993e+20,5.3459529816000004e+20,1.000008795139082,4.701839999893504e-06,True
658,1.416184,65.012,0.5524,31000,2.1,0.000235,0.055,bf16,20.5,449.8,2.2831,2.3898,10.91,1.26,5.524e+20,5.524137252480001e+20,0.9999751540423911,1.3725248000098303e-05,True
659,1.416184,67.109,0.5702,32000,2.1,0.000235,0.074,fp16,21.2,449.8,2.3127,2.3865,10.87,0.656,5.7020000000000007e+20,5.70232152336e+20,0.9999436153575904,3.215233599995904e-05,True
660,1.416184,69.206,0.5881,33000,2.1,0.000235,0.09,fp16,21.8,449.8,2.317,2.3831,10.84,0.722,5.8809999999999993e+20,5.880505794240001e+20,1.0000840413694487,4.942057599985254e-05,True
661,1.416184,71.303,0.6059,34000,2.1,0.000235,0.026,fp16,22.5,449.8,2.2766,2.3799,10.8,1.515,6.059e+20,6.058690065120001e+20,1.0000511554274385,3.099348799992627e-05,True
662,1.416184,73.4,0.6237,35000,2.1,0.000235,0.052,bf16,23.1,449.8,2.2485,2.3769,10.77,1.765,6.237e+20,6.236874336e+20,1.000020148554104,1.2566399999934464e-05,True
663,1.416184,75.497,0.6415,36000,2.1,0.000235,0.044,fp16,23.8,449.8,2.3158,2.374,10.74,0.699,6.415e+20,6.41505860688e+20,0.9999908641707594,5.860688000057344e-06,True
664,1.416184,77.595,0.6593,37000,2.1,0.000235,0.062,bf16,24.5,449.8,2.2004,2.3712,10.71,1.298,6.593e+20,6.5933278488e+20,0.999950275671479,3.278488000004096e-05,True
665,1.416184,79.692,0.6772,38000,2.1,0.000235,0.039,fp16,25.1,449.8,2.1917,2.3684,10.68,1.313,6.772e+20,6.77151211968e+20,1.0000720489473218,4.878803199996723e-05,True
666,1.416184,81.789,0.695,39000,2.1,0.000235,0.031,fp16,25.8,449.8,2.2976,2.3659,10.65,0.626,6.95e+20,6.949696390560002e+20,1.0000436867199567,3.0360943999844352e-05,True
667,1.416184,83.886,0.7128,40000,2.1,0.000235,0.044,bf16,26.4,449.8,2.2284,2.3633,10.63,0.919,7.128e+20,7.12788066144e+20,1.0000167425025288,1.1933855999983616e-05,True
668,1.416184,85.983,0.7306,41000,2.1,0.000235,0.094,bf16,27.1,449.8,2.2756,2.361,10.6,0.599,7.306e+20,7.306064932320001e+20,0.9999911125454533,6.493232000139264e-06,True
669,1.416184,88.08,0.7484,42000,2.1,0.000235,0.07,fp16,27.8,449.8,2.304,2.3581,10.57,1.746,7.484e+20,7.484249203200001e+20,0.9999667029793857,2.492032000013107e-05,True
670,1.416184,90.178,0.7663,43000,2.1,0.000235,0.055,bf16,28.4,449.8,2.1823,2.3562,10.55,10.531,7.663e+20,7.662518445120001e+20,1.0000628455100562,4.815548799988531e-05,True
671,1.416184,92.275,0.7841,44000,2.1,0.000235,0.026,bf16,29.1,449.8,2.2165,2.354,10.53,0.982,7.841e+20,7.840702716000001e+20,1.0000379154791053,2.9728399999893502e-05,True
672,1.416184,94.372,0.8019,45000,2.1,0.000235,0.099,bf16,29.7,449.8,2.2208,2.3514,10.5,1.375,8.019e+20,8.018886986880001e+20,1.0000140933673443,1.1301311999901696e-05,True
673,1.416184,96.469,0.8197,46000,2.1,0.000235,0.033,fp16,30.4,449.8,2.2936,2.3495,10.48,0.664,8.197e+20,8.197071257760001e+20,0.9999913069244173,7.125776000090112e-06,True
674,1.416184,98.566,0.8375,47000,2.1,0.000235,0.062,bf16,31.1,449.8,2.2986,2.3474,10.46,0.735,8.375e+20,8.375255528640001e+20,0.9999694900484973,2.555286400008192e-05,True
675,1.416184,100.663,0.8553,48000,2.1,0.000235,0.032,bf16,31.7,449.8,2.2596,2.3453,10.44,1.221,8.553e+20,8.553439799520001e+20,0.9999485821458607,4.397995200007373e-05,True
676,1.416184,102.76,0.8732,49000,2.1,0.000235,0.024,fp16,32.4,449.8,2.2892,2.3434,10.42,0.55,8.732e+20,8.731624070400002e+20,1.000043053800412,3.7592959999803395e-05,True
677,1.416184,104.858,0.891,50000,2.1,0.000235,0.065,bf16,33.1,449.8,2.2195,2.3414,10.4,1.0,8.91e+20,8.909893312320002e+20,1.0000119740693023,1.0668767999819776e-05,True
678,1.416184,106.955,0.9088,51000,2.1,0.000235,0.02,bf16,33.7,449.8,2.1827,2.3399,10.38,9.201,9.088e+20,9.0880775832e+20,0.999991463189075,7.75832000004096e-06,True
679,1.416184,109.052,0.9266,52000,2.1,0.000235,0.09,bf16,34.4,449.8,2.2006,2.338,10.36,0.923,9.266e+20,9.266261854080002e+20,0.9999717411309841,2.618540800016384e-05,True
680,1.416184,111.149,0.9444,53000,2.1,0.000235,0.033,bf16,35.0,449.8,2.2877,2.3362,10.34,1.954,9.444e+20,9.444446124960002e+20,0.9999527632479344,4.461249600015565e-05,True
681,1.416184,113.246,0.9623,54000,2.1,0.000235,0.017,fp16,35.7,449.8,2.2346,2.3345,10.32,0.931,9.623e+20,9.62263039584e+20,1.0000384098884396,3.696041599998362e-05,True
682,1.416184,115.343,0.9801,55000,2.1,0.000235,0.021,bf16,36.4,449.8,2.2428,2.3326,10.3,0.807,9.801e+20,9.800814666720001e+20,1.0000189099872103,1.8533327999860735e-05,True
683,1.416184,117.441,0.9979,56000,2.1,0.000235,0.091,bf16,37.0,449.8,2.1707,2.331,10.29,1.109,9.979e+20,9.979083908640001e+20,0.9999915915488066,8.39086400012288e-06,True
684,1.416184,119.538,1.0157,57000,2.1,0.000235,0.02,fp16,37.7,449.8,2.2341,2.3295,10.27,0.596,1.0157e+21,1.0157268179520001e+21,0.9999735972787898,2.6817952000114687e-05,True
685,1.416184,121.635,1.0335,58000,2.1,0.000235,0.073,bf16,38.3,449.8,2.1589,2.3277,10.25,1.419,1.0335000000000001e+21,1.0335452450400001e+21,0.9999562234549314,4.524503999997542e-05,True
686,1.416184,123.732,1.0514,59000,2.1,0.000235,0.081,bf16,39.0,449.8,2.2357,2.3264,10.24,0.762,1.0513999999999999e+21,1.0513636721280001e+21,1.000034553098003,3.632787199977062e-05,True
687,1.416184,125.829,1.0692,60000,2.1,0.000235,0.024,fp16,39.7,449.8,2.1783,2.3248,10.22,0.839,1.0691999999999999e+21,1.0691820992160001e+21,1.0000167425025288,1.7900783999778815e-05,True
688,1.416184,127.926,1.087,61000,2.1,0.000235,0.049,bf16,40.3,449.8,2.2273,2.3233,10.21,0.534,1.087e+21,1.0870005263040001e+21,0.9999995158199215,5.2630400008192e-07,True
689,1.416184,130.023,1.1048,62000,2.1,0.000235,0.057,fp16,41.0,449.8,2.1772,2.3219,10.2,0.624,1.1048e+21,1.1048189533920001e+21,0.9999828447982886,1.8953392000073728e-05,True
690,1.416184,132.121,1.1226,63000,2.1,0.000235,0.022,bf16,41.6,449.8,2.2253,2.3205,10.18,0.856,1.1226e+21,1.1226458775840002e+21,0.9999591344119136,4.587758400018841e-05,True
691,1.416184,134.218,1.1405,64000,2.1,0.000235,0.08,bf16,42.3,449.8,2.2235,2.319,10.17,1.05,1.1405000000000001e+21,1.140464304672e+21,1.0000312989436442,3.569532800008192e-05,True
692,1.416184,136.315,1.1583,65000,2.1,0.000235,0.02,bf16,43.0,449.8,2.236,2.3178,10.15,1.13,1.1583000000000001e+21,1.1582827317600002e+21,1.000014908484368,1.726823999995904e-05,True
693,1.416184,138.412,1.1761,66000,2.1,0.000235,0.066,bf16,43.6,449.8,2.2294,2.3162,10.14,0.808,1.1760999999999999e+21,1.1761011588480002e+21,0.9999990146697914,1.158848000294912e-06,True
694,1.416184,140.509,1.1939,67000,2.1,0.000235,0.07,fp16,44.3,449.8,2.2429,2.3151,10.13,1.234,1.1938999999999999e+21,1.1939195859360002e+21,0.9999835952636752,1.958593600028672e-05,True
695,1.416184,142.606,1.2117,68000,2.1,0.000235,0.069,fp16,45.0,449.8,2.2629,2.3138,10.11,14.42,1.2117e+21,1.2117380130240001e+21,0.9999686293377019,3.801302400027853e-05,True
696,1.416184,144.703,1.2296,69000,2.1,0.000235,0.075,bf16,45.6,449.8,2.1368,2.3125,10.1,0.995,1.2296e+21,1.2295564401120001e+21,1.000035427318811,4.355988799986074e-05,True
697,1.416184,146.801,1.2474,70000,2.1,0.000235,0.075,fp16,46.3,449.8,2.1584,2.3113,10.09,1.314,1.2474e+21,1.247383364304e+21,1.0000133364741555,1.6635696000008192e-05,True
698,1.416184,148.898,1.2652,71000,2.1,0.000235,0.06,bf16,46.9,449.8,2.1681,2.3099,10.07,1.323,1.2652e+21,1.2652017913920002e+21,0.9999985841057036,1.79139200024576e-06,True
699,1.416184,150.995,1.283,72000,2.1,0.000235,0.056,fp16,47.6,449.8,2.1424,2.3089,10.06,0.907,1.283e+21,1.2830202184800002e+21,0.9999842414954113,2.0218480000237567e-05,True
700,1.416184,153.092,1.3008,73000,2.1,0.000235,0.025,bf16,48.3,449.8,2.2416,2.3077,10.05,9.152,1.3008e+21,1.3008386455680002e+21,0.9999702918051121,3.864556800022938e-05,True
701,1.416184,155.189,1.3187,74000,2.1,0.000235,0.091,fp16,48.9,449.8,2.2049,2.3065,10.04,1.006,1.3186999999999999e+21,1.3186570726560002e+21,1.0000325538344197,4.292734399964774e-05,True
702,1.416184,157.286,1.3365,75000,2.1,0.000235,0.089,fp16,49.6,449.8,2.2089,2.3055,10.03,1.546,1.3365000000000001e+21,1.3364754997440002e+21,1.0000183319903766,2.450025599991808e-05,True
703,1.416184,159.384,1.3543,76000,2.1,0.000235,0.048,fp16,50.2,449.8,2.1983,2.3042,10.02,1.547,1.3543e+21,1.354302423936e+21,0.9999982101959229,2.423935999934464e-06,True
704,1.416184,161.481,1.3721,77000,2.1,0.000235,0.047,fp16,50.9,449.8,2.252,2.303,10.0,1.177,1.3721000000000001e+21,1.372120851024e+21,0.9999848037991811,2.085102399992627e-05,True
705,1.416184,163.578,1.3899,78000,2.1,0.000235,0.079,bf16,51.6,449.8,2.2057,2.3019,9.99,0.844,1.3898999999999999e+21,1.3899392781120003e+21,0.999971741130984,3.927811200044237e-05,True
706,1.416184,165.675,1.4078,79000,2.1,0.000235,0.097,bf16,52.2,449.8,2.2043,2.3011,9.99,1.08,1.4078e+21,1.4077577052000003e+21,1.000030044090573,4.22947999996969e-05,True
707,1.416184,167.772,1.4256,80000,2.1,0.000235,0.01,fp16,52.9,449.8,2.2125,2.2999,9.97,1.207,1.4256e+21,1.425576132288e+21,1.0000167425025288,2.386771199996723e-05,True
708,1.416184,169.869,1.4434,81000,2.1,0.000235,0.069,bf16,53.5,449.8,2.1524,2.2991,9.97,0.706,1.4434e+21,1.4433945593760003e+21,1.0000037693255557,5.44062399971328e-06,True
709,1.416184,171.966,1.4612,82000,2.1,0.000235,0.072,bf16,54.2,449.8,2.1469,2.2978,9.95,0.845,1.4612e+21,1.4612129864640003e+21,0.9999911125454533,1.2986464000278528e-05,True
710,1.416184,174.064,1.479,83000,2.1,0.000235,0.074,bf16,54.9,449.8,2.234,2.2971,9.95,1.078,1.479e+21,1.479039910656e+21,0.9999730158356698,3.991065600013107e-05,True
711,1.416184,176.161,1.4969,84000,2.1,0.000235,0.039,bf16,55.5,449.8,2.1359,2.296,9.93,1.514,1.4969e+21,1.496858337744e+21,1.0000278331322003,4.166225599974605e-05,True
712,1.416184,178.258,1.5147,85000,2.1,0.000235,0.045,bf16,56.2,449.8,2.2264,2.295,9.92,0.864,1.5146999999999999e+21,1.5146767648320004e+21,1.0000153400174472,2.3235167999492095e-05,True
713,1.416184,180.355,1.5325,86000,2.1,0.000235,0.042,bf16,56.9,449.8,2.178,2.294,9.91,0.778,1.5325e+21,1.53249519192e+21,1.0000031374193048,4.808079999762432e-06,True
714,1.416184,182.452,1.5503,87000,2.1,0.000235,0.057,fp16,57.5,449.8,2.172,2.2932,9.91,1.378,1.5503e+21,1.550313619008e+21,0.9999912153206726,1.3619007999967231e-05,True
715,1.416184,184.549,1.5681,88000,2.1,0.000235,0.053,bf16,58.2,449.8,2.2274,2.2922,9.9,0.635,1.5681000000000001e+21,1.5681320460960004e+21,0.9999795641597402,3.2046096000221184e-05,True
716,1.416184,186.647,1.586,89000,2.1,0.000235,0.084,fp16,58.8,449.8,2.1255,2.2914,9.89,1.122,1.586e+21,1.5859589702880002e+21,1.0000258706011746,4.10297119997952e-05,True
717,1.416184,188.744,1.6038,90000,2.1,0.000235,0.057,bf16,59.5,449.8,2.1546,2.2904,9.88,1.029,1.6038e+21,1.6037773973760002e+21,1.0000140933673443,2.2602623999803392e-05,True
718,1.416184,190.841,1.6216,91000,2.1,0.000235,0.03,bf16,60.2,449.8,2.2426,2.2895,9.87,1.287,1.6216e+21,1.6215958244640002e+21,1.0000025749548296,4.175535999811584e-06,True
719,1.416184,192.938,1.6394,92000,2.1,0.000235,0.033,bf16,60.8,449.8,2.1431,2.2886,9.86,0.929,1.6394e+21,1.6394142515520002e+21,0.9999913069244173,1.4251552000180224e-05,True
720,1.416184,195.035,1.6572,93000,2.1,0.000235,0.024,fp16,61.5,449.8,2.1339,2.2878,9.85,0.759,1.6572e+21,1.6572326786400002e+21,0.9999802811998452,3.2678640000172034e-05,True
721,1.416184,197.132,1.6751,94000,2.1,0.000235,0.079,bf16,62.1,449.8,2.2354,2.287,9.85,1.098,1.6751e+21,1.6750511057280002e+21,1.0000291897195452,4.889427199996723e-05,True
722,1.416184,199.229,1.6929,95000,2.1,0.000235,0.025,bf16,62.8,449.8,2.1248,2.286,9.84,0.76,1.6929000000000001e+21,1.6928695328160004e+21,1.000017997360936,3.046718399971328e-05,True
723,1.416184,201.327,1.7107,96000,2.1,0.000235,0.066,fp16,63.5,449.8,2.2383,2.2852,9.83,0.915,1.7107e+21,1.7106964570080003e+21,1.000002071081626,3.542991999860736e-06,True
724,1.416184,203.424,1.7285,97000,2.1,0.000235,0.076,bf16,64.1,449.8,2.1505,2.2845,9.82,9.282,1.7285e+21,1.7285148840960003e+21,0.9999913890842727,1.4884096000393216e-05,True
725,1.416184,205.521,1.7463,98000,2.1,0.000235,0.08,fp16,64.8,449.8,2.2249,2.2837,9.81,0.972,1.7462999999999999e+21,1.746333311184e+21,0.9999809250709548,3.331118400012288e-05,True
726,1.416184,207.618,1.7642,99000,2.1,0.000235,0.013,bf16,65.4,449.8,2.1514,2.2829,9.8,1.105,1.7642e+21,1.7641517382720002e+21,1.0000273569030105,4.826172799975424e-05,True
727,1.416184,209.715,1.782,100000,2.1,0.000235,0.012,bf16,66.1,449.8,2.132,2.2821,9.8,1.083,1.782e+21,1.7819701653600002e+21,1.0000167425025288,2.983463999976243e-05,True
728,1.416184,211.812,1.7998,101000,2.1,0.000235,0.078,bf16,66.8,449.8,2.1352,2.2814,9.79,0.978,1.7998e+21,1.7997885924480002e+21,1.0000063382733104,1.1407551999770625e-05,True
729,1.416184,213.91,1.8176,102000,2.1,0.000235,0.045,bf16,67.4,449.8,2.1643,2.2805,9.78,1.085,1.8176e+21,1.81761551664e+21,0.999991463189075,1.551664000008192e-05,True
730,1.416184,216.007,1.8354,103000,2.1,0.000235,0.088,bf16,68.1,449.8,2.1004,2.2797,9.77,1.148,1.8354e+21,1.8354339437280003e+21,0.9999815064289749,3.3943728000335874e-05,True
731,1.416184,218.104,1.8533,104000,2.1,0.000235,0.086,bf16,68.7,449.8,2.2277,2.2791,9.77,1.286,1.8533e+21,1.8532523708160003e+21,1.0000257003227135,4.762918399954125e-05,True
732,1.416184,220.201,1.8711,105000,2.1,0.000235,0.092,bf16,69.4,449.8,2.1694,2.2782,9.76,1.09,1.8710999999999999e+21,1.871070797904e+21,1.0000156071571598,2.9202095999811585e-05,True
733,1.416184,222.298,1.8889,106000,2.1,0.000235,0.068,bf16,70.1,449.8,2.2034,2.2776,9.75,0.753,1.8889000000000001e+21,1.8888892249920003e+21,1.0000057044149848,1.0775007999819776e-05,True
734,1.416184,224.395,1.9067,107000,2.1,0.000235,0.033,bf16,70.7,449.8,2.1934,2.2767,9.74,1.246,1.9067e+21,1.9067076520800003e+21,0.9999959867575966,7.652080000172032e-06,True
735,1.416184,226.492,1.9245,108000,2.1,0.000235,0.049,bf16,71.4,449.8,2.1519,2.2763,9.74,0.875,1.9245000000000001e+21,1.924526079168e+21,0.9999864490441142,2.6079167999901695e-05,True
736,1.416184,228.59,1.9424,109000,2.1,0.000235,0.021,bf16,72.1,449.8,2.1325,2.2755,9.73,1.769,1.9424e+21,1.9423530033600001e+21,1.0000241957254519,4.699663999985254e-05,True
737,1.416184,230.687,1.9602,110000,2.1,0.000235,0.096,bf16,72.7,449.8,2.1142,2.2748,9.73,12.132,1.9602e+21,1.9601714304480004e+21,1.000014575027243,2.856955199959859e-05,True
738,1.416184,232.784,1.978,111000,2.1,0.000235,0.061,bf16,73.4,449.8,2.1169,2.2742,9.72,0.897,1.978e+21,1.9779898575360001e+21,1.0000051276622888,1.0142463999868928e-05,True
739,1.416184,234.881,1.9958,112000,2.1,0.000235,0.019,bf16,74.0,449.8,2.218,2.2736,9.71,1.212,1.9958e+21,1.995808284624e+21,0.9999958489880697,8.28462400012288e-06,True
740,1.416184,236.978,2.0136,113000,2.1,0.000235,0.097,bf16,74.7,449.8,2.2229,2.2728,9.71,1.139,2.0135999999999997e+21,2.0136267117120004e+21,0.999986734526392,2.6711712000638974e-05,True
741,1.416184,239.075,2.0314,114000,2.1,0.000235,0.094,bf16,75.4,449.8,2.1363,2.2719,9.7,0.601,2.0314e+21,2.0314451388e+21,0.999977779956181,4.51388000001065e-05,True
742,1.416184,241.172,2.0493,115000,2.1,0.000235,0.087,bf16,76.0,449.8,2.1475,2.2713,9.69,0.903,2.0493000000000001e+21,2.049263565888e+21,1.0000177791244653,3.643411200003277e-05,True
743,1.416184,243.27,2.0671,116000,2.1,0.000235,0.08,bf16,76.7,449.8,2.09,2.2707,9.69,1.353,2.0670999999999999e+21,2.0670904900800002e+21,1.000004600630715,9.509919999655937e-06,True
744,1.416184,245.367,2.0849,117000,2.1,0.000235,0.065,bf16,77.3,449.8,2.2179,2.2702,9.68,1.345,2.0849000000000001e+21,2.0849089171680002e+21,0.9999957229939751,8.917168000073728e-06,True
745,1.416184,247.464,2.1027,118000,2.1,0.000235,0.08,fp16,78.0,449.8,2.0963,2.2696,9.68,1.09,2.1027e+21,2.1027273442560002e+21,0.9999869958147095,2.7344256000065535e-05,True
746,1.416184,249.561,2.1205,119000,2.1,0.000235,0.082,fp16,78.7,449.8,2.1241,2.2688,9.67,0.758,2.1205e+21,2.1205457713440002e+21,0.9999784153001464,4.577134400031949e-05,True
747,1.416184,251.658,2.1384,120000,2.1,0.000235,0.031,fp16,79.3,449.8,2.1566,2.2683,9.66,1.196,2.1383999999999997e+21,2.1383641984320002e+21,1.0000167425025288,3.580156799955763e-05,True
748,1.416184,253.755,2.1562,121000,2.1,0.000235,0.025,bf16,80.0,449.8,2.22,2.2676,9.66,1.13,2.1562e+21,2.1561826255200002e+21,1.0000080579816357,1.7374479999827967e-05,True
749,1.416184,255.853,2.174,122000,2.1,0.000235,0.034,fp16,80.6,449.8,2.0924,2.267,9.65,1.719,2.174e+21,2.1740095497120003e+21,0.9999956073274832,9.54971200028672e-06,True
750,1.416184,257.95,2.1918,123000,2.1,0.000235,0.075,bf16,81.3,449.8,2.1991,2.2663,9.64,11.574,2.1918000000000003e+21,2.1918279768000003e+21,0.999987235859613,2.7976800000016385e-05,True
751,1.416184,260.047,2.2096,124000,2.1,0.000235,0.057,bf16,82.0,449.8,2.1517,2.2658,9.64,1.302,2.2096e+21,2.2096464038880005e+21,0.9999789994055525,4.640388800053248e-05,True
752,1.416184,262.144,2.2275,125000,2.1,0.000235,0.075,fp16,82.6,449.8,2.2109,2.2652,9.63,1.229,2.2275e+21,2.2274648309760003e+21,1.0000157888122456,3.516902399986893e-05,True
753,1.416184,264.241,2.2453,126000,2.1,0.000235,0.03,bf16,83.3,449.8,2.1836,2.2646,9.63,0.952,2.2453e+21,2.2452832580640003e+21,1.0000074564917096,1.6741935999614978e-05,True
754,1.416184,266.338,2.2631,127000,2.1,0.000235,0.099,bf16,84.0,449.8,2.2133,2.2642,9.62,2.012,2.2631e+21,2.2631016851520005e+21,0.9999992553794593,1.685152000376832e-06,True
755,1.416184,268.435,2.2809,128000,2.1,0.000235,0.088,bf16,84.6,449.8,2.1565,2.2635,9.62,0.736,2.2809e+21,2.2809201122400002e+21,0.9999911824005179,2.011224000036864e-05,True
756,1.416184,270.533,2.2987,129000,2.1,0.000235,0.07,fp16,85.3,449.8,2.0849,2.2632,9.61,0.567,2.2987e+21,2.2987470364320004e+21,0.9999795382304991,4.703643200022118e-05,True
757,1.416184,272.63,2.3166,130000,2.1,0.000235,0.049,bf16,85.9,449.8,2.1003,2.2625,9.61,0.785,2.3166000000000003e+21,2.3165654635200003e+21,1.000014908484368,3.453647999991808e-05,True
758,1.416184,274.727,2.3344,131000,2.1,0.000235,0.061,bf16,86.6,449.8,2.0874,2.2619,9.6,1.433,2.3344e+21,2.334383890608e+21,1.0000069009180814,1.610939199992627e-05,True
759,1.416184,276.824,2.3522,132000,2.1,0.000235,0.069,fp16,87.3,449.8,2.1763,2.2613,9.6,1.006,2.3521999999999997e+21,2.3522023176960003e+21,0.9999990146697914,2.317696000589824e-06,True
760,1.416184,278.921,2.37,133000,2.1,0.000235,0.095,bf16,87.9,449.8,2.0918,2.2609,9.59,1.118,2.37e+21,2.3700207447840003e+21,0.9999912470031977,2.074478400031949e-05,True
761,1.416184,281.018,2.3878,134000,2.1,0.000235,0.086,bf16,88.6,449.8,2.1599,2.2602,9.59,1.091,2.3877999999999997e+21,2.3878391718720003e+21,0.9999835952636752,3.917187200057344e-05,True
762,1.416184,283.116,2.4057,135000,2.1,0.000235,0.014,bf16,89.2,449.8,2.1914,2.2597,9.58,0.677,2.4057e+21,2.405666096064e+21,1.0000140933673443,3.390393599970509e-05,True
763,1.416184,285.213,2.4235,136000,2.1,0.000235,0.044,bf16,89.9,449.8,2.1796,2.2594,9.58,1.438,2.4235e+21,2.4234845231520007e+21,1.000006386196343,1.5476847999451135e-05,True
764,1.416184,287.31,2.4413,137000,2.1,0.000235,0.083,bf16,90.6,449.8,2.1075,2.2587,9.57,1.21,2.4413e+21,2.44130295024e+21,0.9999987915305636,2.950240000278528e-06,True
765,1.416184,289.407,2.4591,138000,2.1,0.000235,0.052,bf16,91.2,449.8,2.1346,2.2583,9.57,1.126,2.4590999999999996e+21,2.459121377328e+21,0.9999913069244172,2.137732800053248e-05,True
766,1.416184,291.504,2.4769,139000,2.1,0.000235,0.021,bf16,91.9,449.8,2.1934,2.2576,9.56,1.187,2.4769e+21,2.4769398044160007e+21,0.9999839300026873,3.980441600078643e-05,True
767,1.416184,293.601,2.4948,140000,2.1,0.000235,0.075,bf16,92.5,449.8,2.1187,2.2571,9.56,0.784,2.4948e+21,2.494758231504e+21,1.0000167425025288,4.176849599987712e-05,True
768,1.416184,295.698,2.5126,141000,2.1,0.000235,0.085,bf16,93.2,449.8,2.1534,2.2568,9.55,0.799,2.5125999999999997e+21,2.512576658592e+21,1.0000092898291957,2.3341407999623167e-05,True
769,1.416184,297.796,2.5304,142000,2.1,0.000235,0.066,fp16,93.9,449.8,2.1977,2.2561,9.55,0.868,2.5304e+21,2.5304035827840005e+21,0.9999985841057036,3.58278400049152e-06,True
770,1.416184,299.893,2.5482,143000,2.1,0.000235,0.012,bf16,94.5,449.8,2.1758,2.2558,9.54,1.445,2.5482000000000003e+21,2.548222009872e+21,0.9999913626552497,2.2009871999696895e-05,True
778,2.782831,0.134,0.0022,64,2.09,0.00022,0.03,bf16,0.1,630.5,3.8427,4.1162,61.33,0.926,2.2000000000000003e+18,2.2373961240000003e+18,0.9832858725377858,3.7396124e-05,True
779,2.782831,0.268,0.0045,128,2.09,0.00022,0.015,bf16,0.2,630.5,3.551,3.7324,41.78,0.873,4.4999999999999995e+18,4.4747922480000005e+18,1.005633278731826,2.5207751999998975e-05,True
780,2.782831,0.537,0.009,256,2.1,0.00022,0.023,fp16,0.3,630.5,3.3457,3.4164,30.46,1.623,8.999999999999999e+18,8.966281482000001e+18,1.0037605910619345,3.3718517999997955e-05,True
781,2.782831,1.074,0.0179,512,2.1,0.00022,0.077,bf16,0.7,630.5,2.9845,3.1558,23.47,0.781,1.79e+19,1.7932562964000002e+19,0.9981841433338128,3.256296400000205e-05,True
782,2.782831,2.097,0.035,1000,2.1,0.00022,0.023,fp16,1.3,630.5,2.8723,2.9476,19.06,0.98,3.5000000000000004e+19,3.5013579642e+19,0.9996121607062505,1.357964199999488e-05,True
783,2.782831,4.194,0.07,2000,2.1,0.00022,0.073,bf16,2.6,630.5,2.556,2.7702,15.96,0.908,7.000000000000001e+19,7.0027159284e+19,0.9996121607062505,2.715928399998976e-05,True
784,2.782831,6.291,0.105,3000,2.1,0.00022,0.049,bf16,3.9,630.5,2.607,2.6811,14.6,0.85,1.05e+20,1.0504073892600001e+20,0.9996121607062503,4.073892600001331e-05,True
785,2.782831,8.389,0.1401,4000,2.1,0.00022,0.089,fp16,5.2,630.5,2.5648,2.6238,13.79,0.799,1.401e+20,1.40071015554e+20,1.0002069267927085,2.898444600000512e-05,True
786,2.782831,10.486,0.1751,5000,2.1,0.00022,0.082,bf16,6.5,630.5,2.3945,2.5824,13.23,0.941,1.751e+20,1.75084595196e+20,1.00008798491942,1.540480399998976e-05,True
787,2.782831,12.583,0.2101,6000,2.1,0.00022,0.078,fp16,7.8,630.5,2.4263,2.5504,12.81,0.981,2.101e+20,2.10098174838e+20,1.0000086871863663,1.825162000007168e-06,True
788,2.782831,14.68,0.2451,7000,2.1,0.00022,0.013,bf16,9.1,630.5,2.4429,2.5246,12.49,1.173,2.451e+20,2.4511175448e+20,0.9999520444051125,1.1754480000008192e-05,True
789,2.782831,16.777,0.2801,8000,2.1,0.00022,0.032,bf16,10.4,630.5,2.3503,2.503,12.22,0.853,2.801e+20,2.8012533412200002e+20,0.9999095614751182,2.5334122000023553e-05,True
790,2.782831,18.874,0.3151,9000,2.1,0.00022,0.035,bf16,11.7,630.5,2.3329,2.4846,12.0,0.902,3.151e+20,3.15138913764e+20,0.9998765186960403,3.891376400000614e-05,True
791,2.782831,20.972,0.3502,10000,2.1,0.00022,0.035,fp16,13.0,630.5,2.2983,2.469,11.81,1.348,3.502e+20,3.50169190392e+20,1.00008798491942,3.080960799997952e-05,True
792,2.782831,23.069,0.3852,11000,2.1,0.00022,0.083,bf16,14.3,630.5,2.2766,2.455,11.65,0.813,3.852e+20,3.85182770034e+20,1.0000447319229737,1.7229965999996927e-05,True
793,2.782831,25.166,0.4202,12000,2.1,0.00022,0.094,fp16,15.6,630.5,2.338,2.4427,11.5,0.969,4.202e+20,4.20196349676e+20,1.0000086871863663,3.650324000014336e-06,True
794,2.782831,27.263,0.4552,13000,2.1,0.00022,0.032,bf16,16.9,630.5,2.2928,2.4313,11.37,1.085,4.552e+20,4.5520992931800003e+20,0.9999781873870482,9.929318000033792e-06,True
795,2.782831,29.36,0.4902,14000,2.1,0.00022,0.028,bf16,18.2,630.5,2.3337,2.4212,11.26,0.962,4.902e+20,4.9022350896e+20,0.9999520444051125,2.3508960000016384e-05,True
796,2.782831,31.457,0.5252,15000,2.1,0.00022,0.067,bf16,19.5,630.5,2.3301,2.4123,11.16,0.738,5.252e+20,5.25237088602e+20,0.9999293869324828,3.708860199999898e-05,True
797,2.782831,33.554,0.5603,16000,2.1,0.00022,0.022,bf16,20.8,630.5,2.2778,2.4037,11.06,1.516,5.603e+20,5.6025066824400005e+20,1.0000880530069773,4.93317559999529e-05,True
798,2.782831,35.652,0.5953,17000,2.1,0.00022,0.043,fp16,22.1,630.5,2.2902,2.396,10.98,0.503,5.953e+20,5.95280944872e+20,1.0000320103107014,1.905512799993856e-05,True
799,2.782831,37.749,0.6303,18000,2.1,0.00022,0.09,fp16,23.4,630.5,2.2028,2.3887,10.9,1.099,6.303e+20,6.30294524514e+20,1.000008687186366,5.475485999955968e-06,True
800,2.782831,39.846,0.6653,19000,2.1,0.00022,0.061,fp16,24.7,630.5,2.3028,2.3819,10.83,0.908,6.653e+20,6.653081041559999e+20,0.9999878189429089,8.104155999895551e-06,True
801,2.782831,41.943,0.7003,20000,2.1,0.00022,0.086,bf16,26.0,630.5,2.2959,2.3757,10.76,1.463,7.003e+20,7.00321683798e+20,0.9999690373745357,2.1683798000009218e-05,True
802,2.782831,44.04,0.7353,21000,2.1,0.00022,0.082,fp16,27.3,630.5,2.1848,2.3697,10.69,0.598,7.353e+20,7.3533526344e+20,0.9999520444051125,3.526343999999181e-05,True
803,2.782831,46.137,0.7703,22000,2.1,0.00022,0.081,bf16,28.6,630.5,2.2932,2.3642,10.64,0.636,7.703e+20,7.70348843082e+20,0.9999365961506419,4.88430819999744e-05,True
804,2.782831,48.234,0.8054,23000,2.1,0.00022,0.054,fp16,29.9,630.5,2.1774,2.3589,10.58,0.803,8.054e+20,8.053624227240001e+20,1.0000466588394736,3.7577275999911934e-05,True
805,2.782831,50.332,0.8404,24000,2.1,0.00022,0.072,bf16,31.2,630.5,2.2731,2.3539,10.53,0.96,8.404e+20,8.40392699352e+20,1.0000086871863663,7.300648000028672e-06,True
806,2.782831,52.429,0.8754,25000,2.1,0.00022,0.089,bf16,32.5,630.5,2.3014,2.3492,10.48,1.008,8.754e+20,8.754062789940001e+20,0.9999928273372596,6.278994000084992e-06,True
807,2.782831,54.526,0.9104,26000,2.1,0.00022,0.064,bf16,33.8,630.5,2.2949,2.3448,10.43,8.222,9.104e+20,9.104198586360001e+20,0.9999781873870482,1.9858636000067585e-05,True
808,2.782831,56.623,0.9454,27000,2.1,0.00022,0.078,bf16,35.1,630.5,2.1736,2.3405,10.39,0.894,9.454e+20,9.454334382779999e+20,0.9999646318009856,3.3438277999919106e-05,True
809,2.782831,58.72,0.9804,28000,2.1,0.00022,0.037,bf16,36.4,630.5,2.1803,2.3366,10.35,1.182,9.804e+20,9.8044701792e+20,0.9999520444051125,4.701792000003277e-05,True
810,2.782831,60.817,1.0155,29000,2.1,0.00022,0.058,bf16,37.7,630.5,2.2417,2.3325,10.3,1.287,1.0155000000000001e+21,1.015460597562e+21,1.0000388025277345,3.940243800011571e-05,True
811,2.782831,62.915,1.0505,30000,2.1,0.00022,0.052,bf16,39.0,630.5,2.1681,2.3288,10.27,1.262,1.0505e+21,1.05049087419e+21,1.000008687186366,9.125809999970304e-06,True
812,2.782831,65.012,1.0855,31000,2.1,0.00022,0.045,bf16,40.3,630.5,2.2152,2.3253,10.23,0.71,1.0854999999999999e+21,1.085504453832e+21,0.9999958969933431,4.45383200014336e-06,True
813,2.782831,67.109,1.1205,32000,2.1,0.00022,0.054,bf16,41.6,630.5,2.1385,2.3221,10.2,0.88,1.1205e+21,1.1205180334739999e+21,0.9999839061278256,1.803347399986381e-05,True
814,2.782831,69.206,1.1555,33000,2.1,0.00022,0.084,bf16,42.9,630.5,2.238,2.3186,10.16,0.724,1.1555e+21,1.1555316131160001e+21,0.9999726419289258,3.161311600010854e-05,True
815,2.782831,71.303,1.1905,34000,2.1,0.00022,0.07,bf16,44.2,630.5,2.246,2.3156,10.13,0.999,1.1905e+21,1.190545192758e+21,0.9999620402834979,4.519275800009114e-05,True
816,2.782831,73.4,1.2256,35000,2.1,0.00022,0.014,fp16,45.5,630.5,2.2334,2.3123,10.1,1.405,1.2256e+21,1.2255587724e+21,1.0000336398391725,4.122759999992627e-05,True
817,2.782831,75.497,1.2606,36000,2.1,0.00022,0.084,fp16,46.8,630.5,2.1768,2.3095,10.07,0.994,1.2606e+21,1.260572352042e+21,1.000021932860859,2.764795800007475e-05,True
818,2.782831,77.595,1.2956,37000,2.1,0.00022,0.039,bf16,48.1,630.5,2.214,2.3068,10.04,0.734,1.2956e+21,1.29560262867e+21,0.9999979710831532,2.628669999939584e-06,True
819,2.782831,79.692,1.3306,38000,2.1,0.00022,0.059,bf16,49.4,630.5,2.1732,2.304,10.01,1.019,1.3306e+21,1.3306162083119998e+21,0.9999878189429089,1.6208311999791103e-05,True
820,2.782831,81.789,1.3656,39000,2.1,0.00022,0.028,bf16,50.7,630.5,2.1465,2.3014,9.99,1.233,1.3656e+21,1.365629787954e+21,0.9999781873870484,2.9787953999904767e-05,True
821,2.782831,83.886,1.4006,40000,2.1,0.00022,0.077,bf16,52.0,630.5,2.1659,2.2987,9.96,0.658,1.4006e+21,1.400643367596e+21,0.9999690373745357,4.3367596000018435e-05,True
822,2.782831,85.983,1.4357,41000,2.1,0.00022,0.053,fp16,53.3,630.5,2.2415,2.2964,9.94,0.799,1.4357e+21,1.4356569472380001e+21,1.0000299881960537,4.3052761999736835e-05,True
823,2.782831,88.08,1.4707,42000,2.1,0.00022,0.042,bf16,54.6,630.5,2.1238,2.2941,9.92,0.836,1.4706999999999999e+21,1.47067052688e+21,1.0000200406001625,2.947311999988531e-05,True
824,2.782831,90.178,1.5057,43000,2.1,0.00022,0.051,fp16,55.9,630.5,2.1319,2.2915,9.89,1.159,1.5057000000000001e+21,1.505700803508e+21,0.9999994663561327,8.0350799986688e-07,True
825,2.782831,92.275,1.5407,44000,2.1,0.00022,0.063,fp16,57.2,630.5,2.1666,2.2893,9.87,1.136,1.5406999999999999e+21,1.54071438315e+21,0.9999906646227507,1.4383150000242688e-05,True
826,2.782831,94.372,1.5757,45000,2.1,0.00022,0.042,fp16,58.5,630.5,2.1798,2.2873,9.85,0.812,1.5757000000000001e+21,1.575727962792e+21,0.9999822540485033,2.7962791999832065e-05,True
827,2.782831,96.469,1.6107,46000,2.1,0.00022,0.064,bf16,59.8,630.5,2.2364,2.2851,9.83,1.366,1.6107e+21,1.6107415424339998e+21,0.9999742091248625,4.1542433999683586e-05,True
828,2.782831,98.566,1.6458,47000,2.1,0.00022,0.013,bf16,61.1,630.5,2.1341,2.2829,9.8,1.252,1.6458e+21,1.645755122076e+21,1.0000272688952312,4.487792400007168e-05,True
829,2.782831,100.663,1.6808,48000,2.1,0.00022,0.073,bf16,62.4,630.5,2.1913,2.2809,9.79,0.701,1.6808e+21,1.680768701718e+21,1.0000186214093396,3.1298281999958017e-05,True
830,2.782831,102.76,1.7158,49000,2.1,0.00022,0.038,bf16,63.6,630.5,2.1657,2.2789,9.77,1.193,1.7158e+21,1.7157822813600002e+21,1.0000103268580125,1.7718639999844352e-05,True
831,2.782831,104.858,1.7508,50000,2.1,0.00022,0.068,bf16,64.9,630.5,2.2091,2.2769,9.75,1.037,1.7508e+21,1.7508125579880002e+21,0.9999928273372596,1.2557988000169984e-05,True
832,2.782831,106.955,1.7858,51000,2.1,0.00022,0.074,bf16,66.2,630.5,2.1201,2.2751,9.73,1.01,1.7858e+21,1.78582613763e+21,0.999985363843966,2.6137630000021505e-05,True
833,2.782831,109.052,1.8208,52000,2.1,0.00022,0.1,bf16,67.5,630.5,2.1788,2.2733,9.71,0.948,1.8208e+21,1.8208397172720001e+21,0.9999781873870482,3.971727200013517e-05,True
834,2.782831,111.149,1.8559,53000,2.1,0.00022,0.039,bf16,68.8,630.5,2.2161,2.2715,9.69,0.996,1.8559e+21,1.855853296914e+21,1.000025165289777,4.670308600014439e-05,True
835,2.782831,113.246,1.8909,54000,2.1,0.00022,0.079,bf16,70.1,630.5,2.1655,2.2698,9.68,1.424,1.8909000000000001e+21,1.8908668765559998e+21,1.0000175175970403,3.3123444000292866e-05,True
836,2.782831,115.343,1.9259,55000,2.1,0.00022,0.041,fp16,71.4,630.5,2.1361,2.2682,9.66,1.183,1.9258999999999999e+21,1.925880456198e+21,1.0000101479829326,1.9543801999917055e-05,True
837,2.782831,117.441,1.9609,56000,2.1,0.00022,0.04,bf16,72.7,630.5,2.2171,2.2666,9.65,0.665,1.9609000000000001e+21,1.960910732826e+21,0.9999945266116299,1.0732825999835136e-05,True
838,2.782831,119.538,1.9959,57000,2.1,0.00022,0.016,fp16,74.0,630.5,2.171,2.2648,9.63,1.161,1.9959e+21,1.9959243124679998e+21,0.9999878189429089,2.4312467999686656e-05,True
839,2.782831,121.635,2.0309,58000,2.1,0.00022,0.081,fp16,75.3,630.5,2.1225,2.2634,9.62,1.081,2.0309e+21,2.0309378921100002e+21,0.9999813425559947,3.789211000032461e-05,True
840,2.782831,123.732,2.066,59000,2.1,0.00022,0.086,bf16,76.6,630.5,2.2069,2.2617,9.6,1.189,2.0659999999999997e+21,2.065951471752e+21,1.0000234895391606,4.85282479996928e-05,True
841,2.782831,125.829,2.101,60000,2.1,0.00022,0.035,fp16,77.9,630.5,2.1047,2.2603,9.59,1.045,2.101e+21,2.100965051394e+21,1.000016634548955,3.494860600010342e-05,True
842,2.782831,127.926,2.136,61000,2.1,0.00022,0.039,bf16,79.2,630.5,2.1942,2.2588,9.57,0.429,2.136e+21,2.135978631036e+21,1.0000100042967142,2.136896399998976e-05,True
843,2.782831,130.023,2.171,62000,2.1,0.00022,0.046,fp16,80.5,630.5,2.1163,2.2572,9.56,0.983,2.1709999999999997e+21,2.1709922106779999e+21,1.0000035879087734,7.789321999876096e-06,True
844,2.782831,132.121,2.206,63000,2.1,0.00022,0.025,fp16,81.8,630.5,2.1849,2.2559,9.54,1.697,2.206e+21,2.2060224873060001e+21,0.9999898064021878,2.248730600013824e-05,True
845,2.782831,134.218,2.241,64000,2.1,0.00022,0.031,fp16,83.1,630.5,2.1718,2.2545,9.53,0.816,2.241e+21,2.2410360669479997e+21,0.9999839061278256,3.606694799972762e-05,True
846,2.782831,136.315,2.276,65000,2.1,0.00022,0.022,bf16,84.4,630.5,2.1787,2.2532,9.52,1.098,2.2759999999999997e+21,2.2760496465899998e+21,0.9999781873870482,4.9646590000103425e-05,True
847,2.782831,138.412,2.3111,66000,2.1,0.00022,0.056,fp16,85.7,630.5,2.1311,2.2518,9.51,0.762,2.3111e+21,2.3110632262320002e+21,1.000015912056227,3.6773767999913985e-05,True
848,2.782831,140.509,2.3461,67000,2.1,0.00022,0.08,bf16,87.0,630.5,2.091,2.2507,9.49,1.013,2.3461e+21,2.3460768058739998e+21,1.0000098863455544,2.3194126000062463e-05,True
849,2.782831,142.606,2.3811,68000,2.1,0.00022,0.018,bf16,88.3,630.5,2.1971,2.2492,9.48,0.724,2.3811e+21,2.381090385516e+21,1.0000040378492385,9.614484000210944e-06,True
850,2.782831,144.703,2.4161,69000,2.1,0.00022,0.027,bf16,89.6,630.5,2.1805,2.2479,9.47,0.513,2.4161000000000004e+21,2.4161039651580003e+21,0.9999983588628399,3.96515799990272e-06,True
851,2.782831,146.801,2.4511,70000,2.1,0.00022,0.04,fp16,90.9,630.5,2.1242,2.2467,9.46,1.077,2.4510999999999996e+21,2.451134241786e+21,0.9999860302282034,3.424178600044134e-05,True
852,2.782831,148.898,2.4861,71000,2.1,0.00022,0.07,bf16,92.2,630.5,2.1961,2.2455,9.44,0.657,2.4861e+21,2.486147821428e+21,0.9999807648493031,4.782142800003072e-05,True
853,2.782831,150.995,2.5212,72000,2.1,0.00022,0.071,fp16,93.5,630.5,2.0757,2.2443,9.43,1.455,2.5212e+21,2.5211614010700003e+21,1.000015309979751,3.859892999972454e-05,True
854,2.782831,153.092,2.5562,73000,2.1,0.00022,0.017,bf16,94.8,630.5,2.0767,2.2432,9.42,1.088,2.5562000000000003e+21,2.556174980712e+21,1.0000097877837741,2.501928800013517e-05,True
855,2.782831,155.189,2.5912,74000,2.1,0.00022,0.053,fp16,96.1,630.5,2.1011,2.2421,9.41,1.483,2.5912e+21,2.591188560354e+21,1.000004414825758,1.1439646000021503e-05,True
856,2.782831,157.286,2.6262,75000,2.1,0.00022,0.089,fp16,97.4,630.5,2.0923,2.2408,9.4,1.315,2.6261999999999997e+21,2.626202139996e+21,0.9999991851366018,2.13999600009216e-06,True
857,2.782831,159.384,2.6612,76000,2.1,0.00022,0.065,bf16,98.7,630.5,2.1498,2.2397,9.39,1.185,2.6612e+21,2.6612324166239996e+21,0.9999878189429089,3.2416623999582206e-05,True
858,2.782831,161.481,2.6962,77000,2.1,0.00022,0.034,bf16,100.0,630.5,2.087,2.2387,9.38,0.939,2.6962000000000003e+21,2.696245996266e+21,0.9999829406270557,4.5996265999695874e-05,True
859,2.782831,163.578,2.7313,78000,2.1,0.00022,0.043,fp16,101.3,630.5,2.129,2.2375,9.37,1.311,2.7313e+21,2.731259575908e+21,1.000014800530992,4.042409200005939e-05,True
860,2.782831,165.675,2.7663,79000,2.1,0.00022,0.037,bf16,102.6,630.5,2.1444,2.2366,9.36,1.267,2.7663e+21,2.76627315555e+21,1.000009704193509,2.684444999994573e-05,True
861,2.782831,167.772,2.8013,80000,2.1,0.00022,0.029,bf16,103.9,630.5,2.1216,2.2355,9.35,1.428,2.8013e+21,2.801286735192e+21,1.00000473525535,1.3264807999832065e-05,True
862,2.782831,169.869,2.8363,81000,2.1,0.00022,0.02,bf16,105.2,630.5,2.176,2.2343,9.34,1.0,2.8363e+21,2.836300314834e+21,0.9999998889983553,3.14833999757312e-07,True
863,2.782831,171.966,2.8713,82000,2.1,0.00022,0.036,bf16,106.5,630.5,2.1822,2.2336,9.33,0.923,2.8713000000000004e+21,2.8713138944760003e+21,0.9999951609345022,1.3894475999870976e-05,True
864,2.782831,174.064,2.9063,83000,2.1,0.00022,0.071,fp16,107.8,630.5,2.1751,2.2326,9.32,1.233,2.9063e+21,2.906344171104e+21,0.9999848018330247,4.417110399988531e-05,True
865,2.782831,176.161,2.9414,84000,2.1,0.00022,0.093,fp16,109.1,630.5,2.1473,2.2314,9.31,0.974,2.9413999999999997e+21,2.941357750746e+21,1.0000143638610397,4.224925399986995e-05,True
866,2.782831,178.258,2.9764,85000,2.1,0.00022,0.046,bf16,110.4,630.5,2.1447,2.2305,9.3,1.43,2.9764e+21,2.976371330388e+21,1.0000096324042995,2.866961199975629e-05,True
867,2.782831,180.355,3.0114,86000,2.1,0.00022,0.098,bf16,111.7,630.5,2.132,2.2296,9.3,1.276,3.0114000000000003e+21,3.0113849100299996e+21,1.0000050109735061,1.50899700006912e-05,True
868,2.782831,182.452,3.0464,87000,2.1,0.00022,0.048,bf16,113.0,630.5,2.1518,2.2286,9.29,0.843,3.0464e+21,3.046398489672e+21,1.0000004957749307,1.510328000053248e-06,True
869,2.782831,184.549,3.0814,88000,2.1,0.00022,0.068,bf16,114.3,630.5,2.0781,2.2277,9.28,0.936,3.0813999999999997e+21,3.0814120693140003e+21,0.9999960831872762,1.2069314000584703e-05,True
870,2.782831,186.647,3.1164,89000,2.1,0.00022,0.047,bf16,115.6,630.5,2.1069,2.2269,9.27,1.284,3.1164e+21,3.116442345942e+21,0.9999864120887539,4.2345942000074755e-05,True
871,2.782831,188.744,3.1515,90000,2.1,0.00022,0.071,bf16,116.9,630.5,2.0566,2.2259,9.26,0.627,3.1515e+21,3.151455925584e+21,1.0000139854140566,4.40744160002048e-05,True
872,2.782831,190.841,3.1865,91000,2.1,0.00022,0.063,bf16,118.2,630.5,2.1476,2.2249,9.25,0.762,3.1865e+21,3.1864695052260003e+21,1.000009570081857,3.0494773999566848e-05,True
873,2.782831,192.938,3.2215,92000,2.1,0.00022,0.059,fp16,119.5,630.5,2.0537,2.224,9.24,0.55,3.2214999999999996e+21,3.2214830848679996e+21,1.0000052507281754,1.6915131999977473e-05,True
874,2.782831,195.035,3.2565,93000,2.1,0.00022,0.056,fp16,120.8,630.5,2.1133,2.2232,9.24,1.664,3.2565e+21,3.25649666451e+21,1.0000010242571522,3.335489999863808e-06,True
875,2.782831,197.132,3.2915,94000,2.1,0.00022,0.062,fp16,122.1,630.5,2.0537,2.2224,9.23,1.065,3.2915e+21,3.291510244152e+21,0.9999968877046584,1.0244151999725568e-05,True
876,2.782831,199.229,3.3265,95000,2.1,0.00022,0.02,bf16,123.4,630.5,2.1369,2.2217,9.22,0.879,3.3265e+21,3.326523823794e+21,0.9999928382313603,2.382379400036352e-05,True
877,2.782831,201.327,3.3616,96000,2.1,0.00022,0.047,bf16,124.7,630.5,2.0892,2.2207,9.21,0.923,3.3616e+21,3.361554100422e+21,1.000013654273181,4.589957800001536e-05,True
878,2.782831,203.424,3.3966,97000,2.1,0.00022,0.09,bf16,126.0,630.5,2.0551,2.22,9.21,0.98,3.3965999999999997e+21,3.3965676800640004e+21,1.0000095154694515,3.231993599937741e-05,True
879,2.782831,205.521,3.4316,98000,2.1,0.00022,0.088,bf16,127.3,630.5,2.0861,2.2191,9.2,1.178,3.4316e+21,3.4315812597059997e+21,1.0000054611249398,1.874029400031232e-05,True
880,2.782831,207.618,3.4666,99000,2.1,0.00022,0.07,bf16,128.6,630.5,2.169,2.2184,9.19,1.572,3.4666000000000003e+21,3.466594839348e+21,1.00000148868046,5.160652000198656e-06,True
881,2.782831,209.715,3.5016,100000,2.1,0.00022,0.02,bf16,129.9,630.5,2.0955,2.2178,9.19,1.554,3.5016e+21,3.50160841899e+21,0.9999975956791872,8.418989999915008e-06,True
882,2.782831,211.812,3.5366,101000,2.1,0.00022,0.029,bf16,131.2,630.5,2.1521,2.2168,9.18,0.693,3.5365999999999997e+21,3.5366219986320003e+21,0.9999937797615891,2.199863200055296e-05,True
883,2.782831,213.91,3.5717,102000,2.1,0.00022,0.016,fp16,132.5,630.5,2.0521,2.216,9.17,1.016,3.5717e+21,3.57165227526e+21,1.0000133620902378,4.772473999982592e-05,True
884,2.782831,216.007,3.6067,103000,2.1,0.00022,0.047,bf16,133.8,630.5,2.0828,2.2154,9.16,1.28,3.6067e+21,3.606665854902e+21,1.0000094672196909,3.4145098000236546e-05,True
885,2.782831,218.104,3.6417,104000,2.1,0.00022,0.016,fp16,135.1,630.5,2.0835,2.2146,9.16,1.972,3.6417000000000004e+21,3.6416794345440003e+21,1.000005647245006,2.056545600012288e-05,True
886,2.782831,220.201,3.6767,105000,2.1,0.00022,0.095,bf16,136.4,630.5,2.1385,2.214,9.15,0.866,3.6766999999999996e+21,3.676693014186e+21,1.0000019000264566,6.985813999484928e-06,True
887,2.782831,222.298,3.7117,106000,2.1,0.00022,0.049,bf16,137.7,630.5,2.1295,2.2131,9.14,1.224,3.7117e+21,3.711706593828e+21,0.9999982235050553,6.593828000104448e-06,True
888,2.782831,224.395,3.7467,107000,2.1,0.00022,0.036,fp16,139.0,630.5,2.1525,2.2123,9.14,1.201,3.7467e+21,3.7467201734700003e+21,0.9999946156987802,2.017347000021811e-05,True
889,2.782831,226.492,3.7817,108000,2.1,0.00022,0.031,fp16,140.3,630.5,2.1303,2.2117,9.13,1.0,3.7817e+21,3.7817337531119997e+21,0.9999910746990128,3.3753111999807486e-05,True
890,2.782831,228.59,3.8168,109000,2.1,0.00022,0.044,fp16,141.6,630.5,2.0666,2.211,9.13,9.317,3.8168e+21,3.81676402974e+21,1.0000094242818576,3.59702600000471e-05,True
891,2.782831,230.687,3.8518,110000,2.1,0.00022,0.093,bf16,142.9,630.5,2.0636,2.2103,9.12,1.154,3.8517999999999997e+21,3.8517776093820003e+21,1.0000058130609475,2.2390617999409152e-05,True
892,2.782831,232.784,3.8868,111000,2.1,0.00022,0.065,fp16,144.2,630.5,2.1454,2.2096,9.11,1.55,3.8868e+21,3.8867911890239997e+21,1.0000022669023294,8.810976000344063e-06,True
893,2.782831,234.881,3.9218,112000,2.1,0.00022,0.092,bf16,145.5,630.5,2.0331,2.209,9.11,0.703,3.9218000000000003e+21,3.921804768666e+21,0.9999987840633889,4.7686659997696e-06,True
894,2.782831,236.978,3.9568,113000,2.1,0.00022,0.021,fp16,146.8,630.5,2.0358,2.2083,9.1,0.872,3.9568e+21,3.956818348308e+21,0.9999953628631935,1.8348307999883266e-05,True
895,2.782831,239.075,3.9918,114000,2.1,0.00022,0.092,fp16,148.1,630.5,2.055,2.2077,9.09,0.918,3.9918e+21,3.9918319279499997e+21,0.9999920016797862,3.192794999947264e-05,True
896,2.782831,241.172,4.0268,115000,2.1,0.00022,0.011,bf16,149.4,630.5,2.147,2.207,9.09,0.781,4.0267999999999995e+21,4.026845507592e+21,0.9999886989476217,4.550759200063488e-05,True
897,2.782831,243.27,4.0619,116000,2.1,0.00022,0.067,fp16,150.7,630.5,2.1068,2.2063,9.08,1.227,4.0618999999999996e+21,4.0618757842200004e+21,1.0000059617234218,2.421577999921971e-05,True
898,2.782831,245.367,4.0969,117000,2.1,0.00022,0.016,fp16,152.0,630.5,2.0402,2.2056,9.08,1.607,4.0969e+21,4.0968893638619997e+21,1.0000025961496775,1.0636138000154624e-05,True
899,2.782831,247.464,4.1319,118000,2.1,0.00022,0.046,bf16,153.3,630.5,2.0884,2.2051,9.07,0.852,4.1319e+21,4.131902943504e+21,0.9999992876154062,2.94350399995904e-06,True
900,2.782831,249.561,4.1669,119000,2.1,0.00022,0.069,bf16,154.6,630.5,2.1293,2.2043,9.06,0.688,4.1669e+21,4.166916523146e+21,0.9999960346827425,1.6523146000072703e-05,True
901,2.782831,251.658,4.2019,120000,2.1,0.00022,0.065,bf16,155.9,630.5,2.0598,2.2038,9.06,1.417,4.2019e+21,4.201930102788e+21,0.9999928359617454,3.010278799966208e-05,True
902,2.782831,253.755,4.2369,121000,2.1,0.00022,0.087,fp16,157.2,630.5,2.1039,2.2031,9.05,1.173,4.2369000000000004e+21,4.23694368243e+21,0.9999896901084192,4.368242999977574e-05,True
903,2.782831,255.853,4.272,122000,2.1,0.00022,0.064,bf16,158.5,630.5,2.1377,2.2025,9.05,0.729,4.272e+21,4.271973959058e+21,1.0000060957632817,2.6040942000078847e-05,True
904,2.782831,257.95,4.307,123000,2.1,0.00022,0.094,bf16,159.8,630.5,2.1137,2.202,9.04,0.837,4.307e+21,4.3069875387e+21,1.0000028932751461,1.2461300000489472e-05,True
905,2.782831,260.047,4.342,124000,2.1,0.00022,0.024,bf16,161.1,630.5,2.0755,2.2014,9.04,0.782,4.3419999999999995e+21,4.3420011183420007e+21,0.9999997424362705,1.118342001197056e-06,True
906,2.782831,262.144,4.377,125000,2.1,0.00022,0.067,fp16,162.4,630.5,2.1273,2.2008,9.03,1.403,4.377e+21,4.377014697984e+21,0.9999966420071636,1.4697984000262143e-05,True
907,2.782831,264.241,4.412,126000,2.1,0.00022,0.017,bf16,163.7,630.5,2.028,2.2001,9.03,0.878,4.412e+21,4.412028277626e+21,0.9999935907876785,2.827762599985152e-05,True
908,2.782831,266.338,4.447,127000,2.1,0.00022,0.036,bf16,165.0,630.5,2.0895,2.1997,9.02,0.795,4.447e+21,4.447041857268e+21,0.9999905876154659,4.1857267999965186e-05,True
909,2.782831,268.435,4.4821,128000,2.1,0.00022,0.087,bf16,166.3,630.5,2.058,2.1991,9.02,1.057,4.4821e+21,4.48205543691e+21,1.0000099425566298,4.456308999979008e-05,True
910,2.782831,270.533,4.5171,129000,2.1,0.00022,0.027,bf16,167.6,630.5,2.1483,2.1986,9.01,8.584,4.5171e+21,4.5170857135380004e+21,1.000003162760883,1.4286461999775744e-05,True
911,2.782831,272.63,4.5521,130000,2.1,0.00022,0.015,bf16,168.9,630.5,2.1501,2.1979,9.01,1.212,4.5521000000000004e+21,4.5520992931799997e+21,1.0000001552734146,7.06820000710656e-07,True
912,2.782831,274.727,4.5871,131000,2.1,0.00022,0.016,bf16,170.2,630.5,2.1318,2.1974,9.0,0.848,4.5871000000000007e+21,4.5871128728219995e+21,0.9999971936984426,1.287282199887872e-05,True
913,2.782831,276.824,4.6221,132000,2.1,0.00022,0.049,bf16,171.5,630.5,2.0626,2.1968,9.0,0.815,4.6221e+21,4.6221264524640004e+21,0.9999942769925764,2.6452464000565248e-05,True
914,2.782831,278.921,4.6571,133000,2.1,0.00022,0.047,fp16,172.8,630.5,2.1214,2.1964,8.99,0.978,4.6570999999999996e+21,4.657140032106e+21,0.999991404143804,4.003210600015462e-05,True
915,2.782831,281.018,4.6922,134000,2.1,0.00022,0.059,bf16,174.1,630.5,2.0591,2.1957,8.99,0.763,4.6922e+21,4.6921536117479996e+21,1.0000098863455544,4.638825200012493e-05,True
916,2.782831,283.116,4.7272,135000,2.1,0.00022,0.074,fp16,175.4,630.5,2.0207,2.1952,8.98,0.937,4.7272e+21,4.727183888375999e+21,1.0000034082922056,1.611162400063488e-05,True
917,2.782831,285.213,4.7622,136000,2.1,0.00022,0.059,bf16,176.7,630.5,2.1277,2.1947,8.98,1.209,4.7622e+21,4.762197468018e+21,1.0000005316835383,2.531981999996928e-06,True
918,2.782831,287.31,4.7972,137000,2.1,0.00022,0.013,bf16,178.0,630.5,2.0289,2.1942,8.97,0.879,4.797200000000001e+21,4.79721104766e+21,0.9999976970660891,1.1047659999592448e-05,True
919,2.782831,289.407,4.8322,138000,2.1,0.00022,0.073,bf16,179.3,630.5,2.0399,2.1936,8.97,0.602,4.832200000000001e+21,4.832224627302e+21,0.9999949035270711,2.4627301999181823e-05,True
920,2.782831,291.504,4.8672,139000,2.1,0.00022,0.076,bf16,180.6,630.5,2.126,2.1931,8.96,1.51,4.8672e+21,4.867238206944e+21,0.9999921501799633,3.8206943999819774e-05,True
921,2.782831,293.601,4.9023,140000,2.1,0.00022,0.035,bf16,181.9,630.5,2.0483,2.1927,8.96,1.075,4.902300000000001e+21,4.902251786586e+21,1.0000098349526094,4.821341400098406e-05,True
922,2.782831,295.698,4.9373,141000,2.1,0.00022,0.07,bf16,183.2,630.5,2.1409,2.192,8.95,0.865,4.9373e+21,4.937265366228e+21,1.0000070147681828,3.4633772000346115e-05,True
923,2.782831,297.796,4.9723,142000,2.1,0.00022,0.013,fp16,184.5,630.5,2.1394,2.1916,8.95,0.786,4.9723e+21,4.972295642856e+21,1.000000876284178,4.357144000331776e-06,True
924,2.782831,299.893,5.0073,143000,2.1,0.00022,0.075,bf16,185.8,630.5,2.0348,2.1911,8.94,0.732,5.007299999999999e+21,5.007309222498e+21,0.9999981581928357,9.222498000306177e-06,True
932,6.86104,0.134,0.0055,64,2.09,0.000201,0.045,bf16,0.2,990.0,3.9485,4.0512,57.47,1.172,5.5e+18,5.51627616e+18,0.9970494298095475,1.627616e-05,True
933,6.86104,0.268,0.011,128,2.09,0.000201,0.094,bf16,0.4,990.0,3.4728,3.6658,39.09,1.264,1.1e+19,1.103255232e+19,0.9970494298095475,3.255232e-05,True
934,6.86104,0.537,0.0221,256,2.1,0.000201,0.075,fp16,0.8,990.0,3.0991,3.3494,28.49,1.046,2.21e+19,2.210627088e+19,0.9997163302651071,6.27088e-06,True
935,6.86104,1.074,0.0442,512,2.1,0.000201,0.042,fp16,1.6,990.0,2.9309,3.0899,21.97,1.085,4.42e+19,4.421254176e+19,0.9997163302651071,1.254176e-05,True
936,6.86104,2.097,0.0863,1000,2.1,0.000201,0.01,bf16,3.2,990.0,2.6812,2.8818,17.85,0.705,8.63e+19,8.632560528e+19,0.9997033871941361,2.560528e-05,True
937,6.86104,4.194,0.1727,2000,2.1,0.000201,0.033,fp16,6.4,990.0,2.4932,2.7039,14.94,1.601,1.727e+20,1.7265121056e+20,1.0002825896200886,4.878944e-05,True
938,6.86104,6.291,0.259,3000,2.1,0.000201,0.069,bf16,9.6,990.0,2.5508,2.6151,13.67,0.748,2.59e+20,2.5897681584e+20,1.000089522144771,2.3184159999983616e-05,True
939,6.86104,8.389,0.3453,4000,2.1,0.000201,0.092,fp16,12.8,990.0,2.4401,2.5577,12.91,1.127,3.453e+20,3.4534358736e+20,0.9998737855237644,4.3587359999983614e-05,True
940,6.86104,10.486,0.4317,5000,2.1,0.000201,0.057,fp16,16.0,990.0,2.412,2.5161,12.38,1.438,4.317e+20,4.3166919264e+20,1.000071367983922,3.080735999996723e-05,True
941,6.86104,12.583,0.518,6000,2.1,0.000201,0.085,bf16,19.2,990.0,2.3165,2.4841,11.99,1.917,5.18e+20,5.1799479792e+20,1.0000100427263379,5.202079999983616e-06,True
942,6.86104,14.68,0.6043,7000,2.1,0.000201,0.088,bf16,22.4,990.0,2.3246,2.4586,11.69,0.846,6.043e+20,6.043204032e+20,0.9999662377773579,2.04032e-05,True
943,6.86104,16.777,0.6906,8000,2.1,0.000201,0.093,bf16,25.6,990.0,2.2624,2.4371,11.44,0.848,6.906e+20,6.9064600848e+20,0.9999333834128699,4.600847999998362e-05,True
944,6.86104,18.874,0.777,9000,2.1,0.000201,0.05,bf16,28.8,990.0,2.3025,2.4187,11.23,1.063,7.77e+20,7.7697161376e+20,1.0000365344621314,2.838624000003277e-05,True
945,6.86104,20.972,0.8633,10000,2.1,0.000201,0.093,fp16,32.0,990.0,2.2447,2.4032,11.06,1.08,8.633e+20,8.6333838528e+20,0.9999555385458883,3.838528000006554e-05,True
946,6.86104,23.069,0.9497,11000,2.1,0.000201,0.074,bf16,35.2,990.0,2.2449,2.3889,10.9,1.354,9.497e+20,9.496639905599999e+20,1.0000379180850891,3.600944000008192e-05,True
947,6.86104,25.166,1.036,12000,2.1,0.000201,0.046,bf16,38.4,990.0,2.2974,2.3764,10.77,0.923,1.036e+21,1.03598959584e+21,1.0000100427263379,1.0404159999967232e-05,True
948,6.86104,27.263,1.1223,13000,2.1,0.000201,0.08,bf16,41.6,990.0,2.2563,2.3654,10.65,1.389,1.1223000000000001e+21,1.12231520112e+21,0.9999864555697145,1.5201119999885312e-05,True
949,6.86104,29.36,1.2086,14000,2.1,0.000201,0.045,bf16,44.8,990.0,2.2733,2.3553,10.54,0.741,1.2086e+21,1.2086408064e+21,0.9999662377773579,4.08064e-05,True
950,6.86104,31.457,1.295,15000,2.1,0.000201,0.051,bf16,48.0,990.0,2.2184,2.3462,10.45,0.713,1.295e+21,1.29496641168e+21,1.0000259375993825,3.3588320000016385e-05,True
951,6.86104,33.554,1.3813,16000,2.1,0.000201,0.028,bf16,51.2,990.0,2.2617,2.3377,10.36,1.876,1.3813e+21,1.38129201696e+21,1.000005779400664,7.983039999901696e-06,True
952,6.86104,35.652,1.4677,17000,2.1,0.000201,0.059,bf16,54.4,990.0,2.2511,2.3299,10.28,1.037,1.4677000000000001e+21,1.46765878848e+21,1.0000280797691696,4.121152000019661e-05,True
953,6.86104,37.749,1.554,18000,2.1,0.000201,0.089,bf16,57.6,990.0,2.1598,2.3225,10.2,1.138,1.554e+21,1.5539843937600002e+21,1.0000100427263379,1.5606239999819778e-05,True
954,6.86104,39.846,1.6403,19000,2.1,0.000201,0.044,bf16,60.8,990.0,2.2652,2.3161,10.14,1.09,1.6403e+21,1.64030999904e+21,0.9999939041766461,9.999039999770623e-06,True
955,6.86104,41.943,1.7266,20000,2.1,0.000201,0.087,fp16,64.1,990.0,2.1858,2.3096,10.07,1.544,1.7266e+21,1.72663560432e+21,0.9999793793664912,3.5604319999885314e-05,True
956,6.86104,44.04,1.813,21000,2.1,0.000201,0.069,bf16,67.3,990.0,2.1557,2.3038,10.01,1.292,1.813e+21,1.8129612096e+21,1.0000213961555242,3.8790400000131074e-05,True
957,6.86104,46.137,1.8993,22000,2.1,0.000201,0.033,bf16,70.5,990.0,2.1614,2.2982,9.96,0.594,1.8993e+21,1.89928681488e+21,1.0000069421426487,1.318511999975424e-05,True
958,6.86104,48.234,1.9856,23000,2.1,0.000201,0.041,fp16,73.7,990.0,2.1911,2.2929,9.9,1.391,1.9856e+21,1.98561242016e+21,0.999993744922285,1.2420160000098304e-05,True
959,6.86104,50.332,2.072,24000,2.1,0.000201,0.073,bf16,76.9,990.0,2.2326,2.288,9.85,0.806,2.072e+21,2.07197919168e+21,1.0000100427263379,2.0808319999934463e-05,True
960,6.86104,52.429,2.1583,25000,2.1,0.000201,0.025,bf16,80.1,990.0,2.1638,2.2832,9.81,0.912,2.1583e+21,2.15830479696e+21,0.9999977774408848,4.79695999991808e-06,True
961,6.86104,54.526,2.2446,26000,2.1,0.000201,0.027,bf16,83.3,990.0,2.097,2.2788,9.76,13.323,2.2446000000000003e+21,2.24463040224e+21,0.9999864555697145,3.0402239999770625e-05,True
962,6.86104,56.623,2.331,27000,2.1,0.000201,0.099,bf16,86.5,990.0,2.1758,2.2746,9.72,0.824,2.331e+21,2.33095600752e+21,1.0000188731489819,4.3992479999983616e-05,True
963,6.86104,58.72,2.4173,28000,2.1,0.000201,0.069,bf16,89.7,990.0,2.1155,2.2704,9.68,0.789,2.4173e+21,2.4172816128e+21,1.0000076065609826,1.838719999986893e-05,True
964,6.86104,60.817,2.5036,29000,2.1,0.000201,0.048,bf16,92.9,990.0,2.1593,2.2666,9.65,0.9,2.5036e+21,2.50360721808e+21,0.9999971169279478,7.21808000024576e-06,True
965,6.86104,62.915,2.59,30000,2.1,0.000201,0.066,bf16,96.1,990.0,2.1377,2.2628,9.61,1.377,2.59e+21,2.5899739896e+21,1.000010042726338,2.6010400000049153e-05,True
966,6.86104,65.012,2.6763,31000,2.1,0.000201,0.08,fp16,99.3,990.0,2.1083,2.2594,9.58,1.52,2.6763e+21,2.67629959488e+21,1.0000001513731873,4.05119999934464e-07,True
967,6.86104,67.109,2.7626,32000,2.1,0.000201,0.026,bf16,102.5,990.0,2.1757,2.2558,9.54,11.577,2.7626e+21,2.76262520016e+21,0.9999908781835485,2.5200160000180225e-05,True
968,6.86104,69.206,2.849,33000,2.1,0.000201,0.097,bf16,105.7,990.0,2.0888,2.2528,9.51,12.277,2.8490000000000003e+21,2.84895080544e+21,1.0000172676059924,4.9194560000098305e-05,True
969,6.86104,71.303,2.9353,34000,2.1,0.000201,0.043,bf16,108.9,990.0,2.1619,2.2494,9.48,0.924,2.9353e+21,2.93527641072e+21,1.0000080364765356,2.3589279999983615e-05,True
970,6.86104,73.4,3.0216,35000,2.1,0.000201,0.037,fp16,112.1,990.0,2.1305,2.2463,9.45,1.386,3.0216e+21,3.021602016e+21,0.9999993328042577,2.016000000131072e-06,True
971,6.86104,75.497,3.1079,36000,2.1,0.000201,0.024,bf16,115.3,990.0,2.1435,2.2435,9.43,1.318,3.1079e+21,3.10792762128e+21,0.9999911126373051,2.7621279999721473e-05,True
972,6.86104,77.595,3.1943,37000,2.1,0.000201,0.068,bf16,118.5,990.0,2.1389,2.2406,9.4,0.751,3.1943e+21,3.1942943928e+21,1.0000017553798461,5.607200000049152e-06,True
973,6.86104,79.692,3.2806,38000,2.1,0.000201,0.063,bf16,121.7,990.0,2.0712,2.238,9.37,6.863,3.2806e+21,3.28061999808e+21,0.9999939041766461,1.9998079999541246e-05,True
974,6.86104,81.789,3.3669,39000,2.1,0.000201,0.061,fp16,124.9,990.0,2.1551,2.2352,9.35,1.253,3.3669e+21,3.36694560336e+21,0.9999864555697143,4.560336000018022e-05,True
975,6.86104,83.886,3.4533,40000,2.1,0.000201,0.017,fp16,128.1,990.0,2.0693,2.2327,9.32,1.065,3.4533e+21,3.45327120864e+21,1.0000083374163975,2.8791360000098304e-05,True
976,6.86104,85.983,3.5396,41000,2.1,0.000201,0.082,fp16,131.3,990.0,2.0947,2.2301,9.3,1.644,3.5396e+21,3.53959681392e+21,1.000000900125118,3.186079999983616e-06,True
977,6.86104,88.08,3.6259,42000,2.1,0.000201,0.028,bf16,134.5,990.0,2.0675,2.2278,9.28,0.544,3.6259e+21,3.6259224192e+21,0.9999938169664412,2.2419199999606784e-05,True
978,6.86104,90.178,3.7123,43000,2.1,0.000201,0.073,bf16,137.7,990.0,2.1652,2.2253,9.26,0.767,3.7123e+21,3.71228919072e+21,1.0000029117559126,1.080928000016384e-05,True
979,6.86104,92.275,3.7986,44000,2.1,0.000201,0.086,bf16,140.9,990.0,2.0689,2.2231,9.24,1.084,3.7986e+21,3.798614796e+21,0.9999961048959173,1.4796000000475137e-05,True
980,6.86104,94.372,3.8849,45000,2.1,0.000201,0.047,bf16,144.1,990.0,2.0978,2.2212,9.22,0.759,3.8849e+21,3.88494040128e+21,0.9999896005405934,4.0401280000065534e-05,True
981,6.86104,96.469,3.9713,46000,2.1,0.000201,0.027,bf16,147.3,990.0,2.1533,2.219,9.2,0.784,3.9713e+21,3.9712660065599997e+21,1.0000085598496662,3.399344000021299e-05,True
982,6.86104,98.566,4.0576,47000,2.1,0.000201,0.09,bf16,150.5,990.0,2.099,2.2169,9.18,15.046,4.0576e+21,4.05759161184e+21,1.000002067275567,8.388160000098304e-06,True
983,6.86104,100.663,4.1439,48000,2.1,0.000201,0.096,bf16,153.7,990.0,2.0952,2.2148,9.16,0.756,4.1439e+21,4.1439172171199996e+21,0.9999958452065769,1.7217119999492095e-05,True
984,6.86104,102.76,4.2302,49000,2.1,0.000201,0.032,bf16,156.9,990.0,2.0864,2.2129,9.14,0.85,4.2301999999999997e+21,4.2302428224000004e+21,0.9999898770822861,4.282240000065536e-05,True
985,6.86104,104.858,4.3166,50000,2.1,0.000201,0.073,bf16,160.1,990.0,2.1298,2.211,9.12,0.667,4.3166e+21,4.31660959392e+21,0.9999977774408848,9.59391999983616e-06,True
986,6.86104,106.955,4.4029,51000,2.1,0.000201,0.059,bf16,163.3,990.0,2.0876,2.209,9.11,1.732,4.4029e+21,4.4029351992e+21,0.9999920055148651,3.5199199999950845e-05,True
987,6.86104,109.052,4.4893,52000,2.1,0.000201,0.06,fp16,166.5,990.0,2.0712,2.2074,9.09,9.52,4.4893e+21,4.48926080448e+21,1.0000087309518664,3.919551999980339e-05,True
988,6.86104,111.149,4.5756,53000,2.1,0.000201,0.093,bf16,169.7,990.0,2.1196,2.2056,9.08,11.798,4.5755999999999995e+21,4.57558640976e+21,1.0000029701635555,1.3590239999688704e-05,True
989,6.86104,113.246,4.6619,54000,2.1,0.000201,0.05,bf16,172.9,990.0,2.07,2.2038,9.06,0.979,4.6619e+21,4.66191201504e+21,0.9999974227227024,1.2015039999901695e-05,True
990,6.86104,115.343,4.7482,55000,2.1,0.000201,0.068,fp16,176.1,990.0,2.0876,2.2021,9.04,1.011,4.7482e+21,4.74823762032e+21,0.9999920769929797,3.762032000001638e-05,True
991,6.86104,117.441,4.8346,56000,2.1,0.000201,0.1,fp16,179.3,990.0,2.1484,2.2005,9.03,1.137,4.8346e+21,4.83460439184e+21,0.9999990915823418,4.39184000024576e-06,True
992,6.86104,119.538,4.9209,57000,2.1,0.000201,0.036,fp16,182.5,990.0,2.0398,2.1987,9.01,0.539,4.920899999999999e+21,4.92092999712e+21,0.9999939041766458,2.9997120000884735e-05,True
993,6.86104,121.635,5.0073,58000,2.1,0.000201,0.085,bf16,185.8,990.0,2.0893,2.1973,9.0,1.289,5.007299999999999e+21,5.0072556024e+21,1.0000088666534175,4.4397599998869506e-05,True
994,6.86104,123.732,5.0936,59000,2.1,0.000201,0.036,bf16,189.0,990.0,2.1225,2.1957,8.99,0.801,5.0936e+21,5.09358120768e+21,1.0000036894120725,1.879232000032768e-05,True
995,6.86104,125.829,5.1799,60000,2.1,0.000201,0.032,fp16,192.2,990.0,2.0287,2.1941,8.97,0.832,5.1799e+21,5.17990681296e+21,0.9999986847330954,6.812960000311296e-06,True
996,6.86104,127.926,5.2662,61000,2.1,0.000201,0.062,bf16,195.4,990.0,2.0385,2.1927,8.96,0.597,5.2662e+21,5.26623241824e+21,0.9999938441304095,3.2418239999901694e-05,True
997,6.86104,130.023,5.3526,62000,2.1,0.000201,0.025,bf16,198.6,990.0,2.1043,2.1914,8.95,0.427,5.3526e+21,5.352558023519999e+21,1.000007842321338,4.197648000090112e-05,True
998,6.86104,132.121,5.4389,63000,2.1,0.000201,0.051,bf16,201.8,990.0,2.0643,2.1899,8.93,1.312,5.4389e+21,5.438924795040001e+21,0.9999954411871951,2.479504000077005e-05,True
999,6.86104,134.218,5.5253,64000,2.1,0.000201,0.042,fp16,205.0,990.0,2.0984,2.1884,8.92,0.79,5.5253e+21,5.52525040032e+21,1.0000089769108016,4.959968000003277e-05,True
1000,6.86104,136.315,5.6116,65000,2.1,0.000201,0.056,fp16,208.2,990.0,2.0818,2.1872,8.91,1.263,5.611600000000001e+21,5.6115760056e+21,1.0000042758754362,2.3994400000442367e-05,True
1001,6.86104,138.412,5.6979,66000,2.1,0.000201,0.066,bf16,211.4,990.0,2.0821,2.1859,8.9,0.76,5.6979e+21,5.69790161088e+21,0.9999997172853955,1.610880000196608e-06,True
1002,6.86104,140.509,5.7842,67000,2.1,0.000201,0.065,fp16,214.6,990.0,2.0358,2.1845,8.89,0.967,5.7842e+21,5.78422721616e+21,0.9999952947629851,2.7216159999787008e-05,True
1003,6.86104,142.606,5.8706,68000,2.1,0.000201,0.028,fp16,217.8,990.0,2.1173,2.1832,8.87,0.626,5.8706e+21,5.87055282144e+21,1.0000080364765356,4.717855999996723e-05,True
1004,6.86104,144.703,5.9569,69000,2.1,0.000201,0.074,bf16,221.0,990.0,2.0286,2.1819,8.86,1.383,5.9569e+21,5.95687842672e+21,1.0000036215746664,2.1573280000376832e-05,True
1005,6.86104,146.801,6.0432,70000,2.1,0.000201,0.085,fp16,224.2,990.0,2.0136,2.1807,8.85,1.242,6.0432e+21,6.043245198239999e+21,0.9999925208661048,4.519823999919718e-05,True
1006,6.86104,148.898,6.1296,71000,2.1,0.000201,0.028,fp16,227.4,990.0,2.1178,2.1795,8.84,0.566,6.1296e+21,6.129570803519999e+21,1.0000047632176765,2.9196480000557056e-05,True
1007,6.86104,150.995,6.2159,72000,2.1,0.000201,0.018,bf16,230.6,990.0,2.1306,2.1783,8.83,1.043,6.215900000000001e+21,6.2158964088e+21,1.0000005777445062,3.591200000966656e-06,True
1008,6.86104,153.092,6.3022,73000,2.1,0.000201,0.073,bf16,233.8,990.0,2.0063,2.1772,8.82,0.73,6.3022e+21,6.302222014080001e+21,0.999996506933594,2.2014080000720895e-05,True
1009,6.86104,155.189,6.3885,74000,2.1,0.000201,0.049,fp16,237.0,990.0,2.064,2.176,8.81,1.411,6.3885e+21,6.38854761936e+21,0.9999925461368002,4.76193600003113e-05,True
1010,6.86104,157.286,6.4749,75000,2.1,0.000201,0.011,bf16,240.2,990.0,2.0741,2.1748,8.8,1.059,6.4749e+21,6.47487322464e+21,1.0000041352716988,2.6775359999442945e-05,True
1011,6.86104,159.384,6.5612,76000,2.1,0.000201,0.041,bf16,243.4,990.0,2.1062,2.1738,8.79,0.6,6.5612e+21,6.56123999616e+21,0.9999939041766461,3.999615999908249e-05,True
1012,6.86104,161.481,6.6476,77000,2.1,0.000201,0.042,fp16,246.6,990.0,2.1009,2.1726,8.78,1.17,6.647599999999999e+21,6.64756560144e+21,1.0000051746100846,3.439855999962317e-05,True
1013,6.86104,163.578,6.7339,78000,2.1,0.000201,0.05,bf16,249.8,990.0,2.004,2.1717,8.77,0.891,6.7339e+21,6.73389120672e+21,1.0000013058244825,8.793280000032768e-06,True
1014,6.86104,165.675,6.8202,79000,2.1,0.000201,0.089,bf16,253.0,990.0,2.0826,2.1704,8.76,1.154,6.8202e+21,6.820216812e+21,0.9999975349757253,1.681200000060621e-05,True
1015,6.86104,167.772,6.9065,80000,2.1,0.000201,0.039,bf16,256.2,990.0,2.0805,2.1696,8.75,1.248,6.9065e+21,6.90654241728e+21,0.9999938583914445,4.241727999914803e-05,True
1016,6.86104,169.869,6.9929,81000,2.1,0.000201,0.071,bf16,259.4,990.0,2.0005,2.1684,8.74,0.575,6.992899999999999e+21,6.99286802256e+21,1.0000045728647955,3.197743999955763e-05,True
1017,6.86104,171.966,7.0792,82000,2.1,0.000201,0.065,fp16,262.6,990.0,2.0439,2.1673,8.74,0.945,7.0792e+21,7.07919362784e+21,1.000000900125118,6.372159999967232e-06,True
1018,6.86104,174.064,7.1656,83000,2.1,0.000201,0.017,bf16,265.8,990.0,2.1121,2.1664,8.73,0.79,7.1656e+21,7.165560399359999e+21,1.000005526523788,3.960064000078643e-05,True
1019,6.86104,176.161,7.2519,84000,2.1,0.000201,0.079,bf16,269.0,990.0,2.1053,2.1654,8.72,1.56,7.2519e+21,7.25188600464e+21,1.0000019298924432,1.399535999909888e-05,True
1020,6.86104,178.258,7.3382,85000,2.1,0.000201,0.044,fp16,272.2,990.0,2.0603,2.1645,8.71,0.952,7.338199999999999e+21,7.338211609920001e+21,0.9999984178815468,1.1609920001540096e-05,True
1021,6.86104,180.355,7.4245,86000,2.1,0.000201,0.085,bf16,275.4,990.0,2.0822,2.1635,8.7,1.728,7.4245e+21,7.4245372152e+21,0.9999949875394356,3.721520000008192e-05,True
1022,6.86104,182.452,7.5109,87000,2.1,0.000201,0.089,bf16,278.6,990.0,2.0948,2.1625,8.69,0.676,7.5109e+21,7.51086282048e+21,1.0000049500997272,3.717951999967232e-05,True
1023,6.86104,184.549,7.5972,88000,2.1,0.000201,0.044,bf16,281.8,990.0,2.018,2.1616,8.69,1.054,7.5972e+21,7.59718842576e+21,1.0000015234899216,1.1574239999033343e-05,True
1024,6.86104,186.647,7.6836,89000,2.1,0.000201,0.068,bf16,285.0,990.0,2.0962,2.1609,8.68,0.879,7.683600000000001e+21,7.68355519728e+21,1.0000058309882405,4.480272000090112e-05,True
1025,6.86104,188.744,7.7699,90000,2.1,0.000201,0.016,bf16,288.2,990.0,2.1134,2.16,8.67,25.489,7.7699e+21,7.76988080256e+21,1.0000024707509019,1.9197440000262143e-05,True
1026,6.86104,190.841,7.8562,91000,2.1,0.000201,0.065,bf16,291.4,990.0,1.9986,2.159,8.66,1.587,7.856200000000001e+21,7.85620640784e+21,0.9999991843595157,6.407839999328256e-06,True
1027,6.86104,192.938,7.9425,92000,2.1,0.000201,0.026,bf16,294.6,990.0,2.0946,2.1581,8.65,0.545,7.9425e+21,7.942532013119999e+21,0.9999959694062365,3.201311999891866e-05,True
1028,6.86104,195.035,8.0289,93000,2.1,0.000201,0.019,fp16,297.8,990.0,1.9861,2.1572,8.65,1.247,8.0289e+21,8.0288576184e+21,1.0000052786588098,4.238160000083558e-05,True
1029,6.86104,197.132,8.1152,94000,2.1,0.000201,0.049,bf16,301.0,990.0,2.0914,2.1564,8.64,15.912,8.1152e+21,8.11518322368e+21,1.000002067275567,1.677632000019661e-05,True
1030,6.86104,199.229,8.2015,95000,2.1,0.000201,0.061,fp16,304.2,990.0,1.9928,2.1555,8.63,1.029,8.2015e+21,8.20150882896e+21,0.9999989234956416,8.828960000442368e-06,True
1031,6.86104,201.327,8.2879,96000,2.1,0.000201,0.059,bf16,307.5,990.0,2.0471,2.1547,8.63,0.908,8.287900000000001e+21,8.28787560048e+21,1.0000029440017173,2.4399520000376832e-05,True
1032,6.86104,203.424,8.3742,97000,2.1,0.000201,0.041,bf16,310.7,990.0,2.0156,2.1538,8.62,0.597,8.3742e+21,8.374201205760001e+21,0.9999998560149236,1.205760000262144e-06,True
1033,6.86104,205.521,8.4605,98000,2.1,0.000201,0.045,bf16,313.9,990.0,2.0822,2.1531,8.61,1.44,8.4605e+21,8.46052681104e+21,0.9999968310436692,2.6811039999852542e-05,True
1034,6.86104,207.618,8.5469,99000,2.1,0.000201,0.051,bf16,317.1,990.0,2.0714,2.1524,8.61,0.572,8.546900000000001e+21,8.54685241632e+21,1.0000055673922612,4.758368000095027e-05,True
1035,6.86104,209.715,8.6332,100000,2.1,0.000201,0.03,fp16,320.3,990.0,2.0152,2.1515,8.6,0.605,8.6332e+21,8.6331780216e+21,1.0000025458064163,2.1978400000311298e-05,True
1036,6.86104,211.812,8.7195,101000,2.1,0.000201,0.083,bf16,323.5,990.0,2.0595,2.1509,8.59,1.431,8.7195e+21,8.71950362688e+21,0.9999995840497171,3.62688000032768e-06,True
1037,6.86104,213.91,8.8059,102000,2.1,0.000201,0.051,fp16,326.7,990.0,1.9809,2.1499,8.58,0.779,8.805899999999999e+21,8.8058703984e+21,1.0000033615757058,2.9601599999442945e-05,True
1038,6.86104,216.007,8.8922,103000,2.1,0.000201,0.067,bf16,329.9,990.0,2.0233,2.1491,8.58,1.027,8.892200000000001e+21,8.89219600368e+21,1.0000004494187937,3.99632000090112e-06,True
1039,6.86104,218.104,8.9785,104000,2.1,0.000201,0.058,fp16,333.1,990.0,2.0684,2.1485,8.57,0.724,8.9785e+21,8.97852160896e+21,0.9999975932607905,2.1608959999737857e-05,True
1040,6.86104,220.201,9.0648,105000,2.1,0.000201,0.087,fp16,336.3,990.0,2.0918,2.1478,8.57,0.552,9.0648e+21,9.064847214239999e+21,0.999994791501844,4.721423999932826e-05,True
1041,6.86104,222.298,9.1512,106000,2.1,0.000201,0.065,fp16,339.5,990.0,2.0115,2.1472,8.56,0.986,9.151199999999999e+21,9.15117281952e+21,1.0000029701635555,2.7180479999377407e-05,True
1042,6.86104,224.395,9.2375,107000,2.1,0.000201,0.036,fp16,342.7,990.0,2.0068,2.1463,8.55,1.163,9.237500000000001e+21,9.237498424800001e+21,1.0000001705223565,1.575199999787008e-06,True
1043,6.86104,226.492,9.3238,108000,2.1,0.000201,0.018,bf16,345.9,990.0,2.0207,2.1457,8.55,1.815,9.3238e+21,9.32382403008e+21,0.9999974227227024,2.403007999980339e-05,True
1044,6.86104,228.59,9.4102,109000,2.1,0.000201,0.013,bf16,349.1,990.0,2.0648,2.1449,8.54,0.665,9.410199999999999e+21,9.4101908016e+21,1.0000009774934635,9.198399998918656e-06,True
1045,6.86104,230.687,9.4965,110000,2.1,0.000201,0.048,bf16,352.3,990.0,1.9859,2.1442,8.54,0.916,9.496499999999999e+21,9.49651640688e+21,0.9999982723264723,1.640688000172032e-05,True
1046,6.86104,232.784,9.5828,111000,2.1,0.000201,0.058,bf16,355.5,990.0,2.0504,2.1436,8.53,10.023,9.582800000000002e+21,9.582842012159999e+21,0.9999956158976696,4.2012159997116417e-05,True
1047,6.86104,234.881,9.6692,112000,2.1,0.000201,0.014,fp16,358.7,990.0,2.0547,2.1429,8.52,0.844,9.6692e+21,9.66916761744e+21,1.0000033490535358,3.238255999844352e-05,True
1048,6.86104,236.978,9.7555,113000,2.1,0.000201,0.042,fp16,361.9,990.0,2.0934,2.1421,8.52,1.154,9.7555e+21,9.755493222720001e+21,1.0000006947142337,6.77727999885312e-06,True
1049,6.86104,239.075,9.8418,114000,2.1,0.000201,0.087,bf16,365.1,990.0,2.0366,2.1416,8.51,1.366,9.841799999999999e+21,9.841818828e+21,0.9999980869389764,1.882800000073728e-05,True
1050,6.86104,241.172,9.9281,115000,2.1,0.000201,0.084,fp16,368.3,990.0,1.9994,2.141,8.51,1.088,9.928100000000001e+21,9.92814443328e+21,0.9999955245131357,4.443327999823053e-05,True
1051,6.86104,243.27,10.0145,116000,2.1,0.000201,0.084,bf16,371.5,990.0,1.9762,2.1402,8.5,1.127,1.00145e+22,1.00145112048e+22,0.9999988811435953,1.1204800001605632e-05,True
1052,6.86104,245.367,10.1008,117000,2.1,0.000201,0.087,bf16,374.7,990.0,2.0045,2.1396,8.5,0.734,1.01008e+22,1.010083681008e+22,0.9999963557395599,3.681007999909888e-05,True
1053,6.86104,247.464,10.1872,118000,2.1,0.000201,0.044,bf16,377.9,990.0,1.9998,2.139,8.49,0.984,1.01872e+22,1.018716241536e+22,1.0000036894120725,3.758464000065536e-05,True
1054,6.86104,249.561,10.2735,119000,2.1,0.000201,0.081,fp16,381.1,990.0,2.0863,2.1384,8.49,1.016,1.02735e+22,1.027348802064e+22,1.0000011660460377,1.197936000106496e-05,True
1055,6.86104,251.658,10.3598,120000,2.1,0.000201,0.074,fp16,384.3,990.0,2.0742,2.1377,8.48,7.505,1.03598e+22,1.035981362592e+22,0.9999986847330954,1.3625920000622592e-05,True
1056,6.86104,253.755,10.4461,121000,2.1,0.000201,0.01,bf16,387.5,990.0,1.9843,2.1371,8.47,0.898,1.04461e+22,1.04461392312e+22,0.9999962444306808,3.923120000021299e-05,True
1057,6.86104,255.853,10.5325,122000,2.1,0.000201,0.036,bf16,390.7,990.0,2.0704,2.1365,8.47,1.224,1.05325e+22,1.0532506002720001e+22,0.9999994300767547,6.002720001490944e-06,True
1058,6.86104,257.95,10.6188,123000,2.1,0.000201,0.022,bf16,393.9,990.0,1.9771,2.136,8.47,11.209,1.06188e+22,1.0618831608e+22,0.999997023401334,3.160799999898419e-05,True
1059,6.86104,260.047,10.7052,124000,2.1,0.000201,0.03,fp16,397.1,990.0,2.0196,2.1353,8.46,1.027,1.07052e+22,1.0705157213280002e+22,1.000003996832475,4.27867199986729e-05,True
1060,6.86104,262.144,10.7915,125000,2.1,0.000201,0.062,fp16,400.3,990.0,2.0265,2.1347,8.45,1.101,1.07915e+22,1.079148281856e+22,1.0000015921296719,1.7181439999082495e-05,True
1061,6.86104,264.241,10.8778,126000,2.1,0.000201,0.055,bf16,403.5,990.0,1.9677,2.1342,8.45,1.51,1.08778e+22,1.087780842384e+22,0.9999992255940101,8.423840000507905e-06,True
1062,6.86104,266.338,10.9641,127000,2.1,0.000201,0.074,bf16,406.7,990.0,2.0347,2.1334,8.44,0.816,1.09641e+22,1.096413402912e+22,0.9999968963239678,3.402912000009831e-05,True
1063,6.86104,268.435,11.0505,128000,2.1,0.000201,0.076,fp16,409.9,990.0,1.9901,2.1331,8.44,1.477,1.10505e+22,1.10504596344e+22,1.0000036528435319,4.0365599999655934e-05,True
1064,6.86104,270.533,11.1368,129000,2.1,0.000201,0.046,bf16,413.1,990.0,1.9674,2.1323,8.43,1.454,1.11368e+22,1.113682640592e+22,0.9999976289546916,2.6405920000966656e-05,True
1065,6.86104,272.63,11.2232,130000,2.1,0.000201,0.091,bf16,416.3,990.0,2.083,2.1318,8.43,0.933,1.1223200000000001e+22,1.12231520112e+22,1.0000042758754362,4.798880000088473e-05,True
1066,6.86104,274.727,11.3095,131000,2.1,0.000201,0.08,bf16,419.5,990.0,1.9947,2.1312,8.43,0.737,1.13095e+22,1.1309477616479998e+22,1.000001979182484,2.2383520001294336e-05,True
1067,6.86104,276.824,11.3958,132000,2.1,0.000201,0.036,bf16,422.7,990.0,1.9857,2.1307,8.42,1.083,1.13958e+22,1.139580322176e+22,0.9999997172853955,3.221760000393216e-06,True
1068,6.86104,278.921,11.4821,133000,2.1,0.000201,0.043,fp16,425.9,990.0,2.0329,2.1303,8.42,1.162,1.14821e+22,1.1482128827039999e+22,0.9999974893993586,2.8827039997886463e-05,True
1069,6.86104,281.018,11.5685,134000,2.1,0.000201,0.037,bf16,429.1,990.0,1.9759,2.1297,8.41,0.933,1.15685e+22,1.156845443232e+22,1.0000039389600632,4.5567680001867775e-05,True
1070,6.86104,283.116,11.6548,135000,2.1,0.000201,0.08,bf16,432.4,990.0,2.0375,2.1292,8.41,1.475,1.16548e+22,1.165482120384e+22,0.9999981806807989,2.1203840000851967e-05,True
1071,6.86104,285.213,11.7411,136000,2.1,0.000201,0.083,bf16,435.6,990.0,2.0126,2.1286,8.4,0.936,1.17411e+22,1.174114680912e+22,0.9999960132412309,4.680912000044237e-05,True
1072,6.86104,287.31,11.8275,137000,2.1,0.000201,0.069,fp16,438.8,990.0,1.966,2.1281,8.4,0.943,1.18275e+22,1.18274724144e+22,1.0000023323326432,2.7585599999311873e-05,True
1073,6.86104,289.407,11.9138,138000,2.1,0.000201,0.056,fp16,442.0,990.0,1.981,2.1276,8.39,0.981,1.19138e+22,1.191379801968e+22,1.000000166220713,1.980320001818624e-06,True
1074,6.86104,291.504,12.0001,139000,2.1,0.000201,0.07,fp16,445.2,990.0,2.0309,2.127,8.39,0.926,1.20001e+22,1.2000123624960001e+22,0.9999980312736152,2.362496000196608e-05,True
1075,6.86104,293.601,12.0864,140000,2.1,0.000201,0.044,bf16,448.4,990.0,1.9669,2.1266,8.39,0.799,1.20864e+22,1.208644923024e+22,0.9999959268235805,4.9230239999459326e-05,True
1076,6.86104,295.698,12.1728,141000,2.1,0.000201,0.027,bf16,451.6,990.0,2.066,2.126,8.38,0.896,1.21728e+22,1.217277483552e+22,1.000002067275567,2.516448000029491e-05,True
1077,6.86104,297.796,12.2591,142000,2.1,0.000201,0.023,bf16,454.8,990.0,1.9604,2.1255,8.38,0.984,1.22591e+22,1.2259141607039999e+22,0.9999966060396941,4.160703999823053e-05,True
1078,6.86104,299.893,12.3455,143000,2.1,0.000201,0.051,bf16,458.0,990.0,2.0641,2.125,8.37,0.826,1.2345499999999999e+22,1.234546721232e+22,1.0000026558476431,3.278767999942656e-05,True
1086,11.965825,0.134,0.0096,64,2.09,0.00019,0.098,bf16,0.4,1307.4,3.921,4.0188,55.64,1.743,9.6e+18,9.6205233e+18,0.9978667168759936,2.05233e-05,True
1087,11.965825,0.268,0.0192,128,2.09,0.00019,0.018,bf16,0.7,1307.4,3.3836,3.6351,37.91,0.893,1.92e+19,1.92410466e+19,0.9978667168759936,4.10466e-05,True
1088,11.965825,0.537,0.0386,256,2.1,0.00019,0.03,bf16,1.4,1307.4,3.0925,3.3185,27.62,0.928,3.86e+19,3.855388815e+19,1.0011960363069115,4.6111849999998975e-05,True
1089,11.965825,1.074,0.0771,512,2.1,0.00019,0.086,bf16,2.9,1307.4,2.9044,3.058,21.28,0.871,7.71e+19,7.71077763e+19,0.9998991502495189,7.776300000002049e-06,True
1090,11.965825,2.097,0.1506,1000,2.1,0.00019,0.082,bf16,5.6,1307.4,2.6633,2.8502,17.29,0.719,1.506e+20,1.5055401015e+20,1.000305470773938,4.598984999999898e-05,True
1091,11.965825,4.194,0.3011,2000,2.1,0.00019,0.042,bf16,11.2,1307.4,2.6123,2.6724,14.47,6.704,3.011e+20,3.011080203e+20,0.9999733640439334,8.020300000002048e-06,True
1092,11.965825,6.291,0.4517,3000,2.1,0.00019,0.037,fp16,16.8,1307.4,2.4902,2.5833,13.24,0.647,4.517e+20,4.5166203045e+20,1.0000840662872683,3.796954999999693e-05,True
1093,11.965825,8.389,0.6023,4000,2.1,0.00019,0.03,bf16,22.3,1307.4,2.4543,2.5261,12.5,1.589,6.023e+20,6.0228783555e+20,1.000020197070706,1.2164450000044032e-05,True
1094,11.965825,10.486,0.7528,5000,2.1,0.00019,0.074,fp16,27.9,1307.4,2.4169,2.4845,12.0,1.267,7.528e+20,7.528418457000001e+20,0.9999444163468874,4.184570000008806e-05,True
1095,11.965825,12.583,0.9034,6000,2.1,0.00019,0.07,fp16,33.5,1307.4,2.3097,2.4527,11.62,1.05,9.034e+20,9.0339585585e+20,1.0000045873024248,4.144150000041984e-06,True
1096,11.965825,14.68,1.0539,7000,2.1,0.00019,0.059,bf16,39.1,1307.4,2.3773,2.4268,11.32,0.605,1.0539e+21,1.053949866e+21,0.9999526865540681,4.986599999995904e-05,True
1097,11.965825,16.777,1.2045,8000,2.1,0.00019,0.094,bf16,44.7,1307.4,2.2387,2.4053,11.08,0.666,1.2045e+21,1.20450387615e+21,0.9999967819530705,3.876150000222208e-06,True
1098,11.965825,18.874,1.3551,9000,2.1,0.00019,0.086,fp16,50.3,1307.4,2.2858,2.3868,10.88,1.316,1.3550999999999999e+21,1.3550578863e+21,1.0000310788936957,4.211369999990784e-05,True
1099,11.965825,20.972,1.5057,10000,2.1,0.00019,0.089,bf16,55.9,1307.4,2.242,2.3713,10.71,1.1,1.5057000000000001e+21,1.5056836914000002e+21,1.0000108313586002,1.6308599999954943e-05,True
1100,11.965825,23.069,1.6562,11000,2.1,0.00019,0.047,bf16,61.4,1307.4,2.2526,2.3573,10.56,0.94,1.6562e+21,1.65623770155e+21,0.999977236630971,3.770155000004608e-05,True
1101,11.965825,25.166,1.8068,12000,2.1,0.00019,0.09,bf16,67.0,1307.4,2.1969,2.345,10.43,1.112,1.8068e+21,1.8067917117e+21,1.0000045873024248,8.288300000083968e-06,True
1102,11.965825,27.263,1.9573,13000,2.1,0.00019,0.036,bf16,72.6,1307.4,2.233,2.3334,10.31,0.566,1.9573000000000001e+21,1.95734572185e+21,0.9999766408920563,4.5721849999917055e-05,True
1103,11.965825,29.36,2.1079,14000,2.1,0.00019,0.085,bf16,78.2,1307.4,2.1469,2.3239,10.22,0.721,2.1078999999999999e+21,2.107899732e+21,1.0000001271407724,2.67999999950848e-07,True
1104,11.965825,31.457,2.2585,15000,2.1,0.00019,0.053,bf16,83.8,1307.4,2.1602,2.3144,10.12,0.932,2.2585000000000001e+21,2.25845374215e+21,1.0000204820887568,4.6257850000080895e-05,True
1105,11.965825,33.554,2.409,16000,2.1,0.00019,0.05,bf16,89.4,1307.4,2.1631,2.3061,10.04,1.305,2.409e+21,2.4090077523e+21,0.9999967819530705,7.752300000444416e-06,True
1106,11.965825,35.652,2.5596,17000,2.1,0.00019,0.081,fp16,95.0,1307.4,2.1218,2.2981,9.96,1.292,2.5596e+21,2.5596335574e+21,0.9999868897640043,3.355740000013517e-05,True
1107,11.965825,37.749,2.7102,18000,2.1,0.00019,0.097,fp16,100.5,1307.4,2.1611,2.291,9.88,0.701,2.7101999999999997e+21,2.7101875675500003e+21,1.0000045873024246,1.2432449999470592e-05,True
1108,11.965825,39.846,2.8607,19000,2.1,0.00019,0.082,fp16,106.1,1307.4,2.2232,2.2841,9.82,0.808,2.8607e+21,2.8607415777e+21,0.9999854661111917,4.1577699999744e-05,True
1109,11.965825,41.943,3.0113,20000,2.1,0.00019,0.07,bf16,111.7,1307.4,2.1862,2.2778,9.76,1.696,3.0113e+21,3.01129558785e+21,1.0000014651999019,4.41214999986176e-06,True
1110,11.965825,44.04,3.1618,21000,2.1,0.00019,0.072,bf16,117.3,1307.4,2.2194,2.2722,9.7,0.792,3.1618e+21,3.161849598e+21,0.9999843136118708,4.959800000040141e-05,True
1111,11.965825,46.137,3.3124,22000,2.1,0.00019,0.041,fp16,122.9,1307.4,2.1096,2.2664,9.64,1.503,3.3124e+21,3.3124036081500003e+21,0.9999989107154722,3.60815000027136e-06,True
1112,11.965825,48.234,3.463,23000,2.1,0.00019,0.088,bf16,128.5,1307.4,2.1725,2.2612,9.59,0.97,3.463e+21,3.4629576183e+21,1.0000122385846644,4.2381700000382975e-05,True
1113,11.965825,50.332,3.6136,24000,2.1,0.00019,0.093,fp16,134.1,1307.4,2.1608,2.2563,9.55,1.238,3.6136e+21,3.6135834234e+21,1.0000045873024248,1.6576600000167936e-05,True
1114,11.965825,52.429,3.7641,25000,2.1,0.00019,0.066,fp16,139.6,1307.4,2.1423,2.2516,9.5,0.712,3.7641e+21,3.76413743355e+21,0.9999900552116757,3.743355000009523e-05,True
1115,11.965825,54.526,3.9147,26000,2.1,0.00019,0.053,bf16,145.2,1307.4,2.099,2.2471,9.46,0.769,3.9146999999999996e+21,3.9146914437e+21,1.0000021856895038,8.556299999510528e-06,True
1116,11.965825,56.623,4.0652,27000,2.1,0.00019,0.088,fp16,150.8,1307.4,2.1763,2.2428,9.42,0.725,4.0652e+21,4.0652454538499997e+21,0.9999888189162215,4.5453849999704066e-05,True
1117,11.965825,58.72,4.2158,28000,2.1,0.00019,0.022,fp16,156.4,1307.4,2.1509,2.239,9.38,8.781,4.2157999999999997e+21,4.215799464e+21,1.0000001271407724,5.35999999901696e-07,True
1118,11.965825,60.817,4.3664,29000,2.1,0.00019,0.096,fp16,162.0,1307.4,2.113,2.2349,9.35,0.667,4.3663999999999995e+21,4.36635347415e+21,1.0000106555390613,4.652584999950746e-05,True
1119,11.965825,62.915,4.517,30000,2.1,0.00019,0.025,fp16,167.6,1307.4,2.1149,2.2312,9.31,1.134,4.5170000000000003e+21,4.51697927925e+21,1.0000045873024248,2.072075000034099e-05,True
1120,11.965825,65.012,4.6675,31000,2.1,0.00019,0.016,bf16,173.1,1307.4,2.0672,2.2277,9.28,0.877,4.6675000000000007e+21,4.6675332894e+21,0.9999928678816121,3.328939999939789e-05,True
1121,11.965825,67.109,4.8181,32000,2.1,0.00019,0.068,fp16,178.7,1307.4,2.1499,2.2243,9.25,0.631,4.8181e+21,4.81808729955e+21,1.0000026359941634,1.2700450000207872e-05,True
1122,11.965825,69.206,4.9686,33000,2.1,0.00019,0.038,fp16,184.3,1307.4,2.1016,2.221,9.22,0.536,4.9686e+21,4.9686413097e+21,0.9999916859162445,4.130969999953101e-05,True
1123,11.965825,71.303,5.1192,34000,2.1,0.00019,0.061,bf16,189.9,1307.4,2.111,2.2178,9.19,1.328,5.1192e+21,5.11919531985e+21,1.000000914235482,4.680150000074752e-06,True
1124,11.965825,73.4,5.2697,35000,2.1,0.00019,0.05,fp16,195.5,1307.4,2.0881,2.2146,9.16,1.434,5.2697e+21,5.26974933e+21,0.9999906390234315,4.9329999999664125e-05,True
1125,11.965825,75.497,5.4203,36000,2.1,0.00019,0.049,fp16,201.1,1307.4,2.0386,2.2119,9.13,1.083,5.4203e+21,5.42030334015e+21,0.9999993837706508,3.340150000058368e-06,True
1126,11.965825,77.595,5.5709,37000,2.1,0.00019,0.024,fp16,206.7,1307.4,2.0664,2.2089,9.11,1.171,5.5709e+21,5.57092914525e+21,0.9999947683323123,2.914524999974912e-05,True
1127,11.965825,79.692,5.7215,38000,2.1,0.00019,0.066,fp16,212.2,1307.4,2.037,2.2063,9.08,1.481,5.7215e+21,5.7214831554e+21,1.0000029440967564,1.684459999985664e-05,True
1128,11.965825,81.789,5.872,39000,2.1,0.00019,0.088,bf16,217.8,1307.4,2.102,2.2035,9.06,0.985,5.872e+21,5.87203716555e+21,0.9999936707570214,3.716554999988224e-05,True
1129,11.965825,83.886,6.0226,40000,2.1,0.00019,0.041,bf16,223.4,1307.4,2.1565,2.201,9.03,1.613,6.0226e+21,6.0225911757e+21,1.0000014651999019,8.82429999972352e-06,True
1130,11.965825,85.983,6.1731,41000,2.1,0.00019,0.096,bf16,229.0,1307.4,2.1188,2.1986,9.01,0.729,6.1731e+21,6.17314518585e+21,0.9999926802547746,4.518585000001536e-05,True
1131,11.965825,88.08,6.3237,42000,2.1,0.00019,0.054,bf16,234.6,1307.4,2.0527,2.1962,8.99,0.777,6.3237e+21,6.323699196e+21,1.0000001271407724,8.039999995904e-07,True
1132,11.965825,90.178,6.4743,43000,2.1,0.00019,0.045,bf16,240.2,1307.4,2.0793,2.1939,8.97,1.364,6.474300000000001e+21,6.4743250011e+21,0.9999961384236975,2.5001099999051777e-05,True
1133,11.965825,92.275,6.6249,44000,2.1,0.00019,0.038,bf16,245.8,1307.4,2.0789,2.1917,8.95,0.526,6.6249e+21,6.624879011250001e+21,1.000003168171066,2.098874999950541e-05,True
1134,11.965825,94.372,6.7754,45000,2.1,0.00019,0.088,bf16,251.3,1307.4,2.0227,2.1894,8.93,0.741,6.775400000000001e+21,6.7754330214e+21,0.9999951263041204,3.30213999991849e-05,True
1135,11.965825,96.469,6.926,46000,2.1,0.00019,0.043,bf16,256.9,1307.4,2.026,2.1873,8.91,1.15,6.926e+21,6.925987031549999e+21,1.0000018724334803,1.296845000146944e-05,True
1136,11.965825,98.566,7.0765,47000,2.1,0.00019,0.051,bf16,262.5,1307.4,2.092,2.1853,8.89,1.153,7.0765e+21,7.0765410417e+21,0.9999942003162621,4.104170000036659e-05,True
1137,11.965825,100.663,7.2271,48000,2.1,0.00019,0.035,fp16,268.1,1307.4,2.0813,2.1833,8.88,0.98,7.2271e+21,7.227095051849999e+21,1.0000006846665175,4.948150000287744e-06,True
1138,11.965825,102.76,7.3776,49000,2.1,0.00019,0.068,bf16,273.7,1307.4,2.0324,2.1811,8.86,0.889,7.3776e+21,7.377649062e+21,0.9999933499141003,4.9062000000499714e-05,True
1139,11.965825,104.858,7.5283,50000,2.1,0.00019,0.057,bf16,279.3,1307.4,2.0884,2.1794,8.84,0.958,7.5283e+21,7.5282748671e+21,1.0000033384673706,2.513290000020275e-05,True
1140,11.965825,106.955,7.6788,51000,2.1,0.00019,0.068,bf16,284.9,1307.4,2.1066,2.1775,8.82,0.85,7.6788e+21,7.67882887725e+21,0.9999962393679476,2.8877250000584706e-05,True
1141,11.965825,109.052,7.8294,52000,2.1,0.00019,0.033,bf16,290.4,1307.4,2.0228,2.1756,8.81,7.928,7.829399999999999e+21,7.8293828874e+21,1.0000021856895038,1.7112599999021056e-05,True
1142,11.965825,111.149,7.9799,53000,2.1,0.00019,0.065,bf16,296.0,1307.4,2.1058,2.174,8.79,1.313,7.9799e+21,7.97993689755e+21,0.9999953762103041,3.6897550000717824e-05,True
1143,11.965825,113.246,8.1305,54000,2.1,0.00019,0.07,bf16,301.6,1307.4,2.0157,2.1721,8.78,0.949,8.130499999999999e+21,8.130490907699999e+21,1.0000011182965585,9.092299999936513e-06,True
1144,11.965825,115.343,8.281,55000,2.1,0.00019,0.016,bf16,307.2,1307.4,2.1029,2.1704,8.76,1.097,8.281000000000001e+21,8.281044917850001e+21,0.9999945758234081,4.4917849999802366e-05,True
1145,11.965825,117.441,8.4317,56000,2.1,0.00019,0.011,fp16,312.8,1307.4,2.1047,2.1688,8.75,0.985,8.431699999999999e+21,8.43167072295e+21,1.0000034722715059,2.9277049998802944e-05,True
1146,11.965825,119.538,8.5822,57000,2.1,0.00019,0.054,fp16,318.4,1307.4,2.0426,2.1672,8.73,0.743,8.5822e+21,8.5822247331e+21,0.9999971181015682,2.473309999988736e-05,True
1147,11.965825,121.635,8.7328,58000,2.1,0.00019,0.025,bf16,324.0,1307.4,2.0449,2.1655,8.72,0.619,8.732799999999999e+21,8.73277874325e+21,1.0000024341335816,2.1256749998669826e-05,True
1148,11.965825,123.732,8.8833,59000,2.1,0.00019,0.096,fp16,329.5,1307.4,2.1002,2.1639,8.71,1.113,8.8833e+21,8.8833327534e+21,0.9999963129378456,3.275340000002048e-05,True
1149,11.965825,125.829,9.0339,60000,2.1,0.00019,0.065,bf16,335.1,1307.4,2.06,2.1627,8.69,0.845,9.033899999999999e+21,9.03388676355e+21,1.0000014651999019,1.323644999958528e-05,True
1150,11.965825,127.926,9.1844,61000,2.1,0.00019,0.037,fp16,340.7,1307.4,2.1148,2.161,8.68,1.075,9.184400000000001e+21,9.1844407737e+21,0.9999955605680299,4.0773699999105024e-05,True
1151,11.965825,130.023,9.335,62000,2.1,0.00019,0.075,bf16,346.3,1307.4,2.0176,2.1595,8.67,0.89,9.335000000000001e+21,9.33499478385e+21,1.0000005587737457,5.216150001549312e-06,True
1152,11.965825,132.121,9.4856,63000,2.1,0.00019,0.067,fp16,351.9,1307.4,2.0948,2.158,8.65,1.268,9.4856e+21,9.48562058895e+21,0.9999978294567226,2.0588950001287167e-05,True
1153,11.965825,134.218,9.6362,64000,2.1,0.00019,0.072,bf16,357.5,1307.4,2.0688,2.1568,8.64,1.303,9.6362e+21,9.6361745991e+21,1.0000026359941634,2.5400900000415743e-05,True
1154,11.965825,136.315,9.7867,65000,2.1,0.00019,0.032,bf16,363.1,1307.4,2.1023,2.1553,8.63,0.975,9.7867e+21,9.78672860925e+21,0.9999970767300144,2.860925000142029e-05,True
1155,11.965825,138.412,9.9373,66000,2.1,0.00019,0.088,bf16,368.6,1307.4,2.0035,2.1542,8.62,1.086,9.9373e+21,9.9372826194e+21,1.0000017490294546,1.7380600000282625e-05,True
1156,11.965825,140.509,10.0878,67000,2.1,0.00019,0.017,bf16,374.2,1307.4,2.051,2.1529,8.61,1.009,1.00878e+22,1.0087836629549999e+22,0.9999963689390159,3.6629549999456255e-05,True
1157,11.965825,142.606,10.2384,68000,2.1,0.00019,0.032,bf16,379.8,1307.4,2.0901,2.1515,8.6,1.064,1.02384e+22,1.02383906397e+22,1.000000914235482,9.360300000149504e-06,True
1158,11.965825,144.703,10.3889,69000,2.1,0.00019,0.097,fp16,385.4,1307.4,1.9966,2.1504,8.59,1.213,1.03889e+22,1.038894464985e+22,0.9999957021765438,4.464985000168653e-05,True
1159,11.965825,146.801,10.5396,70000,2.1,0.00019,0.059,bf16,391.0,1307.4,2.1049,2.1491,8.58,0.91,1.05396e+22,1.053957045495e+22,1.0000028032499166,2.9545050000064513e-05,True
1160,11.965825,148.898,10.6901,71000,2.1,0.00019,0.072,bf16,396.6,1307.4,2.0581,2.1478,8.57,1.598,1.0690099999999999e+22,1.06901244651e+22,0.9999977114298265,2.446510000177152e-05,True
1161,11.965825,150.995,10.8407,72000,2.1,0.00019,0.084,bf16,402.2,1307.4,1.9947,2.1464,8.55,1.623,1.08407e+22,1.084067847525e+22,1.0000019855537685,2.152474999993139e-05,True
1162,11.965825,153.092,10.9912,73000,2.1,0.00019,0.039,bf16,407.7,1307.4,2.0732,2.1456,8.55,1.223,1.0991199999999999e+22,1.09912324854e+22,0.9999970444260873,3.248540000190464e-05,True
1163,11.965825,155.189,11.1418,74000,2.1,0.00019,0.049,bf16,413.3,1307.4,2.0445,2.1442,8.53,1.449,1.11418e+22,1.114178649555e+22,1.0000012120542792,1.3504449999798271e-05,True
1164,11.965825,157.286,11.2923,75000,2.1,0.00019,0.08,bf16,418.9,1307.4,2.0562,2.143,8.53,1.301,1.12923e+22,1.1292340505700001e+22,0.999996412993393,4.050570000203776e-05,True
1165,11.965825,159.384,11.443,76000,2.1,0.00019,0.056,bf16,424.5,1307.4,1.9772,2.1421,8.52,0.988,1.1443e+22,1.14429663108e+22,1.0000029440967564,3.368919999971328e-05,True
1166,11.965825,161.481,11.5935,77000,2.1,0.00019,0.033,bf16,430.1,1307.4,2.0272,2.1411,8.51,1.265,1.15935e+22,1.1593520320949999e+22,0.9999982472148722,2.032094999792845e-05,True
1167,11.965825,163.578,11.7441,78000,2.1,0.00019,0.061,bf16,435.7,1307.4,1.9742,2.1399,8.5,0.569,1.17441e+22,1.17440743311e+22,1.000002185689504,2.566889999958016e-05,True
1168,11.965825,165.675,11.8946,79000,2.1,0.00019,0.023,bf16,441.2,1307.4,1.9941,2.1388,8.49,1.153,1.18946e+22,1.189462834125e+22,0.9999976173068055,2.834125000015872e-05,True
1169,11.965825,167.772,12.0452,80000,2.1,0.00019,0.04,bf16,446.8,1307.4,2.0625,2.1378,8.48,0.858,1.20452e+22,1.20451823514e+22,1.0000014651999019,1.764859999944704e-05,True
1170,11.965825,169.869,12.1957,81000,2.1,0.00019,0.051,bf16,452.4,1307.4,1.9908,2.1368,8.47,0.819,1.21957e+22,1.219573636155e+22,0.9999970185031128,3.6361549998194686e-05,True
1171,11.965825,171.966,12.3463,82000,2.1,0.00019,0.04,bf16,458.0,1307.4,2.0799,2.1358,8.46,0.643,1.23463e+22,1.23462903717e+22,1.0000007798536814,9.62829999931392e-06,True
1172,11.965825,174.064,12.4969,83000,2.1,0.00019,0.062,bf16,463.6,1307.4,1.9889,2.1347,8.45,0.606,1.24969e+22,1.2496916176799999e+22,0.9999987055366485,1.617679999827968e-05,True
1173,11.965825,176.161,12.6475,84000,2.1,0.00019,0.035,bf16,469.2,1307.4,2.0641,2.1337,8.45,0.978,1.2647500000000001e+22,1.264747018695e+22,1.000002357234258,2.981305000132608e-05,True
1174,11.965825,178.258,12.798,85000,2.1,0.00019,0.018,fp16,474.8,1307.4,2.03,2.1328,8.44,1.583,1.2798e+22,1.27980241971e+22,0.9999981093097162,2.4197100000509954e-05,True
1175,11.965825,180.355,12.9486,86000,2.1,0.00019,0.081,bf16,480.3,1307.4,2.0657,2.1318,8.43,1.556,1.2948600000000001e+22,1.294857820725e+22,1.0000016830226186,2.179275000119296e-05,True
1176,11.965825,182.452,13.0991,87000,2.1,0.00019,0.073,fp16,485.9,1307.4,1.9948,2.1309,8.42,0.877,1.30991e+22,1.30991322174e+22,0.9999975404935637,3.221739999854592e-05,True
1177,11.965825,184.549,13.2497,88000,2.1,0.00019,0.064,bf16,491.5,1307.4,2.0193,2.1298,8.41,25.788,1.3249700000000001e+22,1.324968622755e+22,1.000001039454804,1.377245000105984e-05,True
1178,11.965825,186.647,13.4003,89000,2.1,0.00019,0.071,fp16,497.1,1307.4,1.9861,2.129,8.41,0.499,1.34003e+22,1.3400312032649999e+22,0.9999991020619543,1.2032649998630913e-05,True
1179,11.965825,188.744,13.5509,90000,2.1,0.00019,0.085,bf16,502.7,1307.4,2.0264,2.1281,8.4,1.212,1.35509e+22,1.35508660428e+22,1.0000025059062567,3.395720000097485e-05,True
1180,11.965825,190.841,13.7014,91000,2.1,0.00019,0.083,fp16,508.3,1307.4,1.977,2.1272,8.39,0.796,1.37014e+22,1.3701420052950001e+22,0.9999985364327257,2.0052950000861184e-05,True
1181,11.965825,192.938,13.852,92000,2.1,0.00019,0.078,fp16,513.9,1307.4,2.0761,2.1264,8.38,1.663,1.3852e+22,1.3851974063099998e+22,1.0000018724334803,2.593690000293888e-05,True
1182,11.965825,195.035,14.0025,93000,2.1,0.00019,0.092,bf16,519.4,1307.4,1.9983,2.1256,8.38,0.941,1.40025e+22,1.400252807325e+22,0.99999799512989,2.807324999889715e-05,True
1183,11.965825,197.132,14.1531,94000,2.1,0.00019,0.092,bf16,525.0,1307.4,2.0353,2.1248,8.37,1.037,1.4153100000000001e+22,1.41530820834e+22,1.0000012659150774,1.7916600000708608e-05,True
1184,11.965825,199.229,14.3036,95000,2.1,0.00019,0.067,bf16,530.6,1307.4,1.9707,2.1238,8.36,1.038,1.4303599999999998e+22,1.4303636093550002e+22,0.9999974766171505,3.609355000322458e-05,True
1185,11.965825,201.327,14.4543,96000,2.1,0.00019,0.083,bf16,536.2,1307.4,1.9939,2.123,8.36,0.956,1.44543e+22,1.445426189865e+22,1.0000026359941634,3.810135000062362e-05,True
1186,11.965825,203.424,14.6048,97000,2.1,0.00019,0.07,bf16,541.8,1307.4,2.0784,2.1223,8.35,1.035,1.46048e+22,1.4604815908800001e+22,0.9999989107154722,1.5908800001212415e-05,True
1187,11.965825,205.521,14.7554,98000,2.1,0.00019,0.098,bf16,547.4,1307.4,2.053,2.1214,8.34,0.82,1.47554e+22,1.4755369918949998e+22,1.0000020386510244,3.0081050002587647e-05,True
1188,11.965825,207.618,14.9059,99000,2.1,0.00019,0.07,bf16,553.0,1307.4,1.9942,2.1206,8.34,1.609,1.49059e+22,1.49059239291e+22,0.9999983946583846,2.3929099999248385e-05,True
1189,11.965825,209.715,15.0565,100000,2.1,0.00019,0.06,fp16,558.5,1307.4,1.9603,2.1199,8.33,0.999,1.5056499999999999e+22,1.505647793925e+22,1.0000014651999019,2.2060749998260225e-05,True
1190,11.965825,211.812,15.207,101000,2.1,0.00019,0.018,bf16,564.1,1307.4,2.0504,2.119,8.32,6.326,1.5207e+22,1.5207031949400002e+22,0.9999978990377538,3.194940000147866e-05,True
1191,11.965825,213.91,15.3577,102000,2.1,0.00019,0.045,bf16,569.7,1307.4,1.9605,2.1183,8.32,1.409,1.53577e+22,1.53576577545e+22,1.0000027507775389,4.2245500000272386e-05,True
1192,11.965825,216.007,15.5082,103000,2.1,0.00019,0.054,bf16,575.3,1307.4,2.0464,2.1175,8.31,1.079,1.55082e+22,1.5508211764650001e+22,0.9999992413922263,1.1764650001563647e-05,True
1193,11.965825,218.104,15.6588,104000,2.1,0.00019,0.062,bf16,580.9,1307.4,1.9809,2.1168,8.3,1.232,1.5658799999999998e+22,1.56587657748e+22,1.0000021856895038,3.422519999804211e-05,True
1194,11.965825,220.201,15.8093,105000,2.1,0.00019,0.061,fp16,586.5,1307.4,1.9763,2.1161,8.3,0.88,1.58093e+22,1.580931978495e+22,0.9999987485261688,1.9784949999599615e-05,True
1195,11.965825,222.298,15.9599,106000,2.1,0.00019,0.014,bf16,592.1,1307.4,1.9622,2.1152,8.29,1.232,1.5959899999999999e+22,1.59598737951e+22,1.000001641924011,2.620489999790899e-05,True
1196,11.965825,224.395,16.1104,107000,2.1,0.00019,0.017,bf16,597.6,1307.4,1.9777,2.1147,8.29,1.266,1.6110399999999998e+22,1.611042780525e+22,0.9999982740836967,2.780525000182989e-05,True
1197,11.965825,226.492,16.261,108000,2.1,0.00019,0.052,bf16,603.2,1307.4,2.0166,2.1139,8.28,0.839,1.6260999999999999e+22,1.6260981815399999e+22,1.0000011182965585,1.8184599999873025e-05,True
1198,11.965825,228.59,16.4116,109000,2.1,0.00019,0.012,bf16,608.8,1307.4,2.0296,2.1133,8.28,1.105,1.64116e+22,1.64116076205e+22,0.9999995356640144,7.620499999817728e-06,True
1199,11.965825,230.687,16.5622,110000,2.1,0.00019,0.039,bf16,614.4,1307.4,1.968,2.1125,8.27,1.44,1.65622e+22,1.656216163065e+22,1.0000023166873295,3.8369349999788034e-05,True
1200,11.965825,232.784,16.7127,111000,2.1,0.00019,0.018,bf16,620.0,1307.4,2.0283,2.1119,8.26,1.017,1.6712700000000002e+22,1.67127156408e+22,0.99999906413773,1.5640799997853698e-05,True
1201,11.965825,234.881,16.8633,112000,2.1,0.00019,0.035,bf16,625.6,1307.4,2.0311,2.1112,8.26,1.139,1.6863299999999998e+22,1.686326965095e+22,1.00000179971326,3.034904999755776e-05,True
1202,11.965825,236.978,17.0138,113000,2.1,0.00019,0.018,bf16,631.2,1307.4,1.9653,2.1105,8.25,1.049,1.70138e+22,1.70138236611e+22,0.9999986093014438,2.3661100000083968e-05,True
1203,11.965825,239.075,17.1644,114000,2.1,0.00019,0.097,bf16,636.7,1307.4,1.9508,2.1099,8.25,0.952,1.71644e+22,1.7164377671249999e+22,1.000001300877342,2.2328750001618943e-05,True
1204,11.965825,241.172,17.3149,115000,2.1,0.00019,0.053,bf16,642.3,1307.4,1.9787,2.1092,8.24,0.563,1.7314900000000002e+22,1.73149316814e+22,0.9999981702844354,3.168139999811994e-05,True
1205,11.965825,243.27,17.4656,116000,2.1,0.00019,0.064,fp16,647.9,1307.4,2.0343,2.1085,8.24,0.961,1.7465599999999998e+22,1.74655574865e+22,1.0000024341335816,4.251349999733965e-05,True
1206,11.965825,245.367,17.6161,117000,2.1,0.00019,0.018,fp16,653.5,1307.4,1.943,2.1079,8.23,12.792,1.76161e+22,1.761611149665e+22,0.9999993473786765,1.149665000030208e-05,True
1207,11.965825,247.464,17.7667,118000,2.1,0.00019,0.085,bf16,659.1,1307.4,2.0272,2.1072,8.23,0.941,1.77667e+22,1.77666655068e+22,1.0000019414560366,3.449319999930368e-05,True
1208,11.965825,249.561,17.9172,119000,2.1,0.00019,0.063,bf16,664.7,1307.4,1.985,2.1066,8.22,0.867,1.7917200000000002e+22,1.791721951695e+22,0.9999989107154723,1.9516949998338046e-05,True
1209,11.965825,251.658,18.0678,120000,2.1,0.00019,0.073,fp16,670.2,1307.4,1.9659,2.1059,8.21,0.749,1.8067799999999998e+22,1.80677735271e+22,1.0000014651999019,2.647289999917056e-05,True
1210,11.965825,253.755,18.2183,121000,2.1,0.00019,0.01,bf16,675.8,1307.4,1.9509,2.1055,8.21,0.977,1.82183e+22,1.821832753725e+22,0.9999984884863913,2.753725000056832e-05,True
1211,11.965825,255.853,18.369,122000,2.1,0.00019,0.08,fp16,681.4,1307.4,2.0267,2.1047,8.2,0.951,1.8369e+22,1.836895334235e+22,1.000002540027683,4.6657649999085566e-05,True
1212,11.965825,257.95,18.5195,123000,2.1,0.00019,0.045,fp16,687.0,1307.4,1.9497,2.1042,8.2,0.905,1.8519500000000001e+22,1.85195073525e+22,0.9999996029861994,7.35249999855616e-06,True
1213,11.965825,260.047,18.6701,124000,2.1,0.00019,0.06,bf16,692.6,1307.4,1.9878,2.1036,8.2,1.163,1.8670100000000002e+22,1.867006136265e+22,1.0000020694816825,3.86373500010496e-05,True
1214,11.965825,262.144,18.8206,125000,2.1,0.00019,0.089,bf16,698.2,1307.4,2.0555,2.1031,8.19,1.956,1.88206e+22,1.88206153728e+22,0.9999991831935515,1.5372800000786432e-05,True
1215,11.965825,264.241,18.9712,126000,2.1,0.00019,0.089,bf16,703.8,1307.4,2.0243,2.1024,8.19,1.169,1.89712e+22,1.897116938295e+22,1.0000016138725758,3.061704999881933e-05,True
1216,11.965825,266.338,19.1217,127000,2.1,0.00019,0.074,bf16,709.3,1307.4,1.962,2.102,8.18,1.25,1.91217e+22,1.9121723393100002e+22,0.9999987766217762,2.339310000091955e-05,True
1217,11.965825,268.435,19.2723,128000,2.1,0.00019,0.028,fp16,714.9,1307.4,1.9959,2.1013,8.18,1.005,1.92723e+22,1.927227740325e+22,1.0000011725002462,2.2596749998686208e-05,True
1218,11.965825,270.533,19.4229,129000,2.1,0.00019,0.021,bf16,720.5,1307.4,1.964,2.1008,8.17,0.683,1.94229e+22,1.942290320835e+22,0.9999998348161463,3.208350003101696e-06,True
1219,11.965825,272.63,19.5735,130000,2.1,0.00019,0.088,fp16,726.1,1307.4,1.9955,2.1001,8.17,0.841,1.9573499999999998e+22,1.95734572185e+22,1.0000021856895038,4.278149999650406e-05,True
1220,11.965825,274.727,19.724,131000,2.1,0.00019,0.056,bf16,731.7,1307.4,2.0463,2.0998,8.16,1.033,1.9724e+22,1.972401122865e+22,0.9999994307116403,1.1228649999040511e-05,True
1221,11.965825,276.824,19.8746,132000,2.1,0.00019,0.053,fp16,737.3,1307.4,2.0098,2.099,8.16,0.979,1.98746e+22,1.98745652388e+22,1.0000017490294546,3.476120000056525e-05,True
1222,11.965825,278.921,20.0251,133000,2.1,0.00019,0.037,fp16,742.9,1307.4,1.9653,2.0986,8.15,1.07,2.00251e+22,2.002511924895e+22,0.9999990387597817,1.9248949999173633e-05,True
1223,11.965825,281.018,20.1757,134000,2.1,0.00019,0.068,bf16,748.4,1307.4,2.0509,2.098,8.15,1.395,2.0175699999999998e+22,2.0175673259099997e+22,1.000001325403106,2.674090000043213e-05,True
1224,11.965825,283.116,20.3263,135000,2.1,0.00019,0.052,fp16,754.0,1307.4,1.9615,2.0975,8.15,0.599,2.03263e+22,2.0326299064199998e+22,1.000000046038878,9.35800002838528e-07,True
1225,11.965825,285.213,20.4769,136000,2.1,0.00019,0.058,fp16,759.6,1307.4,2.0197,2.0969,8.14,1.467,2.04769e+22,2.047685307435e+22,1.0000022916436342,4.692564999824998e-05,True
1226,11.965825,287.31,20.6274,137000,2.1,0.00019,0.046,fp16,765.2,1307.4,1.9651,2.0964,8.14,0.538,2.0627400000000003e+22,2.06274070845e+22,0.9999996565491742,7.084499997294592e-06,True
1227,11.965825,289.407,20.778,138000,2.1,0.00019,0.038,bf16,770.8,1307.4,1.979,2.0959,8.13,0.727,2.0777999999999997e+22,2.077796109465e+22,1.0000018724334798,3.890534999811686e-05,True
1228,11.965825,291.504,20.9285,139000,2.1,0.00019,0.068,bf16,776.4,1307.4,1.9794,2.0954,8.13,1.264,2.09285e+22,2.0928515104800003e+22,0.9999992782669995,1.5104800001622015e-05,True
1229,11.965825,293.601,21.0791,140000,2.1,0.00019,0.082,fp16,782.0,1307.4,2.0172,2.0949,8.12,0.992,2.10791e+22,2.107906911495e+22,1.0000014651999019,3.0885049997983747e-05,True
1230,11.965825,295.698,21.2296,141000,2.1,0.00019,0.041,bf16,787.5,1307.4,1.9596,2.0945,8.12,1.319,2.1229600000000003e+22,2.1229623125099997e+22,0.9999989107154725,2.312509999336653e-05,True
1231,11.965825,297.796,21.3802,142000,2.1,0.00019,0.075,bf16,793.1,1307.4,1.9567,2.0938,8.12,1.13,2.1380199999999998e+22,2.13802489302e+22,0.9999977114298265,4.893020000354304e-05,True
1232,11.965825,299.893,21.5308,143000,2.1,0.00019,0.059,fp16,798.7,1307.4,1.9474,2.0933,8.11,0.884,2.15308e+22,2.1530802940349996e+22,0.9999998634351908,2.940349995548672e-06,True
