experiment_id,N_params_B,D_tokens_B,Q_score,val_loss,prediction,residual_pred_minus_actual,table,data_type
N0.07_D0010_Q0.1,0.07,10.0,0.1,3.7216,3.6638076591328987,-0.05779234086710128,B6,
N0.07_D0010_Q0.2,0.07,10.0,0.2,3.6004,3.613111417051048,0.012711417051047835,B6,
N0.07_D0010_Q0.3,0.07,10.0,0.3,3.6507,3.5640014260506536,-0.08669857394934644,B6,
N0.07_D0010_Q0.4,0.07,10.0,0.4,3.5704,3.5164280534096424,-0.05397194659035742,B6,
N0.07_D0010_Q0.6,0.07,10.0,0.6,3.5458,3.425700348597265,-0.12009965140273504,B6,
N0.07_D0010_Q0.8,0.07,10.0,0.8,3.353,3.3405614362705043,-0.012438563729495922,B6,
N0.07_D0010_Q0.9,0.07,10.0,0.9,3.2211,3.2999793495882663,0.07887934958826648,B6,
N0.07_D0010_Q1.0,0.07,10.0,1.0,3.1125,3.2606670489146934,0.14816704891469357,B6,
N0.07_D0050_Q0.1,0.07,50.0,0.1,3.5105,3.423836082987431,-0.08666391701256915,B6,
N0.07_D0050_Q0.2,0.07,50.0,0.2,3.4001,3.38064838900595,-0.019451610994050128,B6,
N0.07_D0050_Q0.3,0.07,50.0,0.3,3.3596,3.338812008720919,-0.02078799127908093,B6,
N0.07_D0050_Q0.4,0.07,50.0,0.4,3.2727,3.2982846604419334,0.025584660441933416,B6,
N0.07_D0050_Q0.6,0.07,50.0,0.6,3.0798,3.220994506573076,0.14119450657307597,B6,
N0.07_D0050_Q0.8,0.07,50.0,0.8,3.1431,3.1484653971067833,0.005365397106783298,B6,
N0.07_D0050_Q0.9,0.07,50.0,0.9,3.0628,3.1138938653957595,0.05109386539575933,B6,
N0.07_D0050_Q1.0,0.07,50.0,1.0,2.9922,3.0804040534989126,0.08820405349891258,B6,
N0.07_D0150_Q0.1,0.07,150.0,0.1,3.384,3.280777524311075,-0.10322247568892484,B6,
N0.07_D0150_Q0.2,0.07,150.0,0.2,3.2214,3.242066035746272,0.020666035746272016,B6,
N0.07_D0150_Q0.3,0.07,150.0,0.3,3.3529,3.2045658034418754,-0.14833419655812463,B6,
N0.07_D0150_Q0.4,0.07,150.0,0.4,3.1687,3.168238928009802,-0.0004610719901978477,B6,
N0.07_D0150_Q0.6,0.07,150.0,0.6,3.1017,3.098959542336903,-0.00274045766309694,B6,
N0.07_D0150_Q0.8,0.07,150.0,0.8,3.0179,3.033947740759266,0.01604774075926585,B6,
N0.07_D0150_Q0.9,0.07,150.0,0.9,2.7658,3.0029593889599573,0.23715938895995725,B6,
N0.07_D0150_Q1.0,0.07,150.0,1.0,2.9653,2.9729406417020434,0.0076406417020433715,B6,
N0.07_D0300_Q0.1,0.07,300.0,0.1,3.2863,3.198247218275954,-0.08805278172404618,B6,
N0.07_D0300_Q0.2,0.07,300.0,0.2,3.1355,3.1621180470945536,0.02661804709455362,B6,
N0.07_D0300_Q0.3,0.07,300.0,0.3,3.1588,3.1271193332114695,-0.03168066678853032,B6,
N0.07_D0300_Q0.4,0.07,300.0,0.4,3.2809,3.093215705383422,-0.18768429461657776,B6,
N0.07_D0300_Q0.6,0.07,300.0,0.6,3.0098,3.0285577220013473,0.01875772200134751,B6,
N0.07_D0300_Q0.8,0.07,300.0,0.8,2.8391,2.967882646071943,0.12878264607194279,B6,
N0.07_D0300_Q0.9,0.07,300.0,0.9,2.858,2.938961426343787,0.08096142634378678,B6,
N0.07_D0300_Q1.0,0.07,300.0,1.0,2.837,2.9109451319944535,0.0739451319944533,B6,
N0.07_D0600_Q0.1,0.07,600.0,0.1,3.1971,3.121222240292873,-0.07587775970712674,B6,
N0.07_D0600_Q0.2,0.07,600.0,0.2,3.1469,3.087503128508529,-0.05939687149147099,B6,
N0.07_D0600_Q0.3,0.07,600.0,0.3,3.1946,3.054839064896145,-0.13976093510385468,B6,
N0.07_D0600_Q0.4,0.07,600.0,0.4,3.1242,3.0231970377129356,-0.10100296228706451,B6,
N0.07_D0600_Q0.6,0.07,600.0,0.6,2.9753,2.9628521779190633,-0.012447822080936533,B6,
N0.07_D0600_Q0.8,0.07,600.0,0.8,2.8695,2.906224538787381,0.03672453878738091,B6,
N0.07_D0600_Q0.9,0.07,600.0,0.9,2.8303,2.879232559479112,0.048932559479112125,B6,
N0.07_D0600_Q1.0,0.07,600.0,1.0,2.747,2.8530851409234774,0.10608514092347754,B6,
N0.16_D0010_Q0.1,0.16,10.0,0.1,3.4765,3.430081722168441,-0.04641827783155916,B6,
N0.16_D0010_Q0.2,0.16,10.0,0.2,3.4324,3.3793854800865897,-0.05301451991341022,B6,
N0.16_D0010_Q0.3,0.16,10.0,0.3,3.46,3.330275489086196,-0.1297245109138041,B6,
N0.16_D0010_Q0.4,0.16,10.0,0.4,3.2484,3.282702116445184,0.034302116445183994,B6,
N0.16_D0010_Q0.6,0.16,10.0,0.6,3.269,3.1919744116328066,-0.07702558836719353,B6,
N0.16_D0010_Q0.8,0.16,10.0,0.8,3.2072,3.1068354993060465,-0.1003645006939533,B6,
N0.16_D0010_Q0.9,0.16,10.0,0.9,3.0024,3.0662534126238077,0.0638534126238075,B6,
N0.16_D0010_Q1.0,0.16,10.0,1.0,3.0121,3.0269411119502356,0.014841111950235408,B6,
N0.16_D0050_Q0.1,0.16,50.0,0.1,3.2175,3.190110146022973,-0.027389853977026757,B6,
N0.16_D0050_Q0.2,0.16,50.0,0.2,3.1458,3.1469224520414922,0.0011224520414923056,B6,
N0.16_D0050_Q0.3,0.16,50.0,0.3,3.0796,3.1050860717564612,0.025486071756461115,B6,
N0.16_D0050_Q0.4,0.16,50.0,0.4,3.002,3.064558723477475,0.06255872347747538,B6,
N0.16_D0050_Q0.6,0.16,50.0,0.6,2.8375,2.987268569608618,0.14976856960861795,B6,
N0.16_D0050_Q0.8,0.16,50.0,0.8,2.894,2.914739460142325,0.020739460142324972,B6,
N0.16_D0050_Q0.9,0.16,50.0,0.9,2.6326,2.8801679284313018,0.2475679284313017,B6,
N0.16_D0050_Q1.0,0.16,50.0,1.0,2.793,2.8466781165344544,0.0536781165344542,B6,
N0.16_D0150_Q0.1,0.16,150.0,0.1,3.1249,3.0470515873466173,-0.07784841265338249,B6,
N0.16_D0150_Q0.2,0.16,150.0,0.2,2.9746,3.008340098781814,0.03374009878181372,B6,
N0.16_D0150_Q0.3,0.16,150.0,0.3,3.0125,2.9708398664774167,-0.041660133522583465,B6,
N0.16_D0150_Q0.4,0.16,150.0,0.4,2.9738,2.934512991045344,-0.03928700895465642,B6,
N0.16_D0150_Q0.6,0.16,150.0,0.6,2.8802,2.8652336053724454,-0.014966394627554447,B6,
N0.16_D0150_Q0.8,0.16,150.0,0.8,2.725,2.800221803794808,0.07522180379480803,B6,
N0.16_D0150_Q0.9,0.16,150.0,0.9,2.7204,2.769233451995499,0.04883345199549893,B6,
N0.16_D0150_Q1.0,0.16,150.0,1.0,2.6657,2.739214704737585,0.07351470473758503,B6,
N0.16_D0300_Q0.1,0.16,300.0,0.1,2.9719,2.9645212813114963,-0.007378718688503927,B6,
N0.16_D0300_Q0.2,0.16,300.0,0.2,2.9407,2.928392110130096,-0.012307889869904276,B6,
N0.16_D0300_Q0.3,0.16,300.0,0.3,2.956,2.893393396247011,-0.0626066037529891,B6,
N0.16_D0300_Q0.4,0.16,300.0,0.4,2.8482,2.859489768418964,0.011289768418964119,B6,
N0.16_D0300_Q0.6,0.16,300.0,0.6,2.8081,2.794831785036889,-0.013268214963110925,B6,
N0.16_D0300_Q0.8,0.16,300.0,0.8,2.6978,2.7341567091074848,0.036356709107484786,B6,
N0.16_D0300_Q0.9,0.16,300.0,0.9,2.6348,2.7052354893793282,0.07043548937932842,B6,
N0.16_D0300_Q1.0,0.16,300.0,1.0,2.6071,2.6772191950299953,0.07011919502999531,B6,
N0.16_D0600_Q0.1,0.16,600.0,0.1,2.98,2.887496303328415,-0.09250369667158509,B6,
N0.16_D0600_Q0.2,0.16,600.0,0.2,2.9212,2.8537771915440713,-0.06742280845592852,B6,
N0.16_D0600_Q0.3,0.16,600.0,0.3,2.8818,2.821113127931687,-0.060686872068313136,B6,
N0.16_D0600_Q0.4,0.16,600.0,0.4,2.8627,2.7894711007484774,-0.07322889925152243,B6,
N0.16_D0600_Q0.6,0.16,600.0,0.6,2.7288,2.729126240954605,0.0003262409546049838,B6,
N0.16_D0600_Q0.8,0.16,600.0,0.8,2.658,2.672498601822923,0.014498601822923174,B6,
N0.16_D0600_Q0.9,0.16,600.0,0.9,2.5923,2.6455066225146537,0.05320662251465391,B6,
N0.16_D0600_Q1.0,0.16,600.0,1.0,2.5781,2.6193592039590192,0.041259203959019164,B6,
N0.41_D0010_Q0.1,0.41,10.0,0.1,3.228,3.2220527940401302,-0.005947205959869972,B6,
N0.41_D0010_Q0.2,0.41,10.0,0.2,3.2291,3.1713565519582794,-0.05774344804172049,B6,
N0.41_D0010_Q0.3,0.41,10.0,0.3,3.2054,3.122246560957885,-0.08315343904211492,B6,
N0.41_D0010_Q0.4,0.41,10.0,0.4,3.0181,3.074673188316874,0.05657318831687386,B6,
N0.41_D0010_Q0.6,0.41,10.0,0.6,3.0836,2.9839454835044963,-0.09965451649550383,B6,
N0.41_D0010_Q0.8,0.41,10.0,0.8,2.9795,2.8988065711777358,-0.08069342882226405,B6,
N0.41_D0010_Q0.9,0.41,10.0,0.9,2.8227,2.858224484495498,0.03552448449549761,B6,
N0.41_D0010_Q1.0,0.41,10.0,1.0,2.9558,2.818912183821925,-0.1368878161780751,B6,
N0.41_D0050_Q0.1,0.41,50.0,0.1,2.976,2.9820812178946623,0.006081217894662316,B6,
N0.41_D0050_Q0.2,0.41,50.0,0.2,2.9489,2.9388935239131815,-0.010006476086818594,B6,
N0.41_D0050_Q0.3,0.41,50.0,0.3,2.9676,2.8970571436281505,-0.07054285637184954,B6,
N0.41_D0050_Q0.4,0.41,50.0,0.4,2.8049,2.856529795349165,0.0516297953491649,B6,
N0.41_D0050_Q0.6,0.41,50.0,0.6,2.6958,2.7792396414803076,0.08343964148030736,B6,
N0.41_D0050_Q0.8,0.41,50.0,0.8,2.6518,2.706710532014015,0.054910532014014635,B6,
N0.41_D0050_Q0.9,0.41,50.0,0.9,2.6355,2.672139000302991,0.036639000302991054,B6,
N0.41_D0050_Q1.0,0.41,50.0,1.0,2.6047,2.638649188406144,0.03394918840614425,B6,
N0.41_D0150_Q0.1,0.41,150.0,0.1,2.8727,2.8390226592183065,-0.03367734078169349,B6,
N0.41_D0150_Q0.2,0.41,150.0,0.2,2.8815,2.8003111706535035,-0.0811888293464964,B6,
N0.41_D0150_Q0.3,0.41,150.0,0.3,2.7186,2.762810938349107,0.04421093834910694,B6,
N0.41_D0150_Q0.4,0.41,150.0,0.4,2.6566,2.7264840629170335,0.06988406291703342,B6,
N0.41_D0150_Q0.6,0.41,150.0,0.6,2.6516,2.6572046772441347,0.005604677244134493,B6,
N0.41_D0150_Q0.8,0.41,150.0,0.8,2.5539,2.5921928756664974,0.038292875666497306,B6,
N0.41_D0150_Q0.9,0.41,150.0,0.9,2.5112,2.5612045238671888,0.05000452386718868,B6,
N0.41_D0150_Q1.0,0.41,150.0,1.0,2.4068,2.531185776609275,0.12438577660927486,B6,
N0.41_D0300_Q0.1,0.41,300.0,0.1,2.8085,2.7564923531831855,-0.05200764681681447,B6,
N0.41_D0300_Q0.2,0.41,300.0,0.2,2.7682,2.720363182001785,-0.04783681799821515,B6,
N0.41_D0300_Q0.3,0.41,300.0,0.3,2.6832,2.685364468118701,0.0021644681187011905,B6,
N0.41_D0300_Q0.4,0.41,300.0,0.4,2.7891,2.6514608402906537,-0.13763915970934626,B6,
N0.41_D0300_Q0.6,0.41,300.0,0.6,2.5211,2.586802856908579,0.06570285690857869,B6,
N0.41_D0300_Q0.8,0.41,300.0,0.8,2.549,2.5261277809791745,-0.02287221902082548,B6,
N0.41_D0300_Q0.9,0.41,300.0,0.9,2.432,2.4972065612510184,0.06520656125101842,B6,
N0.41_D0300_Q1.0,0.41,300.0,1.0,2.3791,2.469190266901685,0.09009026690168476,B6,
N0.41_D0600_Q0.1,0.41,600.0,0.1,2.6695,2.6794673752001046,0.009967375200104378,B6,
N0.41_D0600_Q0.2,0.41,600.0,0.2,2.7354,2.6457482634157605,-0.0896517365842393,B6,
N0.41_D0600_Q0.3,0.41,600.0,0.3,2.6187,2.6130841998033767,-0.005615800196623333,B6,
N0.41_D0600_Q0.4,0.41,600.0,0.4,2.5858,2.581442172620167,-0.004357827379832813,B6,
N0.41_D0600_Q0.6,0.41,600.0,0.6,2.5121,2.521097312826295,0.008997312826294568,B6,
N0.41_D0600_Q0.8,0.41,600.0,0.8,2.4741,2.4644696736946123,-0.009630326305387626,B6,
N0.41_D0600_Q0.9,0.41,600.0,0.9,2.471,2.4374776943863434,-0.033522305613656656,B6,
N0.41_D0600_Q1.0,0.41,600.0,1.0,2.3932,2.411330275830709,0.018130275830708698,B6,
N0.70_D0010_Q0.1,0.7,10.0,0.1,3.1919,3.1259899060036753,-0.06591009399632464,B6,
N0.70_D0010_Q0.2,0.7,10.0,0.2,3.1552,3.0752936639218245,-0.07990633607817532,B6,
N0.70_D0010_Q0.3,0.7,10.0,0.3,3.0155,3.02618367292143,0.010683672921430354,B6,
N0.70_D0010_Q0.4,0.7,10.0,0.4,3.0148,2.978610300280419,-0.03618969971958119,B6,
N0.70_D0010_Q0.6,0.7,10.0,0.6,2.9615,2.8878825954680414,-0.07361740453195864,B6,
N0.70_D0010_Q0.8,0.7,10.0,0.8,2.8692,2.802743683141281,-0.06645631685871933,B6,
N0.70_D0010_Q0.9,0.7,10.0,0.9,2.7928,2.762161596459043,-0.03063840354095726,B6,
N0.70_D0010_Q1.0,0.7,10.0,1.0,2.8304,2.72284929578547,-0.10755070421453006,B6,
N0.70_D0050_Q0.1,0.7,50.0,0.1,2.8444,2.8860183298582074,0.04161832985820757,B6,
N0.70_D0050_Q0.2,0.7,50.0,0.2,2.8069,2.8428306358767266,0.0359306358767264,B6,
N0.70_D0050_Q0.3,0.7,50.0,0.3,2.7973,2.8009942555916956,0.003694255591695672,B6,
N0.70_D0050_Q0.4,0.7,50.0,0.4,2.7324,2.76046690731271,0.028066907312709777,B6,
N0.70_D0050_Q0.6,0.7,50.0,0.6,2.6134,2.6831767534438526,0.0697767534438527,B6,
N0.70_D0050_Q0.8,0.7,50.0,0.8,2.6409,2.61064764397756,-0.03025235602243992,B6,
N0.70_D0050_Q0.9,0.7,50.0,0.9,2.5496,2.576076112266536,0.026476112266536234,B6,
N0.70_D0050_Q1.0,0.7,50.0,1.0,2.5581,2.542586300369689,-0.015513699630310906,B6,
N0.70_D0150_Q0.1,0.7,150.0,0.1,2.7893,2.7429597711818516,-0.046340228818148255,B6,
N0.70_D0150_Q0.2,0.7,150.0,0.2,2.6375,2.7042482826170486,0.06674828261704846,B6,
N0.70_D0150_Q0.3,0.7,150.0,0.3,2.6856,2.666748050312652,-0.018851949687348046,B6,
N0.70_D0150_Q0.4,0.7,150.0,0.4,2.5991,2.6304211748805786,0.03132117488057862,B6,
N0.70_D0150_Q0.6,0.7,150.0,0.6,2.5608,2.5611417892076798,0.00034178920767979903,B6,
N0.70_D0150_Q0.8,0.7,150.0,0.8,2.5043,2.4961299876300425,-0.008170012369957735,B6,
N0.70_D0150_Q0.9,0.7,150.0,0.9,2.4035,2.465141635830734,0.061641635830733676,B6,
N0.70_D0150_Q1.0,0.7,150.0,1.0,2.3542,2.43512288857282,0.08092288857281993,B6,
N0.70_D0300_Q0.1,0.7,300.0,0.1,2.6722,2.6604294651467306,-0.01177053485326951,B6,
N0.70_D0300_Q0.2,0.7,300.0,0.2,2.6214,2.62430029396533,0.002900293965330203,B6,
N0.70_D0300_Q0.3,0.7,300.0,0.3,2.5759,2.589301580082246,0.013401580082246234,B6,
N0.70_D0300_Q0.4,0.7,300.0,0.4,2.5792,2.5553979522541987,-0.023802047745801413,B6,
N0.70_D0300_Q0.6,0.7,300.0,0.6,2.4842,2.490739968872124,0.006539968872123936,B6,
N0.70_D0300_Q0.8,0.7,300.0,0.8,2.4416,2.4300648929427195,-0.011535107057280669,B6,
N0.70_D0300_Q0.9,0.7,300.0,0.9,2.4128,2.4011436732145635,-0.011656326785436377,B6,
N0.70_D0300_Q1.0,0.7,300.0,1.0,2.3149,2.37312737886523,0.058227378865229884,B6,
N0.70_D0600_Q0.1,0.7,600.0,0.1,2.5974,2.5834044871636497,-0.013995512836350255,B6,
N0.70_D0600_Q0.2,0.7,600.0,0.2,2.5998,2.5496853753793056,-0.05011462462069449,B6,
N0.70_D0600_Q0.3,0.7,600.0,0.3,2.5611,2.517021311766922,-0.04407868823307837,B6,
N0.70_D0600_Q0.4,0.7,600.0,0.4,2.5225,2.485379284583712,-0.03712071541628781,B6,
N0.70_D0600_Q0.6,0.7,600.0,0.6,2.51,2.42503442478984,-0.0849655752101599,B6,
N0.70_D0600_Q0.8,0.7,600.0,0.8,2.4421,2.3684067856581574,-0.0736932143418425,B6,
N0.70_D0600_Q0.9,0.7,600.0,0.9,2.2624,2.3414148063498885,0.07901480634988856,B6,
N0.70_D0600_Q1.0,0.7,600.0,1.0,2.3039,2.315267387794254,0.011367387794253947,B6,
N1.00_D0010_Q0.1,1.0,10.0,0.1,3.0483,3.0694590120430627,0.02115901204306292,B6,
N1.00_D0010_Q0.2,1.0,10.0,0.2,2.968,3.0187627699612114,0.05076276996121143,B6,
N1.00_D0010_Q0.3,1.0,10.0,0.3,2.8948,2.9696527789608176,0.07485277896081755,B6,
N1.00_D0010_Q0.4,1.0,10.0,0.4,2.8223,2.922079406319806,0.09977940631980609,B6,
N1.00_D0010_Q0.6,1.0,10.0,0.6,2.8442,2.8313517015074283,-0.01284829849257152,B6,
N1.00_D0010_Q0.8,1.0,10.0,0.8,2.7546,2.7462127891806682,-0.008387210819331692,B6,
N1.00_D0010_Q0.9,1.0,10.0,0.9,2.7505,2.7056307024984294,-0.04486929750157076,B6,
N1.00_D0010_Q1.0,1.0,10.0,1.0,2.6827,2.6663184018248574,-0.01638159817514273,B6,
N1.00_D0050_Q0.1,1.0,50.0,0.1,2.8264,2.8294874358975948,0.003087435897594748,B6,
N1.00_D0050_Q0.2,1.0,50.0,0.2,2.8076,2.786299741916114,-0.021300258083885915,B6,
N1.00_D0050_Q0.3,1.0,50.0,0.3,2.6823,2.744463361631083,0.062163361631082825,B6,
N1.00_D0050_Q0.4,1.0,50.0,0.4,2.6528,2.703936013352097,0.05113601335209683,B6,
N1.00_D0050_Q0.6,1.0,50.0,0.6,2.6707,2.6266458594832396,-0.04405414051676049,B6,
N1.00_D0050_Q0.8,1.0,50.0,0.8,2.4922,2.554116750016947,0.06191675001694685,B6,
N1.00_D0050_Q0.9,1.0,50.0,0.9,2.5805,2.5195452183059235,-0.06095478169407631,B6,
N1.00_D0050_Q1.0,1.0,50.0,1.0,2.5615,2.486055406409076,-0.07544459359092404,B6,
N1.00_D0150_Q0.1,1.0,150.0,0.1,2.6482,2.686428877221239,0.03822887722123891,B6,
N1.00_D0150_Q0.2,1.0,150.0,0.2,2.6343,2.6477173886564356,0.013417388656435492,B6,
N1.00_D0150_Q0.3,1.0,150.0,0.3,2.6133,2.6102171563520384,-0.0030828436479617416,B6,
N1.00_D0150_Q0.4,1.0,150.0,0.4,2.5016,2.5738902809199655,0.0722902809199657,B6,
N1.00_D0150_Q0.6,1.0,150.0,0.6,2.5859,2.504610895247067,-0.08128910475293294,B6,
N1.00_D0150_Q0.8,1.0,150.0,0.8,2.3211,2.43959909366943,0.1184990936694299,B6,
N1.00_D0150_Q0.9,1.0,150.0,0.9,2.3833,2.408610741870121,0.025310741870120612,B6,
N1.00_D0150_Q1.0,1.0,150.0,1.0,2.334,2.378591994612207,0.044591994612206864,B6,
N1.00_D0300_Q0.1,1.0,300.0,0.1,2.6943,2.603898571186118,-0.09040142881388213,B6,
N1.00_D0300_Q0.2,1.0,300.0,0.2,2.5728,2.5677694000047175,-0.0050305999952824365,B6,
N1.00_D0300_Q0.3,1.0,300.0,0.3,2.4688,2.5327706861216326,0.0639706861216327,B6,
N1.00_D0300_Q0.4,1.0,300.0,0.4,2.5249,2.4988670582935857,-0.02603294170641446,B6,
N1.00_D0300_Q0.6,1.0,300.0,0.6,2.4469,2.434209074911511,-0.012690925088489013,B6,
N1.00_D0300_Q0.8,1.0,300.0,0.8,2.4239,2.3735339989821065,-0.05036600101789368,B6,
N1.00_D0300_Q0.9,1.0,300.0,0.9,2.2509,2.34461277925395,0.09371277925394983,B6,
N1.00_D0300_Q1.0,1.0,300.0,1.0,2.342,2.316596484904617,-0.025403515095383078,B6,
N1.00_D0600_Q0.1,1.0,600.0,0.1,2.6008,2.5268735932030366,-0.07392640679696338,B6,
N1.00_D0600_Q0.2,1.0,600.0,0.2,2.4894,2.493154481418693,0.0037544814186931674,B6,
N1.00_D0600_Q0.3,1.0,600.0,0.3,2.4439,2.4604904178063087,0.016590417806308544,B6,
N1.00_D0600_Q0.4,1.0,600.0,0.4,2.4229,2.428848390623099,0.0059483906230992645,B6,
N1.00_D0600_Q0.6,1.0,600.0,0.6,2.4336,2.368503530829227,-0.06509646917077339,B6,
N1.00_D0600_Q0.8,1.0,600.0,0.8,2.3549,2.311875891697545,-0.0430241083024554,B6,
N1.00_D0600_Q0.9,1.0,600.0,0.9,2.2636,2.2848839123892755,0.021283912389275628,B6,
N1.00_D0600_Q1.0,1.0,600.0,1.0,2.2915,2.258736493833641,-0.032763506166359146,B6,
N2.80_D0010_Q0.1,2.8,10.0,0.1,2.9592,2.9345627421879064,-0.024637257812093694,B6,
N2.80_D0010_Q0.2,2.8,10.0,0.2,2.8431,2.8838665001060555,0.040766500106055314,B6,
N2.80_D0010_Q0.3,2.8,10.0,0.3,2.8867,2.8347565091056612,-0.051943490894338584,B6,
N2.80_D0010_Q0.4,2.8,10.0,0.4,2.771,2.78718313646465,0.016183136464650083,B6,
N2.80_D0010_Q0.6,2.8,10.0,0.6,2.7064,2.6964554316522724,-0.0099445683477275,B6,
N2.80_D0010_Q0.8,2.8,10.0,0.8,2.651,2.611316519325512,-0.0396834806744879,B6,
N2.80_D0010_Q0.9,2.8,10.0,0.9,2.6397,2.5707344326432735,-0.06896556735672643,B6,
N2.80_D0010_Q1.0,2.8,10.0,1.0,2.484,2.531422131969701,0.04742213196970102,B6,
N2.80_D0050_Q0.1,2.8,50.0,0.1,2.5785,2.6945911660424384,0.11609116604243841,B6,
N2.80_D0050_Q0.2,2.8,50.0,0.2,2.4874,2.6514034720609576,0.16400347206095756,B6,
N2.80_D0050_Q0.3,2.8,50.0,0.3,2.5971,2.6095670917759266,0.01246709177592642,B6,
N2.80_D0050_Q0.4,2.8,50.0,0.4,2.5963,2.5690397434969405,-0.0272602565030593,B6,
N2.80_D0050_Q0.6,2.8,50.0,0.6,2.5446,2.4917495896280837,-0.05285041037191629,B6,
N2.80_D0050_Q0.8,2.8,50.0,0.8,2.3227,2.4192204801617905,0.09652048016179027,B6,
N2.80_D0050_Q0.9,2.8,50.0,0.9,2.3871,2.384648948450767,-0.0024510515492330853,B6,
N2.80_D0050_Q1.0,2.8,50.0,1.0,2.2984,2.35115913655392,0.05275913655392017,B6,
N2.80_D0150_Q0.1,2.8,150.0,0.1,2.4446,2.5515326073660827,0.10693260736608279,B6,
N2.80_D0150_Q0.2,2.8,150.0,0.2,2.4506,2.5128211188012797,0.06222111880127956,B6,
N2.80_D0150_Q0.3,2.8,150.0,0.3,2.3889,2.4753208864968825,0.08642088649688251,B6,
N2.80_D0150_Q0.4,2.8,150.0,0.4,2.5101,2.4389940110648096,-0.07110598893519038,B6,
N2.80_D0150_Q0.6,2.8,150.0,0.6,2.2938,2.369714625391911,0.07591462539191074,B6,
N2.80_D0150_Q0.8,2.8,150.0,0.8,2.2577,2.3047028238142735,0.047002823814273675,B6,
N2.80_D0150_Q0.9,2.8,150.0,0.9,2.2652,2.273714472014965,0.008514472014964802,B6,
N2.80_D0150_Q1.0,2.8,150.0,1.0,2.2464,2.2436957247570506,-0.002704275242949361,B6,
N2.80_D0300_Q0.1,2.8,300.0,0.1,2.446,2.4690023013309617,0.023002301330961483,B6,
N2.80_D0300_Q0.2,2.8,300.0,0.2,2.3643,2.432873130149561,0.06857313014956112,B6,
N2.80_D0300_Q0.3,2.8,300.0,0.3,2.3988,2.3978744162664767,-0.0009255837335233608,B6,
N2.80_D0300_Q0.4,2.8,300.0,0.4,2.3719,2.3639707884384293,-0.007929211561570781,B6,
N2.80_D0300_Q0.6,2.8,300.0,0.6,2.3342,2.2993128050563545,-0.03488719494364556,B6,
N2.80_D0300_Q0.8,2.8,300.0,0.8,2.2389,2.2386377291269506,-0.00026227087304953045,B6,
N2.80_D0300_Q0.9,2.8,300.0,0.9,2.2601,2.209716509398794,-0.05038349060120595,B6,
N2.80_D0300_Q1.0,2.8,300.0,1.0,2.1271,2.181700215049461,0.05460021504946111,B6,
N2.80_D0600_Q0.1,2.8,600.0,0.1,2.4515,2.3919773233478807,-0.05952267665211908,B6,
N2.80_D0600_Q0.2,2.8,600.0,0.2,2.4042,2.3582582115635367,-0.04594178843646324,B6,
N2.80_D0600_Q0.3,2.8,600.0,0.3,2.3538,2.3255941479511524,-0.028205852048847735,B6,
N2.80_D0600_Q0.4,2.8,600.0,0.4,2.3322,2.293952120767943,-0.038247879232056636,B6,
N2.80_D0600_Q0.6,2.8,600.0,0.6,2.2986,2.233607260974071,-0.06499273902592906,B6,
N2.80_D0600_Q0.8,2.8,600.0,0.8,2.2378,2.1769796218423885,-0.06082037815761154,B6,
N2.80_D0600_Q0.9,2.8,600.0,0.9,2.1287,2.1499876425341196,0.021287642534119744,B6,
N2.80_D0600_Q1.0,2.8,600.0,1.0,2.1935,2.123840223978485,-0.06965977602151474,B6,
N4.00_D0010_Q0.1,4.0,10.0,0.1,2.855,2.896167389183293,0.04116738918329288,B6,
N4.00_D0010_Q0.2,4.0,10.0,0.2,2.872,2.845471147101442,-0.026528852898557886,B6,
N4.00_D0010_Q0.3,4.0,10.0,0.3,2.8016,2.7963611561010477,-0.00523884389895235,B6,
N4.00_D0010_Q0.4,4.0,10.0,0.4,2.6993,2.7487877834600365,0.04948778346003646,B6,
N4.00_D0010_Q0.6,4.0,10.0,0.6,2.631,2.658060078647659,0.027060078647659136,B6,
N4.00_D0010_Q0.8,4.0,10.0,0.8,2.6463,2.5729211663208984,-0.0733788336791017,B6,
N4.00_D0010_Q0.9,4.0,10.0,0.9,2.6487,2.53233907963866,-0.11636092036133983,B6,
N4.00_D0010_Q1.0,4.0,10.0,1.0,2.4852,2.4930267789650875,0.007826778965087655,B6,
N4.00_D0050_Q0.1,4.0,50.0,0.1,2.5657,2.656195813037825,0.09049581303782483,B6,
N4.00_D0050_Q0.2,4.0,50.0,0.2,2.6024,2.613008119056344,0.01060811905634429,B6,
N4.00_D0050_Q0.3,4.0,50.0,0.3,2.5078,2.571171738771313,0.06337173877131308,B6,
N4.00_D0050_Q0.4,4.0,50.0,0.4,2.5793,2.530644390492327,-0.04865560950767289,B6,
N4.00_D0050_Q0.6,4.0,50.0,0.6,2.4706,2.45335423662347,-0.017245763376529943,B6,
N4.00_D0050_Q0.8,4.0,50.0,0.8,2.4391,2.380825127157177,-0.058274872842822845,B6,
N4.00_D0050_Q0.9,4.0,50.0,0.9,2.3223,2.3462535954461536,0.02395359544615383,B6,
N4.00_D0050_Q1.0,4.0,50.0,1.0,2.4105,2.3127637835493067,-0.09773621645069319,B6,
N4.00_D0150_Q0.1,4.0,150.0,0.1,2.494,2.513137254361469,0.01913725436146896,B6,
N4.00_D0150_Q0.2,4.0,150.0,0.2,2.4505,2.474425765796666,0.023925765796666276,B6,
N4.00_D0150_Q0.3,4.0,150.0,0.3,2.4411,2.436925533492269,-0.004174466507731012,B6,
N4.00_D0150_Q0.4,4.0,150.0,0.4,2.3929,2.400598658060196,0.007698658060196095,B6,
N4.00_D0150_Q0.6,4.0,150.0,0.6,2.3873,2.3313192723872973,-0.055980727612702896,B6,
N4.00_D0150_Q0.8,4.0,150.0,0.8,2.2679,2.26630747080966,-0.0015925291903400307,B6,
N4.00_D0150_Q0.9,4.0,150.0,0.9,2.2339,2.2353191190103514,0.0014191190103511886,B6,
N4.00_D0150_Q1.0,4.0,150.0,1.0,2.2102,2.205300371752437,-0.004899628247562848,B6,
N4.00_D0300_Q0.1,4.0,300.0,0.1,2.4125,2.430606948326348,0.01810694832634807,B6,
N4.00_D0300_Q0.2,4.0,300.0,0.2,2.3793,2.3944777771449477,0.015177777144947502,B6,
N4.00_D0300_Q0.3,4.0,300.0,0.3,2.2697,2.359479063261863,0.08977906326186336,B6,
N4.00_D0300_Q0.4,4.0,300.0,0.4,2.3711,2.325575435433816,-0.04552456456618437,B6,
N4.00_D0300_Q0.6,4.0,300.0,0.6,2.2294,2.260917452051741,0.031517452051740946,B6,
N4.00_D0300_Q0.8,4.0,300.0,0.8,2.1962,2.200242376122337,0.0040423761223369326,B6,
N4.00_D0300_Q0.9,4.0,300.0,0.9,2.1753,2.1713211563941806,-0.00397884360581946,B6,
N4.00_D0300_Q1.0,4.0,300.0,1.0,2.1975,2.1433048620448476,-0.054195137955152184,B6,
N4.00_D0600_Q0.1,4.0,600.0,0.1,2.2637,2.353581970343267,0.08988197034326717,B6,
N4.00_D0600_Q0.2,4.0,600.0,0.2,2.2681,2.319862858558923,0.05176285855892315,B6,
N4.00_D0600_Q0.3,4.0,600.0,0.3,2.403,2.287198794946539,-0.11580120505346114,B6,
N4.00_D0600_Q0.4,4.0,600.0,0.4,2.3312,2.2555567677633297,-0.07564323223667024,B6,
N4.00_D0600_Q0.6,4.0,600.0,0.6,2.2966,2.1952119079694574,-0.10138809203054278,B6,
N4.00_D0600_Q0.8,4.0,600.0,0.8,2.16,2.138584268837775,-0.02141573116222517,B6,
N4.00_D0600_Q0.9,4.0,600.0,0.9,2.1978,2.111592289529506,-0.08620771047049391,B6,
N4.00_D0600_Q1.0,4.0,600.0,1.0,2.1107,2.0854448709738715,-0.025255129026128476,B6,
N6.90_D0010_Q0.1,6.9,10.0,0.1,2.7585,2.8443862545901286,0.08588625459012844,B6,
N6.90_D0010_Q0.2,6.9,10.0,0.2,2.6605,2.7936900125082778,0.1331900125082779,B6,
N6.90_D0010_Q0.3,6.9,10.0,0.3,2.72,2.7445800215078835,0.0245800215078833,B6,
N6.90_D0010_Q0.4,6.9,10.0,0.4,2.6823,2.6970066488668722,0.014706648866872118,B6,
N6.90_D0010_Q0.6,6.9,10.0,0.6,2.5269,2.6062789440544947,0.07937894405449475,B6,
N6.90_D0010_Q0.8,6.9,10.0,0.8,2.5341,2.521140031727734,-0.012959968272265865,B6,
N6.90_D0010_Q0.9,6.9,10.0,0.9,2.5395,2.480557945045496,-0.058942054954503664,B6,
N6.90_D0010_Q1.0,6.9,10.0,1.0,2.4679,2.4412456443719233,-0.026654355628076942,B6,
N6.90_D0050_Q0.1,6.9,50.0,0.1,2.5548,2.6044146784446607,0.0496146784446605,B6,
N6.90_D0050_Q0.2,6.9,50.0,0.2,2.4799,2.56122698446318,0.08132698446317965,B6,
N6.90_D0050_Q0.3,6.9,50.0,0.3,2.4833,2.519390604178149,0.03609060417814902,B6,
N6.90_D0050_Q0.4,6.9,50.0,0.4,2.4979,2.4788632558991632,-0.019036744100836778,B6,
N6.90_D0050_Q0.6,6.9,50.0,0.6,2.4093,2.401573102030306,-0.007726897969694058,B6,
N6.90_D0050_Q0.8,6.9,50.0,0.8,2.2784,2.329043992564013,0.050643992564013196,B6,
N6.90_D0050_Q0.9,6.9,50.0,0.9,2.347,2.2944724608529894,-0.05252753914701058,B6,
N6.90_D0050_Q1.0,6.9,50.0,1.0,2.2632,2.2609826489561424,-0.0022173510438574517,B6,
N6.90_D0150_Q0.1,6.9,150.0,0.1,2.3272,2.461356119768305,0.134156119768305,B6,
N6.90_D0150_Q0.2,6.9,150.0,0.2,2.3658,2.422644631203502,0.056844631203501805,B6,
N6.90_D0150_Q0.3,6.9,150.0,0.3,2.3708,2.3851443988991052,0.014344398899105215,B6,
N6.90_D0150_Q0.4,6.9,150.0,0.4,2.3438,2.348817523467032,0.005017523467031992,B6,
N6.90_D0150_Q0.6,6.9,150.0,0.6,2.2064,2.279538137794133,0.07313813779413314,B6,
N6.90_D0150_Q0.8,6.9,150.0,0.8,2.2296,2.2145263362164957,-0.015073663783504276,B6,
N6.90_D0150_Q0.9,6.9,150.0,0.9,2.2482,2.183537984417187,-0.06466201558281304,B6,
N6.90_D0150_Q1.0,6.9,150.0,1.0,2.1506,2.1535192371592733,0.0029192371592734467,B6,
N6.90_D0300_Q0.1,6.9,300.0,0.1,2.3408,2.378825813733184,0.0380258137331837,B6,
N6.90_D0300_Q0.2,6.9,300.0,0.2,2.3195,2.3426966425517834,0.02319664255178333,B6,
N6.90_D0300_Q0.3,6.9,300.0,0.3,2.3002,2.3076979286686994,0.007497928668699583,B6,
N6.90_D0300_Q0.4,6.9,300.0,0.4,2.3167,2.273794300840652,-0.04290569915934794,B6,
N6.90_D0300_Q0.6,6.9,300.0,0.6,2.2275,2.209136317458577,-0.018363682541422843,B6,
N6.90_D0300_Q0.8,6.9,300.0,0.8,2.1189,2.148461241529173,0.029561241529172833,B6,
N6.90_D0300_Q0.9,6.9,300.0,0.9,2.1052,2.1195400218010167,0.014340021801016789,B6,
N6.90_D0300_Q1.0,6.9,300.0,1.0,2.1363,2.0915237274516834,-0.04477627254831651,B6,
N6.90_D0600_Q0.1,6.9,600.0,0.1,2.2081,2.301800835750103,0.09370083575010302,B6,
N6.90_D0600_Q0.2,6.9,600.0,0.2,2.2684,2.268081723965759,-0.0003182760342412827,B6,
N6.90_D0600_Q0.3,6.9,600.0,0.3,2.2487,2.235417660353375,-0.013282339646624841,B6,
N6.90_D0600_Q0.4,6.9,600.0,0.4,2.2425,2.2037756331701654,-0.03872436682983471,B6,
N6.90_D0600_Q0.6,6.9,600.0,0.6,2.1582,2.143430773376293,-0.014769226623706722,B6,
N6.90_D0600_Q0.8,6.9,600.0,0.8,2.1315,2.0868031342446107,-0.044696865755389226,B6,
N6.90_D0600_Q0.9,6.9,600.0,0.9,2.0744,2.059811154936342,-0.014588845063657985,B6,
N6.90_D0600_Q1.0,6.9,600.0,1.0,2.0492,2.0336637363807073,-0.015536263619292612,B6,
N11.97_D0010_Q0.1,11.97,10.0,0.1,2.77,2.799486706302919,0.029486706302919163,B6,
N11.97_D0010_Q0.2,11.97,10.0,0.2,2.6684,2.748790464221068,0.08039046422106777,B6,
N11.97_D0010_Q0.3,11.97,10.0,0.3,2.6888,2.699680473220674,0.01088047322067398,B6,
N11.97_D0010_Q0.4,11.97,10.0,0.4,2.7027,2.6521071005796624,-0.050592899420337734,B6,
N11.97_D0010_Q0.6,11.97,10.0,0.6,2.6784,2.561379395767285,-0.1170206042327151,B6,
N11.97_D0010_Q0.8,11.97,10.0,0.8,2.6185,2.4762404834405247,-0.14225951655947533,B6,
N11.97_D0010_Q0.9,11.97,10.0,0.9,2.4891,2.435658396758286,-0.05344160324171421,B6,
N11.97_D0010_Q1.0,11.97,10.0,1.0,2.4184,2.396346096084714,-0.022053903915286277,B6,
N11.97_D0050_Q0.1,11.97,50.0,0.1,2.4506,2.5595151301574512,0.10891513015745113,B6,
N11.97_D0050_Q0.2,11.97,50.0,0.2,2.4199,2.5163274361759704,0.09642743617597027,B6,
N11.97_D0050_Q0.3,11.97,50.0,0.3,2.4152,2.4744910558909394,0.059291055890939415,B6,
N11.97_D0050_Q0.4,11.97,50.0,0.4,2.3833,2.4339637076119534,0.05066370761195316,B6,
N11.97_D0050_Q0.6,11.97,50.0,0.6,2.3437,2.356673553743096,0.012973553743095945,B6,
N11.97_D0050_Q0.8,11.97,50.0,0.8,2.2204,2.2841444442768033,0.06374444427680315,B6,
N11.97_D0050_Q0.9,11.97,50.0,0.9,2.296,2.24957291256578,-0.04642708743421986,B6,
N11.97_D0050_Q1.0,11.97,50.0,1.0,2.3439,2.2160831006689325,-0.12781689933106755,B6,
N11.97_D0150_Q0.1,11.97,150.0,0.1,2.4214,2.4164565714810955,-0.0049434285189047245,B6,
N11.97_D0150_Q0.2,11.97,150.0,0.2,2.3485,2.377745082916292,0.02924508291629202,B6,
N11.97_D0150_Q0.3,11.97,150.0,0.3,2.3316,2.340244850611895,0.008644850611895016,B6,
N11.97_D0150_Q0.4,11.97,150.0,0.4,2.2453,2.303917975179822,0.058617975179822146,B6,
N11.97_D0150_Q0.6,11.97,150.0,0.6,2.2154,2.2346385895069236,0.01923858950692381,B6,
N11.97_D0150_Q0.8,11.97,150.0,0.8,2.2885,2.1696267879292863,-0.11887321207071366,B6,
N11.97_D0150_Q0.9,11.97,150.0,0.9,2.1844,2.1386384361299773,-0.04576156387002284,B6,
N11.97_D0150_Q1.0,11.97,150.0,1.0,2.2045,2.1086196888720634,-0.09588031112793649,B6,
N11.97_D0300_Q0.1,11.97,300.0,0.1,2.2899,2.3339262654459745,0.044026265445974655,B6,
N11.97_D0300_Q0.2,11.97,300.0,0.2,2.2886,2.297797094264574,0.009197094264573824,B6,
N11.97_D0300_Q0.3,11.97,300.0,0.3,2.2767,2.262798380381489,-0.013901619618510885,B6,
N11.97_D0300_Q0.4,11.97,300.0,0.4,2.2501,2.228894752553442,-0.02120524744655805,B6,
N11.97_D0300_Q0.6,11.97,300.0,0.6,2.1351,2.1642367691713673,0.029136769171367316,B6,
N11.97_D0300_Q0.8,11.97,300.0,0.8,2.1274,2.103561693241963,-0.02383830675803722,B6,
N11.97_D0300_Q0.9,11.97,300.0,0.9,2.2077,2.0746404735138064,-0.13305952648619357,B6,
N11.97_D0300_Q1.0,11.97,300.0,1.0,2.0939,2.0466241791644735,-0.047275820835526616,B6,
N11.97_D0600_Q0.1,11.97,600.0,0.1,2.288,2.256901287462893,-0.03109871253710672,B6,
N11.97_D0600_Q0.2,11.97,600.0,0.2,2.2118,2.2231821756785495,0.011382175678549267,B6,
N11.97_D0600_Q0.3,11.97,600.0,0.3,2.1456,2.190518112066165,0.04491811206616525,B6,
N11.97_D0600_Q0.4,11.97,600.0,0.4,2.141,2.1588760848829556,0.017876084882955556,B6,
N11.97_D0600_Q0.6,11.97,600.0,0.6,2.0709,2.0985312250890833,0.027631225089083333,B6,
N11.97_D0600_Q0.8,11.97,600.0,0.8,2.0161,2.0419035859574013,0.02580358595740151,B6,
N11.97_D0600_Q0.9,11.97,600.0,0.9,2.0573,2.014911606649132,-0.04238839335086819,B6,
N11.97_D0600_Q1.0,11.97,600.0,1.0,2.0191,1.9887641880934974,-0.030335811906502474,B6,
N0.07_D0010_Q0.1,0.07,10.0,0.1,3.7216,3.6704224076221736,-0.051177592377826375,B7,
N0.07_D0010_Q0.2,0.07,10.0,0.2,3.6004,3.618563124272148,0.018163124272148057,B7,
N0.07_D0010_Q0.3,0.07,10.0,0.3,3.6507,3.5684580553552725,-0.08224194464472756,B7,
N0.07_D0010_Q0.4,0.07,10.0,0.4,3.5704,3.520047862059309,-0.0503521379406906,B7,
N0.07_D0010_Q0.6,0.07,10.0,0.6,3.5458,3.428084715285053,-0.11771528471494674,B7,
N0.07_D0010_Q0.8,0.07,10.0,0.8,3.353,3.342237911707028,-0.010762088292972205,B7,
N0.07_D0010_Q0.9,0.07,10.0,0.9,3.2211,3.3014799383304645,0.08037993833046464,B7,
N0.07_D0010_Q1.0,0.07,10.0,1.0,3.1125,3.262100661699102,0.14960066169910213,B7,
N0.07_D0050_Q0.1,0.07,50.0,0.1,3.5105,3.423827347516836,-0.08667265248316403,B7,
N0.07_D0050_Q0.2,0.07,50.0,0.2,3.4001,3.38030949477742,-0.01979050522258019,B7,
N0.07_D0050_Q0.3,0.07,50.0,0.3,3.3596,3.3382636956500815,-0.0213363043499184,B7,
N0.07_D0050_Q0.4,0.07,50.0,0.4,3.2727,3.2976401558159276,0.024940155815927678,B7,
N0.07_D0050_Q0.6,0.07,50.0,0.6,3.0798,3.220469041595866,0.1406690415958658,B7,
N0.07_D0050_Q0.8,0.07,50.0,0.8,3.1431,3.148430472704684,0.005330472704684119,B7,
N0.07_D0050_Q0.9,0.07,50.0,0.9,3.0628,3.114228313153294,0.05142831315329399,B7,
N0.07_D0050_Q1.0,0.07,50.0,1.0,2.9922,3.0811830905677504,0.08898309056775044,B7,
N0.07_D0150_Q0.1,0.07,150.0,0.1,3.384,3.2786881638469825,-0.10531183615301742,B7,
N0.07_D0150_Q0.2,0.07,150.0,0.2,3.2214,3.24007985158638,0.018679851586379748,B7,
N0.07_D0150_Q0.3,0.07,150.0,0.3,3.3529,3.20277752070909,-0.15012247929091016,B7,
N0.07_D0150_Q0.4,0.07,150.0,0.4,3.1687,3.1667369945268904,-0.001963005473109458,B7,
N0.07_D0150_Q0.6,0.07,150.0,0.6,3.1017,3.0982720706450144,-0.0034279293549857037,B7,
N0.07_D0150_Q0.8,0.07,150.0,0.8,3.0179,3.0343606552722946,0.016460655272294566,B7,
N0.07_D0150_Q0.9,0.07,150.0,0.9,2.7658,3.004017070448519,0.23821707044851914,B7,
N0.07_D0150_Q1.0,0.07,150.0,1.0,2.9653,2.9746999007815464,0.0093999007815464,B7,
N0.07_D0300_Q0.1,0.07,300.0,0.1,3.2863,3.1956617354291383,-0.09063826457086188,B7,
N0.07_D0300_Q0.2,0.07,300.0,0.2,3.1355,3.1598619108616726,0.02436191086167261,B7,
N0.07_D0300_Q0.3,0.07,300.0,0.3,3.1588,3.125273066564346,-0.03352693343565383,B7,
N0.07_D0300_Q0.4,0.07,300.0,0.4,3.2809,3.0918542393974686,-0.1890457606025313,B7,
N0.07_D0300_Q0.6,0.07,300.0,0.6,3.0098,3.0283696652090963,0.01856966520909653,B7,
N0.07_D0300_Q0.8,0.07,300.0,0.8,2.8391,2.969107363278934,0.13000736327893403,B7,
N0.07_D0300_Q0.9,0.07,300.0,0.9,2.858,2.940971064387991,0.08297106438799107,B7,
N0.07_D0300_Q1.0,0.07,300.0,1.0,2.837,2.913786516050113,0.07678651605011266,B7,
N0.07_D0600_Q0.1,0.07,600.0,0.1,3.1971,3.1186749054491303,-0.07842509455086955,B7,
N0.07_D0600_Q0.2,0.07,600.0,0.2,3.1469,3.0854792705192615,-0.06142072948073851,B7,
N0.07_D0600_Q0.3,0.07,600.0,0.3,3.1946,3.0534065254202933,-0.14119347457970655,B7,
N0.07_D0600_Q0.4,0.07,600.0,0.4,3.1242,3.022418686797637,-0.10178131320236306,B7,
N0.07_D0600_Q0.6,0.07,600.0,0.6,2.9753,2.9635521763077914,-0.011747823692208392,B7,
N0.07_D0600_Q0.8,0.07,600.0,0.8,2.8695,2.908600796971561,0.0391007969715611,B7,
N0.07_D0600_Q0.9,0.07,600.0,0.9,2.8303,2.8825112192279256,0.05221121922792582,B7,
N0.07_D0600_Q1.0,0.07,600.0,1.0,2.747,2.8573041587671413,0.11030415876714139,B7,
N0.16_D0010_Q0.1,0.16,10.0,0.1,3.4765,3.435862646200275,-0.04063735379972533,B7,
N0.16_D0010_Q0.2,0.16,10.0,0.2,3.4324,3.3840033628502493,-0.04839663714975062,B7,
N0.16_D0010_Q0.3,0.16,10.0,0.3,3.46,3.3338982939333737,-0.1261017060666263,B7,
N0.16_D0010_Q0.4,0.16,10.0,0.4,3.2484,3.2854881006374104,0.03708810063741019,B7,
N0.16_D0010_Q0.6,0.16,10.0,0.6,3.269,3.1935249538631543,-0.07547504613684586,B7,
N0.16_D0010_Q0.8,0.16,10.0,0.8,3.2072,3.107678150285129,-0.09952184971487066,B7,
N0.16_D0010_Q0.9,0.16,10.0,0.9,3.0024,3.0669201769085657,0.06452017690856549,B7,
N0.16_D0010_Q1.0,0.16,10.0,1.0,3.0121,3.027540900277203,0.015440900277202907,B7,
N0.16_D0050_Q0.1,0.16,50.0,0.1,3.2175,3.189267586094937,-0.028232413905062703,B7,
N0.16_D0050_Q0.2,0.16,50.0,0.2,3.1458,3.145749733355521,-5.0266644478824674e-05,B7,
N0.16_D0050_Q0.3,0.16,50.0,0.3,3.0796,3.1037039342281827,0.024103934228182577,B7,
N0.16_D0050_Q0.4,0.16,50.0,0.4,3.002,3.063080394394029,0.061080394394029014,B7,
N0.16_D0050_Q0.6,0.16,50.0,0.6,2.8375,2.985909280173967,0.14840928017396715,B7,
N0.16_D0050_Q0.8,0.16,50.0,0.8,2.894,2.9138707112827853,0.01987071128278517,B7,
N0.16_D0050_Q0.9,0.16,50.0,0.9,2.6326,2.8796685517313954,0.2470685517313953,B7,
N0.16_D0050_Q1.0,0.16,50.0,1.0,2.793,2.8466233291458516,0.05362332914585144,B7,
N0.16_D0150_Q0.1,0.16,150.0,0.1,3.1249,3.0441284024250836,-0.08077159757491614,B7,
N0.16_D0150_Q0.2,0.16,150.0,0.2,2.9746,3.005520090164481,0.03092009016448083,B7,
N0.16_D0150_Q0.3,0.16,150.0,0.3,3.0125,2.968217759287191,-0.04428224071280917,B7,
N0.16_D0150_Q0.4,0.16,150.0,0.4,2.9738,2.9321772331049916,-0.041622766895008656,B7,
N0.16_D0150_Q0.6,0.16,150.0,0.6,2.8802,2.8637123092231156,-0.01648769077688428,B7,
N0.16_D0150_Q0.8,0.16,150.0,0.8,2.725,2.7998008938503958,0.07480089385039568,B7,
N0.16_D0150_Q0.9,0.16,150.0,0.9,2.7204,2.7694573090266204,0.0490573090266202,B7,
N0.16_D0150_Q1.0,0.16,150.0,1.0,2.6657,2.7401401393596476,0.07444013935964744,B7,
N0.16_D0300_Q0.1,0.16,300.0,0.1,2.9719,2.9611019740072395,-0.010798025992760696,B7,
N0.16_D0300_Q0.2,0.16,300.0,0.2,2.9407,2.9253021494397737,-0.015397850560226356,B7,
N0.16_D0300_Q0.3,0.16,300.0,0.3,2.956,2.890713305142447,-0.06528669485755279,B7,
N0.16_D0300_Q0.4,0.16,300.0,0.4,2.8482,2.85729447797557,0.009094477975569948,B7,
N0.16_D0300_Q0.6,0.16,300.0,0.6,2.8081,2.7938099037871975,-0.014290096212802528,B7,
N0.16_D0300_Q0.8,0.16,300.0,0.8,2.6978,2.7345476018570354,0.036747601857035406,B7,
N0.16_D0300_Q0.9,0.16,300.0,0.9,2.6348,2.7064113029660923,0.07161130296609253,B7,
N0.16_D0300_Q1.0,0.16,300.0,1.0,2.6071,2.679226754628214,0.07212675462821405,B7,
N0.16_D0600_Q0.1,0.16,600.0,0.1,2.98,2.8841151440272315,-0.09588485597276852,B7,
N0.16_D0600_Q0.2,0.16,600.0,0.2,2.9212,2.8509195090973627,-0.0702804909026371,B7,
N0.16_D0600_Q0.3,0.16,600.0,0.3,2.8818,2.8188467639983945,-0.06295323600160563,B7,
N0.16_D0600_Q0.4,0.16,600.0,0.4,2.8627,2.787858925375738,-0.0748410746242616,B7,
N0.16_D0600_Q0.6,0.16,600.0,0.6,2.7288,2.7289924148858926,0.0001924148858925001,B7,
N0.16_D0600_Q0.8,0.16,600.0,0.8,2.658,2.674041035549662,0.016041035549662297,B7,
N0.16_D0600_Q0.9,0.16,600.0,0.9,2.5923,2.647951457806027,0.05565145780602698,B7,
N0.16_D0600_Q1.0,0.16,600.0,1.0,2.5781,2.6227443973452425,0.04464439734524239,B7,
N0.41_D0010_Q0.1,0.41,10.0,0.1,3.228,3.2278543370352772,-0.00014566296472295903,B7,
N0.41_D0010_Q0.2,0.41,10.0,0.2,3.2291,3.175995053685252,-0.053104946314747714,B7,
N0.41_D0010_Q0.3,0.41,10.0,0.3,3.2054,3.125889984768376,-0.07951001523162393,B7,
N0.41_D0010_Q0.4,0.41,10.0,0.4,3.0181,3.0774797914724124,0.05937979147241235,B7,
N0.41_D0010_Q0.6,0.41,10.0,0.6,3.0836,2.9855166446981567,-0.09808335530184342,B7,
N0.41_D0010_Q0.8,0.41,10.0,0.8,2.9795,2.899669841120131,-0.07983015887986866,B7,
N0.41_D0010_Q0.9,0.41,10.0,0.9,2.8227,2.8589118677435685,0.03621186774356833,B7,
N0.41_D0010_Q1.0,0.41,10.0,1.0,2.9558,2.819532591112206,-0.13626740888779398,B7,
N0.41_D0050_Q0.1,0.41,50.0,0.1,2.976,2.98125927692994,0.005259276929939993,B7,
N0.41_D0050_Q0.2,0.41,50.0,0.2,2.9489,2.9377414241905235,-0.011158575809476545,B7,
N0.41_D0050_Q0.3,0.41,50.0,0.3,2.9676,2.895695625063185,-0.0719043749368149,B7,
N0.41_D0050_Q0.4,0.41,50.0,0.4,2.8049,2.8550720852290317,0.050172085229031715,B7,
N0.41_D0050_Q0.6,0.41,50.0,0.6,2.6958,2.777900971008969,0.08210097100896885,B7,
N0.41_D0050_Q0.8,0.41,50.0,0.8,2.6518,2.7058624021177877,0.05406240211778757,B7,
N0.41_D0050_Q0.9,0.41,50.0,0.9,2.6355,2.671660242566398,0.03616024256639783,B7,
N0.41_D0050_Q1.0,0.41,50.0,1.0,2.6047,2.638615019980854,0.03391501998085422,B7,
N0.41_D0150_Q0.1,0.41,150.0,0.1,2.8727,2.836120093260086,-0.03657990673991396,B7,
N0.41_D0150_Q0.2,0.41,150.0,0.2,2.8815,2.7975117809994834,-0.08398821900051656,B7,
N0.41_D0150_Q0.3,0.41,150.0,0.3,2.7186,2.7602094501221934,0.041609450122193525,B7,
N0.41_D0150_Q0.4,0.41,150.0,0.4,2.6566,2.7241689239399935,0.06756892393999347,B7,
N0.41_D0150_Q0.6,0.41,150.0,0.6,2.6516,2.655704000058118,0.00410400005811784,B7,
N0.41_D0150_Q0.8,0.41,150.0,0.8,2.5539,2.5917925846853977,0.03789258468539769,B7,
N0.41_D0150_Q0.9,0.41,150.0,0.9,2.5112,2.5614489998616228,0.05024899986162268,B7,
N0.41_D0150_Q1.0,0.41,150.0,1.0,2.4068,2.5321318301946496,0.12533183019464955,B7,
N0.41_D0300_Q0.1,0.41,300.0,0.1,2.8085,2.7530936648422424,-0.055406335157757614,B7,
N0.41_D0300_Q0.2,0.41,300.0,0.2,2.7682,2.717293840274776,-0.050906159725224054,B7,
N0.41_D0300_Q0.3,0.41,300.0,0.3,2.6832,2.6827049959774496,-0.000495004022550205,B7,
N0.41_D0300_Q0.4,0.41,300.0,0.4,2.7891,2.649286168810572,-0.1398138311894277,B7,
N0.41_D0300_Q0.6,0.41,300.0,0.6,2.5211,2.5858015946222,0.06470159462219982,B7,
N0.41_D0300_Q0.8,0.41,300.0,0.8,2.549,2.526539292692038,-0.022460707307962124,B7,
N0.41_D0300_Q0.9,0.41,300.0,0.9,2.432,2.498402993801095,0.06640299380109527,B7,
N0.41_D0300_Q1.0,0.41,300.0,1.0,2.3791,2.471218445463216,0.09211844546321579,B7,
N0.41_D0600_Q0.1,0.41,600.0,0.1,2.6695,2.676106834862234,0.006606834862233679,B7,
N0.41_D0600_Q0.2,0.41,600.0,0.2,2.7354,2.642911199932365,-0.09248880006763471,B7,
N0.41_D0600_Q0.3,0.41,600.0,0.3,2.6187,2.610838454833397,-0.00786154516660309,B7,
N0.41_D0600_Q0.4,0.41,600.0,0.4,2.5858,2.5798506162107406,-0.005949383789259244,B7,
N0.41_D0600_Q0.6,0.41,600.0,0.6,2.5121,2.520984105720895,0.00888410572089482,B7,
N0.41_D0600_Q0.8,0.41,600.0,0.8,2.4741,2.4660327263846646,-0.008067273615335324,B7,
N0.41_D0600_Q0.9,0.41,600.0,0.9,2.471,2.4399431486410297,-0.031056851358970405,B7,
N0.41_D0600_Q1.0,0.41,600.0,1.0,2.3932,2.414736088180245,0.02153608818024466,B7,
N0.70_D0010_Q0.1,0.7,10.0,0.1,3.1919,3.132101238960476,-0.059798761039524084,B7,
N0.70_D0010_Q0.2,0.7,10.0,0.2,3.1552,3.0802419556104503,-0.07495804438954945,B7,
N0.70_D0010_Q0.3,0.7,10.0,0.3,3.0155,3.0301368866935747,0.01463688669357488,B7,
N0.70_D0010_Q0.4,0.7,10.0,0.4,3.0148,2.9817266933976114,-0.03307330660238872,B7,
N0.70_D0010_Q0.6,0.7,10.0,0.6,2.9615,2.8897635466233553,-0.0717364533766447,B7,
N0.70_D0010_Q0.8,0.7,10.0,0.8,2.8692,2.8039167430453302,-0.06528325695466997,B7,
N0.70_D0010_Q0.9,0.7,10.0,0.9,2.7928,2.7631587696687667,-0.029641230331233448,B7,
N0.70_D0010_Q1.0,0.7,10.0,1.0,2.8304,2.723779493037404,-0.10662050696259584,B7,
N0.70_D0050_Q0.1,0.7,50.0,0.1,2.8444,2.885506178855138,0.04110617885513834,B7,
N0.70_D0050_Q0.2,0.7,50.0,0.2,2.8069,2.841988326115722,0.03508832611572199,B7,
N0.70_D0050_Q0.3,0.7,50.0,0.3,2.7973,2.7999425269883838,0.002642526988383853,B7,
N0.70_D0050_Q0.4,0.7,50.0,0.4,2.7324,2.75931898715423,0.02691898715422969,B7,
N0.70_D0050_Q0.6,0.7,50.0,0.6,2.6134,2.682147872934168,0.06874787293416817,B7,
N0.70_D0050_Q0.8,0.7,50.0,0.8,2.6409,2.6101093040429864,-0.030790695957013448,B7,
N0.70_D0050_Q0.9,0.7,50.0,0.9,2.5496,2.5759071444915964,0.026307144491596546,B7,
N0.70_D0050_Q1.0,0.7,50.0,1.0,2.5581,2.5428619219060526,-0.015238078093947394,B7,
N0.70_D0150_Q0.1,0.7,150.0,0.1,2.7893,2.7403669951852847,-0.048933004814715186,B7,
N0.70_D0150_Q0.2,0.7,150.0,0.2,2.6375,2.701758682924682,0.06425868292468184,B7,
N0.70_D0150_Q0.3,0.7,150.0,0.3,2.6856,2.664456352047392,-0.021143647952607925,B7,
N0.70_D0150_Q0.4,0.7,150.0,0.4,2.5991,2.6284158258651926,0.029315825865192657,B7,
N0.70_D0150_Q0.6,0.7,150.0,0.6,2.5608,2.5599509019833167,-0.000849098016683314,B7,
N0.70_D0150_Q0.8,0.7,150.0,0.8,2.5043,2.496039486610597,-0.008260513389403368,B7,
N0.70_D0150_Q0.9,0.7,150.0,0.9,2.4035,2.4656959017868214,0.06219590178682122,B7,
N0.70_D0150_Q1.0,0.7,150.0,1.0,2.3542,2.4363787321198487,0.08217873211984861,B7,
N0.70_D0300_Q0.1,0.7,300.0,0.1,2.6722,2.6573405667674406,-0.01485943323255956,B7,
N0.70_D0300_Q0.2,0.7,300.0,0.2,2.6214,2.621540742199975,0.0001407421999748415,B7,
N0.70_D0300_Q0.3,0.7,300.0,0.3,2.5759,2.5869518979026482,0.011051897902648378,B7,
N0.70_D0300_Q0.4,0.7,300.0,0.4,2.5792,2.553533070735771,-0.02566692926422931,B7,
N0.70_D0300_Q0.6,0.7,300.0,0.6,2.4842,2.4900484965473986,0.005848496547398607,B7,
N0.70_D0300_Q0.8,0.7,300.0,0.8,2.4416,2.4307861946172364,-0.010813805382763775,B7,
N0.70_D0300_Q0.9,0.7,300.0,0.9,2.4128,2.4026498957262934,-0.01015010427370644,B7,
N0.70_D0300_Q1.0,0.7,300.0,1.0,2.3149,2.375465347388415,0.0605653473884149,B7,
N0.70_D0600_Q0.1,0.7,600.0,0.1,2.5974,2.5803537367874325,-0.017046263212567414,B7,
N0.70_D0600_Q0.2,0.7,600.0,0.2,2.5998,2.5471581018575638,-0.05264189814243636,B7,
N0.70_D0600_Q0.3,0.7,600.0,0.3,2.5611,2.5150853567585956,-0.046014643241404585,B7,
N0.70_D0600_Q0.4,0.7,600.0,0.4,2.5225,2.4840975181359393,-0.0384024818640607,B7,
N0.70_D0600_Q0.6,0.7,600.0,0.6,2.51,2.4252310076460937,-0.08476899235390611,B7,
N0.70_D0600_Q0.8,0.7,600.0,0.8,2.4421,2.3702796283098633,-0.07182037169013666,B7,
N0.70_D0600_Q0.9,0.7,600.0,0.9,2.2624,2.344190050566228,0.0817900505662279,B7,
N0.70_D0600_Q1.0,0.7,600.0,1.0,2.3039,2.3189829901054435,0.01508299010544345,B7,
N1.00_D0010_Q0.1,1.0,10.0,0.1,3.0483,3.0758580157669666,0.027558015766966815,B7,
N1.00_D0010_Q0.2,1.0,10.0,0.2,2.968,3.023998732416941,0.05599873241694109,B7,
N1.00_D0010_Q0.3,1.0,10.0,0.3,2.8948,2.9738936635000655,0.07909366350006541,B7,
N1.00_D0010_Q0.4,1.0,10.0,0.4,2.8223,2.925483470204102,0.10318347020410235,B7,
N1.00_D0010_Q0.6,1.0,10.0,0.6,2.8442,2.833520323429846,-0.010679676570153784,B7,
N1.00_D0010_Q0.8,1.0,10.0,0.8,2.7546,2.747673519851821,-0.006926480148178982,B7,
N1.00_D0010_Q0.9,1.0,10.0,0.9,2.7505,2.7069155464752575,-0.04358445352474272,B7,
N1.00_D0010_Q1.0,1.0,10.0,1.0,2.6827,2.667536269843895,-0.01516373015610517,B7,
N1.00_D0050_Q0.1,1.0,50.0,0.1,2.8264,2.829262955661629,0.002862955661628863,B7,
N1.00_D0050_Q0.2,1.0,50.0,0.2,2.8076,2.785745102922213,-0.021854897077786983,B7,
N1.00_D0050_Q0.3,1.0,50.0,0.3,2.6823,2.7436993037948745,0.06139930379487435,B7,
N1.00_D0050_Q0.4,1.0,50.0,0.4,2.6528,2.7030757639607206,0.05027576396072053,B7,
N1.00_D0050_Q0.6,1.0,50.0,0.6,2.6707,2.625904649740659,-0.04479535025934123,B7,
N1.00_D0050_Q0.8,1.0,50.0,0.8,2.4922,2.553866080849477,0.06166608084947711,B7,
N1.00_D0050_Q0.9,1.0,50.0,0.9,2.5805,2.519663921298087,-0.060836078701912655,B7,
N1.00_D0050_Q1.0,1.0,50.0,1.0,2.5615,2.4866186987125434,-0.07488130128745674,B7,
N1.00_D0150_Q0.1,1.0,150.0,0.1,2.6482,2.6841237719917754,0.03592377199177532,B7,
N1.00_D0150_Q0.2,1.0,150.0,0.2,2.6343,2.6455154597311727,0.011215459731172661,B7,
N1.00_D0150_Q0.3,1.0,150.0,0.3,2.6133,2.608213128853883,-0.005086871146117389,B7,
N1.00_D0150_Q0.4,1.0,150.0,0.4,2.5016,2.5721726026716834,0.07057260267168353,B7,
N1.00_D0150_Q0.6,1.0,150.0,0.6,2.5859,2.5037076787898074,-0.08219232121019271,B7,
N1.00_D0150_Q0.8,1.0,150.0,0.8,2.3211,2.4397962634170876,0.11869626341708761,B7,
N1.00_D0150_Q0.9,1.0,150.0,0.9,2.3833,2.409452678593312,0.02615267859331194,B7,
N1.00_D0150_Q1.0,1.0,150.0,1.0,2.334,2.3801355089263394,0.04613550892633933,B7,
N1.00_D0300_Q0.1,1.0,300.0,0.1,2.6943,2.6010973435739313,-0.09320265642606884,B7,
N1.00_D0300_Q0.2,1.0,300.0,0.2,2.5728,2.5652975190064655,-0.007502480993534455,B7,
N1.00_D0300_Q0.3,1.0,300.0,0.3,2.4688,2.530708674709139,0.06190867470913908,B7,
N1.00_D0300_Q0.4,1.0,300.0,0.4,2.5249,2.4972898475422616,-0.027610152457738568,B7,
N1.00_D0300_Q0.6,1.0,300.0,0.6,2.4469,2.4338052733538893,-0.013094726646110555,B7,
N1.00_D0300_Q0.8,1.0,300.0,0.8,2.4239,2.374542971423727,-0.049357028576273,B7,
N1.00_D0300_Q0.9,1.0,300.0,0.9,2.2509,2.346406672532784,0.095506672532784,B7,
N1.00_D0300_Q1.0,1.0,300.0,1.0,2.342,2.319222124194906,-0.022777875805094272,B7,
N1.00_D0600_Q0.1,1.0,600.0,0.1,2.6008,2.5241105135939232,-0.07668948640607676,B7,
N1.00_D0600_Q0.2,1.0,600.0,0.2,2.4894,2.4909148786640545,0.0015148786640546419,B7,
N1.00_D0600_Q0.3,1.0,600.0,0.3,2.4439,2.4588421335650863,0.014942133565086113,B7,
N1.00_D0600_Q0.4,1.0,600.0,0.4,2.4229,2.42785429494243,0.00495429494243016,B7,
N1.00_D0600_Q0.6,1.0,600.0,0.6,2.4336,2.3689877844525844,-0.06461221554741581,B7,
N1.00_D0600_Q0.8,1.0,600.0,0.8,2.3549,2.314036405116354,-0.040863594883646215,B7,
N1.00_D0600_Q0.9,1.0,600.0,0.9,2.2636,2.2879468273727186,0.02434682737271876,B7,
N1.00_D0600_Q1.0,1.0,600.0,1.0,2.2915,2.2627397669119342,-0.028760233088065856,B7,
N2.80_D0010_Q0.1,2.8,10.0,0.1,2.9592,2.942022812887041,-0.017177187112959125,B7,
N2.80_D0010_Q0.2,2.8,10.0,0.2,2.8431,2.890163529537016,0.04706352953701565,B7,
N2.80_D0010_Q0.3,2.8,10.0,0.3,2.8867,2.8400584606201402,-0.0466415393798596,B7,
N2.80_D0010_Q0.4,2.8,10.0,0.4,2.771,2.7916482673241765,0.020648267324176572,B7,
N2.80_D0010_Q0.6,2.8,10.0,0.6,2.7064,2.699685120549921,-0.006714879450079092,B7,
N2.80_D0010_Q0.8,2.8,10.0,0.8,2.651,2.6138383169718953,-0.03716168302810452,B7,
N2.80_D0010_Q0.9,2.8,10.0,0.9,2.6397,2.573080343595332,-0.06661965640466772,B7,
N2.80_D0010_Q1.0,2.8,10.0,1.0,2.484,2.5337010669639697,0.0497010669639697,B7,
N2.80_D0050_Q0.1,2.8,50.0,0.1,2.5785,2.6954277527817037,0.11692775278170364,B7,
N2.80_D0050_Q0.2,2.8,50.0,0.2,2.4874,2.6519099000422877,0.1645099000422876,B7,
N2.80_D0050_Q0.3,2.8,50.0,0.3,2.5971,2.6098641009149492,0.012764100914949061,B7,
N2.80_D0050_Q0.4,2.8,50.0,0.4,2.5963,2.5692405610807953,-0.02705943891920448,B7,
N2.80_D0050_Q0.6,2.8,50.0,0.6,2.5446,2.492069446860733,-0.0525305531392668,B7,
N2.80_D0050_Q0.8,2.8,50.0,0.8,2.3227,2.420030877969552,0.09733087796955164,B7,
N2.80_D0050_Q0.9,2.8,50.0,0.9,2.3871,2.3858287184181615,-0.0012712815818387568,B7,
N2.80_D0050_Q1.0,2.8,50.0,1.0,2.2984,2.3527834958326177,0.0543834958326177,B7,
N2.80_D0150_Q0.1,2.8,150.0,0.1,2.4446,2.55028856911185,0.10568856911185032,B7,
N2.80_D0150_Q0.2,2.8,150.0,0.2,2.4506,2.511680256851247,0.06108025685124696,B7,
N2.80_D0150_Q0.3,2.8,150.0,0.3,2.3889,2.4743779259739576,0.08547792597395754,B7,
N2.80_D0150_Q0.4,2.8,150.0,0.4,2.5101,2.4383373997917577,-0.07176260020824232,B7,
N2.80_D0150_Q0.6,2.8,150.0,0.6,2.2938,2.3698724759098817,0.07607247590988164,B7,
N2.80_D0150_Q0.8,2.8,150.0,0.8,2.2577,2.305961060537162,0.04826106053716206,B7,
N2.80_D0150_Q0.9,2.8,150.0,0.9,2.2652,2.2756174757133865,0.01041747571338636,B7,
N2.80_D0150_Q1.0,2.8,150.0,1.0,2.2464,2.2463003060464137,-9.96939535862218e-05,B7,
N2.80_D0300_Q0.1,2.8,300.0,0.1,2.446,2.467262140694006,0.021262140694005893,B7,
N2.80_D0300_Q0.2,2.8,300.0,0.2,2.3643,2.43146231612654,0.06716231612653978,B7,
N2.80_D0300_Q0.3,2.8,300.0,0.3,2.3988,2.3968734718292137,-0.0019265281707863124,B7,
N2.80_D0300_Q0.4,2.8,300.0,0.4,2.3719,2.363454644662336,-0.008445355337664218,B7,
N2.80_D0300_Q0.6,2.8,300.0,0.6,2.3342,2.299970070473964,-0.034229929526035985,B7,
N2.80_D0300_Q0.8,2.8,300.0,0.8,2.2389,2.2407077685438015,0.0018077685438013802,B7,
N2.80_D0300_Q0.9,2.8,300.0,0.9,2.2601,2.212571469652859,-0.04752853034714111,B7,
N2.80_D0300_Q1.0,2.8,300.0,1.0,2.1271,2.18538692131498,0.058286921314980145,B7,
N2.80_D0600_Q0.1,2.8,600.0,0.1,2.4515,2.3902753107139976,-0.06122468928600222,B7,
N2.80_D0600_Q0.2,2.8,600.0,0.2,2.4042,2.357079675784129,-0.04712032421587109,B7,
N2.80_D0600_Q0.3,2.8,600.0,0.3,2.3538,2.3250069306851606,-0.028793069314839492,B7,
N2.80_D0600_Q0.4,2.8,600.0,0.4,2.3322,2.2940190920625043,-0.03818090793749551,B7,
N2.80_D0600_Q0.6,2.8,600.0,0.6,2.2986,2.2351525815726587,-0.06344741842734125,B7,
N2.80_D0600_Q0.8,2.8,600.0,0.8,2.2378,2.1802012022364288,-0.05759879776357124,B7,
N2.80_D0600_Q0.9,2.8,600.0,0.9,2.1287,2.1541116244927934,0.02541162449279355,B7,
N2.80_D0600_Q1.0,2.8,600.0,1.0,2.1935,2.128904564032009,-0.06459543596799078,B7,
N4.00_D0010_Q0.1,4.0,10.0,0.1,2.855,2.9040427010105088,0.04904270101050878,B7,
N4.00_D0010_Q0.2,4.0,10.0,0.2,2.872,2.8521834176604832,-0.019816582339516664,B7,
N4.00_D0010_Q0.3,4.0,10.0,0.3,2.8016,2.8020783487436076,0.0004783487436075262,B7,
N4.00_D0010_Q0.4,4.0,10.0,0.4,2.6993,2.7536681554476443,0.054368155447644284,B7,
N4.00_D0010_Q0.6,4.0,10.0,0.6,2.631,2.661705008673388,0.030705008673388434,B7,
N4.00_D0010_Q0.8,4.0,10.0,0.8,2.6463,2.575858205095363,-0.07044179490463698,B7,
N4.00_D0010_Q0.9,4.0,10.0,0.9,2.6487,2.5351002317187996,-0.11359976828120022,B7,
N4.00_D0010_Q1.0,4.0,10.0,1.0,2.4852,2.495720955087437,0.010520955087437223,B7,
N4.00_D0050_Q0.1,4.0,50.0,0.1,2.5657,2.657447640905171,0.09174764090517096,B7,
N4.00_D0050_Q0.2,4.0,50.0,0.2,2.6024,2.613929788165755,0.011529788165755228,B7,
N4.00_D0050_Q0.3,4.0,50.0,0.3,2.5078,2.5718839890384166,0.06408398903841661,B7,
N4.00_D0050_Q0.4,4.0,50.0,0.4,2.5793,2.5312604492042627,-0.048039550795737185,B7,
N4.00_D0050_Q0.6,4.0,50.0,0.6,2.4706,2.454089334984201,-0.01651066501579912,B7,
N4.00_D0050_Q0.8,4.0,50.0,0.8,2.4391,2.3820507660930192,-0.05704923390698058,B7,
N4.00_D0050_Q0.9,4.0,50.0,0.9,2.3223,2.3478486065416293,0.025548606541629493,B7,
N4.00_D0050_Q1.0,4.0,50.0,1.0,2.4105,2.3148033839560855,-0.09569661604391433,B7,
N4.00_D0150_Q0.1,4.0,150.0,0.1,2.494,2.5123084572353176,0.018308457235317377,B7,
N4.00_D0150_Q0.2,4.0,150.0,0.2,2.4505,2.473700144974715,0.02320014497471501,B7,
N4.00_D0150_Q0.3,4.0,150.0,0.3,2.4411,2.436397814097425,-0.004702185902575096,B7,
N4.00_D0150_Q0.4,4.0,150.0,0.4,2.3929,2.4003572879152255,0.007457287915225486,B7,
N4.00_D0150_Q0.6,4.0,150.0,0.6,2.3873,2.3318923640333495,-0.05540763596665066,B7,
N4.00_D0150_Q0.8,4.0,150.0,0.8,2.2679,2.2679809486606297,8.09486606296872e-05,B7,
N4.00_D0150_Q0.9,4.0,150.0,0.9,2.2339,2.2376373638368543,0.0037373638368540796,B7,
N4.00_D0150_Q1.0,4.0,150.0,1.0,2.2102,2.2083201941698816,-0.001879805830118375,B7,
N4.00_D0300_Q0.1,4.0,300.0,0.1,2.4125,2.4292820288174735,0.01678202881747337,B7,
N4.00_D0300_Q0.2,4.0,300.0,0.2,2.3793,2.3934822042500077,0.01418220425000749,B7,
N4.00_D0300_Q0.3,4.0,300.0,0.3,2.2697,2.358893359952681,0.0891933599526813,B7,
N4.00_D0300_Q0.4,4.0,300.0,0.4,2.3711,2.3254745327858037,-0.04562546721419647,B7,
N4.00_D0300_Q0.6,4.0,300.0,0.6,2.2294,2.2619899585974315,0.03258995859743141,B7,
N4.00_D0300_Q0.8,4.0,300.0,0.8,2.1962,2.2027276566672693,0.006527656667269177,B7,
N4.00_D0300_Q0.9,4.0,300.0,0.9,2.1753,2.1745913577763263,-0.0007086422236737278,B7,
N4.00_D0300_Q1.0,4.0,300.0,1.0,2.1975,2.147406809438448,-0.050093190561551815,B7,
N4.00_D0600_Q0.1,4.0,600.0,0.1,2.2637,2.3522951988374654,0.08859519883746536,B7,
N4.00_D0600_Q0.2,4.0,600.0,0.2,2.2681,2.3190995639075966,0.050999563907596634,B7,
N4.00_D0600_Q0.3,4.0,600.0,0.3,2.403,2.2870268188086285,-0.11597318119137157,B7,
N4.00_D0600_Q0.4,4.0,600.0,0.4,2.3312,2.256038980185972,-0.07516101981402779,B7,
N4.00_D0600_Q0.6,4.0,600.0,0.6,2.2966,2.1971724696961266,-0.09942753030387363,B7,
N4.00_D0600_Q0.8,4.0,600.0,0.8,2.16,2.142221090359896,-0.01777890964010398,B7,
N4.00_D0600_Q0.9,4.0,600.0,0.9,2.1978,2.1161315126162608,-0.08166848738373922,B7,
N4.00_D0600_Q1.0,4.0,600.0,1.0,2.1107,2.0909244521554764,-0.019775547844523622,B7,
N6.90_D0010_Q0.1,6.9,10.0,0.1,2.7585,2.852916808456065,0.09441680845606504,B7,
N6.90_D0010_Q0.2,6.9,10.0,0.2,2.6605,2.80105752510604,0.14055752510604025,B7,
N6.90_D0010_Q0.3,6.9,10.0,0.3,2.72,2.7509524561891645,0.030952456189164312,B7,
N6.90_D0010_Q0.4,6.9,10.0,0.4,2.6823,2.7025422628932008,0.020242262893200635,B7,
N6.90_D0010_Q0.6,6.9,10.0,0.6,2.5269,2.610579116118945,0.08367911611894518,B7,
N6.90_D0010_Q0.8,6.9,10.0,0.8,2.5341,2.5247323125409196,-0.009367687459080454,B7,
N6.90_D0010_Q0.9,6.9,10.0,0.9,2.5395,2.4839743391643565,-0.055525660835643365,B7,
N6.90_D0010_Q1.0,6.9,10.0,1.0,2.4679,2.444595062532994,-0.023304937467006237,B7,
N6.90_D0050_Q0.1,6.9,50.0,0.1,2.5548,2.606321748350728,0.05152174835072776,B7,
N6.90_D0050_Q0.2,6.9,50.0,0.2,2.4799,2.562803895611312,0.08290389561131173,B7,
N6.90_D0050_Q0.3,6.9,50.0,0.3,2.4833,2.5207580964839735,0.03745809648397369,B7,
N6.90_D0050_Q0.4,6.9,50.0,0.4,2.4979,2.4801345566498196,-0.017765443350180377,B7,
N6.90_D0050_Q0.6,6.9,50.0,0.6,2.4093,2.4029634424297575,-0.00633655757024254,B7,
N6.90_D0050_Q0.8,6.9,50.0,0.8,2.2784,2.330924873538576,0.052524873538576156,B7,
N6.90_D0050_Q0.9,6.9,50.0,0.9,2.347,2.2967227139871857,-0.050277286012814226,B7,
N6.90_D0050_Q1.0,6.9,50.0,1.0,2.2632,2.263677491401642,0.000477491401642105,B7,
N6.90_D0150_Q0.1,6.9,150.0,0.1,2.3272,2.4611825646808745,0.13398256468087455,B7,
N6.90_D0150_Q0.2,6.9,150.0,0.2,2.3658,2.4225742524202714,0.05677425242027123,B7,
N6.90_D0150_Q0.3,6.9,150.0,0.3,2.3708,2.385271921542982,0.014471921542981825,B7,
N6.90_D0150_Q0.4,6.9,150.0,0.4,2.3438,2.349231395360782,0.005431395360782076,B7,
N6.90_D0150_Q0.6,6.9,150.0,0.6,2.2064,2.280766471478906,0.07436647147890607,B7,
N6.90_D0150_Q0.8,6.9,150.0,0.8,2.2296,2.216855056106186,-0.012744943893813865,B7,
N6.90_D0150_Q0.9,6.9,150.0,0.9,2.2482,2.1865114712824107,-0.06168852871758945,B7,
N6.90_D0150_Q1.0,6.9,150.0,1.0,2.1506,2.157194301615438,0.0065943016154381695,B7,
N6.90_D0300_Q0.1,6.9,300.0,0.1,2.3408,2.3781561362630304,0.03735613626303014,B7,
N6.90_D0300_Q0.2,6.9,300.0,0.2,2.3195,2.342356311695564,0.022856311695564013,B7,
N6.90_D0300_Q0.3,6.9,300.0,0.3,2.3002,2.307767467398238,0.007567467398238215,B7,
N6.90_D0300_Q0.4,6.9,300.0,0.4,2.3167,2.27434864023136,-0.042351359768639796,B7,
N6.90_D0300_Q0.6,6.9,300.0,0.6,2.2275,2.2108640660429884,-0.016635933957011684,B7,
N6.90_D0300_Q0.8,6.9,300.0,0.8,2.1189,2.1516017641128258,0.03270176411282577,B7,
N6.90_D0300_Q0.9,6.9,300.0,0.9,2.1052,2.123465465221883,0.018265465221883215,B7,
N6.90_D0300_Q1.0,6.9,300.0,1.0,2.1363,2.0962809168840044,-0.040019083115995446,B7,
N6.90_D0600_Q0.1,6.9,600.0,0.1,2.2081,2.301169306283022,0.0930693062830219,B7,
N6.90_D0600_Q0.2,6.9,600.0,0.2,2.2684,2.267973671353153,-0.00042632864684710725,B7,
N6.90_D0600_Q0.3,6.9,600.0,0.3,2.2487,2.235900926254185,-0.012799073745815015,B7,
N6.90_D0600_Q0.4,6.9,600.0,0.4,2.2425,2.2049130876315286,-0.03758691236847156,B7,
N6.90_D0600_Q0.6,6.9,600.0,0.6,2.1582,2.146046577141683,-0.012153422858316887,B7,
N6.90_D0600_Q0.8,6.9,600.0,0.8,2.1315,2.091095197805453,-0.040404802194546896,B7,
N6.90_D0600_Q0.9,6.9,600.0,0.9,2.0744,2.0650056200618176,-0.009394379938182151,B7,
N6.90_D0600_Q1.0,6.9,600.0,1.0,2.0492,2.0397985596010333,-0.00940144039896662,B7,
N11.97_D0010_Q0.1,11.97,10.0,0.1,2.77,2.808686440452584,0.03868644045258396,B7,
N11.97_D0010_Q0.2,11.97,10.0,0.2,2.6684,2.756827157102559,0.08842715710255877,B7,
N11.97_D0010_Q0.3,11.97,10.0,0.3,2.6888,2.706722088185683,0.01792208818568275,B7,
N11.97_D0010_Q0.4,11.97,10.0,0.4,2.7027,2.658311894889719,-0.04438810511028102,B7,
N11.97_D0010_Q0.6,11.97,10.0,0.6,2.6784,2.5663487481154634,-0.11205125188453646,B7,
N11.97_D0010_Q0.8,11.97,10.0,0.8,2.6185,2.480501944537438,-0.13799805546256216,B7,
N11.97_D0010_Q0.9,11.97,10.0,0.9,2.4891,2.4397439711608753,-0.04935602883912482,B7,
N11.97_D0010_Q1.0,11.97,10.0,1.0,2.4184,2.4003646945295127,-0.018035305470487373,B7,
N11.97_D0050_Q0.1,11.97,50.0,0.1,2.4506,2.5620913803472467,0.1114913803472466,B7,
N11.97_D0050_Q0.2,11.97,50.0,0.2,2.4199,2.5185735276078303,0.0986735276078301,B7,
N11.97_D0050_Q0.3,11.97,50.0,0.3,2.4152,2.476527728480492,0.06132772848049184,B7,
N11.97_D0050_Q0.4,11.97,50.0,0.4,2.3833,2.4359041886463384,0.0526041886463382,B7,
N11.97_D0050_Q0.6,11.97,50.0,0.6,2.3437,2.3587330744262758,0.015033074426275661,B7,
N11.97_D0050_Q0.8,11.97,50.0,0.8,2.2204,2.2866945055350945,0.0662945055350943,B7,
N11.97_D0050_Q0.9,11.97,50.0,0.9,2.296,2.2524923459837045,-0.043507654016295305,B7,
N11.97_D0050_Q1.0,11.97,50.0,1.0,2.3439,2.2194471233981607,-0.12445287660183935,B7,
N11.97_D0150_Q0.1,11.97,150.0,0.1,2.4214,2.416952196677393,-0.004447803322607413,B7,
N11.97_D0150_Q0.2,11.97,150.0,0.2,2.3485,2.37834388441679,0.02984388441679009,B7,
N11.97_D0150_Q0.3,11.97,150.0,0.3,2.3316,2.3410415535395,0.00944155353950027,B7,
N11.97_D0150_Q0.4,11.97,150.0,0.4,2.2453,2.3050010273573003,0.05970102735730043,B7,
N11.97_D0150_Q0.6,11.97,150.0,0.6,2.2154,2.2365361034754248,0.02113610347542494,B7,
N11.97_D0150_Q0.8,11.97,150.0,0.8,2.2885,2.1726246881027045,-0.1158753118972955,B7,
N11.97_D0150_Q0.9,11.97,150.0,0.9,2.1844,2.1422811032789295,-0.04211889672107061,B7,
N11.97_D0150_Q1.0,11.97,150.0,1.0,2.2045,2.1129639336119563,-0.09153606638804357,B7,
N11.97_D0300_Q0.1,11.97,300.0,0.1,2.2899,2.333925768259549,0.04402576825954929,B7,
N11.97_D0300_Q0.2,11.97,300.0,0.2,2.2886,2.298125943692083,0.009525943692082706,B7,
N11.97_D0300_Q0.3,11.97,300.0,0.3,2.2767,2.2635370993947563,-0.01316290060524361,B7,
N11.97_D0300_Q0.4,11.97,300.0,0.4,2.2501,2.230118272227879,-0.01998172777212126,B7,
N11.97_D0300_Q0.6,11.97,300.0,0.6,2.1351,2.1666336980395067,0.031533698039506675,B7,
N11.97_D0300_Q0.8,11.97,300.0,0.8,2.1274,2.1073713961093445,-0.02002860389065564,B7,
N11.97_D0300_Q0.9,11.97,300.0,0.9,2.2077,2.079235097218402,-0.12846490278159806,B7,
N11.97_D0300_Q1.0,11.97,300.0,1.0,2.0939,2.0520505488805227,-0.041849451119477354,B7,
N11.97_D0600_Q0.1,11.97,600.0,0.1,2.288,2.2569389382795406,-0.031061061720459193,B7,
N11.97_D0600_Q0.2,11.97,600.0,0.2,2.2118,2.223743303349672,0.011943303349671641,B7,
N11.97_D0600_Q0.3,11.97,600.0,0.3,2.1456,2.1916705582507037,0.04607055825070372,B7,
N11.97_D0600_Q0.4,11.97,600.0,0.4,2.141,2.1606827196280474,0.01968271962804735,B7,
N11.97_D0600_Q0.6,11.97,600.0,0.6,2.0709,2.1018162091382018,0.03091620913820181,B7,
N11.97_D0600_Q0.8,11.97,600.0,0.8,2.0161,2.0468648298019714,0.030764829801971594,B7,
N11.97_D0600_Q0.9,11.97,600.0,0.9,2.0573,2.0207752520583364,-0.036524747941663716,B7,
N11.97_D0600_Q1.0,11.97,600.0,1.0,2.0191,1.9955681915975516,-0.023531808402448284,B7,
N0.07_D0010_Q0.5,0.07,10.0,0.5,3.568,3.473275212792216,-0.0947247872077841,B7,
N0.07_D0010_Q0.7,0.07,10.0,0.7,3.4466,3.384422850991605,-0.062177149008395105,B7,
N0.07_D0050_Q0.5,0.07,50.0,0.5,3.1892,3.258390765320123,0.06919076532012314,B7,
N0.07_D0050_Q0.7,0.07,50.0,0.7,3.1419,3.183830074415658,0.04193007441565788,B7,
N0.07_D0150_Q0.5,0.07,150.0,0.5,3.1305,3.1319155906912215,0.0014155906912214355,B7,
N0.07_D0150_Q0.7,0.07,150.0,0.7,3.0551,3.0657665907843734,0.010666590784373486,B7,
N0.07_D0300_Q0.5,0.07,300.0,0.5,3.1769,3.0595658518581383,-0.1173341481418615,B7,
N0.07_D0300_Q0.7,0.07,300.0,0.7,2.9398,2.9982287341930647,0.05842873419306471,B7,
N0.07_D0600_Q0.5,0.07,600.0,0.5,3.0404,2.992479056138,-0.047920943862000076,B7,
N0.07_D0600_Q0.7,0.07,600.0,0.7,2.9333,2.935603789561678,0.0023037895616777604,B7,
N0.16_D0010_Q0.5,0.16,10.0,0.5,3.2494,3.238715451370317,-0.010684548629682933,B7,
N0.16_D0010_Q0.7,0.16,10.0,0.7,3.2288,3.149863089569706,-0.07893691043029394,B7,
N0.16_D0050_Q0.5,0.16,50.0,0.5,2.9246,3.0238310038982243,0.09923100389822448,B7,
N0.16_D0050_Q0.7,0.16,50.0,0.7,2.8275,2.949270312993759,0.12177031299375907,B7,
N0.16_D0150_Q0.5,0.16,150.0,0.5,2.8925,2.8973558292693227,0.004855829269322598,B7,
N0.16_D0150_Q0.7,0.16,150.0,0.7,2.7914,2.8312068293624746,0.039806829362474705,B7,
N0.16_D0300_Q0.5,0.16,300.0,0.5,2.8079,2.8250060904362395,0.01710609043623945,B7,
N0.16_D0300_Q0.7,0.16,300.0,0.7,2.7592,2.763668972771166,0.00446897277116598,B7,
N0.16_D0600_Q0.5,0.16,600.0,0.5,2.7776,2.757919294716101,-0.01968070528389898,B7,
N0.16_D0600_Q0.7,0.16,600.0,0.7,2.6652,2.701044028139779,0.03584402813977894,B7,
N0.41_D0010_Q0.5,0.41,10.0,0.5,3.0802,3.030707142205319,-0.04949285779468093,B7,
N0.41_D0010_Q0.7,0.41,10.0,0.7,3.027,2.9418547804047086,-0.08514521959529153,B7,
N0.41_D0050_Q0.5,0.41,50.0,0.5,2.7517,2.815822694733227,0.06412269473322718,B7,
N0.41_D0050_Q0.7,0.41,50.0,0.7,2.6453,2.741262003828762,0.09596200382876185,B7,
N0.41_D0150_Q0.5,0.41,150.0,0.5,2.6432,2.689347520104325,0.04614752010432488,B7,
N0.41_D0150_Q0.7,0.41,150.0,0.7,2.605,2.623198520197477,0.01819852019747703,B7,
N0.41_D0300_Q0.5,0.41,300.0,0.5,2.6321,2.616997781271242,-0.015102218728757943,B7,
N0.41_D0300_Q0.7,0.41,300.0,0.7,2.5426,2.5556606636061683,0.013060663606168088,B7,
N0.41_D0600_Q0.5,0.41,600.0,0.5,2.5369,2.5499109855511035,0.01301098555110336,B7,
N0.41_D0600_Q0.7,0.41,600.0,0.7,2.4873,2.493035718974782,0.005735718974781978,B7,
N0.7_D0010_Q0.5,0.7,10.0,0.5,2.9761,2.934954044130518,-0.041145955869482,B7,
N0.7_D0010_Q0.7,0.7,10.0,0.7,2.9524,2.8461016823299072,-0.10629831767009268,B7,
N0.7_D0050_Q0.5,0.7,50.0,0.5,2.6726,2.7200695966584254,0.04746959665842532,B7,
N0.7_D0050_Q0.7,0.7,50.0,0.7,2.606,2.6455089057539602,0.03950890575396038,B7,
N0.7_D0150_Q0.5,0.7,150.0,0.5,2.5964,2.5935944220295237,-0.002805577970476314,B7,
N0.7_D0150_Q0.7,0.7,150.0,0.7,2.5081,2.5274454221226756,0.019345422122675426,B7,
N0.7_D0300_Q0.5,0.7,300.0,0.5,2.5359,2.5212446831964406,-0.014655316803559248,B7,
N0.7_D0300_Q0.7,0.7,300.0,0.7,2.4237,2.459907565531367,0.036207565531366726,B7,
N0.7_D0600_Q0.5,0.7,600.0,0.5,2.4897,2.454157887476302,-0.03554211252369788,B7,
N0.7_D0600_Q0.7,0.7,600.0,0.7,2.48,2.39728262089998,-0.08271737910001997,B7,
N1.0_D0010_Q0.5,1.0,10.0,0.5,2.848,2.878710820937009,0.030710820937009053,B7,
N1.0_D0010_Q0.7,1.0,10.0,0.7,2.8028,2.789858459136398,-0.012941540863601997,B7,
N1.0_D0050_Q0.5,1.0,50.0,0.5,2.6594,2.663826373464916,0.0044263734649159225,B7,
N1.0_D0050_Q0.7,1.0,50.0,0.7,2.5754,2.589265682560451,0.013865682560450843,B7,
N1.0_D0150_Q0.5,1.0,150.0,0.5,2.5142,2.5373511988360145,0.023151198836014242,B7,
N1.0_D0150_Q0.7,1.0,150.0,0.7,2.4391,2.4712021989291664,0.03210219892916655,B7,
N1.0_D0300_Q0.5,1.0,300.0,0.5,2.4767,2.4650014600029313,-0.011698539997068824,B7,
N1.0_D0300_Q0.7,1.0,300.0,0.7,2.4565,2.4036643423378576,-0.05283565766214249,B7,
N1.0_D0600_Q0.5,1.0,600.0,0.5,2.4351,2.397914664282793,-0.037185335717206947,B7,
N1.0_D0600_Q0.7,1.0,600.0,0.7,2.359,2.3410393977064707,-0.01796060229352925,B7,
N2.8_D0010_Q0.5,2.8,10.0,0.5,2.7452,2.7448756180570832,-0.0003243819429168404,B7,
N2.8_D0010_Q0.7,2.8,10.0,0.7,2.671,2.6560232562564723,-0.014976743743527532,B7,
N2.8_D0050_Q0.5,2.8,50.0,0.5,2.5569,2.529991170584991,-0.026908829415009272,B7,
N2.8_D0050_Q0.7,2.8,50.0,0.7,2.4459,2.4554304796805257,0.009530479680525783,B7,
N2.8_D0150_Q0.5,2.8,150.0,0.5,2.4226,2.4035159959560892,-0.019084004043910863,B7,
N2.8_D0150_Q0.7,2.8,150.0,0.7,2.2944,2.3373669960492407,0.0429669960492407,B7,
N2.8_D0300_Q0.5,2.8,300.0,0.5,2.3363,2.331166257123006,-0.005133742876993974,B7,
N2.8_D0300_Q0.7,2.8,300.0,0.7,2.2804,2.269829139457932,-0.010570860542068239,B7,
N2.8_D0600_Q0.5,2.8,600.0,0.5,2.322,2.2640794614028676,-0.05792053859713242,B7,
N2.8_D0600_Q0.7,2.8,600.0,0.7,2.2877,2.2072041948265455,-0.08049580517345456,B7,
N4.0_D0010_Q0.5,4.0,10.0,0.5,2.6556,2.706895506180551,0.0512955061805509,B7,
N4.0_D0010_Q0.7,4.0,10.0,0.7,2.6349,2.61804314437994,-0.016856855620059896,B7,
N4.0_D0050_Q0.5,4.0,50.0,0.5,2.5028,2.4920110587084583,-0.010788941291541843,B7,
N4.0_D0050_Q0.7,4.0,50.0,0.7,2.4309,2.417450367803993,-0.0134496321960067,B7,
N4.0_D0150_Q0.5,4.0,150.0,0.5,2.4064,2.3655358840795566,-0.04086411592044348,B7,
N4.0_D0150_Q0.7,4.0,150.0,0.7,2.3547,2.2993868841727085,-0.05531311582729126,B7,
N4.0_D0300_Q0.5,4.0,300.0,0.5,2.2988,2.2931861452464735,-0.005613854753526493,B7,
N4.0_D0300_Q0.7,4.0,300.0,0.7,2.2329,2.2318490275814,-0.0010509724186000824,B7,
N4.0_D0600_Q0.5,4.0,600.0,0.5,2.3211,2.226099349526335,-0.0950006504736649,B7,
N4.0_D0600_Q0.7,4.0,600.0,0.7,2.2154,2.169224082950013,-0.046175917049986914,B7,
N6.9_D0010_Q0.5,6.9,10.0,0.5,2.6118,2.6557696136261075,0.04396961362610741,B7,
N6.9_D0010_Q0.7,6.9,10.0,0.7,2.5613,2.5669172518254966,0.005617251825496439,B7,
N6.9_D0050_Q0.5,6.9,50.0,0.5,2.4529,2.440885166154015,-0.012014833845984896,B7,
N6.9_D0050_Q0.7,6.9,50.0,0.7,2.3751,2.36632447524955,-0.008775524750450181,B7,
N6.9_D0150_Q0.5,6.9,150.0,0.5,2.2227,2.3144099915251135,0.09170999152511339,B7,
N6.9_D0150_Q0.7,6.9,150.0,0.7,2.2344,2.248260991618265,0.01386099161826504,B7,
N6.9_D0300_Q0.5,6.9,300.0,0.5,2.2738,2.2420602526920304,-0.03173974730796969,B7,
N6.9_D0300_Q0.7,6.9,300.0,0.7,2.1672,2.1807231350269562,0.013523135026956457,B7,
N6.9_D0600_Q0.5,6.9,600.0,0.5,2.2022,2.174973456971892,-0.027226543028108008,B7,
N6.9_D0600_Q0.7,6.9,600.0,0.7,2.1051,2.11809819039557,0.012998190395569598,B7,
N11.97_D0010_Q0.5,11.97,10.0,0.5,2.6862,2.611539245622626,-0.07466075437737407,B7,
N11.97_D0010_Q0.7,11.97,10.0,0.7,2.6556,2.5226868838220153,-0.13291311617798485,B7,
N11.97_D0050_Q0.5,11.97,50.0,0.5,2.3931,2.396654798150534,0.0035547981505339443,B7,
N11.97_D0050_Q0.7,11.97,50.0,0.7,2.2717,2.322094107246069,0.05039410724606874,B7,
N11.97_D0150_Q0.5,11.97,150.0,0.5,2.2142,2.270179623521632,0.05597962352163188,B7,
N11.97_D0150_Q0.7,11.97,150.0,0.7,2.2419,2.2040306236147837,-0.037869376385216036,B7,
N11.97_D0300_Q0.5,11.97,300.0,0.5,2.2109,2.1978298846885487,-0.013070115311451413,B7,
N11.97_D0300_Q0.7,11.97,300.0,0.7,2.1378,2.136492767023475,-0.001307232976524908,B7,
N11.97_D0600_Q0.5,11.97,600.0,0.5,2.0954,2.1307430889684102,0.0353430889684101,B7,
N11.97_D0600_Q0.7,11.97,600.0,0.7,2.0538,2.0738678223920886,0.020067822392088708,B7,
N0.07_D0005_Q0.05,0.07,5.0,0.05,1.0401,1.4136827631939886,0.37358276319398853,B8,calibrated
N0.07_D0005_Q0.1,0.07,5.0,0.1,1.1624,1.4627175829809593,0.30031758298095923,B8,calibrated
N0.07_D0005_Q0.2,0.07,5.0,0.2,1.4286,1.5742006656302039,0.1456006656302038,B8,calibrated
N0.07_D0005_Q0.3,0.07,5.0,0.3,1.6112,1.7063060022299776,0.09510600222997767,B8,calibrated
N0.07_D0005_Q0.4,0.07,5.0,0.4,1.8958,1.8628483182784816,-0.0329516817215183,B8,calibrated
N0.07_D0005_Q0.5,0.07,5.0,0.5,2.1434,2.048347991074226,-0.09505200892577426,B8,calibrated
N0.07_D0005_Q0.6,0.07,5.0,0.6,2.4434,2.2681615819033425,-0.17523841809665752,B8,calibrated
N0.07_D0005_Q0.7,0.07,5.0,0.7,2.6519,2.528636514203595,-0.123263485796405,B8,calibrated
N0.07_D0005_Q0.8,0.07,5.0,0.8,2.8801,2.8372943642523927,-0.04280563574760743,B8,calibrated
N0.07_D0005_Q0.9,0.07,5.0,0.9,3.0925,3.2030480571525874,0.11054805715258764,B8,calibrated
N0.07_D0005_Q0.95,0.07,5.0,0.95,3.2372,3.4105639788811297,0.17336397888112964,B8,calibrated
N0.07_D0005_Q1.0,0.07,5.0,1.0,3.3659,3.636459239952509,0.27055923995250897,B8,calibrated
N0.07_D0010_Q0.05,0.07,10.0,0.05,0.9918,1.3820555239715506,0.3902555239715506,B8,calibrated
N0.07_D0010_Q0.5,0.07,10.0,0.5,2.0372,1.98046475275204,-0.056735247247959864,B8,calibrated
N0.07_D0010_Q0.7,0.07,10.0,0.7,2.5538,2.4333162279745033,-0.12048377202549654,B8,calibrated
N0.07_D0010_Q0.95,0.07,10.0,0.95,3.2059,3.2648625468750936,0.05896254687509339,B8,calibrated
N0.07_D0020_Q0.05,0.07,20.0,0.05,0.9701,1.352235028062601,0.382135028062601,B8,calibrated
N0.07_D0020_Q0.1,0.07,20.0,0.1,1.096,1.3958275243573732,0.29982752435737314,B8,calibrated
N0.07_D0020_Q0.2,0.07,20.0,0.2,1.2839,1.4949372159689711,0.21103721596897107,B8,calibrated
N0.07_D0020_Q0.3,0.07,20.0,0.3,1.4876,1.6123803190794557,0.12478031907945564,B8,calibrated
N0.07_D0020_Q0.4,0.07,20.0,0.4,1.7688,1.751548166783725,-0.017251833216274992,B8,calibrated
N0.07_D0020_Q0.5,0.07,20.0,0.5,1.9631,1.9164594244198458,-0.04664057558015422,B8,calibrated
N0.07_D0020_Q0.6,0.07,20.0,0.6,2.1816,2.1118761341250774,-0.06972386587492263,B8,calibrated
N0.07_D0020_Q0.7,0.07,20.0,0.7,2.4162,2.3434412254318238,-0.07275877456817614,B8,calibrated
N0.07_D0020_Q0.8,0.07,20.0,0.8,2.6428,2.617841462713408,-0.02495853728659192,B8,calibrated
N0.07_D0020_Q0.9,0.07,20.0,0.9,2.926,2.9430005348139945,0.017000534813994328,B8,calibrated
N0.07_D0020_Q0.95,0.07,20.0,0.95,2.984,3.1274844808824853,0.14348448088248533,B8,calibrated
N0.07_D0020_Q1.0,0.07,20.0,1.0,3.1277,3.3283078625945404,0.20060786259454044,B8,calibrated
N0.07_D0050_Q0.05,0.07,50.0,0.05,0.9392,1.315412719271283,0.37621271927128297,B8,calibrated
N0.07_D0050_Q0.5,0.07,50.0,0.5,1.8871,1.8374257298986745,-0.049674270101325524,B8,calibrated
N0.07_D0050_Q0.7,0.07,50.0,0.7,2.2853,2.2324636915118115,-0.05283630848818843,B8,calibrated
N0.07_D0050_Q0.95,0.07,50.0,0.95,2.8636,2.957850227227577,0.09425022722757692,B8,calibrated
N0.07_D0100_Q0.05,0.07,100.0,0.05,0.891,1.2893992721198142,0.3983992721198142,B8,calibrated
N0.07_D0100_Q0.1,0.07,100.0,0.1,1.0093,1.3274265102323881,0.318126510232388,B8,calibrated
N0.07_D0100_Q0.2,0.07,100.0,0.2,1.2339,1.413883312721811,0.1799833127218109,B8,calibrated
N0.07_D0100_Q0.3,0.07,100.0,0.3,1.4034,1.5163329824186933,0.11293298241869332,B8,calibrated
N0.07_D0100_Q0.4,0.07,100.0,0.4,1.6433,1.6377338961557517,-0.005566103844248271,B8,calibrated
N0.07_D0100_Q0.5,0.07,100.0,0.5,1.8327,1.7815916743193956,-0.051108325680604416,B8,calibrated
N0.07_D0100_Q0.6,0.07,100.0,0.6,2.104,1.9520604105185604,-0.1519395894814397,B8,calibrated
N0.07_D0100_Q0.7,0.07,100.0,0.7,2.3189,2.154062626820581,-0.16483737317941927,B8,calibrated
N0.07_D0100_Q0.8,0.07,100.0,0.8,2.4893,2.3934314184285297,-0.09586858157147038,B8,calibrated
N0.07_D0100_Q0.9,0.07,100.0,0.9,2.727,2.6770788924254587,-0.04992110757454116,B8,calibrated
N0.07_D0100_Q0.95,0.07,100.0,0.95,2.7802,2.838010601810844,0.05781060181084419,B8,calibrated
N0.07_D0100_Q1.0,0.07,100.0,1.0,2.8644,3.0131957644887724,0.14879576448877252,B8,calibrated
N0.07_D0150_Q0.05,0.07,150.0,0.05,0.8911,1.2748768289522014,0.38377682895220144,B8,calibrated
N0.07_D0150_Q0.5,0.07,150.0,0.5,1.7749,1.75042137634827,-0.024478623651729814,B8,calibrated
N0.07_D0150_Q0.7,0.07,150.0,0.7,2.3031,2.1102939175207664,-0.1928060824792337,B8,calibrated
N0.07_D0150_Q0.95,0.07,150.0,0.95,2.7592,2.7711081209820305,0.011908120982030646,B8,calibrated
N0.07_D0300_Q0.05,0.07,300.0,0.05,0.8812,1.2511790423070197,0.3699790423070197,B8,calibrated
N0.07_D0300_Q0.5,0.07,300.0,0.5,1.7667,1.6995575470007533,-0.0671424529992466,B8,calibrated
N0.07_D0300_Q0.7,0.07,300.0,0.7,2.1821,2.0388719451466457,-0.14322805485335444,B8,calibrated
N0.07_D0300_Q0.95,0.07,300.0,0.95,2.6843,2.6619363584613582,-0.022363641538641676,B8,calibrated
N0.07_D0500_Q0.05,0.07,500.0,0.05,0.861,1.2345854748767664,0.3735854748767664,B8,calibrated
N0.07_D0500_Q0.1,0.07,500.0,0.1,0.9621,1.267757946319835,0.305657946319835,B8,calibrated
N0.07_D0500_Q0.2,0.07,500.0,0.2,1.1948,1.3431771972038762,0.1483771972038761,B8,calibrated
N0.07_D0500_Q0.3,0.07,500.0,0.3,1.3491,1.4325475777797898,0.08344757777978984,B8,calibrated
N0.07_D0500_Q0.4,0.07,500.0,0.4,1.5406,1.5384497821992422,-0.0021502178007577477,B8,calibrated
N0.07_D0500_Q0.5,0.07,500.0,0.5,1.7858,1.663941884041338,-0.12185811595866203,B8,calibrated
N0.07_D0500_Q0.6,0.07,500.0,0.6,1.9945,1.812647642444364,-0.1818523575556359,B8,calibrated
N0.07_D0500_Q0.7,0.07,500.0,0.7,2.1765,1.9888611431955432,-0.1876388568044567,B8,calibrated
N0.07_D0500_Q0.8,0.07,500.0,0.8,2.4124,2.197670796435938,-0.21472920356406178,B8,calibrated
N0.07_D0500_Q0.9,0.07,500.0,0.9,2.6083,2.4451062715868512,-0.1631937284131486,B8,calibrated
N0.07_D0500_Q0.95,0.07,500.0,0.95,2.7105,2.585492552548593,-0.12500744745140713,B8,calibrated
N0.07_D0500_Q1.0,0.07,500.0,1.0,2.8055,2.7383126124482717,-0.06718738755172815,B8,calibrated
N0.07_D1000_Q0.05,0.07,1000.0,0.05,0.8471,1.2131893793167663,0.36608937931676633,B8,calibrated
N0.07_D1000_Q0.1,0.07,1000.0,0.1,0.9414,1.2444668342346765,0.3030668342346765,B8,calibrated
N0.07_D1000_Q0.2,0.07,1000.0,0.2,1.1388,1.3155776715298904,0.17677767152989032,B8,calibrated
N0.07_D1000_Q0.3,0.07,1000.0,0.3,1.3853,1.3998426637918318,0.014542663791831778,B8,calibrated
N0.07_D1000_Q0.4,0.07,1000.0,0.4,1.5663,1.4996950799773878,-0.0666049200226122,B8,calibrated
N0.07_D1000_Q0.5,0.07,1000.0,0.5,1.7504,1.6180182976084976,-0.13238170239150238,B8,calibrated
N0.07_D1000_Q0.6,0.07,1000.0,0.6,1.9928,1.7582290643120495,-0.2345709356879504,B8,calibrated
N0.07_D1000_Q0.7,0.07,1000.0,0.7,2.1482,1.9243761611640633,-0.22382383883593682,B8,calibrated
N0.07_D1000_Q0.8,0.07,1000.0,0.8,2.3195,2.121257316879569,-0.19824268312043092,B8,calibrated
N0.07_D1000_Q0.9,0.07,1000.0,0.9,2.523,2.3545577489081735,-0.16844225109182664,B8,calibrated
N0.07_D1000_Q0.95,0.07,1000.0,0.95,2.6048,2.4869242981238333,-0.1178757018761667,B8,calibrated
N0.07_D1000_Q1.0,0.07,1000.0,1.0,2.7431,2.6310143320023105,-0.1120856679976896,B8,calibrated
N0.07_D2000_Q0.05,0.07,2000.0,0.05,0.8539,1.1930155609310686,0.33911556093106865,B8,calibrated
N0.07_D2000_Q0.1,0.07,2000.0,0.1,0.9243,1.2225062543761096,0.2982062543761096,B8,calibrated
N0.07_D2000_Q0.2,0.07,2000.0,0.2,1.1409,1.2895548012862512,0.1486548012862512,B8,calibrated
N0.07_D2000_Q0.3,0.07,2000.0,0.3,1.3364,1.369006056558389,0.032606056558388996,B8,calibrated
N0.07_D2000_Q0.4,0.07,2000.0,0.4,1.5027,1.4631542857926247,-0.03954571420737518,B8,calibrated
N0.07_D2000_Q0.5,0.07,2000.0,0.5,1.7429,1.5747181501718774,-0.16818184982812245,B8,calibrated
N0.07_D2000_Q0.6,0.07,2000.0,0.6,1.9258,1.706919211588191,-0.2188807884118089,B8,calibrated
N0.07_D2000_Q0.7,0.07,2000.0,0.7,2.1457,1.8635749597271016,-0.28212504027289853,B8,calibrated
N0.07_D2000_Q0.8,0.07,2000.0,0.8,2.3261,2.04920904739664,-0.27689095260336005,B8,calibrated
N0.07_D2000_Q0.9,0.07,2000.0,0.9,2.5085,2.269181917299537,-0.23931808270046329,B8,calibrated
N0.07_D2000_Q0.95,0.07,2000.0,0.95,2.5794,2.393986871396415,-0.18541312860358516,B8,calibrated
N0.07_D2000_Q1.0,0.07,2000.0,1.0,2.7374,2.5298455922785443,-0.20755440772145572,B8,calibrated
N0.16_D0005_Q0.05,0.16,5.0,0.05,0.8104,1.166932965257454,0.35653296525745404,B8,calibrated
N0.16_D0005_Q0.1,0.16,5.0,0.1,0.9548,1.2159677850444248,0.26116778504442484,B8,calibrated
N0.16_D0005_Q0.2,0.16,5.0,0.2,1.1752,1.3274508676936694,0.15225086769366936,B8,calibrated
N0.16_D0005_Q0.3,0.16,5.0,0.3,1.4476,1.4595562042934431,0.011956204293443129,B8,calibrated
N0.16_D0005_Q0.4,0.16,5.0,0.4,1.6751,1.6160985203419471,-0.05900147965805291,B8,calibrated
N0.16_D0005_Q0.5,0.16,5.0,0.5,1.9108,1.8015981931376912,-0.10920180686230885,B8,calibrated
N0.16_D0005_Q0.6,0.16,5.0,0.6,2.1591,2.021411783966808,-0.13768821603319203,B8,calibrated
N0.16_D0005_Q0.7,0.16,5.0,0.7,2.4836,2.281886716267061,-0.20171328373293917,B8,calibrated
N0.16_D0005_Q0.8,0.16,5.0,0.8,2.5952,2.5905445663158577,-0.0046554336841424515,B8,calibrated
N0.16_D0005_Q0.9,0.16,5.0,0.9,2.8737,2.956298259216053,0.08259825921605302,B8,calibrated
N0.16_D0005_Q0.95,0.16,5.0,0.95,2.9535,3.163814180944595,0.2103141809445952,B8,calibrated
N0.16_D0005_Q1.0,0.16,5.0,1.0,3.1013,3.3897094420159743,0.2884094420159742,B8,calibrated
N0.16_D0010_Q0.05,0.16,10.0,0.05,0.7726,1.1353057260350161,0.36270572603501616,B8,calibrated
N0.16_D0010_Q0.5,0.16,10.0,0.5,1.8298,1.7337149548155055,-0.09608504518449457,B8,calibrated
N0.16_D0010_Q0.7,0.16,10.0,0.7,2.3364,2.186566430037969,-0.149833569962031,B8,calibrated
N0.16_D0010_Q0.95,0.16,10.0,0.95,2.9363,3.018112748938559,0.08181274893855894,B8,calibrated
N0.16_D0020_Q0.05,0.16,20.0,0.05,0.7755,1.1054852301260665,0.3299852301260665,B8,calibrated
N0.16_D0020_Q0.1,0.16,20.0,0.1,0.8548,1.1490777264208387,0.2942777264208387,B8,calibrated
N0.16_D0020_Q0.2,0.16,20.0,0.2,1.0782,1.2481874180324366,0.16998741803243655,B8,calibrated
N0.16_D0020_Q0.3,0.16,20.0,0.3,1.3357,1.3656305211429212,0.02993052114292105,B8,calibrated
N0.16_D0020_Q0.4,0.16,20.0,0.4,1.5464,1.5047983688471904,-0.04160163115280957,B8,calibrated
N0.16_D0020_Q0.5,0.16,20.0,0.5,1.7183,1.6697096264833113,-0.0485903735166886,B8,calibrated
N0.16_D0020_Q0.6,0.16,20.0,0.6,1.9486,1.8651263361885428,-0.08347366381145727,B8,calibrated
N0.16_D0020_Q0.7,0.16,20.0,0.7,2.2366,2.0966914274952893,-0.1399085725047109,B8,calibrated
N0.16_D0020_Q0.8,0.16,20.0,0.8,2.4177,2.3710916647768734,-0.046608335223126574,B8,calibrated
N0.16_D0020_Q0.9,0.16,20.0,0.9,2.6607,2.69625073687746,0.03555073687746013,B8,calibrated
N0.16_D0020_Q0.95,0.16,20.0,0.95,2.8283,2.880734682945951,0.05243468294595077,B8,calibrated
N0.16_D0020_Q1.0,0.16,20.0,1.0,2.8913,3.081558064658006,0.19025806465800565,B8,calibrated
N0.16_D0050_Q0.05,0.16,50.0,0.05,0.7379,1.0686629213347485,0.3307629213347485,B8,calibrated
N0.16_D0050_Q0.5,0.16,50.0,0.5,1.7045,1.59067593196214,-0.11382406803785994,B8,calibrated
N0.16_D0050_Q0.7,0.16,50.0,0.7,2.1043,1.9857138935752767,-0.11858610642472311,B8,calibrated
N0.16_D0050_Q0.95,0.16,50.0,0.95,2.6024,2.7111004292910423,0.10870042929104251,B8,calibrated
N0.16_D0100_Q0.05,0.16,100.0,0.05,0.7109,1.0426494741832797,0.3317494741832797,B8,calibrated
N0.16_D0100_Q0.1,0.16,100.0,0.1,0.8001,1.0806767122958536,0.28057671229585357,B8,calibrated
N0.16_D0100_Q0.2,0.16,100.0,0.2,1.0158,1.1671335147852764,0.15133351478527635,B8,calibrated
N0.16_D0100_Q0.3,0.16,100.0,0.3,1.2359,1.2695831844821588,0.03368318448215879,B8,calibrated
N0.16_D0100_Q0.4,0.16,100.0,0.4,1.4134,1.3909840982192172,-0.022415901780782788,B8,calibrated
N0.16_D0100_Q0.5,0.16,100.0,0.5,1.6514,1.534841876382861,-0.11655812361713891,B8,calibrated
N0.16_D0100_Q0.6,0.16,100.0,0.6,1.8608,1.7053106125820259,-0.15548938741797413,B8,calibrated
N0.16_D0100_Q0.7,0.16,100.0,0.7,2.0787,1.9073128288840462,-0.1713871711159538,B8,calibrated
N0.16_D0100_Q0.8,0.16,100.0,0.8,2.2318,2.146681620491995,-0.0851183795080046,B8,calibrated
N0.16_D0100_Q0.9,0.16,100.0,0.9,2.4932,2.4303290944889246,-0.06287090551107521,B8,calibrated
N0.16_D0100_Q0.95,0.16,100.0,0.95,2.6163,2.5912608038743095,-0.02503919612569039,B8,calibrated
N0.16_D0100_Q1.0,0.16,100.0,1.0,2.678,2.766445966552238,0.08844596655223791,B8,calibrated
N0.16_D0150_Q0.05,0.16,150.0,0.05,0.6932,1.028127031015667,0.3349270310156669,B8,calibrated
N0.16_D0150_Q0.5,0.16,150.0,0.5,1.6202,1.5036715784117356,-0.11652842158826449,B8,calibrated
N0.16_D0150_Q0.7,0.16,150.0,0.7,2.0328,1.863544119584232,-0.169255880415768,B8,calibrated
N0.16_D0150_Q0.95,0.16,150.0,0.95,2.5091,2.5243583230454956,0.015258323045495459,B8,calibrated
N0.16_D0300_Q0.05,0.16,300.0,0.05,0.6809,1.0044292443704852,0.32352924437048525,B8,calibrated
N0.16_D0300_Q0.5,0.16,300.0,0.5,1.5753,1.4528077490642188,-0.12249225093578109,B8,calibrated
N0.16_D0300_Q0.7,0.16,300.0,0.7,1.9919,1.7921221472101114,-0.19977785278988858,B8,calibrated
N0.16_D0300_Q0.95,0.16,300.0,0.95,2.4941,2.4151865605248237,-0.07891343947517626,B8,calibrated
N0.16_D0500_Q0.05,0.16,500.0,0.05,0.6974,0.9878356769402319,0.29043567694023187,B8,calibrated
N0.16_D0500_Q0.1,0.16,500.0,0.1,0.7769,1.0210081483833005,0.24410814838330042,B8,calibrated
N0.16_D0500_Q0.2,0.16,500.0,0.2,0.9664,1.0964273992673417,0.13002739926734164,B8,calibrated
N0.16_D0500_Q0.3,0.16,500.0,0.3,1.1736,1.1857977798432553,0.012197779843255319,B8,calibrated
N0.16_D0500_Q0.4,0.16,500.0,0.4,1.351,1.2916999842627077,-0.059300015737292266,B8,calibrated
N0.16_D0500_Q0.5,0.16,500.0,0.5,1.5896,1.4171920861048035,-0.17240791389519639,B8,calibrated
N0.16_D0500_Q0.6,0.16,500.0,0.6,1.7639,1.5658978445078295,-0.19800215549217048,B8,calibrated
N0.16_D0500_Q0.7,0.16,500.0,0.7,1.9757,1.7421113452590087,-0.23358865474099133,B8,calibrated
N0.16_D0500_Q0.8,0.16,500.0,0.8,2.1303,1.9509209984994034,-0.1793790015005967,B8,calibrated
N0.16_D0500_Q0.9,0.16,500.0,0.9,2.3645,2.1983564736503167,-0.16614352634968332,B8,calibrated
N0.16_D0500_Q0.95,0.16,500.0,0.95,2.4958,2.338742754612059,-0.15705724538794108,B8,calibrated
N0.16_D0500_Q1.0,0.16,500.0,1.0,2.5293,2.4915628145117372,-0.03773718548826288,B8,calibrated
N0.16_D1000_Q0.05,0.16,1000.0,0.05,0.6787,0.9664395813802318,0.2877395813802318,B8,calibrated
N0.16_D1000_Q0.1,0.16,1000.0,0.1,0.7577,0.9977170362981421,0.24001703629814208,B8,calibrated
N0.16_D1000_Q0.2,0.16,1000.0,0.2,0.9466,1.0688278735933558,0.12222787359335585,B8,calibrated
N0.16_D1000_Q0.3,0.16,1000.0,0.3,1.1493,1.1530928658552972,0.003792865855297256,B8,calibrated
N0.16_D1000_Q0.4,0.16,1000.0,0.4,1.3709,1.2529452820408533,-0.1179547179591467,B8,calibrated
N0.16_D1000_Q0.5,0.16,1000.0,0.5,1.5609,1.371268499671963,-0.18963150032803688,B8,calibrated
N0.16_D1000_Q0.6,0.16,1000.0,0.6,1.7116,1.511479266375515,-0.20012073362448501,B8,calibrated
N0.16_D1000_Q0.7,0.16,1000.0,0.7,2.0044,1.6776263632275288,-0.3267736367724712,B8,calibrated
N0.16_D1000_Q0.8,0.16,1000.0,0.8,2.0871,1.8745075189430347,-0.21259248105696527,B8,calibrated
N0.16_D1000_Q0.9,0.16,1000.0,0.9,2.3054,2.107807950971639,-0.19759204902836114,B8,calibrated
N0.16_D1000_Q0.95,0.16,1000.0,0.95,2.4884,2.240174500187299,-0.24822549981270114,B8,calibrated
N0.16_D1000_Q1.0,0.16,1000.0,1.0,2.5056,2.3842645340657755,-0.12133546593422428,B8,calibrated
N0.16_D2000_Q0.05,0.16,2000.0,0.05,0.6532,0.9462657629945341,0.29306576299453413,B8,calibrated
N0.16_D2000_Q0.1,0.16,2000.0,0.1,0.7317,0.9757564564395752,0.2440564564395752,B8,calibrated
N0.16_D2000_Q0.2,0.16,2000.0,0.2,0.9418,1.0428050033497167,0.10100500334971674,B8,calibrated
N0.16_D2000_Q0.3,0.16,2000.0,0.3,1.1205,1.1222562586218545,0.0017562586218544673,B8,calibrated
N0.16_D2000_Q0.4,0.16,2000.0,0.4,1.335,1.2164044878560902,-0.11859551214390973,B8,calibrated
N0.16_D2000_Q0.5,0.16,2000.0,0.5,1.5166,1.327968352235343,-0.18863164776465702,B8,calibrated
N0.16_D2000_Q0.6,0.16,2000.0,0.6,1.6953,1.4601694136516565,-0.2351305863483435,B8,calibrated
N0.16_D2000_Q0.7,0.16,2000.0,0.7,1.9296,1.6168251617905671,-0.31277483820943286,B8,calibrated
N0.16_D2000_Q0.8,0.16,2000.0,0.8,2.0992,1.8024592494601053,-0.2967407505398949,B8,calibrated
N0.16_D2000_Q0.9,0.16,2000.0,0.9,2.246,2.0224321193630024,-0.22356788063699762,B8,calibrated
N0.16_D2000_Q0.95,0.16,2000.0,0.95,2.3649,2.1472370734598805,-0.21766292654011954,B8,calibrated
N0.16_D2000_Q1.0,0.16,2000.0,1.0,2.4771,2.2830957943420094,-0.1940042056579907,B8,calibrated
N0.41_D0005_Q0.05,0.41,5.0,0.05,0.622,0.9709998102619781,0.3489998102619781,B8,calibrated
N0.41_D0005_Q0.1,0.41,5.0,0.1,0.7497,1.020034630048949,0.27033463004894887,B8,calibrated
N0.41_D0005_Q0.2,0.41,5.0,0.2,1.0023,1.1315177126981935,0.1292177126981935,B8,calibrated
N0.41_D0005_Q0.3,0.41,5.0,0.3,1.2344,1.2636230492979672,0.029223049297967263,B8,calibrated
N0.41_D0005_Q0.4,0.41,5.0,0.4,1.4755,1.4201653653464712,-0.055334634653528836,B8,calibrated
N0.41_D0005_Q0.5,0.41,5.0,0.5,1.6916,1.6056650381422153,-0.08593496185778471,B8,calibrated
N0.41_D0005_Q0.6,0.41,5.0,0.6,1.98,1.825478628971332,-0.15452137102866792,B8,calibrated
N0.41_D0005_Q0.7,0.41,5.0,0.7,2.2447,2.0859535612715847,-0.1587464387284152,B8,calibrated
N0.41_D0005_Q0.8,0.41,5.0,0.8,2.4492,2.394611411320382,-0.0545885886796178,B8,calibrated
N0.41_D0005_Q0.9,0.41,5.0,0.9,2.6707,2.7603651042205772,0.08966510422057716,B8,calibrated
N0.41_D0005_Q0.95,0.41,5.0,0.95,2.861,2.9678810259491195,0.1068810259491193,B8,calibrated
N0.41_D0005_Q1.0,0.41,5.0,1.0,3.0229,3.1937762870204986,0.17087628702049873,B8,calibrated
N0.41_D0010_Q0.05,0.41,10.0,0.05,0.6007,0.9393725710395402,0.3386725710395402,B8,calibrated
N0.41_D0010_Q0.5,0.41,10.0,0.5,1.6443,1.5377817998200296,-0.10651820017997049,B8,calibrated
N0.41_D0010_Q0.7,0.41,10.0,0.7,2.1497,1.9906332750424929,-0.1590667249575073,B8,calibrated
N0.41_D0010_Q0.95,0.41,10.0,0.95,2.7299,2.8221795939430834,0.09227959394308316,B8,calibrated
N0.41_D0020_Q0.05,0.41,20.0,0.05,0.581,0.9095520751305908,0.3285520751305908,B8,calibrated
N0.41_D0020_Q0.1,0.41,20.0,0.1,0.695,0.9531445714253628,0.25814457142536285,B8,calibrated
N0.41_D0020_Q0.2,0.41,20.0,0.2,0.9131,1.0522542630369607,0.13915426303696066,B8,calibrated
N0.41_D0020_Q0.3,0.41,20.0,0.3,1.1552,1.1696973661474455,0.014497366147445456,B8,calibrated
N0.41_D0020_Q0.4,0.41,20.0,0.4,1.3143,1.3088652138517145,-0.00543478614828552,B8,calibrated
N0.41_D0020_Q0.5,0.41,20.0,0.5,1.5963,1.4737764714878354,-0.12252352851216464,B8,calibrated
N0.41_D0020_Q0.6,0.41,20.0,0.6,1.7915,1.669193181193067,-0.12230681880693317,B8,calibrated
N0.41_D0020_Q0.7,0.41,20.0,0.7,2.0338,1.9007582724998133,-0.1330417275001865,B8,calibrated
N0.41_D0020_Q0.8,0.41,20.0,0.8,2.246,2.1751585097813977,-0.07084149021860231,B8,calibrated
N0.41_D0020_Q0.9,0.41,20.0,0.9,2.474,2.5003175818819843,0.026317581881984076,B8,calibrated
N0.41_D0020_Q0.95,0.41,20.0,0.95,2.5494,2.684801527950475,0.13540152795047522,B8,calibrated
N0.41_D0020_Q1.0,0.41,20.0,1.0,2.7188,2.88562490966253,0.16682490966253027,B8,calibrated
N0.41_D0050_Q0.05,0.41,50.0,0.05,0.536,0.8727297663392726,0.33672976633927254,B8,calibrated
N0.41_D0050_Q0.5,0.41,50.0,0.5,1.5186,1.394742776966664,-0.1238572230333359,B8,calibrated
N0.41_D0050_Q0.7,0.41,50.0,0.7,1.9086,1.7897807385798008,-0.11881926142019927,B8,calibrated
N0.41_D0050_Q0.95,0.41,50.0,0.95,2.4497,2.5151672742955666,0.06546727429556665,B8,calibrated
N0.41_D0100_Q0.05,0.41,100.0,0.05,0.535,0.8467163191878038,0.31171631918780374,B8,calibrated
N0.41_D0100_Q0.1,0.41,100.0,0.1,0.6432,0.8847435573003777,0.2415435573003777,B8,calibrated
N0.41_D0100_Q0.2,0.41,100.0,0.2,0.8168,0.9712003597898005,0.1544003597898005,B8,calibrated
N0.41_D0100_Q0.3,0.41,100.0,0.3,1.0559,1.0736500294866829,0.017750029486682806,B8,calibrated
N0.41_D0100_Q0.4,0.41,100.0,0.4,1.2365,1.1950509432237415,-0.04144905677625843,B8,calibrated
N0.41_D0100_Q0.5,0.41,100.0,0.5,1.477,1.3389087213873854,-0.13809127861261472,B8,calibrated
N0.41_D0100_Q0.6,0.41,100.0,0.6,1.6841,1.50937745758655,-0.17472254241344998,B8,calibrated
N0.41_D0100_Q0.7,0.41,100.0,0.7,1.8979,1.7113796738885703,-0.18652032611142966,B8,calibrated
N0.41_D0100_Q0.8,0.41,100.0,0.8,2.0213,1.9507484654965193,-0.07055153450348084,B8,calibrated
N0.41_D0100_Q0.9,0.41,100.0,0.9,2.2729,2.2343959394934485,-0.03850406050655142,B8,calibrated
N0.41_D0100_Q0.95,0.41,100.0,0.95,2.4488,2.3953276488788338,-0.053472351121166106,B8,calibrated
N0.41_D0100_Q1.0,0.41,100.0,1.0,2.488,2.570512811556762,0.08251281155676216,B8,calibrated
N0.41_D0150_Q0.05,0.41,150.0,0.05,0.5231,0.832193876020191,0.309093876020191,B8,calibrated
N0.41_D0150_Q0.5,0.41,150.0,0.5,1.4581,1.3077384234162597,-0.15036157658374028,B8,calibrated
N0.41_D0150_Q0.7,0.41,150.0,0.7,1.8433,1.667610964588756,-0.17568903541124392,B8,calibrated
N0.41_D0150_Q0.95,0.41,150.0,0.95,2.3801,2.32842516805002,-0.05167483194998024,B8,calibrated
N0.41_D0300_Q0.05,0.41,300.0,0.05,0.5209,0.8084960893750093,0.28759608937500925,B8,calibrated
N0.41_D0300_Q0.5,0.41,300.0,0.5,1.4318,1.256874594068743,-0.17492540593125705,B8,calibrated
N0.41_D0300_Q0.7,0.41,300.0,0.7,1.8217,1.5961889922146355,-0.2255110077853646,B8,calibrated
N0.41_D0300_Q0.95,0.41,300.0,0.95,2.3692,2.219253405529348,-0.14994659447065217,B8,calibrated
N0.41_D0500_Q0.05,0.41,500.0,0.05,0.5057,0.7919025219447561,0.28620252194475604,B8,calibrated
N0.41_D0500_Q0.1,0.41,500.0,0.1,0.6047,0.8250749933878245,0.2203749933878245,B8,calibrated
N0.41_D0500_Q0.2,0.41,500.0,0.2,0.8045,0.9004942442718658,0.09599424427186576,B8,calibrated
N0.41_D0500_Q0.3,0.41,500.0,0.3,1.0122,0.9898646248477796,-0.022335375152220394,B8,calibrated
N0.41_D0500_Q0.4,0.41,500.0,0.4,1.2031,1.0957668292672318,-0.10733317073276827,B8,calibrated
N0.41_D0500_Q0.5,0.41,500.0,0.5,1.427,1.2212589311093276,-0.20574106889067245,B8,calibrated
N0.41_D0500_Q0.6,0.41,500.0,0.6,1.5817,1.3699646895123538,-0.21173531048764627,B8,calibrated
N0.41_D0500_Q0.7,0.41,500.0,0.7,1.7811,1.5461781902635328,-0.23492180973646715,B8,calibrated
N0.41_D0500_Q0.8,0.41,500.0,0.8,1.9863,1.7549878435039274,-0.2313121564960725,B8,calibrated
N0.41_D0500_Q0.9,0.41,500.0,0.9,2.1829,2.002423318654841,-0.18047668134515904,B8,calibrated
N0.41_D0500_Q0.95,0.41,500.0,0.95,2.3182,2.142809599616583,-0.17539040038341724,B8,calibrated
N0.41_D0500_Q1.0,0.41,500.0,1.0,2.3631,2.2956296595162615,-0.06747034048373868,B8,calibrated
N0.41_D1000_Q0.05,0.41,1000.0,0.05,0.5,0.7705064263847559,0.27050642638475586,B8,calibrated
N0.41_D1000_Q0.1,0.41,1000.0,0.1,0.5885,0.8017838813026663,0.2132838813026663,B8,calibrated
N0.41_D1000_Q0.2,0.41,1000.0,0.2,0.7592,0.8728947185978799,0.11369471859787994,B8,calibrated
N0.41_D1000_Q0.3,0.41,1000.0,0.3,0.9951,0.9571597108598213,-0.03794028914017866,B8,calibrated
N0.41_D1000_Q0.4,0.41,1000.0,0.4,1.2144,1.0570121270453774,-0.15738787295462253,B8,calibrated
N0.41_D1000_Q0.5,0.41,1000.0,0.5,1.3941,1.1753353446764871,-0.21876465532351275,B8,calibrated
N0.41_D1000_Q0.6,0.41,1000.0,0.6,1.5743,1.3155461113800393,-0.25875388861996074,B8,calibrated
N0.41_D1000_Q0.7,0.41,1000.0,0.7,1.759,1.4816932082320529,-0.27730679176794704,B8,calibrated
N0.41_D1000_Q0.8,0.41,1000.0,0.8,1.9279,1.6785743639475588,-0.24932563605244118,B8,calibrated
N0.41_D1000_Q0.9,0.41,1000.0,0.9,2.1495,1.911874795976163,-0.23762520402383713,B8,calibrated
N0.41_D1000_Q0.95,0.41,1000.0,0.95,2.2212,2.044241345191823,-0.17695865480817696,B8,calibrated
N0.41_D1000_Q1.0,0.41,1000.0,1.0,2.4128,2.1883313790703,-0.2244686209297,B8,calibrated
N0.41_D2000_Q0.05,0.41,2000.0,0.05,0.5,0.7503326079990582,0.2503326079990582,B8,calibrated
N0.41_D2000_Q0.1,0.41,2000.0,0.1,0.5802,0.7798233014440994,0.19962330144409934,B8,calibrated
N0.41_D2000_Q0.2,0.41,2000.0,0.2,0.7774,0.8468718483542408,0.0694718483542408,B8,calibrated
N0.41_D2000_Q0.3,0.41,2000.0,0.3,0.9982,0.9263231036263786,-0.07187689637362138,B8,calibrated
N0.41_D2000_Q0.4,0.41,2000.0,0.4,1.2122,1.0204713328606143,-0.19172866713938563,B8,calibrated
N0.41_D2000_Q0.5,0.41,2000.0,0.5,1.3202,1.1320351972398672,-0.1881648027601328,B8,calibrated
N0.41_D2000_Q0.6,0.41,2000.0,0.6,1.5758,1.2642362586561806,-0.3115637413438195,B8,calibrated
N0.41_D2000_Q0.7,0.41,2000.0,0.7,1.7331,1.4208920067950912,-0.3122079932049089,B8,calibrated
N0.41_D2000_Q0.8,0.41,2000.0,0.8,1.9375,1.6065260944646294,-0.33097390553537065,B8,calibrated
N0.41_D2000_Q0.9,0.41,2000.0,0.9,2.0973,1.8264989643675265,-0.2708010356324737,B8,calibrated
N0.41_D2000_Q0.95,0.41,2000.0,0.95,2.2225,1.9513039184644045,-0.2711960815355956,B8,calibrated
N0.41_D2000_Q1.0,0.41,2000.0,1.0,2.3248,2.0871626393465337,-0.23763736065346652,B8,calibrated
N0.7_D0005_Q0.05,0.7,5.0,0.05,0.5148,0.8889806600397637,0.3741806600397637,B8,calibrated
N0.7_D0005_Q0.1,0.7,5.0,0.1,0.651,0.9380154798267346,0.2870154798267346,B8,calibrated
N0.7_D0005_Q0.2,0.7,5.0,0.2,0.8807,1.0494985624759792,0.16879856247597913,B8,calibrated
N0.7_D0005_Q0.3,0.7,5.0,0.3,1.1486,1.181603899075753,0.03300389907575285,B8,calibrated
N0.7_D0005_Q0.4,0.7,5.0,0.4,1.3678,1.338146215124257,-0.029653784875742994,B8,calibrated
N0.7_D0005_Q0.5,0.7,5.0,0.5,1.6627,1.523645887920001,-0.13905411207999907,B8,calibrated
N0.7_D0005_Q0.6,0.7,5.0,0.6,1.8832,1.7434594787491178,-0.1397405212508822,B8,calibrated
N0.7_D0005_Q0.7,0.7,5.0,0.7,2.1501,2.0039344110493706,-0.14616558895062948,B8,calibrated
N0.7_D0005_Q0.8,0.7,5.0,0.8,2.3581,2.3125922610981675,-0.04550773890183235,B8,calibrated
N0.7_D0005_Q0.9,0.7,5.0,0.9,2.6571,2.6783459539983627,0.021245953998362932,B8,calibrated
N0.7_D0005_Q0.95,0.7,5.0,0.95,2.7097,2.885861875726905,0.17616187572690478,B8,calibrated
N0.7_D0005_Q1.0,0.7,5.0,1.0,2.862,3.111757136798284,0.24975713679828404,B8,calibrated
N0.7_D0010_Q0.05,0.7,10.0,0.05,0.5,0.8573534208173259,0.3573534208173259,B8,calibrated
N0.7_D0010_Q0.1,0.7,10.0,0.1,0.615,0.9035870687361127,0.28858706873611273,B8,calibrated
N0.7_D0010_Q0.2,0.7,10.0,0.2,0.8685,1.008701548905483,0.14020154890548286,B8,calibrated
N0.7_D0010_Q0.3,0.7,10.0,0.3,1.081,1.133260212464998,0.05226021246499801,B8,calibrated
N0.7_D0010_Q0.4,0.7,10.0,0.4,1.3192,1.2808598642230962,-0.03834013577690376,B8,calibrated
N0.7_D0010_Q0.5,0.7,10.0,0.5,1.5184,1.4557626495978153,-0.06263735040218465,B8,calibrated
N0.7_D0010_Q0.6,0.7,10.0,0.6,1.7963,1.6630191299990758,-0.13328087000092426,B8,calibrated
N0.7_D0010_Q0.7,0.7,10.0,0.7,2.0639,1.9086141248202786,-0.15528587517972126,B8,calibrated
N0.7_D0010_Q0.8,0.7,10.0,0.8,2.222,2.199639531429759,-0.022360468570240766,B8,calibrated
N0.7_D0010_Q0.9,0.7,10.0,0.9,2.5041,2.5444991135799295,0.04039911357992931,B8,calibrated
N0.7_D0010_Q0.95,0.7,10.0,0.95,2.657,2.740160443720869,0.08316044372086884,B8,calibrated
N0.7_D0010_Q1.0,0.7,10.0,1.0,2.6504,2.9531511717845147,0.3027511717845148,B8,calibrated
N0.7_D0020_Q0.05,0.7,20.0,0.05,0.5,0.8275329249083764,0.3275329249083764,B8,calibrated
N0.7_D0020_Q0.1,0.7,20.0,0.1,0.5886,0.8711254212031485,0.2825254212031485,B8,calibrated
N0.7_D0020_Q0.2,0.7,20.0,0.2,0.82,0.9702351128147464,0.15023511281474644,B8,calibrated
N0.7_D0020_Q0.3,0.7,20.0,0.3,1.0213,1.087678215925231,0.06637821592523085,B8,calibrated
N0.7_D0020_Q0.4,0.7,20.0,0.4,1.2544,1.2268460636295002,-0.027553936370499743,B8,calibrated
N0.7_D0020_Q0.5,0.7,20.0,0.5,1.5102,1.3917573212656211,-0.11844267873437886,B8,calibrated
N0.7_D0020_Q0.6,0.7,20.0,0.6,1.733,1.5871740309708526,-0.14582596902914746,B8,calibrated
N0.7_D0020_Q0.7,0.7,20.0,0.7,1.9575,1.818739122277599,-0.13876087772240098,B8,calibrated
N0.7_D0020_Q0.8,0.7,20.0,0.8,2.1359,2.093139359559183,-0.04276064044081673,B8,calibrated
N0.7_D0020_Q0.9,0.7,20.0,0.9,2.4142,2.4182984316597698,0.004098431659769641,B8,calibrated
N0.7_D0020_Q0.95,0.7,20.0,0.95,2.5456,2.6027823777282606,0.057182377728260736,B8,calibrated
N0.7_D0020_Q1.0,0.7,20.0,1.0,2.5856,2.8036057594403156,0.21800575944031575,B8,calibrated
N0.7_D0050_Q0.05,0.7,50.0,0.05,0.5,0.7907106161170583,0.2907106161170583,B8,calibrated
N0.7_D0050_Q0.1,0.7,50.0,0.1,0.5587,0.8310418218899992,0.2723418218899992,B8,calibrated
N0.7_D0050_Q0.2,0.7,50.0,0.2,0.7563,0.9227368085558452,0.1664368085558452,B8,calibrated
N0.7_D0050_Q0.3,0.7,50.0,0.3,1.0221,1.031393627062697,0.009293627062697096,B8,calibrated
N0.7_D0050_Q0.4,0.7,50.0,0.4,1.1864,1.1601498943061335,-0.026250105693866432,B8,calibrated
N0.7_D0050_Q0.5,0.7,50.0,0.5,1.4294,1.3127236267444498,-0.11667637325555025,B8,calibrated
N0.7_D0050_Q0.6,0.7,50.0,0.6,1.6494,1.4935206032997461,-0.15587939670025386,B8,calibrated
N0.7_D0050_Q0.7,0.7,50.0,0.7,1.8129,1.7077615883575865,-0.10513841164241344,B8,calibrated
N0.7_D0050_Q0.8,0.7,50.0,0.8,2.0562,1.9616330886064626,-0.09456691139353746,B8,calibrated
N0.7_D0050_Q0.9,0.7,50.0,0.9,2.294,2.2624659970306586,-0.03153400296934139,B8,calibrated
N0.7_D0050_Q0.95,0.7,50.0,0.95,2.3802,2.433148124073352,0.052948124073352254,B8,calibrated
N0.7_D0050_Q1.0,0.7,50.0,1.0,2.492,2.618947282650515,0.12694728265051491,B8,calibrated
N0.7_D0100_Q0.05,0.7,100.0,0.05,0.5,0.7646971689655894,0.26469716896558937,B8,calibrated
N0.7_D0100_Q0.1,0.7,100.0,0.1,0.5313,0.8027244070781634,0.2714244070781634,B8,calibrated
N0.7_D0100_Q0.2,0.7,100.0,0.2,0.7638,0.8891812095675861,0.12538120956758603,B8,calibrated
N0.7_D0100_Q0.3,0.7,100.0,0.3,0.9699,0.9916308792644686,0.021730879264468594,B8,calibrated
N0.7_D0100_Q0.4,0.7,100.0,0.4,1.1979,1.113031793001527,-0.08486820699847297,B8,calibrated
N0.7_D0100_Q0.5,0.7,100.0,0.5,1.3973,1.2568895711651709,-0.14041042883482913,B8,calibrated
N0.7_D0100_Q0.6,0.7,100.0,0.6,1.5891,1.4273583073643357,-0.1617416926356643,B8,calibrated
N0.7_D0100_Q0.7,0.7,100.0,0.7,1.8109,1.629360523666356,-0.18153947633364398,B8,calibrated
N0.7_D0100_Q0.8,0.7,100.0,0.8,2.017,1.868729315274305,-0.14827068472569493,B8,calibrated
N0.7_D0100_Q0.9,0.7,100.0,0.9,2.1928,2.1523767892712344,-0.040423210728765646,B8,calibrated
N0.7_D0100_Q0.95,0.7,100.0,0.95,2.3158,2.3133084986566192,-0.002491501343380609,B8,calibrated
N0.7_D0100_Q1.0,0.7,100.0,1.0,2.4334,2.4884936613345476,0.05509366133454785,B8,calibrated
N0.7_D0150_Q0.05,0.7,150.0,0.05,0.5,0.7501747257979766,0.2501747257979766,B8,calibrated
N0.7_D0150_Q0.1,0.7,150.0,0.1,0.5295,0.7869157353222027,0.25741573532220274,B8,calibrated
N0.7_D0150_Q0.2,0.7,150.0,0.2,0.7452,0.8704482336407613,0.12524823364076132,B8,calibrated
N0.7_D0150_Q0.3,0.7,150.0,0.3,0.9382,0.9694326584087105,0.03123265840871048,B8,calibrated
N0.7_D0150_Q0.4,0.7,150.0,0.4,1.1468,1.0867273226874754,-0.060072677312524636,B8,calibrated
N0.7_D0150_Q0.5,0.7,150.0,0.5,1.3466,1.2257192731940454,-0.12088072680595463,B8,calibrated
N0.7_D0150_Q0.6,0.7,150.0,0.6,1.5755,1.3904220959900382,-0.1850779040099617,B8,calibrated
N0.7_D0150_Q0.7,0.7,150.0,0.7,1.7355,1.5855918143665417,-0.1499081856334583,B8,calibrated
N0.7_D0150_Q0.8,0.7,150.0,0.8,2.0079,1.8168642256375067,-0.19103577436249308,B8,calibrated
N0.7_D0150_Q0.9,0.7,150.0,0.9,2.2463,2.090917642632782,-0.1553823573672184,B8,calibrated
N0.7_D0150_Q0.95,0.7,150.0,0.95,2.3482,2.2464060178278054,-0.10179398217219449,B8,calibrated
N0.7_D0150_Q1.0,0.7,150.0,1.0,2.3563,2.4156657392779572,0.059365739277957186,B8,calibrated
N0.7_D0300_Q0.05,0.7,300.0,0.05,0.5,0.726476939152795,0.226476939152795,B8,calibrated
N0.7_D0300_Q0.1,0.7,300.0,0.1,0.5247,0.7611190752084316,0.23641907520843153,B8,calibrated
N0.7_D0300_Q0.2,0.7,300.0,0.2,0.7291,0.8398796811169511,0.11077968111695113,B8,calibrated
N0.7_D0300_Q0.3,0.7,300.0,0.3,0.9233,0.9332095039662444,0.009909503966244348,B8,calibrated
N0.7_D0300_Q0.4,0.7,300.0,0.4,1.1189,1.0438035723155619,-0.07509642768443814,B8,calibrated
N0.7_D0300_Q0.5,0.7,300.0,0.5,1.3291,1.1748554438465286,-0.15424455615347132,B8,calibrated
N0.7_D0300_Q0.6,0.7,300.0,0.6,1.5399,1.3301494237869549,-0.20975057621304516,B8,calibrated
N0.7_D0300_Q0.7,0.7,300.0,0.7,1.7166,1.5141698419924212,-0.2024301580075787,B8,calibrated
N0.7_D0300_Q0.8,0.7,300.0,0.8,1.9103,1.7322305442134949,-0.17806945578650524,B8,calibrated
N0.7_D0300_Q0.9,0.7,300.0,0.9,2.1926,1.9906283367891844,-0.20197166321081572,B8,calibrated
N0.7_D0300_Q0.95,0.7,300.0,0.95,2.2639,2.1372342553071335,-0.1266657446928665,B8,calibrated
N0.7_D0300_Q1.0,0.7,300.0,1.0,2.3162,2.296824815695765,-0.019375184304234683,B8,calibrated
N0.7_D0500_Q0.05,0.7,500.0,0.05,0.5,0.7098833717225417,0.20988337172254168,B8,calibrated
N0.7_D0500_Q0.1,0.7,500.0,0.1,0.5138,0.7430558431656101,0.2292558431656101,B8,calibrated
N0.7_D0500_Q0.2,0.7,500.0,0.2,0.701,0.8184750940496514,0.1174750940496514,B8,calibrated
N0.7_D0500_Q0.3,0.7,500.0,0.3,0.9241,0.9078454746255652,-0.016254525374434836,B8,calibrated
N0.7_D0500_Q0.4,0.7,500.0,0.4,1.1327,1.0137476790450175,-0.11895232095498254,B8,calibrated
N0.7_D0500_Q0.5,0.7,500.0,0.5,1.3085,1.1392397808871133,-0.1692602191128867,B8,calibrated
N0.7_D0500_Q0.6,0.7,500.0,0.6,1.5486,1.2879455392901393,-0.26065446070986065,B8,calibrated
N0.7_D0500_Q0.7,0.7,500.0,0.7,1.7063,1.4641590400413185,-0.24214095995868146,B8,calibrated
N0.7_D0500_Q0.8,0.7,500.0,0.8,1.8982,1.6729686932817132,-0.22523130671828695,B8,calibrated
N0.7_D0500_Q0.9,0.7,500.0,0.9,2.0978,1.9204041684326265,-0.17739583156737337,B8,calibrated
N0.7_D0500_Q0.95,0.7,500.0,0.95,2.1997,2.0607904493943687,-0.13890955060563126,B8,calibrated
N0.7_D0500_Q1.0,0.7,500.0,1.0,2.2912,2.213610509294047,-0.07758949070595289,B8,calibrated
N0.7_D1000_Q0.05,0.7,1000.0,0.05,0.5,0.6884872761625416,0.18848727616254157,B8,calibrated
N0.7_D1000_Q0.1,0.7,1000.0,0.1,0.5071,0.7197647310804519,0.21266473108045192,B8,calibrated
N0.7_D1000_Q0.2,0.7,1000.0,0.2,0.7115,0.7908755683756656,0.07937556837566562,B8,calibrated
N0.7_D1000_Q0.3,0.7,1000.0,0.3,0.9132,0.875140560637607,-0.03805943936239298,B8,calibrated
N0.7_D1000_Q0.4,0.7,1000.0,0.4,1.1056,0.9749929768231631,-0.1306070231768368,B8,calibrated
N0.7_D1000_Q0.5,0.7,1000.0,0.5,1.322,1.0933161944542729,-0.2286838055457272,B8,calibrated
N0.7_D1000_Q0.6,0.7,1000.0,0.6,1.4614,1.2335269611578248,-0.22787303884217525,B8,calibrated
N0.7_D1000_Q0.7,0.7,1000.0,0.7,1.7068,1.3996740580098386,-0.3071259419901615,B8,calibrated
N0.7_D1000_Q0.8,0.7,1000.0,0.8,1.8896,1.5965552137253445,-0.29304478627465547,B8,calibrated
N0.7_D1000_Q0.9,0.7,1000.0,0.9,2.0683,1.8298556457539488,-0.23844435424605104,B8,calibrated
N0.7_D1000_Q0.95,0.7,1000.0,0.95,2.1816,1.9622221949696086,-0.2193778050303914,B8,calibrated
N0.7_D1000_Q1.0,0.7,1000.0,1.0,2.297,2.1063122288480853,-0.19068777115191482,B8,calibrated
N0.7_D2000_Q0.05,0.7,2000.0,0.05,0.5,0.6683134577768439,0.16831345777684392,B8,calibrated
N0.7_D2000_Q0.1,0.7,2000.0,0.1,0.5001,0.697804151221885,0.197704151221885,B8,calibrated
N0.7_D2000_Q0.2,0.7,2000.0,0.2,0.6784,0.7648526981320265,0.0864526981320265,B8,calibrated
N0.7_D2000_Q0.3,0.7,2000.0,0.3,0.8706,0.8443039534041643,-0.02629604659583573,B8,calibrated
N0.7_D2000_Q0.4,0.7,2000.0,0.4,1.0904,0.9384521826384,-0.1519478173616,B8,calibrated
N0.7_D2000_Q0.5,0.7,2000.0,0.5,1.2499,1.0500160470176527,-0.1998839529823473,B8,calibrated
N0.7_D2000_Q0.6,0.7,2000.0,0.6,1.4277,1.1822171084339663,-0.24548289156603365,B8,calibrated
N0.7_D2000_Q0.7,0.7,2000.0,0.7,1.6336,1.338872856572877,-0.29472714342712303,B8,calibrated
N0.7_D2000_Q0.8,0.7,2000.0,0.8,1.8579,1.524506944242415,-0.33339305575758504,B8,calibrated
N0.7_D2000_Q0.9,0.7,2000.0,0.9,2.0246,1.7444798141453122,-0.2801201858546878,B8,calibrated
N0.7_D2000_Q0.95,0.7,2000.0,0.95,2.1556,1.8692847682421903,-0.28631523175780993,B8,calibrated
N0.7_D2000_Q1.0,0.7,2000.0,1.0,2.2183,2.005143489124319,-0.213156510875681,B8,calibrated
N1.0_D0005_Q0.05,1.0,5.0,0.05,0.5,0.8434584399337464,0.34345843993374636,B8,calibrated
N1.0_D0005_Q0.1,1.0,5.0,0.1,0.5747,0.8924932597207174,0.31779325972071737,B8,calibrated
N1.0_D0005_Q0.2,1.0,5.0,0.2,0.8142,1.003976342369962,0.18977634236996188,B8,calibrated
N1.0_D0005_Q0.3,1.0,5.0,0.3,1.0733,1.1360816789697354,0.06278167896973552,B8,calibrated
N1.0_D0005_Q0.4,1.0,5.0,0.4,1.3204,1.2926239950182397,-0.02777600498176036,B8,calibrated
N1.0_D0005_Q0.5,1.0,5.0,0.5,1.5528,1.4781236678139837,-0.07467633218601621,B8,calibrated
N1.0_D0005_Q0.6,1.0,5.0,0.6,1.8086,1.6979372586431005,-0.11066274135689946,B8,calibrated
N1.0_D0005_Q0.7,1.0,5.0,0.7,2.0374,1.9584121909433532,-0.07898780905664671,B8,calibrated
N1.0_D0005_Q0.8,1.0,5.0,0.8,2.3623,2.2670700409921505,-0.09522995900784936,B8,calibrated
N1.0_D0005_Q0.9,1.0,5.0,0.9,2.5719,2.6328237338923453,0.0609237338923454,B8,calibrated
N1.0_D0005_Q0.95,1.0,5.0,0.95,2.7672,2.8403396556208875,0.07313965562088764,B8,calibrated
N1.0_D0005_Q1.0,1.0,5.0,1.0,2.8125,3.0662349166922667,0.25373491669226667,B8,calibrated
N1.0_D0010_Q0.05,1.0,10.0,0.05,0.5,0.8118312007113087,0.31183120071130865,B8,calibrated
N1.0_D0010_Q0.1,1.0,10.0,0.1,0.5575,0.8580648486300955,0.30056484863009547,B8,calibrated
N1.0_D0010_Q0.2,1.0,10.0,0.2,0.7909,0.9631793287994657,0.17227932879946561,B8,calibrated
N1.0_D0010_Q0.3,1.0,10.0,0.3,1.009,1.0877379923589807,0.07873799235898082,B8,calibrated
N1.0_D0010_Q0.4,1.0,10.0,0.4,1.2421,1.2353376441170787,-0.006762355882921289,B8,calibrated
N1.0_D0010_Q0.5,1.0,10.0,0.5,1.4971,1.410240429491798,-0.08685957050820203,B8,calibrated
N1.0_D0010_Q0.6,1.0,10.0,0.6,1.7308,1.6174969098930585,-0.1133030901069414,B8,calibrated
N1.0_D0010_Q0.7,1.0,10.0,0.7,1.9717,1.8630919047142613,-0.10860809528573867,B8,calibrated
N1.0_D0010_Q0.8,1.0,10.0,0.8,2.1998,2.1541173113237417,-0.045682688676258465,B8,calibrated
N1.0_D0010_Q0.9,1.0,10.0,0.9,2.4605,2.498976893473912,0.03847689347391192,B8,calibrated
N1.0_D0010_Q0.95,1.0,10.0,0.95,2.6357,2.6946382236148514,0.05893822361485146,B8,calibrated
N1.0_D0010_Q1.0,1.0,10.0,1.0,2.6513,2.907628951678497,0.25632895167849723,B8,calibrated
N1.0_D0020_Q0.05,1.0,20.0,0.05,0.5,0.782010704802359,0.282010704802359,B8,calibrated
N1.0_D0020_Q0.1,1.0,20.0,0.1,0.5188,0.8256032010971313,0.3068032010971312,B8,calibrated
N1.0_D0020_Q0.2,1.0,20.0,0.2,0.7381,0.9247128927087291,0.18661289270872916,B8,calibrated
N1.0_D0020_Q0.3,1.0,20.0,0.3,0.9701,1.0421559958192137,0.07205599581921374,B8,calibrated
N1.0_D0020_Q0.4,1.0,20.0,0.4,1.2279,1.181323843523483,-0.04657615647651703,B8,calibrated
N1.0_D0020_Q0.5,1.0,20.0,0.5,1.4233,1.3462351011596039,-0.07706489884039613,B8,calibrated
N1.0_D0020_Q0.6,1.0,20.0,0.6,1.6574,1.5416518108648354,-0.1157481891351646,B8,calibrated
N1.0_D0020_Q0.7,1.0,20.0,0.7,1.8968,1.7732169021715818,-0.12358309782841825,B8,calibrated
N1.0_D0020_Q0.8,1.0,20.0,0.8,2.0844,2.0476171394531657,-0.03678286054683433,B8,calibrated
N1.0_D0020_Q0.9,1.0,20.0,0.9,2.3062,2.3727762115537523,0.06657621155375226,B8,calibrated
N1.0_D0020_Q0.95,1.0,20.0,0.95,2.4517,2.557260157622243,0.10556015762224291,B8,calibrated
N1.0_D0020_Q1.0,1.0,20.0,1.0,2.6133,2.758083539334298,0.144783539334298,B8,calibrated
N1.0_D0050_Q0.05,1.0,50.0,0.05,0.5,0.745188396011041,0.24518839601104103,B8,calibrated
N1.0_D0050_Q0.1,1.0,50.0,0.1,0.5001,0.7855196017839818,0.28541960178398185,B8,calibrated
N1.0_D0050_Q0.2,1.0,50.0,0.2,0.7393,0.8772145884498279,0.13791458844982796,B8,calibrated
N1.0_D0050_Q0.3,1.0,50.0,0.3,0.948,0.9858714069566799,0.0378714069566799,B8,calibrated
N1.0_D0050_Q0.4,1.0,50.0,0.4,1.1772,1.1146276742001162,-0.06257232579988381,B8,calibrated
N1.0_D0050_Q0.5,1.0,50.0,0.5,1.4083,1.2672014066384325,-0.1410985933615676,B8,calibrated
N1.0_D0050_Q0.6,1.0,50.0,0.6,1.5703,1.4479983831937289,-0.12230161680627116,B8,calibrated
N1.0_D0050_Q0.7,1.0,50.0,0.7,1.7603,1.6622393682515693,-0.09806063174843072,B8,calibrated
N1.0_D0050_Q0.8,1.0,50.0,0.8,2.0222,1.9161108685004453,-0.1060891314995549,B8,calibrated
N1.0_D0050_Q0.9,1.0,50.0,0.9,2.24,2.2169437769246416,-0.023056223075358595,B8,calibrated
N1.0_D0050_Q0.95,1.0,50.0,0.95,2.3371,2.3876259039673347,0.050525903967334695,B8,calibrated
N1.0_D0050_Q1.0,1.0,50.0,1.0,2.4688,2.5734250625444974,0.10462506254449755,B8,calibrated
N1.0_D0100_Q0.05,1.0,100.0,0.05,0.5,0.719174948859572,0.219174948859572,B8,calibrated
N1.0_D0100_Q0.1,1.0,100.0,0.1,0.5,0.757202186972146,0.25720218697214603,B8,calibrated
N1.0_D0100_Q0.2,1.0,100.0,0.2,0.7102,0.8436589894615687,0.13345898946156864,B8,calibrated
N1.0_D0100_Q0.3,1.0,100.0,0.3,0.9137,0.9461086591584513,0.03240865915845137,B8,calibrated
N1.0_D0100_Q0.4,1.0,100.0,0.4,1.1107,1.0675095728955097,-0.04319042710449028,B8,calibrated
N1.0_D0100_Q0.5,1.0,100.0,0.5,1.3086,1.2113673510591536,-0.09723264894084638,B8,calibrated
N1.0_D0100_Q0.6,1.0,100.0,0.6,1.5225,1.3818360872583184,-0.14066391274168155,B8,calibrated
N1.0_D0100_Q0.7,1.0,100.0,0.7,1.7077,1.5838383035603387,-0.12386169643966127,B8,calibrated
N1.0_D0100_Q0.8,1.0,100.0,0.8,1.9487,1.8232070951682877,-0.12549290483171238,B8,calibrated
N1.0_D0100_Q0.9,1.0,100.0,0.9,2.2185,2.106854569165217,-0.11164543083478318,B8,calibrated
N1.0_D0100_Q0.95,1.0,100.0,0.95,2.3344,2.2677862785506018,-0.06661372144939826,B8,calibrated
N1.0_D0100_Q1.0,1.0,100.0,1.0,2.4489,2.44297144122853,-0.005928558771469916,B8,calibrated
N1.0_D0150_Q0.05,1.0,150.0,0.05,0.5,0.7046525056919593,0.20465250569195925,B8,calibrated
N1.0_D0150_Q0.1,1.0,150.0,0.1,0.5,0.7413935152161854,0.24139351521618535,B8,calibrated
N1.0_D0150_Q0.2,1.0,150.0,0.2,0.692,0.824926013534744,0.1329260135347441,B8,calibrated
N1.0_D0150_Q0.3,1.0,150.0,0.3,0.898,0.9239104383026933,0.02591043830269324,B8,calibrated
N1.0_D0150_Q0.4,1.0,150.0,0.4,1.1376,1.0412051025814582,-0.09639489741854179,B8,calibrated
N1.0_D0150_Q0.5,1.0,150.0,0.5,1.3264,1.1801970530880281,-0.1462029469119719,B8,calibrated
N1.0_D0150_Q0.6,1.0,150.0,0.6,1.5017,1.344899875884021,-0.1568001241159791,B8,calibrated
N1.0_D0150_Q0.7,1.0,150.0,0.7,1.7164,1.5400695942605245,-0.17633040573947545,B8,calibrated
N1.0_D0150_Q0.8,1.0,150.0,0.8,1.9303,1.7713420055314895,-0.15895799446851044,B8,calibrated
N1.0_D0150_Q0.9,1.0,150.0,0.9,2.1019,2.0453954225267643,-0.056504577473235784,B8,calibrated
N1.0_D0150_Q0.95,1.0,150.0,0.95,2.1674,2.2008837977217883,0.03348379772178811,B8,calibrated
N1.0_D0150_Q1.0,1.0,150.0,1.0,2.2789,2.3701435191719398,0.09124351917193962,B8,calibrated
N1.0_D0300_Q0.05,1.0,300.0,0.05,0.5,0.6809547190467777,0.18095471904677773,B8,calibrated
N1.0_D0300_Q0.1,1.0,300.0,0.1,0.5,0.7155968551024142,0.21559685510241422,B8,calibrated
N1.0_D0300_Q0.2,1.0,300.0,0.2,0.6746,0.7943574610109339,0.11975746101093387,B8,calibrated
N1.0_D0300_Q0.3,1.0,300.0,0.3,0.8578,0.887687283860227,0.029887283860226987,B8,calibrated
N1.0_D0300_Q0.4,1.0,300.0,0.4,1.1116,0.9982813522095446,-0.1133186477904553,B8,calibrated
N1.0_D0300_Q0.5,1.0,300.0,0.5,1.2964,1.1293332237405114,-0.16706677625948863,B8,calibrated
N1.0_D0300_Q0.6,1.0,300.0,0.6,1.5153,1.2846272036809376,-0.23067279631906246,B8,calibrated
N1.0_D0300_Q0.7,1.0,300.0,0.7,1.6587,1.468647621886404,-0.1900523781135961,B8,calibrated
N1.0_D0300_Q0.8,1.0,300.0,0.8,2.0053,1.6867083241074776,-0.31859167589252246,B8,calibrated
N1.0_D0300_Q0.9,1.0,300.0,0.9,2.0139,1.9451061166831671,-0.0687938833168329,B8,calibrated
N1.0_D0300_Q0.95,1.0,300.0,0.95,2.1877,2.091712035201116,-0.09598796479888394,B8,calibrated
N1.0_D0300_Q1.0,1.0,300.0,1.0,2.3325,2.2513025955897477,-0.08119740441025236,B8,calibrated
N1.0_D0500_Q0.05,1.0,500.0,0.05,0.5,0.6643611516165244,0.16436115161652443,B8,calibrated
N1.0_D0500_Q0.1,1.0,500.0,0.1,0.5,0.6975336230595928,0.19753362305959277,B8,calibrated
N1.0_D0500_Q0.2,1.0,500.0,0.2,0.6599,0.772952873943634,0.11305287394363395,B8,calibrated
N1.0_D0500_Q0.3,1.0,500.0,0.3,0.8544,0.8623232545195478,0.007923254519547784,B8,calibrated
N1.0_D0500_Q0.4,1.0,500.0,0.4,1.0836,0.9682254589390002,-0.11537454106099965,B8,calibrated
N1.0_D0500_Q0.5,1.0,500.0,0.5,1.2157,1.093717560781096,-0.12198243921890395,B8,calibrated
N1.0_D0500_Q0.6,1.0,500.0,0.6,1.4518,1.242423319184122,-0.2093766808158779,B8,calibrated
N1.0_D0500_Q0.7,1.0,500.0,0.7,1.707,1.4186368199353012,-0.28836318006469885,B8,calibrated
N1.0_D0500_Q0.8,1.0,500.0,0.8,1.8739,1.627446473175696,-0.246453526824304,B8,calibrated
N1.0_D0500_Q0.9,1.0,500.0,0.9,2.0431,1.8748819483266093,-0.16821805167339066,B8,calibrated
N1.0_D0500_Q0.95,1.0,500.0,0.95,2.1733,2.0152682292883513,-0.15803177071164853,B8,calibrated
N1.0_D0500_Q1.0,1.0,500.0,1.0,2.2572,2.1680882891880295,-0.08911171081197056,B8,calibrated
N1.0_D1000_Q0.05,1.0,1000.0,0.05,0.5,0.6429650560565243,0.14296505605652432,B8,calibrated
N1.0_D1000_Q0.1,1.0,1000.0,0.1,0.5,0.6742425109744346,0.17424251097443455,B8,calibrated
N1.0_D1000_Q0.2,1.0,1000.0,0.2,0.6605,0.7453533482696484,0.08485334826964841,B8,calibrated
N1.0_D1000_Q0.3,1.0,1000.0,0.3,0.8357,0.8296183405315898,-0.0060816594684102165,B8,calibrated
N1.0_D1000_Q0.4,1.0,1000.0,0.4,1.0525,0.9294707567171459,-0.12302924328285414,B8,calibrated
N1.0_D1000_Q0.5,1.0,1000.0,0.5,1.2565,1.0477939743482556,-0.20870602565174434,B8,calibrated
N1.0_D1000_Q0.6,1.0,1000.0,0.6,1.407,1.1880047410518075,-0.2189952589481925,B8,calibrated
N1.0_D1000_Q0.7,1.0,1000.0,0.7,1.6907,1.3541518379038213,-0.33654816209617877,B8,calibrated
N1.0_D1000_Q0.8,1.0,1000.0,0.8,1.8615,1.5510329936193272,-0.3104670063806727,B8,calibrated
N1.0_D1000_Q0.9,1.0,1000.0,0.9,1.9758,1.7843334256479315,-0.19146657435206849,B8,calibrated
N1.0_D1000_Q0.95,1.0,1000.0,0.95,2.1305,1.9166999748635913,-0.21380002513640872,B8,calibrated
N1.0_D1000_Q1.0,1.0,1000.0,1.0,2.1409,2.0607900087420683,-0.0801099912579315,B8,calibrated
N1.0_D2000_Q0.05,1.0,2000.0,0.05,0.5,0.6227912376708266,0.12279123767082656,B8,calibrated
N1.0_D2000_Q0.1,1.0,2000.0,0.1,0.5,0.6522819311158676,0.15228193111586763,B8,calibrated
N1.0_D2000_Q0.2,1.0,2000.0,0.2,0.6467,0.7193304780260092,0.0726304780260092,B8,calibrated
N1.0_D2000_Q0.3,1.0,2000.0,0.3,0.8314,0.7987817332981471,-0.03261826670185297,B8,calibrated
N1.0_D2000_Q0.4,1.0,2000.0,0.4,1.0295,0.8929299625323828,-0.1365700374676173,B8,calibrated
N1.0_D2000_Q0.5,1.0,2000.0,0.5,1.2251,1.0044938269116355,-0.2206061730883646,B8,calibrated
N1.0_D2000_Q0.6,1.0,2000.0,0.6,1.4304,1.1366948883279488,-0.29370511167205104,B8,calibrated
N1.0_D2000_Q0.7,1.0,2000.0,0.7,1.5995,1.2933506364668597,-0.30614936353314026,B8,calibrated
N1.0_D2000_Q0.8,1.0,2000.0,0.8,1.7725,1.4789847241363978,-0.29351527586360215,B8,calibrated
N1.0_D2000_Q0.9,1.0,2000.0,0.9,2.027,1.698957594039295,-0.3280424059607052,B8,calibrated
N1.0_D2000_Q0.95,1.0,2000.0,0.95,2.0759,1.823762548136173,-0.25213745186382686,B8,calibrated
N1.0_D2000_Q1.0,1.0,2000.0,1.0,2.2081,1.9596212690183021,-0.24847873098169782,B8,calibrated
N2.8_D0005_Q0.05,2.8,5.0,0.05,0.5,0.7438454431749706,0.2438454431749706,B8,calibrated
N2.8_D0005_Q0.1,2.8,5.0,0.1,0.5,0.7928802629619415,0.2928802629619415,B8,calibrated
N2.8_D0005_Q0.2,2.8,5.0,0.2,0.6798,0.904363345611186,0.22456334561118607,B8,calibrated
N2.8_D0005_Q0.3,2.8,5.0,0.3,0.9253,1.0364686822109597,0.11116868221095966,B8,calibrated
N2.8_D0005_Q0.4,2.8,5.0,0.4,1.2039,1.1930109982594637,-0.010889001740536308,B8,calibrated
N2.8_D0005_Q0.5,2.8,5.0,0.5,1.4628,1.3785106710552077,-0.08428932894479235,B8,calibrated
N2.8_D0005_Q0.6,2.8,5.0,0.6,1.7229,1.5983242618843247,-0.12457573811567535,B8,calibrated
N2.8_D0005_Q0.7,2.8,5.0,0.7,2.0084,1.8587991941845772,-0.1496008058154228,B8,calibrated
N2.8_D0005_Q0.8,2.8,5.0,0.8,2.2056,2.1674570442333745,-0.03814295576662552,B8,calibrated
N2.8_D0005_Q0.9,2.8,5.0,0.9,2.4428,2.5332107371335697,0.09041073713356962,B8,calibrated
N2.8_D0005_Q0.95,2.8,5.0,0.95,2.6201,2.740726658862112,0.1206266588621121,B8,calibrated
N2.8_D0005_Q1.0,2.8,5.0,1.0,2.721,2.966621919933491,0.24562191993349103,B8,calibrated
N2.8_D0010_Q0.05,2.8,10.0,0.05,0.5,0.7122182039525328,0.21221820395253277,B8,calibrated
N2.8_D0010_Q0.1,2.8,10.0,0.1,0.5,0.7584518518713196,0.2584518518713196,B8,calibrated
N2.8_D0010_Q0.2,2.8,10.0,0.2,0.6187,0.8635663320406898,0.24486633204068975,B8,calibrated
N2.8_D0010_Q0.3,2.8,10.0,0.3,0.8552,0.988124995600205,0.132924995600205,B8,calibrated
N2.8_D0010_Q0.4,2.8,10.0,0.4,1.1197,1.135724647358303,0.016024647358303,B8,calibrated
N2.8_D0010_Q0.5,2.8,10.0,0.5,1.3934,1.310627432733022,-0.0827725672669779,B8,calibrated
N2.8_D0010_Q0.6,2.8,10.0,0.6,1.6092,1.5178839131342827,-0.09131608686571724,B8,calibrated
N2.8_D0010_Q0.7,2.8,10.0,0.7,1.8538,1.7634789079554856,-0.09032109204451433,B8,calibrated
N2.8_D0010_Q0.8,2.8,10.0,0.8,2.1201,2.0545043145649657,-0.06559568543503413,B8,calibrated
N2.8_D0010_Q0.9,2.8,10.0,0.9,2.3574,2.3993638967151365,0.04196389671513634,B8,calibrated
N2.8_D0010_Q0.95,2.8,10.0,0.95,2.4203,2.595025226856076,0.17472522685607572,B8,calibrated
N2.8_D0010_Q1.0,2.8,10.0,1.0,2.5409,2.8080159549197217,0.2671159549197215,B8,calibrated
N2.8_D0020_Q0.05,2.8,20.0,0.05,0.5,0.6823977080435832,0.18239770804358324,B8,calibrated
N2.8_D0020_Q0.1,2.8,20.0,0.1,0.5,0.7259902043383554,0.22599020433835537,B8,calibrated
N2.8_D0020_Q0.2,2.8,20.0,0.2,0.623,0.8250998959499533,0.20209989594995326,B8,calibrated
N2.8_D0020_Q0.3,2.8,20.0,0.3,0.8308,0.9425429990604379,0.11174299906043794,B8,calibrated
N2.8_D0020_Q0.4,2.8,20.0,0.4,1.0678,1.081710846764707,0.013910846764706886,B8,calibrated
N2.8_D0020_Q0.5,2.8,20.0,0.5,1.2966,1.2466221044008279,-0.049977895599172095,B8,calibrated
N2.8_D0020_Q0.6,2.8,20.0,0.6,1.5279,1.4420388141060596,-0.08586118589394043,B8,calibrated
N2.8_D0020_Q0.7,2.8,20.0,0.7,1.7488,1.673603905412806,-0.0751960945871939,B8,calibrated
N2.8_D0020_Q0.8,2.8,20.0,0.8,2.0341,1.9480041426943902,-0.08609585730560987,B8,calibrated
N2.8_D0020_Q0.9,2.8,20.0,0.9,2.2362,2.2731632147949767,0.03696321479497655,B8,calibrated
N2.8_D0020_Q0.95,2.8,20.0,0.95,2.3457,2.4576471608634676,0.11194716086346768,B8,calibrated
N2.8_D0020_Q1.0,2.8,20.0,1.0,2.5073,2.6584705425755226,0.15117054257552276,B8,calibrated
N2.8_D0050_Q0.05,2.8,50.0,0.05,0.5,0.6455753992522651,0.14557539925226515,B8,calibrated
N2.8_D0050_Q0.1,2.8,50.0,0.1,0.5,0.6859066050252061,0.18590660502520606,B8,calibrated
N2.8_D0050_Q0.2,2.8,50.0,0.2,0.5815,0.777601591691052,0.196101591691052,B8,calibrated
N2.8_D0050_Q0.3,2.8,50.0,0.3,0.775,0.886258410197904,0.11125841019790395,B8,calibrated
N2.8_D0050_Q0.4,2.8,50.0,0.4,1.0089,1.0150146774413402,0.0061146774413403104,B8,calibrated
N2.8_D0050_Q0.5,2.8,50.0,0.5,1.2746,1.1675884098796567,-0.10701159012034323,B8,calibrated
N2.8_D0050_Q0.6,2.8,50.0,0.6,1.457,1.3483853864349529,-0.1086146135650472,B8,calibrated
N2.8_D0050_Q0.7,2.8,50.0,0.7,1.6925,1.5626263714927933,-0.12987362850720663,B8,calibrated
N2.8_D0050_Q0.8,2.8,50.0,0.8,1.9293,1.8164978717416695,-0.11280212825833047,B8,calibrated
N2.8_D0050_Q0.9,2.8,50.0,0.9,2.1407,2.1173307801658656,-0.023369219834134203,B8,calibrated
N2.8_D0050_Q0.95,2.8,50.0,0.95,2.253,2.288012907208559,0.035012907208558985,B8,calibrated
N2.8_D0050_Q1.0,2.8,50.0,1.0,2.3101,2.473812065785722,0.16371206578572206,B8,calibrated
N2.8_D0100_Q0.05,2.8,100.0,0.05,0.5,0.6195619521007962,0.11956195210079623,B8,calibrated
N2.8_D0100_Q0.1,2.8,100.0,0.1,0.5,0.6575891902133701,0.15758919021337014,B8,calibrated
N2.8_D0100_Q0.2,2.8,100.0,0.2,0.5671,0.7440459927027929,0.17694599270279288,B8,calibrated
N2.8_D0100_Q0.3,2.8,100.0,0.3,0.7708,0.8464956623996754,0.0756956623996754,B8,calibrated
N2.8_D0100_Q0.4,2.8,100.0,0.4,0.9718,0.967896576136734,-0.003903423863266031,B8,calibrated
N2.8_D0100_Q0.5,2.8,100.0,0.5,1.1999,1.1117543543003778,-0.08814564569962213,B8,calibrated
N2.8_D0100_Q0.6,2.8,100.0,0.6,1.4075,1.2822230904995426,-0.12527690950045733,B8,calibrated
N2.8_D0100_Q0.7,2.8,100.0,0.7,1.6363,1.4842253068015627,-0.15207469319843736,B8,calibrated
N2.8_D0100_Q0.8,2.8,100.0,0.8,1.8765,1.723594098409512,-0.1529059015904881,B8,calibrated
N2.8_D0100_Q0.9,2.8,100.0,0.9,2.0444,2.007241572406441,-0.03715842759355903,B8,calibrated
N2.8_D0100_Q0.95,2.8,100.0,0.95,2.1982,2.1681732817918262,-0.03002671820817371,B8,calibrated
N2.8_D0100_Q1.0,2.8,100.0,1.0,2.2588,2.3433584444697546,0.08455844446975469,B8,calibrated
N2.8_D0150_Q0.05,2.8,150.0,0.05,0.5,0.6050395089331835,0.10503950893318348,B8,calibrated
N2.8_D0150_Q0.1,2.8,150.0,0.1,0.5,0.6417805184574095,0.14178051845740947,B8,calibrated
N2.8_D0150_Q0.2,2.8,150.0,0.2,0.543,0.7253130167759682,0.18231301677596812,B8,calibrated
N2.8_D0150_Q0.3,2.8,150.0,0.3,0.7457,0.8242974415439174,0.07859744154391735,B8,calibrated
N2.8_D0150_Q0.4,2.8,150.0,0.4,0.9557,0.9415921058226823,-0.014107894177317726,B8,calibrated
N2.8_D0150_Q0.5,2.8,150.0,0.5,1.1935,1.0805840563292524,-0.11291594367074764,B8,calibrated
N2.8_D0150_Q0.6,2.8,150.0,0.6,1.3479,1.2452868791252452,-0.10261312087475494,B8,calibrated
N2.8_D0150_Q0.7,2.8,150.0,0.7,1.5964,1.4404565975017487,-0.15594340249825134,B8,calibrated
N2.8_D0150_Q0.8,2.8,150.0,0.8,1.8407,1.6717290087727137,-0.16897099122728632,B8,calibrated
N2.8_D0150_Q0.9,2.8,150.0,0.9,2.0695,1.9457824257679888,-0.12371757423201135,B8,calibrated
N2.8_D0150_Q0.95,2.8,150.0,0.95,2.1192,2.1012708009630123,-0.017929199036987864,B8,calibrated
N2.8_D0150_Q1.0,2.8,150.0,1.0,2.2385,2.270530522413164,0.032030522413164064,B8,calibrated
N2.8_D0300_Q0.05,2.8,300.0,0.05,0.5,0.5813417222880018,0.08134172228800185,B8,calibrated
N2.8_D0300_Q0.1,2.8,300.0,0.1,0.5,0.6159838583436383,0.11598385834363834,B8,calibrated
N2.8_D0300_Q0.2,2.8,300.0,0.2,0.5456,0.694744464252158,0.149144464252158,B8,calibrated
N2.8_D0300_Q0.3,2.8,300.0,0.3,0.7388,0.7880742871014512,0.04927428710145121,B8,calibrated
N2.8_D0300_Q0.4,2.8,300.0,0.4,0.9673,0.8986683554507687,-0.06863164454923132,B8,calibrated
N2.8_D0300_Q0.5,2.8,300.0,0.5,1.1519,1.0297202269817354,-0.12217977301826455,B8,calibrated
N2.8_D0300_Q0.6,2.8,300.0,0.6,1.3023,1.1850142069221619,-0.11728579307783815,B8,calibrated
N2.8_D0300_Q0.7,2.8,300.0,0.7,1.5956,1.369034625127628,-0.22656537487237194,B8,calibrated
N2.8_D0300_Q0.8,2.8,300.0,0.8,1.7798,1.5870953273487016,-0.19270467265129843,B8,calibrated
N2.8_D0300_Q0.9,2.8,300.0,0.9,1.9735,1.8454931199243911,-0.1280068800756089,B8,calibrated
N2.8_D0300_Q0.95,2.8,300.0,0.95,2.0528,1.9920990384423405,-0.06070096155765947,B8,calibrated
N2.8_D0300_Q1.0,2.8,300.0,1.0,2.1322,2.151689598830972,0.01948959883097201,B8,calibrated
N2.8_D0500_Q0.05,2.8,500.0,0.05,0.5,0.5647481548577487,0.06474815485774865,B8,calibrated
N2.8_D0500_Q0.1,2.8,500.0,0.1,0.5,0.597920626300817,0.09792062630081699,B8,calibrated
N2.8_D0500_Q0.2,2.8,500.0,0.2,0.5387,0.6733398771848582,0.13463987718485826,B8,calibrated
N2.8_D0500_Q0.3,2.8,500.0,0.3,0.7277,0.7627102577607721,0.035010257760772046,B8,calibrated
N2.8_D0500_Q0.4,2.8,500.0,0.4,0.9045,0.8686124621802244,-0.035887537819775606,B8,calibrated
N2.8_D0500_Q0.5,2.8,500.0,0.5,1.16,0.9941045640223202,-0.16589543597767975,B8,calibrated
N2.8_D0500_Q0.6,2.8,500.0,0.6,1.3308,1.1428103224253463,-0.18798967757465368,B8,calibrated
N2.8_D0500_Q0.7,2.8,500.0,0.7,1.5099,1.3190238231765252,-0.1908761768234748,B8,calibrated
N2.8_D0500_Q0.8,2.8,500.0,0.8,1.7571,1.52783347641692,-0.2292665235830802,B8,calibrated
N2.8_D0500_Q0.9,2.8,500.0,0.9,1.9167,1.7752689515678335,-0.14143104843216658,B8,calibrated
N2.8_D0500_Q0.95,2.8,500.0,0.95,2.0846,1.9156552325295753,-0.16894476747042475,B8,calibrated
N2.8_D0500_Q1.0,2.8,500.0,1.0,2.1517,2.068475292429254,-0.08322470757074596,B8,calibrated
N2.8_D1000_Q0.05,2.8,1000.0,0.05,0.5,0.5433520592977484,0.043352059297748435,B8,calibrated
N2.8_D1000_Q0.1,2.8,1000.0,0.1,0.5,0.5746295142156588,0.07462951421565878,B8,calibrated
N2.8_D1000_Q0.2,2.8,1000.0,0.2,0.519,0.6457403515108725,0.12674035151087248,B8,calibrated
N2.8_D1000_Q0.3,2.8,1000.0,0.3,0.7239,0.7300053437728139,0.006105343772813909,B8,calibrated
N2.8_D1000_Q0.4,2.8,1000.0,0.4,0.8987,0.82985775995837,-0.06884224004163009,B8,calibrated
N2.8_D1000_Q0.5,2.8,1000.0,0.5,1.1398,0.9481809775894797,-0.1916190224105202,B8,calibrated
N2.8_D1000_Q0.6,2.8,1000.0,0.6,1.3353,1.0883917442930318,-0.24690825570696817,B8,calibrated
N2.8_D1000_Q0.7,2.8,1000.0,0.7,1.5354,1.2545388411450453,-0.2808611588549548,B8,calibrated
N2.8_D1000_Q0.8,2.8,1000.0,0.8,1.6984,1.4514199968605515,-0.24698000313944846,B8,calibrated
N2.8_D1000_Q0.9,2.8,1000.0,0.9,1.9178,1.6847204288891557,-0.2330795711108442,B8,calibrated
N2.8_D1000_Q0.95,2.8,1000.0,0.95,2.0038,1.8170869781048156,-0.18671302189518446,B8,calibrated
N2.8_D1000_Q1.0,2.8,1000.0,1.0,2.1237,1.9611770119832923,-0.16252298801670761,B8,calibrated
N2.8_D2000_Q0.05,2.8,2000.0,0.05,0.5,0.5231782409120507,0.023178240912050674,B8,calibrated
N2.8_D2000_Q0.1,2.8,2000.0,0.1,0.5,0.5526689343570919,0.05266893435709186,B8,calibrated
N2.8_D2000_Q0.2,2.8,2000.0,0.2,0.5242,0.6197174812672334,0.09551748126723336,B8,calibrated
N2.8_D2000_Q0.3,2.8,2000.0,0.3,0.6887,0.6991687365393712,0.010468736539371193,B8,calibrated
N2.8_D2000_Q0.4,2.8,2000.0,0.4,0.9232,0.7933169657736069,-0.12988303422639313,B8,calibrated
N2.8_D2000_Q0.5,2.8,2000.0,0.5,1.1045,0.9048808301528597,-0.19961916984714034,B8,calibrated
N2.8_D2000_Q0.6,2.8,2000.0,0.6,1.2855,1.037081891569173,-0.248418108430827,B8,calibrated
N2.8_D2000_Q0.7,2.8,2000.0,0.7,1.4788,1.1937376397080839,-0.285062360291916,B8,calibrated
N2.8_D2000_Q0.8,2.8,2000.0,0.8,1.6576,1.379371727377622,-0.2782282726223779,B8,calibrated
N2.8_D2000_Q0.9,2.8,2000.0,0.9,1.8775,1.5993445972805191,-0.2781554027194808,B8,calibrated
N2.8_D2000_Q0.95,2.8,2000.0,0.95,1.8822,1.7241495513773972,-0.15805044862260287,B8,calibrated
N2.8_D2000_Q1.0,2.8,2000.0,1.0,2.0839,1.8600082722595261,-0.22389172774047372,B8,calibrated
N4.0_D0005_Q0.05,4.0,5.0,0.05,0.5,0.7180251676673493,0.21802516766734925,B8,calibrated
N4.0_D0005_Q0.1,4.0,5.0,0.1,0.5,0.7670599874543201,0.26705998745432014,B8,calibrated
N4.0_D0005_Q0.2,4.0,5.0,0.2,0.6084,0.8785430701035647,0.27014307010356464,B8,calibrated
N4.0_D0005_Q0.3,4.0,5.0,0.3,0.8843,1.0106484067033383,0.12634840670333836,B8,calibrated
N4.0_D0005_Q0.4,4.0,5.0,0.4,1.1447,1.1671907227518423,0.022490722751842274,B8,calibrated
N4.0_D0005_Q0.5,4.0,5.0,0.5,1.3943,1.3526903955475864,-0.041609604452413684,B8,calibrated
N4.0_D0005_Q0.6,4.0,5.0,0.6,1.6246,1.5725039863767032,-0.052096013623296855,B8,calibrated
N4.0_D0005_Q0.7,4.0,5.0,0.7,1.9244,1.8329789186769558,-0.09142108132304427,B8,calibrated
N4.0_D0005_Q0.8,4.0,5.0,0.8,2.1965,2.1416367687257534,-0.05486323127424653,B8,calibrated
N4.0_D0005_Q0.9,4.0,5.0,0.9,2.4512,2.507390461625948,0.056190461625948096,B8,calibrated
N4.0_D0005_Q0.95,4.0,5.0,0.95,2.5824,2.7149063833544904,0.1325063833544906,B8,calibrated
N4.0_D0005_Q1.0,4.0,5.0,1.0,2.6973,2.9408016444258696,0.24350164442586975,B8,calibrated
N4.0_D0010_Q0.05,4.0,10.0,0.05,0.5,0.6863979284449114,0.18639792844491143,B8,calibrated
N4.0_D0010_Q0.1,4.0,10.0,0.1,0.5,0.7326315763636982,0.23263157636369824,B8,calibrated
N4.0_D0010_Q0.2,4.0,10.0,0.2,0.5947,0.8377460565330684,0.24304605653306843,B8,calibrated
N4.0_D0010_Q0.3,4.0,10.0,0.3,0.8162,0.9623047200925836,0.14610472009258357,B8,calibrated
N4.0_D0010_Q0.4,4.0,10.0,0.4,1.0969,1.1099043718506816,0.013004371850681595,B8,calibrated
N4.0_D0010_Q0.5,4.0,10.0,0.5,1.319,1.2848071572254007,-0.03419284277459922,B8,calibrated
N4.0_D0010_Q0.6,4.0,10.0,0.6,1.5567,1.4920636376266612,-0.06463636237333881,B8,calibrated
N4.0_D0010_Q0.7,4.0,10.0,0.7,1.843,1.737658632447864,-0.10534136755213597,B8,calibrated
N4.0_D0010_Q0.8,4.0,10.0,0.8,2.1045,2.0286840390573446,-0.07581596094265519,B8,calibrated
N4.0_D0010_Q0.9,4.0,10.0,0.9,2.3491,2.373543621207515,0.024443621207514976,B8,calibrated
N4.0_D0010_Q0.95,4.0,10.0,0.95,2.4433,2.5692049513484543,0.12590495134845447,B8,calibrated
N4.0_D0010_Q1.0,4.0,10.0,1.0,2.4904,2.7821956794121,0.29179567941209994,B8,calibrated
N4.0_D0020_Q0.05,4.0,20.0,0.05,0.5,0.6565774325359619,0.1565774325359619,B8,calibrated
N4.0_D0020_Q0.1,4.0,20.0,0.1,0.5,0.700169928830734,0.20016992883073403,B8,calibrated
N4.0_D0020_Q0.2,4.0,20.0,0.2,0.5655,0.7992796204423319,0.23377962044233191,B8,calibrated
N4.0_D0020_Q0.3,4.0,20.0,0.3,0.8094,0.9167227235528166,0.10732272355281658,B8,calibrated
N4.0_D0020_Q0.4,4.0,20.0,0.4,1.0284,1.0558905712570856,0.02749057125708565,B8,calibrated
N4.0_D0020_Q0.5,4.0,20.0,0.5,1.2902,1.2208018288932065,-0.06939817110679347,B8,calibrated
N4.0_D0020_Q0.6,4.0,20.0,0.6,1.5025,1.416218538598438,-0.0862814614015619,B8,calibrated
N4.0_D0020_Q0.7,4.0,20.0,0.7,1.7203,1.6477836299051845,-0.07251637009481549,B8,calibrated
N4.0_D0020_Q0.8,4.0,20.0,0.8,1.9253,1.9221838671867686,-0.0031161328132314203,B8,calibrated
N4.0_D0020_Q0.9,4.0,20.0,0.9,2.2398,2.247342939287355,0.007542939287355388,B8,calibrated
N4.0_D0020_Q0.95,4.0,20.0,0.95,2.2806,2.431826885355846,0.15122688535584583,B8,calibrated
N4.0_D0020_Q1.0,4.0,20.0,1.0,2.4139,2.632650267067901,0.21875026706790113,B8,calibrated
N4.0_D0050_Q0.05,4.0,50.0,0.05,0.5,0.6197551237446438,0.11975512374464381,B8,calibrated
N4.0_D0050_Q0.1,4.0,50.0,0.1,0.5,0.6600863295175847,0.16008632951758472,B8,calibrated
N4.0_D0050_Q0.2,4.0,50.0,0.2,0.5298,0.7517813161834307,0.22198131618343064,B8,calibrated
N4.0_D0050_Q0.3,4.0,50.0,0.3,0.7483,0.8604381346902826,0.11213813469028266,B8,calibrated
N4.0_D0050_Q0.4,4.0,50.0,0.4,0.9837,0.989194401933719,0.005494401933718973,B8,calibrated
N4.0_D0050_Q0.5,4.0,50.0,0.5,1.2097,1.1417681343720352,-0.06793186562796483,B8,calibrated
N4.0_D0050_Q0.6,4.0,50.0,0.6,1.4472,1.3225651109273315,-0.12463488907266851,B8,calibrated
N4.0_D0050_Q0.7,4.0,50.0,0.7,1.6591,1.536806095985172,-0.12229390401482809,B8,calibrated
N4.0_D0050_Q0.8,4.0,50.0,0.8,1.9213,1.790677596234048,-0.13062240376595202,B8,calibrated
N4.0_D0050_Q0.9,4.0,50.0,0.9,2.0499,2.0915105046582445,0.04161050465824445,B8,calibrated
N4.0_D0050_Q0.95,4.0,50.0,0.95,2.2424,2.2621926317009375,0.01979263170093759,B8,calibrated
N4.0_D0050_Q1.0,4.0,50.0,1.0,2.4043,2.4479917902781003,0.04369179027810022,B8,calibrated
N4.0_D0100_Q0.05,4.0,100.0,0.05,0.5,0.5937416765931749,0.0937416765931749,B8,calibrated
N4.0_D0100_Q0.1,4.0,100.0,0.1,0.5,0.6317689147057488,0.1317689147057488,B8,calibrated
N4.0_D0100_Q0.2,4.0,100.0,0.2,0.5116,0.7182257171951716,0.20662571719517153,B8,calibrated
N4.0_D0100_Q0.3,4.0,100.0,0.3,0.722,0.8206753868920541,0.09867538689205413,B8,calibrated
N4.0_D0100_Q0.4,4.0,100.0,0.4,0.9435,0.9420763006291126,-0.0014236993708873769,B8,calibrated
N4.0_D0100_Q0.5,4.0,100.0,0.5,1.1487,1.0859340787927565,-0.06276592120724356,B8,calibrated
N4.0_D0100_Q0.6,4.0,100.0,0.6,1.3727,1.256402814991921,-0.11629718500807895,B8,calibrated
N4.0_D0100_Q0.7,4.0,100.0,0.7,1.6045,1.4584050312939414,-0.14609496870605865,B8,calibrated
N4.0_D0100_Q0.8,4.0,100.0,0.8,1.8522,1.6977738229018904,-0.15442617709810968,B8,calibrated
N4.0_D0100_Q0.9,4.0,100.0,0.9,2.1002,1.9814212968988196,-0.11877870310118044,B8,calibrated
N4.0_D0100_Q0.95,4.0,100.0,0.95,2.1195,2.1423530062842047,0.022853006284204724,B8,calibrated
N4.0_D0100_Q1.0,4.0,100.0,1.0,2.2786,2.317538168962133,0.03893816896213309,B8,calibrated
N4.0_D0150_Q0.05,4.0,150.0,0.05,0.5,0.5792192334255621,0.07921923342556214,B8,calibrated
N4.0_D0150_Q0.1,4.0,150.0,0.1,0.5,0.6159602429497881,0.11596024294978813,B8,calibrated
N4.0_D0150_Q0.2,4.0,150.0,0.2,0.519,0.6994927412683468,0.1804927412683468,B8,calibrated
N4.0_D0150_Q0.3,4.0,150.0,0.3,0.706,0.798477166036296,0.09247716603629608,B8,calibrated
N4.0_D0150_Q0.4,4.0,150.0,0.4,0.9268,0.9157718303150609,-0.011028169684939026,B8,calibrated
N4.0_D0150_Q0.5,4.0,150.0,0.5,1.1676,1.0547637808216308,-0.11283621917836917,B8,calibrated
N4.0_D0150_Q0.6,4.0,150.0,0.6,1.3551,1.2194666036176236,-0.13563339638237637,B8,calibrated
N4.0_D0150_Q0.7,4.0,150.0,0.7,1.5337,1.4146363219941271,-0.11906367800587292,B8,calibrated
N4.0_D0150_Q0.8,4.0,150.0,0.8,1.7552,1.6459087332650921,-0.10929126673490797,B8,calibrated
N4.0_D0150_Q0.9,4.0,150.0,0.9,2.0344,1.9199621502603672,-0.114437849739633,B8,calibrated
N4.0_D0150_Q0.95,4.0,150.0,0.95,2.1044,2.075450525455391,-0.028949474544608833,B8,calibrated
N4.0_D0150_Q1.0,4.0,150.0,1.0,2.1522,2.2447102469055427,0.09251024690554255,B8,calibrated
N4.0_D0300_Q0.05,4.0,300.0,0.05,0.5,0.5555214467803805,0.05552144678038051,B8,calibrated
N4.0_D0300_Q0.1,4.0,300.0,0.1,0.5,0.590163582836017,0.090163582836017,B8,calibrated
N4.0_D0300_Q0.2,4.0,300.0,0.2,0.5,0.6689241887445366,0.16892418874453663,B8,calibrated
N4.0_D0300_Q0.3,4.0,300.0,0.3,0.7051,0.7622540115938299,0.057154011593829934,B8,calibrated
N4.0_D0300_Q0.4,4.0,300.0,0.4,0.897,0.8728480799431474,-0.024151920056852627,B8,calibrated
N4.0_D0300_Q0.5,4.0,300.0,0.5,1.1071,1.003899951474114,-0.10320004852588593,B8,calibrated
N4.0_D0300_Q0.6,4.0,300.0,0.6,1.3625,1.1591939314145403,-0.20330606858545974,B8,calibrated
N4.0_D0300_Q0.7,4.0,300.0,0.7,1.5086,1.3432143496200066,-0.1653856503799933,B8,calibrated
N4.0_D0300_Q0.8,4.0,300.0,0.8,1.7422,1.5612750518410803,-0.18092494815891969,B8,calibrated
N4.0_D0300_Q0.9,4.0,300.0,0.9,1.9926,1.8196728444167698,-0.17292715558323013,B8,calibrated
N4.0_D0300_Q0.95,4.0,300.0,0.95,2.0785,1.966278762934719,-0.11222123706528109,B8,calibrated
N4.0_D0300_Q1.0,4.0,300.0,1.0,2.2315,2.1258693233233505,-0.1056306766766495,B8,calibrated
N4.0_D0500_Q0.05,4.0,500.0,0.05,0.5,0.5389278793501272,0.038927879350127204,B8,calibrated
N4.0_D0500_Q0.1,4.0,500.0,0.1,0.5,0.5721003507931957,0.07210035079319566,B8,calibrated
N4.0_D0500_Q0.2,4.0,500.0,0.2,0.5,0.6475196016772369,0.14751960167723688,B8,calibrated
N4.0_D0500_Q0.3,4.0,500.0,0.3,0.6833,0.7368899822531507,0.0535899822531507,B8,calibrated
N4.0_D0500_Q0.4,4.0,500.0,0.4,0.888,0.842792186672603,-0.045207813327396984,B8,calibrated
N4.0_D0500_Q0.5,4.0,500.0,0.5,1.0678,0.9682842885146988,-0.09951571148530125,B8,calibrated
N4.0_D0500_Q0.6,4.0,500.0,0.6,1.2876,1.116990046917725,-0.1706099530822751,B8,calibrated
N4.0_D0500_Q0.7,4.0,500.0,0.7,1.5155,1.2932035476689039,-0.22229645233109618,B8,calibrated
N4.0_D0500_Q0.8,4.0,500.0,0.8,1.7157,1.5020132009092986,-0.21368679909070143,B8,calibrated
N4.0_D0500_Q0.9,4.0,500.0,0.9,1.9644,1.749448676060212,-0.214951323939788,B8,calibrated
N4.0_D0500_Q0.95,4.0,500.0,0.95,1.9848,1.889834957021954,-0.09496504297804598,B8,calibrated
N4.0_D0500_Q1.0,4.0,500.0,1.0,2.1365,2.0426550169216324,-0.09384498307836742,B8,calibrated
N4.0_D1000_Q0.05,4.0,1000.0,0.05,0.5,0.5175317837901271,0.017531783790127098,B8,calibrated
N4.0_D1000_Q0.1,4.0,1000.0,0.1,0.5,0.5488092387080374,0.04880923870803744,B8,calibrated
N4.0_D1000_Q0.2,4.0,1000.0,0.2,0.5,0.6199200760032512,0.11992007600325116,B8,calibrated
N4.0_D1000_Q0.3,4.0,1000.0,0.3,0.6866,0.7041850682651926,0.01758506826519257,B8,calibrated
N4.0_D1000_Q0.4,4.0,1000.0,0.4,0.8604,0.8040374844507486,-0.056362515549251424,B8,calibrated
N4.0_D1000_Q0.5,4.0,1000.0,0.5,1.1039,0.9223607020818584,-0.18153929791814172,B8,calibrated
N4.0_D1000_Q0.6,4.0,1000.0,0.6,1.2945,1.0625714687854104,-0.23192853121458956,B8,calibrated
N4.0_D1000_Q0.7,4.0,1000.0,0.7,1.4835,1.228718565637424,-0.25478143436257605,B8,calibrated
N4.0_D1000_Q0.8,4.0,1000.0,0.8,1.7176,1.42559972135293,-0.2920002786470701,B8,calibrated
N4.0_D1000_Q0.9,4.0,1000.0,0.9,1.8943,1.6589001533815342,-0.2353998466184659,B8,calibrated
N4.0_D1000_Q0.95,4.0,1000.0,0.95,1.9293,1.791266702597194,-0.138033297402806,B8,calibrated
N4.0_D1000_Q1.0,4.0,1000.0,1.0,2.1308,1.935356736475671,-0.19544326352432884,B8,calibrated
N4.0_D2000_Q0.05,4.0,2000.0,0.05,0.5,0.49735796540442934,-0.0026420345955706637,B8,calibrated
N4.0_D2000_Q0.1,4.0,2000.0,0.1,0.5,0.5268486588494705,0.02684865884947052,B8,calibrated
N4.0_D2000_Q0.2,4.0,2000.0,0.2,0.5,0.593897205759612,0.09389720575961202,B8,calibrated
N4.0_D2000_Q0.3,4.0,2000.0,0.3,0.642,0.6733484610317498,0.03134846103174982,B8,calibrated
N4.0_D2000_Q0.4,4.0,2000.0,0.4,0.8502,0.7674966902659855,-0.08270330973401441,B8,calibrated
N4.0_D2000_Q0.5,4.0,2000.0,0.5,1.0844,0.8790605546452384,-0.20533944535476167,B8,calibrated
N4.0_D2000_Q0.6,4.0,2000.0,0.6,1.281,1.0112616160615517,-0.2697383839384482,B8,calibrated
N4.0_D2000_Q0.7,4.0,2000.0,0.7,1.4643,1.1679173642004623,-0.2963826357995376,B8,calibrated
N4.0_D2000_Q0.8,4.0,2000.0,0.8,1.6704,1.3535514518700005,-0.31684854812999963,B8,calibrated
N4.0_D2000_Q0.9,4.0,2000.0,0.9,1.8145,1.5735243217728976,-0.24097567822710242,B8,calibrated
N4.0_D2000_Q0.95,4.0,2000.0,0.95,1.9664,1.6983292758697757,-0.26807072413022426,B8,calibrated
N4.0_D2000_Q1.0,4.0,2000.0,1.0,2.0978,1.8341879967519048,-0.2636120032480951,B8,calibrated
N6.9_D0005_Q0.05,6.9,5.0,0.05,0.5,0.6851647654621769,0.18516476546217686,B8,calibrated
N6.9_D0005_Q0.1,6.9,5.0,0.1,0.5,0.7341995852491477,0.23419958524914775,B8,calibrated
N6.9_D0005_Q0.2,6.9,5.0,0.2,0.5546,0.8456826678983923,0.2910826678983923,B8,calibrated
N6.9_D0005_Q0.3,6.9,5.0,0.3,0.7947,0.9777880044981659,0.18308800449816598,B8,calibrated
N6.9_D0005_Q0.4,6.9,5.0,0.4,1.0436,1.13433032054667,0.09073032054666985,B8,calibrated
N6.9_D0005_Q0.5,6.9,5.0,0.5,1.3381,1.319829993342414,-0.018270006657586046,B8,calibrated
N6.9_D0005_Q0.6,6.9,5.0,0.6,1.6422,1.5396435841715308,-0.1025564158284693,B8,calibrated
N6.9_D0005_Q0.7,6.9,5.0,0.7,1.8729,1.8001185164717834,-0.07278148352821656,B8,calibrated
N6.9_D0005_Q0.8,6.9,5.0,0.8,2.1078,2.1087763665205808,0.0009763665205806404,B8,calibrated
N6.9_D0005_Q0.9,6.9,5.0,0.9,2.465,2.474530059420776,0.009530059420776116,B8,calibrated
N6.9_D0005_Q0.95,6.9,5.0,0.95,2.5263,2.6820459811493182,0.15574598114931826,B8,calibrated
N6.9_D0005_Q1.0,6.9,5.0,1.0,2.633,2.9079412422206974,0.2749412422206974,B8,calibrated
N6.9_D0010_Q0.05,6.9,10.0,0.05,0.5,0.653537526239739,0.15353752623973904,B8,calibrated
N6.9_D0010_Q0.1,6.9,10.0,0.1,0.5,0.6997711741585259,0.19977117415852585,B8,calibrated
N6.9_D0010_Q0.2,6.9,10.0,0.2,0.5272,0.804885654327896,0.27768565432789605,B8,calibrated
N6.9_D0010_Q0.3,6.9,10.0,0.3,0.7496,0.9294443178874112,0.17984431788741118,B8,calibrated
N6.9_D0010_Q0.4,6.9,10.0,0.4,1.0046,1.0770439696455092,0.07244396964550925,B8,calibrated
N6.9_D0010_Q0.5,6.9,10.0,0.5,1.2545,1.2519467550202283,-0.0025532449797716072,B8,calibrated
N6.9_D0010_Q0.6,6.9,10.0,0.6,1.4702,1.4592032354214888,-0.010996764578511176,B8,calibrated
N6.9_D0010_Q0.7,6.9,10.0,0.7,1.7949,1.7047982302426916,-0.09010176975730833,B8,calibrated
N6.9_D0010_Q0.8,6.9,10.0,0.8,2.0045,1.995823636852172,-0.008676363147828159,B8,calibrated
N6.9_D0010_Q0.9,6.9,10.0,0.9,2.2827,2.3406832190023428,0.0579832190023426,B8,calibrated
N6.9_D0010_Q0.95,6.9,10.0,0.95,2.3738,2.536344549143282,0.16254454914328198,B8,calibrated
N6.9_D0010_Q1.0,6.9,10.0,1.0,2.514,2.749335277206928,0.23533527720692815,B8,calibrated
N6.9_D0020_Q0.05,6.9,20.0,0.05,0.5,0.6237170303307895,0.12371703033078951,B8,calibrated
N6.9_D0020_Q0.1,6.9,20.0,0.1,0.5,0.6673095266255616,0.16730952662556164,B8,calibrated
N6.9_D0020_Q0.2,6.9,20.0,0.2,0.5,0.7664192182371595,0.2664192182371595,B8,calibrated
N6.9_D0020_Q0.3,6.9,20.0,0.3,0.7321,0.8838623213476442,0.15176232134764422,B8,calibrated
N6.9_D0020_Q0.4,6.9,20.0,0.4,0.9636,1.0230301690519132,0.05943016905191323,B8,calibrated
N6.9_D0020_Q0.5,6.9,20.0,0.5,1.2142,1.1879414266880342,-0.026258573311965794,B8,calibrated
N6.9_D0020_Q0.6,6.9,20.0,0.6,1.4457,1.3833581363932657,-0.06234186360673433,B8,calibrated
N6.9_D0020_Q0.7,6.9,20.0,0.7,1.6657,1.614923227700012,-0.05077677229998789,B8,calibrated
N6.9_D0020_Q0.8,6.9,20.0,0.8,1.9664,1.8893234649815962,-0.07707653501840372,B8,calibrated
N6.9_D0020_Q0.9,6.9,20.0,0.9,2.1852,2.214482537082183,0.02928253708218298,B8,calibrated
N6.9_D0020_Q0.95,6.9,20.0,0.95,2.2902,2.398966483150674,0.10876648315067383,B8,calibrated
N6.9_D0020_Q1.0,6.9,20.0,1.0,2.4144,2.599789864862729,0.1853898648627288,B8,calibrated
N6.9_D0050_Q0.05,6.9,50.0,0.05,0.5,0.5868947215394714,0.08689472153947142,B8,calibrated
N6.9_D0050_Q0.1,6.9,50.0,0.1,0.5,0.6272259273124123,0.12722592731241233,B8,calibrated
N6.9_D0050_Q0.2,6.9,50.0,0.2,0.5,0.7189209139782583,0.2189209139782583,B8,calibrated
N6.9_D0050_Q0.3,6.9,50.0,0.3,0.6906,0.8275777324851102,0.13697773248511025,B8,calibrated
N6.9_D0050_Q0.4,6.9,50.0,0.4,0.9193,0.9563339997285466,0.037033999728546596,B8,calibrated
N6.9_D0050_Q0.5,6.9,50.0,0.5,1.1536,1.1089077321668628,-0.04469226783313718,B8,calibrated
N6.9_D0050_Q0.6,6.9,50.0,0.6,1.3376,1.2897047087221591,-0.04789529127784076,B8,calibrated
N6.9_D0050_Q0.7,6.9,50.0,0.7,1.6134,1.5039456937799995,-0.10945430622000041,B8,calibrated
N6.9_D0050_Q0.8,6.9,50.0,0.8,1.8718,1.7578171940288756,-0.11398280597112431,B8,calibrated
N6.9_D0050_Q0.9,6.9,50.0,0.9,2.0446,2.058650102453072,0.014050102453071922,B8,calibrated
N6.9_D0050_Q0.95,6.9,50.0,0.95,2.1785,2.2293322294957654,0.05083222949576527,B8,calibrated
N6.9_D0050_Q1.0,6.9,50.0,1.0,2.2898,2.415131388072928,0.1253313880729281,B8,calibrated
N6.9_D0100_Q0.05,6.9,100.0,0.05,0.5,0.5608812743880025,0.060881274388002504,B8,calibrated
N6.9_D0100_Q0.1,6.9,100.0,0.1,0.5,0.5989085125005764,0.09890851250057642,B8,calibrated
N6.9_D0100_Q0.2,6.9,100.0,0.2,0.5,0.6853653149899992,0.1853653149899992,B8,calibrated
N6.9_D0100_Q0.3,6.9,100.0,0.3,0.6647,0.7878149846868817,0.12311498468688176,B8,calibrated
N6.9_D0100_Q0.4,6.9,100.0,0.4,0.882,0.9092158984239402,0.027215898423940232,B8,calibrated
N6.9_D0100_Q0.5,6.9,100.0,0.5,1.1201,1.053073676587584,-0.06702632341241599,B8,calibrated
N6.9_D0100_Q0.6,6.9,100.0,0.6,1.3304,1.2235424127867487,-0.10685758721325134,B8,calibrated
N6.9_D0100_Q0.7,6.9,100.0,0.7,1.5242,1.425544629088769,-0.098655370911231,B8,calibrated
N6.9_D0100_Q0.8,6.9,100.0,0.8,1.818,1.664913420696718,-0.15308657930328207,B8,calibrated
N6.9_D0100_Q0.9,6.9,100.0,0.9,1.9399,1.9485608946936472,0.00866089469364728,B8,calibrated
N6.9_D0100_Q0.95,6.9,100.0,0.95,2.1119,2.1094926040790325,-0.0024073959209673923,B8,calibrated
N6.9_D0100_Q1.0,6.9,100.0,1.0,2.2368,2.284677766756961,0.04787776675696076,B8,calibrated
N6.9_D0150_Q0.05,6.9,150.0,0.05,0.5,0.5463588312203898,0.04635883122038975,B8,calibrated
N6.9_D0150_Q0.1,6.9,150.0,0.1,0.5,0.5830998407446157,0.08309984074461574,B8,calibrated
N6.9_D0150_Q0.2,6.9,150.0,0.2,0.5,0.6666323390631744,0.16663233906317443,B8,calibrated
N6.9_D0150_Q0.3,6.9,150.0,0.3,0.647,0.7656167638311236,0.11861676383112363,B8,calibrated
N6.9_D0150_Q0.4,6.9,150.0,0.4,0.8733,0.8829114281098885,0.009611428109888576,B8,calibrated
N6.9_D0150_Q0.5,6.9,150.0,0.5,1.1217,1.0219033786164584,-0.0997966213835415,B8,calibrated
N6.9_D0150_Q0.6,6.9,150.0,0.6,1.3204,1.1866062014124512,-0.1337937985875488,B8,calibrated
N6.9_D0150_Q0.7,6.9,150.0,0.7,1.4831,1.3817759197889548,-0.10132408021104533,B8,calibrated
N6.9_D0150_Q0.8,6.9,150.0,0.8,1.7305,1.6130483310599197,-0.11745166894008019,B8,calibrated
N6.9_D0150_Q0.9,6.9,150.0,0.9,2.0057,1.8871017480551948,-0.11859825194480522,B8,calibrated
N6.9_D0150_Q0.95,6.9,150.0,0.95,2.0784,2.0425901232502186,-0.0358098767497812,B8,calibrated
N6.9_D0150_Q1.0,6.9,150.0,1.0,2.2001,2.2118498447003705,0.011749844700370549,B8,calibrated
N6.9_D0300_Q0.05,6.9,300.0,0.05,0.5,0.5226610445752081,0.022661044575208122,B8,calibrated
N6.9_D0300_Q0.1,6.9,300.0,0.1,0.5,0.5573031806308446,0.05730318063084461,B8,calibrated
N6.9_D0300_Q0.2,6.9,300.0,0.2,0.5,0.6360637865393642,0.13606378653936424,B8,calibrated
N6.9_D0300_Q0.3,6.9,300.0,0.3,0.6383,0.7293936093886575,0.09109360938865751,B8,calibrated
N6.9_D0300_Q0.4,6.9,300.0,0.4,0.8495,0.839987677737975,-0.00951232226202503,B8,calibrated
N6.9_D0300_Q0.5,6.9,300.0,0.5,1.0664,0.9710395492689418,-0.09536045073105825,B8,calibrated
N6.9_D0300_Q0.6,6.9,300.0,0.6,1.2789,1.126333529209368,-0.15256647079063201,B8,calibrated
N6.9_D0300_Q0.7,6.9,300.0,0.7,1.4947,1.3103539474148342,-0.18434605258516568,B8,calibrated
N6.9_D0300_Q0.8,6.9,300.0,0.8,1.6963,1.528414649635908,-0.16788535036409202,B8,calibrated
N6.9_D0300_Q0.9,6.9,300.0,0.9,1.9181,1.7868124422115974,-0.1312875577884025,B8,calibrated
N6.9_D0300_Q0.95,6.9,300.0,0.95,1.98,1.9334183607295465,-0.046581639270453445,B8,calibrated
N6.9_D0300_Q1.0,6.9,300.0,1.0,2.1543,2.0930089211181784,-0.061291078881821726,B8,calibrated
N6.9_D0500_Q0.05,6.9,500.0,0.05,0.5,0.5060674771449548,0.006067477144954814,B8,calibrated
N6.9_D0500_Q0.1,6.9,500.0,0.1,0.5,0.5392399485880233,0.039239948588023266,B8,calibrated
N6.9_D0500_Q0.2,6.9,500.0,0.2,0.5,0.6146591994720645,0.11465919947206449,B8,calibrated
N6.9_D0500_Q0.3,6.9,500.0,0.3,0.6224,0.7040295800479783,0.08162958004797838,B8,calibrated
N6.9_D0500_Q0.4,6.9,500.0,0.4,0.8513,0.8099317844674306,-0.04136821553256931,B8,calibrated
N6.9_D0500_Q0.5,6.9,500.0,0.5,1.0567,0.9354238863095264,-0.12127611369047353,B8,calibrated
N6.9_D0500_Q0.6,6.9,500.0,0.6,1.2524,1.0841296447125526,-0.16827035528744738,B8,calibrated
N6.9_D0500_Q0.7,6.9,500.0,0.7,1.4759,1.2603431454637315,-0.2155568545362685,B8,calibrated
N6.9_D0500_Q0.8,6.9,500.0,0.8,1.6838,1.4691527987041262,-0.21464720129587378,B8,calibrated
N6.9_D0500_Q0.9,6.9,500.0,0.9,1.9071,1.7165882738550395,-0.19051172614496048,B8,calibrated
N6.9_D0500_Q0.95,6.9,500.0,0.95,1.9975,1.8569745548167815,-0.14052544518321852,B8,calibrated
N6.9_D0500_Q1.0,6.9,500.0,1.0,2.1285,2.0097946147164603,-0.11870538528353958,B8,calibrated
N6.9_D1000_Q0.05,6.9,1000.0,0.05,0.5,0.4846713815849547,-0.015328618415045292,B8,calibrated
N6.9_D1000_Q0.1,6.9,1000.0,0.1,0.5,0.515948836502865,0.01594883650286505,B8,calibrated
N6.9_D1000_Q0.2,6.9,1000.0,0.2,0.5,0.5870596737980788,0.08705967379807877,B8,calibrated
N6.9_D1000_Q0.3,6.9,1000.0,0.3,0.6085,0.6713246660600202,0.06282466606002013,B8,calibrated
N6.9_D1000_Q0.4,6.9,1000.0,0.4,0.8559,0.7711770822455762,-0.08472291775442375,B8,calibrated
N6.9_D1000_Q0.5,6.9,1000.0,0.5,1.0114,0.889500299876686,-0.12189970012331408,B8,calibrated
N6.9_D1000_Q0.6,6.9,1000.0,0.6,1.2482,1.029711066580238,-0.21848893341976194,B8,calibrated
N6.9_D1000_Q0.7,6.9,1000.0,0.7,1.4349,1.1958581634322516,-0.23904183656774847,B8,calibrated
N6.9_D1000_Q0.8,6.9,1000.0,0.8,1.6614,1.3927393191477575,-0.2686606808522425,B8,calibrated
N6.9_D1000_Q0.9,6.9,1000.0,0.9,1.837,1.6260397511763618,-0.21096024882363817,B8,calibrated
N6.9_D1000_Q0.95,6.9,1000.0,0.95,1.9432,1.7584063003920216,-0.18479369960797842,B8,calibrated
N6.9_D1000_Q1.0,6.9,1000.0,1.0,2.0548,1.9024963342704986,-0.1523036657295016,B8,calibrated
N6.9_D2000_Q0.05,6.9,2000.0,0.05,0.5,0.46449756319925695,-0.035502436800743054,B8,calibrated
N6.9_D2000_Q0.1,6.9,2000.0,0.1,0.5,0.49398825664429813,-0.006011743355701871,B8,calibrated
N6.9_D2000_Q0.2,6.9,2000.0,0.2,0.5,0.5610368035544396,0.061036803554439634,B8,calibrated
N6.9_D2000_Q0.3,6.9,2000.0,0.3,0.6165,0.6404880588265774,0.023988058826577396,B8,calibrated
N6.9_D2000_Q0.4,6.9,2000.0,0.4,0.8294,0.7346362880608132,-0.09476371193918687,B8,calibrated
N6.9_D2000_Q0.5,6.9,2000.0,0.5,1.005,0.846200152440066,-0.15879984755993393,B8,calibrated
N6.9_D2000_Q0.6,6.9,2000.0,0.6,1.2332,0.9784012138563793,-0.2547987861436207,B8,calibrated
N6.9_D2000_Q0.7,6.9,2000.0,0.7,1.4283,1.13505696199529,-0.29324303800470997,B8,calibrated
N6.9_D2000_Q0.8,6.9,2000.0,0.8,1.651,1.320691049664828,-0.33030895033517194,B8,calibrated
N6.9_D2000_Q0.9,6.9,2000.0,0.9,1.8064,1.5406639195677252,-0.2657360804322748,B8,calibrated
N6.9_D2000_Q0.95,6.9,2000.0,0.95,1.9399,1.6654688736646033,-0.2744311263353967,B8,calibrated
N6.9_D2000_Q1.0,6.9,2000.0,1.0,1.9935,1.8013275945467324,-0.19217240545326764,B8,calibrated
N12_D0005_Q0.05,12.0,5.0,0.05,0.5,0.6585225135284075,0.15852251352840752,B8,calibrated
N12_D0005_Q0.1,12.0,5.0,0.1,0.5,0.7075573333153784,0.2075573333153784,B8,calibrated
N12_D0005_Q0.2,12.0,5.0,0.2,0.5,0.819040415964623,0.31904041596462296,B8,calibrated
N12_D0005_Q0.3,12.0,5.0,0.3,0.7234,0.9511457525643966,0.22774575256439655,B8,calibrated
N12_D0005_Q0.4,12.0,5.0,0.4,1.0113,1.1076880686129007,0.09638806861290061,B8,calibrated
N12_D0005_Q0.5,12.0,5.0,0.5,1.2841,1.2931877414086448,0.009087741408644767,B8,calibrated
N12_D0005_Q0.6,12.0,5.0,0.6,1.5682,1.5130013322377616,-0.055198667762238474,B8,calibrated
N12_D0005_Q0.7,12.0,5.0,0.7,1.7793,1.7734762645380142,-0.0058237354619858905,B8,calibrated
N12_D0005_Q0.8,12.0,5.0,0.8,2.0752,2.0821341145868115,0.0069341145868113685,B8,calibrated
N12_D0005_Q0.9,12.0,5.0,0.9,2.3423,2.4478878074870063,0.10558780748700647,B8,calibrated
N12_D0005_Q0.95,12.0,5.0,0.95,2.4625,2.6554037292155486,0.19290372921554866,B8,calibrated
N12_D0005_Q1.0,12.0,5.0,1.0,2.701,2.8812989902869277,0.18029899028692764,B8,calibrated
N12_D0010_Q0.05,12.0,10.0,0.05,0.5,0.6268952743059697,0.1268952743059697,B8,calibrated
N12_D0010_Q0.1,12.0,10.0,0.1,0.5,0.6731289222247565,0.1731289222247565,B8,calibrated
N12_D0010_Q0.2,12.0,10.0,0.2,0.5,0.7782434023941267,0.2782434023941267,B8,calibrated
N12_D0010_Q0.3,12.0,10.0,0.3,0.6963,0.9028020659536419,0.20650206595364184,B8,calibrated
N12_D0010_Q0.4,12.0,10.0,0.4,0.9487,1.0504017177117397,0.10170171771173975,B8,calibrated
N12_D0010_Q0.5,12.0,10.0,0.5,1.1986,1.225304503086459,0.026704503086458997,B8,calibrated
N12_D0010_Q0.6,12.0,10.0,0.6,1.4595,1.4325609834877195,-0.026939016512280478,B8,calibrated
N12_D0010_Q0.7,12.0,10.0,0.7,1.7275,1.6781559783089224,-0.049344021691077655,B8,calibrated
N12_D0010_Q0.8,12.0,10.0,0.8,1.9842,1.9691813849184028,-0.015018615081597186,B8,calibrated
N12_D0010_Q0.9,12.0,10.0,0.9,2.1983,2.314040967068573,0.11574096706857295,B8,calibrated
N12_D0010_Q0.95,12.0,10.0,0.95,2.3535,2.5097022972095124,0.1562022972095125,B8,calibrated
N12_D0010_Q1.0,12.0,10.0,1.0,2.4582,2.7226930252731583,0.2644930252731581,B8,calibrated
N12_D0020_Q0.05,12.0,20.0,0.05,0.5,0.5970747783970202,0.09707477839702017,B8,calibrated
N12_D0020_Q0.1,12.0,20.0,0.1,0.5,0.6406672746917923,0.1406672746917923,B8,calibrated
N12_D0020_Q0.2,12.0,20.0,0.2,0.5,0.7397769663033902,0.23977696630339018,B8,calibrated
N12_D0020_Q0.3,12.0,20.0,0.3,0.6648,0.8572200694138749,0.1924200694138749,B8,calibrated
N12_D0020_Q0.4,12.0,20.0,0.4,0.9074,0.996387917118144,0.08898791711814402,B8,calibrated
N12_D0020_Q0.5,12.0,20.0,0.5,1.1529,1.161299174754265,0.008399174754264882,B8,calibrated
N12_D0020_Q0.6,12.0,20.0,0.6,1.4022,1.3567158844594964,-0.04548411554050347,B8,calibrated
N12_D0020_Q0.7,12.0,20.0,0.7,1.6378,1.5882809757662428,-0.04951902423375709,B8,calibrated
N12_D0020_Q0.8,12.0,20.0,0.8,1.9488,1.862681213047827,-0.08611878695217312,B8,calibrated
N12_D0020_Q0.9,12.0,20.0,0.9,2.1859,2.1878402851484133,0.0019402851484131567,B8,calibrated
N12_D0020_Q0.95,12.0,20.0,0.95,2.2362,2.372324231216904,0.13612423121690398,B8,calibrated
N12_D0020_Q1.0,12.0,20.0,1.0,2.3472,2.573147612928959,0.22594761292895926,B8,calibrated
N12_D0050_Q0.05,12.0,50.0,0.05,0.5,0.5602524696057021,0.060252469605702075,B8,calibrated
N12_D0050_Q0.1,12.0,50.0,0.1,0.5,0.600583675378643,0.10058367537864299,B8,calibrated
N12_D0050_Q0.2,12.0,50.0,0.2,0.5,0.692278662044489,0.19227866204448896,B8,calibrated
N12_D0050_Q0.3,12.0,50.0,0.3,0.6406,0.8009354805513409,0.16033548055134095,B8,calibrated
N12_D0050_Q0.4,12.0,50.0,0.4,0.8712,0.9296917477947773,0.05849174779477728,B8,calibrated
N12_D0050_Q0.5,12.0,50.0,0.5,1.1272,1.0822654802330935,-0.04493451976690643,B8,calibrated
N12_D0050_Q0.6,12.0,50.0,0.6,1.3567,1.26306245678839,-0.09363754321161011,B8,calibrated
N12_D0050_Q0.7,12.0,50.0,0.7,1.542,1.4773034418462303,-0.06469655815376973,B8,calibrated
N12_D0050_Q0.8,12.0,50.0,0.8,1.7878,1.7311749420951064,-0.056625057904893694,B8,calibrated
N12_D0050_Q0.9,12.0,50.0,0.9,2.0117,2.0320078505193027,0.02030785051930284,B8,calibrated
N12_D0050_Q0.95,12.0,50.0,0.95,2.1497,2.2026899775619957,0.05298997756199553,B8,calibrated
N12_D0050_Q1.0,12.0,50.0,1.0,2.2387,2.3884891361391585,0.14978913613915834,B8,calibrated
N12_D0100_Q0.05,12.0,100.0,0.05,0.5,0.5342390224542332,0.03423902245423316,B8,calibrated
N12_D0100_Q0.1,12.0,100.0,0.1,0.5,0.5722662605668071,0.07226626056680707,B8,calibrated
N12_D0100_Q0.2,12.0,100.0,0.2,0.5,0.6587230630562299,0.15872306305622985,B8,calibrated
N12_D0100_Q0.3,12.0,100.0,0.3,0.6166,0.7611727327531124,0.14457273275311233,B8,calibrated
N12_D0100_Q0.4,12.0,100.0,0.4,0.8496,0.8825736464901709,0.03297364649017087,B8,calibrated
N12_D0100_Q0.5,12.0,100.0,0.5,1.0745,1.0264314246538147,-0.04806857534618536,B8,calibrated
N12_D0100_Q0.6,12.0,100.0,0.6,1.3174,1.1969001608529795,-0.12049983914702045,B8,calibrated
N12_D0100_Q0.7,12.0,100.0,0.7,1.5083,1.3989023771549998,-0.10939762284500021,B8,calibrated
N12_D0100_Q0.8,12.0,100.0,0.8,1.762,1.6382711687629488,-0.12372883123705125,B8,calibrated
N12_D0100_Q0.9,12.0,100.0,0.9,1.9734,1.921918642759878,-0.05148135724012204,B8,calibrated
N12_D0100_Q0.95,12.0,100.0,0.95,2.0303,2.082850352145263,0.052550352145262824,B8,calibrated
N12_D0100_Q1.0,12.0,100.0,1.0,2.2111,2.258035514823191,0.04693551482319114,B8,calibrated
N12_D0150_Q0.05,12.0,150.0,0.05,0.5,0.5197165792866204,0.019716579286620406,B8,calibrated
N12_D0150_Q0.1,12.0,150.0,0.1,0.5,0.5564575888108464,0.05645758881084639,B8,calibrated
N12_D0150_Q0.2,12.0,150.0,0.2,0.5,0.6399900871294051,0.13999008712940508,B8,calibrated
N12_D0150_Q0.3,12.0,150.0,0.3,0.5971,0.7389745118973543,0.14187451189735434,B8,calibrated
N12_D0150_Q0.4,12.0,150.0,0.4,0.8028,0.8562691761761192,0.05346917617611924,B8,calibrated
N12_D0150_Q0.5,12.0,150.0,0.5,1.04,0.9952611266826892,-0.04473887331731086,B8,calibrated
N12_D0150_Q0.6,12.0,150.0,0.6,1.2578,1.159963949478682,-0.09783605052131805,B8,calibrated
N12_D0150_Q0.7,12.0,150.0,0.7,1.4982,1.3551336678551855,-0.14306633214481446,B8,calibrated
N12_D0150_Q0.8,12.0,150.0,0.8,1.6931,1.5864060791261505,-0.10669392087384955,B8,calibrated
N12_D0150_Q0.9,12.0,150.0,0.9,2.013,1.8604594961214256,-0.15254050387857432,B8,calibrated
N12_D0150_Q0.95,12.0,150.0,0.95,2.0249,2.0159478713164494,-0.008952128683550775,B8,calibrated
N12_D0150_Q1.0,12.0,150.0,1.0,2.0668,2.185207592766601,0.11840759276660062,B8,calibrated
N12_D0300_Q0.05,12.0,300.0,0.05,0.5,0.4960187926414388,-0.003981207358561223,B8,calibrated
N12_D0300_Q0.1,12.0,300.0,0.1,0.5,0.5306609286970753,0.030660928697075263,B8,calibrated
N12_D0300_Q0.2,12.0,300.0,0.2,0.5,0.6094215346055949,0.1094215346055949,B8,calibrated
N12_D0300_Q0.3,12.0,300.0,0.3,0.5782,0.7027513574548881,0.1245513574548881,B8,calibrated
N12_D0300_Q0.4,12.0,300.0,0.4,0.7936,0.8133454258042057,0.019745425804205685,B8,calibrated
N12_D0300_Q0.5,12.0,300.0,0.5,0.9871,0.9443972973351724,-0.04270270266482756,B8,calibrated
N12_D0300_Q0.6,12.0,300.0,0.6,1.2252,1.0996912772755987,-0.1255087227244014,B8,calibrated
N12_D0300_Q0.7,12.0,300.0,0.7,1.4255,1.283711695481065,-0.14178830451893498,B8,calibrated
N12_D0300_Q0.8,12.0,300.0,0.8,1.6725,1.5017723977021387,-0.17072760229786144,B8,calibrated
N12_D0300_Q0.9,12.0,300.0,0.9,1.8741,1.7601701902778282,-0.11392980972217193,B8,calibrated
N12_D0300_Q0.95,12.0,300.0,0.95,1.9887,1.9067761087957773,-0.08192389120422261,B8,calibrated
N12_D0300_Q1.0,12.0,300.0,1.0,2.0381,2.0663666691844087,0.028266669184408677,B8,calibrated
N12_D0500_Q0.05,12.0,500.0,0.05,0.5,0.47942522521118547,-0.02057477478881453,B8,calibrated
N12_D0500_Q0.1,12.0,500.0,0.1,0.5,0.5125976966542539,0.01259769665425392,B8,calibrated
N12_D0500_Q0.2,12.0,500.0,0.2,0.5,0.5880169475382951,0.08801694753829514,B8,calibrated
N12_D0500_Q0.3,12.0,500.0,0.3,0.558,0.677387328114209,0.11938732811420893,B8,calibrated
N12_D0500_Q0.4,12.0,500.0,0.4,0.7966,0.7832895325336613,-0.013310467466338682,B8,calibrated
N12_D0500_Q0.5,12.0,500.0,0.5,0.9859,0.9087816343757571,-0.0771183656242429,B8,calibrated
N12_D0500_Q0.6,12.0,500.0,0.6,1.2293,1.0574873927787831,-0.17181260722121694,B8,calibrated
N12_D0500_Q0.7,12.0,500.0,0.7,1.4001,1.2337008935299623,-0.16639910647003764,B8,calibrated
N12_D0500_Q0.8,12.0,500.0,0.8,1.6431,1.442510546770357,-0.20058945322964306,B8,calibrated
N12_D0500_Q0.9,12.0,500.0,0.9,1.8108,1.6899460219212703,-0.12085397807872966,B8,calibrated
N12_D0500_Q0.95,12.0,500.0,0.95,1.9414,1.8303323028830123,-0.11106769711698772,B8,calibrated
N12_D0500_Q1.0,12.0,500.0,1.0,2.0759,1.9831523627826908,-0.09274763721730905,B8,calibrated
N12_D1000_Q0.05,12.0,1000.0,0.05,0.5,0.45802912965118536,-0.04197087034881464,B8,calibrated
N12_D1000_Q0.1,12.0,1000.0,0.1,0.5,0.4893065845690957,-0.010693415430904296,B8,calibrated
N12_D1000_Q0.2,12.0,1000.0,0.2,0.5,0.5604174218643094,0.06041742186430943,B8,calibrated
N12_D1000_Q0.3,12.0,1000.0,0.3,0.544,0.6446824141262508,0.10068241412625079,B8,calibrated
N12_D1000_Q0.4,12.0,1000.0,0.4,0.7804,0.7445348303118069,-0.03586516968819309,B8,calibrated
N12_D1000_Q0.5,12.0,1000.0,0.5,0.9814,0.8628580479429167,-0.1185419520570834,B8,calibrated
N12_D1000_Q0.6,12.0,1000.0,0.6,1.193,1.0030688146464686,-0.18993118535353148,B8,calibrated
N12_D1000_Q0.7,12.0,1000.0,0.7,1.4183,1.1692159114984824,-0.24908408850151753,B8,calibrated
N12_D1000_Q0.8,12.0,1000.0,0.8,1.5722,1.3660970672139883,-0.20610293278601177,B8,calibrated
N12_D1000_Q0.9,12.0,1000.0,0.9,1.826,1.5993974992425926,-0.2266025007574075,B8,calibrated
N12_D1000_Q0.95,12.0,1000.0,0.95,1.9075,1.7317640484582524,-0.1757359515417476,B8,calibrated
N12_D1000_Q1.0,12.0,1000.0,1.0,2.0468,1.8758540823367293,-0.17094591766327083,B8,calibrated
N12_D2000_Q0.05,12.0,2000.0,0.05,0.5,0.4378553112654876,-0.0621446887345124,B8,calibrated
N12_D2000_Q0.1,12.0,2000.0,0.1,0.5,0.4673460047105288,-0.032653995289471216,B8,calibrated
N12_D2000_Q0.2,12.0,2000.0,0.2,0.5,0.5343945516206703,0.03439455162067029,B8,calibrated
N12_D2000_Q0.3,12.0,2000.0,0.3,0.5484,0.6138458068928081,0.0654458068928081,B8,calibrated
N12_D2000_Q0.4,12.0,2000.0,0.4,0.7469,0.7079940361270438,-0.038905963872956195,B8,calibrated
N12_D2000_Q0.5,12.0,2000.0,0.5,0.9661,0.8195579005062966,-0.14654209949370334,B8,calibrated
N12_D2000_Q0.6,12.0,2000.0,0.6,1.1885,0.95175896192261,-0.2367410380773899,B8,calibrated
N12_D2000_Q0.7,12.0,2000.0,0.7,1.3664,1.1084147100615207,-0.25798528993847936,B8,calibrated
N12_D2000_Q0.8,12.0,2000.0,0.8,1.6065,1.2940487977310589,-0.3124512022689412,B8,calibrated
N12_D2000_Q0.9,12.0,2000.0,0.9,1.7583,1.514021667633956,-0.24427833236604402,B8,calibrated
N12_D2000_Q0.95,12.0,2000.0,0.95,1.9375,1.638826621730834,-0.29867337826916596,B8,calibrated
N12_D2000_Q1.0,12.0,2000.0,1.0,1.9695,1.7746853426129632,-0.19481465738703685,B8,calibrated
N20_D0005_Q0.05,20.0,5.0,0.05,0.5,0.638745744715253,0.13874574471525303,B8,extrapolated
N20_D0005_Q0.1,20.0,5.0,0.1,0.5,0.6877805645022239,0.1877805645022239,B8,extrapolated
N20_D0005_Q0.2,20.0,5.0,0.2,0.5,0.7992636471514685,0.29926364715146847,B8,extrapolated
N20_D0005_Q0.3,20.0,5.0,0.3,0.6738,0.9313689837512421,0.25756898375124215,B8,extrapolated
N20_D0005_Q0.4,20.0,5.0,0.4,0.9583,1.0879112997997462,0.12961129979974617,B8,extrapolated
N20_D0005_Q0.5,20.0,5.0,0.5,1.2067,1.2734109725954903,0.06671097259549019,B8,extrapolated
N20_D0005_Q0.6,20.0,5.0,0.6,1.5155,1.493224563424607,-0.022275436575392993,B8,extrapolated
N20_D0005_Q0.7,20.0,5.0,0.7,1.7701,1.7536994957248597,-0.016400504275140282,B8,extrapolated
N20_D0005_Q0.8,20.0,5.0,0.8,2.0429,2.062357345773657,0.019457345773656876,B8,extrapolated
N20_D0005_Q0.9,20.0,5.0,0.9,2.3981,2.428111038673852,0.03001103867385213,B8,extrapolated
N20_D0005_Q0.95,20.0,5.0,0.95,2.5077,2.6356269604023943,0.12792696040239449,B8,extrapolated
N20_D0005_Q1.0,20.0,5.0,1.0,2.5772,2.8615222214737734,0.2843222214737735,B8,extrapolated
N20_D0010_Q0.05,20.0,10.0,0.05,0.5,0.6071185054928152,0.10711850549281521,B8,extrapolated
N20_D0010_Q0.1,20.0,10.0,0.1,0.5,0.653352153411602,0.15335215341160202,B8,extrapolated
N20_D0010_Q0.2,20.0,10.0,0.2,0.5,0.7584666335809722,0.2584666335809722,B8,extrapolated
N20_D0010_Q0.3,20.0,10.0,0.3,0.641,0.8830252971404874,0.24202529714048737,B8,extrapolated
N20_D0010_Q0.4,20.0,10.0,0.4,0.8905,1.0306249488985852,0.1401249488985853,B8,extrapolated
N20_D0010_Q0.5,20.0,10.0,0.5,1.1635,1.2055277342733046,0.04202773427330464,B8,extrapolated
N20_D0010_Q0.6,20.0,10.0,0.6,1.446,1.412784214674565,-0.0332157853254349,B8,extrapolated
N20_D0010_Q0.7,20.0,10.0,0.7,1.7094,1.658379209495768,-0.05102079050423214,B8,extrapolated
N20_D0010_Q0.8,20.0,10.0,0.8,2.0156,1.9494046161052483,-0.06619538389475177,B8,extrapolated
N20_D0010_Q0.9,20.0,10.0,0.9,2.2015,2.294264198255419,0.09276419825541904,B8,extrapolated
N20_D0010_Q0.95,20.0,10.0,0.95,2.3473,2.489925528396358,0.142625528396358,B8,extrapolated
N20_D0010_Q1.0,20.0,10.0,1.0,2.4446,2.702916256460004,0.2583162564600041,B8,extrapolated
N20_D0020_Q0.05,20.0,20.0,0.05,0.5,0.5772980095838657,0.07729800958386568,B8,extrapolated
N20_D0020_Q0.1,20.0,20.0,0.1,0.5,0.6208905058786378,0.12089050587863781,B8,extrapolated
N20_D0020_Q0.2,20.0,20.0,0.2,0.5,0.7200001974902357,0.2200001974902357,B8,extrapolated
N20_D0020_Q0.3,20.0,20.0,0.3,0.5948,0.8374433006007204,0.24264330060072037,B8,extrapolated
N20_D0020_Q0.4,20.0,20.0,0.4,0.8354,0.9766111483049895,0.1412111483049895,B8,extrapolated
N20_D0020_Q0.5,20.0,20.0,0.5,1.0991,1.1415224059411104,0.042422405941110464,B8,extrapolated
N20_D0020_Q0.6,20.0,20.0,0.6,1.3714,1.336939115646342,-0.03446088435365802,B8,extrapolated
N20_D0020_Q0.7,20.0,20.0,0.7,1.6057,1.5685042069530883,-0.03719579304691156,B8,extrapolated
N20_D0020_Q0.8,20.0,20.0,0.8,1.8837,1.8429044442346725,-0.04079555576532745,B8,extrapolated
N20_D0020_Q0.9,20.0,20.0,0.9,2.0254,2.168063516335259,0.1426635163352592,B8,extrapolated
N20_D0020_Q0.95,20.0,20.0,0.95,2.2272,2.35254746240375,0.12534746240375005,B8,extrapolated
N20_D0020_Q1.0,20.0,20.0,1.0,2.3884,2.553370844115805,0.1649708441158051,B8,extrapolated
N20_D0050_Q0.05,20.0,50.0,0.05,0.5,0.5404757007925476,0.040475700792547586,B8,extrapolated
N20_D0050_Q0.1,20.0,50.0,0.1,0.5,0.5808069065654885,0.0808069065654885,B8,extrapolated
N20_D0050_Q0.2,20.0,50.0,0.2,0.5,0.6725018932313345,0.17250189323133447,B8,extrapolated
N20_D0050_Q0.3,20.0,50.0,0.3,0.5672,0.7811587117381864,0.21395871173818637,B8,extrapolated
N20_D0050_Q0.4,20.0,50.0,0.4,0.8172,0.9099149789816228,0.09271497898162273,B8,extrapolated
N20_D0050_Q0.5,20.0,50.0,0.5,1.0322,1.062488711419939,0.03028871141993905,B8,extrapolated
N20_D0050_Q0.6,20.0,50.0,0.6,1.2838,1.2432856879752354,-0.04051431202476463,B8,extrapolated
N20_D0050_Q0.7,20.0,50.0,0.7,1.5601,1.4575266730330758,-0.10257332696692423,B8,extrapolated
N20_D0050_Q0.8,20.0,50.0,0.8,1.8085,1.7113981732819519,-0.09710182671804812,B8,extrapolated
N20_D0050_Q0.9,20.0,50.0,0.9,2.0156,2.012231081706148,-0.003368918293852108,B8,extrapolated
N20_D0050_Q0.95,20.0,50.0,0.95,2.0825,2.1829132087488414,0.10041320874884141,B8,extrapolated
N20_D0050_Q1.0,20.0,50.0,1.0,2.2835,2.368712367326004,0.08521236732600412,B8,extrapolated
N20_D0100_Q0.05,20.0,100.0,0.05,0.5,0.5144622536410787,0.01446225364107867,B8,extrapolated
N20_D0100_Q0.1,20.0,100.0,0.1,0.5,0.5524894917536526,0.052489491753652584,B8,extrapolated
N20_D0100_Q0.2,20.0,100.0,0.2,0.5,0.6389462942430754,0.13894629424307536,B8,extrapolated
N20_D0100_Q0.3,20.0,100.0,0.3,0.5564,0.7413959639399579,0.18499596393995787,B8,extrapolated
N20_D0100_Q0.4,20.0,100.0,0.4,0.793,0.8627968776770164,0.06979687767701637,B8,extrapolated
N20_D0100_Q0.5,20.0,100.0,0.5,0.9903,1.0066546558406602,0.016354655840660204,B8,extrapolated
N20_D0100_Q0.6,20.0,100.0,0.6,1.2411,1.177123392039825,-0.06397660796017512,B8,extrapolated
N20_D0100_Q0.7,20.0,100.0,0.7,1.4352,1.3791256083418453,-0.056074391658154754,B8,extrapolated
N20_D0100_Q0.8,20.0,100.0,0.8,1.7346,1.6184943999497943,-0.11610560005020565,B8,extrapolated
N20_D0100_Q0.9,20.0,100.0,0.9,1.9249,1.9021418739467235,-0.02275812605327654,B8,extrapolated
N20_D0100_Q0.95,20.0,100.0,0.95,2.0146,2.0630735833321086,0.04847358333210838,B8,extrapolated
N20_D0100_Q1.0,20.0,100.0,1.0,2.1626,2.238258746010037,0.07565874601003708,B8,extrapolated
N20_D0150_Q0.05,20.0,150.0,0.05,0.5,0.4999398104734659,-6.018952653408238e-05,B8,extrapolated
N20_D0150_Q0.1,20.0,150.0,0.1,0.5,0.5366808199976919,0.036680819997691905,B8,extrapolated
N20_D0150_Q0.2,20.0,150.0,0.2,0.5,0.6202133183162506,0.1202133183162506,B8,extrapolated
N20_D0150_Q0.3,20.0,150.0,0.3,0.5609,0.7191977430841998,0.15829774308419986,B8,extrapolated
N20_D0150_Q0.4,20.0,150.0,0.4,0.7726,0.8364924073629647,0.06389240736296475,B8,extrapolated
N20_D0150_Q0.5,20.0,150.0,0.5,1.0014,0.9754843578695347,-0.025915642130465377,B8,extrapolated
N20_D0150_Q0.6,20.0,150.0,0.6,1.2131,1.1401871806655275,-0.07291281933447258,B8,extrapolated
N20_D0150_Q0.7,20.0,150.0,0.7,1.4349,1.335356899042031,-0.09954310095796903,B8,extrapolated
N20_D0150_Q0.8,20.0,150.0,0.8,1.6867,1.566629310312996,-0.12007068968700407,B8,extrapolated
N20_D0150_Q0.9,20.0,150.0,0.9,1.9415,1.840682727308271,-0.10081727269172891,B8,extrapolated
N20_D0150_Q0.95,20.0,150.0,0.95,1.9787,1.9961711025032949,0.017471102503294977,B8,extrapolated
N20_D0150_Q1.0,20.0,150.0,1.0,2.202,2.1654308239534465,-0.03656917604655341,B8,extrapolated
N20_D0300_Q0.05,20.0,300.0,0.05,0.5,0.4762420238282843,-0.02375797617171571,B8,extrapolated
N20_D0300_Q0.1,20.0,300.0,0.1,0.5,0.5108841598839208,0.010884159883920774,B8,extrapolated
N20_D0300_Q0.2,20.0,300.0,0.2,0.5,0.5896447657924404,0.0896447657924404,B8,extrapolated
N20_D0300_Q0.3,20.0,300.0,0.3,0.5245,0.6829745886417337,0.1584745886417337,B8,extrapolated
N20_D0300_Q0.4,20.0,300.0,0.4,0.7862,0.7935686569910512,0.007368656991051159,B8,extrapolated
N20_D0300_Q0.5,20.0,300.0,0.5,0.9918,0.9246205285220179,-0.06717947147798209,B8,extrapolated
N20_D0300_Q0.6,20.0,300.0,0.6,1.1855,1.0799145084624442,-0.10558549153755581,B8,extrapolated
N20_D0300_Q0.7,20.0,300.0,0.7,1.4233,1.2639349266679105,-0.1593650733320895,B8,extrapolated
N20_D0300_Q0.8,20.0,300.0,0.8,1.616,1.4819956288889842,-0.13400437111101593,B8,extrapolated
N20_D0300_Q0.9,20.0,300.0,0.9,1.8103,1.7403934214646737,-0.06990657853532634,B8,extrapolated
N20_D0300_Q0.95,20.0,300.0,0.95,1.931,1.8869993399826228,-0.044000660017377236,B8,extrapolated
N20_D0300_Q1.0,20.0,300.0,1.0,2.0706,2.0465899003712544,-0.024010099628745785,B8,extrapolated
N20_D0500_Q0.05,20.0,500.0,0.05,0.5,0.459648456398031,-0.04035154360196902,B8,extrapolated
N20_D0500_Q0.1,20.0,500.0,0.1,0.5,0.49282092784109943,-0.007179072158900568,B8,extrapolated
N20_D0500_Q0.2,20.0,500.0,0.2,0.5,0.5682401787251407,0.06824017872514065,B8,extrapolated
N20_D0500_Q0.3,20.0,500.0,0.3,0.5267,0.6576105593010545,0.13091055930105455,B8,extrapolated
N20_D0500_Q0.4,20.0,500.0,0.4,0.7311,0.7635127637205068,0.03241276372050683,B8,extrapolated
N20_D0500_Q0.5,20.0,500.0,0.5,0.9588,0.8890048655626026,-0.06979513443739738,B8,extrapolated
N20_D0500_Q0.6,20.0,500.0,0.6,1.1533,1.0377106239656286,-0.11558937603437136,B8,extrapolated
N20_D0500_Q0.7,20.0,500.0,0.7,1.3975,1.2139241247168078,-0.1835758752831922,B8,extrapolated
N20_D0500_Q0.8,20.0,500.0,0.8,1.5833,1.4227337779572025,-0.16056622204279747,B8,extrapolated
N20_D0500_Q0.9,20.0,500.0,0.9,1.8347,1.6701692531081158,-0.16453074689188418,B8,extrapolated
N20_D0500_Q0.95,20.0,500.0,0.95,1.9382,1.8105555340698578,-0.12764446593014211,B8,extrapolated
N20_D0500_Q1.0,20.0,500.0,1.0,2.0683,1.9633755939695363,-0.10492440603046349,B8,extrapolated
N20_D1000_Q0.05,20.0,1000.0,0.05,0.5,0.4382523608380309,-0.061747639161969126,B8,extrapolated
N20_D1000_Q0.1,20.0,1000.0,0.1,0.5,0.4695298157559412,-0.030470184244058784,B8,extrapolated
N20_D1000_Q0.2,20.0,1000.0,0.2,0.5,0.5406406530511549,0.04064065305115494,B8,extrapolated
N20_D1000_Q0.3,20.0,1000.0,0.3,0.5122,0.6249056453130963,0.11270564531309635,B8,extrapolated
N20_D1000_Q0.4,20.0,1000.0,0.4,0.7145,0.7247580614986524,0.010258061498652382,B8,extrapolated
N20_D1000_Q0.5,20.0,1000.0,0.5,0.9421,0.8430812791297622,-0.09901872087023789,B8,extrapolated
N20_D1000_Q0.6,20.0,1000.0,0.6,1.156,0.9832920458333142,-0.17270795416668572,B8,extrapolated
N20_D1000_Q0.7,20.0,1000.0,0.7,1.3503,1.1494391426853279,-0.20086085731467218,B8,extrapolated
N20_D1000_Q0.8,20.0,1000.0,0.8,1.5928,1.3463202984008338,-0.2464797015991662,B8,extrapolated
N20_D1000_Q0.9,20.0,1000.0,0.9,1.8254,1.579620730429438,-0.24577926957056184,B8,extrapolated
N20_D1000_Q0.95,20.0,1000.0,0.95,1.8833,1.711987279645098,-0.17131272035490208,B8,extrapolated
N20_D1000_Q1.0,20.0,1000.0,1.0,1.9818,1.8560773135235749,-0.12572268647642515,B8,extrapolated
N20_D2000_Q0.05,20.0,2000.0,0.05,0.5,0.4180785424523331,-0.08192145754766689,B8,extrapolated
N20_D2000_Q0.1,20.0,2000.0,0.1,0.5,0.4475692358973743,-0.052430764102625704,B8,extrapolated
N20_D2000_Q0.2,20.0,2000.0,0.2,0.5,0.5146177828075158,0.0146177828075158,B8,extrapolated
N20_D2000_Q0.3,20.0,2000.0,0.3,0.5,0.5940690380796536,0.09406903807965361,B8,extrapolated
N20_D2000_Q0.4,20.0,2000.0,0.4,0.7172,0.6882172673138893,-0.028982732686110624,B8,extrapolated
N20_D2000_Q0.5,20.0,2000.0,0.5,0.9179,0.7997811316931421,-0.11811886830685792,B8,extrapolated
N20_D2000_Q0.6,20.0,2000.0,0.6,1.1399,0.9319821931094555,-0.2079178068905444,B8,extrapolated
N20_D2000_Q0.7,20.0,2000.0,0.7,1.352,1.0886379412483662,-0.2633620587516339,B8,extrapolated
N20_D2000_Q0.8,20.0,2000.0,0.8,1.5389,1.2742720289179044,-0.26462797108209557,B8,extrapolated
N20_D2000_Q0.9,20.0,2000.0,0.9,1.7931,1.4942448988208015,-0.29885510117919845,B8,extrapolated
N20_D2000_Q0.95,20.0,2000.0,0.95,1.8594,1.6190498529176796,-0.2403501470823204,B8,extrapolated
N20_D2000_Q1.0,20.0,2000.0,1.0,1.9584,1.7549085737998087,-0.20349142620019123,B8,extrapolated
N40_D0005_Q0.05,40.0,5.0,0.05,0.5,0.6177353304780705,0.1177353304780705,B8,extrapolated
N40_D0005_Q0.1,40.0,5.0,0.1,0.5,0.6667701502650414,0.16677015026504138,B8,extrapolated
N40_D0005_Q0.2,40.0,5.0,0.2,0.5,0.7782532329142859,0.27825323291428594,B8,extrapolated
N40_D0005_Q0.3,40.0,5.0,0.3,0.5852,0.9103585695140596,0.3251585695140595,B8,extrapolated
N40_D0005_Q0.4,40.0,5.0,0.4,0.867,1.0669008855625637,0.1999008855625637,B8,extrapolated
N40_D0005_Q0.5,40.0,5.0,0.5,1.1797,1.2524005583583078,0.0727005583583078,B8,extrapolated
N40_D0005_Q0.6,40.0,5.0,0.6,1.4673,1.4722141491874245,0.004914149187424499,B8,extrapolated
N40_D0005_Q0.7,40.0,5.0,0.7,1.664,1.7326890814876772,0.06868908148767727,B8,extrapolated
N40_D0005_Q0.8,40.0,5.0,0.8,2.0255,2.0413469315364745,0.01584693153647443,B8,extrapolated
N40_D0005_Q0.9,40.0,5.0,0.9,2.2617,2.4071006244366693,0.14540062443666946,B8,extrapolated
N40_D0005_Q0.95,40.0,5.0,0.95,2.4282,2.6146165461652116,0.18641654616521164,B8,extrapolated
N40_D0005_Q1.0,40.0,5.0,1.0,2.5961,2.8405118072365907,0.24441180723659084,B8,extrapolated
N40_D0010_Q0.05,40.0,10.0,0.05,0.5,0.5861080912556327,0.08610809125563268,B8,extrapolated
N40_D0010_Q0.1,40.0,10.0,0.1,0.5,0.6323417391744195,0.1323417391744195,B8,extrapolated
N40_D0010_Q0.2,40.0,10.0,0.2,0.5,0.7374562193437897,0.2374562193437897,B8,extrapolated
N40_D0010_Q0.3,40.0,10.0,0.3,0.5768,0.8620148829033049,0.2852148829033049,B8,extrapolated
N40_D0010_Q0.4,40.0,10.0,0.4,0.8237,1.0096145346614027,0.18591453466140273,B8,extrapolated
N40_D0010_Q0.5,40.0,10.0,0.5,1.0791,1.184517320036122,0.10541732003612214,B8,extrapolated
N40_D0010_Q0.6,40.0,10.0,0.6,1.3525,1.3917738004373825,0.03927380043738249,B8,extrapolated
N40_D0010_Q0.7,40.0,10.0,0.7,1.6241,1.6373687952585854,0.013268795258585264,B8,extrapolated
N40_D0010_Q0.8,40.0,10.0,0.8,1.9251,1.9283942018680658,0.003294201868065727,B8,extrapolated
N40_D0010_Q0.9,40.0,10.0,0.9,2.2087,2.273253784018236,0.0645537840182362,B8,extrapolated
N40_D0010_Q0.95,40.0,10.0,0.95,2.253,2.4689151141591754,0.2159151141591753,B8,extrapolated
N40_D0010_Q1.0,40.0,10.0,1.0,2.4636,2.6819058422228212,0.21830584222282123,B8,extrapolated
N40_D0020_Q0.05,40.0,20.0,0.05,0.5,0.5562875953466832,0.05628759534668315,B8,extrapolated
N40_D0020_Q0.1,40.0,20.0,0.1,0.5,0.5998800916414553,0.09988009164145528,B8,extrapolated
N40_D0020_Q0.2,40.0,20.0,0.2,0.5,0.6989897832530532,0.19898978325305317,B8,extrapolated
N40_D0020_Q0.3,40.0,20.0,0.3,0.5362,0.8164328863635378,0.2802328863635378,B8,extrapolated
N40_D0020_Q0.4,40.0,20.0,0.4,0.7886,0.955600734067807,0.16700073406780702,B8,extrapolated
N40_D0020_Q0.5,40.0,20.0,0.5,1.0198,1.120511991703928,0.10071199170392786,B8,extrapolated
N40_D0020_Q0.6,40.0,20.0,0.6,1.3092,1.3159287014091594,0.006728701409159488,B8,extrapolated
N40_D0020_Q0.7,40.0,20.0,0.7,1.562,1.5474937927159058,-0.014506207284094241,B8,extrapolated
N40_D0020_Q0.8,40.0,20.0,0.8,1.7885,1.82189402999749,0.03339402999748997,B8,extrapolated
N40_D0020_Q0.9,40.0,20.0,0.9,2.0261,2.1470531020980763,0.1209531020980763,B8,extrapolated
N40_D0020_Q0.95,40.0,20.0,0.95,2.1982,2.331537048166567,0.13333704816656722,B8,extrapolated
N40_D0020_Q1.0,40.0,20.0,1.0,2.3679,2.532360429878622,0.16446042987862208,B8,extrapolated
N40_D0050_Q0.05,40.0,50.0,0.05,0.5,0.5194652865553651,0.019465286555365058,B8,extrapolated
N40_D0050_Q0.1,40.0,50.0,0.1,0.5,0.559796492328306,0.05979649232830597,B8,extrapolated
N40_D0050_Q0.2,40.0,50.0,0.2,0.5,0.6514914789941519,0.15149147899415194,B8,extrapolated
N40_D0050_Q0.3,40.0,50.0,0.3,0.5011,0.7601482975010039,0.2590482975010039,B8,extrapolated
N40_D0050_Q0.4,40.0,50.0,0.4,0.7348,0.8889045647444402,0.15410456474444023,B8,extrapolated
N40_D0050_Q0.5,40.0,50.0,0.5,1.0179,1.0414782971827565,0.023578297182756502,B8,extrapolated
N40_D0050_Q0.6,40.0,50.0,0.6,1.2307,1.222275273738053,-0.008424726261947013,B8,extrapolated
N40_D0050_Q0.7,40.0,50.0,0.7,1.4863,1.4365162587958933,-0.04978374120410667,B8,extrapolated
N40_D0050_Q0.8,40.0,50.0,0.8,1.6999,1.6903877590447693,-0.009512240955230622,B8,extrapolated
N40_D0050_Q0.9,40.0,50.0,0.9,1.9707,1.9912206674689656,0.020520667468965748,B8,extrapolated
N40_D0050_Q0.95,40.0,50.0,0.95,2.0827,2.1619027945116587,0.07920279451165868,B8,extrapolated
N40_D0050_Q1.0,40.0,50.0,1.0,2.262,2.3477019530888215,0.08570195308882145,B8,extrapolated
N40_D0100_Q0.05,40.0,100.0,0.05,0.5,0.49345183940389614,-0.006548160596103858,B8,extrapolated
N40_D0100_Q0.1,40.0,100.0,0.1,0.5,0.53147907751647,0.031479077516470055,B8,extrapolated
N40_D0100_Q0.2,40.0,100.0,0.2,0.5,0.6179358800058928,0.11793588000589283,B8,extrapolated
N40_D0100_Q0.3,40.0,100.0,0.3,0.5,0.7203855497027754,0.22038554970277535,B8,extrapolated
N40_D0100_Q0.4,40.0,100.0,0.4,0.7481,0.8417864634398339,0.09368646343983389,B8,extrapolated
N40_D0100_Q0.5,40.0,100.0,0.5,0.9344,0.9856442416034777,0.051244241603477736,B8,extrapolated
N40_D0100_Q0.6,40.0,100.0,0.6,1.1814,1.1561129778026424,-0.025287022197357567,B8,extrapolated
N40_D0100_Q0.7,40.0,100.0,0.7,1.417,1.3581151941046627,-0.05888480589533729,B8,extrapolated
N40_D0100_Q0.8,40.0,100.0,0.8,1.6703,1.5974839857126117,-0.07281601428738815,B8,extrapolated
N40_D0100_Q0.9,40.0,100.0,0.9,1.9207,1.881131459709541,-0.03956854029045909,B8,extrapolated
N40_D0100_Q0.95,40.0,100.0,0.95,2.0172,2.042063169094926,0.02486316909492592,B8,extrapolated
N40_D0100_Q1.0,40.0,100.0,1.0,2.1214,2.217248331772854,0.09584833177285423,B8,extrapolated
N40_D0150_Q0.05,40.0,150.0,0.05,0.5,0.4789293962362834,-0.02107060376371661,B8,extrapolated
N40_D0150_Q0.1,40.0,150.0,0.1,0.5,0.5156704057605094,0.015670405760509376,B8,extrapolated
N40_D0150_Q0.2,40.0,150.0,0.2,0.5,0.5992029040790681,0.09920290407906807,B8,extrapolated
N40_D0150_Q0.3,40.0,150.0,0.3,0.5,0.6981873288470173,0.19818732884701729,B8,extrapolated
N40_D0150_Q0.4,40.0,150.0,0.4,0.7164,0.8154819931257822,0.09908199312578214,B8,extrapolated
N40_D0150_Q0.5,40.0,150.0,0.5,0.9445,0.9544739436323522,0.009973943632352156,B8,extrapolated
N40_D0150_Q0.6,40.0,150.0,0.6,1.2004,1.119176766428345,-0.08122323357165495,B8,extrapolated
N40_D0150_Q0.7,40.0,150.0,0.7,1.4026,1.3143464848048485,-0.08825351519515157,B8,extrapolated
N40_D0150_Q0.8,40.0,150.0,0.8,1.6463,1.5456188960758135,-0.10068110392418661,B8,extrapolated
N40_D0150_Q0.9,40.0,150.0,0.9,1.8339,1.8196723130710886,-0.01422768692891152,B8,extrapolated
N40_D0150_Q0.95,40.0,150.0,0.95,1.9979,1.9751606882661124,-0.022739311733887657,B8,extrapolated
N40_D0150_Q1.0,40.0,150.0,1.0,2.0917,2.144420409716264,0.052720409716263905,B8,extrapolated
N40_D0300_Q0.05,40.0,300.0,0.05,0.5,0.45523160959110176,-0.04476839040889824,B8,extrapolated
N40_D0300_Q0.1,40.0,300.0,0.1,0.5,0.4898737456467383,-0.010126254353261699,B8,extrapolated
N40_D0300_Q0.2,40.0,300.0,0.2,0.5,0.5686343515552579,0.06863435155525788,B8,extrapolated
N40_D0300_Q0.3,40.0,300.0,0.3,0.5,0.6619641744045511,0.16196417440455113,B8,extrapolated
N40_D0300_Q0.4,40.0,300.0,0.4,0.6864,0.7725582427538686,0.08615824275386863,B8,extrapolated
N40_D0300_Q0.5,40.0,300.0,0.5,0.9212,0.9036101142848354,-0.01758988571516462,B8,extrapolated
N40_D0300_Q0.6,40.0,300.0,0.6,1.1336,1.0589040942252617,-0.07469590577473828,B8,extrapolated
N40_D0300_Q0.7,40.0,300.0,0.7,1.3816,1.242924512430728,-0.13867548756927195,B8,extrapolated
N40_D0300_Q0.8,40.0,300.0,0.8,1.5375,1.4609852146518016,-0.07651478534819844,B8,extrapolated
N40_D0300_Q0.9,40.0,300.0,0.9,1.8101,1.7193830072274912,-0.09071699277250889,B8,extrapolated
N40_D0300_Q0.95,40.0,300.0,0.95,1.9054,1.8659889257454403,-0.0394110742545597,B8,extrapolated
N40_D0300_Q1.0,40.0,300.0,1.0,2.0147,2.0255794861340717,0.010879486134071747,B8,extrapolated
N40_D0500_Q0.05,40.0,500.0,0.05,0.5,0.4386380421608485,-0.06136195783915149,B8,extrapolated
N40_D0500_Q0.1,40.0,500.0,0.1,0.5,0.4718105136039169,-0.028189486396083097,B8,extrapolated
N40_D0500_Q0.2,40.0,500.0,0.2,0.5,0.5472297644879581,0.047229764487958126,B8,extrapolated
N40_D0500_Q0.3,40.0,500.0,0.3,0.5,0.636600145063872,0.13660014506387197,B8,extrapolated
N40_D0500_Q0.4,40.0,500.0,0.4,0.7035,0.7425023494833243,0.03900234948332426,B8,extrapolated
N40_D0500_Q0.5,40.0,500.0,0.5,0.8866,0.8679944513254201,-0.018605548674579975,B8,extrapolated
N40_D0500_Q0.6,40.0,500.0,0.6,1.1238,1.016700209728446,-0.10709979027155381,B8,extrapolated
N40_D0500_Q0.7,40.0,500.0,0.7,1.351,1.1929137104796252,-0.15808628952037473,B8,extrapolated
N40_D0500_Q0.8,40.0,500.0,0.8,1.5771,1.40172336372002,-0.17537663627998,B8,extrapolated
N40_D0500_Q0.9,40.0,500.0,0.9,1.7729,1.6491588388709333,-0.12374116112906663,B8,extrapolated
N40_D0500_Q0.95,40.0,500.0,0.95,1.8226,1.7895451198326753,-0.03305488016732472,B8,extrapolated
N40_D0500_Q1.0,40.0,500.0,1.0,2.0298,1.9423651797323538,-0.08743482026764604,B8,extrapolated
N40_D1000_Q0.05,40.0,1000.0,0.05,0.5,0.41724194660084835,-0.08275805339915165,B8,extrapolated
N40_D1000_Q0.1,40.0,1000.0,0.1,0.5,0.4485194015187587,-0.05148059848124131,B8,extrapolated
N40_D1000_Q0.2,40.0,1000.0,0.2,0.5,0.5196302388139724,0.01963023881397241,B8,extrapolated
N40_D1000_Q0.3,40.0,1000.0,0.3,0.5,0.6038952310759138,0.10389523107591381,B8,extrapolated
N40_D1000_Q0.4,40.0,1000.0,0.4,0.6682,0.7037476472614699,0.03554764726146986,B8,extrapolated
N40_D1000_Q0.5,40.0,1000.0,0.5,0.8929,0.8220708648925796,-0.0708291351074204,B8,extrapolated
N40_D1000_Q0.6,40.0,1000.0,0.6,1.1087,0.9622816315961317,-0.14641836840386835,B8,extrapolated
N40_D1000_Q0.7,40.0,1000.0,0.7,1.3121,1.1284287284481453,-0.1836712715518547,B8,extrapolated
N40_D1000_Q0.8,40.0,1000.0,0.8,1.5165,1.3253098841636513,-0.1911901158363487,B8,extrapolated
N40_D1000_Q0.9,40.0,1000.0,0.9,1.7375,1.5586103161922555,-0.1788896838077445,B8,extrapolated
N40_D1000_Q0.95,40.0,1000.0,0.95,1.8219,1.6909768654079154,-0.1309231345920847,B8,extrapolated
N40_D1000_Q1.0,40.0,1000.0,1.0,1.9394,1.8350668992863923,-0.10433310071360768,B8,extrapolated
N40_D2000_Q0.05,40.0,2000.0,0.05,0.5,0.39706812821515064,-0.10293187178484936,B8,extrapolated
N40_D2000_Q0.1,40.0,2000.0,0.1,0.5,0.42655882166019177,-0.07344117833980823,B8,extrapolated
N40_D2000_Q0.2,40.0,2000.0,0.2,0.5,0.49360736857033327,-0.006392631429666729,B8,extrapolated
N40_D2000_Q0.3,40.0,2000.0,0.3,0.5,0.5730586238424711,0.07305862384247108,B8,extrapolated
N40_D2000_Q0.4,40.0,2000.0,0.4,0.6377,0.6672068530767068,0.02950685307670675,B8,extrapolated
N40_D2000_Q0.5,40.0,2000.0,0.5,0.8589,0.7787707174559596,-0.08012928254404039,B8,extrapolated
N40_D2000_Q0.6,40.0,2000.0,0.6,1.0771,0.910971778872273,-0.16612822112772696,B8,extrapolated
N40_D2000_Q0.7,40.0,2000.0,0.7,1.3187,1.0676275270111837,-0.2510724729888163,B8,extrapolated
N40_D2000_Q0.8,40.0,2000.0,0.8,1.5044,1.2532616146807218,-0.2511383853192781,B8,extrapolated
N40_D2000_Q0.9,40.0,2000.0,0.9,1.7336,1.473234484583619,-0.2603655154163811,B8,extrapolated
N40_D2000_Q0.95,40.0,2000.0,0.95,1.7276,1.598039438680497,-0.129560561319503,B8,extrapolated
N40_D2000_Q1.0,40.0,2000.0,1.0,1.9275,1.7338981595626262,-0.19360184043737383,B8,extrapolated
N70_D0005_Q0.05,70.0,5.0,0.05,0.5,0.6046217208522028,0.10462172085220278,B8,extrapolated
N70_D0005_Q0.1,70.0,5.0,0.1,0.5,0.6536565406391737,0.15365654063917367,B8,extrapolated
N70_D0005_Q0.2,70.0,5.0,0.2,0.5,0.7651396232884182,0.2651396232884182,B8,extrapolated
N70_D0005_Q0.3,70.0,5.0,0.3,0.5039,0.8972449598881919,0.39334495988819185,B8,extrapolated
N70_D0005_Q0.4,70.0,5.0,0.4,0.8232,1.053787275936696,0.23058727593669592,B8,extrapolated
N70_D0005_Q0.5,70.0,5.0,0.5,1.1008,1.23928694873244,0.13848694873244005,B8,extrapolated
N70_D0005_Q0.6,70.0,5.0,0.6,1.4166,1.4591005395615568,0.04250053956155675,B8,extrapolated
N70_D0005_Q0.7,70.0,5.0,0.7,1.6785,1.7195754718618095,0.041075471861809376,B8,extrapolated
N70_D0005_Q0.8,70.0,5.0,0.8,2.0006,2.028233321910607,0.027633321910606856,B8,extrapolated
N70_D0005_Q0.9,70.0,5.0,0.9,2.2782,2.393987014810802,0.115787014810802,B8,extrapolated
N70_D0005_Q0.95,70.0,5.0,0.95,2.4175,2.6015029365393443,0.1840029365393443,B8,extrapolated
N70_D0005_Q1.0,70.0,5.0,1.0,2.6033,2.8273981976107234,0.22409819761072347,B8,extrapolated
N70_D0010_Q0.05,70.0,10.0,0.05,0.5,0.572994481629765,0.07299448162976496,B8,extrapolated
N70_D0010_Q0.1,70.0,10.0,0.1,0.5,0.6192281295485518,0.11922812954855178,B8,extrapolated
N70_D0010_Q0.2,70.0,10.0,0.2,0.5,0.724342609717922,0.22434260971792197,B8,extrapolated
N70_D0010_Q0.3,70.0,10.0,0.3,0.5,0.8489012732774371,0.34890127327743714,B8,extrapolated
N70_D0010_Q0.4,70.0,10.0,0.4,0.7647,0.9965009250355351,0.23180092503553507,B8,extrapolated
N70_D0010_Q0.5,70.0,10.0,0.5,1.0531,1.1714037104102544,0.11830371041025445,B8,extrapolated
N70_D0010_Q0.6,70.0,10.0,0.6,1.3151,1.3786601908115148,0.06356019081151487,B8,extrapolated
N70_D0010_Q0.7,70.0,10.0,0.7,1.6283,1.6242551856327176,-0.004044814367282434,B8,extrapolated
N70_D0010_Q0.8,70.0,10.0,0.8,1.8614,1.915280592242198,0.0538805922421981,B8,extrapolated
N70_D0010_Q0.9,70.0,10.0,0.9,2.1283,2.260140174392369,0.13184017439236895,B8,extrapolated
N70_D0010_Q0.95,70.0,10.0,0.95,2.2749,2.455801504533308,0.180901504533308,B8,extrapolated
N70_D0010_Q1.0,70.0,10.0,1.0,2.4186,2.668792232596954,0.2501922325969539,B8,extrapolated
N70_D0020_Q0.05,70.0,20.0,0.05,0.5,0.5431739857208154,0.04317398572081543,B8,extrapolated
N70_D0020_Q0.1,70.0,20.0,0.1,0.5,0.5867664820155876,0.08676648201558756,B8,extrapolated
N70_D0020_Q0.2,70.0,20.0,0.2,0.5,0.6858761736271854,0.18587617362718545,B8,extrapolated
N70_D0020_Q0.3,70.0,20.0,0.3,0.5,0.8033192767376701,0.3033192767376701,B8,extrapolated
N70_D0020_Q0.4,70.0,20.0,0.4,0.7217,0.9424871244419393,0.22078712444193926,B8,extrapolated
N70_D0020_Q0.5,70.0,20.0,0.5,0.9839,1.1073983820780602,0.12349838207806019,B8,extrapolated
N70_D0020_Q0.6,70.0,20.0,0.6,1.2611,1.3028150917832917,0.04171509178329158,B8,extrapolated
N70_D0020_Q0.7,70.0,20.0,0.7,1.5062,1.534380183090038,0.028180183090038113,B8,extrapolated
N70_D0020_Q0.8,70.0,20.0,0.8,1.7756,1.8087804203716222,0.033180420371622166,B8,extrapolated
N70_D0020_Q0.9,70.0,20.0,0.9,2.0434,2.133939492472209,0.09053949247220894,B8,extrapolated
N70_D0020_Q0.95,70.0,20.0,0.95,2.1901,2.3184234385407,0.12832343854069972,B8,extrapolated
N70_D0020_Q1.0,70.0,20.0,1.0,2.3369,2.519246820252755,0.18234682025275495,B8,extrapolated
N70_D0050_Q0.05,70.0,50.0,0.05,0.5,0.5063516769294973,0.006351676929497341,B8,extrapolated
N70_D0050_Q0.1,70.0,50.0,0.1,0.5,0.5466828827024383,0.046682882702438255,B8,extrapolated
N70_D0050_Q0.2,70.0,50.0,0.2,0.5,0.6383778693682842,0.13837786936828422,B8,extrapolated
N70_D0050_Q0.3,70.0,50.0,0.3,0.5,0.7470346878751362,0.24703468787513616,B8,extrapolated
N70_D0050_Q0.4,70.0,50.0,0.4,0.7053,0.8757909551185725,0.17049095511857248,B8,extrapolated
N70_D0050_Q0.5,70.0,50.0,0.5,0.9448,1.0283646875568888,0.08356468755688884,B8,extrapolated
N70_D0050_Q0.6,70.0,50.0,0.6,1.1924,1.2091616641121852,0.01676166411218527,B8,extrapolated
N70_D0050_Q0.7,70.0,50.0,0.7,1.4475,1.4234026491700256,-0.02409735082997444,B8,extrapolated
N70_D0050_Q0.8,70.0,50.0,0.8,1.6973,1.6772741494189016,-0.020025850581098403,B8,extrapolated
N70_D0050_Q0.9,70.0,50.0,0.9,1.9752,1.978107057843098,0.00290705784309786,B8,extrapolated
N70_D0050_Q0.95,70.0,50.0,0.95,2.1097,2.1487891848857914,0.03908918488579127,B8,extrapolated
N70_D0050_Q1.0,70.0,50.0,1.0,2.2162,2.334588343462954,0.11838834346295402,B8,extrapolated
N70_D0100_Q0.05,70.0,100.0,0.05,0.5,0.4803382297780285,-0.01966177022197152,B8,extrapolated
N70_D0100_Q0.1,70.0,100.0,0.1,0.5,0.5183654678906024,0.01836546789060245,B8,extrapolated
N70_D0100_Q0.2,70.0,100.0,0.2,0.5,0.6048222703800251,0.10482227038002512,B8,extrapolated
N70_D0100_Q0.3,70.0,100.0,0.3,0.5,0.7072719400769076,0.20727194007690763,B8,extrapolated
N70_D0100_Q0.4,70.0,100.0,0.4,0.6765,0.8286728538139662,0.15217285381396617,B8,extrapolated
N70_D0100_Q0.5,70.0,100.0,0.5,0.9072,0.97253063197761,0.06533063197761002,B8,extrapolated
N70_D0100_Q0.6,70.0,100.0,0.6,1.1486,1.1429993681767747,-0.005600631823225344,B8,extrapolated
N70_D0100_Q0.7,70.0,100.0,0.7,1.3726,1.345001584478795,-0.02759841552120501,B8,extrapolated
N70_D0100_Q0.8,70.0,100.0,0.8,1.6395,1.584370376086744,-0.05512962391325593,B8,extrapolated
N70_D0100_Q0.9,70.0,100.0,0.9,1.905,1.8680178500836733,-0.036982149916326756,B8,extrapolated
N70_D0100_Q0.95,70.0,100.0,0.95,1.9747,2.0289495594690585,0.05424955946905863,B8,extrapolated
N70_D0100_Q1.0,70.0,100.0,1.0,2.1223,2.204134722146987,0.08183472214698684,B8,extrapolated
N70_D0150_Q0.05,70.0,150.0,0.05,0.5,0.4658157866104157,-0.03418421338958427,B8,extrapolated
N70_D0150_Q0.1,70.0,150.0,0.1,0.5,0.5025567961346418,0.00255679613464177,B8,extrapolated
N70_D0150_Q0.2,70.0,150.0,0.2,0.5,0.5860892944532003,0.08608929445320035,B8,extrapolated
N70_D0150_Q0.3,70.0,150.0,0.3,0.5,0.6850737192211496,0.18507371922114957,B8,extrapolated
N70_D0150_Q0.4,70.0,150.0,0.4,0.6507,0.8023683834999145,0.15166838349991452,B8,extrapolated
N70_D0150_Q0.5,70.0,150.0,0.5,0.8903,0.9413603340064844,0.051060334006484465,B8,extrapolated
N70_D0150_Q0.6,70.0,150.0,0.6,1.1506,1.1060631568024772,-0.044536843197522824,B8,extrapolated
N70_D0150_Q0.7,70.0,150.0,0.7,1.3601,1.3012328751789808,-0.0588671248210193,B8,extrapolated
N70_D0150_Q0.8,70.0,150.0,0.8,1.5779,1.5325052864499458,-0.04539471355005431,B8,extrapolated
N70_D0150_Q0.9,70.0,150.0,0.9,1.8604,1.8065587034452208,-0.053841296554779206,B8,extrapolated
N70_D0150_Q0.95,70.0,150.0,0.95,1.9377,1.9620470786402446,0.024347078640244657,B8,extrapolated
N70_D0150_Q1.0,70.0,150.0,1.0,2.0817,2.1313068000903965,0.04960680009039642,B8,extrapolated
N70_D0300_Q0.05,70.0,300.0,0.05,0.5,0.4421179999652341,-0.0578820000347659,B8,extrapolated
N70_D0300_Q0.1,70.0,300.0,0.1,0.5,0.47676013602087064,-0.02323986397912936,B8,extrapolated
N70_D0300_Q0.2,70.0,300.0,0.2,0.5,0.5555207419293902,0.05552074192939016,B8,extrapolated
N70_D0300_Q0.3,70.0,300.0,0.3,0.5,0.6488505647786834,0.14885056477868341,B8,extrapolated
N70_D0300_Q0.4,70.0,300.0,0.4,0.6571,0.7594446331280009,0.1023446331280009,B8,extrapolated
N70_D0300_Q0.5,70.0,300.0,0.5,0.8554,0.8904965046589677,0.03509650465896763,B8,extrapolated
N70_D0300_Q0.6,70.0,300.0,0.6,1.1181,1.045790484599394,-0.07230951540060615,B8,extrapolated
N70_D0300_Q0.7,70.0,300.0,0.7,1.3754,1.2298109028048603,-0.14558909719513968,B8,extrapolated
N70_D0300_Q0.8,70.0,300.0,0.8,1.5736,1.447871605025934,-0.12572839497406618,B8,extrapolated
N70_D0300_Q0.9,70.0,300.0,0.9,1.7826,1.7062693976016234,-0.07633060239837652,B8,extrapolated
N70_D0300_Q0.95,70.0,300.0,0.95,1.9317,1.8528753161195726,-0.0788246838804274,B8,extrapolated
N70_D0300_Q1.0,70.0,300.0,1.0,2.0225,2.0124658765082044,-0.010034123491795555,B8,extrapolated
N70_D0500_Q0.05,70.0,500.0,0.05,0.5,0.42552443253498085,-0.07447556746501915,B8,extrapolated
N70_D0500_Q0.1,70.0,500.0,0.1,0.5,0.45869690397804924,-0.04130309602195076,B8,extrapolated
N70_D0500_Q0.2,70.0,500.0,0.2,0.5,0.5341161548620904,0.03411615486209041,B8,extrapolated
N70_D0500_Q0.3,70.0,500.0,0.3,0.5,0.6234865354380043,0.12348653543800425,B8,extrapolated
N70_D0500_Q0.4,70.0,500.0,0.4,0.6398,0.7293887398574566,0.08958873985745652,B8,extrapolated
N70_D0500_Q0.5,70.0,500.0,0.5,0.8696,0.8548808416995524,-0.014719158300447677,B8,extrapolated
N70_D0500_Q0.6,70.0,500.0,0.6,1.0654,1.0035866001025786,-0.061813399897421295,B8,extrapolated
N70_D0500_Q0.7,70.0,500.0,0.7,1.3269,1.1798001008537575,-0.14709989914624244,B8,extrapolated
N70_D0500_Q0.8,70.0,500.0,0.8,1.552,1.3886097540941522,-0.16339024590584783,B8,extrapolated
N70_D0500_Q0.9,70.0,500.0,0.9,1.7856,1.6360452292450656,-0.1495547707549345,B8,extrapolated
N70_D0500_Q0.95,70.0,500.0,0.95,1.8785,1.7764315102068076,-0.1020684897931925,B8,extrapolated
N70_D0500_Q1.0,70.0,500.0,1.0,2.0232,1.929251570106486,-0.09394842989351404,B8,extrapolated
N70_D1000_Q0.05,70.0,1000.0,0.05,0.5,0.4041283369749807,-0.09587166302501932,B8,extrapolated
N70_D1000_Q0.1,70.0,1000.0,0.1,0.5,0.435405791892891,-0.06459420810710897,B8,extrapolated
N70_D1000_Q0.2,70.0,1000.0,0.2,0.5,0.5065166291881047,0.0065166291881046945,B8,extrapolated
N70_D1000_Q0.3,70.0,1000.0,0.3,0.5,0.5907816214500461,0.09078162145004609,B8,extrapolated
N70_D1000_Q0.4,70.0,1000.0,0.4,0.6331,0.6906340376356022,0.057534037635602164,B8,extrapolated
N70_D1000_Q0.5,70.0,1000.0,0.5,0.8268,0.8089572552667119,-0.017842744733288063,B8,extrapolated
N70_D1000_Q0.6,70.0,1000.0,0.6,1.0717,0.949168021970264,-0.12253197802973614,B8,extrapolated
N70_D1000_Q0.7,70.0,1000.0,0.7,1.3056,1.1153151188222776,-0.19028488117772246,B8,extrapolated
N70_D1000_Q0.8,70.0,1000.0,0.8,1.5113,1.3121962745377835,-0.19910372546221655,B8,extrapolated
N70_D1000_Q0.9,70.0,1000.0,0.9,1.7324,1.5454967065663878,-0.18690329343361212,B8,extrapolated
N70_D1000_Q0.95,70.0,1000.0,0.95,1.8305,1.6778632557820476,-0.15263674421795237,B8,extrapolated
N70_D1000_Q1.0,70.0,1000.0,1.0,1.9314,1.8219532896605246,-0.1094467103394754,B8,extrapolated
N70_D2000_Q0.05,70.0,2000.0,0.05,0.5,0.383954518589283,-0.11604548141071702,B8,extrapolated
N70_D2000_Q0.1,70.0,2000.0,0.1,0.5,0.4134452120343241,-0.0865547879656759,B8,extrapolated
N70_D2000_Q0.2,70.0,2000.0,0.2,0.5,0.4804937589444656,-0.01950624105553439,B8,extrapolated
N70_D2000_Q0.3,70.0,2000.0,0.3,0.5,0.5599450142166034,0.059945014216603365,B8,extrapolated
N70_D2000_Q0.4,70.0,2000.0,0.4,0.6095,0.6540932434508391,0.04459324345083904,B8,extrapolated
N70_D2000_Q0.5,70.0,2000.0,0.5,0.8205,0.7656571078300919,-0.05484289216990812,B8,extrapolated
N70_D2000_Q0.6,70.0,2000.0,0.6,1.0279,0.8978581692464053,-0.13004183075359477,B8,extrapolated
N70_D2000_Q0.7,70.0,2000.0,0.7,1.2745,1.054513917385316,-0.219986082614684,B8,extrapolated
N70_D2000_Q0.8,70.0,2000.0,0.8,1.4713,1.2401480050548541,-0.23115199494514593,B8,extrapolated
N70_D2000_Q0.9,70.0,2000.0,0.9,1.7312,1.4601208749577512,-0.27107912504224885,B8,extrapolated
N70_D2000_Q0.95,70.0,2000.0,0.95,1.7959,1.5849258290546293,-0.21097417094537074,B8,extrapolated
N70_D2000_Q1.0,70.0,2000.0,1.0,1.9285,1.7207845499367584,-0.20771545006324166,B8,extrapolated
N120_D0005_Q0.05,120.0,5.0,0.05,0.5,0.5945345243120798,0.09453452431207976,B8,extrapolated
N120_D0005_Q0.1,120.0,5.0,0.1,0.5,0.6435693440990506,0.14356934409905064,B8,extrapolated
N120_D0005_Q0.2,120.0,5.0,0.2,0.5,0.7550524267482952,0.2550524267482952,B8,extrapolated
N120_D0005_Q0.3,120.0,5.0,0.3,0.5,0.8871577633480688,0.38715776334806884,B8,extrapolated
N120_D0005_Q0.4,120.0,5.0,0.4,0.759,1.043700079396573,0.28470007939657294,B8,extrapolated
N120_D0005_Q0.5,120.0,5.0,0.5,1.0383,1.229199752192317,0.19089975219231703,B8,extrapolated
N120_D0005_Q0.6,120.0,5.0,0.6,1.3529,1.4490133430214338,0.09611334302143382,B8,extrapolated
N120_D0005_Q0.7,120.0,5.0,0.7,1.6294,1.7094882753216865,0.0800882753216865,B8,extrapolated
N120_D0005_Q0.8,120.0,5.0,0.8,1.8929,2.018146125370484,0.12524612537048396,B8,extrapolated
N120_D0005_Q0.9,120.0,5.0,0.9,2.2776,2.3838998182706788,0.10629981827067869,B8,extrapolated
N120_D0005_Q0.95,120.0,5.0,0.95,2.3327,2.591415739999221,0.25871573999922104,B8,extrapolated
N120_D0005_Q1.0,120.0,5.0,1.0,2.5753,2.8173110010706,0.24201100107060025,B8,extrapolated
N120_D0010_Q0.05,120.0,10.0,0.05,0.5,0.5629072850896419,0.06290728508964194,B8,extrapolated
N120_D0010_Q0.1,120.0,10.0,0.1,0.5,0.6091409330084288,0.10914093300842875,B8,extrapolated
N120_D0010_Q0.2,120.0,10.0,0.2,0.5,0.714255413177799,0.21425541317779895,B8,extrapolated
N120_D0010_Q0.3,120.0,10.0,0.3,0.5,0.8388140767373141,0.3388140767373141,B8,extrapolated
N120_D0010_Q0.4,120.0,10.0,0.4,0.7123,0.9864137284954121,0.27411372849541205,B8,extrapolated
N120_D0010_Q0.5,120.0,10.0,0.5,0.9953,1.1613165138701314,0.1660165138701314,B8,extrapolated
N120_D0010_Q0.6,120.0,10.0,0.6,1.2815,1.3685729942713918,0.0870729942713917,B8,extrapolated
N120_D0010_Q0.7,120.0,10.0,0.7,1.5384,1.6141679890925946,0.07576798909259463,B8,extrapolated
N120_D0010_Q0.8,120.0,10.0,0.8,1.8585,1.905193395702075,0.04669339570207498,B8,extrapolated
N120_D0010_Q0.9,120.0,10.0,0.9,2.1465,2.2500529778522456,0.10355297785224549,B8,extrapolated
N120_D0010_Q0.95,120.0,10.0,0.95,2.2588,2.445714307993185,0.18691430799318498,B8,extrapolated
N120_D0010_Q1.0,120.0,10.0,1.0,2.4219,2.6587050360568307,0.2368050360568308,B8,extrapolated
N120_D0020_Q0.05,120.0,20.0,0.05,0.5,0.5330867891806924,0.03308678918069241,B8,extrapolated
N120_D0020_Q0.1,120.0,20.0,0.1,0.5,0.5766792854754645,0.07667928547546454,B8,extrapolated
N120_D0020_Q0.2,120.0,20.0,0.2,0.5,0.6757889770870624,0.17578897708706243,B8,extrapolated
N120_D0020_Q0.3,120.0,20.0,0.3,0.5,0.7932320801975471,0.2932320801975471,B8,extrapolated
N120_D0020_Q0.4,120.0,20.0,0.4,0.686,0.9323999279018163,0.2463999279018162,B8,extrapolated
N120_D0020_Q0.5,120.0,20.0,0.5,0.9324,1.0973111855379372,0.16491118553793715,B8,extrapolated
N120_D0020_Q0.6,120.0,20.0,0.6,1.2186,1.2927278952431687,0.07412789524316876,B8,extrapolated
N120_D0020_Q0.7,120.0,20.0,0.7,1.4699,1.524292986549915,0.05439298654991509,B8,extrapolated
N120_D0020_Q0.8,120.0,20.0,0.8,1.7489,1.7986932238314992,0.04979322383149931,B8,extrapolated
N120_D0020_Q0.9,120.0,20.0,0.9,2.0566,2.123852295932086,0.06725229593208581,B8,extrapolated
N120_D0020_Q0.95,120.0,20.0,0.95,2.1247,2.3083362420005766,0.18363624200057682,B8,extrapolated
N120_D0020_Q1.0,120.0,20.0,1.0,2.2493,2.5091596237126317,0.2598596237126318,B8,extrapolated
N120_D0050_Q0.05,120.0,50.0,0.05,0.5,0.4962644803893744,-0.003735519610625626,B8,extrapolated
N120_D0050_Q0.1,120.0,50.0,0.1,0.5,0.5365956861623152,0.03659568616231523,B8,extrapolated
N120_D0050_Q0.2,120.0,50.0,0.2,0.5,0.6282906728281612,0.1282906728281612,B8,extrapolated
N120_D0050_Q0.3,120.0,50.0,0.3,0.5,0.7369474913350131,0.23694749133501314,B8,extrapolated
N120_D0050_Q0.4,120.0,50.0,0.4,0.6689,0.8657037585784495,0.19680375857844945,B8,extrapolated
N120_D0050_Q0.5,120.0,50.0,0.5,0.9237,1.0182774910167658,0.09457749101676582,B8,extrapolated
N120_D0050_Q0.6,120.0,50.0,0.6,1.1614,1.1990744675720622,0.037674467572062165,B8,extrapolated
N120_D0050_Q0.7,120.0,50.0,0.7,1.3938,1.4133154526299025,0.01951545262990262,B8,extrapolated
N120_D0050_Q0.8,120.0,50.0,0.8,1.682,1.6671869528787786,-0.014813047121221334,B8,extrapolated
N120_D0050_Q0.9,120.0,50.0,0.9,1.9395,1.968019861302975,0.028519861302974903,B8,extrapolated
N120_D0050_Q0.95,120.0,50.0,0.95,2.0853,2.138701988345668,0.053401988345668006,B8,extrapolated
N120_D0050_Q1.0,120.0,50.0,1.0,2.2004,2.324501146922831,0.12410114692283081,B8,extrapolated
N120_D0100_Q0.05,120.0,100.0,0.05,0.5,0.47025103323790546,-0.029748966762094542,B8,extrapolated
N120_D0100_Q0.1,120.0,100.0,0.1,0.5,0.5082782713504794,0.008278271350479427,B8,extrapolated
N120_D0100_Q0.2,120.0,100.0,0.2,0.5,0.5947350738399021,0.0947350738399021,B8,extrapolated
N120_D0100_Q0.3,120.0,100.0,0.3,0.5,0.6971847435367846,0.1971847435367846,B8,extrapolated
N120_D0100_Q0.4,120.0,100.0,0.4,0.6206,0.8185856572738431,0.1979856572738431,B8,extrapolated
N120_D0100_Q0.5,120.0,100.0,0.5,0.8829,0.962443435437487,0.07954343543748699,B8,extrapolated
N120_D0100_Q0.6,120.0,100.0,0.6,1.1099,1.1329121716366517,0.02301217163665159,B8,extrapolated
N120_D0100_Q0.7,120.0,100.0,0.7,1.3531,1.334914387938672,-0.01818561206132796,B8,extrapolated
N120_D0100_Q0.8,120.0,100.0,0.8,1.5774,1.574283179546621,-0.00311682045337891,B8,extrapolated
N120_D0100_Q0.9,120.0,100.0,0.9,1.8321,1.8579306535435502,0.025830653543550186,B8,extrapolated
N120_D0100_Q0.95,120.0,100.0,0.95,1.9432,2.0188623629289353,0.07566236292893525,B8,extrapolated
N120_D0100_Q1.0,120.0,100.0,1.0,2.1521,2.1940475256068637,0.04194752560686377,B8,extrapolated
N120_D0150_Q0.05,120.0,150.0,0.05,0.5,0.4557285900702927,-0.044271409929707295,B8,extrapolated
N120_D0150_Q0.1,120.0,150.0,0.1,0.5,0.49246959959451875,-0.007530400405481252,B8,extrapolated
N120_D0150_Q0.2,120.0,150.0,0.2,0.5,0.5760020979130773,0.07600209791307733,B8,extrapolated
N120_D0150_Q0.3,120.0,150.0,0.3,0.5,0.6749865226810265,0.17498652268102655,B8,extrapolated
N120_D0150_Q0.4,120.0,150.0,0.4,0.6188,0.7922811869597914,0.17348118695979142,B8,extrapolated
N120_D0150_Q0.5,120.0,150.0,0.5,0.8572,0.9312731374663614,0.07407313746636146,B8,extrapolated
N120_D0150_Q0.6,120.0,150.0,0.6,1.0887,1.0959759602623542,0.00727596026235422,B8,extrapolated
N120_D0150_Q0.7,120.0,150.0,0.7,1.3605,1.2911456786388578,-0.06935432136114228,B8,extrapolated
N120_D0150_Q0.8,120.0,150.0,0.8,1.5564,1.5224180899098227,-0.03398191009017726,B8,extrapolated
N120_D0150_Q0.9,120.0,150.0,0.9,1.8816,1.7964715069050978,-0.08512849309490211,B8,extrapolated
N120_D0150_Q0.95,120.0,150.0,0.95,1.9557,1.9519598821001216,-0.0037401178998783813,B8,extrapolated
N120_D0150_Q1.0,120.0,150.0,1.0,2.0881,2.1212196035502733,0.033119603550273435,B8,extrapolated
N120_D0300_Q0.05,120.0,300.0,0.05,0.5,0.4320308034251111,-0.06796919657488892,B8,extrapolated
N120_D0300_Q0.1,120.0,300.0,0.1,0.5,0.4666729394807476,-0.03332706051925238,B8,extrapolated
N120_D0300_Q0.2,120.0,300.0,0.2,0.5,0.5454335453892671,0.04543354538926714,B8,extrapolated
N120_D0300_Q0.3,120.0,300.0,0.3,0.5,0.6387633682385604,0.1387633682385604,B8,extrapolated
N120_D0300_Q0.4,120.0,300.0,0.4,0.6045,0.7493574365878779,0.14485743658787786,B8,extrapolated
N120_D0300_Q0.5,120.0,300.0,0.5,0.8569,0.8804093081188447,0.023509308118844663,B8,extrapolated
N120_D0300_Q0.6,120.0,300.0,0.6,1.092,1.035703288059271,-0.05629671194072916,B8,extrapolated
N120_D0300_Q0.7,120.0,300.0,0.7,1.2863,1.2197237062647373,-0.06657629373526275,B8,extrapolated
N120_D0300_Q0.8,120.0,300.0,0.8,1.5302,1.437784408485811,-0.0924155915141891,B8,extrapolated
N120_D0300_Q0.9,120.0,300.0,0.9,1.7838,1.6961822010615004,-0.08761779893849964,B8,extrapolated
N120_D0300_Q0.95,120.0,300.0,0.95,1.9031,1.8427881195794495,-0.06031188042055047,B8,extrapolated
N120_D0300_Q1.0,120.0,300.0,1.0,2.0619,2.002378679968081,-0.0595213200319189,B8,extrapolated
N120_D0500_Q0.05,120.0,500.0,0.05,0.5,0.4154372359948578,-0.08456276400514218,B8,extrapolated
N120_D0500_Q0.1,120.0,500.0,0.1,0.5,0.4486097074379262,-0.05139029256207378,B8,extrapolated
N120_D0500_Q0.2,120.0,500.0,0.2,0.5,0.5240289583219674,0.024028958321967386,B8,extrapolated
N120_D0500_Q0.3,120.0,500.0,0.3,0.5,0.6133993388978812,0.11339933889788123,B8,extrapolated
N120_D0500_Q0.4,120.0,500.0,0.4,0.5807,0.7193015433173335,0.13860154331733354,B8,extrapolated
N120_D0500_Q0.5,120.0,500.0,0.5,0.8175,0.8447936451594293,0.027293645159429336,B8,extrapolated
N120_D0500_Q0.6,120.0,500.0,0.6,1.0547,0.9934994035624555,-0.0612005964375445,B8,extrapolated
N120_D0500_Q0.7,120.0,500.0,0.7,1.2832,1.1697129043136345,-0.11348709568636539,B8,extrapolated
N120_D0500_Q0.8,120.0,500.0,0.8,1.5164,1.3785225575540292,-0.13787744244597078,B8,extrapolated
N120_D0500_Q0.9,120.0,500.0,0.9,1.7304,1.6259580327049425,-0.10444196729505739,B8,extrapolated
N120_D0500_Q0.95,120.0,500.0,0.95,1.8749,1.7663443136666845,-0.10855568633331547,B8,extrapolated
N120_D0500_Q1.0,120.0,500.0,1.0,2.0294,1.919164373566363,-0.11023562643363682,B8,extrapolated
N120_D1000_Q0.05,120.0,1000.0,0.05,0.5,0.39404114043485766,-0.10595885956514234,B8,extrapolated
N120_D1000_Q0.1,120.0,1000.0,0.1,0.5,0.425318595352768,-0.074681404647232,B8,extrapolated
N120_D1000_Q0.2,120.0,1000.0,0.2,0.5,0.4964294326479817,-0.0035705673520182724,B8,extrapolated
N120_D1000_Q0.3,120.0,1000.0,0.3,0.5,0.5806944249099231,0.08069442490992307,B8,extrapolated
N120_D1000_Q0.4,120.0,1000.0,0.4,0.5785,0.6805468410954791,0.10204684109547912,B8,extrapolated
N120_D1000_Q0.5,120.0,1000.0,0.5,0.7972,0.7988700587265889,0.0016700587265888744,B8,extrapolated
N120_D1000_Q0.6,120.0,1000.0,0.6,1.0412,0.9390808254301409,-0.10211917456985897,B8,extrapolated
N120_D1000_Q0.7,120.0,1000.0,0.7,1.2562,1.1052279222821546,-0.15097207771784538,B8,extrapolated
N120_D1000_Q0.8,120.0,1000.0,0.8,1.485,1.3021090779976605,-0.18289092200233958,B8,extrapolated
N120_D1000_Q0.9,120.0,1000.0,0.9,1.7223,1.5354095100262648,-0.18689048997373514,B8,extrapolated
N120_D1000_Q0.95,120.0,1000.0,0.95,1.8568,1.6677760592419246,-0.18902394075807538,B8,extrapolated
N120_D1000_Q1.0,120.0,1000.0,1.0,1.9082,1.8118660931204016,-0.09633390687959831,B8,extrapolated
N120_D2000_Q0.05,120.0,2000.0,0.05,0.5,0.37386732204915996,-0.12613267795084004,B8,extrapolated
N120_D2000_Q0.1,120.0,2000.0,0.1,0.5,0.4033580154942011,-0.09664198450579892,B8,extrapolated
N120_D2000_Q0.2,120.0,2000.0,0.2,0.5,0.4704065624043426,-0.029593437595657412,B8,extrapolated
N120_D2000_Q0.3,120.0,2000.0,0.3,0.5,0.5498578176764803,0.04985781767648034,B8,extrapolated
N120_D2000_Q0.4,120.0,2000.0,0.4,0.5772,0.6440060469107161,0.06680604691071601,B8,extrapolated
N120_D2000_Q0.5,120.0,2000.0,0.5,0.7936,0.7555699112899689,-0.03803008871003111,B8,extrapolated
N120_D2000_Q0.6,120.0,2000.0,0.6,1.0107,0.8877709727062822,-0.12292902729371769,B8,extrapolated
N120_D2000_Q0.7,120.0,2000.0,0.7,1.2063,1.044426720845193,-0.16187327915480698,B8,extrapolated
N120_D2000_Q0.8,120.0,2000.0,0.8,1.4677,1.230060808514731,-0.2376391914852689,B8,extrapolated
N120_D2000_Q0.9,120.0,2000.0,0.9,1.6316,1.4500336784176282,-0.18156632158237174,B8,extrapolated
N120_D2000_Q0.95,120.0,2000.0,0.95,1.8387,1.5748386325145063,-0.2638613674854937,B8,extrapolated
N120_D2000_Q1.0,120.0,2000.0,1.0,1.9249,1.7106973533966354,-0.21420264660336463,B8,extrapolated
N300_D0005_Q0.05,300.0,5.0,0.05,0.5,0.581751950865462,0.08175195086546205,B8,extrapolated
N300_D0005_Q0.1,300.0,5.0,0.1,0.5,0.6307867706524329,0.13078677065243294,B8,extrapolated
N300_D0005_Q0.2,300.0,5.0,0.2,0.5,0.7422698533016775,0.2422698533016775,B8,extrapolated
N300_D0005_Q0.3,300.0,5.0,0.3,0.5,0.8743751899014511,0.37437518990145113,B8,extrapolated
N300_D0005_Q0.4,300.0,5.0,0.4,0.6853,1.0309175059499553,0.34561750594995533,B8,extrapolated
N300_D0005_Q0.5,300.0,5.0,0.5,0.9862,1.2164171787456994,0.23021717874569947,B8,extrapolated
N300_D0005_Q0.6,300.0,5.0,0.6,1.3009,1.4362307695748162,0.13533076957481627,B8,extrapolated
N300_D0005_Q0.7,300.0,5.0,0.7,1.6208,1.6967057018750689,0.07590570187506884,B8,extrapolated
N300_D0005_Q0.8,300.0,5.0,0.8,1.8604,2.005363551923866,0.14496355192386612,B8,extrapolated
N300_D0005_Q0.9,300.0,5.0,0.9,2.2235,2.371117244824061,0.1476172448240609,B8,extrapolated
N300_D0005_Q0.95,300.0,5.0,0.95,2.4307,2.578633166552603,0.14793316655260336,B8,extrapolated
N300_D0005_Q1.0,300.0,5.0,1.0,2.478,2.8045284276239824,0.32652842762398215,B8,extrapolated
N300_D0010_Q0.05,300.0,10.0,0.05,0.5,0.5501247116430242,0.05012471164302423,B8,extrapolated
N300_D0010_Q0.1,300.0,10.0,0.1,0.5,0.596358359561811,0.09635835956181105,B8,extrapolated
N300_D0010_Q0.2,300.0,10.0,0.2,0.5,0.7014728397311812,0.20147283973118124,B8,extrapolated
N300_D0010_Q0.3,300.0,10.0,0.3,0.5,0.8260315032906964,0.3260315032906964,B8,extrapolated
N300_D0010_Q0.4,300.0,10.0,0.4,0.6257,0.9736311550487944,0.34793115504879435,B8,extrapolated
N300_D0010_Q0.5,300.0,10.0,0.5,0.9294,1.1485339404235138,0.21913394042351375,B8,extrapolated
N300_D0010_Q0.6,300.0,10.0,0.6,1.2357,1.3557904208247742,0.12009042082477417,B8,extrapolated
N300_D0010_Q0.7,300.0,10.0,0.7,1.5156,1.601385415645977,0.08578541564597697,B8,extrapolated
N300_D0010_Q0.8,300.0,10.0,0.8,1.8333,1.8924108222554574,0.059110822255457496,B8,extrapolated
N300_D0010_Q0.9,300.0,10.0,0.9,2.1073,2.2372704044056277,0.1299704044056278,B8,extrapolated
N300_D0010_Q0.95,300.0,10.0,0.95,2.2727,2.432931734546567,0.16023173454656714,B8,extrapolated
N300_D0010_Q1.0,300.0,10.0,1.0,2.4246,2.645922462610213,0.22132246261021304,B8,extrapolated
N300_D0020_Q0.05,300.0,20.0,0.05,0.5,0.5203042157340747,0.020304215734074704,B8,extrapolated
N300_D0020_Q0.1,300.0,20.0,0.1,0.5,0.5638967120288468,0.06389671202884684,B8,extrapolated
N300_D0020_Q0.2,300.0,20.0,0.2,0.5,0.6630064036404447,0.16300640364044472,B8,extrapolated
N300_D0020_Q0.3,300.0,20.0,0.3,0.5,0.7804495067509294,0.2804495067509294,B8,extrapolated
N300_D0020_Q0.4,300.0,20.0,0.4,0.6087,0.9196173544551985,0.3109173544551985,B8,extrapolated
N300_D0020_Q0.5,300.0,20.0,0.5,0.8857,1.0845286120913196,0.19882861209131952,B8,extrapolated
N300_D0020_Q0.6,300.0,20.0,0.6,1.1745,1.279945321796551,0.10544532179655097,B8,extrapolated
N300_D0020_Q0.7,300.0,20.0,0.7,1.445,1.5115104131032975,0.06651041310329742,B8,extrapolated
N300_D0020_Q0.8,300.0,20.0,0.8,1.7275,1.7859106503848816,0.05841065038488158,B8,extrapolated
N300_D0020_Q0.9,300.0,20.0,0.9,1.993,2.111069722485468,0.11806972248546788,B8,extrapolated
N300_D0020_Q0.95,300.0,20.0,0.95,2.1129,2.295553668553959,0.18265366855395904,B8,extrapolated
N300_D0020_Q1.0,300.0,20.0,1.0,2.3267,2.496377050266014,0.16967705026601365,B8,extrapolated
N300_D0050_Q0.05,300.0,50.0,0.05,0.5,0.4834819069427566,-0.016518093057243388,B8,extrapolated
N300_D0050_Q0.1,300.0,50.0,0.1,0.5,0.5238131127156975,0.023813112715697526,B8,extrapolated
N300_D0050_Q0.2,300.0,50.0,0.2,0.5,0.6155080993815435,0.1155080993815435,B8,extrapolated
N300_D0050_Q0.3,300.0,50.0,0.3,0.5,0.7241649178883954,0.22416491788839543,B8,extrapolated
N300_D0050_Q0.4,300.0,50.0,0.4,0.5737,0.8529211851318318,0.2792211851318318,B8,extrapolated
N300_D0050_Q0.5,300.0,50.0,0.5,0.8188,1.0054949175701482,0.18669491757014822,B8,extrapolated
N300_D0050_Q0.6,300.0,50.0,0.6,1.0844,1.1862918941254446,0.10189189412544453,B8,extrapolated
N300_D0050_Q0.7,300.0,50.0,0.7,1.3817,1.400532879183285,0.018832879183285023,B8,extrapolated
N300_D0050_Q0.8,300.0,50.0,0.8,1.6524,1.654404379432161,0.0020043794321609187,B8,extrapolated
N300_D0050_Q0.9,300.0,50.0,0.9,1.917,1.9552372878563573,0.03823728785635727,B8,extrapolated
N300_D0050_Q0.95,300.0,50.0,0.95,2.0545,2.1259194148990503,0.07141941489905035,B8,extrapolated
N300_D0050_Q1.0,300.0,50.0,1.0,2.1404,2.311718573476213,0.17131857347621304,B8,extrapolated
N300_D0100_Q0.05,300.0,100.0,0.05,0.5,0.4574684597912877,-0.042531540208712304,B8,extrapolated
N300_D0100_Q0.1,300.0,100.0,0.1,0.5,0.49549569790386166,-0.004504302096138335,B8,extrapolated
N300_D0100_Q0.2,300.0,100.0,0.2,0.5,0.5819525003932844,0.08195250039328439,B8,extrapolated
N300_D0100_Q0.3,300.0,100.0,0.3,0.5,0.6844021700901669,0.1844021700901669,B8,extrapolated
N300_D0100_Q0.4,300.0,100.0,0.4,0.5656,0.8058030838272254,0.24020308382722544,B8,extrapolated
N300_D0100_Q0.5,300.0,100.0,0.5,0.7851,0.9496608619908693,0.16456086199086928,B8,extrapolated
N300_D0100_Q0.6,300.0,100.0,0.6,1.0582,1.120129598190034,0.061929598190034074,B8,extrapolated
N300_D0100_Q0.7,300.0,100.0,0.7,1.2974,1.3221318144920544,0.024731814492054305,B8,extrapolated
N300_D0100_Q0.8,300.0,100.0,0.8,1.6239,1.5615006061000034,-0.06239939389999649,B8,extrapolated
N300_D0100_Q0.9,300.0,100.0,0.9,1.7981,1.8451480800969327,0.04704808009693262,B8,extrapolated
N300_D0100_Q0.95,300.0,100.0,0.95,1.9909,2.0060797894823175,0.015179789482317574,B8,extrapolated
N300_D0100_Q1.0,300.0,100.0,1.0,2.018,2.181264952160246,0.16326495216024606,B8,extrapolated
N300_D0150_Q0.05,300.0,150.0,0.05,0.5,0.44294601662367494,-0.05705398337632506,B8,extrapolated
N300_D0150_Q0.1,300.0,150.0,0.1,0.5,0.479687026147901,-0.020312973852099014,B8,extrapolated
N300_D0150_Q0.2,300.0,150.0,0.2,0.5,0.5632195244664596,0.06321952446645962,B8,extrapolated
N300_D0150_Q0.3,300.0,150.0,0.3,0.5,0.6622039492344088,0.16220394923440884,B8,extrapolated
N300_D0150_Q0.4,300.0,150.0,0.4,0.5498,0.7794986135131737,0.22969861351317378,B8,extrapolated
N300_D0150_Q0.5,300.0,150.0,0.5,0.7913,0.9184905640197437,0.1271905640197437,B8,extrapolated
N300_D0150_Q0.6,300.0,150.0,0.6,1.0259,1.0831933868157366,0.05729338681573659,B8,extrapolated
N300_D0150_Q0.7,300.0,150.0,0.7,1.3071,1.2783631051922402,-0.02873689480775976,B8,extrapolated
N300_D0150_Q0.8,300.0,150.0,0.8,1.5543,1.5096355164632052,-0.04466448353679486,B8,extrapolated
N300_D0150_Q0.9,300.0,150.0,0.9,1.8567,1.7836889334584802,-0.07301106654151979,B8,extrapolated
N300_D0150_Q0.95,300.0,150.0,0.95,1.9405,1.939177308653504,-0.0013226913464958745,B8,extrapolated
N300_D0150_Q1.0,300.0,150.0,1.0,2.0823,2.1084370301036555,0.026137030103655423,B8,extrapolated
N300_D0300_Q0.05,300.0,300.0,0.05,0.5,0.4192482299784933,-0.08075177002150669,B8,extrapolated
N300_D0300_Q0.1,300.0,300.0,0.1,0.5,0.45389036603412986,-0.046109633965870145,B8,extrapolated
N300_D0300_Q0.2,300.0,300.0,0.2,0.5,0.5326509719426494,0.03265097194264943,B8,extrapolated
N300_D0300_Q0.3,300.0,300.0,0.3,0.5,0.6259807947919427,0.12598079479194269,B8,extrapolated
N300_D0300_Q0.4,300.0,300.0,0.4,0.5355,0.7365748631412602,0.20107486314126022,B8,extrapolated
N300_D0300_Q0.5,300.0,300.0,0.5,0.7618,0.867626734672227,0.10582673467222692,B8,extrapolated
N300_D0300_Q0.6,300.0,300.0,0.6,1.0191,1.0229207146126533,0.003820714612653431,B8,extrapolated
N300_D0300_Q0.7,300.0,300.0,0.7,1.2421,1.2069411328181197,-0.03515886718188033,B8,extrapolated
N300_D0300_Q0.8,300.0,300.0,0.8,1.5064,1.4250018350391933,-0.08139816496080665,B8,extrapolated
N300_D0300_Q0.9,300.0,300.0,0.9,1.708,1.6833996276148828,-0.024600372385117142,B8,extrapolated
N300_D0300_Q0.95,300.0,300.0,0.95,1.8785,1.830005546132832,-0.04849445386716811,B8,extrapolated
N300_D0300_Q1.0,300.0,300.0,1.0,1.9949,1.9895961065214636,-0.005303893478536326,B8,extrapolated
N300_D0500_Q0.05,300.0,500.0,0.05,0.5,0.40265466254824006,-0.09734533745175994,B8,extrapolated
N300_D0500_Q0.1,300.0,500.0,0.1,0.5,0.43582713399130846,-0.06417286600869154,B8,extrapolated
N300_D0500_Q0.2,300.0,500.0,0.2,0.5,0.5112463848753497,0.01124638487534968,B8,extrapolated
N300_D0500_Q0.3,300.0,500.0,0.3,0.5,0.6006167654512635,0.10061676545126352,B8,extrapolated
N300_D0500_Q0.4,300.0,500.0,0.4,0.5242,0.7065189698707158,0.18231896987071583,B8,extrapolated
N300_D0500_Q0.5,300.0,500.0,0.5,0.764,0.8320110717128116,0.06801107171281162,B8,extrapolated
N300_D0500_Q0.6,300.0,500.0,0.6,1.004,0.9807168301158378,-0.023283169884162236,B8,extrapolated
N300_D0500_Q0.7,300.0,500.0,0.7,1.2386,1.156930330867017,-0.08166966913298301,B8,extrapolated
N300_D0500_Q0.8,300.0,500.0,0.8,1.4481,1.3657399841074116,-0.08236001589258835,B8,extrapolated
N300_D0500_Q0.9,300.0,500.0,0.9,1.7684,1.613175459258325,-0.15522454074167502,B8,extrapolated
N300_D0500_Q0.95,300.0,500.0,0.95,1.8116,1.753561740220067,-0.058038259779933155,B8,extrapolated
N300_D0500_Q1.0,300.0,500.0,1.0,1.92,1.9063818001197455,-0.013618199880254478,B8,extrapolated
N300_D1000_Q0.05,300.0,1000.0,0.05,0.5,0.3812585669882399,-0.1187414330117601,B8,extrapolated
N300_D1000_Q0.1,300.0,1000.0,0.1,0.5,0.41253602190615024,-0.08746397809384976,B8,extrapolated
N300_D1000_Q0.2,300.0,1000.0,0.2,0.5,0.48364685920136397,-0.016353140798636034,B8,extrapolated
N300_D1000_Q0.3,300.0,1000.0,0.3,0.5,0.5679118514633054,0.06791185146330536,B8,extrapolated
N300_D1000_Q0.4,300.0,1000.0,0.4,0.5189,0.6677642676488614,0.1488642676488614,B8,extrapolated
N300_D1000_Q0.5,300.0,1000.0,0.5,0.7381,0.7860874852799712,0.04798748527997121,B8,extrapolated
N300_D1000_Q0.6,300.0,1000.0,0.6,1.0017,0.9262982519835232,-0.07540174801647681,B8,extrapolated
N300_D1000_Q0.7,300.0,1000.0,0.7,1.2048,1.092445348835537,-0.11235465116446308,B8,extrapolated
N300_D1000_Q0.8,300.0,1000.0,0.8,1.4767,1.289326504551043,-0.18737349544895698,B8,extrapolated
N300_D1000_Q0.9,300.0,1000.0,0.9,1.6646,1.5226269365796472,-0.14197306342035287,B8,extrapolated
N300_D1000_Q0.95,300.0,1000.0,0.95,1.8451,1.654993485795307,-0.19010651420469293,B8,extrapolated
N300_D1000_Q1.0,300.0,1000.0,1.0,1.9425,1.799083519673784,-0.1434164803262159,B8,extrapolated
N300_D2000_Q0.05,300.0,2000.0,0.05,0.5,0.3610847486025422,-0.1389152513974578,B8,extrapolated
N300_D2000_Q0.1,300.0,2000.0,0.1,0.5,0.3905754420475833,-0.10942455795241668,B8,extrapolated
N300_D2000_Q0.2,300.0,2000.0,0.2,0.5,0.4576239889577248,-0.042376011042275175,B8,extrapolated
N300_D2000_Q0.3,300.0,2000.0,0.3,0.5,0.5370752442298626,0.037075244229862636,B8,extrapolated
N300_D2000_Q0.4,300.0,2000.0,0.4,0.5,0.6312234734640984,0.13122347346409835,B8,extrapolated
N300_D2000_Q0.5,300.0,2000.0,0.5,0.7402,0.7427873378433512,0.0025873378433511895,B8,extrapolated
N300_D2000_Q0.6,300.0,2000.0,0.6,0.9783,0.8749883992596645,-0.10331160074033541,B8,extrapolated
N300_D2000_Q0.7,300.0,2000.0,0.7,1.1809,1.0316441473985754,-0.1492558526014247,B8,extrapolated
N300_D2000_Q0.8,300.0,2000.0,0.8,1.4119,1.2172782350681135,-0.19462176493188643,B8,extrapolated
N300_D2000_Q0.9,300.0,2000.0,0.9,1.6756,1.4372511049710106,-0.23834889502898937,B8,extrapolated
N300_D2000_Q0.95,300.0,2000.0,0.95,1.7414,1.5620560590678887,-0.17934394093211137,B8,extrapolated
N300_D2000_Q1.0,300.0,2000.0,1.0,1.8777,1.6979147799500178,-0.1797852200499821,B8,extrapolated
N700_D0005_Q0.05,700.0,5.0,0.05,0.5,0.5735179518386269,0.07351795183862686,B8,extrapolated
N700_D0005_Q0.1,700.0,5.0,0.1,0.5,0.6225527716255977,0.12255277162559775,B8,extrapolated
N700_D0005_Q0.2,700.0,5.0,0.2,0.5,0.7340358542748423,0.2340358542748423,B8,extrapolated
N700_D0005_Q0.3,700.0,5.0,0.3,0.5,0.8661411908746159,0.36614119087461594,B8,extrapolated
N700_D0005_Q0.4,700.0,5.0,0.4,0.5981,1.02268350692312,0.42458350692311997,B8,extrapolated
N700_D0005_Q0.5,700.0,5.0,0.5,0.9159,1.208183179718864,0.292283179718864,B8,extrapolated
N700_D0005_Q0.6,700.0,5.0,0.6,1.2092,1.4279967705479808,0.21879677054798075,B8,extrapolated
N700_D0005_Q0.7,700.0,5.0,0.7,1.587,1.6884717028482334,0.10147170284823348,B8,extrapolated
N700_D0005_Q0.8,700.0,5.0,0.8,1.8853,1.9971295528970308,0.11182955289703078,B8,extrapolated
N700_D0005_Q0.9,700.0,5.0,0.9,2.2108,2.3628832457972258,0.15208324579722587,B8,extrapolated
N700_D0005_Q0.95,700.0,5.0,0.95,2.4127,2.570399167525768,0.15769916752576796,B8,extrapolated
N700_D0005_Q1.0,700.0,5.0,1.0,2.5391,2.796294428597147,0.25719442859714725,B8,extrapolated
N700_D0010_Q0.05,700.0,10.0,0.05,0.5,0.541890712616189,0.04189071261618904,B8,extrapolated
N700_D0010_Q0.1,700.0,10.0,0.1,0.5,0.5881243605349759,0.08812436053497585,B8,extrapolated
N700_D0010_Q0.2,700.0,10.0,0.2,0.5,0.693238840704346,0.19323884070434605,B8,extrapolated
N700_D0010_Q0.3,700.0,10.0,0.3,0.5,0.8177975042638612,0.3177975042638612,B8,extrapolated
N700_D0010_Q0.4,700.0,10.0,0.4,0.5653,0.9653971560219592,0.40009715602195917,B8,extrapolated
N700_D0010_Q0.5,700.0,10.0,0.5,0.8604,1.1402999413966783,0.2798999413966783,B8,extrapolated
N700_D0010_Q0.6,700.0,10.0,0.6,1.1538,1.3475564217979388,0.19375642179793884,B8,extrapolated
N700_D0010_Q0.7,700.0,10.0,0.7,1.4868,1.5931514166191416,0.10635141661914171,B8,extrapolated
N700_D0010_Q0.8,700.0,10.0,0.8,1.7512,1.884176823228622,0.13297682322862192,B8,extrapolated
N700_D0010_Q0.9,700.0,10.0,0.9,2.0469,2.2290364053787926,0.1821364053787926,B8,extrapolated
N700_D0010_Q0.95,700.0,10.0,0.95,2.2272,2.424697735519732,0.19749773551973204,B8,extrapolated
N700_D0010_Q1.0,700.0,10.0,1.0,2.4033,2.6376884635833777,0.2343884635833775,B8,extrapolated
N700_D0020_Q0.05,700.0,20.0,0.05,0.5,0.5120702167072395,0.012070216707239512,B8,extrapolated
N700_D0020_Q0.1,700.0,20.0,0.1,0.5,0.5556627130020116,0.05566271300201164,B8,extrapolated
N700_D0020_Q0.2,700.0,20.0,0.2,0.5,0.6547724046136095,0.15477240461360953,B8,extrapolated
N700_D0020_Q0.3,700.0,20.0,0.3,0.5,0.7722155077240942,0.2722155077240942,B8,extrapolated
N700_D0020_Q0.4,700.0,20.0,0.4,0.5501,0.9113833554283634,0.3612833554283633,B8,extrapolated
N700_D0020_Q0.5,700.0,20.0,0.5,0.8411,1.0762946130644842,0.2351946130644842,B8,extrapolated
N700_D0020_Q0.6,700.0,20.0,0.6,1.1236,1.2717113227697157,0.14811132276971573,B8,extrapolated
N700_D0020_Q0.7,700.0,20.0,0.7,1.4239,1.503276414076462,0.07937641407646212,B8,extrapolated
N700_D0020_Q0.8,700.0,20.0,0.8,1.6984,1.7776766513580462,0.07927665135804629,B8,extrapolated
N700_D0020_Q0.9,700.0,20.0,0.9,1.9239,2.102835723458633,0.17893572345863284,B8,extrapolated
N700_D0020_Q0.95,700.0,20.0,0.95,2.0927,2.2873196695271236,0.19461966952712384,B8,extrapolated
N700_D0020_Q1.0,700.0,20.0,1.0,2.2974,2.4881430512391787,0.19074305123917856,B8,extrapolated
N700_D0050_Q0.05,700.0,50.0,0.05,0.5,0.4752479079159214,-0.02475209208407858,B8,extrapolated
N700_D0050_Q0.1,700.0,50.0,0.1,0.5,0.5155791136888623,0.015579113688862334,B8,extrapolated
N700_D0050_Q0.2,700.0,50.0,0.2,0.5,0.6072741003547083,0.1072741003547083,B8,extrapolated
N700_D0050_Q0.3,700.0,50.0,0.3,0.5,0.7159309188615602,0.21593091886156024,B8,extrapolated
N700_D0050_Q0.4,700.0,50.0,0.4,0.515,0.8446871861049966,0.3296871861049966,B8,extrapolated
N700_D0050_Q0.5,700.0,50.0,0.5,0.7581,0.9972609185433129,0.2391609185433129,B8,extrapolated
N700_D0050_Q0.6,700.0,50.0,0.6,1.0355,1.1780578950986091,0.14255789509860906,B8,extrapolated
N700_D0050_Q0.7,700.0,50.0,0.7,1.3068,1.3922988801564495,0.08549888015644957,B8,extrapolated
N700_D0050_Q0.8,700.0,50.0,0.8,1.584,1.6461703804053256,0.06217038040532552,B8,extrapolated
N700_D0050_Q0.9,700.0,50.0,0.9,1.9143,1.947003288829522,0.032703288829522004,B8,extrapolated
N700_D0050_Q0.95,700.0,50.0,0.95,2.0439,2.117685415872215,0.07378541587221532,B8,extrapolated
N700_D0050_Q1.0,700.0,50.0,1.0,2.071,2.303484574449378,0.23248457444937776,B8,extrapolated
N700_D0100_Q0.05,700.0,100.0,0.05,0.5,0.4492344607644525,-0.0507655392355475,B8,extrapolated
N700_D0100_Q0.1,700.0,100.0,0.1,0.5,0.4872616988770265,-0.012738301122973528,B8,extrapolated
N700_D0100_Q0.2,700.0,100.0,0.2,0.5,0.5737185013664492,0.0737185013664492,B8,extrapolated
N700_D0100_Q0.3,700.0,100.0,0.3,0.5,0.6761681710633317,0.1761681710633317,B8,extrapolated
N700_D0100_Q0.4,700.0,100.0,0.4,0.5,0.7975690848003902,0.29756908480039024,B8,extrapolated
N700_D0100_Q0.5,700.0,100.0,0.5,0.7348,0.9414268629640341,0.2066268629640341,B8,extrapolated
N700_D0100_Q0.6,700.0,100.0,0.6,0.9905,1.1118955991631987,0.12139559916319864,B8,extrapolated
N700_D0100_Q0.7,700.0,100.0,0.7,1.2988,1.313897815465219,0.015097815465219044,B8,extrapolated
N700_D0100_Q0.8,700.0,100.0,0.8,1.5329,1.553266607073168,0.020366607073168064,B8,extrapolated
N700_D0100_Q0.9,700.0,100.0,0.9,1.7971,1.8369140810700972,0.03981408107009732,B8,extrapolated
N700_D0100_Q0.95,700.0,100.0,0.95,1.9362,1.9978457904554823,0.06164579045548235,B8,extrapolated
N700_D0100_Q1.0,700.0,100.0,1.0,2.0708,2.1730309531334107,0.10223095313341046,B8,extrapolated
N700_D0150_Q0.05,700.0,150.0,0.05,0.5,0.43471201759683975,-0.06528798240316025,B8,extrapolated
N700_D0150_Q0.1,700.0,150.0,0.1,0.5,0.4714530271210658,-0.028546972878934207,B8,extrapolated
N700_D0150_Q0.2,700.0,150.0,0.2,0.5,0.5549855254396244,0.05498552543962443,B8,extrapolated
N700_D0150_Q0.3,700.0,150.0,0.3,0.5,0.6539699502075736,0.15396995020757365,B8,extrapolated
N700_D0150_Q0.4,700.0,150.0,0.4,0.5,0.7712646144863385,0.27126461448633854,B8,extrapolated
N700_D0150_Q0.5,700.0,150.0,0.5,0.7523,0.9102565649929085,0.15795656499290855,B8,extrapolated
N700_D0150_Q0.6,700.0,150.0,0.6,0.9957,1.0749593877889012,0.07925938778890118,B8,extrapolated
N700_D0150_Q0.7,700.0,150.0,0.7,1.2155,1.2701291061654048,0.05462910616540473,B8,extrapolated
N700_D0150_Q0.8,700.0,150.0,0.8,1.4766,1.5014015174363697,0.024801517436369824,B8,extrapolated
N700_D0150_Q0.9,700.0,150.0,0.9,1.7601,1.7754549344316448,0.015354934431644818,B8,extrapolated
N700_D0150_Q0.95,700.0,150.0,0.95,1.8874,1.9309433096266686,0.043543309626668636,B8,extrapolated
N700_D0150_Q1.0,700.0,150.0,1.0,2.0154,2.1002030310768203,0.08480303107682019,B8,extrapolated
N700_D0300_Q0.05,700.0,300.0,0.05,0.5,0.4110142309516581,-0.08898576904834188,B8,extrapolated
N700_D0300_Q0.1,700.0,300.0,0.1,0.5,0.44565636700729466,-0.05434363299270534,B8,extrapolated
N700_D0300_Q0.2,700.0,300.0,0.2,0.5,0.5244169729158142,0.02441697291581424,B8,extrapolated
N700_D0300_Q0.3,700.0,300.0,0.3,0.5,0.6177467957651075,0.11774679576510749,B8,extrapolated
N700_D0300_Q0.4,700.0,300.0,0.4,0.5,0.728340864114425,0.228340864114425,B8,extrapolated
N700_D0300_Q0.5,700.0,300.0,0.5,0.7304,0.8593927356453918,0.1289927356453917,B8,extrapolated
N700_D0300_Q0.6,700.0,300.0,0.6,0.9707,1.014686715585818,0.043986715585817904,B8,extrapolated
N700_D0300_Q0.7,700.0,300.0,0.7,1.208,1.1987071337912842,-0.009292866208715722,B8,extrapolated
N700_D0300_Q0.8,700.0,300.0,0.8,1.4829,1.416767836012358,-0.06613216398764221,B8,extrapolated
N700_D0300_Q0.9,700.0,300.0,0.9,1.7289,1.6751656285880474,-0.0537343714119527,B8,extrapolated
N700_D0300_Q0.95,700.0,300.0,0.95,1.8991,1.8217715471059965,-0.07732845289400347,B8,extrapolated
N700_D0300_Q1.0,700.0,300.0,1.0,2.0155,1.9813621074946282,-0.03413789250537169,B8,extrapolated
N700_D0500_Q0.05,700.0,500.0,0.05,0.5,0.39442066352140487,-0.10557933647859513,B8,extrapolated
N700_D0500_Q0.1,700.0,500.0,0.1,0.5,0.42759313496447326,-0.07240686503552674,B8,extrapolated
N700_D0500_Q0.2,700.0,500.0,0.2,0.5,0.5030123858485145,0.003012385848514487,B8,extrapolated
N700_D0500_Q0.3,700.0,500.0,0.3,0.5,0.5923827664244283,0.09238276642442833,B8,extrapolated
N700_D0500_Q0.4,700.0,500.0,0.4,0.5,0.6982849708438806,0.19828497084388064,B8,extrapolated
N700_D0500_Q0.5,700.0,500.0,0.5,0.6974,0.8237770726859764,0.12637707268597642,B8,extrapolated
N700_D0500_Q0.6,700.0,500.0,0.6,0.9578,0.9724828310890026,0.01468283108900259,B8,extrapolated
N700_D0500_Q0.7,700.0,500.0,0.7,1.2213,1.1486963318401815,-0.07260366815981856,B8,extrapolated
N700_D0500_Q0.8,700.0,500.0,0.8,1.432,1.3575059850805762,-0.07449401491942376,B8,extrapolated
N700_D0500_Q0.9,700.0,500.0,0.9,1.6736,1.6049414602314895,-0.06865853976851044,B8,extrapolated
N700_D0500_Q0.95,700.0,500.0,0.95,1.8314,1.7453277411932315,-0.08607225880676839,B8,extrapolated
N700_D0500_Q1.0,700.0,500.0,1.0,1.9675,1.89814780109291,-0.06935219890708999,B8,extrapolated
N700_D1000_Q0.05,700.0,1000.0,0.05,0.5,0.3730245679614047,-0.1269754320385953,B8,extrapolated
N700_D1000_Q0.1,700.0,1000.0,0.1,0.5,0.40430202287931505,-0.09569797712068495,B8,extrapolated
N700_D1000_Q0.2,700.0,1000.0,0.2,0.5,0.4754128601745288,-0.024587139825471227,B8,extrapolated
N700_D1000_Q0.3,700.0,1000.0,0.3,0.5,0.5596778524364702,0.05967785243647017,B8,extrapolated
N700_D1000_Q0.4,700.0,1000.0,0.4,0.5,0.6595302686220262,0.15953026862202624,B8,extrapolated
N700_D1000_Q0.5,700.0,1000.0,0.5,0.7003,0.777853486253136,0.07755348625313596,B8,extrapolated
N700_D1000_Q0.6,700.0,1000.0,0.6,0.9207,0.918064252956688,-0.002635747043311931,B8,extrapolated
N700_D1000_Q0.7,700.0,1000.0,0.7,1.1975,1.0842113498087016,-0.11328865019129841,B8,extrapolated
N700_D1000_Q0.8,700.0,1000.0,0.8,1.4235,1.2810925055242075,-0.14240749447579248,B8,extrapolated
N700_D1000_Q0.9,700.0,1000.0,0.9,1.6964,1.5143929375528118,-0.18200706244718812,B8,extrapolated
N700_D1000_Q0.95,700.0,1000.0,0.95,1.818,1.6467594867684716,-0.17124051323152845,B8,extrapolated
N700_D1000_Q1.0,700.0,1000.0,1.0,1.882,1.7908495206469486,-0.09115047935305132,B8,extrapolated
N700_D2000_Q0.05,700.0,2000.0,0.05,0.5,0.352850749575707,-0.147149250424293,B8,extrapolated
N700_D2000_Q0.1,700.0,2000.0,0.1,0.5,0.38234144302074813,-0.11765855697925187,B8,extrapolated
N700_D2000_Q0.2,700.0,2000.0,0.2,0.5,0.44938998993088963,-0.05061001006911037,B8,extrapolated
N700_D2000_Q0.3,700.0,2000.0,0.3,0.5,0.5288412452030274,0.028841245203027444,B8,extrapolated
N700_D2000_Q0.4,700.0,2000.0,0.4,0.5,0.6229894744372632,0.12298947443726316,B8,extrapolated
N700_D2000_Q0.5,700.0,2000.0,0.5,0.6792,0.734553338816516,0.05535333881651594,B8,extrapolated
N700_D2000_Q0.6,700.0,2000.0,0.6,0.8872,0.8667544002328293,-0.02044559976717064,B8,extrapolated
N700_D2000_Q0.7,700.0,2000.0,0.7,1.1635,1.02341014837174,-0.14008985162826004,B8,extrapolated
N700_D2000_Q0.8,700.0,2000.0,0.8,1.3899,1.209044236041278,-0.18085576395872183,B8,extrapolated
N700_D2000_Q0.9,700.0,2000.0,0.9,1.6863,1.4290171059441752,-0.2572828940558247,B8,extrapolated
N700_D2000_Q0.95,700.0,2000.0,0.95,1.7351,1.5538220600410533,-0.1812779399589468,B8,extrapolated
N700_D2000_Q1.0,700.0,2000.0,1.0,1.8865,1.6896807809231824,-0.19681921907681765,B8,extrapolated
