usage_row_id,model_key,canonical_model_id,Model,model_family,params_B,parameter_scale_bin,submission_date,time_window,open_weights_status,license_status,c8_category,historical_strata_scored,score_rows_used,bridge_role,bridge_eligibility,damaged_json_scored,mean_aux_used_as_task_vector,eligibility
MODEL::0-hero_Matter-0.2-7B-DPO,0-hero_Matter-0.2-7B-DPO,model::0-hero/Matter-0.2-7B-DPO,0-hero/Matter-0.2-7B-DPO,0-hero,7.242,>3B to <20B,2024-08-05,2024_H2,UNKNOWN_OPEN_WEIGHTS,LICENSE_RECORDED,COMPLETE_SIX_TASK,True,6,NOT_IN_T05_BRIDGE,NOT_APPLICABLE,False,False,OBSERVED_DESCRIPTION
MODEL::01-ai_Yi-1.5-34B,01-ai_Yi-1.5-34B,model::01-ai/Yi-1.5-34B,01-ai/Yi-1.5-34B,Yi,34.389,>=20B,2024-06-12,2024_H1,Yes,LICENSE_RECORDED,COMPLETE_SIX_TASK,True,6,CONDITIONAL_SOURCE_TRANSFER,CONDITIONAL_ASSOCIATION_ONLY,False,False,OBSERVED_DESCRIPTION
MODEL::01-ai_Yi-1.5-34B-32K,01-ai_Yi-1.5-34B-32K,model::01-ai/Yi-1.5-34B-32K,01-ai/Yi-1.5-34B-32K,Yi,34.389,>=20B,2024-06-12,2024_H1,Yes,LICENSE_RECORDED,COMPLETE_SIX_TASK,True,6,CONDITIONAL_SOURCE_TRANSFER,CONDITIONAL_ASSOCIATION_ONLY,False,False,OBSERVED_DESCRIPTION
MODEL::01-ai_Yi-1.5-34B-Chat,01-ai_Yi-1.5-34B-Chat,model::01-ai/Yi-1.5-34B-Chat,01-ai/Yi-1.5-34B-Chat,Yi,34.389,>=20B,2024-06-12,2024_H1,Yes,LICENSE_RECORDED,COMPLETE_SIX_TASK,True,6,CONDITIONAL_SOURCE_TRANSFER,CONDITIONAL_ASSOCIATION_ONLY,False,False,OBSERVED_DESCRIPTION
MODEL::01-ai_Yi-1.5-34B-Chat-16K,01-ai_Yi-1.5-34B-Chat-16K,model::01-ai/Yi-1.5-34B-Chat-16K,01-ai/Yi-1.5-34B-Chat-16K,Yi,34.389,>=20B,2024-07-15,2024_H2,Yes,LICENSE_RECORDED,COMPLETE_SIX_TASK,True,6,CONDITIONAL_SOURCE_TRANSFER,CONDITIONAL_ASSOCIATION_ONLY,False,False,OBSERVED_DESCRIPTION
MODEL::01-ai_Yi-1.5-6B,01-ai_Yi-1.5-6B,model::01-ai/Yi-1.5-6B,01-ai/Yi-1.5-6B,Yi,6.061,>3B to <20B,2024-08-10,2024_H2,UNKNOWN_OPEN_WEIGHTS,LICENSE_RECORDED,COMPLETE_SIX_TASK,True,6,NOT_IN_T05_BRIDGE,NOT_APPLICABLE,False,False,OBSERVED_DESCRIPTION
MODEL::01-ai_Yi-1.5-6B-Chat,01-ai_Yi-1.5-6B-Chat,model::01-ai/Yi-1.5-6B-Chat,01-ai/Yi-1.5-6B-Chat,Yi,6.061,>3B to <20B,2024-10-22,2024_H2,UNKNOWN_OPEN_WEIGHTS,LICENSE_RECORDED,COMPLETE_SIX_TASK,True,6,NOT_IN_T05_BRIDGE,NOT_APPLICABLE,False,False,OBSERVED_DESCRIPTION
MODEL::01-ai_Yi-1.5-9B,01-ai_Yi-1.5-9B,model::01-ai/Yi-1.5-9B,01-ai/Yi-1.5-9B,Yi,8.829,>3B to <20B,2024-06-12,2024_H1,Yes,LICENSE_RECORDED,COMPLETE_SIX_TASK,True,6,NOT_IN_T05_BRIDGE,NOT_APPLICABLE,False,False,OBSERVED_DESCRIPTION
MODEL::01-ai_Yi-1.5-9B-32K,01-ai_Yi-1.5-9B-32K,model::01-ai/Yi-1.5-9B-32K,01-ai/Yi-1.5-9B-32K,Yi,8.829,>3B to <20B,2024-06-12,2024_H1,Yes,LICENSE_RECORDED,COMPLETE_SIX_TASK,True,6,NOT_IN_T05_BRIDGE,NOT_APPLICABLE,False,False,OBSERVED_DESCRIPTION
MODEL::01-ai_Yi-1.5-9B-Chat,01-ai_Yi-1.5-9B-Chat,model::01-ai/Yi-1.5-9B-Chat,01-ai/Yi-1.5-9B-Chat,Yi,8.829,>3B to <20B,2024-06-12,2024_H1,Yes,LICENSE_RECORDED,COMPLETE_SIX_TASK,True,6,NOT_IN_T05_BRIDGE,NOT_APPLICABLE,False,False,OBSERVED_DESCRIPTION
MODEL::01-ai_Yi-1.5-9B-Chat-16K,01-ai_Yi-1.5-9B-Chat-16K,model::01-ai/Yi-1.5-9B-Chat-16K,01-ai/Yi-1.5-9B-Chat-16K,Yi,8.829,>3B to <20B,2024-06-12,2024_H1,Yes,LICENSE_RECORDED,COMPLETE_SIX_TASK,True,6,NOT_IN_T05_BRIDGE,NOT_APPLICABLE,False,False,OBSERVED_DESCRIPTION
MODEL::01-ai_Yi-34B,01-ai_Yi-34B,model::01-ai/Yi-34B,01-ai/Yi-34B,Yi,34.389,>=20B,2024-06-12,2024_H1,Yes,LICENSE_RECORDED,COMPLETE_SIX_TASK,True,6,CONDITIONAL_SOURCE_TRANSFER,CONDITIONAL_ASSOCIATION_ONLY,False,False,OBSERVED_DESCRIPTION
MODEL::01-ai_Yi-34B-200K,01-ai_Yi-34B-200K,model::01-ai/Yi-34B-200K,01-ai/Yi-34B-200K,Yi,34.389,>=20B,2024-06-12,2024_H1,Yes,LICENSE_RECORDED,COMPLETE_SIX_TASK,True,6,CONDITIONAL_SOURCE_TRANSFER,CONDITIONAL_ASSOCIATION_ONLY,False,False,OBSERVED_DESCRIPTION
MODEL::01-ai_Yi-34B-Chat,01-ai_Yi-34B-Chat,model::01-ai/Yi-34B-Chat,01-ai/Yi-34B-Chat,Yi,34.389,>=20B,2024-06-12,2024_H1,Yes,LICENSE_RECORDED,COMPLETE_SIX_TASK,True,6,CONDITIONAL_SOURCE_TRANSFER,CONDITIONAL_ASSOCIATION_ONLY,False,False,OBSERVED_DESCRIPTION
MODEL::01-ai_Yi-6B,01-ai_Yi-6B,model::01-ai/Yi-6B,01-ai/Yi-6B,Yi,6.061,>3B to <20B,2024-06-12,2024_H1,UNKNOWN_OPEN_WEIGHTS,LICENSE_RECORDED,COMPLETE_SIX_TASK,True,6,CONDITIONAL_SOURCE_TRANSFER,CONDITIONAL_ASSOCIATION_ONLY,False,False,OBSERVED_DESCRIPTION
MODEL::01-ai_Yi-6B-200K,01-ai_Yi-6B-200K,model::01-ai/Yi-6B-200K,01-ai/Yi-6B-200K,Yi,6.061,>3B to <20B,2024-06-12,2024_H1,UNKNOWN_OPEN_WEIGHTS,LICENSE_RECORDED,COMPLETE_SIX_TASK,True,6,CONDITIONAL_SOURCE_TRANSFER,CONDITIONAL_ASSOCIATION_ONLY,False,False,OBSERVED_DESCRIPTION
MODEL::01-ai_Yi-6B-Chat,01-ai_Yi-6B-Chat,model::01-ai/Yi-6B-Chat,01-ai/Yi-6B-Chat,Yi,6.061,>3B to <20B,2024-06-12,2024_H1,UNKNOWN_OPEN_WEIGHTS,LICENSE_RECORDED,COMPLETE_SIX_TASK,True,6,CONDITIONAL_SOURCE_TRANSFER,CONDITIONAL_ASSOCIATION_ONLY,False,False,OBSERVED_DESCRIPTION
MODEL::01-ai_Yi-9B,01-ai_Yi-9B,model::01-ai/Yi-9B,01-ai/Yi-9B,Yi,8.829,>3B to <20B,2024-06-12,2024_H1,UNKNOWN_OPEN_WEIGHTS,LICENSE_RECORDED,COMPLETE_SIX_TASK,True,6,NOT_IN_T05_BRIDGE,NOT_APPLICABLE,False,False,OBSERVED_DESCRIPTION
MODEL::01-ai_Yi-9B-200K,01-ai_Yi-9B-200K,model::01-ai/Yi-9B-200K,01-ai/Yi-9B-200K,Yi,8.829,>3B to <20B,2024-06-12,2024_H1,UNKNOWN_OPEN_WEIGHTS,LICENSE_RECORDED,COMPLETE_SIX_TASK,True,6,NOT_IN_T05_BRIDGE,NOT_APPLICABLE,False,False,OBSERVED_DESCRIPTION
MODEL::01-ai_Yi-Coder-9B-Chat,01-ai_Yi-Coder-9B-Chat,model::01-ai/Yi-Coder-9B-Chat,01-ai/Yi-Coder-9B-Chat,Yi,8.829,>3B to <20B,2024-09-12,2024_H2,UNKNOWN_OPEN_WEIGHTS,LICENSE_RECORDED,COMPLETE_SIX_TASK,True,6,NOT_IN_T05_BRIDGE,NOT_APPLICABLE,False,False,OBSERVED_DESCRIPTION
MODEL::1-800-LLMs_Qwen-2.5-14B-Hindi,1-800-LLMs_Qwen-2.5-14B-Hindi,model::1-800-LLMs/Qwen-2.5-14B-Hindi,1-800-LLMs/Qwen-2.5-14B-Hindi,Qwen,14.77,>3B to <20B,2025-02-06,2025_Q1,UNKNOWN_OPEN_WEIGHTS,LICENSE_RECORDED,COMPLETE_SIX_TASK,True,6,NOT_IN_T05_BRIDGE,NOT_APPLICABLE,False,False,OBSERVED_DESCRIPTION
MODEL::1-800-LLMs_Qwen-2.5-14B-Hindi-Custom-Instruct,1-800-LLMs_Qwen-2.5-14B-Hindi-Custom-Instruct,model::1-800-LLMs/Qwen-2.5-14B-Hindi-Custom-Instruct,1-800-LLMs/Qwen-2.5-14B-Hindi-Custom-Instruct,Qwen,14.77,>3B to <20B,2025-02-06,2025_Q1,UNKNOWN_OPEN_WEIGHTS,LICENSE_RECORDED,COMPLETE_SIX_TASK,True,6,NOT_IN_T05_BRIDGE,NOT_APPLICABLE,False,False,OBSERVED_DESCRIPTION
MODEL::1024m_PHI-4-Hindi,1024m_PHI-4-Hindi,model::1024m/PHI-4-Hindi,1024m/PHI-4-Hindi,Phi,14.66,>3B to <20B,2025-02-06,2025_Q1,Yes,LICENSE_RECORDED,COMPLETE_SIX_TASK,True,6,NOT_IN_T05_BRIDGE,NOT_APPLICABLE,False,False,OBSERVED_DESCRIPTION
MODEL::1024m_QWEN-14B-B100,1024m_QWEN-14B-B100,model::1024m/QWEN-14B-B100,1024m/QWEN-14B-B100,Qwen,14.77,>3B to <20B,2025-02-06,2025_Q1,Yes,LICENSE_RECORDED,COMPLETE_SIX_TASK,True,6,NOT_IN_T05_BRIDGE,NOT_APPLICABLE,False,False,OBSERVED_DESCRIPTION
MODEL::152334H_miqu-1-70b-sf,152334H_miqu-1-70b-sf,model::152334H/miqu-1-70b-sf,152334H/miqu-1-70b-sf,152334H,68.977,>=20B,2024-06-26,2024_H1,UNKNOWN_OPEN_WEIGHTS,UNKNOWN_LICENSE,COMPLETE_SIX_TASK,True,6,NOT_IN_T05_BRIDGE,NOT_APPLICABLE,False,False,OBSERVED_DESCRIPTION
MODEL::1TuanPham_T-VisStar-7B-v0.1,1TuanPham_T-VisStar-7B-v0.1,model::1TuanPham/T-VisStar-7B-v0.1,1TuanPham/T-VisStar-7B-v0.1,1TuanPham,7.294,>3B to <20B,2024-09-22,2024_H2,UNKNOWN_OPEN_WEIGHTS,LICENSE_RECORDED,COMPLETE_SIX_TASK,True,6,NOT_IN_T05_BRIDGE,NOT_APPLICABLE,False,False,OBSERVED_DESCRIPTION
MODEL::1TuanPham_T-VisStar-v0.1,1TuanPham_T-VisStar-v0.1,model::1TuanPham/T-VisStar-v0.1,1TuanPham/T-VisStar-v0.1,1TuanPham,7.294,>3B to <20B,2024-09-20,2024_H2,UNKNOWN_OPEN_WEIGHTS,LICENSE_RECORDED,COMPLETE_SIX_TASK,True,6,NOT_IN_T05_BRIDGE,NOT_APPLICABLE,False,False,OBSERVED_DESCRIPTION
MODEL::3rd-Degree-Burn_L-3.1-Science-Writer-8B,3rd-Degree-Burn_L-3.1-Science-Writer-8B,model::3rd-Degree-Burn/L-3.1-Science-Writer-8B,3rd-Degree-Burn/L-3.1-Science-Writer-8B,3rd-Degree-Burn,8.03,>3B to <20B,2024-11-19,2024_H2,UNKNOWN_OPEN_WEIGHTS,UNKNOWN_LICENSE,COMPLETE_SIX_TASK,True,6,NOT_IN_T05_BRIDGE,NOT_APPLICABLE,False,False,OBSERVED_DESCRIPTION
MODEL::3rd-Degree-Burn_Llama-3.1-8B-Squareroot,3rd-Degree-Burn_Llama-3.1-8B-Squareroot,model::3rd-Degree-Burn/Llama-3.1-8B-Squareroot,3rd-Degree-Burn/Llama-3.1-8B-Squareroot,Llama,8.03,>3B to <20B,2024-10-10,2024_H2,UNKNOWN_OPEN_WEIGHTS,LICENSE_RECORDED,COMPLETE_SIX_TASK,True,6,NOT_IN_T05_BRIDGE,NOT_APPLICABLE,False,False,OBSERVED_DESCRIPTION
MODEL::3rd-Degree-Burn_Llama-3.1-8B-Squareroot-v1,3rd-Degree-Burn_Llama-3.1-8B-Squareroot-v1,model::3rd-Degree-Burn/Llama-3.1-8B-Squareroot-v1,3rd-Degree-Burn/Llama-3.1-8B-Squareroot-v1,Llama,8.03,>3B to <20B,2024-11-10,2024_H2,UNKNOWN_OPEN_WEIGHTS,UNKNOWN_LICENSE,COMPLETE_SIX_TASK,True,6,NOT_IN_T05_BRIDGE,NOT_APPLICABLE,False,False,OBSERVED_DESCRIPTION
MODEL::3rd-Degree-Burn_Llama-Squared-8B,3rd-Degree-Burn_Llama-Squared-8B,model::3rd-Degree-Burn/Llama-Squared-8B,3rd-Degree-Burn/Llama-Squared-8B,Llama,8.03,>3B to <20B,2024-10-08,2024_H2,UNKNOWN_OPEN_WEIGHTS,UNKNOWN_LICENSE,COMPLETE_SIX_TASK,True,6,NOT_IN_T05_BRIDGE,NOT_APPLICABLE,False,False,OBSERVED_DESCRIPTION
MODEL::4season_final_model_test_v2,4season_final_model_test_v2,model::4season/final_model_test_v2,4season/final_model_test_v2,4season,21.421,>=20B,2024-06-27,2024_H1,UNKNOWN_OPEN_WEIGHTS,LICENSE_RECORDED,COMPLETE_SIX_TASK,True,6,NOT_IN_T05_BRIDGE,NOT_APPLICABLE,False,False,OBSERVED_DESCRIPTION
MODEL::AALF_FuseChat-Llama-3.1-8B-Instruct-preview,AALF_FuseChat-Llama-3.1-8B-Instruct-preview,model::AALF/FuseChat-Llama-3.1-8B-Instruct-preview,AALF/FuseChat-Llama-3.1-8B-Instruct-preview,Llama,8.03,>3B to <20B,2024-11-20,2024_H2,UNKNOWN_OPEN_WEIGHTS,LICENSE_RECORDED,COMPLETE_SIX_TASK,True,6,NOT_IN_T05_BRIDGE,NOT_APPLICABLE,False,False,OBSERVED_DESCRIPTION
MODEL::AALF_FuseChat-Llama-3.1-8B-SFT-preview,AALF_FuseChat-Llama-3.1-8B-SFT-preview,model::AALF/FuseChat-Llama-3.1-8B-SFT-preview,AALF/FuseChat-Llama-3.1-8B-SFT-preview,Llama,8.03,>3B to <20B,2024-11-21,2024_H2,UNKNOWN_OPEN_WEIGHTS,UNKNOWN_LICENSE,COMPLETE_SIX_TASK,True,6,NOT_IN_T05_BRIDGE,NOT_APPLICABLE,False,False,OBSERVED_DESCRIPTION
MODEL::AALF_gemma-2-27b-it-SimPO-37K,AALF_gemma-2-27b-it-SimPO-37K,model::AALF/gemma-2-27b-it-SimPO-37K,AALF/gemma-2-27b-it-SimPO-37K,Gemma,27.227,>=20B,2024-09-05,2024_H2,UNKNOWN_OPEN_WEIGHTS,LICENSE_RECORDED,COMPLETE_SIX_TASK,True,6,NOT_IN_T05_BRIDGE,NOT_APPLICABLE,False,False,OBSERVED_DESCRIPTION
MODEL::AALF_gemma-2-27b-it-SimPO-37K-100steps,AALF_gemma-2-27b-it-SimPO-37K-100steps,model::AALF/gemma-2-27b-it-SimPO-37K-100steps,AALF/gemma-2-27b-it-SimPO-37K-100steps,Gemma,27.227,>=20B,2024-09-21,2024_H2,UNKNOWN_OPEN_WEIGHTS,LICENSE_RECORDED,COMPLETE_SIX_TASK,True,6,NOT_IN_T05_BRIDGE,NOT_APPLICABLE,False,False,OBSERVED_DESCRIPTION
MODEL::AELLM_gemma-2-aeria-infinity-9b,AELLM_gemma-2-aeria-infinity-9b,model::AELLM/gemma-2-aeria-infinity-9b,AELLM/gemma-2-aeria-infinity-9b,Gemma,9.242,>3B to <20B,2024-10-09,2024_H2,UNKNOWN_OPEN_WEIGHTS,UNKNOWN_LICENSE,COMPLETE_SIX_TASK,True,6,NOT_IN_T05_BRIDGE,NOT_APPLICABLE,False,False,OBSERVED_DESCRIPTION
MODEL::AELLM_gemma-2-lyco-infinity-9b,AELLM_gemma-2-lyco-infinity-9b,model::AELLM/gemma-2-lyco-infinity-9b,AELLM/gemma-2-lyco-infinity-9b,Gemma,10.159,>3B to <20B,2024-10-09,2024_H2,UNKNOWN_OPEN_WEIGHTS,UNKNOWN_LICENSE,COMPLETE_SIX_TASK,True,6,NOT_IN_T05_BRIDGE,NOT_APPLICABLE,False,False,OBSERVED_DESCRIPTION
MODEL::AGI-0_Art-v0-3B,AGI-0_Art-v0-3B,model::AGI-0/Art-v0-3B,AGI-0/Art-v0-3B,AGI-0,3.086,>3B to <20B,2025-01-19,2025_Q1,UNKNOWN_OPEN_WEIGHTS,LICENSE_RECORDED,COMPLETE_SIX_TASK,True,6,NOT_IN_T05_BRIDGE,NOT_APPLICABLE,False,False,OBSERVED_DESCRIPTION
MODEL::AGI-0_Artificium-llama3.1-8B-001,AGI-0_Artificium-llama3.1-8B-001,model::AGI-0/Artificium-llama3.1-8B-001,AGI-0/Artificium-llama3.1-8B-001,Llama,8.03,>3B to <20B,2024-09-08,2024_H2,UNKNOWN_OPEN_WEIGHTS,LICENSE_RECORDED,COMPLETE_SIX_TASK,True,6,NOT_IN_T05_BRIDGE,NOT_APPLICABLE,False,False,OBSERVED_DESCRIPTION
MODEL::AGI-0_smartllama3.1-8B-001,AGI-0_smartllama3.1-8B-001,model::AGI-0/smartllama3.1-8B-001,AGI-0/smartllama3.1-8B-001,Llama,8.03,>3B to <20B,2024-11-25,2024_H2,UNKNOWN_OPEN_WEIGHTS,LICENSE_RECORDED,COMPLETE_SIX_TASK,True,6,NOT_IN_T05_BRIDGE,NOT_APPLICABLE,False,False,OBSERVED_DESCRIPTION
MODEL::AI-MO_NuminaMath-7B-CoT,AI-MO_NuminaMath-7B-CoT,model::AI-MO/NuminaMath-7B-CoT,AI-MO/NuminaMath-7B-CoT,AI-MO,6.91,>3B to <20B,2024-09-10,2024_H2,UNKNOWN_OPEN_WEIGHTS,LICENSE_RECORDED,COMPLETE_SIX_TASK,True,6,NOT_IN_T05_BRIDGE,NOT_APPLICABLE,False,False,OBSERVED_DESCRIPTION
MODEL::AI-MO_NuminaMath-7B-TIR,AI-MO_NuminaMath-7B-TIR,model::AI-MO/NuminaMath-7B-TIR,AI-MO/NuminaMath-7B-TIR,AI-MO,6.91,>3B to <20B,2024-07-11,2024_H2,UNKNOWN_OPEN_WEIGHTS,LICENSE_RECORDED,COMPLETE_SIX_TASK,True,6,NOT_IN_T05_BRIDGE,NOT_APPLICABLE,False,False,OBSERVED_DESCRIPTION
MODEL::AI-Sweden-Models_Llama-3-8B-instruct,AI-Sweden-Models_Llama-3-8B-instruct,model::AI-Sweden-Models/Llama-3-8B-instruct,AI-Sweden-Models/Llama-3-8B-instruct,Llama,8.03,>3B to <20B,2024-06-27,2024_H1,UNKNOWN_OPEN_WEIGHTS,LICENSE_RECORDED,COMPLETE_SIX_TASK,True,6,NOT_IN_T05_BRIDGE,NOT_APPLICABLE,False,False,OBSERVED_DESCRIPTION
MODEL::AI-Sweden-Models_gpt-sw3-40b,AI-Sweden-Models_gpt-sw3-40b,model::AI-Sweden-Models/gpt-sw3-40b,AI-Sweden-Models/gpt-sw3-40b,AI-Sweden-Models,39.927,>=20B,2024-06-26,2024_H1,Yes,LICENSE_RECORDED,COMPLETE_SIX_TASK,True,6,NOT_IN_T05_BRIDGE,NOT_APPLICABLE,False,False,OBSERVED_DESCRIPTION
MODEL::AI4free_Dhanishtha,AI4free_Dhanishtha,model::AI4free/Dhanishtha,AI4free/Dhanishtha,AI4free,1.777,<=3B,2025-02-19,2025_Q1,UNKNOWN_OPEN_WEIGHTS,LICENSE_RECORDED,COMPLETE_SIX_TASK,True,6,NOT_IN_T05_BRIDGE,NOT_APPLICABLE,False,False,OBSERVED_DESCRIPTION
MODEL::AI4free_t2,AI4free_t2,model::AI4free/t2,AI4free/t2,AI4free,7.613,>3B to <20B,2025-02-27,2025_Q1,No,UNKNOWN_LICENSE,COMPLETE_SIX_TASK,True,6,NOT_IN_T05_BRIDGE,NOT_APPLICABLE,False,False,OBSERVED_DESCRIPTION
MODEL::AIDC-AI_Marco-o1,AIDC-AI_Marco-o1,model::AIDC-AI/Marco-o1,AIDC-AI/Marco-o1,AIDC-AI,7.616,>3B to <20B,2025-01-31,2025_Q1,Yes,LICENSE_RECORDED,COMPLETE_SIX_TASK,True,6,NOT_IN_T05_BRIDGE,NOT_APPLICABLE,False,False,OBSERVED_DESCRIPTION
MODEL::Aashraf995_Creative-7B-nerd,Aashraf995_Creative-7B-nerd,model::Aashraf995/Creative-7B-nerd,Aashraf995/Creative-7B-nerd,Aashraf995,7.616,>3B to <20B,2024-12-13,2024_H2,UNKNOWN_OPEN_WEIGHTS,LICENSE_RECORDED,COMPLETE_SIX_TASK,True,6,NOT_IN_T05_BRIDGE,NOT_APPLICABLE,False,False,OBSERVED_DESCRIPTION
MODEL::Aashraf995_Gemma-Evo-10B,Aashraf995_Gemma-Evo-10B,model::Aashraf995/Gemma-Evo-10B,Aashraf995/Gemma-Evo-10B,Gemma,10.159,>3B to <20B,2024-12-13,2024_H2,UNKNOWN_OPEN_WEIGHTS,LICENSE_RECORDED,COMPLETE_SIX_TASK,True,6,NOT_IN_T05_BRIDGE,NOT_APPLICABLE,False,False,OBSERVED_DESCRIPTION
MODEL::Aashraf995_Qwen-Evo-7B,Aashraf995_Qwen-Evo-7B,model::Aashraf995/Qwen-Evo-7B,Aashraf995/Qwen-Evo-7B,Qwen,7.616,>3B to <20B,2024-12-13,2024_H2,UNKNOWN_OPEN_WEIGHTS,LICENSE_RECORDED,COMPLETE_SIX_TASK,True,6,NOT_IN_T05_BRIDGE,NOT_APPLICABLE,False,False,OBSERVED_DESCRIPTION
MODEL::Aashraf995_QwenStock-14B,Aashraf995_QwenStock-14B,model::Aashraf995/QwenStock-14B,Aashraf995/QwenStock-14B,Qwen,14.766,>3B to <20B,2024-12-13,2024_H2,UNKNOWN_OPEN_WEIGHTS,LICENSE_RECORDED,COMPLETE_SIX_TASK,True,6,NOT_IN_T05_BRIDGE,NOT_APPLICABLE,False,False,OBSERVED_DESCRIPTION
MODEL::AbacusResearch_Jallabi-34B,AbacusResearch_Jallabi-34B,model::AbacusResearch/Jallabi-34B,AbacusResearch/Jallabi-34B,AbacusResearch,34.389,>=20B,2024-06-27,2024_H1,UNKNOWN_OPEN_WEIGHTS,LICENSE_RECORDED,COMPLETE_SIX_TASK,True,6,NOT_IN_T05_BRIDGE,NOT_APPLICABLE,False,False,OBSERVED_DESCRIPTION
MODEL::Ahdoot_StructuredThinker-v0.3-MoreStructure,Ahdoot_StructuredThinker-v0.3-MoreStructure,model::Ahdoot/StructuredThinker-v0.3-MoreStructure,Ahdoot/StructuredThinker-v0.3-MoreStructure,Ahdoot,3.397,>3B to <20B,2025-01-01,2025_Q1,UNKNOWN_OPEN_WEIGHTS,UNKNOWN_LICENSE,COMPLETE_SIX_TASK,True,6,NOT_IN_T05_BRIDGE,NOT_APPLICABLE,False,False,OBSERVED_DESCRIPTION
MODEL::Ahdoot_Test_StealthThinker,Ahdoot_Test_StealthThinker,model::Ahdoot/Test_StealthThinker,Ahdoot/Test_StealthThinker,Ahdoot,3.086,>3B to <20B,2025-01-05,2025_Q1,UNKNOWN_OPEN_WEIGHTS,LICENSE_RECORDED,COMPLETE_SIX_TASK,True,6,NOT_IN_T05_BRIDGE,NOT_APPLICABLE,False,False,OBSERVED_DESCRIPTION
MODEL::AicoresSecurity_Cybernet-Sec-3B-R1-V0,AicoresSecurity_Cybernet-Sec-3B-R1-V0,model::AicoresSecurity/Cybernet-Sec-3B-R1-V0,AicoresSecurity/Cybernet-Sec-3B-R1-V0,AicoresSecurity,3.213,>3B to <20B,2025-02-26,2025_Q1,UNKNOWN_OPEN_WEIGHTS,UNKNOWN_LICENSE,COMPLETE_SIX_TASK,True,6,NOT_IN_T05_BRIDGE,NOT_APPLICABLE,False,False,OBSERVED_DESCRIPTION
MODEL::AicoresSecurity_Cybernet-Sec-3B-R1-V0-Coder,AicoresSecurity_Cybernet-Sec-3B-R1-V0-Coder,model::AicoresSecurity/Cybernet-Sec-3B-R1-V0-Coder,AicoresSecurity/Cybernet-Sec-3B-R1-V0-Coder,AicoresSecurity,3.213,>3B to <20B,2025-02-26,2025_Q1,UNKNOWN_OPEN_WEIGHTS,UNKNOWN_LICENSE,COMPLETE_SIX_TASK,True,6,NOT_IN_T05_BRIDGE,NOT_APPLICABLE,False,False,OBSERVED_DESCRIPTION
MODEL::AicoresSecurity_Cybernet-Sec-3B-R1-V1,AicoresSecurity_Cybernet-Sec-3B-R1-V1,model::AicoresSecurity/Cybernet-Sec-3B-R1-V1,AicoresSecurity/Cybernet-Sec-3B-R1-V1,AicoresSecurity,3.213,>3B to <20B,2025-03-07,2025_Q1,UNKNOWN_OPEN_WEIGHTS,UNKNOWN_LICENSE,COMPLETE_SIX_TASK,True,6,NOT_IN_T05_BRIDGE,NOT_APPLICABLE,False,False,OBSERVED_DESCRIPTION
MODEL::AicoresSecurity_Cybernet-Sec-3B-R1-V1.1,AicoresSecurity_Cybernet-Sec-3B-R1-V1.1,model::AicoresSecurity/Cybernet-Sec-3B-R1-V1.1,AicoresSecurity/Cybernet-Sec-3B-R1-V1.1,AicoresSecurity,3.213,>3B to <20B,2025-03-07,2025_Q1,UNKNOWN_OPEN_WEIGHTS,UNKNOWN_LICENSE,COMPLETE_SIX_TASK,True,6,NOT_IN_T05_BRIDGE,NOT_APPLICABLE,False,False,OBSERVED_DESCRIPTION
MODEL::Alepach_notHumpback-M0,Alepach_notHumpback-M0,model::Alepach/notHumpback-M0,Alepach/notHumpback-M0,Alepach,3.213,>3B to <20B,2025-01-17,2025_Q1,UNKNOWN_OPEN_WEIGHTS,LICENSE_RECORDED,COMPLETE_SIX_TASK,True,6,NOT_IN_T05_BRIDGE,NOT_APPLICABLE,False,False,OBSERVED_DESCRIPTION
MODEL::Alepach_notHumpback-M1,Alepach_notHumpback-M1,model::Alepach/notHumpback-M1,Alepach/notHumpback-M1,Alepach,3.213,>3B to <20B,2025-01-17,2025_Q1,UNKNOWN_OPEN_WEIGHTS,LICENSE_RECORDED,COMPLETE_SIX_TASK,True,6,NOT_IN_T05_BRIDGE,NOT_APPLICABLE,False,False,OBSERVED_DESCRIPTION
MODEL::Alepach_notHumpback-M1-v2,Alepach_notHumpback-M1-v2,model::Alepach/notHumpback-M1-v2,Alepach/notHumpback-M1-v2,Alepach,3.213,>3B to <20B,2025-01-19,2025_Q1,UNKNOWN_OPEN_WEIGHTS,UNKNOWN_LICENSE,COMPLETE_SIX_TASK,True,6,NOT_IN_T05_BRIDGE,NOT_APPLICABLE,False,False,OBSERVED_DESCRIPTION
MODEL::Alibaba-NLP_gte-Qwen2-7B-instruct,Alibaba-NLP_gte-Qwen2-7B-instruct,model::Alibaba-NLP/gte-Qwen2-7B-instruct,Alibaba-NLP/gte-Qwen2-7B-instruct,Qwen,7.613,>3B to <20B,2024-08-05,2024_H2,UNKNOWN_OPEN_WEIGHTS,LICENSE_RECORDED,COMPLETE_SIX_TASK,True,6,NOT_IN_T05_BRIDGE,NOT_APPLICABLE,False,False,OBSERVED_DESCRIPTION
MODEL::Alsebay_Qwen2.5-7B-test-novelist,Alsebay_Qwen2.5-7B-test-novelist,model::Alsebay/Qwen2.5-7B-test-novelist,Alsebay/Qwen2.5-7B-test-novelist,Qwen,7.616,>3B to <20B,2024-12-12,2024_H2,Yes,LICENSE_RECORDED,COMPLETE_SIX_TASK,True,6,NOT_IN_T05_BRIDGE,NOT_APPLICABLE,False,False,OBSERVED_DESCRIPTION
MODEL::Amaorynho_BBAI2006,Amaorynho_BBAI2006,model::Amaorynho/BBAI2006,Amaorynho/BBAI2006,Amaorynho,1.09,<=3B,2025-02-27,2025_Q1,UNKNOWN_OPEN_WEIGHTS,UNKNOWN_LICENSE,COMPLETE_SIX_TASK,True,6,NOT_IN_T05_BRIDGE,NOT_APPLICABLE,False,False,OBSERVED_DESCRIPTION
MODEL::Amaorynho_BBAI270V4,Amaorynho_BBAI270V4,model::Amaorynho/BBAI270V4,Amaorynho/BBAI270V4,Amaorynho,7.616,>3B to <20B,2025-02-26,2025_Q1,UNKNOWN_OPEN_WEIGHTS,UNKNOWN_LICENSE,COMPLETE_SIX_TASK,True,6,NOT_IN_T05_BRIDGE,NOT_APPLICABLE,False,False,OBSERVED_DESCRIPTION
MODEL::Amaorynho_BBAIIFEV1,Amaorynho_BBAIIFEV1,model::Amaorynho/BBAIIFEV1,Amaorynho/BBAIIFEV1,Amaorynho,8.03,>3B to <20B,2025-03-01,2025_Q1,UNKNOWN_OPEN_WEIGHTS,UNKNOWN_LICENSE,COMPLETE_SIX_TASK,True,6,NOT_IN_T05_BRIDGE,NOT_APPLICABLE,False,False,OBSERVED_DESCRIPTION
MODEL::Amaorynho_BBAI_375,Amaorynho_BBAI_375,model::Amaorynho/BBAI_375,Amaorynho/BBAI_375,Amaorynho,1.09,<=3B,2025-02-27,2025_Q1,UNKNOWN_OPEN_WEIGHTS,UNKNOWN_LICENSE,COMPLETE_SIX_TASK,True,6,NOT_IN_T05_BRIDGE,NOT_APPLICABLE,False,False,OBSERVED_DESCRIPTION
MODEL::Amu_t1-1.5B,Amu_t1-1.5B,model::Amu/t1-1.5B,Amu/t1-1.5B,Amu,1.777,<=3B,2025-03-08,2025_Q1,UNKNOWN_OPEN_WEIGHTS,LICENSE_RECORDED,COMPLETE_SIX_TASK,True,6,NOT_IN_T05_BRIDGE,NOT_APPLICABLE,False,False,OBSERVED_DESCRIPTION
MODEL::Amu_t1-3B,Amu_t1-3B,model::Amu/t1-3B,Amu/t1-3B,Amu,3.397,>3B to <20B,2025-03-13,2025_Q1,UNKNOWN_OPEN_WEIGHTS,LICENSE_RECORDED,COMPLETE_SIX_TASK,True,6,NOT_IN_T05_BRIDGE,NOT_APPLICABLE,False,False,OBSERVED_DESCRIPTION
MODEL::ArliAI_ArliAI-RPMax-12B-v1.1,ArliAI_ArliAI-RPMax-12B-v1.1,model::ArliAI/ArliAI-RPMax-12B-v1.1,ArliAI/ArliAI-RPMax-12B-v1.1,ArliAI,12.248,>3B to <20B,2024-09-05,2024_H2,UNKNOWN_OPEN_WEIGHTS,LICENSE_RECORDED,COMPLETE_SIX_TASK,True,6,NOT_IN_T05_BRIDGE,NOT_APPLICABLE,False,False,OBSERVED_DESCRIPTION
MODEL::ArliAI_Llama-3.1-8B-ArliAI-RPMax-v1.1,ArliAI_Llama-3.1-8B-ArliAI-RPMax-v1.1,model::ArliAI/Llama-3.1-8B-ArliAI-RPMax-v1.1,ArliAI/Llama-3.1-8B-ArliAI-RPMax-v1.1,Llama,8.03,>3B to <20B,2024-09-19,2024_H2,UNKNOWN_OPEN_WEIGHTS,LICENSE_RECORDED,COMPLETE_SIX_TASK,True,6,NOT_IN_T05_BRIDGE,NOT_APPLICABLE,False,False,OBSERVED_DESCRIPTION
MODEL::Arthur-LAGACHERIE_Precis-1B-Instruct,Arthur-LAGACHERIE_Precis-1B-Instruct,model::Arthur-LAGACHERIE/Precis-1B-Instruct,Arthur-LAGACHERIE/Precis-1B-Instruct,Arthur-LAGACHERIE,1.236,<=3B,2025-01-19,2025_Q1,UNKNOWN_OPEN_WEIGHTS,LICENSE_RECORDED,COMPLETE_SIX_TASK,True,6,NOT_IN_T05_BRIDGE,NOT_APPLICABLE,False,False,OBSERVED_DESCRIPTION
MODEL::Artples_L-MChat-7b,Artples_L-MChat-7b,model::Artples/L-MChat-7b,Artples/L-MChat-7b,Artples,7.242,>3B to <20B,2024-07-07,2024_H2,UNKNOWN_OPEN_WEIGHTS,LICENSE_RECORDED,COMPLETE_SIX_TASK,True,6,NOT_IN_T05_BRIDGE,NOT_APPLICABLE,False,False,OBSERVED_DESCRIPTION
MODEL::Artples_L-MChat-Small,Artples_L-MChat-Small,model::Artples/L-MChat-Small,Artples/L-MChat-Small,Artples,2.78,<=3B,2024-07-07,2024_H2,UNKNOWN_OPEN_WEIGHTS,LICENSE_RECORDED,COMPLETE_SIX_TASK,True,6,NOT_IN_T05_BRIDGE,NOT_APPLICABLE,False,False,OBSERVED_DESCRIPTION
MODEL::Aryanne_QwentileSwap,Aryanne_QwentileSwap,model::Aryanne/QwentileSwap,Aryanne/QwentileSwap,Qwen,32.764,>=20B,2025-02-05,2025_Q1,UNKNOWN_OPEN_WEIGHTS,LICENSE_RECORDED,COMPLETE_SIX_TASK,True,6,NOT_IN_T05_BRIDGE,NOT_APPLICABLE,False,False,OBSERVED_DESCRIPTION
MODEL::Aryanne_SHBA,Aryanne_SHBA,model::Aryanne/SHBA,Aryanne/SHBA,Aryanne,8.03,>3B to <20B,2025-01-11,2025_Q1,UNKNOWN_OPEN_WEIGHTS,UNKNOWN_LICENSE,COMPLETE_SIX_TASK,True,6,NOT_IN_T05_BRIDGE,NOT_APPLICABLE,False,False,OBSERVED_DESCRIPTION
MODEL::Aryanne_SuperHeart,Aryanne_SuperHeart,model::Aryanne/SuperHeart,Aryanne/SuperHeart,Aryanne,8.03,>3B to <20B,2024-09-23,2024_H2,UNKNOWN_OPEN_WEIGHTS,LICENSE_RECORDED,COMPLETE_SIX_TASK,True,6,NOT_IN_T05_BRIDGE,NOT_APPLICABLE,False,False,OBSERVED_DESCRIPTION
MODEL::AtAndDev_Qwen2.5-1.5B-continuous-learnt,AtAndDev_Qwen2.5-1.5B-continuous-learnt,model::AtAndDev/Qwen2.5-1.5B-continuous-learnt,AtAndDev/Qwen2.5-1.5B-continuous-learnt,Qwen,1.544,<=3B,,UNKNOWN_OR_AMBIGUOUS,Yes,UNKNOWN_LICENSE,COMPLETE_SIX_TASK,True,6,NOT_IN_T05_BRIDGE,NOT_APPLICABLE,False,False,OBSERVED_DESCRIPTION
MODEL::Ateron_Glowing-Forest-12B,Ateron_Glowing-Forest-12B,model::Ateron/Glowing-Forest-12B,Ateron/Glowing-Forest-12B,Ateron,12.248,>3B to <20B,2025-03-06,2025_Q1,UNKNOWN_OPEN_WEIGHTS,UNKNOWN_LICENSE,COMPLETE_SIX_TASK,True,6,NOT_IN_T05_BRIDGE,NOT_APPLICABLE,False,False,OBSERVED_DESCRIPTION
MODEL::Ateron_Lotus-Magpic,Ateron_Lotus-Magpic,model::Ateron/Lotus-Magpic,Ateron/Lotus-Magpic,Ateron,12.248,>3B to <20B,2025-03-05,2025_Q1,UNKNOWN_OPEN_WEIGHTS,UNKNOWN_LICENSE,COMPLETE_SIX_TASK,True,6,NOT_IN_T05_BRIDGE,NOT_APPLICABLE,False,False,OBSERVED_DESCRIPTION
MODEL::Ateron_Way_of_MagPicaro,Ateron_Way_of_MagPicaro,model::Ateron/Way_of_MagPicaro,Ateron/Way_of_MagPicaro,Ateron,12.248,>3B to <20B,2025-03-05,2025_Q1,UNKNOWN_OPEN_WEIGHTS,UNKNOWN_LICENSE,COMPLETE_SIX_TASK,True,6,NOT_IN_T05_BRIDGE,NOT_APPLICABLE,False,False,OBSERVED_DESCRIPTION
MODEL::AuraIndustries_Aura-4B,AuraIndustries_Aura-4B,model::AuraIndustries/Aura-4B,AuraIndustries/Aura-4B,AuraIndustries,4.513,>3B to <20B,2024-12-13,2024_H2,UNKNOWN_OPEN_WEIGHTS,LICENSE_RECORDED,COMPLETE_SIX_TASK,True,6,NOT_IN_T05_BRIDGE,NOT_APPLICABLE,False,False,OBSERVED_DESCRIPTION
MODEL::AuraIndustries_Aura-8B,AuraIndustries_Aura-8B,model::AuraIndustries/Aura-8B,AuraIndustries/Aura-8B,AuraIndustries,8.03,>3B to <20B,2024-12-10,2024_H2,UNKNOWN_OPEN_WEIGHTS,LICENSE_RECORDED,COMPLETE_SIX_TASK,True,6,NOT_IN_T05_BRIDGE,NOT_APPLICABLE,False,False,OBSERVED_DESCRIPTION
MODEL::AuraIndustries_Aura-MoE-2x4B,AuraIndustries_Aura-MoE-2x4B,model::AuraIndustries/Aura-MoE-2x4B,AuraIndustries/Aura-MoE-2x4B,AuraIndustries,7.231,>3B to <20B,2024-12-14,2024_H2,UNKNOWN_OPEN_WEIGHTS,UNKNOWN_LICENSE,COMPLETE_SIX_TASK,True,6,NOT_IN_T05_BRIDGE,NOT_APPLICABLE,False,False,OBSERVED_DESCRIPTION
MODEL::AuraIndustries_Aura-MoE-2x4B-v2,AuraIndustries_Aura-MoE-2x4B-v2,model::AuraIndustries/Aura-MoE-2x4B-v2,AuraIndustries/Aura-MoE-2x4B-v2,AuraIndustries,7.231,>3B to <20B,2024-12-15,2024_H2,UNKNOWN_OPEN_WEIGHTS,UNKNOWN_LICENSE,COMPLETE_SIX_TASK,True,6,NOT_IN_T05_BRIDGE,NOT_APPLICABLE,False,False,OBSERVED_DESCRIPTION
MODEL::Aurel9_testmerge-7b,Aurel9_testmerge-7b,model::Aurel9/testmerge-7b,Aurel9/testmerge-7b,Aurel9,7.242,>3B to <20B,2024-11-16,2024_H2,UNKNOWN_OPEN_WEIGHTS,UNKNOWN_LICENSE,COMPLETE_SIX_TASK,True,6,NOT_IN_T05_BRIDGE,NOT_APPLICABLE,False,False,OBSERVED_DESCRIPTION
MODEL::Ayush-Singh_Llama1B-sft-2,Ayush-Singh_Llama1B-sft-2,model::Ayush-Singh/Llama1B-sft-2,Ayush-Singh/Llama1B-sft-2,Llama,1.236,<=3B,2025-02-05,2025_Q1,UNKNOWN_OPEN_WEIGHTS,UNKNOWN_LICENSE,COMPLETE_SIX_TASK,True,6,NOT_IN_T05_BRIDGE,NOT_APPLICABLE,False,False,OBSERVED_DESCRIPTION
MODEL::Azure99_Blossom-V6-14B,Azure99_Blossom-V6-14B,model::Azure99/Blossom-V6-14B,Azure99/Blossom-V6-14B,Azure99,14.77,>3B to <20B,2025-01-30,2025_Q1,UNKNOWN_OPEN_WEIGHTS,LICENSE_RECORDED,COMPLETE_SIX_TASK,True,6,NOT_IN_T05_BRIDGE,NOT_APPLICABLE,False,False,OBSERVED_DESCRIPTION
MODEL::Azure99_Blossom-V6-7B,Azure99_Blossom-V6-7B,model::Azure99/Blossom-V6-7B,Azure99/Blossom-V6-7B,Azure99,7.616,>3B to <20B,2025-01-30,2025_Q1,UNKNOWN_OPEN_WEIGHTS,LICENSE_RECORDED,COMPLETE_SIX_TASK,True,6,NOT_IN_T05_BRIDGE,NOT_APPLICABLE,False,False,OBSERVED_DESCRIPTION
MODEL::Azure99_blossom-v5-32b,Azure99_blossom-v5-32b,model::Azure99/blossom-v5-32b,Azure99/blossom-v5-32b,Azure99,32.512,>=20B,2024-09-21,2024_H2,UNKNOWN_OPEN_WEIGHTS,LICENSE_RECORDED,COMPLETE_SIX_TASK,True,6,NOT_IN_T05_BRIDGE,NOT_APPLICABLE,False,False,OBSERVED_DESCRIPTION
MODEL::Azure99_blossom-v5-llama3-8b,Azure99_blossom-v5-llama3-8b,model::Azure99/blossom-v5-llama3-8b,Azure99/blossom-v5-llama3-8b,Llama,8.03,>3B to <20B,2024-09-21,2024_H2,UNKNOWN_OPEN_WEIGHTS,LICENSE_RECORDED,COMPLETE_SIX_TASK,True,6,NOT_IN_T05_BRIDGE,NOT_APPLICABLE,False,False,OBSERVED_DESCRIPTION
MODEL::Azure99_blossom-v5.1-34b,Azure99_blossom-v5.1-34b,model::Azure99/blossom-v5.1-34b,Azure99/blossom-v5.1-34b,Azure99,34.389,>=20B,2024-07-27,2024_H2,UNKNOWN_OPEN_WEIGHTS,LICENSE_RECORDED,COMPLETE_SIX_TASK,True,6,NOT_IN_T05_BRIDGE,NOT_APPLICABLE,False,False,OBSERVED_DESCRIPTION
MODEL::Azure99_blossom-v5.1-9b,Azure99_blossom-v5.1-9b,model::Azure99/blossom-v5.1-9b,Azure99/blossom-v5.1-9b,Azure99,8.829,>3B to <20B,2024-07-24,2024_H2,UNKNOWN_OPEN_WEIGHTS,LICENSE_RECORDED,COMPLETE_SIX_TASK,True,6,NOT_IN_T05_BRIDGE,NOT_APPLICABLE,False,False,OBSERVED_DESCRIPTION
MODEL::BAAI_Gemma2-9B-IT-Simpo-Infinity-Preference,BAAI_Gemma2-9B-IT-Simpo-Infinity-Preference,model::BAAI/Gemma2-9B-IT-Simpo-Infinity-Preference,BAAI/Gemma2-9B-IT-Simpo-Infinity-Preference,Gemma,9.242,>3B to <20B,2024-09-05,2024_H2,UNKNOWN_OPEN_WEIGHTS,UNKNOWN_LICENSE,COMPLETE_SIX_TASK,True,6,NOT_IN_T05_BRIDGE,NOT_APPLICABLE,False,False,OBSERVED_DESCRIPTION
MODEL::BAAI_Infinity-Instruct-3M-0613-Llama3-70B,BAAI_Infinity-Instruct-3M-0613-Llama3-70B,model::BAAI/Infinity-Instruct-3M-0613-Llama3-70B,BAAI/Infinity-Instruct-3M-0613-Llama3-70B,Llama,70.554,>=20B,2024-06-28,2024_H1,UNKNOWN_OPEN_WEIGHTS,LICENSE_RECORDED,COMPLETE_SIX_TASK,True,6,NOT_IN_T05_BRIDGE,NOT_APPLICABLE,False,False,OBSERVED_DESCRIPTION
MODEL::BAAI_Infinity-Instruct-3M-0613-Mistral-7B,BAAI_Infinity-Instruct-3M-0613-Mistral-7B,model::BAAI/Infinity-Instruct-3M-0613-Mistral-7B,BAAI/Infinity-Instruct-3M-0613-Mistral-7B,Mistral,7.242,>3B to <20B,2024-06-27,2024_H1,UNKNOWN_OPEN_WEIGHTS,LICENSE_RECORDED,COMPLETE_SIX_TASK,True,6,NOT_IN_T05_BRIDGE,NOT_APPLICABLE,False,False,OBSERVED_DESCRIPTION
MODEL::BAAI_Infinity-Instruct-3M-0625-Llama3-70B,BAAI_Infinity-Instruct-3M-0625-Llama3-70B,model::BAAI/Infinity-Instruct-3M-0625-Llama3-70B,BAAI/Infinity-Instruct-3M-0625-Llama3-70B,Llama,70.554,>=20B,2024-08-30,2024_H2,UNKNOWN_OPEN_WEIGHTS,LICENSE_RECORDED,COMPLETE_SIX_TASK,True,6,NOT_IN_T05_BRIDGE,NOT_APPLICABLE,False,False,OBSERVED_DESCRIPTION
MODEL::BAAI_Infinity-Instruct-3M-0625-Llama3-8B,BAAI_Infinity-Instruct-3M-0625-Llama3-8B,model::BAAI/Infinity-Instruct-3M-0625-Llama3-8B,BAAI/Infinity-Instruct-3M-0625-Llama3-8B,Llama,8.03,>3B to <20B,2024-07-13,2024_H2,UNKNOWN_OPEN_WEIGHTS,LICENSE_RECORDED,COMPLETE_SIX_TASK,True,6,NOT_IN_T05_BRIDGE,NOT_APPLICABLE,False,False,OBSERVED_DESCRIPTION
MODEL::BAAI_Infinity-Instruct-3M-0625-Mistral-7B,BAAI_Infinity-Instruct-3M-0625-Mistral-7B,model::BAAI/Infinity-Instruct-3M-0625-Mistral-7B,BAAI/Infinity-Instruct-3M-0625-Mistral-7B,Mistral,7.242,>3B to <20B,2024-08-05,2024_H2,UNKNOWN_OPEN_WEIGHTS,LICENSE_RECORDED,COMPLETE_SIX_TASK,True,6,NOT_IN_T05_BRIDGE,NOT_APPLICABLE,False,False,OBSERVED_DESCRIPTION
MODEL::BAAI_Infinity-Instruct-3M-0625-Qwen2-7B,BAAI_Infinity-Instruct-3M-0625-Qwen2-7B,model::BAAI/Infinity-Instruct-3M-0625-Qwen2-7B,BAAI/Infinity-Instruct-3M-0625-Qwen2-7B,Qwen,7.616,>3B to <20B,2024-08-05,2024_H2,UNKNOWN_OPEN_WEIGHTS,LICENSE_RECORDED,COMPLETE_SIX_TASK,True,6,NOT_IN_T05_BRIDGE,NOT_APPLICABLE,False,False,OBSERVED_DESCRIPTION
MODEL::BAAI_Infinity-Instruct-3M-0625-Yi-1.5-9B,BAAI_Infinity-Instruct-3M-0625-Yi-1.5-9B,model::BAAI/Infinity-Instruct-3M-0625-Yi-1.5-9B,BAAI/Infinity-Instruct-3M-0625-Yi-1.5-9B,Yi,8.829,>3B to <20B,2024-08-05,2024_H2,UNKNOWN_OPEN_WEIGHTS,LICENSE_RECORDED,COMPLETE_SIX_TASK,True,6,NOT_IN_T05_BRIDGE,NOT_APPLICABLE,False,False,OBSERVED_DESCRIPTION
MODEL::BAAI_Infinity-Instruct-7M-0729-Llama3_1-8B,BAAI_Infinity-Instruct-7M-0729-Llama3_1-8B,model::BAAI/Infinity-Instruct-7M-0729-Llama3_1-8B,BAAI/Infinity-Instruct-7M-0729-Llama3_1-8B,Llama,8.03,>3B to <20B,2024-08-05,2024_H2,UNKNOWN_OPEN_WEIGHTS,LICENSE_RECORDED,COMPLETE_SIX_TASK,True,6,NOT_IN_T05_BRIDGE,NOT_APPLICABLE,False,False,OBSERVED_DESCRIPTION
MODEL::BAAI_Infinity-Instruct-7M-0729-mistral-7B,BAAI_Infinity-Instruct-7M-0729-mistral-7B,model::BAAI/Infinity-Instruct-7M-0729-mistral-7B,BAAI/Infinity-Instruct-7M-0729-mistral-7B,Mistral,7.242,>3B to <20B,2024-08-05,2024_H2,UNKNOWN_OPEN_WEIGHTS,LICENSE_RECORDED,COMPLETE_SIX_TASK,True,6,NOT_IN_T05_BRIDGE,NOT_APPLICABLE,False,False,OBSERVED_DESCRIPTION
MODEL::BAAI_Infinity-Instruct-7M-Gen-Llama3_1-70B,BAAI_Infinity-Instruct-7M-Gen-Llama3_1-70B,model::BAAI/Infinity-Instruct-7M-Gen-Llama3_1-70B,BAAI/Infinity-Instruct-7M-Gen-Llama3_1-70B,Llama,70.554,>=20B,2024-09-26,2024_H2,UNKNOWN_OPEN_WEIGHTS,LICENSE_RECORDED,COMPLETE_SIX_TASK,True,6,NOT_IN_T05_BRIDGE,NOT_APPLICABLE,False,False,OBSERVED_DESCRIPTION
MODEL::BAAI_Infinity-Instruct-7M-Gen-Llama3_1-8B,BAAI_Infinity-Instruct-7M-Gen-Llama3_1-8B,model::BAAI/Infinity-Instruct-7M-Gen-Llama3_1-8B,BAAI/Infinity-Instruct-7M-Gen-Llama3_1-8B,Llama,8.03,>3B to <20B,2024-08-29,2024_H2,UNKNOWN_OPEN_WEIGHTS,LICENSE_RECORDED,COMPLETE_SIX_TASK,True,6,NOT_IN_T05_BRIDGE,NOT_APPLICABLE,False,False,OBSERVED_DESCRIPTION
MODEL::BAAI_Infinity-Instruct-7M-Gen-mistral-7B,BAAI_Infinity-Instruct-7M-Gen-mistral-7B,model::BAAI/Infinity-Instruct-7M-Gen-mistral-7B,BAAI/Infinity-Instruct-7M-Gen-mistral-7B,Mistral,7.242,>3B to <20B,2024-08-29,2024_H2,UNKNOWN_OPEN_WEIGHTS,LICENSE_RECORDED,COMPLETE_SIX_TASK,True,6,NOT_IN_T05_BRIDGE,NOT_APPLICABLE,False,False,OBSERVED_DESCRIPTION
MODEL::BAAI_OPI-Llama-3.1-8B-Instruct,BAAI_OPI-Llama-3.1-8B-Instruct,model::BAAI/OPI-Llama-3.1-8B-Instruct,BAAI/OPI-Llama-3.1-8B-Instruct,Llama,8.03,>3B to <20B,2024-09-21,2024_H2,UNKNOWN_OPEN_WEIGHTS,LICENSE_RECORDED,COMPLETE_SIX_TASK,True,6,NOT_IN_T05_BRIDGE,NOT_APPLICABLE,False,False,OBSERVED_DESCRIPTION
MODEL::BEE-spoke-data_Meta-Llama-3-8Bee,BEE-spoke-data_Meta-Llama-3-8Bee,model::BEE-spoke-data/Meta-Llama-3-8Bee,BEE-spoke-data/Meta-Llama-3-8Bee,Llama,8.03,>3B to <20B,2024-07-04,2024_H2,UNKNOWN_OPEN_WEIGHTS,LICENSE_RECORDED,COMPLETE_SIX_TASK,True,6,NOT_IN_T05_BRIDGE,NOT_APPLICABLE,False,False,OBSERVED_DESCRIPTION
MODEL::BEE-spoke-data_smol_llama-101M-GQA,BEE-spoke-data_smol_llama-101M-GQA,model::BEE-spoke-data/smol_llama-101M-GQA,BEE-spoke-data/smol_llama-101M-GQA,Llama,0.101,<=3B,2024-07-06,2024_H2,UNKNOWN_OPEN_WEIGHTS,LICENSE_RECORDED,COMPLETE_SIX_TASK,True,6,NOT_IN_T05_BRIDGE,NOT_APPLICABLE,False,False,OBSERVED_DESCRIPTION
MODEL::BEE-spoke-data_smol_llama-220M-GQA,BEE-spoke-data_smol_llama-220M-GQA,model::BEE-spoke-data/smol_llama-220M-GQA,BEE-spoke-data/smol_llama-220M-GQA,Llama,0.218,<=3B,2024-06-26,2024_H1,UNKNOWN_OPEN_WEIGHTS,LICENSE_RECORDED,COMPLETE_SIX_TASK,True,6,NOT_IN_T05_BRIDGE,NOT_APPLICABLE,False,False,OBSERVED_DESCRIPTION
MODEL::BEE-spoke-data_smol_llama-220M-GQA-fineweb_edu,BEE-spoke-data_smol_llama-220M-GQA-fineweb_edu,model::BEE-spoke-data/smol_llama-220M-GQA-fineweb_edu,BEE-spoke-data/smol_llama-220M-GQA-fineweb_edu,Llama,0.218,<=3B,2024-06-26,2024_H1,UNKNOWN_OPEN_WEIGHTS,LICENSE_RECORDED,COMPLETE_SIX_TASK,True,6,NOT_IN_T05_BRIDGE,NOT_APPLICABLE,False,False,OBSERVED_DESCRIPTION
MODEL::BEE-spoke-data_smol_llama-220M-openhermes,BEE-spoke-data_smol_llama-220M-openhermes,model::BEE-spoke-data/smol_llama-220M-openhermes,BEE-spoke-data/smol_llama-220M-openhermes,Llama,0.218,<=3B,2024-09-21,2024_H2,UNKNOWN_OPEN_WEIGHTS,LICENSE_RECORDED,COMPLETE_SIX_TASK,True,6,NOT_IN_T05_BRIDGE,NOT_APPLICABLE,False,False,OBSERVED_DESCRIPTION
MODEL::BEE-spoke-data_tFINE-900m-e16-d32-flan,BEE-spoke-data_tFINE-900m-e16-d32-flan,model::BEE-spoke-data/tFINE-900m-e16-d32-flan,BEE-spoke-data/tFINE-900m-e16-d32-flan,BEE-spoke-data,0.887,<=3B,2024-09-13,2024_H2,UNKNOWN_OPEN_WEIGHTS,LICENSE_RECORDED,COMPLETE_SIX_TASK,True,6,NOT_IN_T05_BRIDGE,NOT_APPLICABLE,False,False,OBSERVED_DESCRIPTION
MODEL::BEE-spoke-data_tFINE-900m-e16-d32-flan-infinity-instruct-7m-T2T_en-1024,BEE-spoke-data_tFINE-900m-e16-d32-flan-infinity-instruct-7m-T2T_en-1024,model::BEE-spoke-data/tFINE-900m-e16-d32-flan-infinity-instruct-7m-T2T_en-1024,BEE-spoke-data/tFINE-900m-e16-d32-flan-infinity-instruct-7m-T2T_en-1024,BEE-spoke-data,0.887,<=3B,2024-09-14,2024_H2,UNKNOWN_OPEN_WEIGHTS,LICENSE_RECORDED,COMPLETE_SIX_TASK,True,6,NOT_IN_T05_BRIDGE,NOT_APPLICABLE,False,False,OBSERVED_DESCRIPTION
MODEL::BEE-spoke-data_tFINE-900m-e16-d32-instruct_2e,BEE-spoke-data_tFINE-900m-e16-d32-instruct_2e,model::BEE-spoke-data/tFINE-900m-e16-d32-instruct_2e,BEE-spoke-data/tFINE-900m-e16-d32-instruct_2e,BEE-spoke-data,0.887,<=3B,2024-09-22,2024_H2,UNKNOWN_OPEN_WEIGHTS,LICENSE_RECORDED,COMPLETE_SIX_TASK,True,6,NOT_IN_T05_BRIDGE,NOT_APPLICABLE,False,False,OBSERVED_DESCRIPTION
MODEL::BEE-spoke-data_tFINE-900m-instruct-orpo,BEE-spoke-data_tFINE-900m-instruct-orpo,model::BEE-spoke-data/tFINE-900m-instruct-orpo,BEE-spoke-data/tFINE-900m-instruct-orpo,BEE-spoke-data,0.887,<=3B,2024-09-23,2024_H2,UNKNOWN_OPEN_WEIGHTS,LICENSE_RECORDED,COMPLETE_SIX_TASK,True,6,NOT_IN_T05_BRIDGE,NOT_APPLICABLE,False,False,OBSERVED_DESCRIPTION
MODEL::BSC-LT_salamandra-7b,BSC-LT_salamandra-7b,model::BSC-LT/salamandra-7b,BSC-LT/salamandra-7b,BSC-LT,7.768,>3B to <20B,2024-11-22,2024_H2,UNKNOWN_OPEN_WEIGHTS,LICENSE_RECORDED,COMPLETE_SIX_TASK,True,6,NOT_IN_T05_BRIDGE,NOT_APPLICABLE,False,False,OBSERVED_DESCRIPTION
MODEL::BSC-LT_salamandra-7b-instruct,BSC-LT_salamandra-7b-instruct,model::BSC-LT/salamandra-7b-instruct,BSC-LT/salamandra-7b-instruct,BSC-LT,7.768,>3B to <20B,2024-11-22,2024_H2,UNKNOWN_OPEN_WEIGHTS,LICENSE_RECORDED,COMPLETE_SIX_TASK,True,6,NOT_IN_T05_BRIDGE,NOT_APPLICABLE,False,False,OBSERVED_DESCRIPTION
MODEL::Ba2han_Llama-Phi-3_DoRA,Ba2han_Llama-Phi-3_DoRA,model::Ba2han/Llama-Phi-3_DoRA,Ba2han/Llama-Phi-3_DoRA,Llama,3.821,>3B to <20B,2024-06-26,2024_H1,UNKNOWN_OPEN_WEIGHTS,LICENSE_RECORDED,COMPLETE_SIX_TASK,True,6,NOT_IN_T05_BRIDGE,NOT_APPLICABLE,False,False,OBSERVED_DESCRIPTION
MODEL::Baptiste-HUVELLE-10_LeTriomphant2.2_ECE_iLAB,Baptiste-HUVELLE-10_LeTriomphant2.2_ECE_iLAB,model::Baptiste-HUVELLE-10/LeTriomphant2.2_ECE_iLAB,Baptiste-HUVELLE-10/LeTriomphant2.2_ECE_iLAB,Baptiste-HUVELLE-10,72.706,>=20B,2025-02-28,2025_Q1,UNKNOWN_OPEN_WEIGHTS,LICENSE_RECORDED,COMPLETE_SIX_TASK,True,6,NOT_IN_T05_BRIDGE,NOT_APPLICABLE,False,False,OBSERVED_DESCRIPTION
MODEL::BenevolenceMessiah_Qwen2.5-72B-2x-Instruct-TIES-v1.0,BenevolenceMessiah_Qwen2.5-72B-2x-Instruct-TIES-v1.0,model::BenevolenceMessiah/Qwen2.5-72B-2x-Instruct-TIES-v1.0,BenevolenceMessiah/Qwen2.5-72B-2x-Instruct-TIES-v1.0,Qwen,72.7,>=20B,2024-11-24,2024_H2,Yes,UNKNOWN_LICENSE,COMPLETE_SIX_TASK,True,6,NOT_IN_T05_BRIDGE,NOT_APPLICABLE,False,False,OBSERVED_DESCRIPTION
MODEL::BenevolenceMessiah_Yi-Coder-9B-Chat-Instruct-TIES-MoE-v1.0,BenevolenceMessiah_Yi-Coder-9B-Chat-Instruct-TIES-MoE-v1.0,model::BenevolenceMessiah/Yi-Coder-9B-Chat-Instruct-TIES-MoE-v1.0,BenevolenceMessiah/Yi-Coder-9B-Chat-Instruct-TIES-MoE-v1.0,Yi,28.309,>=20B,2024-09-22,2024_H2,UNKNOWN_OPEN_WEIGHTS,LICENSE_RECORDED,COMPLETE_SIX_TASK,True,6,NOT_IN_T05_BRIDGE,NOT_APPLICABLE,False,False,OBSERVED_DESCRIPTION
MODEL::BlackBeenie_Bloslain-8B-v0.2,BlackBeenie_Bloslain-8B-v0.2,model::BlackBeenie/Bloslain-8B-v0.2,BlackBeenie/Bloslain-8B-v0.2,BlackBeenie,8.03,>3B to <20B,2024-11-19,2024_H2,UNKNOWN_OPEN_WEIGHTS,UNKNOWN_LICENSE,COMPLETE_SIX_TASK,True,6,NOT_IN_T05_BRIDGE,NOT_APPLICABLE,False,False,OBSERVED_DESCRIPTION
MODEL::BlackBeenie_Llama-3.1-8B-OpenO1-SFT-v0.1,BlackBeenie_Llama-3.1-8B-OpenO1-SFT-v0.1,model::BlackBeenie/Llama-3.1-8B-OpenO1-SFT-v0.1,BlackBeenie/Llama-3.1-8B-OpenO1-SFT-v0.1,Llama,8.03,>3B to <20B,2024-12-29,2024_H2,UNKNOWN_OPEN_WEIGHTS,LICENSE_RECORDED,COMPLETE_SIX_TASK,True,6,NOT_IN_T05_BRIDGE,NOT_APPLICABLE,False,False,OBSERVED_DESCRIPTION
MODEL::BlackBeenie_Llama-3.1-8B-pythonic-passthrough-merge,BlackBeenie_Llama-3.1-8B-pythonic-passthrough-merge,model::BlackBeenie/Llama-3.1-8B-pythonic-passthrough-merge,BlackBeenie/Llama-3.1-8B-pythonic-passthrough-merge,Llama,20.245,>=20B,2024-11-06,2024_H2,UNKNOWN_OPEN_WEIGHTS,UNKNOWN_LICENSE,COMPLETE_SIX_TASK,True,6,NOT_IN_T05_BRIDGE,NOT_APPLICABLE,False,False,OBSERVED_DESCRIPTION
MODEL::BlackBeenie_Neos-Gemma-2-9b,BlackBeenie_Neos-Gemma-2-9b,model::BlackBeenie/Neos-Gemma-2-9b,BlackBeenie/Neos-Gemma-2-9b,Gemma,9.242,>3B to <20B,2024-11-11,2024_H2,UNKNOWN_OPEN_WEIGHTS,LICENSE_RECORDED,COMPLETE_SIX_TASK,True,6,NOT_IN_T05_BRIDGE,NOT_APPLICABLE,False,False,OBSERVED_DESCRIPTION
MODEL::BlackBeenie_Neos-Llama-3.1-8B,BlackBeenie_Neos-Llama-3.1-8B,model::BlackBeenie/Neos-Llama-3.1-8B,BlackBeenie/Neos-Llama-3.1-8B,Llama,8.03,>3B to <20B,2024-11-12,2024_H2,UNKNOWN_OPEN_WEIGHTS,LICENSE_RECORDED,COMPLETE_SIX_TASK,True,6,NOT_IN_T05_BRIDGE,NOT_APPLICABLE,False,False,OBSERVED_DESCRIPTION
MODEL::BlackBeenie_Neos-Llama-3.1-base,BlackBeenie_Neos-Llama-3.1-base,model::BlackBeenie/Neos-Llama-3.1-base,BlackBeenie/Neos-Llama-3.1-base,Llama,4.65,>3B to <20B,2024-11-11,2024_H2,UNKNOWN_OPEN_WEIGHTS,UNKNOWN_LICENSE,COMPLETE_SIX_TASK,True,6,NOT_IN_T05_BRIDGE,NOT_APPLICABLE,False,False,OBSERVED_DESCRIPTION
MODEL::BlackBeenie_Neos-Phi-3-14B-v0.1,BlackBeenie_Neos-Phi-3-14B-v0.1,model::BlackBeenie/Neos-Phi-3-14B-v0.1,BlackBeenie/Neos-Phi-3-14B-v0.1,Phi,13.96,>3B to <20B,2024-11-27,2024_H2,UNKNOWN_OPEN_WEIGHTS,LICENSE_RECORDED,COMPLETE_SIX_TASK,True,6,NOT_IN_T05_BRIDGE,NOT_APPLICABLE,False,False,OBSERVED_DESCRIPTION
MODEL::BlackBeenie_llama-3-luminous-merged,BlackBeenie_llama-3-luminous-merged,model::BlackBeenie/llama-3-luminous-merged,BlackBeenie/llama-3-luminous-merged,Llama,8.03,>3B to <20B,2024-10-11,2024_H2,UNKNOWN_OPEN_WEIGHTS,UNKNOWN_LICENSE,COMPLETE_SIX_TASK,True,6,NOT_IN_T05_BRIDGE,NOT_APPLICABLE,False,False,OBSERVED_DESCRIPTION
MODEL::BlackBeenie_llama-3.1-8B-Galore-openassistant-guanaco,BlackBeenie_llama-3.1-8B-Galore-openassistant-guanaco,model::BlackBeenie/llama-3.1-8B-Galore-openassistant-guanaco,BlackBeenie/llama-3.1-8B-Galore-openassistant-guanaco,Llama,8.03,>3B to <20B,2024-10-19,2024_H2,UNKNOWN_OPEN_WEIGHTS,UNKNOWN_LICENSE,COMPLETE_SIX_TASK,True,6,NOT_IN_T05_BRIDGE,NOT_APPLICABLE,False,False,OBSERVED_DESCRIPTION
MODEL::Bllossom_llama-3.2-Korean-Bllossom-AICA-5B,Bllossom_llama-3.2-Korean-Bllossom-AICA-5B,model::Bllossom/llama-3.2-Korean-Bllossom-AICA-5B,Bllossom/llama-3.2-Korean-Bllossom-AICA-5B,Llama,5.199,>3B to <20B,2024-12-16,2024_H2,UNKNOWN_OPEN_WEIGHTS,LICENSE_RECORDED,COMPLETE_SIX_TASK,True,6,NOT_IN_T05_BRIDGE,NOT_APPLICABLE,False,False,OBSERVED_DESCRIPTION
MODEL::BoltMonkey_DreadMix,BoltMonkey_DreadMix,model::BoltMonkey/DreadMix,BoltMonkey/DreadMix,BoltMonkey,8.03,>3B to <20B,2024-10-13,2024_H2,UNKNOWN_OPEN_WEIGHTS,UNKNOWN_LICENSE,COMPLETE_SIX_TASK,True,6,NOT_IN_T05_BRIDGE,NOT_APPLICABLE,False,False,OBSERVED_DESCRIPTION
MODEL::BoltMonkey_NeuralDaredevil-SuperNova-Lite-7B-DARETIES-abliterated,BoltMonkey_NeuralDaredevil-SuperNova-Lite-7B-DARETIES-abliterated,model::BoltMonkey/NeuralDaredevil-SuperNova-Lite-7B-DARETIES-abliterated,BoltMonkey/NeuralDaredevil-SuperNova-Lite-7B-DARETIES-abliterated,BoltMonkey,8.03,>3B to <20B,,UNKNOWN_OR_AMBIGUOUS,UNKNOWN_OPEN_WEIGHTS,LICENSE_RECORDED,COMPLETE_SIX_TASK,True,6,NOT_IN_T05_BRIDGE,NOT_APPLICABLE,False,False,OBSERVED_DESCRIPTION
MODEL::BoltMonkey_SuperNeuralDreadDevil-8b,BoltMonkey_SuperNeuralDreadDevil-8b,model::BoltMonkey/SuperNeuralDreadDevil-8b,BoltMonkey/SuperNeuralDreadDevil-8b,BoltMonkey,8.03,>3B to <20B,2024-10-13,2024_H2,UNKNOWN_OPEN_WEIGHTS,UNKNOWN_LICENSE,COMPLETE_SIX_TASK,True,6,NOT_IN_T05_BRIDGE,NOT_APPLICABLE,False,False,OBSERVED_DESCRIPTION
MODEL::BrainWave-ML_llama3.2-3B-maths-orpo,BrainWave-ML_llama3.2-3B-maths-orpo,model::BrainWave-ML/llama3.2-3B-maths-orpo,BrainWave-ML/llama3.2-3B-maths-orpo,Llama,3.0,<=3B,2024-10-24,2024_H2,UNKNOWN_OPEN_WEIGHTS,LICENSE_RECORDED,COMPLETE_SIX_TASK,True,6,NOT_IN_T05_BRIDGE,NOT_APPLICABLE,False,False,OBSERVED_DESCRIPTION
MODEL::BramVanroy_GEITje-7B-ultra,BramVanroy_GEITje-7B-ultra,model::BramVanroy/GEITje-7B-ultra,BramVanroy/GEITje-7B-ultra,BramVanroy,7.242,>3B to <20B,2024-10-28,2024_H2,UNKNOWN_OPEN_WEIGHTS,LICENSE_RECORDED,COMPLETE_SIX_TASK,True,6,NOT_IN_T05_BRIDGE,NOT_APPLICABLE,False,False,OBSERVED_DESCRIPTION
MODEL::BramVanroy_fietje-2,BramVanroy_fietje-2,model::BramVanroy/fietje-2,BramVanroy/fietje-2,BramVanroy,2.78,<=3B,2024-10-28,2024_H2,UNKNOWN_OPEN_WEIGHTS,LICENSE_RECORDED,COMPLETE_SIX_TASK,True,6,NOT_IN_T05_BRIDGE,NOT_APPLICABLE,False,False,OBSERVED_DESCRIPTION
MODEL::BramVanroy_fietje-2-chat,BramVanroy_fietje-2-chat,model::BramVanroy/fietje-2-chat,BramVanroy/fietje-2-chat,BramVanroy,2.775,<=3B,2024-10-28,2024_H2,UNKNOWN_OPEN_WEIGHTS,LICENSE_RECORDED,COMPLETE_SIX_TASK,True,6,NOT_IN_T05_BRIDGE,NOT_APPLICABLE,False,False,OBSERVED_DESCRIPTION
MODEL::BramVanroy_fietje-2-instruct,BramVanroy_fietje-2-instruct,model::BramVanroy/fietje-2-instruct,BramVanroy/fietje-2-instruct,BramVanroy,2.775,<=3B,2024-10-28,2024_H2,UNKNOWN_OPEN_WEIGHTS,LICENSE_RECORDED,COMPLETE_SIX_TASK,True,6,NOT_IN_T05_BRIDGE,NOT_APPLICABLE,False,False,OBSERVED_DESCRIPTION
MODEL::CYFRAGOVPL_Llama-PLLuM-8B-base,CYFRAGOVPL_Llama-PLLuM-8B-base,model::CYFRAGOVPL/Llama-PLLuM-8B-base,CYFRAGOVPL/Llama-PLLuM-8B-base,Llama,8.03,>3B to <20B,2025-02-28,2025_Q1,UNKNOWN_OPEN_WEIGHTS,LICENSE_RECORDED,COMPLETE_SIX_TASK,True,6,NOT_IN_T05_BRIDGE,NOT_APPLICABLE,False,False,OBSERVED_DESCRIPTION
MODEL::CYFRAGOVPL_Llama-PLLuM-8B-chat,CYFRAGOVPL_Llama-PLLuM-8B-chat,model::CYFRAGOVPL/Llama-PLLuM-8B-chat,CYFRAGOVPL/Llama-PLLuM-8B-chat,Llama,8.03,>3B to <20B,2025-02-28,2025_Q1,UNKNOWN_OPEN_WEIGHTS,LICENSE_RECORDED,COMPLETE_SIX_TASK,True,6,NOT_IN_T05_BRIDGE,NOT_APPLICABLE,False,False,OBSERVED_DESCRIPTION
MODEL::CYFRAGOVPL_PLLuM-12B-base,CYFRAGOVPL_PLLuM-12B-base,model::CYFRAGOVPL/PLLuM-12B-base,CYFRAGOVPL/PLLuM-12B-base,CYFRAGOVPL,12.248,>3B to <20B,2025-02-28,2025_Q1,UNKNOWN_OPEN_WEIGHTS,LICENSE_RECORDED,COMPLETE_SIX_TASK,True,6,NOT_IN_T05_BRIDGE,NOT_APPLICABLE,False,False,OBSERVED_DESCRIPTION
MODEL::CYFRAGOVPL_PLLuM-12B-chat,CYFRAGOVPL_PLLuM-12B-chat,model::CYFRAGOVPL/PLLuM-12B-chat,CYFRAGOVPL/PLLuM-12B-chat,CYFRAGOVPL,12.248,>3B to <20B,2025-02-28,2025_Q1,UNKNOWN_OPEN_WEIGHTS,LICENSE_RECORDED,COMPLETE_SIX_TASK,True,6,NOT_IN_T05_BRIDGE,NOT_APPLICABLE,False,False,OBSERVED_DESCRIPTION
MODEL::CYFRAGOVPL_PLLuM-12B-nc-base,CYFRAGOVPL_PLLuM-12B-nc-base,model::CYFRAGOVPL/PLLuM-12B-nc-base,CYFRAGOVPL/PLLuM-12B-nc-base,CYFRAGOVPL,12.248,>3B to <20B,2025-02-28,2025_Q1,UNKNOWN_OPEN_WEIGHTS,LICENSE_RECORDED,COMPLETE_SIX_TASK,True,6,NOT_IN_T05_BRIDGE,NOT_APPLICABLE,False,False,OBSERVED_DESCRIPTION
MODEL::CYFRAGOVPL_PLLuM-12B-nc-chat,CYFRAGOVPL_PLLuM-12B-nc-chat,model::CYFRAGOVPL/PLLuM-12B-nc-chat,CYFRAGOVPL/PLLuM-12B-nc-chat,CYFRAGOVPL,12.248,>3B to <20B,2025-02-28,2025_Q1,UNKNOWN_OPEN_WEIGHTS,LICENSE_RECORDED,COMPLETE_SIX_TASK,True,6,NOT_IN_T05_BRIDGE,NOT_APPLICABLE,False,False,OBSERVED_DESCRIPTION
MODEL::CarrotAI_Llama-3.2-Rabbit-Ko-3B-Instruct,CarrotAI_Llama-3.2-Rabbit-Ko-3B-Instruct,model::CarrotAI/Llama-3.2-Rabbit-Ko-3B-Instruct,CarrotAI/Llama-3.2-Rabbit-Ko-3B-Instruct,Llama,3.213,>3B to <20B,2024-12-20,2024_H2,UNKNOWN_OPEN_WEIGHTS,LICENSE_RECORDED,COMPLETE_SIX_TASK,True,6,NOT_IN_T05_BRIDGE,NOT_APPLICABLE,False,False,OBSERVED_DESCRIPTION
MODEL::CarrotAI_Llama-3.2-Rabbit-Ko-3B-Instruct-2412,CarrotAI_Llama-3.2-Rabbit-Ko-3B-Instruct-2412,model::CarrotAI/Llama-3.2-Rabbit-Ko-3B-Instruct-2412,CarrotAI/Llama-3.2-Rabbit-Ko-3B-Instruct-2412,Llama,3.213,>3B to <20B,2024-12-19,2024_H2,UNKNOWN_OPEN_WEIGHTS,LICENSE_RECORDED,COMPLETE_SIX_TASK,True,6,NOT_IN_T05_BRIDGE,NOT_APPLICABLE,False,False,OBSERVED_DESCRIPTION
MODEL::Casual-Autopsy_L3-Umbral-Mind-RP-v2.0-8B,Casual-Autopsy_L3-Umbral-Mind-RP-v2.0-8B,model::Casual-Autopsy/L3-Umbral-Mind-RP-v2.0-8B,Casual-Autopsy/L3-Umbral-Mind-RP-v2.0-8B,Casual-Autopsy,8.03,>3B to <20B,2024-07-02,2024_H2,UNKNOWN_OPEN_WEIGHTS,LICENSE_RECORDED,COMPLETE_SIX_TASK,True,6,NOT_IN_T05_BRIDGE,NOT_APPLICABLE,False,False,OBSERVED_DESCRIPTION
MODEL::CausalLM_14B,CausalLM_14B,model::CausalLM/14B,CausalLM/14B,CausalLM,14.0,>3B to <20B,2024-06-12,2024_H1,UNKNOWN_OPEN_WEIGHTS,LICENSE_RECORDED,COMPLETE_SIX_TASK,True,6,NOT_IN_T05_BRIDGE,NOT_APPLICABLE,False,False,OBSERVED_DESCRIPTION
MODEL::CausalLM_34b-beta,CausalLM_34b-beta,model::CausalLM/34b-beta,CausalLM/34b-beta,CausalLM,34.389,>=20B,2024-06-26,2024_H1,UNKNOWN_OPEN_WEIGHTS,LICENSE_RECORDED,COMPLETE_SIX_TASK,True,6,NOT_IN_T05_BRIDGE,NOT_APPLICABLE,False,False,OBSERVED_DESCRIPTION
MODEL::CausalLM_preview-1-hf,CausalLM_preview-1-hf,model::CausalLM/preview-1-hf,CausalLM/preview-1-hf,CausalLM,9.543,>3B to <20B,2025-01-26,2025_Q1,UNKNOWN_OPEN_WEIGHTS,UNKNOWN_LICENSE,COMPLETE_SIX_TASK,True,6,NOT_IN_T05_BRIDGE,NOT_APPLICABLE,False,False,OBSERVED_DESCRIPTION
MODEL::Changgil_K2S3-14b-v0.2,Changgil_K2S3-14b-v0.2,model::Changgil/K2S3-14b-v0.2,Changgil/K2S3-14b-v0.2,Changgil,14.352,>3B to <20B,2024-06-27,2024_H1,UNKNOWN_OPEN_WEIGHTS,LICENSE_RECORDED,COMPLETE_SIX_TASK,True,6,NOT_IN_T05_BRIDGE,NOT_APPLICABLE,False,False,OBSERVED_DESCRIPTION
MODEL::Changgil_K2S3-v0.1,Changgil_K2S3-v0.1,model::Changgil/K2S3-v0.1,Changgil/K2S3-v0.1,Changgil,14.352,>3B to <20B,2024-06-27,2024_H1,UNKNOWN_OPEN_WEIGHTS,LICENSE_RECORDED,COMPLETE_SIX_TASK,True,6,NOT_IN_T05_BRIDGE,NOT_APPLICABLE,False,False,OBSERVED_DESCRIPTION
MODEL::ClaudioItaly_Albacus,ClaudioItaly_Albacus,model::ClaudioItaly/Albacus,ClaudioItaly/Albacus,ClaudioItaly,8.987,>3B to <20B,2024-09-08,2024_H2,UNKNOWN_OPEN_WEIGHTS,LICENSE_RECORDED,COMPLETE_SIX_TASK,True,6,NOT_IN_T05_BRIDGE,NOT_APPLICABLE,False,False,OBSERVED_DESCRIPTION
MODEL::ClaudioItaly_Book-Gut12B,ClaudioItaly_Book-Gut12B,model::ClaudioItaly/Book-Gut12B,ClaudioItaly/Book-Gut12B,ClaudioItaly,12.248,>3B to <20B,2024-09-17,2024_H2,UNKNOWN_OPEN_WEIGHTS,LICENSE_RECORDED,COMPLETE_SIX_TASK,True,6,NOT_IN_T05_BRIDGE,NOT_APPLICABLE,False,False,OBSERVED_DESCRIPTION
MODEL::ClaudioItaly_Evolutionstory-7B-v2.2,ClaudioItaly_Evolutionstory-7B-v2.2,model::ClaudioItaly/Evolutionstory-7B-v2.2,ClaudioItaly/Evolutionstory-7B-v2.2,ClaudioItaly,7.242,>3B to <20B,2024-09-01,2024_H2,UNKNOWN_OPEN_WEIGHTS,LICENSE_RECORDED,COMPLETE_SIX_TASK,True,6,NOT_IN_T05_BRIDGE,NOT_APPLICABLE,False,False,OBSERVED_DESCRIPTION
MODEL::ClaudioItaly_intelligence-cod-rag-7b-v3,ClaudioItaly_intelligence-cod-rag-7b-v3,model::ClaudioItaly/intelligence-cod-rag-7b-v3,ClaudioItaly/intelligence-cod-rag-7b-v3,ClaudioItaly,7.616,>3B to <20B,2024-12-02,2024_H2,UNKNOWN_OPEN_WEIGHTS,LICENSE_RECORDED,COMPLETE_SIX_TASK,True,6,NOT_IN_T05_BRIDGE,NOT_APPLICABLE,False,False,OBSERVED_DESCRIPTION
MODEL::CohereForAI_aya-23-35B,CohereForAI_aya-23-35B,model::CohereForAI/aya-23-35B,CohereForAI/aya-23-35B,CohereForAI,34.981,>=20B,2024-06-12,2024_H1,UNKNOWN_OPEN_WEIGHTS,LICENSE_RECORDED,COMPLETE_SIX_TASK,True,6,NOT_IN_T05_BRIDGE,NOT_APPLICABLE,False,False,OBSERVED_DESCRIPTION
MODEL::CohereForAI_aya-23-8B,CohereForAI_aya-23-8B,model::CohereForAI/aya-23-8B,CohereForAI/aya-23-8B,CohereForAI,8.028,>3B to <20B,2024-06-12,2024_H1,UNKNOWN_OPEN_WEIGHTS,LICENSE_RECORDED,COMPLETE_SIX_TASK,True,6,NOT_IN_T05_BRIDGE,NOT_APPLICABLE,False,False,OBSERVED_DESCRIPTION
MODEL::CohereForAI_aya-expanse-32b,CohereForAI_aya-expanse-32b,model::CohereForAI/aya-expanse-32b,CohereForAI/aya-expanse-32b,CohereForAI,32.296,>=20B,2024-10-24,2024_H2,UNKNOWN_OPEN_WEIGHTS,LICENSE_RECORDED,COMPLETE_SIX_TASK,True,6,NOT_IN_T05_BRIDGE,NOT_APPLICABLE,False,False,OBSERVED_DESCRIPTION
MODEL::CohereForAI_aya-expanse-8b,CohereForAI_aya-expanse-8b,model::CohereForAI/aya-expanse-8b,CohereForAI/aya-expanse-8b,CohereForAI,8.028,>3B to <20B,2024-10-24,2024_H2,UNKNOWN_OPEN_WEIGHTS,LICENSE_RECORDED,COMPLETE_SIX_TASK,True,6,NOT_IN_T05_BRIDGE,NOT_APPLICABLE,False,False,OBSERVED_DESCRIPTION
MODEL::CohereForAI_c4ai-command-r-plus,CohereForAI_c4ai-command-r-plus,model::CohereForAI/c4ai-command-r-plus,CohereForAI/c4ai-command-r-plus,CohereForAI,103.811,>=20B,2024-06-13,2024_H1,UNKNOWN_OPEN_WEIGHTS,LICENSE_RECORDED,COMPLETE_SIX_TASK,True,6,NOT_IN_T05_BRIDGE,NOT_APPLICABLE,False,False,OBSERVED_DESCRIPTION
MODEL::CohereForAI_c4ai-command-r-plus-08-2024,CohereForAI_c4ai-command-r-plus-08-2024,model::CohereForAI/c4ai-command-r-plus-08-2024,CohereForAI/c4ai-command-r-plus-08-2024,CohereForAI,103.811,>=20B,2024-09-19,2024_H2,UNKNOWN_OPEN_WEIGHTS,LICENSE_RECORDED,COMPLETE_SIX_TASK,True,6,NOT_IN_T05_BRIDGE,NOT_APPLICABLE,False,False,OBSERVED_DESCRIPTION
MODEL::CohereForAI_c4ai-command-r-v01,CohereForAI_c4ai-command-r-v01,model::CohereForAI/c4ai-command-r-v01,CohereForAI/c4ai-command-r-v01,CohereForAI,34.981,>=20B,2024-06-13,2024_H1,UNKNOWN_OPEN_WEIGHTS,LICENSE_RECORDED,COMPLETE_SIX_TASK,True,6,NOT_IN_T05_BRIDGE,NOT_APPLICABLE,False,False,OBSERVED_DESCRIPTION
MODEL::CohereForAI_c4ai-command-r7b-12-2024,CohereForAI_c4ai-command-r7b-12-2024,model::CohereForAI/c4ai-command-r7b-12-2024,CohereForAI/c4ai-command-r7b-12-2024,CohereForAI,8.028,>3B to <20B,2024-12-20,2024_H2,UNKNOWN_OPEN_WEIGHTS,LICENSE_RECORDED,COMPLETE_SIX_TASK,True,6,NOT_IN_T05_BRIDGE,NOT_APPLICABLE,False,False,OBSERVED_DESCRIPTION
MODEL::Columbia-NLP_LION-Gemma-2b-dpo-v1.0,Columbia-NLP_LION-Gemma-2b-dpo-v1.0,model::Columbia-NLP/LION-Gemma-2b-dpo-v1.0,Columbia-NLP/LION-Gemma-2b-dpo-v1.0,Gemma,2.506,<=3B,2024-07-04,2024_H2,UNKNOWN_OPEN_WEIGHTS,UNKNOWN_LICENSE,COMPLETE_SIX_TASK,True,6,NOT_IN_T05_BRIDGE,NOT_APPLICABLE,False,False,OBSERVED_DESCRIPTION
MODEL::Columbia-NLP_LION-Gemma-2b-odpo-v1.0,Columbia-NLP_LION-Gemma-2b-odpo-v1.0,model::Columbia-NLP/LION-Gemma-2b-odpo-v1.0,Columbia-NLP/LION-Gemma-2b-odpo-v1.0,Gemma,2.506,<=3B,2024-07-13,2024_H2,UNKNOWN_OPEN_WEIGHTS,UNKNOWN_LICENSE,COMPLETE_SIX_TASK,True,6,NOT_IN_T05_BRIDGE,NOT_APPLICABLE,False,False,OBSERVED_DESCRIPTION
MODEL::Columbia-NLP_LION-Gemma-2b-sft-v1.0,Columbia-NLP_LION-Gemma-2b-sft-v1.0,model::Columbia-NLP/LION-Gemma-2b-sft-v1.0,Columbia-NLP/LION-Gemma-2b-sft-v1.0,Gemma,2.506,<=3B,2024-07-04,2024_H2,UNKNOWN_OPEN_WEIGHTS,UNKNOWN_LICENSE,COMPLETE_SIX_TASK,True,6,NOT_IN_T05_BRIDGE,NOT_APPLICABLE,False,False,OBSERVED_DESCRIPTION
MODEL::Columbia-NLP_LION-LLaMA-3-8b-dpo-v1.0,Columbia-NLP_LION-LLaMA-3-8b-dpo-v1.0,model::Columbia-NLP/LION-LLaMA-3-8b-dpo-v1.0,Columbia-NLP/LION-LLaMA-3-8b-dpo-v1.0,Llama,8.03,>3B to <20B,2024-07-04,2024_H2,UNKNOWN_OPEN_WEIGHTS,UNKNOWN_LICENSE,COMPLETE_SIX_TASK,True,6,NOT_IN_T05_BRIDGE,NOT_APPLICABLE,False,False,OBSERVED_DESCRIPTION
MODEL::Columbia-NLP_LION-LLaMA-3-8b-odpo-v1.0,Columbia-NLP_LION-LLaMA-3-8b-odpo-v1.0,model::Columbia-NLP/LION-LLaMA-3-8b-odpo-v1.0,Columbia-NLP/LION-LLaMA-3-8b-odpo-v1.0,Llama,8.03,>3B to <20B,2024-07-04,2024_H2,UNKNOWN_OPEN_WEIGHTS,UNKNOWN_LICENSE,COMPLETE_SIX_TASK,True,6,NOT_IN_T05_BRIDGE,NOT_APPLICABLE,False,False,OBSERVED_DESCRIPTION
MODEL::Columbia-NLP_LION-LLaMA-3-8b-sft-v1.0,Columbia-NLP_LION-LLaMA-3-8b-sft-v1.0,model::Columbia-NLP/LION-LLaMA-3-8b-sft-v1.0,Columbia-NLP/LION-LLaMA-3-8b-sft-v1.0,Llama,8.03,>3B to <20B,2024-07-04,2024_H2,UNKNOWN_OPEN_WEIGHTS,UNKNOWN_LICENSE,COMPLETE_SIX_TASK,True,6,NOT_IN_T05_BRIDGE,NOT_APPLICABLE,False,False,OBSERVED_DESCRIPTION
MODEL::CombinHorizon_Josiefied-abliteratedV4-Qwen2.5-14B-Inst-BaseMerge-TIES,CombinHorizon_Josiefied-abliteratedV4-Qwen2.5-14B-Inst-BaseMerge-TIES,model::CombinHorizon/Josiefied-abliteratedV4-Qwen2.5-14B-Inst-BaseMerge-TIES,CombinHorizon/Josiefied-abliteratedV4-Qwen2.5-14B-Inst-BaseMerge-TIES,Qwen,14.77,>3B to <20B,2024-12-07,2024_H2,UNKNOWN_OPEN_WEIGHTS,LICENSE_RECORDED,COMPLETE_SIX_TASK,True,6,NOT_IN_T05_BRIDGE,NOT_APPLICABLE,False,False,OBSERVED_DESCRIPTION
MODEL::CombinHorizon_Rombos-Qwen2.5-7B-Inst-BaseMerge-TIES,CombinHorizon_Rombos-Qwen2.5-7B-Inst-BaseMerge-TIES,model::CombinHorizon/Rombos-Qwen2.5-7B-Inst-BaseMerge-TIES,CombinHorizon/Rombos-Qwen2.5-7B-Inst-BaseMerge-TIES,Qwen,7.616,>3B to <20B,2024-10-29,2024_H2,UNKNOWN_OPEN_WEIGHTS,LICENSE_RECORDED,COMPLETE_SIX_TASK,True,6,NOT_IN_T05_BRIDGE,NOT_APPLICABLE,False,False,OBSERVED_DESCRIPTION
MODEL::CombinHorizon_YiSM-blossom5.1-34B-SLERP,CombinHorizon_YiSM-blossom5.1-34B-SLERP,model::CombinHorizon/YiSM-blossom5.1-34B-SLERP,CombinHorizon/YiSM-blossom5.1-34B-SLERP,Yi,34.389,>=20B,2024-08-27,2024_H2,UNKNOWN_OPEN_WEIGHTS,LICENSE_RECORDED,COMPLETE_SIX_TASK,True,6,NOT_IN_T05_BRIDGE,NOT_APPLICABLE,False,False,OBSERVED_DESCRIPTION
MODEL::CombinHorizon_huihui-ai-abliterated-Qwen2.5-32B-Inst-BaseMerge-TIES,CombinHorizon_huihui-ai-abliterated-Qwen2.5-32B-Inst-BaseMerge-TIES,model::CombinHorizon/huihui-ai-abliterated-Qwen2.5-32B-Inst-BaseMerge-TIES,CombinHorizon/huihui-ai-abliterated-Qwen2.5-32B-Inst-BaseMerge-TIES,Qwen,32.764,>=20B,2024-12-07,2024_H2,UNKNOWN_OPEN_WEIGHTS,LICENSE_RECORDED,COMPLETE_SIX_TASK,True,6,NOT_IN_T05_BRIDGE,NOT_APPLICABLE,False,False,OBSERVED_DESCRIPTION
MODEL::CombinHorizon_huihui-ai-abliteratedV2-Qwen2.5-14B-Inst-BaseMerge-TIES,CombinHorizon_huihui-ai-abliteratedV2-Qwen2.5-14B-Inst-BaseMerge-TIES,model::CombinHorizon/huihui-ai-abliteratedV2-Qwen2.5-14B-Inst-BaseMerge-TIES,CombinHorizon/huihui-ai-abliteratedV2-Qwen2.5-14B-Inst-BaseMerge-TIES,Qwen,14.77,>3B to <20B,2024-12-07,2024_H2,UNKNOWN_OPEN_WEIGHTS,LICENSE_RECORDED,COMPLETE_SIX_TASK,True,6,NOT_IN_T05_BRIDGE,NOT_APPLICABLE,False,False,OBSERVED_DESCRIPTION
MODEL::CombinHorizon_zetasepic-abliteratedV2-Qwen2.5-32B-Inst-BaseMerge-TIES,CombinHorizon_zetasepic-abliteratedV2-Qwen2.5-32B-Inst-BaseMerge-TIES,model::CombinHorizon/zetasepic-abliteratedV2-Qwen2.5-32B-Inst-BaseMerge-TIES,CombinHorizon/zetasepic-abliteratedV2-Qwen2.5-32B-Inst-BaseMerge-TIES,Qwen,32.764,>=20B,2024-12-20,2024_H2,UNKNOWN_OPEN_WEIGHTS,LICENSE_RECORDED,COMPLETE_SIX_TASK,True,6,NOT_IN_T05_BRIDGE,NOT_APPLICABLE,False,False,OBSERVED_DESCRIPTION
MODEL::ContactDoctor_Bio-Medical-3B-CoT-012025,ContactDoctor_Bio-Medical-3B-CoT-012025,model::ContactDoctor/Bio-Medical-3B-CoT-012025,ContactDoctor/Bio-Medical-3B-CoT-012025,ContactDoctor,3.085,>3B to <20B,2025-01-15,2025_Q1,UNKNOWN_OPEN_WEIGHTS,LICENSE_RECORDED,COMPLETE_SIX_TASK,True,6,NOT_IN_T05_BRIDGE,NOT_APPLICABLE,False,False,OBSERVED_DESCRIPTION
MODEL::ContactDoctor_Bio-Medical-Llama-3-8B,ContactDoctor_Bio-Medical-Llama-3-8B,model::ContactDoctor/Bio-Medical-Llama-3-8B,ContactDoctor/Bio-Medical-Llama-3-8B,Llama,4.015,>3B to <20B,2024-12-24,2024_H2,UNKNOWN_OPEN_WEIGHTS,LICENSE_RECORDED,COMPLETE_SIX_TASK,True,6,NOT_IN_T05_BRIDGE,NOT_APPLICABLE,False,False,OBSERVED_DESCRIPTION
MODEL::CoolSpring_Qwen2-0.5B-Abyme,CoolSpring_Qwen2-0.5B-Abyme,model::CoolSpring/Qwen2-0.5B-Abyme,CoolSpring/Qwen2-0.5B-Abyme,Qwen,0.494,<=3B,2024-09-04,2024_H2,Yes,LICENSE_RECORDED,COMPLETE_SIX_TASK,True,6,NOT_IN_T05_BRIDGE,NOT_APPLICABLE,False,False,OBSERVED_DESCRIPTION
MODEL::CoolSpring_Qwen2-0.5B-Abyme-merge2,CoolSpring_Qwen2-0.5B-Abyme-merge2,model::CoolSpring/Qwen2-0.5B-Abyme-merge2,CoolSpring/Qwen2-0.5B-Abyme-merge2,Qwen,0.63,<=3B,2024-07-27,2024_H2,Yes,LICENSE_RECORDED,COMPLETE_SIX_TASK,True,6,NOT_IN_T05_BRIDGE,NOT_APPLICABLE,False,False,OBSERVED_DESCRIPTION
MODEL::CoolSpring_Qwen2-0.5B-Abyme-merge3,CoolSpring_Qwen2-0.5B-Abyme-merge3,model::CoolSpring/Qwen2-0.5B-Abyme-merge3,CoolSpring/Qwen2-0.5B-Abyme-merge3,Qwen,0.63,<=3B,2024-07-27,2024_H2,Yes,LICENSE_RECORDED,COMPLETE_SIX_TASK,True,6,NOT_IN_T05_BRIDGE,NOT_APPLICABLE,False,False,OBSERVED_DESCRIPTION
MODEL::Corianas_Neural-Mistral-7B,Corianas_Neural-Mistral-7B,model::Corianas/Neural-Mistral-7B,Corianas/Neural-Mistral-7B,Mistral,7.242,>3B to <20B,2024-12-06,2024_H2,UNKNOWN_OPEN_WEIGHTS,LICENSE_RECORDED,COMPLETE_SIX_TASK,True,6,NOT_IN_T05_BRIDGE,NOT_APPLICABLE,False,False,OBSERVED_DESCRIPTION
MODEL::Corianas_Quokka_2.7b,Corianas_Quokka_2.7b,model::Corianas/Quokka_2.7b,Corianas/Quokka_2.7b,Corianas,2.786,<=3B,2024-12-05,2024_H2,UNKNOWN_OPEN_WEIGHTS,LICENSE_RECORDED,COMPLETE_SIX_TASK,True,6,NOT_IN_T05_BRIDGE,NOT_APPLICABLE,False,False,OBSERVED_DESCRIPTION
MODEL::Corianas_llama-3-reactor,Corianas_llama-3-reactor,model::Corianas/llama-3-reactor,Corianas/llama-3-reactor,Llama,,UNKNOWN,2024-07-23,2024_H2,UNKNOWN_OPEN_WEIGHTS,LICENSE_RECORDED,COMPLETE_SIX_TASK,True,6,NOT_IN_T05_BRIDGE,NOT_APPLICABLE,False,False,OBSERVED_DESCRIPTION
MODEL::CortexLM_btlm-7b-base-v0.2,CortexLM_btlm-7b-base-v0.2,model::CortexLM/btlm-7b-base-v0.2,CortexLM/btlm-7b-base-v0.2,CortexLM,6.885,>3B to <20B,2024-06-26,2024_H1,UNKNOWN_OPEN_WEIGHTS,LICENSE_RECORDED,COMPLETE_SIX_TASK,True,6,NOT_IN_T05_BRIDGE,NOT_APPLICABLE,False,False,OBSERVED_DESCRIPTION
MODEL::Cran-May_SCE-2-24B,Cran-May_SCE-2-24B,model::Cran-May/SCE-2-24B,Cran-May/SCE-2-24B,Cran-May,23.572,>=20B,2025-02-04,2025_Q1,UNKNOWN_OPEN_WEIGHTS,UNKNOWN_LICENSE,COMPLETE_SIX_TASK,True,6,NOT_IN_T05_BRIDGE,NOT_APPLICABLE,False,False,OBSERVED_DESCRIPTION
MODEL::Cran-May_SCE-3-24B,Cran-May_SCE-3-24B,model::Cran-May/SCE-3-24B,Cran-May/SCE-3-24B,Cran-May,23.572,>=20B,2025-02-04,2025_Q1,UNKNOWN_OPEN_WEIGHTS,UNKNOWN_LICENSE,COMPLETE_SIX_TASK,True,6,NOT_IN_T05_BRIDGE,NOT_APPLICABLE,False,False,OBSERVED_DESCRIPTION
MODEL::Cran-May_T.E-8.1,Cran-May_T.E-8.1,model::Cran-May/T.E-8.1,Cran-May/T.E-8.1,Cran-May,7.616,>3B to <20B,2024-09-29,2024_H2,UNKNOWN_OPEN_WEIGHTS,LICENSE_RECORDED,COMPLETE_SIX_TASK,True,6,NOT_IN_T05_BRIDGE,NOT_APPLICABLE,False,False,OBSERVED_DESCRIPTION
MODEL::Cran-May_merge_model_20250308_2,Cran-May_merge_model_20250308_2,model::Cran-May/merge_model_20250308_2,Cran-May/merge_model_20250308_2,Cran-May,14.766,>3B to <20B,2025-03-08,2025_Q1,UNKNOWN_OPEN_WEIGHTS,UNKNOWN_LICENSE,COMPLETE_SIX_TASK,True,6,NOT_IN_T05_BRIDGE,NOT_APPLICABLE,False,False,OBSERVED_DESCRIPTION
MODEL::Cran-May_merge_model_20250308_3,Cran-May_merge_model_20250308_3,model::Cran-May/merge_model_20250308_3,Cran-May/merge_model_20250308_3,Cran-May,14.766,>3B to <20B,2025-03-08,2025_Q1,UNKNOWN_OPEN_WEIGHTS,UNKNOWN_LICENSE,COMPLETE_SIX_TASK,True,6,NOT_IN_T05_BRIDGE,NOT_APPLICABLE,False,False,OBSERVED_DESCRIPTION
MODEL::Cran-May_merge_model_20250308_4,Cran-May_merge_model_20250308_4,model::Cran-May/merge_model_20250308_4,Cran-May/merge_model_20250308_4,Cran-May,14.766,>3B to <20B,2025-03-08,2025_Q1,UNKNOWN_OPEN_WEIGHTS,UNKNOWN_LICENSE,COMPLETE_SIX_TASK,True,6,NOT_IN_T05_BRIDGE,NOT_APPLICABLE,False,False,OBSERVED_DESCRIPTION
MODEL::Cran-May_tempmotacilla-cinerea-0308,Cran-May_tempmotacilla-cinerea-0308,model::Cran-May/tempmotacilla-cinerea-0308,Cran-May/tempmotacilla-cinerea-0308,Cran-May,14.766,>3B to <20B,2025-03-09,2025_Q1,UNKNOWN_OPEN_WEIGHTS,UNKNOWN_LICENSE,COMPLETE_SIX_TASK,True,6,NOT_IN_T05_BRIDGE,NOT_APPLICABLE,False,False,OBSERVED_DESCRIPTION
MODEL::CreitinGameplays_Llama-3.1-8B-R1-v0.1,CreitinGameplays_Llama-3.1-8B-R1-v0.1,model::CreitinGameplays/Llama-3.1-8B-R1-v0.1,CreitinGameplays/Llama-3.1-8B-R1-v0.1,Llama,8.03,>3B to <20B,2025-03-10,2025_Q1,UNKNOWN_OPEN_WEIGHTS,LICENSE_RECORDED,COMPLETE_SIX_TASK,True,6,NOT_IN_T05_BRIDGE,NOT_APPLICABLE,False,False,OBSERVED_DESCRIPTION
MODEL::CultriX_Qwen2.5-14B-Broca,CultriX_Qwen2.5-14B-Broca,model::CultriX/Qwen2.5-14B-Broca,CultriX/Qwen2.5-14B-Broca,Qwen,14.766,>3B to <20B,2024-12-23,2024_H2,Yes,UNKNOWN_LICENSE,COMPLETE_SIX_TASK,True,6,NOT_IN_T05_BRIDGE,NOT_APPLICABLE,False,False,OBSERVED_DESCRIPTION
MODEL::CultriX_Qwen2.5-14B-BrocaV9,CultriX_Qwen2.5-14B-BrocaV9,model::CultriX/Qwen2.5-14B-BrocaV9,CultriX/Qwen2.5-14B-BrocaV9,Qwen,14.766,>3B to <20B,2025-01-10,2025_Q1,Yes,UNKNOWN_LICENSE,COMPLETE_SIX_TASK,True,6,NOT_IN_T05_BRIDGE,NOT_APPLICABLE,False,False,OBSERVED_DESCRIPTION
MODEL::CultriX_Qwen2.5-14B-Brocav3,CultriX_Qwen2.5-14B-Brocav3,model::CultriX/Qwen2.5-14B-Brocav3,CultriX/Qwen2.5-14B-Brocav3,Qwen,14.766,>3B to <20B,2024-12-23,2024_H2,Yes,UNKNOWN_LICENSE,COMPLETE_SIX_TASK,True,6,NOT_IN_T05_BRIDGE,NOT_APPLICABLE,False,False,OBSERVED_DESCRIPTION
MODEL::CultriX_Qwen2.5-14B-Brocav6,CultriX_Qwen2.5-14B-Brocav6,model::CultriX/Qwen2.5-14B-Brocav6,CultriX/Qwen2.5-14B-Brocav6,Qwen,14.766,>3B to <20B,2024-12-23,2024_H2,Yes,UNKNOWN_LICENSE,COMPLETE_SIX_TASK,True,6,NOT_IN_T05_BRIDGE,NOT_APPLICABLE,False,False,OBSERVED_DESCRIPTION
MODEL::CultriX_Qwen2.5-14B-Brocav7,CultriX_Qwen2.5-14B-Brocav7,model::CultriX/Qwen2.5-14B-Brocav7,CultriX/Qwen2.5-14B-Brocav7,Qwen,14.766,>3B to <20B,2024-12-23,2024_H2,Yes,UNKNOWN_LICENSE,COMPLETE_SIX_TASK,True,6,NOT_IN_T05_BRIDGE,NOT_APPLICABLE,False,False,OBSERVED_DESCRIPTION
MODEL::CultriX_Qwen2.5-14B-Emerged,CultriX_Qwen2.5-14B-Emerged,model::CultriX/Qwen2.5-14B-Emerged,CultriX/Qwen2.5-14B-Emerged,Qwen,14.766,>3B to <20B,2024-12-19,2024_H2,Yes,UNKNOWN_LICENSE,COMPLETE_SIX_TASK,True,6,NOT_IN_T05_BRIDGE,NOT_APPLICABLE,False,False,OBSERVED_DESCRIPTION
MODEL::CultriX_Qwen2.5-14B-Emergedv3,CultriX_Qwen2.5-14B-Emergedv3,model::CultriX/Qwen2.5-14B-Emergedv3,CultriX/Qwen2.5-14B-Emergedv3,Qwen,14.766,>3B to <20B,2024-12-21,2024_H2,Yes,UNKNOWN_LICENSE,COMPLETE_SIX_TASK,True,6,NOT_IN_T05_BRIDGE,NOT_APPLICABLE,False,False,OBSERVED_DESCRIPTION
MODEL::CultriX_Qwen2.5-14B-FinalMerge,CultriX_Qwen2.5-14B-FinalMerge,model::CultriX/Qwen2.5-14B-FinalMerge,CultriX/Qwen2.5-14B-FinalMerge,Qwen,14.766,>3B to <20B,2024-12-23,2024_H2,Yes,UNKNOWN_LICENSE,COMPLETE_SIX_TASK,True,6,NOT_IN_T05_BRIDGE,NOT_APPLICABLE,False,False,OBSERVED_DESCRIPTION
MODEL::CultriX_Qwen2.5-14B-Hyper,CultriX_Qwen2.5-14B-Hyper,model::CultriX/Qwen2.5-14B-Hyper,CultriX/Qwen2.5-14B-Hyper,Qwen,14.766,>3B to <20B,2025-01-19,2025_Q1,Yes,UNKNOWN_LICENSE,COMPLETE_SIX_TASK,True,6,NOT_IN_T05_BRIDGE,NOT_APPLICABLE,False,False,OBSERVED_DESCRIPTION
MODEL::CultriX_Qwen2.5-14B-HyperMarck-dl,CultriX_Qwen2.5-14B-HyperMarck-dl,model::CultriX/Qwen2.5-14B-HyperMarck-dl,CultriX/Qwen2.5-14B-HyperMarck-dl,Qwen,14.766,>3B to <20B,2025-02-16,2025_Q1,Yes,LICENSE_RECORDED,COMPLETE_SIX_TASK,True,6,NOT_IN_T05_BRIDGE,NOT_APPLICABLE,False,False,OBSERVED_DESCRIPTION
MODEL::CultriX_Qwen2.5-14B-Hyperionv3,CultriX_Qwen2.5-14B-Hyperionv3,model::CultriX/Qwen2.5-14B-Hyperionv3,CultriX/Qwen2.5-14B-Hyperionv3,Qwen,14.766,>3B to <20B,2025-01-19,2025_Q1,Yes,UNKNOWN_LICENSE,COMPLETE_SIX_TASK,True,6,NOT_IN_T05_BRIDGE,NOT_APPLICABLE,False,False,OBSERVED_DESCRIPTION
MODEL::CultriX_Qwen2.5-14B-Hyperionv4,CultriX_Qwen2.5-14B-Hyperionv4,model::CultriX/Qwen2.5-14B-Hyperionv4,CultriX/Qwen2.5-14B-Hyperionv4,Qwen,14.766,>3B to <20B,2025-01-19,2025_Q1,Yes,UNKNOWN_LICENSE,COMPLETE_SIX_TASK,True,6,NOT_IN_T05_BRIDGE,NOT_APPLICABLE,False,False,OBSERVED_DESCRIPTION
MODEL::CultriX_Qwen2.5-14B-Hyperionv5,CultriX_Qwen2.5-14B-Hyperionv5,model::CultriX/Qwen2.5-14B-Hyperionv5,CultriX/Qwen2.5-14B-Hyperionv5,Qwen,14.766,>3B to <20B,2025-01-19,2025_Q1,Yes,UNKNOWN_LICENSE,COMPLETE_SIX_TASK,True,6,NOT_IN_T05_BRIDGE,NOT_APPLICABLE,False,False,OBSERVED_DESCRIPTION
MODEL::CultriX_Qwen2.5-14B-MegaMerge-pt2,CultriX_Qwen2.5-14B-MegaMerge-pt2,model::CultriX/Qwen2.5-14B-MegaMerge-pt2,CultriX/Qwen2.5-14B-MegaMerge-pt2,Qwen,14.766,>3B to <20B,2024-10-25,2024_H2,Yes,UNKNOWN_LICENSE,COMPLETE_SIX_TASK,True,6,NOT_IN_T05_BRIDGE,NOT_APPLICABLE,False,False,OBSERVED_DESCRIPTION
MODEL::CultriX_Qwen2.5-14B-MergeStock,CultriX_Qwen2.5-14B-MergeStock,model::CultriX/Qwen2.5-14B-MergeStock,CultriX/Qwen2.5-14B-MergeStock,Qwen,14.766,>3B to <20B,2024-10-24,2024_H2,Yes,UNKNOWN_LICENSE,COMPLETE_SIX_TASK,True,6,NOT_IN_T05_BRIDGE,NOT_APPLICABLE,False,False,OBSERVED_DESCRIPTION
MODEL::CultriX_Qwen2.5-14B-ReasoningMerge,CultriX_Qwen2.5-14B-ReasoningMerge,model::CultriX/Qwen2.5-14B-ReasoningMerge,CultriX/Qwen2.5-14B-ReasoningMerge,Qwen,14.766,>3B to <20B,2025-02-18,2025_Q1,Yes,LICENSE_RECORDED,COMPLETE_SIX_TASK,True,6,NOT_IN_T05_BRIDGE,NOT_APPLICABLE,False,False,OBSERVED_DESCRIPTION
MODEL::CultriX_Qwen2.5-14B-Ultimav2,CultriX_Qwen2.5-14B-Ultimav2,model::CultriX/Qwen2.5-14B-Ultimav2,CultriX/Qwen2.5-14B-Ultimav2,Qwen,14.766,>3B to <20B,2025-02-05,2025_Q1,Yes,LICENSE_RECORDED,COMPLETE_SIX_TASK,True,6,NOT_IN_T05_BRIDGE,NOT_APPLICABLE,False,False,OBSERVED_DESCRIPTION
MODEL::CultriX_Qwen2.5-14B-Unity,CultriX_Qwen2.5-14B-Unity,model::CultriX/Qwen2.5-14B-Unity,CultriX/Qwen2.5-14B-Unity,Qwen,14.766,>3B to <20B,2024-12-21,2024_H2,Yes,UNKNOWN_LICENSE,COMPLETE_SIX_TASK,True,6,NOT_IN_T05_BRIDGE,NOT_APPLICABLE,False,False,OBSERVED_DESCRIPTION
MODEL::CultriX_Qwen2.5-14B-Wernicke,CultriX_Qwen2.5-14B-Wernicke,model::CultriX/Qwen2.5-14B-Wernicke,CultriX/Qwen2.5-14B-Wernicke,Qwen,14.77,>3B to <20B,2024-10-22,2024_H2,Yes,LICENSE_RECORDED,COMPLETE_SIX_TASK,True,6,NOT_IN_T05_BRIDGE,NOT_APPLICABLE,False,False,OBSERVED_DESCRIPTION
MODEL::CultriX_Qwen2.5-14B-Wernicke-SFT,CultriX_Qwen2.5-14B-Wernicke-SFT,model::CultriX/Qwen2.5-14B-Wernicke-SFT,CultriX/Qwen2.5-14B-Wernicke-SFT,Qwen,14.77,>3B to <20B,2024-11-17,2024_H2,Yes,LICENSE_RECORDED,COMPLETE_SIX_TASK,True,6,NOT_IN_T05_BRIDGE,NOT_APPLICABLE,False,False,OBSERVED_DESCRIPTION
MODEL::CultriX_Qwen2.5-14B-Wernicke-SLERP,CultriX_Qwen2.5-14B-Wernicke-SLERP,model::CultriX/Qwen2.5-14B-Wernicke-SLERP,CultriX/Qwen2.5-14B-Wernicke-SLERP,Qwen,14.491,>3B to <20B,2024-10-25,2024_H2,Yes,UNKNOWN_LICENSE,COMPLETE_SIX_TASK,True,6,NOT_IN_T05_BRIDGE,NOT_APPLICABLE,False,False,OBSERVED_DESCRIPTION
MODEL::CultriX_Qwen2.5-14B-Wernickev3,CultriX_Qwen2.5-14B-Wernickev3,model::CultriX/Qwen2.5-14B-Wernickev3,CultriX/Qwen2.5-14B-Wernickev3,Qwen,14.766,>3B to <20B,2024-12-19,2024_H2,Yes,UNKNOWN_LICENSE,COMPLETE_SIX_TASK,True,6,NOT_IN_T05_BRIDGE,NOT_APPLICABLE,False,False,OBSERVED_DESCRIPTION
MODEL::CultriX_Qwen2.5-14B-partialmergept1,CultriX_Qwen2.5-14B-partialmergept1,model::CultriX/Qwen2.5-14B-partialmergept1,CultriX/Qwen2.5-14B-partialmergept1,Qwen,14.766,>3B to <20B,2025-01-19,2025_Q1,Yes,UNKNOWN_LICENSE,COMPLETE_SIX_TASK,True,6,NOT_IN_T05_BRIDGE,NOT_APPLICABLE,False,False,OBSERVED_DESCRIPTION
MODEL::CultriX_Qwenfinity-2.5-14B,CultriX_Qwenfinity-2.5-14B,model::CultriX/Qwenfinity-2.5-14B,CultriX/Qwenfinity-2.5-14B,Qwen,14.766,>3B to <20B,2024-12-23,2024_H2,UNKNOWN_OPEN_WEIGHTS,UNKNOWN_LICENSE,COMPLETE_SIX_TASK,True,6,NOT_IN_T05_BRIDGE,NOT_APPLICABLE,False,False,OBSERVED_DESCRIPTION
MODEL::CultriX_Qwestion-14B,CultriX_Qwestion-14B,model::CultriX/Qwestion-14B,CultriX/Qwestion-14B,CultriX,14.766,>3B to <20B,2024-11-23,2024_H2,UNKNOWN_OPEN_WEIGHTS,UNKNOWN_LICENSE,COMPLETE_SIX_TASK,True,6,NOT_IN_T05_BRIDGE,NOT_APPLICABLE,False,False,OBSERVED_DESCRIPTION
MODEL::CultriX_SeQwence-14B,CultriX_SeQwence-14B,model::CultriX/SeQwence-14B,CultriX/SeQwence-14B,Qwen,14.766,>3B to <20B,2024-11-20,2024_H2,UNKNOWN_OPEN_WEIGHTS,LICENSE_RECORDED,COMPLETE_SIX_TASK,True,6,NOT_IN_T05_BRIDGE,NOT_APPLICABLE,False,False,OBSERVED_DESCRIPTION
MODEL::CultriX_SeQwence-14B-EvolMerge,CultriX_SeQwence-14B-EvolMerge,model::CultriX/SeQwence-14B-EvolMerge,CultriX/SeQwence-14B-EvolMerge,Qwen,14.766,>3B to <20B,2024-11-27,2024_H2,UNKNOWN_OPEN_WEIGHTS,LICENSE_RECORDED,COMPLETE_SIX_TASK,True,6,NOT_IN_T05_BRIDGE,NOT_APPLICABLE,False,False,OBSERVED_DESCRIPTION
MODEL::CultriX_SeQwence-14B-EvolMergev1,CultriX_SeQwence-14B-EvolMergev1,model::CultriX/SeQwence-14B-EvolMergev1,CultriX/SeQwence-14B-EvolMergev1,Qwen,14.766,>3B to <20B,2024-11-27,2024_H2,UNKNOWN_OPEN_WEIGHTS,UNKNOWN_LICENSE,COMPLETE_SIX_TASK,True,6,NOT_IN_T05_BRIDGE,NOT_APPLICABLE,False,False,OBSERVED_DESCRIPTION
MODEL::CultriX_SeQwence-14B-v5,CultriX_SeQwence-14B-v5,model::CultriX/SeQwence-14B-v5,CultriX/SeQwence-14B-v5,Qwen,14.766,>3B to <20B,2024-11-18,2024_H2,UNKNOWN_OPEN_WEIGHTS,UNKNOWN_LICENSE,COMPLETE_SIX_TASK,True,6,NOT_IN_T05_BRIDGE,NOT_APPLICABLE,False,False,OBSERVED_DESCRIPTION
MODEL::CultriX_SeQwence-14Bv1,CultriX_SeQwence-14Bv1,model::CultriX/SeQwence-14Bv1,CultriX/SeQwence-14Bv1,Qwen,14.766,>3B to <20B,2024-11-27,2024_H2,UNKNOWN_OPEN_WEIGHTS,LICENSE_RECORDED,COMPLETE_SIX_TASK,True,6,NOT_IN_T05_BRIDGE,NOT_APPLICABLE,False,False,OBSERVED_DESCRIPTION
MODEL::CultriX_SeQwence-14Bv2,CultriX_SeQwence-14Bv2,model::CultriX/SeQwence-14Bv2,CultriX/SeQwence-14Bv2,Qwen,14.766,>3B to <20B,2024-12-08,2024_H2,UNKNOWN_OPEN_WEIGHTS,UNKNOWN_LICENSE,COMPLETE_SIX_TASK,True,6,NOT_IN_T05_BRIDGE,NOT_APPLICABLE,False,False,OBSERVED_DESCRIPTION
MODEL::CultriX_SeQwence-14Bv3,CultriX_SeQwence-14Bv3,model::CultriX/SeQwence-14Bv3,CultriX/SeQwence-14Bv3,Qwen,14.766,>3B to <20B,2024-11-27,2024_H2,UNKNOWN_OPEN_WEIGHTS,UNKNOWN_LICENSE,COMPLETE_SIX_TASK,True,6,NOT_IN_T05_BRIDGE,NOT_APPLICABLE,False,False,OBSERVED_DESCRIPTION
MODEL::DRXD1000_Atlas-7B,DRXD1000_Atlas-7B,model::DRXD1000/Atlas-7B,DRXD1000/Atlas-7B,DRXD1000,7.768,>3B to <20B,2024-12-10,2024_H2,UNKNOWN_OPEN_WEIGHTS,LICENSE_RECORDED,COMPLETE_SIX_TASK,True,6,NOT_IN_T05_BRIDGE,NOT_APPLICABLE,False,False,OBSERVED_DESCRIPTION
MODEL::DRXD1000_Phoenix-7B,DRXD1000_Phoenix-7B,model::DRXD1000/Phoenix-7B,DRXD1000/Phoenix-7B,DRXD1000,7.242,>3B to <20B,2024-12-11,2024_H2,UNKNOWN_OPEN_WEIGHTS,LICENSE_RECORDED,COMPLETE_SIX_TASK,True,6,NOT_IN_T05_BRIDGE,NOT_APPLICABLE,False,False,OBSERVED_DESCRIPTION
MODEL::DUAL-GPO_zephyr-7b-ipo-0k-15k-i1,DUAL-GPO_zephyr-7b-ipo-0k-15k-i1,model::DUAL-GPO/zephyr-7b-ipo-0k-15k-i1,DUAL-GPO/zephyr-7b-ipo-0k-15k-i1,Zephyr,14.483,>3B to <20B,2024-09-22,2024_H2,UNKNOWN_OPEN_WEIGHTS,UNKNOWN_LICENSE,COMPLETE_SIX_TASK,True,6,NOT_IN_T05_BRIDGE,NOT_APPLICABLE,False,False,OBSERVED_DESCRIPTION
MODEL::DZgas_GIGABATEMAN-7B,DZgas_GIGABATEMAN-7B,model::DZgas/GIGABATEMAN-7B,DZgas/GIGABATEMAN-7B,DZgas,7.242,>3B to <20B,2024-09-15,2024_H2,UNKNOWN_OPEN_WEIGHTS,UNKNOWN_LICENSE,COMPLETE_SIX_TASK,True,6,NOT_IN_T05_BRIDGE,NOT_APPLICABLE,False,False,OBSERVED_DESCRIPTION
MODEL::Daemontatox_AetherDrake-SFT,Daemontatox_AetherDrake-SFT,model::Daemontatox/AetherDrake-SFT,Daemontatox/AetherDrake-SFT,Daemontatox,8.03,>3B to <20B,2024-12-25,2024_H2,UNKNOWN_OPEN_WEIGHTS,LICENSE_RECORDED,COMPLETE_SIX_TASK,True,6,NOT_IN_T05_BRIDGE,NOT_APPLICABLE,False,False,OBSERVED_DESCRIPTION
MODEL::Daemontatox_AetherSett,Daemontatox_AetherSett,model::Daemontatox/AetherSett,Daemontatox/AetherSett,Daemontatox,7.616,>3B to <20B,2024-12-30,2024_H2,UNKNOWN_OPEN_WEIGHTS,LICENSE_RECORDED,COMPLETE_SIX_TASK,True,6,NOT_IN_T05_BRIDGE,NOT_APPLICABLE,False,False,OBSERVED_DESCRIPTION
MODEL::Daemontatox_AetherTOT,Daemontatox_AetherTOT,model::Daemontatox/AetherTOT,Daemontatox/AetherTOT,Daemontatox,10.67,>3B to <20B,2024-12-28,2024_H2,UNKNOWN_OPEN_WEIGHTS,LICENSE_RECORDED,COMPLETE_SIX_TASK,True,6,NOT_IN_T05_BRIDGE,NOT_APPLICABLE,False,False,OBSERVED_DESCRIPTION
MODEL::Daemontatox_AetherUncensored,Daemontatox_AetherUncensored,model::Daemontatox/AetherUncensored,Daemontatox/AetherUncensored,Daemontatox,8.03,>3B to <20B,2025-01-09,2025_Q1,UNKNOWN_OPEN_WEIGHTS,UNKNOWN_LICENSE,COMPLETE_SIX_TASK,True,6,NOT_IN_T05_BRIDGE,NOT_APPLICABLE,False,False,OBSERVED_DESCRIPTION
MODEL::Daemontatox_Cogito-MIS,Daemontatox_Cogito-MIS,model::Daemontatox/Cogito-MIS,Daemontatox/Cogito-MIS,Daemontatox,23.572,>=20B,2025-02-18,2025_Q1,UNKNOWN_OPEN_WEIGHTS,UNKNOWN_LICENSE,COMPLETE_SIX_TASK,True,6,NOT_IN_T05_BRIDGE,NOT_APPLICABLE,False,False,OBSERVED_DESCRIPTION
MODEL::Daemontatox_CogitoDistil,Daemontatox_CogitoDistil,model::Daemontatox/CogitoDistil,Daemontatox/CogitoDistil,Daemontatox,7.616,>3B to <20B,2025-01-22,2025_Q1,UNKNOWN_OPEN_WEIGHTS,UNKNOWN_LICENSE,COMPLETE_SIX_TASK,True,6,NOT_IN_T05_BRIDGE,NOT_APPLICABLE,False,False,OBSERVED_DESCRIPTION
MODEL::Daemontatox_CogitoZ,Daemontatox_CogitoZ,model::Daemontatox/CogitoZ,Daemontatox/CogitoZ,Daemontatox,32.764,>=20B,2025-02-13,2025_Q1,UNKNOWN_OPEN_WEIGHTS,LICENSE_RECORDED,COMPLETE_SIX_TASK,True,6,NOT_IN_T05_BRIDGE,NOT_APPLICABLE,False,False,OBSERVED_DESCRIPTION
MODEL::Daemontatox_CogitoZ14,Daemontatox_CogitoZ14,model::Daemontatox/CogitoZ14,Daemontatox/CogitoZ14,Daemontatox,14.77,>3B to <20B,2025-01-07,2025_Q1,UNKNOWN_OPEN_WEIGHTS,UNKNOWN_LICENSE,COMPLETE_SIX_TASK,True,6,NOT_IN_T05_BRIDGE,NOT_APPLICABLE,False,False,OBSERVED_DESCRIPTION
MODEL::Daemontatox_DocumentCogito,Daemontatox_DocumentCogito,model::Daemontatox/DocumentCogito,Daemontatox/DocumentCogito,Daemontatox,10.67,>3B to <20B,,UNKNOWN_OR_AMBIGUOUS,UNKNOWN_OPEN_WEIGHTS,LICENSE_RECORDED,COMPLETE_SIX_TASK,True,6,NOT_IN_T05_BRIDGE,NOT_APPLICABLE,False,False,OBSERVED_DESCRIPTION
MODEL::Daemontatox_Llama3.3-70B-CogniLink,Daemontatox_Llama3.3-70B-CogniLink,model::Daemontatox/Llama3.3-70B-CogniLink,Daemontatox/Llama3.3-70B-CogniLink,Llama,70.554,>=20B,2025-03-02,2025_Q1,UNKNOWN_OPEN_WEIGHTS,LICENSE_RECORDED,COMPLETE_SIX_TASK,True,6,NOT_IN_T05_BRIDGE,NOT_APPLICABLE,False,False,OBSERVED_DESCRIPTION
MODEL::Daemontatox_Llama_cot,Daemontatox_Llama_cot,model::Daemontatox/Llama_cot,Daemontatox/Llama_cot,Llama,10.67,>3B to <20B,2025-03-09,2025_Q1,UNKNOWN_OPEN_WEIGHTS,UNKNOWN_LICENSE,COMPLETE_SIX_TASK,True,6,NOT_IN_T05_BRIDGE,NOT_APPLICABLE,False,False,OBSERVED_DESCRIPTION
MODEL::Daemontatox_MawaredT1,Daemontatox_MawaredT1,model::Daemontatox/MawaredT1,Daemontatox/MawaredT1,Daemontatox,7.616,>3B to <20B,2025-01-02,2025_Q1,UNKNOWN_OPEN_WEIGHTS,LICENSE_RECORDED,COMPLETE_SIX_TASK,True,6,NOT_IN_T05_BRIDGE,NOT_APPLICABLE,False,False,OBSERVED_DESCRIPTION
MODEL::Daemontatox_Mini_QwQ,Daemontatox_Mini_QwQ,model::Daemontatox/Mini_QwQ,Daemontatox/Mini_QwQ,Daemontatox,7.616,>3B to <20B,2025-01-16,2025_Q1,UNKNOWN_OPEN_WEIGHTS,UNKNOWN_LICENSE,COMPLETE_SIX_TASK,True,6,NOT_IN_T05_BRIDGE,NOT_APPLICABLE,False,False,OBSERVED_DESCRIPTION
MODEL::Daemontatox_NemoR,Daemontatox_NemoR,model::Daemontatox/NemoR,Daemontatox/NemoR,Daemontatox,6.124,>3B to <20B,2024-12-31,2024_H2,UNKNOWN_OPEN_WEIGHTS,UNKNOWN_LICENSE,COMPLETE_SIX_TASK,True,6,NOT_IN_T05_BRIDGE,NOT_APPLICABLE,False,False,OBSERVED_DESCRIPTION
MODEL::Daemontatox_PathFinderAI2.0,Daemontatox_PathFinderAI2.0,model::Daemontatox/PathFinderAI2.0,Daemontatox/PathFinderAI2.0,Daemontatox,32.764,>=20B,2025-01-21,2025_Q1,UNKNOWN_OPEN_WEIGHTS,LICENSE_RECORDED,COMPLETE_SIX_TASK,True,6,NOT_IN_T05_BRIDGE,NOT_APPLICABLE,False,False,OBSERVED_DESCRIPTION
MODEL::Daemontatox_PathFinderAi3.0,Daemontatox_PathFinderAi3.0,model::Daemontatox/PathFinderAi3.0,Daemontatox/PathFinderAi3.0,Daemontatox,32.764,>=20B,2025-01-21,2025_Q1,UNKNOWN_OPEN_WEIGHTS,LICENSE_RECORDED,COMPLETE_SIX_TASK,True,6,NOT_IN_T05_BRIDGE,NOT_APPLICABLE,False,False,OBSERVED_DESCRIPTION
MODEL::Daemontatox_PathfinderAI,Daemontatox_PathfinderAI,model::Daemontatox/PathfinderAI,Daemontatox/PathfinderAI,Daemontatox,32.764,>=20B,,UNKNOWN_OR_AMBIGUOUS,UNKNOWN_OPEN_WEIGHTS,LICENSE_RECORDED,COMPLETE_SIX_TASK,True,6,NOT_IN_T05_BRIDGE,NOT_APPLICABLE,False,False,OBSERVED_DESCRIPTION
MODEL::Daemontatox_Phi-4-COT,Daemontatox_Phi-4-COT,model::Daemontatox/Phi-4-COT,Daemontatox/Phi-4-COT,Phi,14.66,>3B to <20B,2025-01-11,2025_Q1,Yes,UNKNOWN_LICENSE,COMPLETE_SIX_TASK,True,6,NOT_IN_T05_BRIDGE,NOT_APPLICABLE,False,False,OBSERVED_DESCRIPTION
MODEL::Daemontatox_PixelParse_AI,Daemontatox_PixelParse_AI,model::Daemontatox/PixelParse_AI,Daemontatox/PixelParse_AI,Daemontatox,10.67,>3B to <20B,2024-12-29,2024_H2,UNKNOWN_OPEN_WEIGHTS,LICENSE_RECORDED,COMPLETE_SIX_TASK,True,6,NOT_IN_T05_BRIDGE,NOT_APPLICABLE,False,False,OBSERVED_DESCRIPTION
MODEL::Daemontatox_RA2.0,Daemontatox_RA2.0,model::Daemontatox/RA2.0,Daemontatox/RA2.0,Daemontatox,7.616,>3B to <20B,2025-01-01,2025_Q1,UNKNOWN_OPEN_WEIGHTS,UNKNOWN_LICENSE,COMPLETE_SIX_TASK,True,6,NOT_IN_T05_BRIDGE,NOT_APPLICABLE,False,False,OBSERVED_DESCRIPTION
MODEL::Daemontatox_RA_Reasoner,Daemontatox_RA_Reasoner,model::Daemontatox/RA_Reasoner,Daemontatox/RA_Reasoner,Daemontatox,10.306,>3B to <20B,2024-12-25,2024_H2,UNKNOWN_OPEN_WEIGHTS,LICENSE_RECORDED,COMPLETE_SIX_TASK,True,6,NOT_IN_T05_BRIDGE,NOT_APPLICABLE,False,False,OBSERVED_DESCRIPTION
MODEL::Daemontatox_RA_Reasoner2.0,Daemontatox_RA_Reasoner2.0,model::Daemontatox/RA_Reasoner2.0,Daemontatox/RA_Reasoner2.0,Daemontatox,10.306,>3B to <20B,2024-12-29,2024_H2,UNKNOWN_OPEN_WEIGHTS,LICENSE_RECORDED,COMPLETE_SIX_TASK,True,6,NOT_IN_T05_BRIDGE,NOT_APPLICABLE,False,False,OBSERVED_DESCRIPTION
MODEL::Daemontatox_ReasonTest,Daemontatox_ReasonTest,model::Daemontatox/ReasonTest,Daemontatox/ReasonTest,Daemontatox,3.808,>3B to <20B,2024-12-31,2024_H2,UNKNOWN_OPEN_WEIGHTS,UNKNOWN_LICENSE,COMPLETE_SIX_TASK,True,6,NOT_IN_T05_BRIDGE,NOT_APPLICABLE,False,False,OBSERVED_DESCRIPTION
MODEL::Daemontatox_Research_PathfinderAI,Daemontatox_Research_PathfinderAI,model::Daemontatox/Research_PathfinderAI,Daemontatox/Research_PathfinderAI,Daemontatox,1.777,<=3B,2025-02-21,2025_Q1,UNKNOWN_OPEN_WEIGHTS,UNKNOWN_LICENSE,COMPLETE_SIX_TASK,True,6,NOT_IN_T05_BRIDGE,NOT_APPLICABLE,False,False,OBSERVED_DESCRIPTION
MODEL::Daemontatox_SphinX,Daemontatox_SphinX,model::Daemontatox/SphinX,Daemontatox/SphinX,Phi,7.616,>3B to <20B,2024-12-31,2024_H2,UNKNOWN_OPEN_WEIGHTS,LICENSE_RECORDED,COMPLETE_SIX_TASK,True,6,NOT_IN_T05_BRIDGE,NOT_APPLICABLE,False,False,OBSERVED_DESCRIPTION
MODEL::Daemontatox_Sphinx2.0,Daemontatox_Sphinx2.0,model::Daemontatox/Sphinx2.0,Daemontatox/Sphinx2.0,Phi,14.77,>3B to <20B,2024-12-30,2024_H2,UNKNOWN_OPEN_WEIGHTS,LICENSE_RECORDED,COMPLETE_SIX_TASK,True,6,NOT_IN_T05_BRIDGE,NOT_APPLICABLE,False,False,OBSERVED_DESCRIPTION
MODEL::Daemontatox_TinySphinx,Daemontatox_TinySphinx,model::Daemontatox/TinySphinx,Daemontatox/TinySphinx,Phi,0.247,<=3B,2024-12-31,2024_H2,UNKNOWN_OPEN_WEIGHTS,UNKNOWN_LICENSE,COMPLETE_SIX_TASK,True,6,NOT_IN_T05_BRIDGE,NOT_APPLICABLE,False,False,OBSERVED_DESCRIPTION
MODEL::Daemontatox_TinySphinx2.0,Daemontatox_TinySphinx2.0,model::Daemontatox/TinySphinx2.0,Daemontatox/TinySphinx2.0,Phi,0.247,<=3B,2024-12-31,2024_H2,UNKNOWN_OPEN_WEIGHTS,UNKNOWN_LICENSE,COMPLETE_SIX_TASK,True,6,NOT_IN_T05_BRIDGE,NOT_APPLICABLE,False,False,OBSERVED_DESCRIPTION
MODEL::Daemontatox_Zirel-7B-Math,Daemontatox_Zirel-7B-Math,model::Daemontatox/Zirel-7B-Math,Daemontatox/Zirel-7B-Math,Daemontatox,7.616,>3B to <20B,2025-02-28,2025_Q1,UNKNOWN_OPEN_WEIGHTS,LICENSE_RECORDED,COMPLETE_SIX_TASK,True,6,NOT_IN_T05_BRIDGE,NOT_APPLICABLE,False,False,OBSERVED_DESCRIPTION
MODEL::Daemontatox_Zirel_1.5,Daemontatox_Zirel_1.5,model::Daemontatox/Zirel_1.5,Daemontatox/Zirel_1.5,Daemontatox,1.544,<=3B,2025-03-04,2025_Q1,UNKNOWN_OPEN_WEIGHTS,LICENSE_RECORDED,COMPLETE_SIX_TASK,True,6,NOT_IN_T05_BRIDGE,NOT_APPLICABLE,False,False,OBSERVED_DESCRIPTION
MODEL::Daemontatox_mini-Cogito-R1,Daemontatox_mini-Cogito-R1,model::Daemontatox/mini-Cogito-R1,Daemontatox/mini-Cogito-R1,Daemontatox,1.777,<=3B,2025-02-22,2025_Q1,UNKNOWN_OPEN_WEIGHTS,LICENSE_RECORDED,COMPLETE_SIX_TASK,True,6,NOT_IN_T05_BRIDGE,NOT_APPLICABLE,False,False,OBSERVED_DESCRIPTION
MODEL::Daemontatox_mini_Pathfinder,Daemontatox_mini_Pathfinder,model::Daemontatox/mini_Pathfinder,Daemontatox/mini_Pathfinder,Daemontatox,7.616,>3B to <20B,2025-01-20,2025_Q1,UNKNOWN_OPEN_WEIGHTS,UNKNOWN_LICENSE,COMPLETE_SIX_TASK,True,6,NOT_IN_T05_BRIDGE,NOT_APPLICABLE,False,False,OBSERVED_DESCRIPTION
MODEL::Dampfinchen_Llama-3.1-8B-Ultra-Instruct,Dampfinchen_Llama-3.1-8B-Ultra-Instruct,model::Dampfinchen/Llama-3.1-8B-Ultra-Instruct,Dampfinchen/Llama-3.1-8B-Ultra-Instruct,Llama,8.03,>3B to <20B,2024-08-26,2024_H2,UNKNOWN_OPEN_WEIGHTS,LICENSE_RECORDED,COMPLETE_SIX_TASK,True,6,NOT_IN_T05_BRIDGE,NOT_APPLICABLE,False,False,OBSERVED_DESCRIPTION
MODEL::Danielbrdz_Barcenas-10b,Danielbrdz_Barcenas-10b,model::Danielbrdz/Barcenas-10b,Danielbrdz/Barcenas-10b,Danielbrdz,10.306,>3B to <20B,2025-01-06,2025_Q1,UNKNOWN_OPEN_WEIGHTS,LICENSE_RECORDED,COMPLETE_SIX_TASK,True,6,NOT_IN_T05_BRIDGE,NOT_APPLICABLE,False,False,OBSERVED_DESCRIPTION
MODEL::Danielbrdz_Barcenas-14b-Phi-3-medium-ORPO,Danielbrdz_Barcenas-14b-Phi-3-medium-ORPO,model::Danielbrdz/Barcenas-14b-Phi-3-medium-ORPO,Danielbrdz/Barcenas-14b-Phi-3-medium-ORPO,Phi,13.96,>3B to <20B,2024-08-13,2024_H2,UNKNOWN_OPEN_WEIGHTS,LICENSE_RECORDED,COMPLETE_SIX_TASK,True,6,NOT_IN_T05_BRIDGE,NOT_APPLICABLE,False,False,OBSERVED_DESCRIPTION
MODEL::Danielbrdz_Barcenas-14b-phi-4,Danielbrdz_Barcenas-14b-phi-4,model::Danielbrdz/Barcenas-14b-phi-4,Danielbrdz/Barcenas-14b-phi-4,Phi,14.66,>3B to <20B,2025-01-26,2025_Q1,UNKNOWN_OPEN_WEIGHTS,LICENSE_RECORDED,COMPLETE_SIX_TASK,True,6,NOT_IN_T05_BRIDGE,NOT_APPLICABLE,False,False,OBSERVED_DESCRIPTION
MODEL::Danielbrdz_Barcenas-14b-phi-4-v2,Danielbrdz_Barcenas-14b-phi-4-v2,model::Danielbrdz/Barcenas-14b-phi-4-v2,Danielbrdz/Barcenas-14b-phi-4-v2,Phi,14.66,>3B to <20B,2025-02-05,2025_Q1,UNKNOWN_OPEN_WEIGHTS,LICENSE_RECORDED,COMPLETE_SIX_TASK,True,6,NOT_IN_T05_BRIDGE,NOT_APPLICABLE,False,False,OBSERVED_DESCRIPTION
MODEL::Danielbrdz_Barcenas-3b-GRPO,Danielbrdz_Barcenas-3b-GRPO,model::Danielbrdz/Barcenas-3b-GRPO,Danielbrdz/Barcenas-3b-GRPO,Danielbrdz,3.213,>3B to <20B,2025-02-08,2025_Q1,UNKNOWN_OPEN_WEIGHTS,LICENSE_RECORDED,COMPLETE_SIX_TASK,True,6,NOT_IN_T05_BRIDGE,NOT_APPLICABLE,False,False,OBSERVED_DESCRIPTION
MODEL::Danielbrdz_Barcenas-Llama3-8b-ORPO,Danielbrdz_Barcenas-Llama3-8b-ORPO,model::Danielbrdz/Barcenas-Llama3-8b-ORPO,Danielbrdz/Barcenas-Llama3-8b-ORPO,Llama,8.03,>3B to <20B,2024-06-29,2024_H1,UNKNOWN_OPEN_WEIGHTS,LICENSE_RECORDED,COMPLETE_SIX_TASK,True,6,NOT_IN_T05_BRIDGE,NOT_APPLICABLE,False,False,OBSERVED_DESCRIPTION
MODEL::Danielbrdz_Barcenas-R1-Qwen-1.5b,Danielbrdz_Barcenas-R1-Qwen-1.5b,model::Danielbrdz/Barcenas-R1-Qwen-1.5b,Danielbrdz/Barcenas-R1-Qwen-1.5b,Qwen,1.777,<=3B,2025-01-26,2025_Q1,UNKNOWN_OPEN_WEIGHTS,LICENSE_RECORDED,COMPLETE_SIX_TASK,True,6,NOT_IN_T05_BRIDGE,NOT_APPLICABLE,False,False,OBSERVED_DESCRIPTION
MODEL::Dans-DiscountModels_12b-mn-dans-reasoning-test-2,Dans-DiscountModels_12b-mn-dans-reasoning-test-2,model::Dans-DiscountModels/12b-mn-dans-reasoning-test-2,Dans-DiscountModels/12b-mn-dans-reasoning-test-2,Dans-DiscountModels,12.248,>3B to <20B,2025-03-07,2025_Q1,UNKNOWN_OPEN_WEIGHTS,UNKNOWN_LICENSE,COMPLETE_SIX_TASK,True,6,NOT_IN_T05_BRIDGE,NOT_APPLICABLE,False,False,OBSERVED_DESCRIPTION
MODEL::Dans-DiscountModels_12b-mn-dans-reasoning-test-3,Dans-DiscountModels_12b-mn-dans-reasoning-test-3,model::Dans-DiscountModels/12b-mn-dans-reasoning-test-3,Dans-DiscountModels/12b-mn-dans-reasoning-test-3,Dans-DiscountModels,12.248,>3B to <20B,2025-03-10,2025_Q1,UNKNOWN_OPEN_WEIGHTS,UNKNOWN_LICENSE,COMPLETE_SIX_TASK,True,6,NOT_IN_T05_BRIDGE,NOT_APPLICABLE,False,False,OBSERVED_DESCRIPTION
MODEL::Dans-DiscountModels_Dans-Instruct-CoreCurriculum-12b-ChatML,Dans-DiscountModels_Dans-Instruct-CoreCurriculum-12b-ChatML,model::Dans-DiscountModels/Dans-Instruct-CoreCurriculum-12b-ChatML,Dans-DiscountModels/Dans-Instruct-CoreCurriculum-12b-ChatML,Dans-DiscountModels,12.248,>3B to <20B,2024-09-04,2024_H2,UNKNOWN_OPEN_WEIGHTS,LICENSE_RECORDED,COMPLETE_SIX_TASK,True,6,NOT_IN_T05_BRIDGE,NOT_APPLICABLE,False,False,OBSERVED_DESCRIPTION
MODEL::Dans-DiscountModels_Dans-Instruct-Mix-8b-ChatML,Dans-DiscountModels_Dans-Instruct-Mix-8b-ChatML,model::Dans-DiscountModels/Dans-Instruct-Mix-8b-ChatML,Dans-DiscountModels/Dans-Instruct-Mix-8b-ChatML,Dans-DiscountModels,8.03,>3B to <20B,2024-09-14,2024_H2,UNKNOWN_OPEN_WEIGHTS,UNKNOWN_LICENSE,COMPLETE_SIX_TASK,True,6,NOT_IN_T05_BRIDGE,NOT_APPLICABLE,False,False,OBSERVED_DESCRIPTION
MODEL::Dans-DiscountModels_Dans-Instruct-Mix-8b-ChatML-V0.1.0,Dans-DiscountModels_Dans-Instruct-Mix-8b-ChatML-V0.1.0,model::Dans-DiscountModels/Dans-Instruct-Mix-8b-ChatML-V0.1.0,Dans-DiscountModels/Dans-Instruct-Mix-8b-ChatML-V0.1.0,Dans-DiscountModels,8.03,>3B to <20B,2024-09-20,2024_H2,UNKNOWN_OPEN_WEIGHTS,UNKNOWN_LICENSE,COMPLETE_SIX_TASK,True,6,NOT_IN_T05_BRIDGE,NOT_APPLICABLE,False,False,OBSERVED_DESCRIPTION
MODEL::Dans-DiscountModels_Dans-Instruct-Mix-8b-ChatML-V0.1.1,Dans-DiscountModels_Dans-Instruct-Mix-8b-ChatML-V0.1.1,model::Dans-DiscountModels/Dans-Instruct-Mix-8b-ChatML-V0.1.1,Dans-DiscountModels/Dans-Instruct-Mix-8b-ChatML-V0.1.1,Dans-DiscountModels,8.03,>3B to <20B,2024-09-23,2024_H2,UNKNOWN_OPEN_WEIGHTS,UNKNOWN_LICENSE,COMPLETE_SIX_TASK,True,6,NOT_IN_T05_BRIDGE,NOT_APPLICABLE,False,False,OBSERVED_DESCRIPTION
MODEL::Dans-DiscountModels_Dans-Instruct-Mix-8b-ChatML-V0.2.0,Dans-DiscountModels_Dans-Instruct-Mix-8b-ChatML-V0.2.0,model::Dans-DiscountModels/Dans-Instruct-Mix-8b-ChatML-V0.2.0,Dans-DiscountModels/Dans-Instruct-Mix-8b-ChatML-V0.2.0,Dans-DiscountModels,8.03,>3B to <20B,2024-09-30,2024_H2,UNKNOWN_OPEN_WEIGHTS,UNKNOWN_LICENSE,COMPLETE_SIX_TASK,True,6,NOT_IN_T05_BRIDGE,NOT_APPLICABLE,False,False,OBSERVED_DESCRIPTION
MODEL::Dans-DiscountModels_Mistral-7b-v0.3-Test-E0.7,Dans-DiscountModels_Mistral-7b-v0.3-Test-E0.7,model::Dans-DiscountModels/Mistral-7b-v0.3-Test-E0.7,Dans-DiscountModels/Mistral-7b-v0.3-Test-E0.7,Mistral,7.0,>3B to <20B,2024-11-15,2024_H2,UNKNOWN_OPEN_WEIGHTS,UNKNOWN_LICENSE,COMPLETE_SIX_TASK,True,6,NOT_IN_T05_BRIDGE,NOT_APPLICABLE,False,False,OBSERVED_DESCRIPTION
MODEL::Dans-DiscountModels_mistral-7b-test-merged,Dans-DiscountModels_mistral-7b-test-merged,model::Dans-DiscountModels/mistral-7b-test-merged,Dans-DiscountModels/mistral-7b-test-merged,Mistral,7.0,>3B to <20B,2024-11-30,2024_H2,UNKNOWN_OPEN_WEIGHTS,LICENSE_RECORDED,COMPLETE_SIX_TASK,True,6,NOT_IN_T05_BRIDGE,NOT_APPLICABLE,False,False,OBSERVED_DESCRIPTION
MODEL::Darkknight535_OpenCrystal-12B-L3,Darkknight535_OpenCrystal-12B-L3,model::Darkknight535/OpenCrystal-12B-L3,Darkknight535/OpenCrystal-12B-L3,Darkknight535,11.52,>3B to <20B,2024-08-26,2024_H2,UNKNOWN_OPEN_WEIGHTS,UNKNOWN_LICENSE,COMPLETE_SIX_TASK,True,6,NOT_IN_T05_BRIDGE,NOT_APPLICABLE,False,False,OBSERVED_DESCRIPTION
MODEL::DavidAU_DeepHermes-3-Llama-3-8B-Preview-16.5B-Brainstorm,DavidAU_DeepHermes-3-Llama-3-8B-Preview-16.5B-Brainstorm,model::DavidAU/DeepHermes-3-Llama-3-8B-Preview-16.5B-Brainstorm,DavidAU/DeepHermes-3-Llama-3-8B-Preview-16.5B-Brainstorm,Llama,16.537,>3B to <20B,2025-03-10,2025_Q1,UNKNOWN_OPEN_WEIGHTS,UNKNOWN_LICENSE,COMPLETE_SIX_TASK,True,6,NOT_IN_T05_BRIDGE,NOT_APPLICABLE,False,False,OBSERVED_DESCRIPTION
MODEL::DavidAU_DeepSeek-BlackRoot-R1-Distill-Llama-3.1-8B,DavidAU_DeepSeek-BlackRoot-R1-Distill-Llama-3.1-8B,model::DavidAU/DeepSeek-BlackRoot-R1-Distill-Llama-3.1-8B,DavidAU/DeepSeek-BlackRoot-R1-Distill-Llama-3.1-8B,Llama,8.03,>3B to <20B,2025-03-10,2025_Q1,UNKNOWN_OPEN_WEIGHTS,UNKNOWN_LICENSE,COMPLETE_SIX_TASK,True,6,NOT_IN_T05_BRIDGE,NOT_APPLICABLE,False,False,OBSERVED_DESCRIPTION
MODEL::DavidAU_DeepSeek-Grand-Horror-SMB-R1-Distill-Llama-3.1-16B,DavidAU_DeepSeek-Grand-Horror-SMB-R1-Distill-Llama-3.1-16B,model::DavidAU/DeepSeek-Grand-Horror-SMB-R1-Distill-Llama-3.1-16B,DavidAU/DeepSeek-Grand-Horror-SMB-R1-Distill-Llama-3.1-16B,Llama,15.664,>3B to <20B,2025-03-10,2025_Q1,UNKNOWN_OPEN_WEIGHTS,UNKNOWN_LICENSE,COMPLETE_SIX_TASK,True,6,NOT_IN_T05_BRIDGE,NOT_APPLICABLE,False,False,OBSERVED_DESCRIPTION
MODEL::DavidAU_DeepSeek-MOE-4X8B-R1-Distill-Llama-3.1-Deep-Thinker-Uncensored-24B,DavidAU_DeepSeek-MOE-4X8B-R1-Distill-Llama-3.1-Deep-Thinker-Uncensored-24B,model::DavidAU/DeepSeek-MOE-4X8B-R1-Distill-Llama-3.1-Deep-Thinker-Uncensored-24B,DavidAU/DeepSeek-MOE-4X8B-R1-Distill-Llama-3.1-Deep-Thinker-Uncensored-24B,Llama,24.942,>=20B,2025-03-10,2025_Q1,UNKNOWN_OPEN_WEIGHTS,UNKNOWN_LICENSE,COMPLETE_SIX_TASK,True,6,NOT_IN_T05_BRIDGE,NOT_APPLICABLE,False,False,OBSERVED_DESCRIPTION
MODEL::DavidAU_DeepSeek-MOE-4X8B-R1-Distill-Llama-3.1-Mad-Scientist-24B,DavidAU_DeepSeek-MOE-4X8B-R1-Distill-Llama-3.1-Mad-Scientist-24B,model::DavidAU/DeepSeek-MOE-4X8B-R1-Distill-Llama-3.1-Mad-Scientist-24B,DavidAU/DeepSeek-MOE-4X8B-R1-Distill-Llama-3.1-Mad-Scientist-24B,Llama,24.942,>=20B,2025-03-10,2025_Q1,UNKNOWN_OPEN_WEIGHTS,UNKNOWN_LICENSE,COMPLETE_SIX_TASK,True,6,NOT_IN_T05_BRIDGE,NOT_APPLICABLE,False,False,OBSERVED_DESCRIPTION
MODEL::DavidAU_DeepSeek-R1-Distill-Qwen-25.5B-Brainstorm,DavidAU_DeepSeek-R1-Distill-Qwen-25.5B-Brainstorm,model::DavidAU/DeepSeek-R1-Distill-Qwen-25.5B-Brainstorm,DavidAU/DeepSeek-R1-Distill-Qwen-25.5B-Brainstorm,Qwen,25.506,>=20B,2025-03-10,2025_Q1,Yes,UNKNOWN_LICENSE,COMPLETE_SIX_TASK,True,6,NOT_IN_T05_BRIDGE,NOT_APPLICABLE,False,False,OBSERVED_DESCRIPTION
MODEL::DavidAU_DeepSeek-V2-Grand-Horror-SMB-R1-Distill-Llama-3.1-Uncensored-16.5B,DavidAU_DeepSeek-V2-Grand-Horror-SMB-R1-Distill-Llama-3.1-Uncensored-16.5B,model::DavidAU/DeepSeek-V2-Grand-Horror-SMB-R1-Distill-Llama-3.1-Uncensored-16.5B,DavidAU/DeepSeek-V2-Grand-Horror-SMB-R1-Distill-Llama-3.1-Uncensored-16.5B,Llama,16.537,>3B to <20B,2025-03-10,2025_Q1,UNKNOWN_OPEN_WEIGHTS,UNKNOWN_LICENSE,COMPLETE_SIX_TASK,True,6,NOT_IN_T05_BRIDGE,NOT_APPLICABLE,False,False,OBSERVED_DESCRIPTION
MODEL::DavidAU_DeepThought-MOE-8X3B-R1-Llama-3.2-Reasoning-18B,DavidAU_DeepThought-MOE-8X3B-R1-Llama-3.2-Reasoning-18B,model::DavidAU/DeepThought-MOE-8X3B-R1-Llama-3.2-Reasoning-18B,DavidAU/DeepThought-MOE-8X3B-R1-Llama-3.2-Reasoning-18B,Llama,18.405,>3B to <20B,2025-03-10,2025_Q1,UNKNOWN_OPEN_WEIGHTS,UNKNOWN_LICENSE,COMPLETE_SIX_TASK,True,6,NOT_IN_T05_BRIDGE,NOT_APPLICABLE,False,False,OBSERVED_DESCRIPTION
MODEL::DavidAU_Gemma-The-Writer-9B,DavidAU_Gemma-The-Writer-9B,model::DavidAU/Gemma-The-Writer-9B,DavidAU/Gemma-The-Writer-9B,Gemma,10.159,>3B to <20B,2025-01-11,2025_Q1,UNKNOWN_OPEN_WEIGHTS,UNKNOWN_LICENSE,COMPLETE_SIX_TASK,True,6,NOT_IN_T05_BRIDGE,NOT_APPLICABLE,False,False,OBSERVED_DESCRIPTION
MODEL::DavidAU_Gemma-The-Writer-DEADLINE-10B,DavidAU_Gemma-The-Writer-DEADLINE-10B,model::DavidAU/Gemma-The-Writer-DEADLINE-10B,DavidAU/Gemma-The-Writer-DEADLINE-10B,Gemma,10.952,>3B to <20B,2025-01-11,2025_Q1,UNKNOWN_OPEN_WEIGHTS,UNKNOWN_LICENSE,COMPLETE_SIX_TASK,True,6,NOT_IN_T05_BRIDGE,NOT_APPLICABLE,False,False,OBSERVED_DESCRIPTION
MODEL::DavidAU_Gemma-The-Writer-J.GutenBerg-10B,DavidAU_Gemma-The-Writer-J.GutenBerg-10B,model::DavidAU/Gemma-The-Writer-J.GutenBerg-10B,DavidAU/Gemma-The-Writer-J.GutenBerg-10B,Gemma,10.034,>3B to <20B,2025-01-11,2025_Q1,UNKNOWN_OPEN_WEIGHTS,UNKNOWN_LICENSE,COMPLETE_SIX_TASK,True,6,NOT_IN_T05_BRIDGE,NOT_APPLICABLE,False,False,OBSERVED_DESCRIPTION
MODEL::DavidAU_Gemma-The-Writer-Mighty-Sword-9B,DavidAU_Gemma-The-Writer-Mighty-Sword-9B,model::DavidAU/Gemma-The-Writer-Mighty-Sword-9B,DavidAU/Gemma-The-Writer-Mighty-Sword-9B,Gemma,10.159,>3B to <20B,2025-01-11,2025_Q1,UNKNOWN_OPEN_WEIGHTS,UNKNOWN_LICENSE,COMPLETE_SIX_TASK,True,6,NOT_IN_T05_BRIDGE,NOT_APPLICABLE,False,False,OBSERVED_DESCRIPTION
MODEL::DavidAU_Gemma-The-Writer-N-Restless-Quill-10B-Uncensored,DavidAU_Gemma-The-Writer-N-Restless-Quill-10B-Uncensored,model::DavidAU/Gemma-The-Writer-N-Restless-Quill-10B-Uncensored,DavidAU/Gemma-The-Writer-N-Restless-Quill-10B-Uncensored,Gemma,10.034,>3B to <20B,2025-01-11,2025_Q1,UNKNOWN_OPEN_WEIGHTS,UNKNOWN_LICENSE,COMPLETE_SIX_TASK,True,6,NOT_IN_T05_BRIDGE,NOT_APPLICABLE,False,False,OBSERVED_DESCRIPTION
MODEL::DavidAU_L3-DARKEST-PLANET-16.5B,DavidAU_L3-DARKEST-PLANET-16.5B,model::DavidAU/L3-DARKEST-PLANET-16.5B,DavidAU/L3-DARKEST-PLANET-16.5B,DavidAU,16.537,>3B to <20B,2025-01-11,2025_Q1,UNKNOWN_OPEN_WEIGHTS,UNKNOWN_LICENSE,COMPLETE_SIX_TASK,True,6,NOT_IN_T05_BRIDGE,NOT_APPLICABLE,False,False,OBSERVED_DESCRIPTION
MODEL::DavidAU_L3-Dark-Planet-8B,DavidAU_L3-Dark-Planet-8B,model::DavidAU/L3-Dark-Planet-8B,DavidAU/L3-Dark-Planet-8B,DavidAU,8.03,>3B to <20B,2024-09-12,2024_H2,UNKNOWN_OPEN_WEIGHTS,UNKNOWN_LICENSE,COMPLETE_SIX_TASK,True,6,NOT_IN_T05_BRIDGE,NOT_APPLICABLE,False,False,OBSERVED_DESCRIPTION
MODEL::DavidAU_L3-Jamet-12.2B-MK.V-Blackroot-Instruct,DavidAU_L3-Jamet-12.2B-MK.V-Blackroot-Instruct,model::DavidAU/L3-Jamet-12.2B-MK.V-Blackroot-Instruct,DavidAU/L3-Jamet-12.2B-MK.V-Blackroot-Instruct,DavidAU,12.174,>3B to <20B,2024-09-04,2024_H2,UNKNOWN_OPEN_WEIGHTS,UNKNOWN_LICENSE,COMPLETE_SIX_TASK,True,6,NOT_IN_T05_BRIDGE,NOT_APPLICABLE,False,False,OBSERVED_DESCRIPTION
MODEL::DavidAU_L3-Lumimaid-12.2B-v0.1-OAS-Instruct,DavidAU_L3-Lumimaid-12.2B-v0.1-OAS-Instruct,model::DavidAU/L3-Lumimaid-12.2B-v0.1-OAS-Instruct,DavidAU/L3-Lumimaid-12.2B-v0.1-OAS-Instruct,DavidAU,12.174,>3B to <20B,2024-09-12,2024_H2,UNKNOWN_OPEN_WEIGHTS,UNKNOWN_LICENSE,COMPLETE_SIX_TASK,True,6,NOT_IN_T05_BRIDGE,NOT_APPLICABLE,False,False,OBSERVED_DESCRIPTION
MODEL::DavidAU_L3-SMB-Instruct-12.2B-F32,DavidAU_L3-SMB-Instruct-12.2B-F32,model::DavidAU/L3-SMB-Instruct-12.2B-F32,DavidAU/L3-SMB-Instruct-12.2B-F32,DavidAU,12.174,>3B to <20B,2024-09-12,2024_H2,UNKNOWN_OPEN_WEIGHTS,UNKNOWN_LICENSE,COMPLETE_SIX_TASK,True,6,NOT_IN_T05_BRIDGE,NOT_APPLICABLE,False,False,OBSERVED_DESCRIPTION
MODEL::DavidAU_L3-Stheno-Maid-Blackroot-Grand-HORROR-16B,DavidAU_L3-Stheno-Maid-Blackroot-Grand-HORROR-16B,model::DavidAU/L3-Stheno-Maid-Blackroot-Grand-HORROR-16B,DavidAU/L3-Stheno-Maid-Blackroot-Grand-HORROR-16B,DavidAU,16.537,>3B to <20B,2024-09-04,2024_H2,UNKNOWN_OPEN_WEIGHTS,UNKNOWN_LICENSE,COMPLETE_SIX_TASK,True,6,NOT_IN_T05_BRIDGE,NOT_APPLICABLE,False,False,OBSERVED_DESCRIPTION
MODEL::DavidAU_L3-Stheno-v3.2-12.2B-Instruct,DavidAU_L3-Stheno-v3.2-12.2B-Instruct,model::DavidAU/L3-Stheno-v3.2-12.2B-Instruct,DavidAU/L3-Stheno-v3.2-12.2B-Instruct,DavidAU,12.174,>3B to <20B,2024-09-12,2024_H2,UNKNOWN_OPEN_WEIGHTS,UNKNOWN_LICENSE,COMPLETE_SIX_TASK,True,6,NOT_IN_T05_BRIDGE,NOT_APPLICABLE,False,False,OBSERVED_DESCRIPTION
MODEL::DavidAU_L3.1-Dark-Planet-SpinFire-Uncensored-8B,DavidAU_L3.1-Dark-Planet-SpinFire-Uncensored-8B,model::DavidAU/L3.1-Dark-Planet-SpinFire-Uncensored-8B,DavidAU/L3.1-Dark-Planet-SpinFire-Uncensored-8B,DavidAU,8.03,>3B to <20B,2025-01-11,2025_Q1,UNKNOWN_OPEN_WEIGHTS,UNKNOWN_LICENSE,COMPLETE_SIX_TASK,True,6,NOT_IN_T05_BRIDGE,NOT_APPLICABLE,False,False,OBSERVED_DESCRIPTION
MODEL::DavidAU_L3.1-MOE-2X8B-Deepseek-DeepHermes-e32-uncensored-abliterated-13.7B,DavidAU_L3.1-MOE-2X8B-Deepseek-DeepHermes-e32-uncensored-abliterated-13.7B,model::DavidAU/L3.1-MOE-2X8B-Deepseek-DeepHermes-e32-uncensored-abliterated-13.7B,DavidAU/L3.1-MOE-2X8B-Deepseek-DeepHermes-e32-uncensored-abliterated-13.7B,DeepSeek,13.668,>3B to <20B,2025-03-10,2025_Q1,UNKNOWN_OPEN_WEIGHTS,UNKNOWN_LICENSE,COMPLETE_SIX_TASK,True,6,NOT_IN_T05_BRIDGE,NOT_APPLICABLE,False,False,OBSERVED_DESCRIPTION
MODEL::DavidAU_Qwen2.5-MOE-2X1.5B-DeepSeek-Uncensored-Censored-4B,DavidAU_Qwen2.5-MOE-2X1.5B-DeepSeek-Uncensored-Censored-4B,model::DavidAU/Qwen2.5-MOE-2X1.5B-DeepSeek-Uncensored-Censored-4B,DavidAU/Qwen2.5-MOE-2X1.5B-DeepSeek-Uncensored-Censored-4B,Qwen,4.089,>3B to <20B,2025-03-10,2025_Q1,UNKNOWN_OPEN_WEIGHTS,UNKNOWN_LICENSE,COMPLETE_SIX_TASK,True,6,NOT_IN_T05_BRIDGE,NOT_APPLICABLE,False,False,OBSERVED_DESCRIPTION
MODEL::DavidAU_Qwen2.5-MOE-2X7B-DeepSeek-Abliterated-Censored-19B,DavidAU_Qwen2.5-MOE-2X7B-DeepSeek-Abliterated-Censored-19B,model::DavidAU/Qwen2.5-MOE-2X7B-DeepSeek-Abliterated-Censored-19B,DavidAU/Qwen2.5-MOE-2X7B-DeepSeek-Abliterated-Censored-19B,Qwen,19.022,>3B to <20B,2025-03-10,2025_Q1,UNKNOWN_OPEN_WEIGHTS,UNKNOWN_LICENSE,COMPLETE_SIX_TASK,True,6,NOT_IN_T05_BRIDGE,NOT_APPLICABLE,False,False,OBSERVED_DESCRIPTION
MODEL::DavidAU_Qwen2.5-MOE-6x1.5B-DeepSeek-Reasoning-e32,DavidAU_Qwen2.5-MOE-6x1.5B-DeepSeek-Reasoning-e32,model::DavidAU/Qwen2.5-MOE-6x1.5B-DeepSeek-Reasoning-e32,DavidAU/Qwen2.5-MOE-6x1.5B-DeepSeek-Reasoning-e32,Qwen,8.714,>3B to <20B,2025-03-10,2025_Q1,UNKNOWN_OPEN_WEIGHTS,UNKNOWN_LICENSE,COMPLETE_SIX_TASK,True,6,NOT_IN_T05_BRIDGE,NOT_APPLICABLE,False,False,OBSERVED_DESCRIPTION
MODEL::Davidsv_SUONG-1,Davidsv_SUONG-1,model::Davidsv/SUONG-1,Davidsv/SUONG-1,Davidsv,2.879,<=3B,2025-02-14,2025_Q1,UNKNOWN_OPEN_WEIGHTS,UNKNOWN_LICENSE,COMPLETE_SIX_TASK,True,6,NOT_IN_T05_BRIDGE,NOT_APPLICABLE,False,False,OBSERVED_DESCRIPTION
MODEL::DavieLion_Llama-3.2-1B-SPIN-iter0,DavieLion_Llama-3.2-1B-SPIN-iter0,model::DavieLion/Llama-3.2-1B-SPIN-iter0,DavieLion/Llama-3.2-1B-SPIN-iter0,Llama,1.236,<=3B,2024-12-29,2024_H2,UNKNOWN_OPEN_WEIGHTS,LICENSE_RECORDED,COMPLETE_SIX_TASK,True,6,NOT_IN_T05_BRIDGE,NOT_APPLICABLE,False,False,OBSERVED_DESCRIPTION
MODEL::DavieLion_Llama-3.2-1B-SPIN-iter1,DavieLion_Llama-3.2-1B-SPIN-iter1,model::DavieLion/Llama-3.2-1B-SPIN-iter1,DavieLion/Llama-3.2-1B-SPIN-iter1,Llama,1.236,<=3B,2024-12-29,2024_H2,UNKNOWN_OPEN_WEIGHTS,LICENSE_RECORDED,COMPLETE_SIX_TASK,True,6,NOT_IN_T05_BRIDGE,NOT_APPLICABLE,False,False,OBSERVED_DESCRIPTION
MODEL::DavieLion_Llama-3.2-1B-SPIN-iter2,DavieLion_Llama-3.2-1B-SPIN-iter2,model::DavieLion/Llama-3.2-1B-SPIN-iter2,DavieLion/Llama-3.2-1B-SPIN-iter2,Llama,1.236,<=3B,2024-12-29,2024_H2,UNKNOWN_OPEN_WEIGHTS,LICENSE_RECORDED,COMPLETE_SIX_TASK,True,6,NOT_IN_T05_BRIDGE,NOT_APPLICABLE,False,False,OBSERVED_DESCRIPTION
MODEL::DavieLion_Llama-3.2-1B-SPIN-iter3,DavieLion_Llama-3.2-1B-SPIN-iter3,model::DavieLion/Llama-3.2-1B-SPIN-iter3,DavieLion/Llama-3.2-1B-SPIN-iter3,Llama,1.236,<=3B,2024-12-29,2024_H2,UNKNOWN_OPEN_WEIGHTS,LICENSE_RECORDED,COMPLETE_SIX_TASK,True,6,NOT_IN_T05_BRIDGE,NOT_APPLICABLE,False,False,OBSERVED_DESCRIPTION
MODEL::DavieLion_Lllma-3.2-1B,DavieLion_Lllma-3.2-1B,model::DavieLion/Lllma-3.2-1B,DavieLion/Lllma-3.2-1B,DavieLion,1.236,<=3B,2024-12-27,2024_H2,UNKNOWN_OPEN_WEIGHTS,LICENSE_RECORDED,COMPLETE_SIX_TASK,True,6,NOT_IN_T05_BRIDGE,NOT_APPLICABLE,False,False,OBSERVED_DESCRIPTION
MODEL::DebateLabKIT_Llama-3.1-Argunaut-1-8B-SFT,DebateLabKIT_Llama-3.1-Argunaut-1-8B-SFT,model::DebateLabKIT/Llama-3.1-Argunaut-1-8B-SFT,DebateLabKIT/Llama-3.1-Argunaut-1-8B-SFT,Llama,8.03,>3B to <20B,2025-01-02,2025_Q1,UNKNOWN_OPEN_WEIGHTS,LICENSE_RECORDED,COMPLETE_SIX_TASK,True,6,NOT_IN_T05_BRIDGE,NOT_APPLICABLE,False,False,OBSERVED_DESCRIPTION
MODEL::Deci_DeciLM-7B,Deci_DeciLM-7B,model::Deci/DeciLM-7B,Deci/DeciLM-7B,Deci,7.044,>3B to <20B,2024-06-12,2024_H1,UNKNOWN_OPEN_WEIGHTS,LICENSE_RECORDED,COMPLETE_SIX_TASK,True,6,NOT_IN_T05_BRIDGE,NOT_APPLICABLE,False,False,OBSERVED_DESCRIPTION
MODEL::Deci_DeciLM-7B-instruct,Deci_DeciLM-7B-instruct,model::Deci/DeciLM-7B-instruct,Deci/DeciLM-7B-instruct,Deci,7.044,>3B to <20B,2024-06-12,2024_H1,UNKNOWN_OPEN_WEIGHTS,LICENSE_RECORDED,COMPLETE_SIX_TASK,True,6,NOT_IN_T05_BRIDGE,NOT_APPLICABLE,False,False,OBSERVED_DESCRIPTION
MODEL::DeepAutoAI_Explore_Llama-3.1-8B-Inst,DeepAutoAI_Explore_Llama-3.1-8B-Inst,model::DeepAutoAI/Explore_Llama-3.1-8B-Inst,DeepAutoAI/Explore_Llama-3.1-8B-Inst,Llama,8.03,>3B to <20B,2024-10-09,2024_H2,UNKNOWN_OPEN_WEIGHTS,LICENSE_RECORDED,COMPLETE_SIX_TASK,True,6,NOT_IN_T05_BRIDGE,NOT_APPLICABLE,False,False,OBSERVED_DESCRIPTION
MODEL::DeepAutoAI_Explore_Llama-3.2-1B-Inst,DeepAutoAI_Explore_Llama-3.2-1B-Inst,model::DeepAutoAI/Explore_Llama-3.2-1B-Inst,DeepAutoAI/Explore_Llama-3.2-1B-Inst,Llama,1.236,<=3B,2024-10-09,2024_H2,UNKNOWN_OPEN_WEIGHTS,LICENSE_RECORDED,COMPLETE_SIX_TASK,True,6,NOT_IN_T05_BRIDGE,NOT_APPLICABLE,False,False,OBSERVED_DESCRIPTION
MODEL::DeepAutoAI_Explore_Llama-3.2-1B-Inst_v0,DeepAutoAI_Explore_Llama-3.2-1B-Inst_v0,model::DeepAutoAI/Explore_Llama-3.2-1B-Inst_v0,DeepAutoAI/Explore_Llama-3.2-1B-Inst_v0,Llama,1.236,<=3B,2024-10-08,2024_H2,UNKNOWN_OPEN_WEIGHTS,UNKNOWN_LICENSE,COMPLETE_SIX_TASK,True,6,NOT_IN_T05_BRIDGE,NOT_APPLICABLE,False,False,OBSERVED_DESCRIPTION
MODEL::DeepAutoAI_Explore_Llama-3.2-1B-Inst_v1,DeepAutoAI_Explore_Llama-3.2-1B-Inst_v1,model::DeepAutoAI/Explore_Llama-3.2-1B-Inst_v1,DeepAutoAI/Explore_Llama-3.2-1B-Inst_v1,Llama,1.236,<=3B,2024-10-08,2024_H2,UNKNOWN_OPEN_WEIGHTS,LICENSE_RECORDED,COMPLETE_SIX_TASK,True,6,NOT_IN_T05_BRIDGE,NOT_APPLICABLE,False,False,OBSERVED_DESCRIPTION
MODEL::DeepAutoAI_Explore_Llama-3.2-1B-Inst_v1.1,DeepAutoAI_Explore_Llama-3.2-1B-Inst_v1.1,model::DeepAutoAI/Explore_Llama-3.2-1B-Inst_v1.1,DeepAutoAI/Explore_Llama-3.2-1B-Inst_v1.1,Llama,1.236,<=3B,2024-10-17,2024_H2,UNKNOWN_OPEN_WEIGHTS,LICENSE_RECORDED,COMPLETE_SIX_TASK,True,6,NOT_IN_T05_BRIDGE,NOT_APPLICABLE,False,False,OBSERVED_DESCRIPTION
MODEL::DeepAutoAI_causal_gpt2,DeepAutoAI_causal_gpt2,model::DeepAutoAI/causal_gpt2,DeepAutoAI/causal_gpt2,DeepAutoAI,0.124,<=3B,2024-10-17,2024_H2,UNKNOWN_OPEN_WEIGHTS,UNKNOWN_LICENSE,COMPLETE_SIX_TASK,True,6,NOT_IN_T05_BRIDGE,NOT_APPLICABLE,False,False,OBSERVED_DESCRIPTION
MODEL::DeepAutoAI_d2nwg_Llama-3.1-8B-Instruct-v0.0,DeepAutoAI_d2nwg_Llama-3.1-8B-Instruct-v0.0,model::DeepAutoAI/d2nwg_Llama-3.1-8B-Instruct-v0.0,DeepAutoAI/d2nwg_Llama-3.1-8B-Instruct-v0.0,Llama,8.03,>3B to <20B,2024-09-10,2024_H2,UNKNOWN_OPEN_WEIGHTS,UNKNOWN_LICENSE,COMPLETE_SIX_TASK,True,6,NOT_IN_T05_BRIDGE,NOT_APPLICABLE,False,False,OBSERVED_DESCRIPTION
MODEL::DeepAutoAI_d2nwg_causal_gpt2,DeepAutoAI_d2nwg_causal_gpt2,model::DeepAutoAI/d2nwg_causal_gpt2,DeepAutoAI/d2nwg_causal_gpt2,DeepAutoAI,0.124,<=3B,2024-10-18,2024_H2,UNKNOWN_OPEN_WEIGHTS,UNKNOWN_LICENSE,COMPLETE_SIX_TASK,True,6,NOT_IN_T05_BRIDGE,NOT_APPLICABLE,False,False,OBSERVED_DESCRIPTION
MODEL::DeepAutoAI_d2nwg_causal_gpt2_v1,DeepAutoAI_d2nwg_causal_gpt2_v1,model::DeepAutoAI/d2nwg_causal_gpt2_v1,DeepAutoAI/d2nwg_causal_gpt2_v1,DeepAutoAI,0.124,<=3B,2024-10-19,2024_H2,UNKNOWN_OPEN_WEIGHTS,UNKNOWN_LICENSE,COMPLETE_SIX_TASK,True,6,NOT_IN_T05_BRIDGE,NOT_APPLICABLE,False,False,OBSERVED_DESCRIPTION
MODEL::DeepAutoAI_ldm_soup_Llama-3.1-8B-Inst,DeepAutoAI_ldm_soup_Llama-3.1-8B-Inst,model::DeepAutoAI/ldm_soup_Llama-3.1-8B-Inst,DeepAutoAI/ldm_soup_Llama-3.1-8B-Inst,Llama,8.03,>3B to <20B,2024-10-09,2024_H2,UNKNOWN_OPEN_WEIGHTS,LICENSE_RECORDED,COMPLETE_SIX_TASK,True,6,NOT_IN_T05_BRIDGE,NOT_APPLICABLE,False,False,OBSERVED_DESCRIPTION
MODEL::DeepAutoAI_ldm_soup_Llama-3.1-8B-Instruct-v0.0,DeepAutoAI_ldm_soup_Llama-3.1-8B-Instruct-v0.0,model::DeepAutoAI/ldm_soup_Llama-3.1-8B-Instruct-v0.0,DeepAutoAI/ldm_soup_Llama-3.1-8B-Instruct-v0.0,Llama,8.03,>3B to <20B,2024-09-15,2024_H2,UNKNOWN_OPEN_WEIGHTS,UNKNOWN_LICENSE,COMPLETE_SIX_TASK,True,6,NOT_IN_T05_BRIDGE,NOT_APPLICABLE,False,False,OBSERVED_DESCRIPTION
MODEL::DeepAutoAI_ldm_soup_Llama-3.1-8B-Instruct-v0.1,DeepAutoAI_ldm_soup_Llama-3.1-8B-Instruct-v0.1,model::DeepAutoAI/ldm_soup_Llama-3.1-8B-Instruct-v0.1,DeepAutoAI/ldm_soup_Llama-3.1-8B-Instruct-v0.1,Llama,8.03,>3B to <20B,2024-09-16,2024_H2,UNKNOWN_OPEN_WEIGHTS,UNKNOWN_LICENSE,COMPLETE_SIX_TASK,True,6,NOT_IN_T05_BRIDGE,NOT_APPLICABLE,False,False,OBSERVED_DESCRIPTION
MODEL::DeepMount00_Lexora-Lite-3B,DeepMount00_Lexora-Lite-3B,model::DeepMount00/Lexora-Lite-3B,DeepMount00/Lexora-Lite-3B,DeepMount00,3.086,>3B to <20B,2024-10-20,2024_H2,UNKNOWN_OPEN_WEIGHTS,UNKNOWN_LICENSE,COMPLETE_SIX_TASK,True,6,NOT_IN_T05_BRIDGE,NOT_APPLICABLE,False,False,OBSERVED_DESCRIPTION
MODEL::DeepMount00_Lexora-Lite-3B_v2,DeepMount00_Lexora-Lite-3B_v2,model::DeepMount00/Lexora-Lite-3B_v2,DeepMount00/Lexora-Lite-3B_v2,DeepMount00,3.086,>3B to <20B,2025-02-25,2025_Q1,UNKNOWN_OPEN_WEIGHTS,UNKNOWN_LICENSE,COMPLETE_SIX_TASK,True,6,NOT_IN_T05_BRIDGE,NOT_APPLICABLE,False,False,OBSERVED_DESCRIPTION
MODEL::DeepMount00_Lexora-Medium-7B,DeepMount00_Lexora-Medium-7B,model::DeepMount00/Lexora-Medium-7B,DeepMount00/Lexora-Medium-7B,DeepMount00,7.616,>3B to <20B,2024-09-24,2024_H2,UNKNOWN_OPEN_WEIGHTS,LICENSE_RECORDED,COMPLETE_SIX_TASK,True,6,NOT_IN_T05_BRIDGE,NOT_APPLICABLE,False,False,OBSERVED_DESCRIPTION
MODEL::DeepMount00_Llama-3-8b-Ita,DeepMount00_Llama-3-8b-Ita,model::DeepMount00/Llama-3-8b-Ita,DeepMount00/Llama-3-8b-Ita,Llama,8.03,>3B to <20B,2024-06-27,2024_H1,UNKNOWN_OPEN_WEIGHTS,LICENSE_RECORDED,COMPLETE_SIX_TASK,True,6,NOT_IN_T05_BRIDGE,NOT_APPLICABLE,False,False,OBSERVED_DESCRIPTION
MODEL::DeepMount00_Llama-3.1-8b-ITA,DeepMount00_Llama-3.1-8b-ITA,model::DeepMount00/Llama-3.1-8b-ITA,DeepMount00/Llama-3.1-8b-ITA,Llama,8.03,>3B to <20B,2024-10-28,2024_H2,UNKNOWN_OPEN_WEIGHTS,UNKNOWN_LICENSE,COMPLETE_SIX_TASK,True,6,NOT_IN_T05_BRIDGE,NOT_APPLICABLE,False,False,OBSERVED_DESCRIPTION
MODEL::DeepMount00_Llama-3.1-Distilled,DeepMount00_Llama-3.1-Distilled,model::DeepMount00/Llama-3.1-Distilled,DeepMount00/Llama-3.1-Distilled,Llama,8.03,>3B to <20B,2024-10-25,2024_H2,UNKNOWN_OPEN_WEIGHTS,LICENSE_RECORDED,COMPLETE_SIX_TASK,True,6,NOT_IN_T05_BRIDGE,NOT_APPLICABLE,False,False,OBSERVED_DESCRIPTION
MODEL::DeepMount00_Qwen2-1.5B-Ita,DeepMount00_Qwen2-1.5B-Ita,model::DeepMount00/Qwen2-1.5B-Ita,DeepMount00/Qwen2-1.5B-Ita,Qwen,1.544,<=3B,2025-02-28,2025_Q1,Yes,LICENSE_RECORDED,COMPLETE_SIX_TASK,True,6,NOT_IN_T05_BRIDGE,NOT_APPLICABLE,False,False,OBSERVED_DESCRIPTION
MODEL::DeepMount00_Qwen2-1.5B-Ita_v2,DeepMount00_Qwen2-1.5B-Ita_v2,model::DeepMount00/Qwen2-1.5B-Ita_v2,DeepMount00/Qwen2-1.5B-Ita_v2,Qwen,1.544,<=3B,2025-03-06,2025_Q1,Yes,LICENSE_RECORDED,COMPLETE_SIX_TASK,True,6,NOT_IN_T05_BRIDGE,NOT_APPLICABLE,False,False,OBSERVED_DESCRIPTION
MODEL::DeepMount00_Qwen2-1.5B-Ita_v3,DeepMount00_Qwen2-1.5B-Ita_v3,model::DeepMount00/Qwen2-1.5B-Ita_v3,DeepMount00/Qwen2-1.5B-Ita_v3,Qwen,1.544,<=3B,2025-03-06,2025_Q1,Yes,LICENSE_RECORDED,COMPLETE_SIX_TASK,True,6,NOT_IN_T05_BRIDGE,NOT_APPLICABLE,False,False,OBSERVED_DESCRIPTION
MODEL::DeepMount00_Qwen2-1.5B-Ita_v5,DeepMount00_Qwen2-1.5B-Ita_v5,model::DeepMount00/Qwen2-1.5B-Ita_v5,DeepMount00/Qwen2-1.5B-Ita_v5,Qwen,1.544,<=3B,2025-03-10,2025_Q1,Yes,LICENSE_RECORDED,COMPLETE_SIX_TASK,True,6,NOT_IN_T05_BRIDGE,NOT_APPLICABLE,False,False,OBSERVED_DESCRIPTION
MODEL::DeepMount00_Qwen2-1.5B-Ita_v6,DeepMount00_Qwen2-1.5B-Ita_v6,model::DeepMount00/Qwen2-1.5B-Ita_v6,DeepMount00/Qwen2-1.5B-Ita_v6,Qwen,1.497,<=3B,2025-03-10,2025_Q1,Yes,UNKNOWN_LICENSE,COMPLETE_SIX_TASK,True,6,NOT_IN_T05_BRIDGE,NOT_APPLICABLE,False,False,OBSERVED_DESCRIPTION
MODEL::DeepMount00_Qwen2.5-7B-Instruct-MathCoder,DeepMount00_Qwen2.5-7B-Instruct-MathCoder,model::DeepMount00/Qwen2.5-7B-Instruct-MathCoder,DeepMount00/Qwen2.5-7B-Instruct-MathCoder,Qwen,7.616,>3B to <20B,2024-10-24,2024_H2,Yes,UNKNOWN_LICENSE,COMPLETE_SIX_TASK,True,6,NOT_IN_T05_BRIDGE,NOT_APPLICABLE,False,False,OBSERVED_DESCRIPTION
MODEL::DeepMount00_mergekit-ties-okvgjfz,DeepMount00_mergekit-ties-okvgjfz,model::DeepMount00/mergekit-ties-okvgjfz,DeepMount00/mergekit-ties-okvgjfz,DeepMount00,7.616,>3B to <20B,2024-10-24,2024_H2,UNKNOWN_OPEN_WEIGHTS,UNKNOWN_LICENSE,COMPLETE_SIX_TASK,True,6,NOT_IN_T05_BRIDGE,NOT_APPLICABLE,False,False,OBSERVED_DESCRIPTION
MODEL::Delta-Vector_Baldur-8B,Delta-Vector_Baldur-8B,model::Delta-Vector/Baldur-8B,Delta-Vector/Baldur-8B,Delta-Vector,8.0,>3B to <20B,2024-10-06,2024_H2,UNKNOWN_OPEN_WEIGHTS,UNKNOWN_LICENSE,COMPLETE_SIX_TASK,True,6,NOT_IN_T05_BRIDGE,NOT_APPLICABLE,False,False,OBSERVED_DESCRIPTION
MODEL::Delta-Vector_Control-8B,Delta-Vector_Control-8B,model::Delta-Vector/Control-8B,Delta-Vector/Control-8B,Delta-Vector,8.03,>3B to <20B,2024-11-25,2024_H2,UNKNOWN_OPEN_WEIGHTS,UNKNOWN_LICENSE,COMPLETE_SIX_TASK,True,6,NOT_IN_T05_BRIDGE,NOT_APPLICABLE,False,False,OBSERVED_DESCRIPTION
MODEL::Delta-Vector_Control-8B-V1.1,Delta-Vector_Control-8B-V1.1,model::Delta-Vector/Control-8B-V1.1,Delta-Vector/Control-8B-V1.1,Delta-Vector,8.03,>3B to <20B,2024-11-25,2024_H2,UNKNOWN_OPEN_WEIGHTS,UNKNOWN_LICENSE,COMPLETE_SIX_TASK,True,6,NOT_IN_T05_BRIDGE,NOT_APPLICABLE,False,False,OBSERVED_DESCRIPTION
MODEL::Delta-Vector_Darkens-8B,Delta-Vector_Darkens-8B,model::Delta-Vector/Darkens-8B,Delta-Vector/Darkens-8B,Delta-Vector,8.414,>3B to <20B,2024-10-06,2024_H2,UNKNOWN_OPEN_WEIGHTS,UNKNOWN_LICENSE,COMPLETE_SIX_TASK,True,6,NOT_IN_T05_BRIDGE,NOT_APPLICABLE,False,False,OBSERVED_DESCRIPTION
MODEL::Delta-Vector_Henbane-7b-attempt2,Delta-Vector_Henbane-7b-attempt2,model::Delta-Vector/Henbane-7b-attempt2,Delta-Vector/Henbane-7b-attempt2,Delta-Vector,7.0,>3B to <20B,2024-10-11,2024_H2,UNKNOWN_OPEN_WEIGHTS,LICENSE_RECORDED,COMPLETE_SIX_TASK,True,6,NOT_IN_T05_BRIDGE,NOT_APPLICABLE,False,False,OBSERVED_DESCRIPTION
MODEL::Delta-Vector_Odin-9B,Delta-Vector_Odin-9B,model::Delta-Vector/Odin-9B,Delta-Vector/Odin-9B,Delta-Vector,9.242,>3B to <20B,2024-10-06,2024_H2,UNKNOWN_OPEN_WEIGHTS,UNKNOWN_LICENSE,COMPLETE_SIX_TASK,True,6,NOT_IN_T05_BRIDGE,NOT_APPLICABLE,False,False,OBSERVED_DESCRIPTION
MODEL::Delta-Vector_Tor-8B,Delta-Vector_Tor-8B,model::Delta-Vector/Tor-8B,Delta-Vector/Tor-8B,Delta-Vector,8.414,>3B to <20B,2024-10-06,2024_H2,UNKNOWN_OPEN_WEIGHTS,UNKNOWN_LICENSE,COMPLETE_SIX_TASK,True,6,NOT_IN_T05_BRIDGE,NOT_APPLICABLE,False,False,OBSERVED_DESCRIPTION
MODEL::DevQuasar_DevQuasar-R1-Uncensored-Llama-8B,DevQuasar_DevQuasar-R1-Uncensored-Llama-8B,model::DevQuasar/DevQuasar-R1-Uncensored-Llama-8B,DevQuasar/DevQuasar-R1-Uncensored-Llama-8B,Llama,8.03,>3B to <20B,2025-02-09,2025_Q1,UNKNOWN_OPEN_WEIGHTS,LICENSE_RECORDED,COMPLETE_SIX_TASK,True,6,NOT_IN_T05_BRIDGE,NOT_APPLICABLE,False,False,OBSERVED_DESCRIPTION
MODEL::Dongwei_DeepSeek-R1-Distill-Qwen-7B-GRPO,Dongwei_DeepSeek-R1-Distill-Qwen-7B-GRPO,model::Dongwei/DeepSeek-R1-Distill-Qwen-7B-GRPO,Dongwei/DeepSeek-R1-Distill-Qwen-7B-GRPO,Qwen,7.616,>3B to <20B,2025-02-05,2025_Q1,Yes,UNKNOWN_LICENSE,COMPLETE_SIX_TASK,True,6,NOT_IN_T05_BRIDGE,NOT_APPLICABLE,False,False,OBSERVED_DESCRIPTION
MODEL::DoppelReflEx_L3-8B-R1-WolfCore,DoppelReflEx_L3-8B-R1-WolfCore,model::DoppelReflEx/L3-8B-R1-WolfCore,DoppelReflEx/L3-8B-R1-WolfCore,DoppelReflEx,8.03,>3B to <20B,2025-02-28,2025_Q1,UNKNOWN_OPEN_WEIGHTS,LICENSE_RECORDED,COMPLETE_SIX_TASK,True,6,NOT_IN_T05_BRIDGE,NOT_APPLICABLE,False,False,OBSERVED_DESCRIPTION
MODEL::DoppelReflEx_L3-8B-R1-WolfCore-V1.5-test,DoppelReflEx_L3-8B-R1-WolfCore-V1.5-test,model::DoppelReflEx/L3-8B-R1-WolfCore-V1.5-test,DoppelReflEx/L3-8B-R1-WolfCore-V1.5-test,DoppelReflEx,8.03,>3B to <20B,2025-03-01,2025_Q1,UNKNOWN_OPEN_WEIGHTS,UNKNOWN_LICENSE,COMPLETE_SIX_TASK,True,6,NOT_IN_T05_BRIDGE,NOT_APPLICABLE,False,False,OBSERVED_DESCRIPTION
MODEL::DoppelReflEx_L3-8B-WolfCore,DoppelReflEx_L3-8B-WolfCore,model::DoppelReflEx/L3-8B-WolfCore,DoppelReflEx/L3-8B-WolfCore,DoppelReflEx,8.03,>3B to <20B,2025-02-28,2025_Q1,UNKNOWN_OPEN_WEIGHTS,UNKNOWN_LICENSE,COMPLETE_SIX_TASK,True,6,NOT_IN_T05_BRIDGE,NOT_APPLICABLE,False,False,OBSERVED_DESCRIPTION
MODEL::DoppelReflEx_MN-12B-FoxFrame-test,DoppelReflEx_MN-12B-FoxFrame-test,model::DoppelReflEx/MN-12B-FoxFrame-test,DoppelReflEx/MN-12B-FoxFrame-test,DoppelReflEx,12.248,>3B to <20B,2025-02-06,2025_Q1,UNKNOWN_OPEN_WEIGHTS,UNKNOWN_LICENSE,COMPLETE_SIX_TASK,True,6,NOT_IN_T05_BRIDGE,NOT_APPLICABLE,False,False,OBSERVED_DESCRIPTION
MODEL::DoppelReflEx_MN-12B-FoxFrame2-test,DoppelReflEx_MN-12B-FoxFrame2-test,model::DoppelReflEx/MN-12B-FoxFrame2-test,DoppelReflEx/MN-12B-FoxFrame2-test,DoppelReflEx,12.248,>3B to <20B,2025-02-08,2025_Q1,UNKNOWN_OPEN_WEIGHTS,LICENSE_RECORDED,COMPLETE_SIX_TASK,True,6,NOT_IN_T05_BRIDGE,NOT_APPLICABLE,False,False,OBSERVED_DESCRIPTION
MODEL::DoppelReflEx_MN-12B-FoxFrame3-test,DoppelReflEx_MN-12B-FoxFrame3-test,model::DoppelReflEx/MN-12B-FoxFrame3-test,DoppelReflEx/MN-12B-FoxFrame3-test,DoppelReflEx,12.248,>3B to <20B,2025-02-08,2025_Q1,UNKNOWN_OPEN_WEIGHTS,LICENSE_RECORDED,COMPLETE_SIX_TASK,True,6,NOT_IN_T05_BRIDGE,NOT_APPLICABLE,False,False,OBSERVED_DESCRIPTION
MODEL::DoppelReflEx_MN-12B-Kakigori,DoppelReflEx_MN-12B-Kakigori,model::DoppelReflEx/MN-12B-Kakigori,DoppelReflEx/MN-12B-Kakigori,DoppelReflEx,12.248,>3B to <20B,2025-01-29,2025_Q1,UNKNOWN_OPEN_WEIGHTS,LICENSE_RECORDED,COMPLETE_SIX_TASK,True,6,NOT_IN_T05_BRIDGE,NOT_APPLICABLE,False,False,OBSERVED_DESCRIPTION
MODEL::DoppelReflEx_MN-12B-LilithFrame,DoppelReflEx_MN-12B-LilithFrame,model::DoppelReflEx/MN-12B-LilithFrame,DoppelReflEx/MN-12B-LilithFrame,DoppelReflEx,12.248,>3B to <20B,2025-01-29,2025_Q1,UNKNOWN_OPEN_WEIGHTS,UNKNOWN_LICENSE,COMPLETE_SIX_TASK,True,6,NOT_IN_T05_BRIDGE,NOT_APPLICABLE,False,False,OBSERVED_DESCRIPTION
MODEL::DoppelReflEx_MN-12B-LilithFrame-Experiment-2,DoppelReflEx_MN-12B-LilithFrame-Experiment-2,model::DoppelReflEx/MN-12B-LilithFrame-Experiment-2,DoppelReflEx/MN-12B-LilithFrame-Experiment-2,DoppelReflEx,12.248,>3B to <20B,2025-01-29,2025_Q1,UNKNOWN_OPEN_WEIGHTS,UNKNOWN_LICENSE,COMPLETE_SIX_TASK,True,6,NOT_IN_T05_BRIDGE,NOT_APPLICABLE,False,False,OBSERVED_DESCRIPTION
MODEL::DoppelReflEx_MN-12B-LilithFrame-Experiment-3,DoppelReflEx_MN-12B-LilithFrame-Experiment-3,model::DoppelReflEx/MN-12B-LilithFrame-Experiment-3,DoppelReflEx/MN-12B-LilithFrame-Experiment-3,DoppelReflEx,12.248,>3B to <20B,2025-01-29,2025_Q1,UNKNOWN_OPEN_WEIGHTS,UNKNOWN_LICENSE,COMPLETE_SIX_TASK,True,6,NOT_IN_T05_BRIDGE,NOT_APPLICABLE,False,False,OBSERVED_DESCRIPTION
MODEL::DoppelReflEx_MN-12B-LilithFrame-Experiment-4,DoppelReflEx_MN-12B-LilithFrame-Experiment-4,model::DoppelReflEx/MN-12B-LilithFrame-Experiment-4,DoppelReflEx/MN-12B-LilithFrame-Experiment-4,DoppelReflEx,12.248,>3B to <20B,2025-01-30,2025_Q1,UNKNOWN_OPEN_WEIGHTS,LICENSE_RECORDED,COMPLETE_SIX_TASK,True,6,NOT_IN_T05_BRIDGE,NOT_APPLICABLE,False,False,OBSERVED_DESCRIPTION
MODEL::DoppelReflEx_MN-12B-Mimicore-GreenSnake,DoppelReflEx_MN-12B-Mimicore-GreenSnake,model::DoppelReflEx/MN-12B-Mimicore-GreenSnake,DoppelReflEx/MN-12B-Mimicore-GreenSnake,DoppelReflEx,12.248,>3B to <20B,2025-01-27,2025_Q1,UNKNOWN_OPEN_WEIGHTS,LICENSE_RECORDED,COMPLETE_SIX_TASK,True,6,NOT_IN_T05_BRIDGE,NOT_APPLICABLE,False,False,OBSERVED_DESCRIPTION
MODEL::DoppelReflEx_MN-12B-Mimicore-Nocturne,DoppelReflEx_MN-12B-Mimicore-Nocturne,model::DoppelReflEx/MN-12B-Mimicore-Nocturne,DoppelReflEx/MN-12B-Mimicore-Nocturne,DoppelReflEx,12.248,>3B to <20B,2025-03-09,2025_Q1,UNKNOWN_OPEN_WEIGHTS,LICENSE_RECORDED,COMPLETE_SIX_TASK,True,6,NOT_IN_T05_BRIDGE,NOT_APPLICABLE,False,False,OBSERVED_DESCRIPTION
MODEL::DoppelReflEx_MN-12B-Mimicore-Orochi,DoppelReflEx_MN-12B-Mimicore-Orochi,model::DoppelReflEx/MN-12B-Mimicore-Orochi,DoppelReflEx/MN-12B-Mimicore-Orochi,DoppelReflEx,12.248,>3B to <20B,2025-01-28,2025_Q1,UNKNOWN_OPEN_WEIGHTS,LICENSE_RECORDED,COMPLETE_SIX_TASK,True,6,NOT_IN_T05_BRIDGE,NOT_APPLICABLE,False,False,OBSERVED_DESCRIPTION
MODEL::DoppelReflEx_MN-12B-Mimicore-Orochi-v2-Experiment,DoppelReflEx_MN-12B-Mimicore-Orochi-v2-Experiment,model::DoppelReflEx/MN-12B-Mimicore-Orochi-v2-Experiment,DoppelReflEx/MN-12B-Mimicore-Orochi-v2-Experiment,DoppelReflEx,12.248,>3B to <20B,2025-01-28,2025_Q1,UNKNOWN_OPEN_WEIGHTS,UNKNOWN_LICENSE,COMPLETE_SIX_TASK,True,6,NOT_IN_T05_BRIDGE,NOT_APPLICABLE,False,False,OBSERVED_DESCRIPTION
MODEL::DoppelReflEx_MN-12B-Mimicore-Orochi-v3-Experiment,DoppelReflEx_MN-12B-Mimicore-Orochi-v3-Experiment,model::DoppelReflEx/MN-12B-Mimicore-Orochi-v3-Experiment,DoppelReflEx/MN-12B-Mimicore-Orochi-v3-Experiment,DoppelReflEx,12.248,>3B to <20B,2025-01-28,2025_Q1,UNKNOWN_OPEN_WEIGHTS,UNKNOWN_LICENSE,COMPLETE_SIX_TASK,True,6,NOT_IN_T05_BRIDGE,NOT_APPLICABLE,False,False,OBSERVED_DESCRIPTION
MODEL::DoppelReflEx_MN-12B-Mimicore-Orochi-v4-Experiment,DoppelReflEx_MN-12B-Mimicore-Orochi-v4-Experiment,model::DoppelReflEx/MN-12B-Mimicore-Orochi-v4-Experiment,DoppelReflEx/MN-12B-Mimicore-Orochi-v4-Experiment,DoppelReflEx,12.248,>3B to <20B,2025-01-28,2025_Q1,UNKNOWN_OPEN_WEIGHTS,UNKNOWN_LICENSE,COMPLETE_SIX_TASK,True,6,NOT_IN_T05_BRIDGE,NOT_APPLICABLE,False,False,OBSERVED_DESCRIPTION
MODEL::DoppelReflEx_MN-12B-Mimicore-WhiteSnake,DoppelReflEx_MN-12B-Mimicore-WhiteSnake,model::DoppelReflEx/MN-12B-Mimicore-WhiteSnake,DoppelReflEx/MN-12B-Mimicore-WhiteSnake,DoppelReflEx,12.248,>3B to <20B,2025-01-27,2025_Q1,UNKNOWN_OPEN_WEIGHTS,LICENSE_RECORDED,COMPLETE_SIX_TASK,True,6,NOT_IN_T05_BRIDGE,NOT_APPLICABLE,False,False,OBSERVED_DESCRIPTION
MODEL::DoppelReflEx_MN-12B-Mimicore-WhiteSnake-v2-Experiment-1,DoppelReflEx_MN-12B-Mimicore-WhiteSnake-v2-Experiment-1,model::DoppelReflEx/MN-12B-Mimicore-WhiteSnake-v2-Experiment-1,DoppelReflEx/MN-12B-Mimicore-WhiteSnake-v2-Experiment-1,DoppelReflEx,12.248,>3B to <20B,2025-01-29,2025_Q1,UNKNOWN_OPEN_WEIGHTS,UNKNOWN_LICENSE,COMPLETE_SIX_TASK,True,6,NOT_IN_T05_BRIDGE,NOT_APPLICABLE,False,False,OBSERVED_DESCRIPTION
MODEL::DoppelReflEx_MN-12B-Mimicore-WhiteSnake-v2-Experiment-2,DoppelReflEx_MN-12B-Mimicore-WhiteSnake-v2-Experiment-2,model::DoppelReflEx/MN-12B-Mimicore-WhiteSnake-v2-Experiment-2,DoppelReflEx/MN-12B-Mimicore-WhiteSnake-v2-Experiment-2,DoppelReflEx,12.248,>3B to <20B,2025-01-29,2025_Q1,UNKNOWN_OPEN_WEIGHTS,UNKNOWN_LICENSE,COMPLETE_SIX_TASK,True,6,NOT_IN_T05_BRIDGE,NOT_APPLICABLE,False,False,OBSERVED_DESCRIPTION
MODEL::DoppelReflEx_MN-12B-Mimicore-WhiteSnake-v2-Experiment-3,DoppelReflEx_MN-12B-Mimicore-WhiteSnake-v2-Experiment-3,model::DoppelReflEx/MN-12B-Mimicore-WhiteSnake-v2-Experiment-3,DoppelReflEx/MN-12B-Mimicore-WhiteSnake-v2-Experiment-3,DoppelReflEx,12.248,>3B to <20B,2025-01-29,2025_Q1,UNKNOWN_OPEN_WEIGHTS,UNKNOWN_LICENSE,COMPLETE_SIX_TASK,True,6,NOT_IN_T05_BRIDGE,NOT_APPLICABLE,False,False,OBSERVED_DESCRIPTION
MODEL::DoppelReflEx_MN-12B-Mimicore-WhiteSnake-v2-Experiment-4,DoppelReflEx_MN-12B-Mimicore-WhiteSnake-v2-Experiment-4,model::DoppelReflEx/MN-12B-Mimicore-WhiteSnake-v2-Experiment-4,DoppelReflEx/MN-12B-Mimicore-WhiteSnake-v2-Experiment-4,DoppelReflEx,12.248,>3B to <20B,2025-01-29,2025_Q1,UNKNOWN_OPEN_WEIGHTS,LICENSE_RECORDED,COMPLETE_SIX_TASK,True,6,NOT_IN_T05_BRIDGE,NOT_APPLICABLE,False,False,OBSERVED_DESCRIPTION
MODEL::DoppelReflEx_MN-12B-Unleashed-Twilight,DoppelReflEx_MN-12B-Unleashed-Twilight,model::DoppelReflEx/MN-12B-Unleashed-Twilight,DoppelReflEx/MN-12B-Unleashed-Twilight,DoppelReflEx,12.248,>3B to <20B,2025-02-10,2025_Q1,UNKNOWN_OPEN_WEIGHTS,UNKNOWN_LICENSE,COMPLETE_SIX_TASK,True,6,NOT_IN_T05_BRIDGE,NOT_APPLICABLE,False,False,OBSERVED_DESCRIPTION
MODEL::DoppelReflEx_MN-12B-WolFrame,DoppelReflEx_MN-12B-WolFrame,model::DoppelReflEx/MN-12B-WolFrame,DoppelReflEx/MN-12B-WolFrame,DoppelReflEx,12.248,>3B to <20B,2025-02-01,2025_Q1,UNKNOWN_OPEN_WEIGHTS,LICENSE_RECORDED,COMPLETE_SIX_TASK,True,6,NOT_IN_T05_BRIDGE,NOT_APPLICABLE,False,False,OBSERVED_DESCRIPTION
MODEL::DoppelReflEx_MiniusLight-24B,DoppelReflEx_MiniusLight-24B,model::DoppelReflEx/MiniusLight-24B,DoppelReflEx/MiniusLight-24B,DoppelReflEx,23.572,>=20B,2025-03-04,2025_Q1,UNKNOWN_OPEN_WEIGHTS,LICENSE_RECORDED,COMPLETE_SIX_TASK,True,6,NOT_IN_T05_BRIDGE,NOT_APPLICABLE,False,False,OBSERVED_DESCRIPTION
MODEL::DoppelReflEx_MiniusLight-24B-test,DoppelReflEx_MiniusLight-24B-test,model::DoppelReflEx/MiniusLight-24B-test,DoppelReflEx/MiniusLight-24B-test,DoppelReflEx,23.572,>=20B,2025-03-04,2025_Q1,UNKNOWN_OPEN_WEIGHTS,UNKNOWN_LICENSE,COMPLETE_SIX_TASK,True,6,NOT_IN_T05_BRIDGE,NOT_APPLICABLE,False,False,OBSERVED_DESCRIPTION
MODEL::DoppelReflEx_MiniusLight-24B-v1b-test,DoppelReflEx_MiniusLight-24B-v1b-test,model::DoppelReflEx/MiniusLight-24B-v1b-test,DoppelReflEx/MiniusLight-24B-v1b-test,DoppelReflEx,23.572,>=20B,2025-03-04,2025_Q1,UNKNOWN_OPEN_WEIGHTS,UNKNOWN_LICENSE,COMPLETE_SIX_TASK,True,6,NOT_IN_T05_BRIDGE,NOT_APPLICABLE,False,False,OBSERVED_DESCRIPTION
MODEL::DoppelReflEx_MiniusLight-24B-v1c-test,DoppelReflEx_MiniusLight-24B-v1c-test,model::DoppelReflEx/MiniusLight-24B-v1c-test,DoppelReflEx/MiniusLight-24B-v1c-test,DoppelReflEx,23.572,>=20B,2025-03-04,2025_Q1,UNKNOWN_OPEN_WEIGHTS,LICENSE_RECORDED,COMPLETE_SIX_TASK,True,6,NOT_IN_T05_BRIDGE,NOT_APPLICABLE,False,False,OBSERVED_DESCRIPTION
MODEL::DoppelReflEx_MiniusLight-24B-v1d-test,DoppelReflEx_MiniusLight-24B-v1d-test,model::DoppelReflEx/MiniusLight-24B-v1d-test,DoppelReflEx/MiniusLight-24B-v1d-test,DoppelReflEx,23.572,>=20B,2025-03-07,2025_Q1,UNKNOWN_OPEN_WEIGHTS,LICENSE_RECORDED,COMPLETE_SIX_TASK,True,6,NOT_IN_T05_BRIDGE,NOT_APPLICABLE,False,False,OBSERVED_DESCRIPTION
MODEL::DreadPoor_Again-8B-Model_Stock,DreadPoor_Again-8B-Model_Stock,model::DreadPoor/Again-8B-Model_Stock,DreadPoor/Again-8B-Model_Stock,DreadPoor,4.015,>3B to <20B,2024-12-17,2024_H2,UNKNOWN_OPEN_WEIGHTS,UNKNOWN_LICENSE,COMPLETE_SIX_TASK,True,6,NOT_IN_T05_BRIDGE,NOT_APPLICABLE,False,False,OBSERVED_DESCRIPTION
MODEL::DreadPoor_Alita99-8B-LINEAR,DreadPoor_Alita99-8B-LINEAR,model::DreadPoor/Alita99-8B-LINEAR,DreadPoor/Alita99-8B-LINEAR,DreadPoor,8.03,>3B to <20B,2024-11-26,2024_H2,UNKNOWN_OPEN_WEIGHTS,LICENSE_RECORDED,COMPLETE_SIX_TASK,True,6,NOT_IN_T05_BRIDGE,NOT_APPLICABLE,False,False,OBSERVED_DESCRIPTION
MODEL::DreadPoor_AnotherTest,DreadPoor_AnotherTest,model::DreadPoor/AnotherTest,DreadPoor/AnotherTest,DreadPoor,8.03,>3B to <20B,2025-01-29,2025_Q1,UNKNOWN_OPEN_WEIGHTS,UNKNOWN_LICENSE,COMPLETE_SIX_TASK,True,6,NOT_IN_T05_BRIDGE,NOT_APPLICABLE,False,False,OBSERVED_DESCRIPTION
MODEL::DreadPoor_Aspire-8B-model_stock,DreadPoor_Aspire-8B-model_stock,model::DreadPoor/Aspire-8B-model_stock,DreadPoor/Aspire-8B-model_stock,DreadPoor,8.03,>3B to <20B,2024-09-17,2024_H2,UNKNOWN_OPEN_WEIGHTS,LICENSE_RECORDED,COMPLETE_SIX_TASK,True,6,NOT_IN_T05_BRIDGE,NOT_APPLICABLE,False,False,OBSERVED_DESCRIPTION
MODEL::DreadPoor_Aspire_1.3-8B_model-stock,DreadPoor_Aspire_1.3-8B_model-stock,model::DreadPoor/Aspire_1.3-8B_model-stock,DreadPoor/Aspire_1.3-8B_model-stock,DreadPoor,8.03,>3B to <20B,2024-11-01,2024_H2,UNKNOWN_OPEN_WEIGHTS,UNKNOWN_LICENSE,COMPLETE_SIX_TASK,True,6,NOT_IN_T05_BRIDGE,NOT_APPLICABLE,False,False,OBSERVED_DESCRIPTION
MODEL::DreadPoor_Aspire_V2-8B-Model_Stock,DreadPoor_Aspire_V2-8B-Model_Stock,model::DreadPoor/Aspire_V2-8B-Model_Stock,DreadPoor/Aspire_V2-8B-Model_Stock,DreadPoor,8.03,>3B to <20B,2025-01-20,2025_Q1,UNKNOWN_OPEN_WEIGHTS,UNKNOWN_LICENSE,COMPLETE_SIX_TASK,True,6,NOT_IN_T05_BRIDGE,NOT_APPLICABLE,False,False,OBSERVED_DESCRIPTION
MODEL::DreadPoor_Aspire_V2.1-8B-Model_Stock,DreadPoor_Aspire_V2.1-8B-Model_Stock,model::DreadPoor/Aspire_V2.1-8B-Model_Stock,DreadPoor/Aspire_V2.1-8B-Model_Stock,DreadPoor,8.03,>3B to <20B,2025-01-20,2025_Q1,UNKNOWN_OPEN_WEIGHTS,UNKNOWN_LICENSE,COMPLETE_SIX_TASK,True,6,NOT_IN_T05_BRIDGE,NOT_APPLICABLE,False,False,OBSERVED_DESCRIPTION
MODEL::DreadPoor_Aspire_V2_ALT-8B-Model_Stock,DreadPoor_Aspire_V2_ALT-8B-Model_Stock,model::DreadPoor/Aspire_V2_ALT-8B-Model_Stock,DreadPoor/Aspire_V2_ALT-8B-Model_Stock,DreadPoor,8.03,>3B to <20B,2025-01-20,2025_Q1,UNKNOWN_OPEN_WEIGHTS,UNKNOWN_LICENSE,COMPLETE_SIX_TASK,True,6,NOT_IN_T05_BRIDGE,NOT_APPLICABLE,False,False,OBSERVED_DESCRIPTION
MODEL::DreadPoor_Aspire_V2_ALT_ROW-8B-Model_Stock,DreadPoor_Aspire_V2_ALT_ROW-8B-Model_Stock,model::DreadPoor/Aspire_V2_ALT_ROW-8B-Model_Stock,DreadPoor/Aspire_V2_ALT_ROW-8B-Model_Stock,DreadPoor,8.03,>3B to <20B,2025-01-20,2025_Q1,UNKNOWN_OPEN_WEIGHTS,UNKNOWN_LICENSE,COMPLETE_SIX_TASK,True,6,NOT_IN_T05_BRIDGE,NOT_APPLICABLE,False,False,OBSERVED_DESCRIPTION
MODEL::DreadPoor_Aspire_V3-8B-Model_Stock,DreadPoor_Aspire_V3-8B-Model_Stock,model::DreadPoor/Aspire_V3-8B-Model_Stock,DreadPoor/Aspire_V3-8B-Model_Stock,DreadPoor,8.03,>3B to <20B,2025-01-21,2025_Q1,UNKNOWN_OPEN_WEIGHTS,UNKNOWN_LICENSE,COMPLETE_SIX_TASK,True,6,NOT_IN_T05_BRIDGE,NOT_APPLICABLE,False,False,OBSERVED_DESCRIPTION
MODEL::DreadPoor_Aspire_V4-8B-Model_Stock,DreadPoor_Aspire_V4-8B-Model_Stock,model::DreadPoor/Aspire_V4-8B-Model_Stock,DreadPoor/Aspire_V4-8B-Model_Stock,DreadPoor,8.03,>3B to <20B,2025-01-22,2025_Q1,UNKNOWN_OPEN_WEIGHTS,UNKNOWN_LICENSE,COMPLETE_SIX_TASK,True,6,NOT_IN_T05_BRIDGE,NOT_APPLICABLE,False,False,OBSERVED_DESCRIPTION
MODEL::DreadPoor_Aspire_V4_ALT-8B-Model_Stock,DreadPoor_Aspire_V4_ALT-8B-Model_Stock,model::DreadPoor/Aspire_V4_ALT-8B-Model_Stock,DreadPoor/Aspire_V4_ALT-8B-Model_Stock,DreadPoor,8.03,>3B to <20B,2025-01-22,2025_Q1,UNKNOWN_OPEN_WEIGHTS,UNKNOWN_LICENSE,COMPLETE_SIX_TASK,True,6,NOT_IN_T05_BRIDGE,NOT_APPLICABLE,False,False,OBSERVED_DESCRIPTION
MODEL::DreadPoor_Asymmetric_Linearity-8B-Model_Stock,DreadPoor_Asymmetric_Linearity-8B-Model_Stock,model::DreadPoor/Asymmetric_Linearity-8B-Model_Stock,DreadPoor/Asymmetric_Linearity-8B-Model_Stock,DreadPoor,4.015,>3B to <20B,2024-12-20,2024_H2,UNKNOWN_OPEN_WEIGHTS,UNKNOWN_LICENSE,COMPLETE_SIX_TASK,True,6,NOT_IN_T05_BRIDGE,NOT_APPLICABLE,False,False,OBSERVED_DESCRIPTION
MODEL::DreadPoor_Aurora_faustus-8B-LINEAR,DreadPoor_Aurora_faustus-8B-LINEAR,model::DreadPoor/Aurora_faustus-8B-LINEAR,DreadPoor/Aurora_faustus-8B-LINEAR,DreadPoor,8.03,>3B to <20B,2024-09-26,2024_H2,UNKNOWN_OPEN_WEIGHTS,LICENSE_RECORDED,COMPLETE_SIX_TASK,True,6,NOT_IN_T05_BRIDGE,NOT_APPLICABLE,False,False,OBSERVED_DESCRIPTION
MODEL::DreadPoor_Aurora_faustus-8B-LORABLATED,DreadPoor_Aurora_faustus-8B-LORABLATED,model::DreadPoor/Aurora_faustus-8B-LORABLATED,DreadPoor/Aurora_faustus-8B-LORABLATED,DreadPoor,8.03,>3B to <20B,2024-09-29,2024_H2,UNKNOWN_OPEN_WEIGHTS,UNKNOWN_LICENSE,COMPLETE_SIX_TASK,True,6,NOT_IN_T05_BRIDGE,NOT_APPLICABLE,False,False,OBSERVED_DESCRIPTION
MODEL::DreadPoor_Aurora_faustus-8B-LORABLATED_ALT,DreadPoor_Aurora_faustus-8B-LORABLATED_ALT,model::DreadPoor/Aurora_faustus-8B-LORABLATED_ALT,DreadPoor/Aurora_faustus-8B-LORABLATED_ALT,DreadPoor,8.03,>3B to <20B,2024-09-29,2024_H2,UNKNOWN_OPEN_WEIGHTS,UNKNOWN_LICENSE,COMPLETE_SIX_TASK,True,6,NOT_IN_T05_BRIDGE,NOT_APPLICABLE,False,False,OBSERVED_DESCRIPTION
MODEL::DreadPoor_Autumn_Dawn-8B-LINEAR,DreadPoor_Autumn_Dawn-8B-LINEAR,model::DreadPoor/Autumn_Dawn-8B-LINEAR,DreadPoor/Autumn_Dawn-8B-LINEAR,DreadPoor,8.03,>3B to <20B,2025-02-01,2025_Q1,UNKNOWN_OPEN_WEIGHTS,UNKNOWN_LICENSE,COMPLETE_SIX_TASK,True,6,NOT_IN_T05_BRIDGE,NOT_APPLICABLE,False,False,OBSERVED_DESCRIPTION
MODEL::DreadPoor_BaeZel-8B-LINEAR,DreadPoor_BaeZel-8B-LINEAR,model::DreadPoor/BaeZel-8B-LINEAR,DreadPoor/BaeZel-8B-LINEAR,DreadPoor,8.03,>3B to <20B,2024-11-08,2024_H2,UNKNOWN_OPEN_WEIGHTS,LICENSE_RECORDED,COMPLETE_SIX_TASK,True,6,NOT_IN_T05_BRIDGE,NOT_APPLICABLE,False,False,OBSERVED_DESCRIPTION
MODEL::DreadPoor_BaeZel-8B-Model_Stock,DreadPoor_BaeZel-8B-Model_Stock,model::DreadPoor/BaeZel-8B-Model_Stock,DreadPoor/BaeZel-8B-Model_Stock,DreadPoor,8.03,>3B to <20B,2024-12-29,2024_H2,UNKNOWN_OPEN_WEIGHTS,UNKNOWN_LICENSE,COMPLETE_SIX_TASK,True,6,NOT_IN_T05_BRIDGE,NOT_APPLICABLE,False,False,OBSERVED_DESCRIPTION
MODEL::DreadPoor_BaeZel_V2-8B-Model_Stock,DreadPoor_BaeZel_V2-8B-Model_Stock,model::DreadPoor/BaeZel_V2-8B-Model_Stock,DreadPoor/BaeZel_V2-8B-Model_Stock,DreadPoor,8.03,>3B to <20B,2025-01-28,2025_Q1,UNKNOWN_OPEN_WEIGHTS,UNKNOWN_LICENSE,COMPLETE_SIX_TASK,True,6,NOT_IN_T05_BRIDGE,NOT_APPLICABLE,False,False,OBSERVED_DESCRIPTION
MODEL::DreadPoor_BaeZel_V2_ALT-8B-Model_Stock,DreadPoor_BaeZel_V2_ALT-8B-Model_Stock,model::DreadPoor/BaeZel_V2_ALT-8B-Model_Stock,DreadPoor/BaeZel_V2_ALT-8B-Model_Stock,DreadPoor,8.03,>3B to <20B,2025-01-28,2025_Q1,UNKNOWN_OPEN_WEIGHTS,UNKNOWN_LICENSE,COMPLETE_SIX_TASK,True,6,NOT_IN_T05_BRIDGE,NOT_APPLICABLE,False,False,OBSERVED_DESCRIPTION
MODEL::DreadPoor_BaeZel_V3-8B-Model_Stock,DreadPoor_BaeZel_V3-8B-Model_Stock,model::DreadPoor/BaeZel_V3-8B-Model_Stock,DreadPoor/BaeZel_V3-8B-Model_Stock,DreadPoor,8.03,>3B to <20B,2025-01-09,2025_Q1,UNKNOWN_OPEN_WEIGHTS,UNKNOWN_LICENSE,COMPLETE_SIX_TASK,True,6,NOT_IN_T05_BRIDGE,NOT_APPLICABLE,False,False,OBSERVED_DESCRIPTION
MODEL::DreadPoor_Blunt_Edge-8B-SLERP,DreadPoor_Blunt_Edge-8B-SLERP,model::DreadPoor/Blunt_Edge-8B-SLERP,DreadPoor/Blunt_Edge-8B-SLERP,DreadPoor,8.03,>3B to <20B,2025-01-18,2025_Q1,UNKNOWN_OPEN_WEIGHTS,UNKNOWN_LICENSE,COMPLETE_SIX_TASK,True,6,NOT_IN_T05_BRIDGE,NOT_APPLICABLE,False,False,OBSERVED_DESCRIPTION
MODEL::DreadPoor_BulkUp,DreadPoor_BulkUp,model::DreadPoor/BulkUp,DreadPoor/BulkUp,DreadPoor,8.03,>3B to <20B,2025-01-27,2025_Q1,UNKNOWN_OPEN_WEIGHTS,UNKNOWN_LICENSE,COMPLETE_SIX_TASK,True,6,NOT_IN_T05_BRIDGE,NOT_APPLICABLE,False,False,OBSERVED_DESCRIPTION
MODEL::DreadPoor_Cadence-8B-LINEAR,DreadPoor_Cadence-8B-LINEAR,model::DreadPoor/Cadence-8B-LINEAR,DreadPoor/Cadence-8B-LINEAR,DreadPoor,8.03,>3B to <20B,2025-02-25,2025_Q1,UNKNOWN_OPEN_WEIGHTS,UNKNOWN_LICENSE,COMPLETE_SIX_TASK,True,6,NOT_IN_T05_BRIDGE,NOT_APPLICABLE,False,False,OBSERVED_DESCRIPTION
MODEL::DreadPoor_Caelid-8B-Model_Stock,DreadPoor_Caelid-8B-Model_Stock,model::DreadPoor/Caelid-8B-Model_Stock,DreadPoor/Caelid-8B-Model_Stock,DreadPoor,8.03,>3B to <20B,2025-01-14,2025_Q1,UNKNOWN_OPEN_WEIGHTS,UNKNOWN_LICENSE,COMPLETE_SIX_TASK,True,6,NOT_IN_T05_BRIDGE,NOT_APPLICABLE,False,False,OBSERVED_DESCRIPTION
MODEL::DreadPoor_Casuar-9B-Model_Stock,DreadPoor_Casuar-9B-Model_Stock,model::DreadPoor/Casuar-9B-Model_Stock,DreadPoor/Casuar-9B-Model_Stock,DreadPoor,9.242,>3B to <20B,2024-12-21,2024_H2,UNKNOWN_OPEN_WEIGHTS,LICENSE_RECORDED,COMPLETE_SIX_TASK,True,6,NOT_IN_T05_BRIDGE,NOT_APPLICABLE,False,False,OBSERVED_DESCRIPTION
MODEL::DreadPoor_Condensed_Milk-8B-Model_Stock,DreadPoor_Condensed_Milk-8B-Model_Stock,model::DreadPoor/Condensed_Milk-8B-Model_Stock,DreadPoor/Condensed_Milk-8B-Model_Stock,DreadPoor,8.03,>3B to <20B,2024-11-27,2024_H2,UNKNOWN_OPEN_WEIGHTS,UNKNOWN_LICENSE,COMPLETE_SIX_TASK,True,6,NOT_IN_T05_BRIDGE,NOT_APPLICABLE,False,False,OBSERVED_DESCRIPTION
MODEL::DreadPoor_CoolerCoder-8B-LINEAR,DreadPoor_CoolerCoder-8B-LINEAR,model::DreadPoor/CoolerCoder-8B-LINEAR,DreadPoor/CoolerCoder-8B-LINEAR,DreadPoor,8.03,>3B to <20B,2024-11-20,2024_H2,UNKNOWN_OPEN_WEIGHTS,UNKNOWN_LICENSE,COMPLETE_SIX_TASK,True,6,NOT_IN_T05_BRIDGE,NOT_APPLICABLE,False,False,OBSERVED_DESCRIPTION
MODEL::DreadPoor_Damasteel-8B-LINEAR,DreadPoor_Damasteel-8B-LINEAR,model::DreadPoor/Damasteel-8B-LINEAR,DreadPoor/Damasteel-8B-LINEAR,DreadPoor,8.03,>3B to <20B,2024-11-01,2024_H2,UNKNOWN_OPEN_WEIGHTS,UNKNOWN_LICENSE,COMPLETE_SIX_TASK,True,6,NOT_IN_T05_BRIDGE,NOT_APPLICABLE,False,False,OBSERVED_DESCRIPTION
MODEL::DreadPoor_Dearly_Beloved-8B-TIES,DreadPoor_Dearly_Beloved-8B-TIES,model::DreadPoor/Dearly_Beloved-8B-TIES,DreadPoor/Dearly_Beloved-8B-TIES,DreadPoor,8.03,>3B to <20B,2024-11-22,2024_H2,UNKNOWN_OPEN_WEIGHTS,UNKNOWN_LICENSE,COMPLETE_SIX_TASK,True,6,NOT_IN_T05_BRIDGE,NOT_APPLICABLE,False,False,OBSERVED_DESCRIPTION
MODEL::DreadPoor_Decayed-8B-LINEAR,DreadPoor_Decayed-8B-LINEAR,model::DreadPoor/Decayed-8B-LINEAR,DreadPoor/Decayed-8B-LINEAR,DreadPoor,8.03,>3B to <20B,2025-02-25,2025_Q1,UNKNOWN_OPEN_WEIGHTS,UNKNOWN_LICENSE,COMPLETE_SIX_TASK,True,6,NOT_IN_T05_BRIDGE,NOT_APPLICABLE,False,False,OBSERVED_DESCRIPTION
MODEL::DreadPoor_Derivative-8B-Model_Stock,DreadPoor_Derivative-8B-Model_Stock,model::DreadPoor/Derivative-8B-Model_Stock,DreadPoor/Derivative-8B-Model_Stock,DreadPoor,8.03,>3B to <20B,2025-01-03,2025_Q1,UNKNOWN_OPEN_WEIGHTS,LICENSE_RECORDED,COMPLETE_SIX_TASK,True,6,NOT_IN_T05_BRIDGE,NOT_APPLICABLE,False,False,OBSERVED_DESCRIPTION
MODEL::DreadPoor_Derivative_V2-8B-Model_Stock,DreadPoor_Derivative_V2-8B-Model_Stock,model::DreadPoor/Derivative_V2-8B-Model_Stock,DreadPoor/Derivative_V2-8B-Model_Stock,DreadPoor,8.03,>3B to <20B,2025-01-07,2025_Q1,UNKNOWN_OPEN_WEIGHTS,UNKNOWN_LICENSE,COMPLETE_SIX_TASK,True,6,NOT_IN_T05_BRIDGE,NOT_APPLICABLE,False,False,OBSERVED_DESCRIPTION
MODEL::DreadPoor_Derivative_V2_ALT-8B-Model_Stock,DreadPoor_Derivative_V2_ALT-8B-Model_Stock,model::DreadPoor/Derivative_V2_ALT-8B-Model_Stock,DreadPoor/Derivative_V2_ALT-8B-Model_Stock,DreadPoor,8.03,>3B to <20B,2025-01-07,2025_Q1,UNKNOWN_OPEN_WEIGHTS,UNKNOWN_LICENSE,COMPLETE_SIX_TASK,True,6,NOT_IN_T05_BRIDGE,NOT_APPLICABLE,False,False,OBSERVED_DESCRIPTION
MODEL::DreadPoor_Derivative_V3-8B-Model_Stock,DreadPoor_Derivative_V3-8B-Model_Stock,model::DreadPoor/Derivative_V3-8B-Model_Stock,DreadPoor/Derivative_V3-8B-Model_Stock,DreadPoor,8.03,>3B to <20B,2025-01-08,2025_Q1,UNKNOWN_OPEN_WEIGHTS,UNKNOWN_LICENSE,COMPLETE_SIX_TASK,True,6,NOT_IN_T05_BRIDGE,NOT_APPLICABLE,False,False,OBSERVED_DESCRIPTION
MODEL::DreadPoor_Elusive_Dragon_Heart-8B-LINEAR,DreadPoor_Elusive_Dragon_Heart-8B-LINEAR,model::DreadPoor/Elusive_Dragon_Heart-8B-LINEAR,DreadPoor/Elusive_Dragon_Heart-8B-LINEAR,DreadPoor,4.015,>3B to <20B,2024-12-18,2024_H2,UNKNOWN_OPEN_WEIGHTS,UNKNOWN_LICENSE,COMPLETE_SIX_TASK,True,6,NOT_IN_T05_BRIDGE,NOT_APPLICABLE,False,False,OBSERVED_DESCRIPTION
MODEL::DreadPoor_Emu_Eggs-9B-Model_Stock,DreadPoor_Emu_Eggs-9B-Model_Stock,model::DreadPoor/Emu_Eggs-9B-Model_Stock,DreadPoor/Emu_Eggs-9B-Model_Stock,DreadPoor,9.242,>3B to <20B,2024-10-18,2024_H2,UNKNOWN_OPEN_WEIGHTS,UNKNOWN_LICENSE,COMPLETE_SIX_TASK,True,6,NOT_IN_T05_BRIDGE,NOT_APPLICABLE,False,False,OBSERVED_DESCRIPTION
MODEL::DreadPoor_Eunoia_Vespera-8B-LINEAR,DreadPoor_Eunoia_Vespera-8B-LINEAR,model::DreadPoor/Eunoia_Vespera-8B-LINEAR,DreadPoor/Eunoia_Vespera-8B-LINEAR,DreadPoor,8.03,>3B to <20B,2024-09-22,2024_H2,UNKNOWN_OPEN_WEIGHTS,UNKNOWN_LICENSE,COMPLETE_SIX_TASK,True,6,NOT_IN_T05_BRIDGE,NOT_APPLICABLE,False,False,OBSERVED_DESCRIPTION
MODEL::DreadPoor_Fu_sion_HA-8B-SLERP,DreadPoor_Fu_sion_HA-8B-SLERP,model::DreadPoor/Fu_sion_HA-8B-SLERP,DreadPoor/Fu_sion_HA-8B-SLERP,DreadPoor,8.03,>3B to <20B,2025-01-17,2025_Q1,UNKNOWN_OPEN_WEIGHTS,UNKNOWN_LICENSE,COMPLETE_SIX_TASK,True,6,NOT_IN_T05_BRIDGE,NOT_APPLICABLE,False,False,OBSERVED_DESCRIPTION
MODEL::DreadPoor_HOT_STINKING_GARBAGE,DreadPoor_HOT_STINKING_GARBAGE,model::DreadPoor/HOT_STINKING_GARBAGE,DreadPoor/HOT_STINKING_GARBAGE,DreadPoor,8.03,>3B to <20B,2025-02-03,2025_Q1,UNKNOWN_OPEN_WEIGHTS,UNKNOWN_LICENSE,COMPLETE_SIX_TASK,True,6,NOT_IN_T05_BRIDGE,NOT_APPLICABLE,False,False,OBSERVED_DESCRIPTION
MODEL::DreadPoor_H_the_eighth-8B-LINEAR,DreadPoor_H_the_eighth-8B-LINEAR,model::DreadPoor/H_the_eighth-8B-LINEAR,DreadPoor/H_the_eighth-8B-LINEAR,DreadPoor,8.03,>3B to <20B,2025-03-06,2025_Q1,UNKNOWN_OPEN_WEIGHTS,UNKNOWN_LICENSE,COMPLETE_SIX_TASK,True,6,NOT_IN_T05_BRIDGE,NOT_APPLICABLE,False,False,OBSERVED_DESCRIPTION
MODEL::DreadPoor_Happy_New_Year-8B-Model_Stock,DreadPoor_Happy_New_Year-8B-Model_Stock,model::DreadPoor/Happy_New_Year-8B-Model_Stock,DreadPoor/Happy_New_Year-8B-Model_Stock,DreadPoor,8.03,>3B to <20B,2024-12-31,2024_H2,UNKNOWN_OPEN_WEIGHTS,UNKNOWN_LICENSE,COMPLETE_SIX_TASK,True,6,NOT_IN_T05_BRIDGE,NOT_APPLICABLE,False,False,OBSERVED_DESCRIPTION
MODEL::DreadPoor_Heart_Stolen-8B-Model_Stock,DreadPoor_Heart_Stolen-8B-Model_Stock,model::DreadPoor/Heart_Stolen-8B-Model_Stock,DreadPoor/Heart_Stolen-8B-Model_Stock,DreadPoor,8.03,>3B to <20B,2024-09-10,2024_H2,UNKNOWN_OPEN_WEIGHTS,LICENSE_RECORDED,COMPLETE_SIX_TASK,True,6,NOT_IN_T05_BRIDGE,NOT_APPLICABLE,False,False,OBSERVED_DESCRIPTION
MODEL::DreadPoor_Heart_Stolen-ALT-8B-Model_Stock,DreadPoor_Heart_Stolen-ALT-8B-Model_Stock,model::DreadPoor/Heart_Stolen-ALT-8B-Model_Stock,DreadPoor/Heart_Stolen-ALT-8B-Model_Stock,DreadPoor,8.03,>3B to <20B,2024-09-11,2024_H2,UNKNOWN_OPEN_WEIGHTS,UNKNOWN_LICENSE,COMPLETE_SIX_TASK,True,6,NOT_IN_T05_BRIDGE,NOT_APPLICABLE,False,False,OBSERVED_DESCRIPTION
MODEL::DreadPoor_Here_We_Go_Again-8B-SLERP,DreadPoor_Here_We_Go_Again-8B-SLERP,model::DreadPoor/Here_We_Go_Again-8B-SLERP,DreadPoor/Here_We_Go_Again-8B-SLERP,DreadPoor,4.015,>3B to <20B,2024-12-31,2024_H2,UNKNOWN_OPEN_WEIGHTS,UNKNOWN_LICENSE,COMPLETE_SIX_TASK,True,6,NOT_IN_T05_BRIDGE,NOT_APPLICABLE,False,False,OBSERVED_DESCRIPTION
MODEL::DreadPoor_Howdy-8B-LINEAR,DreadPoor_Howdy-8B-LINEAR,model::DreadPoor/Howdy-8B-LINEAR,DreadPoor/Howdy-8B-LINEAR,DreadPoor,8.03,>3B to <20B,2025-01-16,2025_Q1,UNKNOWN_OPEN_WEIGHTS,UNKNOWN_LICENSE,COMPLETE_SIX_TASK,True,6,NOT_IN_T05_BRIDGE,NOT_APPLICABLE,False,False,OBSERVED_DESCRIPTION
MODEL::DreadPoor_Incidental-8B-Model_Stock,DreadPoor_Incidental-8B-Model_Stock,model::DreadPoor/Incidental-8B-Model_Stock,DreadPoor/Incidental-8B-Model_Stock,DreadPoor,8.03,>3B to <20B,2025-01-13,2025_Q1,UNKNOWN_OPEN_WEIGHTS,UNKNOWN_LICENSE,COMPLETE_SIX_TASK,True,6,NOT_IN_T05_BRIDGE,NOT_APPLICABLE,False,False,OBSERVED_DESCRIPTION
MODEL::DreadPoor_Irina-8B-model_stock,DreadPoor_Irina-8B-model_stock,model::DreadPoor/Irina-8B-model_stock,DreadPoor/Irina-8B-model_stock,DreadPoor,8.03,>3B to <20B,2024-08-30,2024_H2,UNKNOWN_OPEN_WEIGHTS,UNKNOWN_LICENSE,COMPLETE_SIX_TASK,True,6,NOT_IN_T05_BRIDGE,NOT_APPLICABLE,False,False,OBSERVED_DESCRIPTION
MODEL::DreadPoor_Kindling-8B-Model_Stock,DreadPoor_Kindling-8B-Model_Stock,model::DreadPoor/Kindling-8B-Model_Stock,DreadPoor/Kindling-8B-Model_Stock,DreadPoor,8.03,>3B to <20B,2025-01-26,2025_Q1,UNKNOWN_OPEN_WEIGHTS,UNKNOWN_LICENSE,COMPLETE_SIX_TASK,True,6,NOT_IN_T05_BRIDGE,NOT_APPLICABLE,False,False,OBSERVED_DESCRIPTION
MODEL::DreadPoor_L3.1-BaeZel-8B-Della,DreadPoor_L3.1-BaeZel-8B-Della,model::DreadPoor/L3.1-BaeZel-8B-Della,DreadPoor/L3.1-BaeZel-8B-Della,DreadPoor,8.03,>3B to <20B,2024-11-15,2024_H2,UNKNOWN_OPEN_WEIGHTS,UNKNOWN_LICENSE,COMPLETE_SIX_TASK,True,6,NOT_IN_T05_BRIDGE,NOT_APPLICABLE,False,False,OBSERVED_DESCRIPTION
MODEL::DreadPoor_Laughing_Stock-8B-Model_Stock,DreadPoor_Laughing_Stock-8B-Model_Stock,model::DreadPoor/Laughing_Stock-8B-Model_Stock,DreadPoor/Laughing_Stock-8B-Model_Stock,DreadPoor,8.03,>3B to <20B,2025-01-27,2025_Q1,UNKNOWN_OPEN_WEIGHTS,UNKNOWN_LICENSE,COMPLETE_SIX_TASK,True,6,NOT_IN_T05_BRIDGE,NOT_APPLICABLE,False,False,OBSERVED_DESCRIPTION
MODEL::DreadPoor_Lava_Lamp-8B-SLERP,DreadPoor_Lava_Lamp-8B-SLERP,model::DreadPoor/Lava_Lamp-8B-SLERP,DreadPoor/Lava_Lamp-8B-SLERP,DreadPoor,8.03,>3B to <20B,2025-01-18,2025_Q1,UNKNOWN_OPEN_WEIGHTS,UNKNOWN_LICENSE,COMPLETE_SIX_TASK,True,6,NOT_IN_T05_BRIDGE,NOT_APPLICABLE,False,False,OBSERVED_DESCRIPTION
MODEL::DreadPoor_LemonP-8B-Model_Stock,DreadPoor_LemonP-8B-Model_Stock,model::DreadPoor/LemonP-8B-Model_Stock,DreadPoor/LemonP-8B-Model_Stock,DreadPoor,8.03,>3B to <20B,2025-01-19,2025_Q1,UNKNOWN_OPEN_WEIGHTS,LICENSE_RECORDED,COMPLETE_SIX_TASK,True,6,NOT_IN_T05_BRIDGE,NOT_APPLICABLE,False,False,OBSERVED_DESCRIPTION
MODEL::DreadPoor_Lydia_of_Whiterun-8B-LINEAR,DreadPoor_Lydia_of_Whiterun-8B-LINEAR,model::DreadPoor/Lydia_of_Whiterun-8B-LINEAR,DreadPoor/Lydia_of_Whiterun-8B-LINEAR,DreadPoor,8.03,>3B to <20B,2025-02-26,2025_Q1,UNKNOWN_OPEN_WEIGHTS,UNKNOWN_LICENSE,COMPLETE_SIX_TASK,True,6,NOT_IN_T05_BRIDGE,NOT_APPLICABLE,False,False,OBSERVED_DESCRIPTION
MODEL::DreadPoor_Machroom-3B-model_stock,DreadPoor_Machroom-3B-model_stock,model::DreadPoor/Machroom-3B-model_stock,DreadPoor/Machroom-3B-model_stock,DreadPoor,,UNKNOWN,,UNKNOWN_OR_AMBIGUOUS,,,COMPLETE_SIX_TASK,True,6,NOT_IN_T05_BRIDGE,NOT_APPLICABLE,False,False,OBSERVED_DESCRIPTION
MODEL::DreadPoor_Matryoshka-8B-LINEAR,DreadPoor_Matryoshka-8B-LINEAR,model::DreadPoor/Matryoshka-8B-LINEAR,DreadPoor/Matryoshka-8B-LINEAR,DreadPoor,8.03,>3B to <20B,2024-12-02,2024_H2,UNKNOWN_OPEN_WEIGHTS,UNKNOWN_LICENSE,COMPLETE_SIX_TASK,True,6,NOT_IN_T05_BRIDGE,NOT_APPLICABLE,False,False,OBSERVED_DESCRIPTION
MODEL::DreadPoor_Mercury_In_Retrograde-8b-Model-Stock,DreadPoor_Mercury_In_Retrograde-8b-Model-Stock,model::DreadPoor/Mercury_In_Retrograde-8b-Model-Stock,DreadPoor/Mercury_In_Retrograde-8b-Model-Stock,DreadPoor,8.03,>3B to <20B,2024-12-03,2024_H2,No,UNKNOWN_LICENSE,COMPLETE_SIX_TASK,True,6,NOT_IN_T05_BRIDGE,NOT_APPLICABLE,False,False,OBSERVED_DESCRIPTION
MODEL::DreadPoor_Minthy-8B-Model_Stock,DreadPoor_Minthy-8B-Model_Stock,model::DreadPoor/Minthy-8B-Model_Stock,DreadPoor/Minthy-8B-Model_Stock,DreadPoor,8.03,>3B to <20B,2025-01-26,2025_Q1,UNKNOWN_OPEN_WEIGHTS,UNKNOWN_LICENSE,COMPLETE_SIX_TASK,True,6,NOT_IN_T05_BRIDGE,NOT_APPLICABLE,False,False,OBSERVED_DESCRIPTION
MODEL::DreadPoor_Minthy_ALT-8B-Model_Stock,DreadPoor_Minthy_ALT-8B-Model_Stock,model::DreadPoor/Minthy_ALT-8B-Model_Stock,DreadPoor/Minthy_ALT-8B-Model_Stock,DreadPoor,8.03,>3B to <20B,2025-01-26,2025_Q1,UNKNOWN_OPEN_WEIGHTS,UNKNOWN_LICENSE,COMPLETE_SIX_TASK,True,6,NOT_IN_T05_BRIDGE,NOT_APPLICABLE,False,False,OBSERVED_DESCRIPTION
MODEL::DreadPoor_Minthy_V2-8B-Model_Stock,DreadPoor_Minthy_V2-8B-Model_Stock,model::DreadPoor/Minthy_V2-8B-Model_Stock,DreadPoor/Minthy_V2-8B-Model_Stock,DreadPoor,8.03,>3B to <20B,2025-01-26,2025_Q1,UNKNOWN_OPEN_WEIGHTS,UNKNOWN_LICENSE,COMPLETE_SIX_TASK,True,6,NOT_IN_T05_BRIDGE,NOT_APPLICABLE,False,False,OBSERVED_DESCRIPTION
MODEL::DreadPoor_Minus_Penus-8B-Model_Stock,DreadPoor_Minus_Penus-8B-Model_Stock,model::DreadPoor/Minus_Penus-8B-Model_Stock,DreadPoor/Minus_Penus-8B-Model_Stock,DreadPoor,8.03,>3B to <20B,2025-03-07,2025_Q1,UNKNOWN_OPEN_WEIGHTS,UNKNOWN_LICENSE,COMPLETE_SIX_TASK,True,6,NOT_IN_T05_BRIDGE,NOT_APPLICABLE,False,False,OBSERVED_DESCRIPTION
MODEL::DreadPoor_Morphing-8B-Model_Stock,DreadPoor_Morphing-8B-Model_Stock,model::DreadPoor/Morphing-8B-Model_Stock,DreadPoor/Morphing-8B-Model_Stock,Phi,8.03,>3B to <20B,2025-01-14,2025_Q1,UNKNOWN_OPEN_WEIGHTS,UNKNOWN_LICENSE,COMPLETE_SIX_TASK,True,6,NOT_IN_T05_BRIDGE,NOT_APPLICABLE,False,False,OBSERVED_DESCRIPTION
MODEL::DreadPoor_Not_Even_My_Final_Form-8B-Model_Stock,DreadPoor_Not_Even_My_Final_Form-8B-Model_Stock,model::DreadPoor/Not_Even_My_Final_Form-8B-Model_Stock,DreadPoor/Not_Even_My_Final_Form-8B-Model_Stock,DreadPoor,8.03,>3B to <20B,2025-01-14,2025_Q1,UNKNOWN_OPEN_WEIGHTS,UNKNOWN_LICENSE,COMPLETE_SIX_TASK,True,6,NOT_IN_T05_BRIDGE,NOT_APPLICABLE,False,False,OBSERVED_DESCRIPTION
MODEL::DreadPoor_Nother_One-8B-Model_Stock,DreadPoor_Nother_One-8B-Model_Stock,model::DreadPoor/Nother_One-8B-Model_Stock,DreadPoor/Nother_One-8B-Model_Stock,DreadPoor,8.03,>3B to <20B,2025-01-19,2025_Q1,UNKNOWN_OPEN_WEIGHTS,UNKNOWN_LICENSE,COMPLETE_SIX_TASK,True,6,NOT_IN_T05_BRIDGE,NOT_APPLICABLE,False,False,OBSERVED_DESCRIPTION
MODEL::DreadPoor_Noxis-8B-LINEAR,DreadPoor_Noxis-8B-LINEAR,model::DreadPoor/Noxis-8B-LINEAR,DreadPoor/Noxis-8B-LINEAR,DreadPoor,8.03,>3B to <20B,2025-03-13,2025_Q1,UNKNOWN_OPEN_WEIGHTS,UNKNOWN_LICENSE,COMPLETE_SIX_TASK,True,6,NOT_IN_T05_BRIDGE,NOT_APPLICABLE,False,False,OBSERVED_DESCRIPTION
MODEL::DreadPoor_Nullsworn-12B-LINEAR,DreadPoor_Nullsworn-12B-LINEAR,model::DreadPoor/Nullsworn-12B-LINEAR,DreadPoor/Nullsworn-12B-LINEAR,DreadPoor,12.248,>3B to <20B,2025-03-10,2025_Q1,UNKNOWN_OPEN_WEIGHTS,UNKNOWN_LICENSE,COMPLETE_SIX_TASK,True,6,NOT_IN_T05_BRIDGE,NOT_APPLICABLE,False,False,OBSERVED_DESCRIPTION
MODEL::DreadPoor_Nwah-8B-Model_Stock,DreadPoor_Nwah-8B-Model_Stock,model::DreadPoor/Nwah-8B-Model_Stock,DreadPoor/Nwah-8B-Model_Stock,DreadPoor,8.03,>3B to <20B,2025-02-26,2025_Q1,UNKNOWN_OPEN_WEIGHTS,UNKNOWN_LICENSE,COMPLETE_SIX_TASK,True,6,NOT_IN_T05_BRIDGE,NOT_APPLICABLE,False,False,OBSERVED_DESCRIPTION
MODEL::DreadPoor_ONeil-model_stock-8B,DreadPoor_ONeil-model_stock-8B,model::DreadPoor/ONeil-model_stock-8B,DreadPoor/ONeil-model_stock-8B,DreadPoor,8.03,>3B to <20B,2024-07-15,2024_H2,UNKNOWN_OPEN_WEIGHTS,LICENSE_RECORDED,COMPLETE_SIX_TASK,True,6,NOT_IN_T05_BRIDGE,NOT_APPLICABLE,False,False,OBSERVED_DESCRIPTION
MODEL::DreadPoor_Oh_Boy-8B-LINEAR,DreadPoor_Oh_Boy-8B-LINEAR,model::DreadPoor/Oh_Boy-8B-LINEAR,DreadPoor/Oh_Boy-8B-LINEAR,DreadPoor,8.03,>3B to <20B,2025-01-29,2025_Q1,UNKNOWN_OPEN_WEIGHTS,UNKNOWN_LICENSE,COMPLETE_SIX_TASK,True,6,NOT_IN_T05_BRIDGE,NOT_APPLICABLE,False,False,OBSERVED_DESCRIPTION
MODEL::DreadPoor_OrangeJ-8B-Model_Stock,DreadPoor_OrangeJ-8B-Model_Stock,model::DreadPoor/OrangeJ-8B-Model_Stock,DreadPoor/OrangeJ-8B-Model_Stock,DreadPoor,8.03,>3B to <20B,2025-01-21,2025_Q1,UNKNOWN_OPEN_WEIGHTS,UNKNOWN_LICENSE,COMPLETE_SIX_TASK,True,6,NOT_IN_T05_BRIDGE,NOT_APPLICABLE,False,False,OBSERVED_DESCRIPTION
MODEL::DreadPoor_Promissum_Mane-8B-LINEAR,DreadPoor_Promissum_Mane-8B-LINEAR,model::DreadPoor/Promissum_Mane-8B-LINEAR,DreadPoor/Promissum_Mane-8B-LINEAR,DreadPoor,8.03,>3B to <20B,2024-09-30,2024_H2,UNKNOWN_OPEN_WEIGHTS,UNKNOWN_LICENSE,COMPLETE_SIX_TASK,True,6,NOT_IN_T05_BRIDGE,NOT_APPLICABLE,False,False,OBSERVED_DESCRIPTION
MODEL::DreadPoor_Promissum_Mane-8B-LINEAR-lorablated,DreadPoor_Promissum_Mane-8B-LINEAR-lorablated,model::DreadPoor/Promissum_Mane-8B-LINEAR-lorablated,DreadPoor/Promissum_Mane-8B-LINEAR-lorablated,DreadPoor,8.03,>3B to <20B,2024-09-30,2024_H2,UNKNOWN_OPEN_WEIGHTS,UNKNOWN_LICENSE,COMPLETE_SIX_TASK,True,6,NOT_IN_T05_BRIDGE,NOT_APPLICABLE,False,False,OBSERVED_DESCRIPTION
MODEL::DreadPoor_RPMash-8B-Model_Stock,DreadPoor_RPMash-8B-Model_Stock,model::DreadPoor/RPMash-8B-Model_Stock,DreadPoor/RPMash-8B-Model_Stock,DreadPoor,8.03,>3B to <20B,2025-01-22,2025_Q1,UNKNOWN_OPEN_WEIGHTS,UNKNOWN_LICENSE,COMPLETE_SIX_TASK,True,6,NOT_IN_T05_BRIDGE,NOT_APPLICABLE,False,False,OBSERVED_DESCRIPTION
MODEL::DreadPoor_RPMash_V3-8B-Model_Stock,DreadPoor_RPMash_V3-8B-Model_Stock,model::DreadPoor/RPMash_V3-8B-Model_Stock,DreadPoor/RPMash_V3-8B-Model_Stock,DreadPoor,8.03,>3B to <20B,2025-01-25,2025_Q1,UNKNOWN_OPEN_WEIGHTS,UNKNOWN_LICENSE,COMPLETE_SIX_TASK,True,6,NOT_IN_T05_BRIDGE,NOT_APPLICABLE,False,False,OBSERVED_DESCRIPTION
MODEL::DreadPoor_Rusted_Gold-8B-LINEAR,DreadPoor_Rusted_Gold-8B-LINEAR,model::DreadPoor/Rusted_Gold-8B-LINEAR,DreadPoor/Rusted_Gold-8B-LINEAR,DreadPoor,8.03,>3B to <20B,2025-03-07,2025_Q1,UNKNOWN_OPEN_WEIGHTS,UNKNOWN_LICENSE,COMPLETE_SIX_TASK,True,6,NOT_IN_T05_BRIDGE,NOT_APPLICABLE,False,False,OBSERVED_DESCRIPTION
MODEL::DreadPoor_Rusted_Platinum-8B-LINEAR,DreadPoor_Rusted_Platinum-8B-LINEAR,model::DreadPoor/Rusted_Platinum-8B-LINEAR,DreadPoor/Rusted_Platinum-8B-LINEAR,DreadPoor,8.03,>3B to <20B,2025-03-06,2025_Q1,UNKNOWN_OPEN_WEIGHTS,UNKNOWN_LICENSE,COMPLETE_SIX_TASK,True,6,NOT_IN_T05_BRIDGE,NOT_APPLICABLE,False,False,OBSERVED_DESCRIPTION
MODEL::DreadPoor_Rusted_Platinum-8B-Model_Stock,DreadPoor_Rusted_Platinum-8B-Model_Stock,model::DreadPoor/Rusted_Platinum-8B-Model_Stock,DreadPoor/Rusted_Platinum-8B-Model_Stock,DreadPoor,8.03,>3B to <20B,2025-03-06,2025_Q1,UNKNOWN_OPEN_WEIGHTS,UNKNOWN_LICENSE,COMPLETE_SIX_TASK,True,6,NOT_IN_T05_BRIDGE,NOT_APPLICABLE,False,False,OBSERVED_DESCRIPTION
MODEL::DreadPoor_Sellen-8B-model_stock,DreadPoor_Sellen-8B-model_stock,model::DreadPoor/Sellen-8B-model_stock,DreadPoor/Sellen-8B-model_stock,DreadPoor,8.03,>3B to <20B,2024-08-27,2024_H2,UNKNOWN_OPEN_WEIGHTS,UNKNOWN_LICENSE,COMPLETE_SIX_TASK,True,6,NOT_IN_T05_BRIDGE,NOT_APPLICABLE,False,False,OBSERVED_DESCRIPTION
MODEL::DreadPoor_Something-8B-Model_Stock,DreadPoor_Something-8B-Model_Stock,model::DreadPoor/Something-8B-Model_Stock,DreadPoor/Something-8B-Model_Stock,DreadPoor,8.03,>3B to <20B,2025-01-15,2025_Q1,UNKNOWN_OPEN_WEIGHTS,UNKNOWN_LICENSE,COMPLETE_SIX_TASK,True,6,NOT_IN_T05_BRIDGE,NOT_APPLICABLE,False,False,OBSERVED_DESCRIPTION
MODEL::DreadPoor_Spring_Dusk-8B-SCE,DreadPoor_Spring_Dusk-8B-SCE,model::DreadPoor/Spring_Dusk-8B-SCE,DreadPoor/Spring_Dusk-8B-SCE,DreadPoor,8.03,>3B to <20B,2025-02-02,2025_Q1,UNKNOWN_OPEN_WEIGHTS,UNKNOWN_LICENSE,COMPLETE_SIX_TASK,True,6,NOT_IN_T05_BRIDGE,NOT_APPLICABLE,False,False,OBSERVED_DESCRIPTION
MODEL::DreadPoor_Summer_Dawn-8B-SCE,DreadPoor_Summer_Dawn-8B-SCE,model::DreadPoor/Summer_Dawn-8B-SCE,DreadPoor/Summer_Dawn-8B-SCE,DreadPoor,8.03,>3B to <20B,2025-02-02,2025_Q1,UNKNOWN_OPEN_WEIGHTS,UNKNOWN_LICENSE,COMPLETE_SIX_TASK,True,6,NOT_IN_T05_BRIDGE,NOT_APPLICABLE,False,False,OBSERVED_DESCRIPTION
MODEL::DreadPoor_Summer_Dusk-8B-TIES,DreadPoor_Summer_Dusk-8B-TIES,model::DreadPoor/Summer_Dusk-8B-TIES,DreadPoor/Summer_Dusk-8B-TIES,DreadPoor,8.03,>3B to <20B,2025-02-05,2025_Q1,UNKNOWN_OPEN_WEIGHTS,UNKNOWN_LICENSE,COMPLETE_SIX_TASK,True,6,NOT_IN_T05_BRIDGE,NOT_APPLICABLE,False,False,OBSERVED_DESCRIPTION
MODEL::DreadPoor_Summer_Rain-8B-SCE,DreadPoor_Summer_Rain-8B-SCE,model::DreadPoor/Summer_Rain-8B-SCE,DreadPoor/Summer_Rain-8B-SCE,DreadPoor,8.03,>3B to <20B,2025-02-02,2025_Q1,UNKNOWN_OPEN_WEIGHTS,UNKNOWN_LICENSE,COMPLETE_SIX_TASK,True,6,NOT_IN_T05_BRIDGE,NOT_APPLICABLE,False,False,OBSERVED_DESCRIPTION
MODEL::DreadPoor_Summer_Rain-8B-TIES,DreadPoor_Summer_Rain-8B-TIES,model::DreadPoor/Summer_Rain-8B-TIES,DreadPoor/Summer_Rain-8B-TIES,DreadPoor,8.03,>3B to <20B,2025-02-02,2025_Q1,UNKNOWN_OPEN_WEIGHTS,UNKNOWN_LICENSE,COMPLETE_SIX_TASK,True,6,NOT_IN_T05_BRIDGE,NOT_APPLICABLE,False,False,OBSERVED_DESCRIPTION
MODEL::DreadPoor_Sun-8B-Model_Stock,DreadPoor_Sun-8B-Model_Stock,model::DreadPoor/Sun-8B-Model_Stock,DreadPoor/Sun-8B-Model_Stock,DreadPoor,8.03,>3B to <20B,2025-01-27,2025_Q1,UNKNOWN_OPEN_WEIGHTS,UNKNOWN_LICENSE,COMPLETE_SIX_TASK,True,6,NOT_IN_T05_BRIDGE,NOT_APPLICABLE,False,False,OBSERVED_DESCRIPTION
MODEL::DreadPoor_Sweetened_Condensed_Milk-8B-Model_Stock,DreadPoor_Sweetened_Condensed_Milk-8B-Model_Stock,model::DreadPoor/Sweetened_Condensed_Milk-8B-Model_Stock,DreadPoor/Sweetened_Condensed_Milk-8B-Model_Stock,DreadPoor,8.03,>3B to <20B,2024-11-27,2024_H2,UNKNOWN_OPEN_WEIGHTS,UNKNOWN_LICENSE,COMPLETE_SIX_TASK,True,6,NOT_IN_T05_BRIDGE,NOT_APPLICABLE,False,False,OBSERVED_DESCRIPTION
MODEL::DreadPoor_TEST02-Ignore,DreadPoor_TEST02-Ignore,model::DreadPoor/TEST02-Ignore,DreadPoor/TEST02-Ignore,DreadPoor,8.03,>3B to <20B,2025-02-05,2025_Q1,UNKNOWN_OPEN_WEIGHTS,UNKNOWN_LICENSE,COMPLETE_SIX_TASK,True,6,NOT_IN_T05_BRIDGE,NOT_APPLICABLE,False,False,OBSERVED_DESCRIPTION
MODEL::DreadPoor_TEST03-ignore,DreadPoor_TEST03-ignore,model::DreadPoor/TEST03-ignore,DreadPoor/TEST03-ignore,DreadPoor,8.03,>3B to <20B,2025-02-05,2025_Q1,UNKNOWN_OPEN_WEIGHTS,UNKNOWN_LICENSE,COMPLETE_SIX_TASK,True,6,NOT_IN_T05_BRIDGE,NOT_APPLICABLE,False,False,OBSERVED_DESCRIPTION
MODEL::DreadPoor_TEST06-ignore,DreadPoor_TEST06-ignore,model::DreadPoor/TEST06-ignore,DreadPoor/TEST06-ignore,DreadPoor,8.03,>3B to <20B,2025-02-07,2025_Q1,UNKNOWN_OPEN_WEIGHTS,UNKNOWN_LICENSE,COMPLETE_SIX_TASK,True,6,NOT_IN_T05_BRIDGE,NOT_APPLICABLE,False,False,OBSERVED_DESCRIPTION
MODEL::DreadPoor_TEST07-ignore,DreadPoor_TEST07-ignore,model::DreadPoor/TEST07-ignore,DreadPoor/TEST07-ignore,DreadPoor,8.03,>3B to <20B,2025-02-07,2025_Q1,UNKNOWN_OPEN_WEIGHTS,UNKNOWN_LICENSE,COMPLETE_SIX_TASK,True,6,NOT_IN_T05_BRIDGE,NOT_APPLICABLE,False,False,OBSERVED_DESCRIPTION
MODEL::DreadPoor_TEST08-ignore,DreadPoor_TEST08-ignore,model::DreadPoor/TEST08-ignore,DreadPoor/TEST08-ignore,DreadPoor,8.03,>3B to <20B,2025-02-07,2025_Q1,UNKNOWN_OPEN_WEIGHTS,UNKNOWN_LICENSE,COMPLETE_SIX_TASK,True,6,NOT_IN_T05_BRIDGE,NOT_APPLICABLE,False,False,OBSERVED_DESCRIPTION
MODEL::DreadPoor_Trinas_Nectar-8B-model_stock,DreadPoor_Trinas_Nectar-8B-model_stock,model::DreadPoor/Trinas_Nectar-8B-model_stock,DreadPoor/Trinas_Nectar-8B-model_stock,DreadPoor,8.03,>3B to <20B,2024-08-27,2024_H2,UNKNOWN_OPEN_WEIGHTS,LICENSE_RECORDED,COMPLETE_SIX_TASK,True,6,NOT_IN_T05_BRIDGE,NOT_APPLICABLE,False,False,OBSERVED_DESCRIPTION
MODEL::DreadPoor_UNTESTED-VENN_1.2-8B-Model_Stock,DreadPoor_UNTESTED-VENN_1.2-8B-Model_Stock,model::DreadPoor/UNTESTED-VENN_1.2-8B-Model_Stock,DreadPoor/UNTESTED-VENN_1.2-8B-Model_Stock,DreadPoor,4.015,>3B to <20B,2024-12-27,2024_H2,UNKNOWN_OPEN_WEIGHTS,UNKNOWN_LICENSE,COMPLETE_SIX_TASK,True,6,NOT_IN_T05_BRIDGE,NOT_APPLICABLE,False,False,OBSERVED_DESCRIPTION
MODEL::DreadPoor_VENN_1.2-8B-Model_Stock,DreadPoor_VENN_1.2-8B-Model_Stock,model::DreadPoor/VENN_1.2-8B-Model_Stock,DreadPoor/VENN_1.2-8B-Model_Stock,DreadPoor,4.015,>3B to <20B,2024-12-28,2024_H2,UNKNOWN_OPEN_WEIGHTS,UNKNOWN_LICENSE,COMPLETE_SIX_TASK,True,6,NOT_IN_T05_BRIDGE,NOT_APPLICABLE,False,False,OBSERVED_DESCRIPTION
MODEL::DreadPoor_WIP-Acacia-8B-Model_Stock,DreadPoor_WIP-Acacia-8B-Model_Stock,model::DreadPoor/WIP-Acacia-8B-Model_Stock,DreadPoor/WIP-Acacia-8B-Model_Stock,DreadPoor,8.03,>3B to <20B,2024-11-28,2024_H2,UNKNOWN_OPEN_WEIGHTS,UNKNOWN_LICENSE,COMPLETE_SIX_TASK,True,6,NOT_IN_T05_BRIDGE,NOT_APPLICABLE,False,False,OBSERVED_DESCRIPTION
MODEL::DreadPoor_WIP_Damascus-8B-TIES,DreadPoor_WIP_Damascus-8B-TIES,model::DreadPoor/WIP_Damascus-8B-TIES,DreadPoor/WIP_Damascus-8B-TIES,DreadPoor,8.03,>3B to <20B,2024-10-29,2024_H2,UNKNOWN_OPEN_WEIGHTS,UNKNOWN_LICENSE,COMPLETE_SIX_TASK,True,6,NOT_IN_T05_BRIDGE,NOT_APPLICABLE,False,False,OBSERVED_DESCRIPTION
MODEL::DreadPoor_Wannabe-8B-Model_Stock,DreadPoor_Wannabe-8B-Model_Stock,model::DreadPoor/Wannabe-8B-Model_Stock,DreadPoor/Wannabe-8B-Model_Stock,DreadPoor,8.03,>3B to <20B,2025-01-28,2025_Q1,UNKNOWN_OPEN_WEIGHTS,UNKNOWN_LICENSE,COMPLETE_SIX_TASK,True,6,NOT_IN_T05_BRIDGE,NOT_APPLICABLE,False,False,OBSERVED_DESCRIPTION
MODEL::DreadPoor_What_A_Thrill-8B-Model_Stock,DreadPoor_What_A_Thrill-8B-Model_Stock,model::DreadPoor/What_A_Thrill-8B-Model_Stock,DreadPoor/What_A_Thrill-8B-Model_Stock,DreadPoor,8.03,>3B to <20B,2025-01-16,2025_Q1,UNKNOWN_OPEN_WEIGHTS,UNKNOWN_LICENSE,COMPLETE_SIX_TASK,True,6,NOT_IN_T05_BRIDGE,NOT_APPLICABLE,False,False,OBSERVED_DESCRIPTION
MODEL::DreadPoor_Winter-8B-SCE,DreadPoor_Winter-8B-SCE,model::DreadPoor/Winter-8B-SCE,DreadPoor/Winter-8B-SCE,DreadPoor,8.03,>3B to <20B,2025-02-02,2025_Q1,UNKNOWN_OPEN_WEIGHTS,UNKNOWN_LICENSE,COMPLETE_SIX_TASK,True,6,NOT_IN_T05_BRIDGE,NOT_APPLICABLE,False,False,OBSERVED_DESCRIPTION
MODEL::DreadPoor_Winter_Dawn-8B-TIES,DreadPoor_Winter_Dawn-8B-TIES,model::DreadPoor/Winter_Dawn-8B-TIES,DreadPoor/Winter_Dawn-8B-TIES,DreadPoor,8.03,>3B to <20B,2025-02-01,2025_Q1,UNKNOWN_OPEN_WEIGHTS,UNKNOWN_LICENSE,COMPLETE_SIX_TASK,True,6,NOT_IN_T05_BRIDGE,NOT_APPLICABLE,False,False,OBSERVED_DESCRIPTION
MODEL::DreadPoor_Winter_Dusk-8B-TIES,DreadPoor_Winter_Dusk-8B-TIES,model::DreadPoor/Winter_Dusk-8B-TIES,DreadPoor/Winter_Dusk-8B-TIES,DreadPoor,8.03,>3B to <20B,2025-02-01,2025_Q1,UNKNOWN_OPEN_WEIGHTS,UNKNOWN_LICENSE,COMPLETE_SIX_TASK,True,6,NOT_IN_T05_BRIDGE,NOT_APPLICABLE,False,False,OBSERVED_DESCRIPTION
MODEL::DreadPoor_Winter_Night-8B-Model_Stock,DreadPoor_Winter_Night-8B-Model_Stock,model::DreadPoor/Winter_Night-8B-Model_Stock,DreadPoor/Winter_Night-8B-Model_Stock,DreadPoor,8.03,>3B to <20B,2025-02-07,2025_Q1,UNKNOWN_OPEN_WEIGHTS,UNKNOWN_LICENSE,COMPLETE_SIX_TASK,True,6,NOT_IN_T05_BRIDGE,NOT_APPLICABLE,False,False,OBSERVED_DESCRIPTION
MODEL::DreadPoor_Yafune-8B-Model_Stock,DreadPoor_Yafune-8B-Model_Stock,model::DreadPoor/Yafune-8B-Model_Stock,DreadPoor/Yafune-8B-Model_Stock,DreadPoor,8.03,>3B to <20B,2025-02-12,2025_Q1,UNKNOWN_OPEN_WEIGHTS,UNKNOWN_LICENSE,COMPLETE_SIX_TASK,True,6,NOT_IN_T05_BRIDGE,NOT_APPLICABLE,False,False,OBSERVED_DESCRIPTION
MODEL::DreadPoor_Yearn_V3-8B-Model_Stock,DreadPoor_Yearn_V3-8B-Model_Stock,model::DreadPoor/Yearn_V3-8B-Model_Stock,DreadPoor/Yearn_V3-8B-Model_Stock,DreadPoor,8.03,>3B to <20B,2025-01-25,2025_Q1,UNKNOWN_OPEN_WEIGHTS,UNKNOWN_LICENSE,COMPLETE_SIX_TASK,True,6,NOT_IN_T05_BRIDGE,NOT_APPLICABLE,False,False,OBSERVED_DESCRIPTION
MODEL::DreadPoor_ZEUS-8B-V17-Abliterated_ALT,DreadPoor_ZEUS-8B-V17-Abliterated_ALT,model::DreadPoor/ZEUS-8B-V17-Abliterated_ALT,DreadPoor/ZEUS-8B-V17-Abliterated_ALT,DreadPoor,8.03,>3B to <20B,2025-01-18,2025_Q1,UNKNOWN_OPEN_WEIGHTS,UNKNOWN_LICENSE,COMPLETE_SIX_TASK,True,6,NOT_IN_T05_BRIDGE,NOT_APPLICABLE,False,False,OBSERVED_DESCRIPTION
MODEL::DreadPoor_Zelus-8B-Model_Stock,DreadPoor_Zelus-8B-Model_Stock,model::DreadPoor/Zelus-8B-Model_Stock,DreadPoor/Zelus-8B-Model_Stock,DreadPoor,8.03,>3B to <20B,2025-01-15,2025_Q1,UNKNOWN_OPEN_WEIGHTS,LICENSE_RECORDED,COMPLETE_SIX_TASK,True,6,NOT_IN_T05_BRIDGE,NOT_APPLICABLE,False,False,OBSERVED_DESCRIPTION
MODEL::DreadPoor_Zelus_V2-8B-Model_Stock,DreadPoor_Zelus_V2-8B-Model_Stock,model::DreadPoor/Zelus_V2-8B-Model_Stock,DreadPoor/Zelus_V2-8B-Model_Stock,DreadPoor,8.03,>3B to <20B,2025-01-15,2025_Q1,UNKNOWN_OPEN_WEIGHTS,UNKNOWN_LICENSE,COMPLETE_SIX_TASK,True,6,NOT_IN_T05_BRIDGE,NOT_APPLICABLE,False,False,OBSERVED_DESCRIPTION
MODEL::DreadPoor_felix_dies-mistral-7B-model_stock,DreadPoor_felix_dies-mistral-7B-model_stock,model::DreadPoor/felix_dies-mistral-7B-model_stock,DreadPoor/felix_dies-mistral-7B-model_stock,Mistral,7.242,>3B to <20B,2024-09-30,2024_H2,UNKNOWN_OPEN_WEIGHTS,UNKNOWN_LICENSE,COMPLETE_SIX_TASK,True,6,NOT_IN_T05_BRIDGE,NOT_APPLICABLE,False,False,OBSERVED_DESCRIPTION
MODEL::DreadPoor_hakuchido-8B-MODEL_STOCK,DreadPoor_hakuchido-8B-MODEL_STOCK,model::DreadPoor/hakuchido-8B-MODEL_STOCK,DreadPoor/hakuchido-8B-MODEL_STOCK,DreadPoor,8.03,>3B to <20B,2025-02-27,2025_Q1,UNKNOWN_OPEN_WEIGHTS,UNKNOWN_LICENSE,COMPLETE_SIX_TASK,True,6,NOT_IN_T05_BRIDGE,NOT_APPLICABLE,False,False,OBSERVED_DESCRIPTION
MODEL::DreadPoor_ichor-8B-Model_Stock,DreadPoor_ichor-8B-Model_Stock,model::DreadPoor/ichor-8B-Model_Stock,DreadPoor/ichor-8B-Model_Stock,DreadPoor,8.03,>3B to <20B,2025-03-03,2025_Q1,UNKNOWN_OPEN_WEIGHTS,UNKNOWN_LICENSE,COMPLETE_SIX_TASK,True,6,NOT_IN_T05_BRIDGE,NOT_APPLICABLE,False,False,OBSERVED_DESCRIPTION
MODEL::DreadPoor_ichor_1.1-8B-Model_Stock,DreadPoor_ichor_1.1-8B-Model_Stock,model::DreadPoor/ichor_1.1-8B-Model_Stock,DreadPoor/ichor_1.1-8B-Model_Stock,DreadPoor,8.03,>3B to <20B,2025-03-06,2025_Q1,UNKNOWN_OPEN_WEIGHTS,UNKNOWN_LICENSE,COMPLETE_SIX_TASK,True,6,NOT_IN_T05_BRIDGE,NOT_APPLICABLE,False,False,OBSERVED_DESCRIPTION
MODEL::DreadPoor_inexpertus-8B-Model_Stock,DreadPoor_inexpertus-8B-Model_Stock,model::DreadPoor/inexpertus-8B-Model_Stock,DreadPoor/inexpertus-8B-Model_Stock,DreadPoor,8.03,>3B to <20B,2025-03-07,2025_Q1,UNKNOWN_OPEN_WEIGHTS,UNKNOWN_LICENSE,COMPLETE_SIX_TASK,True,6,NOT_IN_T05_BRIDGE,NOT_APPLICABLE,False,False,OBSERVED_DESCRIPTION
MODEL::DreadPoor_inexpertus_1.1-8B-LINEAR,DreadPoor_inexpertus_1.1-8B-LINEAR,model::DreadPoor/inexpertus_1.1-8B-LINEAR,DreadPoor/inexpertus_1.1-8B-LINEAR,DreadPoor,8.03,>3B to <20B,2025-03-07,2025_Q1,UNKNOWN_OPEN_WEIGHTS,UNKNOWN_LICENSE,COMPLETE_SIX_TASK,True,6,NOT_IN_T05_BRIDGE,NOT_APPLICABLE,False,False,OBSERVED_DESCRIPTION
MODEL::DreadPoor_inexpertus_1.2-8B-LINEAR,DreadPoor_inexpertus_1.2-8B-LINEAR,model::DreadPoor/inexpertus_1.2-8B-LINEAR,DreadPoor/inexpertus_1.2-8B-LINEAR,DreadPoor,8.03,>3B to <20B,2025-03-08,2025_Q1,UNKNOWN_OPEN_WEIGHTS,UNKNOWN_LICENSE,COMPLETE_SIX_TASK,True,6,NOT_IN_T05_BRIDGE,NOT_APPLICABLE,False,False,OBSERVED_DESCRIPTION
MODEL::DreadPoor_mergekit-nuslerp-nqzkedi,DreadPoor_mergekit-nuslerp-nqzkedi,model::DreadPoor/mergekit-nuslerp-nqzkedi,DreadPoor/mergekit-nuslerp-nqzkedi,DreadPoor,8.03,>3B to <20B,2025-01-29,2025_Q1,UNKNOWN_OPEN_WEIGHTS,UNKNOWN_LICENSE,COMPLETE_SIX_TASK,True,6,NOT_IN_T05_BRIDGE,NOT_APPLICABLE,False,False,OBSERVED_DESCRIPTION
MODEL::DreadPoor_remember_to_breathe-8b-Model-Stock,DreadPoor_remember_to_breathe-8b-Model-Stock,model::DreadPoor/remember_to_breathe-8b-Model-Stock,DreadPoor/remember_to_breathe-8b-Model-Stock,DreadPoor,8.03,>3B to <20B,2024-12-06,2024_H2,UNKNOWN_OPEN_WEIGHTS,UNKNOWN_LICENSE,COMPLETE_SIX_TASK,True,6,NOT_IN_T05_BRIDGE,NOT_APPLICABLE,False,False,OBSERVED_DESCRIPTION
MODEL::DreadPoor_test,DreadPoor_test,model::DreadPoor/test,DreadPoor/test,DreadPoor,8.03,>3B to <20B,2025-01-28,2025_Q1,UNKNOWN_OPEN_WEIGHTS,UNKNOWN_LICENSE,COMPLETE_SIX_TASK,True,6,NOT_IN_T05_BRIDGE,NOT_APPLICABLE,False,False,OBSERVED_DESCRIPTION
MODEL::DreadPoor_test_ALT,DreadPoor_test_ALT,model::DreadPoor/test_ALT,DreadPoor/test_ALT,DreadPoor,8.03,>3B to <20B,2025-01-28,2025_Q1,UNKNOWN_OPEN_WEIGHTS,UNKNOWN_LICENSE,COMPLETE_SIX_TASK,True,6,NOT_IN_T05_BRIDGE,NOT_APPLICABLE,False,False,OBSERVED_DESCRIPTION
MODEL::DreadPoor_tests_pending-do_not_use_yet,DreadPoor_tests_pending-do_not_use_yet,model::DreadPoor/tests_pending-do_not_use_yet,DreadPoor/tests_pending-do_not_use_yet,DreadPoor,8.03,>3B to <20B,2025-02-04,2025_Q1,UNKNOWN_OPEN_WEIGHTS,UNKNOWN_LICENSE,COMPLETE_SIX_TASK,True,6,NOT_IN_T05_BRIDGE,NOT_APPLICABLE,False,False,OBSERVED_DESCRIPTION
MODEL::EVA-UNIT-01_EVA-Qwen2.5-14B-v0.2,EVA-UNIT-01_EVA-Qwen2.5-14B-v0.2,model::EVA-UNIT-01/EVA-Qwen2.5-14B-v0.2,EVA-UNIT-01/EVA-Qwen2.5-14B-v0.2,Qwen,14.77,>3B to <20B,2024-12-26,2024_H2,UNKNOWN_OPEN_WEIGHTS,LICENSE_RECORDED,COMPLETE_SIX_TASK,True,6,NOT_IN_T05_BRIDGE,NOT_APPLICABLE,False,False,OBSERVED_DESCRIPTION
MODEL::EVA-UNIT-01_EVA-Qwen2.5-72B-v0.2,EVA-UNIT-01_EVA-Qwen2.5-72B-v0.2,model::EVA-UNIT-01/EVA-Qwen2.5-72B-v0.2,EVA-UNIT-01/EVA-Qwen2.5-72B-v0.2,Qwen,72.706,>=20B,2024-11-27,2024_H2,UNKNOWN_OPEN_WEIGHTS,LICENSE_RECORDED,COMPLETE_SIX_TASK,True,6,NOT_IN_T05_BRIDGE,NOT_APPLICABLE,False,False,OBSERVED_DESCRIPTION
MODEL::Edgerunners_meta-llama-3-8b-instruct-hf-ortho-baukit-34fail-3000total-bf16,Edgerunners_meta-llama-3-8b-instruct-hf-ortho-baukit-34fail-3000total-bf16,model::Edgerunners/meta-llama-3-8b-instruct-hf-ortho-baukit-34fail-3000total-bf16,Edgerunners/meta-llama-3-8b-instruct-hf-ortho-baukit-34fail-3000total-bf16,Llama,8.03,>3B to <20B,2025-01-30,2025_Q1,UNKNOWN_OPEN_WEIGHTS,LICENSE_RECORDED,COMPLETE_SIX_TASK,True,6,NOT_IN_T05_BRIDGE,NOT_APPLICABLE,False,False,OBSERVED_DESCRIPTION
MODEL::EleutherAI_gpt-j-6b,EleutherAI_gpt-j-6b,model::EleutherAI/gpt-j-6b,EleutherAI/gpt-j-6b,EleutherAI,6.0,>3B to <20B,2024-08-19,2024_H2,Yes,LICENSE_RECORDED,COMPLETE_SIX_TASK,True,6,NOT_IN_T05_BRIDGE,NOT_APPLICABLE,False,False,OBSERVED_DESCRIPTION
MODEL::EleutherAI_gpt-neo-1.3B,EleutherAI_gpt-neo-1.3B,model::EleutherAI/gpt-neo-1.3B,EleutherAI/gpt-neo-1.3B,EleutherAI,1.366,<=3B,2024-06-12,2024_H1,Yes,LICENSE_RECORDED,COMPLETE_SIX_TASK,True,6,NOT_IN_T05_BRIDGE,NOT_APPLICABLE,False,False,OBSERVED_DESCRIPTION
MODEL::EleutherAI_gpt-neo-125m,EleutherAI_gpt-neo-125m,model::EleutherAI/gpt-neo-125m,EleutherAI/gpt-neo-125m,EleutherAI,0.15,<=3B,2024-08-10,2024_H2,Yes,LICENSE_RECORDED,COMPLETE_SIX_TASK,True,6,NOT_IN_T05_BRIDGE,NOT_APPLICABLE,False,False,OBSERVED_DESCRIPTION
MODEL::EleutherAI_gpt-neo-2.7B,EleutherAI_gpt-neo-2.7B,model::EleutherAI/gpt-neo-2.7B,EleutherAI/gpt-neo-2.7B,EleutherAI,2.718,<=3B,2024-06-12,2024_H1,Yes,LICENSE_RECORDED,COMPLETE_SIX_TASK,True,6,NOT_IN_T05_BRIDGE,NOT_APPLICABLE,False,False,OBSERVED_DESCRIPTION
MODEL::EleutherAI_gpt-neox-20b,EleutherAI_gpt-neox-20b,model::EleutherAI/gpt-neox-20b,EleutherAI/gpt-neox-20b,GPT-NeoX,20.739,>=20B,2024-06-09,2024_H1,Yes,LICENSE_RECORDED,COMPLETE_SIX_TASK,True,6,CONDITIONAL_SOURCE_TRANSFER,CONDITIONAL_ASSOCIATION_ONLY,False,False,OBSERVED_DESCRIPTION
MODEL::EleutherAI_pythia-1.4b,EleutherAI_pythia-1.4b,model::EleutherAI/pythia-1.4b,EleutherAI/pythia-1.4b,Pythia,1.515,<=3B,2025-01-28,2025_Q1,Yes,LICENSE_RECORDED,COMPLETE_SIX_TASK,True,6,MAIN_COMPARABLE,CONDITIONAL_ASSOCIATION_ONLY,False,False,OBSERVED_DESCRIPTION
MODEL::EleutherAI_pythia-12b,EleutherAI_pythia-12b,model::EleutherAI/pythia-12b,EleutherAI/pythia-12b,Pythia,12.0,>3B to <20B,2024-06-12,2024_H1,Yes,LICENSE_RECORDED,COMPLETE_SIX_TASK,True,6,MAIN_COMPARABLE,CONDITIONAL_ASSOCIATION_ONLY,False,False,OBSERVED_DESCRIPTION
MODEL::EleutherAI_pythia-160m,EleutherAI_pythia-160m,model::EleutherAI/pythia-160m,EleutherAI/pythia-160m,Pythia,0.213,<=3B,2024-06-09,2024_H1,Yes,LICENSE_RECORDED,COMPLETE_SIX_TASK,True,6,MAIN_COMPARABLE,CONDITIONAL_ASSOCIATION_ONLY,False,False,OBSERVED_DESCRIPTION
MODEL::EleutherAI_pythia-1b,EleutherAI_pythia-1b,model::EleutherAI/pythia-1b,EleutherAI/pythia-1b,Pythia,1.079,<=3B,2025-01-27,2025_Q1,Yes,LICENSE_RECORDED,COMPLETE_SIX_TASK,True,6,MAIN_COMPARABLE,CONDITIONAL_ASSOCIATION_ONLY,False,False,OBSERVED_DESCRIPTION
MODEL::EleutherAI_pythia-2.8b,EleutherAI_pythia-2.8b,model::EleutherAI/pythia-2.8b,EleutherAI/pythia-2.8b,Pythia,2.909,<=3B,2024-06-12,2024_H1,Yes,LICENSE_RECORDED,COMPLETE_SIX_TASK,True,6,MAIN_COMPARABLE,CONDITIONAL_ASSOCIATION_ONLY,False,False,OBSERVED_DESCRIPTION
MODEL::EleutherAI_pythia-410m,EleutherAI_pythia-410m,model::EleutherAI/pythia-410m,EleutherAI/pythia-410m,Pythia,0.506,<=3B,2024-06-09,2024_H1,Yes,LICENSE_RECORDED,COMPLETE_SIX_TASK,True,6,MAIN_COMPARABLE,CONDITIONAL_ASSOCIATION_ONLY,False,False,OBSERVED_DESCRIPTION
MODEL::EleutherAI_pythia-6.9b,EleutherAI_pythia-6.9b,model::EleutherAI/pythia-6.9b,EleutherAI/pythia-6.9b,Pythia,6.9,>3B to <20B,2024-06-12,2024_H1,Yes,LICENSE_RECORDED,COMPLETE_SIX_TASK,True,6,MAIN_COMPARABLE,CONDITIONAL_ASSOCIATION_ONLY,False,False,OBSERVED_DESCRIPTION
MODEL::Enno-Ai_EnnoAi-Pro-French-Llama-3-8B-v0.4,Enno-Ai_EnnoAi-Pro-French-Llama-3-8B-v0.4,model::Enno-Ai/EnnoAi-Pro-French-Llama-3-8B-v0.4,Enno-Ai/EnnoAi-Pro-French-Llama-3-8B-v0.4,Llama,8.031,>3B to <20B,2024-06-30,2024_H1,UNKNOWN_OPEN_WEIGHTS,LICENSE_RECORDED,COMPLETE_SIX_TASK,True,6,NOT_IN_T05_BRIDGE,NOT_APPLICABLE,False,False,OBSERVED_DESCRIPTION
MODEL::Enno-Ai_EnnoAi-Pro-Llama-3-8B,Enno-Ai_EnnoAi-Pro-Llama-3-8B,model::Enno-Ai/EnnoAi-Pro-Llama-3-8B,Enno-Ai/EnnoAi-Pro-Llama-3-8B,Llama,8.031,>3B to <20B,2024-07-08,2024_H2,UNKNOWN_OPEN_WEIGHTS,LICENSE_RECORDED,COMPLETE_SIX_TASK,True,6,NOT_IN_T05_BRIDGE,NOT_APPLICABLE,False,False,OBSERVED_DESCRIPTION
MODEL::Enno-Ai_EnnoAi-Pro-Llama-3-8B-v0.3,Enno-Ai_EnnoAi-Pro-Llama-3-8B-v0.3,model::Enno-Ai/EnnoAi-Pro-Llama-3-8B-v0.3,Enno-Ai/EnnoAi-Pro-Llama-3-8B-v0.3,Llama,8.03,>3B to <20B,2024-06-26,2024_H1,UNKNOWN_OPEN_WEIGHTS,LICENSE_RECORDED,COMPLETE_SIX_TASK,True,6,NOT_IN_T05_BRIDGE,NOT_APPLICABLE,False,False,OBSERVED_DESCRIPTION
MODEL::Enno-Ai_EnnoAi-Pro-Llama-3.1-8B-v0.9,Enno-Ai_EnnoAi-Pro-Llama-3.1-8B-v0.9,model::Enno-Ai/EnnoAi-Pro-Llama-3.1-8B-v0.9,Enno-Ai/EnnoAi-Pro-Llama-3.1-8B-v0.9,Llama,8.03,>3B to <20B,2024-09-06,2024_H2,UNKNOWN_OPEN_WEIGHTS,LICENSE_RECORDED,COMPLETE_SIX_TASK,True,6,NOT_IN_T05_BRIDGE,NOT_APPLICABLE,False,False,OBSERVED_DESCRIPTION
MODEL::EnnoAi_EnnoAi-Pro-Llama-3.1-8B-v1.0,EnnoAi_EnnoAi-Pro-Llama-3.1-8B-v1.0,model::EnnoAi/EnnoAi-Pro-Llama-3.1-8B-v1.0,EnnoAi/EnnoAi-Pro-Llama-3.1-8B-v1.0,Llama,8.03,>3B to <20B,2024-09-06,2024_H2,UNKNOWN_OPEN_WEIGHTS,LICENSE_RECORDED,COMPLETE_SIX_TASK,True,6,NOT_IN_T05_BRIDGE,NOT_APPLICABLE,False,False,OBSERVED_DESCRIPTION
MODEL::Epiculous_Azure_Dusk-v0.2,Epiculous_Azure_Dusk-v0.2,model::Epiculous/Azure_Dusk-v0.2,Epiculous/Azure_Dusk-v0.2,Epiculous,12.248,>3B to <20B,2024-09-14,2024_H2,UNKNOWN_OPEN_WEIGHTS,LICENSE_RECORDED,COMPLETE_SIX_TASK,True,6,NOT_IN_T05_BRIDGE,NOT_APPLICABLE,False,False,OBSERVED_DESCRIPTION
MODEL::Epiculous_Crimson_Dawn-v0.2,Epiculous_Crimson_Dawn-v0.2,model::Epiculous/Crimson_Dawn-v0.2,Epiculous/Crimson_Dawn-v0.2,Epiculous,12.248,>3B to <20B,2024-09-05,2024_H2,UNKNOWN_OPEN_WEIGHTS,LICENSE_RECORDED,COMPLETE_SIX_TASK,True,6,NOT_IN_T05_BRIDGE,NOT_APPLICABLE,False,False,OBSERVED_DESCRIPTION
MODEL::Epiculous_NovaSpark,Epiculous_NovaSpark,model::Epiculous/NovaSpark,Epiculous/NovaSpark,Epiculous,8.03,>3B to <20B,2024-10-20,2024_H2,UNKNOWN_OPEN_WEIGHTS,LICENSE_RECORDED,COMPLETE_SIX_TASK,True,6,NOT_IN_T05_BRIDGE,NOT_APPLICABLE,False,False,OBSERVED_DESCRIPTION
MODEL::Epiculous_Violet_Twilight-v0.2,Epiculous_Violet_Twilight-v0.2,model::Epiculous/Violet_Twilight-v0.2,Epiculous/Violet_Twilight-v0.2,Epiculous,12.248,>3B to <20B,2024-09-16,2024_H2,UNKNOWN_OPEN_WEIGHTS,LICENSE_RECORDED,COMPLETE_SIX_TASK,True,6,NOT_IN_T05_BRIDGE,NOT_APPLICABLE,False,False,OBSERVED_DESCRIPTION
MODEL::EpistemeAI2_Athene-codegemma-2-7b-it-alpaca-v1.2,EpistemeAI2_Athene-codegemma-2-7b-it-alpaca-v1.2,model::EpistemeAI2/Athene-codegemma-2-7b-it-alpaca-v1.2,EpistemeAI2/Athene-codegemma-2-7b-it-alpaca-v1.2,Gemma,7.0,>3B to <20B,2024-08-26,2024_H2,UNKNOWN_OPEN_WEIGHTS,LICENSE_RECORDED,COMPLETE_SIX_TASK,True,6,NOT_IN_T05_BRIDGE,NOT_APPLICABLE,False,False,OBSERVED_DESCRIPTION
MODEL::EpistemeAI2_Fireball-12B-v1.2,EpistemeAI2_Fireball-12B-v1.2,model::EpistemeAI2/Fireball-12B-v1.2,EpistemeAI2/Fireball-12B-v1.2,EpistemeAI2,12.0,>3B to <20B,2024-08-28,2024_H2,UNKNOWN_OPEN_WEIGHTS,LICENSE_RECORDED,COMPLETE_SIX_TASK,True,6,NOT_IN_T05_BRIDGE,NOT_APPLICABLE,False,False,OBSERVED_DESCRIPTION
MODEL::EpistemeAI2_Fireball-Alpaca-Llama3.1-8B-Philos,EpistemeAI2_Fireball-Alpaca-Llama3.1-8B-Philos,model::EpistemeAI2/Fireball-Alpaca-Llama3.1-8B-Philos,EpistemeAI2/Fireball-Alpaca-Llama3.1-8B-Philos,Llama,8.0,>3B to <20B,2024-08-29,2024_H2,UNKNOWN_OPEN_WEIGHTS,LICENSE_RECORDED,COMPLETE_SIX_TASK,True,6,NOT_IN_T05_BRIDGE,NOT_APPLICABLE,False,False,OBSERVED_DESCRIPTION
MODEL::EpistemeAI2_Fireball-Alpaca-Llama3.1.01-8B-Philos,EpistemeAI2_Fireball-Alpaca-Llama3.1.01-8B-Philos,model::EpistemeAI2/Fireball-Alpaca-Llama3.1.01-8B-Philos,EpistemeAI2/Fireball-Alpaca-Llama3.1.01-8B-Philos,Llama,8.0,>3B to <20B,2024-09-03,2024_H2,UNKNOWN_OPEN_WEIGHTS,LICENSE_RECORDED,COMPLETE_SIX_TASK,True,6,NOT_IN_T05_BRIDGE,NOT_APPLICABLE,False,False,OBSERVED_DESCRIPTION
MODEL::EpistemeAI2_Fireball-Alpaca-Llama3.1.03-8B-Philos,EpistemeAI2_Fireball-Alpaca-Llama3.1.03-8B-Philos,model::EpistemeAI2/Fireball-Alpaca-Llama3.1.03-8B-Philos,EpistemeAI2/Fireball-Alpaca-Llama3.1.03-8B-Philos,Llama,8.0,>3B to <20B,2024-09-04,2024_H2,UNKNOWN_OPEN_WEIGHTS,LICENSE_RECORDED,COMPLETE_SIX_TASK,True,6,NOT_IN_T05_BRIDGE,NOT_APPLICABLE,False,False,OBSERVED_DESCRIPTION
MODEL::EpistemeAI2_Fireball-Alpaca-Llama3.1.04-8B-Philos,EpistemeAI2_Fireball-Alpaca-Llama3.1.04-8B-Philos,model::EpistemeAI2/Fireball-Alpaca-Llama3.1.04-8B-Philos,EpistemeAI2/Fireball-Alpaca-Llama3.1.04-8B-Philos,Llama,8.0,>3B to <20B,2024-09-05,2024_H2,UNKNOWN_OPEN_WEIGHTS,LICENSE_RECORDED,COMPLETE_SIX_TASK,True,6,NOT_IN_T05_BRIDGE,NOT_APPLICABLE,False,False,OBSERVED_DESCRIPTION
MODEL::EpistemeAI2_Fireball-Alpaca-Llama3.1.06-8B-Philos-dpo,EpistemeAI2_Fireball-Alpaca-Llama3.1.06-8B-Philos-dpo,model::EpistemeAI2/Fireball-Alpaca-Llama3.1.06-8B-Philos-dpo,EpistemeAI2/Fireball-Alpaca-Llama3.1.06-8B-Philos-dpo,Llama,8.0,>3B to <20B,2024-09-09,2024_H2,UNKNOWN_OPEN_WEIGHTS,LICENSE_RECORDED,COMPLETE_SIX_TASK,True,6,NOT_IN_T05_BRIDGE,NOT_APPLICABLE,False,False,OBSERVED_DESCRIPTION
MODEL::EpistemeAI2_Fireball-Alpaca-Llama3.1.07-8B-Philos-Math,EpistemeAI2_Fireball-Alpaca-Llama3.1.07-8B-Philos-Math,model::EpistemeAI2/Fireball-Alpaca-Llama3.1.07-8B-Philos-Math,EpistemeAI2/Fireball-Alpaca-Llama3.1.07-8B-Philos-Math,Llama,8.0,>3B to <20B,2024-09-10,2024_H2,UNKNOWN_OPEN_WEIGHTS,LICENSE_RECORDED,COMPLETE_SIX_TASK,True,6,NOT_IN_T05_BRIDGE,NOT_APPLICABLE,False,False,OBSERVED_DESCRIPTION
MODEL::EpistemeAI2_Fireball-Alpaca-Llama3.1.08-8B-C-R1-KTO-Reflection,EpistemeAI2_Fireball-Alpaca-Llama3.1.08-8B-C-R1-KTO-Reflection,model::EpistemeAI2/Fireball-Alpaca-Llama3.1.08-8B-C-R1-KTO-Reflection,EpistemeAI2/Fireball-Alpaca-Llama3.1.08-8B-C-R1-KTO-Reflection,Llama,8.0,>3B to <20B,2024-09-16,2024_H2,UNKNOWN_OPEN_WEIGHTS,LICENSE_RECORDED,COMPLETE_SIX_TASK,True,6,NOT_IN_T05_BRIDGE,NOT_APPLICABLE,False,False,OBSERVED_DESCRIPTION
MODEL::EpistemeAI2_Fireball-Alpaca-Llama3.1.08-8B-Philos-C-R1,EpistemeAI2_Fireball-Alpaca-Llama3.1.08-8B-Philos-C-R1,model::EpistemeAI2/Fireball-Alpaca-Llama3.1.08-8B-Philos-C-R1,EpistemeAI2/Fireball-Alpaca-Llama3.1.08-8B-Philos-C-R1,Llama,8.0,>3B to <20B,2024-09-13,2024_H2,UNKNOWN_OPEN_WEIGHTS,LICENSE_RECORDED,COMPLETE_SIX_TASK,True,6,NOT_IN_T05_BRIDGE,NOT_APPLICABLE,False,False,OBSERVED_DESCRIPTION
MODEL::EpistemeAI2_Fireball-Llama-3.1-8B-Philos-Reflection,EpistemeAI2_Fireball-Llama-3.1-8B-Philos-Reflection,model::EpistemeAI2/Fireball-Llama-3.1-8B-Philos-Reflection,EpistemeAI2/Fireball-Llama-3.1-8B-Philos-Reflection,Llama,8.0,>3B to <20B,2024-09-17,2024_H2,UNKNOWN_OPEN_WEIGHTS,LICENSE_RECORDED,COMPLETE_SIX_TASK,True,6,NOT_IN_T05_BRIDGE,NOT_APPLICABLE,False,False,OBSERVED_DESCRIPTION
MODEL::EpistemeAI2_Fireball-MathMistral-Nemo-Base-2407-v2dpo,EpistemeAI2_Fireball-MathMistral-Nemo-Base-2407-v2dpo,model::EpistemeAI2/Fireball-MathMistral-Nemo-Base-2407-v2dpo,EpistemeAI2/Fireball-MathMistral-Nemo-Base-2407-v2dpo,Mistral,11.58,>3B to <20B,2024-08-24,2024_H2,UNKNOWN_OPEN_WEIGHTS,LICENSE_RECORDED,COMPLETE_SIX_TASK,True,6,NOT_IN_T05_BRIDGE,NOT_APPLICABLE,False,False,OBSERVED_DESCRIPTION
MODEL::EpistemeAI2_Fireball-Meta-Llama-3.1-8B-Instruct-Agent-0.003-128K-code-math,EpistemeAI2_Fireball-Meta-Llama-3.1-8B-Instruct-Agent-0.003-128K-code-math,model::EpistemeAI2/Fireball-Meta-Llama-3.1-8B-Instruct-Agent-0.003-128K-code-math,EpistemeAI2/Fireball-Meta-Llama-3.1-8B-Instruct-Agent-0.003-128K-code-math,Llama,8.0,>3B to <20B,2024-10-12,2024_H2,UNKNOWN_OPEN_WEIGHTS,LICENSE_RECORDED,COMPLETE_SIX_TASK,True,6,NOT_IN_T05_BRIDGE,NOT_APPLICABLE,False,False,OBSERVED_DESCRIPTION
MODEL::EpistemeAI2_Fireball-Meta-Llama-3.1-8B-Instruct-Agent-0.005-128K-code-COT,EpistemeAI2_Fireball-Meta-Llama-3.1-8B-Instruct-Agent-0.005-128K-code-COT,model::EpistemeAI2/Fireball-Meta-Llama-3.1-8B-Instruct-Agent-0.005-128K-code-COT,EpistemeAI2/Fireball-Meta-Llama-3.1-8B-Instruct-Agent-0.005-128K-code-COT,Llama,8.0,>3B to <20B,2024-10-11,2024_H2,UNKNOWN_OPEN_WEIGHTS,LICENSE_RECORDED,COMPLETE_SIX_TASK,True,6,NOT_IN_T05_BRIDGE,NOT_APPLICABLE,False,False,OBSERVED_DESCRIPTION
MODEL::EpistemeAI2_Fireball-Phi-3-medium-4k-inst-Philos,EpistemeAI2_Fireball-Phi-3-medium-4k-inst-Philos,model::EpistemeAI2/Fireball-Phi-3-medium-4k-inst-Philos,EpistemeAI2/Fireball-Phi-3-medium-4k-inst-Philos,Phi,13.96,>3B to <20B,2024-09-20,2024_H2,UNKNOWN_OPEN_WEIGHTS,LICENSE_RECORDED,COMPLETE_SIX_TASK,True,6,NOT_IN_T05_BRIDGE,NOT_APPLICABLE,False,False,OBSERVED_DESCRIPTION
MODEL::EpistemeAI_Alpaca-Llama3.1-8B,EpistemeAI_Alpaca-Llama3.1-8B,model::EpistemeAI/Alpaca-Llama3.1-8B,EpistemeAI/Alpaca-Llama3.1-8B,Llama,8.0,>3B to <20B,2024-08-13,2024_H2,Yes,LICENSE_RECORDED,COMPLETE_SIX_TASK,True,6,NOT_IN_T05_BRIDGE,NOT_APPLICABLE,False,False,OBSERVED_DESCRIPTION
MODEL::EpistemeAI_Athena-gemma-2-2b-it,EpistemeAI_Athena-gemma-2-2b-it,model::EpistemeAI/Athena-gemma-2-2b-it,EpistemeAI/Athena-gemma-2-2b-it,Gemma,2.0,<=3B,2024-09-06,2024_H2,UNKNOWN_OPEN_WEIGHTS,LICENSE_RECORDED,COMPLETE_SIX_TASK,True,6,NOT_IN_T05_BRIDGE,NOT_APPLICABLE,False,False,OBSERVED_DESCRIPTION
MODEL::EpistemeAI_Athena-gemma-2-2b-it-Philos,EpistemeAI_Athena-gemma-2-2b-it-Philos,model::EpistemeAI/Athena-gemma-2-2b-it-Philos,EpistemeAI/Athena-gemma-2-2b-it-Philos,Gemma,2.0,<=3B,2024-09-05,2024_H2,UNKNOWN_OPEN_WEIGHTS,LICENSE_RECORDED,COMPLETE_SIX_TASK,True,6,NOT_IN_T05_BRIDGE,NOT_APPLICABLE,False,False,OBSERVED_DESCRIPTION
MODEL::EpistemeAI_Athene-codegemma-2-7b-it-alpaca-v1.3,EpistemeAI_Athene-codegemma-2-7b-it-alpaca-v1.3,model::EpistemeAI/Athene-codegemma-2-7b-it-alpaca-v1.3,EpistemeAI/Athene-codegemma-2-7b-it-alpaca-v1.3,Gemma,7.0,>3B to <20B,2024-09-06,2024_H2,UNKNOWN_OPEN_WEIGHTS,LICENSE_RECORDED,COMPLETE_SIX_TASK,True,6,NOT_IN_T05_BRIDGE,NOT_APPLICABLE,False,False,OBSERVED_DESCRIPTION
MODEL::EpistemeAI_DeepPhi-3.5-mini-instruct,EpistemeAI_DeepPhi-3.5-mini-instruct,model::EpistemeAI/DeepPhi-3.5-mini-instruct,EpistemeAI/DeepPhi-3.5-mini-instruct,Phi,3.821,>3B to <20B,2025-02-28,2025_Q1,UNKNOWN_OPEN_WEIGHTS,LICENSE_RECORDED,COMPLETE_SIX_TASK,True,6,NOT_IN_T05_BRIDGE,NOT_APPLICABLE,False,False,OBSERVED_DESCRIPTION
MODEL::EpistemeAI_DeepThinkers-Phi4,EpistemeAI_DeepThinkers-Phi4,model::EpistemeAI/DeepThinkers-Phi4,EpistemeAI/DeepThinkers-Phi4,Phi,14.66,>3B to <20B,2025-03-01,2025_Q1,UNKNOWN_OPEN_WEIGHTS,LICENSE_RECORDED,COMPLETE_SIX_TASK,True,6,NOT_IN_T05_BRIDGE,NOT_APPLICABLE,False,False,OBSERVED_DESCRIPTION
MODEL::EpistemeAI_FineLlama3.1-8B-Instruct,EpistemeAI_FineLlama3.1-8B-Instruct,model::EpistemeAI/FineLlama3.1-8B-Instruct,EpistemeAI/FineLlama3.1-8B-Instruct,Llama,14.483,>3B to <20B,2024-08-10,2024_H2,UNKNOWN_OPEN_WEIGHTS,UNKNOWN_LICENSE,COMPLETE_SIX_TASK,True,6,NOT_IN_T05_BRIDGE,NOT_APPLICABLE,False,False,OBSERVED_DESCRIPTION
MODEL::EpistemeAI_Fireball-12B,EpistemeAI_Fireball-12B,model::EpistemeAI/Fireball-12B,EpistemeAI/Fireball-12B,EpistemeAI,12.248,>3B to <20B,2024-08-21,2024_H2,UNKNOWN_OPEN_WEIGHTS,LICENSE_RECORDED,COMPLETE_SIX_TASK,True,6,NOT_IN_T05_BRIDGE,NOT_APPLICABLE,False,False,OBSERVED_DESCRIPTION
MODEL::EpistemeAI_Fireball-12B-v1.13a-philosophers,EpistemeAI_Fireball-12B-v1.13a-philosophers,model::EpistemeAI/Fireball-12B-v1.13a-philosophers,EpistemeAI/Fireball-12B-v1.13a-philosophers,Phi,12.0,>3B to <20B,2024-09-03,2024_H2,UNKNOWN_OPEN_WEIGHTS,LICENSE_RECORDED,COMPLETE_SIX_TASK,True,6,NOT_IN_T05_BRIDGE,NOT_APPLICABLE,False,False,OBSERVED_DESCRIPTION
MODEL::EpistemeAI_Fireball-Alpaca-Llama-3.1-8B-Philos-DPO-200,EpistemeAI_Fireball-Alpaca-Llama-3.1-8B-Philos-DPO-200,model::EpistemeAI/Fireball-Alpaca-Llama-3.1-8B-Philos-DPO-200,EpistemeAI/Fireball-Alpaca-Llama-3.1-8B-Philos-DPO-200,Llama,8.0,>3B to <20B,2024-09-16,2024_H2,UNKNOWN_OPEN_WEIGHTS,LICENSE_RECORDED,COMPLETE_SIX_TASK,True,6,NOT_IN_T05_BRIDGE,NOT_APPLICABLE,False,False,OBSERVED_DESCRIPTION
MODEL::EpistemeAI_Fireball-Alpaca-Llama3.1.07-8B-Philos-Math-KTO-beta,EpistemeAI_Fireball-Alpaca-Llama3.1.07-8B-Philos-Math-KTO-beta,model::EpistemeAI/Fireball-Alpaca-Llama3.1.07-8B-Philos-Math-KTO-beta,EpistemeAI/Fireball-Alpaca-Llama3.1.07-8B-Philos-Math-KTO-beta,Llama,8.0,>3B to <20B,2024-09-14,2024_H2,UNKNOWN_OPEN_WEIGHTS,LICENSE_RECORDED,COMPLETE_SIX_TASK,True,6,NOT_IN_T05_BRIDGE,NOT_APPLICABLE,False,False,OBSERVED_DESCRIPTION
MODEL::EpistemeAI_Fireball-Alpaca-Llama3.1.08-8B-Philos-C-R2,EpistemeAI_Fireball-Alpaca-Llama3.1.08-8B-Philos-C-R2,model::EpistemeAI/Fireball-Alpaca-Llama3.1.08-8B-Philos-C-R2,EpistemeAI/Fireball-Alpaca-Llama3.1.08-8B-Philos-C-R2,Llama,8.0,>3B to <20B,2024-09-14,2024_H2,UNKNOWN_OPEN_WEIGHTS,LICENSE_RECORDED,COMPLETE_SIX_TASK,True,6,NOT_IN_T05_BRIDGE,NOT_APPLICABLE,False,False,OBSERVED_DESCRIPTION
MODEL::EpistemeAI_Fireball-Meta-Llama-3.1-8B-Instruct-0.001-128K-auto,EpistemeAI_Fireball-Meta-Llama-3.1-8B-Instruct-0.001-128K-auto,model::EpistemeAI/Fireball-Meta-Llama-3.1-8B-Instruct-0.001-128K-auto,EpistemeAI/Fireball-Meta-Llama-3.1-8B-Instruct-0.001-128K-auto,Llama,8.0,>3B to <20B,2024-11-15,2024_H2,UNKNOWN_OPEN_WEIGHTS,LICENSE_RECORDED,COMPLETE_SIX_TASK,True,6,NOT_IN_T05_BRIDGE,NOT_APPLICABLE,False,False,OBSERVED_DESCRIPTION
MODEL::EpistemeAI_Fireball-Meta-Llama-3.1-8B-Instruct-Agent-0.003-128K,EpistemeAI_Fireball-Meta-Llama-3.1-8B-Instruct-Agent-0.003-128K,model::EpistemeAI/Fireball-Meta-Llama-3.1-8B-Instruct-Agent-0.003-128K,EpistemeAI/Fireball-Meta-Llama-3.1-8B-Instruct-Agent-0.003-128K,Llama,8.0,>3B to <20B,2024-10-05,2024_H2,UNKNOWN_OPEN_WEIGHTS,LICENSE_RECORDED,COMPLETE_SIX_TASK,True,6,NOT_IN_T05_BRIDGE,NOT_APPLICABLE,False,False,OBSERVED_DESCRIPTION
MODEL::EpistemeAI_Fireball-Meta-Llama-3.1-8B-Instruct-Agent-0.003-128K-code,EpistemeAI_Fireball-Meta-Llama-3.1-8B-Instruct-Agent-0.003-128K-code,model::EpistemeAI/Fireball-Meta-Llama-3.1-8B-Instruct-Agent-0.003-128K-code,EpistemeAI/Fireball-Meta-Llama-3.1-8B-Instruct-Agent-0.003-128K-code,Llama,8.0,>3B to <20B,2024-10-05,2024_H2,UNKNOWN_OPEN_WEIGHTS,LICENSE_RECORDED,COMPLETE_SIX_TASK,True,6,NOT_IN_T05_BRIDGE,NOT_APPLICABLE,False,False,OBSERVED_DESCRIPTION
MODEL::EpistemeAI_Fireball-Meta-Llama-3.1-8B-Instruct-Agent-0.003-128K-code-ds,EpistemeAI_Fireball-Meta-Llama-3.1-8B-Instruct-Agent-0.003-128K-code-ds,model::EpistemeAI/Fireball-Meta-Llama-3.1-8B-Instruct-Agent-0.003-128K-code-ds,EpistemeAI/Fireball-Meta-Llama-3.1-8B-Instruct-Agent-0.003-128K-code-ds,Llama,8.0,>3B to <20B,2024-10-15,2024_H2,UNKNOWN_OPEN_WEIGHTS,LICENSE_RECORDED,COMPLETE_SIX_TASK,True,6,NOT_IN_T05_BRIDGE,NOT_APPLICABLE,False,False,OBSERVED_DESCRIPTION
MODEL::EpistemeAI_Fireball-Meta-Llama-3.1-8B-Instruct-Agent-0.003-128K-code-ds-auto,EpistemeAI_Fireball-Meta-Llama-3.1-8B-Instruct-Agent-0.003-128K-code-ds-auto,model::EpistemeAI/Fireball-Meta-Llama-3.1-8B-Instruct-Agent-0.003-128K-code-ds-auto,EpistemeAI/Fireball-Meta-Llama-3.1-8B-Instruct-Agent-0.003-128K-code-ds-auto,Llama,8.03,>3B to <20B,,UNKNOWN_OR_AMBIGUOUS,UNKNOWN_OPEN_WEIGHTS,LICENSE_RECORDED,COMPLETE_SIX_TASK,True,6,NOT_IN_T05_BRIDGE,NOT_APPLICABLE,False,False,OBSERVED_DESCRIPTION
MODEL::EpistemeAI_Fireball-Meta-Llama-3.1-8B-Instruct-Agent-0.004-128K-code-COT,EpistemeAI_Fireball-Meta-Llama-3.1-8B-Instruct-Agent-0.004-128K-code-COT,model::EpistemeAI/Fireball-Meta-Llama-3.1-8B-Instruct-Agent-0.004-128K-code-COT,EpistemeAI/Fireball-Meta-Llama-3.1-8B-Instruct-Agent-0.004-128K-code-COT,Llama,8.0,>3B to <20B,2024-10-11,2024_H2,UNKNOWN_OPEN_WEIGHTS,LICENSE_RECORDED,COMPLETE_SIX_TASK,True,6,NOT_IN_T05_BRIDGE,NOT_APPLICABLE,False,False,OBSERVED_DESCRIPTION
MODEL::EpistemeAI_Fireball-Meta-Llama-3.1-8B-Instruct-Agent-0.004-128K-code-ds-auto,EpistemeAI_Fireball-Meta-Llama-3.1-8B-Instruct-Agent-0.004-128K-code-ds-auto,model::EpistemeAI/Fireball-Meta-Llama-3.1-8B-Instruct-Agent-0.004-128K-code-ds-auto,EpistemeAI/Fireball-Meta-Llama-3.1-8B-Instruct-Agent-0.004-128K-code-ds-auto,Llama,8.0,>3B to <20B,2024-11-14,2024_H2,UNKNOWN_OPEN_WEIGHTS,LICENSE_RECORDED,COMPLETE_SIX_TASK,True,6,NOT_IN_T05_BRIDGE,NOT_APPLICABLE,False,False,OBSERVED_DESCRIPTION
MODEL::EpistemeAI_Fireball-Meta-Llama-3.1-8B-Instruct-Math,EpistemeAI_Fireball-Meta-Llama-3.1-8B-Instruct-Math,model::EpistemeAI/Fireball-Meta-Llama-3.1-8B-Instruct-Math,EpistemeAI/Fireball-Meta-Llama-3.1-8B-Instruct-Math,Llama,8.03,>3B to <20B,2024-09-23,2024_H2,UNKNOWN_OPEN_WEIGHTS,LICENSE_RECORDED,COMPLETE_SIX_TASK,True,6,NOT_IN_T05_BRIDGE,NOT_APPLICABLE,False,False,OBSERVED_DESCRIPTION
MODEL::EpistemeAI_Fireball-Meta-Llama-3.2-8B-Instruct-agent-003-128k-code-DPO,EpistemeAI_Fireball-Meta-Llama-3.2-8B-Instruct-agent-003-128k-code-DPO,model::EpistemeAI/Fireball-Meta-Llama-3.2-8B-Instruct-agent-003-128k-code-DPO,EpistemeAI/Fireball-Meta-Llama-3.2-8B-Instruct-agent-003-128k-code-DPO,Llama,8.0,>3B to <20B,2024-10-09,2024_H2,UNKNOWN_OPEN_WEIGHTS,LICENSE_RECORDED,COMPLETE_SIX_TASK,True,6,NOT_IN_T05_BRIDGE,NOT_APPLICABLE,False,False,OBSERVED_DESCRIPTION
MODEL::EpistemeAI_Fireball-Mistral-Nemo-Base-2407-v1-DPO2,EpistemeAI_Fireball-Mistral-Nemo-Base-2407-v1-DPO2,model::EpistemeAI/Fireball-Mistral-Nemo-Base-2407-v1-DPO2,EpistemeAI/Fireball-Mistral-Nemo-Base-2407-v1-DPO2,Mistral,12.248,>3B to <20B,2024-08-19,2024_H2,UNKNOWN_OPEN_WEIGHTS,LICENSE_RECORDED,COMPLETE_SIX_TASK,True,6,NOT_IN_T05_BRIDGE,NOT_APPLICABLE,False,False,OBSERVED_DESCRIPTION
MODEL::EpistemeAI_Fireball-R1-Llama-3.1-8B,EpistemeAI_Fireball-R1-Llama-3.1-8B,model::EpistemeAI/Fireball-R1-Llama-3.1-8B,EpistemeAI/Fireball-R1-Llama-3.1-8B,Llama,8.03,>3B to <20B,2025-02-12,2025_Q1,UNKNOWN_OPEN_WEIGHTS,LICENSE_RECORDED,COMPLETE_SIX_TASK,True,6,NOT_IN_T05_BRIDGE,NOT_APPLICABLE,False,False,OBSERVED_DESCRIPTION
MODEL::EpistemeAI_Llama-3.2-3B-Agent007-Coder,EpistemeAI_Llama-3.2-3B-Agent007-Coder,model::EpistemeAI/Llama-3.2-3B-Agent007-Coder,EpistemeAI/Llama-3.2-3B-Agent007-Coder,Llama,3.0,<=3B,2024-10-08,2024_H2,UNKNOWN_OPEN_WEIGHTS,LICENSE_RECORDED,COMPLETE_SIX_TASK,True,6,NOT_IN_T05_BRIDGE,NOT_APPLICABLE,False,False,OBSERVED_DESCRIPTION
MODEL::EpistemeAI_Mistral-Nemo-Instruct-12B-Philosophy-Math,EpistemeAI_Mistral-Nemo-Instruct-12B-Philosophy-Math,model::EpistemeAI/Mistral-Nemo-Instruct-12B-Philosophy-Math,EpistemeAI/Mistral-Nemo-Instruct-12B-Philosophy-Math,Mistral,12.248,>3B to <20B,2024-09-26,2024_H2,UNKNOWN_OPEN_WEIGHTS,LICENSE_RECORDED,COMPLETE_SIX_TASK,True,6,NOT_IN_T05_BRIDGE,NOT_APPLICABLE,False,False,OBSERVED_DESCRIPTION
MODEL::EpistemeAI_OpenReasoner-Llama-3.2-3B-rs1.0,EpistemeAI_OpenReasoner-Llama-3.2-3B-rs1.0,model::EpistemeAI/OpenReasoner-Llama-3.2-3B-rs1.0,EpistemeAI/OpenReasoner-Llama-3.2-3B-rs1.0,Llama,3.213,>3B to <20B,2025-02-15,2025_Q1,UNKNOWN_OPEN_WEIGHTS,LICENSE_RECORDED,COMPLETE_SIX_TASK,True,6,NOT_IN_T05_BRIDGE,NOT_APPLICABLE,False,False,OBSERVED_DESCRIPTION
MODEL::EpistemeAI_Polypsyche-Llama-3.1-8B-Instruct-Agent-0.003-128K-code-ds-auto-Empathy,EpistemeAI_Polypsyche-Llama-3.1-8B-Instruct-Agent-0.003-128K-code-ds-auto-Empathy,model::EpistemeAI/Polypsyche-Llama-3.1-8B-Instruct-Agent-0.003-128K-code-ds-auto-Empathy,EpistemeAI/Polypsyche-Llama-3.1-8B-Instruct-Agent-0.003-128K-code-ds-auto-Empathy,Llama,8.0,>3B to <20B,2024-12-13,2024_H2,UNKNOWN_OPEN_WEIGHTS,LICENSE_RECORDED,COMPLETE_SIX_TASK,True,6,NOT_IN_T05_BRIDGE,NOT_APPLICABLE,False,False,OBSERVED_DESCRIPTION
MODEL::EpistemeAI_Polypsyche-Llama-3.1-8B-Instruct-Agent-0.003-128K-code-ds-auto-Logic,EpistemeAI_Polypsyche-Llama-3.1-8B-Instruct-Agent-0.003-128K-code-ds-auto-Logic,model::EpistemeAI/Polypsyche-Llama-3.1-8B-Instruct-Agent-0.003-128K-code-ds-auto-Logic,EpistemeAI/Polypsyche-Llama-3.1-8B-Instruct-Agent-0.003-128K-code-ds-auto-Logic,Llama,8.03,>3B to <20B,2024-12-20,2024_H2,UNKNOWN_OPEN_WEIGHTS,LICENSE_RECORDED,COMPLETE_SIX_TASK,True,6,NOT_IN_T05_BRIDGE,NOT_APPLICABLE,False,False,OBSERVED_DESCRIPTION
MODEL::EpistemeAI_Polypsyche-Llama-3.1-8B-Instruct-Agent-0.003-128K-code-ds-auto-divergent,EpistemeAI_Polypsyche-Llama-3.1-8B-Instruct-Agent-0.003-128K-code-ds-auto-divergent,model::EpistemeAI/Polypsyche-Llama-3.1-8B-Instruct-Agent-0.003-128K-code-ds-auto-divergent,EpistemeAI/Polypsyche-Llama-3.1-8B-Instruct-Agent-0.003-128K-code-ds-auto-divergent,Llama,8.03,>3B to <20B,2024-12-20,2024_H2,UNKNOWN_OPEN_WEIGHTS,LICENSE_RECORDED,COMPLETE_SIX_TASK,True,6,NOT_IN_T05_BRIDGE,NOT_APPLICABLE,False,False,OBSERVED_DESCRIPTION
MODEL::EpistemeAI_Reasoning-Llama-3.1-CoT-RE1-NMT,EpistemeAI_Reasoning-Llama-3.1-CoT-RE1-NMT,model::EpistemeAI/Reasoning-Llama-3.1-CoT-RE1-NMT,EpistemeAI/Reasoning-Llama-3.1-CoT-RE1-NMT,Llama,8.03,>3B to <20B,2025-01-29,2025_Q1,UNKNOWN_OPEN_WEIGHTS,LICENSE_RECORDED,COMPLETE_SIX_TASK,True,6,NOT_IN_T05_BRIDGE,NOT_APPLICABLE,False,False,OBSERVED_DESCRIPTION
MODEL::EpistemeAI_Reasoning-Llama-3.1-CoT-RE1-NMT-V2-ORPO,EpistemeAI_Reasoning-Llama-3.1-CoT-RE1-NMT-V2-ORPO,model::EpistemeAI/Reasoning-Llama-3.1-CoT-RE1-NMT-V2-ORPO,EpistemeAI/Reasoning-Llama-3.1-CoT-RE1-NMT-V2-ORPO,Llama,8.03,>3B to <20B,2025-01-31,2025_Q1,UNKNOWN_OPEN_WEIGHTS,LICENSE_RECORDED,COMPLETE_SIX_TASK,True,6,NOT_IN_T05_BRIDGE,NOT_APPLICABLE,False,False,OBSERVED_DESCRIPTION
MODEL::EpistemeAI_Reasoning-Llama-3.2-1B-Instruct-v1.2,EpistemeAI_Reasoning-Llama-3.2-1B-Instruct-v1.2,model::EpistemeAI/Reasoning-Llama-3.2-1B-Instruct-v1.2,EpistemeAI/Reasoning-Llama-3.2-1B-Instruct-v1.2,Llama,1.236,<=3B,2025-02-04,2025_Q1,UNKNOWN_OPEN_WEIGHTS,LICENSE_RECORDED,COMPLETE_SIX_TASK,True,6,NOT_IN_T05_BRIDGE,NOT_APPLICABLE,False,False,OBSERVED_DESCRIPTION
MODEL::EpistemeAI_Reasoning-Llama-3.2-1B-Instruct-v1.3,EpistemeAI_Reasoning-Llama-3.2-1B-Instruct-v1.3,model::EpistemeAI/Reasoning-Llama-3.2-1B-Instruct-v1.3,EpistemeAI/Reasoning-Llama-3.2-1B-Instruct-v1.3,Llama,1.236,<=3B,2025-02-05,2025_Q1,UNKNOWN_OPEN_WEIGHTS,LICENSE_RECORDED,COMPLETE_SIX_TASK,True,6,NOT_IN_T05_BRIDGE,NOT_APPLICABLE,False,False,OBSERVED_DESCRIPTION
MODEL::EpistemeAI_Reasoning-Llama-3.2-3B-Math-Instruct-RE1,EpistemeAI_Reasoning-Llama-3.2-3B-Math-Instruct-RE1,model::EpistemeAI/Reasoning-Llama-3.2-3B-Math-Instruct-RE1,EpistemeAI/Reasoning-Llama-3.2-3B-Math-Instruct-RE1,Llama,3.213,>3B to <20B,2025-02-04,2025_Q1,UNKNOWN_OPEN_WEIGHTS,UNKNOWN_LICENSE,COMPLETE_SIX_TASK,True,6,NOT_IN_T05_BRIDGE,NOT_APPLICABLE,False,False,OBSERVED_DESCRIPTION
MODEL::EpistemeAI_Reasoning-Llama-3.2-3B-Math-Instruct-RE1-ORPO,EpistemeAI_Reasoning-Llama-3.2-3B-Math-Instruct-RE1-ORPO,model::EpistemeAI/Reasoning-Llama-3.2-3B-Math-Instruct-RE1-ORPO,EpistemeAI/Reasoning-Llama-3.2-3B-Math-Instruct-RE1-ORPO,Llama,3.213,>3B to <20B,2025-02-04,2025_Q1,UNKNOWN_OPEN_WEIGHTS,LICENSE_RECORDED,COMPLETE_SIX_TASK,True,6,NOT_IN_T05_BRIDGE,NOT_APPLICABLE,False,False,OBSERVED_DESCRIPTION
MODEL::EpistemeAI_ReasoningCore-3B-T1_1,EpistemeAI_ReasoningCore-3B-T1_1,model::EpistemeAI/ReasoningCore-3B-T1_1,EpistemeAI/ReasoningCore-3B-T1_1,EpistemeAI,3.213,>3B to <20B,2025-02-06,2025_Q1,UNKNOWN_OPEN_WEIGHTS,LICENSE_RECORDED,COMPLETE_SIX_TASK,True,6,NOT_IN_T05_BRIDGE,NOT_APPLICABLE,False,False,OBSERVED_DESCRIPTION
MODEL::Eric111_CatunaMayo,Eric111_CatunaMayo,model::Eric111/CatunaMayo,Eric111/CatunaMayo,Eric111,7.242,>3B to <20B,2024-07-03,2024_H2,UNKNOWN_OPEN_WEIGHTS,LICENSE_RECORDED,COMPLETE_SIX_TASK,True,6,NOT_IN_T05_BRIDGE,NOT_APPLICABLE,False,False,OBSERVED_DESCRIPTION
MODEL::Eric111_CatunaMayo-DPO,Eric111_CatunaMayo-DPO,model::Eric111/CatunaMayo-DPO,Eric111/CatunaMayo-DPO,Eric111,7.242,>3B to <20B,2024-06-27,2024_H1,UNKNOWN_OPEN_WEIGHTS,LICENSE_RECORDED,COMPLETE_SIX_TASK,True,6,NOT_IN_T05_BRIDGE,NOT_APPLICABLE,False,False,OBSERVED_DESCRIPTION
MODEL::Etherll_Chocolatine-3B-Instruct-DPO-Revised-Ties,Etherll_Chocolatine-3B-Instruct-DPO-Revised-Ties,model::Etherll/Chocolatine-3B-Instruct-DPO-Revised-Ties,Etherll/Chocolatine-3B-Instruct-DPO-Revised-Ties,Etherll,3.821,>3B to <20B,2024-10-28,2024_H2,UNKNOWN_OPEN_WEIGHTS,UNKNOWN_LICENSE,COMPLETE_SIX_TASK,True,6,NOT_IN_T05_BRIDGE,NOT_APPLICABLE,False,False,OBSERVED_DESCRIPTION
MODEL::Etherll_Chocolatine-3B-Instruct-DPO-Revised-Ties-v2,Etherll_Chocolatine-3B-Instruct-DPO-Revised-Ties-v2,model::Etherll/Chocolatine-3B-Instruct-DPO-Revised-Ties-v2,Etherll/Chocolatine-3B-Instruct-DPO-Revised-Ties-v2,Etherll,3.821,>3B to <20B,2024-10-29,2024_H2,UNKNOWN_OPEN_WEIGHTS,UNKNOWN_LICENSE,COMPLETE_SIX_TASK,True,6,NOT_IN_T05_BRIDGE,NOT_APPLICABLE,False,False,OBSERVED_DESCRIPTION
MODEL::Etherll_Herplete-LLM-Llama-3.1-8b,Etherll_Herplete-LLM-Llama-3.1-8b,model::Etherll/Herplete-LLM-Llama-3.1-8b,Etherll/Herplete-LLM-Llama-3.1-8b,Llama,8.03,>3B to <20B,,UNKNOWN_OR_AMBIGUOUS,UNKNOWN_OPEN_WEIGHTS,UNKNOWN_LICENSE,COMPLETE_SIX_TASK,True,6,NOT_IN_T05_BRIDGE,NOT_APPLICABLE,False,False,OBSERVED_DESCRIPTION
MODEL::Etherll_Herplete-LLM-Llama-3.1-8b-Ties,Etherll_Herplete-LLM-Llama-3.1-8b-Ties,model::Etherll/Herplete-LLM-Llama-3.1-8b-Ties,Etherll/Herplete-LLM-Llama-3.1-8b-Ties,Llama,8.03,>3B to <20B,2024-10-17,2024_H2,UNKNOWN_OPEN_WEIGHTS,UNKNOWN_LICENSE,COMPLETE_SIX_TASK,True,6,NOT_IN_T05_BRIDGE,NOT_APPLICABLE,False,False,OBSERVED_DESCRIPTION
MODEL::Etherll_Qwen2.5-7B-della-test,Etherll_Qwen2.5-7B-della-test,model::Etherll/Qwen2.5-7B-della-test,Etherll/Qwen2.5-7B-della-test,Qwen,7.616,>3B to <20B,2024-11-14,2024_H2,Yes,UNKNOWN_LICENSE,COMPLETE_SIX_TASK,True,6,NOT_IN_T05_BRIDGE,NOT_APPLICABLE,False,False,OBSERVED_DESCRIPTION
MODEL::Etherll_Qwen2.5-Coder-7B-Instruct-Ties,Etherll_Qwen2.5-Coder-7B-Instruct-Ties,model::Etherll/Qwen2.5-Coder-7B-Instruct-Ties,Etherll/Qwen2.5-Coder-7B-Instruct-Ties,Qwen,7.616,>3B to <20B,2024-10-28,2024_H2,UNKNOWN_OPEN_WEIGHTS,UNKNOWN_LICENSE,COMPLETE_SIX_TASK,True,6,NOT_IN_T05_BRIDGE,NOT_APPLICABLE,False,False,OBSERVED_DESCRIPTION
MODEL::Etherll_Replete-LLM-V3-Llama-3.1-8b,Etherll_Replete-LLM-V3-Llama-3.1-8b,model::Etherll/Replete-LLM-V3-Llama-3.1-8b,Etherll/Replete-LLM-V3-Llama-3.1-8b,Llama,8.03,>3B to <20B,2024-08-26,2024_H2,UNKNOWN_OPEN_WEIGHTS,UNKNOWN_LICENSE,COMPLETE_SIX_TASK,True,6,NOT_IN_T05_BRIDGE,NOT_APPLICABLE,False,False,OBSERVED_DESCRIPTION
MODEL::Etherll_SuperHermes,Etherll_SuperHermes,model::Etherll/SuperHermes,Etherll/SuperHermes,Etherll,8.03,>3B to <20B,2024-10-27,2024_H2,UNKNOWN_OPEN_WEIGHTS,UNKNOWN_LICENSE,COMPLETE_SIX_TASK,True,6,NOT_IN_T05_BRIDGE,NOT_APPLICABLE,False,False,OBSERVED_DESCRIPTION
MODEL::Eurdem_Defne-llama3.1-8B,Eurdem_Defne-llama3.1-8B,model::Eurdem/Defne-llama3.1-8B,Eurdem/Defne-llama3.1-8B,Llama,8.03,>3B to <20B,2024-08-14,2024_H2,UNKNOWN_OPEN_WEIGHTS,LICENSE_RECORDED,COMPLETE_SIX_TASK,True,6,NOT_IN_T05_BRIDGE,NOT_APPLICABLE,False,False,OBSERVED_DESCRIPTION
MODEL::FINGU-AI_L3-8B,FINGU-AI_L3-8B,model::FINGU-AI/L3-8B,FINGU-AI/L3-8B,FINGU-AI,8.03,>3B to <20B,2025-01-18,2025_Q1,UNKNOWN_OPEN_WEIGHTS,LICENSE_RECORDED,COMPLETE_SIX_TASK,True,6,NOT_IN_T05_BRIDGE,NOT_APPLICABLE,False,False,OBSERVED_DESCRIPTION
MODEL::FINGU-AI_Phi-4-RRStock,FINGU-AI_Phi-4-RRStock,model::FINGU-AI/Phi-4-RRStock,FINGU-AI/Phi-4-RRStock,Phi,6.652,>3B to <20B,2025-02-05,2025_Q1,Yes,LICENSE_RECORDED,COMPLETE_SIX_TASK,True,6,NOT_IN_T05_BRIDGE,NOT_APPLICABLE,False,False,OBSERVED_DESCRIPTION
MODEL::FINGU-AI_Q-Small-3B,FINGU-AI_Q-Small-3B,model::FINGU-AI/Q-Small-3B,FINGU-AI/Q-Small-3B,FINGU-AI,3.086,>3B to <20B,2025-01-21,2025_Q1,UNKNOWN_OPEN_WEIGHTS,LICENSE_RECORDED,COMPLETE_SIX_TASK,True,6,NOT_IN_T05_BRIDGE,NOT_APPLICABLE,False,False,OBSERVED_DESCRIPTION
MODEL::FINGU-AI_QwQ-Buddy-32B-Alpha,FINGU-AI_QwQ-Buddy-32B-Alpha,model::FINGU-AI/QwQ-Buddy-32B-Alpha,FINGU-AI/QwQ-Buddy-32B-Alpha,FINGU-AI,19.662,>3B to <20B,2025-02-05,2025_Q1,UNKNOWN_OPEN_WEIGHTS,LICENSE_RECORDED,COMPLETE_SIX_TASK,True,6,NOT_IN_T05_BRIDGE,NOT_APPLICABLE,False,False,OBSERVED_DESCRIPTION
MODEL::FINGU-AI_RomboUltima-32B,FINGU-AI_RomboUltima-32B,model::FINGU-AI/RomboUltima-32B,FINGU-AI/RomboUltima-32B,FINGU-AI,17.645,>3B to <20B,2025-02-02,2025_Q1,UNKNOWN_OPEN_WEIGHTS,LICENSE_RECORDED,COMPLETE_SIX_TASK,True,6,NOT_IN_T05_BRIDGE,NOT_APPLICABLE,False,False,OBSERVED_DESCRIPTION
MODEL::FallenMerick_Chewy-Lemon-Cookie-11B,FallenMerick_Chewy-Lemon-Cookie-11B,model::FallenMerick/Chewy-Lemon-Cookie-11B,FallenMerick/Chewy-Lemon-Cookie-11B,FallenMerick,10.732,>3B to <20B,2024-06-27,2024_H1,UNKNOWN_OPEN_WEIGHTS,LICENSE_RECORDED,COMPLETE_SIX_TASK,True,6,NOT_IN_T05_BRIDGE,NOT_APPLICABLE,False,False,OBSERVED_DESCRIPTION
MODEL::Felladrin_Llama-160M-Chat-v1,Felladrin_Llama-160M-Chat-v1,model::Felladrin/Llama-160M-Chat-v1,Felladrin/Llama-160M-Chat-v1,Llama,0.162,<=3B,2024-07-23,2024_H2,UNKNOWN_OPEN_WEIGHTS,LICENSE_RECORDED,COMPLETE_SIX_TASK,True,6,NOT_IN_T05_BRIDGE,NOT_APPLICABLE,False,False,OBSERVED_DESCRIPTION
MODEL::Felladrin_Minueza-32M-UltraChat,Felladrin_Minueza-32M-UltraChat,model::Felladrin/Minueza-32M-UltraChat,Felladrin/Minueza-32M-UltraChat,Felladrin,0.033,<=3B,2024-07-23,2024_H2,UNKNOWN_OPEN_WEIGHTS,LICENSE_RECORDED,COMPLETE_SIX_TASK,True,6,NOT_IN_T05_BRIDGE,NOT_APPLICABLE,False,False,OBSERVED_DESCRIPTION
MODEL::FlofloB_100k_fineweb_continued_pretraining_Qwen2.5-0.5B-Instruct_Unsloth_merged_16bit,FlofloB_100k_fineweb_continued_pretraining_Qwen2.5-0.5B-Instruct_Unsloth_merged_16bit,model::FlofloB/100k_fineweb_continued_pretraining_Qwen2.5-0.5B-Instruct_Unsloth_merged_16bit,FlofloB/100k_fineweb_continued_pretraining_Qwen2.5-0.5B-Instruct_Unsloth_merged_16bit,Qwen,0.5,<=3B,2024-11-29,2024_H2,UNKNOWN_OPEN_WEIGHTS,LICENSE_RECORDED,COMPLETE_SIX_TASK,True,6,NOT_IN_T05_BRIDGE,NOT_APPLICABLE,False,False,OBSERVED_DESCRIPTION
MODEL::FlofloB_10k_continued_pretraining_Phi-3-mini-4k-instruct_Unsloth_merged_16bit,FlofloB_10k_continued_pretraining_Phi-3-mini-4k-instruct_Unsloth_merged_16bit,model::FlofloB/10k_continued_pretraining_Phi-3-mini-4k-instruct_Unsloth_merged_16bit,FlofloB/10k_continued_pretraining_Phi-3-mini-4k-instruct_Unsloth_merged_16bit,Phi,16.0,>3B to <20B,2024-11-22,2024_H2,UNKNOWN_OPEN_WEIGHTS,LICENSE_RECORDED,COMPLETE_SIX_TASK,True,6,NOT_IN_T05_BRIDGE,NOT_APPLICABLE,False,False,OBSERVED_DESCRIPTION
MODEL::FlofloB_10k_continued_pretraining_Qwen2.5-0.5B-Instruct_Unsloth_merged_16bit,FlofloB_10k_continued_pretraining_Qwen2.5-0.5B-Instruct_Unsloth_merged_16bit,model::FlofloB/10k_continued_pretraining_Qwen2.5-0.5B-Instruct_Unsloth_merged_16bit,FlofloB/10k_continued_pretraining_Qwen2.5-0.5B-Instruct_Unsloth_merged_16bit,Qwen,0.5,<=3B,2024-11-25,2024_H2,UNKNOWN_OPEN_WEIGHTS,LICENSE_RECORDED,COMPLETE_SIX_TASK,True,6,NOT_IN_T05_BRIDGE,NOT_APPLICABLE,False,False,OBSERVED_DESCRIPTION
MODEL::FlofloB_40k_continued_pretraining_Qwen2.5-0.5B-Instruct_Unsloth_merged_16bit,FlofloB_40k_continued_pretraining_Qwen2.5-0.5B-Instruct_Unsloth_merged_16bit,model::FlofloB/40k_continued_pretraining_Qwen2.5-0.5B-Instruct_Unsloth_merged_16bit,FlofloB/40k_continued_pretraining_Qwen2.5-0.5B-Instruct_Unsloth_merged_16bit,Qwen,0.5,<=3B,2024-11-25,2024_H2,UNKNOWN_OPEN_WEIGHTS,LICENSE_RECORDED,COMPLETE_SIX_TASK,True,6,NOT_IN_T05_BRIDGE,NOT_APPLICABLE,False,False,OBSERVED_DESCRIPTION
MODEL::FlofloB_83k_continued_pretraining_Qwen2.5-0.5B-Instruct_Unsloth_merged_16bit,FlofloB_83k_continued_pretraining_Qwen2.5-0.5B-Instruct_Unsloth_merged_16bit,model::FlofloB/83k_continued_pretraining_Qwen2.5-0.5B-Instruct_Unsloth_merged_16bit,FlofloB/83k_continued_pretraining_Qwen2.5-0.5B-Instruct_Unsloth_merged_16bit,Qwen,0.5,<=3B,2024-11-26,2024_H2,UNKNOWN_OPEN_WEIGHTS,LICENSE_RECORDED,COMPLETE_SIX_TASK,True,6,NOT_IN_T05_BRIDGE,NOT_APPLICABLE,False,False,OBSERVED_DESCRIPTION
MODEL::FlofloB_smollm2-135M_pretrained_1000k_fineweb,FlofloB_smollm2-135M_pretrained_1000k_fineweb,model::FlofloB/smollm2-135M_pretrained_1000k_fineweb,FlofloB/smollm2-135M_pretrained_1000k_fineweb,SmolLM2,0.135,<=3B,2025-01-14,2025_Q1,UNKNOWN_OPEN_WEIGHTS,LICENSE_RECORDED,COMPLETE_SIX_TASK,True,6,NOT_IN_T05_BRIDGE,NOT_APPLICABLE,False,False,OBSERVED_DESCRIPTION
MODEL::FlofloB_smollm2-135M_pretrained_1000k_fineweb_uncovai_human_removed,FlofloB_smollm2-135M_pretrained_1000k_fineweb_uncovai_human_removed,model::FlofloB/smollm2-135M_pretrained_1000k_fineweb_uncovai_human_removed,FlofloB/smollm2-135M_pretrained_1000k_fineweb_uncovai_human_removed,SmolLM2,0.135,<=3B,2025-01-27,2025_Q1,UNKNOWN_OPEN_WEIGHTS,LICENSE_RECORDED,COMPLETE_SIX_TASK,True,6,NOT_IN_T05_BRIDGE,NOT_APPLICABLE,False,False,OBSERVED_DESCRIPTION
MODEL::FlofloB_smollm2-135M_pretrained_1000k_fineweb_uncovai_selected,FlofloB_smollm2-135M_pretrained_1000k_fineweb_uncovai_selected,model::FlofloB/smollm2-135M_pretrained_1000k_fineweb_uncovai_selected,FlofloB/smollm2-135M_pretrained_1000k_fineweb_uncovai_selected,SmolLM2,0.135,<=3B,2025-01-12,2025_Q1,UNKNOWN_OPEN_WEIGHTS,LICENSE_RECORDED,COMPLETE_SIX_TASK,True,6,NOT_IN_T05_BRIDGE,NOT_APPLICABLE,False,False,OBSERVED_DESCRIPTION
MODEL::FlofloB_smollm2-135M_pretrained_1200k_fineweb,FlofloB_smollm2-135M_pretrained_1200k_fineweb,model::FlofloB/smollm2-135M_pretrained_1200k_fineweb,FlofloB/smollm2-135M_pretrained_1200k_fineweb,SmolLM2,0.135,<=3B,2025-01-12,2025_Q1,UNKNOWN_OPEN_WEIGHTS,LICENSE_RECORDED,COMPLETE_SIX_TASK,True,6,NOT_IN_T05_BRIDGE,NOT_APPLICABLE,False,False,OBSERVED_DESCRIPTION
MODEL::FlofloB_smollm2-135M_pretrained_1200k_fineweb_uncovai_human_removed,FlofloB_smollm2-135M_pretrained_1200k_fineweb_uncovai_human_removed,model::FlofloB/smollm2-135M_pretrained_1200k_fineweb_uncovai_human_removed,FlofloB/smollm2-135M_pretrained_1200k_fineweb_uncovai_human_removed,SmolLM2,0.135,<=3B,2025-01-27,2025_Q1,UNKNOWN_OPEN_WEIGHTS,LICENSE_RECORDED,COMPLETE_SIX_TASK,True,6,NOT_IN_T05_BRIDGE,NOT_APPLICABLE,False,False,OBSERVED_DESCRIPTION
MODEL::FlofloB_smollm2-135M_pretrained_1200k_fineweb_uncovai_selected,FlofloB_smollm2-135M_pretrained_1200k_fineweb_uncovai_selected,model::FlofloB/smollm2-135M_pretrained_1200k_fineweb_uncovai_selected,FlofloB/smollm2-135M_pretrained_1200k_fineweb_uncovai_selected,SmolLM2,0.135,<=3B,2025-01-14,2025_Q1,UNKNOWN_OPEN_WEIGHTS,LICENSE_RECORDED,COMPLETE_SIX_TASK,True,6,NOT_IN_T05_BRIDGE,NOT_APPLICABLE,False,False,OBSERVED_DESCRIPTION
MODEL::FlofloB_smollm2-135M_pretrained_1400k_fineweb,FlofloB_smollm2-135M_pretrained_1400k_fineweb,model::FlofloB/smollm2-135M_pretrained_1400k_fineweb,FlofloB/smollm2-135M_pretrained_1400k_fineweb,SmolLM2,0.135,<=3B,2025-01-13,2025_Q1,UNKNOWN_OPEN_WEIGHTS,LICENSE_RECORDED,COMPLETE_SIX_TASK,True,6,NOT_IN_T05_BRIDGE,NOT_APPLICABLE,False,False,OBSERVED_DESCRIPTION
MODEL::FlofloB_smollm2-135M_pretrained_1400k_fineweb_uncovai_human_removed,FlofloB_smollm2-135M_pretrained_1400k_fineweb_uncovai_human_removed,model::FlofloB/smollm2-135M_pretrained_1400k_fineweb_uncovai_human_removed,FlofloB/smollm2-135M_pretrained_1400k_fineweb_uncovai_human_removed,SmolLM2,0.135,<=3B,2025-01-28,2025_Q1,UNKNOWN_OPEN_WEIGHTS,LICENSE_RECORDED,COMPLETE_SIX_TASK,True,6,NOT_IN_T05_BRIDGE,NOT_APPLICABLE,False,False,OBSERVED_DESCRIPTION
MODEL::FlofloB_smollm2-135M_pretrained_1400k_fineweb_uncovai_selected,FlofloB_smollm2-135M_pretrained_1400k_fineweb_uncovai_selected,model::FlofloB/smollm2-135M_pretrained_1400k_fineweb_uncovai_selected,FlofloB/smollm2-135M_pretrained_1400k_fineweb_uncovai_selected,SmolLM2,0.135,<=3B,2025-01-13,2025_Q1,UNKNOWN_OPEN_WEIGHTS,LICENSE_RECORDED,COMPLETE_SIX_TASK,True,6,NOT_IN_T05_BRIDGE,NOT_APPLICABLE,False,False,OBSERVED_DESCRIPTION
MODEL::FlofloB_smollm2-135M_pretrained_200k_fineweb_uncovai_human_removed,FlofloB_smollm2-135M_pretrained_200k_fineweb_uncovai_human_removed,model::FlofloB/smollm2-135M_pretrained_200k_fineweb_uncovai_human_removed,FlofloB/smollm2-135M_pretrained_200k_fineweb_uncovai_human_removed,SmolLM2,0.135,<=3B,2025-01-17,2025_Q1,UNKNOWN_OPEN_WEIGHTS,LICENSE_RECORDED,COMPLETE_SIX_TASK,True,6,NOT_IN_T05_BRIDGE,NOT_APPLICABLE,False,False,OBSERVED_DESCRIPTION
MODEL::FlofloB_smollm2-135M_pretrained_200k_fineweb_uncovai_selected,FlofloB_smollm2-135M_pretrained_200k_fineweb_uncovai_selected,model::FlofloB/smollm2-135M_pretrained_200k_fineweb_uncovai_selected,FlofloB/smollm2-135M_pretrained_200k_fineweb_uncovai_selected,SmolLM2,0.135,<=3B,2025-01-08,2025_Q1,UNKNOWN_OPEN_WEIGHTS,LICENSE_RECORDED,COMPLETE_SIX_TASK,True,6,NOT_IN_T05_BRIDGE,NOT_APPLICABLE,False,False,OBSERVED_DESCRIPTION
MODEL::FlofloB_smollm2-135M_pretrained_400k_fineweb,FlofloB_smollm2-135M_pretrained_400k_fineweb,model::FlofloB/smollm2-135M_pretrained_400k_fineweb,FlofloB/smollm2-135M_pretrained_400k_fineweb,SmolLM2,0.135,<=3B,2025-01-10,2025_Q1,UNKNOWN_OPEN_WEIGHTS,LICENSE_RECORDED,COMPLETE_SIX_TASK,True,6,NOT_IN_T05_BRIDGE,NOT_APPLICABLE,False,False,OBSERVED_DESCRIPTION
MODEL::FlofloB_smollm2-135M_pretrained_400k_fineweb_uncovai_human_removed,FlofloB_smollm2-135M_pretrained_400k_fineweb_uncovai_human_removed,model::FlofloB/smollm2-135M_pretrained_400k_fineweb_uncovai_human_removed,FlofloB/smollm2-135M_pretrained_400k_fineweb_uncovai_human_removed,SmolLM2,0.135,<=3B,2025-01-18,2025_Q1,UNKNOWN_OPEN_WEIGHTS,LICENSE_RECORDED,COMPLETE_SIX_TASK,True,6,NOT_IN_T05_BRIDGE,NOT_APPLICABLE,False,False,OBSERVED_DESCRIPTION
MODEL::FlofloB_smollm2-135M_pretrained_400k_fineweb_uncovai_selected,FlofloB_smollm2-135M_pretrained_400k_fineweb_uncovai_selected,model::FlofloB/smollm2-135M_pretrained_400k_fineweb_uncovai_selected,FlofloB/smollm2-135M_pretrained_400k_fineweb_uncovai_selected,SmolLM2,0.135,<=3B,2025-01-09,2025_Q1,UNKNOWN_OPEN_WEIGHTS,LICENSE_RECORDED,COMPLETE_SIX_TASK,True,6,NOT_IN_T05_BRIDGE,NOT_APPLICABLE,False,False,OBSERVED_DESCRIPTION
MODEL::FlofloB_smollm2-135M_pretrained_600k_fineweb,FlofloB_smollm2-135M_pretrained_600k_fineweb,model::FlofloB/smollm2-135M_pretrained_600k_fineweb,FlofloB/smollm2-135M_pretrained_600k_fineweb,SmolLM2,0.135,<=3B,2025-01-11,2025_Q1,UNKNOWN_OPEN_WEIGHTS,LICENSE_RECORDED,COMPLETE_SIX_TASK,True,6,NOT_IN_T05_BRIDGE,NOT_APPLICABLE,False,False,OBSERVED_DESCRIPTION
MODEL::FlofloB_smollm2-135M_pretrained_600k_fineweb_uncovai_human_removed,FlofloB_smollm2-135M_pretrained_600k_fineweb_uncovai_human_removed,model::FlofloB/smollm2-135M_pretrained_600k_fineweb_uncovai_human_removed,FlofloB/smollm2-135M_pretrained_600k_fineweb_uncovai_human_removed,SmolLM2,0.135,<=3B,2025-01-19,2025_Q1,UNKNOWN_OPEN_WEIGHTS,LICENSE_RECORDED,COMPLETE_SIX_TASK,True,6,NOT_IN_T05_BRIDGE,NOT_APPLICABLE,False,False,OBSERVED_DESCRIPTION
MODEL::FlofloB_smollm2-135M_pretrained_600k_fineweb_uncovai_selected,FlofloB_smollm2-135M_pretrained_600k_fineweb_uncovai_selected,model::FlofloB/smollm2-135M_pretrained_600k_fineweb_uncovai_selected,FlofloB/smollm2-135M_pretrained_600k_fineweb_uncovai_selected,SmolLM2,0.135,<=3B,2025-01-09,2025_Q1,UNKNOWN_OPEN_WEIGHTS,LICENSE_RECORDED,COMPLETE_SIX_TASK,True,6,NOT_IN_T05_BRIDGE,NOT_APPLICABLE,False,False,OBSERVED_DESCRIPTION
MODEL::FlofloB_smollm2-135M_pretrained_800k_fineweb,FlofloB_smollm2-135M_pretrained_800k_fineweb,model::FlofloB/smollm2-135M_pretrained_800k_fineweb,FlofloB/smollm2-135M_pretrained_800k_fineweb,SmolLM2,0.135,<=3B,2025-01-14,2025_Q1,UNKNOWN_OPEN_WEIGHTS,LICENSE_RECORDED,COMPLETE_SIX_TASK,True,6,NOT_IN_T05_BRIDGE,NOT_APPLICABLE,False,False,OBSERVED_DESCRIPTION
MODEL::FlofloB_smollm2-135M_pretrained_800k_fineweb_uncovai_human_removed,FlofloB_smollm2-135M_pretrained_800k_fineweb_uncovai_human_removed,model::FlofloB/smollm2-135M_pretrained_800k_fineweb_uncovai_human_removed,FlofloB/smollm2-135M_pretrained_800k_fineweb_uncovai_human_removed,SmolLM2,0.135,<=3B,2025-01-19,2025_Q1,UNKNOWN_OPEN_WEIGHTS,LICENSE_RECORDED,COMPLETE_SIX_TASK,True,6,NOT_IN_T05_BRIDGE,NOT_APPLICABLE,False,False,OBSERVED_DESCRIPTION
MODEL::FlofloB_smollm2-135M_pretrained_800k_fineweb_uncovai_selected,FlofloB_smollm2-135M_pretrained_800k_fineweb_uncovai_selected,model::FlofloB/smollm2-135M_pretrained_800k_fineweb_uncovai_selected,FlofloB/smollm2-135M_pretrained_800k_fineweb_uncovai_selected,SmolLM2,0.135,<=3B,2025-01-14,2025_Q1,UNKNOWN_OPEN_WEIGHTS,LICENSE_RECORDED,COMPLETE_SIX_TASK,True,6,NOT_IN_T05_BRIDGE,NOT_APPLICABLE,False,False,OBSERVED_DESCRIPTION
MODEL::FlofloB_smollm2_pretrained_200k_fineweb,FlofloB_smollm2_pretrained_200k_fineweb,model::FlofloB/smollm2_pretrained_200k_fineweb,FlofloB/smollm2_pretrained_200k_fineweb,SmolLM2,0.135,<=3B,2025-01-08,2025_Q1,UNKNOWN_OPEN_WEIGHTS,LICENSE_RECORDED,COMPLETE_SIX_TASK,True,6,NOT_IN_T05_BRIDGE,NOT_APPLICABLE,False,False,OBSERVED_DESCRIPTION
MODEL::FlofloB_test_continued_pretraining_Phi-3-mini-4k-instruct_Unsloth_merged_16bit,FlofloB_test_continued_pretraining_Phi-3-mini-4k-instruct_Unsloth_merged_16bit,model::FlofloB/test_continued_pretraining_Phi-3-mini-4k-instruct_Unsloth_merged_16bit,FlofloB/test_continued_pretraining_Phi-3-mini-4k-instruct_Unsloth_merged_16bit,Phi,16.0,>3B to <20B,2024-11-21,2024_H2,UNKNOWN_OPEN_WEIGHTS,LICENSE_RECORDED,COMPLETE_SIX_TASK,True,6,NOT_IN_T05_BRIDGE,NOT_APPLICABLE,False,False,OBSERVED_DESCRIPTION
MODEL::FuJhen_ft-openhermes-25-mistral-7b-irca-dpo-pairs,FuJhen_ft-openhermes-25-mistral-7b-irca-dpo-pairs,model::FuJhen/ft-openhermes-25-mistral-7b-irca-dpo-pairs,FuJhen/ft-openhermes-25-mistral-7b-irca-dpo-pairs,Mistral,14.483,>3B to <20B,2024-09-12,2024_H2,UNKNOWN_OPEN_WEIGHTS,LICENSE_RECORDED,COMPLETE_SIX_TASK,True,6,NOT_IN_T05_BRIDGE,NOT_APPLICABLE,False,False,OBSERVED_DESCRIPTION
MODEL::FuJhen_mistral-instruct-7B-DPO,FuJhen_mistral-instruct-7B-DPO,model::FuJhen/mistral-instruct-7B-DPO,FuJhen/mistral-instruct-7B-DPO,Mistral,14.496,>3B to <20B,2024-09-12,2024_H2,UNKNOWN_OPEN_WEIGHTS,LICENSE_RECORDED,COMPLETE_SIX_TASK,True,6,NOT_IN_T05_BRIDGE,NOT_APPLICABLE,False,False,OBSERVED_DESCRIPTION
MODEL::FuJhen_mistral_7b_v0.1_structedData_e2e,FuJhen_mistral_7b_v0.1_structedData_e2e,model::FuJhen/mistral_7b_v0.1_structedData_e2e,FuJhen/mistral_7b_v0.1_structedData_e2e,Mistral,7.0,>3B to <20B,2024-09-13,2024_H2,UNKNOWN_OPEN_WEIGHTS,LICENSE_RECORDED,COMPLETE_SIX_TASK,True,6,NOT_IN_T05_BRIDGE,NOT_APPLICABLE,False,False,OBSERVED_DESCRIPTION
MODEL::FuJhen_mistral_7b_v0.1_structedData_viggo,FuJhen_mistral_7b_v0.1_structedData_viggo,model::FuJhen/mistral_7b_v0.1_structedData_viggo,FuJhen/mistral_7b_v0.1_structedData_viggo,Mistral,14.483,>3B to <20B,2024-09-13,2024_H2,UNKNOWN_OPEN_WEIGHTS,LICENSE_RECORDED,COMPLETE_SIX_TASK,True,6,NOT_IN_T05_BRIDGE,NOT_APPLICABLE,False,False,OBSERVED_DESCRIPTION
MODEL::FuseAI_FuseChat-7B-v2.0,FuseAI_FuseChat-7B-v2.0,model::FuseAI/FuseChat-7B-v2.0,FuseAI/FuseChat-7B-v2.0,FuseAI,7.242,>3B to <20B,2024-11-21,2024_H2,UNKNOWN_OPEN_WEIGHTS,LICENSE_RECORDED,COMPLETE_SIX_TASK,True,6,NOT_IN_T05_BRIDGE,NOT_APPLICABLE,False,False,OBSERVED_DESCRIPTION
MODEL::FuseAI_FuseChat-Llama-3.1-8B-Instruct,FuseAI_FuseChat-Llama-3.1-8B-Instruct,model::FuseAI/FuseChat-Llama-3.1-8B-Instruct,FuseAI/FuseChat-Llama-3.1-8B-Instruct,Llama,8.03,>3B to <20B,2025-01-07,2025_Q1,UNKNOWN_OPEN_WEIGHTS,LICENSE_RECORDED,COMPLETE_SIX_TASK,True,6,NOT_IN_T05_BRIDGE,NOT_APPLICABLE,False,False,OBSERVED_DESCRIPTION
MODEL::FuseAI_FuseChat-Llama-3.2-3B-Instruct,FuseAI_FuseChat-Llama-3.2-3B-Instruct,model::FuseAI/FuseChat-Llama-3.2-3B-Instruct,FuseAI/FuseChat-Llama-3.2-3B-Instruct,Llama,3.213,>3B to <20B,2025-02-08,2025_Q1,UNKNOWN_OPEN_WEIGHTS,UNKNOWN_LICENSE,COMPLETE_SIX_TASK,True,6,NOT_IN_T05_BRIDGE,NOT_APPLICABLE,False,False,OBSERVED_DESCRIPTION
MODEL::FuseAI_FuseChat-Qwen-2.5-7B-Instruct,FuseAI_FuseChat-Qwen-2.5-7B-Instruct,model::FuseAI/FuseChat-Qwen-2.5-7B-Instruct,FuseAI/FuseChat-Qwen-2.5-7B-Instruct,Qwen,7.616,>3B to <20B,2024-12-21,2024_H2,UNKNOWN_OPEN_WEIGHTS,UNKNOWN_LICENSE,COMPLETE_SIX_TASK,True,6,NOT_IN_T05_BRIDGE,NOT_APPLICABLE,False,False,OBSERVED_DESCRIPTION
MODEL::GalrionSoftworks_MN-LooseCannon-12B-v1,GalrionSoftworks_MN-LooseCannon-12B-v1,model::GalrionSoftworks/MN-LooseCannon-12B-v1,GalrionSoftworks/MN-LooseCannon-12B-v1,GalrionSoftworks,12.248,>3B to <20B,2024-09-05,2024_H2,UNKNOWN_OPEN_WEIGHTS,UNKNOWN_LICENSE,COMPLETE_SIX_TASK,True,6,NOT_IN_T05_BRIDGE,NOT_APPLICABLE,False,False,OBSERVED_DESCRIPTION
MODEL::GalrionSoftworks_MagnusIntellectus-12B-v1,GalrionSoftworks_MagnusIntellectus-12B-v1,model::GalrionSoftworks/MagnusIntellectus-12B-v1,GalrionSoftworks/MagnusIntellectus-12B-v1,GalrionSoftworks,12.248,>3B to <20B,2024-09-05,2024_H2,UNKNOWN_OPEN_WEIGHTS,LICENSE_RECORDED,COMPLETE_SIX_TASK,True,6,NOT_IN_T05_BRIDGE,NOT_APPLICABLE,False,False,OBSERVED_DESCRIPTION
MODEL::GenVRadmin_AryaBhatta-GemmaOrca-2-Merged,GenVRadmin_AryaBhatta-GemmaOrca-2-Merged,model::GenVRadmin/AryaBhatta-GemmaOrca-2-Merged,GenVRadmin/AryaBhatta-GemmaOrca-2-Merged,Gemma,8.538,>3B to <20B,2025-02-06,2025_Q1,UNKNOWN_OPEN_WEIGHTS,LICENSE_RECORDED,COMPLETE_SIX_TASK,True,6,NOT_IN_T05_BRIDGE,NOT_APPLICABLE,False,False,OBSERVED_DESCRIPTION
MODEL::GenVRadmin_AryaBhatta-GemmaOrca-Merged,GenVRadmin_AryaBhatta-GemmaOrca-Merged,model::GenVRadmin/AryaBhatta-GemmaOrca-Merged,GenVRadmin/AryaBhatta-GemmaOrca-Merged,Gemma,8.538,>3B to <20B,2025-02-06,2025_Q1,UNKNOWN_OPEN_WEIGHTS,LICENSE_RECORDED,COMPLETE_SIX_TASK,True,6,NOT_IN_T05_BRIDGE,NOT_APPLICABLE,False,False,OBSERVED_DESCRIPTION
MODEL::GenVRadmin_AryaBhatta-GemmaUltra-Merged,GenVRadmin_AryaBhatta-GemmaUltra-Merged,model::GenVRadmin/AryaBhatta-GemmaUltra-Merged,GenVRadmin/AryaBhatta-GemmaUltra-Merged,Gemma,8.538,>3B to <20B,2025-02-06,2025_Q1,UNKNOWN_OPEN_WEIGHTS,LICENSE_RECORDED,COMPLETE_SIX_TASK,True,6,NOT_IN_T05_BRIDGE,NOT_APPLICABLE,False,False,OBSERVED_DESCRIPTION
MODEL::GenVRadmin_llama38bGenZ_Vikas-Merged,GenVRadmin_llama38bGenZ_Vikas-Merged,model::GenVRadmin/llama38bGenZ_Vikas-Merged,GenVRadmin/llama38bGenZ_Vikas-Merged,Llama,8.03,>3B to <20B,2025-02-06,2025_Q1,UNKNOWN_OPEN_WEIGHTS,LICENSE_RECORDED,COMPLETE_SIX_TASK,True,6,NOT_IN_T05_BRIDGE,NOT_APPLICABLE,False,False,OBSERVED_DESCRIPTION
MODEL::GoToCompany_gemma2-9b-cpt-sahabatai-v1-instruct,GoToCompany_gemma2-9b-cpt-sahabatai-v1-instruct,model::GoToCompany/gemma2-9b-cpt-sahabatai-v1-instruct,GoToCompany/gemma2-9b-cpt-sahabatai-v1-instruct,Gemma,9.242,>3B to <20B,2024-11-20,2024_H2,UNKNOWN_OPEN_WEIGHTS,LICENSE_RECORDED,COMPLETE_SIX_TASK,True,6,NOT_IN_T05_BRIDGE,NOT_APPLICABLE,False,False,OBSERVED_DESCRIPTION
MODEL::GoToCompany_llama3-8b-cpt-sahabatai-v1-instruct,GoToCompany_llama3-8b-cpt-sahabatai-v1-instruct,model::GoToCompany/llama3-8b-cpt-sahabatai-v1-instruct,GoToCompany/llama3-8b-cpt-sahabatai-v1-instruct,Llama,8.03,>3B to <20B,2024-11-20,2024_H2,UNKNOWN_OPEN_WEIGHTS,LICENSE_RECORDED,COMPLETE_SIX_TASK,True,6,NOT_IN_T05_BRIDGE,NOT_APPLICABLE,False,False,OBSERVED_DESCRIPTION
MODEL::Goekdeniz-Guelmez_Josiefied-Qwen2.5-0.5B-Instruct-abliterated-v1,Goekdeniz-Guelmez_Josiefied-Qwen2.5-0.5B-Instruct-abliterated-v1,model::Goekdeniz-Guelmez/Josiefied-Qwen2.5-0.5B-Instruct-abliterated-v1,Goekdeniz-Guelmez/Josiefied-Qwen2.5-0.5B-Instruct-abliterated-v1,Qwen,0.63,<=3B,2024-11-18,2024_H2,UNKNOWN_OPEN_WEIGHTS,LICENSE_RECORDED,COMPLETE_SIX_TASK,True,6,NOT_IN_T05_BRIDGE,NOT_APPLICABLE,False,False,OBSERVED_DESCRIPTION
MODEL::Goekdeniz-Guelmez_Josiefied-Qwen2.5-1.5B-Instruct-abliterated-v1,Goekdeniz-Guelmez_Josiefied-Qwen2.5-1.5B-Instruct-abliterated-v1,model::Goekdeniz-Guelmez/Josiefied-Qwen2.5-1.5B-Instruct-abliterated-v1,Goekdeniz-Guelmez/Josiefied-Qwen2.5-1.5B-Instruct-abliterated-v1,Qwen,1.777,<=3B,2024-09-28,2024_H2,UNKNOWN_OPEN_WEIGHTS,LICENSE_RECORDED,COMPLETE_SIX_TASK,True,6,NOT_IN_T05_BRIDGE,NOT_APPLICABLE,False,False,OBSERVED_DESCRIPTION
MODEL::Goekdeniz-Guelmez_Josiefied-Qwen2.5-1.5B-Instruct-abliterated-v2,Goekdeniz-Guelmez_Josiefied-Qwen2.5-1.5B-Instruct-abliterated-v2,model::Goekdeniz-Guelmez/Josiefied-Qwen2.5-1.5B-Instruct-abliterated-v2,Goekdeniz-Guelmez/Josiefied-Qwen2.5-1.5B-Instruct-abliterated-v2,Qwen,1.544,<=3B,2024-09-28,2024_H2,UNKNOWN_OPEN_WEIGHTS,LICENSE_RECORDED,COMPLETE_SIX_TASK,True,6,NOT_IN_T05_BRIDGE,NOT_APPLICABLE,False,False,OBSERVED_DESCRIPTION
MODEL::Goekdeniz-Guelmez_Josiefied-Qwen2.5-1.5B-Instruct-abliterated-v3,Goekdeniz-Guelmez_Josiefied-Qwen2.5-1.5B-Instruct-abliterated-v3,model::Goekdeniz-Guelmez/Josiefied-Qwen2.5-1.5B-Instruct-abliterated-v3,Goekdeniz-Guelmez/Josiefied-Qwen2.5-1.5B-Instruct-abliterated-v3,Qwen,1.544,<=3B,2024-09-28,2024_H2,UNKNOWN_OPEN_WEIGHTS,LICENSE_RECORDED,COMPLETE_SIX_TASK,True,6,NOT_IN_T05_BRIDGE,NOT_APPLICABLE,False,False,OBSERVED_DESCRIPTION
MODEL::Goekdeniz-Guelmez_Josiefied-Qwen2.5-14B-Instruct-abliterated-v4,Goekdeniz-Guelmez_Josiefied-Qwen2.5-14B-Instruct-abliterated-v4,model::Goekdeniz-Guelmez/Josiefied-Qwen2.5-14B-Instruct-abliterated-v4,Goekdeniz-Guelmez/Josiefied-Qwen2.5-14B-Instruct-abliterated-v4,Qwen,14.77,>3B to <20B,2024-10-23,2024_H2,UNKNOWN_OPEN_WEIGHTS,LICENSE_RECORDED,COMPLETE_SIX_TASK,True,6,NOT_IN_T05_BRIDGE,NOT_APPLICABLE,False,False,OBSERVED_DESCRIPTION
MODEL::Goekdeniz-Guelmez_Josiefied-Qwen2.5-7B-Instruct-abliterated-v2,Goekdeniz-Guelmez_Josiefied-Qwen2.5-7B-Instruct-abliterated-v2,model::Goekdeniz-Guelmez/Josiefied-Qwen2.5-7B-Instruct-abliterated-v2,Goekdeniz-Guelmez/Josiefied-Qwen2.5-7B-Instruct-abliterated-v2,Qwen,7.616,>3B to <20B,2024-10-08,2024_H2,UNKNOWN_OPEN_WEIGHTS,LICENSE_RECORDED,COMPLETE_SIX_TASK,True,6,NOT_IN_T05_BRIDGE,NOT_APPLICABLE,False,False,OBSERVED_DESCRIPTION
MODEL::Goekdeniz-Guelmez_j.o.s.i.e.v4o-1.5b-dpo-stage1-v1,Goekdeniz-Guelmez_j.o.s.i.e.v4o-1.5b-dpo-stage1-v1,model::Goekdeniz-Guelmez/j.o.s.i.e.v4o-1.5b-dpo-stage1-v1,Goekdeniz-Guelmez/j.o.s.i.e.v4o-1.5b-dpo-stage1-v1,Goekdeniz-Guelmez,1.544,<=3B,2024-10-08,2024_H2,UNKNOWN_OPEN_WEIGHTS,LICENSE_RECORDED,COMPLETE_SIX_TASK,True,6,NOT_IN_T05_BRIDGE,NOT_APPLICABLE,False,False,OBSERVED_DESCRIPTION
MODEL::Goekdeniz-Guelmez_josie-3b-v6.0,Goekdeniz-Guelmez_josie-3b-v6.0,model::Goekdeniz-Guelmez/josie-3b-v6.0,Goekdeniz-Guelmez/josie-3b-v6.0,Goekdeniz-Guelmez,3.086,>3B to <20B,2025-01-07,2025_Q1,UNKNOWN_OPEN_WEIGHTS,LICENSE_RECORDED,COMPLETE_SIX_TASK,True,6,NOT_IN_T05_BRIDGE,NOT_APPLICABLE,False,False,OBSERVED_DESCRIPTION
MODEL::Goekdeniz-Guelmez_josie-7b-v6.0,Goekdeniz-Guelmez_josie-7b-v6.0,model::Goekdeniz-Guelmez/josie-7b-v6.0,Goekdeniz-Guelmez/josie-7b-v6.0,Goekdeniz-Guelmez,7.616,>3B to <20B,2025-01-07,2025_Q1,UNKNOWN_OPEN_WEIGHTS,LICENSE_RECORDED,COMPLETE_SIX_TASK,True,6,NOT_IN_T05_BRIDGE,NOT_APPLICABLE,False,False,OBSERVED_DESCRIPTION
MODEL::Goekdeniz-Guelmez_josie-7b-v6.0-step2000,Goekdeniz-Guelmez_josie-7b-v6.0-step2000,model::Goekdeniz-Guelmez/josie-7b-v6.0-step2000,Goekdeniz-Guelmez/josie-7b-v6.0-step2000,Goekdeniz-Guelmez,7.616,>3B to <20B,2024-12-11,2024_H2,UNKNOWN_OPEN_WEIGHTS,LICENSE_RECORDED,COMPLETE_SIX_TASK,True,6,NOT_IN_T05_BRIDGE,NOT_APPLICABLE,False,False,OBSERVED_DESCRIPTION
MODEL::GreenNode_GreenNode-small-9B-it,GreenNode_GreenNode-small-9B-it,model::GreenNode/GreenNode-small-9B-it,GreenNode/GreenNode-small-9B-it,GreenNode,9.242,>3B to <20B,2024-10-14,2024_H2,UNKNOWN_OPEN_WEIGHTS,UNKNOWN_LICENSE,COMPLETE_SIX_TASK,True,6,NOT_IN_T05_BRIDGE,NOT_APPLICABLE,False,False,OBSERVED_DESCRIPTION
MODEL::GritLM_GritLM-7B-KTO,GritLM_GritLM-7B-KTO,model::GritLM/GritLM-7B-KTO,GritLM/GritLM-7B-KTO,GritLM,7.242,>3B to <20B,2024-08-04,2024_H2,UNKNOWN_OPEN_WEIGHTS,LICENSE_RECORDED,COMPLETE_SIX_TASK,True,6,NOT_IN_T05_BRIDGE,NOT_APPLICABLE,False,False,OBSERVED_DESCRIPTION
MODEL::GritLM_GritLM-8x7B-KTO,GritLM_GritLM-8x7B-KTO,model::GritLM/GritLM-8x7B-KTO,GritLM/GritLM-8x7B-KTO,GritLM,46.703,>=20B,2024-08-04,2024_H2,UNKNOWN_OPEN_WEIGHTS,LICENSE_RECORDED,COMPLETE_SIX_TASK,True,6,NOT_IN_T05_BRIDGE,NOT_APPLICABLE,False,False,OBSERVED_DESCRIPTION
MODEL::Groq_Llama-3-Groq-8B-Tool-Use,Groq_Llama-3-Groq-8B-Tool-Use,model::Groq/Llama-3-Groq-8B-Tool-Use,Groq/Llama-3-Groq-8B-Tool-Use,Llama,8.03,>3B to <20B,2025-01-01,2025_Q1,UNKNOWN_OPEN_WEIGHTS,LICENSE_RECORDED,COMPLETE_SIX_TASK,True,6,NOT_IN_T05_BRIDGE,NOT_APPLICABLE,False,False,OBSERVED_DESCRIPTION
MODEL::Gryphe_Pantheon-RP-1.0-8b-Llama-3,Gryphe_Pantheon-RP-1.0-8b-Llama-3,model::Gryphe/Pantheon-RP-1.0-8b-Llama-3,Gryphe/Pantheon-RP-1.0-8b-Llama-3,Llama,8.03,>3B to <20B,2024-06-27,2024_H1,UNKNOWN_OPEN_WEIGHTS,LICENSE_RECORDED,COMPLETE_SIX_TASK,True,6,NOT_IN_T05_BRIDGE,NOT_APPLICABLE,False,False,OBSERVED_DESCRIPTION
MODEL::Gryphe_Pantheon-RP-1.5-12b-Nemo,Gryphe_Pantheon-RP-1.5-12b-Nemo,model::Gryphe/Pantheon-RP-1.5-12b-Nemo,Gryphe/Pantheon-RP-1.5-12b-Nemo,Gryphe,12.248,>3B to <20B,2024-08-04,2024_H2,UNKNOWN_OPEN_WEIGHTS,LICENSE_RECORDED,COMPLETE_SIX_TASK,True,6,NOT_IN_T05_BRIDGE,NOT_APPLICABLE,False,False,OBSERVED_DESCRIPTION
MODEL::Gryphe_Pantheon-RP-1.6-12b-Nemo,Gryphe_Pantheon-RP-1.6-12b-Nemo,model::Gryphe/Pantheon-RP-1.6-12b-Nemo,Gryphe/Pantheon-RP-1.6-12b-Nemo,Gryphe,12.248,>3B to <20B,2024-08-31,2024_H2,UNKNOWN_OPEN_WEIGHTS,LICENSE_RECORDED,COMPLETE_SIX_TASK,True,6,NOT_IN_T05_BRIDGE,NOT_APPLICABLE,False,False,OBSERVED_DESCRIPTION
MODEL::Gryphe_Pantheon-RP-1.6-12b-Nemo-KTO,Gryphe_Pantheon-RP-1.6-12b-Nemo-KTO,model::Gryphe/Pantheon-RP-1.6-12b-Nemo-KTO,Gryphe/Pantheon-RP-1.6-12b-Nemo-KTO,Gryphe,12.248,>3B to <20B,2024-08-31,2024_H2,UNKNOWN_OPEN_WEIGHTS,LICENSE_RECORDED,COMPLETE_SIX_TASK,True,6,NOT_IN_T05_BRIDGE,NOT_APPLICABLE,False,False,OBSERVED_DESCRIPTION
MODEL::Gryphe_Pantheon-RP-Pure-1.6.2-22b-Small,Gryphe_Pantheon-RP-Pure-1.6.2-22b-Small,model::Gryphe/Pantheon-RP-Pure-1.6.2-22b-Small,Gryphe/Pantheon-RP-Pure-1.6.2-22b-Small,Gryphe,22.247,>=20B,2024-10-15,2024_H2,UNKNOWN_OPEN_WEIGHTS,LICENSE_RECORDED,COMPLETE_SIX_TASK,True,6,NOT_IN_T05_BRIDGE,NOT_APPLICABLE,False,False,OBSERVED_DESCRIPTION
MODEL::Gunulhona_Gemma-Ko-Merge,Gunulhona_Gemma-Ko-Merge,model::Gunulhona/Gemma-Ko-Merge,Gunulhona/Gemma-Ko-Merge,Gemma,10.159,>3B to <20B,2024-10-23,2024_H2,UNKNOWN_OPEN_WEIGHTS,UNKNOWN_LICENSE,COMPLETE_SIX_TASK,True,6,NOT_IN_T05_BRIDGE,NOT_APPLICABLE,False,False,OBSERVED_DESCRIPTION
MODEL::Gunulhona_Gemma-Ko-Merge-PEFT,Gunulhona_Gemma-Ko-Merge-PEFT,model::Gunulhona/Gemma-Ko-Merge-PEFT,Gunulhona/Gemma-Ko-Merge-PEFT,Gemma,20.318,>=20B,,UNKNOWN_OR_AMBIGUOUS,UNKNOWN_OPEN_WEIGHTS,UNKNOWN_LICENSE,COMPLETE_SIX_TASK,True,6,NOT_IN_T05_BRIDGE,NOT_APPLICABLE,False,False,OBSERVED_DESCRIPTION
MODEL::HPAI-BSC_Llama3-Aloe-8B-Alpha,HPAI-BSC_Llama3-Aloe-8B-Alpha,model::HPAI-BSC/Llama3-Aloe-8B-Alpha,HPAI-BSC/Llama3-Aloe-8B-Alpha,Llama,8.03,>3B to <20B,2024-10-29,2024_H2,UNKNOWN_OPEN_WEIGHTS,LICENSE_RECORDED,COMPLETE_SIX_TASK,True,6,NOT_IN_T05_BRIDGE,NOT_APPLICABLE,False,False,OBSERVED_DESCRIPTION
MODEL::HPAI-BSC_Llama3.1-Aloe-Beta-8B,HPAI-BSC_Llama3.1-Aloe-Beta-8B,model::HPAI-BSC/Llama3.1-Aloe-Beta-8B,HPAI-BSC/Llama3.1-Aloe-Beta-8B,Llama,8.03,>3B to <20B,2024-11-07,2024_H2,UNKNOWN_OPEN_WEIGHTS,LICENSE_RECORDED,COMPLETE_SIX_TASK,True,6,NOT_IN_T05_BRIDGE,NOT_APPLICABLE,False,False,OBSERVED_DESCRIPTION
MODEL::HPAI-BSC_Qwen2.5-Aloe-Beta-7B,HPAI-BSC_Qwen2.5-Aloe-Beta-7B,model::HPAI-BSC/Qwen2.5-Aloe-Beta-7B,HPAI-BSC/Qwen2.5-Aloe-Beta-7B,Qwen,7.616,>3B to <20B,2024-12-17,2024_H2,UNKNOWN_OPEN_WEIGHTS,LICENSE_RECORDED,COMPLETE_SIX_TASK,True,6,NOT_IN_T05_BRIDGE,NOT_APPLICABLE,False,False,OBSERVED_DESCRIPTION
MODEL::Hastagaras_Llama-3.1-Jamet-8B-MK.I,Hastagaras_Llama-3.1-Jamet-8B-MK.I,model::Hastagaras/Llama-3.1-Jamet-8B-MK.I,Hastagaras/Llama-3.1-Jamet-8B-MK.I,Llama,8.03,>3B to <20B,2024-11-18,2024_H2,UNKNOWN_OPEN_WEIGHTS,LICENSE_RECORDED,COMPLETE_SIX_TASK,True,6,NOT_IN_T05_BRIDGE,NOT_APPLICABLE,False,False,OBSERVED_DESCRIPTION
MODEL::Hastagaras_Zabuza-8B-Llama-3.1,Hastagaras_Zabuza-8B-Llama-3.1,model::Hastagaras/Zabuza-8B-Llama-3.1,Hastagaras/Zabuza-8B-Llama-3.1,Llama,8.03,>3B to <20B,2024-11-05,2024_H2,UNKNOWN_OPEN_WEIGHTS,LICENSE_RECORDED,COMPLETE_SIX_TASK,True,6,NOT_IN_T05_BRIDGE,NOT_APPLICABLE,False,False,OBSERVED_DESCRIPTION
MODEL::HelpingAI_Cipher-20B,HelpingAI_Cipher-20B,model::HelpingAI/Cipher-20B,HelpingAI/Cipher-20B,HelpingAI,20.551,>=20B,2024-12-14,2024_H2,UNKNOWN_OPEN_WEIGHTS,LICENSE_RECORDED,COMPLETE_SIX_TASK,True,6,NOT_IN_T05_BRIDGE,NOT_APPLICABLE,False,False,OBSERVED_DESCRIPTION
MODEL::HelpingAI_Priya-10B,HelpingAI_Priya-10B,model::HelpingAI/Priya-10B,HelpingAI/Priya-10B,HelpingAI,10.211,>3B to <20B,2024-12-18,2024_H2,UNKNOWN_OPEN_WEIGHTS,LICENSE_RECORDED,COMPLETE_SIX_TASK,True,6,NOT_IN_T05_BRIDGE,NOT_APPLICABLE,False,False,OBSERVED_DESCRIPTION
MODEL::HelpingAI_Priya-3B,HelpingAI_Priya-3B,model::HelpingAI/Priya-3B,HelpingAI/Priya-3B,HelpingAI,2.81,<=3B,2024-12-14,2024_H2,UNKNOWN_OPEN_WEIGHTS,LICENSE_RECORDED,COMPLETE_SIX_TASK,True,6,NOT_IN_T05_BRIDGE,NOT_APPLICABLE,False,False,OBSERVED_DESCRIPTION
MODEL::HeraiHench_Double-Down-Qwen-Math-7B,HeraiHench_Double-Down-Qwen-Math-7B,model::HeraiHench/Double-Down-Qwen-Math-7B,HeraiHench/Double-Down-Qwen-Math-7B,Qwen,7.616,>3B to <20B,2025-01-30,2025_Q1,UNKNOWN_OPEN_WEIGHTS,UNKNOWN_LICENSE,COMPLETE_SIX_TASK,True,6,NOT_IN_T05_BRIDGE,NOT_APPLICABLE,False,False,OBSERVED_DESCRIPTION
MODEL::HeraiHench_Marge-Qwen-Math-7B,HeraiHench_Marge-Qwen-Math-7B,model::HeraiHench/Marge-Qwen-Math-7B,HeraiHench/Marge-Qwen-Math-7B,Qwen,7.616,>3B to <20B,2025-01-30,2025_Q1,UNKNOWN_OPEN_WEIGHTS,UNKNOWN_LICENSE,COMPLETE_SIX_TASK,True,6,NOT_IN_T05_BRIDGE,NOT_APPLICABLE,False,False,OBSERVED_DESCRIPTION
MODEL::HeraiHench_Phi-4-slerp-ReasoningRP-14B,HeraiHench_Phi-4-slerp-ReasoningRP-14B,model::HeraiHench/Phi-4-slerp-ReasoningRP-14B,HeraiHench/Phi-4-slerp-ReasoningRP-14B,Phi,9.207,>3B to <20B,2025-01-29,2025_Q1,Yes,UNKNOWN_LICENSE,COMPLETE_SIX_TASK,True,6,NOT_IN_T05_BRIDGE,NOT_APPLICABLE,False,False,OBSERVED_DESCRIPTION
MODEL::HiroseKoichi_Llama-Salad-4x8B-V3,HiroseKoichi_Llama-Salad-4x8B-V3,model::HiroseKoichi/Llama-Salad-4x8B-V3,HiroseKoichi/Llama-Salad-4x8B-V3,Llama,24.942,>=20B,2024-06-26,2024_H1,UNKNOWN_OPEN_WEIGHTS,LICENSE_RECORDED,COMPLETE_SIX_TASK,True,6,NOT_IN_T05_BRIDGE,NOT_APPLICABLE,False,False,OBSERVED_DESCRIPTION
MODEL::HoangHa_Pensez-Llama3.1-8B,HoangHa_Pensez-Llama3.1-8B,model::HoangHa/Pensez-Llama3.1-8B,HoangHa/Pensez-Llama3.1-8B,Llama,8.03,>3B to <20B,2025-02-19,2025_Q1,UNKNOWN_OPEN_WEIGHTS,LICENSE_RECORDED,COMPLETE_SIX_TASK,True,6,NOT_IN_T05_BRIDGE,NOT_APPLICABLE,False,False,OBSERVED_DESCRIPTION
MODEL::HuggingFaceH4_zephyr-7b-alpha,HuggingFaceH4_zephyr-7b-alpha,model::HuggingFaceH4/zephyr-7b-alpha,HuggingFaceH4/zephyr-7b-alpha,Zephyr,7.242,>3B to <20B,2024-06-12,2024_H1,UNKNOWN_OPEN_WEIGHTS,LICENSE_RECORDED,PARTIAL_VALID_TASK,True,2,NOT_IN_T05_BRIDGE,NOT_APPLICABLE,False,False,OBSERVED_DESCRIPTION
MODEL::HuggingFaceH4_zephyr-7b-beta,HuggingFaceH4_zephyr-7b-beta,model::HuggingFaceH4/zephyr-7b-beta,HuggingFaceH4/zephyr-7b-beta,Zephyr,7.242,>3B to <20B,2024-06-12,2024_H1,UNKNOWN_OPEN_WEIGHTS,LICENSE_RECORDED,COMPLETE_SIX_TASK,True,6,NOT_IN_T05_BRIDGE,NOT_APPLICABLE,False,False,OBSERVED_DESCRIPTION
MODEL::HuggingFaceH4_zephyr-7b-gemma-v0.1,HuggingFaceH4_zephyr-7b-gemma-v0.1,model::HuggingFaceH4/zephyr-7b-gemma-v0.1,HuggingFaceH4/zephyr-7b-gemma-v0.1,Gemma,8.538,>3B to <20B,2024-06-12,2024_H1,UNKNOWN_OPEN_WEIGHTS,LICENSE_RECORDED,PARTIAL_VALID_TASK,True,1,NOT_IN_T05_BRIDGE,NOT_APPLICABLE,False,False,OBSERVED_DESCRIPTION
MODEL::HuggingFaceH4_zephyr-orpo-141b-A35b-v0.1,HuggingFaceH4_zephyr-orpo-141b-A35b-v0.1,model::HuggingFaceH4/zephyr-orpo-141b-A35b-v0.1,HuggingFaceH4/zephyr-orpo-141b-A35b-v0.1,Zephyr,140.621,>=20B,2024-06-12,2024_H1,UNKNOWN_OPEN_WEIGHTS,LICENSE_RECORDED,COMPLETE_SIX_TASK,True,6,NOT_IN_T05_BRIDGE,NOT_APPLICABLE,False,False,OBSERVED_DESCRIPTION
MODEL::HuggingFaceTB_SmolLM-1.7B,HuggingFaceTB_SmolLM-1.7B,model::HuggingFaceTB/SmolLM-1.7B,HuggingFaceTB/SmolLM-1.7B,SmolLM2,1.71,<=3B,2024-07-18,2024_H2,Yes,LICENSE_RECORDED,COMPLETE_SIX_TASK,True,6,NOT_IN_T05_BRIDGE,NOT_APPLICABLE,False,False,OBSERVED_DESCRIPTION
MODEL::HuggingFaceTB_SmolLM-1.7B-Instruct,HuggingFaceTB_SmolLM-1.7B-Instruct,model::HuggingFaceTB/SmolLM-1.7B-Instruct,HuggingFaceTB/SmolLM-1.7B-Instruct,SmolLM2,1.71,<=3B,2024-07-18,2024_H2,Yes,LICENSE_RECORDED,COMPLETE_SIX_TASK,True,6,NOT_IN_T05_BRIDGE,NOT_APPLICABLE,False,False,OBSERVED_DESCRIPTION
MODEL::HuggingFaceTB_SmolLM-135M,HuggingFaceTB_SmolLM-135M,model::HuggingFaceTB/SmolLM-135M,HuggingFaceTB/SmolLM-135M,SmolLM2,0.13,<=3B,2024-07-18,2024_H2,UNKNOWN_OPEN_WEIGHTS,LICENSE_RECORDED,COMPLETE_SIX_TASK,True,6,NOT_IN_T05_BRIDGE,NOT_APPLICABLE,False,False,OBSERVED_DESCRIPTION
MODEL::HuggingFaceTB_SmolLM-135M-Instruct,HuggingFaceTB_SmolLM-135M-Instruct,model::HuggingFaceTB/SmolLM-135M-Instruct,HuggingFaceTB/SmolLM-135M-Instruct,SmolLM2,0.135,<=3B,2024-10-12,2024_H2,UNKNOWN_OPEN_WEIGHTS,LICENSE_RECORDED,COMPLETE_SIX_TASK,True,6,NOT_IN_T05_BRIDGE,NOT_APPLICABLE,False,False,OBSERVED_DESCRIPTION
MODEL::HuggingFaceTB_SmolLM-360M,HuggingFaceTB_SmolLM-360M,model::HuggingFaceTB/SmolLM-360M,HuggingFaceTB/SmolLM-360M,SmolLM2,0.36,<=3B,2024-07-18,2024_H2,UNKNOWN_OPEN_WEIGHTS,LICENSE_RECORDED,COMPLETE_SIX_TASK,True,6,NOT_IN_T05_BRIDGE,NOT_APPLICABLE,False,False,OBSERVED_DESCRIPTION
MODEL::HuggingFaceTB_SmolLM-360M-Instruct,HuggingFaceTB_SmolLM-360M-Instruct,model::HuggingFaceTB/SmolLM-360M-Instruct,HuggingFaceTB/SmolLM-360M-Instruct,SmolLM2,0.362,<=3B,2024-08-20,2024_H2,UNKNOWN_OPEN_WEIGHTS,LICENSE_RECORDED,COMPLETE_SIX_TASK,True,6,NOT_IN_T05_BRIDGE,NOT_APPLICABLE,False,False,OBSERVED_DESCRIPTION
MODEL::HuggingFaceTB_SmolLM2-1.7B,HuggingFaceTB_SmolLM2-1.7B,model::HuggingFaceTB/SmolLM2-1.7B,HuggingFaceTB/SmolLM2-1.7B,SmolLM2,1.71,<=3B,2024-11-06,2024_H2,UNKNOWN_OPEN_WEIGHTS,LICENSE_RECORDED,COMPLETE_SIX_TASK,True,6,NOT_IN_T05_BRIDGE,NOT_APPLICABLE,False,False,OBSERVED_DESCRIPTION
MODEL::HuggingFaceTB_SmolLM2-1.7B-Instruct,HuggingFaceTB_SmolLM2-1.7B-Instruct,model::HuggingFaceTB/SmolLM2-1.7B-Instruct,HuggingFaceTB/SmolLM2-1.7B-Instruct,SmolLM2,1.711,<=3B,2024-11-06,2024_H2,UNKNOWN_OPEN_WEIGHTS,LICENSE_RECORDED,COMPLETE_SIX_TASK,True,6,NOT_IN_T05_BRIDGE,NOT_APPLICABLE,False,False,OBSERVED_DESCRIPTION
MODEL::HuggingFaceTB_SmolLM2-135M,HuggingFaceTB_SmolLM2-135M,model::HuggingFaceTB/SmolLM2-135M,HuggingFaceTB/SmolLM2-135M,SmolLM2,0.135,<=3B,2024-11-06,2024_H2,UNKNOWN_OPEN_WEIGHTS,LICENSE_RECORDED,PARTIAL_VALID_TASK,True,3,NOT_IN_T05_BRIDGE,NOT_APPLICABLE,False,False,OBSERVED_DESCRIPTION
MODEL::HuggingFaceTB_SmolLM2-135M-Instruct,HuggingFaceTB_SmolLM2-135M-Instruct,model::HuggingFaceTB/SmolLM2-135M-Instruct,HuggingFaceTB/SmolLM2-135M-Instruct,SmolLM2,0.135,<=3B,,UNKNOWN_OR_AMBIGUOUS,UNKNOWN_OPEN_WEIGHTS,LICENSE_RECORDED,COMPLETE_SIX_TASK,True,6,NOT_IN_T05_BRIDGE,NOT_APPLICABLE,False,False,OBSERVED_DESCRIPTION
MODEL::HuggingFaceTB_SmolLM2-360M,HuggingFaceTB_SmolLM2-360M,model::HuggingFaceTB/SmolLM2-360M,HuggingFaceTB/SmolLM2-360M,SmolLM2,0.36,<=3B,2024-11-06,2024_H2,UNKNOWN_OPEN_WEIGHTS,LICENSE_RECORDED,COMPLETE_SIX_TASK,True,6,NOT_IN_T05_BRIDGE,NOT_APPLICABLE,False,False,OBSERVED_DESCRIPTION
MODEL::HuggingFaceTB_SmolLM2-360M-Instruct,HuggingFaceTB_SmolLM2-360M-Instruct,model::HuggingFaceTB/SmolLM2-360M-Instruct,HuggingFaceTB/SmolLM2-360M-Instruct,SmolLM2,,UNKNOWN,,UNKNOWN_OR_AMBIGUOUS,UNKNOWN_OPEN_WEIGHTS,LICENSE_RECORDED,COMPLETE_SIX_TASK,True,6,NOT_IN_T05_BRIDGE,NOT_APPLICABLE,False,False,OBSERVED_DESCRIPTION
MODEL::HumanLLMs_Humanish-LLama3-8B-Instruct,HumanLLMs_Humanish-LLama3-8B-Instruct,model::HumanLLMs/Humanish-LLama3-8B-Instruct,HumanLLMs/Humanish-LLama3-8B-Instruct,Llama,8.03,>3B to <20B,2024-10-05,2024_H2,UNKNOWN_OPEN_WEIGHTS,LICENSE_RECORDED,COMPLETE_SIX_TASK,True,6,NOT_IN_T05_BRIDGE,NOT_APPLICABLE,False,False,OBSERVED_DESCRIPTION
MODEL::HumanLLMs_Humanish-Mistral-Nemo-Instruct-2407,HumanLLMs_Humanish-Mistral-Nemo-Instruct-2407,model::HumanLLMs/Humanish-Mistral-Nemo-Instruct-2407,HumanLLMs/Humanish-Mistral-Nemo-Instruct-2407,Mistral,12.248,>3B to <20B,2024-10-06,2024_H2,UNKNOWN_OPEN_WEIGHTS,LICENSE_RECORDED,COMPLETE_SIX_TASK,True,6,NOT_IN_T05_BRIDGE,NOT_APPLICABLE,False,False,OBSERVED_DESCRIPTION
MODEL::HumanLLMs_Humanish-Qwen2.5-7B-Instruct,HumanLLMs_Humanish-Qwen2.5-7B-Instruct,model::HumanLLMs/Humanish-Qwen2.5-7B-Instruct,HumanLLMs/Humanish-Qwen2.5-7B-Instruct,Qwen,7.616,>3B to <20B,2024-10-05,2024_H2,UNKNOWN_OPEN_WEIGHTS,LICENSE_RECORDED,COMPLETE_SIX_TASK,True,6,NOT_IN_T05_BRIDGE,NOT_APPLICABLE,False,False,OBSERVED_DESCRIPTION
MODEL::IDEA-CCNL_Ziya-LLaMA-13B-v1,IDEA-CCNL_Ziya-LLaMA-13B-v1,model::IDEA-CCNL/Ziya-LLaMA-13B-v1,IDEA-CCNL/Ziya-LLaMA-13B-v1,Llama,13.0,>3B to <20B,2024-06-12,2024_H1,UNKNOWN_OPEN_WEIGHTS,LICENSE_RECORDED,COMPLETE_SIX_TASK,True,6,NOT_IN_T05_BRIDGE,NOT_APPLICABLE,False,False,OBSERVED_DESCRIPTION
MODEL::INSAIT-Institute_BgGPT-Gemma-2-27B-IT-v1.0,INSAIT-Institute_BgGPT-Gemma-2-27B-IT-v1.0,model::INSAIT-Institute/BgGPT-Gemma-2-27B-IT-v1.0,INSAIT-Institute/BgGPT-Gemma-2-27B-IT-v1.0,Gemma,27.227,>=20B,2024-12-15,2024_H2,UNKNOWN_OPEN_WEIGHTS,LICENSE_RECORDED,COMPLETE_SIX_TASK,True,6,NOT_IN_T05_BRIDGE,NOT_APPLICABLE,False,False,OBSERVED_DESCRIPTION
MODEL::IlyaGusev_gemma-2-2b-it-abliterated,IlyaGusev_gemma-2-2b-it-abliterated,model::IlyaGusev/gemma-2-2b-it-abliterated,IlyaGusev/gemma-2-2b-it-abliterated,Gemma,2.614,<=3B,2025-01-07,2025_Q1,UNKNOWN_OPEN_WEIGHTS,LICENSE_RECORDED,COMPLETE_SIX_TASK,True,6,NOT_IN_T05_BRIDGE,NOT_APPLICABLE,False,False,OBSERVED_DESCRIPTION
MODEL::IlyaGusev_gemma-2-9b-it-abliterated,IlyaGusev_gemma-2-9b-it-abliterated,model::IlyaGusev/gemma-2-9b-it-abliterated,IlyaGusev/gemma-2-9b-it-abliterated,Gemma,9.242,>3B to <20B,2025-01-07,2025_Q1,UNKNOWN_OPEN_WEIGHTS,LICENSE_RECORDED,COMPLETE_SIX_TASK,True,6,NOT_IN_T05_BRIDGE,NOT_APPLICABLE,False,False,OBSERVED_DESCRIPTION
MODEL::Infinirc_Infinirc-Llama3-8B-2G-Release-v1.0,Infinirc_Infinirc-Llama3-8B-2G-Release-v1.0,model::Infinirc/Infinirc-Llama3-8B-2G-Release-v1.0,Infinirc/Infinirc-Llama3-8B-2G-Release-v1.0,Llama,8.03,>3B to <20B,2024-09-29,2024_H2,UNKNOWN_OPEN_WEIGHTS,LICENSE_RECORDED,COMPLETE_SIX_TASK,True,6,NOT_IN_T05_BRIDGE,NOT_APPLICABLE,False,False,OBSERVED_DESCRIPTION
MODEL::Intel_neural-chat-7b-v3,Intel_neural-chat-7b-v3,model::Intel/neural-chat-7b-v3,Intel/neural-chat-7b-v3,Intel,7.0,>3B to <20B,2024-06-12,2024_H1,UNKNOWN_OPEN_WEIGHTS,LICENSE_RECORDED,COMPLETE_SIX_TASK,True,6,NOT_IN_T05_BRIDGE,NOT_APPLICABLE,False,False,OBSERVED_DESCRIPTION
MODEL::Intel_neural-chat-7b-v3-1,Intel_neural-chat-7b-v3-1,model::Intel/neural-chat-7b-v3-1,Intel/neural-chat-7b-v3-1,Intel,7.242,>3B to <20B,2024-06-12,2024_H1,UNKNOWN_OPEN_WEIGHTS,LICENSE_RECORDED,COMPLETE_SIX_TASK,True,6,NOT_IN_T05_BRIDGE,NOT_APPLICABLE,False,False,OBSERVED_DESCRIPTION
MODEL::Intel_neural-chat-7b-v3-2,Intel_neural-chat-7b-v3-2,model::Intel/neural-chat-7b-v3-2,Intel/neural-chat-7b-v3-2,Intel,7.0,>3B to <20B,2024-06-12,2024_H1,UNKNOWN_OPEN_WEIGHTS,LICENSE_RECORDED,COMPLETE_SIX_TASK,True,6,NOT_IN_T05_BRIDGE,NOT_APPLICABLE,False,False,OBSERVED_DESCRIPTION
MODEL::IntervitensInc_internlm2_5-20b-llamafied,IntervitensInc_internlm2_5-20b-llamafied,model::IntervitensInc/internlm2_5-20b-llamafied,IntervitensInc/internlm2_5-20b-llamafied,Llama,19.861,>3B to <20B,2024-11-11,2024_H2,No,LICENSE_RECORDED,COMPLETE_SIX_TASK,True,6,NOT_IN_T05_BRIDGE,NOT_APPLICABLE,False,False,OBSERVED_DESCRIPTION
MODEL::Invalid-Null_PeiYangMe-0.5,Invalid-Null_PeiYangMe-0.5,model::Invalid-Null/PeiYangMe-0.5,Invalid-Null/PeiYangMe-0.5,Invalid-Null,6.061,>3B to <20B,2024-12-28,2024_H2,UNKNOWN_OPEN_WEIGHTS,LICENSE_RECORDED,COMPLETE_SIX_TASK,True,6,NOT_IN_T05_BRIDGE,NOT_APPLICABLE,False,False,OBSERVED_DESCRIPTION
MODEL::Invalid-Null_PeiYangMe-0.7,Invalid-Null_PeiYangMe-0.7,model::Invalid-Null/PeiYangMe-0.7,Invalid-Null/PeiYangMe-0.7,Invalid-Null,6.061,>3B to <20B,2024-12-28,2024_H2,UNKNOWN_OPEN_WEIGHTS,LICENSE_RECORDED,COMPLETE_SIX_TASK,True,6,NOT_IN_T05_BRIDGE,NOT_APPLICABLE,False,False,OBSERVED_DESCRIPTION
MODEL::Isaak-Carter_JOSIEv4o-8b-stage1-v4,Isaak-Carter_JOSIEv4o-8b-stage1-v4,model::Isaak-Carter/JOSIEv4o-8b-stage1-v4,Isaak-Carter/JOSIEv4o-8b-stage1-v4,Isaak-Carter,8.03,>3B to <20B,2024-08-03,2024_H2,UNKNOWN_OPEN_WEIGHTS,LICENSE_RECORDED,COMPLETE_SIX_TASK,True,6,NOT_IN_T05_BRIDGE,NOT_APPLICABLE,False,False,OBSERVED_DESCRIPTION
MODEL::Isaak-Carter_Josiefied-Qwen2.5-7B-Instruct-abliterated,Isaak-Carter_Josiefied-Qwen2.5-7B-Instruct-abliterated,model::Isaak-Carter/Josiefied-Qwen2.5-7B-Instruct-abliterated,Isaak-Carter/Josiefied-Qwen2.5-7B-Instruct-abliterated,Qwen,7.616,>3B to <20B,2024-09-21,2024_H2,UNKNOWN_OPEN_WEIGHTS,UNKNOWN_LICENSE,COMPLETE_SIX_TASK,True,6,NOT_IN_T05_BRIDGE,NOT_APPLICABLE,False,False,OBSERVED_DESCRIPTION
MODEL::Isaak-Carter_Josiefied-Qwen2.5-7B-Instruct-abliterated-v2,Isaak-Carter_Josiefied-Qwen2.5-7B-Instruct-abliterated-v2,model::Isaak-Carter/Josiefied-Qwen2.5-7B-Instruct-abliterated-v2,Isaak-Carter/Josiefied-Qwen2.5-7B-Instruct-abliterated-v2,Qwen,7.616,>3B to <20B,2024-09-21,2024_H2,UNKNOWN_OPEN_WEIGHTS,LICENSE_RECORDED,COMPLETE_SIX_TASK,True,6,NOT_IN_T05_BRIDGE,NOT_APPLICABLE,False,False,OBSERVED_DESCRIPTION
MODEL::J-LAB_Thynk_orpo,J-LAB_Thynk_orpo,model::J-LAB/Thynk_orpo,J-LAB/Thynk_orpo,J-LAB,3.086,>3B to <20B,2024-10-14,2024_H2,UNKNOWN_OPEN_WEIGHTS,UNKNOWN_LICENSE,COMPLETE_SIX_TASK,True,6,NOT_IN_T05_BRIDGE,NOT_APPLICABLE,False,False,OBSERVED_DESCRIPTION
MODEL::JackFram_llama-160m,JackFram_llama-160m,model::JackFram/llama-160m,JackFram/llama-160m,Llama,0.162,<=3B,2024-11-30,2024_H2,UNKNOWN_OPEN_WEIGHTS,LICENSE_RECORDED,COMPLETE_SIX_TASK,True,6,NOT_IN_T05_BRIDGE,NOT_APPLICABLE,False,False,OBSERVED_DESCRIPTION
MODEL::JackFram_llama-68m,JackFram_llama-68m,model::JackFram/llama-68m,JackFram/llama-68m,Llama,0.068,<=3B,2024-11-30,2024_H2,UNKNOWN_OPEN_WEIGHTS,LICENSE_RECORDED,COMPLETE_SIX_TASK,True,6,NOT_IN_T05_BRIDGE,NOT_APPLICABLE,False,False,OBSERVED_DESCRIPTION
MODEL::Jacoby746_Casual-Magnum-34B,Jacoby746_Casual-Magnum-34B,model::Jacoby746/Casual-Magnum-34B,Jacoby746/Casual-Magnum-34B,Jacoby746,34.389,>=20B,2024-10-23,2024_H2,UNKNOWN_OPEN_WEIGHTS,LICENSE_RECORDED,COMPLETE_SIX_TASK,True,6,NOT_IN_T05_BRIDGE,NOT_APPLICABLE,False,False,OBSERVED_DESCRIPTION
MODEL::Jacoby746_Inf-Silent-Kunoichi-v0.1-2x7B,Jacoby746_Inf-Silent-Kunoichi-v0.1-2x7B,model::Jacoby746/Inf-Silent-Kunoichi-v0.1-2x7B,Jacoby746/Inf-Silent-Kunoichi-v0.1-2x7B,Jacoby746,12.879,>3B to <20B,2024-09-20,2024_H2,UNKNOWN_OPEN_WEIGHTS,LICENSE_RECORDED,COMPLETE_SIX_TASK,True,6,NOT_IN_T05_BRIDGE,NOT_APPLICABLE,False,False,OBSERVED_DESCRIPTION
MODEL::Jacoby746_Inf-Silent-Kunoichi-v0.2-2x7B,Jacoby746_Inf-Silent-Kunoichi-v0.2-2x7B,model::Jacoby746/Inf-Silent-Kunoichi-v0.2-2x7B,Jacoby746/Inf-Silent-Kunoichi-v0.2-2x7B,Jacoby746,12.879,>3B to <20B,2024-09-21,2024_H2,UNKNOWN_OPEN_WEIGHTS,LICENSE_RECORDED,COMPLETE_SIX_TASK,True,6,NOT_IN_T05_BRIDGE,NOT_APPLICABLE,False,False,OBSERVED_DESCRIPTION
MODEL::Jacoby746_Proto-Athena-4x7B,Jacoby746_Proto-Athena-4x7B,model::Jacoby746/Proto-Athena-4x7B,Jacoby746/Proto-Athena-4x7B,Jacoby746,24.154,>=20B,2024-09-21,2024_H2,UNKNOWN_OPEN_WEIGHTS,LICENSE_RECORDED,COMPLETE_SIX_TASK,True,6,NOT_IN_T05_BRIDGE,NOT_APPLICABLE,False,False,OBSERVED_DESCRIPTION
MODEL::Jacoby746_Proto-Athena-v0.2-4x7B,Jacoby746_Proto-Athena-v0.2-4x7B,model::Jacoby746/Proto-Athena-v0.2-4x7B,Jacoby746/Proto-Athena-v0.2-4x7B,Jacoby746,24.154,>=20B,2024-09-21,2024_H2,UNKNOWN_OPEN_WEIGHTS,LICENSE_RECORDED,COMPLETE_SIX_TASK,True,6,NOT_IN_T05_BRIDGE,NOT_APPLICABLE,False,False,OBSERVED_DESCRIPTION
MODEL::Jacoby746_Proto-Harpy-Blazing-Light-v0.1-2x7B,Jacoby746_Proto-Harpy-Blazing-Light-v0.1-2x7B,model::Jacoby746/Proto-Harpy-Blazing-Light-v0.1-2x7B,Jacoby746/Proto-Harpy-Blazing-Light-v0.1-2x7B,Jacoby746,12.879,>3B to <20B,2024-09-30,2024_H2,UNKNOWN_OPEN_WEIGHTS,UNKNOWN_LICENSE,COMPLETE_SIX_TASK,True,6,NOT_IN_T05_BRIDGE,NOT_APPLICABLE,False,False,OBSERVED_DESCRIPTION
MODEL::Jacoby746_Proto-Harpy-Spark-v0.1-7B,Jacoby746_Proto-Harpy-Spark-v0.1-7B,model::Jacoby746/Proto-Harpy-Spark-v0.1-7B,Jacoby746/Proto-Harpy-Spark-v0.1-7B,Jacoby746,7.242,>3B to <20B,2024-09-30,2024_H2,UNKNOWN_OPEN_WEIGHTS,LICENSE_RECORDED,COMPLETE_SIX_TASK,True,6,NOT_IN_T05_BRIDGE,NOT_APPLICABLE,False,False,OBSERVED_DESCRIPTION
MODEL::JayHyeon_Qwen-0.5B-DPO-1epoch,JayHyeon_Qwen-0.5B-DPO-1epoch,model::JayHyeon/Qwen-0.5B-DPO-1epoch,JayHyeon/Qwen-0.5B-DPO-1epoch,Qwen,0.494,<=3B,2024-12-26,2024_H2,UNKNOWN_OPEN_WEIGHTS,LICENSE_RECORDED,COMPLETE_SIX_TASK,True,6,NOT_IN_T05_BRIDGE,NOT_APPLICABLE,False,False,OBSERVED_DESCRIPTION
MODEL::JayHyeon_Qwen-0.5B-DPO-5epoch,JayHyeon_Qwen-0.5B-DPO-5epoch,model::JayHyeon/Qwen-0.5B-DPO-5epoch,JayHyeon/Qwen-0.5B-DPO-5epoch,Qwen,0.494,<=3B,2024-12-26,2024_H2,UNKNOWN_OPEN_WEIGHTS,LICENSE_RECORDED,COMPLETE_SIX_TASK,True,6,NOT_IN_T05_BRIDGE,NOT_APPLICABLE,False,False,OBSERVED_DESCRIPTION
MODEL::JayHyeon_Qwen-0.5B-IRPO-1epoch,JayHyeon_Qwen-0.5B-IRPO-1epoch,model::JayHyeon/Qwen-0.5B-IRPO-1epoch,JayHyeon/Qwen-0.5B-IRPO-1epoch,Qwen,0.494,<=3B,2024-12-26,2024_H2,UNKNOWN_OPEN_WEIGHTS,LICENSE_RECORDED,COMPLETE_SIX_TASK,True,6,NOT_IN_T05_BRIDGE,NOT_APPLICABLE,False,False,OBSERVED_DESCRIPTION
MODEL::JayHyeon_Qwen-0.5B-IRPO-5epoch,JayHyeon_Qwen-0.5B-IRPO-5epoch,model::JayHyeon/Qwen-0.5B-IRPO-5epoch,JayHyeon/Qwen-0.5B-IRPO-5epoch,Qwen,0.494,<=3B,2024-12-26,2024_H2,UNKNOWN_OPEN_WEIGHTS,LICENSE_RECORDED,COMPLETE_SIX_TASK,True,6,NOT_IN_T05_BRIDGE,NOT_APPLICABLE,False,False,OBSERVED_DESCRIPTION
MODEL::JayHyeon_Qwen-0.5B-eDPO-1epoch,JayHyeon_Qwen-0.5B-eDPO-1epoch,model::JayHyeon/Qwen-0.5B-eDPO-1epoch,JayHyeon/Qwen-0.5B-eDPO-1epoch,Qwen,0.494,<=3B,2024-12-26,2024_H2,UNKNOWN_OPEN_WEIGHTS,LICENSE_RECORDED,COMPLETE_SIX_TASK,True,6,NOT_IN_T05_BRIDGE,NOT_APPLICABLE,False,False,OBSERVED_DESCRIPTION
MODEL::JayHyeon_Qwen-0.5B-eDPO-5epoch,JayHyeon_Qwen-0.5B-eDPO-5epoch,model::JayHyeon/Qwen-0.5B-eDPO-5epoch,JayHyeon/Qwen-0.5B-eDPO-5epoch,Qwen,0.494,<=3B,2024-12-26,2024_H2,UNKNOWN_OPEN_WEIGHTS,LICENSE_RECORDED,COMPLETE_SIX_TASK,True,6,NOT_IN_T05_BRIDGE,NOT_APPLICABLE,False,False,OBSERVED_DESCRIPTION
MODEL::JayHyeon_Qwen2.5-0.5B-Instruct-SFT,JayHyeon_Qwen2.5-0.5B-Instruct-SFT,model::JayHyeon/Qwen2.5-0.5B-Instruct-SFT,JayHyeon/Qwen2.5-0.5B-Instruct-SFT,Qwen,0.63,<=3B,2024-12-26,2024_H2,UNKNOWN_OPEN_WEIGHTS,LICENSE_RECORDED,COMPLETE_SIX_TASK,True,6,NOT_IN_T05_BRIDGE,NOT_APPLICABLE,False,False,OBSERVED_DESCRIPTION
MODEL::JayHyeon_Qwen2.5-0.5B-Instruct-SFT-DPO-1epoch_v1,JayHyeon_Qwen2.5-0.5B-Instruct-SFT-DPO-1epoch_v1,model::JayHyeon/Qwen2.5-0.5B-Instruct-SFT-DPO-1epoch_v1,JayHyeon/Qwen2.5-0.5B-Instruct-SFT-DPO-1epoch_v1,Qwen,0.494,<=3B,2024-12-26,2024_H2,UNKNOWN_OPEN_WEIGHTS,LICENSE_RECORDED,COMPLETE_SIX_TASK,True,6,NOT_IN_T05_BRIDGE,NOT_APPLICABLE,False,False,OBSERVED_DESCRIPTION
MODEL::JayHyeon_Qwen2.5-0.5B-Instruct-SFT-IRPO-1epoch_v1,JayHyeon_Qwen2.5-0.5B-Instruct-SFT-IRPO-1epoch_v1,model::JayHyeon/Qwen2.5-0.5B-Instruct-SFT-IRPO-1epoch_v1,JayHyeon/Qwen2.5-0.5B-Instruct-SFT-IRPO-1epoch_v1,Qwen,0.494,<=3B,2024-12-26,2024_H2,UNKNOWN_OPEN_WEIGHTS,LICENSE_RECORDED,COMPLETE_SIX_TASK,True,6,NOT_IN_T05_BRIDGE,NOT_APPLICABLE,False,False,OBSERVED_DESCRIPTION
MODEL::JayHyeon_Qwen2.5-0.5B-Instruct-SFT-MDPO-1epoch_v1,JayHyeon_Qwen2.5-0.5B-Instruct-SFT-MDPO-1epoch_v1,model::JayHyeon/Qwen2.5-0.5B-Instruct-SFT-MDPO-1epoch_v1,JayHyeon/Qwen2.5-0.5B-Instruct-SFT-MDPO-1epoch_v1,Qwen,0.494,<=3B,2024-12-26,2024_H2,UNKNOWN_OPEN_WEIGHTS,LICENSE_RECORDED,COMPLETE_SIX_TASK,True,6,NOT_IN_T05_BRIDGE,NOT_APPLICABLE,False,False,OBSERVED_DESCRIPTION
MODEL::JayHyeon_Qwen2.5-0.5B-SFT,JayHyeon_Qwen2.5-0.5B-SFT,model::JayHyeon/Qwen2.5-0.5B-SFT,JayHyeon/Qwen2.5-0.5B-SFT,Qwen,0.63,<=3B,2024-12-27,2024_H2,UNKNOWN_OPEN_WEIGHTS,LICENSE_RECORDED,COMPLETE_SIX_TASK,True,6,NOT_IN_T05_BRIDGE,NOT_APPLICABLE,False,False,OBSERVED_DESCRIPTION
MODEL::JayHyeon_Qwen2.5-0.5B-SFT-1e-4,JayHyeon_Qwen2.5-0.5B-SFT-1e-4,model::JayHyeon/Qwen2.5-0.5B-SFT-1e-4,JayHyeon/Qwen2.5-0.5B-SFT-1e-4,Qwen,0.63,<=3B,2024-12-28,2024_H2,UNKNOWN_OPEN_WEIGHTS,LICENSE_RECORDED,COMPLETE_SIX_TASK,True,6,NOT_IN_T05_BRIDGE,NOT_APPLICABLE,False,False,OBSERVED_DESCRIPTION
MODEL::JayHyeon_Qwen2.5-0.5B-SFT-1e-4-2ep,JayHyeon_Qwen2.5-0.5B-SFT-1e-4-2ep,model::JayHyeon/Qwen2.5-0.5B-SFT-1e-4-2ep,JayHyeon/Qwen2.5-0.5B-SFT-1e-4-2ep,Qwen,0.63,<=3B,2024-12-29,2024_H2,UNKNOWN_OPEN_WEIGHTS,UNKNOWN_LICENSE,COMPLETE_SIX_TASK,True,6,NOT_IN_T05_BRIDGE,NOT_APPLICABLE,False,False,OBSERVED_DESCRIPTION
MODEL::JayHyeon_Qwen2.5-0.5B-SFT-1e-4-3ep,JayHyeon_Qwen2.5-0.5B-SFT-1e-4-3ep,model::JayHyeon/Qwen2.5-0.5B-SFT-1e-4-3ep,JayHyeon/Qwen2.5-0.5B-SFT-1e-4-3ep,Qwen,0.63,<=3B,2024-12-29,2024_H2,UNKNOWN_OPEN_WEIGHTS,LICENSE_RECORDED,COMPLETE_SIX_TASK,True,6,NOT_IN_T05_BRIDGE,NOT_APPLICABLE,False,False,OBSERVED_DESCRIPTION
MODEL::JayHyeon_Qwen2.5-0.5B-SFT-1e-4-5ep,JayHyeon_Qwen2.5-0.5B-SFT-1e-4-5ep,model::JayHyeon/Qwen2.5-0.5B-SFT-1e-4-5ep,JayHyeon/Qwen2.5-0.5B-SFT-1e-4-5ep,Qwen,0.63,<=3B,2024-12-29,2024_H2,UNKNOWN_OPEN_WEIGHTS,UNKNOWN_LICENSE,COMPLETE_SIX_TASK,True,6,NOT_IN_T05_BRIDGE,NOT_APPLICABLE,False,False,OBSERVED_DESCRIPTION
MODEL::JayHyeon_Qwen2.5-0.5B-SFT-1e-5,JayHyeon_Qwen2.5-0.5B-SFT-1e-5,model::JayHyeon/Qwen2.5-0.5B-SFT-1e-5,JayHyeon/Qwen2.5-0.5B-SFT-1e-5,Qwen,0.63,<=3B,2024-12-28,2024_H2,UNKNOWN_OPEN_WEIGHTS,LICENSE_RECORDED,COMPLETE_SIX_TASK,True,6,NOT_IN_T05_BRIDGE,NOT_APPLICABLE,False,False,OBSERVED_DESCRIPTION
MODEL::JayHyeon_Qwen2.5-0.5B-SFT-1e-5-2ep,JayHyeon_Qwen2.5-0.5B-SFT-1e-5-2ep,model::JayHyeon/Qwen2.5-0.5B-SFT-1e-5-2ep,JayHyeon/Qwen2.5-0.5B-SFT-1e-5-2ep,Qwen,0.63,<=3B,2024-12-29,2024_H2,UNKNOWN_OPEN_WEIGHTS,UNKNOWN_LICENSE,COMPLETE_SIX_TASK,True,6,NOT_IN_T05_BRIDGE,NOT_APPLICABLE,False,False,OBSERVED_DESCRIPTION
MODEL::JayHyeon_Qwen2.5-0.5B-SFT-1e-5-3ep,JayHyeon_Qwen2.5-0.5B-SFT-1e-5-3ep,model::JayHyeon/Qwen2.5-0.5B-SFT-1e-5-3ep,JayHyeon/Qwen2.5-0.5B-SFT-1e-5-3ep,Qwen,0.63,<=3B,2024-12-29,2024_H2,UNKNOWN_OPEN_WEIGHTS,LICENSE_RECORDED,COMPLETE_SIX_TASK,True,6,NOT_IN_T05_BRIDGE,NOT_APPLICABLE,False,False,OBSERVED_DESCRIPTION
MODEL::JayHyeon_Qwen2.5-0.5B-SFT-1e-5-5ep,JayHyeon_Qwen2.5-0.5B-SFT-1e-5-5ep,model::JayHyeon/Qwen2.5-0.5B-SFT-1e-5-5ep,JayHyeon/Qwen2.5-0.5B-SFT-1e-5-5ep,Qwen,0.63,<=3B,2024-12-29,2024_H2,UNKNOWN_OPEN_WEIGHTS,UNKNOWN_LICENSE,COMPLETE_SIX_TASK,True,6,NOT_IN_T05_BRIDGE,NOT_APPLICABLE,False,False,OBSERVED_DESCRIPTION
MODEL::JayHyeon_Qwen2.5-0.5B-SFT-2e-4,JayHyeon_Qwen2.5-0.5B-SFT-2e-4,model::JayHyeon/Qwen2.5-0.5B-SFT-2e-4,JayHyeon/Qwen2.5-0.5B-SFT-2e-4,Qwen,0.63,<=3B,2024-12-28,2024_H2,UNKNOWN_OPEN_WEIGHTS,LICENSE_RECORDED,COMPLETE_SIX_TASK,True,6,NOT_IN_T05_BRIDGE,NOT_APPLICABLE,False,False,OBSERVED_DESCRIPTION
MODEL::JayHyeon_Qwen2.5-0.5B-SFT-2e-4-2ep,JayHyeon_Qwen2.5-0.5B-SFT-2e-4-2ep,model::JayHyeon/Qwen2.5-0.5B-SFT-2e-4-2ep,JayHyeon/Qwen2.5-0.5B-SFT-2e-4-2ep,Qwen,0.63,<=3B,2024-12-29,2024_H2,UNKNOWN_OPEN_WEIGHTS,UNKNOWN_LICENSE,COMPLETE_SIX_TASK,True,6,NOT_IN_T05_BRIDGE,NOT_APPLICABLE,False,False,OBSERVED_DESCRIPTION
MODEL::JayHyeon_Qwen2.5-0.5B-SFT-2e-4-3ep,JayHyeon_Qwen2.5-0.5B-SFT-2e-4-3ep,model::JayHyeon/Qwen2.5-0.5B-SFT-2e-4-3ep,JayHyeon/Qwen2.5-0.5B-SFT-2e-4-3ep,Qwen,0.63,<=3B,2024-12-29,2024_H2,UNKNOWN_OPEN_WEIGHTS,LICENSE_RECORDED,COMPLETE_SIX_TASK,True,6,NOT_IN_T05_BRIDGE,NOT_APPLICABLE,False,False,OBSERVED_DESCRIPTION
MODEL::JayHyeon_Qwen2.5-0.5B-SFT-2e-4-5ep,JayHyeon_Qwen2.5-0.5B-SFT-2e-4-5ep,model::JayHyeon/Qwen2.5-0.5B-SFT-2e-4-5ep,JayHyeon/Qwen2.5-0.5B-SFT-2e-4-5ep,Qwen,0.63,<=3B,2024-12-29,2024_H2,UNKNOWN_OPEN_WEIGHTS,UNKNOWN_LICENSE,COMPLETE_SIX_TASK,True,6,NOT_IN_T05_BRIDGE,NOT_APPLICABLE,False,False,OBSERVED_DESCRIPTION
MODEL::JayHyeon_Qwen2.5-0.5B-SFT-2e-5,JayHyeon_Qwen2.5-0.5B-SFT-2e-5,model::JayHyeon/Qwen2.5-0.5B-SFT-2e-5,JayHyeon/Qwen2.5-0.5B-SFT-2e-5,Qwen,0.63,<=3B,2024-12-28,2024_H2,UNKNOWN_OPEN_WEIGHTS,LICENSE_RECORDED,COMPLETE_SIX_TASK,True,6,NOT_IN_T05_BRIDGE,NOT_APPLICABLE,False,False,OBSERVED_DESCRIPTION
MODEL::JayHyeon_Qwen2.5-0.5B-SFT-2e-5-2ep,JayHyeon_Qwen2.5-0.5B-SFT-2e-5-2ep,model::JayHyeon/Qwen2.5-0.5B-SFT-2e-5-2ep,JayHyeon/Qwen2.5-0.5B-SFT-2e-5-2ep,Qwen,0.63,<=3B,2024-12-29,2024_H2,UNKNOWN_OPEN_WEIGHTS,UNKNOWN_LICENSE,COMPLETE_SIX_TASK,True,6,NOT_IN_T05_BRIDGE,NOT_APPLICABLE,False,False,OBSERVED_DESCRIPTION
MODEL::JayHyeon_Qwen2.5-0.5B-SFT-2e-5-2ep-DPOP_3e-7-3ep_0alp_5lam,JayHyeon_Qwen2.5-0.5B-SFT-2e-5-2ep-DPOP_3e-7-3ep_0alp_5lam,model::JayHyeon/Qwen2.5-0.5B-SFT-2e-5-2ep-DPOP_3e-7-3ep_0alp_5lam,JayHyeon/Qwen2.5-0.5B-SFT-2e-5-2ep-DPOP_3e-7-3ep_0alp_5lam,Qwen,0.63,<=3B,2025-01-07,2025_Q1,UNKNOWN_OPEN_WEIGHTS,UNKNOWN_LICENSE,COMPLETE_SIX_TASK,True,6,NOT_IN_T05_BRIDGE,NOT_APPLICABLE,False,False,OBSERVED_DESCRIPTION
MODEL::JayHyeon_Qwen2.5-0.5B-SFT-2e-5-2ep-DPOP_5e-6-1ep_0alp_5lam,JayHyeon_Qwen2.5-0.5B-SFT-2e-5-2ep-DPOP_5e-6-1ep_0alp_5lam,model::JayHyeon/Qwen2.5-0.5B-SFT-2e-5-2ep-DPOP_5e-6-1ep_0alp_5lam,JayHyeon/Qwen2.5-0.5B-SFT-2e-5-2ep-DPOP_5e-6-1ep_0alp_5lam,Qwen,0.494,<=3B,2025-01-03,2025_Q1,UNKNOWN_OPEN_WEIGHTS,UNKNOWN_LICENSE,COMPLETE_SIX_TASK,True,6,NOT_IN_T05_BRIDGE,NOT_APPLICABLE,False,False,OBSERVED_DESCRIPTION
MODEL::JayHyeon_Qwen2.5-0.5B-SFT-2e-5-2ep-DPOP_5e-6-2ep_0alp_5lam,JayHyeon_Qwen2.5-0.5B-SFT-2e-5-2ep-DPOP_5e-6-2ep_0alp_5lam,model::JayHyeon/Qwen2.5-0.5B-SFT-2e-5-2ep-DPOP_5e-6-2ep_0alp_5lam,JayHyeon/Qwen2.5-0.5B-SFT-2e-5-2ep-DPOP_5e-6-2ep_0alp_5lam,Qwen,0.494,<=3B,2025-01-03,2025_Q1,UNKNOWN_OPEN_WEIGHTS,UNKNOWN_LICENSE,COMPLETE_SIX_TASK,True,6,NOT_IN_T05_BRIDGE,NOT_APPLICABLE,False,False,OBSERVED_DESCRIPTION
MODEL::JayHyeon_Qwen2.5-0.5B-SFT-2e-5-2ep-DPOP_5e-6-3ep_0alp_5lam,JayHyeon_Qwen2.5-0.5B-SFT-2e-5-2ep-DPOP_5e-6-3ep_0alp_5lam,model::JayHyeon/Qwen2.5-0.5B-SFT-2e-5-2ep-DPOP_5e-6-3ep_0alp_5lam,JayHyeon/Qwen2.5-0.5B-SFT-2e-5-2ep-DPOP_5e-6-3ep_0alp_5lam,Qwen,0.63,<=3B,2025-01-03,2025_Q1,UNKNOWN_OPEN_WEIGHTS,UNKNOWN_LICENSE,COMPLETE_SIX_TASK,True,6,NOT_IN_T05_BRIDGE,NOT_APPLICABLE,False,False,OBSERVED_DESCRIPTION
MODEL::JayHyeon_Qwen2.5-0.5B-SFT-2e-5-2ep-DPOP_5e-7-1ep_0alp_5lam,JayHyeon_Qwen2.5-0.5B-SFT-2e-5-2ep-DPOP_5e-7-1ep_0alp_5lam,model::JayHyeon/Qwen2.5-0.5B-SFT-2e-5-2ep-DPOP_5e-7-1ep_0alp_5lam,JayHyeon/Qwen2.5-0.5B-SFT-2e-5-2ep-DPOP_5e-7-1ep_0alp_5lam,Qwen,0.494,<=3B,2025-01-02,2025_Q1,UNKNOWN_OPEN_WEIGHTS,UNKNOWN_LICENSE,COMPLETE_SIX_TASK,True,6,NOT_IN_T05_BRIDGE,NOT_APPLICABLE,False,False,OBSERVED_DESCRIPTION
MODEL::JayHyeon_Qwen2.5-0.5B-SFT-2e-5-2ep-DPOP_5e-7-2ep_0alp_5lam,JayHyeon_Qwen2.5-0.5B-SFT-2e-5-2ep-DPOP_5e-7-2ep_0alp_5lam,model::JayHyeon/Qwen2.5-0.5B-SFT-2e-5-2ep-DPOP_5e-7-2ep_0alp_5lam,JayHyeon/Qwen2.5-0.5B-SFT-2e-5-2ep-DPOP_5e-7-2ep_0alp_5lam,Qwen,0.494,<=3B,2025-01-02,2025_Q1,UNKNOWN_OPEN_WEIGHTS,UNKNOWN_LICENSE,COMPLETE_SIX_TASK,True,6,NOT_IN_T05_BRIDGE,NOT_APPLICABLE,False,False,OBSERVED_DESCRIPTION
MODEL::JayHyeon_Qwen2.5-0.5B-SFT-2e-5-2ep-DPOP_5e-7-3ep_0alp_5lam,JayHyeon_Qwen2.5-0.5B-SFT-2e-5-2ep-DPOP_5e-7-3ep_0alp_5lam,model::JayHyeon/Qwen2.5-0.5B-SFT-2e-5-2ep-DPOP_5e-7-3ep_0alp_5lam,JayHyeon/Qwen2.5-0.5B-SFT-2e-5-2ep-DPOP_5e-7-3ep_0alp_5lam,Qwen,0.63,<=3B,2025-01-02,2025_Q1,UNKNOWN_OPEN_WEIGHTS,UNKNOWN_LICENSE,COMPLETE_SIX_TASK,True,6,NOT_IN_T05_BRIDGE,NOT_APPLICABLE,False,False,OBSERVED_DESCRIPTION
MODEL::JayHyeon_Qwen2.5-0.5B-SFT-2e-5-2ep-DPO_1e-6-1ep_0alp_0lam,JayHyeon_Qwen2.5-0.5B-SFT-2e-5-2ep-DPO_1e-6-1ep_0alp_0lam,model::JayHyeon/Qwen2.5-0.5B-SFT-2e-5-2ep-DPO_1e-6-1ep_0alp_0lam,JayHyeon/Qwen2.5-0.5B-SFT-2e-5-2ep-DPO_1e-6-1ep_0alp_0lam,Qwen,0.494,<=3B,2025-01-02,2025_Q1,UNKNOWN_OPEN_WEIGHTS,UNKNOWN_LICENSE,COMPLETE_SIX_TASK,True,6,NOT_IN_T05_BRIDGE,NOT_APPLICABLE,False,False,OBSERVED_DESCRIPTION
MODEL::JayHyeon_Qwen2.5-0.5B-SFT-2e-5-2ep-DPO_1e-6-2ep_0alp_0lam,JayHyeon_Qwen2.5-0.5B-SFT-2e-5-2ep-DPO_1e-6-2ep_0alp_0lam,model::JayHyeon/Qwen2.5-0.5B-SFT-2e-5-2ep-DPO_1e-6-2ep_0alp_0lam,JayHyeon/Qwen2.5-0.5B-SFT-2e-5-2ep-DPO_1e-6-2ep_0alp_0lam,Qwen,0.494,<=3B,2025-01-02,2025_Q1,UNKNOWN_OPEN_WEIGHTS,UNKNOWN_LICENSE,COMPLETE_SIX_TASK,True,6,NOT_IN_T05_BRIDGE,NOT_APPLICABLE,False,False,OBSERVED_DESCRIPTION
MODEL::JayHyeon_Qwen2.5-0.5B-SFT-2e-5-2ep-DPO_1e-6-3ep_0alp_0lam,JayHyeon_Qwen2.5-0.5B-SFT-2e-5-2ep-DPO_1e-6-3ep_0alp_0lam,model::JayHyeon/Qwen2.5-0.5B-SFT-2e-5-2ep-DPO_1e-6-3ep_0alp_0lam,JayHyeon/Qwen2.5-0.5B-SFT-2e-5-2ep-DPO_1e-6-3ep_0alp_0lam,Qwen,0.63,<=3B,2025-01-02,2025_Q1,UNKNOWN_OPEN_WEIGHTS,UNKNOWN_LICENSE,COMPLETE_SIX_TASK,True,6,NOT_IN_T05_BRIDGE,NOT_APPLICABLE,False,False,OBSERVED_DESCRIPTION
MODEL::JayHyeon_Qwen2.5-0.5B-SFT-2e-5-2ep-DPO_1e-7-2ep_0alp_0lam,JayHyeon_Qwen2.5-0.5B-SFT-2e-5-2ep-DPO_1e-7-2ep_0alp_0lam,model::JayHyeon/Qwen2.5-0.5B-SFT-2e-5-2ep-DPO_1e-7-2ep_0alp_0lam,JayHyeon/Qwen2.5-0.5B-SFT-2e-5-2ep-DPO_1e-7-2ep_0alp_0lam,Qwen,0.494,<=3B,2025-01-07,2025_Q1,UNKNOWN_OPEN_WEIGHTS,UNKNOWN_LICENSE,COMPLETE_SIX_TASK,True,6,NOT_IN_T05_BRIDGE,NOT_APPLICABLE,False,False,OBSERVED_DESCRIPTION
MODEL::JayHyeon_Qwen2.5-0.5B-SFT-2e-5-2ep-DPO_1e-7-3ep_0alp_0lam,JayHyeon_Qwen2.5-0.5B-SFT-2e-5-2ep-DPO_1e-7-3ep_0alp_0lam,model::JayHyeon/Qwen2.5-0.5B-SFT-2e-5-2ep-DPO_1e-7-3ep_0alp_0lam,JayHyeon/Qwen2.5-0.5B-SFT-2e-5-2ep-DPO_1e-7-3ep_0alp_0lam,Qwen,0.63,<=3B,2025-01-07,2025_Q1,UNKNOWN_OPEN_WEIGHTS,UNKNOWN_LICENSE,COMPLETE_SIX_TASK,True,6,NOT_IN_T05_BRIDGE,NOT_APPLICABLE,False,False,OBSERVED_DESCRIPTION
MODEL::JayHyeon_Qwen2.5-0.5B-SFT-2e-5-2ep-DPO_2e-6-1ep_0alp_0lam,JayHyeon_Qwen2.5-0.5B-SFT-2e-5-2ep-DPO_2e-6-1ep_0alp_0lam,model::JayHyeon/Qwen2.5-0.5B-SFT-2e-5-2ep-DPO_2e-6-1ep_0alp_0lam,JayHyeon/Qwen2.5-0.5B-SFT-2e-5-2ep-DPO_2e-6-1ep_0alp_0lam,Qwen,0.494,<=3B,2025-01-02,2025_Q1,UNKNOWN_OPEN_WEIGHTS,UNKNOWN_LICENSE,COMPLETE_SIX_TASK,True,6,NOT_IN_T05_BRIDGE,NOT_APPLICABLE,False,False,OBSERVED_DESCRIPTION
MODEL::JayHyeon_Qwen2.5-0.5B-SFT-2e-5-2ep-DPO_2e-6-2ep_0alp_0lam,JayHyeon_Qwen2.5-0.5B-SFT-2e-5-2ep-DPO_2e-6-2ep_0alp_0lam,model::JayHyeon/Qwen2.5-0.5B-SFT-2e-5-2ep-DPO_2e-6-2ep_0alp_0lam,JayHyeon/Qwen2.5-0.5B-SFT-2e-5-2ep-DPO_2e-6-2ep_0alp_0lam,Qwen,0.494,<=3B,2025-01-02,2025_Q1,UNKNOWN_OPEN_WEIGHTS,UNKNOWN_LICENSE,COMPLETE_SIX_TASK,True,6,NOT_IN_T05_BRIDGE,NOT_APPLICABLE,False,False,OBSERVED_DESCRIPTION
MODEL::JayHyeon_Qwen2.5-0.5B-SFT-2e-5-2ep-DPO_2e-6-3ep_0alp_0lam,JayHyeon_Qwen2.5-0.5B-SFT-2e-5-2ep-DPO_2e-6-3ep_0alp_0lam,model::JayHyeon/Qwen2.5-0.5B-SFT-2e-5-2ep-DPO_2e-6-3ep_0alp_0lam,JayHyeon/Qwen2.5-0.5B-SFT-2e-5-2ep-DPO_2e-6-3ep_0alp_0lam,Qwen,0.63,<=3B,2025-01-02,2025_Q1,UNKNOWN_OPEN_WEIGHTS,UNKNOWN_LICENSE,COMPLETE_SIX_TASK,True,6,NOT_IN_T05_BRIDGE,NOT_APPLICABLE,False,False,OBSERVED_DESCRIPTION
MODEL::JayHyeon_Qwen2.5-0.5B-SFT-2e-5-2ep-DPO_3e-6-1ep_0alp_0lam,JayHyeon_Qwen2.5-0.5B-SFT-2e-5-2ep-DPO_3e-6-1ep_0alp_0lam,model::JayHyeon/Qwen2.5-0.5B-SFT-2e-5-2ep-DPO_3e-6-1ep_0alp_0lam,JayHyeon/Qwen2.5-0.5B-SFT-2e-5-2ep-DPO_3e-6-1ep_0alp_0lam,Qwen,0.494,<=3B,2025-01-02,2025_Q1,UNKNOWN_OPEN_WEIGHTS,UNKNOWN_LICENSE,COMPLETE_SIX_TASK,True,6,NOT_IN_T05_BRIDGE,NOT_APPLICABLE,False,False,OBSERVED_DESCRIPTION
MODEL::JayHyeon_Qwen2.5-0.5B-SFT-2e-5-2ep-DPO_3e-6-2ep_0alp_0lam,JayHyeon_Qwen2.5-0.5B-SFT-2e-5-2ep-DPO_3e-6-2ep_0alp_0lam,model::JayHyeon/Qwen2.5-0.5B-SFT-2e-5-2ep-DPO_3e-6-2ep_0alp_0lam,JayHyeon/Qwen2.5-0.5B-SFT-2e-5-2ep-DPO_3e-6-2ep_0alp_0lam,Qwen,0.494,<=3B,2025-01-02,2025_Q1,UNKNOWN_OPEN_WEIGHTS,UNKNOWN_LICENSE,COMPLETE_SIX_TASK,True,6,NOT_IN_T05_BRIDGE,NOT_APPLICABLE,False,False,OBSERVED_DESCRIPTION
MODEL::JayHyeon_Qwen2.5-0.5B-SFT-2e-5-2ep-DPO_3e-6-3ep_0alp_0lam,JayHyeon_Qwen2.5-0.5B-SFT-2e-5-2ep-DPO_3e-6-3ep_0alp_0lam,model::JayHyeon/Qwen2.5-0.5B-SFT-2e-5-2ep-DPO_3e-6-3ep_0alp_0lam,JayHyeon/Qwen2.5-0.5B-SFT-2e-5-2ep-DPO_3e-6-3ep_0alp_0lam,Qwen,0.63,<=3B,2025-01-02,2025_Q1,UNKNOWN_OPEN_WEIGHTS,UNKNOWN_LICENSE,COMPLETE_SIX_TASK,True,6,NOT_IN_T05_BRIDGE,NOT_APPLICABLE,False,False,OBSERVED_DESCRIPTION
MODEL::JayHyeon_Qwen2.5-0.5B-SFT-2e-5-2ep-DPO_3e-7-3ep_0alp_0lam,JayHyeon_Qwen2.5-0.5B-SFT-2e-5-2ep-DPO_3e-7-3ep_0alp_0lam,model::JayHyeon/Qwen2.5-0.5B-SFT-2e-5-2ep-DPO_3e-7-3ep_0alp_0lam,JayHyeon/Qwen2.5-0.5B-SFT-2e-5-2ep-DPO_3e-7-3ep_0alp_0lam,Qwen,0.63,<=3B,2025-01-07,2025_Q1,UNKNOWN_OPEN_WEIGHTS,UNKNOWN_LICENSE,COMPLETE_SIX_TASK,True,6,NOT_IN_T05_BRIDGE,NOT_APPLICABLE,False,False,OBSERVED_DESCRIPTION
MODEL::JayHyeon_Qwen2.5-0.5B-SFT-2e-5-2ep-DPO_5e-6-1ep_0alp_0lam,JayHyeon_Qwen2.5-0.5B-SFT-2e-5-2ep-DPO_5e-6-1ep_0alp_0lam,model::JayHyeon/Qwen2.5-0.5B-SFT-2e-5-2ep-DPO_5e-6-1ep_0alp_0lam,JayHyeon/Qwen2.5-0.5B-SFT-2e-5-2ep-DPO_5e-6-1ep_0alp_0lam,Qwen,0.494,<=3B,2025-01-02,2025_Q1,UNKNOWN_OPEN_WEIGHTS,UNKNOWN_LICENSE,COMPLETE_SIX_TASK,True,6,NOT_IN_T05_BRIDGE,NOT_APPLICABLE,False,False,OBSERVED_DESCRIPTION
MODEL::JayHyeon_Qwen2.5-0.5B-SFT-2e-5-2ep-DPO_5e-6-2ep_0alp_0lam,JayHyeon_Qwen2.5-0.5B-SFT-2e-5-2ep-DPO_5e-6-2ep_0alp_0lam,model::JayHyeon/Qwen2.5-0.5B-SFT-2e-5-2ep-DPO_5e-6-2ep_0alp_0lam,JayHyeon/Qwen2.5-0.5B-SFT-2e-5-2ep-DPO_5e-6-2ep_0alp_0lam,Qwen,0.494,<=3B,2025-01-02,2025_Q1,UNKNOWN_OPEN_WEIGHTS,UNKNOWN_LICENSE,COMPLETE_SIX_TASK,True,6,NOT_IN_T05_BRIDGE,NOT_APPLICABLE,False,False,OBSERVED_DESCRIPTION
MODEL::JayHyeon_Qwen2.5-0.5B-SFT-2e-5-2ep-DPO_5e-6-3ep_0alp_0lam,JayHyeon_Qwen2.5-0.5B-SFT-2e-5-2ep-DPO_5e-6-3ep_0alp_0lam,model::JayHyeon/Qwen2.5-0.5B-SFT-2e-5-2ep-DPO_5e-6-3ep_0alp_0lam,JayHyeon/Qwen2.5-0.5B-SFT-2e-5-2ep-DPO_5e-6-3ep_0alp_0lam,Qwen,0.63,<=3B,2025-01-03,2025_Q1,UNKNOWN_OPEN_WEIGHTS,UNKNOWN_LICENSE,COMPLETE_SIX_TASK,True,6,NOT_IN_T05_BRIDGE,NOT_APPLICABLE,False,False,OBSERVED_DESCRIPTION
MODEL::JayHyeon_Qwen2.5-0.5B-SFT-2e-5-2ep-DPO_5e-7_1ep_0alp_0lam,JayHyeon_Qwen2.5-0.5B-SFT-2e-5-2ep-DPO_5e-7_1ep_0alp_0lam,model::JayHyeon/Qwen2.5-0.5B-SFT-2e-5-2ep-DPO_5e-7_1ep_0alp_0lam,JayHyeon/Qwen2.5-0.5B-SFT-2e-5-2ep-DPO_5e-7_1ep_0alp_0lam,Qwen,0.494,<=3B,2025-01-01,2025_Q1,UNKNOWN_OPEN_WEIGHTS,UNKNOWN_LICENSE,COMPLETE_SIX_TASK,True,6,NOT_IN_T05_BRIDGE,NOT_APPLICABLE,False,False,OBSERVED_DESCRIPTION
MODEL::JayHyeon_Qwen2.5-0.5B-SFT-2e-5-2ep-DPO_5e-7_2ep_0alp_0lam,JayHyeon_Qwen2.5-0.5B-SFT-2e-5-2ep-DPO_5e-7_2ep_0alp_0lam,model::JayHyeon/Qwen2.5-0.5B-SFT-2e-5-2ep-DPO_5e-7_2ep_0alp_0lam,JayHyeon/Qwen2.5-0.5B-SFT-2e-5-2ep-DPO_5e-7_2ep_0alp_0lam,Qwen,0.494,<=3B,2025-01-01,2025_Q1,UNKNOWN_OPEN_WEIGHTS,UNKNOWN_LICENSE,COMPLETE_SIX_TASK,True,6,NOT_IN_T05_BRIDGE,NOT_APPLICABLE,False,False,OBSERVED_DESCRIPTION
MODEL::JayHyeon_Qwen2.5-0.5B-SFT-2e-5-2ep-DPO_5e-7_3ep_0alp_0lam,JayHyeon_Qwen2.5-0.5B-SFT-2e-5-2ep-DPO_5e-7_3ep_0alp_0lam,model::JayHyeon/Qwen2.5-0.5B-SFT-2e-5-2ep-DPO_5e-7_3ep_0alp_0lam,JayHyeon/Qwen2.5-0.5B-SFT-2e-5-2ep-DPO_5e-7_3ep_0alp_0lam,Qwen,0.494,<=3B,2025-01-01,2025_Q1,UNKNOWN_OPEN_WEIGHTS,UNKNOWN_LICENSE,COMPLETE_SIX_TASK,True,6,NOT_IN_T05_BRIDGE,NOT_APPLICABLE,False,False,OBSERVED_DESCRIPTION
MODEL::JayHyeon_Qwen2.5-0.5B-SFT-2e-5-2ep-DPO_7e-7_1ep_0alp_0lam,JayHyeon_Qwen2.5-0.5B-SFT-2e-5-2ep-DPO_7e-7_1ep_0alp_0lam,model::JayHyeon/Qwen2.5-0.5B-SFT-2e-5-2ep-DPO_7e-7_1ep_0alp_0lam,JayHyeon/Qwen2.5-0.5B-SFT-2e-5-2ep-DPO_7e-7_1ep_0alp_0lam,Qwen,0.494,<=3B,2025-01-01,2025_Q1,UNKNOWN_OPEN_WEIGHTS,UNKNOWN_LICENSE,COMPLETE_SIX_TASK,True,6,NOT_IN_T05_BRIDGE,NOT_APPLICABLE,False,False,OBSERVED_DESCRIPTION
MODEL::JayHyeon_Qwen2.5-0.5B-SFT-2e-5-2ep-DPO_7e-7_2ep_0alp_0lam,JayHyeon_Qwen2.5-0.5B-SFT-2e-5-2ep-DPO_7e-7_2ep_0alp_0lam,model::JayHyeon/Qwen2.5-0.5B-SFT-2e-5-2ep-DPO_7e-7_2ep_0alp_0lam,JayHyeon/Qwen2.5-0.5B-SFT-2e-5-2ep-DPO_7e-7_2ep_0alp_0lam,Qwen,0.494,<=3B,2025-01-01,2025_Q1,UNKNOWN_OPEN_WEIGHTS,UNKNOWN_LICENSE,COMPLETE_SIX_TASK,True,6,NOT_IN_T05_BRIDGE,NOT_APPLICABLE,False,False,OBSERVED_DESCRIPTION
MODEL::JayHyeon_Qwen2.5-0.5B-SFT-2e-5-2ep-DPO_7e-7_3ep_0alp_0lam,JayHyeon_Qwen2.5-0.5B-SFT-2e-5-2ep-DPO_7e-7_3ep_0alp_0lam,model::JayHyeon/Qwen2.5-0.5B-SFT-2e-5-2ep-DPO_7e-7_3ep_0alp_0lam,JayHyeon/Qwen2.5-0.5B-SFT-2e-5-2ep-DPO_7e-7_3ep_0alp_0lam,Qwen,0.494,<=3B,2025-01-01,2025_Q1,UNKNOWN_OPEN_WEIGHTS,UNKNOWN_LICENSE,COMPLETE_SIX_TASK,True,6,NOT_IN_T05_BRIDGE,NOT_APPLICABLE,False,False,OBSERVED_DESCRIPTION
MODEL::JayHyeon_Qwen2.5-0.5B-SFT-2e-5-2ep-IRPO_1e-7-1ep_1alp_0lam,JayHyeon_Qwen2.5-0.5B-SFT-2e-5-2ep-IRPO_1e-7-1ep_1alp_0lam,model::JayHyeon/Qwen2.5-0.5B-SFT-2e-5-2ep-IRPO_1e-7-1ep_1alp_0lam,JayHyeon/Qwen2.5-0.5B-SFT-2e-5-2ep-IRPO_1e-7-1ep_1alp_0lam,Qwen,0.494,<=3B,2025-01-07,2025_Q1,UNKNOWN_OPEN_WEIGHTS,UNKNOWN_LICENSE,COMPLETE_SIX_TASK,True,6,NOT_IN_T05_BRIDGE,NOT_APPLICABLE,False,False,OBSERVED_DESCRIPTION
MODEL::JayHyeon_Qwen2.5-0.5B-SFT-2e-5-2ep-IRPO_1e-7-2ep_1alp_0lam,JayHyeon_Qwen2.5-0.5B-SFT-2e-5-2ep-IRPO_1e-7-2ep_1alp_0lam,model::JayHyeon/Qwen2.5-0.5B-SFT-2e-5-2ep-IRPO_1e-7-2ep_1alp_0lam,JayHyeon/Qwen2.5-0.5B-SFT-2e-5-2ep-IRPO_1e-7-2ep_1alp_0lam,Qwen,0.494,<=3B,2025-01-07,2025_Q1,UNKNOWN_OPEN_WEIGHTS,UNKNOWN_LICENSE,COMPLETE_SIX_TASK,True,6,NOT_IN_T05_BRIDGE,NOT_APPLICABLE,False,False,OBSERVED_DESCRIPTION
MODEL::JayHyeon_Qwen2.5-0.5B-SFT-2e-5-2ep-IRPO_1e-7-3ep_1alp_0lam,JayHyeon_Qwen2.5-0.5B-SFT-2e-5-2ep-IRPO_1e-7-3ep_1alp_0lam,model::JayHyeon/Qwen2.5-0.5B-SFT-2e-5-2ep-IRPO_1e-7-3ep_1alp_0lam,JayHyeon/Qwen2.5-0.5B-SFT-2e-5-2ep-IRPO_1e-7-3ep_1alp_0lam,Qwen,0.63,<=3B,2025-01-07,2025_Q1,UNKNOWN_OPEN_WEIGHTS,UNKNOWN_LICENSE,COMPLETE_SIX_TASK,True,6,NOT_IN_T05_BRIDGE,NOT_APPLICABLE,False,False,OBSERVED_DESCRIPTION
MODEL::JayHyeon_Qwen2.5-0.5B-SFT-2e-5-2ep-IRPO_3e-7-3ep_1alp_0lam,JayHyeon_Qwen2.5-0.5B-SFT-2e-5-2ep-IRPO_3e-7-3ep_1alp_0lam,model::JayHyeon/Qwen2.5-0.5B-SFT-2e-5-2ep-IRPO_3e-7-3ep_1alp_0lam,JayHyeon/Qwen2.5-0.5B-SFT-2e-5-2ep-IRPO_3e-7-3ep_1alp_0lam,Qwen,0.63,<=3B,2025-01-07,2025_Q1,UNKNOWN_OPEN_WEIGHTS,UNKNOWN_LICENSE,COMPLETE_SIX_TASK,True,6,NOT_IN_T05_BRIDGE,NOT_APPLICABLE,False,False,OBSERVED_DESCRIPTION
MODEL::JayHyeon_Qwen2.5-0.5B-SFT-2e-5-2ep-IRPO_5e-6-1ep_1alp_0lam,JayHyeon_Qwen2.5-0.5B-SFT-2e-5-2ep-IRPO_5e-6-1ep_1alp_0lam,model::JayHyeon/Qwen2.5-0.5B-SFT-2e-5-2ep-IRPO_5e-6-1ep_1alp_0lam,JayHyeon/Qwen2.5-0.5B-SFT-2e-5-2ep-IRPO_5e-6-1ep_1alp_0lam,Qwen,0.494,<=3B,2025-01-03,2025_Q1,UNKNOWN_OPEN_WEIGHTS,UNKNOWN_LICENSE,COMPLETE_SIX_TASK,True,6,NOT_IN_T05_BRIDGE,NOT_APPLICABLE,False,False,OBSERVED_DESCRIPTION
MODEL::JayHyeon_Qwen2.5-0.5B-SFT-2e-5-2ep-IRPO_5e-6-2ep_1alp_0lam,JayHyeon_Qwen2.5-0.5B-SFT-2e-5-2ep-IRPO_5e-6-2ep_1alp_0lam,model::JayHyeon/Qwen2.5-0.5B-SFT-2e-5-2ep-IRPO_5e-6-2ep_1alp_0lam,JayHyeon/Qwen2.5-0.5B-SFT-2e-5-2ep-IRPO_5e-6-2ep_1alp_0lam,Qwen,0.494,<=3B,2025-01-03,2025_Q1,UNKNOWN_OPEN_WEIGHTS,UNKNOWN_LICENSE,COMPLETE_SIX_TASK,True,6,NOT_IN_T05_BRIDGE,NOT_APPLICABLE,False,False,OBSERVED_DESCRIPTION
MODEL::JayHyeon_Qwen2.5-0.5B-SFT-2e-5-2ep-IRPO_5e-6-3ep_1alp_0lam,JayHyeon_Qwen2.5-0.5B-SFT-2e-5-2ep-IRPO_5e-6-3ep_1alp_0lam,model::JayHyeon/Qwen2.5-0.5B-SFT-2e-5-2ep-IRPO_5e-6-3ep_1alp_0lam,JayHyeon/Qwen2.5-0.5B-SFT-2e-5-2ep-IRPO_5e-6-3ep_1alp_0lam,Qwen,0.63,<=3B,2025-01-03,2025_Q1,UNKNOWN_OPEN_WEIGHTS,UNKNOWN_LICENSE,COMPLETE_SIX_TASK,True,6,NOT_IN_T05_BRIDGE,NOT_APPLICABLE,False,False,OBSERVED_DESCRIPTION
MODEL::JayHyeon_Qwen2.5-0.5B-SFT-2e-5-2ep-IRPO_5e-7-1ep_1alp_0lam,JayHyeon_Qwen2.5-0.5B-SFT-2e-5-2ep-IRPO_5e-7-1ep_1alp_0lam,model::JayHyeon/Qwen2.5-0.5B-SFT-2e-5-2ep-IRPO_5e-7-1ep_1alp_0lam,JayHyeon/Qwen2.5-0.5B-SFT-2e-5-2ep-IRPO_5e-7-1ep_1alp_0lam,Qwen,0.494,<=3B,2025-01-02,2025_Q1,UNKNOWN_OPEN_WEIGHTS,UNKNOWN_LICENSE,COMPLETE_SIX_TASK,True,6,NOT_IN_T05_BRIDGE,NOT_APPLICABLE,False,False,OBSERVED_DESCRIPTION
MODEL::JayHyeon_Qwen2.5-0.5B-SFT-2e-5-2ep-IRPO_5e-7-2ep_1alp_0lam,JayHyeon_Qwen2.5-0.5B-SFT-2e-5-2ep-IRPO_5e-7-2ep_1alp_0lam,model::JayHyeon/Qwen2.5-0.5B-SFT-2e-5-2ep-IRPO_5e-7-2ep_1alp_0lam,JayHyeon/Qwen2.5-0.5B-SFT-2e-5-2ep-IRPO_5e-7-2ep_1alp_0lam,Qwen,0.494,<=3B,2025-01-02,2025_Q1,UNKNOWN_OPEN_WEIGHTS,UNKNOWN_LICENSE,COMPLETE_SIX_TASK,True,6,NOT_IN_T05_BRIDGE,NOT_APPLICABLE,False,False,OBSERVED_DESCRIPTION
MODEL::JayHyeon_Qwen2.5-0.5B-SFT-2e-5-2ep-IRPO_5e-7-3ep_1alp_0lam,JayHyeon_Qwen2.5-0.5B-SFT-2e-5-2ep-IRPO_5e-7-3ep_1alp_0lam,model::JayHyeon/Qwen2.5-0.5B-SFT-2e-5-2ep-IRPO_5e-7-3ep_1alp_0lam,JayHyeon/Qwen2.5-0.5B-SFT-2e-5-2ep-IRPO_5e-7-3ep_1alp_0lam,Qwen,0.63,<=3B,2025-01-02,2025_Q1,UNKNOWN_OPEN_WEIGHTS,UNKNOWN_LICENSE,COMPLETE_SIX_TASK,True,6,NOT_IN_T05_BRIDGE,NOT_APPLICABLE,False,False,OBSERVED_DESCRIPTION
MODEL::JayHyeon_Qwen2.5-0.5B-SFT-2e-5-2ep-MDPO_0.5_1e-7-1ep_0alp_0lam,JayHyeon_Qwen2.5-0.5B-SFT-2e-5-2ep-MDPO_0.5_1e-7-1ep_0alp_0lam,model::JayHyeon/Qwen2.5-0.5B-SFT-2e-5-2ep-MDPO_0.5_1e-7-1ep_0alp_0lam,JayHyeon/Qwen2.5-0.5B-SFT-2e-5-2ep-MDPO_0.5_1e-7-1ep_0alp_0lam,Qwen,0.494,<=3B,2025-01-07,2025_Q1,UNKNOWN_OPEN_WEIGHTS,UNKNOWN_LICENSE,COMPLETE_SIX_TASK,True,6,NOT_IN_T05_BRIDGE,NOT_APPLICABLE,False,False,OBSERVED_DESCRIPTION
MODEL::JayHyeon_Qwen2.5-0.5B-SFT-2e-5-2ep-MDPO_0.5_1e-7-2ep_0alp_0lam,JayHyeon_Qwen2.5-0.5B-SFT-2e-5-2ep-MDPO_0.5_1e-7-2ep_0alp_0lam,model::JayHyeon/Qwen2.5-0.5B-SFT-2e-5-2ep-MDPO_0.5_1e-7-2ep_0alp_0lam,JayHyeon/Qwen2.5-0.5B-SFT-2e-5-2ep-MDPO_0.5_1e-7-2ep_0alp_0lam,Qwen,0.494,<=3B,2025-01-07,2025_Q1,UNKNOWN_OPEN_WEIGHTS,UNKNOWN_LICENSE,COMPLETE_SIX_TASK,True,6,NOT_IN_T05_BRIDGE,NOT_APPLICABLE,False,False,OBSERVED_DESCRIPTION
MODEL::JayHyeon_Qwen2.5-0.5B-SFT-2e-5-2ep-MDPO_0.5_1e-7-3ep_0alp_0lam,JayHyeon_Qwen2.5-0.5B-SFT-2e-5-2ep-MDPO_0.5_1e-7-3ep_0alp_0lam,model::JayHyeon/Qwen2.5-0.5B-SFT-2e-5-2ep-MDPO_0.5_1e-7-3ep_0alp_0lam,JayHyeon/Qwen2.5-0.5B-SFT-2e-5-2ep-MDPO_0.5_1e-7-3ep_0alp_0lam,Qwen,0.63,<=3B,2025-01-07,2025_Q1,UNKNOWN_OPEN_WEIGHTS,UNKNOWN_LICENSE,COMPLETE_SIX_TASK,True,6,NOT_IN_T05_BRIDGE,NOT_APPLICABLE,False,False,OBSERVED_DESCRIPTION
MODEL::JayHyeon_Qwen2.5-0.5B-SFT-2e-5-2ep-MDPO_1e-6-3ep_0alp_0lam,JayHyeon_Qwen2.5-0.5B-SFT-2e-5-2ep-MDPO_1e-6-3ep_0alp_0lam,model::JayHyeon/Qwen2.5-0.5B-SFT-2e-5-2ep-MDPO_1e-6-3ep_0alp_0lam,JayHyeon/Qwen2.5-0.5B-SFT-2e-5-2ep-MDPO_1e-6-3ep_0alp_0lam,Qwen,0.63,<=3B,2025-01-01,2025_Q1,UNKNOWN_OPEN_WEIGHTS,UNKNOWN_LICENSE,COMPLETE_SIX_TASK,True,6,NOT_IN_T05_BRIDGE,NOT_APPLICABLE,False,False,OBSERVED_DESCRIPTION
MODEL::JayHyeon_Qwen2.5-0.5B-SFT-2e-5-2ep-MDPO_1e-6_1ep_0alp_0lam,JayHyeon_Qwen2.5-0.5B-SFT-2e-5-2ep-MDPO_1e-6_1ep_0alp_0lam,model::JayHyeon/Qwen2.5-0.5B-SFT-2e-5-2ep-MDPO_1e-6_1ep_0alp_0lam,JayHyeon/Qwen2.5-0.5B-SFT-2e-5-2ep-MDPO_1e-6_1ep_0alp_0lam,Qwen,0.494,<=3B,2025-01-01,2025_Q1,UNKNOWN_OPEN_WEIGHTS,UNKNOWN_LICENSE,COMPLETE_SIX_TASK,True,6,NOT_IN_T05_BRIDGE,NOT_APPLICABLE,False,False,OBSERVED_DESCRIPTION
MODEL::JayHyeon_Qwen2.5-0.5B-SFT-2e-5-2ep-MDPO_1e-6_2ep_0alp_0lam,JayHyeon_Qwen2.5-0.5B-SFT-2e-5-2ep-MDPO_1e-6_2ep_0alp_0lam,model::JayHyeon/Qwen2.5-0.5B-SFT-2e-5-2ep-MDPO_1e-6_2ep_0alp_0lam,JayHyeon/Qwen2.5-0.5B-SFT-2e-5-2ep-MDPO_1e-6_2ep_0alp_0lam,Qwen,0.494,<=3B,2025-01-01,2025_Q1,UNKNOWN_OPEN_WEIGHTS,UNKNOWN_LICENSE,COMPLETE_SIX_TASK,True,6,NOT_IN_T05_BRIDGE,NOT_APPLICABLE,False,False,OBSERVED_DESCRIPTION
MODEL::JayHyeon_Qwen2.5-0.5B-SFT-2e-5-2ep-MDPO_2e-6-3ep_0alp_0lam,JayHyeon_Qwen2.5-0.5B-SFT-2e-5-2ep-MDPO_2e-6-3ep_0alp_0lam,model::JayHyeon/Qwen2.5-0.5B-SFT-2e-5-2ep-MDPO_2e-6-3ep_0alp_0lam,JayHyeon/Qwen2.5-0.5B-SFT-2e-5-2ep-MDPO_2e-6-3ep_0alp_0lam,Qwen,0.63,<=3B,2025-01-01,2025_Q1,UNKNOWN_OPEN_WEIGHTS,UNKNOWN_LICENSE,COMPLETE_SIX_TASK,True,6,NOT_IN_T05_BRIDGE,NOT_APPLICABLE,False,False,OBSERVED_DESCRIPTION
MODEL::JayHyeon_Qwen2.5-0.5B-SFT-2e-5-2ep-MDPO_2e-6_1ep_0alp_0lam,JayHyeon_Qwen2.5-0.5B-SFT-2e-5-2ep-MDPO_2e-6_1ep_0alp_0lam,model::JayHyeon/Qwen2.5-0.5B-SFT-2e-5-2ep-MDPO_2e-6_1ep_0alp_0lam,JayHyeon/Qwen2.5-0.5B-SFT-2e-5-2ep-MDPO_2e-6_1ep_0alp_0lam,Qwen,0.494,<=3B,2025-01-01,2025_Q1,UNKNOWN_OPEN_WEIGHTS,UNKNOWN_LICENSE,COMPLETE_SIX_TASK,True,6,NOT_IN_T05_BRIDGE,NOT_APPLICABLE,False,False,OBSERVED_DESCRIPTION
MODEL::JayHyeon_Qwen2.5-0.5B-SFT-2e-5-2ep-MDPO_2e-6_2ep_0alp_0lam,JayHyeon_Qwen2.5-0.5B-SFT-2e-5-2ep-MDPO_2e-6_2ep_0alp_0lam,model::JayHyeon/Qwen2.5-0.5B-SFT-2e-5-2ep-MDPO_2e-6_2ep_0alp_0lam,JayHyeon/Qwen2.5-0.5B-SFT-2e-5-2ep-MDPO_2e-6_2ep_0alp_0lam,Qwen,0.494,<=3B,2025-01-01,2025_Q1,UNKNOWN_OPEN_WEIGHTS,UNKNOWN_LICENSE,COMPLETE_SIX_TASK,True,6,NOT_IN_T05_BRIDGE,NOT_APPLICABLE,False,False,OBSERVED_DESCRIPTION
MODEL::JayHyeon_Qwen2.5-0.5B-SFT-2e-5-2ep-MDPO_3e-6-1ep_0alp_0lam,JayHyeon_Qwen2.5-0.5B-SFT-2e-5-2ep-MDPO_3e-6-1ep_0alp_0lam,model::JayHyeon/Qwen2.5-0.5B-SFT-2e-5-2ep-MDPO_3e-6-1ep_0alp_0lam,JayHyeon/Qwen2.5-0.5B-SFT-2e-5-2ep-MDPO_3e-6-1ep_0alp_0lam,Qwen,0.494,<=3B,2025-01-02,2025_Q1,UNKNOWN_OPEN_WEIGHTS,UNKNOWN_LICENSE,COMPLETE_SIX_TASK,True,6,NOT_IN_T05_BRIDGE,NOT_APPLICABLE,False,False,OBSERVED_DESCRIPTION
MODEL::JayHyeon_Qwen2.5-0.5B-SFT-2e-5-2ep-MDPO_3e-6-2ep_0alp_0lam,JayHyeon_Qwen2.5-0.5B-SFT-2e-5-2ep-MDPO_3e-6-2ep_0alp_0lam,model::JayHyeon/Qwen2.5-0.5B-SFT-2e-5-2ep-MDPO_3e-6-2ep_0alp_0lam,JayHyeon/Qwen2.5-0.5B-SFT-2e-5-2ep-MDPO_3e-6-2ep_0alp_0lam,Qwen,0.494,<=3B,2025-01-02,2025_Q1,UNKNOWN_OPEN_WEIGHTS,UNKNOWN_LICENSE,COMPLETE_SIX_TASK,True,6,NOT_IN_T05_BRIDGE,NOT_APPLICABLE,False,False,OBSERVED_DESCRIPTION
MODEL::JayHyeon_Qwen2.5-0.5B-SFT-2e-5-2ep-MDPO_3e-6-3ep_0alp_0lam,JayHyeon_Qwen2.5-0.5B-SFT-2e-5-2ep-MDPO_3e-6-3ep_0alp_0lam,model::JayHyeon/Qwen2.5-0.5B-SFT-2e-5-2ep-MDPO_3e-6-3ep_0alp_0lam,JayHyeon/Qwen2.5-0.5B-SFT-2e-5-2ep-MDPO_3e-6-3ep_0alp_0lam,Qwen,0.63,<=3B,2025-01-02,2025_Q1,UNKNOWN_OPEN_WEIGHTS,UNKNOWN_LICENSE,COMPLETE_SIX_TASK,True,6,NOT_IN_T05_BRIDGE,NOT_APPLICABLE,False,False,OBSERVED_DESCRIPTION
MODEL::JayHyeon_Qwen2.5-0.5B-SFT-2e-5-2ep-MDPO_5e-6-1ep_0alp_0lam,JayHyeon_Qwen2.5-0.5B-SFT-2e-5-2ep-MDPO_5e-6-1ep_0alp_0lam,model::JayHyeon/Qwen2.5-0.5B-SFT-2e-5-2ep-MDPO_5e-6-1ep_0alp_0lam,JayHyeon/Qwen2.5-0.5B-SFT-2e-5-2ep-MDPO_5e-6-1ep_0alp_0lam,Qwen,0.494,<=3B,2025-01-02,2025_Q1,UNKNOWN_OPEN_WEIGHTS,UNKNOWN_LICENSE,COMPLETE_SIX_TASK,True,6,NOT_IN_T05_BRIDGE,NOT_APPLICABLE,False,False,OBSERVED_DESCRIPTION
MODEL::JayHyeon_Qwen2.5-0.5B-SFT-2e-5-2ep-MDPO_5e-6-2ep_0alp_0lam,JayHyeon_Qwen2.5-0.5B-SFT-2e-5-2ep-MDPO_5e-6-2ep_0alp_0lam,model::JayHyeon/Qwen2.5-0.5B-SFT-2e-5-2ep-MDPO_5e-6-2ep_0alp_0lam,JayHyeon/Qwen2.5-0.5B-SFT-2e-5-2ep-MDPO_5e-6-2ep_0alp_0lam,Qwen,0.494,<=3B,2025-01-02,2025_Q1,UNKNOWN_OPEN_WEIGHTS,UNKNOWN_LICENSE,COMPLETE_SIX_TASK,True,6,NOT_IN_T05_BRIDGE,NOT_APPLICABLE,False,False,OBSERVED_DESCRIPTION
MODEL::JayHyeon_Qwen2.5-0.5B-SFT-2e-5-2ep-MDPO_5e-6-3ep_0alp_0lam,JayHyeon_Qwen2.5-0.5B-SFT-2e-5-2ep-MDPO_5e-6-3ep_0alp_0lam,model::JayHyeon/Qwen2.5-0.5B-SFT-2e-5-2ep-MDPO_5e-6-3ep_0alp_0lam,JayHyeon/Qwen2.5-0.5B-SFT-2e-5-2ep-MDPO_5e-6-3ep_0alp_0lam,Qwen,0.63,<=3B,2025-01-02,2025_Q1,UNKNOWN_OPEN_WEIGHTS,UNKNOWN_LICENSE,COMPLETE_SIX_TASK,True,6,NOT_IN_T05_BRIDGE,NOT_APPLICABLE,False,False,OBSERVED_DESCRIPTION
MODEL::JayHyeon_Qwen2.5-0.5B-SFT-2e-5-2ep-MDPO_5e-7-3ep_0alp_0lam,JayHyeon_Qwen2.5-0.5B-SFT-2e-5-2ep-MDPO_5e-7-3ep_0alp_0lam,model::JayHyeon/Qwen2.5-0.5B-SFT-2e-5-2ep-MDPO_5e-7-3ep_0alp_0lam,JayHyeon/Qwen2.5-0.5B-SFT-2e-5-2ep-MDPO_5e-7-3ep_0alp_0lam,Qwen,0.63,<=3B,2024-12-31,2024_H2,UNKNOWN_OPEN_WEIGHTS,UNKNOWN_LICENSE,COMPLETE_SIX_TASK,True,6,NOT_IN_T05_BRIDGE,NOT_APPLICABLE,False,False,OBSERVED_DESCRIPTION
MODEL::JayHyeon_Qwen2.5-0.5B-SFT-2e-5-2ep-MDPO_5e-7_1ep_0alp_0lam,JayHyeon_Qwen2.5-0.5B-SFT-2e-5-2ep-MDPO_5e-7_1ep_0alp_0lam,model::JayHyeon/Qwen2.5-0.5B-SFT-2e-5-2ep-MDPO_5e-7_1ep_0alp_0lam,JayHyeon/Qwen2.5-0.5B-SFT-2e-5-2ep-MDPO_5e-7_1ep_0alp_0lam,Qwen,0.494,<=3B,2024-12-31,2024_H2,UNKNOWN_OPEN_WEIGHTS,UNKNOWN_LICENSE,COMPLETE_SIX_TASK,True,6,NOT_IN_T05_BRIDGE,NOT_APPLICABLE,False,False,OBSERVED_DESCRIPTION
MODEL::JayHyeon_Qwen2.5-0.5B-SFT-2e-5-2ep-MDPO_5e-7_2ep_0alp_0lam,JayHyeon_Qwen2.5-0.5B-SFT-2e-5-2ep-MDPO_5e-7_2ep_0alp_0lam,model::JayHyeon/Qwen2.5-0.5B-SFT-2e-5-2ep-MDPO_5e-7_2ep_0alp_0lam,JayHyeon/Qwen2.5-0.5B-SFT-2e-5-2ep-MDPO_5e-7_2ep_0alp_0lam,Qwen,0.494,<=3B,2024-12-31,2024_H2,UNKNOWN_OPEN_WEIGHTS,UNKNOWN_LICENSE,COMPLETE_SIX_TASK,True,6,NOT_IN_T05_BRIDGE,NOT_APPLICABLE,False,False,OBSERVED_DESCRIPTION
MODEL::JayHyeon_Qwen2.5-0.5B-SFT-2e-5-2ep-MDPO_7e-7-3ep_0alp_0lam,JayHyeon_Qwen2.5-0.5B-SFT-2e-5-2ep-MDPO_7e-7-3ep_0alp_0lam,model::JayHyeon/Qwen2.5-0.5B-SFT-2e-5-2ep-MDPO_7e-7-3ep_0alp_0lam,JayHyeon/Qwen2.5-0.5B-SFT-2e-5-2ep-MDPO_7e-7-3ep_0alp_0lam,Qwen,0.63,<=3B,2025-01-01,2025_Q1,UNKNOWN_OPEN_WEIGHTS,UNKNOWN_LICENSE,COMPLETE_SIX_TASK,True,6,NOT_IN_T05_BRIDGE,NOT_APPLICABLE,False,False,OBSERVED_DESCRIPTION
MODEL::JayHyeon_Qwen2.5-0.5B-SFT-2e-5-2ep-MDPO_7e-7_1ep_0alp_0lam,JayHyeon_Qwen2.5-0.5B-SFT-2e-5-2ep-MDPO_7e-7_1ep_0alp_0lam,model::JayHyeon/Qwen2.5-0.5B-SFT-2e-5-2ep-MDPO_7e-7_1ep_0alp_0lam,JayHyeon/Qwen2.5-0.5B-SFT-2e-5-2ep-MDPO_7e-7_1ep_0alp_0lam,Qwen,0.494,<=3B,2025-01-01,2025_Q1,UNKNOWN_OPEN_WEIGHTS,UNKNOWN_LICENSE,COMPLETE_SIX_TASK,True,6,NOT_IN_T05_BRIDGE,NOT_APPLICABLE,False,False,OBSERVED_DESCRIPTION
MODEL::JayHyeon_Qwen2.5-0.5B-SFT-2e-5-2ep-MDPO_7e-7_2ep_0alp_0lam,JayHyeon_Qwen2.5-0.5B-SFT-2e-5-2ep-MDPO_7e-7_2ep_0alp_0lam,model::JayHyeon/Qwen2.5-0.5B-SFT-2e-5-2ep-MDPO_7e-7_2ep_0alp_0lam,JayHyeon/Qwen2.5-0.5B-SFT-2e-5-2ep-MDPO_7e-7_2ep_0alp_0lam,Qwen,0.494,<=3B,2025-01-01,2025_Q1,UNKNOWN_OPEN_WEIGHTS,UNKNOWN_LICENSE,COMPLETE_SIX_TASK,True,6,NOT_IN_T05_BRIDGE,NOT_APPLICABLE,False,False,OBSERVED_DESCRIPTION
MODEL::JayHyeon_Qwen2.5-0.5B-SFT-2e-5-3ep,JayHyeon_Qwen2.5-0.5B-SFT-2e-5-3ep,model::JayHyeon/Qwen2.5-0.5B-SFT-2e-5-3ep,JayHyeon/Qwen2.5-0.5B-SFT-2e-5-3ep,Qwen,0.63,<=3B,2024-12-29,2024_H2,UNKNOWN_OPEN_WEIGHTS,LICENSE_RECORDED,COMPLETE_SIX_TASK,True,6,NOT_IN_T05_BRIDGE,NOT_APPLICABLE,False,False,OBSERVED_DESCRIPTION
MODEL::JayHyeon_Qwen2.5-0.5B-SFT-2e-5-5ep,JayHyeon_Qwen2.5-0.5B-SFT-2e-5-5ep,model::JayHyeon/Qwen2.5-0.5B-SFT-2e-5-5ep,JayHyeon/Qwen2.5-0.5B-SFT-2e-5-5ep,Qwen,0.63,<=3B,2024-12-29,2024_H2,UNKNOWN_OPEN_WEIGHTS,UNKNOWN_LICENSE,COMPLETE_SIX_TASK,True,6,NOT_IN_T05_BRIDGE,NOT_APPLICABLE,False,False,OBSERVED_DESCRIPTION
MODEL::JayHyeon_Qwen2.5-0.5B-SFT-2e-5-5ep-MDPO_5e-7_3ep_0alp_0lam,JayHyeon_Qwen2.5-0.5B-SFT-2e-5-5ep-MDPO_5e-7_3ep_0alp_0lam,model::JayHyeon/Qwen2.5-0.5B-SFT-2e-5-5ep-MDPO_5e-7_3ep_0alp_0lam,JayHyeon/Qwen2.5-0.5B-SFT-2e-5-5ep-MDPO_5e-7_3ep_0alp_0lam,Qwen,0.63,<=3B,2024-12-31,2024_H2,UNKNOWN_OPEN_WEIGHTS,UNKNOWN_LICENSE,COMPLETE_SIX_TASK,True,6,NOT_IN_T05_BRIDGE,NOT_APPLICABLE,False,False,OBSERVED_DESCRIPTION
MODEL::JayHyeon_Qwen2.5-0.5B-SFT-2e-5-5ep-MDPO_5e-7_3ep_0alp_0lam_1ep,JayHyeon_Qwen2.5-0.5B-SFT-2e-5-5ep-MDPO_5e-7_3ep_0alp_0lam_1ep,model::JayHyeon/Qwen2.5-0.5B-SFT-2e-5-5ep-MDPO_5e-7_3ep_0alp_0lam_1ep,JayHyeon/Qwen2.5-0.5B-SFT-2e-5-5ep-MDPO_5e-7_3ep_0alp_0lam_1ep,Qwen,0.494,<=3B,2024-12-31,2024_H2,UNKNOWN_OPEN_WEIGHTS,UNKNOWN_LICENSE,COMPLETE_SIX_TASK,True,6,NOT_IN_T05_BRIDGE,NOT_APPLICABLE,False,False,OBSERVED_DESCRIPTION
MODEL::JayHyeon_Qwen2.5-0.5B-SFT-2e-5-5ep-MDPO_5e-7_3ep_0alp_0lam_2ep,JayHyeon_Qwen2.5-0.5B-SFT-2e-5-5ep-MDPO_5e-7_3ep_0alp_0lam_2ep,model::JayHyeon/Qwen2.5-0.5B-SFT-2e-5-5ep-MDPO_5e-7_3ep_0alp_0lam_2ep,JayHyeon/Qwen2.5-0.5B-SFT-2e-5-5ep-MDPO_5e-7_3ep_0alp_0lam_2ep,Qwen,0.494,<=3B,2024-12-31,2024_H2,UNKNOWN_OPEN_WEIGHTS,UNKNOWN_LICENSE,COMPLETE_SIX_TASK,True,6,NOT_IN_T05_BRIDGE,NOT_APPLICABLE,False,False,OBSERVED_DESCRIPTION
MODEL::JayHyeon_Qwen2.5-0.5B-SFT-2e-5-5ep-MDPO_7e-7_3ep_0alp_0lam,JayHyeon_Qwen2.5-0.5B-SFT-2e-5-5ep-MDPO_7e-7_3ep_0alp_0lam,model::JayHyeon/Qwen2.5-0.5B-SFT-2e-5-5ep-MDPO_7e-7_3ep_0alp_0lam,JayHyeon/Qwen2.5-0.5B-SFT-2e-5-5ep-MDPO_7e-7_3ep_0alp_0lam,Qwen,0.63,<=3B,2024-12-31,2024_H2,UNKNOWN_OPEN_WEIGHTS,UNKNOWN_LICENSE,COMPLETE_SIX_TASK,True,6,NOT_IN_T05_BRIDGE,NOT_APPLICABLE,False,False,OBSERVED_DESCRIPTION
MODEL::JayHyeon_Qwen2.5-0.5B-SFT-2e-5-5ep-MDPO_7e-7_3ep_0alp_0lam_1ep,JayHyeon_Qwen2.5-0.5B-SFT-2e-5-5ep-MDPO_7e-7_3ep_0alp_0lam_1ep,model::JayHyeon/Qwen2.5-0.5B-SFT-2e-5-5ep-MDPO_7e-7_3ep_0alp_0lam_1ep,JayHyeon/Qwen2.5-0.5B-SFT-2e-5-5ep-MDPO_7e-7_3ep_0alp_0lam_1ep,Qwen,0.494,<=3B,2024-12-31,2024_H2,UNKNOWN_OPEN_WEIGHTS,UNKNOWN_LICENSE,COMPLETE_SIX_TASK,True,6,NOT_IN_T05_BRIDGE,NOT_APPLICABLE,False,False,OBSERVED_DESCRIPTION
MODEL::JayHyeon_Qwen2.5-0.5B-SFT-2e-5-5ep-MDPO_7e-7_3ep_0alp_0lam_2ep,JayHyeon_Qwen2.5-0.5B-SFT-2e-5-5ep-MDPO_7e-7_3ep_0alp_0lam_2ep,model::JayHyeon/Qwen2.5-0.5B-SFT-2e-5-5ep-MDPO_7e-7_3ep_0alp_0lam_2ep,JayHyeon/Qwen2.5-0.5B-SFT-2e-5-5ep-MDPO_7e-7_3ep_0alp_0lam_2ep,Qwen,0.494,<=3B,2024-12-31,2024_H2,UNKNOWN_OPEN_WEIGHTS,UNKNOWN_LICENSE,COMPLETE_SIX_TASK,True,6,NOT_IN_T05_BRIDGE,NOT_APPLICABLE,False,False,OBSERVED_DESCRIPTION
MODEL::JayHyeon_Qwen2.5-0.5B-SFT-5e-5,JayHyeon_Qwen2.5-0.5B-SFT-5e-5,model::JayHyeon/Qwen2.5-0.5B-SFT-5e-5,JayHyeon/Qwen2.5-0.5B-SFT-5e-5,Qwen,0.63,<=3B,2024-12-28,2024_H2,UNKNOWN_OPEN_WEIGHTS,LICENSE_RECORDED,COMPLETE_SIX_TASK,True,6,NOT_IN_T05_BRIDGE,NOT_APPLICABLE,False,False,OBSERVED_DESCRIPTION
MODEL::JayHyeon_Qwen2.5-0.5B-SFT-5e-5-2ep,JayHyeon_Qwen2.5-0.5B-SFT-5e-5-2ep,model::JayHyeon/Qwen2.5-0.5B-SFT-5e-5-2ep,JayHyeon/Qwen2.5-0.5B-SFT-5e-5-2ep,Qwen,0.63,<=3B,2024-12-29,2024_H2,UNKNOWN_OPEN_WEIGHTS,UNKNOWN_LICENSE,COMPLETE_SIX_TASK,True,6,NOT_IN_T05_BRIDGE,NOT_APPLICABLE,False,False,OBSERVED_DESCRIPTION
MODEL::JayHyeon_Qwen2.5-0.5B-SFT-5e-5-3ep,JayHyeon_Qwen2.5-0.5B-SFT-5e-5-3ep,model::JayHyeon/Qwen2.5-0.5B-SFT-5e-5-3ep,JayHyeon/Qwen2.5-0.5B-SFT-5e-5-3ep,Qwen,0.63,<=3B,2024-12-29,2024_H2,UNKNOWN_OPEN_WEIGHTS,LICENSE_RECORDED,COMPLETE_SIX_TASK,True,6,NOT_IN_T05_BRIDGE,NOT_APPLICABLE,False,False,OBSERVED_DESCRIPTION
MODEL::JayHyeon_Qwen2.5-0.5B-SFT-5e-5-5ep,JayHyeon_Qwen2.5-0.5B-SFT-5e-5-5ep,model::JayHyeon/Qwen2.5-0.5B-SFT-5e-5-5ep,JayHyeon/Qwen2.5-0.5B-SFT-5e-5-5ep,Qwen,0.63,<=3B,2024-12-29,2024_H2,UNKNOWN_OPEN_WEIGHTS,UNKNOWN_LICENSE,COMPLETE_SIX_TASK,True,6,NOT_IN_T05_BRIDGE,NOT_APPLICABLE,False,False,OBSERVED_DESCRIPTION
MODEL::JayHyeon_Qwen2.5-0.5B-SFT-7e-5,JayHyeon_Qwen2.5-0.5B-SFT-7e-5,model::JayHyeon/Qwen2.5-0.5B-SFT-7e-5,JayHyeon/Qwen2.5-0.5B-SFT-7e-5,Qwen,0.63,<=3B,2024-12-28,2024_H2,UNKNOWN_OPEN_WEIGHTS,LICENSE_RECORDED,COMPLETE_SIX_TASK,True,6,NOT_IN_T05_BRIDGE,NOT_APPLICABLE,False,False,OBSERVED_DESCRIPTION
MODEL::JayHyeon_Qwen2.5-0.5B-SFT-7e-5-2ep,JayHyeon_Qwen2.5-0.5B-SFT-7e-5-2ep,model::JayHyeon/Qwen2.5-0.5B-SFT-7e-5-2ep,JayHyeon/Qwen2.5-0.5B-SFT-7e-5-2ep,Qwen,0.63,<=3B,2024-12-29,2024_H2,UNKNOWN_OPEN_WEIGHTS,UNKNOWN_LICENSE,COMPLETE_SIX_TASK,True,6,NOT_IN_T05_BRIDGE,NOT_APPLICABLE,False,False,OBSERVED_DESCRIPTION
MODEL::JayHyeon_Qwen2.5-0.5B-SFT-7e-5-3ep,JayHyeon_Qwen2.5-0.5B-SFT-7e-5-3ep,model::JayHyeon/Qwen2.5-0.5B-SFT-7e-5-3ep,JayHyeon/Qwen2.5-0.5B-SFT-7e-5-3ep,Qwen,0.63,<=3B,2024-12-29,2024_H2,UNKNOWN_OPEN_WEIGHTS,LICENSE_RECORDED,COMPLETE_SIX_TASK,True,6,NOT_IN_T05_BRIDGE,NOT_APPLICABLE,False,False,OBSERVED_DESCRIPTION
MODEL::JayHyeon_Qwen2.5-0.5B-SFT-7e-5-5ep,JayHyeon_Qwen2.5-0.5B-SFT-7e-5-5ep,model::JayHyeon/Qwen2.5-0.5B-SFT-7e-5-5ep,JayHyeon/Qwen2.5-0.5B-SFT-7e-5-5ep,Qwen,0.63,<=3B,2024-12-29,2024_H2,UNKNOWN_OPEN_WEIGHTS,UNKNOWN_LICENSE,COMPLETE_SIX_TASK,True,6,NOT_IN_T05_BRIDGE,NOT_APPLICABLE,False,False,OBSERVED_DESCRIPTION
MODEL::JayHyeon_Qwen2.5-0.5B-SFT-DPO-1epoch_v1,JayHyeon_Qwen2.5-0.5B-SFT-DPO-1epoch_v1,model::JayHyeon/Qwen2.5-0.5B-SFT-DPO-1epoch_v1,JayHyeon/Qwen2.5-0.5B-SFT-DPO-1epoch_v1,Qwen,0.494,<=3B,2024-12-28,2024_H2,UNKNOWN_OPEN_WEIGHTS,LICENSE_RECORDED,COMPLETE_SIX_TASK,True,6,NOT_IN_T05_BRIDGE,NOT_APPLICABLE,False,False,OBSERVED_DESCRIPTION
MODEL::JayHyeon_Qwen2.5-0.5B-SFT-MDPO-1epoch_v1,JayHyeon_Qwen2.5-0.5B-SFT-MDPO-1epoch_v1,model::JayHyeon/Qwen2.5-0.5B-SFT-MDPO-1epoch_v1,JayHyeon/Qwen2.5-0.5B-SFT-MDPO-1epoch_v1,Qwen,0.494,<=3B,2024-12-27,2024_H2,UNKNOWN_OPEN_WEIGHTS,LICENSE_RECORDED,COMPLETE_SIX_TASK,True,6,NOT_IN_T05_BRIDGE,NOT_APPLICABLE,False,False,OBSERVED_DESCRIPTION
MODEL::JayHyeon_Qwen_0.5-DPOP_1e-6-3ep_0alp_5lam,JayHyeon_Qwen_0.5-DPOP_1e-6-3ep_0alp_5lam,model::JayHyeon/Qwen_0.5-DPOP_1e-6-3ep_0alp_5lam,JayHyeon/Qwen_0.5-DPOP_1e-6-3ep_0alp_5lam,Qwen,0.63,<=3B,2025-01-10,2025_Q1,UNKNOWN_OPEN_WEIGHTS,UNKNOWN_LICENSE,COMPLETE_SIX_TASK,True,6,NOT_IN_T05_BRIDGE,NOT_APPLICABLE,False,False,OBSERVED_DESCRIPTION
MODEL::JayHyeon_Qwen_0.5-DPOP_1e-7-3ep_0alp_5lam,JayHyeon_Qwen_0.5-DPOP_1e-7-3ep_0alp_5lam,model::JayHyeon/Qwen_0.5-DPOP_1e-7-3ep_0alp_5lam,JayHyeon/Qwen_0.5-DPOP_1e-7-3ep_0alp_5lam,Qwen,0.63,<=3B,2025-01-10,2025_Q1,UNKNOWN_OPEN_WEIGHTS,UNKNOWN_LICENSE,COMPLETE_SIX_TASK,True,6,NOT_IN_T05_BRIDGE,NOT_APPLICABLE,False,False,OBSERVED_DESCRIPTION
MODEL::JayHyeon_Qwen_0.5-DPOP_3e-6-1ep_0alp_5lam,JayHyeon_Qwen_0.5-DPOP_3e-6-1ep_0alp_5lam,model::JayHyeon/Qwen_0.5-DPOP_3e-6-1ep_0alp_5lam,JayHyeon/Qwen_0.5-DPOP_3e-6-1ep_0alp_5lam,Qwen,0.494,<=3B,2025-01-09,2025_Q1,UNKNOWN_OPEN_WEIGHTS,UNKNOWN_LICENSE,COMPLETE_SIX_TASK,True,6,NOT_IN_T05_BRIDGE,NOT_APPLICABLE,False,False,OBSERVED_DESCRIPTION
MODEL::JayHyeon_Qwen_0.5-DPOP_3e-6-2ep_0alp_5lam,JayHyeon_Qwen_0.5-DPOP_3e-6-2ep_0alp_5lam,model::JayHyeon/Qwen_0.5-DPOP_3e-6-2ep_0alp_5lam,JayHyeon/Qwen_0.5-DPOP_3e-6-2ep_0alp_5lam,Qwen,0.494,<=3B,2025-01-09,2025_Q1,UNKNOWN_OPEN_WEIGHTS,UNKNOWN_LICENSE,COMPLETE_SIX_TASK,True,6,NOT_IN_T05_BRIDGE,NOT_APPLICABLE,False,False,OBSERVED_DESCRIPTION
MODEL::JayHyeon_Qwen_0.5-DPOP_3e-6-3ep_0alp_5lam,JayHyeon_Qwen_0.5-DPOP_3e-6-3ep_0alp_5lam,model::JayHyeon/Qwen_0.5-DPOP_3e-6-3ep_0alp_5lam,JayHyeon/Qwen_0.5-DPOP_3e-6-3ep_0alp_5lam,Qwen,0.63,<=3B,2025-01-09,2025_Q1,UNKNOWN_OPEN_WEIGHTS,UNKNOWN_LICENSE,COMPLETE_SIX_TASK,True,6,NOT_IN_T05_BRIDGE,NOT_APPLICABLE,False,False,OBSERVED_DESCRIPTION
MODEL::JayHyeon_Qwen_0.5-DPOP_3e-7-1ep_0alp_5lam,JayHyeon_Qwen_0.5-DPOP_3e-7-1ep_0alp_5lam,model::JayHyeon/Qwen_0.5-DPOP_3e-7-1ep_0alp_5lam,JayHyeon/Qwen_0.5-DPOP_3e-7-1ep_0alp_5lam,Qwen,0.494,<=3B,2025-01-15,2025_Q1,UNKNOWN_OPEN_WEIGHTS,UNKNOWN_LICENSE,COMPLETE_SIX_TASK,True,6,NOT_IN_T05_BRIDGE,NOT_APPLICABLE,False,False,OBSERVED_DESCRIPTION
MODEL::JayHyeon_Qwen_0.5-DPOP_3e-7-2ep_0alp_5lam,JayHyeon_Qwen_0.5-DPOP_3e-7-2ep_0alp_5lam,model::JayHyeon/Qwen_0.5-DPOP_3e-7-2ep_0alp_5lam,JayHyeon/Qwen_0.5-DPOP_3e-7-2ep_0alp_5lam,Qwen,0.494,<=3B,2025-01-15,2025_Q1,UNKNOWN_OPEN_WEIGHTS,UNKNOWN_LICENSE,COMPLETE_SIX_TASK,True,6,NOT_IN_T05_BRIDGE,NOT_APPLICABLE,False,False,OBSERVED_DESCRIPTION
MODEL::JayHyeon_Qwen_0.5-DPOP_3e-7-3ep_0alp_5lam,JayHyeon_Qwen_0.5-DPOP_3e-7-3ep_0alp_5lam,model::JayHyeon/Qwen_0.5-DPOP_3e-7-3ep_0alp_5lam,JayHyeon/Qwen_0.5-DPOP_3e-7-3ep_0alp_5lam,Qwen,0.63,<=3B,2025-01-15,2025_Q1,UNKNOWN_OPEN_WEIGHTS,UNKNOWN_LICENSE,COMPLETE_SIX_TASK,True,6,NOT_IN_T05_BRIDGE,NOT_APPLICABLE,False,False,OBSERVED_DESCRIPTION
MODEL::JayHyeon_Qwen_0.5-DPOP_5e-7-1ep_0alp_5lam,JayHyeon_Qwen_0.5-DPOP_5e-7-1ep_0alp_5lam,model::JayHyeon/Qwen_0.5-DPOP_5e-7-1ep_0alp_5lam,JayHyeon/Qwen_0.5-DPOP_5e-7-1ep_0alp_5lam,Qwen,0.494,<=3B,2025-01-09,2025_Q1,UNKNOWN_OPEN_WEIGHTS,UNKNOWN_LICENSE,COMPLETE_SIX_TASK,True,6,NOT_IN_T05_BRIDGE,NOT_APPLICABLE,False,False,OBSERVED_DESCRIPTION
MODEL::JayHyeon_Qwen_0.5-DPOP_5e-7-2ep_0alp_5lam,JayHyeon_Qwen_0.5-DPOP_5e-7-2ep_0alp_5lam,model::JayHyeon/Qwen_0.5-DPOP_5e-7-2ep_0alp_5lam,JayHyeon/Qwen_0.5-DPOP_5e-7-2ep_0alp_5lam,Qwen,0.494,<=3B,2025-01-09,2025_Q1,UNKNOWN_OPEN_WEIGHTS,UNKNOWN_LICENSE,COMPLETE_SIX_TASK,True,6,NOT_IN_T05_BRIDGE,NOT_APPLICABLE,False,False,OBSERVED_DESCRIPTION
MODEL::JayHyeon_Qwen_0.5-DPOP_5e-7-3ep_0alp_5lam,JayHyeon_Qwen_0.5-DPOP_5e-7-3ep_0alp_5lam,model::JayHyeon/Qwen_0.5-DPOP_5e-7-3ep_0alp_5lam,JayHyeon/Qwen_0.5-DPOP_5e-7-3ep_0alp_5lam,Qwen,0.63,<=3B,2025-01-09,2025_Q1,UNKNOWN_OPEN_WEIGHTS,UNKNOWN_LICENSE,COMPLETE_SIX_TASK,True,6,NOT_IN_T05_BRIDGE,NOT_APPLICABLE,False,False,OBSERVED_DESCRIPTION
MODEL::JayHyeon_Qwen_0.5-DPO_1e-6-3ep_0alp_0lam,JayHyeon_Qwen_0.5-DPO_1e-6-3ep_0alp_0lam,model::JayHyeon/Qwen_0.5-DPO_1e-6-3ep_0alp_0lam,JayHyeon/Qwen_0.5-DPO_1e-6-3ep_0alp_0lam,Qwen,0.63,<=3B,2025-01-10,2025_Q1,UNKNOWN_OPEN_WEIGHTS,UNKNOWN_LICENSE,COMPLETE_SIX_TASK,True,6,NOT_IN_T05_BRIDGE,NOT_APPLICABLE,False,False,OBSERVED_DESCRIPTION
MODEL::JayHyeon_Qwen_0.5-DPO_1e-7-3ep_0alp_0lam,JayHyeon_Qwen_0.5-DPO_1e-7-3ep_0alp_0lam,model::JayHyeon/Qwen_0.5-DPO_1e-7-3ep_0alp_0lam,JayHyeon/Qwen_0.5-DPO_1e-7-3ep_0alp_0lam,Qwen,0.63,<=3B,2025-01-10,2025_Q1,UNKNOWN_OPEN_WEIGHTS,UNKNOWN_LICENSE,COMPLETE_SIX_TASK,True,6,NOT_IN_T05_BRIDGE,NOT_APPLICABLE,False,False,OBSERVED_DESCRIPTION
MODEL::JayHyeon_Qwen_0.5-DPO_3e-6-1ep_0alp_0lam,JayHyeon_Qwen_0.5-DPO_3e-6-1ep_0alp_0lam,model::JayHyeon/Qwen_0.5-DPO_3e-6-1ep_0alp_0lam,JayHyeon/Qwen_0.5-DPO_3e-6-1ep_0alp_0lam,Qwen,0.494,<=3B,2025-01-09,2025_Q1,UNKNOWN_OPEN_WEIGHTS,UNKNOWN_LICENSE,COMPLETE_SIX_TASK,True,6,NOT_IN_T05_BRIDGE,NOT_APPLICABLE,False,False,OBSERVED_DESCRIPTION
MODEL::JayHyeon_Qwen_0.5-DPO_3e-6-2ep_0alp_0lam,JayHyeon_Qwen_0.5-DPO_3e-6-2ep_0alp_0lam,model::JayHyeon/Qwen_0.5-DPO_3e-6-2ep_0alp_0lam,JayHyeon/Qwen_0.5-DPO_3e-6-2ep_0alp_0lam,Qwen,0.494,<=3B,2025-01-09,2025_Q1,UNKNOWN_OPEN_WEIGHTS,UNKNOWN_LICENSE,COMPLETE_SIX_TASK,True,6,NOT_IN_T05_BRIDGE,NOT_APPLICABLE,False,False,OBSERVED_DESCRIPTION
MODEL::JayHyeon_Qwen_0.5-DPO_3e-6-3ep_0alp_0lam,JayHyeon_Qwen_0.5-DPO_3e-6-3ep_0alp_0lam,model::JayHyeon/Qwen_0.5-DPO_3e-6-3ep_0alp_0lam,JayHyeon/Qwen_0.5-DPO_3e-6-3ep_0alp_0lam,Qwen,0.63,<=3B,2025-01-07,2025_Q1,UNKNOWN_OPEN_WEIGHTS,UNKNOWN_LICENSE,COMPLETE_SIX_TASK,True,6,NOT_IN_T05_BRIDGE,NOT_APPLICABLE,False,False,OBSERVED_DESCRIPTION
MODEL::JayHyeon_Qwen_0.5-DPO_3e-7-1ep_0alp_0lam,JayHyeon_Qwen_0.5-DPO_3e-7-1ep_0alp_0lam,model::JayHyeon/Qwen_0.5-DPO_3e-7-1ep_0alp_0lam,JayHyeon/Qwen_0.5-DPO_3e-7-1ep_0alp_0lam,Qwen,0.494,<=3B,2025-01-15,2025_Q1,UNKNOWN_OPEN_WEIGHTS,UNKNOWN_LICENSE,COMPLETE_SIX_TASK,True,6,NOT_IN_T05_BRIDGE,NOT_APPLICABLE,False,False,OBSERVED_DESCRIPTION
MODEL::JayHyeon_Qwen_0.5-DPO_3e-7-2ep_0alp_0lam,JayHyeon_Qwen_0.5-DPO_3e-7-2ep_0alp_0lam,model::JayHyeon/Qwen_0.5-DPO_3e-7-2ep_0alp_0lam,JayHyeon/Qwen_0.5-DPO_3e-7-2ep_0alp_0lam,Qwen,0.494,<=3B,2025-01-15,2025_Q1,UNKNOWN_OPEN_WEIGHTS,UNKNOWN_LICENSE,COMPLETE_SIX_TASK,True,6,NOT_IN_T05_BRIDGE,NOT_APPLICABLE,False,False,OBSERVED_DESCRIPTION
MODEL::JayHyeon_Qwen_0.5-DPO_3e-7-3ep_0alp_0lam,JayHyeon_Qwen_0.5-DPO_3e-7-3ep_0alp_0lam,model::JayHyeon/Qwen_0.5-DPO_3e-7-3ep_0alp_0lam,JayHyeon/Qwen_0.5-DPO_3e-7-3ep_0alp_0lam,Qwen,0.63,<=3B,2025-01-15,2025_Q1,UNKNOWN_OPEN_WEIGHTS,UNKNOWN_LICENSE,COMPLETE_SIX_TASK,True,6,NOT_IN_T05_BRIDGE,NOT_APPLICABLE,False,False,OBSERVED_DESCRIPTION
MODEL::JayHyeon_Qwen_0.5-DPO_5e-7-1ep_0alp_0lam,JayHyeon_Qwen_0.5-DPO_5e-7-1ep_0alp_0lam,model::JayHyeon/Qwen_0.5-DPO_5e-7-1ep_0alp_0lam,JayHyeon/Qwen_0.5-DPO_5e-7-1ep_0alp_0lam,Qwen,0.63,<=3B,2025-01-25,2025_Q1,UNKNOWN_OPEN_WEIGHTS,UNKNOWN_LICENSE,COMPLETE_SIX_TASK,True,6,NOT_IN_T05_BRIDGE,NOT_APPLICABLE,False,False,OBSERVED_DESCRIPTION
MODEL::JayHyeon_Qwen_0.5-DPO_5e-7-2ep_0alp_0lam,JayHyeon_Qwen_0.5-DPO_5e-7-2ep_0alp_0lam,model::JayHyeon/Qwen_0.5-DPO_5e-7-2ep_0alp_0lam,JayHyeon/Qwen_0.5-DPO_5e-7-2ep_0alp_0lam,Qwen,0.494,<=3B,2025-01-09,2025_Q1,UNKNOWN_OPEN_WEIGHTS,UNKNOWN_LICENSE,COMPLETE_SIX_TASK,True,6,NOT_IN_T05_BRIDGE,NOT_APPLICABLE,False,False,OBSERVED_DESCRIPTION
MODEL::JayHyeon_Qwen_0.5-DPO_5e-7-3ep_0alp_0lam,JayHyeon_Qwen_0.5-DPO_5e-7-3ep_0alp_0lam,model::JayHyeon/Qwen_0.5-DPO_5e-7-3ep_0alp_0lam,JayHyeon/Qwen_0.5-DPO_5e-7-3ep_0alp_0lam,Qwen,0.63,<=3B,2025-01-07,2025_Q1,UNKNOWN_OPEN_WEIGHTS,UNKNOWN_LICENSE,COMPLETE_SIX_TASK,True,6,NOT_IN_T05_BRIDGE,NOT_APPLICABLE,False,False,OBSERVED_DESCRIPTION
MODEL::JayHyeon_Qwen_0.5-IPO_5e-7-1ep_0alp_0lam,JayHyeon_Qwen_0.5-IPO_5e-7-1ep_0alp_0lam,model::JayHyeon/Qwen_0.5-IPO_5e-7-1ep_0alp_0lam,JayHyeon/Qwen_0.5-IPO_5e-7-1ep_0alp_0lam,Qwen,0.63,<=3B,2025-01-26,2025_Q1,UNKNOWN_OPEN_WEIGHTS,UNKNOWN_LICENSE,COMPLETE_SIX_TASK,True,6,NOT_IN_T05_BRIDGE,NOT_APPLICABLE,False,False,OBSERVED_DESCRIPTION
MODEL::JayHyeon_Qwen_0.5-IPO_5e-7-3ep_0alp_0lam,JayHyeon_Qwen_0.5-IPO_5e-7-3ep_0alp_0lam,model::JayHyeon/Qwen_0.5-IPO_5e-7-3ep_0alp_0lam,JayHyeon/Qwen_0.5-IPO_5e-7-3ep_0alp_0lam,Qwen,0.63,<=3B,2025-01-26,2025_Q1,UNKNOWN_OPEN_WEIGHTS,UNKNOWN_LICENSE,COMPLETE_SIX_TASK,True,6,NOT_IN_T05_BRIDGE,NOT_APPLICABLE,False,False,OBSERVED_DESCRIPTION
MODEL::JayHyeon_Qwen_0.5-IRPO_1e-6-3ep_1alp_0lam,JayHyeon_Qwen_0.5-IRPO_1e-6-3ep_1alp_0lam,model::JayHyeon/Qwen_0.5-IRPO_1e-6-3ep_1alp_0lam,JayHyeon/Qwen_0.5-IRPO_1e-6-3ep_1alp_0lam,Qwen,0.63,<=3B,2025-01-10,2025_Q1,UNKNOWN_OPEN_WEIGHTS,UNKNOWN_LICENSE,COMPLETE_SIX_TASK,True,6,NOT_IN_T05_BRIDGE,NOT_APPLICABLE,False,False,OBSERVED_DESCRIPTION
MODEL::JayHyeon_Qwen_0.5-IRPO_1e-7-3ep_1alp_0lam,JayHyeon_Qwen_0.5-IRPO_1e-7-3ep_1alp_0lam,model::JayHyeon/Qwen_0.5-IRPO_1e-7-3ep_1alp_0lam,JayHyeon/Qwen_0.5-IRPO_1e-7-3ep_1alp_0lam,Qwen,0.63,<=3B,2025-01-10,2025_Q1,UNKNOWN_OPEN_WEIGHTS,UNKNOWN_LICENSE,COMPLETE_SIX_TASK,True,6,NOT_IN_T05_BRIDGE,NOT_APPLICABLE,False,False,OBSERVED_DESCRIPTION
MODEL::JayHyeon_Qwen_0.5-IRPO_3e-6-1ep_1alp_0lam,JayHyeon_Qwen_0.5-IRPO_3e-6-1ep_1alp_0lam,model::JayHyeon/Qwen_0.5-IRPO_3e-6-1ep_1alp_0lam,JayHyeon/Qwen_0.5-IRPO_3e-6-1ep_1alp_0lam,Qwen,0.494,<=3B,2025-01-09,2025_Q1,UNKNOWN_OPEN_WEIGHTS,UNKNOWN_LICENSE,COMPLETE_SIX_TASK,True,6,NOT_IN_T05_BRIDGE,NOT_APPLICABLE,False,False,OBSERVED_DESCRIPTION
MODEL::JayHyeon_Qwen_0.5-IRPO_3e-6-2ep_1alp_0lam,JayHyeon_Qwen_0.5-IRPO_3e-6-2ep_1alp_0lam,model::JayHyeon/Qwen_0.5-IRPO_3e-6-2ep_1alp_0lam,JayHyeon/Qwen_0.5-IRPO_3e-6-2ep_1alp_0lam,Qwen,0.494,<=3B,2025-01-09,2025_Q1,UNKNOWN_OPEN_WEIGHTS,UNKNOWN_LICENSE,COMPLETE_SIX_TASK,True,6,NOT_IN_T05_BRIDGE,NOT_APPLICABLE,False,False,OBSERVED_DESCRIPTION
MODEL::JayHyeon_Qwen_0.5-IRPO_3e-6-3ep_1alp_0lam,JayHyeon_Qwen_0.5-IRPO_3e-6-3ep_1alp_0lam,model::JayHyeon/Qwen_0.5-IRPO_3e-6-3ep_1alp_0lam,JayHyeon/Qwen_0.5-IRPO_3e-6-3ep_1alp_0lam,Qwen,0.63,<=3B,2025-01-09,2025_Q1,UNKNOWN_OPEN_WEIGHTS,UNKNOWN_LICENSE,COMPLETE_SIX_TASK,True,6,NOT_IN_T05_BRIDGE,NOT_APPLICABLE,False,False,OBSERVED_DESCRIPTION
MODEL::JayHyeon_Qwen_0.5-IRPO_3e-7-1ep_1alp_0lam,JayHyeon_Qwen_0.5-IRPO_3e-7-1ep_1alp_0lam,model::JayHyeon/Qwen_0.5-IRPO_3e-7-1ep_1alp_0lam,JayHyeon/Qwen_0.5-IRPO_3e-7-1ep_1alp_0lam,Qwen,0.494,<=3B,2025-01-15,2025_Q1,UNKNOWN_OPEN_WEIGHTS,UNKNOWN_LICENSE,COMPLETE_SIX_TASK,True,6,NOT_IN_T05_BRIDGE,NOT_APPLICABLE,False,False,OBSERVED_DESCRIPTION
MODEL::JayHyeon_Qwen_0.5-IRPO_3e-7-3ep_1alp_0lam,JayHyeon_Qwen_0.5-IRPO_3e-7-3ep_1alp_0lam,model::JayHyeon/Qwen_0.5-IRPO_3e-7-3ep_1alp_0lam,JayHyeon/Qwen_0.5-IRPO_3e-7-3ep_1alp_0lam,Qwen,0.63,<=3B,2025-01-15,2025_Q1,UNKNOWN_OPEN_WEIGHTS,UNKNOWN_LICENSE,COMPLETE_SIX_TASK,True,6,NOT_IN_T05_BRIDGE,NOT_APPLICABLE,False,False,OBSERVED_DESCRIPTION
MODEL::JayHyeon_Qwen_0.5-IRPO_5e-7-1ep_1alp_0lam,JayHyeon_Qwen_0.5-IRPO_5e-7-1ep_1alp_0lam,model::JayHyeon/Qwen_0.5-IRPO_5e-7-1ep_1alp_0lam,JayHyeon/Qwen_0.5-IRPO_5e-7-1ep_1alp_0lam,Qwen,0.494,<=3B,2025-01-09,2025_Q1,UNKNOWN_OPEN_WEIGHTS,UNKNOWN_LICENSE,COMPLETE_SIX_TASK,True,6,NOT_IN_T05_BRIDGE,NOT_APPLICABLE,False,False,OBSERVED_DESCRIPTION
MODEL::JayHyeon_Qwen_0.5-IRPO_5e-7-2ep_1alp_0lam,JayHyeon_Qwen_0.5-IRPO_5e-7-2ep_1alp_0lam,model::JayHyeon/Qwen_0.5-IRPO_5e-7-2ep_1alp_0lam,JayHyeon/Qwen_0.5-IRPO_5e-7-2ep_1alp_0lam,Qwen,0.494,<=3B,2025-01-09,2025_Q1,UNKNOWN_OPEN_WEIGHTS,UNKNOWN_LICENSE,COMPLETE_SIX_TASK,True,6,NOT_IN_T05_BRIDGE,NOT_APPLICABLE,False,False,OBSERVED_DESCRIPTION
MODEL::JayHyeon_Qwen_0.5-IRPO_5e-7-3ep_1alp_0lam,JayHyeon_Qwen_0.5-IRPO_5e-7-3ep_1alp_0lam,model::JayHyeon/Qwen_0.5-IRPO_5e-7-3ep_1alp_0lam,JayHyeon/Qwen_0.5-IRPO_5e-7-3ep_1alp_0lam,Qwen,0.63,<=3B,2025-01-09,2025_Q1,UNKNOWN_OPEN_WEIGHTS,UNKNOWN_LICENSE,COMPLETE_SIX_TASK,True,6,NOT_IN_T05_BRIDGE,NOT_APPLICABLE,False,False,OBSERVED_DESCRIPTION
MODEL::JayHyeon_Qwen_0.5-MDPO_0.1_3e-6-3ep_0alp_0lam,JayHyeon_Qwen_0.5-MDPO_0.1_3e-6-3ep_0alp_0lam,model::JayHyeon/Qwen_0.5-MDPO_0.1_3e-6-3ep_0alp_0lam,JayHyeon/Qwen_0.5-MDPO_0.1_3e-6-3ep_0alp_0lam,Qwen,0.63,<=3B,2025-01-10,2025_Q1,UNKNOWN_OPEN_WEIGHTS,UNKNOWN_LICENSE,COMPLETE_SIX_TASK,True,6,NOT_IN_T05_BRIDGE,NOT_APPLICABLE,False,False,OBSERVED_DESCRIPTION
MODEL::JayHyeon_Qwen_0.5-MDPO_0.1_5e-7-3ep_0alp_0lam,JayHyeon_Qwen_0.5-MDPO_0.1_5e-7-3ep_0alp_0lam,model::JayHyeon/Qwen_0.5-MDPO_0.1_5e-7-3ep_0alp_0lam,JayHyeon/Qwen_0.5-MDPO_0.1_5e-7-3ep_0alp_0lam,Qwen,0.63,<=3B,2025-01-21,2025_Q1,UNKNOWN_OPEN_WEIGHTS,UNKNOWN_LICENSE,COMPLETE_SIX_TASK,True,6,NOT_IN_T05_BRIDGE,NOT_APPLICABLE,False,False,OBSERVED_DESCRIPTION
MODEL::JayHyeon_Qwen_0.5-MDPO_0.3_3e-6-3ep_0alp_0lam,JayHyeon_Qwen_0.5-MDPO_0.3_3e-6-3ep_0alp_0lam,model::JayHyeon/Qwen_0.5-MDPO_0.3_3e-6-3ep_0alp_0lam,JayHyeon/Qwen_0.5-MDPO_0.3_3e-6-3ep_0alp_0lam,Qwen,0.63,<=3B,2025-01-09,2025_Q1,UNKNOWN_OPEN_WEIGHTS,UNKNOWN_LICENSE,COMPLETE_SIX_TASK,True,6,NOT_IN_T05_BRIDGE,NOT_APPLICABLE,False,False,OBSERVED_DESCRIPTION
MODEL::JayHyeon_Qwen_0.5-MDPO_0.3_5e-7-3ep_0alp_0lam,JayHyeon_Qwen_0.5-MDPO_0.3_5e-7-3ep_0alp_0lam,model::JayHyeon/Qwen_0.5-MDPO_0.3_5e-7-3ep_0alp_0lam,JayHyeon/Qwen_0.5-MDPO_0.3_5e-7-3ep_0alp_0lam,Qwen,0.63,<=3B,2025-01-21,2025_Q1,UNKNOWN_OPEN_WEIGHTS,UNKNOWN_LICENSE,COMPLETE_SIX_TASK,True,6,NOT_IN_T05_BRIDGE,NOT_APPLICABLE,False,False,OBSERVED_DESCRIPTION
MODEL::JayHyeon_Qwen_0.5-MDPO_0.5_1e-5-3ep_0alp_0lam,JayHyeon_Qwen_0.5-MDPO_0.5_1e-5-3ep_0alp_0lam,model::JayHyeon/Qwen_0.5-MDPO_0.5_1e-5-3ep_0alp_0lam,JayHyeon/Qwen_0.5-MDPO_0.5_1e-5-3ep_0alp_0lam,Qwen,0.63,<=3B,2025-01-10,2025_Q1,UNKNOWN_OPEN_WEIGHTS,UNKNOWN_LICENSE,COMPLETE_SIX_TASK,True,6,NOT_IN_T05_BRIDGE,NOT_APPLICABLE,False,False,OBSERVED_DESCRIPTION
MODEL::JayHyeon_Qwen_0.5-MDPO_0.5_3e-7-1ep_0alp_0lam,JayHyeon_Qwen_0.5-MDPO_0.5_3e-7-1ep_0alp_0lam,model::JayHyeon/Qwen_0.5-MDPO_0.5_3e-7-1ep_0alp_0lam,JayHyeon/Qwen_0.5-MDPO_0.5_3e-7-1ep_0alp_0lam,Qwen,0.494,<=3B,2025-01-15,2025_Q1,UNKNOWN_OPEN_WEIGHTS,UNKNOWN_LICENSE,COMPLETE_SIX_TASK,True,6,NOT_IN_T05_BRIDGE,NOT_APPLICABLE,False,False,OBSERVED_DESCRIPTION
MODEL::JayHyeon_Qwen_0.5-MDPO_0.5_3e-7-2ep_0alp_0lam,JayHyeon_Qwen_0.5-MDPO_0.5_3e-7-2ep_0alp_0lam,model::JayHyeon/Qwen_0.5-MDPO_0.5_3e-7-2ep_0alp_0lam,JayHyeon/Qwen_0.5-MDPO_0.5_3e-7-2ep_0alp_0lam,Qwen,0.494,<=3B,2025-01-15,2025_Q1,UNKNOWN_OPEN_WEIGHTS,UNKNOWN_LICENSE,COMPLETE_SIX_TASK,True,6,NOT_IN_T05_BRIDGE,NOT_APPLICABLE,False,False,OBSERVED_DESCRIPTION
MODEL::JayHyeon_Qwen_0.5-MDPO_0.5_3e-7-3ep_0alp_0lam,JayHyeon_Qwen_0.5-MDPO_0.5_3e-7-3ep_0alp_0lam,model::JayHyeon/Qwen_0.5-MDPO_0.5_3e-7-3ep_0alp_0lam,JayHyeon/Qwen_0.5-MDPO_0.5_3e-7-3ep_0alp_0lam,Qwen,0.63,<=3B,2025-01-15,2025_Q1,UNKNOWN_OPEN_WEIGHTS,UNKNOWN_LICENSE,COMPLETE_SIX_TASK,True,6,NOT_IN_T05_BRIDGE,NOT_APPLICABLE,False,False,OBSERVED_DESCRIPTION
MODEL::JayHyeon_Qwen_0.5-MDPO_0.5_4e-6-3ep_0alp_0lam,JayHyeon_Qwen_0.5-MDPO_0.5_4e-6-3ep_0alp_0lam,model::JayHyeon/Qwen_0.5-MDPO_0.5_4e-6-3ep_0alp_0lam,JayHyeon/Qwen_0.5-MDPO_0.5_4e-6-3ep_0alp_0lam,Qwen,0.63,<=3B,2025-01-10,2025_Q1,UNKNOWN_OPEN_WEIGHTS,UNKNOWN_LICENSE,COMPLETE_SIX_TASK,True,6,NOT_IN_T05_BRIDGE,NOT_APPLICABLE,False,False,OBSERVED_DESCRIPTION
MODEL::JayHyeon_Qwen_0.5-MDPO_0.5_6e-6-3ep_0alp_0lam,JayHyeon_Qwen_0.5-MDPO_0.5_6e-6-3ep_0alp_0lam,model::JayHyeon/Qwen_0.5-MDPO_0.5_6e-6-3ep_0alp_0lam,JayHyeon/Qwen_0.5-MDPO_0.5_6e-6-3ep_0alp_0lam,Qwen,0.63,<=3B,2025-01-10,2025_Q1,UNKNOWN_OPEN_WEIGHTS,UNKNOWN_LICENSE,COMPLETE_SIX_TASK,True,6,NOT_IN_T05_BRIDGE,NOT_APPLICABLE,False,False,OBSERVED_DESCRIPTION
MODEL::JayHyeon_Qwen_0.5-MDPO_0.5_7e-6-3ep_0alp_0lam,JayHyeon_Qwen_0.5-MDPO_0.5_7e-6-3ep_0alp_0lam,model::JayHyeon/Qwen_0.5-MDPO_0.5_7e-6-3ep_0alp_0lam,JayHyeon/Qwen_0.5-MDPO_0.5_7e-6-3ep_0alp_0lam,Qwen,0.63,<=3B,2025-01-10,2025_Q1,UNKNOWN_OPEN_WEIGHTS,UNKNOWN_LICENSE,COMPLETE_SIX_TASK,True,6,NOT_IN_T05_BRIDGE,NOT_APPLICABLE,False,False,OBSERVED_DESCRIPTION
MODEL::JayHyeon_Qwen_0.5-MDPO_0.5_7e-7-3ep_0alp_0lam,JayHyeon_Qwen_0.5-MDPO_0.5_7e-7-3ep_0alp_0lam,model::JayHyeon/Qwen_0.5-MDPO_0.5_7e-7-3ep_0alp_0lam,JayHyeon/Qwen_0.5-MDPO_0.5_7e-7-3ep_0alp_0lam,Qwen,0.63,<=3B,2025-01-10,2025_Q1,UNKNOWN_OPEN_WEIGHTS,UNKNOWN_LICENSE,COMPLETE_SIX_TASK,True,6,NOT_IN_T05_BRIDGE,NOT_APPLICABLE,False,False,OBSERVED_DESCRIPTION
MODEL::JayHyeon_Qwen_0.5-MDPO_0.7_3e-6-3ep_0alp_0lam,JayHyeon_Qwen_0.5-MDPO_0.7_3e-6-3ep_0alp_0lam,model::JayHyeon/Qwen_0.5-MDPO_0.7_3e-6-3ep_0alp_0lam,JayHyeon/Qwen_0.5-MDPO_0.7_3e-6-3ep_0alp_0lam,Qwen,0.63,<=3B,2025-01-09,2025_Q1,UNKNOWN_OPEN_WEIGHTS,UNKNOWN_LICENSE,COMPLETE_SIX_TASK,True,6,NOT_IN_T05_BRIDGE,NOT_APPLICABLE,False,False,OBSERVED_DESCRIPTION
MODEL::JayHyeon_Qwen_0.5-MDPO_0.7_5e-7-3ep_0alp_0lam,JayHyeon_Qwen_0.5-MDPO_0.7_5e-7-3ep_0alp_0lam,model::JayHyeon/Qwen_0.5-MDPO_0.7_5e-7-3ep_0alp_0lam,JayHyeon/Qwen_0.5-MDPO_0.7_5e-7-3ep_0alp_0lam,Qwen,0.63,<=3B,2025-01-21,2025_Q1,UNKNOWN_OPEN_WEIGHTS,UNKNOWN_LICENSE,COMPLETE_SIX_TASK,True,6,NOT_IN_T05_BRIDGE,NOT_APPLICABLE,False,False,OBSERVED_DESCRIPTION
MODEL::JayHyeon_Qwen_0.5-MDPO_0.9_5e-7-3ep_0alp_0lam,JayHyeon_Qwen_0.5-MDPO_0.9_5e-7-3ep_0alp_0lam,model::JayHyeon/Qwen_0.5-MDPO_0.9_5e-7-3ep_0alp_0lam,JayHyeon/Qwen_0.5-MDPO_0.9_5e-7-3ep_0alp_0lam,Qwen,0.63,<=3B,2025-01-21,2025_Q1,UNKNOWN_OPEN_WEIGHTS,UNKNOWN_LICENSE,COMPLETE_SIX_TASK,True,6,NOT_IN_T05_BRIDGE,NOT_APPLICABLE,False,False,OBSERVED_DESCRIPTION
MODEL::JayHyeon_Qwen_0.5-VDPO_5e-7-1ep_0alp_0lam,JayHyeon_Qwen_0.5-VDPO_5e-7-1ep_0alp_0lam,model::JayHyeon/Qwen_0.5-VDPO_5e-7-1ep_0alp_0lam,JayHyeon/Qwen_0.5-VDPO_5e-7-1ep_0alp_0lam,Qwen,0.63,<=3B,2025-01-25,2025_Q1,UNKNOWN_OPEN_WEIGHTS,UNKNOWN_LICENSE,COMPLETE_SIX_TASK,True,6,NOT_IN_T05_BRIDGE,NOT_APPLICABLE,False,False,OBSERVED_DESCRIPTION
MODEL::JayHyeon_Qwen_0.5-VDPO_5e-7-1ep_10vpo_const,JayHyeon_Qwen_0.5-VDPO_5e-7-1ep_10vpo_const,model::JayHyeon/Qwen_0.5-VDPO_5e-7-1ep_10vpo_const,JayHyeon/Qwen_0.5-VDPO_5e-7-1ep_10vpo_const,Qwen,0.63,<=3B,2025-02-21,2025_Q1,UNKNOWN_OPEN_WEIGHTS,UNKNOWN_LICENSE,COMPLETE_SIX_TASK,True,6,NOT_IN_T05_BRIDGE,NOT_APPLICABLE,False,False,OBSERVED_DESCRIPTION
MODEL::JayHyeon_Qwen_0.5-VDPO_5e-7-1ep_3vpo_const,JayHyeon_Qwen_0.5-VDPO_5e-7-1ep_3vpo_const,model::JayHyeon/Qwen_0.5-VDPO_5e-7-1ep_3vpo_const,JayHyeon/Qwen_0.5-VDPO_5e-7-1ep_3vpo_const,Qwen,0.63,<=3B,2025-02-21,2025_Q1,UNKNOWN_OPEN_WEIGHTS,UNKNOWN_LICENSE,COMPLETE_SIX_TASK,True,6,NOT_IN_T05_BRIDGE,NOT_APPLICABLE,False,False,OBSERVED_DESCRIPTION
MODEL::JayHyeon_Qwen_0.5-VDPO_5e-7-3ep_0alp_0lam,JayHyeon_Qwen_0.5-VDPO_5e-7-3ep_0alp_0lam,model::JayHyeon/Qwen_0.5-VDPO_5e-7-3ep_0alp_0lam,JayHyeon/Qwen_0.5-VDPO_5e-7-3ep_0alp_0lam,Qwen,0.63,<=3B,2025-01-25,2025_Q1,UNKNOWN_OPEN_WEIGHTS,UNKNOWN_LICENSE,COMPLETE_SIX_TASK,True,6,NOT_IN_T05_BRIDGE,NOT_APPLICABLE,False,False,OBSERVED_DESCRIPTION
MODEL::JayHyeon_Qwen_0.5-VIPO_5e-7-1ep_0alp_0lam,JayHyeon_Qwen_0.5-VIPO_5e-7-1ep_0alp_0lam,model::JayHyeon/Qwen_0.5-VIPO_5e-7-1ep_0alp_0lam,JayHyeon/Qwen_0.5-VIPO_5e-7-1ep_0alp_0lam,Qwen,0.63,<=3B,2025-01-25,2025_Q1,UNKNOWN_OPEN_WEIGHTS,UNKNOWN_LICENSE,COMPLETE_SIX_TASK,True,6,NOT_IN_T05_BRIDGE,NOT_APPLICABLE,False,False,OBSERVED_DESCRIPTION
MODEL::JayHyeon_Qwen_0.5-VIPO_5e-7-1ep_30vpo_const,JayHyeon_Qwen_0.5-VIPO_5e-7-1ep_30vpo_const,model::JayHyeon/Qwen_0.5-VIPO_5e-7-1ep_30vpo_const,JayHyeon/Qwen_0.5-VIPO_5e-7-1ep_30vpo_const,Qwen,0.63,<=3B,2025-02-21,2025_Q1,UNKNOWN_OPEN_WEIGHTS,UNKNOWN_LICENSE,COMPLETE_SIX_TASK,True,6,NOT_IN_T05_BRIDGE,NOT_APPLICABLE,False,False,OBSERVED_DESCRIPTION
MODEL::JayHyeon_Qwen_0.5-VIPO_5e-7-1ep_3vpo_const,JayHyeon_Qwen_0.5-VIPO_5e-7-1ep_3vpo_const,model::JayHyeon/Qwen_0.5-VIPO_5e-7-1ep_3vpo_const,JayHyeon/Qwen_0.5-VIPO_5e-7-1ep_3vpo_const,Qwen,0.63,<=3B,2025-02-21,2025_Q1,UNKNOWN_OPEN_WEIGHTS,UNKNOWN_LICENSE,COMPLETE_SIX_TASK,True,6,NOT_IN_T05_BRIDGE,NOT_APPLICABLE,False,False,OBSERVED_DESCRIPTION
MODEL::JayHyeon_Qwen_0.5-VIPO_5e-7-3ep_0alp_0lam,JayHyeon_Qwen_0.5-VIPO_5e-7-3ep_0alp_0lam,model::JayHyeon/Qwen_0.5-VIPO_5e-7-3ep_0alp_0lam,JayHyeon/Qwen_0.5-VIPO_5e-7-3ep_0alp_0lam,Qwen,0.63,<=3B,2025-01-25,2025_Q1,UNKNOWN_OPEN_WEIGHTS,UNKNOWN_LICENSE,COMPLETE_SIX_TASK,True,6,NOT_IN_T05_BRIDGE,NOT_APPLICABLE,False,False,OBSERVED_DESCRIPTION
MODEL::JayHyeon_Qwen_0.5-cDPO_5e-7-3ep_0vpo_const_0.1,JayHyeon_Qwen_0.5-cDPO_5e-7-3ep_0vpo_const_0.1,model::JayHyeon/Qwen_0.5-cDPO_5e-7-3ep_0vpo_const_0.1,JayHyeon/Qwen_0.5-cDPO_5e-7-3ep_0vpo_const_0.1,Qwen,0.63,<=3B,2025-02-20,2025_Q1,UNKNOWN_OPEN_WEIGHTS,UNKNOWN_LICENSE,COMPLETE_SIX_TASK,True,6,NOT_IN_T05_BRIDGE,NOT_APPLICABLE,False,False,OBSERVED_DESCRIPTION
MODEL::JayHyeon_Qwen_0.5-cDPO_5e-7-3ep_0vpo_const_0.3,JayHyeon_Qwen_0.5-cDPO_5e-7-3ep_0vpo_const_0.3,model::JayHyeon/Qwen_0.5-cDPO_5e-7-3ep_0vpo_const_0.3,JayHyeon/Qwen_0.5-cDPO_5e-7-3ep_0vpo_const_0.3,Qwen,0.63,<=3B,2025-02-17,2025_Q1,UNKNOWN_OPEN_WEIGHTS,UNKNOWN_LICENSE,COMPLETE_SIX_TASK,True,6,NOT_IN_T05_BRIDGE,NOT_APPLICABLE,False,False,OBSERVED_DESCRIPTION
MODEL::JayHyeon_Qwen_0.5-rDPO_3e-6-1ep_0vpo_const_0.1,JayHyeon_Qwen_0.5-rDPO_3e-6-1ep_0vpo_const_0.1,model::JayHyeon/Qwen_0.5-rDPO_3e-6-1ep_0vpo_const_0.1,JayHyeon/Qwen_0.5-rDPO_3e-6-1ep_0vpo_const_0.1,Qwen,0.63,<=3B,2025-02-27,2025_Q1,UNKNOWN_OPEN_WEIGHTS,UNKNOWN_LICENSE,COMPLETE_SIX_TASK,True,6,NOT_IN_T05_BRIDGE,NOT_APPLICABLE,False,False,OBSERVED_DESCRIPTION
MODEL::JayHyeon_Qwen_0.5-rDPO_5e-7-3ep_0vpo_const_0.3,JayHyeon_Qwen_0.5-rDPO_5e-7-3ep_0vpo_const_0.3,model::JayHyeon/Qwen_0.5-rDPO_5e-7-3ep_0vpo_const_0.3,JayHyeon/Qwen_0.5-rDPO_5e-7-3ep_0vpo_const_0.3,Qwen,0.63,<=3B,2025-02-17,2025_Q1,UNKNOWN_OPEN_WEIGHTS,UNKNOWN_LICENSE,COMPLETE_SIX_TASK,True,6,NOT_IN_T05_BRIDGE,NOT_APPLICABLE,False,False,OBSERVED_DESCRIPTION
MODEL::Jimmy19991222_Llama-3-Instruct-8B-SimPO-v0.2,Jimmy19991222_Llama-3-Instruct-8B-SimPO-v0.2,model::Jimmy19991222/Llama-3-Instruct-8B-SimPO-v0.2,Jimmy19991222/Llama-3-Instruct-8B-SimPO-v0.2,Llama,8.03,>3B to <20B,2024-09-06,2024_H2,Yes,UNKNOWN_LICENSE,COMPLETE_SIX_TASK,True,6,NOT_IN_T05_BRIDGE,NOT_APPLICABLE,False,False,OBSERVED_DESCRIPTION
MODEL::Jimmy19991222_llama-3-8b-instruct-gapo-v2-bert-f1-beta10-gamma0.3-lr1.0e-6-1minus-rerun,Jimmy19991222_llama-3-8b-instruct-gapo-v2-bert-f1-beta10-gamma0.3-lr1.0e-6-1minus-rerun,model::Jimmy19991222/llama-3-8b-instruct-gapo-v2-bert-f1-beta10-gamma0.3-lr1.0e-6-1minus-rerun,Jimmy19991222/llama-3-8b-instruct-gapo-v2-bert-f1-beta10-gamma0.3-lr1.0e-6-1minus-rerun,Llama,8.03,>3B to <20B,2024-09-18,2024_H2,UNKNOWN_OPEN_WEIGHTS,LICENSE_RECORDED,COMPLETE_SIX_TASK,True,6,NOT_IN_T05_BRIDGE,NOT_APPLICABLE,False,False,OBSERVED_DESCRIPTION
MODEL::Jimmy19991222_llama-3-8b-instruct-gapo-v2-bert_f1-beta10-gamma0.3-lr1.0e-6-scale-log,Jimmy19991222_llama-3-8b-instruct-gapo-v2-bert_f1-beta10-gamma0.3-lr1.0e-6-scale-log,model::Jimmy19991222/llama-3-8b-instruct-gapo-v2-bert_f1-beta10-gamma0.3-lr1.0e-6-scale-log,Jimmy19991222/llama-3-8b-instruct-gapo-v2-bert_f1-beta10-gamma0.3-lr1.0e-6-scale-log,Llama,8.03,>3B to <20B,2024-09-22,2024_H2,UNKNOWN_OPEN_WEIGHTS,LICENSE_RECORDED,COMPLETE_SIX_TASK,True,6,NOT_IN_T05_BRIDGE,NOT_APPLICABLE,False,False,OBSERVED_DESCRIPTION
MODEL::Jimmy19991222_llama-3-8b-instruct-gapo-v2-bert_p-beta10-gamma0.3-lr1.0e-6-scale-log,Jimmy19991222_llama-3-8b-instruct-gapo-v2-bert_p-beta10-gamma0.3-lr1.0e-6-scale-log,model::Jimmy19991222/llama-3-8b-instruct-gapo-v2-bert_p-beta10-gamma0.3-lr1.0e-6-scale-log,Jimmy19991222/llama-3-8b-instruct-gapo-v2-bert_p-beta10-gamma0.3-lr1.0e-6-scale-log,Llama,8.03,>3B to <20B,2024-09-22,2024_H2,UNKNOWN_OPEN_WEIGHTS,LICENSE_RECORDED,COMPLETE_SIX_TASK,True,6,NOT_IN_T05_BRIDGE,NOT_APPLICABLE,False,False,OBSERVED_DESCRIPTION
MODEL::Jimmy19991222_llama-3-8b-instruct-gapo-v2-bleu-beta0.1-no-length-scale-gamma0.4,Jimmy19991222_llama-3-8b-instruct-gapo-v2-bleu-beta0.1-no-length-scale-gamma0.4,model::Jimmy19991222/llama-3-8b-instruct-gapo-v2-bleu-beta0.1-no-length-scale-gamma0.4,Jimmy19991222/llama-3-8b-instruct-gapo-v2-bleu-beta0.1-no-length-scale-gamma0.4,Llama,8.03,>3B to <20B,2024-09-06,2024_H2,UNKNOWN_OPEN_WEIGHTS,UNKNOWN_LICENSE,COMPLETE_SIX_TASK,True,6,NOT_IN_T05_BRIDGE,NOT_APPLICABLE,False,False,OBSERVED_DESCRIPTION
MODEL::Jimmy19991222_llama-3-8b-instruct-gapo-v2-rouge2-beta10-1minus-gamma0.3-rerun,Jimmy19991222_llama-3-8b-instruct-gapo-v2-rouge2-beta10-1minus-gamma0.3-rerun,model::Jimmy19991222/llama-3-8b-instruct-gapo-v2-rouge2-beta10-1minus-gamma0.3-rerun,Jimmy19991222/llama-3-8b-instruct-gapo-v2-rouge2-beta10-1minus-gamma0.3-rerun,Llama,8.03,>3B to <20B,2024-09-15,2024_H2,UNKNOWN_OPEN_WEIGHTS,LICENSE_RECORDED,COMPLETE_SIX_TASK,True,6,NOT_IN_T05_BRIDGE,NOT_APPLICABLE,False,False,OBSERVED_DESCRIPTION
MODEL::Jimmy19991222_llama-3-8b-instruct-gapo-v2-rouge2-beta10-gamma0.3-lr1.0e-6-scale-log,Jimmy19991222_llama-3-8b-instruct-gapo-v2-rouge2-beta10-gamma0.3-lr1.0e-6-scale-log,model::Jimmy19991222/llama-3-8b-instruct-gapo-v2-rouge2-beta10-gamma0.3-lr1.0e-6-scale-log,Jimmy19991222/llama-3-8b-instruct-gapo-v2-rouge2-beta10-gamma0.3-lr1.0e-6-scale-log,Llama,8.03,>3B to <20B,2024-09-22,2024_H2,UNKNOWN_OPEN_WEIGHTS,LICENSE_RECORDED,COMPLETE_SIX_TASK,True,6,NOT_IN_T05_BRIDGE,NOT_APPLICABLE,False,False,OBSERVED_DESCRIPTION
MODEL::Jimmy19991222_llama-3-8b-instruct-gapo-v2-rougeL-beta10-gamma0.3-lr1.0e-6-scale-log,Jimmy19991222_llama-3-8b-instruct-gapo-v2-rougeL-beta10-gamma0.3-lr1.0e-6-scale-log,model::Jimmy19991222/llama-3-8b-instruct-gapo-v2-rougeL-beta10-gamma0.3-lr1.0e-6-scale-log,Jimmy19991222/llama-3-8b-instruct-gapo-v2-rougeL-beta10-gamma0.3-lr1.0e-6-scale-log,Llama,8.03,>3B to <20B,2024-09-22,2024_H2,UNKNOWN_OPEN_WEIGHTS,LICENSE_RECORDED,COMPLETE_SIX_TASK,True,6,NOT_IN_T05_BRIDGE,NOT_APPLICABLE,False,False,OBSERVED_DESCRIPTION
MODEL::Joseph717171_Hermes-3-Llama-3.1-8B_TIES_with_Base_Embeds_Initialized_to_Special_Instruct_Toks_dtypeF32,Joseph717171_Hermes-3-Llama-3.1-8B_TIES_with_Base_Embeds_Initialized_to_Special_Instruct_Toks_dtypeF32,model::Joseph717171/Hermes-3-Llama-3.1-8B_TIES_with_Base_Embeds_Initialized_to_Special_Instruct_Toks_dtypeF32,Joseph717171/Hermes-3-Llama-3.1-8B_TIES_with_Base_Embeds_Initialized_to_Special_Instruct_Toks_dtypeF32,Llama,8.03,>3B to <20B,2024-10-25,2024_H2,UNKNOWN_OPEN_WEIGHTS,LICENSE_RECORDED,COMPLETE_SIX_TASK,True,6,NOT_IN_T05_BRIDGE,NOT_APPLICABLE,False,False,OBSERVED_DESCRIPTION
MODEL::Joseph717171_Llama-3.1-SuperNova-8B-Lite_TIES_with_Base,Joseph717171_Llama-3.1-SuperNova-8B-Lite_TIES_with_Base,model::Joseph717171/Llama-3.1-SuperNova-8B-Lite_TIES_with_Base,Joseph717171/Llama-3.1-SuperNova-8B-Lite_TIES_with_Base,Llama,8.03,>3B to <20B,2024-10-03,2024_H2,UNKNOWN_OPEN_WEIGHTS,LICENSE_RECORDED,COMPLETE_SIX_TASK,True,6,NOT_IN_T05_BRIDGE,NOT_APPLICABLE,False,False,OBSERVED_DESCRIPTION
MODEL::Josephgflowers_Cinder-Phi-2-V1-F16-gguf,Josephgflowers_Cinder-Phi-2-V1-F16-gguf,model::Josephgflowers/Cinder-Phi-2-V1-F16-gguf,Josephgflowers/Cinder-Phi-2-V1-F16-gguf,Phi,2.78,<=3B,2024-06-26,2024_H1,UNKNOWN_OPEN_WEIGHTS,LICENSE_RECORDED,COMPLETE_SIX_TASK,True,6,NOT_IN_T05_BRIDGE,NOT_APPLICABLE,False,False,OBSERVED_DESCRIPTION
MODEL::Josephgflowers_Differential-Attention-Liquid-Metal-Tinyllama,Josephgflowers_Differential-Attention-Liquid-Metal-Tinyllama,model::Josephgflowers/Differential-Attention-Liquid-Metal-Tinyllama,Josephgflowers/Differential-Attention-Liquid-Metal-Tinyllama,Llama,1.1,<=3B,2024-11-07,2024_H2,UNKNOWN_OPEN_WEIGHTS,LICENSE_RECORDED,COMPLETE_SIX_TASK,True,6,NOT_IN_T05_BRIDGE,NOT_APPLICABLE,False,False,OBSERVED_DESCRIPTION
MODEL::Josephgflowers_TinyLlama-Cinder-Agent-v1,Josephgflowers_TinyLlama-Cinder-Agent-v1,model::Josephgflowers/TinyLlama-Cinder-Agent-v1,Josephgflowers/TinyLlama-Cinder-Agent-v1,Llama,1.1,<=3B,2024-06-26,2024_H1,UNKNOWN_OPEN_WEIGHTS,LICENSE_RECORDED,COMPLETE_SIX_TASK,True,6,NOT_IN_T05_BRIDGE,NOT_APPLICABLE,False,False,OBSERVED_DESCRIPTION
MODEL::Josephgflowers_TinyLlama-v1.1-Cinders-World,Josephgflowers_TinyLlama-v1.1-Cinders-World,model::Josephgflowers/TinyLlama-v1.1-Cinders-World,Josephgflowers/TinyLlama-v1.1-Cinders-World,Llama,1.1,<=3B,2024-10-13,2024_H2,UNKNOWN_OPEN_WEIGHTS,LICENSE_RECORDED,COMPLETE_SIX_TASK,True,6,NOT_IN_T05_BRIDGE,NOT_APPLICABLE,False,False,OBSERVED_DESCRIPTION
MODEL::Josephgflowers_TinyLlama_v1.1_math_code-world-test-1,Josephgflowers_TinyLlama_v1.1_math_code-world-test-1,model::Josephgflowers/TinyLlama_v1.1_math_code-world-test-1,Josephgflowers/TinyLlama_v1.1_math_code-world-test-1,Llama,1.1,<=3B,2024-09-09,2024_H2,UNKNOWN_OPEN_WEIGHTS,LICENSE_RECORDED,COMPLETE_SIX_TASK,True,6,NOT_IN_T05_BRIDGE,NOT_APPLICABLE,False,False,OBSERVED_DESCRIPTION
MODEL::Josephgflowers_Tinyllama-STEM-Cinder-Agent-v1,Josephgflowers_Tinyllama-STEM-Cinder-Agent-v1,model::Josephgflowers/Tinyllama-STEM-Cinder-Agent-v1,Josephgflowers/Tinyllama-STEM-Cinder-Agent-v1,Llama,1.1,<=3B,2024-11-27,2024_H2,UNKNOWN_OPEN_WEIGHTS,LICENSE_RECORDED,COMPLETE_SIX_TASK,True,6,NOT_IN_T05_BRIDGE,NOT_APPLICABLE,False,False,OBSERVED_DESCRIPTION
MODEL::JungZoona_T3Q-Qwen2.5-14B-Instruct-1M-e3,JungZoona_T3Q-Qwen2.5-14B-Instruct-1M-e3,model::JungZoona/T3Q-Qwen2.5-14B-Instruct-1M-e3,JungZoona/T3Q-Qwen2.5-14B-Instruct-1M-e3,Qwen,0.0,<=3B,,UNKNOWN_OR_AMBIGUOUS,UNKNOWN_OPEN_WEIGHTS,LICENSE_RECORDED,COMPLETE_SIX_TASK,True,6,NOT_IN_T05_BRIDGE,NOT_APPLICABLE,False,False,OBSERVED_DESCRIPTION
MODEL::JungZoona_T3Q-qwen2.5-14b-v1.0-e3,JungZoona_T3Q-qwen2.5-14b-v1.0-e3,model::JungZoona/T3Q-qwen2.5-14b-v1.0-e3,JungZoona/T3Q-qwen2.5-14b-v1.0-e3,Qwen,14.77,>3B to <20B,2025-03-13,2025_Q1,UNKNOWN_OPEN_WEIGHTS,LICENSE_RECORDED,COMPLETE_SIX_TASK,True,6,NOT_IN_T05_BRIDGE,NOT_APPLICABLE,False,False,OBSERVED_DESCRIPTION
MODEL::Junhoee_Qwen-Megumin,Junhoee_Qwen-Megumin,model::Junhoee/Qwen-Megumin,Junhoee/Qwen-Megumin,Qwen,15.231,>3B to <20B,2024-11-26,2024_H2,UNKNOWN_OPEN_WEIGHTS,UNKNOWN_LICENSE,COMPLETE_SIX_TASK,True,6,NOT_IN_T05_BRIDGE,NOT_APPLICABLE,False,False,OBSERVED_DESCRIPTION
MODEL::KSU-HW-SEC_Llama3-70b-SVA-FT-1415,KSU-HW-SEC_Llama3-70b-SVA-FT-1415,model::KSU-HW-SEC/Llama3-70b-SVA-FT-1415,KSU-HW-SEC/Llama3-70b-SVA-FT-1415,Llama,70.554,>=20B,2024-09-08,2024_H2,UNKNOWN_OPEN_WEIGHTS,UNKNOWN_LICENSE,COMPLETE_SIX_TASK,True,6,NOT_IN_T05_BRIDGE,NOT_APPLICABLE,False,False,OBSERVED_DESCRIPTION
MODEL::KSU-HW-SEC_Llama3-70b-SVA-FT-500,KSU-HW-SEC_Llama3-70b-SVA-FT-500,model::KSU-HW-SEC/Llama3-70b-SVA-FT-500,KSU-HW-SEC/Llama3-70b-SVA-FT-500,Llama,70.554,>=20B,2024-09-08,2024_H2,UNKNOWN_OPEN_WEIGHTS,UNKNOWN_LICENSE,COMPLETE_SIX_TASK,True,6,NOT_IN_T05_BRIDGE,NOT_APPLICABLE,False,False,OBSERVED_DESCRIPTION
MODEL::KSU-HW-SEC_Llama3-70b-SVA-FT-final,KSU-HW-SEC_Llama3-70b-SVA-FT-final,model::KSU-HW-SEC/Llama3-70b-SVA-FT-final,KSU-HW-SEC/Llama3-70b-SVA-FT-final,Llama,70.554,>=20B,2024-09-08,2024_H2,UNKNOWN_OPEN_WEIGHTS,UNKNOWN_LICENSE,COMPLETE_SIX_TASK,True,6,NOT_IN_T05_BRIDGE,NOT_APPLICABLE,False,False,OBSERVED_DESCRIPTION
MODEL::KSU-HW-SEC_Llama3.1-70b-SVA-FT-1000step,KSU-HW-SEC_Llama3.1-70b-SVA-FT-1000step,model::KSU-HW-SEC/Llama3.1-70b-SVA-FT-1000step,KSU-HW-SEC/Llama3.1-70b-SVA-FT-1000step,Llama,70.554,>=20B,2024-09-08,2024_H2,UNKNOWN_OPEN_WEIGHTS,UNKNOWN_LICENSE,COMPLETE_SIX_TASK,True,6,NOT_IN_T05_BRIDGE,NOT_APPLICABLE,False,False,OBSERVED_DESCRIPTION
MODEL::Khetterman_DarkAtom-12B-v3,Khetterman_DarkAtom-12B-v3,model::Khetterman/DarkAtom-12B-v3,Khetterman/DarkAtom-12B-v3,Khetterman,12.248,>3B to <20B,2024-12-09,2024_H2,UNKNOWN_OPEN_WEIGHTS,UNKNOWN_LICENSE,COMPLETE_SIX_TASK,True,6,NOT_IN_T05_BRIDGE,NOT_APPLICABLE,False,False,OBSERVED_DESCRIPTION
MODEL::Khetterman_Kosmos-8B-v1,Khetterman_Kosmos-8B-v1,model::Khetterman/Kosmos-8B-v1,Khetterman/Kosmos-8B-v1,Khetterman,8.03,>3B to <20B,2024-12-27,2024_H2,UNKNOWN_OPEN_WEIGHTS,UNKNOWN_LICENSE,COMPLETE_SIX_TASK,True,6,NOT_IN_T05_BRIDGE,NOT_APPLICABLE,False,False,OBSERVED_DESCRIPTION
MODEL::Kimargin_GPT-NEO-1.3B-wiki,Kimargin_GPT-NEO-1.3B-wiki,model::Kimargin/GPT-NEO-1.3B-wiki,Kimargin/GPT-NEO-1.3B-wiki,Kimargin,1.316,<=3B,2024-10-24,2024_H2,Yes,LICENSE_RECORDED,COMPLETE_SIX_TASK,True,6,NOT_IN_T05_BRIDGE,NOT_APPLICABLE,False,False,OBSERVED_DESCRIPTION
MODEL::KingNish_Qwen2.5-0.5b-Test-ft,KingNish_Qwen2.5-0.5b-Test-ft,model::KingNish/Qwen2.5-0.5b-Test-ft,KingNish/Qwen2.5-0.5b-Test-ft,Qwen,0.494,<=3B,2024-09-29,2024_H2,UNKNOWN_OPEN_WEIGHTS,LICENSE_RECORDED,COMPLETE_SIX_TASK,True,6,NOT_IN_T05_BRIDGE,NOT_APPLICABLE,False,False,OBSERVED_DESCRIPTION
MODEL::KingNish_Reasoning-Llama-3b-v0.1,KingNish_Reasoning-Llama-3b-v0.1,model::KingNish/Reasoning-Llama-3b-v0.1,KingNish/Reasoning-Llama-3b-v0.1,Llama,3.213,>3B to <20B,2024-10-26,2024_H2,UNKNOWN_OPEN_WEIGHTS,LICENSE_RECORDED,COMPLETE_SIX_TASK,True,6,NOT_IN_T05_BRIDGE,NOT_APPLICABLE,False,False,OBSERVED_DESCRIPTION
MODEL::KingNish_qwen-1b-continued,KingNish_qwen-1b-continued,model::KingNish/qwen-1b-continued,KingNish/qwen-1b-continued,Qwen,1.277,<=3B,2025-03-07,2025_Q1,UNKNOWN_OPEN_WEIGHTS,LICENSE_RECORDED,COMPLETE_SIX_TASK,True,6,NOT_IN_T05_BRIDGE,NOT_APPLICABLE,False,False,OBSERVED_DESCRIPTION
MODEL::KingNish_qwen-1b-continued-v2.1,KingNish_qwen-1b-continued-v2.1,model::KingNish/qwen-1b-continued-v2.1,KingNish/qwen-1b-continued-v2.1,Qwen,1.277,<=3B,2025-03-08,2025_Q1,UNKNOWN_OPEN_WEIGHTS,LICENSE_RECORDED,COMPLETE_SIX_TASK,True,6,NOT_IN_T05_BRIDGE,NOT_APPLICABLE,False,False,OBSERVED_DESCRIPTION
MODEL::KingNish_qwen-1b-continued-v2.2,KingNish_qwen-1b-continued-v2.2,model::KingNish/qwen-1b-continued-v2.2,KingNish/qwen-1b-continued-v2.2,Qwen,1.277,<=3B,2025-03-09,2025_Q1,UNKNOWN_OPEN_WEIGHTS,LICENSE_RECORDED,COMPLETE_SIX_TASK,True,6,NOT_IN_T05_BRIDGE,NOT_APPLICABLE,False,False,OBSERVED_DESCRIPTION
MODEL::Kquant03_CognitiveFusion2-4x7B-BF16,Kquant03_CognitiveFusion2-4x7B-BF16,model::Kquant03/CognitiveFusion2-4x7B-BF16,Kquant03/CognitiveFusion2-4x7B-BF16,Kquant03,24.154,>=20B,2024-07-31,2024_H2,UNKNOWN_OPEN_WEIGHTS,LICENSE_RECORDED,COMPLETE_SIX_TASK,True,6,NOT_IN_T05_BRIDGE,NOT_APPLICABLE,False,False,OBSERVED_DESCRIPTION
MODEL::Kquant03_L3-Pneuma-8B,Kquant03_L3-Pneuma-8B,model::Kquant03/L3-Pneuma-8B,Kquant03/L3-Pneuma-8B,Kquant03,8.03,>3B to <20B,2024-10-16,2024_H2,UNKNOWN_OPEN_WEIGHTS,LICENSE_RECORDED,COMPLETE_SIX_TASK,True,6,NOT_IN_T05_BRIDGE,NOT_APPLICABLE,False,False,OBSERVED_DESCRIPTION
MODEL::Krystalan_DRT-o1-14B,Krystalan_DRT-o1-14B,model::Krystalan/DRT-o1-14B,Krystalan/DRT-o1-14B,Krystalan,14.77,>3B to <20B,2024-12-27,2024_H2,UNKNOWN_OPEN_WEIGHTS,LICENSE_RECORDED,COMPLETE_SIX_TASK,True,6,NOT_IN_T05_BRIDGE,NOT_APPLICABLE,False,False,OBSERVED_DESCRIPTION
MODEL::Krystalan_DRT-o1-7B,Krystalan_DRT-o1-7B,model::Krystalan/DRT-o1-7B,Krystalan/DRT-o1-7B,Krystalan,7.616,>3B to <20B,2025-02-05,2025_Q1,UNKNOWN_OPEN_WEIGHTS,LICENSE_RECORDED,COMPLETE_SIX_TASK,True,6,NOT_IN_T05_BRIDGE,NOT_APPLICABLE,False,False,OBSERVED_DESCRIPTION
MODEL::Kukedlc_NeuralExperiment-7b-MagicCoder-v7.5,Kukedlc_NeuralExperiment-7b-MagicCoder-v7.5,model::Kukedlc/NeuralExperiment-7b-MagicCoder-v7.5,Kukedlc/NeuralExperiment-7b-MagicCoder-v7.5,Kukedlc,7.242,>3B to <20B,2024-07-30,2024_H2,UNKNOWN_OPEN_WEIGHTS,LICENSE_RECORDED,COMPLETE_SIX_TASK,True,6,NOT_IN_T05_BRIDGE,NOT_APPLICABLE,False,False,OBSERVED_DESCRIPTION
MODEL::Kukedlc_NeuralLLaMa-3-8b-DT-v0.1,Kukedlc_NeuralLLaMa-3-8b-DT-v0.1,model::Kukedlc/NeuralLLaMa-3-8b-DT-v0.1,Kukedlc/NeuralLLaMa-3-8b-DT-v0.1,Llama,8.03,>3B to <20B,2024-09-17,2024_H2,UNKNOWN_OPEN_WEIGHTS,LICENSE_RECORDED,COMPLETE_SIX_TASK,True,6,NOT_IN_T05_BRIDGE,NOT_APPLICABLE,False,False,OBSERVED_DESCRIPTION
MODEL::Kukedlc_NeuralLLaMa-3-8b-ORPO-v0.3,Kukedlc_NeuralLLaMa-3-8b-ORPO-v0.3,model::Kukedlc/NeuralLLaMa-3-8b-ORPO-v0.3,Kukedlc/NeuralLLaMa-3-8b-ORPO-v0.3,Llama,8.03,>3B to <20B,2024-07-28,2024_H2,UNKNOWN_OPEN_WEIGHTS,LICENSE_RECORDED,COMPLETE_SIX_TASK,True,6,NOT_IN_T05_BRIDGE,NOT_APPLICABLE,False,False,OBSERVED_DESCRIPTION
MODEL::Kukedlc_NeuralSynthesis-7B-v0.1,Kukedlc_NeuralSynthesis-7B-v0.1,model::Kukedlc/NeuralSynthesis-7B-v0.1,Kukedlc/NeuralSynthesis-7B-v0.1,Kukedlc,7.242,>3B to <20B,2024-06-29,2024_H1,UNKNOWN_OPEN_WEIGHTS,LICENSE_RECORDED,COMPLETE_SIX_TASK,True,6,NOT_IN_T05_BRIDGE,NOT_APPLICABLE,False,False,OBSERVED_DESCRIPTION
MODEL::Kukedlc_NeuralSynthesis-7B-v0.3,Kukedlc_NeuralSynthesis-7B-v0.3,model::Kukedlc/NeuralSynthesis-7B-v0.3,Kukedlc/NeuralSynthesis-7B-v0.3,Kukedlc,7.242,>3B to <20B,2024-07-31,2024_H2,UNKNOWN_OPEN_WEIGHTS,LICENSE_RECORDED,COMPLETE_SIX_TASK,True,6,NOT_IN_T05_BRIDGE,NOT_APPLICABLE,False,False,OBSERVED_DESCRIPTION
MODEL::Kukedlc_NeuralSynthesis-7b-v0.4-slerp,Kukedlc_NeuralSynthesis-7b-v0.4-slerp,model::Kukedlc/NeuralSynthesis-7b-v0.4-slerp,Kukedlc/NeuralSynthesis-7b-v0.4-slerp,Kukedlc,7.242,>3B to <20B,2024-07-31,2024_H2,UNKNOWN_OPEN_WEIGHTS,LICENSE_RECORDED,COMPLETE_SIX_TASK,True,6,NOT_IN_T05_BRIDGE,NOT_APPLICABLE,False,False,OBSERVED_DESCRIPTION
MODEL::Kukedlc_Qwen-2.5-7b-Spanish-o1-CoT,Kukedlc_Qwen-2.5-7b-Spanish-o1-CoT,model::Kukedlc/Qwen-2.5-7b-Spanish-o1-CoT,Kukedlc/Qwen-2.5-7b-Spanish-o1-CoT,Qwen,7.616,>3B to <20B,2024-12-04,2024_H2,UNKNOWN_OPEN_WEIGHTS,LICENSE_RECORDED,COMPLETE_SIX_TASK,True,6,NOT_IN_T05_BRIDGE,NOT_APPLICABLE,False,False,OBSERVED_DESCRIPTION
MODEL::Kumar955_Hemanth-llm,Kumar955_Hemanth-llm,model::Kumar955/Hemanth-llm,Kumar955/Hemanth-llm,Kumar955,7.242,>3B to <20B,2024-09-24,2024_H2,UNKNOWN_OPEN_WEIGHTS,UNKNOWN_LICENSE,COMPLETE_SIX_TASK,True,6,NOT_IN_T05_BRIDGE,NOT_APPLICABLE,False,False,OBSERVED_DESCRIPTION
MODEL::LEESM_llama-2-7b-hf-lora-oki100p,LEESM_llama-2-7b-hf-lora-oki100p,model::LEESM/llama-2-7b-hf-lora-oki100p,LEESM/llama-2-7b-hf-lora-oki100p,Llama,6.738,>3B to <20B,2024-11-08,2024_H2,UNKNOWN_OPEN_WEIGHTS,LICENSE_RECORDED,COMPLETE_SIX_TASK,True,6,NOT_IN_T05_BRIDGE,NOT_APPLICABLE,False,False,OBSERVED_DESCRIPTION
MODEL::LEESM_llama-2-7b-hf-lora-oki10p,LEESM_llama-2-7b-hf-lora-oki10p,model::LEESM/llama-2-7b-hf-lora-oki10p,LEESM/llama-2-7b-hf-lora-oki10p,Llama,6.738,>3B to <20B,2024-11-08,2024_H2,UNKNOWN_OPEN_WEIGHTS,LICENSE_RECORDED,COMPLETE_SIX_TASK,True,6,NOT_IN_T05_BRIDGE,NOT_APPLICABLE,False,False,OBSERVED_DESCRIPTION
MODEL::LEESM_llama-3-8b-bnb-4b-kowiki231101,LEESM_llama-3-8b-bnb-4b-kowiki231101,model::LEESM/llama-3-8b-bnb-4b-kowiki231101,LEESM/llama-3-8b-bnb-4b-kowiki231101,Llama,8.03,>3B to <20B,2024-11-08,2024_H2,UNKNOWN_OPEN_WEIGHTS,LICENSE_RECORDED,COMPLETE_SIX_TASK,True,6,NOT_IN_T05_BRIDGE,NOT_APPLICABLE,False,False,OBSERVED_DESCRIPTION
MODEL::LEESM_llama-3-Korean-Bllossom-8B-trexlab-oki10p,LEESM_llama-3-Korean-Bllossom-8B-trexlab-oki10p,model::LEESM/llama-3-Korean-Bllossom-8B-trexlab-oki10p,LEESM/llama-3-Korean-Bllossom-8B-trexlab-oki10p,Llama,8.03,>3B to <20B,2024-11-08,2024_H2,UNKNOWN_OPEN_WEIGHTS,LICENSE_RECORDED,COMPLETE_SIX_TASK,True,6,NOT_IN_T05_BRIDGE,NOT_APPLICABLE,False,False,OBSERVED_DESCRIPTION
MODEL::LGAI-EXAONE_EXAONE-3.0-7.8B-Instruct,LGAI-EXAONE_EXAONE-3.0-7.8B-Instruct,model::LGAI-EXAONE/EXAONE-3.0-7.8B-Instruct,LGAI-EXAONE/EXAONE-3.0-7.8B-Instruct,LGAI-EXAONE,7.8,>3B to <20B,2024-08-18,2024_H2,UNKNOWN_OPEN_WEIGHTS,LICENSE_RECORDED,COMPLETE_SIX_TASK,True,6,NOT_IN_T05_BRIDGE,NOT_APPLICABLE,False,False,OBSERVED_DESCRIPTION
MODEL::LGAI-EXAONE_EXAONE-3.5-2.4B-Instruct,LGAI-EXAONE_EXAONE-3.5-2.4B-Instruct,model::LGAI-EXAONE/EXAONE-3.5-2.4B-Instruct,LGAI-EXAONE/EXAONE-3.5-2.4B-Instruct,LGAI-EXAONE,2.405,<=3B,2024-12-11,2024_H2,UNKNOWN_OPEN_WEIGHTS,LICENSE_RECORDED,COMPLETE_SIX_TASK,True,6,NOT_IN_T05_BRIDGE,NOT_APPLICABLE,False,False,OBSERVED_DESCRIPTION
MODEL::LGAI-EXAONE_EXAONE-3.5-32B-Instruct,LGAI-EXAONE_EXAONE-3.5-32B-Instruct,model::LGAI-EXAONE/EXAONE-3.5-32B-Instruct,LGAI-EXAONE/EXAONE-3.5-32B-Instruct,LGAI-EXAONE,32.003,>=20B,2025-01-13,2025_Q1,UNKNOWN_OPEN_WEIGHTS,LICENSE_RECORDED,COMPLETE_SIX_TASK,True,6,NOT_IN_T05_BRIDGE,NOT_APPLICABLE,False,False,OBSERVED_DESCRIPTION
MODEL::LGAI-EXAONE_EXAONE-3.5-7.8B-Instruct,LGAI-EXAONE_EXAONE-3.5-7.8B-Instruct,model::LGAI-EXAONE/EXAONE-3.5-7.8B-Instruct,LGAI-EXAONE/EXAONE-3.5-7.8B-Instruct,LGAI-EXAONE,7.818,>3B to <20B,2024-12-11,2024_H2,UNKNOWN_OPEN_WEIGHTS,LICENSE_RECORDED,COMPLETE_SIX_TASK,True,6,NOT_IN_T05_BRIDGE,NOT_APPLICABLE,False,False,OBSERVED_DESCRIPTION
MODEL::LLM360_K2,LLM360_K2,model::LLM360/K2,LLM360/K2,LLM360,65.286,>=20B,2024-06-26,2024_H1,Yes,LICENSE_RECORDED,COMPLETE_SIX_TASK,True,6,NOT_IN_T05_BRIDGE,NOT_APPLICABLE,False,False,OBSERVED_DESCRIPTION
MODEL::LLM360_K2-Chat,LLM360_K2-Chat,model::LLM360/K2-Chat,LLM360/K2-Chat,LLM360,65.286,>=20B,2024-06-12,2024_H1,UNKNOWN_OPEN_WEIGHTS,LICENSE_RECORDED,COMPLETE_SIX_TASK,True,6,NOT_IN_T05_BRIDGE,NOT_APPLICABLE,False,False,OBSERVED_DESCRIPTION
MODEL::LLM4Binary_llm4decompile-1.3b-v2,LLM4Binary_llm4decompile-1.3b-v2,model::LLM4Binary/llm4decompile-1.3b-v2,LLM4Binary/llm4decompile-1.3b-v2,LLM4Binary,1.346,<=3B,2024-11-16,2024_H2,UNKNOWN_OPEN_WEIGHTS,LICENSE_RECORDED,COMPLETE_SIX_TASK,True,6,NOT_IN_T05_BRIDGE,NOT_APPLICABLE,False,False,OBSERVED_DESCRIPTION
MODEL::Lambent_qwen2.5-reinstruct-alternate-lumen-14B,Lambent_qwen2.5-reinstruct-alternate-lumen-14B,model::Lambent/qwen2.5-reinstruct-alternate-lumen-14B,Lambent/qwen2.5-reinstruct-alternate-lumen-14B,Qwen,14.766,>3B to <20B,2024-09-28,2024_H2,UNKNOWN_OPEN_WEIGHTS,UNKNOWN_LICENSE,COMPLETE_SIX_TASK,True,6,NOT_IN_T05_BRIDGE,NOT_APPLICABLE,False,False,OBSERVED_DESCRIPTION
MODEL::Langboat_Mengzi3-8B-Chat,Langboat_Mengzi3-8B-Chat,model::Langboat/Mengzi3-8B-Chat,Langboat/Mengzi3-8B-Chat,Langboat,8.03,>3B to <20B,2024-10-21,2024_H2,UNKNOWN_OPEN_WEIGHTS,LICENSE_RECORDED,COMPLETE_SIX_TASK,True,6,NOT_IN_T05_BRIDGE,NOT_APPLICABLE,False,False,OBSERVED_DESCRIPTION
MODEL::LenguajeNaturalAI_leniachat-gemma-2b-v0,LenguajeNaturalAI_leniachat-gemma-2b-v0,model::LenguajeNaturalAI/leniachat-gemma-2b-v0,LenguajeNaturalAI/leniachat-gemma-2b-v0,Gemma,2.506,<=3B,2024-09-01,2024_H2,UNKNOWN_OPEN_WEIGHTS,LICENSE_RECORDED,COMPLETE_SIX_TASK,True,6,NOT_IN_T05_BRIDGE,NOT_APPLICABLE,False,False,OBSERVED_DESCRIPTION
MODEL::LenguajeNaturalAI_leniachat-qwen2-1.5B-v0,LenguajeNaturalAI_leniachat-qwen2-1.5B-v0,model::LenguajeNaturalAI/leniachat-qwen2-1.5B-v0,LenguajeNaturalAI/leniachat-qwen2-1.5B-v0,Qwen,1.543,<=3B,2024-09-30,2024_H2,UNKNOWN_OPEN_WEIGHTS,LICENSE_RECORDED,COMPLETE_SIX_TASK,True,6,NOT_IN_T05_BRIDGE,NOT_APPLICABLE,False,False,OBSERVED_DESCRIPTION
MODEL::LeroyDyer_CheckPoint_A,LeroyDyer_CheckPoint_A,model::LeroyDyer/CheckPoint_A,LeroyDyer/CheckPoint_A,LeroyDyer,7.242,>3B to <20B,2025-02-05,2025_Q1,UNKNOWN_OPEN_WEIGHTS,UNKNOWN_LICENSE,COMPLETE_SIX_TASK,True,6,NOT_IN_T05_BRIDGE,NOT_APPLICABLE,False,False,OBSERVED_DESCRIPTION
MODEL::LeroyDyer_CheckPoint_B,LeroyDyer_CheckPoint_B,model::LeroyDyer/CheckPoint_B,LeroyDyer/CheckPoint_B,LeroyDyer,7.242,>3B to <20B,2025-02-05,2025_Q1,UNKNOWN_OPEN_WEIGHTS,UNKNOWN_LICENSE,COMPLETE_SIX_TASK,True,6,NOT_IN_T05_BRIDGE,NOT_APPLICABLE,False,False,OBSERVED_DESCRIPTION
MODEL::LeroyDyer_CheckPoint_C,LeroyDyer_CheckPoint_C,model::LeroyDyer/CheckPoint_C,LeroyDyer/CheckPoint_C,LeroyDyer,7.242,>3B to <20B,2025-02-05,2025_Q1,UNKNOWN_OPEN_WEIGHTS,UNKNOWN_LICENSE,COMPLETE_SIX_TASK,True,6,NOT_IN_T05_BRIDGE,NOT_APPLICABLE,False,False,OBSERVED_DESCRIPTION
MODEL::LeroyDyer_LCARS_AI_001,LeroyDyer_LCARS_AI_001,model::LeroyDyer/LCARS_AI_001,LeroyDyer/LCARS_AI_001,LeroyDyer,7.242,>3B to <20B,2024-08-06,2024_H2,UNKNOWN_OPEN_WEIGHTS,UNKNOWN_LICENSE,COMPLETE_SIX_TASK,True,6,NOT_IN_T05_BRIDGE,NOT_APPLICABLE,False,False,OBSERVED_DESCRIPTION
MODEL::LeroyDyer_LCARS_AI_1x4_003_SuperAI,LeroyDyer_LCARS_AI_1x4_003_SuperAI,model::LeroyDyer/LCARS_AI_1x4_003_SuperAI,LeroyDyer/LCARS_AI_1x4_003_SuperAI,LeroyDyer,24.154,>=20B,2024-08-07,2024_H2,UNKNOWN_OPEN_WEIGHTS,LICENSE_RECORDED,COMPLETE_SIX_TASK,True,6,NOT_IN_T05_BRIDGE,NOT_APPLICABLE,False,False,OBSERVED_DESCRIPTION
MODEL::LeroyDyer_LCARS_AI_StarTrek_Computer,LeroyDyer_LCARS_AI_StarTrek_Computer,model::LeroyDyer/LCARS_AI_StarTrek_Computer,LeroyDyer/LCARS_AI_StarTrek_Computer,LeroyDyer,7.242,>3B to <20B,2024-08-07,2024_H2,UNKNOWN_OPEN_WEIGHTS,LICENSE_RECORDED,COMPLETE_SIX_TASK,True,6,NOT_IN_T05_BRIDGE,NOT_APPLICABLE,False,False,OBSERVED_DESCRIPTION
MODEL::LeroyDyer_LCARS_TOP_SCORE,LeroyDyer_LCARS_TOP_SCORE,model::LeroyDyer/LCARS_TOP_SCORE,LeroyDyer/LCARS_TOP_SCORE,LeroyDyer,7.242,>3B to <20B,2024-08-08,2024_H2,UNKNOWN_OPEN_WEIGHTS,LICENSE_RECORDED,COMPLETE_SIX_TASK,True,6,NOT_IN_T05_BRIDGE,NOT_APPLICABLE,False,False,OBSERVED_DESCRIPTION
MODEL::LeroyDyer_Mixtral_AI_SwahiliTron_7b,LeroyDyer_Mixtral_AI_SwahiliTron_7b,model::LeroyDyer/Mixtral_AI_SwahiliTron_7b,LeroyDyer/Mixtral_AI_SwahiliTron_7b,Mistral,7.242,>3B to <20B,2024-07-12,2024_H2,UNKNOWN_OPEN_WEIGHTS,LICENSE_RECORDED,COMPLETE_SIX_TASK,True,6,NOT_IN_T05_BRIDGE,NOT_APPLICABLE,False,False,OBSERVED_DESCRIPTION
MODEL::LeroyDyer_SpydazWebAI_Human_AGI,LeroyDyer_SpydazWebAI_Human_AGI,model::LeroyDyer/SpydazWebAI_Human_AGI,LeroyDyer/SpydazWebAI_Human_AGI,LeroyDyer,7.242,>3B to <20B,2024-10-16,2024_H2,UNKNOWN_OPEN_WEIGHTS,UNKNOWN_LICENSE,COMPLETE_SIX_TASK,True,6,NOT_IN_T05_BRIDGE,NOT_APPLICABLE,False,False,OBSERVED_DESCRIPTION
MODEL::LeroyDyer_SpydazWebAI_Human_AGI_001,LeroyDyer_SpydazWebAI_Human_AGI_001,model::LeroyDyer/SpydazWebAI_Human_AGI_001,LeroyDyer/SpydazWebAI_Human_AGI_001,LeroyDyer,7.242,>3B to <20B,2024-11-18,2024_H2,UNKNOWN_OPEN_WEIGHTS,UNKNOWN_LICENSE,COMPLETE_SIX_TASK,True,6,NOT_IN_T05_BRIDGE,NOT_APPLICABLE,False,False,OBSERVED_DESCRIPTION
MODEL::LeroyDyer_SpydazWeb_AI_CyberTron_Ultra_7b,LeroyDyer_SpydazWeb_AI_CyberTron_Ultra_7b,model::LeroyDyer/SpydazWeb_AI_CyberTron_Ultra_7b,LeroyDyer/SpydazWeb_AI_CyberTron_Ultra_7b,LeroyDyer,7.242,>3B to <20B,2024-07-12,2024_H2,UNKNOWN_OPEN_WEIGHTS,LICENSE_RECORDED,COMPLETE_SIX_TASK,True,6,NOT_IN_T05_BRIDGE,NOT_APPLICABLE,False,False,OBSERVED_DESCRIPTION
MODEL::LeroyDyer_SpydazWeb_AI_HumanAGI_001_M2,LeroyDyer_SpydazWeb_AI_HumanAGI_001_M2,model::LeroyDyer/SpydazWeb_AI_HumanAGI_001_M2,LeroyDyer/SpydazWeb_AI_HumanAGI_001_M2,LeroyDyer,7.242,>3B to <20B,2025-01-15,2025_Q1,UNKNOWN_OPEN_WEIGHTS,UNKNOWN_LICENSE,COMPLETE_SIX_TASK,True,6,NOT_IN_T05_BRIDGE,NOT_APPLICABLE,False,False,OBSERVED_DESCRIPTION
MODEL::LeroyDyer_SpydazWeb_AI_HumanAGI_002,LeroyDyer_SpydazWeb_AI_HumanAGI_002,model::LeroyDyer/SpydazWeb_AI_HumanAGI_002,LeroyDyer/SpydazWeb_AI_HumanAGI_002,LeroyDyer,7.242,>3B to <20B,2025-01-15,2025_Q1,UNKNOWN_OPEN_WEIGHTS,LICENSE_RECORDED,COMPLETE_SIX_TASK,True,6,NOT_IN_T05_BRIDGE,NOT_APPLICABLE,False,False,OBSERVED_DESCRIPTION
MODEL::LeroyDyer_SpydazWeb_AI_HumanAI_001,LeroyDyer_SpydazWeb_AI_HumanAI_001,model::LeroyDyer/SpydazWeb_AI_HumanAI_001,LeroyDyer/SpydazWeb_AI_HumanAI_001,LeroyDyer,7.242,>3B to <20B,2024-10-17,2024_H2,UNKNOWN_OPEN_WEIGHTS,UNKNOWN_LICENSE,COMPLETE_SIX_TASK,True,6,NOT_IN_T05_BRIDGE,NOT_APPLICABLE,False,False,OBSERVED_DESCRIPTION
MODEL::LeroyDyer_SpydazWeb_AI_HumanAI_006,LeroyDyer_SpydazWeb_AI_HumanAI_006,model::LeroyDyer/SpydazWeb_AI_HumanAI_006,LeroyDyer/SpydazWeb_AI_HumanAI_006,LeroyDyer,7.242,>3B to <20B,2024-11-18,2024_H2,UNKNOWN_OPEN_WEIGHTS,UNKNOWN_LICENSE,COMPLETE_SIX_TASK,True,6,NOT_IN_T05_BRIDGE,NOT_APPLICABLE,False,False,OBSERVED_DESCRIPTION
MODEL::LeroyDyer_SpydazWeb_AI_HumanAI_007,LeroyDyer_SpydazWeb_AI_HumanAI_007,model::LeroyDyer/SpydazWeb_AI_HumanAI_007,LeroyDyer/SpydazWeb_AI_HumanAI_007,LeroyDyer,7.242,>3B to <20B,2024-11-18,2024_H2,UNKNOWN_OPEN_WEIGHTS,UNKNOWN_LICENSE,COMPLETE_SIX_TASK,True,6,NOT_IN_T05_BRIDGE,NOT_APPLICABLE,False,False,OBSERVED_DESCRIPTION
MODEL::LeroyDyer_SpydazWeb_AI_HumanAI_009_CHAT,LeroyDyer_SpydazWeb_AI_HumanAI_009_CHAT,model::LeroyDyer/SpydazWeb_AI_HumanAI_009_CHAT,LeroyDyer/SpydazWeb_AI_HumanAI_009_CHAT,LeroyDyer,7.242,>3B to <20B,2024-11-26,2024_H2,UNKNOWN_OPEN_WEIGHTS,UNKNOWN_LICENSE,COMPLETE_SIX_TASK,True,6,NOT_IN_T05_BRIDGE,NOT_APPLICABLE,False,False,OBSERVED_DESCRIPTION
MODEL::LeroyDyer_SpydazWeb_AI_HumanAI_010_CHAT,LeroyDyer_SpydazWeb_AI_HumanAI_010_CHAT,model::LeroyDyer/SpydazWeb_AI_HumanAI_010_CHAT,LeroyDyer/SpydazWeb_AI_HumanAI_010_CHAT,LeroyDyer,7.242,>3B to <20B,2024-11-26,2024_H2,UNKNOWN_OPEN_WEIGHTS,UNKNOWN_LICENSE,COMPLETE_SIX_TASK,True,6,NOT_IN_T05_BRIDGE,NOT_APPLICABLE,False,False,OBSERVED_DESCRIPTION
MODEL::LeroyDyer_SpydazWeb_AI_HumanAI_011_INSTRUCT,LeroyDyer_SpydazWeb_AI_HumanAI_011_INSTRUCT,model::LeroyDyer/SpydazWeb_AI_HumanAI_011_INSTRUCT,LeroyDyer/SpydazWeb_AI_HumanAI_011_INSTRUCT,LeroyDyer,7.242,>3B to <20B,2024-11-26,2024_H2,UNKNOWN_OPEN_WEIGHTS,UNKNOWN_LICENSE,COMPLETE_SIX_TASK,True,6,NOT_IN_T05_BRIDGE,NOT_APPLICABLE,False,False,OBSERVED_DESCRIPTION
MODEL::LeroyDyer_SpydazWeb_AI_HumanAI_011_INSTRUCT_ML,LeroyDyer_SpydazWeb_AI_HumanAI_011_INSTRUCT_ML,model::LeroyDyer/SpydazWeb_AI_HumanAI_011_INSTRUCT_ML,LeroyDyer/SpydazWeb_AI_HumanAI_011_INSTRUCT_ML,LeroyDyer,7.242,>3B to <20B,2024-11-27,2024_H2,UNKNOWN_OPEN_WEIGHTS,UNKNOWN_LICENSE,COMPLETE_SIX_TASK,True,6,NOT_IN_T05_BRIDGE,NOT_APPLICABLE,False,False,OBSERVED_DESCRIPTION
MODEL::LeroyDyer_SpydazWeb_AI_HumanAI_011_INSTRUCT_ML_r1,LeroyDyer_SpydazWeb_AI_HumanAI_011_INSTRUCT_ML_r1,model::LeroyDyer/SpydazWeb_AI_HumanAI_011_INSTRUCT_ML_r1,LeroyDyer/SpydazWeb_AI_HumanAI_011_INSTRUCT_ML_r1,LeroyDyer,7.242,>3B to <20B,2024-11-27,2024_H2,UNKNOWN_OPEN_WEIGHTS,UNKNOWN_LICENSE,COMPLETE_SIX_TASK,True,6,NOT_IN_T05_BRIDGE,NOT_APPLICABLE,False,False,OBSERVED_DESCRIPTION
MODEL::LeroyDyer_SpydazWeb_AI_HumanAI_012_INSTRUCT_IA,LeroyDyer_SpydazWeb_AI_HumanAI_012_INSTRUCT_IA,model::LeroyDyer/SpydazWeb_AI_HumanAI_012_INSTRUCT_IA,LeroyDyer/SpydazWeb_AI_HumanAI_012_INSTRUCT_IA,LeroyDyer,7.242,>3B to <20B,2024-12-04,2024_H2,UNKNOWN_OPEN_WEIGHTS,UNKNOWN_LICENSE,COMPLETE_SIX_TASK,True,6,NOT_IN_T05_BRIDGE,NOT_APPLICABLE,False,False,OBSERVED_DESCRIPTION
MODEL::LeroyDyer_SpydazWeb_AI_HumanAI_012_INSTRUCT_MX,LeroyDyer_SpydazWeb_AI_HumanAI_012_INSTRUCT_MX,model::LeroyDyer/SpydazWeb_AI_HumanAI_012_INSTRUCT_MX,LeroyDyer/SpydazWeb_AI_HumanAI_012_INSTRUCT_MX,LeroyDyer,7.242,>3B to <20B,2024-12-04,2024_H2,UNKNOWN_OPEN_WEIGHTS,UNKNOWN_LICENSE,COMPLETE_SIX_TASK,True,6,NOT_IN_T05_BRIDGE,NOT_APPLICABLE,False,False,OBSERVED_DESCRIPTION
MODEL::LeroyDyer_SpydazWeb_AI_HumanAI_012_INSTRUCT_XA,LeroyDyer_SpydazWeb_AI_HumanAI_012_INSTRUCT_XA,model::LeroyDyer/SpydazWeb_AI_HumanAI_012_INSTRUCT_XA,LeroyDyer/SpydazWeb_AI_HumanAI_012_INSTRUCT_XA,LeroyDyer,7.242,>3B to <20B,2024-12-04,2024_H2,UNKNOWN_OPEN_WEIGHTS,UNKNOWN_LICENSE,COMPLETE_SIX_TASK,True,6,NOT_IN_T05_BRIDGE,NOT_APPLICABLE,False,False,OBSERVED_DESCRIPTION
MODEL::LeroyDyer_SpydazWeb_AI_HumanAI_RP,LeroyDyer_SpydazWeb_AI_HumanAI_RP,model::LeroyDyer/SpydazWeb_AI_HumanAI_RP,LeroyDyer/SpydazWeb_AI_HumanAI_RP,LeroyDyer,7.242,>3B to <20B,2024-11-18,2024_H2,UNKNOWN_OPEN_WEIGHTS,LICENSE_RECORDED,COMPLETE_SIX_TASK,True,6,NOT_IN_T05_BRIDGE,NOT_APPLICABLE,False,False,OBSERVED_DESCRIPTION
MODEL::LeroyDyer_SpydazWeb_AI_HumanAI_TextVision,LeroyDyer_SpydazWeb_AI_HumanAI_TextVision,model::LeroyDyer/SpydazWeb_AI_HumanAI_TextVision,LeroyDyer/SpydazWeb_AI_HumanAI_TextVision,LeroyDyer,7.242,>3B to <20B,2024-11-18,2024_H2,UNKNOWN_OPEN_WEIGHTS,UNKNOWN_LICENSE,COMPLETE_SIX_TASK,True,6,NOT_IN_T05_BRIDGE,NOT_APPLICABLE,False,False,OBSERVED_DESCRIPTION
MODEL::LeroyDyer_SpydazWeb_HumanAI_M1,LeroyDyer_SpydazWeb_HumanAI_M1,model::LeroyDyer/SpydazWeb_HumanAI_M1,LeroyDyer/SpydazWeb_HumanAI_M1,LeroyDyer,7.242,>3B to <20B,2024-10-16,2024_H2,UNKNOWN_OPEN_WEIGHTS,UNKNOWN_LICENSE,COMPLETE_SIX_TASK,True,6,NOT_IN_T05_BRIDGE,NOT_APPLICABLE,False,False,OBSERVED_DESCRIPTION
MODEL::LeroyDyer_SpydazWeb_HumanAI_M2,LeroyDyer_SpydazWeb_HumanAI_M2,model::LeroyDyer/SpydazWeb_HumanAI_M2,LeroyDyer/SpydazWeb_HumanAI_M2,LeroyDyer,7.242,>3B to <20B,2024-10-16,2024_H2,UNKNOWN_OPEN_WEIGHTS,UNKNOWN_LICENSE,COMPLETE_SIX_TASK,True,6,NOT_IN_T05_BRIDGE,NOT_APPLICABLE,False,False,OBSERVED_DESCRIPTION
MODEL::LeroyDyer_SpydazWeb_HumanAI_M3,LeroyDyer_SpydazWeb_HumanAI_M3,model::LeroyDyer/SpydazWeb_HumanAI_M3,LeroyDyer/SpydazWeb_HumanAI_M3,LeroyDyer,7.242,>3B to <20B,2024-10-16,2024_H2,UNKNOWN_OPEN_WEIGHTS,UNKNOWN_LICENSE,COMPLETE_SIX_TASK,True,6,NOT_IN_T05_BRIDGE,NOT_APPLICABLE,False,False,OBSERVED_DESCRIPTION
MODEL::LeroyDyer__Spydaz_Web_AI_12,LeroyDyer__Spydaz_Web_AI_12,model::LeroyDyer/_Spydaz_Web_AI_12,LeroyDyer/_Spydaz_Web_AI_12,LeroyDyer,7.242,>3B to <20B,2024-09-19,2024_H2,UNKNOWN_OPEN_WEIGHTS,UNKNOWN_LICENSE,COMPLETE_SIX_TASK,True,6,NOT_IN_T05_BRIDGE,NOT_APPLICABLE,False,False,OBSERVED_DESCRIPTION
MODEL::LeroyDyer__Spydaz_Web_AI_14,LeroyDyer__Spydaz_Web_AI_14,model::LeroyDyer/_Spydaz_Web_AI_14,LeroyDyer/_Spydaz_Web_AI_14,LeroyDyer,7.242,>3B to <20B,2024-09-23,2024_H2,UNKNOWN_OPEN_WEIGHTS,UNKNOWN_LICENSE,COMPLETE_SIX_TASK,True,6,NOT_IN_T05_BRIDGE,NOT_APPLICABLE,False,False,OBSERVED_DESCRIPTION
MODEL::LeroyDyer__Spydaz_Web_AI_BIBLE_002,LeroyDyer__Spydaz_Web_AI_BIBLE_002,model::LeroyDyer/_Spydaz_Web_AI_BIBLE_002,LeroyDyer/_Spydaz_Web_AI_BIBLE_002,LeroyDyer,7.242,>3B to <20B,2024-09-14,2024_H2,UNKNOWN_OPEN_WEIGHTS,LICENSE_RECORDED,COMPLETE_SIX_TASK,True,6,NOT_IN_T05_BRIDGE,NOT_APPLICABLE,False,False,OBSERVED_DESCRIPTION
MODEL::LeroyDyer__Spydaz_Web_AI_ChatML_002,LeroyDyer__Spydaz_Web_AI_ChatML_002,model::LeroyDyer/_Spydaz_Web_AI_ChatML_002,LeroyDyer/_Spydaz_Web_AI_ChatML_002,LeroyDyer,7.242,>3B to <20B,2024-09-01,2024_H2,UNKNOWN_OPEN_WEIGHTS,UNKNOWN_LICENSE,COMPLETE_SIX_TASK,True,6,NOT_IN_T05_BRIDGE,NOT_APPLICABLE,False,False,OBSERVED_DESCRIPTION
MODEL::LeroyDyer__Spydaz_Web_AI_ChatQA,LeroyDyer__Spydaz_Web_AI_ChatQA,model::LeroyDyer/_Spydaz_Web_AI_ChatQA,LeroyDyer/_Spydaz_Web_AI_ChatQA,LeroyDyer,7.242,>3B to <20B,2024-08-06,2024_H2,UNKNOWN_OPEN_WEIGHTS,UNKNOWN_LICENSE,COMPLETE_SIX_TASK,True,6,NOT_IN_T05_BRIDGE,NOT_APPLICABLE,False,False,OBSERVED_DESCRIPTION
MODEL::LeroyDyer__Spydaz_Web_AI_ChatQA_003,LeroyDyer__Spydaz_Web_AI_ChatQA_003,model::LeroyDyer/_Spydaz_Web_AI_ChatQA_003,LeroyDyer/_Spydaz_Web_AI_ChatQA_003,LeroyDyer,7.242,>3B to <20B,2024-09-14,2024_H2,UNKNOWN_OPEN_WEIGHTS,UNKNOWN_LICENSE,COMPLETE_SIX_TASK,True,6,NOT_IN_T05_BRIDGE,NOT_APPLICABLE,False,False,OBSERVED_DESCRIPTION
MODEL::LightningRodLabs_Flashlight-v1.0,LightningRodLabs_Flashlight-v1.0,model::LightningRodLabs/Flashlight-v1.0,LightningRodLabs/Flashlight-v1.0,LightningRodLabs,14.66,>3B to <20B,2025-01-18,2025_Q1,UNKNOWN_OPEN_WEIGHTS,LICENSE_RECORDED,COMPLETE_SIX_TASK,True,6,NOT_IN_T05_BRIDGE,NOT_APPLICABLE,False,False,OBSERVED_DESCRIPTION
MODEL::LightningRodLabs_Flashlight-v1.1,LightningRodLabs_Flashlight-v1.1,model::LightningRodLabs/Flashlight-v1.1,LightningRodLabs/Flashlight-v1.1,LightningRodLabs,14.66,>3B to <20B,2025-01-24,2025_Q1,UNKNOWN_OPEN_WEIGHTS,LICENSE_RECORDED,COMPLETE_SIX_TASK,True,6,NOT_IN_T05_BRIDGE,NOT_APPLICABLE,False,False,OBSERVED_DESCRIPTION
MODEL::LightningRodLabs_Flashlight-v1.2,LightningRodLabs_Flashlight-v1.2,model::LightningRodLabs/Flashlight-v1.2,LightningRodLabs/Flashlight-v1.2,LightningRodLabs,14.766,>3B to <20B,2025-01-30,2025_Q1,UNKNOWN_OPEN_WEIGHTS,LICENSE_RECORDED,COMPLETE_SIX_TASK,True,6,NOT_IN_T05_BRIDGE,NOT_APPLICABLE,False,False,OBSERVED_DESCRIPTION
MODEL::Lil-R_2_PRYMMAL-ECE-2B-SLERP-V1,Lil-R_2_PRYMMAL-ECE-2B-SLERP-V1,model::Lil-R/2_PRYMMAL-ECE-2B-SLERP-V1,Lil-R/2_PRYMMAL-ECE-2B-SLERP-V1,Lil-R,2.614,<=3B,2024-11-07,2024_H2,UNKNOWN_OPEN_WEIGHTS,LICENSE_RECORDED,COMPLETE_SIX_TASK,True,6,NOT_IN_T05_BRIDGE,NOT_APPLICABLE,False,False,OBSERVED_DESCRIPTION
MODEL::Lil-R_2_PRYMMAL-ECE-2B-SLERP-V2,Lil-R_2_PRYMMAL-ECE-2B-SLERP-V2,model::Lil-R/2_PRYMMAL-ECE-2B-SLERP-V2,Lil-R/2_PRYMMAL-ECE-2B-SLERP-V2,Lil-R,2.614,<=3B,2024-11-05,2024_H2,UNKNOWN_OPEN_WEIGHTS,LICENSE_RECORDED,COMPLETE_SIX_TASK,True,6,NOT_IN_T05_BRIDGE,NOT_APPLICABLE,False,False,OBSERVED_DESCRIPTION
MODEL::Lil-R_2_PRYMMAL-ECE-7B-SLERP,Lil-R_2_PRYMMAL-ECE-7B-SLERP,model::Lil-R/2_PRYMMAL-ECE-7B-SLERP,Lil-R/2_PRYMMAL-ECE-7B-SLERP,Lil-R,7.616,>3B to <20B,2024-11-04,2024_H2,UNKNOWN_OPEN_WEIGHTS,LICENSE_RECORDED,PARTIAL_VALID_TASK,True,3,NOT_IN_T05_BRIDGE,NOT_APPLICABLE,False,False,OBSERVED_DESCRIPTION
MODEL::Lil-R_2_PRYMMAL-ECE-7B-SLERP-V1,Lil-R_2_PRYMMAL-ECE-7B-SLERP-V1,model::Lil-R/2_PRYMMAL-ECE-7B-SLERP-V1,Lil-R/2_PRYMMAL-ECE-7B-SLERP-V1,Lil-R,7.616,>3B to <20B,2024-10-28,2024_H2,UNKNOWN_OPEN_WEIGHTS,LICENSE_RECORDED,COMPLETE_SIX_TASK,True,6,NOT_IN_T05_BRIDGE,NOT_APPLICABLE,False,False,OBSERVED_DESCRIPTION
MODEL::Lil-R_2_PRYMMAL-ECE-7B-SLERP-V2,Lil-R_2_PRYMMAL-ECE-7B-SLERP-V2,model::Lil-R/2_PRYMMAL-ECE-7B-SLERP-V2,Lil-R/2_PRYMMAL-ECE-7B-SLERP-V2,Lil-R,7.616,>3B to <20B,2024-10-28,2024_H2,UNKNOWN_OPEN_WEIGHTS,LICENSE_RECORDED,COMPLETE_SIX_TASK,True,6,NOT_IN_T05_BRIDGE,NOT_APPLICABLE,False,False,OBSERVED_DESCRIPTION
MODEL::Lil-R_2_PRYMMAL-ECE-7B-SLERP-V3,Lil-R_2_PRYMMAL-ECE-7B-SLERP-V3,model::Lil-R/2_PRYMMAL-ECE-7B-SLERP-V3,Lil-R/2_PRYMMAL-ECE-7B-SLERP-V3,Lil-R,7.616,>3B to <20B,2024-10-28,2024_H2,UNKNOWN_OPEN_WEIGHTS,UNKNOWN_LICENSE,COMPLETE_SIX_TASK,True,6,NOT_IN_T05_BRIDGE,NOT_APPLICABLE,False,False,OBSERVED_DESCRIPTION
MODEL::Lil-R_PRYMMAL-ECE-1B-SLERP-V1,Lil-R_PRYMMAL-ECE-1B-SLERP-V1,model::Lil-R/PRYMMAL-ECE-1B-SLERP-V1,Lil-R/PRYMMAL-ECE-1B-SLERP-V1,Lil-R,1.777,<=3B,2024-10-29,2024_H2,UNKNOWN_OPEN_WEIGHTS,LICENSE_RECORDED,COMPLETE_SIX_TASK,True,6,NOT_IN_T05_BRIDGE,NOT_APPLICABLE,False,False,OBSERVED_DESCRIPTION
MODEL::Lil-R_PRYMMAL-ECE-7B-SLERP-V8,Lil-R_PRYMMAL-ECE-7B-SLERP-V8,model::Lil-R/PRYMMAL-ECE-7B-SLERP-V8,Lil-R/PRYMMAL-ECE-7B-SLERP-V8,Lil-R,7.616,>3B to <20B,2024-10-28,2024_H2,UNKNOWN_OPEN_WEIGHTS,LICENSE_RECORDED,COMPLETE_SIX_TASK,True,6,NOT_IN_T05_BRIDGE,NOT_APPLICABLE,False,False,OBSERVED_DESCRIPTION
MODEL::LilRg_10PRYMMAL-3B-slerp,LilRg_10PRYMMAL-3B-slerp,model::LilRg/10PRYMMAL-3B-slerp,LilRg/10PRYMMAL-3B-slerp,LilRg,3.821,>3B to <20B,2024-09-24,2024_H2,UNKNOWN_OPEN_WEIGHTS,LICENSE_RECORDED,COMPLETE_SIX_TASK,True,6,NOT_IN_T05_BRIDGE,NOT_APPLICABLE,False,False,OBSERVED_DESCRIPTION
MODEL::LilRg_ECE-1B-merge-PRYMMAL,LilRg_ECE-1B-merge-PRYMMAL,model::LilRg/ECE-1B-merge-PRYMMAL,LilRg/ECE-1B-merge-PRYMMAL,LilRg,1.777,<=3B,2024-10-07,2024_H2,UNKNOWN_OPEN_WEIGHTS,LICENSE_RECORDED,COMPLETE_SIX_TASK,True,6,NOT_IN_T05_BRIDGE,NOT_APPLICABLE,False,False,OBSERVED_DESCRIPTION
MODEL::LilRg_ECE_Finetunning,LilRg_ECE_Finetunning,model::LilRg/ECE_Finetunning,LilRg/ECE_Finetunning,LilRg,16.061,>3B to <20B,2024-09-28,2024_H2,UNKNOWN_OPEN_WEIGHTS,LICENSE_RECORDED,COMPLETE_SIX_TASK,True,6,NOT_IN_T05_BRIDGE,NOT_APPLICABLE,False,False,OBSERVED_DESCRIPTION
MODEL::LilRg_PRYMMAL-6B-slerp,LilRg_PRYMMAL-6B-slerp,model::LilRg/PRYMMAL-6B-slerp,LilRg/PRYMMAL-6B-slerp,LilRg,3.293,>3B to <20B,2024-09-24,2024_H2,UNKNOWN_OPEN_WEIGHTS,LICENSE_RECORDED,COMPLETE_SIX_TASK,True,6,NOT_IN_T05_BRIDGE,NOT_APPLICABLE,False,False,OBSERVED_DESCRIPTION
MODEL::LilRg_PRYMMAL-ECE-7B-SLERP-V3,LilRg_PRYMMAL-ECE-7B-SLERP-V3,model::LilRg/PRYMMAL-ECE-7B-SLERP-V3,LilRg/PRYMMAL-ECE-7B-SLERP-V3,LilRg,7.616,>3B to <20B,2024-10-26,2024_H2,UNKNOWN_OPEN_WEIGHTS,UNKNOWN_LICENSE,COMPLETE_SIX_TASK,True,6,NOT_IN_T05_BRIDGE,NOT_APPLICABLE,False,False,OBSERVED_DESCRIPTION
MODEL::LilRg_PRYMMAL-ECE-7B-SLERP-V4,LilRg_PRYMMAL-ECE-7B-SLERP-V4,model::LilRg/PRYMMAL-ECE-7B-SLERP-V4,LilRg/PRYMMAL-ECE-7B-SLERP-V4,LilRg,7.616,>3B to <20B,2024-10-26,2024_H2,UNKNOWN_OPEN_WEIGHTS,UNKNOWN_LICENSE,COMPLETE_SIX_TASK,True,6,NOT_IN_T05_BRIDGE,NOT_APPLICABLE,False,False,OBSERVED_DESCRIPTION
MODEL::LilRg_PRYMMAL-ECE-7B-SLERP-V5,LilRg_PRYMMAL-ECE-7B-SLERP-V5,model::LilRg/PRYMMAL-ECE-7B-SLERP-V5,LilRg/PRYMMAL-ECE-7B-SLERP-V5,LilRg,7.616,>3B to <20B,2024-10-26,2024_H2,UNKNOWN_OPEN_WEIGHTS,UNKNOWN_LICENSE,COMPLETE_SIX_TASK,True,6,NOT_IN_T05_BRIDGE,NOT_APPLICABLE,False,False,OBSERVED_DESCRIPTION
MODEL::LilRg_PRYMMAL-ECE-7B-SLERP-V6,LilRg_PRYMMAL-ECE-7B-SLERP-V6,model::LilRg/PRYMMAL-ECE-7B-SLERP-V6,LilRg/PRYMMAL-ECE-7B-SLERP-V6,LilRg,7.616,>3B to <20B,2024-10-26,2024_H2,UNKNOWN_OPEN_WEIGHTS,UNKNOWN_LICENSE,COMPLETE_SIX_TASK,True,6,NOT_IN_T05_BRIDGE,NOT_APPLICABLE,False,False,OBSERVED_DESCRIPTION
MODEL::LilRg_PRYMMAL-ECE-7B-SLERP-V7,LilRg_PRYMMAL-ECE-7B-SLERP-V7,model::LilRg/PRYMMAL-ECE-7B-SLERP-V7,LilRg/PRYMMAL-ECE-7B-SLERP-V7,LilRg,7.616,>3B to <20B,2024-10-26,2024_H2,UNKNOWN_OPEN_WEIGHTS,UNKNOWN_LICENSE,COMPLETE_SIX_TASK,True,6,NOT_IN_T05_BRIDGE,NOT_APPLICABLE,False,False,OBSERVED_DESCRIPTION
MODEL::LilRg_PRYMMAL-slerp-Merge,LilRg_PRYMMAL-slerp-Merge,model::LilRg/PRYMMAL-slerp-Merge,LilRg/PRYMMAL-slerp-Merge,LilRg,3.821,>3B to <20B,2024-09-24,2024_H2,UNKNOWN_OPEN_WEIGHTS,LICENSE_RECORDED,COMPLETE_SIX_TASK,True,6,NOT_IN_T05_BRIDGE,NOT_APPLICABLE,False,False,OBSERVED_DESCRIPTION
MODEL::LimYeri_CodeMind-Llama3-8B-unsloth_v2-merged,LimYeri_CodeMind-Llama3-8B-unsloth_v2-merged,model::LimYeri/CodeMind-Llama3-8B-unsloth_v2-merged,LimYeri/CodeMind-Llama3-8B-unsloth_v2-merged,Llama,8.03,>3B to <20B,2024-08-28,2024_H2,UNKNOWN_OPEN_WEIGHTS,LICENSE_RECORDED,COMPLETE_SIX_TASK,True,6,NOT_IN_T05_BRIDGE,NOT_APPLICABLE,False,False,OBSERVED_DESCRIPTION
MODEL::LimYeri_CodeMind-Llama3-8B-unsloth_v3-merged,LimYeri_CodeMind-Llama3-8B-unsloth_v3-merged,model::LimYeri/CodeMind-Llama3-8B-unsloth_v3-merged,LimYeri/CodeMind-Llama3-8B-unsloth_v3-merged,Llama,8.03,>3B to <20B,2024-08-28,2024_H2,UNKNOWN_OPEN_WEIGHTS,UNKNOWN_LICENSE,COMPLETE_SIX_TASK,True,6,NOT_IN_T05_BRIDGE,NOT_APPLICABLE,False,False,OBSERVED_DESCRIPTION
MODEL::LimYeri_CodeMind-Llama3-8B-unsloth_v4-one-DPO-merged,LimYeri_CodeMind-Llama3-8B-unsloth_v4-one-DPO-merged,model::LimYeri/CodeMind-Llama3-8B-unsloth_v4-one-DPO-merged,LimYeri/CodeMind-Llama3-8B-unsloth_v4-one-DPO-merged,Llama,8.03,>3B to <20B,2024-08-28,2024_H2,UNKNOWN_OPEN_WEIGHTS,LICENSE_RECORDED,COMPLETE_SIX_TASK,True,6,NOT_IN_T05_BRIDGE,NOT_APPLICABLE,False,False,OBSERVED_DESCRIPTION
MODEL::LimYeri_CodeMind-Llama3-8B-unsloth_v4-one-merged,LimYeri_CodeMind-Llama3-8B-unsloth_v4-one-merged,model::LimYeri/CodeMind-Llama3-8B-unsloth_v4-one-merged,LimYeri/CodeMind-Llama3-8B-unsloth_v4-one-merged,Llama,8.03,>3B to <20B,2024-08-28,2024_H2,UNKNOWN_OPEN_WEIGHTS,LICENSE_RECORDED,COMPLETE_SIX_TASK,True,6,NOT_IN_T05_BRIDGE,NOT_APPLICABLE,False,False,OBSERVED_DESCRIPTION
MODEL::LimYeri_CodeMind-Llama3.1-8B-unsloth-merged,LimYeri_CodeMind-Llama3.1-8B-unsloth-merged,model::LimYeri/CodeMind-Llama3.1-8B-unsloth-merged,LimYeri/CodeMind-Llama3.1-8B-unsloth-merged,Llama,8.03,>3B to <20B,2024-08-31,2024_H2,UNKNOWN_OPEN_WEIGHTS,LICENSE_RECORDED,COMPLETE_SIX_TASK,True,6,NOT_IN_T05_BRIDGE,NOT_APPLICABLE,False,False,OBSERVED_DESCRIPTION
MODEL::Locutusque_CollectiveLM-Falcon-3-7B,Locutusque_CollectiveLM-Falcon-3-7B,model::Locutusque/CollectiveLM-Falcon-3-7B,Locutusque/CollectiveLM-Falcon-3-7B,Falcon,7.456,>3B to <20B,2025-01-08,2025_Q1,UNKNOWN_OPEN_WEIGHTS,UNKNOWN_LICENSE,COMPLETE_SIX_TASK,True,6,NOT_IN_T05_BRIDGE,NOT_APPLICABLE,False,False,OBSERVED_DESCRIPTION
MODEL::Locutusque_Hercules-6.0-Llama-3.1-8B,Locutusque_Hercules-6.0-Llama-3.1-8B,model::Locutusque/Hercules-6.0-Llama-3.1-8B,Locutusque/Hercules-6.0-Llama-3.1-8B,Llama,8.03,>3B to <20B,2024-09-26,2024_H2,UNKNOWN_OPEN_WEIGHTS,LICENSE_RECORDED,COMPLETE_SIX_TASK,True,6,NOT_IN_T05_BRIDGE,NOT_APPLICABLE,False,False,OBSERVED_DESCRIPTION
MODEL::Locutusque_Hercules-6.1-Llama-3.1-8B,Locutusque_Hercules-6.1-Llama-3.1-8B,model::Locutusque/Hercules-6.1-Llama-3.1-8B,Locutusque/Hercules-6.1-Llama-3.1-8B,Llama,8.03,>3B to <20B,2024-10-01,2024_H2,UNKNOWN_OPEN_WEIGHTS,LICENSE_RECORDED,COMPLETE_SIX_TASK,True,6,NOT_IN_T05_BRIDGE,NOT_APPLICABLE,False,False,OBSERVED_DESCRIPTION
MODEL::Locutusque_Llama-3-NeuralHercules-5.0-8B,Locutusque_Llama-3-NeuralHercules-5.0-8B,model::Locutusque/Llama-3-NeuralHercules-5.0-8B,Locutusque/Llama-3-NeuralHercules-5.0-8B,Llama,8.03,>3B to <20B,2024-06-26,2024_H1,UNKNOWN_OPEN_WEIGHTS,LICENSE_RECORDED,COMPLETE_SIX_TASK,True,6,NOT_IN_T05_BRIDGE,NOT_APPLICABLE,False,False,OBSERVED_DESCRIPTION
MODEL::Locutusque_Llama-3-Yggdrasil-2.0-8B,Locutusque_Llama-3-Yggdrasil-2.0-8B,model::Locutusque/Llama-3-Yggdrasil-2.0-8B,Locutusque/Llama-3-Yggdrasil-2.0-8B,Llama,8.03,>3B to <20B,2024-06-26,2024_H1,UNKNOWN_OPEN_WEIGHTS,UNKNOWN_LICENSE,COMPLETE_SIX_TASK,True,6,NOT_IN_T05_BRIDGE,NOT_APPLICABLE,False,False,OBSERVED_DESCRIPTION
MODEL::Locutusque_TinyMistral-248M-v2.5,Locutusque_TinyMistral-248M-v2.5,model::Locutusque/TinyMistral-248M-v2.5,Locutusque/TinyMistral-248M-v2.5,Mistral,0.248,<=3B,2024-09-17,2024_H2,UNKNOWN_OPEN_WEIGHTS,LICENSE_RECORDED,COMPLETE_SIX_TASK,True,6,NOT_IN_T05_BRIDGE,NOT_APPLICABLE,False,False,OBSERVED_DESCRIPTION
MODEL::Luni_StarDust-12b-v1,Luni_StarDust-12b-v1,model::Luni/StarDust-12b-v1,Luni/StarDust-12b-v1,Luni,12.248,>3B to <20B,2024-09-03,2024_H2,UNKNOWN_OPEN_WEIGHTS,LICENSE_RECORDED,COMPLETE_SIX_TASK,True,6,NOT_IN_T05_BRIDGE,NOT_APPLICABLE,False,False,OBSERVED_DESCRIPTION
MODEL::Luni_StarDust-12b-v2,Luni_StarDust-12b-v2,model::Luni/StarDust-12b-v2,Luni/StarDust-12b-v2,Luni,12.248,>3B to <20B,2024-09-03,2024_H2,UNKNOWN_OPEN_WEIGHTS,LICENSE_RECORDED,COMPLETE_SIX_TASK,True,6,NOT_IN_T05_BRIDGE,NOT_APPLICABLE,False,False,OBSERVED_DESCRIPTION
MODEL::Lunzima_NQLSG-Qwen2.5-14B-MegaFusion-v3,Lunzima_NQLSG-Qwen2.5-14B-MegaFusion-v3,model::Lunzima/NQLSG-Qwen2.5-14B-MegaFusion-v3,Lunzima/NQLSG-Qwen2.5-14B-MegaFusion-v3,Qwen,14.766,>3B to <20B,2025-02-18,2025_Q1,UNKNOWN_OPEN_WEIGHTS,UNKNOWN_LICENSE,COMPLETE_SIX_TASK,True,6,NOT_IN_T05_BRIDGE,NOT_APPLICABLE,False,False,OBSERVED_DESCRIPTION
MODEL::Lunzima_NQLSG-Qwen2.5-14B-MegaFusion-v5,Lunzima_NQLSG-Qwen2.5-14B-MegaFusion-v5,model::Lunzima/NQLSG-Qwen2.5-14B-MegaFusion-v5,Lunzima/NQLSG-Qwen2.5-14B-MegaFusion-v5,Qwen,14.766,>3B to <20B,2025-02-20,2025_Q1,UNKNOWN_OPEN_WEIGHTS,LICENSE_RECORDED,COMPLETE_SIX_TASK,True,6,NOT_IN_T05_BRIDGE,NOT_APPLICABLE,False,False,OBSERVED_DESCRIPTION
MODEL::Lunzima_NQLSG-Qwen2.5-14B-MegaFusion-v6,Lunzima_NQLSG-Qwen2.5-14B-MegaFusion-v6,model::Lunzima/NQLSG-Qwen2.5-14B-MegaFusion-v6,Lunzima/NQLSG-Qwen2.5-14B-MegaFusion-v6,Qwen,14.766,>3B to <20B,2025-02-25,2025_Q1,UNKNOWN_OPEN_WEIGHTS,UNKNOWN_LICENSE,COMPLETE_SIX_TASK,True,6,NOT_IN_T05_BRIDGE,NOT_APPLICABLE,False,False,OBSERVED_DESCRIPTION
MODEL::Lunzima_NQLSG-Qwen2.5-14B-MegaFusion-v7-rebase,Lunzima_NQLSG-Qwen2.5-14B-MegaFusion-v7-rebase,model::Lunzima/NQLSG-Qwen2.5-14B-MegaFusion-v7-rebase,Lunzima/NQLSG-Qwen2.5-14B-MegaFusion-v7-rebase,Qwen,14.766,>3B to <20B,2025-02-28,2025_Q1,UNKNOWN_OPEN_WEIGHTS,UNKNOWN_LICENSE,COMPLETE_SIX_TASK,True,6,NOT_IN_T05_BRIDGE,NOT_APPLICABLE,False,False,OBSERVED_DESCRIPTION
MODEL::Lunzima_NQLSG-Qwen2.5-14B-MegaFusion-v8,Lunzima_NQLSG-Qwen2.5-14B-MegaFusion-v8,model::Lunzima/NQLSG-Qwen2.5-14B-MegaFusion-v8,Lunzima/NQLSG-Qwen2.5-14B-MegaFusion-v8,Qwen,14.766,>3B to <20B,2025-03-09,2025_Q1,UNKNOWN_OPEN_WEIGHTS,LICENSE_RECORDED,COMPLETE_SIX_TASK,True,6,NOT_IN_T05_BRIDGE,NOT_APPLICABLE,False,False,OBSERVED_DESCRIPTION
MODEL::Lunzima_NQLSG-Qwen2.5-14B-MegaFusion-v8.5,Lunzima_NQLSG-Qwen2.5-14B-MegaFusion-v8.5,model::Lunzima/NQLSG-Qwen2.5-14B-MegaFusion-v8.5,Lunzima/NQLSG-Qwen2.5-14B-MegaFusion-v8.5,Qwen,14.766,>3B to <20B,2025-02-28,2025_Q1,UNKNOWN_OPEN_WEIGHTS,UNKNOWN_LICENSE,COMPLETE_SIX_TASK,True,6,NOT_IN_T05_BRIDGE,NOT_APPLICABLE,False,False,OBSERVED_DESCRIPTION
MODEL::Lunzima_NQLSG-Qwen2.5-14B-MegaFusion-v8.6,Lunzima_NQLSG-Qwen2.5-14B-MegaFusion-v8.6,model::Lunzima/NQLSG-Qwen2.5-14B-MegaFusion-v8.6,Lunzima/NQLSG-Qwen2.5-14B-MegaFusion-v8.6,Qwen,14.766,>3B to <20B,2025-03-01,2025_Q1,UNKNOWN_OPEN_WEIGHTS,UNKNOWN_LICENSE,COMPLETE_SIX_TASK,True,6,NOT_IN_T05_BRIDGE,NOT_APPLICABLE,False,False,OBSERVED_DESCRIPTION
MODEL::Lunzima_NQLSG-Qwen2.5-14B-MegaFusion-v8.7,Lunzima_NQLSG-Qwen2.5-14B-MegaFusion-v8.7,model::Lunzima/NQLSG-Qwen2.5-14B-MegaFusion-v8.7,Lunzima/NQLSG-Qwen2.5-14B-MegaFusion-v8.7,Qwen,14.766,>3B to <20B,2025-03-09,2025_Q1,UNKNOWN_OPEN_WEIGHTS,LICENSE_RECORDED,COMPLETE_SIX_TASK,True,6,NOT_IN_T05_BRIDGE,NOT_APPLICABLE,False,False,OBSERVED_DESCRIPTION
MODEL::Lunzima_NQLSG-Qwen2.5-14B-MegaFusion-v8.9,Lunzima_NQLSG-Qwen2.5-14B-MegaFusion-v8.9,model::Lunzima/NQLSG-Qwen2.5-14B-MegaFusion-v8.9,Lunzima/NQLSG-Qwen2.5-14B-MegaFusion-v8.9,Qwen,14.766,>3B to <20B,2025-03-09,2025_Q1,UNKNOWN_OPEN_WEIGHTS,LICENSE_RECORDED,COMPLETE_SIX_TASK,True,6,NOT_IN_T05_BRIDGE,NOT_APPLICABLE,False,False,OBSERVED_DESCRIPTION
MODEL::Lunzima_NQLSG-Qwen2.5-14B-MegaFusion-v9-stock,Lunzima_NQLSG-Qwen2.5-14B-MegaFusion-v9-stock,model::Lunzima/NQLSG-Qwen2.5-14B-MegaFusion-v9-stock,Lunzima/NQLSG-Qwen2.5-14B-MegaFusion-v9-stock,Qwen,14.766,>3B to <20B,2025-03-07,2025_Q1,UNKNOWN_OPEN_WEIGHTS,UNKNOWN_LICENSE,COMPLETE_SIX_TASK,True,6,NOT_IN_T05_BRIDGE,NOT_APPLICABLE,False,False,OBSERVED_DESCRIPTION
MODEL::Lyte_Llama-3.1-8B-Instruct-Reasoner-1o1_v0.3,Lyte_Llama-3.1-8B-Instruct-Reasoner-1o1_v0.3,model::Lyte/Llama-3.1-8B-Instruct-Reasoner-1o1_v0.3,Lyte/Llama-3.1-8B-Instruct-Reasoner-1o1_v0.3,Llama,8.0,>3B to <20B,2024-09-17,2024_H2,UNKNOWN_OPEN_WEIGHTS,UNKNOWN_LICENSE,COMPLETE_SIX_TASK,True,6,NOT_IN_T05_BRIDGE,NOT_APPLICABLE,False,False,OBSERVED_DESCRIPTION
MODEL::Lyte_Llama-3.2-1B-Instruct-COT-RL-Expriement1-EP04,Lyte_Llama-3.2-1B-Instruct-COT-RL-Expriement1-EP04,model::Lyte/Llama-3.2-1B-Instruct-COT-RL-Expriement1-EP04,Lyte/Llama-3.2-1B-Instruct-COT-RL-Expriement1-EP04,Llama,1.236,<=3B,2024-09-26,2024_H2,UNKNOWN_OPEN_WEIGHTS,UNKNOWN_LICENSE,COMPLETE_SIX_TASK,True,6,NOT_IN_T05_BRIDGE,NOT_APPLICABLE,False,False,OBSERVED_DESCRIPTION
MODEL::Lyte_Llama-3.2-3B-Overthinker,Lyte_Llama-3.2-3B-Overthinker,model::Lyte/Llama-3.2-3B-Overthinker,Lyte/Llama-3.2-3B-Overthinker,Llama,3.213,>3B to <20B,2024-10-18,2024_H2,UNKNOWN_OPEN_WEIGHTS,LICENSE_RECORDED,COMPLETE_SIX_TASK,True,6,NOT_IN_T05_BRIDGE,NOT_APPLICABLE,False,False,OBSERVED_DESCRIPTION
MODEL::M4-ai_TinyMistral-248M-v3,M4-ai_TinyMistral-248M-v3,model::M4-ai/TinyMistral-248M-v3,M4-ai/TinyMistral-248M-v3,Mistral,0.248,<=3B,2024-10-18,2024_H2,UNKNOWN_OPEN_WEIGHTS,LICENSE_RECORDED,COMPLETE_SIX_TASK,True,6,NOT_IN_T05_BRIDGE,NOT_APPLICABLE,False,False,OBSERVED_DESCRIPTION
MODEL::MEscriva_ECE-PRYMMAL-0.5B-FT-V5-MUSR-Mathis,MEscriva_ECE-PRYMMAL-0.5B-FT-V5-MUSR-Mathis,model::MEscriva/ECE-PRYMMAL-0.5B-FT-V5-MUSR-Mathis,MEscriva/ECE-PRYMMAL-0.5B-FT-V5-MUSR-Mathis,MEscriva,0.63,<=3B,2024-11-19,2024_H2,UNKNOWN_OPEN_WEIGHTS,UNKNOWN_LICENSE,COMPLETE_SIX_TASK,True,6,NOT_IN_T05_BRIDGE,NOT_APPLICABLE,False,False,OBSERVED_DESCRIPTION
MODEL::MLP-KTLim_llama-3-Korean-Bllossom-8B,MLP-KTLim_llama-3-Korean-Bllossom-8B,model::MLP-KTLim/llama-3-Korean-Bllossom-8B,MLP-KTLim/llama-3-Korean-Bllossom-8B,Llama,8.03,>3B to <20B,2024-07-09,2024_H2,UNKNOWN_OPEN_WEIGHTS,LICENSE_RECORDED,COMPLETE_SIX_TASK,True,6,NOT_IN_T05_BRIDGE,NOT_APPLICABLE,False,False,OBSERVED_DESCRIPTION
MODEL::MTSAIR_Cotype-Nano,MTSAIR_Cotype-Nano,model::MTSAIR/Cotype-Nano,MTSAIR/Cotype-Nano,MTSAIR,1.544,<=3B,2024-12-01,2024_H2,UNKNOWN_OPEN_WEIGHTS,LICENSE_RECORDED,COMPLETE_SIX_TASK,True,6,NOT_IN_T05_BRIDGE,NOT_APPLICABLE,False,False,OBSERVED_DESCRIPTION
MODEL::MTSAIR_MultiVerse_70B,MTSAIR_MultiVerse_70B,model::MTSAIR/MultiVerse_70B,MTSAIR/MultiVerse_70B,MTSAIR,72.289,>=20B,2024-06-29,2024_H1,UNKNOWN_OPEN_WEIGHTS,LICENSE_RECORDED,COMPLETE_SIX_TASK,True,6,NOT_IN_T05_BRIDGE,NOT_APPLICABLE,False,False,OBSERVED_DESCRIPTION
MODEL::Magpie-Align_Llama-3-8B-Magpie-Align-SFT-v0.1,Magpie-Align_Llama-3-8B-Magpie-Align-SFT-v0.1,model::Magpie-Align/Llama-3-8B-Magpie-Align-SFT-v0.1,Magpie-Align/Llama-3-8B-Magpie-Align-SFT-v0.1,Llama,8.03,>3B to <20B,2024-09-17,2024_H2,UNKNOWN_OPEN_WEIGHTS,LICENSE_RECORDED,COMPLETE_SIX_TASK,True,6,NOT_IN_T05_BRIDGE,NOT_APPLICABLE,False,False,OBSERVED_DESCRIPTION
MODEL::Magpie-Align_Llama-3-8B-Magpie-Align-SFT-v0.3,Magpie-Align_Llama-3-8B-Magpie-Align-SFT-v0.3,model::Magpie-Align/Llama-3-8B-Magpie-Align-SFT-v0.3,Magpie-Align/Llama-3-8B-Magpie-Align-SFT-v0.3,Llama,8.03,>3B to <20B,2024-08-06,2024_H2,UNKNOWN_OPEN_WEIGHTS,LICENSE_RECORDED,COMPLETE_SIX_TASK,True,6,NOT_IN_T05_BRIDGE,NOT_APPLICABLE,False,False,OBSERVED_DESCRIPTION
MODEL::Magpie-Align_Llama-3-8B-Magpie-Align-v0.1,Magpie-Align_Llama-3-8B-Magpie-Align-v0.1,model::Magpie-Align/Llama-3-8B-Magpie-Align-v0.1,Magpie-Align/Llama-3-8B-Magpie-Align-v0.1,Llama,8.03,>3B to <20B,2024-07-03,2024_H2,UNKNOWN_OPEN_WEIGHTS,LICENSE_RECORDED,COMPLETE_SIX_TASK,True,6,NOT_IN_T05_BRIDGE,NOT_APPLICABLE,False,False,OBSERVED_DESCRIPTION
MODEL::Magpie-Align_Llama-3-8B-Magpie-Align-v0.3,Magpie-Align_Llama-3-8B-Magpie-Align-v0.3,model::Magpie-Align/Llama-3-8B-Magpie-Align-v0.3,Magpie-Align/Llama-3-8B-Magpie-Align-v0.3,Llama,8.03,>3B to <20B,2024-08-06,2024_H2,UNKNOWN_OPEN_WEIGHTS,LICENSE_RECORDED,COMPLETE_SIX_TASK,True,6,NOT_IN_T05_BRIDGE,NOT_APPLICABLE,False,False,OBSERVED_DESCRIPTION
MODEL::Magpie-Align_Llama-3.1-8B-Magpie-Align-SFT-v0.1,Magpie-Align_Llama-3.1-8B-Magpie-Align-SFT-v0.1,model::Magpie-Align/Llama-3.1-8B-Magpie-Align-SFT-v0.1,Magpie-Align/Llama-3.1-8B-Magpie-Align-SFT-v0.1,Llama,8.03,>3B to <20B,2024-09-17,2024_H2,UNKNOWN_OPEN_WEIGHTS,LICENSE_RECORDED,COMPLETE_SIX_TASK,True,6,NOT_IN_T05_BRIDGE,NOT_APPLICABLE,False,False,OBSERVED_DESCRIPTION
MODEL::Magpie-Align_Llama-3.1-8B-Magpie-Align-v0.1,Magpie-Align_Llama-3.1-8B-Magpie-Align-v0.1,model::Magpie-Align/Llama-3.1-8B-Magpie-Align-v0.1,Magpie-Align/Llama-3.1-8B-Magpie-Align-v0.1,Llama,8.03,>3B to <20B,2024-09-17,2024_H2,UNKNOWN_OPEN_WEIGHTS,LICENSE_RECORDED,COMPLETE_SIX_TASK,True,6,NOT_IN_T05_BRIDGE,NOT_APPLICABLE,False,False,OBSERVED_DESCRIPTION
MODEL::Magpie-Align_MagpieLM-8B-Chat-v0.1,Magpie-Align_MagpieLM-8B-Chat-v0.1,model::Magpie-Align/MagpieLM-8B-Chat-v0.1,Magpie-Align/MagpieLM-8B-Chat-v0.1,Magpie-Align,8.03,>3B to <20B,2024-09-19,2024_H2,UNKNOWN_OPEN_WEIGHTS,LICENSE_RECORDED,COMPLETE_SIX_TASK,True,6,NOT_IN_T05_BRIDGE,NOT_APPLICABLE,False,False,OBSERVED_DESCRIPTION
MODEL::Magpie-Align_MagpieLM-8B-SFT-v0.1,Magpie-Align_MagpieLM-8B-SFT-v0.1,model::Magpie-Align/MagpieLM-8B-SFT-v0.1,Magpie-Align/MagpieLM-8B-SFT-v0.1,Magpie-Align,8.03,>3B to <20B,2024-09-19,2024_H2,UNKNOWN_OPEN_WEIGHTS,LICENSE_RECORDED,COMPLETE_SIX_TASK,True,6,NOT_IN_T05_BRIDGE,NOT_APPLICABLE,False,False,OBSERVED_DESCRIPTION
MODEL::ManoloPueblo_ContentCuisine_1-7B-slerp,ManoloPueblo_ContentCuisine_1-7B-slerp,model::ManoloPueblo/ContentCuisine_1-7B-slerp,ManoloPueblo/ContentCuisine_1-7B-slerp,ManoloPueblo,7.242,>3B to <20B,2024-11-12,2024_H2,UNKNOWN_OPEN_WEIGHTS,UNKNOWN_LICENSE,COMPLETE_SIX_TASK,True,6,NOT_IN_T05_BRIDGE,NOT_APPLICABLE,False,False,OBSERVED_DESCRIPTION
MODEL::ManoloPueblo_LLM_MERGE_CC2,ManoloPueblo_LLM_MERGE_CC2,model::ManoloPueblo/LLM_MERGE_CC2,ManoloPueblo/LLM_MERGE_CC2,ManoloPueblo,7.242,>3B to <20B,2024-11-12,2024_H2,UNKNOWN_OPEN_WEIGHTS,LICENSE_RECORDED,COMPLETE_SIX_TASK,True,6,NOT_IN_T05_BRIDGE,NOT_APPLICABLE,False,False,OBSERVED_DESCRIPTION
MODEL::ManoloPueblo_LLM_MERGE_CC3,ManoloPueblo_LLM_MERGE_CC3,model::ManoloPueblo/LLM_MERGE_CC3,ManoloPueblo/LLM_MERGE_CC3,ManoloPueblo,7.242,>3B to <20B,2024-11-12,2024_H2,UNKNOWN_OPEN_WEIGHTS,LICENSE_RECORDED,COMPLETE_SIX_TASK,True,6,NOT_IN_T05_BRIDGE,NOT_APPLICABLE,False,False,OBSERVED_DESCRIPTION
MODEL::MarinaraSpaghetti_NemoReRemix-12B,MarinaraSpaghetti_NemoReRemix-12B,model::MarinaraSpaghetti/NemoReRemix-12B,MarinaraSpaghetti/NemoReRemix-12B,MarinaraSpaghetti,12.248,>3B to <20B,2024-09-17,2024_H2,UNKNOWN_OPEN_WEIGHTS,UNKNOWN_LICENSE,COMPLETE_SIX_TASK,True,6,NOT_IN_T05_BRIDGE,NOT_APPLICABLE,False,False,OBSERVED_DESCRIPTION
MODEL::MarinaraSpaghetti_Nemomix-v4.0-12B,MarinaraSpaghetti_Nemomix-v4.0-12B,model::MarinaraSpaghetti/Nemomix-v4.0-12B,MarinaraSpaghetti/Nemomix-v4.0-12B,MarinaraSpaghetti,12.248,>3B to <20B,2024-08-02,2024_H2,UNKNOWN_OPEN_WEIGHTS,UNKNOWN_LICENSE,COMPLETE_SIX_TASK,True,6,NOT_IN_T05_BRIDGE,NOT_APPLICABLE,False,False,OBSERVED_DESCRIPTION
MODEL::Marsouuu_MiniMathExpert-2_61B-ECE-PRYMMAL-Martial,Marsouuu_MiniMathExpert-2_61B-ECE-PRYMMAL-Martial,model::Marsouuu/MiniMathExpert-2_61B-ECE-PRYMMAL-Martial,Marsouuu/MiniMathExpert-2_61B-ECE-PRYMMAL-Martial,Marsouuu,2.614,<=3B,2024-10-06,2024_H2,UNKNOWN_OPEN_WEIGHTS,LICENSE_RECORDED,COMPLETE_SIX_TASK,True,6,NOT_IN_T05_BRIDGE,NOT_APPLICABLE,False,False,OBSERVED_DESCRIPTION
MODEL::Marsouuu_MiniQwenMathExpert-ECE-PRYMMAL-Martial,Marsouuu_MiniQwenMathExpert-ECE-PRYMMAL-Martial,model::Marsouuu/MiniQwenMathExpert-ECE-PRYMMAL-Martial,Marsouuu/MiniQwenMathExpert-ECE-PRYMMAL-Martial,Qwen,1.777,<=3B,2024-10-07,2024_H2,UNKNOWN_OPEN_WEIGHTS,UNKNOWN_LICENSE,COMPLETE_SIX_TASK,True,6,NOT_IN_T05_BRIDGE,NOT_APPLICABLE,False,False,OBSERVED_DESCRIPTION
MODEL::Marsouuu_MistralBase-4x7B-MoE-ECE-PRYMMAL-Martial,Marsouuu_MistralBase-4x7B-MoE-ECE-PRYMMAL-Martial,model::Marsouuu/MistralBase-4x7B-MoE-ECE-PRYMMAL-Martial,Marsouuu/MistralBase-4x7B-MoE-ECE-PRYMMAL-Martial,Mistral,24.16,>=20B,2024-10-03,2024_H2,UNKNOWN_OPEN_WEIGHTS,LICENSE_RECORDED,COMPLETE_SIX_TASK,True,6,NOT_IN_T05_BRIDGE,NOT_APPLICABLE,False,False,OBSERVED_DESCRIPTION
MODEL::Marsouuu_general3B-ECE-PRYMMAL-Martial,Marsouuu_general3B-ECE-PRYMMAL-Martial,model::Marsouuu/general3B-ECE-PRYMMAL-Martial,Marsouuu/general3B-ECE-PRYMMAL-Martial,Marsouuu,3.821,>3B to <20B,2024-10-23,2024_H2,UNKNOWN_OPEN_WEIGHTS,LICENSE_RECORDED,COMPLETE_SIX_TASK,True,6,NOT_IN_T05_BRIDGE,NOT_APPLICABLE,False,False,OBSERVED_DESCRIPTION
MODEL::Marsouuu_general3Bv2-ECE-PRYMMAL-Martial,Marsouuu_general3Bv2-ECE-PRYMMAL-Martial,model::Marsouuu/general3Bv2-ECE-PRYMMAL-Martial,Marsouuu/general3Bv2-ECE-PRYMMAL-Martial,Marsouuu,7.616,>3B to <20B,2024-11-06,2024_H2,UNKNOWN_OPEN_WEIGHTS,LICENSE_RECORDED,COMPLETE_SIX_TASK,True,6,NOT_IN_T05_BRIDGE,NOT_APPLICABLE,False,False,OBSERVED_DESCRIPTION
MODEL::Marsouuu_lareneg1_78B-ECE-PRYMMAL-Martial,Marsouuu_lareneg1_78B-ECE-PRYMMAL-Martial,model::Marsouuu/lareneg1_78B-ECE-PRYMMAL-Martial,Marsouuu/lareneg1_78B-ECE-PRYMMAL-Martial,Marsouuu,1.777,<=3B,2024-10-23,2024_H2,UNKNOWN_OPEN_WEIGHTS,LICENSE_RECORDED,COMPLETE_SIX_TASK,True,6,NOT_IN_T05_BRIDGE,NOT_APPLICABLE,False,False,OBSERVED_DESCRIPTION
MODEL::Marsouuu_lareneg3B-ECE-PRYMMAL-Martial,Marsouuu_lareneg3B-ECE-PRYMMAL-Martial,model::Marsouuu/lareneg3B-ECE-PRYMMAL-Martial,Marsouuu/lareneg3B-ECE-PRYMMAL-Martial,Marsouuu,3.821,>3B to <20B,2024-11-06,2024_H2,UNKNOWN_OPEN_WEIGHTS,LICENSE_RECORDED,COMPLETE_SIX_TASK,True,6,NOT_IN_T05_BRIDGE,NOT_APPLICABLE,False,False,OBSERVED_DESCRIPTION
MODEL::Marsouuu_lareneg3Bv2-ECE-PRYMMAL-Martial,Marsouuu_lareneg3Bv2-ECE-PRYMMAL-Martial,model::Marsouuu/lareneg3Bv2-ECE-PRYMMAL-Martial,Marsouuu/lareneg3Bv2-ECE-PRYMMAL-Martial,Marsouuu,7.616,>3B to <20B,2024-11-06,2024_H2,UNKNOWN_OPEN_WEIGHTS,LICENSE_RECORDED,COMPLETE_SIX_TASK,True,6,NOT_IN_T05_BRIDGE,NOT_APPLICABLE,False,False,OBSERVED_DESCRIPTION
MODEL::MaziyarPanahi_Calme-4x7B-MoE-v0.1,MaziyarPanahi_Calme-4x7B-MoE-v0.1,model::MaziyarPanahi/Calme-4x7B-MoE-v0.1,MaziyarPanahi/Calme-4x7B-MoE-v0.1,MaziyarPanahi,24.154,>=20B,2024-08-05,2024_H2,UNKNOWN_OPEN_WEIGHTS,LICENSE_RECORDED,COMPLETE_SIX_TASK,True,6,NOT_IN_T05_BRIDGE,NOT_APPLICABLE,False,False,OBSERVED_DESCRIPTION
MODEL::MaziyarPanahi_Calme-4x7B-MoE-v0.2,MaziyarPanahi_Calme-4x7B-MoE-v0.2,model::MaziyarPanahi/Calme-4x7B-MoE-v0.2,MaziyarPanahi/Calme-4x7B-MoE-v0.2,MaziyarPanahi,24.154,>=20B,2024-08-05,2024_H2,UNKNOWN_OPEN_WEIGHTS,LICENSE_RECORDED,COMPLETE_SIX_TASK,True,6,NOT_IN_T05_BRIDGE,NOT_APPLICABLE,False,False,OBSERVED_DESCRIPTION
MODEL::MaziyarPanahi_Llama-3-70B-Instruct-v0.1,MaziyarPanahi_Llama-3-70B-Instruct-v0.1,model::MaziyarPanahi/Llama-3-70B-Instruct-v0.1,MaziyarPanahi/Llama-3-70B-Instruct-v0.1,Llama,70.554,>=20B,2024-06-26,2024_H1,UNKNOWN_OPEN_WEIGHTS,LICENSE_RECORDED,COMPLETE_SIX_TASK,True,6,NOT_IN_T05_BRIDGE,NOT_APPLICABLE,False,False,OBSERVED_DESCRIPTION
MODEL::MaziyarPanahi_Llama-3-8B-Instruct-v0.10,MaziyarPanahi_Llama-3-8B-Instruct-v0.10,model::MaziyarPanahi/Llama-3-8B-Instruct-v0.10,MaziyarPanahi/Llama-3-8B-Instruct-v0.10,Llama,8.03,>3B to <20B,2024-06-26,2024_H1,UNKNOWN_OPEN_WEIGHTS,LICENSE_RECORDED,COMPLETE_SIX_TASK,True,6,NOT_IN_T05_BRIDGE,NOT_APPLICABLE,False,False,OBSERVED_DESCRIPTION
MODEL::MaziyarPanahi_Llama-3-8B-Instruct-v0.8,MaziyarPanahi_Llama-3-8B-Instruct-v0.8,model::MaziyarPanahi/Llama-3-8B-Instruct-v0.8,MaziyarPanahi/Llama-3-8B-Instruct-v0.8,Llama,8.03,>3B to <20B,2024-07-11,2024_H2,UNKNOWN_OPEN_WEIGHTS,LICENSE_RECORDED,COMPLETE_SIX_TASK,True,6,NOT_IN_T05_BRIDGE,NOT_APPLICABLE,False,False,OBSERVED_DESCRIPTION
MODEL::MaziyarPanahi_Llama-3-8B-Instruct-v0.9,MaziyarPanahi_Llama-3-8B-Instruct-v0.9,model::MaziyarPanahi/Llama-3-8B-Instruct-v0.9,MaziyarPanahi/Llama-3-8B-Instruct-v0.9,Llama,8.03,>3B to <20B,2024-08-06,2024_H2,UNKNOWN_OPEN_WEIGHTS,LICENSE_RECORDED,COMPLETE_SIX_TASK,True,6,NOT_IN_T05_BRIDGE,NOT_APPLICABLE,False,False,OBSERVED_DESCRIPTION
MODEL::MaziyarPanahi_Qwen1.5-MoE-A2.7B-Wikihow,MaziyarPanahi_Qwen1.5-MoE-A2.7B-Wikihow,model::MaziyarPanahi/Qwen1.5-MoE-A2.7B-Wikihow,MaziyarPanahi/Qwen1.5-MoE-A2.7B-Wikihow,Qwen,14.316,>3B to <20B,2024-09-12,2024_H2,UNKNOWN_OPEN_WEIGHTS,LICENSE_RECORDED,COMPLETE_SIX_TASK,True,6,NOT_IN_T05_BRIDGE,NOT_APPLICABLE,False,False,OBSERVED_DESCRIPTION
MODEL::MaziyarPanahi_Qwen2-7B-Instruct-v0.1,MaziyarPanahi_Qwen2-7B-Instruct-v0.1,model::MaziyarPanahi/Qwen2-7B-Instruct-v0.1,MaziyarPanahi/Qwen2-7B-Instruct-v0.1,Qwen,7.616,>3B to <20B,2024-07-07,2024_H2,Yes,LICENSE_RECORDED,COMPLETE_SIX_TASK,True,6,NOT_IN_T05_BRIDGE,NOT_APPLICABLE,False,False,OBSERVED_DESCRIPTION
MODEL::MaziyarPanahi_Qwen2-7B-Instruct-v0.8,MaziyarPanahi_Qwen2-7B-Instruct-v0.8,model::MaziyarPanahi/Qwen2-7B-Instruct-v0.8,MaziyarPanahi/Qwen2-7B-Instruct-v0.8,Qwen,7.616,>3B to <20B,2024-07-07,2024_H2,Yes,LICENSE_RECORDED,COMPLETE_SIX_TASK,True,6,NOT_IN_T05_BRIDGE,NOT_APPLICABLE,False,False,OBSERVED_DESCRIPTION
MODEL::MaziyarPanahi_calme-2.1-llama3.1-70b,MaziyarPanahi_calme-2.1-llama3.1-70b,model::MaziyarPanahi/calme-2.1-llama3.1-70b,MaziyarPanahi/calme-2.1-llama3.1-70b,Llama,70.554,>=20B,2024-07-24,2024_H2,UNKNOWN_OPEN_WEIGHTS,UNKNOWN_LICENSE,COMPLETE_SIX_TASK,True,6,NOT_IN_T05_BRIDGE,NOT_APPLICABLE,False,False,OBSERVED_DESCRIPTION
MODEL::MaziyarPanahi_calme-2.1-phi3-4b,MaziyarPanahi_calme-2.1-phi3-4b,model::MaziyarPanahi/calme-2.1-phi3-4b,MaziyarPanahi/calme-2.1-phi3-4b,Phi,3.821,>3B to <20B,2024-06-26,2024_H1,UNKNOWN_OPEN_WEIGHTS,LICENSE_RECORDED,COMPLETE_SIX_TASK,True,6,NOT_IN_T05_BRIDGE,NOT_APPLICABLE,False,False,OBSERVED_DESCRIPTION
MODEL::MaziyarPanahi_calme-2.1-phi3.5-4b,MaziyarPanahi_calme-2.1-phi3.5-4b,model::MaziyarPanahi/calme-2.1-phi3.5-4b,MaziyarPanahi/calme-2.1-phi3.5-4b,Phi,3.821,>3B to <20B,2024-08-23,2024_H2,UNKNOWN_OPEN_WEIGHTS,LICENSE_RECORDED,COMPLETE_SIX_TASK,True,6,NOT_IN_T05_BRIDGE,NOT_APPLICABLE,False,False,OBSERVED_DESCRIPTION
MODEL::MaziyarPanahi_calme-2.1-qwen2-72b,MaziyarPanahi_calme-2.1-qwen2-72b,model::MaziyarPanahi/calme-2.1-qwen2-72b,MaziyarPanahi/calme-2.1-qwen2-72b,Qwen,72.699,>=20B,2024-06-26,2024_H1,UNKNOWN_OPEN_WEIGHTS,LICENSE_RECORDED,COMPLETE_SIX_TASK,True,6,NOT_IN_T05_BRIDGE,NOT_APPLICABLE,False,False,OBSERVED_DESCRIPTION
MODEL::MaziyarPanahi_calme-2.1-qwen2-7b,MaziyarPanahi_calme-2.1-qwen2-7b,model::MaziyarPanahi/calme-2.1-qwen2-7b,MaziyarPanahi/calme-2.1-qwen2-7b,Qwen,7.616,>3B to <20B,2024-09-18,2024_H2,UNKNOWN_OPEN_WEIGHTS,LICENSE_RECORDED,COMPLETE_SIX_TASK,True,6,NOT_IN_T05_BRIDGE,NOT_APPLICABLE,False,False,OBSERVED_DESCRIPTION
MODEL::MaziyarPanahi_calme-2.1-qwen2.5-72b,MaziyarPanahi_calme-2.1-qwen2.5-72b,model::MaziyarPanahi/calme-2.1-qwen2.5-72b,MaziyarPanahi/calme-2.1-qwen2.5-72b,Qwen,72.7,>=20B,2024-09-26,2024_H2,UNKNOWN_OPEN_WEIGHTS,LICENSE_RECORDED,COMPLETE_SIX_TASK,True,6,NOT_IN_T05_BRIDGE,NOT_APPLICABLE,False,False,OBSERVED_DESCRIPTION
MODEL::MaziyarPanahi_calme-2.1-rys-78b,MaziyarPanahi_calme-2.1-rys-78b,model::MaziyarPanahi/calme-2.1-rys-78b,MaziyarPanahi/calme-2.1-rys-78b,MaziyarPanahi,77.965,>=20B,2024-08-08,2024_H2,UNKNOWN_OPEN_WEIGHTS,LICENSE_RECORDED,COMPLETE_SIX_TASK,True,6,NOT_IN_T05_BRIDGE,NOT_APPLICABLE,False,False,OBSERVED_DESCRIPTION
MODEL::MaziyarPanahi_calme-2.2-llama3-70b,MaziyarPanahi_calme-2.2-llama3-70b,model::MaziyarPanahi/calme-2.2-llama3-70b,MaziyarPanahi/calme-2.2-llama3-70b,Llama,70.554,>=20B,2024-06-26,2024_H1,UNKNOWN_OPEN_WEIGHTS,LICENSE_RECORDED,COMPLETE_SIX_TASK,True,6,NOT_IN_T05_BRIDGE,NOT_APPLICABLE,False,False,OBSERVED_DESCRIPTION
MODEL::MaziyarPanahi_calme-2.2-llama3.1-70b,MaziyarPanahi_calme-2.2-llama3.1-70b,model::MaziyarPanahi/calme-2.2-llama3.1-70b,MaziyarPanahi/calme-2.2-llama3.1-70b,Llama,70.554,>=20B,2024-09-09,2024_H2,UNKNOWN_OPEN_WEIGHTS,UNKNOWN_LICENSE,COMPLETE_SIX_TASK,True,6,NOT_IN_T05_BRIDGE,NOT_APPLICABLE,False,False,OBSERVED_DESCRIPTION
MODEL::MaziyarPanahi_calme-2.2-phi3-4b,MaziyarPanahi_calme-2.2-phi3-4b,model::MaziyarPanahi/calme-2.2-phi3-4b,MaziyarPanahi/calme-2.2-phi3-4b,Phi,3.821,>3B to <20B,2024-06-26,2024_H1,UNKNOWN_OPEN_WEIGHTS,LICENSE_RECORDED,COMPLETE_SIX_TASK,True,6,NOT_IN_T05_BRIDGE,NOT_APPLICABLE,False,False,OBSERVED_DESCRIPTION
MODEL::MaziyarPanahi_calme-2.2-qwen2-72b,MaziyarPanahi_calme-2.2-qwen2-72b,model::MaziyarPanahi/calme-2.2-qwen2-72b,MaziyarPanahi/calme-2.2-qwen2-72b,Qwen,72.706,>=20B,2024-08-06,2024_H2,UNKNOWN_OPEN_WEIGHTS,LICENSE_RECORDED,COMPLETE_SIX_TASK,True,6,NOT_IN_T05_BRIDGE,NOT_APPLICABLE,False,False,OBSERVED_DESCRIPTION
MODEL::MaziyarPanahi_calme-2.2-qwen2-7b,MaziyarPanahi_calme-2.2-qwen2-7b,model::MaziyarPanahi/calme-2.2-qwen2-7b,MaziyarPanahi/calme-2.2-qwen2-7b,Qwen,7.616,>3B to <20B,2024-09-18,2024_H2,UNKNOWN_OPEN_WEIGHTS,LICENSE_RECORDED,COMPLETE_SIX_TASK,True,6,NOT_IN_T05_BRIDGE,NOT_APPLICABLE,False,False,OBSERVED_DESCRIPTION
MODEL::MaziyarPanahi_calme-2.2-qwen2.5-72b,MaziyarPanahi_calme-2.2-qwen2.5-72b,model::MaziyarPanahi/calme-2.2-qwen2.5-72b,MaziyarPanahi/calme-2.2-qwen2.5-72b,Qwen,72.7,>=20B,2024-09-26,2024_H2,UNKNOWN_OPEN_WEIGHTS,LICENSE_RECORDED,COMPLETE_SIX_TASK,True,6,NOT_IN_T05_BRIDGE,NOT_APPLICABLE,False,False,OBSERVED_DESCRIPTION
MODEL::MaziyarPanahi_calme-2.2-rys-78b,MaziyarPanahi_calme-2.2-rys-78b,model::MaziyarPanahi/calme-2.2-rys-78b,MaziyarPanahi/calme-2.2-rys-78b,MaziyarPanahi,77.965,>=20B,2024-08-08,2024_H2,UNKNOWN_OPEN_WEIGHTS,LICENSE_RECORDED,COMPLETE_SIX_TASK,True,6,NOT_IN_T05_BRIDGE,NOT_APPLICABLE,False,False,OBSERVED_DESCRIPTION
MODEL::MaziyarPanahi_calme-2.3-llama3-70b,MaziyarPanahi_calme-2.3-llama3-70b,model::MaziyarPanahi/calme-2.3-llama3-70b,MaziyarPanahi/calme-2.3-llama3-70b,Llama,70.554,>=20B,2024-08-30,2024_H2,UNKNOWN_OPEN_WEIGHTS,LICENSE_RECORDED,COMPLETE_SIX_TASK,True,6,NOT_IN_T05_BRIDGE,NOT_APPLICABLE,False,False,OBSERVED_DESCRIPTION
MODEL::MaziyarPanahi_calme-2.3-llama3.1-70b,MaziyarPanahi_calme-2.3-llama3.1-70b,model::MaziyarPanahi/calme-2.3-llama3.1-70b,MaziyarPanahi/calme-2.3-llama3.1-70b,Llama,70.554,>=20B,2024-09-18,2024_H2,UNKNOWN_OPEN_WEIGHTS,UNKNOWN_LICENSE,COMPLETE_SIX_TASK,True,6,NOT_IN_T05_BRIDGE,NOT_APPLICABLE,False,False,OBSERVED_DESCRIPTION
MODEL::MaziyarPanahi_calme-2.3-phi3-4b,MaziyarPanahi_calme-2.3-phi3-4b,model::MaziyarPanahi/calme-2.3-phi3-4b,MaziyarPanahi/calme-2.3-phi3-4b,Phi,3.821,>3B to <20B,2024-06-26,2024_H1,UNKNOWN_OPEN_WEIGHTS,LICENSE_RECORDED,COMPLETE_SIX_TASK,True,6,NOT_IN_T05_BRIDGE,NOT_APPLICABLE,False,False,OBSERVED_DESCRIPTION
MODEL::MaziyarPanahi_calme-2.3-qwen2-72b,MaziyarPanahi_calme-2.3-qwen2-72b,model::MaziyarPanahi/calme-2.3-qwen2-72b,MaziyarPanahi/calme-2.3-qwen2-72b,Qwen,72.706,>=20B,2024-09-15,2024_H2,UNKNOWN_OPEN_WEIGHTS,LICENSE_RECORDED,COMPLETE_SIX_TASK,True,6,NOT_IN_T05_BRIDGE,NOT_APPLICABLE,False,False,OBSERVED_DESCRIPTION
MODEL::MaziyarPanahi_calme-2.3-qwen2-7b,MaziyarPanahi_calme-2.3-qwen2-7b,model::MaziyarPanahi/calme-2.3-qwen2-7b,MaziyarPanahi/calme-2.3-qwen2-7b,Qwen,7.616,>3B to <20B,2024-09-18,2024_H2,UNKNOWN_OPEN_WEIGHTS,LICENSE_RECORDED,COMPLETE_SIX_TASK,True,6,NOT_IN_T05_BRIDGE,NOT_APPLICABLE,False,False,OBSERVED_DESCRIPTION
MODEL::MaziyarPanahi_calme-2.3-rys-78b,MaziyarPanahi_calme-2.3-rys-78b,model::MaziyarPanahi/calme-2.3-rys-78b,MaziyarPanahi/calme-2.3-rys-78b,MaziyarPanahi,77.965,>=20B,2024-09-03,2024_H2,UNKNOWN_OPEN_WEIGHTS,LICENSE_RECORDED,COMPLETE_SIX_TASK,True,6,NOT_IN_T05_BRIDGE,NOT_APPLICABLE,False,False,OBSERVED_DESCRIPTION
MODEL::MaziyarPanahi_calme-2.4-llama3-70b,MaziyarPanahi_calme-2.4-llama3-70b,model::MaziyarPanahi/calme-2.4-llama3-70b,MaziyarPanahi/calme-2.4-llama3-70b,Llama,70.554,>=20B,2024-06-26,2024_H1,UNKNOWN_OPEN_WEIGHTS,LICENSE_RECORDED,COMPLETE_SIX_TASK,True,6,NOT_IN_T05_BRIDGE,NOT_APPLICABLE,False,False,OBSERVED_DESCRIPTION
MODEL::MaziyarPanahi_calme-2.4-qwen2-7b,MaziyarPanahi_calme-2.4-qwen2-7b,model::MaziyarPanahi/calme-2.4-qwen2-7b,MaziyarPanahi/calme-2.4-qwen2-7b,Qwen,7.616,>3B to <20B,2024-09-18,2024_H2,UNKNOWN_OPEN_WEIGHTS,LICENSE_RECORDED,COMPLETE_SIX_TASK,True,6,NOT_IN_T05_BRIDGE,NOT_APPLICABLE,False,False,OBSERVED_DESCRIPTION
MODEL::MaziyarPanahi_calme-2.4-rys-78b,MaziyarPanahi_calme-2.4-rys-78b,model::MaziyarPanahi/calme-2.4-rys-78b,MaziyarPanahi/calme-2.4-rys-78b,MaziyarPanahi,77.965,>=20B,2024-09-03,2024_H2,UNKNOWN_OPEN_WEIGHTS,LICENSE_RECORDED,COMPLETE_SIX_TASK,True,6,NOT_IN_T05_BRIDGE,NOT_APPLICABLE,False,False,OBSERVED_DESCRIPTION
MODEL::MaziyarPanahi_calme-2.5-qwen2-7b,MaziyarPanahi_calme-2.5-qwen2-7b,model::MaziyarPanahi/calme-2.5-qwen2-7b,MaziyarPanahi/calme-2.5-qwen2-7b,Qwen,7.616,>3B to <20B,2024-09-29,2024_H2,UNKNOWN_OPEN_WEIGHTS,LICENSE_RECORDED,COMPLETE_SIX_TASK,True,6,NOT_IN_T05_BRIDGE,NOT_APPLICABLE,False,False,OBSERVED_DESCRIPTION
MODEL::MaziyarPanahi_calme-2.6-qwen2-7b,MaziyarPanahi_calme-2.6-qwen2-7b,model::MaziyarPanahi/calme-2.6-qwen2-7b,MaziyarPanahi/calme-2.6-qwen2-7b,Qwen,7.616,>3B to <20B,2024-09-29,2024_H2,UNKNOWN_OPEN_WEIGHTS,LICENSE_RECORDED,COMPLETE_SIX_TASK,True,6,NOT_IN_T05_BRIDGE,NOT_APPLICABLE,False,False,OBSERVED_DESCRIPTION
MODEL::MaziyarPanahi_calme-2.7-qwen2-7b,MaziyarPanahi_calme-2.7-qwen2-7b,model::MaziyarPanahi/calme-2.7-qwen2-7b,MaziyarPanahi/calme-2.7-qwen2-7b,Qwen,7.616,>3B to <20B,2024-09-18,2024_H2,UNKNOWN_OPEN_WEIGHTS,LICENSE_RECORDED,COMPLETE_SIX_TASK,True,6,NOT_IN_T05_BRIDGE,NOT_APPLICABLE,False,False,OBSERVED_DESCRIPTION
MODEL::MaziyarPanahi_calme-3.1-baguette-3b,MaziyarPanahi_calme-3.1-baguette-3b,model::MaziyarPanahi/calme-3.1-baguette-3b,MaziyarPanahi/calme-3.1-baguette-3b,MaziyarPanahi,3.085,>3B to <20B,2024-11-08,2024_H2,UNKNOWN_OPEN_WEIGHTS,LICENSE_RECORDED,COMPLETE_SIX_TASK,True,6,NOT_IN_T05_BRIDGE,NOT_APPLICABLE,False,False,OBSERVED_DESCRIPTION
MODEL::MaziyarPanahi_calme-3.1-instruct-3b,MaziyarPanahi_calme-3.1-instruct-3b,model::MaziyarPanahi/calme-3.1-instruct-3b,MaziyarPanahi/calme-3.1-instruct-3b,MaziyarPanahi,3.085,>3B to <20B,2024-11-08,2024_H2,UNKNOWN_OPEN_WEIGHTS,LICENSE_RECORDED,COMPLETE_SIX_TASK,True,6,NOT_IN_T05_BRIDGE,NOT_APPLICABLE,False,False,OBSERVED_DESCRIPTION
MODEL::MaziyarPanahi_calme-3.1-instruct-78b,MaziyarPanahi_calme-3.1-instruct-78b,model::MaziyarPanahi/calme-3.1-instruct-78b,MaziyarPanahi/calme-3.1-instruct-78b,MaziyarPanahi,77.965,>=20B,2024-11-27,2024_H2,UNKNOWN_OPEN_WEIGHTS,LICENSE_RECORDED,COMPLETE_SIX_TASK,True,6,NOT_IN_T05_BRIDGE,NOT_APPLICABLE,False,False,OBSERVED_DESCRIPTION
MODEL::MaziyarPanahi_calme-3.1-llamaloi-3b,MaziyarPanahi_calme-3.1-llamaloi-3b,model::MaziyarPanahi/calme-3.1-llamaloi-3b,MaziyarPanahi/calme-3.1-llamaloi-3b,Llama,3.213,>3B to <20B,2024-11-08,2024_H2,UNKNOWN_OPEN_WEIGHTS,LICENSE_RECORDED,COMPLETE_SIX_TASK,True,6,NOT_IN_T05_BRIDGE,NOT_APPLICABLE,False,False,OBSERVED_DESCRIPTION
MODEL::MaziyarPanahi_calme-3.2-baguette-3b,MaziyarPanahi_calme-3.2-baguette-3b,model::MaziyarPanahi/calme-3.2-baguette-3b,MaziyarPanahi/calme-3.2-baguette-3b,MaziyarPanahi,3.085,>3B to <20B,2024-11-08,2024_H2,UNKNOWN_OPEN_WEIGHTS,LICENSE_RECORDED,COMPLETE_SIX_TASK,True,6,NOT_IN_T05_BRIDGE,NOT_APPLICABLE,False,False,OBSERVED_DESCRIPTION
MODEL::MaziyarPanahi_calme-3.2-instruct-3b,MaziyarPanahi_calme-3.2-instruct-3b,model::MaziyarPanahi/calme-3.2-instruct-3b,MaziyarPanahi/calme-3.2-instruct-3b,MaziyarPanahi,3.086,>3B to <20B,2024-11-08,2024_H2,UNKNOWN_OPEN_WEIGHTS,LICENSE_RECORDED,COMPLETE_SIX_TASK,True,6,NOT_IN_T05_BRIDGE,NOT_APPLICABLE,False,False,OBSERVED_DESCRIPTION
MODEL::MaziyarPanahi_calme-3.2-instruct-78b,MaziyarPanahi_calme-3.2-instruct-78b,model::MaziyarPanahi/calme-3.2-instruct-78b,MaziyarPanahi/calme-3.2-instruct-78b,MaziyarPanahi,77.965,>=20B,2024-11-28,2024_H2,UNKNOWN_OPEN_WEIGHTS,LICENSE_RECORDED,COMPLETE_SIX_TASK,True,6,NOT_IN_T05_BRIDGE,NOT_APPLICABLE,False,False,OBSERVED_DESCRIPTION
MODEL::MaziyarPanahi_calme-3.3-baguette-3b,MaziyarPanahi_calme-3.3-baguette-3b,model::MaziyarPanahi/calme-3.3-baguette-3b,MaziyarPanahi/calme-3.3-baguette-3b,MaziyarPanahi,3.086,>3B to <20B,2024-11-08,2024_H2,UNKNOWN_OPEN_WEIGHTS,LICENSE_RECORDED,COMPLETE_SIX_TASK,True,6,NOT_IN_T05_BRIDGE,NOT_APPLICABLE,False,False,OBSERVED_DESCRIPTION
MODEL::MaziyarPanahi_calme-3.3-instruct-3b,MaziyarPanahi_calme-3.3-instruct-3b,model::MaziyarPanahi/calme-3.3-instruct-3b,MaziyarPanahi/calme-3.3-instruct-3b,MaziyarPanahi,3.086,>3B to <20B,2024-11-08,2024_H2,UNKNOWN_OPEN_WEIGHTS,LICENSE_RECORDED,COMPLETE_SIX_TASK,True,6,NOT_IN_T05_BRIDGE,NOT_APPLICABLE,False,False,OBSERVED_DESCRIPTION
MODEL::Minami-su_Amara-o1-7B-Qwen,Minami-su_Amara-o1-7B-Qwen,model::Minami-su/Amara-o1-7B-Qwen,Minami-su/Amara-o1-7B-Qwen,Qwen,7.616,>3B to <20B,2025-01-08,2025_Q1,UNKNOWN_OPEN_WEIGHTS,LICENSE_RECORDED,COMPLETE_SIX_TASK,True,6,NOT_IN_T05_BRIDGE,NOT_APPLICABLE,False,False,OBSERVED_DESCRIPTION
MODEL::Minami-su_Amara-o2-7B-Qwen,Minami-su_Amara-o2-7B-Qwen,model::Minami-su/Amara-o2-7B-Qwen,Minami-su/Amara-o2-7B-Qwen,Qwen,7.616,>3B to <20B,2025-01-09,2025_Q1,UNKNOWN_OPEN_WEIGHTS,LICENSE_RECORDED,COMPLETE_SIX_TASK,True,6,NOT_IN_T05_BRIDGE,NOT_APPLICABLE,False,False,OBSERVED_DESCRIPTION
MODEL::Minami-su_test-7B-00,Minami-su_test-7B-00,model::Minami-su/test-7B-00,Minami-su/test-7B-00,Minami-su,7.616,>3B to <20B,2024-12-24,2024_H2,UNKNOWN_OPEN_WEIGHTS,UNKNOWN_LICENSE,COMPLETE_SIX_TASK,True,6,NOT_IN_T05_BRIDGE,NOT_APPLICABLE,False,False,OBSERVED_DESCRIPTION
MODEL::Minami-su_test-7B-01,Minami-su_test-7B-01,model::Minami-su/test-7B-01,Minami-su/test-7B-01,Minami-su,7.616,>3B to <20B,2024-12-24,2024_H2,UNKNOWN_OPEN_WEIGHTS,UNKNOWN_LICENSE,COMPLETE_SIX_TASK,True,6,NOT_IN_T05_BRIDGE,NOT_APPLICABLE,False,False,OBSERVED_DESCRIPTION
MODEL::Minami-su_test-v2-7B-00,Minami-su_test-v2-7B-00,model::Minami-su/test-v2-7B-00,Minami-su/test-v2-7B-00,Minami-su,7.616,>3B to <20B,2024-12-25,2024_H2,UNKNOWN_OPEN_WEIGHTS,UNKNOWN_LICENSE,COMPLETE_SIX_TASK,True,6,NOT_IN_T05_BRIDGE,NOT_APPLICABLE,False,False,OBSERVED_DESCRIPTION
MODEL::ModelCloud_Llama-3.2-1B-Instruct-gptqmodel-4bit-vortex-v1,ModelCloud_Llama-3.2-1B-Instruct-gptqmodel-4bit-vortex-v1,model::ModelCloud/Llama-3.2-1B-Instruct-gptqmodel-4bit-vortex-v1,ModelCloud/Llama-3.2-1B-Instruct-gptqmodel-4bit-vortex-v1,Llama,5.453,>3B to <20B,2025-01-02,2025_Q1,UNKNOWN_OPEN_WEIGHTS,LICENSE_RECORDED,COMPLETE_SIX_TASK,True,6,NOT_IN_T05_BRIDGE,NOT_APPLICABLE,False,False,OBSERVED_DESCRIPTION
MODEL::ModelSpace_GemmaX2-28-9B-v0.1,ModelSpace_GemmaX2-28-9B-v0.1,model::ModelSpace/GemmaX2-28-9B-v0.1,ModelSpace/GemmaX2-28-9B-v0.1,Gemma,10.159,>3B to <20B,2025-02-24,2025_Q1,UNKNOWN_OPEN_WEIGHTS,LICENSE_RECORDED,COMPLETE_SIX_TASK,True,6,NOT_IN_T05_BRIDGE,NOT_APPLICABLE,False,False,OBSERVED_DESCRIPTION
MODEL::NAPS-ai_naps-gemma-2-27b-v0.1.0,NAPS-ai_naps-gemma-2-27b-v0.1.0,model::NAPS-ai/naps-gemma-2-27b-v0.1.0,NAPS-ai/naps-gemma-2-27b-v0.1.0,Gemma,27.227,>=20B,2024-11-11,2024_H2,UNKNOWN_OPEN_WEIGHTS,LICENSE_RECORDED,COMPLETE_SIX_TASK,True,6,NOT_IN_T05_BRIDGE,NOT_APPLICABLE,False,False,OBSERVED_DESCRIPTION
MODEL::NAPS-ai_naps-llama-3_1-instruct-v0.5.0,NAPS-ai_naps-llama-3_1-instruct-v0.5.0,model::NAPS-ai/naps-llama-3_1-instruct-v0.5.0,NAPS-ai/naps-llama-3_1-instruct-v0.5.0,Llama,8.03,>3B to <20B,2024-09-30,2024_H2,UNKNOWN_OPEN_WEIGHTS,LICENSE_RECORDED,COMPLETE_SIX_TASK,True,6,NOT_IN_T05_BRIDGE,NOT_APPLICABLE,False,False,OBSERVED_DESCRIPTION
MODEL::NCSOFT_Llama-VARCO-8B-Instruct,NCSOFT_Llama-VARCO-8B-Instruct,model::NCSOFT/Llama-VARCO-8B-Instruct,NCSOFT/Llama-VARCO-8B-Instruct,Llama,8.03,>3B to <20B,2024-12-21,2024_H2,UNKNOWN_OPEN_WEIGHTS,LICENSE_RECORDED,COMPLETE_SIX_TASK,True,6,NOT_IN_T05_BRIDGE,NOT_APPLICABLE,False,False,OBSERVED_DESCRIPTION
MODEL::Naveenpoliasetty_llama3-8B-V2,Naveenpoliasetty_llama3-8B-V2,model::Naveenpoliasetty/llama3-8B-V2,Naveenpoliasetty/llama3-8B-V2,Llama,8.03,>3B to <20B,2024-06-26,2024_H1,UNKNOWN_OPEN_WEIGHTS,UNKNOWN_LICENSE,COMPLETE_SIX_TASK,True,6,NOT_IN_T05_BRIDGE,NOT_APPLICABLE,False,False,OBSERVED_DESCRIPTION
MODEL::NbAiLab_nb-llama-3.1-8B-Instruct,NbAiLab_nb-llama-3.1-8B-Instruct,model::NbAiLab/nb-llama-3.1-8B-Instruct,NbAiLab/nb-llama-3.1-8B-Instruct,Llama,8.03,>3B to <20B,2024-12-10,2024_H2,UNKNOWN_OPEN_WEIGHTS,UNKNOWN_LICENSE,COMPLETE_SIX_TASK,True,6,NOT_IN_T05_BRIDGE,NOT_APPLICABLE,False,False,OBSERVED_DESCRIPTION
MODEL::Nekochu_Llama-3.1-8B-German-ORPO,Nekochu_Llama-3.1-8B-German-ORPO,model::Nekochu/Llama-3.1-8B-German-ORPO,Nekochu/Llama-3.1-8B-German-ORPO,Llama,8.03,>3B to <20B,2024-09-24,2024_H2,UNKNOWN_OPEN_WEIGHTS,LICENSE_RECORDED,COMPLETE_SIX_TASK,True,6,NOT_IN_T05_BRIDGE,NOT_APPLICABLE,False,False,OBSERVED_DESCRIPTION
MODEL::Nexesenex_Llama_3.1_8b_DeepDive_3_R1_Prev_v1.0,Nexesenex_Llama_3.1_8b_DeepDive_3_R1_Prev_v1.0,model::Nexesenex/Llama_3.1_8b_DeepDive_3_R1_Prev_v1.0,Nexesenex/Llama_3.1_8b_DeepDive_3_R1_Prev_v1.0,Llama,8.03,>3B to <20B,2025-02-27,2025_Q1,UNKNOWN_OPEN_WEIGHTS,LICENSE_RECORDED,COMPLETE_SIX_TASK,True,6,NOT_IN_T05_BRIDGE,NOT_APPLICABLE,False,False,OBSERVED_DESCRIPTION
MODEL::Nexesenex_Llama_3.1_8b_DobHerWild_R1_v1.1R,Nexesenex_Llama_3.1_8b_DobHerWild_R1_v1.1R,model::Nexesenex/Llama_3.1_8b_DobHerWild_R1_v1.1R,Nexesenex/Llama_3.1_8b_DobHerWild_R1_v1.1R,Llama,8.03,>3B to <20B,2025-02-27,2025_Q1,UNKNOWN_OPEN_WEIGHTS,LICENSE_RECORDED,COMPLETE_SIX_TASK,True,6,NOT_IN_T05_BRIDGE,NOT_APPLICABLE,False,False,OBSERVED_DESCRIPTION
MODEL::Nexesenex_Llama_3.1_8b_DoberWild_v2.02,Nexesenex_Llama_3.1_8b_DoberWild_v2.02,model::Nexesenex/Llama_3.1_8b_DoberWild_v2.02,Nexesenex/Llama_3.1_8b_DoberWild_v2.02,Llama,8.03,>3B to <20B,2025-02-28,2025_Q1,UNKNOWN_OPEN_WEIGHTS,LICENSE_RECORDED,COMPLETE_SIX_TASK,True,6,NOT_IN_T05_BRIDGE,NOT_APPLICABLE,False,False,OBSERVED_DESCRIPTION
MODEL::Nexesenex_Llama_3.1_8b_DodoWild_v2.01,Nexesenex_Llama_3.1_8b_DodoWild_v2.01,model::Nexesenex/Llama_3.1_8b_DodoWild_v2.01,Nexesenex/Llama_3.1_8b_DodoWild_v2.01,Llama,8.031,>3B to <20B,2025-02-27,2025_Q1,UNKNOWN_OPEN_WEIGHTS,LICENSE_RECORDED,COMPLETE_SIX_TASK,True,6,NOT_IN_T05_BRIDGE,NOT_APPLICABLE,False,False,OBSERVED_DESCRIPTION
MODEL::Nexesenex_Llama_3.1_8b_DodoWild_v2.02,Nexesenex_Llama_3.1_8b_DodoWild_v2.02,model::Nexesenex/Llama_3.1_8b_DodoWild_v2.02,Nexesenex/Llama_3.1_8b_DodoWild_v2.02,Llama,8.03,>3B to <20B,2025-02-28,2025_Q1,UNKNOWN_OPEN_WEIGHTS,LICENSE_RECORDED,COMPLETE_SIX_TASK,True,6,NOT_IN_T05_BRIDGE,NOT_APPLICABLE,False,False,OBSERVED_DESCRIPTION
MODEL::Nexesenex_Llama_3.1_8b_DodoWild_v2.03,Nexesenex_Llama_3.1_8b_DodoWild_v2.03,model::Nexesenex/Llama_3.1_8b_DodoWild_v2.03,Nexesenex/Llama_3.1_8b_DodoWild_v2.03,Llama,8.03,>3B to <20B,2025-02-28,2025_Q1,UNKNOWN_OPEN_WEIGHTS,LICENSE_RECORDED,COMPLETE_SIX_TASK,True,6,NOT_IN_T05_BRIDGE,NOT_APPLICABLE,False,False,OBSERVED_DESCRIPTION
MODEL::Nexesenex_Llama_3.1_8b_Dolermed_R1_V1.01,Nexesenex_Llama_3.1_8b_Dolermed_R1_V1.01,model::Nexesenex/Llama_3.1_8b_Dolermed_R1_V1.01,Nexesenex/Llama_3.1_8b_Dolermed_R1_V1.01,Llama,8.03,>3B to <20B,2025-02-28,2025_Q1,UNKNOWN_OPEN_WEIGHTS,LICENSE_RECORDED,COMPLETE_SIX_TASK,True,6,NOT_IN_T05_BRIDGE,NOT_APPLICABLE,False,False,OBSERVED_DESCRIPTION
MODEL::Nexesenex_Llama_3.1_8b_Dolermed_V1.01,Nexesenex_Llama_3.1_8b_Dolermed_V1.01,model::Nexesenex/Llama_3.1_8b_Dolermed_V1.01,Nexesenex/Llama_3.1_8b_Dolermed_V1.01,Llama,8.031,>3B to <20B,2025-02-28,2025_Q1,UNKNOWN_OPEN_WEIGHTS,LICENSE_RECORDED,COMPLETE_SIX_TASK,True,6,NOT_IN_T05_BRIDGE,NOT_APPLICABLE,False,False,OBSERVED_DESCRIPTION
MODEL::Nexesenex_Llama_3.1_8b_Dolerstormed_V1.04,Nexesenex_Llama_3.1_8b_Dolerstormed_V1.04,model::Nexesenex/Llama_3.1_8b_Dolerstormed_V1.04,Nexesenex/Llama_3.1_8b_Dolerstormed_V1.04,Llama,8.03,>3B to <20B,2025-03-01,2025_Q1,UNKNOWN_OPEN_WEIGHTS,LICENSE_RECORDED,COMPLETE_SIX_TASK,True,6,NOT_IN_T05_BRIDGE,NOT_APPLICABLE,False,False,OBSERVED_DESCRIPTION
MODEL::Nexesenex_Llama_3.1_8b_Hermedive_R1_V1.01,Nexesenex_Llama_3.1_8b_Hermedive_R1_V1.01,model::Nexesenex/Llama_3.1_8b_Hermedive_R1_V1.01,Nexesenex/Llama_3.1_8b_Hermedive_R1_V1.01,Llama,8.03,>3B to <20B,2025-02-28,2025_Q1,UNKNOWN_OPEN_WEIGHTS,LICENSE_RECORDED,COMPLETE_SIX_TASK,True,6,NOT_IN_T05_BRIDGE,NOT_APPLICABLE,False,False,OBSERVED_DESCRIPTION
MODEL::Nexesenex_Llama_3.1_8b_Mediver_V1.01,Nexesenex_Llama_3.1_8b_Mediver_V1.01,model::Nexesenex/Llama_3.1_8b_Mediver_V1.01,Nexesenex/Llama_3.1_8b_Mediver_V1.01,Llama,8.031,>3B to <20B,2025-02-27,2025_Q1,UNKNOWN_OPEN_WEIGHTS,LICENSE_RECORDED,COMPLETE_SIX_TASK,True,6,NOT_IN_T05_BRIDGE,NOT_APPLICABLE,False,False,OBSERVED_DESCRIPTION
MODEL::Nexesenex_Llama_3.1_8b_Smarteaz_0.2_R1,Nexesenex_Llama_3.1_8b_Smarteaz_0.2_R1,model::Nexesenex/Llama_3.1_8b_Smarteaz_0.2_R1,Nexesenex/Llama_3.1_8b_Smarteaz_0.2_R1,Llama,8.03,>3B to <20B,2025-02-27,2025_Q1,UNKNOWN_OPEN_WEIGHTS,LICENSE_RECORDED,COMPLETE_SIX_TASK,True,6,NOT_IN_T05_BRIDGE,NOT_APPLICABLE,False,False,OBSERVED_DESCRIPTION
MODEL::Nexesenex_Llama_3.1_8b_Smarteaz_V1.01,Nexesenex_Llama_3.1_8b_Smarteaz_V1.01,model::Nexesenex/Llama_3.1_8b_Smarteaz_V1.01,Nexesenex/Llama_3.1_8b_Smarteaz_V1.01,Llama,8.03,>3B to <20B,2025-02-27,2025_Q1,UNKNOWN_OPEN_WEIGHTS,LICENSE_RECORDED,COMPLETE_SIX_TASK,True,6,NOT_IN_T05_BRIDGE,NOT_APPLICABLE,False,False,OBSERVED_DESCRIPTION
MODEL::Nexesenex_Llama_3.2_1b_AquaSyn_0.1,Nexesenex_Llama_3.2_1b_AquaSyn_0.1,model::Nexesenex/Llama_3.2_1b_AquaSyn_0.1,Nexesenex/Llama_3.2_1b_AquaSyn_0.1,Llama,1.498,<=3B,2025-02-22,2025_Q1,UNKNOWN_OPEN_WEIGHTS,LICENSE_RECORDED,COMPLETE_SIX_TASK,True,6,NOT_IN_T05_BRIDGE,NOT_APPLICABLE,False,False,OBSERVED_DESCRIPTION
MODEL::Nexesenex_Llama_3.2_1b_Odyssea_V1,Nexesenex_Llama_3.2_1b_Odyssea_V1,model::Nexesenex/Llama_3.2_1b_Odyssea_V1,Nexesenex/Llama_3.2_1b_Odyssea_V1,Llama,1.498,<=3B,2025-02-22,2025_Q1,UNKNOWN_OPEN_WEIGHTS,LICENSE_RECORDED,COMPLETE_SIX_TASK,True,6,NOT_IN_T05_BRIDGE,NOT_APPLICABLE,False,False,OBSERVED_DESCRIPTION
MODEL::Nexesenex_Llama_3.2_1b_Odyssea_V1.01,Nexesenex_Llama_3.2_1b_Odyssea_V1.01,model::Nexesenex/Llama_3.2_1b_Odyssea_V1.01,Nexesenex/Llama_3.2_1b_Odyssea_V1.01,Llama,1.498,<=3B,2025-02-26,2025_Q1,UNKNOWN_OPEN_WEIGHTS,UNKNOWN_LICENSE,COMPLETE_SIX_TASK,True,6,NOT_IN_T05_BRIDGE,NOT_APPLICABLE,False,False,OBSERVED_DESCRIPTION
MODEL::Nexesenex_Llama_3.2_1b_SunOrca_V1,Nexesenex_Llama_3.2_1b_SunOrca_V1,model::Nexesenex/Llama_3.2_1b_SunOrca_V1,Nexesenex/Llama_3.2_1b_SunOrca_V1,Llama,1.498,<=3B,2025-03-06,2025_Q1,UNKNOWN_OPEN_WEIGHTS,LICENSE_RECORDED,COMPLETE_SIX_TASK,True,6,NOT_IN_T05_BRIDGE,NOT_APPLICABLE,False,False,OBSERVED_DESCRIPTION
MODEL::Nexesenex_Llama_3.2_1b_Sydonia_0.1,Nexesenex_Llama_3.2_1b_Sydonia_0.1,model::Nexesenex/Llama_3.2_1b_Sydonia_0.1,Nexesenex/Llama_3.2_1b_Sydonia_0.1,Llama,1.498,<=3B,2025-02-22,2025_Q1,UNKNOWN_OPEN_WEIGHTS,LICENSE_RECORDED,COMPLETE_SIX_TASK,True,6,NOT_IN_T05_BRIDGE,NOT_APPLICABLE,False,False,OBSERVED_DESCRIPTION
MODEL::Nexesenex_Llama_3.2_3b_Kermes_v2,Nexesenex_Llama_3.2_3b_Kermes_v2,model::Nexesenex/Llama_3.2_3b_Kermes_v2,Nexesenex/Llama_3.2_3b_Kermes_v2,Llama,3.213,>3B to <20B,2025-02-12,2025_Q1,UNKNOWN_OPEN_WEIGHTS,LICENSE_RECORDED,COMPLETE_SIX_TASK,True,6,NOT_IN_T05_BRIDGE,NOT_APPLICABLE,False,False,OBSERVED_DESCRIPTION
MODEL::NikolaSigmoid_AceMath-1.5B-Instruct-dolphin-r1-200,NikolaSigmoid_AceMath-1.5B-Instruct-dolphin-r1-200,model::NikolaSigmoid/AceMath-1.5B-Instruct-dolphin-r1-200,NikolaSigmoid/AceMath-1.5B-Instruct-dolphin-r1-200,Phi,0.928,<=3B,2025-03-06,2025_Q1,UNKNOWN_OPEN_WEIGHTS,LICENSE_RECORDED,COMPLETE_SIX_TASK,True,6,NOT_IN_T05_BRIDGE,NOT_APPLICABLE,False,False,OBSERVED_DESCRIPTION
MODEL::NikolaSigmoid_DeepSeek-R1-Distill-Qwen-1.5B-500,NikolaSigmoid_DeepSeek-R1-Distill-Qwen-1.5B-500,model::NikolaSigmoid/DeepSeek-R1-Distill-Qwen-1.5B-500,NikolaSigmoid/DeepSeek-R1-Distill-Qwen-1.5B-500,Qwen,1.157,<=3B,2025-03-04,2025_Q1,Yes,LICENSE_RECORDED,COMPLETE_SIX_TASK,True,6,NOT_IN_T05_BRIDGE,NOT_APPLICABLE,False,False,OBSERVED_DESCRIPTION
MODEL::NikolaSigmoid_phi-4-14b,NikolaSigmoid_phi-4-14b,model::NikolaSigmoid/phi-4-14b,NikolaSigmoid/phi-4-14b,Phi,14.704,>3B to <20B,2025-02-28,2025_Q1,Yes,LICENSE_RECORDED,COMPLETE_SIX_TASK,True,6,NOT_IN_T05_BRIDGE,NOT_APPLICABLE,False,False,OBSERVED_DESCRIPTION
MODEL::NotASI_FineTome-Llama3.2-3B-1002,NotASI_FineTome-Llama3.2-3B-1002,model::NotASI/FineTome-Llama3.2-3B-1002,NotASI/FineTome-Llama3.2-3B-1002,Llama,3.0,<=3B,2024-10-05,2024_H2,UNKNOWN_OPEN_WEIGHTS,LICENSE_RECORDED,COMPLETE_SIX_TASK,True,6,NOT_IN_T05_BRIDGE,NOT_APPLICABLE,False,False,OBSERVED_DESCRIPTION
MODEL::NotASI_FineTome-v1.5-Llama3.2-1B-1007,NotASI_FineTome-v1.5-Llama3.2-1B-1007,model::NotASI/FineTome-v1.5-Llama3.2-1B-1007,NotASI/FineTome-v1.5-Llama3.2-1B-1007,Llama,1.236,<=3B,2024-10-07,2024_H2,UNKNOWN_OPEN_WEIGHTS,LICENSE_RECORDED,COMPLETE_SIX_TASK,True,6,NOT_IN_T05_BRIDGE,NOT_APPLICABLE,False,False,OBSERVED_DESCRIPTION
MODEL::NotASI_FineTome-v1.5-Llama3.2-3B-1007,NotASI_FineTome-v1.5-Llama3.2-3B-1007,model::NotASI/FineTome-v1.5-Llama3.2-3B-1007,NotASI/FineTome-v1.5-Llama3.2-3B-1007,Llama,3.213,>3B to <20B,2024-10-07,2024_H2,UNKNOWN_OPEN_WEIGHTS,LICENSE_RECORDED,COMPLETE_SIX_TASK,True,6,NOT_IN_T05_BRIDGE,NOT_APPLICABLE,False,False,OBSERVED_DESCRIPTION
MODEL::NousResearch_DeepHermes-3-Mistral-24B-Preview,NousResearch_DeepHermes-3-Mistral-24B-Preview,model::NousResearch/DeepHermes-3-Mistral-24B-Preview,NousResearch/DeepHermes-3-Mistral-24B-Preview,Mistral,23.572,>=20B,2025-03-13,2025_Q1,UNKNOWN_OPEN_WEIGHTS,LICENSE_RECORDED,COMPLETE_SIX_TASK,True,6,NOT_IN_T05_BRIDGE,NOT_APPLICABLE,False,False,OBSERVED_DESCRIPTION
MODEL::NousResearch_Hermes-2-Pro-Llama-3-8B,NousResearch_Hermes-2-Pro-Llama-3-8B,model::NousResearch/Hermes-2-Pro-Llama-3-8B,NousResearch/Hermes-2-Pro-Llama-3-8B,Llama,8.031,>3B to <20B,2024-06-13,2024_H1,UNKNOWN_OPEN_WEIGHTS,LICENSE_RECORDED,COMPLETE_SIX_TASK,True,6,NOT_IN_T05_BRIDGE,NOT_APPLICABLE,False,False,OBSERVED_DESCRIPTION
MODEL::NousResearch_Hermes-2-Pro-Mistral-7B,NousResearch_Hermes-2-Pro-Mistral-7B,model::NousResearch/Hermes-2-Pro-Mistral-7B,NousResearch/Hermes-2-Pro-Mistral-7B,Mistral,7.242,>3B to <20B,2024-06-12,2024_H1,UNKNOWN_OPEN_WEIGHTS,LICENSE_RECORDED,COMPLETE_SIX_TASK,True,6,NOT_IN_T05_BRIDGE,NOT_APPLICABLE,False,False,OBSERVED_DESCRIPTION
MODEL::NousResearch_Hermes-3-Llama-3.1-70B,NousResearch_Hermes-3-Llama-3.1-70B,model::NousResearch/Hermes-3-Llama-3.1-70B,NousResearch/Hermes-3-Llama-3.1-70B,Llama,70.554,>=20B,2024-08-28,2024_H2,UNKNOWN_OPEN_WEIGHTS,LICENSE_RECORDED,COMPLETE_SIX_TASK,True,6,NOT_IN_T05_BRIDGE,NOT_APPLICABLE,False,False,OBSERVED_DESCRIPTION
MODEL::NousResearch_Nous-Hermes-2-Mistral-7B-DPO,NousResearch_Nous-Hermes-2-Mistral-7B-DPO,model::NousResearch/Nous-Hermes-2-Mistral-7B-DPO,NousResearch/Nous-Hermes-2-Mistral-7B-DPO,Mistral,7.242,>3B to <20B,2024-06-12,2024_H1,UNKNOWN_OPEN_WEIGHTS,LICENSE_RECORDED,COMPLETE_SIX_TASK,True,6,NOT_IN_T05_BRIDGE,NOT_APPLICABLE,False,False,OBSERVED_DESCRIPTION
MODEL::NousResearch_Yarn-Llama-2-13b-128k,NousResearch_Yarn-Llama-2-13b-128k,model::NousResearch/Yarn-Llama-2-13b-128k,NousResearch/Yarn-Llama-2-13b-128k,Llama,13.0,>3B to <20B,2024-06-13,2024_H1,UNKNOWN_OPEN_WEIGHTS,UNKNOWN_LICENSE,COMPLETE_SIX_TASK,True,6,NOT_IN_T05_BRIDGE,NOT_APPLICABLE,False,False,OBSERVED_DESCRIPTION
MODEL::Open-Orca_Mistral-7B-OpenOrca,Open-Orca_Mistral-7B-OpenOrca,model::Open-Orca/Mistral-7B-OpenOrca,Open-Orca/Mistral-7B-OpenOrca,Mistral,7.0,>3B to <20B,2024-06-12,2024_H1,UNKNOWN_OPEN_WEIGHTS,LICENSE_RECORDED,COMPLETE_SIX_TASK,True,6,NOT_IN_T05_BRIDGE,NOT_APPLICABLE,False,False,OBSERVED_DESCRIPTION
MODEL::OpenBuddy_openbuddy-llama3-70b-v21.2-32k,OpenBuddy_openbuddy-llama3-70b-v21.2-32k,model::OpenBuddy/openbuddy-llama3-70b-v21.2-32k,OpenBuddy/openbuddy-llama3-70b-v21.2-32k,Llama,70.554,>=20B,2024-09-05,2024_H2,UNKNOWN_OPEN_WEIGHTS,LICENSE_RECORDED,COMPLETE_SIX_TASK,True,6,NOT_IN_T05_BRIDGE,NOT_APPLICABLE,False,False,OBSERVED_DESCRIPTION
MODEL::OpenBuddy_openbuddy-llama3-8b-v21.1-8k,OpenBuddy_openbuddy-llama3-8b-v21.1-8k,model::OpenBuddy/openbuddy-llama3-8b-v21.1-8k,OpenBuddy/openbuddy-llama3-8b-v21.1-8k,Llama,8.03,>3B to <20B,2024-08-03,2024_H2,UNKNOWN_OPEN_WEIGHTS,LICENSE_RECORDED,COMPLETE_SIX_TASK,True,6,NOT_IN_T05_BRIDGE,NOT_APPLICABLE,False,False,OBSERVED_DESCRIPTION
MODEL::OpenBuddy_openbuddy-llama3.1-70b-v22.1-131k,OpenBuddy_openbuddy-llama3.1-70b-v22.1-131k,model::OpenBuddy/openbuddy-llama3.1-70b-v22.1-131k,OpenBuddy/openbuddy-llama3.1-70b-v22.1-131k,Llama,70.554,>=20B,2024-08-24,2024_H2,UNKNOWN_OPEN_WEIGHTS,LICENSE_RECORDED,COMPLETE_SIX_TASK,True,6,NOT_IN_T05_BRIDGE,NOT_APPLICABLE,False,False,OBSERVED_DESCRIPTION
MODEL::OpenBuddy_openbuddy-llama3.1-8b-v22.3-131k,OpenBuddy_openbuddy-llama3.1-8b-v22.3-131k,model::OpenBuddy/openbuddy-llama3.1-8b-v22.3-131k,OpenBuddy/openbuddy-llama3.1-8b-v22.3-131k,Llama,8.03,>3B to <20B,2024-08-24,2024_H2,UNKNOWN_OPEN_WEIGHTS,LICENSE_RECORDED,COMPLETE_SIX_TASK,True,6,NOT_IN_T05_BRIDGE,NOT_APPLICABLE,False,False,OBSERVED_DESCRIPTION
MODEL::OpenBuddy_openbuddy-yi1.5-34b-v21.3-32k,OpenBuddy_openbuddy-yi1.5-34b-v21.3-32k,model::OpenBuddy/openbuddy-yi1.5-34b-v21.3-32k,OpenBuddy/openbuddy-yi1.5-34b-v21.3-32k,Yi,34.407,>=20B,2024-08-30,2024_H2,UNKNOWN_OPEN_WEIGHTS,LICENSE_RECORDED,COMPLETE_SIX_TASK,True,6,NOT_IN_T05_BRIDGE,NOT_APPLICABLE,False,False,OBSERVED_DESCRIPTION
MODEL::OpenLeecher_llama3-8b-lima,OpenLeecher_llama3-8b-lima,model::OpenLeecher/llama3-8b-lima,OpenLeecher/llama3-8b-lima,Llama,8.03,>3B to <20B,2024-10-01,2024_H2,UNKNOWN_OPEN_WEIGHTS,UNKNOWN_LICENSE,COMPLETE_SIX_TASK,True,6,NOT_IN_T05_BRIDGE,NOT_APPLICABLE,False,False,OBSERVED_DESCRIPTION
MODEL::OpenScholar_Llama-3.1_OpenScholar-8B,OpenScholar_Llama-3.1_OpenScholar-8B,model::OpenScholar/Llama-3.1_OpenScholar-8B,OpenScholar/Llama-3.1_OpenScholar-8B,Llama,8.0,>3B to <20B,2024-12-03,2024_H2,UNKNOWN_OPEN_WEIGHTS,LICENSE_RECORDED,COMPLETE_SIX_TASK,True,6,NOT_IN_T05_BRIDGE,NOT_APPLICABLE,False,False,OBSERVED_DESCRIPTION
MODEL::Orenguteng_Llama-3.1-8B-Lexi-Uncensored-V2,Orenguteng_Llama-3.1-8B-Lexi-Uncensored-V2,model::Orenguteng/Llama-3.1-8B-Lexi-Uncensored-V2,Orenguteng/Llama-3.1-8B-Lexi-Uncensored-V2,Llama,8.03,>3B to <20B,2024-08-28,2024_H2,UNKNOWN_OPEN_WEIGHTS,LICENSE_RECORDED,COMPLETE_SIX_TASK,True,6,NOT_IN_T05_BRIDGE,NOT_APPLICABLE,False,False,OBSERVED_DESCRIPTION
MODEL::Orion-zhen_phi-4-abliterated,Orion-zhen_phi-4-abliterated,model::Orion-zhen/phi-4-abliterated,Orion-zhen/phi-4-abliterated,Phi,14.66,>3B to <20B,2024-12-20,2024_H2,Yes,LICENSE_RECORDED,COMPLETE_SIX_TASK,True,6,NOT_IN_T05_BRIDGE,NOT_APPLICABLE,False,False,OBSERVED_DESCRIPTION
MODEL::PJMixers-Dev_LLaMa-3.1-Instruct-Interleaved-Zeroed-13B,PJMixers-Dev_LLaMa-3.1-Instruct-Interleaved-Zeroed-13B,model::PJMixers-Dev/LLaMa-3.1-Instruct-Interleaved-Zeroed-13B,PJMixers-Dev/LLaMa-3.1-Instruct-Interleaved-Zeroed-13B,Llama,13.047,>3B to <20B,2024-12-18,2024_H2,UNKNOWN_OPEN_WEIGHTS,LICENSE_RECORDED,COMPLETE_SIX_TASK,True,6,NOT_IN_T05_BRIDGE,NOT_APPLICABLE,False,False,OBSERVED_DESCRIPTION
MODEL::PJMixers-Dev_LLaMa-3.1-RomboTiesTest-8B,PJMixers-Dev_LLaMa-3.1-RomboTiesTest-8B,model::PJMixers-Dev/LLaMa-3.1-RomboTiesTest-8B,PJMixers-Dev/LLaMa-3.1-RomboTiesTest-8B,Llama,4.015,>3B to <20B,2024-12-20,2024_H2,UNKNOWN_OPEN_WEIGHTS,UNKNOWN_LICENSE,COMPLETE_SIX_TASK,True,6,NOT_IN_T05_BRIDGE,NOT_APPLICABLE,False,False,OBSERVED_DESCRIPTION
MODEL::PJMixers-Dev_LLaMa-3.1-RomboTiesTest2-8B,PJMixers-Dev_LLaMa-3.1-RomboTiesTest2-8B,model::PJMixers-Dev/LLaMa-3.1-RomboTiesTest2-8B,PJMixers-Dev/LLaMa-3.1-RomboTiesTest2-8B,Llama,4.015,>3B to <20B,2024-12-21,2024_H2,UNKNOWN_OPEN_WEIGHTS,UNKNOWN_LICENSE,COMPLETE_SIX_TASK,True,6,NOT_IN_T05_BRIDGE,NOT_APPLICABLE,False,False,OBSERVED_DESCRIPTION
MODEL::PJMixers-Dev_LLaMa-3.2-Instruct-JankMix-v0.2-SFT-3B,PJMixers-Dev_LLaMa-3.2-Instruct-JankMix-v0.2-SFT-3B,model::PJMixers-Dev/LLaMa-3.2-Instruct-JankMix-v0.2-SFT-3B,PJMixers-Dev/LLaMa-3.2-Instruct-JankMix-v0.2-SFT-3B,Llama,3.213,>3B to <20B,2024-10-14,2024_H2,UNKNOWN_OPEN_WEIGHTS,LICENSE_RECORDED,COMPLETE_SIX_TASK,True,6,NOT_IN_T05_BRIDGE,NOT_APPLICABLE,False,False,OBSERVED_DESCRIPTION
MODEL::PJMixers-Dev_LLaMa-3.2-Instruct-JankMixBread-v0.1-3B,PJMixers-Dev_LLaMa-3.2-Instruct-JankMixBread-v0.1-3B,model::PJMixers-Dev/LLaMa-3.2-Instruct-JankMixBread-v0.1-3B,PJMixers-Dev/LLaMa-3.2-Instruct-JankMixBread-v0.1-3B,Llama,3.213,>3B to <20B,2024-10-12,2024_H2,UNKNOWN_OPEN_WEIGHTS,LICENSE_RECORDED,COMPLETE_SIX_TASK,True,6,NOT_IN_T05_BRIDGE,NOT_APPLICABLE,False,False,OBSERVED_DESCRIPTION
MODEL::PJMixers_LLaMa-3-CursedStock-v2.0-8B,PJMixers_LLaMa-3-CursedStock-v2.0-8B,model::PJMixers/LLaMa-3-CursedStock-v2.0-8B,PJMixers/LLaMa-3-CursedStock-v2.0-8B,Llama,8.03,>3B to <20B,2024-06-27,2024_H1,UNKNOWN_OPEN_WEIGHTS,LICENSE_RECORDED,COMPLETE_SIX_TASK,True,6,NOT_IN_T05_BRIDGE,NOT_APPLICABLE,False,False,OBSERVED_DESCRIPTION
MODEL::Quazim0t0_Lo-Phi-14b,Quazim0t0_Lo-Phi-14b,model::Quazim0t0/Lo-Phi-14b,Quazim0t0/Lo-Phi-14b,Phi,14.66,>3B to <20B,2025-03-09,2025_Q1,UNKNOWN_OPEN_WEIGHTS,UNKNOWN_LICENSE,COMPLETE_SIX_TASK,True,6,NOT_IN_T05_BRIDGE,NOT_APPLICABLE,False,False,OBSERVED_DESCRIPTION
MODEL::Quazim0t0_Phi4.Turn.R1Distill.16bit,Quazim0t0_Phi4.Turn.R1Distill.16bit,model::Quazim0t0/Phi4.Turn.R1Distill.16bit,Quazim0t0/Phi4.Turn.R1Distill.16bit,Phi,14.66,>3B to <20B,2025-01-30,2025_Q1,UNKNOWN_OPEN_WEIGHTS,LICENSE_RECORDED,COMPLETE_SIX_TASK,True,6,NOT_IN_T05_BRIDGE,NOT_APPLICABLE,False,False,OBSERVED_DESCRIPTION
MODEL::Quazim0t0_Phi4Basis-14B-sce,Quazim0t0_Phi4Basis-14B-sce,model::Quazim0t0/Phi4Basis-14B-sce,Quazim0t0/Phi4Basis-14B-sce,Phi,14.66,>3B to <20B,2025-02-03,2025_Q1,UNKNOWN_OPEN_WEIGHTS,UNKNOWN_LICENSE,COMPLETE_SIX_TASK,True,6,NOT_IN_T05_BRIDGE,NOT_APPLICABLE,False,False,OBSERVED_DESCRIPTION
MODEL::Quazim0t0_graphite-14b-sce,Quazim0t0_graphite-14b-sce,model::Quazim0t0/graphite-14b-sce,Quazim0t0/graphite-14b-sce,Phi,14.66,>3B to <20B,2025-02-05,2025_Q1,UNKNOWN_OPEN_WEIGHTS,UNKNOWN_LICENSE,COMPLETE_SIX_TASK,True,6,NOT_IN_T05_BRIDGE,NOT_APPLICABLE,False,False,OBSERVED_DESCRIPTION
MODEL::Qwen_QwQ-32B-Preview,Qwen_QwQ-32B-Preview,model::Qwen/QwQ-32B-Preview,Qwen/QwQ-32B-Preview,Qwen,32.764,>=20B,2024-11-29,2024_H2,Yes,LICENSE_RECORDED,COMPLETE_SIX_TASK,True,6,NOT_IN_T05_BRIDGE,NOT_APPLICABLE,False,False,OBSERVED_DESCRIPTION
MODEL::Qwen_Qwen1.5-0.5B,Qwen_Qwen1.5-0.5B,model::Qwen/Qwen1.5-0.5B,Qwen/Qwen1.5-0.5B,Qwen,0.62,<=3B,2024-06-13,2024_H1,UNKNOWN_OPEN_WEIGHTS,LICENSE_RECORDED,COMPLETE_SIX_TASK,True,6,NOT_IN_T05_BRIDGE,NOT_APPLICABLE,False,False,OBSERVED_DESCRIPTION
MODEL::Qwen_Qwen1.5-1.8B,Qwen_Qwen1.5-1.8B,model::Qwen/Qwen1.5-1.8B,Qwen/Qwen1.5-1.8B,Qwen,1.837,<=3B,2024-06-13,2024_H1,UNKNOWN_OPEN_WEIGHTS,LICENSE_RECORDED,COMPLETE_SIX_TASK,True,6,NOT_IN_T05_BRIDGE,NOT_APPLICABLE,False,False,OBSERVED_DESCRIPTION
MODEL::Qwen_Qwen1.5-110B,Qwen_Qwen1.5-110B,model::Qwen/Qwen1.5-110B,Qwen/Qwen1.5-110B,Qwen,111.21,>=20B,2024-06-13,2024_H1,Yes,LICENSE_RECORDED,COMPLETE_SIX_TASK,True,6,NOT_IN_T05_BRIDGE,NOT_APPLICABLE,False,False,OBSERVED_DESCRIPTION
MODEL::Qwen_Qwen1.5-14B-Chat,Qwen_Qwen1.5-14B-Chat,model::Qwen/Qwen1.5-14B-Chat,Qwen/Qwen1.5-14B-Chat,Qwen,14.167,>3B to <20B,2024-06-12,2024_H1,Yes,LICENSE_RECORDED,COMPLETE_SIX_TASK,True,6,NOT_IN_T05_BRIDGE,NOT_APPLICABLE,False,False,OBSERVED_DESCRIPTION
MODEL::Qwen_Qwen1.5-32B,Qwen_Qwen1.5-32B,model::Qwen/Qwen1.5-32B,Qwen/Qwen1.5-32B,Qwen,32.512,>=20B,2024-06-13,2024_H1,Yes,LICENSE_RECORDED,COMPLETE_SIX_TASK,True,6,NOT_IN_T05_BRIDGE,NOT_APPLICABLE,False,False,OBSERVED_DESCRIPTION
MODEL::Qwen_Qwen1.5-32B-Chat,Qwen_Qwen1.5-32B-Chat,model::Qwen/Qwen1.5-32B-Chat,Qwen/Qwen1.5-32B-Chat,Qwen,32.512,>=20B,2024-06-12,2024_H1,Yes,LICENSE_RECORDED,COMPLETE_SIX_TASK,True,6,NOT_IN_T05_BRIDGE,NOT_APPLICABLE,False,False,OBSERVED_DESCRIPTION
MODEL::Qwen_Qwen1.5-4B-Chat,Qwen_Qwen1.5-4B-Chat,model::Qwen/Qwen1.5-4B-Chat,Qwen/Qwen1.5-4B-Chat,Qwen,3.95,>3B to <20B,2024-06-12,2024_H1,UNKNOWN_OPEN_WEIGHTS,LICENSE_RECORDED,COMPLETE_SIX_TASK,True,6,NOT_IN_T05_BRIDGE,NOT_APPLICABLE,False,False,OBSERVED_DESCRIPTION
MODEL::Qwen_Qwen1.5-MoE-A2.7B,Qwen_Qwen1.5-MoE-A2.7B,model::Qwen/Qwen1.5-MoE-A2.7B,Qwen/Qwen1.5-MoE-A2.7B,Qwen,14.316,>3B to <20B,2024-06-13,2024_H1,UNKNOWN_OPEN_WEIGHTS,LICENSE_RECORDED,COMPLETE_SIX_TASK,True,6,NOT_IN_T05_BRIDGE,NOT_APPLICABLE,False,False,OBSERVED_DESCRIPTION
MODEL::Qwen_Qwen2-0.5B-Instruct,Qwen_Qwen2-0.5B-Instruct,model::Qwen/Qwen2-0.5B-Instruct,Qwen/Qwen2-0.5B-Instruct,Qwen,0.494,<=3B,2024-06-12,2024_H1,Yes,LICENSE_RECORDED,COMPLETE_SIX_TASK,True,6,CONDITIONAL_SOURCE_TRANSFER,CONDITIONAL_ASSOCIATION_ONLY,False,False,OBSERVED_DESCRIPTION
MODEL::Qwen_Qwen2-1.5B-Instruct,Qwen_Qwen2-1.5B-Instruct,model::Qwen/Qwen2-1.5B-Instruct,Qwen/Qwen2-1.5B-Instruct,Qwen,1.544,<=3B,2024-06-12,2024_H1,Yes,LICENSE_RECORDED,COMPLETE_SIX_TASK,True,6,CONDITIONAL_SOURCE_TRANSFER,CONDITIONAL_ASSOCIATION_ONLY,False,False,OBSERVED_DESCRIPTION
MODEL::Qwen_Qwen2-57B-A14B,Qwen_Qwen2-57B-A14B,model::Qwen/Qwen2-57B-A14B,Qwen/Qwen2-57B-A14B,Qwen,57.409,>=20B,2024-06-13,2024_H1,Yes,LICENSE_RECORDED,COMPLETE_SIX_TASK,True,6,CONDITIONAL_SOURCE_TRANSFER,CONDITIONAL_ASSOCIATION_ONLY,False,False,OBSERVED_DESCRIPTION
MODEL::Qwen_Qwen2-7B,Qwen_Qwen2-7B,model::Qwen/Qwen2-7B,Qwen/Qwen2-7B,Qwen,7.616,>3B to <20B,2024-06-09,2024_H1,Yes,LICENSE_RECORDED,COMPLETE_SIX_TASK,True,6,CONDITIONAL_SOURCE_TRANSFER,CONDITIONAL_ASSOCIATION_ONLY,False,False,OBSERVED_DESCRIPTION
MODEL::Qwen_Qwen2-7B-Instruct,Qwen_Qwen2-7B-Instruct,model::Qwen/Qwen2-7B-Instruct,Qwen/Qwen2-7B-Instruct,Qwen,7.616,>3B to <20B,2024-06-12,2024_H1,Yes,LICENSE_RECORDED,COMPLETE_SIX_TASK,True,6,CONDITIONAL_SOURCE_TRANSFER,CONDITIONAL_ASSOCIATION_ONLY,False,False,OBSERVED_DESCRIPTION
MODEL::Qwen_Qwen2-Math-72B-Instruct,Qwen_Qwen2-Math-72B-Instruct,model::Qwen/Qwen2-Math-72B-Instruct,Qwen/Qwen2-Math-72B-Instruct,Qwen,72.706,>=20B,2024-08-19,2024_H2,Yes,LICENSE_RECORDED,COMPLETE_SIX_TASK,True,6,NOT_IN_T05_BRIDGE,NOT_APPLICABLE,False,False,OBSERVED_DESCRIPTION
MODEL::Qwen_Qwen2-VL-72B-Instruct,Qwen_Qwen2-VL-72B-Instruct,model::Qwen/Qwen2-VL-72B-Instruct,Qwen/Qwen2-VL-72B-Instruct,Qwen,73.406,>=20B,2024-10-20,2024_H2,UNKNOWN_OPEN_WEIGHTS,LICENSE_RECORDED,COMPLETE_SIX_TASK,True,6,NOT_IN_T05_BRIDGE,NOT_APPLICABLE,False,False,OBSERVED_DESCRIPTION
MODEL::Qwen_Qwen2-VL-7B-Instruct,Qwen_Qwen2-VL-7B-Instruct,model::Qwen/Qwen2-VL-7B-Instruct,Qwen/Qwen2-VL-7B-Instruct,Qwen,8.291,>3B to <20B,2024-10-20,2024_H2,UNKNOWN_OPEN_WEIGHTS,LICENSE_RECORDED,COMPLETE_SIX_TASK,True,6,NOT_IN_T05_BRIDGE,NOT_APPLICABLE,False,False,OBSERVED_DESCRIPTION
MODEL::Qwen_Qwen2.5-1.5B-Instruct,Qwen_Qwen2.5-1.5B-Instruct,model::Qwen/Qwen2.5-1.5B-Instruct,Qwen/Qwen2.5-1.5B-Instruct,Qwen,1.5,<=3B,2024-09-19,2024_H2,Yes,LICENSE_RECORDED,COMPLETE_SIX_TASK,True,6,CONDITIONAL_SOURCE_TRANSFER,CONDITIONAL_ASSOCIATION_ONLY,False,False,OBSERVED_DESCRIPTION
MODEL::Qwen_Qwen2.5-14B-Instruct,Qwen_Qwen2.5-14B-Instruct,model::Qwen/Qwen2.5-14B-Instruct,Qwen/Qwen2.5-14B-Instruct,Qwen,14.77,>3B to <20B,2024-09-18,2024_H2,Yes,LICENSE_RECORDED,COMPLETE_SIX_TASK,True,6,CONDITIONAL_SOURCE_TRANSFER,CONDITIONAL_ASSOCIATION_ONLY,False,False,OBSERVED_DESCRIPTION
MODEL::Qwen_Qwen2.5-32B-Instruct,Qwen_Qwen2.5-32B-Instruct,model::Qwen/Qwen2.5-32B-Instruct,Qwen/Qwen2.5-32B-Instruct,Qwen,32.764,>=20B,2024-09-19,2024_H2,Yes,LICENSE_RECORDED,COMPLETE_SIX_TASK,True,6,CONDITIONAL_SOURCE_TRANSFER,CONDITIONAL_ASSOCIATION_ONLY,False,False,OBSERVED_DESCRIPTION
MODEL::Qwen_Qwen2.5-3B-Instruct,Qwen_Qwen2.5-3B-Instruct,model::Qwen/Qwen2.5-3B-Instruct,Qwen/Qwen2.5-3B-Instruct,Qwen,3.0,<=3B,2024-09-19,2024_H2,Yes,LICENSE_RECORDED,COMPLETE_SIX_TASK,True,6,NOT_IN_T05_BRIDGE,NOT_APPLICABLE,False,False,OBSERVED_DESCRIPTION
MODEL::Qwen_Qwen2.5-72B,Qwen_Qwen2.5-72B,model::Qwen/Qwen2.5-72B,Qwen/Qwen2.5-72B,Qwen,72.706,>=20B,2024-09-19,2024_H2,Yes,LICENSE_RECORDED,COMPLETE_SIX_TASK,True,6,CONDITIONAL_SOURCE_TRANSFER,CONDITIONAL_ASSOCIATION_ONLY,False,False,OBSERVED_DESCRIPTION
MODEL::Qwen_Qwen2.5-7B-Instruct,Qwen_Qwen2.5-7B-Instruct,model::Qwen/Qwen2.5-7B-Instruct,Qwen/Qwen2.5-7B-Instruct,Qwen,7.616,>3B to <20B,2024-09-18,2024_H2,Yes,LICENSE_RECORDED,COMPLETE_SIX_TASK,True,6,CONDITIONAL_SOURCE_TRANSFER,CONDITIONAL_ASSOCIATION_ONLY,False,False,OBSERVED_DESCRIPTION
MODEL::Qwen_Qwen2.5-Math-72B-Instruct,Qwen_Qwen2.5-Math-72B-Instruct,model::Qwen/Qwen2.5-Math-72B-Instruct,Qwen/Qwen2.5-Math-72B-Instruct,Qwen,72.706,>=20B,2024-09-29,2024_H2,UNKNOWN_OPEN_WEIGHTS,LICENSE_RECORDED,COMPLETE_SIX_TASK,True,6,NOT_IN_T05_BRIDGE,NOT_APPLICABLE,False,False,OBSERVED_DESCRIPTION
MODEL::Qwen_Qwen2.5-Math-7B,Qwen_Qwen2.5-Math-7B,model::Qwen/Qwen2.5-Math-7B,Qwen/Qwen2.5-Math-7B,Qwen,7.616,>3B to <20B,2024-09-21,2024_H2,Yes,LICENSE_RECORDED,COMPLETE_SIX_TASK,True,6,NOT_IN_T05_BRIDGE,NOT_APPLICABLE,False,False,OBSERVED_DESCRIPTION
MODEL::RESMPDEV_Qwen2-Wukong-0.5B,RESMPDEV_Qwen2-Wukong-0.5B,model::RESMPDEV/Qwen2-Wukong-0.5B,RESMPDEV/Qwen2-Wukong-0.5B,Qwen,0.63,<=3B,2024-06-30,2024_H1,UNKNOWN_OPEN_WEIGHTS,LICENSE_RECORDED,COMPLETE_SIX_TASK,True,6,NOT_IN_T05_BRIDGE,NOT_APPLICABLE,False,False,OBSERVED_DESCRIPTION
MODEL::RLHFlow_ArmoRM-Llama3-8B-v0.1,RLHFlow_ArmoRM-Llama3-8B-v0.1,model::RLHFlow/ArmoRM-Llama3-8B-v0.1,RLHFlow/ArmoRM-Llama3-8B-v0.1,Llama,7.511,>3B to <20B,2024-10-08,2024_H2,UNKNOWN_OPEN_WEIGHTS,LICENSE_RECORDED,COMPLETE_SIX_TASK,True,6,NOT_IN_T05_BRIDGE,NOT_APPLICABLE,False,False,OBSERVED_DESCRIPTION
MODEL::Replete-AI_Llama3-8B-Instruct-Replete-Adapted,Replete-AI_Llama3-8B-Instruct-Replete-Adapted,model::Replete-AI/Llama3-8B-Instruct-Replete-Adapted,Replete-AI/Llama3-8B-Instruct-Replete-Adapted,Llama,8.0,>3B to <20B,2024-07-09,2024_H2,UNKNOWN_OPEN_WEIGHTS,UNKNOWN_LICENSE,COMPLETE_SIX_TASK,True,6,NOT_IN_T05_BRIDGE,NOT_APPLICABLE,False,False,OBSERVED_DESCRIPTION
MODEL::Rombo-Org_Rombo-LLM-V2.5-Qwen-7b,Rombo-Org_Rombo-LLM-V2.5-Qwen-7b,model::Rombo-Org/Rombo-LLM-V2.5-Qwen-7b,Rombo-Org/Rombo-LLM-V2.5-Qwen-7b,Qwen,7.616,>3B to <20B,2025-01-13,2025_Q1,UNKNOWN_OPEN_WEIGHTS,LICENSE_RECORDED,COMPLETE_SIX_TASK,True,6,NOT_IN_T05_BRIDGE,NOT_APPLICABLE,False,False,OBSERVED_DESCRIPTION
MODEL::SaisExperiments_Gemma-2-2B-Stheno-Filtered,SaisExperiments_Gemma-2-2B-Stheno-Filtered,model::SaisExperiments/Gemma-2-2B-Stheno-Filtered,SaisExperiments/Gemma-2-2B-Stheno-Filtered,Gemma,2.614,<=3B,2024-10-08,2024_H2,UNKNOWN_OPEN_WEIGHTS,LICENSE_RECORDED,COMPLETE_SIX_TASK,True,6,NOT_IN_T05_BRIDGE,NOT_APPLICABLE,False,False,OBSERVED_DESCRIPTION
MODEL::SaisExperiments_RightSheep-Llama3.2-3B,SaisExperiments_RightSheep-Llama3.2-3B,model::SaisExperiments/RightSheep-Llama3.2-3B,SaisExperiments/RightSheep-Llama3.2-3B,Llama,3.213,>3B to <20B,2025-01-25,2025_Q1,UNKNOWN_OPEN_WEIGHTS,LICENSE_RECORDED,COMPLETE_SIX_TASK,True,6,NOT_IN_T05_BRIDGE,NOT_APPLICABLE,False,False,OBSERVED_DESCRIPTION
MODEL::Sakalti_Llama3.2-3B-Uranus-1,Sakalti_Llama3.2-3B-Uranus-1,model::Sakalti/Llama3.2-3B-Uranus-1,Sakalti/Llama3.2-3B-Uranus-1,Llama,3.213,>3B to <20B,2025-01-09,2025_Q1,UNKNOWN_OPEN_WEIGHTS,LICENSE_RECORDED,COMPLETE_SIX_TASK,True,6,NOT_IN_T05_BRIDGE,NOT_APPLICABLE,False,False,OBSERVED_DESCRIPTION
MODEL::Sakalti_Phi3.5-Comets-3.8B,Sakalti_Phi3.5-Comets-3.8B,model::Sakalti/Phi3.5-Comets-3.8B,Sakalti/Phi3.5-Comets-3.8B,Phi,3.821,>3B to <20B,2024-12-21,2024_H2,UNKNOWN_OPEN_WEIGHTS,LICENSE_RECORDED,COMPLETE_SIX_TASK,True,6,NOT_IN_T05_BRIDGE,NOT_APPLICABLE,False,False,OBSERVED_DESCRIPTION
MODEL::Sakalti_Qwen2.5-1B-Instruct,Sakalti_Qwen2.5-1B-Instruct,model::Sakalti/Qwen2.5-1B-Instruct,Sakalti/Qwen2.5-1B-Instruct,Qwen,0.988,<=3B,2025-01-18,2025_Q1,UNKNOWN_OPEN_WEIGHTS,LICENSE_RECORDED,COMPLETE_SIX_TASK,True,6,NOT_IN_T05_BRIDGE,NOT_APPLICABLE,False,False,OBSERVED_DESCRIPTION
MODEL::SentientAGI_Dobby-Mini-Leashed-Llama-3.1-8B,SentientAGI_Dobby-Mini-Leashed-Llama-3.1-8B,model::SentientAGI/Dobby-Mini-Leashed-Llama-3.1-8B,SentientAGI/Dobby-Mini-Leashed-Llama-3.1-8B,Llama,8.03,>3B to <20B,2025-02-04,2025_Q1,UNKNOWN_OPEN_WEIGHTS,LICENSE_RECORDED,COMPLETE_SIX_TASK,True,6,NOT_IN_T05_BRIDGE,NOT_APPLICABLE,False,False,OBSERVED_DESCRIPTION
MODEL::SentientAGI_Dobby-Mini-Unhinged-Llama-3.1-8B,SentientAGI_Dobby-Mini-Unhinged-Llama-3.1-8B,model::SentientAGI/Dobby-Mini-Unhinged-Llama-3.1-8B,SentientAGI/Dobby-Mini-Unhinged-Llama-3.1-8B,Llama,8.03,>3B to <20B,2025-02-04,2025_Q1,UNKNOWN_OPEN_WEIGHTS,LICENSE_RECORDED,COMPLETE_SIX_TASK,True,6,NOT_IN_T05_BRIDGE,NOT_APPLICABLE,False,False,OBSERVED_DESCRIPTION
MODEL::Sicarius-Prototyping_Brainy_LLAMA,Sicarius-Prototyping_Brainy_LLAMA,model::Sicarius-Prototyping/Brainy_LLAMA,Sicarius-Prototyping/Brainy_LLAMA,Llama,8.03,>3B to <20B,2024-12-04,2024_H2,UNKNOWN_OPEN_WEIGHTS,LICENSE_RECORDED,COMPLETE_SIX_TASK,True,6,NOT_IN_T05_BRIDGE,NOT_APPLICABLE,False,False,OBSERVED_DESCRIPTION
MODEL::SicariusSicariiStuff_LLAMA-3_8B_Unaligned_BETA,SicariusSicariiStuff_LLAMA-3_8B_Unaligned_BETA,model::SicariusSicariiStuff/LLAMA-3_8B_Unaligned_BETA,SicariusSicariiStuff/LLAMA-3_8B_Unaligned_BETA,Llama,8.03,>3B to <20B,2024-10-18,2024_H2,UNKNOWN_OPEN_WEIGHTS,LICENSE_RECORDED,COMPLETE_SIX_TASK,True,6,NOT_IN_T05_BRIDGE,NOT_APPLICABLE,False,False,OBSERVED_DESCRIPTION
MODEL::SicariusSicariiStuff_Phi-Line_14B,SicariusSicariiStuff_Phi-Line_14B,model::SicariusSicariiStuff/Phi-Line_14B,SicariusSicariiStuff/Phi-Line_14B,Phi,14.66,>3B to <20B,2025-02-18,2025_Q1,UNKNOWN_OPEN_WEIGHTS,LICENSE_RECORDED,COMPLETE_SIX_TASK,True,6,NOT_IN_T05_BRIDGE,NOT_APPLICABLE,False,False,OBSERVED_DESCRIPTION
MODEL::SicariusSicariiStuff_Qwen2.5-14B_Uncensored,SicariusSicariiStuff_Qwen2.5-14B_Uncensored,model::SicariusSicariiStuff/Qwen2.5-14B_Uncensored,SicariusSicariiStuff/Qwen2.5-14B_Uncensored,Qwen,14.0,>3B to <20B,2024-09-21,2024_H2,Yes,UNKNOWN_LICENSE,COMPLETE_SIX_TASK,True,6,NOT_IN_T05_BRIDGE,NOT_APPLICABLE,False,False,OBSERVED_DESCRIPTION
MODEL::SicariusSicariiStuff_Qwen2.5-14B_Uncensored_Instruct,SicariusSicariiStuff_Qwen2.5-14B_Uncensored_Instruct,model::SicariusSicariiStuff/Qwen2.5-14B_Uncensored_Instruct,SicariusSicariiStuff/Qwen2.5-14B_Uncensored_Instruct,Qwen,14.77,>3B to <20B,2024-09-21,2024_H2,Yes,UNKNOWN_LICENSE,COMPLETE_SIX_TASK,True,6,NOT_IN_T05_BRIDGE,NOT_APPLICABLE,False,False,OBSERVED_DESCRIPTION
MODEL::SkyOrbis_SKY-Ko-Llama3.2-1B-lora-epoch5,SkyOrbis_SKY-Ko-Llama3.2-1B-lora-epoch5,model::SkyOrbis/SKY-Ko-Llama3.2-1B-lora-epoch5,SkyOrbis/SKY-Ko-Llama3.2-1B-lora-epoch5,Llama,1.236,<=3B,2024-12-27,2024_H2,UNKNOWN_OPEN_WEIGHTS,LICENSE_RECORDED,COMPLETE_SIX_TASK,True,6,NOT_IN_T05_BRIDGE,NOT_APPLICABLE,False,False,OBSERVED_DESCRIPTION
MODEL::SkyOrbis_SKY-Ko-Llama3.2-1B-lora-v2-epoch3,SkyOrbis_SKY-Ko-Llama3.2-1B-lora-v2-epoch3,model::SkyOrbis/SKY-Ko-Llama3.2-1B-lora-v2-epoch3,SkyOrbis/SKY-Ko-Llama3.2-1B-lora-v2-epoch3,Llama,1.236,<=3B,2024-12-27,2024_H2,UNKNOWN_OPEN_WEIGHTS,LICENSE_RECORDED,COMPLETE_SIX_TASK,True,6,NOT_IN_T05_BRIDGE,NOT_APPLICABLE,False,False,OBSERVED_DESCRIPTION
MODEL::SkyOrbis_SKY-Ko-Llama3.2-3B-lora-epoch1,SkyOrbis_SKY-Ko-Llama3.2-3B-lora-epoch1,model::SkyOrbis/SKY-Ko-Llama3.2-3B-lora-epoch1,SkyOrbis/SKY-Ko-Llama3.2-3B-lora-epoch1,Llama,3.213,>3B to <20B,2024-12-27,2024_H2,UNKNOWN_OPEN_WEIGHTS,LICENSE_RECORDED,COMPLETE_SIX_TASK,True,6,NOT_IN_T05_BRIDGE,NOT_APPLICABLE,False,False,OBSERVED_DESCRIPTION
MODEL::SkyOrbis_SKY-Ko-Qwen2.5-3B-Instruct,SkyOrbis_SKY-Ko-Qwen2.5-3B-Instruct,model::SkyOrbis/SKY-Ko-Qwen2.5-3B-Instruct,SkyOrbis/SKY-Ko-Qwen2.5-3B-Instruct,Qwen,3.086,>3B to <20B,2025-01-09,2025_Q1,UNKNOWN_OPEN_WEIGHTS,UNKNOWN_LICENSE,COMPLETE_SIX_TASK,True,6,NOT_IN_T05_BRIDGE,NOT_APPLICABLE,False,False,OBSERVED_DESCRIPTION
MODEL::SkyOrbis_SKY-Ko-Qwen2.5-7B-Instruct-SFT-step-15000,SkyOrbis_SKY-Ko-Qwen2.5-7B-Instruct-SFT-step-15000,model::SkyOrbis/SKY-Ko-Qwen2.5-7B-Instruct-SFT-step-15000,SkyOrbis/SKY-Ko-Qwen2.5-7B-Instruct-SFT-step-15000,Qwen,7.616,>3B to <20B,2025-02-01,2025_Q1,UNKNOWN_OPEN_WEIGHTS,UNKNOWN_LICENSE,COMPLETE_SIX_TASK,True,6,NOT_IN_T05_BRIDGE,NOT_APPLICABLE,False,False,OBSERVED_DESCRIPTION
MODEL::SkyOrbis_SKY-Ko-Qwen2.5-7B-Instruct-SFT-step-5000,SkyOrbis_SKY-Ko-Qwen2.5-7B-Instruct-SFT-step-5000,model::SkyOrbis/SKY-Ko-Qwen2.5-7B-Instruct-SFT-step-5000,SkyOrbis/SKY-Ko-Qwen2.5-7B-Instruct-SFT-step-5000,Qwen,7.616,>3B to <20B,2025-02-04,2025_Q1,UNKNOWN_OPEN_WEIGHTS,UNKNOWN_LICENSE,COMPLETE_SIX_TASK,True,6,NOT_IN_T05_BRIDGE,NOT_APPLICABLE,False,False,OBSERVED_DESCRIPTION
MODEL::Sorawiz_Gemma-9B-Base,Sorawiz_Gemma-9B-Base,model::Sorawiz/Gemma-9B-Base,Sorawiz/Gemma-9B-Base,Gemma,10.159,>3B to <20B,2025-02-12,2025_Q1,UNKNOWN_OPEN_WEIGHTS,UNKNOWN_LICENSE,COMPLETE_SIX_TASK,True,6,NOT_IN_T05_BRIDGE,NOT_APPLICABLE,False,False,OBSERVED_DESCRIPTION
MODEL::Sorawiz_Gemma-Creative-9B-Base,Sorawiz_Gemma-Creative-9B-Base,model::Sorawiz/Gemma-Creative-9B-Base,Sorawiz/Gemma-Creative-9B-Base,Gemma,10.159,>3B to <20B,2025-02-12,2025_Q1,UNKNOWN_OPEN_WEIGHTS,UNKNOWN_LICENSE,COMPLETE_SIX_TASK,True,6,NOT_IN_T05_BRIDGE,NOT_APPLICABLE,False,False,OBSERVED_DESCRIPTION
MODEL::Sourjayon_DeepSeek-R1-ForumNXT,Sourjayon_DeepSeek-R1-ForumNXT,model::Sourjayon/DeepSeek-R1-ForumNXT,Sourjayon/DeepSeek-R1-ForumNXT,DeepSeek,1.777,<=3B,2025-02-03,2025_Q1,Yes,LICENSE_RECORDED,COMPLETE_SIX_TASK,True,6,NOT_IN_T05_BRIDGE,NOT_APPLICABLE,False,False,OBSERVED_DESCRIPTION
MODEL::Supichi_BBAI_135_Gemma,Supichi_BBAI_135_Gemma,model::Supichi/BBAI_135_Gemma,Supichi/BBAI_135_Gemma,Gemma,19.3,>3B to <20B,2025-02-26,2025_Q1,UNKNOWN_OPEN_WEIGHTS,UNKNOWN_LICENSE,COMPLETE_SIX_TASK,True,6,NOT_IN_T05_BRIDGE,NOT_APPLICABLE,False,False,OBSERVED_DESCRIPTION
MODEL::Syed-Hasan-8503_Phi-3-mini-4K-instruct-cpo-simpo,Syed-Hasan-8503_Phi-3-mini-4K-instruct-cpo-simpo,model::Syed-Hasan-8503/Phi-3-mini-4K-instruct-cpo-simpo,Syed-Hasan-8503/Phi-3-mini-4K-instruct-cpo-simpo,Phi,3.821,>3B to <20B,2024-06-26,2024_H1,UNKNOWN_OPEN_WEIGHTS,LICENSE_RECORDED,COMPLETE_SIX_TASK,True,6,NOT_IN_T05_BRIDGE,NOT_APPLICABLE,False,False,OBSERVED_DESCRIPTION
MODEL::T145_Meta-Llama-3.1-8B-Instruct-TIES,T145_Meta-Llama-3.1-8B-Instruct-TIES,model::T145/Meta-Llama-3.1-8B-Instruct-TIES,T145/Meta-Llama-3.1-8B-Instruct-TIES,Llama,8.03,>3B to <20B,2024-12-22,2024_H2,UNKNOWN_OPEN_WEIGHTS,UNKNOWN_LICENSE,COMPLETE_SIX_TASK,True,6,NOT_IN_T05_BRIDGE,NOT_APPLICABLE,False,False,OBSERVED_DESCRIPTION
MODEL::T145_qwen-2.5-3B-merge-test,T145_qwen-2.5-3B-merge-test,model::T145/qwen-2.5-3B-merge-test,T145/qwen-2.5-3B-merge-test,Qwen,3.397,>3B to <20B,2024-11-16,2024_H2,UNKNOWN_OPEN_WEIGHTS,UNKNOWN_LICENSE,COMPLETE_SIX_TASK,True,6,NOT_IN_T05_BRIDGE,NOT_APPLICABLE,False,False,OBSERVED_DESCRIPTION
MODEL::TIGER-Lab_AceCoder-Qwen2.5-Coder-7B-Base-Rule,TIGER-Lab_AceCoder-Qwen2.5-Coder-7B-Base-Rule,model::TIGER-Lab/AceCoder-Qwen2.5-Coder-7B-Base-Rule,TIGER-Lab/AceCoder-Qwen2.5-Coder-7B-Base-Rule,Qwen,7.616,>3B to <20B,2025-03-07,2025_Q1,UNKNOWN_OPEN_WEIGHTS,LICENSE_RECORDED,COMPLETE_SIX_TASK,True,6,NOT_IN_T05_BRIDGE,NOT_APPLICABLE,False,False,OBSERVED_DESCRIPTION
MODEL::TIGER-Lab_Qwen2.5-Math-7B-CFT,TIGER-Lab_Qwen2.5-Math-7B-CFT,model::TIGER-Lab/Qwen2.5-Math-7B-CFT,TIGER-Lab/Qwen2.5-Math-7B-CFT,Qwen,7.616,>3B to <20B,2025-03-07,2025_Q1,UNKNOWN_OPEN_WEIGHTS,LICENSE_RECORDED,COMPLETE_SIX_TASK,True,6,NOT_IN_T05_BRIDGE,NOT_APPLICABLE,False,False,OBSERVED_DESCRIPTION
MODEL::TTTXXX01_Mistral-7B-Base-SimPO2-5e-7,TTTXXX01_Mistral-7B-Base-SimPO2-5e-7,model::TTTXXX01/Mistral-7B-Base-SimPO2-5e-7,TTTXXX01/Mistral-7B-Base-SimPO2-5e-7,Mistral,7.242,>3B to <20B,2024-09-01,2024_H2,UNKNOWN_OPEN_WEIGHTS,LICENSE_RECORDED,COMPLETE_SIX_TASK,True,6,NOT_IN_T05_BRIDGE,NOT_APPLICABLE,False,False,OBSERVED_DESCRIPTION
MODEL::Tarek07_Thalassic-Alpha-LLaMa-70B,Tarek07_Thalassic-Alpha-LLaMa-70B,model::Tarek07/Thalassic-Alpha-LLaMa-70B,Tarek07/Thalassic-Alpha-LLaMa-70B,Llama,70.554,>=20B,2025-01-28,2025_Q1,UNKNOWN_OPEN_WEIGHTS,LICENSE_RECORDED,COMPLETE_SIX_TASK,True,6,NOT_IN_T05_BRIDGE,NOT_APPLICABLE,False,False,OBSERVED_DESCRIPTION
MODEL::Telugu-LLM-Labs_Indic-gemma-2b-finetuned-sft-Navarasa-2.0,Telugu-LLM-Labs_Indic-gemma-2b-finetuned-sft-Navarasa-2.0,model::Telugu-LLM-Labs/Indic-gemma-2b-finetuned-sft-Navarasa-2.0,Telugu-LLM-Labs/Indic-gemma-2b-finetuned-sft-Navarasa-2.0,Gemma,2.506,<=3B,2025-02-06,2025_Q1,UNKNOWN_OPEN_WEIGHTS,LICENSE_RECORDED,COMPLETE_SIX_TASK,True,6,NOT_IN_T05_BRIDGE,NOT_APPLICABLE,False,False,OBSERVED_DESCRIPTION
MODEL::Telugu-LLM-Labs_Indic-gemma-7b-finetuned-sft-Navarasa-2.0,Telugu-LLM-Labs_Indic-gemma-7b-finetuned-sft-Navarasa-2.0,model::Telugu-LLM-Labs/Indic-gemma-7b-finetuned-sft-Navarasa-2.0,Telugu-LLM-Labs/Indic-gemma-7b-finetuned-sft-Navarasa-2.0,Gemma,8.538,>3B to <20B,2025-02-06,2025_Q1,UNKNOWN_OPEN_WEIGHTS,LICENSE_RECORDED,COMPLETE_SIX_TASK,True,6,NOT_IN_T05_BRIDGE,NOT_APPLICABLE,False,False,OBSERVED_DESCRIPTION
MODEL::TheDrummer_Gemmasutra-9B-v1,TheDrummer_Gemmasutra-9B-v1,model::TheDrummer/Gemmasutra-9B-v1,TheDrummer/Gemmasutra-9B-v1,Gemma,10.159,>3B to <20B,2024-09-19,2024_H2,UNKNOWN_OPEN_WEIGHTS,UNKNOWN_LICENSE,COMPLETE_SIX_TASK,True,6,NOT_IN_T05_BRIDGE,NOT_APPLICABLE,False,False,OBSERVED_DESCRIPTION
MODEL::TheDrummer_Tiger-Gemma-9B-v2,TheDrummer_Tiger-Gemma-9B-v2,model::TheDrummer/Tiger-Gemma-9B-v2,TheDrummer/Tiger-Gemma-9B-v2,Gemma,9.242,>3B to <20B,2025-01-07,2025_Q1,UNKNOWN_OPEN_WEIGHTS,UNKNOWN_LICENSE,COMPLETE_SIX_TASK,True,6,NOT_IN_T05_BRIDGE,NOT_APPLICABLE,False,False,OBSERVED_DESCRIPTION
MODEL::TheTsar1209_qwen-carpmuscle-r-v0.3,TheTsar1209_qwen-carpmuscle-r-v0.3,model::TheTsar1209/qwen-carpmuscle-r-v0.3,TheTsar1209/qwen-carpmuscle-r-v0.3,Qwen,14.766,>3B to <20B,2024-10-23,2024_H2,UNKNOWN_OPEN_WEIGHTS,UNKNOWN_LICENSE,COMPLETE_SIX_TASK,True,6,NOT_IN_T05_BRIDGE,NOT_APPLICABLE,False,False,OBSERVED_DESCRIPTION
MODEL::TheTsar1209_qwen-carpmuscle-v0.1,TheTsar1209_qwen-carpmuscle-v0.1,model::TheTsar1209/qwen-carpmuscle-v0.1,TheTsar1209/qwen-carpmuscle-v0.1,Qwen,14.77,>3B to <20B,2024-10-10,2024_H2,UNKNOWN_OPEN_WEIGHTS,LICENSE_RECORDED,COMPLETE_SIX_TASK,True,6,NOT_IN_T05_BRIDGE,NOT_APPLICABLE,False,False,OBSERVED_DESCRIPTION
MODEL::TinyLlama_TinyLlama-1.1B-Chat-v0.1,TinyLlama_TinyLlama-1.1B-Chat-v0.1,model::TinyLlama/TinyLlama-1.1B-Chat-v0.1,TinyLlama/TinyLlama-1.1B-Chat-v0.1,Llama,1.1,<=3B,2024-12-02,2024_H2,UNKNOWN_OPEN_WEIGHTS,LICENSE_RECORDED,COMPLETE_SIX_TASK,True,6,NOT_IN_T05_BRIDGE,NOT_APPLICABLE,False,False,OBSERVED_DESCRIPTION
MODEL::TinyLlama_TinyLlama-1.1B-Chat-v1.0,TinyLlama_TinyLlama-1.1B-Chat-v1.0,model::TinyLlama/TinyLlama-1.1B-Chat-v1.0,TinyLlama/TinyLlama-1.1B-Chat-v1.0,Llama,1.1,<=3B,2024-08-04,2024_H2,UNKNOWN_OPEN_WEIGHTS,LICENSE_RECORDED,COMPLETE_SIX_TASK,True,6,NOT_IN_T05_BRIDGE,NOT_APPLICABLE,False,False,OBSERVED_DESCRIPTION
MODEL::TinyLlama_TinyLlama-1.1B-intermediate-step-1431k-3T,TinyLlama_TinyLlama-1.1B-intermediate-step-1431k-3T,model::TinyLlama/TinyLlama-1.1B-intermediate-step-1431k-3T,TinyLlama/TinyLlama-1.1B-intermediate-step-1431k-3T,Llama,1.1,<=3B,2024-11-27,2024_H2,UNKNOWN_OPEN_WEIGHTS,LICENSE_RECORDED,COMPLETE_SIX_TASK,True,6,NOT_IN_T05_BRIDGE,NOT_APPLICABLE,False,False,OBSERVED_DESCRIPTION
MODEL::Triangle104_DS-Distilled-Hermes-Llama-3.1,Triangle104_DS-Distilled-Hermes-Llama-3.1,model::Triangle104/DS-Distilled-Hermes-Llama-3.1,Triangle104/DS-Distilled-Hermes-Llama-3.1,Llama,8.03,>3B to <20B,2025-01-27,2025_Q1,UNKNOWN_OPEN_WEIGHTS,UNKNOWN_LICENSE,COMPLETE_SIX_TASK,True,6,NOT_IN_T05_BRIDGE,NOT_APPLICABLE,False,False,OBSERVED_DESCRIPTION
MODEL::Triangle104_DSR1-Distill-Llama-Lit-8B,Triangle104_DSR1-Distill-Llama-Lit-8B,model::Triangle104/DSR1-Distill-Llama-Lit-8B,Triangle104/DSR1-Distill-Llama-Lit-8B,Llama,8.03,>3B to <20B,2025-02-11,2025_Q1,UNKNOWN_OPEN_WEIGHTS,LICENSE_RECORDED,COMPLETE_SIX_TASK,True,6,NOT_IN_T05_BRIDGE,NOT_APPLICABLE,False,False,OBSERVED_DESCRIPTION
MODEL::Triangle104_DSR1-Distill-Qwen-7B-RP,Triangle104_DSR1-Distill-Qwen-7B-RP,model::Triangle104/DSR1-Distill-Qwen-7B-RP,Triangle104/DSR1-Distill-Qwen-7B-RP,Qwen,7.613,>3B to <20B,2025-02-09,2025_Q1,UNKNOWN_OPEN_WEIGHTS,LICENSE_RECORDED,COMPLETE_SIX_TASK,True,6,NOT_IN_T05_BRIDGE,NOT_APPLICABLE,False,False,OBSERVED_DESCRIPTION
MODEL::Triangle104_Dolphin3-Llama3.2-Smart,Triangle104_Dolphin3-Llama3.2-Smart,model::Triangle104/Dolphin3-Llama3.2-Smart,Triangle104/Dolphin3-Llama3.2-Smart,Llama,3.213,>3B to <20B,2025-01-27,2025_Q1,UNKNOWN_OPEN_WEIGHTS,UNKNOWN_LICENSE,COMPLETE_SIX_TASK,True,6,NOT_IN_T05_BRIDGE,NOT_APPLICABLE,False,False,OBSERVED_DESCRIPTION
MODEL::Triangle104_Llama3.1-Allades-Lit-8b,Triangle104_Llama3.1-Allades-Lit-8b,model::Triangle104/Llama3.1-Allades-Lit-8b,Triangle104/Llama3.1-Allades-Lit-8b,Llama,8.03,>3B to <20B,2025-02-11,2025_Q1,UNKNOWN_OPEN_WEIGHTS,UNKNOWN_LICENSE,COMPLETE_SIX_TASK,True,6,NOT_IN_T05_BRIDGE,NOT_APPLICABLE,False,False,OBSERVED_DESCRIPTION
MODEL::Triangle104_Mistral-Small-24b-Harmony,Triangle104_Mistral-Small-24b-Harmony,model::Triangle104/Mistral-Small-24b-Harmony,Triangle104/Mistral-Small-24b-Harmony,Mistral,23.572,>=20B,2025-02-20,2025_Q1,UNKNOWN_OPEN_WEIGHTS,LICENSE_RECORDED,COMPLETE_SIX_TASK,True,6,NOT_IN_T05_BRIDGE,NOT_APPLICABLE,False,False,OBSERVED_DESCRIPTION
MODEL::Triangle104_Phi-4-AbliteratedRP,Triangle104_Phi-4-AbliteratedRP,model::Triangle104/Phi-4-AbliteratedRP,Triangle104/Phi-4-AbliteratedRP,Phi,14.66,>3B to <20B,2025-01-27,2025_Q1,Yes,LICENSE_RECORDED,COMPLETE_SIX_TASK,True,6,NOT_IN_T05_BRIDGE,NOT_APPLICABLE,False,False,OBSERVED_DESCRIPTION
MODEL::Triangle104_Phi4-RP-o1,Triangle104_Phi4-RP-o1,model::Triangle104/Phi4-RP-o1,Triangle104/Phi4-RP-o1,Phi,14.66,>3B to <20B,2025-01-30,2025_Q1,UNKNOWN_OPEN_WEIGHTS,LICENSE_RECORDED,COMPLETE_SIX_TASK,True,6,NOT_IN_T05_BRIDGE,NOT_APPLICABLE,False,False,OBSERVED_DESCRIPTION
MODEL::Triangle104_Phi4-RP-o1-Ablit,Triangle104_Phi4-RP-o1-Ablit,model::Triangle104/Phi4-RP-o1-Ablit,Triangle104/Phi4-RP-o1-Ablit,Phi,14.66,>3B to <20B,2025-02-09,2025_Q1,UNKNOWN_OPEN_WEIGHTS,UNKNOWN_LICENSE,COMPLETE_SIX_TASK,True,6,NOT_IN_T05_BRIDGE,NOT_APPLICABLE,False,False,OBSERVED_DESCRIPTION
MODEL::Triangle104_Porpoise-R1-Llama3.2-3b,Triangle104_Porpoise-R1-Llama3.2-3b,model::Triangle104/Porpoise-R1-Llama3.2-3b,Triangle104/Porpoise-R1-Llama3.2-3b,Llama,3.213,>3B to <20B,2025-02-08,2025_Q1,UNKNOWN_OPEN_WEIGHTS,LICENSE_RECORDED,COMPLETE_SIX_TASK,True,6,NOT_IN_T05_BRIDGE,NOT_APPLICABLE,False,False,OBSERVED_DESCRIPTION
MODEL::Triangle104_RomboHermes3-R1-Llama3.2-3b,Triangle104_RomboHermes3-R1-Llama3.2-3b,model::Triangle104/RomboHermes3-R1-Llama3.2-3b,Triangle104/RomboHermes3-R1-Llama3.2-3b,Llama,3.213,>3B to <20B,2025-02-09,2025_Q1,UNKNOWN_OPEN_WEIGHTS,LICENSE_RECORDED,COMPLETE_SIX_TASK,True,6,NOT_IN_T05_BRIDGE,NOT_APPLICABLE,False,False,OBSERVED_DESCRIPTION
MODEL::UCLA-AGI_Gemma-2-9B-It-SPPO-Iter2,UCLA-AGI_Gemma-2-9B-It-SPPO-Iter2,model::UCLA-AGI/Gemma-2-9B-It-SPPO-Iter2,UCLA-AGI/Gemma-2-9B-It-SPPO-Iter2,Gemma,9.242,>3B to <20B,2024-08-07,2024_H2,UNKNOWN_OPEN_WEIGHTS,LICENSE_RECORDED,COMPLETE_SIX_TASK,True,6,NOT_IN_T05_BRIDGE,NOT_APPLICABLE,False,False,OBSERVED_DESCRIPTION
MODEL::UCLA-AGI_Gemma-2-9B-It-SPPO-Iter3,UCLA-AGI_Gemma-2-9B-It-SPPO-Iter3,model::UCLA-AGI/Gemma-2-9B-It-SPPO-Iter3,UCLA-AGI/Gemma-2-9B-It-SPPO-Iter3,Gemma,9.242,>3B to <20B,2024-07-31,2024_H2,UNKNOWN_OPEN_WEIGHTS,LICENSE_RECORDED,COMPLETE_SIX_TASK,True,6,NOT_IN_T05_BRIDGE,NOT_APPLICABLE,False,False,OBSERVED_DESCRIPTION
MODEL::UCLA-AGI_Llama-3-Instruct-8B-SPPO-Iter3,UCLA-AGI_Llama-3-Instruct-8B-SPPO-Iter3,model::UCLA-AGI/Llama-3-Instruct-8B-SPPO-Iter3,UCLA-AGI/Llama-3-Instruct-8B-SPPO-Iter3,Llama,8.03,>3B to <20B,,UNKNOWN_OR_AMBIGUOUS,Yes,LICENSE_RECORDED,COMPLETE_SIX_TASK,True,6,NOT_IN_T05_BRIDGE,NOT_APPLICABLE,False,False,OBSERVED_DESCRIPTION
MODEL::UCLA-AGI_Mistral7B-PairRM-SPPO,UCLA-AGI_Mistral7B-PairRM-SPPO,model::UCLA-AGI/Mistral7B-PairRM-SPPO,UCLA-AGI/Mistral7B-PairRM-SPPO,Mistral,7.242,>3B to <20B,2024-09-21,2024_H2,UNKNOWN_OPEN_WEIGHTS,LICENSE_RECORDED,COMPLETE_SIX_TASK,True,6,NOT_IN_T05_BRIDGE,NOT_APPLICABLE,False,False,OBSERVED_DESCRIPTION
MODEL::UCLA-AGI_Mistral7B-PairRM-SPPO-Iter2,UCLA-AGI_Mistral7B-PairRM-SPPO-Iter2,model::UCLA-AGI/Mistral7B-PairRM-SPPO-Iter2,UCLA-AGI/Mistral7B-PairRM-SPPO-Iter2,Mistral,7.242,>3B to <20B,2024-08-07,2024_H2,UNKNOWN_OPEN_WEIGHTS,LICENSE_RECORDED,COMPLETE_SIX_TASK,True,6,NOT_IN_T05_BRIDGE,NOT_APPLICABLE,False,False,OBSERVED_DESCRIPTION
MODEL::UCLA-AGI_Mistral7B-PairRM-SPPO-Iter3,UCLA-AGI_Mistral7B-PairRM-SPPO-Iter3,model::UCLA-AGI/Mistral7B-PairRM-SPPO-Iter3,UCLA-AGI/Mistral7B-PairRM-SPPO-Iter3,Mistral,7.242,>3B to <20B,2024-08-07,2024_H2,UNKNOWN_OPEN_WEIGHTS,LICENSE_RECORDED,COMPLETE_SIX_TASK,True,6,NOT_IN_T05_BRIDGE,NOT_APPLICABLE,False,False,OBSERVED_DESCRIPTION
MODEL::UKzExecution_LlamaExecutor-8B-3.0.5,UKzExecution_LlamaExecutor-8B-3.0.5,model::UKzExecution/LlamaExecutor-8B-3.0.5,UKzExecution/LlamaExecutor-8B-3.0.5,Llama,8.03,>3B to <20B,2024-07-30,2024_H2,UNKNOWN_OPEN_WEIGHTS,UNKNOWN_LICENSE,COMPLETE_SIX_TASK,True,6,NOT_IN_T05_BRIDGE,NOT_APPLICABLE,False,False,OBSERVED_DESCRIPTION
MODEL::VAGOsolutions_Llama-3-SauerkrautLM-70b-Instruct,VAGOsolutions_Llama-3-SauerkrautLM-70b-Instruct,model::VAGOsolutions/Llama-3-SauerkrautLM-70b-Instruct,VAGOsolutions/Llama-3-SauerkrautLM-70b-Instruct,Llama,70.554,>=20B,2024-06-26,2024_H1,UNKNOWN_OPEN_WEIGHTS,LICENSE_RECORDED,COMPLETE_SIX_TASK,True,6,NOT_IN_T05_BRIDGE,NOT_APPLICABLE,False,False,OBSERVED_DESCRIPTION
MODEL::VAGOsolutions_Llama-3-SauerkrautLM-8b-Instruct,VAGOsolutions_Llama-3-SauerkrautLM-8b-Instruct,model::VAGOsolutions/Llama-3-SauerkrautLM-8b-Instruct,VAGOsolutions/Llama-3-SauerkrautLM-8b-Instruct,Llama,8.03,>3B to <20B,2024-07-22,2024_H2,UNKNOWN_OPEN_WEIGHTS,LICENSE_RECORDED,COMPLETE_SIX_TASK,True,6,NOT_IN_T05_BRIDGE,NOT_APPLICABLE,False,False,OBSERVED_DESCRIPTION
MODEL::VAGOsolutions_Llama-3.1-SauerkrautLM-8b-Instruct,VAGOsolutions_Llama-3.1-SauerkrautLM-8b-Instruct,model::VAGOsolutions/Llama-3.1-SauerkrautLM-8b-Instruct,VAGOsolutions/Llama-3.1-SauerkrautLM-8b-Instruct,Llama,8.03,>3B to <20B,2024-07-29,2024_H2,UNKNOWN_OPEN_WEIGHTS,LICENSE_RECORDED,COMPLETE_SIX_TASK,True,6,NOT_IN_T05_BRIDGE,NOT_APPLICABLE,False,False,OBSERVED_DESCRIPTION
MODEL::VAGOsolutions_SauerkrautLM-Gemma-2b,VAGOsolutions_SauerkrautLM-Gemma-2b,model::VAGOsolutions/SauerkrautLM-Gemma-2b,VAGOsolutions/SauerkrautLM-Gemma-2b,Gemma,2.506,<=3B,2024-06-26,2024_H1,UNKNOWN_OPEN_WEIGHTS,LICENSE_RECORDED,COMPLETE_SIX_TASK,True,6,NOT_IN_T05_BRIDGE,NOT_APPLICABLE,False,False,OBSERVED_DESCRIPTION
MODEL::VAGOsolutions_SauerkrautLM-gemma-2-9b-it,VAGOsolutions_SauerkrautLM-gemma-2-9b-it,model::VAGOsolutions/SauerkrautLM-gemma-2-9b-it,VAGOsolutions/SauerkrautLM-gemma-2-9b-it,Gemma,9.242,>3B to <20B,2024-08-26,2024_H2,UNKNOWN_OPEN_WEIGHTS,LICENSE_RECORDED,COMPLETE_SIX_TASK,True,6,NOT_IN_T05_BRIDGE,NOT_APPLICABLE,False,False,OBSERVED_DESCRIPTION
MODEL::VIRNECT_llama-3-Korean-8B-r-v-0.1,VIRNECT_llama-3-Korean-8B-r-v-0.1,model::VIRNECT/llama-3-Korean-8B-r-v-0.1,VIRNECT/llama-3-Korean-8B-r-v-0.1,Llama,16.061,>3B to <20B,2024-07-18,2024_H2,UNKNOWN_OPEN_WEIGHTS,LICENSE_RECORDED,COMPLETE_SIX_TASK,True,6,NOT_IN_T05_BRIDGE,NOT_APPLICABLE,False,False,OBSERVED_DESCRIPTION
MODEL::ValiantLabs_Llama3.1-70B-ShiningValiant2,ValiantLabs_Llama3.1-70B-ShiningValiant2,model::ValiantLabs/Llama3.1-70B-ShiningValiant2,ValiantLabs/Llama3.1-70B-ShiningValiant2,Llama,70.554,>=20B,2024-10-30,2024_H2,UNKNOWN_OPEN_WEIGHTS,LICENSE_RECORDED,COMPLETE_SIX_TASK,True,6,NOT_IN_T05_BRIDGE,NOT_APPLICABLE,False,False,OBSERVED_DESCRIPTION
MODEL::ValiantLabs_Llama3.1-8B-Fireplace2,ValiantLabs_Llama3.1-8B-Fireplace2,model::ValiantLabs/Llama3.1-8B-Fireplace2,ValiantLabs/Llama3.1-8B-Fireplace2,Llama,8.03,>3B to <20B,,UNKNOWN_OR_AMBIGUOUS,UNKNOWN_OPEN_WEIGHTS,LICENSE_RECORDED,COMPLETE_SIX_TASK,True,6,NOT_IN_T05_BRIDGE,NOT_APPLICABLE,False,False,OBSERVED_DESCRIPTION
MODEL::ValiantLabs_Llama3.2-3B-Esper2,ValiantLabs_Llama3.2-3B-Esper2,model::ValiantLabs/Llama3.2-3B-Esper2,ValiantLabs/Llama3.2-3B-Esper2,Llama,3.213,>3B to <20B,2024-10-09,2024_H2,UNKNOWN_OPEN_WEIGHTS,LICENSE_RECORDED,COMPLETE_SIX_TASK,True,6,NOT_IN_T05_BRIDGE,NOT_APPLICABLE,False,False,OBSERVED_DESCRIPTION
MODEL::Weyaxi_Einstein-v6.1-Llama3-8B,Weyaxi_Einstein-v6.1-Llama3-8B,model::Weyaxi/Einstein-v6.1-Llama3-8B,Weyaxi/Einstein-v6.1-Llama3-8B,Llama,8.03,>3B to <20B,2024-06-26,2024_H1,UNKNOWN_OPEN_WEIGHTS,LICENSE_RECORDED,COMPLETE_SIX_TASK,True,6,NOT_IN_T05_BRIDGE,NOT_APPLICABLE,False,False,OBSERVED_DESCRIPTION
MODEL::Weyaxi_Einstein-v6.1-developed-by-Weyaxi-Llama3-8B,Weyaxi_Einstein-v6.1-developed-by-Weyaxi-Llama3-8B,model::Weyaxi/Einstein-v6.1-developed-by-Weyaxi-Llama3-8B,Weyaxi/Einstein-v6.1-developed-by-Weyaxi-Llama3-8B,Llama,8.03,>3B to <20B,2024-06-26,2024_H1,UNKNOWN_OPEN_WEIGHTS,LICENSE_RECORDED,COMPLETE_SIX_TASK,True,6,NOT_IN_T05_BRIDGE,NOT_APPLICABLE,False,False,OBSERVED_DESCRIPTION
MODEL::Weyaxi_Einstein-v7-Qwen2-7B,Weyaxi_Einstein-v7-Qwen2-7B,model::Weyaxi/Einstein-v7-Qwen2-7B,Weyaxi/Einstein-v7-Qwen2-7B,Qwen,7.616,>3B to <20B,2024-06-26,2024_H1,UNKNOWN_OPEN_WEIGHTS,LICENSE_RECORDED,COMPLETE_SIX_TASK,True,6,NOT_IN_T05_BRIDGE,NOT_APPLICABLE,False,False,OBSERVED_DESCRIPTION
MODEL::Xiaojian9992024_Llama3.2-1B-THREADRIPPER,Xiaojian9992024_Llama3.2-1B-THREADRIPPER,model::Xiaojian9992024/Llama3.2-1B-THREADRIPPER,Xiaojian9992024/Llama3.2-1B-THREADRIPPER,Llama,1.236,<=3B,2025-02-03,2025_Q1,UNKNOWN_OPEN_WEIGHTS,UNKNOWN_LICENSE,COMPLETE_SIX_TASK,True,6,NOT_IN_T05_BRIDGE,NOT_APPLICABLE,False,False,OBSERVED_DESCRIPTION
MODEL::Xiaojian9992024_Llama3.2-1B-THREADRIPPER-v0.2,Xiaojian9992024_Llama3.2-1B-THREADRIPPER-v0.2,model::Xiaojian9992024/Llama3.2-1B-THREADRIPPER-v0.2,Xiaojian9992024/Llama3.2-1B-THREADRIPPER-v0.2,Llama,1.236,<=3B,2025-02-03,2025_Q1,UNKNOWN_OPEN_WEIGHTS,UNKNOWN_LICENSE,COMPLETE_SIX_TASK,True,6,NOT_IN_T05_BRIDGE,NOT_APPLICABLE,False,False,OBSERVED_DESCRIPTION
MODEL::Xiaojian9992024_Qwen2.5-THREADRIPPER-Medium-Censored,Xiaojian9992024_Qwen2.5-THREADRIPPER-Medium-Censored,model::Xiaojian9992024/Qwen2.5-THREADRIPPER-Medium-Censored,Xiaojian9992024/Qwen2.5-THREADRIPPER-Medium-Censored,Qwen,14.77,>3B to <20B,2025-02-07,2025_Q1,UNKNOWN_OPEN_WEIGHTS,UNKNOWN_LICENSE,COMPLETE_SIX_TASK,True,6,NOT_IN_T05_BRIDGE,NOT_APPLICABLE,False,False,OBSERVED_DESCRIPTION
MODEL::Xiaojian9992024_Qwen2.5-Ultra-1.5B-25.02-Exp,Xiaojian9992024_Qwen2.5-Ultra-1.5B-25.02-Exp,model::Xiaojian9992024/Qwen2.5-Ultra-1.5B-25.02-Exp,Xiaojian9992024/Qwen2.5-Ultra-1.5B-25.02-Exp,Qwen,1.544,<=3B,2025-02-20,2025_Q1,UNKNOWN_OPEN_WEIGHTS,UNKNOWN_LICENSE,COMPLETE_SIX_TASK,True,6,NOT_IN_T05_BRIDGE,NOT_APPLICABLE,False,False,OBSERVED_DESCRIPTION
MODEL::YOYO-AI_Qwen2.5-14B-YOYO-0505,YOYO-AI_Qwen2.5-14B-YOYO-0505,model::YOYO-AI/Qwen2.5-14B-YOYO-0505,YOYO-AI/Qwen2.5-14B-YOYO-0505,Qwen,14.77,>3B to <20B,2025-01-27,2025_Q1,Yes,UNKNOWN_LICENSE,COMPLETE_SIX_TASK,True,6,NOT_IN_T05_BRIDGE,NOT_APPLICABLE,False,False,OBSERVED_DESCRIPTION
MODEL::YOYO-AI_Qwen2.5-14B-YOYO-0805,YOYO-AI_Qwen2.5-14B-YOYO-0805,model::YOYO-AI/Qwen2.5-14B-YOYO-0805,YOYO-AI/Qwen2.5-14B-YOYO-0805,Qwen,14.77,>3B to <20B,2025-01-27,2025_Q1,Yes,UNKNOWN_LICENSE,COMPLETE_SIX_TASK,True,6,NOT_IN_T05_BRIDGE,NOT_APPLICABLE,False,False,OBSERVED_DESCRIPTION
MODEL::YOYO-AI_Qwen2.5-14B-YOYO-1010,YOYO-AI_Qwen2.5-14B-YOYO-1010,model::YOYO-AI/Qwen2.5-14B-YOYO-1010,YOYO-AI/Qwen2.5-14B-YOYO-1010,Qwen,14.77,>3B to <20B,2025-01-25,2025_Q1,Yes,LICENSE_RECORDED,COMPLETE_SIX_TASK,True,6,NOT_IN_T05_BRIDGE,NOT_APPLICABLE,False,False,OBSERVED_DESCRIPTION
MODEL::YOYO-AI_Qwen2.5-14B-YOYO-SCE,YOYO-AI_Qwen2.5-14B-YOYO-SCE,model::YOYO-AI/Qwen2.5-14B-YOYO-SCE,YOYO-AI/Qwen2.5-14B-YOYO-SCE,Qwen,14.77,>3B to <20B,2025-01-31,2025_Q1,Yes,LICENSE_RECORDED,COMPLETE_SIX_TASK,True,6,NOT_IN_T05_BRIDGE,NOT_APPLICABLE,False,False,OBSERVED_DESCRIPTION
MODEL::YOYO-AI_Qwen2.5-14B-YOYO-V4,YOYO-AI_Qwen2.5-14B-YOYO-V4,model::YOYO-AI/Qwen2.5-14B-YOYO-V4,YOYO-AI/Qwen2.5-14B-YOYO-V4,Qwen,14.766,>3B to <20B,2025-03-03,2025_Q1,Yes,LICENSE_RECORDED,COMPLETE_SIX_TASK,True,6,NOT_IN_T05_BRIDGE,NOT_APPLICABLE,False,False,OBSERVED_DESCRIPTION
MODEL::YOYO-AI_Qwen2.5-14B-YOYO-V4-p2,YOYO-AI_Qwen2.5-14B-YOYO-V4-p2,model::YOYO-AI/Qwen2.5-14B-YOYO-V4-p2,YOYO-AI/Qwen2.5-14B-YOYO-V4-p2,Qwen,14.766,>3B to <20B,2025-03-01,2025_Q1,Yes,LICENSE_RECORDED,COMPLETE_SIX_TASK,True,6,NOT_IN_T05_BRIDGE,NOT_APPLICABLE,False,False,OBSERVED_DESCRIPTION
MODEL::YOYO-AI_Qwen2.5-14B-YOYO-latest,YOYO-AI_Qwen2.5-14B-YOYO-latest,model::YOYO-AI/Qwen2.5-14B-YOYO-latest,YOYO-AI/Qwen2.5-14B-YOYO-latest,Qwen,14.77,>3B to <20B,2025-02-02,2025_Q1,Yes,LICENSE_RECORDED,COMPLETE_SIX_TASK,True,6,NOT_IN_T05_BRIDGE,NOT_APPLICABLE,False,False,OBSERVED_DESCRIPTION
MODEL::YOYO-AI_Qwen2.5-14B-YOYO-latest-V2,YOYO-AI_Qwen2.5-14B-YOYO-latest-V2,model::YOYO-AI/Qwen2.5-14B-YOYO-latest-V2,YOYO-AI/Qwen2.5-14B-YOYO-latest-V2,Qwen,14.766,>3B to <20B,2025-02-18,2025_Q1,Yes,LICENSE_RECORDED,COMPLETE_SIX_TASK,True,6,NOT_IN_T05_BRIDGE,NOT_APPLICABLE,False,False,OBSERVED_DESCRIPTION
MODEL::YOYO-AI_Qwen2.5-7B-it-restore,YOYO-AI_Qwen2.5-7B-it-restore,model::YOYO-AI/Qwen2.5-7B-it-restore,YOYO-AI/Qwen2.5-7B-it-restore,Qwen,7.613,>3B to <20B,2025-03-10,2025_Q1,Yes,LICENSE_RECORDED,COMPLETE_SIX_TASK,True,6,NOT_IN_T05_BRIDGE,NOT_APPLICABLE,False,False,OBSERVED_DESCRIPTION
MODEL::YOYO-AI_ZYH-LLM-Qwen2.5-14B,YOYO-AI_ZYH-LLM-Qwen2.5-14B,model::YOYO-AI/ZYH-LLM-Qwen2.5-14B,YOYO-AI/ZYH-LLM-Qwen2.5-14B,Qwen,14.77,>3B to <20B,2025-02-05,2025_Q1,UNKNOWN_OPEN_WEIGHTS,LICENSE_RECORDED,COMPLETE_SIX_TASK,True,6,NOT_IN_T05_BRIDGE,NOT_APPLICABLE,False,False,OBSERVED_DESCRIPTION
MODEL::YOYO-AI_ZYH-LLM-Qwen2.5-14B-V2,YOYO-AI_ZYH-LLM-Qwen2.5-14B-V2,model::YOYO-AI/ZYH-LLM-Qwen2.5-14B-V2,YOYO-AI/ZYH-LLM-Qwen2.5-14B-V2,Qwen,14.766,>3B to <20B,2025-02-08,2025_Q1,UNKNOWN_OPEN_WEIGHTS,LICENSE_RECORDED,COMPLETE_SIX_TASK,True,6,NOT_IN_T05_BRIDGE,NOT_APPLICABLE,False,False,OBSERVED_DESCRIPTION
MODEL::Youlln_ECE-Qwen0.5B-FT-V2,Youlln_ECE-Qwen0.5B-FT-V2,model::Youlln/ECE-Qwen0.5B-FT-V2,Youlln/ECE-Qwen0.5B-FT-V2,Qwen,0.494,<=3B,2024-10-11,2024_H2,UNKNOWN_OPEN_WEIGHTS,LICENSE_RECORDED,COMPLETE_SIX_TASK,True,6,NOT_IN_T05_BRIDGE,NOT_APPLICABLE,False,False,OBSERVED_DESCRIPTION
MODEL::Yuma42_Llama3.1-IgneousIguana-8B,Yuma42_Llama3.1-IgneousIguana-8B,model::Yuma42/Llama3.1-IgneousIguana-8B,Yuma42/Llama3.1-IgneousIguana-8B,Llama,8.03,>3B to <20B,2025-03-10,2025_Q1,UNKNOWN_OPEN_WEIGHTS,LICENSE_RECORDED,COMPLETE_SIX_TASK,True,6,NOT_IN_T05_BRIDGE,NOT_APPLICABLE,False,False,OBSERVED_DESCRIPTION
MODEL::ZeroXClem_Llama-3.1-8B-AthenaSky-MegaMix,ZeroXClem_Llama-3.1-8B-AthenaSky-MegaMix,model::ZeroXClem/Llama-3.1-8B-AthenaSky-MegaMix,ZeroXClem/Llama-3.1-8B-AthenaSky-MegaMix,Llama,8.03,>3B to <20B,2025-03-11,2025_Q1,UNKNOWN_OPEN_WEIGHTS,LICENSE_RECORDED,COMPLETE_SIX_TASK,True,6,NOT_IN_T05_BRIDGE,NOT_APPLICABLE,False,False,OBSERVED_DESCRIPTION
MODEL::ZeroXClem_Llama-3.1-8B-SuperNova-EtherealHermes,ZeroXClem_Llama-3.1-8B-SuperNova-EtherealHermes,model::ZeroXClem/Llama-3.1-8B-SuperNova-EtherealHermes,ZeroXClem/Llama-3.1-8B-SuperNova-EtherealHermes,Llama,8.03,>3B to <20B,2025-03-11,2025_Q1,UNKNOWN_OPEN_WEIGHTS,LICENSE_RECORDED,COMPLETE_SIX_TASK,True,6,NOT_IN_T05_BRIDGE,NOT_APPLICABLE,False,False,OBSERVED_DESCRIPTION
MODEL::ZeroXClem_Qwen-2.5-Aether-SlerpFusion-7B,ZeroXClem_Qwen-2.5-Aether-SlerpFusion-7B,model::ZeroXClem/Qwen-2.5-Aether-SlerpFusion-7B,ZeroXClem/Qwen-2.5-Aether-SlerpFusion-7B,Qwen,7.616,>3B to <20B,2024-11-20,2024_H2,UNKNOWN_OPEN_WEIGHTS,LICENSE_RECORDED,COMPLETE_SIX_TASK,True,6,NOT_IN_T05_BRIDGE,NOT_APPLICABLE,False,False,OBSERVED_DESCRIPTION
MODEL::ZeroXClem_Qwen2.5-7B-HomerAnvita-NerdMix,ZeroXClem_Qwen2.5-7B-HomerAnvita-NerdMix,model::ZeroXClem/Qwen2.5-7B-HomerAnvita-NerdMix,ZeroXClem/Qwen2.5-7B-HomerAnvita-NerdMix,Qwen,7.616,>3B to <20B,2024-11-21,2024_H2,Yes,LICENSE_RECORDED,COMPLETE_SIX_TASK,True,6,NOT_IN_T05_BRIDGE,NOT_APPLICABLE,False,False,OBSERVED_DESCRIPTION
MODEL::abacusai_Liberated-Qwen1.5-14B,abacusai_Liberated-Qwen1.5-14B,model::abacusai/Liberated-Qwen1.5-14B,abacusai/Liberated-Qwen1.5-14B,Qwen,14.0,>3B to <20B,2024-09-05,2024_H2,UNKNOWN_OPEN_WEIGHTS,LICENSE_RECORDED,COMPLETE_SIX_TASK,True,6,NOT_IN_T05_BRIDGE,NOT_APPLICABLE,False,False,OBSERVED_DESCRIPTION
MODEL::abacusai_bigyi-15b,abacusai_bigyi-15b,model::abacusai/bigyi-15b,abacusai/bigyi-15b,Yi,15.058,>3B to <20B,2024-09-17,2024_H2,UNKNOWN_OPEN_WEIGHTS,LICENSE_RECORDED,COMPLETE_SIX_TASK,True,6,NOT_IN_T05_BRIDGE,NOT_APPLICABLE,False,False,OBSERVED_DESCRIPTION
MODEL::abideen_MedPhi-4-14B-v1,abideen_MedPhi-4-14B-v1,model::abideen/MedPhi-4-14B-v1,abideen/MedPhi-4-14B-v1,Phi,14.66,>3B to <20B,2025-01-13,2025_Q1,UNKNOWN_OPEN_WEIGHTS,UNKNOWN_LICENSE,COMPLETE_SIX_TASK,True,6,NOT_IN_T05_BRIDGE,NOT_APPLICABLE,False,False,OBSERVED_DESCRIPTION
MODEL::agentlans_Llama3.1-8B-drill,agentlans_Llama3.1-8B-drill,model::agentlans/Llama3.1-8B-drill,agentlans/Llama3.1-8B-drill,Llama,8.03,>3B to <20B,2024-12-27,2024_H2,UNKNOWN_OPEN_WEIGHTS,UNKNOWN_LICENSE,COMPLETE_SIX_TASK,True,6,NOT_IN_T05_BRIDGE,NOT_APPLICABLE,False,False,OBSERVED_DESCRIPTION
MODEL::agentlans_Llama3.1-Daredevilish,agentlans_Llama3.1-Daredevilish,model::agentlans/Llama3.1-Daredevilish,agentlans/Llama3.1-Daredevilish,Llama,8.03,>3B to <20B,2025-01-22,2025_Q1,UNKNOWN_OPEN_WEIGHTS,LICENSE_RECORDED,COMPLETE_SIX_TASK,True,6,NOT_IN_T05_BRIDGE,NOT_APPLICABLE,False,False,OBSERVED_DESCRIPTION
MODEL::agentlans_Qwen2.5-0.5B-Instruct-CrashCourse-dropout,agentlans_Qwen2.5-0.5B-Instruct-CrashCourse-dropout,model::agentlans/Qwen2.5-0.5B-Instruct-CrashCourse-dropout,agentlans/Qwen2.5-0.5B-Instruct-CrashCourse-dropout,Qwen,0.494,<=3B,2025-01-01,2025_Q1,UNKNOWN_OPEN_WEIGHTS,LICENSE_RECORDED,COMPLETE_SIX_TASK,True,6,NOT_IN_T05_BRIDGE,NOT_APPLICABLE,False,False,OBSERVED_DESCRIPTION
MODEL::akhadangi_Llama3.2.1B.0.01-First,akhadangi_Llama3.2.1B.0.01-First,model::akhadangi/Llama3.2.1B.0.01-First,akhadangi/Llama3.2.1B.0.01-First,Llama,1.236,<=3B,2025-03-10,2025_Q1,UNKNOWN_OPEN_WEIGHTS,LICENSE_RECORDED,COMPLETE_SIX_TASK,True,6,NOT_IN_T05_BRIDGE,NOT_APPLICABLE,False,False,OBSERVED_DESCRIPTION
MODEL::akhadangi_Llama3.2.1B.0.1-First,akhadangi_Llama3.2.1B.0.1-First,model::akhadangi/Llama3.2.1B.0.1-First,akhadangi/Llama3.2.1B.0.1-First,Llama,1.236,<=3B,2025-03-10,2025_Q1,UNKNOWN_OPEN_WEIGHTS,LICENSE_RECORDED,COMPLETE_SIX_TASK,True,6,NOT_IN_T05_BRIDGE,NOT_APPLICABLE,False,False,OBSERVED_DESCRIPTION
MODEL::akhadangi_Llama3.2.1B.BaseFiT,akhadangi_Llama3.2.1B.BaseFiT,model::akhadangi/Llama3.2.1B.BaseFiT,akhadangi/Llama3.2.1B.BaseFiT,Llama,1.236,<=3B,2025-03-10,2025_Q1,UNKNOWN_OPEN_WEIGHTS,LICENSE_RECORDED,COMPLETE_SIX_TASK,True,6,NOT_IN_T05_BRIDGE,NOT_APPLICABLE,False,False,OBSERVED_DESCRIPTION
MODEL::allenai_Llama-3.1-Tulu-3-70B,allenai_Llama-3.1-Tulu-3-70B,model::allenai/Llama-3.1-Tulu-3-70B,allenai/Llama-3.1-Tulu-3-70B,Llama,70.554,>=20B,2024-11-27,2024_H2,UNKNOWN_OPEN_WEIGHTS,LICENSE_RECORDED,COMPLETE_SIX_TASK,True,6,NOT_IN_T05_BRIDGE,NOT_APPLICABLE,False,False,OBSERVED_DESCRIPTION
MODEL::allenai_Llama-3.1-Tulu-3-8B-DPO,allenai_Llama-3.1-Tulu-3-8B-DPO,model::allenai/Llama-3.1-Tulu-3-8B-DPO,allenai/Llama-3.1-Tulu-3-8B-DPO,Llama,8.0,>3B to <20B,2024-11-22,2024_H2,UNKNOWN_OPEN_WEIGHTS,LICENSE_RECORDED,COMPLETE_SIX_TASK,True,6,NOT_IN_T05_BRIDGE,NOT_APPLICABLE,False,False,OBSERVED_DESCRIPTION
MODEL::allenai_Llama-3.1-Tulu-3-8B-RM,allenai_Llama-3.1-Tulu-3-8B-RM,model::allenai/Llama-3.1-Tulu-3-8B-RM,allenai/Llama-3.1-Tulu-3-8B-RM,Llama,8.0,>3B to <20B,2024-11-22,2024_H2,UNKNOWN_OPEN_WEIGHTS,LICENSE_RECORDED,COMPLETE_SIX_TASK,True,6,NOT_IN_T05_BRIDGE,NOT_APPLICABLE,False,False,OBSERVED_DESCRIPTION
MODEL::allenai_Llama-3.1-Tulu-3-8B-SFT,allenai_Llama-3.1-Tulu-3-8B-SFT,model::allenai/Llama-3.1-Tulu-3-8B-SFT,allenai/Llama-3.1-Tulu-3-8B-SFT,Llama,8.03,>3B to <20B,2024-11-22,2024_H2,UNKNOWN_OPEN_WEIGHTS,LICENSE_RECORDED,COMPLETE_SIX_TASK,True,6,NOT_IN_T05_BRIDGE,NOT_APPLICABLE,False,False,OBSERVED_DESCRIPTION
MODEL::allknowingroger_Gemma2Slerp1-2.6B,allknowingroger_Gemma2Slerp1-2.6B,model::allknowingroger/Gemma2Slerp1-2.6B,allknowingroger/Gemma2Slerp1-2.6B,Gemma,2.614,<=3B,2024-12-06,2024_H2,UNKNOWN_OPEN_WEIGHTS,UNKNOWN_LICENSE,COMPLETE_SIX_TASK,True,6,NOT_IN_T05_BRIDGE,NOT_APPLICABLE,False,False,OBSERVED_DESCRIPTION
MODEL::allknowingroger_Gemma2Slerp1-27B,allknowingroger_Gemma2Slerp1-27B,model::allknowingroger/Gemma2Slerp1-27B,allknowingroger/Gemma2Slerp1-27B,Gemma,27.227,>=20B,2024-12-06,2024_H2,UNKNOWN_OPEN_WEIGHTS,LICENSE_RECORDED,COMPLETE_SIX_TASK,True,6,NOT_IN_T05_BRIDGE,NOT_APPLICABLE,False,False,OBSERVED_DESCRIPTION
MODEL::allknowingroger_Gemma2Slerp2-27B,allknowingroger_Gemma2Slerp2-27B,model::allknowingroger/Gemma2Slerp2-27B,allknowingroger/Gemma2Slerp2-27B,Gemma,27.227,>=20B,2024-12-06,2024_H2,UNKNOWN_OPEN_WEIGHTS,LICENSE_RECORDED,COMPLETE_SIX_TASK,True,6,NOT_IN_T05_BRIDGE,NOT_APPLICABLE,False,False,OBSERVED_DESCRIPTION
MODEL::allknowingroger_Gemma2Slerp4-27B,allknowingroger_Gemma2Slerp4-27B,model::allknowingroger/Gemma2Slerp4-27B,allknowingroger/Gemma2Slerp4-27B,Gemma,27.227,>=20B,2024-12-06,2024_H2,UNKNOWN_OPEN_WEIGHTS,LICENSE_RECORDED,COMPLETE_SIX_TASK,True,6,NOT_IN_T05_BRIDGE,NOT_APPLICABLE,False,False,OBSERVED_DESCRIPTION
MODEL::allknowingroger_GemmaSlerp5-10B,allknowingroger_GemmaSlerp5-10B,model::allknowingroger/GemmaSlerp5-10B,allknowingroger/GemmaSlerp5-10B,Gemma,10.159,>3B to <20B,2024-11-22,2024_H2,UNKNOWN_OPEN_WEIGHTS,LICENSE_RECORDED,COMPLETE_SIX_TASK,True,6,NOT_IN_T05_BRIDGE,NOT_APPLICABLE,False,False,OBSERVED_DESCRIPTION
MODEL::allknowingroger_GemmaStock1-27B,allknowingroger_GemmaStock1-27B,model::allknowingroger/GemmaStock1-27B,allknowingroger/GemmaStock1-27B,Gemma,27.227,>=20B,2024-12-06,2024_H2,UNKNOWN_OPEN_WEIGHTS,LICENSE_RECORDED,COMPLETE_SIX_TASK,True,6,NOT_IN_T05_BRIDGE,NOT_APPLICABLE,False,False,OBSERVED_DESCRIPTION
MODEL::allknowingroger_Llama3.1-60B,allknowingroger_Llama3.1-60B,model::allknowingroger/Llama3.1-60B,allknowingroger/Llama3.1-60B,Llama,61.997,>=20B,2024-10-08,2024_H2,UNKNOWN_OPEN_WEIGHTS,UNKNOWN_LICENSE,COMPLETE_SIX_TASK,True,6,NOT_IN_T05_BRIDGE,NOT_APPLICABLE,False,False,OBSERVED_DESCRIPTION
MODEL::allknowingroger_MistralPhi3-11B,allknowingroger_MistralPhi3-11B,model::allknowingroger/MistralPhi3-11B,allknowingroger/MistralPhi3-11B,Mistral,11.234,>3B to <20B,2024-09-02,2024_H2,UNKNOWN_OPEN_WEIGHTS,LICENSE_RECORDED,COMPLETE_SIX_TASK,True,6,NOT_IN_T05_BRIDGE,NOT_APPLICABLE,False,False,OBSERVED_DESCRIPTION
MODEL::allknowingroger_Mistralmash2-7B-s,allknowingroger_Mistralmash2-7B-s,model::allknowingroger/Mistralmash2-7B-s,allknowingroger/Mistralmash2-7B-s,Mistral,7.242,>3B to <20B,2024-09-02,2024_H2,UNKNOWN_OPEN_WEIGHTS,LICENSE_RECORDED,COMPLETE_SIX_TASK,True,6,NOT_IN_T05_BRIDGE,NOT_APPLICABLE,False,False,OBSERVED_DESCRIPTION
MODEL::allknowingroger_Phi3mash1-17B-pass,allknowingroger_Phi3mash1-17B-pass,model::allknowingroger/Phi3mash1-17B-pass,allknowingroger/Phi3mash1-17B-pass,Phi,16.687,>3B to <20B,2024-09-02,2024_H2,UNKNOWN_OPEN_WEIGHTS,LICENSE_RECORDED,COMPLETE_SIX_TASK,True,6,NOT_IN_T05_BRIDGE,NOT_APPLICABLE,False,False,OBSERVED_DESCRIPTION
MODEL::allknowingroger_Qwen2.5-42B-AGI,allknowingroger_Qwen2.5-42B-AGI,model::allknowingroger/Qwen2.5-42B-AGI,allknowingroger/Qwen2.5-42B-AGI,Qwen,42.516,>=20B,2024-10-21,2024_H2,UNKNOWN_OPEN_WEIGHTS,UNKNOWN_LICENSE,COMPLETE_SIX_TASK,True,6,NOT_IN_T05_BRIDGE,NOT_APPLICABLE,False,False,OBSERVED_DESCRIPTION
MODEL::allknowingroger_Qwen2.5-7B-task3,allknowingroger_Qwen2.5-7B-task3,model::allknowingroger/Qwen2.5-7B-task3,allknowingroger/Qwen2.5-7B-task3,Qwen,7.616,>3B to <20B,2024-11-04,2024_H2,Yes,LICENSE_RECORDED,COMPLETE_SIX_TASK,True,6,NOT_IN_T05_BRIDGE,NOT_APPLICABLE,False,False,OBSERVED_DESCRIPTION
MODEL::allknowingroger_Qwen2.5-7B-task4,allknowingroger_Qwen2.5-7B-task4,model::allknowingroger/Qwen2.5-7B-task4,allknowingroger/Qwen2.5-7B-task4,Qwen,7.616,>3B to <20B,2024-11-04,2024_H2,Yes,LICENSE_RECORDED,COMPLETE_SIX_TASK,True,6,NOT_IN_T05_BRIDGE,NOT_APPLICABLE,False,False,OBSERVED_DESCRIPTION
MODEL::allknowingroger_QwenSlerp12-7B,allknowingroger_QwenSlerp12-7B,model::allknowingroger/QwenSlerp12-7B,allknowingroger/QwenSlerp12-7B,Qwen,7.616,>3B to <20B,2024-11-22,2024_H2,UNKNOWN_OPEN_WEIGHTS,LICENSE_RECORDED,COMPLETE_SIX_TASK,True,6,NOT_IN_T05_BRIDGE,NOT_APPLICABLE,False,False,OBSERVED_DESCRIPTION
MODEL::allknowingroger_QwenSlerp4-14B,allknowingroger_QwenSlerp4-14B,model::allknowingroger/QwenSlerp4-14B,allknowingroger/QwenSlerp4-14B,Qwen,14.766,>3B to <20B,2024-12-06,2024_H2,UNKNOWN_OPEN_WEIGHTS,UNKNOWN_LICENSE,COMPLETE_SIX_TASK,True,6,NOT_IN_T05_BRIDGE,NOT_APPLICABLE,False,False,OBSERVED_DESCRIPTION
MODEL::allknowingroger_QwenSlerp6-14B,allknowingroger_QwenSlerp6-14B,model::allknowingroger/QwenSlerp6-14B,allknowingroger/QwenSlerp6-14B,Qwen,14.766,>3B to <20B,2024-12-06,2024_H2,UNKNOWN_OPEN_WEIGHTS,LICENSE_RECORDED,COMPLETE_SIX_TASK,True,6,NOT_IN_T05_BRIDGE,NOT_APPLICABLE,False,False,OBSERVED_DESCRIPTION
MODEL::allknowingroger_QwenStock1-14B,allknowingroger_QwenStock1-14B,model::allknowingroger/QwenStock1-14B,allknowingroger/QwenStock1-14B,Qwen,14.766,>3B to <20B,2024-12-06,2024_H2,UNKNOWN_OPEN_WEIGHTS,LICENSE_RECORDED,COMPLETE_SIX_TASK,True,6,NOT_IN_T05_BRIDGE,NOT_APPLICABLE,False,False,OBSERVED_DESCRIPTION
MODEL::allknowingroger_QwenStock2-14B,allknowingroger_QwenStock2-14B,model::allknowingroger/QwenStock2-14B,allknowingroger/QwenStock2-14B,Qwen,14.766,>3B to <20B,2024-12-06,2024_H2,UNKNOWN_OPEN_WEIGHTS,LICENSE_RECORDED,COMPLETE_SIX_TASK,True,6,NOT_IN_T05_BRIDGE,NOT_APPLICABLE,False,False,OBSERVED_DESCRIPTION
MODEL::allknowingroger_Qwenslerp3-14B,allknowingroger_Qwenslerp3-14B,model::allknowingroger/Qwenslerp3-14B,allknowingroger/Qwenslerp3-14B,Qwen,14.77,>3B to <20B,2024-10-21,2024_H2,UNKNOWN_OPEN_WEIGHTS,LICENSE_RECORDED,COMPLETE_SIX_TASK,True,6,NOT_IN_T05_BRIDGE,NOT_APPLICABLE,False,False,OBSERVED_DESCRIPTION
MODEL::allknowingroger_Qwenslerp3-7B,allknowingroger_Qwenslerp3-7B,model::allknowingroger/Qwenslerp3-7B,allknowingroger/Qwenslerp3-7B,Qwen,7.616,>3B to <20B,2024-11-04,2024_H2,UNKNOWN_OPEN_WEIGHTS,LICENSE_RECORDED,COMPLETE_SIX_TASK,True,6,NOT_IN_T05_BRIDGE,NOT_APPLICABLE,False,False,OBSERVED_DESCRIPTION
MODEL::allknowingroger_ROGERphi-7B-slerp,allknowingroger_ROGERphi-7B-slerp,model::allknowingroger/ROGERphi-7B-slerp,allknowingroger/ROGERphi-7B-slerp,Phi,7.242,>3B to <20B,2024-06-26,2024_H1,UNKNOWN_OPEN_WEIGHTS,LICENSE_RECORDED,COMPLETE_SIX_TASK,True,6,NOT_IN_T05_BRIDGE,NOT_APPLICABLE,False,False,OBSERVED_DESCRIPTION
MODEL::allknowingroger_Rombos-LLM-V2.5-Qwen-42b,allknowingroger_Rombos-LLM-V2.5-Qwen-42b,model::allknowingroger/Rombos-LLM-V2.5-Qwen-42b,allknowingroger/Rombos-LLM-V2.5-Qwen-42b,Qwen,42.516,>=20B,2024-10-21,2024_H2,UNKNOWN_OPEN_WEIGHTS,UNKNOWN_LICENSE,COMPLETE_SIX_TASK,True,6,NOT_IN_T05_BRIDGE,NOT_APPLICABLE,False,False,OBSERVED_DESCRIPTION
MODEL::allknowingroger_Yi-1.5-34B,allknowingroger_Yi-1.5-34B,model::allknowingroger/Yi-1.5-34B,allknowingroger/Yi-1.5-34B,Yi,34.389,>=20B,2024-10-21,2024_H2,Yes,UNKNOWN_LICENSE,COMPLETE_SIX_TASK,True,6,NOT_IN_T05_BRIDGE,NOT_APPLICABLE,False,False,OBSERVED_DESCRIPTION
MODEL::allknowingroger_Yislerp-34B,allknowingroger_Yislerp-34B,model::allknowingroger/Yislerp-34B,allknowingroger/Yislerp-34B,Yi,34.389,>=20B,2024-09-19,2024_H2,UNKNOWN_OPEN_WEIGHTS,LICENSE_RECORDED,COMPLETE_SIX_TASK,True,6,NOT_IN_T05_BRIDGE,NOT_APPLICABLE,False,False,OBSERVED_DESCRIPTION
MODEL::allknowingroger_Yislerp2-34B,allknowingroger_Yislerp2-34B,model::allknowingroger/Yislerp2-34B,allknowingroger/Yislerp2-34B,Yi,34.389,>=20B,2024-10-08,2024_H2,UNKNOWN_OPEN_WEIGHTS,LICENSE_RECORDED,COMPLETE_SIX_TASK,True,6,NOT_IN_T05_BRIDGE,NOT_APPLICABLE,False,False,OBSERVED_DESCRIPTION
MODEL::allura-org_Mistral-Small-24b-Sertraline-0304,allura-org_Mistral-Small-24b-Sertraline-0304,model::allura-org/Mistral-Small-24b-Sertraline-0304,allura-org/Mistral-Small-24b-Sertraline-0304,Mistral,23.572,>=20B,2025-03-04,2025_Q1,UNKNOWN_OPEN_WEIGHTS,LICENSE_RECORDED,COMPLETE_SIX_TASK,True,6,NOT_IN_T05_BRIDGE,NOT_APPLICABLE,False,False,OBSERVED_DESCRIPTION
MODEL::amazon_MegaBeam-Mistral-7B-300k,amazon_MegaBeam-Mistral-7B-300k,model::amazon/MegaBeam-Mistral-7B-300k,amazon/MegaBeam-Mistral-7B-300k,Mistral,7.242,>3B to <20B,2024-10-07,2024_H2,UNKNOWN_OPEN_WEIGHTS,LICENSE_RECORDED,COMPLETE_SIX_TASK,True,6,NOT_IN_T05_BRIDGE,NOT_APPLICABLE,False,False,OBSERVED_DESCRIPTION
MODEL::anakin87_gemma-2b-orpo,anakin87_gemma-2b-orpo,model::anakin87/gemma-2b-orpo,anakin87/gemma-2b-orpo,Gemma,2.506,<=3B,2024-07-06,2024_H2,UNKNOWN_OPEN_WEIGHTS,LICENSE_RECORDED,COMPLETE_SIX_TASK,True,6,NOT_IN_T05_BRIDGE,NOT_APPLICABLE,False,False,OBSERVED_DESCRIPTION
MODEL::arcee-ai_Llama-3.1-SuperNova-Lite,arcee-ai_Llama-3.1-SuperNova-Lite,model::arcee-ai/Llama-3.1-SuperNova-Lite,arcee-ai/Llama-3.1-SuperNova-Lite,Llama,8.03,>3B to <20B,2024-09-17,2024_H2,UNKNOWN_OPEN_WEIGHTS,LICENSE_RECORDED,COMPLETE_SIX_TASK,True,6,NOT_IN_T05_BRIDGE,NOT_APPLICABLE,False,False,OBSERVED_DESCRIPTION
MODEL::asharsha30_LLAMA_Harsha_8_B_ORDP_10k,asharsha30_LLAMA_Harsha_8_B_ORDP_10k,model::asharsha30/LLAMA_Harsha_8_B_ORDP_10k,asharsha30/LLAMA_Harsha_8_B_ORDP_10k,Llama,8.03,>3B to <20B,2024-12-01,2024_H2,UNKNOWN_OPEN_WEIGHTS,LICENSE_RECORDED,COMPLETE_SIX_TASK,True,6,NOT_IN_T05_BRIDGE,NOT_APPLICABLE,False,False,OBSERVED_DESCRIPTION
MODEL::awnr_Mistral-7B-v0.1-signtensors-1-over-4,awnr_Mistral-7B-v0.1-signtensors-1-over-4,model::awnr/Mistral-7B-v0.1-signtensors-1-over-4,awnr/Mistral-7B-v0.1-signtensors-1-over-4,Mistral,7.0,>3B to <20B,2024-07-29,2024_H2,UNKNOWN_OPEN_WEIGHTS,LICENSE_RECORDED,COMPLETE_SIX_TASK,True,6,NOT_IN_T05_BRIDGE,NOT_APPLICABLE,False,False,OBSERVED_DESCRIPTION
MODEL::axolotl-ai-co_romulus-mistral-nemo-12b-simpo,axolotl-ai-co_romulus-mistral-nemo-12b-simpo,model::axolotl-ai-co/romulus-mistral-nemo-12b-simpo,axolotl-ai-co/romulus-mistral-nemo-12b-simpo,Mistral,12.248,>3B to <20B,2024-09-21,2024_H2,UNKNOWN_OPEN_WEIGHTS,LICENSE_RECORDED,COMPLETE_SIX_TASK,True,6,NOT_IN_T05_BRIDGE,NOT_APPLICABLE,False,False,OBSERVED_DESCRIPTION
MODEL::bedio_DistMerge_Llama-3.1-8B-Instruct,bedio_DistMerge_Llama-3.1-8B-Instruct,model::bedio/DistMerge_Llama-3.1-8B-Instruct,bedio/DistMerge_Llama-3.1-8B-Instruct,Llama,,UNKNOWN,,UNKNOWN_OR_AMBIGUOUS,,,COMPLETE_SIX_TASK,True,6,NOT_IN_T05_BRIDGE,NOT_APPLICABLE,False,False,OBSERVED_DESCRIPTION
MODEL::bigscience_bloom-1b1,bigscience_bloom-1b1,model::bigscience/bloom-1b1,bigscience/bloom-1b1,BLOOM,1.065,<=3B,2024-06-13,2024_H1,Yes,LICENSE_RECORDED,COMPLETE_SIX_TASK,True,6,NOT_IN_T05_BRIDGE,NOT_APPLICABLE,False,False,OBSERVED_DESCRIPTION
MODEL::bosonai_Higgs-Llama-3-70B,bosonai_Higgs-Llama-3-70B,model::bosonai/Higgs-Llama-3-70B,bosonai/Higgs-Llama-3-70B,Llama,70.554,>=20B,2024-09-18,2024_H2,UNKNOWN_OPEN_WEIGHTS,LICENSE_RECORDED,COMPLETE_SIX_TASK,True,6,NOT_IN_T05_BRIDGE,NOT_APPLICABLE,False,False,OBSERVED_DESCRIPTION
MODEL::braindao_DeepSeek-R1-Distill-Qwen-1.5B-Blunt,braindao_DeepSeek-R1-Distill-Qwen-1.5B-Blunt,model::braindao/DeepSeek-R1-Distill-Qwen-1.5B-Blunt,braindao/DeepSeek-R1-Distill-Qwen-1.5B-Blunt,Qwen,1.777,<=3B,2025-02-20,2025_Q1,Yes,UNKNOWN_LICENSE,COMPLETE_SIX_TASK,True,6,NOT_IN_T05_BRIDGE,NOT_APPLICABLE,False,False,OBSERVED_DESCRIPTION
MODEL::braindao_DeepSeek-R1-Distill-Qwen-14B-Blunt,braindao_DeepSeek-R1-Distill-Qwen-14B-Blunt,model::braindao/DeepSeek-R1-Distill-Qwen-14B-Blunt,braindao/DeepSeek-R1-Distill-Qwen-14B-Blunt,Qwen,14.77,>3B to <20B,2025-03-03,2025_Q1,Yes,UNKNOWN_LICENSE,COMPLETE_SIX_TASK,True,6,NOT_IN_T05_BRIDGE,NOT_APPLICABLE,False,False,OBSERVED_DESCRIPTION
MODEL::braindao_DeepSeek-R1-Distill-Qwen-14B-Blunt-Uncensored,braindao_DeepSeek-R1-Distill-Qwen-14B-Blunt-Uncensored,model::braindao/DeepSeek-R1-Distill-Qwen-14B-Blunt-Uncensored,braindao/DeepSeek-R1-Distill-Qwen-14B-Blunt-Uncensored,Qwen,14.77,>3B to <20B,2025-03-06,2025_Q1,Yes,UNKNOWN_LICENSE,COMPLETE_SIX_TASK,True,6,NOT_IN_T05_BRIDGE,NOT_APPLICABLE,False,False,OBSERVED_DESCRIPTION
MODEL::braindao_DeepSeek-R1-Distill-Qwen-14B-Blunt-Uncensored-Blunt,braindao_DeepSeek-R1-Distill-Qwen-14B-Blunt-Uncensored-Blunt,model::braindao/DeepSeek-R1-Distill-Qwen-14B-Blunt-Uncensored-Blunt,braindao/DeepSeek-R1-Distill-Qwen-14B-Blunt-Uncensored-Blunt,Qwen,14.77,>3B to <20B,2025-03-03,2025_Q1,Yes,UNKNOWN_LICENSE,COMPLETE_SIX_TASK,True,6,NOT_IN_T05_BRIDGE,NOT_APPLICABLE,False,False,OBSERVED_DESCRIPTION
MODEL::braindao_DeepSeek-R1-Distill-Qwen-7B-Reflective,braindao_DeepSeek-R1-Distill-Qwen-7B-Reflective,model::braindao/DeepSeek-R1-Distill-Qwen-7B-Reflective,braindao/DeepSeek-R1-Distill-Qwen-7B-Reflective,Qwen,7.616,>3B to <20B,2025-03-03,2025_Q1,Yes,UNKNOWN_LICENSE,COMPLETE_SIX_TASK,True,6,NOT_IN_T05_BRIDGE,NOT_APPLICABLE,False,False,OBSERVED_DESCRIPTION
MODEL::braindao_Qwen2.5-14B,braindao_Qwen2.5-14B,model::braindao/Qwen2.5-14B,braindao/Qwen2.5-14B,Qwen,14.77,>3B to <20B,2025-03-06,2025_Q1,Yes,LICENSE_RECORDED,COMPLETE_SIX_TASK,True,6,NOT_IN_T05_BRIDGE,NOT_APPLICABLE,False,False,OBSERVED_DESCRIPTION
MODEL::bunnycore_FuseCyberMix-Qwen-2.5-7B-Instruct,bunnycore_FuseCyberMix-Qwen-2.5-7B-Instruct,model::bunnycore/FuseCyberMix-Qwen-2.5-7B-Instruct,bunnycore/FuseCyberMix-Qwen-2.5-7B-Instruct,Qwen,7.616,>3B to <20B,2024-12-20,2024_H2,UNKNOWN_OPEN_WEIGHTS,UNKNOWN_LICENSE,COMPLETE_SIX_TASK,True,6,NOT_IN_T05_BRIDGE,NOT_APPLICABLE,False,False,OBSERVED_DESCRIPTION
MODEL::bunnycore_Gemma2-9B-TitanFusion,bunnycore_Gemma2-9B-TitanFusion,model::bunnycore/Gemma2-9B-TitanFusion,bunnycore/Gemma2-9B-TitanFusion,Gemma,10.159,>3B to <20B,2025-02-13,2025_Q1,UNKNOWN_OPEN_WEIGHTS,UNKNOWN_LICENSE,COMPLETE_SIX_TASK,True,6,NOT_IN_T05_BRIDGE,NOT_APPLICABLE,False,False,OBSERVED_DESCRIPTION
MODEL::bunnycore_HyperLlama-3.1-8B,bunnycore_HyperLlama-3.1-8B,model::bunnycore/HyperLlama-3.1-8B,bunnycore/HyperLlama-3.1-8B,Llama,8.03,>3B to <20B,2024-09-05,2024_H2,UNKNOWN_OPEN_WEIGHTS,LICENSE_RECORDED,COMPLETE_SIX_TASK,True,6,NOT_IN_T05_BRIDGE,NOT_APPLICABLE,False,False,OBSERVED_DESCRIPTION
MODEL::bunnycore_Llama-3.1-8B-TitanFusion-v3,bunnycore_Llama-3.1-8B-TitanFusion-v3,model::bunnycore/Llama-3.1-8B-TitanFusion-v3,bunnycore/Llama-3.1-8B-TitanFusion-v3,Llama,8.03,>3B to <20B,2024-09-22,2024_H2,UNKNOWN_OPEN_WEIGHTS,UNKNOWN_LICENSE,COMPLETE_SIX_TASK,True,6,NOT_IN_T05_BRIDGE,NOT_APPLICABLE,False,False,OBSERVED_DESCRIPTION
MODEL::bunnycore_Llama-3.2-3B-Deep-Test,bunnycore_Llama-3.2-3B-Deep-Test,model::bunnycore/Llama-3.2-3B-Deep-Test,bunnycore/Llama-3.2-3B-Deep-Test,Llama,,UNKNOWN,,UNKNOWN_OR_AMBIGUOUS,UNKNOWN_OPEN_WEIGHTS,UNKNOWN_LICENSE,COMPLETE_SIX_TASK,True,6,NOT_IN_T05_BRIDGE,NOT_APPLICABLE,False,False,OBSERVED_DESCRIPTION
MODEL::bunnycore_Llama-3.2-3B-Della,bunnycore_Llama-3.2-3B-Della,model::bunnycore/Llama-3.2-3B-Della,bunnycore/Llama-3.2-3B-Della,Llama,3.607,>3B to <20B,2025-01-19,2025_Q1,UNKNOWN_OPEN_WEIGHTS,UNKNOWN_LICENSE,COMPLETE_SIX_TASK,True,6,NOT_IN_T05_BRIDGE,NOT_APPLICABLE,False,False,OBSERVED_DESCRIPTION
MODEL::bunnycore_Llama-3.2-3B-Long-Think,bunnycore_Llama-3.2-3B-Long-Think,model::bunnycore/Llama-3.2-3B-Long-Think,bunnycore/Llama-3.2-3B-Long-Think,Llama,3.213,>3B to <20B,2024-10-24,2024_H2,UNKNOWN_OPEN_WEIGHTS,UNKNOWN_LICENSE,COMPLETE_SIX_TASK,True,6,NOT_IN_T05_BRIDGE,NOT_APPLICABLE,False,False,OBSERVED_DESCRIPTION
MODEL::bunnycore_Llama-3.2-3B-Mix-Skill,bunnycore_Llama-3.2-3B-Mix-Skill,model::bunnycore/Llama-3.2-3B-Mix-Skill,bunnycore/Llama-3.2-3B-Mix-Skill,Llama,3.607,>3B to <20B,2024-10-24,2024_H2,UNKNOWN_OPEN_WEIGHTS,UNKNOWN_LICENSE,COMPLETE_SIX_TASK,True,6,NOT_IN_T05_BRIDGE,NOT_APPLICABLE,False,False,OBSERVED_DESCRIPTION
MODEL::bunnycore_Llama-3.2-3B-ProdigyPlus,bunnycore_Llama-3.2-3B-ProdigyPlus,model::bunnycore/Llama-3.2-3B-ProdigyPlus,bunnycore/Llama-3.2-3B-ProdigyPlus,Llama,3.607,>3B to <20B,2024-10-25,2024_H2,UNKNOWN_OPEN_WEIGHTS,UNKNOWN_LICENSE,COMPLETE_SIX_TASK,True,6,NOT_IN_T05_BRIDGE,NOT_APPLICABLE,False,False,OBSERVED_DESCRIPTION
MODEL::bunnycore_Llama-3.2-3B-ToxicKod,bunnycore_Llama-3.2-3B-ToxicKod,model::bunnycore/Llama-3.2-3B-ToxicKod,bunnycore/Llama-3.2-3B-ToxicKod,Llama,3.213,>3B to <20B,2025-03-11,2025_Q1,UNKNOWN_OPEN_WEIGHTS,UNKNOWN_LICENSE,COMPLETE_SIX_TASK,True,6,NOT_IN_T05_BRIDGE,NOT_APPLICABLE,False,False,OBSERVED_DESCRIPTION
MODEL::bunnycore_Phi-3.5-mini-TitanFusion-0.1,bunnycore_Phi-3.5-mini-TitanFusion-0.1,model::bunnycore/Phi-3.5-mini-TitanFusion-0.1,bunnycore/Phi-3.5-mini-TitanFusion-0.1,Phi,3.821,>3B to <20B,2024-10-13,2024_H2,Yes,UNKNOWN_LICENSE,COMPLETE_SIX_TASK,True,6,NOT_IN_T05_BRIDGE,NOT_APPLICABLE,False,False,OBSERVED_DESCRIPTION
MODEL::bunnycore_Phi-4-Model-Stock-v4,bunnycore_Phi-4-Model-Stock-v4,model::bunnycore/Phi-4-Model-Stock-v4,bunnycore/Phi-4-Model-Stock-v4,Phi,14.66,>3B to <20B,2025-01-25,2025_Q1,Yes,UNKNOWN_LICENSE,COMPLETE_SIX_TASK,True,6,NOT_IN_T05_BRIDGE,NOT_APPLICABLE,False,False,OBSERVED_DESCRIPTION
MODEL::bunnycore_Phi-4-RP-v0,bunnycore_Phi-4-RP-v0,model::bunnycore/Phi-4-RP-v0,bunnycore/Phi-4-RP-v0,Phi,14.66,>3B to <20B,2025-01-10,2025_Q1,Yes,LICENSE_RECORDED,COMPLETE_SIX_TASK,True,6,NOT_IN_T05_BRIDGE,NOT_APPLICABLE,False,False,OBSERVED_DESCRIPTION
MODEL::bunnycore_Phi-4-RR-Shoup,bunnycore_Phi-4-RR-Shoup,model::bunnycore/Phi-4-RR-Shoup,bunnycore/Phi-4-RR-Shoup,Phi,14.66,>3B to <20B,2025-02-02,2025_Q1,Yes,UNKNOWN_LICENSE,COMPLETE_SIX_TASK,True,6,NOT_IN_T05_BRIDGE,NOT_APPLICABLE,False,False,OBSERVED_DESCRIPTION
MODEL::bunnycore_Phi-4-ReasoningRP,bunnycore_Phi-4-ReasoningRP,model::bunnycore/Phi-4-ReasoningRP,bunnycore/Phi-4-ReasoningRP,Phi,14.66,>3B to <20B,2025-01-28,2025_Q1,Yes,LICENSE_RECORDED,COMPLETE_SIX_TASK,True,6,NOT_IN_T05_BRIDGE,NOT_APPLICABLE,False,False,OBSERVED_DESCRIPTION
MODEL::bunnycore_Phi-4-Sce-exp-v0.1,bunnycore_Phi-4-Sce-exp-v0.1,model::bunnycore/Phi-4-Sce-exp-v0.1,bunnycore/Phi-4-Sce-exp-v0.1,Phi,14.66,>3B to <20B,2025-02-07,2025_Q1,Yes,UNKNOWN_LICENSE,COMPLETE_SIX_TASK,True,6,NOT_IN_T05_BRIDGE,NOT_APPLICABLE,False,False,OBSERVED_DESCRIPTION
MODEL::bunnycore_Phi-4-Stock-Ex,bunnycore_Phi-4-Stock-Ex,model::bunnycore/Phi-4-Stock-Ex,bunnycore/Phi-4-Stock-Ex,Phi,14.66,>3B to <20B,2025-01-16,2025_Q1,Yes,UNKNOWN_LICENSE,COMPLETE_SIX_TASK,True,6,NOT_IN_T05_BRIDGE,NOT_APPLICABLE,False,False,OBSERVED_DESCRIPTION
MODEL::bunnycore_Phi-4-Stock-RP,bunnycore_Phi-4-Stock-RP,model::bunnycore/Phi-4-Stock-RP,bunnycore/Phi-4-Stock-RP,Phi,14.66,>3B to <20B,2025-01-12,2025_Q1,Yes,LICENSE_RECORDED,COMPLETE_SIX_TASK,True,6,NOT_IN_T05_BRIDGE,NOT_APPLICABLE,False,False,OBSERVED_DESCRIPTION
MODEL::bunnycore_Phi-4-Trim-Exp1,bunnycore_Phi-4-Trim-Exp1,model::bunnycore/Phi-4-Trim-Exp1,bunnycore/Phi-4-Trim-Exp1,Phi,7.503,>3B to <20B,2025-02-14,2025_Q1,Yes,UNKNOWN_LICENSE,COMPLETE_SIX_TASK,True,6,NOT_IN_T05_BRIDGE,NOT_APPLICABLE,False,False,OBSERVED_DESCRIPTION
MODEL::bunnycore_Qwen-2.5-7B-Deep-Stock-v1,bunnycore_Qwen-2.5-7B-Deep-Stock-v1,model::bunnycore/Qwen-2.5-7B-Deep-Stock-v1,bunnycore/Qwen-2.5-7B-Deep-Stock-v1,Qwen,7.613,>3B to <20B,2025-01-25,2025_Q1,UNKNOWN_OPEN_WEIGHTS,UNKNOWN_LICENSE,COMPLETE_SIX_TASK,True,6,NOT_IN_T05_BRIDGE,NOT_APPLICABLE,False,False,OBSERVED_DESCRIPTION
MODEL::bunnycore_Qwen-2.5-7B-Deep-Stock-v5,bunnycore_Qwen-2.5-7B-Deep-Stock-v5,model::bunnycore/Qwen-2.5-7B-Deep-Stock-v5,bunnycore/Qwen-2.5-7B-Deep-Stock-v5,Qwen,7.613,>3B to <20B,2025-02-16,2025_Q1,UNKNOWN_OPEN_WEIGHTS,UNKNOWN_LICENSE,COMPLETE_SIX_TASK,True,6,NOT_IN_T05_BRIDGE,NOT_APPLICABLE,False,False,OBSERVED_DESCRIPTION
MODEL::bunnycore_Qwen-2.5-7B-Exp-Sce,bunnycore_Qwen-2.5-7B-Exp-Sce,model::bunnycore/Qwen-2.5-7B-Exp-Sce,bunnycore/Qwen-2.5-7B-Exp-Sce,Qwen,7.613,>3B to <20B,2025-02-08,2025_Q1,UNKNOWN_OPEN_WEIGHTS,UNKNOWN_LICENSE,COMPLETE_SIX_TASK,True,6,NOT_IN_T05_BRIDGE,NOT_APPLICABLE,False,False,OBSERVED_DESCRIPTION
MODEL::bunnycore_Qwen-2.5-7b-S1k,bunnycore_Qwen-2.5-7b-S1k,model::bunnycore/Qwen-2.5-7b-S1k,bunnycore/Qwen-2.5-7b-S1k,Qwen,7.613,>3B to <20B,2025-02-20,2025_Q1,UNKNOWN_OPEN_WEIGHTS,UNKNOWN_LICENSE,COMPLETE_SIX_TASK,True,6,NOT_IN_T05_BRIDGE,NOT_APPLICABLE,False,False,OBSERVED_DESCRIPTION
MODEL::bunnycore_Qwen2.5-1.5B-Model-Stock,bunnycore_Qwen2.5-1.5B-Model-Stock,model::bunnycore/Qwen2.5-1.5B-Model-Stock,bunnycore/Qwen2.5-1.5B-Model-Stock,Qwen,1.776,<=3B,2025-02-28,2025_Q1,Yes,UNKNOWN_LICENSE,COMPLETE_SIX_TASK,True,6,NOT_IN_T05_BRIDGE,NOT_APPLICABLE,False,False,OBSERVED_DESCRIPTION
MODEL::bunnycore_Qwen2.5-3B-Model-Stock-v2,bunnycore_Qwen2.5-3B-Model-Stock-v2,model::bunnycore/Qwen2.5-3B-Model-Stock-v2,bunnycore/Qwen2.5-3B-Model-Stock-v2,Qwen,3.396,>3B to <20B,2025-01-15,2025_Q1,Yes,UNKNOWN_LICENSE,COMPLETE_SIX_TASK,True,6,NOT_IN_T05_BRIDGE,NOT_APPLICABLE,False,False,OBSERVED_DESCRIPTION
MODEL::bunnycore_Qwen2.5-3B-Model-Stock-v3.2,bunnycore_Qwen2.5-3B-Model-Stock-v3.2,model::bunnycore/Qwen2.5-3B-Model-Stock-v3.2,bunnycore/Qwen2.5-3B-Model-Stock-v3.2,Qwen,3.396,>3B to <20B,2025-02-26,2025_Q1,Yes,UNKNOWN_LICENSE,COMPLETE_SIX_TASK,True,6,NOT_IN_T05_BRIDGE,NOT_APPLICABLE,False,False,OBSERVED_DESCRIPTION
MODEL::bunnycore_Qwen2.5-3B-Model-Stock-v4.1,bunnycore_Qwen2.5-3B-Model-Stock-v4.1,model::bunnycore/Qwen2.5-3B-Model-Stock-v4.1,bunnycore/Qwen2.5-3B-Model-Stock-v4.1,Qwen,3.396,>3B to <20B,2025-02-28,2025_Q1,Yes,UNKNOWN_LICENSE,COMPLETE_SIX_TASK,True,6,NOT_IN_T05_BRIDGE,NOT_APPLICABLE,False,False,OBSERVED_DESCRIPTION
MODEL::bunnycore_Qwen2.5-3B-RP-Mix,bunnycore_Qwen2.5-3B-RP-Mix,model::bunnycore/Qwen2.5-3B-RP-Mix,bunnycore/Qwen2.5-3B-RP-Mix,Qwen,3.397,>3B to <20B,2024-10-22,2024_H2,Yes,UNKNOWN_LICENSE,COMPLETE_SIX_TASK,True,6,NOT_IN_T05_BRIDGE,NOT_APPLICABLE,False,False,OBSERVED_DESCRIPTION
MODEL::bunnycore_Qwen2.5-7B-Instruct-Fusion,bunnycore_Qwen2.5-7B-Instruct-Fusion,model::bunnycore/Qwen2.5-7B-Instruct-Fusion,bunnycore/Qwen2.5-7B-Instruct-Fusion,Qwen,7.616,>3B to <20B,2024-11-02,2024_H2,Yes,UNKNOWN_LICENSE,COMPLETE_SIX_TASK,True,6,NOT_IN_T05_BRIDGE,NOT_APPLICABLE,False,False,OBSERVED_DESCRIPTION
MODEL::bunnycore_Qwen2.5-7B-MixStock-Sce-V0.3,bunnycore_Qwen2.5-7B-MixStock-Sce-V0.3,model::bunnycore/Qwen2.5-7B-MixStock-Sce-V0.3,bunnycore/Qwen2.5-7B-MixStock-Sce-V0.3,Qwen,7.613,>3B to <20B,2025-02-14,2025_Q1,Yes,UNKNOWN_LICENSE,COMPLETE_SIX_TASK,True,6,NOT_IN_T05_BRIDGE,NOT_APPLICABLE,False,False,OBSERVED_DESCRIPTION
MODEL::bunnycore_Qwen2.5-7B-MixStock-V0.1,bunnycore_Qwen2.5-7B-MixStock-V0.1,model::bunnycore/Qwen2.5-7B-MixStock-V0.1,bunnycore/Qwen2.5-7B-MixStock-V0.1,Qwen,7.613,>3B to <20B,2025-02-05,2025_Q1,Yes,UNKNOWN_LICENSE,COMPLETE_SIX_TASK,True,6,NOT_IN_T05_BRIDGE,NOT_APPLICABLE,False,False,OBSERVED_DESCRIPTION
MODEL::bunnycore_Qwen2.5-7B-R1-Bespoke-Stock,bunnycore_Qwen2.5-7B-R1-Bespoke-Stock,model::bunnycore/Qwen2.5-7B-R1-Bespoke-Stock,bunnycore/Qwen2.5-7B-R1-Bespoke-Stock,Qwen,7.613,>3B to <20B,2025-01-25,2025_Q1,Yes,UNKNOWN_LICENSE,COMPLETE_SIX_TASK,True,6,NOT_IN_T05_BRIDGE,NOT_APPLICABLE,False,False,OBSERVED_DESCRIPTION
MODEL::bunnycore_Qwen2.5-7B-R1-Bespoke-Task,bunnycore_Qwen2.5-7B-R1-Bespoke-Task,model::bunnycore/Qwen2.5-7B-R1-Bespoke-Task,bunnycore/Qwen2.5-7B-R1-Bespoke-Task,Qwen,7.613,>3B to <20B,2025-01-25,2025_Q1,Yes,UNKNOWN_LICENSE,COMPLETE_SIX_TASK,True,6,NOT_IN_T05_BRIDGE,NOT_APPLICABLE,False,False,OBSERVED_DESCRIPTION
MODEL::bunnycore_Qwen2.5-7B-Sky-R1-Mini,bunnycore_Qwen2.5-7B-Sky-R1-Mini,model::bunnycore/Qwen2.5-7B-Sky-R1-Mini,bunnycore/Qwen2.5-7B-Sky-R1-Mini,Qwen,7.616,>3B to <20B,2025-02-18,2025_Q1,Yes,UNKNOWN_LICENSE,COMPLETE_SIX_TASK,True,6,NOT_IN_T05_BRIDGE,NOT_APPLICABLE,False,False,OBSERVED_DESCRIPTION
MODEL::bunnycore_Smol-Llama-3.2-3B,bunnycore_Smol-Llama-3.2-3B,model::bunnycore/Smol-Llama-3.2-3B,bunnycore/Smol-Llama-3.2-3B,Llama,3.607,>3B to <20B,2024-12-29,2024_H2,UNKNOWN_OPEN_WEIGHTS,UNKNOWN_LICENSE,COMPLETE_SIX_TASK,True,6,NOT_IN_T05_BRIDGE,NOT_APPLICABLE,False,False,OBSERVED_DESCRIPTION
MODEL::byroneverson_Mistral-Small-Instruct-2409-abliterated,byroneverson_Mistral-Small-Instruct-2409-abliterated,model::byroneverson/Mistral-Small-Instruct-2409-abliterated,byroneverson/Mistral-Small-Instruct-2409-abliterated,Mistral,22.247,>=20B,2024-10-13,2024_H2,UNKNOWN_OPEN_WEIGHTS,LICENSE_RECORDED,COMPLETE_SIX_TASK,True,6,NOT_IN_T05_BRIDGE,NOT_APPLICABLE,False,False,OBSERVED_DESCRIPTION
MODEL::byroneverson_Yi-1.5-9B-Chat-abliterated,byroneverson_Yi-1.5-9B-Chat-abliterated,model::byroneverson/Yi-1.5-9B-Chat-abliterated,byroneverson/Yi-1.5-9B-Chat-abliterated,Yi,8.829,>3B to <20B,2024-09-17,2024_H2,Yes,LICENSE_RECORDED,COMPLETE_SIX_TASK,True,6,NOT_IN_T05_BRIDGE,NOT_APPLICABLE,False,False,OBSERVED_DESCRIPTION
MODEL::carsenk_phi3.5_mini_exp_825_uncensored,carsenk_phi3.5_mini_exp_825_uncensored,model::carsenk/phi3.5_mini_exp_825_uncensored,carsenk/phi3.5_mini_exp_825_uncensored,Phi,3.821,>3B to <20B,2024-08-29,2024_H2,UNKNOWN_OPEN_WEIGHTS,LICENSE_RECORDED,COMPLETE_SIX_TASK,True,6,NOT_IN_T05_BRIDGE,NOT_APPLICABLE,False,False,OBSERVED_DESCRIPTION
MODEL::cat-searcher_gemma-2-9b-it-sppo-iter-1,cat-searcher_gemma-2-9b-it-sppo-iter-1,model::cat-searcher/gemma-2-9b-it-sppo-iter-1,cat-searcher/gemma-2-9b-it-sppo-iter-1,Gemma,9.242,>3B to <20B,2024-08-09,2024_H2,UNKNOWN_OPEN_WEIGHTS,UNKNOWN_LICENSE,COMPLETE_SIX_TASK,True,6,NOT_IN_T05_BRIDGE,NOT_APPLICABLE,False,False,OBSERVED_DESCRIPTION
MODEL::cckm_tinymistral_950m,cckm_tinymistral_950m,model::cckm/tinymistral_950m,cckm/tinymistral_950m,Mistral,0.955,<=3B,2025-01-13,2025_Q1,UNKNOWN_OPEN_WEIGHTS,LICENSE_RECORDED,COMPLETE_SIX_TASK,True,6,NOT_IN_T05_BRIDGE,NOT_APPLICABLE,False,False,OBSERVED_DESCRIPTION
MODEL::chujiezheng_Mistral7B-PairRM-SPPO-ExPO,chujiezheng_Mistral7B-PairRM-SPPO-ExPO,model::chujiezheng/Mistral7B-PairRM-SPPO-ExPO,chujiezheng/Mistral7B-PairRM-SPPO-ExPO,Mistral,7.242,>3B to <20B,2024-09-21,2024_H2,UNKNOWN_OPEN_WEIGHTS,LICENSE_RECORDED,COMPLETE_SIX_TASK,True,6,NOT_IN_T05_BRIDGE,NOT_APPLICABLE,False,False,OBSERVED_DESCRIPTION
MODEL::cloudyu_Llama-3-70Bx2-MOE,cloudyu_Llama-3-70Bx2-MOE,model::cloudyu/Llama-3-70Bx2-MOE,cloudyu/Llama-3-70Bx2-MOE,Llama,126.926,>=20B,2024-06-27,2024_H1,UNKNOWN_OPEN_WEIGHTS,LICENSE_RECORDED,COMPLETE_SIX_TASK,True,6,NOT_IN_T05_BRIDGE,NOT_APPLICABLE,False,False,OBSERVED_DESCRIPTION
MODEL::cognitivecomputations_Dolphin3.0-Qwen2.5-0.5B,cognitivecomputations_Dolphin3.0-Qwen2.5-0.5B,model::cognitivecomputations/Dolphin3.0-Qwen2.5-0.5B,cognitivecomputations/Dolphin3.0-Qwen2.5-0.5B,Qwen,0.494,<=3B,2025-03-02,2025_Q1,UNKNOWN_OPEN_WEIGHTS,LICENSE_RECORDED,COMPLETE_SIX_TASK,True,6,NOT_IN_T05_BRIDGE,NOT_APPLICABLE,False,False,OBSERVED_DESCRIPTION
MODEL::cognitivecomputations_Dolphin3.0-R1-Mistral-24B,cognitivecomputations_Dolphin3.0-R1-Mistral-24B,model::cognitivecomputations/Dolphin3.0-R1-Mistral-24B,cognitivecomputations/Dolphin3.0-R1-Mistral-24B,Mistral,23.572,>=20B,2025-02-07,2025_Q1,UNKNOWN_OPEN_WEIGHTS,UNKNOWN_LICENSE,COMPLETE_SIX_TASK,True,6,NOT_IN_T05_BRIDGE,NOT_APPLICABLE,False,False,OBSERVED_DESCRIPTION
MODEL::cognitivecomputations_dolphin-2.9-llama3-8b,cognitivecomputations_dolphin-2.9-llama3-8b,model::cognitivecomputations/dolphin-2.9-llama3-8b,cognitivecomputations/dolphin-2.9-llama3-8b,Llama,8.03,>3B to <20B,2024-06-12,2024_H1,UNKNOWN_OPEN_WEIGHTS,LICENSE_RECORDED,COMPLETE_SIX_TASK,True,6,NOT_IN_T05_BRIDGE,NOT_APPLICABLE,False,False,OBSERVED_DESCRIPTION
MODEL::cognitivecomputations_dolphin-2.9.1-llama-3-70b,cognitivecomputations_dolphin-2.9.1-llama-3-70b,model::cognitivecomputations/dolphin-2.9.1-llama-3-70b,cognitivecomputations/dolphin-2.9.1-llama-3-70b,Llama,70.554,>=20B,2024-06-27,2024_H1,UNKNOWN_OPEN_WEIGHTS,LICENSE_RECORDED,COMPLETE_SIX_TASK,True,6,NOT_IN_T05_BRIDGE,NOT_APPLICABLE,False,False,OBSERVED_DESCRIPTION
MODEL::cognitivecomputations_dolphin-2.9.1-yi-1.5-9b,cognitivecomputations_dolphin-2.9.1-yi-1.5-9b,model::cognitivecomputations/dolphin-2.9.1-yi-1.5-9b,cognitivecomputations/dolphin-2.9.1-yi-1.5-9b,Phi,8.829,>3B to <20B,2024-08-02,2024_H2,UNKNOWN_OPEN_WEIGHTS,LICENSE_RECORDED,COMPLETE_SIX_TASK,True,6,NOT_IN_T05_BRIDGE,NOT_APPLICABLE,False,False,OBSERVED_DESCRIPTION
MODEL::cognitivecomputations_dolphin-2.9.3-mistral-7B-32k,cognitivecomputations_dolphin-2.9.3-mistral-7B-32k,model::cognitivecomputations/dolphin-2.9.3-mistral-7B-32k,cognitivecomputations/dolphin-2.9.3-mistral-7B-32k,Mistral,7.248,>3B to <20B,2024-07-04,2024_H2,UNKNOWN_OPEN_WEIGHTS,LICENSE_RECORDED,COMPLETE_SIX_TASK,True,6,NOT_IN_T05_BRIDGE,NOT_APPLICABLE,False,False,OBSERVED_DESCRIPTION
MODEL::cognitivecomputations_dolphin-2.9.4-gemma2-2b,cognitivecomputations_dolphin-2.9.4-gemma2-2b,model::cognitivecomputations/dolphin-2.9.4-gemma2-2b,cognitivecomputations/dolphin-2.9.4-gemma2-2b,Gemma,2.614,<=3B,2024-08-25,2024_H2,UNKNOWN_OPEN_WEIGHTS,LICENSE_RECORDED,COMPLETE_SIX_TASK,True,6,NOT_IN_T05_BRIDGE,NOT_APPLICABLE,False,False,OBSERVED_DESCRIPTION
MODEL::cognitivecomputations_dolphin-2.9.4-llama3.1-8b,cognitivecomputations_dolphin-2.9.4-llama3.1-8b,model::cognitivecomputations/dolphin-2.9.4-llama3.1-8b,cognitivecomputations/dolphin-2.9.4-llama3.1-8b,Llama,8.03,>3B to <20B,2024-09-17,2024_H2,UNKNOWN_OPEN_WEIGHTS,LICENSE_RECORDED,COMPLETE_SIX_TASK,True,6,NOT_IN_T05_BRIDGE,NOT_APPLICABLE,False,False,OBSERVED_DESCRIPTION
MODEL::cstr_llama3.1-8b-spaetzle-v90,cstr_llama3.1-8b-spaetzle-v90,model::cstr/llama3.1-8b-spaetzle-v90,cstr/llama3.1-8b-spaetzle-v90,Llama,8.03,>3B to <20B,2024-09-15,2024_H2,UNKNOWN_OPEN_WEIGHTS,LICENSE_RECORDED,COMPLETE_SIX_TASK,True,6,NOT_IN_T05_BRIDGE,NOT_APPLICABLE,False,False,OBSERVED_DESCRIPTION
MODEL::deepseek-ai_DeepSeek-R1-Distill-Llama-8B,deepseek-ai_DeepSeek-R1-Distill-Llama-8B,model::deepseek-ai/DeepSeek-R1-Distill-Llama-8B,deepseek-ai/DeepSeek-R1-Distill-Llama-8B,Llama,8.03,>3B to <20B,2025-01-20,2025_Q1,Yes,LICENSE_RECORDED,COMPLETE_SIX_TASK,True,6,NOT_IN_T05_BRIDGE,NOT_APPLICABLE,False,False,OBSERVED_DESCRIPTION
MODEL::deepseek-ai_DeepSeek-R1-Distill-Qwen-1.5B,deepseek-ai_DeepSeek-R1-Distill-Qwen-1.5B,model::deepseek-ai/DeepSeek-R1-Distill-Qwen-1.5B,deepseek-ai/DeepSeek-R1-Distill-Qwen-1.5B,Qwen,1.777,<=3B,2025-01-20,2025_Q1,Yes,LICENSE_RECORDED,COMPLETE_SIX_TASK,True,6,NOT_IN_T05_BRIDGE,NOT_APPLICABLE,False,False,OBSERVED_DESCRIPTION
MODEL::deepseek-ai_DeepSeek-R1-Distill-Qwen-7B,deepseek-ai_DeepSeek-R1-Distill-Qwen-7B,model::deepseek-ai/DeepSeek-R1-Distill-Qwen-7B,deepseek-ai/DeepSeek-R1-Distill-Qwen-7B,Qwen,7.616,>3B to <20B,2025-01-20,2025_Q1,Yes,LICENSE_RECORDED,COMPLETE_SIX_TASK,True,6,NOT_IN_T05_BRIDGE,NOT_APPLICABLE,False,False,OBSERVED_DESCRIPTION
MODEL::deepseek-ai_deepseek-llm-7b-base,deepseek-ai_deepseek-llm-7b-base,model::deepseek-ai/deepseek-llm-7b-base,deepseek-ai/deepseek-llm-7b-base,DeepSeek,7.0,>3B to <20B,2024-06-12,2024_H1,UNKNOWN_OPEN_WEIGHTS,LICENSE_RECORDED,COMPLETE_SIX_TASK,True,6,CONDITIONAL_SOURCE_TRANSFER,CONDITIONAL_ASSOCIATION_ONLY,False,False,OBSERVED_DESCRIPTION
MODEL::deepseek-ai_deepseek-moe-16b-base,deepseek-ai_deepseek-moe-16b-base,model::deepseek-ai/deepseek-moe-16b-base,deepseek-ai/deepseek-moe-16b-base,DeepSeek,16.376,>3B to <20B,2024-06-12,2024_H1,UNKNOWN_OPEN_WEIGHTS,LICENSE_RECORDED,COMPLETE_SIX_TASK,True,6,NOT_IN_T05_BRIDGE,NOT_APPLICABLE,False,False,OBSERVED_DESCRIPTION
MODEL::dnhkng_RYS-Llama-3-8B-Instruct,dnhkng_RYS-Llama-3-8B-Instruct,model::dnhkng/RYS-Llama-3-8B-Instruct,dnhkng/RYS-Llama-3-8B-Instruct,Llama,8.248,>3B to <20B,2024-08-07,2024_H2,UNKNOWN_OPEN_WEIGHTS,LICENSE_RECORDED,COMPLETE_SIX_TASK,True,6,NOT_IN_T05_BRIDGE,NOT_APPLICABLE,False,False,OBSERVED_DESCRIPTION
MODEL::dnhkng_RYS-Llama-3-Large-Instruct,dnhkng_RYS-Llama-3-Large-Instruct,model::dnhkng/RYS-Llama-3-Large-Instruct,dnhkng/RYS-Llama-3-Large-Instruct,Llama,73.976,>=20B,2024-08-07,2024_H2,UNKNOWN_OPEN_WEIGHTS,LICENSE_RECORDED,COMPLETE_SIX_TASK,True,6,NOT_IN_T05_BRIDGE,NOT_APPLICABLE,False,False,OBSERVED_DESCRIPTION
MODEL::dnhkng_RYS-Llama-3.1-8B-Instruct,dnhkng_RYS-Llama-3.1-8B-Instruct,model::dnhkng/RYS-Llama-3.1-8B-Instruct,dnhkng/RYS-Llama-3.1-8B-Instruct,Llama,8.685,>3B to <20B,2024-08-30,2024_H2,UNKNOWN_OPEN_WEIGHTS,LICENSE_RECORDED,COMPLETE_SIX_TASK,True,6,NOT_IN_T05_BRIDGE,NOT_APPLICABLE,False,False,OBSERVED_DESCRIPTION
MODEL::duyhv1411_Llama-3.2-3B-en-vi,duyhv1411_Llama-3.2-3B-en-vi,model::duyhv1411/Llama-3.2-3B-en-vi,duyhv1411/Llama-3.2-3B-en-vi,Llama,1.236,<=3B,2025-03-06,2025_Q1,UNKNOWN_OPEN_WEIGHTS,UNKNOWN_LICENSE,COMPLETE_SIX_TASK,True,6,NOT_IN_T05_BRIDGE,NOT_APPLICABLE,False,False,OBSERVED_DESCRIPTION
MODEL::dwikitheduck_gemma-2-2b-id-inst,dwikitheduck_gemma-2-2b-id-inst,model::dwikitheduck/gemma-2-2b-id-inst,dwikitheduck/gemma-2-2b-id-inst,Gemma,2.0,<=3B,2024-11-24,2024_H2,UNKNOWN_OPEN_WEIGHTS,LICENSE_RECORDED,COMPLETE_SIX_TASK,True,6,NOT_IN_T05_BRIDGE,NOT_APPLICABLE,False,False,OBSERVED_DESCRIPTION
MODEL::ehristoforu_Gemma2-9B-it-psy10k-mental_health,ehristoforu_Gemma2-9B-it-psy10k-mental_health,model::ehristoforu/Gemma2-9B-it-psy10k-mental_health,ehristoforu/Gemma2-9B-it-psy10k-mental_health,Gemma,9.242,>3B to <20B,2024-07-31,2024_H2,UNKNOWN_OPEN_WEIGHTS,LICENSE_RECORDED,COMPLETE_SIX_TASK,True,6,NOT_IN_T05_BRIDGE,NOT_APPLICABLE,False,False,OBSERVED_DESCRIPTION
MODEL::ehristoforu_Gemma2-9b-it-train6,ehristoforu_Gemma2-9b-it-train6,model::ehristoforu/Gemma2-9b-it-train6,ehristoforu/Gemma2-9b-it-train6,Gemma,9.242,>3B to <20B,2024-07-31,2024_H2,UNKNOWN_OPEN_WEIGHTS,LICENSE_RECORDED,COMPLETE_SIX_TASK,True,6,NOT_IN_T05_BRIDGE,NOT_APPLICABLE,False,False,OBSERVED_DESCRIPTION
MODEL::ehristoforu_QwenQwen2.5-7B-IT,ehristoforu_QwenQwen2.5-7B-IT,model::ehristoforu/QwenQwen2.5-7B-IT,ehristoforu/QwenQwen2.5-7B-IT,Qwen,7.613,>3B to <20B,2025-01-30,2025_Q1,UNKNOWN_OPEN_WEIGHTS,UNKNOWN_LICENSE,COMPLETE_SIX_TASK,True,6,NOT_IN_T05_BRIDGE,NOT_APPLICABLE,False,False,OBSERVED_DESCRIPTION
MODEL::ehristoforu_coolqwen-3b-it,ehristoforu_coolqwen-3b-it,model::ehristoforu/coolqwen-3b-it,ehristoforu/coolqwen-3b-it,Qwen,3.085,>3B to <20B,2025-01-02,2025_Q1,UNKNOWN_OPEN_WEIGHTS,LICENSE_RECORDED,COMPLETE_SIX_TASK,True,6,NOT_IN_T05_BRIDGE,NOT_APPLICABLE,False,False,OBSERVED_DESCRIPTION
MODEL::ehristoforu_qwen2.5-test-32b-it,ehristoforu_qwen2.5-test-32b-it,model::ehristoforu/qwen2.5-test-32b-it,ehristoforu/qwen2.5-test-32b-it,Qwen,32.764,>=20B,2024-12-07,2024_H2,UNKNOWN_OPEN_WEIGHTS,UNKNOWN_LICENSE,COMPLETE_SIX_TASK,True,6,NOT_IN_T05_BRIDGE,NOT_APPLICABLE,False,False,OBSERVED_DESCRIPTION
MODEL::ehristoforu_rufalcon3-3b-it,ehristoforu_rufalcon3-3b-it,model::ehristoforu/rufalcon3-3b-it,ehristoforu/rufalcon3-3b-it,Falcon,3.228,>3B to <20B,2025-01-02,2025_Q1,UNKNOWN_OPEN_WEIGHTS,LICENSE_RECORDED,COMPLETE_SIX_TASK,True,6,NOT_IN_T05_BRIDGE,NOT_APPLICABLE,False,False,OBSERVED_DESCRIPTION
MODEL::ehristoforu_ruphi-4b,ehristoforu_ruphi-4b,model::ehristoforu/ruphi-4b,ehristoforu/ruphi-4b,Phi,3.821,>3B to <20B,2025-01-02,2025_Q1,UNKNOWN_OPEN_WEIGHTS,LICENSE_RECORDED,COMPLETE_SIX_TASK,True,6,NOT_IN_T05_BRIDGE,NOT_APPLICABLE,False,False,OBSERVED_DESCRIPTION
MODEL::ell44ot_gemma-2b-def,ell44ot_gemma-2b-def,model::ell44ot/gemma-2b-def,ell44ot/gemma-2b-def,Gemma,1.546,<=3B,2024-11-28,2024_H2,UNKNOWN_OPEN_WEIGHTS,LICENSE_RECORDED,COMPLETE_SIX_TASK,True,6,NOT_IN_T05_BRIDGE,NOT_APPLICABLE,False,False,OBSERVED_DESCRIPTION
MODEL::ewre324_Thinker-Qwen2.5-0.5B-Instruct-Reasoning,ewre324_Thinker-Qwen2.5-0.5B-Instruct-Reasoning,model::ewre324/Thinker-Qwen2.5-0.5B-Instruct-Reasoning,ewre324/Thinker-Qwen2.5-0.5B-Instruct-Reasoning,Qwen,0.494,<=3B,2025-01-07,2025_Q1,UNKNOWN_OPEN_WEIGHTS,LICENSE_RECORDED,COMPLETE_SIX_TASK,True,6,NOT_IN_T05_BRIDGE,NOT_APPLICABLE,False,False,OBSERVED_DESCRIPTION
MODEL::facebook_opt-1.3b,facebook_opt-1.3b,model::facebook/opt-1.3b,facebook/opt-1.3b,OPT,1.3,<=3B,2024-06-12,2024_H1,Yes,LICENSE_RECORDED,COMPLETE_SIX_TASK,True,6,CONDITIONAL_SOURCE_TRANSFER,CONDITIONAL_ASSOCIATION_ONLY,False,False,OBSERVED_DESCRIPTION
MODEL::facebook_opt-30b,facebook_opt-30b,model::facebook/opt-30b,facebook/opt-30b,OPT,30.0,>=20B,2024-06-12,2024_H1,Yes,LICENSE_RECORDED,COMPLETE_SIX_TASK,True,6,NOT_IN_T05_BRIDGE,NOT_APPLICABLE,False,False,OBSERVED_DESCRIPTION
MODEL::failspy_Meta-Llama-3-70B-Instruct-abliterated-v3.5,failspy_Meta-Llama-3-70B-Instruct-abliterated-v3.5,model::failspy/Meta-Llama-3-70B-Instruct-abliterated-v3.5,failspy/Meta-Llama-3-70B-Instruct-abliterated-v3.5,Llama,70.554,>=20B,2024-08-30,2024_H2,UNKNOWN_OPEN_WEIGHTS,LICENSE_RECORDED,COMPLETE_SIX_TASK,True,6,NOT_IN_T05_BRIDGE,NOT_APPLICABLE,False,False,OBSERVED_DESCRIPTION
MODEL::failspy_Phi-3-medium-4k-instruct-abliterated-v3,failspy_Phi-3-medium-4k-instruct-abliterated-v3,model::failspy/Phi-3-medium-4k-instruct-abliterated-v3,failspy/Phi-3-medium-4k-instruct-abliterated-v3,Phi,13.96,>3B to <20B,2024-07-29,2024_H2,UNKNOWN_OPEN_WEIGHTS,LICENSE_RECORDED,COMPLETE_SIX_TASK,True,6,NOT_IN_T05_BRIDGE,NOT_APPLICABLE,False,False,OBSERVED_DESCRIPTION
MODEL::fhai50032_Unaligned-Thinker-PHI-4,fhai50032_Unaligned-Thinker-PHI-4,model::fhai50032/Unaligned-Thinker-PHI-4,fhai50032/Unaligned-Thinker-PHI-4,Phi,14.66,>3B to <20B,2025-01-17,2025_Q1,UNKNOWN_OPEN_WEIGHTS,LICENSE_RECORDED,COMPLETE_SIX_TASK,True,6,NOT_IN_T05_BRIDGE,NOT_APPLICABLE,False,False,OBSERVED_DESCRIPTION
MODEL::flammenai_Mahou-1.2a-mistral-7B,flammenai_Mahou-1.2a-mistral-7B,model::flammenai/Mahou-1.2a-mistral-7B,flammenai/Mahou-1.2a-mistral-7B,Mistral,7.242,>3B to <20B,2024-09-03,2024_H2,UNKNOWN_OPEN_WEIGHTS,LICENSE_RECORDED,COMPLETE_SIX_TASK,True,6,NOT_IN_T05_BRIDGE,NOT_APPLICABLE,False,False,OBSERVED_DESCRIPTION
MODEL::flammenai_Mahou-1.5-mistral-nemo-12B,flammenai_Mahou-1.5-mistral-nemo-12B,model::flammenai/Mahou-1.5-mistral-nemo-12B,flammenai/Mahou-1.5-mistral-nemo-12B,Mistral,12.248,>3B to <20B,2024-10-07,2024_H2,UNKNOWN_OPEN_WEIGHTS,LICENSE_RECORDED,COMPLETE_SIX_TASK,True,6,NOT_IN_T05_BRIDGE,NOT_APPLICABLE,False,False,OBSERVED_DESCRIPTION
MODEL::fluently-lm_Llama-TI-8B,fluently-lm_Llama-TI-8B,model::fluently-lm/Llama-TI-8B,fluently-lm/Llama-TI-8B,Llama,8.03,>3B to <20B,2024-12-07,2024_H2,UNKNOWN_OPEN_WEIGHTS,LICENSE_RECORDED,COMPLETE_SIX_TASK,True,6,NOT_IN_T05_BRIDGE,NOT_APPLICABLE,False,False,OBSERVED_DESCRIPTION
MODEL::fluently-lm_Llama-TI-8B-Instruct,fluently-lm_Llama-TI-8B-Instruct,model::fluently-lm/Llama-TI-8B-Instruct,fluently-lm/Llama-TI-8B-Instruct,Llama,8.03,>3B to <20B,2025-01-16,2025_Q1,UNKNOWN_OPEN_WEIGHTS,LICENSE_RECORDED,COMPLETE_SIX_TASK,True,6,NOT_IN_T05_BRIDGE,NOT_APPLICABLE,False,False,OBSERVED_DESCRIPTION
MODEL::fluently-sets_FalconThink3-10B-IT,fluently-sets_FalconThink3-10B-IT,model::fluently-sets/FalconThink3-10B-IT,fluently-sets/FalconThink3-10B-IT,Falcon,10.306,>3B to <20B,2024-12-29,2024_H2,UNKNOWN_OPEN_WEIGHTS,LICENSE_RECORDED,COMPLETE_SIX_TASK,True,6,NOT_IN_T05_BRIDGE,NOT_APPLICABLE,False,False,OBSERVED_DESCRIPTION
MODEL::freewheelin_free-evo-qwen72b-v0.8-re,freewheelin_free-evo-qwen72b-v0.8-re,model::freewheelin/free-evo-qwen72b-v0.8-re,freewheelin/free-evo-qwen72b-v0.8-re,Qwen,72.288,>=20B,2024-09-15,2024_H2,UNKNOWN_OPEN_WEIGHTS,LICENSE_RECORDED,COMPLETE_SIX_TASK,True,6,NOT_IN_T05_BRIDGE,NOT_APPLICABLE,False,False,OBSERVED_DESCRIPTION
MODEL::fulim_FineLlama-3.1-8B,fulim_FineLlama-3.1-8B,model::fulim/FineLlama-3.1-8B,fulim/FineLlama-3.1-8B,Llama,8.0,>3B to <20B,2024-12-15,2024_H2,UNKNOWN_OPEN_WEIGHTS,LICENSE_RECORDED,COMPLETE_SIX_TASK,True,6,NOT_IN_T05_BRIDGE,NOT_APPLICABLE,False,False,OBSERVED_DESCRIPTION
MODEL::gaverfraxz_Meta-Llama-3.1-8B-Instruct-HalfAbliterated-DELLA,gaverfraxz_Meta-Llama-3.1-8B-Instruct-HalfAbliterated-DELLA,model::gaverfraxz/Meta-Llama-3.1-8B-Instruct-HalfAbliterated-DELLA,gaverfraxz/Meta-Llama-3.1-8B-Instruct-HalfAbliterated-DELLA,Llama,8.03,>3B to <20B,2024-09-23,2024_H2,UNKNOWN_OPEN_WEIGHTS,LICENSE_RECORDED,COMPLETE_SIX_TASK,True,6,NOT_IN_T05_BRIDGE,NOT_APPLICABLE,False,False,OBSERVED_DESCRIPTION
MODEL::gaverfraxz_Meta-Llama-3.1-8B-Instruct-HalfAbliterated-TIES,gaverfraxz_Meta-Llama-3.1-8B-Instruct-HalfAbliterated-TIES,model::gaverfraxz/Meta-Llama-3.1-8B-Instruct-HalfAbliterated-TIES,gaverfraxz/Meta-Llama-3.1-8B-Instruct-HalfAbliterated-TIES,Llama,8.03,>3B to <20B,2024-09-19,2024_H2,UNKNOWN_OPEN_WEIGHTS,LICENSE_RECORDED,COMPLETE_SIX_TASK,True,6,NOT_IN_T05_BRIDGE,NOT_APPLICABLE,False,False,OBSERVED_DESCRIPTION
MODEL::gbueno86_Brinebreath-Llama-3.1-70B,gbueno86_Brinebreath-Llama-3.1-70B,model::gbueno86/Brinebreath-Llama-3.1-70B,gbueno86/Brinebreath-Llama-3.1-70B,Llama,70.554,>=20B,2024-08-29,2024_H2,UNKNOWN_OPEN_WEIGHTS,LICENSE_RECORDED,COMPLETE_SIX_TASK,True,6,NOT_IN_T05_BRIDGE,NOT_APPLICABLE,False,False,OBSERVED_DESCRIPTION
MODEL::gmonsoon_gemma2-9b-sahabatai-v1-instruct-BaseTIES,gmonsoon_gemma2-9b-sahabatai-v1-instruct-BaseTIES,model::gmonsoon/gemma2-9b-sahabatai-v1-instruct-BaseTIES,gmonsoon/gemma2-9b-sahabatai-v1-instruct-BaseTIES,Gemma,9.242,>3B to <20B,2024-11-17,2024_H2,UNKNOWN_OPEN_WEIGHTS,LICENSE_RECORDED,COMPLETE_SIX_TASK,True,6,NOT_IN_T05_BRIDGE,NOT_APPLICABLE,False,False,OBSERVED_DESCRIPTION
MODEL::godlikehhd_ifd_new_correct_all_sample_2500_qwen,godlikehhd_ifd_new_correct_all_sample_2500_qwen,model::godlikehhd/ifd_new_correct_all_sample_2500_qwen,godlikehhd/ifd_new_correct_all_sample_2500_qwen,Qwen,1.544,<=3B,2024-12-31,2024_H2,UNKNOWN_OPEN_WEIGHTS,UNKNOWN_LICENSE,COMPLETE_SIX_TASK,True,6,NOT_IN_T05_BRIDGE,NOT_APPLICABLE,False,False,OBSERVED_DESCRIPTION
MODEL::godlikehhd_ifd_new_qwen_2500,godlikehhd_ifd_new_qwen_2500,model::godlikehhd/ifd_new_qwen_2500,godlikehhd/ifd_new_qwen_2500,Qwen,1.544,<=3B,2024-12-31,2024_H2,UNKNOWN_OPEN_WEIGHTS,UNKNOWN_LICENSE,COMPLETE_SIX_TASK,True,6,NOT_IN_T05_BRIDGE,NOT_APPLICABLE,False,False,OBSERVED_DESCRIPTION
MODEL::godlikehhd_qwen-2.5-1.5b-cherry,godlikehhd_qwen-2.5-1.5b-cherry,model::godlikehhd/qwen-2.5-1.5b-cherry,godlikehhd/qwen-2.5-1.5b-cherry,Qwen,0.772,<=3B,2024-12-29,2024_H2,UNKNOWN_OPEN_WEIGHTS,UNKNOWN_LICENSE,COMPLETE_SIX_TASK,True,6,NOT_IN_T05_BRIDGE,NOT_APPLICABLE,False,False,OBSERVED_DESCRIPTION
MODEL::google_codegemma-1.1-2b,google_codegemma-1.1-2b,model::google/codegemma-1.1-2b,google/codegemma-1.1-2b,Gemma,2.506,<=3B,2024-08-12,2024_H2,UNKNOWN_OPEN_WEIGHTS,LICENSE_RECORDED,COMPLETE_SIX_TASK,True,6,NOT_IN_T05_BRIDGE,NOT_APPLICABLE,False,False,OBSERVED_DESCRIPTION
MODEL::google_gemma-1.1-2b-it,google_gemma-1.1-2b-it,model::google/gemma-1.1-2b-it,google/gemma-1.1-2b-it,Gemma,2.506,<=3B,2024-06-12,2024_H1,UNKNOWN_OPEN_WEIGHTS,LICENSE_RECORDED,COMPLETE_SIX_TASK,True,6,CONDITIONAL_SOURCE_TRANSFER,CONDITIONAL_ASSOCIATION_ONLY,False,False,OBSERVED_DESCRIPTION
MODEL::google_gemma-2-27b-it,google_gemma-2-27b-it,model::google/gemma-2-27b-it,google/gemma-2-27b-it,Gemma,27.227,>=20B,2024-08-07,2024_H2,UNKNOWN_OPEN_WEIGHTS,LICENSE_RECORDED,COMPLETE_SIX_TASK,True,6,CONDITIONAL_SOURCE_TRANSFER,CONDITIONAL_ASSOCIATION_ONLY,False,False,OBSERVED_DESCRIPTION
MODEL::google_gemma-2-2b,google_gemma-2-2b,model::google/gemma-2-2b,google/gemma-2-2b,Gemma,2.614,<=3B,2024-07-31,2024_H2,UNKNOWN_OPEN_WEIGHTS,LICENSE_RECORDED,COMPLETE_SIX_TASK,True,6,CONDITIONAL_SOURCE_TRANSFER,CONDITIONAL_ASSOCIATION_ONLY,False,False,OBSERVED_DESCRIPTION
MODEL::google_gemma-2-2b-it,google_gemma-2-2b-it,model::google/gemma-2-2b-it,google/gemma-2-2b-it,Gemma,2.614,<=3B,2024-07-31,2024_H2,UNKNOWN_OPEN_WEIGHTS,LICENSE_RECORDED,COMPLETE_SIX_TASK,True,6,CONDITIONAL_SOURCE_TRANSFER,CONDITIONAL_ASSOCIATION_ONLY,False,False,OBSERVED_DESCRIPTION
MODEL::google_gemma-2-2b-jpn-it,google_gemma-2-2b-jpn-it,model::google/gemma-2-2b-jpn-it,google/gemma-2-2b-jpn-it,Gemma,2.614,<=3B,,UNKNOWN_OR_AMBIGUOUS,UNKNOWN_OPEN_WEIGHTS,LICENSE_RECORDED,COMPLETE_SIX_TASK,True,6,CONDITIONAL_SOURCE_TRANSFER,CONDITIONAL_ASSOCIATION_ONLY,False,False,OBSERVED_DESCRIPTION
MODEL::google_gemma-7b-it,google_gemma-7b-it,model::google/gemma-7b-it,google/gemma-7b-it,Gemma,8.538,>3B to <20B,2024-06-12,2024_H1,UNKNOWN_OPEN_WEIGHTS,LICENSE_RECORDED,PARTIAL_VALID_TASK,True,1,NOT_IN_T05_BRIDGE,NOT_APPLICABLE,False,False,OBSERVED_DESCRIPTION
MODEL::google_recurrentgemma-9b,google_recurrentgemma-9b,model::google/recurrentgemma-9b,google/recurrentgemma-9b,Gemma,9.0,>3B to <20B,2024-07-04,2024_H2,UNKNOWN_OPEN_WEIGHTS,LICENSE_RECORDED,COMPLETE_SIX_TASK,True,6,NOT_IN_T05_BRIDGE,NOT_APPLICABLE,False,False,OBSERVED_DESCRIPTION
MODEL::google_recurrentgemma-9b-it,google_recurrentgemma-9b-it,model::google/recurrentgemma-9b-it,google/recurrentgemma-9b-it,Gemma,9.0,>3B to <20B,2024-07-05,2024_H2,UNKNOWN_OPEN_WEIGHTS,LICENSE_RECORDED,COMPLETE_SIX_TASK,True,6,NOT_IN_T05_BRIDGE,NOT_APPLICABLE,False,False,OBSERVED_DESCRIPTION
MODEL::grimjim_DeepSauerHuatuoSkywork-R1-o1-Llama-3.1-8B,grimjim_DeepSauerHuatuoSkywork-R1-o1-Llama-3.1-8B,model::grimjim/DeepSauerHuatuoSkywork-R1-o1-Llama-3.1-8B,grimjim/DeepSauerHuatuoSkywork-R1-o1-Llama-3.1-8B,Llama,8.03,>3B to <20B,2025-01-30,2025_Q1,UNKNOWN_OPEN_WEIGHTS,LICENSE_RECORDED,COMPLETE_SIX_TASK,True,6,NOT_IN_T05_BRIDGE,NOT_APPLICABLE,False,False,OBSERVED_DESCRIPTION
MODEL::grimjim_Gigantes-v2-gemma2-9b-it,grimjim_Gigantes-v2-gemma2-9b-it,model::grimjim/Gigantes-v2-gemma2-9b-it,grimjim/Gigantes-v2-gemma2-9b-it,Gemma,9.242,>3B to <20B,2024-12-29,2024_H2,UNKNOWN_OPEN_WEIGHTS,LICENSE_RECORDED,COMPLETE_SIX_TASK,True,6,NOT_IN_T05_BRIDGE,NOT_APPLICABLE,False,False,OBSERVED_DESCRIPTION
MODEL::grimjim_Gigantes-v3-gemma2-9b-it,grimjim_Gigantes-v3-gemma2-9b-it,model::grimjim/Gigantes-v3-gemma2-9b-it,grimjim/Gigantes-v3-gemma2-9b-it,Gemma,9.242,>3B to <20B,2024-12-29,2024_H2,UNKNOWN_OPEN_WEIGHTS,LICENSE_RECORDED,COMPLETE_SIX_TASK,True,6,NOT_IN_T05_BRIDGE,NOT_APPLICABLE,False,False,OBSERVED_DESCRIPTION
MODEL::grimjim_HuatuoSkywork-o1-Llama-3.1-8B,grimjim_HuatuoSkywork-o1-Llama-3.1-8B,model::grimjim/HuatuoSkywork-o1-Llama-3.1-8B,grimjim/HuatuoSkywork-o1-Llama-3.1-8B,Llama,8.03,>3B to <20B,2025-01-03,2025_Q1,Yes,LICENSE_RECORDED,COMPLETE_SIX_TASK,True,6,NOT_IN_T05_BRIDGE,NOT_APPLICABLE,False,False,OBSERVED_DESCRIPTION
MODEL::grimjim_Llama-3-Instruct-8B-SPPO-Iter3-SimPO-merge,grimjim_Llama-3-Instruct-8B-SPPO-Iter3-SimPO-merge,model::grimjim/Llama-3-Instruct-8B-SPPO-Iter3-SimPO-merge,grimjim/Llama-3-Instruct-8B-SPPO-Iter3-SimPO-merge,Llama,8.03,>3B to <20B,2024-06-29,2024_H1,Yes,LICENSE_RECORDED,COMPLETE_SIX_TASK,True,6,NOT_IN_T05_BRIDGE,NOT_APPLICABLE,False,False,OBSERVED_DESCRIPTION
MODEL::grimjim_Llama-3.1-Bonsaikraft-8B-Instruct,grimjim_Llama-3.1-Bonsaikraft-8B-Instruct,model::grimjim/Llama-3.1-Bonsaikraft-8B-Instruct,grimjim/Llama-3.1-Bonsaikraft-8B-Instruct,Llama,8.03,>3B to <20B,2025-01-25,2025_Q1,UNKNOWN_OPEN_WEIGHTS,LICENSE_RECORDED,COMPLETE_SIX_TASK,True,6,NOT_IN_T05_BRIDGE,NOT_APPLICABLE,False,False,OBSERVED_DESCRIPTION
MODEL::grimjim_Llama-Nephilim-Metamorphosis-v2-8B,grimjim_Llama-Nephilim-Metamorphosis-v2-8B,model::grimjim/Llama-Nephilim-Metamorphosis-v2-8B,grimjim/Llama-Nephilim-Metamorphosis-v2-8B,Llama,8.03,>3B to <20B,2025-01-02,2025_Q1,UNKNOWN_OPEN_WEIGHTS,LICENSE_RECORDED,COMPLETE_SIX_TASK,True,6,NOT_IN_T05_BRIDGE,NOT_APPLICABLE,False,False,OBSERVED_DESCRIPTION
MODEL::grimjim_Magot-v2-Gemma2-8k-9B,grimjim_Magot-v2-Gemma2-8k-9B,model::grimjim/Magot-v2-Gemma2-8k-9B,grimjim/Magot-v2-Gemma2-8k-9B,Gemma,9.242,>3B to <20B,2024-12-30,2024_H2,UNKNOWN_OPEN_WEIGHTS,LICENSE_RECORDED,COMPLETE_SIX_TASK,True,6,NOT_IN_T05_BRIDGE,NOT_APPLICABLE,False,False,OBSERVED_DESCRIPTION
MODEL::grimjim_llama-3-Nephilim-v2-8B,grimjim_llama-3-Nephilim-v2-8B,model::grimjim/llama-3-Nephilim-v2-8B,grimjim/llama-3-Nephilim-v2-8B,Llama,8.03,>3B to <20B,2024-09-18,2024_H2,UNKNOWN_OPEN_WEIGHTS,LICENSE_RECORDED,COMPLETE_SIX_TASK,True,6,NOT_IN_T05_BRIDGE,NOT_APPLICABLE,False,False,OBSERVED_DESCRIPTION
MODEL::grimjim_llama-3-Nephilim-v2.1-8B,grimjim_llama-3-Nephilim-v2.1-8B,model::grimjim/llama-3-Nephilim-v2.1-8B,grimjim/llama-3-Nephilim-v2.1-8B,Llama,8.03,>3B to <20B,2024-09-18,2024_H2,UNKNOWN_OPEN_WEIGHTS,LICENSE_RECORDED,COMPLETE_SIX_TASK,True,6,NOT_IN_T05_BRIDGE,NOT_APPLICABLE,False,False,OBSERVED_DESCRIPTION
MODEL::grimjim_llama-3-Nephilim-v3-8B,grimjim_llama-3-Nephilim-v3-8B,model::grimjim/llama-3-Nephilim-v3-8B,grimjim/llama-3-Nephilim-v3-8B,Llama,8.03,>3B to <20B,2024-08-26,2024_H2,UNKNOWN_OPEN_WEIGHTS,LICENSE_RECORDED,COMPLETE_SIX_TASK,True,6,NOT_IN_T05_BRIDGE,NOT_APPLICABLE,False,False,OBSERVED_DESCRIPTION
MODEL::gz987_qwen2.5-7b-cabs-v0.4,gz987_qwen2.5-7b-cabs-v0.4,model::gz987/qwen2.5-7b-cabs-v0.4,gz987/qwen2.5-7b-cabs-v0.4,Qwen,7.616,>3B to <20B,2025-02-18,2025_Q1,Yes,LICENSE_RECORDED,COMPLETE_SIX_TASK,True,6,NOT_IN_T05_BRIDGE,NOT_APPLICABLE,False,False,OBSERVED_DESCRIPTION
MODEL::hotmailuser_FalconSlerp2-7B,hotmailuser_FalconSlerp2-7B,model::hotmailuser/FalconSlerp2-7B,hotmailuser/FalconSlerp2-7B,Falcon,7.456,>3B to <20B,2024-12-23,2024_H2,UNKNOWN_OPEN_WEIGHTS,LICENSE_RECORDED,COMPLETE_SIX_TASK,True,6,NOT_IN_T05_BRIDGE,NOT_APPLICABLE,False,False,OBSERVED_DESCRIPTION
MODEL::hotmailuser_FalconSlerp3-7B,hotmailuser_FalconSlerp3-7B,model::hotmailuser/FalconSlerp3-7B,hotmailuser/FalconSlerp3-7B,Falcon,7.456,>3B to <20B,2024-12-23,2024_H2,UNKNOWN_OPEN_WEIGHTS,LICENSE_RECORDED,COMPLETE_SIX_TASK,True,6,NOT_IN_T05_BRIDGE,NOT_APPLICABLE,False,False,OBSERVED_DESCRIPTION
MODEL::hotmailuser_Gemma2Crono-27B,hotmailuser_Gemma2Crono-27B,model::hotmailuser/Gemma2Crono-27B,hotmailuser/Gemma2Crono-27B,Gemma,27.227,>=20B,2024-12-02,2024_H2,UNKNOWN_OPEN_WEIGHTS,LICENSE_RECORDED,COMPLETE_SIX_TASK,True,6,NOT_IN_T05_BRIDGE,NOT_APPLICABLE,False,False,OBSERVED_DESCRIPTION
MODEL::hotmailuser_Gemma2atlas-27B,hotmailuser_Gemma2atlas-27B,model::hotmailuser/Gemma2atlas-27B,hotmailuser/Gemma2atlas-27B,Gemma,27.227,>=20B,2024-12-01,2024_H2,UNKNOWN_OPEN_WEIGHTS,LICENSE_RECORDED,COMPLETE_SIX_TASK,True,6,NOT_IN_T05_BRIDGE,NOT_APPLICABLE,False,False,OBSERVED_DESCRIPTION
MODEL::hotmailuser_Llama-Hermes-slerp-8B,hotmailuser_Llama-Hermes-slerp-8B,model::hotmailuser/Llama-Hermes-slerp-8B,hotmailuser/Llama-Hermes-slerp-8B,Llama,8.03,>3B to <20B,2024-12-23,2024_H2,UNKNOWN_OPEN_WEIGHTS,LICENSE_RECORDED,COMPLETE_SIX_TASK,True,6,NOT_IN_T05_BRIDGE,NOT_APPLICABLE,False,False,OBSERVED_DESCRIPTION
MODEL::hotmailuser_LlamaStock-8B,hotmailuser_LlamaStock-8B,model::hotmailuser/LlamaStock-8B,hotmailuser/LlamaStock-8B,Llama,8.03,>3B to <20B,2025-01-08,2025_Q1,UNKNOWN_OPEN_WEIGHTS,LICENSE_RECORDED,COMPLETE_SIX_TASK,True,6,NOT_IN_T05_BRIDGE,NOT_APPLICABLE,False,False,OBSERVED_DESCRIPTION
MODEL::hotmailuser_Qwen2.5-HomerSlerp-7B,hotmailuser_Qwen2.5-HomerSlerp-7B,model::hotmailuser/Qwen2.5-HomerSlerp-7B,hotmailuser/Qwen2.5-HomerSlerp-7B,Qwen,7.616,>3B to <20B,2024-12-07,2024_H2,UNKNOWN_OPEN_WEIGHTS,LICENSE_RECORDED,COMPLETE_SIX_TASK,True,6,NOT_IN_T05_BRIDGE,NOT_APPLICABLE,False,False,OBSERVED_DESCRIPTION
MODEL::hotmailuser_QwenSlerp-14B,hotmailuser_QwenSlerp-14B,model::hotmailuser/QwenSlerp-14B,hotmailuser/QwenSlerp-14B,Qwen,14.766,>3B to <20B,2025-01-08,2025_Q1,UNKNOWN_OPEN_WEIGHTS,LICENSE_RECORDED,COMPLETE_SIX_TASK,True,6,NOT_IN_T05_BRIDGE,NOT_APPLICABLE,False,False,OBSERVED_DESCRIPTION
MODEL::hotmailuser_QwenSlerp-7B,hotmailuser_QwenSlerp-7B,model::hotmailuser/QwenSlerp-7B,hotmailuser/QwenSlerp-7B,Qwen,7.616,>3B to <20B,2024-12-23,2024_H2,UNKNOWN_OPEN_WEIGHTS,LICENSE_RECORDED,COMPLETE_SIX_TASK,True,6,NOT_IN_T05_BRIDGE,NOT_APPLICABLE,False,False,OBSERVED_DESCRIPTION
MODEL::hotmailuser_QwenSlerp2-14B,hotmailuser_QwenSlerp2-14B,model::hotmailuser/QwenSlerp2-14B,hotmailuser/QwenSlerp2-14B,Qwen,14.766,>3B to <20B,2025-01-08,2025_Q1,UNKNOWN_OPEN_WEIGHTS,LICENSE_RECORDED,COMPLETE_SIX_TASK,True,6,NOT_IN_T05_BRIDGE,NOT_APPLICABLE,False,False,OBSERVED_DESCRIPTION
MODEL::hotmailuser_QwenSparse-7B,hotmailuser_QwenSparse-7B,model::hotmailuser/QwenSparse-7B,hotmailuser/QwenSparse-7B,Qwen,7.616,>3B to <20B,2025-01-08,2025_Q1,UNKNOWN_OPEN_WEIGHTS,LICENSE_RECORDED,COMPLETE_SIX_TASK,True,6,NOT_IN_T05_BRIDGE,NOT_APPLICABLE,False,False,OBSERVED_DESCRIPTION
MODEL::hotmailuser_QwenStock-1.7B,hotmailuser_QwenStock-1.7B,model::hotmailuser/QwenStock-1.7B,hotmailuser/QwenStock-1.7B,Qwen,1.777,<=3B,2025-01-08,2025_Q1,UNKNOWN_OPEN_WEIGHTS,LICENSE_RECORDED,COMPLETE_SIX_TASK,True,6,NOT_IN_T05_BRIDGE,NOT_APPLICABLE,False,False,OBSERVED_DESCRIPTION
MODEL::hotmailuser_QwenStock1-14B,hotmailuser_QwenStock1-14B,model::hotmailuser/QwenStock1-14B,hotmailuser/QwenStock1-14B,Qwen,14.766,>3B to <20B,2025-01-08,2025_Q1,UNKNOWN_OPEN_WEIGHTS,LICENSE_RECORDED,COMPLETE_SIX_TASK,True,6,NOT_IN_T05_BRIDGE,NOT_APPLICABLE,False,False,OBSERVED_DESCRIPTION
MODEL::huihui-ai_DeepSeek-R1-Distill-Qwen-14B-abliterated-v2,huihui-ai_DeepSeek-R1-Distill-Qwen-14B-abliterated-v2,model::huihui-ai/DeepSeek-R1-Distill-Qwen-14B-abliterated-v2,huihui-ai/DeepSeek-R1-Distill-Qwen-14B-abliterated-v2,Qwen,14.77,>3B to <20B,2025-01-29,2025_Q1,Yes,UNKNOWN_LICENSE,COMPLETE_SIX_TASK,True,6,NOT_IN_T05_BRIDGE,NOT_APPLICABLE,False,False,OBSERVED_DESCRIPTION
MODEL::iFaz_llama31_8B_en_emo_v4,iFaz_llama31_8B_en_emo_v4,model::iFaz/llama31_8B_en_emo_v4,iFaz/llama31_8B_en_emo_v4,Llama,4.777,>3B to <20B,2025-02-28,2025_Q1,UNKNOWN_OPEN_WEIGHTS,UNKNOWN_LICENSE,COMPLETE_SIX_TASK,True,6,NOT_IN_T05_BRIDGE,NOT_APPLICABLE,False,False,OBSERVED_DESCRIPTION
MODEL::iFaz_llama32_1B_en_emo_v1,iFaz_llama32_1B_en_emo_v1,model::iFaz/llama32_1B_en_emo_v1,iFaz/llama32_1B_en_emo_v1,Llama,0.765,<=3B,2025-01-14,2025_Q1,UNKNOWN_OPEN_WEIGHTS,LICENSE_RECORDED,COMPLETE_SIX_TASK,True,6,NOT_IN_T05_BRIDGE,NOT_APPLICABLE,False,False,OBSERVED_DESCRIPTION
MODEL::iFaz_llama32_3B_en_emo_2000_stp,iFaz_llama32_3B_en_emo_2000_stp,model::iFaz/llama32_3B_en_emo_2000_stp,iFaz/llama32_3B_en_emo_2000_stp,Llama,1.848,<=3B,2025-03-07,2025_Q1,UNKNOWN_OPEN_WEIGHTS,LICENSE_RECORDED,COMPLETE_SIX_TASK,True,6,NOT_IN_T05_BRIDGE,NOT_APPLICABLE,False,False,OBSERVED_DESCRIPTION
MODEL::iFaz_llama32_3B_en_emo_300_stp,iFaz_llama32_3B_en_emo_300_stp,model::iFaz/llama32_3B_en_emo_300_stp,iFaz/llama32_3B_en_emo_300_stp,Llama,1.848,<=3B,2025-03-07,2025_Q1,UNKNOWN_OPEN_WEIGHTS,LICENSE_RECORDED,COMPLETE_SIX_TASK,True,6,NOT_IN_T05_BRIDGE,NOT_APPLICABLE,False,False,OBSERVED_DESCRIPTION
MODEL::iFaz_llama32_3B_en_emo_5000_stp,iFaz_llama32_3B_en_emo_5000_stp,model::iFaz/llama32_3B_en_emo_5000_stp,iFaz/llama32_3B_en_emo_5000_stp,Llama,1.848,<=3B,2025-03-08,2025_Q1,UNKNOWN_OPEN_WEIGHTS,LICENSE_RECORDED,COMPLETE_SIX_TASK,True,6,NOT_IN_T05_BRIDGE,NOT_APPLICABLE,False,False,OBSERVED_DESCRIPTION
MODEL::iFaz_llama32_3B_en_emo_v3,iFaz_llama32_3B_en_emo_v3,model::iFaz/llama32_3B_en_emo_v3,iFaz/llama32_3B_en_emo_v3,Llama,1.848,<=3B,2025-02-28,2025_Q1,UNKNOWN_OPEN_WEIGHTS,LICENSE_RECORDED,COMPLETE_SIX_TASK,True,6,NOT_IN_T05_BRIDGE,NOT_APPLICABLE,False,False,OBSERVED_DESCRIPTION
MODEL::ifable_gemma-2-Ifable-9B,ifable_gemma-2-Ifable-9B,model::ifable/gemma-2-Ifable-9B,ifable/gemma-2-Ifable-9B,Gemma,9.242,>3B to <20B,2024-09-25,2024_H2,UNKNOWN_OPEN_WEIGHTS,LICENSE_RECORDED,COMPLETE_SIX_TASK,True,6,NOT_IN_T05_BRIDGE,NOT_APPLICABLE,False,False,OBSERVED_DESCRIPTION
MODEL::jayasuryajsk_Qwen2.5-3B-reasoner,jayasuryajsk_Qwen2.5-3B-reasoner,model::jayasuryajsk/Qwen2.5-3B-reasoner,jayasuryajsk/Qwen2.5-3B-reasoner,Qwen,3.086,>3B to <20B,2025-02-07,2025_Q1,Yes,LICENSE_RECORDED,COMPLETE_SIX_TASK,True,6,NOT_IN_T05_BRIDGE,NOT_APPLICABLE,False,False,OBSERVED_DESCRIPTION
MODEL::jebish7_Llama-3-Nanda-10B-Chat,jebish7_Llama-3-Nanda-10B-Chat,model::jebish7/Llama-3-Nanda-10B-Chat,jebish7/Llama-3-Nanda-10B-Chat,Llama,9.985,>3B to <20B,2025-02-08,2025_Q1,UNKNOWN_OPEN_WEIGHTS,UNKNOWN_LICENSE,COMPLETE_SIX_TASK,True,6,NOT_IN_T05_BRIDGE,NOT_APPLICABLE,False,False,OBSERVED_DESCRIPTION
MODEL::jebish7_Llama-3.1-8B-Instruct,jebish7_Llama-3.1-8B-Instruct,model::jebish7/Llama-3.1-8B-Instruct,jebish7/Llama-3.1-8B-Instruct,Llama,8.03,>3B to <20B,2025-02-06,2025_Q1,UNKNOWN_OPEN_WEIGHTS,LICENSE_RECORDED,COMPLETE_SIX_TASK,True,6,NOT_IN_T05_BRIDGE,NOT_APPLICABLE,False,False,OBSERVED_DESCRIPTION
MODEL::jebish7_gemma-2-9b-it,jebish7_gemma-2-9b-it,model::jebish7/gemma-2-9b-it,jebish7/gemma-2-9b-it,Gemma,9.242,>3B to <20B,2025-02-06,2025_Q1,UNKNOWN_OPEN_WEIGHTS,LICENSE_RECORDED,COMPLETE_SIX_TASK,True,6,NOT_IN_T05_BRIDGE,NOT_APPLICABLE,False,False,OBSERVED_DESCRIPTION
MODEL::jeffmeloy_Qwen2.5-7B-minperplexity-2,jeffmeloy_Qwen2.5-7B-minperplexity-2,model::jeffmeloy/Qwen2.5-7B-minperplexity-2,jeffmeloy/Qwen2.5-7B-minperplexity-2,Qwen,7.0,>3B to <20B,2024-12-03,2024_H2,Yes,LICENSE_RECORDED,COMPLETE_SIX_TASK,True,6,NOT_IN_T05_BRIDGE,NOT_APPLICABLE,False,False,OBSERVED_DESCRIPTION
MODEL::jeffmeloy_Qwen2.5-7B-nerd-uncensored-v0.9,jeffmeloy_Qwen2.5-7B-nerd-uncensored-v0.9,model::jeffmeloy/Qwen2.5-7B-nerd-uncensored-v0.9,jeffmeloy/Qwen2.5-7B-nerd-uncensored-v0.9,Qwen,7.616,>3B to <20B,2024-11-13,2024_H2,Yes,LICENSE_RECORDED,COMPLETE_SIX_TASK,True,6,NOT_IN_T05_BRIDGE,NOT_APPLICABLE,False,False,OBSERVED_DESCRIPTION
MODEL::jeffmeloy_Qwen2.5-7B-nerd-uncensored-v1.0,jeffmeloy_Qwen2.5-7B-nerd-uncensored-v1.0,model::jeffmeloy/Qwen2.5-7B-nerd-uncensored-v1.0,jeffmeloy/Qwen2.5-7B-nerd-uncensored-v1.0,Qwen,7.616,>3B to <20B,2024-11-14,2024_H2,Yes,LICENSE_RECORDED,COMPLETE_SIX_TASK,True,6,NOT_IN_T05_BRIDGE,NOT_APPLICABLE,False,False,OBSERVED_DESCRIPTION
MODEL::jeffmeloy_Qwen2.5-7B-nerd-uncensored-v1.1,jeffmeloy_Qwen2.5-7B-nerd-uncensored-v1.1,model::jeffmeloy/Qwen2.5-7B-nerd-uncensored-v1.1,jeffmeloy/Qwen2.5-7B-nerd-uncensored-v1.1,Qwen,7.616,>3B to <20B,2024-11-09,2024_H2,Yes,LICENSE_RECORDED,COMPLETE_SIX_TASK,True,6,NOT_IN_T05_BRIDGE,NOT_APPLICABLE,False,False,OBSERVED_DESCRIPTION
MODEL::jeffmeloy_Qwen2.5-7B-nerd-uncensored-v1.2,jeffmeloy_Qwen2.5-7B-nerd-uncensored-v1.2,model::jeffmeloy/Qwen2.5-7B-nerd-uncensored-v1.2,jeffmeloy/Qwen2.5-7B-nerd-uncensored-v1.2,Qwen,7.616,>3B to <20B,2024-11-09,2024_H2,Yes,LICENSE_RECORDED,COMPLETE_SIX_TASK,True,6,NOT_IN_T05_BRIDGE,NOT_APPLICABLE,False,False,OBSERVED_DESCRIPTION
MODEL::jeffmeloy_Qwen2.5-7B-nerd-uncensored-v1.3,jeffmeloy_Qwen2.5-7B-nerd-uncensored-v1.3,model::jeffmeloy/Qwen2.5-7B-nerd-uncensored-v1.3,jeffmeloy/Qwen2.5-7B-nerd-uncensored-v1.3,Qwen,7.0,>3B to <20B,2024-11-09,2024_H2,Yes,LICENSE_RECORDED,COMPLETE_SIX_TASK,True,6,NOT_IN_T05_BRIDGE,NOT_APPLICABLE,False,False,OBSERVED_DESCRIPTION
MODEL::jeffmeloy_Qwen2.5-7B-nerd-uncensored-v1.5,jeffmeloy_Qwen2.5-7B-nerd-uncensored-v1.5,model::jeffmeloy/Qwen2.5-7B-nerd-uncensored-v1.5,jeffmeloy/Qwen2.5-7B-nerd-uncensored-v1.5,Qwen,7.616,>3B to <20B,2024-11-17,2024_H2,Yes,LICENSE_RECORDED,COMPLETE_SIX_TASK,True,6,NOT_IN_T05_BRIDGE,NOT_APPLICABLE,False,False,OBSERVED_DESCRIPTION
MODEL::jeffmeloy_Qwen2.5-7B-olm-v1.2,jeffmeloy_Qwen2.5-7B-olm-v1.2,model::jeffmeloy/Qwen2.5-7B-olm-v1.2,jeffmeloy/Qwen2.5-7B-olm-v1.2,Qwen,7.616,>3B to <20B,2025-01-01,2025_Q1,Yes,LICENSE_RECORDED,COMPLETE_SIX_TASK,True,6,NOT_IN_T05_BRIDGE,NOT_APPLICABLE,False,False,OBSERVED_DESCRIPTION
MODEL::jeffmeloy_Qwen2.5-7B-olm-v1.3,jeffmeloy_Qwen2.5-7B-olm-v1.3,model::jeffmeloy/Qwen2.5-7B-olm-v1.3,jeffmeloy/Qwen2.5-7B-olm-v1.3,Qwen,7.616,>3B to <20B,2025-01-18,2025_Q1,Yes,LICENSE_RECORDED,COMPLETE_SIX_TASK,True,6,NOT_IN_T05_BRIDGE,NOT_APPLICABLE,False,False,OBSERVED_DESCRIPTION
MODEL::jeffmeloy_Qwen2.5-7B-olm-v1.5,jeffmeloy_Qwen2.5-7B-olm-v1.5,model::jeffmeloy/Qwen2.5-7B-olm-v1.5,jeffmeloy/Qwen2.5-7B-olm-v1.5,Qwen,7.616,>3B to <20B,2025-02-27,2025_Q1,Yes,LICENSE_RECORDED,COMPLETE_SIX_TASK,True,6,NOT_IN_T05_BRIDGE,NOT_APPLICABLE,False,False,OBSERVED_DESCRIPTION
MODEL::jiangxinyang-shanda_Homer-LLama3-8B,jiangxinyang-shanda_Homer-LLama3-8B,model::jiangxinyang-shanda/Homer-LLama3-8B,jiangxinyang-shanda/Homer-LLama3-8B,Llama,8.03,>3B to <20B,2024-11-08,2024_H2,UNKNOWN_OPEN_WEIGHTS,UNKNOWN_LICENSE,COMPLETE_SIX_TASK,True,6,NOT_IN_T05_BRIDGE,NOT_APPLICABLE,False,False,OBSERVED_DESCRIPTION
MODEL::jlzhou_Qwen2.5-3B-Infinity-Instruct-0625,jlzhou_Qwen2.5-3B-Infinity-Instruct-0625,model::jlzhou/Qwen2.5-3B-Infinity-Instruct-0625,jlzhou/Qwen2.5-3B-Infinity-Instruct-0625,Qwen,3.086,>3B to <20B,2025-02-07,2025_Q1,Yes,LICENSE_RECORDED,COMPLETE_SIX_TASK,True,6,NOT_IN_T05_BRIDGE,NOT_APPLICABLE,False,False,OBSERVED_DESCRIPTION
MODEL::johnsutor_Llama-3-8B-Instruct_breadcrumbs-density-0.1-gamma-0.01,johnsutor_Llama-3-8B-Instruct_breadcrumbs-density-0.1-gamma-0.01,model::johnsutor/Llama-3-8B-Instruct_breadcrumbs-density-0.1-gamma-0.01,johnsutor/Llama-3-8B-Instruct_breadcrumbs-density-0.1-gamma-0.01,Llama,8.03,>3B to <20B,2024-06-26,2024_H1,UNKNOWN_OPEN_WEIGHTS,LICENSE_RECORDED,COMPLETE_SIX_TASK,True,6,NOT_IN_T05_BRIDGE,NOT_APPLICABLE,False,False,OBSERVED_DESCRIPTION
MODEL::johnsutor_Llama-3-8B-Instruct_breadcrumbs-density-0.1-gamma-0.1,johnsutor_Llama-3-8B-Instruct_breadcrumbs-density-0.1-gamma-0.1,model::johnsutor/Llama-3-8B-Instruct_breadcrumbs-density-0.1-gamma-0.1,johnsutor/Llama-3-8B-Instruct_breadcrumbs-density-0.1-gamma-0.1,Llama,8.03,>3B to <20B,2024-06-26,2024_H1,UNKNOWN_OPEN_WEIGHTS,LICENSE_RECORDED,COMPLETE_SIX_TASK,True,6,NOT_IN_T05_BRIDGE,NOT_APPLICABLE,False,False,OBSERVED_DESCRIPTION
MODEL::johnsutor_Llama-3-8B-Instruct_breadcrumbs-density-0.5-gamma-0.01,johnsutor_Llama-3-8B-Instruct_breadcrumbs-density-0.5-gamma-0.01,model::johnsutor/Llama-3-8B-Instruct_breadcrumbs-density-0.5-gamma-0.01,johnsutor/Llama-3-8B-Instruct_breadcrumbs-density-0.5-gamma-0.01,Llama,8.03,>3B to <20B,2024-06-26,2024_H1,UNKNOWN_OPEN_WEIGHTS,LICENSE_RECORDED,COMPLETE_SIX_TASK,True,6,NOT_IN_T05_BRIDGE,NOT_APPLICABLE,False,False,OBSERVED_DESCRIPTION
MODEL::johnsutor_Llama-3-8B-Instruct_breadcrumbs-density-0.5-gamma-0.1,johnsutor_Llama-3-8B-Instruct_breadcrumbs-density-0.5-gamma-0.1,model::johnsutor/Llama-3-8B-Instruct_breadcrumbs-density-0.5-gamma-0.1,johnsutor/Llama-3-8B-Instruct_breadcrumbs-density-0.5-gamma-0.1,Llama,8.03,>3B to <20B,2024-06-26,2024_H1,UNKNOWN_OPEN_WEIGHTS,LICENSE_RECORDED,COMPLETE_SIX_TASK,True,6,NOT_IN_T05_BRIDGE,NOT_APPLICABLE,False,False,OBSERVED_DESCRIPTION
MODEL::johnsutor_Llama-3-8B-Instruct_breadcrumbs-density-0.7-gamma-0.01,johnsutor_Llama-3-8B-Instruct_breadcrumbs-density-0.7-gamma-0.01,model::johnsutor/Llama-3-8B-Instruct_breadcrumbs-density-0.7-gamma-0.01,johnsutor/Llama-3-8B-Instruct_breadcrumbs-density-0.7-gamma-0.01,Llama,8.03,>3B to <20B,2024-06-26,2024_H1,UNKNOWN_OPEN_WEIGHTS,LICENSE_RECORDED,COMPLETE_SIX_TASK,True,6,NOT_IN_T05_BRIDGE,NOT_APPLICABLE,False,False,OBSERVED_DESCRIPTION
MODEL::johnsutor_Llama-3-8B-Instruct_breadcrumbs-density-0.7-gamma-0.1,johnsutor_Llama-3-8B-Instruct_breadcrumbs-density-0.7-gamma-0.1,model::johnsutor/Llama-3-8B-Instruct_breadcrumbs-density-0.7-gamma-0.1,johnsutor/Llama-3-8B-Instruct_breadcrumbs-density-0.7-gamma-0.1,Llama,8.03,>3B to <20B,2024-06-26,2024_H1,UNKNOWN_OPEN_WEIGHTS,LICENSE_RECORDED,COMPLETE_SIX_TASK,True,6,NOT_IN_T05_BRIDGE,NOT_APPLICABLE,False,False,OBSERVED_DESCRIPTION
MODEL::johnsutor_Llama-3-8B-Instruct_breadcrumbs_ties-density-0.1-gamma-0.01,johnsutor_Llama-3-8B-Instruct_breadcrumbs_ties-density-0.1-gamma-0.01,model::johnsutor/Llama-3-8B-Instruct_breadcrumbs_ties-density-0.1-gamma-0.01,johnsutor/Llama-3-8B-Instruct_breadcrumbs_ties-density-0.1-gamma-0.01,Llama,8.03,>3B to <20B,2024-06-26,2024_H1,UNKNOWN_OPEN_WEIGHTS,LICENSE_RECORDED,COMPLETE_SIX_TASK,True,6,NOT_IN_T05_BRIDGE,NOT_APPLICABLE,False,False,OBSERVED_DESCRIPTION
MODEL::johnsutor_Llama-3-8B-Instruct_breadcrumbs_ties-density-0.5-gamma-0.01,johnsutor_Llama-3-8B-Instruct_breadcrumbs_ties-density-0.5-gamma-0.01,model::johnsutor/Llama-3-8B-Instruct_breadcrumbs_ties-density-0.5-gamma-0.01,johnsutor/Llama-3-8B-Instruct_breadcrumbs_ties-density-0.5-gamma-0.01,Llama,8.03,>3B to <20B,2024-06-26,2024_H1,UNKNOWN_OPEN_WEIGHTS,LICENSE_RECORDED,COMPLETE_SIX_TASK,True,6,NOT_IN_T05_BRIDGE,NOT_APPLICABLE,False,False,OBSERVED_DESCRIPTION
MODEL::johnsutor_Llama-3-8B-Instruct_breadcrumbs_ties-density-0.5-gamma-0.1,johnsutor_Llama-3-8B-Instruct_breadcrumbs_ties-density-0.5-gamma-0.1,model::johnsutor/Llama-3-8B-Instruct_breadcrumbs_ties-density-0.5-gamma-0.1,johnsutor/Llama-3-8B-Instruct_breadcrumbs_ties-density-0.5-gamma-0.1,Llama,8.03,>3B to <20B,2024-06-26,2024_H1,UNKNOWN_OPEN_WEIGHTS,LICENSE_RECORDED,COMPLETE_SIX_TASK,True,6,NOT_IN_T05_BRIDGE,NOT_APPLICABLE,False,False,OBSERVED_DESCRIPTION
MODEL::johnsutor_Llama-3-8B-Instruct_breadcrumbs_ties-density-0.7-gamma-0.01,johnsutor_Llama-3-8B-Instruct_breadcrumbs_ties-density-0.7-gamma-0.01,model::johnsutor/Llama-3-8B-Instruct_breadcrumbs_ties-density-0.7-gamma-0.01,johnsutor/Llama-3-8B-Instruct_breadcrumbs_ties-density-0.7-gamma-0.01,Llama,8.03,>3B to <20B,2024-06-26,2024_H1,UNKNOWN_OPEN_WEIGHTS,LICENSE_RECORDED,COMPLETE_SIX_TASK,True,6,NOT_IN_T05_BRIDGE,NOT_APPLICABLE,False,False,OBSERVED_DESCRIPTION
MODEL::johnsutor_Llama-3-8B-Instruct_breadcrumbs_ties-density-0.9-gamma-0.01,johnsutor_Llama-3-8B-Instruct_breadcrumbs_ties-density-0.9-gamma-0.01,model::johnsutor/Llama-3-8B-Instruct_breadcrumbs_ties-density-0.9-gamma-0.01,johnsutor/Llama-3-8B-Instruct_breadcrumbs_ties-density-0.9-gamma-0.01,Llama,8.03,>3B to <20B,2024-06-26,2024_H1,UNKNOWN_OPEN_WEIGHTS,LICENSE_RECORDED,COMPLETE_SIX_TASK,True,6,NOT_IN_T05_BRIDGE,NOT_APPLICABLE,False,False,OBSERVED_DESCRIPTION
MODEL::johnsutor_Llama-3-8B-Instruct_breadcrumbs_ties-density-0.9-gamma-0.1,johnsutor_Llama-3-8B-Instruct_breadcrumbs_ties-density-0.9-gamma-0.1,model::johnsutor/Llama-3-8B-Instruct_breadcrumbs_ties-density-0.9-gamma-0.1,johnsutor/Llama-3-8B-Instruct_breadcrumbs_ties-density-0.9-gamma-0.1,Llama,8.03,>3B to <20B,2024-06-26,2024_H1,UNKNOWN_OPEN_WEIGHTS,LICENSE_RECORDED,COMPLETE_SIX_TASK,True,6,NOT_IN_T05_BRIDGE,NOT_APPLICABLE,False,False,OBSERVED_DESCRIPTION
MODEL::johnsutor_Llama-3-8B-Instruct_linear,johnsutor_Llama-3-8B-Instruct_linear,model::johnsutor/Llama-3-8B-Instruct_linear,johnsutor/Llama-3-8B-Instruct_linear,Llama,8.03,>3B to <20B,2024-06-26,2024_H1,UNKNOWN_OPEN_WEIGHTS,LICENSE_RECORDED,COMPLETE_SIX_TASK,True,6,NOT_IN_T05_BRIDGE,NOT_APPLICABLE,False,False,OBSERVED_DESCRIPTION
MODEL::johnsutor_Llama-3-8B-Instruct_ties-density-0.1,johnsutor_Llama-3-8B-Instruct_ties-density-0.1,model::johnsutor/Llama-3-8B-Instruct_ties-density-0.1,johnsutor/Llama-3-8B-Instruct_ties-density-0.1,Llama,8.03,>3B to <20B,2024-06-26,2024_H1,UNKNOWN_OPEN_WEIGHTS,LICENSE_RECORDED,COMPLETE_SIX_TASK,True,6,NOT_IN_T05_BRIDGE,NOT_APPLICABLE,False,False,OBSERVED_DESCRIPTION
MODEL::johnsutor_Llama-3-8B-Instruct_ties-density-0.7,johnsutor_Llama-3-8B-Instruct_ties-density-0.7,model::johnsutor/Llama-3-8B-Instruct_ties-density-0.7,johnsutor/Llama-3-8B-Instruct_ties-density-0.7,Llama,8.03,>3B to <20B,2024-06-26,2024_H1,UNKNOWN_OPEN_WEIGHTS,LICENSE_RECORDED,COMPLETE_SIX_TASK,True,6,NOT_IN_T05_BRIDGE,NOT_APPLICABLE,False,False,OBSERVED_DESCRIPTION
MODEL::kayfour_T3Q-Qwen2.5-7B-it-KOR-Safe,kayfour_T3Q-Qwen2.5-7B-it-KOR-Safe,model::kayfour/T3Q-Qwen2.5-7B-it-KOR-Safe,kayfour/T3Q-Qwen2.5-7B-it-KOR-Safe,Qwen,7.616,>3B to <20B,2025-02-20,2025_Q1,UNKNOWN_OPEN_WEIGHTS,LICENSE_RECORDED,COMPLETE_SIX_TASK,True,6,NOT_IN_T05_BRIDGE,NOT_APPLICABLE,False,False,OBSERVED_DESCRIPTION
MODEL::keeeeenw_MicroLlama,keeeeenw_MicroLlama,model::keeeeenw/MicroLlama,keeeeenw/MicroLlama,Llama,0.305,<=3B,2024-09-15,2024_H2,UNKNOWN_OPEN_WEIGHTS,LICENSE_RECORDED,COMPLETE_SIX_TASK,True,6,NOT_IN_T05_BRIDGE,NOT_APPLICABLE,False,False,OBSERVED_DESCRIPTION
MODEL::kevin009_llamaRAGdrama,kevin009_llamaRAGdrama,model::kevin009/llamaRAGdrama,kevin009/llamaRAGdrama,Llama,7.242,>3B to <20B,2024-06-26,2024_H1,UNKNOWN_OPEN_WEIGHTS,LICENSE_RECORDED,COMPLETE_SIX_TASK,True,6,NOT_IN_T05_BRIDGE,NOT_APPLICABLE,False,False,OBSERVED_DESCRIPTION
MODEL::khoantap_llama-3-8b-stock-merge,khoantap_llama-3-8b-stock-merge,model::khoantap/llama-3-8b-stock-merge,khoantap/llama-3-8b-stock-merge,Llama,8.03,>3B to <20B,2025-01-21,2025_Q1,UNKNOWN_OPEN_WEIGHTS,UNKNOWN_LICENSE,COMPLETE_SIX_TASK,True,6,NOT_IN_T05_BRIDGE,NOT_APPLICABLE,False,False,OBSERVED_DESCRIPTION
MODEL::khoantap_llama-linear-0.5-0.5-1-merge,khoantap_llama-linear-0.5-0.5-1-merge,model::khoantap/llama-linear-0.5-0.5-1-merge,khoantap/llama-linear-0.5-0.5-1-merge,Llama,8.03,>3B to <20B,2025-01-21,2025_Q1,UNKNOWN_OPEN_WEIGHTS,UNKNOWN_LICENSE,COMPLETE_SIX_TASK,True,6,NOT_IN_T05_BRIDGE,NOT_APPLICABLE,False,False,OBSERVED_DESCRIPTION
MODEL::khoantap_llama-linear-0.5-1-0.5-merge,khoantap_llama-linear-0.5-1-0.5-merge,model::khoantap/llama-linear-0.5-1-0.5-merge,khoantap/llama-linear-0.5-1-0.5-merge,Llama,8.03,>3B to <20B,2025-01-21,2025_Q1,UNKNOWN_OPEN_WEIGHTS,UNKNOWN_LICENSE,COMPLETE_SIX_TASK,True,6,NOT_IN_T05_BRIDGE,NOT_APPLICABLE,False,False,OBSERVED_DESCRIPTION
MODEL::khoantap_llama-slerp-merge,khoantap_llama-slerp-merge,model::khoantap/llama-slerp-merge,khoantap/llama-slerp-merge,Llama,8.03,>3B to <20B,2025-01-21,2025_Q1,UNKNOWN_OPEN_WEIGHTS,UNKNOWN_LICENSE,COMPLETE_SIX_TASK,True,6,NOT_IN_T05_BRIDGE,NOT_APPLICABLE,False,False,OBSERVED_DESCRIPTION
MODEL::khulaifi95_Llama-3.1-8B-Reason-Blend-888k,khulaifi95_Llama-3.1-8B-Reason-Blend-888k,model::khulaifi95/Llama-3.1-8B-Reason-Blend-888k,khulaifi95/Llama-3.1-8B-Reason-Blend-888k,Llama,8.03,>3B to <20B,2024-12-27,2024_H2,UNKNOWN_OPEN_WEIGHTS,LICENSE_RECORDED,COMPLETE_SIX_TASK,True,6,NOT_IN_T05_BRIDGE,NOT_APPLICABLE,False,False,OBSERVED_DESCRIPTION
MODEL::kms7530_chemeng_llama-3-8b-Instruct-bnb-4bit_24_1_100_1,kms7530_chemeng_llama-3-8b-Instruct-bnb-4bit_24_1_100_1,model::kms7530/chemeng_llama-3-8b-Instruct-bnb-4bit_24_1_100_1,kms7530/chemeng_llama-3-8b-Instruct-bnb-4bit_24_1_100_1,Llama,9.3,>3B to <20B,2024-10-14,2024_H2,UNKNOWN_OPEN_WEIGHTS,LICENSE_RECORDED,COMPLETE_SIX_TASK,True,6,NOT_IN_T05_BRIDGE,NOT_APPLICABLE,False,False,OBSERVED_DESCRIPTION
MODEL::kms7530_chemeng_qwen-math-7b_24_1_100_1_nonmath,kms7530_chemeng_qwen-math-7b_24_1_100_1_nonmath,model::kms7530/chemeng_qwen-math-7b_24_1_100_1_nonmath,kms7530/chemeng_qwen-math-7b_24_1_100_1_nonmath,Qwen,15.231,>3B to <20B,2024-11-22,2024_H2,UNKNOWN_OPEN_WEIGHTS,LICENSE_RECORDED,COMPLETE_SIX_TASK,True,6,NOT_IN_T05_BRIDGE,NOT_APPLICABLE,False,False,OBSERVED_DESCRIPTION
MODEL::langgptai_Qwen-las-v0.1,langgptai_Qwen-las-v0.1,model::langgptai/Qwen-las-v0.1,langgptai/Qwen-las-v0.1,Qwen,7.901,>3B to <20B,2024-06-27,2024_H1,UNKNOWN_OPEN_WEIGHTS,LICENSE_RECORDED,COMPLETE_SIX_TASK,True,6,NOT_IN_T05_BRIDGE,NOT_APPLICABLE,False,False,OBSERVED_DESCRIPTION
MODEL::langgptai_qwen1.5-7b-chat-sa-v0.1,langgptai_qwen1.5-7b-chat-sa-v0.1,model::langgptai/qwen1.5-7b-chat-sa-v0.1,langgptai/qwen1.5-7b-chat-sa-v0.1,Qwen,15.443,>3B to <20B,2024-06-27,2024_H1,Yes,LICENSE_RECORDED,COMPLETE_SIX_TASK,True,6,NOT_IN_T05_BRIDGE,NOT_APPLICABLE,False,False,OBSERVED_DESCRIPTION
MODEL::lars1234_Mistral-Small-24B-Instruct-2501-writer,lars1234_Mistral-Small-24B-Instruct-2501-writer,model::lars1234/Mistral-Small-24B-Instruct-2501-writer,lars1234/Mistral-Small-24B-Instruct-2501-writer,Mistral,23.572,>=20B,2025-03-07,2025_Q1,UNKNOWN_OPEN_WEIGHTS,LICENSE_RECORDED,COMPLETE_SIX_TASK,True,6,NOT_IN_T05_BRIDGE,NOT_APPLICABLE,False,False,OBSERVED_DESCRIPTION
MODEL::lemon07r_Gemma-2-Ataraxy-9B,lemon07r_Gemma-2-Ataraxy-9B,model::lemon07r/Gemma-2-Ataraxy-9B,lemon07r/Gemma-2-Ataraxy-9B,Gemma,10.159,>3B to <20B,2024-08-27,2024_H2,UNKNOWN_OPEN_WEIGHTS,LICENSE_RECORDED,COMPLETE_SIX_TASK,True,6,NOT_IN_T05_BRIDGE,NOT_APPLICABLE,False,False,OBSERVED_DESCRIPTION
MODEL::lemon07r_Gemma-2-Ataraxy-Advanced-9B,lemon07r_Gemma-2-Ataraxy-Advanced-9B,model::lemon07r/Gemma-2-Ataraxy-Advanced-9B,lemon07r/Gemma-2-Ataraxy-Advanced-9B,Gemma,10.159,>3B to <20B,2024-09-30,2024_H2,UNKNOWN_OPEN_WEIGHTS,UNKNOWN_LICENSE,COMPLETE_SIX_TASK,True,6,NOT_IN_T05_BRIDGE,NOT_APPLICABLE,False,False,OBSERVED_DESCRIPTION
MODEL::lemon07r_Gemma-2-Ataraxy-v3j-9B,lemon07r_Gemma-2-Ataraxy-v3j-9B,model::lemon07r/Gemma-2-Ataraxy-v3j-9B,lemon07r/Gemma-2-Ataraxy-v3j-9B,Gemma,9.242,>3B to <20B,2024-10-09,2024_H2,UNKNOWN_OPEN_WEIGHTS,UNKNOWN_LICENSE,COMPLETE_SIX_TASK,True,6,NOT_IN_T05_BRIDGE,NOT_APPLICABLE,False,False,OBSERVED_DESCRIPTION
MODEL::lemon07r_Gemma-2-Ataraxy-v4-Advanced-9B,lemon07r_Gemma-2-Ataraxy-v4-Advanced-9B,model::lemon07r/Gemma-2-Ataraxy-v4-Advanced-9B,lemon07r/Gemma-2-Ataraxy-v4-Advanced-9B,Gemma,10.159,>3B to <20B,2024-10-14,2024_H2,UNKNOWN_OPEN_WEIGHTS,UNKNOWN_LICENSE,COMPLETE_SIX_TASK,True,6,NOT_IN_T05_BRIDGE,NOT_APPLICABLE,False,False,OBSERVED_DESCRIPTION
MODEL::lemon07r_Gemma-2-Ataraxy-v4b-9B,lemon07r_Gemma-2-Ataraxy-v4b-9B,model::lemon07r/Gemma-2-Ataraxy-v4b-9B,lemon07r/Gemma-2-Ataraxy-v4b-9B,Gemma,10.159,>3B to <20B,2024-10-22,2024_H2,UNKNOWN_OPEN_WEIGHTS,UNKNOWN_LICENSE,COMPLETE_SIX_TASK,True,6,NOT_IN_T05_BRIDGE,NOT_APPLICABLE,False,False,OBSERVED_DESCRIPTION
MODEL::lemon07r_Gemma-2-Ataraxy-v4c-9B,lemon07r_Gemma-2-Ataraxy-v4c-9B,model::lemon07r/Gemma-2-Ataraxy-v4c-9B,lemon07r/Gemma-2-Ataraxy-v4c-9B,Gemma,10.159,>3B to <20B,2024-10-16,2024_H2,UNKNOWN_OPEN_WEIGHTS,UNKNOWN_LICENSE,COMPLETE_SIX_TASK,True,6,NOT_IN_T05_BRIDGE,NOT_APPLICABLE,False,False,OBSERVED_DESCRIPTION
MODEL::lemon07r_Llama-3-RedMagic4-8B,lemon07r_Llama-3-RedMagic4-8B,model::lemon07r/Llama-3-RedMagic4-8B,lemon07r/Llama-3-RedMagic4-8B,Llama,8.03,>3B to <20B,2024-06-26,2024_H1,UNKNOWN_OPEN_WEIGHTS,LICENSE_RECORDED,COMPLETE_SIX_TASK,True,6,NOT_IN_T05_BRIDGE,NOT_APPLICABLE,False,False,OBSERVED_DESCRIPTION
MODEL::lemon07r_llama-3-NeuralMahou-8b,lemon07r_llama-3-NeuralMahou-8b,model::lemon07r/llama-3-NeuralMahou-8b,lemon07r/llama-3-NeuralMahou-8b,Llama,8.03,>3B to <20B,2024-06-26,2024_H1,UNKNOWN_OPEN_WEIGHTS,LICENSE_RECORDED,COMPLETE_SIX_TASK,True,6,NOT_IN_T05_BRIDGE,NOT_APPLICABLE,False,False,OBSERVED_DESCRIPTION
MODEL::lightblue_suzume-llama-3-8B-multilingual,lightblue_suzume-llama-3-8B-multilingual,model::lightblue/suzume-llama-3-8B-multilingual,lightblue/suzume-llama-3-8B-multilingual,Llama,8.03,>3B to <20B,2024-07-30,2024_H2,UNKNOWN_OPEN_WEIGHTS,LICENSE_RECORDED,COMPLETE_SIX_TASK,True,6,NOT_IN_T05_BRIDGE,NOT_APPLICABLE,False,False,OBSERVED_DESCRIPTION
MODEL::lightblue_suzume-llama-3-8B-multilingual-orpo-borda-half,lightblue_suzume-llama-3-8B-multilingual-orpo-borda-half,model::lightblue/suzume-llama-3-8B-multilingual-orpo-borda-half,lightblue/suzume-llama-3-8B-multilingual-orpo-borda-half,Llama,8.03,>3B to <20B,2024-06-29,2024_H1,UNKNOWN_OPEN_WEIGHTS,LICENSE_RECORDED,COMPLETE_SIX_TASK,True,6,NOT_IN_T05_BRIDGE,NOT_APPLICABLE,False,False,OBSERVED_DESCRIPTION
MODEL::lightblue_suzume-llama-3-8B-multilingual-orpo-borda-top25,lightblue_suzume-llama-3-8B-multilingual-orpo-borda-top25,model::lightblue/suzume-llama-3-8B-multilingual-orpo-borda-top25,lightblue/suzume-llama-3-8B-multilingual-orpo-borda-top25,Llama,8.03,>3B to <20B,2024-06-29,2024_H1,UNKNOWN_OPEN_WEIGHTS,LICENSE_RECORDED,COMPLETE_SIX_TASK,True,6,NOT_IN_T05_BRIDGE,NOT_APPLICABLE,False,False,OBSERVED_DESCRIPTION
MODEL::lkoenig_BBAI_200_Gemma,lkoenig_BBAI_200_Gemma,model::lkoenig/BBAI_200_Gemma,lkoenig/BBAI_200_Gemma,Gemma,19.3,>3B to <20B,2025-02-26,2025_Q1,UNKNOWN_OPEN_WEIGHTS,UNKNOWN_LICENSE,COMPLETE_SIX_TASK,True,6,NOT_IN_T05_BRIDGE,NOT_APPLICABLE,False,False,OBSERVED_DESCRIPTION
MODEL::lkoenig_BBAI_456_QwenKoen,lkoenig_BBAI_456_QwenKoen,model::lkoenig/BBAI_456_QwenKoen,lkoenig/BBAI_456_QwenKoen,Qwen,7.616,>3B to <20B,2025-03-01,2025_Q1,UNKNOWN_OPEN_WEIGHTS,UNKNOWN_LICENSE,COMPLETE_SIX_TASK,True,6,NOT_IN_T05_BRIDGE,NOT_APPLICABLE,False,False,OBSERVED_DESCRIPTION
MODEL::lkoenig_BBAI_7B_KoenQwenDyan,lkoenig_BBAI_7B_KoenQwenDyan,model::lkoenig/BBAI_7B_KoenQwenDyan,lkoenig/BBAI_7B_KoenQwenDyan,Qwen,7.616,>3B to <20B,2025-03-08,2025_Q1,UNKNOWN_OPEN_WEIGHTS,UNKNOWN_LICENSE,COMPLETE_SIX_TASK,True,6,NOT_IN_T05_BRIDGE,NOT_APPLICABLE,False,False,OBSERVED_DESCRIPTION
MODEL::lkoenig_BBAI_7B_Qwen2.5koen,lkoenig_BBAI_7B_Qwen2.5koen,model::lkoenig/BBAI_7B_Qwen2.5koen,lkoenig/BBAI_7B_Qwen2.5koen,Qwen,7.616,>3B to <20B,2025-03-01,2025_Q1,UNKNOWN_OPEN_WEIGHTS,UNKNOWN_LICENSE,COMPLETE_SIX_TASK,True,6,NOT_IN_T05_BRIDGE,NOT_APPLICABLE,False,False,OBSERVED_DESCRIPTION
MODEL::lkoenig_BBAI_7B_QwenDyanKoenLo,lkoenig_BBAI_7B_QwenDyanKoenLo,model::lkoenig/BBAI_7B_QwenDyanKoenLo,lkoenig/BBAI_7B_QwenDyanKoenLo,Qwen,7.616,>3B to <20B,2025-03-08,2025_Q1,UNKNOWN_OPEN_WEIGHTS,UNKNOWN_LICENSE,COMPLETE_SIX_TASK,True,6,NOT_IN_T05_BRIDGE,NOT_APPLICABLE,False,False,OBSERVED_DESCRIPTION
MODEL::llmat_Mistral-v0.3-7B-ORPO,llmat_Mistral-v0.3-7B-ORPO,model::llmat/Mistral-v0.3-7B-ORPO,llmat/Mistral-v0.3-7B-ORPO,Mistral,7.248,>3B to <20B,,UNKNOWN_OR_AMBIGUOUS,UNKNOWN_OPEN_WEIGHTS,LICENSE_RECORDED,COMPLETE_SIX_TASK,True,6,NOT_IN_T05_BRIDGE,NOT_APPLICABLE,False,False,OBSERVED_DESCRIPTION
MODEL::magnifi_Phi3_intent_v56_3_w_unknown_5_lr_0.002,magnifi_Phi3_intent_v56_3_w_unknown_5_lr_0.002,model::magnifi/Phi3_intent_v56_3_w_unknown_5_lr_0.002,magnifi/Phi3_intent_v56_3_w_unknown_5_lr_0.002,Phi,3.821,>3B to <20B,2025-03-10,2025_Q1,UNKNOWN_OPEN_WEIGHTS,LICENSE_RECORDED,COMPLETE_SIX_TASK,True,6,NOT_IN_T05_BRIDGE,NOT_APPLICABLE,False,False,OBSERVED_DESCRIPTION
MODEL::maldv_badger-lambda-llama-3-8b,maldv_badger-lambda-llama-3-8b,model::maldv/badger-lambda-llama-3-8b,maldv/badger-lambda-llama-3-8b,Llama,8.03,>3B to <20B,2024-06-26,2024_H1,UNKNOWN_OPEN_WEIGHTS,LICENSE_RECORDED,COMPLETE_SIX_TASK,True,6,NOT_IN_T05_BRIDGE,NOT_APPLICABLE,False,False,OBSERVED_DESCRIPTION
MODEL::marcuscedricridia_Hush-Qwen2.5-7B-MST,marcuscedricridia_Hush-Qwen2.5-7B-MST,model::marcuscedricridia/Hush-Qwen2.5-7B-MST,marcuscedricridia/Hush-Qwen2.5-7B-MST,Qwen,7.613,>3B to <20B,2025-03-09,2025_Q1,UNKNOWN_OPEN_WEIGHTS,UNKNOWN_LICENSE,COMPLETE_SIX_TASK,True,6,NOT_IN_T05_BRIDGE,NOT_APPLICABLE,False,False,OBSERVED_DESCRIPTION
MODEL::marcuscedricridia_Hush-Qwen2.5-7B-MST-v1.3,marcuscedricridia_Hush-Qwen2.5-7B-MST-v1.3,model::marcuscedricridia/Hush-Qwen2.5-7B-MST-v1.3,marcuscedricridia/Hush-Qwen2.5-7B-MST-v1.3,Qwen,7.613,>3B to <20B,2025-03-09,2025_Q1,UNKNOWN_OPEN_WEIGHTS,UNKNOWN_LICENSE,COMPLETE_SIX_TASK,True,6,NOT_IN_T05_BRIDGE,NOT_APPLICABLE,False,False,OBSERVED_DESCRIPTION
MODEL::marcuscedricridia_Hush-Qwen2.5-7B-Preview,marcuscedricridia_Hush-Qwen2.5-7B-Preview,model::marcuscedricridia/Hush-Qwen2.5-7B-Preview,marcuscedricridia/Hush-Qwen2.5-7B-Preview,Qwen,7.613,>3B to <20B,2025-03-07,2025_Q1,UNKNOWN_OPEN_WEIGHTS,UNKNOWN_LICENSE,COMPLETE_SIX_TASK,True,6,NOT_IN_T05_BRIDGE,NOT_APPLICABLE,False,False,OBSERVED_DESCRIPTION
MODEL::marcuscedricridia_Hush-Qwen2.5-7B-RP-v1.4-1M,marcuscedricridia_Hush-Qwen2.5-7B-RP-v1.4-1M,model::marcuscedricridia/Hush-Qwen2.5-7B-RP-v1.4-1M,marcuscedricridia/Hush-Qwen2.5-7B-RP-v1.4-1M,Qwen,7.613,>3B to <20B,2025-03-10,2025_Q1,UNKNOWN_OPEN_WEIGHTS,UNKNOWN_LICENSE,COMPLETE_SIX_TASK,True,6,NOT_IN_T05_BRIDGE,NOT_APPLICABLE,False,False,OBSERVED_DESCRIPTION
MODEL::marcuscedricridia_Hush-Qwen2.5-7B-v1.1,marcuscedricridia_Hush-Qwen2.5-7B-v1.1,model::marcuscedricridia/Hush-Qwen2.5-7B-v1.1,marcuscedricridia/Hush-Qwen2.5-7B-v1.1,Qwen,7.613,>3B to <20B,2025-03-08,2025_Q1,UNKNOWN_OPEN_WEIGHTS,UNKNOWN_LICENSE,COMPLETE_SIX_TASK,True,6,NOT_IN_T05_BRIDGE,NOT_APPLICABLE,False,False,OBSERVED_DESCRIPTION
MODEL::marcuscedricridia_Hush-Qwen2.5-7B-v1.3,marcuscedricridia_Hush-Qwen2.5-7B-v1.3,model::marcuscedricridia/Hush-Qwen2.5-7B-v1.3,marcuscedricridia/Hush-Qwen2.5-7B-v1.3,Qwen,7.613,>3B to <20B,2025-03-08,2025_Q1,UNKNOWN_OPEN_WEIGHTS,UNKNOWN_LICENSE,COMPLETE_SIX_TASK,True,6,NOT_IN_T05_BRIDGE,NOT_APPLICABLE,False,False,OBSERVED_DESCRIPTION
MODEL::marcuscedricridia_Qwen2.5-7B-Preview,marcuscedricridia_Qwen2.5-7B-Preview,model::marcuscedricridia/Qwen2.5-7B-Preview,marcuscedricridia/Qwen2.5-7B-Preview,Qwen,7.613,>3B to <20B,2025-03-09,2025_Q1,Yes,UNKNOWN_LICENSE,COMPLETE_SIX_TASK,True,6,NOT_IN_T05_BRIDGE,NOT_APPLICABLE,False,False,OBSERVED_DESCRIPTION
MODEL::marcuscedricridia_Yell-Qwen2.5-7B-Preview-v1.1,marcuscedricridia_Yell-Qwen2.5-7B-Preview-v1.1,model::marcuscedricridia/Yell-Qwen2.5-7B-Preview-v1.1,marcuscedricridia/Yell-Qwen2.5-7B-Preview-v1.1,Qwen,7.613,>3B to <20B,2025-03-08,2025_Q1,UNKNOWN_OPEN_WEIGHTS,UNKNOWN_LICENSE,COMPLETE_SIX_TASK,True,6,NOT_IN_T05_BRIDGE,NOT_APPLICABLE,False,False,OBSERVED_DESCRIPTION
MODEL::mattshumer_Reflection-Llama-3.1-70B,mattshumer_Reflection-Llama-3.1-70B,model::mattshumer/Reflection-Llama-3.1-70B,mattshumer/Reflection-Llama-3.1-70B,Llama,70.554,>=20B,2024-12-25,2024_H2,UNKNOWN_OPEN_WEIGHTS,LICENSE_RECORDED,COMPLETE_SIX_TASK,True,6,NOT_IN_T05_BRIDGE,NOT_APPLICABLE,False,False,OBSERVED_DESCRIPTION
MODEL::meditsolutions_Llama-3.2-SUN-1B-chat,meditsolutions_Llama-3.2-SUN-1B-chat,model::meditsolutions/Llama-3.2-SUN-1B-chat,meditsolutions/Llama-3.2-SUN-1B-chat,Llama,1.498,<=3B,2024-11-07,2024_H2,UNKNOWN_OPEN_WEIGHTS,LICENSE_RECORDED,COMPLETE_SIX_TASK,True,6,NOT_IN_T05_BRIDGE,NOT_APPLICABLE,False,False,OBSERVED_DESCRIPTION
MODEL::meditsolutions_Llama-3.2-SUN-2.4B-checkpoint-34800,meditsolutions_Llama-3.2-SUN-2.4B-checkpoint-34800,model::meditsolutions/Llama-3.2-SUN-2.4B-checkpoint-34800,meditsolutions/Llama-3.2-SUN-2.4B-checkpoint-34800,Llama,2.209,<=3B,2024-10-05,2024_H2,UNKNOWN_OPEN_WEIGHTS,LICENSE_RECORDED,COMPLETE_SIX_TASK,True,6,NOT_IN_T05_BRIDGE,NOT_APPLICABLE,False,False,OBSERVED_DESCRIPTION
MODEL::meditsolutions_Llama-3.2-SUN-2.5B-chat,meditsolutions_Llama-3.2-SUN-2.5B-chat,model::meditsolutions/Llama-3.2-SUN-2.5B-chat,meditsolutions/Llama-3.2-SUN-2.5B-chat,Llama,2.472,<=3B,2024-10-26,2024_H2,UNKNOWN_OPEN_WEIGHTS,LICENSE_RECORDED,COMPLETE_SIX_TASK,True,6,NOT_IN_T05_BRIDGE,NOT_APPLICABLE,False,False,OBSERVED_DESCRIPTION
MODEL::meta-llama_Llama-2-13b-hf,meta-llama_Llama-2-13b-hf,model::meta-llama/Llama-2-13b-hf,meta-llama/Llama-2-13b-hf,Llama,13.016,>3B to <20B,2024-06-12,2024_H1,UNKNOWN_OPEN_WEIGHTS,LICENSE_RECORDED,COMPLETE_SIX_TASK,True,6,CONDITIONAL_SOURCE_TRANSFER,CONDITIONAL_ASSOCIATION_ONLY,False,False,OBSERVED_DESCRIPTION
MODEL::meta-llama_Llama-2-70b-chat-hf,meta-llama_Llama-2-70b-chat-hf,model::meta-llama/Llama-2-70b-chat-hf,meta-llama/Llama-2-70b-chat-hf,Llama,68.977,>=20B,2024-06-12,2024_H1,UNKNOWN_OPEN_WEIGHTS,LICENSE_RECORDED,COMPLETE_SIX_TASK,True,6,NOT_IN_T05_BRIDGE,NOT_APPLICABLE,False,False,OBSERVED_DESCRIPTION
MODEL::meta-llama_Llama-2-70b-hf,meta-llama_Llama-2-70b-hf,model::meta-llama/Llama-2-70b-hf,meta-llama/Llama-2-70b-hf,Llama,68.977,>=20B,2024-06-12,2024_H1,UNKNOWN_OPEN_WEIGHTS,LICENSE_RECORDED,COMPLETE_SIX_TASK,True,6,CONDITIONAL_SOURCE_TRANSFER,CONDITIONAL_ASSOCIATION_ONLY,False,False,OBSERVED_DESCRIPTION
MODEL::meta-llama_Llama-2-7b-chat-hf,meta-llama_Llama-2-7b-chat-hf,model::meta-llama/Llama-2-7b-chat-hf,meta-llama/Llama-2-7b-chat-hf,Llama,6.738,>3B to <20B,2024-08-30,2024_H2,UNKNOWN_OPEN_WEIGHTS,LICENSE_RECORDED,COMPLETE_SIX_TASK,True,6,NOT_IN_T05_BRIDGE,NOT_APPLICABLE,False,False,OBSERVED_DESCRIPTION
MODEL::meta-llama_Llama-3.1-70B,meta-llama_Llama-3.1-70B,model::meta-llama/Llama-3.1-70B,meta-llama/Llama-3.1-70B,Llama,70.554,>=20B,2024-07-23,2024_H2,UNKNOWN_OPEN_WEIGHTS,LICENSE_RECORDED,COMPLETE_SIX_TASK,True,6,NOT_IN_T05_BRIDGE,NOT_APPLICABLE,False,False,OBSERVED_DESCRIPTION
MODEL::meta-llama_Llama-3.1-70B-Instruct,meta-llama_Llama-3.1-70B-Instruct,model::meta-llama/Llama-3.1-70B-Instruct,meta-llama/Llama-3.1-70B-Instruct,Llama,70.554,>=20B,2024-08-15,2024_H2,UNKNOWN_OPEN_WEIGHTS,LICENSE_RECORDED,COMPLETE_SIX_TASK,True,6,NOT_IN_T05_BRIDGE,NOT_APPLICABLE,False,False,OBSERVED_DESCRIPTION
MODEL::meta-llama_Llama-3.1-8B-Instruct,meta-llama_Llama-3.1-8B-Instruct,model::meta-llama/Llama-3.1-8B-Instruct,meta-llama/Llama-3.1-8B-Instruct,Llama,8.03,>3B to <20B,2025-02-06,2025_Q1,UNKNOWN_OPEN_WEIGHTS,LICENSE_RECORDED,COMPLETE_SIX_TASK,True,6,NOT_IN_T05_BRIDGE,NOT_APPLICABLE,False,False,OBSERVED_DESCRIPTION
MODEL::meta-llama_Llama-3.2-1B,meta-llama_Llama-3.2-1B,model::meta-llama/Llama-3.2-1B,meta-llama/Llama-3.2-1B,Llama,1.24,<=3B,2024-09-23,2024_H2,UNKNOWN_OPEN_WEIGHTS,LICENSE_RECORDED,COMPLETE_SIX_TASK,True,6,NOT_IN_T05_BRIDGE,NOT_APPLICABLE,False,False,OBSERVED_DESCRIPTION
MODEL::meta-llama_Llama-3.2-3B-Instruct,meta-llama_Llama-3.2-3B-Instruct,model::meta-llama/Llama-3.2-3B-Instruct,meta-llama/Llama-3.2-3B-Instruct,Llama,3.213,>3B to <20B,2024-09-27,2024_H2,UNKNOWN_OPEN_WEIGHTS,LICENSE_RECORDED,COMPLETE_SIX_TASK,True,6,NOT_IN_T05_BRIDGE,NOT_APPLICABLE,False,False,OBSERVED_DESCRIPTION
MODEL::meta-llama_Meta-Llama-3-70B,meta-llama_Meta-Llama-3-70B,model::meta-llama/Meta-Llama-3-70B,meta-llama/Meta-Llama-3-70B,Llama,70.554,>=20B,2024-06-12,2024_H1,UNKNOWN_OPEN_WEIGHTS,LICENSE_RECORDED,COMPLETE_SIX_TASK,True,6,CONDITIONAL_SOURCE_TRANSFER,CONDITIONAL_ASSOCIATION_ONLY,False,False,OBSERVED_DESCRIPTION
MODEL::meta-llama_Meta-Llama-3-70B-Instruct,meta-llama_Meta-Llama-3-70B-Instruct,model::meta-llama/Meta-Llama-3-70B-Instruct,meta-llama/Meta-Llama-3-70B-Instruct,Llama,70.554,>=20B,2024-06-12,2024_H1,UNKNOWN_OPEN_WEIGHTS,LICENSE_RECORDED,COMPLETE_SIX_TASK,True,6,CONDITIONAL_SOURCE_TRANSFER,CONDITIONAL_ASSOCIATION_ONLY,False,False,OBSERVED_DESCRIPTION
MODEL::meta-llama_Meta-Llama-3-8B-Instruct,meta-llama_Meta-Llama-3-8B-Instruct,model::meta-llama/Meta-Llama-3-8B-Instruct,meta-llama/Meta-Llama-3-8B-Instruct,Llama,8.03,>3B to <20B,,UNKNOWN_OR_AMBIGUOUS,UNKNOWN_OPEN_WEIGHTS,LICENSE_RECORDED,COMPLETE_SIX_TASK,True,6,CONDITIONAL_SOURCE_TRANSFER,CONDITIONAL_ASSOCIATION_ONLY,False,False,OBSERVED_DESCRIPTION
MODEL::microsoft_Phi-3-medium-128k-instruct,microsoft_Phi-3-medium-128k-instruct,model::microsoft/Phi-3-medium-128k-instruct,microsoft/Phi-3-medium-128k-instruct,Phi,13.96,>3B to <20B,2024-08-21,2024_H2,UNKNOWN_OPEN_WEIGHTS,LICENSE_RECORDED,COMPLETE_SIX_TASK,True,6,NOT_IN_T05_BRIDGE,NOT_APPLICABLE,False,False,OBSERVED_DESCRIPTION
MODEL::microsoft_Phi-3-medium-4k-instruct,microsoft_Phi-3-medium-4k-instruct,model::microsoft/Phi-3-medium-4k-instruct,microsoft/Phi-3-medium-4k-instruct,Phi,13.96,>3B to <20B,2024-06-12,2024_H1,UNKNOWN_OPEN_WEIGHTS,LICENSE_RECORDED,COMPLETE_SIX_TASK,True,6,CONDITIONAL_SOURCE_TRANSFER,CONDITIONAL_ASSOCIATION_ONLY,False,False,OBSERVED_DESCRIPTION
MODEL::microsoft_Phi-3-mini-128k-instruct,microsoft_Phi-3-mini-128k-instruct,model::microsoft/Phi-3-mini-128k-instruct,microsoft/Phi-3-mini-128k-instruct,Phi,3.821,>3B to <20B,2024-08-21,2024_H2,UNKNOWN_OPEN_WEIGHTS,LICENSE_RECORDED,COMPLETE_SIX_TASK,True,6,NOT_IN_T05_BRIDGE,NOT_APPLICABLE,False,False,OBSERVED_DESCRIPTION
MODEL::microsoft_Phi-4-mini-instruct,microsoft_Phi-4-mini-instruct,model::microsoft/Phi-4-mini-instruct,microsoft/Phi-4-mini-instruct,Phi,3.836,>3B to <20B,2025-02-28,2025_Q1,Yes,LICENSE_RECORDED,COMPLETE_SIX_TASK,True,6,NOT_IN_T05_BRIDGE,NOT_APPLICABLE,False,False,OBSERVED_DESCRIPTION
MODEL::microsoft_phi-1,microsoft_phi-1,model::microsoft/phi-1,microsoft/phi-1,Phi,1.418,<=3B,2024-06-13,2024_H1,Yes,LICENSE_RECORDED,COMPLETE_SIX_TASK,True,6,CONDITIONAL_SOURCE_TRANSFER,CONDITIONAL_ASSOCIATION_ONLY,False,False,OBSERVED_DESCRIPTION
MODEL::microsoft_phi-1_5,microsoft_phi-1_5,model::microsoft/phi-1_5,microsoft/phi-1_5,Phi,1.418,<=3B,2024-06-09,2024_H1,Yes,LICENSE_RECORDED,COMPLETE_SIX_TASK,True,6,CONDITIONAL_SOURCE_TRANSFER,CONDITIONAL_ASSOCIATION_ONLY,False,False,OBSERVED_DESCRIPTION
MODEL::microsoft_phi-4,microsoft_phi-4,model::microsoft/phi-4,microsoft/phi-4,Phi,14.66,>3B to <20B,2025-01-08,2025_Q1,Yes,LICENSE_RECORDED,COMPLETE_SIX_TASK,True,6,NOT_IN_T05_BRIDGE,NOT_APPLICABLE,False,False,OBSERVED_DESCRIPTION
MODEL::migtissera_Tess-3-Mistral-Nemo-12B,migtissera_Tess-3-Mistral-Nemo-12B,model::migtissera/Tess-3-Mistral-Nemo-12B,migtissera/Tess-3-Mistral-Nemo-12B,Mistral,12.248,>3B to <20B,2024-09-16,2024_H2,UNKNOWN_OPEN_WEIGHTS,LICENSE_RECORDED,COMPLETE_SIX_TASK,True,6,NOT_IN_T05_BRIDGE,NOT_APPLICABLE,False,False,OBSERVED_DESCRIPTION
MODEL::minghaowu_Qwen1.5-1.8B-OpenHermes-2.5,minghaowu_Qwen1.5-1.8B-OpenHermes-2.5,model::minghaowu/Qwen1.5-1.8B-OpenHermes-2.5,minghaowu/Qwen1.5-1.8B-OpenHermes-2.5,Qwen,1.837,<=3B,2024-09-12,2024_H2,UNKNOWN_OPEN_WEIGHTS,UNKNOWN_LICENSE,COMPLETE_SIX_TASK,True,6,NOT_IN_T05_BRIDGE,NOT_APPLICABLE,False,False,OBSERVED_DESCRIPTION
MODEL::mistral-community_Mixtral-8x22B-v0.1,mistral-community_Mixtral-8x22B-v0.1,model::mistral-community/Mixtral-8x22B-v0.1,mistral-community/Mixtral-8x22B-v0.1,Mistral,0.0,<=3B,,UNKNOWN_OR_AMBIGUOUS,UNKNOWN_OPEN_WEIGHTS,LICENSE_RECORDED,COMPLETE_SIX_TASK,True,6,NOT_IN_T05_BRIDGE,NOT_APPLICABLE,False,False,OBSERVED_DESCRIPTION
MODEL::mistralai_Codestral-22B-v0.1,mistralai_Codestral-22B-v0.1,model::mistralai/Codestral-22B-v0.1,mistralai/Codestral-22B-v0.1,Mistral,22.247,>=20B,2024-09-28,2024_H2,Yes,LICENSE_RECORDED,COMPLETE_SIX_TASK,True,6,NOT_IN_T05_BRIDGE,NOT_APPLICABLE,False,False,OBSERVED_DESCRIPTION
MODEL::mistralai_Mistral-7B-Instruct-v0.1,mistralai_Mistral-7B-Instruct-v0.1,model::mistralai/Mistral-7B-Instruct-v0.1,mistralai/Mistral-7B-Instruct-v0.1,Mistral,7.242,>3B to <20B,2024-06-27,2024_H1,UNKNOWN_OPEN_WEIGHTS,LICENSE_RECORDED,COMPLETE_SIX_TASK,True,6,NOT_IN_T05_BRIDGE,NOT_APPLICABLE,False,False,OBSERVED_DESCRIPTION
MODEL::mistralai_Mistral-7B-Instruct-v0.3,mistralai_Mistral-7B-Instruct-v0.3,model::mistralai/Mistral-7B-Instruct-v0.3,mistralai/Mistral-7B-Instruct-v0.3,Mistral,7.248,>3B to <20B,2024-06-12,2024_H1,UNKNOWN_OPEN_WEIGHTS,LICENSE_RECORDED,COMPLETE_SIX_TASK,True,6,NOT_IN_T05_BRIDGE,NOT_APPLICABLE,False,False,OBSERVED_DESCRIPTION
MODEL::mistralai_Mistral-7B-v0.3,mistralai_Mistral-7B-v0.3,model::mistralai/Mistral-7B-v0.3,mistralai/Mistral-7B-v0.3,Mistral,7.248,>3B to <20B,2024-06-12,2024_H1,UNKNOWN_OPEN_WEIGHTS,LICENSE_RECORDED,PARTIAL_VALID_TASK,True,1,NOT_IN_T05_BRIDGE,NOT_APPLICABLE,False,False,OBSERVED_DESCRIPTION
MODEL::mistralai_Mistral-Large-Instruct-2411,mistralai_Mistral-Large-Instruct-2411,model::mistralai/Mistral-Large-Instruct-2411,mistralai/Mistral-Large-Instruct-2411,Mistral,122.61,>=20B,2024-11-19,2024_H2,UNKNOWN_OPEN_WEIGHTS,LICENSE_RECORDED,COMPLETE_SIX_TASK,True,6,NOT_IN_T05_BRIDGE,NOT_APPLICABLE,False,False,OBSERVED_DESCRIPTION
MODEL::mistralai_Mistral-Nemo-Instruct-2407,mistralai_Mistral-Nemo-Instruct-2407,model::mistralai/Mistral-Nemo-Instruct-2407,mistralai/Mistral-Nemo-Instruct-2407,Mistral,12.248,>3B to <20B,2024-08-29,2024_H2,UNKNOWN_OPEN_WEIGHTS,LICENSE_RECORDED,COMPLETE_SIX_TASK,True,6,NOT_IN_T05_BRIDGE,NOT_APPLICABLE,False,False,OBSERVED_DESCRIPTION
MODEL::mistralai_Mistral-Small-Instruct-2409,mistralai_Mistral-Small-Instruct-2409,model::mistralai/Mistral-Small-Instruct-2409,mistralai/Mistral-Small-Instruct-2409,Mistral,,UNKNOWN,,UNKNOWN_OR_AMBIGUOUS,UNKNOWN_OPEN_WEIGHTS,LICENSE_RECORDED,COMPLETE_SIX_TASK,True,6,NOT_IN_T05_BRIDGE,NOT_APPLICABLE,False,False,OBSERVED_DESCRIPTION
MODEL::mistralai_Mixtral-8x22B-Instruct-v0.1,mistralai_Mixtral-8x22B-Instruct-v0.1,model::mistralai/Mixtral-8x22B-Instruct-v0.1,mistralai/Mixtral-8x22B-Instruct-v0.1,Mistral,140.621,>=20B,2024-06-12,2024_H1,UNKNOWN_OPEN_WEIGHTS,LICENSE_RECORDED,COMPLETE_SIX_TASK,True,6,NOT_IN_T05_BRIDGE,NOT_APPLICABLE,False,False,OBSERVED_DESCRIPTION
MODEL::mistralai_Mixtral-8x22B-v0.1,mistralai_Mixtral-8x22B-v0.1,model::mistralai/Mixtral-8x22B-v0.1,mistralai/Mixtral-8x22B-v0.1,Mistral,140.621,>=20B,2024-06-12,2024_H1,UNKNOWN_OPEN_WEIGHTS,LICENSE_RECORDED,COMPLETE_SIX_TASK,True,6,NOT_IN_T05_BRIDGE,NOT_APPLICABLE,False,False,OBSERVED_DESCRIPTION
MODEL::mistralai_Mixtral-8x7B-v0.1,mistralai_Mixtral-8x7B-v0.1,model::mistralai/Mixtral-8x7B-v0.1,mistralai/Mixtral-8x7B-v0.1,Mistral,46.703,>=20B,,UNKNOWN_OR_AMBIGUOUS,UNKNOWN_OPEN_WEIGHTS,LICENSE_RECORDED,COMPLETE_SIX_TASK,True,6,CONDITIONAL_SOURCE_TRANSFER,CONDITIONAL_ASSOCIATION_ONLY,False,False,OBSERVED_DESCRIPTION
MODEL::mkurman_llama-3.2-MEDIT-3B-o1,mkurman_llama-3.2-MEDIT-3B-o1,model::mkurman/llama-3.2-MEDIT-3B-o1,mkurman/llama-3.2-MEDIT-3B-o1,Llama,3.607,>3B to <20B,2025-01-07,2025_Q1,UNKNOWN_OPEN_WEIGHTS,LICENSE_RECORDED,COMPLETE_SIX_TASK,True,6,NOT_IN_T05_BRIDGE,NOT_APPLICABLE,False,False,OBSERVED_DESCRIPTION
MODEL::mkurman_phi-4-MedIT-11B-exp-1,mkurman_phi-4-MedIT-11B-exp-1,model::mkurman/phi-4-MedIT-11B-exp-1,mkurman/phi-4-MedIT-11B-exp-1,Phi,11.514,>3B to <20B,2025-01-10,2025_Q1,Yes,UNKNOWN_LICENSE,COMPLETE_SIX_TASK,True,6,NOT_IN_T05_BRIDGE,NOT_APPLICABLE,False,False,OBSERVED_DESCRIPTION
MODEL::mkxu_llama-3-8b-po1,mkxu_llama-3-8b-po1,model::mkxu/llama-3-8b-po1,mkxu/llama-3-8b-po1,Llama,8.03,>3B to <20B,2024-11-29,2024_H2,UNKNOWN_OPEN_WEIGHTS,UNKNOWN_LICENSE,COMPLETE_SIX_TASK,True,6,NOT_IN_T05_BRIDGE,NOT_APPLICABLE,False,False,OBSERVED_DESCRIPTION
MODEL::mlabonne_BigQwen2.5-52B-Instruct,mlabonne_BigQwen2.5-52B-Instruct,model::mlabonne/BigQwen2.5-52B-Instruct,mlabonne/BigQwen2.5-52B-Instruct,Qwen,52.268,>=20B,2024-09-25,2024_H2,UNKNOWN_OPEN_WEIGHTS,LICENSE_RECORDED,COMPLETE_SIX_TASK,True,6,NOT_IN_T05_BRIDGE,NOT_APPLICABLE,False,False,OBSERVED_DESCRIPTION
MODEL::mlabonne_ChimeraLlama-3-8B-v2,mlabonne_ChimeraLlama-3-8B-v2,model::mlabonne/ChimeraLlama-3-8B-v2,mlabonne/ChimeraLlama-3-8B-v2,Llama,8.03,>3B to <20B,2024-08-25,2024_H2,UNKNOWN_OPEN_WEIGHTS,LICENSE_RECORDED,COMPLETE_SIX_TASK,True,6,NOT_IN_T05_BRIDGE,NOT_APPLICABLE,False,False,OBSERVED_DESCRIPTION
MODEL::mlabonne_OrpoLlama-3-8B,mlabonne_OrpoLlama-3-8B,model::mlabonne/OrpoLlama-3-8B,mlabonne/OrpoLlama-3-8B,Llama,8.03,>3B to <20B,2024-06-12,2024_H1,UNKNOWN_OPEN_WEIGHTS,LICENSE_RECORDED,COMPLETE_SIX_TASK,True,6,NOT_IN_T05_BRIDGE,NOT_APPLICABLE,False,False,OBSERVED_DESCRIPTION
MODEL::mlabonne_phixtral-2x2_8,mlabonne_phixtral-2x2_8,model::mlabonne/phixtral-2x2_8,mlabonne/phixtral-2x2_8,Phi,4.458,>3B to <20B,2024-06-12,2024_H1,UNKNOWN_OPEN_WEIGHTS,LICENSE_RECORDED,COMPLETE_SIX_TASK,True,6,NOT_IN_T05_BRIDGE,NOT_APPLICABLE,False,False,OBSERVED_DESCRIPTION
MODEL::mlx-community_Josiefied-Qwen2.5-0.5B-Instruct-abliterated-v1-float32,mlx-community_Josiefied-Qwen2.5-0.5B-Instruct-abliterated-v1-float32,model::mlx-community/Josiefied-Qwen2.5-0.5B-Instruct-abliterated-v1-float32,mlx-community/Josiefied-Qwen2.5-0.5B-Instruct-abliterated-v1-float32,Qwen,0.494,<=3B,2025-01-07,2025_Q1,UNKNOWN_OPEN_WEIGHTS,LICENSE_RECORDED,COMPLETE_SIX_TASK,True,6,NOT_IN_T05_BRIDGE,NOT_APPLICABLE,False,False,OBSERVED_DESCRIPTION
MODEL::mlx-community_Mistral-Small-24B-Instruct-2501-bf16,mlx-community_Mistral-Small-24B-Instruct-2501-bf16,model::mlx-community/Mistral-Small-24B-Instruct-2501-bf16,mlx-community/Mistral-Small-24B-Instruct-2501-bf16,Mistral,23.572,>=20B,2025-02-06,2025_Q1,UNKNOWN_OPEN_WEIGHTS,LICENSE_RECORDED,COMPLETE_SIX_TASK,True,6,NOT_IN_T05_BRIDGE,NOT_APPLICABLE,False,False,OBSERVED_DESCRIPTION
MODEL::mmnga_Llama-3-70B-japanese-suzume-vector-v0.1,mmnga_Llama-3-70B-japanese-suzume-vector-v0.1,model::mmnga/Llama-3-70B-japanese-suzume-vector-v0.1,mmnga/Llama-3-70B-japanese-suzume-vector-v0.1,Llama,70.554,>=20B,2024-09-19,2024_H2,UNKNOWN_OPEN_WEIGHTS,LICENSE_RECORDED,COMPLETE_SIX_TASK,True,6,NOT_IN_T05_BRIDGE,NOT_APPLICABLE,False,False,OBSERVED_DESCRIPTION
MODEL::mobiuslabsgmbh_DeepSeek-R1-ReDistill-Llama3-8B-v1.1,mobiuslabsgmbh_DeepSeek-R1-ReDistill-Llama3-8B-v1.1,model::mobiuslabsgmbh/DeepSeek-R1-ReDistill-Llama3-8B-v1.1,mobiuslabsgmbh/DeepSeek-R1-ReDistill-Llama3-8B-v1.1,Llama,8.03,>3B to <20B,2025-02-16,2025_Q1,Yes,LICENSE_RECORDED,COMPLETE_SIX_TASK,True,6,NOT_IN_T05_BRIDGE,NOT_APPLICABLE,False,False,OBSERVED_DESCRIPTION
MODEL::mobiuslabsgmbh_DeepSeek-R1-ReDistill-Qwen-7B-v1.1,mobiuslabsgmbh_DeepSeek-R1-ReDistill-Qwen-7B-v1.1,model::mobiuslabsgmbh/DeepSeek-R1-ReDistill-Qwen-7B-v1.1,mobiuslabsgmbh/DeepSeek-R1-ReDistill-Qwen-7B-v1.1,Qwen,7.616,>3B to <20B,2025-02-16,2025_Q1,Yes,LICENSE_RECORDED,COMPLETE_SIX_TASK,True,6,NOT_IN_T05_BRIDGE,NOT_APPLICABLE,False,False,OBSERVED_DESCRIPTION
MODEL::monsterapi_Llama-3_1-8B-Instruct-orca-ORPO,monsterapi_Llama-3_1-8B-Instruct-orca-ORPO,model::monsterapi/Llama-3_1-8B-Instruct-orca-ORPO,monsterapi/Llama-3_1-8B-Instruct-orca-ORPO,Llama,16.061,>3B to <20B,2024-08-30,2024_H2,UNKNOWN_OPEN_WEIGHTS,LICENSE_RECORDED,COMPLETE_SIX_TASK,True,6,NOT_IN_T05_BRIDGE,NOT_APPLICABLE,False,False,OBSERVED_DESCRIPTION
MODEL::monsterapi_gemma-2-2b-LoRA-MonsterInstruct,monsterapi_gemma-2-2b-LoRA-MonsterInstruct,model::monsterapi/gemma-2-2b-LoRA-MonsterInstruct,monsterapi/gemma-2-2b-LoRA-MonsterInstruct,Gemma,2.614,<=3B,2024-08-05,2024_H2,UNKNOWN_OPEN_WEIGHTS,LICENSE_RECORDED,COMPLETE_SIX_TASK,True,6,NOT_IN_T05_BRIDGE,NOT_APPLICABLE,False,False,OBSERVED_DESCRIPTION
MODEL::mukaj_Llama-3.1-Hawkish-8B,mukaj_Llama-3.1-Hawkish-8B,model::mukaj/Llama-3.1-Hawkish-8B,mukaj/Llama-3.1-Hawkish-8B,Llama,8.03,>3B to <20B,2024-12-18,2024_H2,UNKNOWN_OPEN_WEIGHTS,LICENSE_RECORDED,COMPLETE_SIX_TASK,True,6,NOT_IN_T05_BRIDGE,NOT_APPLICABLE,False,False,OBSERVED_DESCRIPTION
MODEL::natong19_Mistral-Nemo-Instruct-2407-abliterated,natong19_Mistral-Nemo-Instruct-2407-abliterated,model::natong19/Mistral-Nemo-Instruct-2407-abliterated,natong19/Mistral-Nemo-Instruct-2407-abliterated,Mistral,12.248,>3B to <20B,2024-09-21,2024_H2,UNKNOWN_OPEN_WEIGHTS,LICENSE_RECORDED,COMPLETE_SIX_TASK,True,6,NOT_IN_T05_BRIDGE,NOT_APPLICABLE,False,False,OBSERVED_DESCRIPTION
MODEL::natong19_Qwen2-7B-Instruct-abliterated,natong19_Qwen2-7B-Instruct-abliterated,model::natong19/Qwen2-7B-Instruct-abliterated,natong19/Qwen2-7B-Instruct-abliterated,Qwen,7.616,>3B to <20B,2024-07-29,2024_H2,Yes,LICENSE_RECORDED,COMPLETE_SIX_TASK,True,6,NOT_IN_T05_BRIDGE,NOT_APPLICABLE,False,False,OBSERVED_DESCRIPTION
MODEL::nazimali_Mistral-Nemo-Kurdish-Instruct,nazimali_Mistral-Nemo-Kurdish-Instruct,model::nazimali/Mistral-Nemo-Kurdish-Instruct,nazimali/Mistral-Nemo-Kurdish-Instruct,Mistral,12.248,>3B to <20B,2024-10-14,2024_H2,UNKNOWN_OPEN_WEIGHTS,LICENSE_RECORDED,COMPLETE_SIX_TASK,True,6,NOT_IN_T05_BRIDGE,NOT_APPLICABLE,False,False,OBSERVED_DESCRIPTION
MODEL::nbeerbower_Dumpling-Qwen2.5-1.5B,nbeerbower_Dumpling-Qwen2.5-1.5B,model::nbeerbower/Dumpling-Qwen2.5-1.5B,nbeerbower/Dumpling-Qwen2.5-1.5B,Qwen,1.544,<=3B,2025-01-29,2025_Q1,UNKNOWN_OPEN_WEIGHTS,LICENSE_RECORDED,COMPLETE_SIX_TASK,True,6,NOT_IN_T05_BRIDGE,NOT_APPLICABLE,False,False,OBSERVED_DESCRIPTION
MODEL::nbeerbower_Dumpling-Qwen2.5-14B,nbeerbower_Dumpling-Qwen2.5-14B,model::nbeerbower/Dumpling-Qwen2.5-14B,nbeerbower/Dumpling-Qwen2.5-14B,Qwen,14.77,>3B to <20B,2025-02-15,2025_Q1,UNKNOWN_OPEN_WEIGHTS,LICENSE_RECORDED,COMPLETE_SIX_TASK,True,6,NOT_IN_T05_BRIDGE,NOT_APPLICABLE,False,False,OBSERVED_DESCRIPTION
MODEL::nbeerbower_Gemma2-Gutenberg-Doppel-9B,nbeerbower_Gemma2-Gutenberg-Doppel-9B,model::nbeerbower/Gemma2-Gutenberg-Doppel-9B,nbeerbower/Gemma2-Gutenberg-Doppel-9B,Gemma,9.242,>3B to <20B,2024-10-01,2024_H2,UNKNOWN_OPEN_WEIGHTS,LICENSE_RECORDED,COMPLETE_SIX_TASK,True,6,NOT_IN_T05_BRIDGE,NOT_APPLICABLE,False,False,OBSERVED_DESCRIPTION
MODEL::nbeerbower_Gutensuppe-mistral-nemo-12B,nbeerbower_Gutensuppe-mistral-nemo-12B,model::nbeerbower/Gutensuppe-mistral-nemo-12B,nbeerbower/Gutensuppe-mistral-nemo-12B,Mistral,12.248,>3B to <20B,2024-09-03,2024_H2,UNKNOWN_OPEN_WEIGHTS,UNKNOWN_LICENSE,COMPLETE_SIX_TASK,True,6,NOT_IN_T05_BRIDGE,NOT_APPLICABLE,False,False,OBSERVED_DESCRIPTION
MODEL::nbeerbower_Hermes2-Gutenberg2-Mistral-7B,nbeerbower_Hermes2-Gutenberg2-Mistral-7B,model::nbeerbower/Hermes2-Gutenberg2-Mistral-7B,nbeerbower/Hermes2-Gutenberg2-Mistral-7B,Mistral,7.242,>3B to <20B,2024-10-01,2024_H2,UNKNOWN_OPEN_WEIGHTS,LICENSE_RECORDED,COMPLETE_SIX_TASK,True,6,NOT_IN_T05_BRIDGE,NOT_APPLICABLE,False,False,OBSERVED_DESCRIPTION
MODEL::nbeerbower_Llama-3.1-Nemotron-lorablated-70B,nbeerbower_Llama-3.1-Nemotron-lorablated-70B,model::nbeerbower/Llama-3.1-Nemotron-lorablated-70B,nbeerbower/Llama-3.1-Nemotron-lorablated-70B,Llama,70.554,>=20B,2024-11-27,2024_H2,UNKNOWN_OPEN_WEIGHTS,LICENSE_RECORDED,COMPLETE_SIX_TASK,True,6,NOT_IN_T05_BRIDGE,NOT_APPLICABLE,False,False,OBSERVED_DESCRIPTION
MODEL::nbeerbower_Mahou-1.5-mistral-nemo-12B-lorablated,nbeerbower_Mahou-1.5-mistral-nemo-12B-lorablated,model::nbeerbower/Mahou-1.5-mistral-nemo-12B-lorablated,nbeerbower/Mahou-1.5-mistral-nemo-12B-lorablated,Mistral,12.248,>3B to <20B,2024-10-19,2024_H2,UNKNOWN_OPEN_WEIGHTS,LICENSE_RECORDED,COMPLETE_SIX_TASK,True,6,NOT_IN_T05_BRIDGE,NOT_APPLICABLE,False,False,OBSERVED_DESCRIPTION
MODEL::nbeerbower_Mistral-Gutenberg-Doppel-7B-FFT,nbeerbower_Mistral-Gutenberg-Doppel-7B-FFT,model::nbeerbower/Mistral-Gutenberg-Doppel-7B-FFT,nbeerbower/Mistral-Gutenberg-Doppel-7B-FFT,Mistral,7.242,>3B to <20B,2024-11-18,2024_H2,UNKNOWN_OPEN_WEIGHTS,LICENSE_RECORDED,COMPLETE_SIX_TASK,True,6,NOT_IN_T05_BRIDGE,NOT_APPLICABLE,False,False,OBSERVED_DESCRIPTION
MODEL::nbeerbower_Mistral-Nemo-Moderne-12B-FFT-experimental,nbeerbower_Mistral-Nemo-Moderne-12B-FFT-experimental,model::nbeerbower/Mistral-Nemo-Moderne-12B-FFT-experimental,nbeerbower/Mistral-Nemo-Moderne-12B-FFT-experimental,Mistral,12.248,>3B to <20B,2024-11-26,2024_H2,UNKNOWN_OPEN_WEIGHTS,LICENSE_RECORDED,COMPLETE_SIX_TASK,True,6,NOT_IN_T05_BRIDGE,NOT_APPLICABLE,False,False,OBSERVED_DESCRIPTION
MODEL::nbeerbower_Mistral-Nemo-Prism-12B,nbeerbower_Mistral-Nemo-Prism-12B,model::nbeerbower/Mistral-Nemo-Prism-12B,nbeerbower/Mistral-Nemo-Prism-12B,Mistral,12.248,>3B to <20B,2024-11-12,2024_H2,UNKNOWN_OPEN_WEIGHTS,LICENSE_RECORDED,COMPLETE_SIX_TASK,True,6,NOT_IN_T05_BRIDGE,NOT_APPLICABLE,False,False,OBSERVED_DESCRIPTION
MODEL::nbeerbower_Mistral-Nemo-Prism-12B-v2,nbeerbower_Mistral-Nemo-Prism-12B-v2,model::nbeerbower/Mistral-Nemo-Prism-12B-v2,nbeerbower/Mistral-Nemo-Prism-12B-v2,Mistral,12.248,>3B to <20B,2024-11-26,2024_H2,UNKNOWN_OPEN_WEIGHTS,LICENSE_RECORDED,COMPLETE_SIX_TASK,True,6,NOT_IN_T05_BRIDGE,NOT_APPLICABLE,False,False,OBSERVED_DESCRIPTION
MODEL::nbeerbower_Mistral-Small-Drummer-22B,nbeerbower_Mistral-Small-Drummer-22B,model::nbeerbower/Mistral-Small-Drummer-22B,nbeerbower/Mistral-Small-Drummer-22B,Mistral,22.247,>=20B,2024-10-01,2024_H2,UNKNOWN_OPEN_WEIGHTS,LICENSE_RECORDED,COMPLETE_SIX_TASK,True,6,NOT_IN_T05_BRIDGE,NOT_APPLICABLE,False,False,OBSERVED_DESCRIPTION
MODEL::nbeerbower_Mistral-Small-Gutenberg-Doppel-22B,nbeerbower_Mistral-Small-Gutenberg-Doppel-22B,model::nbeerbower/Mistral-Small-Gutenberg-Doppel-22B,nbeerbower/Mistral-Small-Gutenberg-Doppel-22B,Mistral,22.247,>=20B,2024-09-25,2024_H2,UNKNOWN_OPEN_WEIGHTS,LICENSE_RECORDED,COMPLETE_SIX_TASK,True,6,NOT_IN_T05_BRIDGE,NOT_APPLICABLE,False,False,OBSERVED_DESCRIPTION
MODEL::nbeerbower_Qwen2.5-Gutenberg-Doppel-14B,nbeerbower_Qwen2.5-Gutenberg-Doppel-14B,model::nbeerbower/Qwen2.5-Gutenberg-Doppel-14B,nbeerbower/Qwen2.5-Gutenberg-Doppel-14B,Qwen,14.77,>3B to <20B,2024-11-11,2024_H2,UNKNOWN_OPEN_WEIGHTS,LICENSE_RECORDED,COMPLETE_SIX_TASK,True,6,NOT_IN_T05_BRIDGE,NOT_APPLICABLE,False,False,OBSERVED_DESCRIPTION
MODEL::nbeerbower_Stella-mistral-nemo-12B-v2,nbeerbower_Stella-mistral-nemo-12B-v2,model::nbeerbower/Stella-mistral-nemo-12B-v2,nbeerbower/Stella-mistral-nemo-12B-v2,Mistral,12.248,>3B to <20B,2024-09-14,2024_H2,UNKNOWN_OPEN_WEIGHTS,UNKNOWN_LICENSE,COMPLETE_SIX_TASK,True,6,NOT_IN_T05_BRIDGE,NOT_APPLICABLE,False,False,OBSERVED_DESCRIPTION
MODEL::nbeerbower_gemma2-gutenberg-27B,nbeerbower_gemma2-gutenberg-27B,model::nbeerbower/gemma2-gutenberg-27B,nbeerbower/gemma2-gutenberg-27B,Gemma,27.227,>=20B,2024-09-23,2024_H2,UNKNOWN_OPEN_WEIGHTS,LICENSE_RECORDED,COMPLETE_SIX_TASK,True,6,NOT_IN_T05_BRIDGE,NOT_APPLICABLE,False,False,OBSERVED_DESCRIPTION
MODEL::nbeerbower_gemma2-gutenberg-9B,nbeerbower_gemma2-gutenberg-9B,model::nbeerbower/gemma2-gutenberg-9B,nbeerbower/gemma2-gutenberg-9B,Gemma,9.242,>3B to <20B,2024-08-03,2024_H2,UNKNOWN_OPEN_WEIGHTS,LICENSE_RECORDED,COMPLETE_SIX_TASK,True,6,NOT_IN_T05_BRIDGE,NOT_APPLICABLE,False,False,OBSERVED_DESCRIPTION
MODEL::nbeerbower_mistral-nemo-cc-12B,nbeerbower_mistral-nemo-cc-12B,model::nbeerbower/mistral-nemo-cc-12B,nbeerbower/mistral-nemo-cc-12B,Mistral,12.248,>3B to <20B,2024-09-14,2024_H2,UNKNOWN_OPEN_WEIGHTS,LICENSE_RECORDED,COMPLETE_SIX_TASK,True,6,NOT_IN_T05_BRIDGE,NOT_APPLICABLE,False,False,OBSERVED_DESCRIPTION
MODEL::nbeerbower_mistral-nemo-gutenberg-12B-v3,nbeerbower_mistral-nemo-gutenberg-12B-v3,model::nbeerbower/mistral-nemo-gutenberg-12B-v3,nbeerbower/mistral-nemo-gutenberg-12B-v3,Mistral,12.248,>3B to <20B,2024-09-03,2024_H2,UNKNOWN_OPEN_WEIGHTS,LICENSE_RECORDED,COMPLETE_SIX_TASK,True,6,NOT_IN_T05_BRIDGE,NOT_APPLICABLE,False,False,OBSERVED_DESCRIPTION
MODEL::nbeerbower_mistral-nemo-gutenberg2-12B-test,nbeerbower_mistral-nemo-gutenberg2-12B-test,model::nbeerbower/mistral-nemo-gutenberg2-12B-test,nbeerbower/mistral-nemo-gutenberg2-12B-test,Mistral,12.248,>3B to <20B,2024-09-25,2024_H2,UNKNOWN_OPEN_WEIGHTS,LICENSE_RECORDED,COMPLETE_SIX_TASK,True,6,NOT_IN_T05_BRIDGE,NOT_APPLICABLE,False,False,OBSERVED_DESCRIPTION
MODEL::nbeerbower_mistral-nemo-kartoffel-12B,nbeerbower_mistral-nemo-kartoffel-12B,model::nbeerbower/mistral-nemo-kartoffel-12B,nbeerbower/mistral-nemo-kartoffel-12B,Mistral,12.248,>3B to <20B,2025-01-12,2025_Q1,UNKNOWN_OPEN_WEIGHTS,LICENSE_RECORDED,COMPLETE_SIX_TASK,True,6,NOT_IN_T05_BRIDGE,NOT_APPLICABLE,False,False,OBSERVED_DESCRIPTION
MODEL::nbeerbower_mistral-nemo-wissenschaft-12B,nbeerbower_mistral-nemo-wissenschaft-12B,model::nbeerbower/mistral-nemo-wissenschaft-12B,nbeerbower/mistral-nemo-wissenschaft-12B,Mistral,12.248,>3B to <20B,2024-08-30,2024_H2,UNKNOWN_OPEN_WEIGHTS,LICENSE_RECORDED,COMPLETE_SIX_TASK,True,6,NOT_IN_T05_BRIDGE,NOT_APPLICABLE,False,False,OBSERVED_DESCRIPTION
MODEL::necva_IE-cont-Llama3.1-8B,necva_IE-cont-Llama3.1-8B,model::necva/IE-cont-Llama3.1-8B,necva/IE-cont-Llama3.1-8B,Llama,8.03,>3B to <20B,2025-03-06,2025_Q1,UNKNOWN_OPEN_WEIGHTS,LICENSE_RECORDED,COMPLETE_SIX_TASK,True,6,NOT_IN_T05_BRIDGE,NOT_APPLICABLE,False,False,OBSERVED_DESCRIPTION
MODEL::neopolita_jessi-v0.1-bf16-falcon3-7b-instruct,neopolita_jessi-v0.1-bf16-falcon3-7b-instruct,model::neopolita/jessi-v0.1-bf16-falcon3-7b-instruct,neopolita/jessi-v0.1-bf16-falcon3-7b-instruct,Falcon,7.456,>3B to <20B,2025-01-08,2025_Q1,UNKNOWN_OPEN_WEIGHTS,UNKNOWN_LICENSE,COMPLETE_SIX_TASK,True,6,NOT_IN_T05_BRIDGE,NOT_APPLICABLE,False,False,OBSERVED_DESCRIPTION
MODEL::neopolita_jessi-v0.1-qwen2.5-7b-instruct,neopolita_jessi-v0.1-qwen2.5-7b-instruct,model::neopolita/jessi-v0.1-qwen2.5-7b-instruct,neopolita/jessi-v0.1-qwen2.5-7b-instruct,Qwen,7.616,>3B to <20B,2025-01-26,2025_Q1,UNKNOWN_OPEN_WEIGHTS,LICENSE_RECORDED,COMPLETE_SIX_TASK,True,6,NOT_IN_T05_BRIDGE,NOT_APPLICABLE,False,False,OBSERVED_DESCRIPTION
MODEL::neopolita_jessi-v0.2-falcon3-10b-instruct,neopolita_jessi-v0.2-falcon3-10b-instruct,model::neopolita/jessi-v0.2-falcon3-10b-instruct,neopolita/jessi-v0.2-falcon3-10b-instruct,Falcon,10.306,>3B to <20B,2025-01-21,2025_Q1,UNKNOWN_OPEN_WEIGHTS,UNKNOWN_LICENSE,COMPLETE_SIX_TASK,True,6,NOT_IN_T05_BRIDGE,NOT_APPLICABLE,False,False,OBSERVED_DESCRIPTION
MODEL::neopolita_jessi-v0.2-falcon3-7b-instruct,neopolita_jessi-v0.2-falcon3-7b-instruct,model::neopolita/jessi-v0.2-falcon3-7b-instruct,neopolita/jessi-v0.2-falcon3-7b-instruct,Falcon,7.456,>3B to <20B,2025-01-08,2025_Q1,UNKNOWN_OPEN_WEIGHTS,LICENSE_RECORDED,COMPLETE_SIX_TASK,True,6,NOT_IN_T05_BRIDGE,NOT_APPLICABLE,False,False,OBSERVED_DESCRIPTION
MODEL::netcat420_DeepSeek-R1-MFANN-TIES-unretrained-7b,netcat420_DeepSeek-R1-MFANN-TIES-unretrained-7b,model::netcat420/DeepSeek-R1-MFANN-TIES-unretrained-7b,netcat420/DeepSeek-R1-MFANN-TIES-unretrained-7b,DeepSeek,7.616,>3B to <20B,2025-01-22,2025_Q1,Yes,UNKNOWN_LICENSE,COMPLETE_SIX_TASK,True,6,NOT_IN_T05_BRIDGE,NOT_APPLICABLE,False,False,OBSERVED_DESCRIPTION
MODEL::netcat420_MFANN-Llama3.1-Abliterated-SLERP-TIES-V3,netcat420_MFANN-Llama3.1-Abliterated-SLERP-TIES-V3,model::netcat420/MFANN-Llama3.1-Abliterated-SLERP-TIES-V3,netcat420/MFANN-Llama3.1-Abliterated-SLERP-TIES-V3,Llama,8.03,>3B to <20B,2024-11-26,2024_H2,UNKNOWN_OPEN_WEIGHTS,UNKNOWN_LICENSE,COMPLETE_SIX_TASK,True,6,NOT_IN_T05_BRIDGE,NOT_APPLICABLE,False,False,OBSERVED_DESCRIPTION
MODEL::netcat420_MFANN-Llama3.1-Abliterated-Slerp-TIES,netcat420_MFANN-Llama3.1-Abliterated-Slerp-TIES,model::netcat420/MFANN-Llama3.1-Abliterated-Slerp-TIES,netcat420/MFANN-Llama3.1-Abliterated-Slerp-TIES,Llama,8.03,>3B to <20B,2024-10-29,2024_H2,UNKNOWN_OPEN_WEIGHTS,UNKNOWN_LICENSE,COMPLETE_SIX_TASK,True,6,NOT_IN_T05_BRIDGE,NOT_APPLICABLE,False,False,OBSERVED_DESCRIPTION
MODEL::netcat420_MFANN-Llama3.1-Abliterated-Slerp-V3.2,netcat420_MFANN-Llama3.1-Abliterated-Slerp-V3.2,model::netcat420/MFANN-Llama3.1-Abliterated-Slerp-V3.2,netcat420/MFANN-Llama3.1-Abliterated-Slerp-V3.2,Llama,8.03,>3B to <20B,2024-10-29,2024_H2,UNKNOWN_OPEN_WEIGHTS,UNKNOWN_LICENSE,COMPLETE_SIX_TASK,True,6,NOT_IN_T05_BRIDGE,NOT_APPLICABLE,False,False,OBSERVED_DESCRIPTION
MODEL::netcat420_MFANN-llama3.1-abliterated-v2,netcat420_MFANN-llama3.1-abliterated-v2,model::netcat420/MFANN-llama3.1-abliterated-v2,netcat420/MFANN-llama3.1-abliterated-v2,Llama,8.03,>3B to <20B,2024-10-07,2024_H2,UNKNOWN_OPEN_WEIGHTS,UNKNOWN_LICENSE,COMPLETE_SIX_TASK,True,6,NOT_IN_T05_BRIDGE,NOT_APPLICABLE,False,False,OBSERVED_DESCRIPTION
MODEL::netcat420_MFANN-phigments-slerp-V3.3,netcat420_MFANN-phigments-slerp-V3.3,model::netcat420/MFANN-phigments-slerp-V3.3,netcat420/MFANN-phigments-slerp-V3.3,Phi,2.78,<=3B,2025-02-06,2025_Q1,UNKNOWN_OPEN_WEIGHTS,UNKNOWN_LICENSE,COMPLETE_SIX_TASK,True,6,NOT_IN_T05_BRIDGE,NOT_APPLICABLE,False,False,OBSERVED_DESCRIPTION
MODEL::netcat420_Qwen2.5-Coder-Scholar-7B-Abliterated-MFANN,netcat420_Qwen2.5-Coder-Scholar-7B-Abliterated-MFANN,model::netcat420/Qwen2.5-Coder-Scholar-7B-Abliterated-MFANN,netcat420/Qwen2.5-Coder-Scholar-7B-Abliterated-MFANN,Qwen,7.616,>3B to <20B,2025-01-01,2025_Q1,UNKNOWN_OPEN_WEIGHTS,LICENSE_RECORDED,COMPLETE_SIX_TASK,True,6,NOT_IN_T05_BRIDGE,NOT_APPLICABLE,False,False,OBSERVED_DESCRIPTION
MODEL::netcat420_Qwen2.5-DeepSeek-R1-MFANN-Slerp-7b,netcat420_Qwen2.5-DeepSeek-R1-MFANN-Slerp-7b,model::netcat420/Qwen2.5-DeepSeek-R1-MFANN-Slerp-7b,netcat420/Qwen2.5-DeepSeek-R1-MFANN-Slerp-7b,Qwen,7.616,>3B to <20B,2025-01-23,2025_Q1,UNKNOWN_OPEN_WEIGHTS,UNKNOWN_LICENSE,COMPLETE_SIX_TASK,True,6,NOT_IN_T05_BRIDGE,NOT_APPLICABLE,False,False,OBSERVED_DESCRIPTION
MODEL::netcat420_qwen2.5-MFANN-7b-SLERPv1.1,netcat420_qwen2.5-MFANN-7b-SLERPv1.1,model::netcat420/qwen2.5-MFANN-7b-SLERPv1.1,netcat420/qwen2.5-MFANN-7b-SLERPv1.1,Qwen,7.616,>3B to <20B,2025-02-03,2025_Q1,UNKNOWN_OPEN_WEIGHTS,UNKNOWN_LICENSE,COMPLETE_SIX_TASK,True,6,NOT_IN_T05_BRIDGE,NOT_APPLICABLE,False,False,OBSERVED_DESCRIPTION
MODEL::newsbang_Homer-v1.0-Qwen2.5-72B,newsbang_Homer-v1.0-Qwen2.5-72B,model::newsbang/Homer-v1.0-Qwen2.5-72B,newsbang/Homer-v1.0-Qwen2.5-72B,Qwen,72.706,>=20B,2024-12-16,2024_H2,UNKNOWN_OPEN_WEIGHTS,LICENSE_RECORDED,COMPLETE_SIX_TASK,True,6,NOT_IN_T05_BRIDGE,NOT_APPLICABLE,False,False,OBSERVED_DESCRIPTION
MODEL::newsbang_Homer-v1.0-Qwen2.5-7B,newsbang_Homer-v1.0-Qwen2.5-7B,model::newsbang/Homer-v1.0-Qwen2.5-7B,newsbang/Homer-v1.0-Qwen2.5-7B,Qwen,7.616,>3B to <20B,2024-12-04,2024_H2,UNKNOWN_OPEN_WEIGHTS,LICENSE_RECORDED,COMPLETE_SIX_TASK,True,6,NOT_IN_T05_BRIDGE,NOT_APPLICABLE,False,False,OBSERVED_DESCRIPTION
MODEL::nhyha_N3N_gemma-2-9b-it_20241110_2026,nhyha_N3N_gemma-2-9b-it_20241110_2026,model::nhyha/N3N_gemma-2-9b-it_20241110_2026,nhyha/N3N_gemma-2-9b-it_20241110_2026,Gemma,10.159,>3B to <20B,2024-11-12,2024_H2,UNKNOWN_OPEN_WEIGHTS,LICENSE_RECORDED,COMPLETE_SIX_TASK,True,6,NOT_IN_T05_BRIDGE,NOT_APPLICABLE,False,False,OBSERVED_DESCRIPTION
MODEL::nhyha_merge_Qwen2.5-7B-Instruct_20241023_0314,nhyha_merge_Qwen2.5-7B-Instruct_20241023_0314,model::nhyha/merge_Qwen2.5-7B-Instruct_20241023_0314,nhyha/merge_Qwen2.5-7B-Instruct_20241023_0314,Qwen,7.616,>3B to <20B,2024-11-04,2024_H2,UNKNOWN_OPEN_WEIGHTS,LICENSE_RECORDED,COMPLETE_SIX_TASK,True,6,NOT_IN_T05_BRIDGE,NOT_APPLICABLE,False,False,OBSERVED_DESCRIPTION
MODEL::nisten_franqwenstein-35b,nisten_franqwenstein-35b,model::nisten/franqwenstein-35b,nisten/franqwenstein-35b,Qwen,34.714,>=20B,2024-10-03,2024_H2,UNKNOWN_OPEN_WEIGHTS,LICENSE_RECORDED,COMPLETE_SIX_TASK,True,6,NOT_IN_T05_BRIDGE,NOT_APPLICABLE,False,False,OBSERVED_DESCRIPTION
MODEL::nisten_tqwendo-36b,nisten_tqwendo-36b,model::nisten/tqwendo-36b,nisten/tqwendo-36b,Qwen,35.69,>=20B,2024-12-21,2024_H2,UNKNOWN_OPEN_WEIGHTS,LICENSE_RECORDED,COMPLETE_SIX_TASK,True,6,NOT_IN_T05_BRIDGE,NOT_APPLICABLE,False,False,OBSERVED_DESCRIPTION
MODEL::nlpguy_Mistral-NeMo-Minitron-Upscale-v3,nlpguy_Mistral-NeMo-Minitron-Upscale-v3,model::nlpguy/Mistral-NeMo-Minitron-Upscale-v3,nlpguy/Mistral-NeMo-Minitron-Upscale-v3,Mistral,12.451,>3B to <20B,2024-10-04,2024_H2,UNKNOWN_OPEN_WEIGHTS,LICENSE_RECORDED,COMPLETE_SIX_TASK,True,6,NOT_IN_T05_BRIDGE,NOT_APPLICABLE,False,False,OBSERVED_DESCRIPTION
MODEL::noname0202_gemma-2-2b-it-ties,noname0202_gemma-2-2b-it-ties,model::noname0202/gemma-2-2b-it-ties,noname0202/gemma-2-2b-it-ties,Gemma,2.614,<=3B,2025-01-29,2025_Q1,UNKNOWN_OPEN_WEIGHTS,UNKNOWN_LICENSE,COMPLETE_SIX_TASK,True,6,NOT_IN_T05_BRIDGE,NOT_APPLICABLE,False,False,OBSERVED_DESCRIPTION
MODEL::noname0202_gemma-2-9b-sft-jp-en-zh-v1,noname0202_gemma-2-9b-sft-jp-en-zh-v1,model::noname0202/gemma-2-9b-sft-jp-en-zh-v1,noname0202/gemma-2-9b-sft-jp-en-zh-v1,Gemma,9.242,>3B to <20B,2025-01-05,2025_Q1,UNKNOWN_OPEN_WEIGHTS,UNKNOWN_LICENSE,COMPLETE_SIX_TASK,True,6,NOT_IN_T05_BRIDGE,NOT_APPLICABLE,False,False,OBSERVED_DESCRIPTION
MODEL::noname0202_gemma-2-9b-sft-jp-en-zh-v2,noname0202_gemma-2-9b-sft-jp-en-zh-v2,model::noname0202/gemma-2-9b-sft-jp-en-zh-v2,noname0202/gemma-2-9b-sft-jp-en-zh-v2,Gemma,9.242,>3B to <20B,2025-01-05,2025_Q1,UNKNOWN_OPEN_WEIGHTS,UNKNOWN_LICENSE,COMPLETE_SIX_TASK,True,6,NOT_IN_T05_BRIDGE,NOT_APPLICABLE,False,False,OBSERVED_DESCRIPTION
MODEL::noname0202_llama-math-1b-r16-0to512tokens-test,noname0202_llama-math-1b-r16-0to512tokens-test,model::noname0202/llama-math-1b-r16-0to512tokens-test,noname0202/llama-math-1b-r16-0to512tokens-test,Llama,1.236,<=3B,2025-01-25,2025_Q1,UNKNOWN_OPEN_WEIGHTS,UNKNOWN_LICENSE,COMPLETE_SIX_TASK,True,6,NOT_IN_T05_BRIDGE,NOT_APPLICABLE,False,False,OBSERVED_DESCRIPTION
MODEL::noname0202_llama-math-1b-r32-0to512tokens-test,noname0202_llama-math-1b-r32-0to512tokens-test,model::noname0202/llama-math-1b-r32-0to512tokens-test,noname0202/llama-math-1b-r32-0to512tokens-test,Llama,1.236,<=3B,2025-01-24,2025_Q1,UNKNOWN_OPEN_WEIGHTS,UNKNOWN_LICENSE,COMPLETE_SIX_TASK,True,6,NOT_IN_T05_BRIDGE,NOT_APPLICABLE,False,False,OBSERVED_DESCRIPTION
MODEL::noname0202_llama-math-1b-r32-test,noname0202_llama-math-1b-r32-test,model::noname0202/llama-math-1b-r32-test,noname0202/llama-math-1b-r32-test,Llama,1.236,<=3B,2025-01-24,2025_Q1,UNKNOWN_OPEN_WEIGHTS,UNKNOWN_LICENSE,COMPLETE_SIX_TASK,True,6,NOT_IN_T05_BRIDGE,NOT_APPLICABLE,False,False,OBSERVED_DESCRIPTION
MODEL::notbdq_Qwen2.5-14B-Instruct-1M-GRPO-Reasoning,notbdq_Qwen2.5-14B-Instruct-1M-GRPO-Reasoning,model::notbdq/Qwen2.5-14B-Instruct-1M-GRPO-Reasoning,notbdq/Qwen2.5-14B-Instruct-1M-GRPO-Reasoning,Qwen,14.77,>3B to <20B,2025-02-05,2025_Q1,Yes,UNKNOWN_LICENSE,COMPLETE_SIX_TASK,True,6,NOT_IN_T05_BRIDGE,NOT_APPLICABLE,False,False,OBSERVED_DESCRIPTION
MODEL::nvidia_Mistral-NeMo-Minitron-8B-Base,nvidia_Mistral-NeMo-Minitron-8B-Base,model::nvidia/Mistral-NeMo-Minitron-8B-Base,nvidia/Mistral-NeMo-Minitron-8B-Base,Mistral,7.88,>3B to <20B,2024-08-22,2024_H2,UNKNOWN_OPEN_WEIGHTS,LICENSE_RECORDED,COMPLETE_SIX_TASK,True,6,NOT_IN_T05_BRIDGE,NOT_APPLICABLE,False,False,OBSERVED_DESCRIPTION
MODEL::oopere_Llama-FinSent-S,oopere_Llama-FinSent-S,model::oopere/Llama-FinSent-S,oopere/Llama-FinSent-S,Llama,0.914,<=3B,,UNKNOWN_OR_AMBIGUOUS,UNKNOWN_OPEN_WEIGHTS,LICENSE_RECORDED,COMPLETE_SIX_TASK,True,6,NOT_IN_T05_BRIDGE,NOT_APPLICABLE,False,False,OBSERVED_DESCRIPTION
MODEL::oopere_pruned20-llama-1b,oopere_pruned20-llama-1b,model::oopere/pruned20-llama-1b,oopere/pruned20-llama-1b,Llama,1.075,<=3B,2024-11-16,2024_H2,UNKNOWN_OPEN_WEIGHTS,LICENSE_RECORDED,COMPLETE_SIX_TASK,True,6,NOT_IN_T05_BRIDGE,NOT_APPLICABLE,False,False,OBSERVED_DESCRIPTION
MODEL::oopere_pruned20-llama-3.2-3b,oopere_pruned20-llama-3.2-3b,model::oopere/pruned20-llama-3.2-3b,oopere/pruned20-llama-3.2-3b,Llama,2.79,<=3B,2024-12-12,2024_H2,UNKNOWN_OPEN_WEIGHTS,LICENSE_RECORDED,COMPLETE_SIX_TASK,True,6,NOT_IN_T05_BRIDGE,NOT_APPLICABLE,False,False,OBSERVED_DESCRIPTION
MODEL::oopere_pruned40-llama-1b,oopere_pruned40-llama-1b,model::oopere/pruned40-llama-1b,oopere/pruned40-llama-1b,Llama,0.914,<=3B,2024-11-26,2024_H2,UNKNOWN_OPEN_WEIGHTS,LICENSE_RECORDED,COMPLETE_SIX_TASK,True,6,NOT_IN_T05_BRIDGE,NOT_APPLICABLE,False,False,OBSERVED_DESCRIPTION
MODEL::oopere_pruned40-llama-3.2-1B,oopere_pruned40-llama-3.2-1B,model::oopere/pruned40-llama-3.2-1B,oopere/pruned40-llama-3.2-1B,Llama,0.914,<=3B,2025-02-19,2025_Q1,UNKNOWN_OPEN_WEIGHTS,LICENSE_RECORDED,COMPLETE_SIX_TASK,True,6,NOT_IN_T05_BRIDGE,NOT_APPLICABLE,False,False,OBSERVED_DESCRIPTION
MODEL::oopere_pruned60-llama-1b,oopere_pruned60-llama-1b,model::oopere/pruned60-llama-1b,oopere/pruned60-llama-1b,Llama,0.753,<=3B,2024-11-25,2024_H2,UNKNOWN_OPEN_WEIGHTS,LICENSE_RECORDED,COMPLETE_SIX_TASK,True,6,NOT_IN_T05_BRIDGE,NOT_APPLICABLE,False,False,OBSERVED_DESCRIPTION
MODEL::orai-nlp_Llama-eus-8B,orai-nlp_Llama-eus-8B,model::orai-nlp/Llama-eus-8B,orai-nlp/Llama-eus-8B,Llama,8.03,>3B to <20B,2024-09-30,2024_H2,UNKNOWN_OPEN_WEIGHTS,UNKNOWN_LICENSE,COMPLETE_SIX_TASK,True,6,NOT_IN_T05_BRIDGE,NOT_APPLICABLE,False,False,OBSERVED_DESCRIPTION
MODEL::pankajmathur_orca_mini_phi-4,pankajmathur_orca_mini_phi-4,model::pankajmathur/orca_mini_phi-4,pankajmathur/orca_mini_phi-4,Phi,14.66,>3B to <20B,2025-01-22,2025_Q1,UNKNOWN_OPEN_WEIGHTS,LICENSE_RECORDED,COMPLETE_SIX_TASK,True,6,NOT_IN_T05_BRIDGE,NOT_APPLICABLE,False,False,OBSERVED_DESCRIPTION
MODEL::princeton-nlp_Llama-3-8B-ProLong-64k-Base,princeton-nlp_Llama-3-8B-ProLong-64k-Base,model::princeton-nlp/Llama-3-8B-ProLong-64k-Base,princeton-nlp/Llama-3-8B-ProLong-64k-Base,Llama,8.03,>3B to <20B,2024-10-16,2024_H2,UNKNOWN_OPEN_WEIGHTS,LICENSE_RECORDED,COMPLETE_SIX_TASK,True,6,NOT_IN_T05_BRIDGE,NOT_APPLICABLE,False,False,OBSERVED_DESCRIPTION
MODEL::princeton-nlp_Llama-3-8B-ProLong-64k-Instruct,princeton-nlp_Llama-3-8B-ProLong-64k-Instruct,model::princeton-nlp/Llama-3-8B-ProLong-64k-Instruct,princeton-nlp/Llama-3-8B-ProLong-64k-Instruct,Llama,8.03,>3B to <20B,2024-10-16,2024_H2,UNKNOWN_OPEN_WEIGHTS,LICENSE_RECORDED,COMPLETE_SIX_TASK,True,6,NOT_IN_T05_BRIDGE,NOT_APPLICABLE,False,False,OBSERVED_DESCRIPTION
MODEL::princeton-nlp_Llama-3-Base-8B-SFT-DPO,princeton-nlp_Llama-3-Base-8B-SFT-DPO,model::princeton-nlp/Llama-3-Base-8B-SFT-DPO,princeton-nlp/Llama-3-Base-8B-SFT-DPO,Llama,8.03,>3B to <20B,2024-10-07,2024_H2,UNKNOWN_OPEN_WEIGHTS,UNKNOWN_LICENSE,COMPLETE_SIX_TASK,True,6,NOT_IN_T05_BRIDGE,NOT_APPLICABLE,False,False,OBSERVED_DESCRIPTION
MODEL::princeton-nlp_Llama-3-Base-8B-SFT-IPO,princeton-nlp_Llama-3-Base-8B-SFT-IPO,model::princeton-nlp/Llama-3-Base-8B-SFT-IPO,princeton-nlp/Llama-3-Base-8B-SFT-IPO,Llama,8.03,>3B to <20B,2024-10-07,2024_H2,UNKNOWN_OPEN_WEIGHTS,UNKNOWN_LICENSE,COMPLETE_SIX_TASK,True,6,NOT_IN_T05_BRIDGE,NOT_APPLICABLE,False,False,OBSERVED_DESCRIPTION
MODEL::princeton-nlp_Llama-3-Base-8B-SFT-KTO,princeton-nlp_Llama-3-Base-8B-SFT-KTO,model::princeton-nlp/Llama-3-Base-8B-SFT-KTO,princeton-nlp/Llama-3-Base-8B-SFT-KTO,Llama,8.03,>3B to <20B,2024-10-07,2024_H2,UNKNOWN_OPEN_WEIGHTS,UNKNOWN_LICENSE,COMPLETE_SIX_TASK,True,6,NOT_IN_T05_BRIDGE,NOT_APPLICABLE,False,False,OBSERVED_DESCRIPTION
MODEL::princeton-nlp_Llama-3-Base-8B-SFT-ORPO,princeton-nlp_Llama-3-Base-8B-SFT-ORPO,model::princeton-nlp/Llama-3-Base-8B-SFT-ORPO,princeton-nlp/Llama-3-Base-8B-SFT-ORPO,Llama,8.03,>3B to <20B,2024-10-07,2024_H2,UNKNOWN_OPEN_WEIGHTS,UNKNOWN_LICENSE,COMPLETE_SIX_TASK,True,6,NOT_IN_T05_BRIDGE,NOT_APPLICABLE,False,False,OBSERVED_DESCRIPTION
MODEL::princeton-nlp_Llama-3-Base-8B-SFT-RDPO,princeton-nlp_Llama-3-Base-8B-SFT-RDPO,model::princeton-nlp/Llama-3-Base-8B-SFT-RDPO,princeton-nlp/Llama-3-Base-8B-SFT-RDPO,Llama,8.03,>3B to <20B,2024-10-07,2024_H2,UNKNOWN_OPEN_WEIGHTS,UNKNOWN_LICENSE,COMPLETE_SIX_TASK,True,6,NOT_IN_T05_BRIDGE,NOT_APPLICABLE,False,False,OBSERVED_DESCRIPTION
MODEL::princeton-nlp_Llama-3-Base-8B-SFT-RRHF,princeton-nlp_Llama-3-Base-8B-SFT-RRHF,model::princeton-nlp/Llama-3-Base-8B-SFT-RRHF,princeton-nlp/Llama-3-Base-8B-SFT-RRHF,Llama,8.03,>3B to <20B,2024-10-07,2024_H2,UNKNOWN_OPEN_WEIGHTS,UNKNOWN_LICENSE,COMPLETE_SIX_TASK,True,6,NOT_IN_T05_BRIDGE,NOT_APPLICABLE,False,False,OBSERVED_DESCRIPTION
MODEL::princeton-nlp_Llama-3-Base-8B-SFT-SLiC-HF,princeton-nlp_Llama-3-Base-8B-SFT-SLiC-HF,model::princeton-nlp/Llama-3-Base-8B-SFT-SLiC-HF,princeton-nlp/Llama-3-Base-8B-SFT-SLiC-HF,Llama,8.03,>3B to <20B,2024-10-07,2024_H2,UNKNOWN_OPEN_WEIGHTS,UNKNOWN_LICENSE,COMPLETE_SIX_TASK,True,6,NOT_IN_T05_BRIDGE,NOT_APPLICABLE,False,False,OBSERVED_DESCRIPTION
MODEL::princeton-nlp_Llama-3-Instruct-8B-CPO-v0.2,princeton-nlp_Llama-3-Instruct-8B-CPO-v0.2,model::princeton-nlp/Llama-3-Instruct-8B-CPO-v0.2,princeton-nlp/Llama-3-Instruct-8B-CPO-v0.2,Llama,8.03,>3B to <20B,2024-09-28,2024_H2,Yes,UNKNOWN_LICENSE,COMPLETE_SIX_TASK,True,6,NOT_IN_T05_BRIDGE,NOT_APPLICABLE,False,False,OBSERVED_DESCRIPTION
MODEL::princeton-nlp_Llama-3-Instruct-8B-DPO,princeton-nlp_Llama-3-Instruct-8B-DPO,model::princeton-nlp/Llama-3-Instruct-8B-DPO,princeton-nlp/Llama-3-Instruct-8B-DPO,Llama,8.03,>3B to <20B,2024-09-28,2024_H2,Yes,UNKNOWN_LICENSE,COMPLETE_SIX_TASK,True,6,NOT_IN_T05_BRIDGE,NOT_APPLICABLE,False,False,OBSERVED_DESCRIPTION
MODEL::princeton-nlp_Llama-3-Instruct-8B-RDPO,princeton-nlp_Llama-3-Instruct-8B-RDPO,model::princeton-nlp/Llama-3-Instruct-8B-RDPO,princeton-nlp/Llama-3-Instruct-8B-RDPO,Llama,8.03,>3B to <20B,2024-09-28,2024_H2,Yes,UNKNOWN_LICENSE,COMPLETE_SIX_TASK,True,6,NOT_IN_T05_BRIDGE,NOT_APPLICABLE,False,False,OBSERVED_DESCRIPTION
MODEL::princeton-nlp_Llama-3-Instruct-8B-RRHF-v0.2,princeton-nlp_Llama-3-Instruct-8B-RRHF-v0.2,model::princeton-nlp/Llama-3-Instruct-8B-RRHF-v0.2,princeton-nlp/Llama-3-Instruct-8B-RRHF-v0.2,Llama,8.03,>3B to <20B,2024-10-07,2024_H2,Yes,UNKNOWN_LICENSE,COMPLETE_SIX_TASK,True,6,NOT_IN_T05_BRIDGE,NOT_APPLICABLE,False,False,OBSERVED_DESCRIPTION
MODEL::princeton-nlp_Llama-3-Instruct-8B-SimPO,princeton-nlp_Llama-3-Instruct-8B-SimPO,model::princeton-nlp/Llama-3-Instruct-8B-SimPO,princeton-nlp/Llama-3-Instruct-8B-SimPO,Llama,8.03,>3B to <20B,2024-09-28,2024_H2,Yes,UNKNOWN_LICENSE,COMPLETE_SIX_TASK,True,6,NOT_IN_T05_BRIDGE,NOT_APPLICABLE,False,False,OBSERVED_DESCRIPTION
MODEL::princeton-nlp_Mistral-7B-Base-SFT-CPO,princeton-nlp_Mistral-7B-Base-SFT-CPO,model::princeton-nlp/Mistral-7B-Base-SFT-CPO,princeton-nlp/Mistral-7B-Base-SFT-CPO,Mistral,7.242,>3B to <20B,2024-10-07,2024_H2,UNKNOWN_OPEN_WEIGHTS,UNKNOWN_LICENSE,COMPLETE_SIX_TASK,True,6,NOT_IN_T05_BRIDGE,NOT_APPLICABLE,False,False,OBSERVED_DESCRIPTION
MODEL::princeton-nlp_Mistral-7B-Base-SFT-DPO,princeton-nlp_Mistral-7B-Base-SFT-DPO,model::princeton-nlp/Mistral-7B-Base-SFT-DPO,princeton-nlp/Mistral-7B-Base-SFT-DPO,Mistral,7.242,>3B to <20B,2024-10-07,2024_H2,UNKNOWN_OPEN_WEIGHTS,UNKNOWN_LICENSE,COMPLETE_SIX_TASK,True,6,NOT_IN_T05_BRIDGE,NOT_APPLICABLE,False,False,OBSERVED_DESCRIPTION
MODEL::princeton-nlp_Mistral-7B-Base-SFT-RDPO,princeton-nlp_Mistral-7B-Base-SFT-RDPO,model::princeton-nlp/Mistral-7B-Base-SFT-RDPO,princeton-nlp/Mistral-7B-Base-SFT-RDPO,Mistral,7.242,>3B to <20B,2024-10-07,2024_H2,UNKNOWN_OPEN_WEIGHTS,UNKNOWN_LICENSE,COMPLETE_SIX_TASK,True,6,NOT_IN_T05_BRIDGE,NOT_APPLICABLE,False,False,OBSERVED_DESCRIPTION
MODEL::princeton-nlp_Mistral-7B-Base-SFT-SLiC-HF,princeton-nlp_Mistral-7B-Base-SFT-SLiC-HF,model::princeton-nlp/Mistral-7B-Base-SFT-SLiC-HF,princeton-nlp/Mistral-7B-Base-SFT-SLiC-HF,Mistral,7.242,>3B to <20B,2024-10-07,2024_H2,UNKNOWN_OPEN_WEIGHTS,UNKNOWN_LICENSE,COMPLETE_SIX_TASK,True,6,NOT_IN_T05_BRIDGE,NOT_APPLICABLE,False,False,OBSERVED_DESCRIPTION
MODEL::princeton-nlp_Mistral-7B-Base-SFT-SimPO,princeton-nlp_Mistral-7B-Base-SFT-SimPO,model::princeton-nlp/Mistral-7B-Base-SFT-SimPO,princeton-nlp/Mistral-7B-Base-SFT-SimPO,Mistral,7.242,>3B to <20B,2024-09-21,2024_H2,UNKNOWN_OPEN_WEIGHTS,UNKNOWN_LICENSE,COMPLETE_SIX_TASK,True,6,NOT_IN_T05_BRIDGE,NOT_APPLICABLE,False,False,OBSERVED_DESCRIPTION
MODEL::princeton-nlp_Mistral-7B-Instruct-DPO,princeton-nlp_Mistral-7B-Instruct-DPO,model::princeton-nlp/Mistral-7B-Instruct-DPO,princeton-nlp/Mistral-7B-Instruct-DPO,Mistral,7.242,>3B to <20B,2024-10-07,2024_H2,UNKNOWN_OPEN_WEIGHTS,UNKNOWN_LICENSE,COMPLETE_SIX_TASK,True,6,NOT_IN_T05_BRIDGE,NOT_APPLICABLE,False,False,OBSERVED_DESCRIPTION
MODEL::princeton-nlp_Mistral-7B-Instruct-IPO,princeton-nlp_Mistral-7B-Instruct-IPO,model::princeton-nlp/Mistral-7B-Instruct-IPO,princeton-nlp/Mistral-7B-Instruct-IPO,Mistral,7.242,>3B to <20B,2024-10-07,2024_H2,UNKNOWN_OPEN_WEIGHTS,UNKNOWN_LICENSE,COMPLETE_SIX_TASK,True,6,NOT_IN_T05_BRIDGE,NOT_APPLICABLE,False,False,OBSERVED_DESCRIPTION
MODEL::princeton-nlp_Mistral-7B-Instruct-KTO,princeton-nlp_Mistral-7B-Instruct-KTO,model::princeton-nlp/Mistral-7B-Instruct-KTO,princeton-nlp/Mistral-7B-Instruct-KTO,Mistral,7.242,>3B to <20B,2024-10-07,2024_H2,UNKNOWN_OPEN_WEIGHTS,UNKNOWN_LICENSE,COMPLETE_SIX_TASK,True,6,NOT_IN_T05_BRIDGE,NOT_APPLICABLE,False,False,OBSERVED_DESCRIPTION
MODEL::princeton-nlp_Mistral-7B-Instruct-SLiC-HF,princeton-nlp_Mistral-7B-Instruct-SLiC-HF,model::princeton-nlp/Mistral-7B-Instruct-SLiC-HF,princeton-nlp/Mistral-7B-Instruct-SLiC-HF,Mistral,7.242,>3B to <20B,2024-10-16,2024_H2,UNKNOWN_OPEN_WEIGHTS,UNKNOWN_LICENSE,COMPLETE_SIX_TASK,True,6,NOT_IN_T05_BRIDGE,NOT_APPLICABLE,False,False,OBSERVED_DESCRIPTION
MODEL::princeton-nlp_Sheared-LLaMA-1.3B,princeton-nlp_Sheared-LLaMA-1.3B,model::princeton-nlp/Sheared-LLaMA-1.3B,princeton-nlp/Sheared-LLaMA-1.3B,Llama,1.3,<=3B,2024-07-29,2024_H2,UNKNOWN_OPEN_WEIGHTS,LICENSE_RECORDED,COMPLETE_SIX_TASK,True,6,NOT_IN_T05_BRIDGE,NOT_APPLICABLE,False,False,OBSERVED_DESCRIPTION
MODEL::princeton-nlp_gemma-2-9b-it-DPO,princeton-nlp_gemma-2-9b-it-DPO,model::princeton-nlp/gemma-2-9b-it-DPO,princeton-nlp/gemma-2-9b-it-DPO,Gemma,9.242,>3B to <20B,2024-09-19,2024_H2,UNKNOWN_OPEN_WEIGHTS,UNKNOWN_LICENSE,COMPLETE_SIX_TASK,True,6,NOT_IN_T05_BRIDGE,NOT_APPLICABLE,False,False,OBSERVED_DESCRIPTION
MODEL::princeton-nlp_gemma-2-9b-it-SimPO,princeton-nlp_gemma-2-9b-it-SimPO,model::princeton-nlp/gemma-2-9b-it-SimPO,princeton-nlp/gemma-2-9b-it-SimPO,Gemma,9.242,>3B to <20B,2024-08-10,2024_H2,UNKNOWN_OPEN_WEIGHTS,LICENSE_RECORDED,COMPLETE_SIX_TASK,True,6,NOT_IN_T05_BRIDGE,NOT_APPLICABLE,False,False,OBSERVED_DESCRIPTION
MODEL::prithivMLmods_Galactic-Qwen-14B-Exp2,prithivMLmods_Galactic-Qwen-14B-Exp2,model::prithivMLmods/Galactic-Qwen-14B-Exp2,prithivMLmods/Galactic-Qwen-14B-Exp2,Qwen,14.766,>3B to <20B,2025-03-13,2025_Q1,UNKNOWN_OPEN_WEIGHTS,LICENSE_RECORDED,COMPLETE_SIX_TASK,True,6,NOT_IN_T05_BRIDGE,NOT_APPLICABLE,False,False,OBSERVED_DESCRIPTION
MODEL::prithivMLmods_Llama-3.1-8B-Open-SFT,prithivMLmods_Llama-3.1-8B-Open-SFT,model::prithivMLmods/Llama-3.1-8B-Open-SFT,prithivMLmods/Llama-3.1-8B-Open-SFT,Llama,8.03,>3B to <20B,2025-01-12,2025_Q1,UNKNOWN_OPEN_WEIGHTS,LICENSE_RECORDED,COMPLETE_SIX_TASK,True,6,NOT_IN_T05_BRIDGE,NOT_APPLICABLE,False,False,OBSERVED_DESCRIPTION
MODEL::prithivMLmods_Llama-3.2-6B-AlgoCode,prithivMLmods_Llama-3.2-6B-AlgoCode,model::prithivMLmods/Llama-3.2-6B-AlgoCode,prithivMLmods/Llama-3.2-6B-AlgoCode,Llama,6.339,>3B to <20B,2025-01-12,2025_Q1,UNKNOWN_OPEN_WEIGHTS,LICENSE_RECORDED,COMPLETE_SIX_TASK,True,6,NOT_IN_T05_BRIDGE,NOT_APPLICABLE,False,False,OBSERVED_DESCRIPTION
MODEL::prithivMLmods_Llama-Express.1-Math,prithivMLmods_Llama-Express.1-Math,model::prithivMLmods/Llama-Express.1-Math,prithivMLmods/Llama-Express.1-Math,Llama,1.236,<=3B,2025-01-25,2025_Q1,UNKNOWN_OPEN_WEIGHTS,LICENSE_RECORDED,COMPLETE_SIX_TASK,True,6,NOT_IN_T05_BRIDGE,NOT_APPLICABLE,False,False,OBSERVED_DESCRIPTION
MODEL::prithivMLmods_Magellanic-Qwen-25B-R999,prithivMLmods_Magellanic-Qwen-25B-R999,model::prithivMLmods/Magellanic-Qwen-25B-R999,prithivMLmods/Magellanic-Qwen-25B-R999,Qwen,24.962,>=20B,2025-03-04,2025_Q1,UNKNOWN_OPEN_WEIGHTS,UNKNOWN_LICENSE,COMPLETE_SIX_TASK,True,6,NOT_IN_T05_BRIDGE,NOT_APPLICABLE,False,False,OBSERVED_DESCRIPTION
MODEL::prithivMLmods_Phi-4-Empathetic,prithivMLmods_Phi-4-Empathetic,model::prithivMLmods/Phi-4-Empathetic,prithivMLmods/Phi-4-Empathetic,Phi,14.66,>3B to <20B,2025-01-12,2025_Q1,Yes,LICENSE_RECORDED,COMPLETE_SIX_TASK,True,6,NOT_IN_T05_BRIDGE,NOT_APPLICABLE,False,False,OBSERVED_DESCRIPTION
MODEL::prithivMLmods_Phi-4-Math-IO,prithivMLmods_Phi-4-Math-IO,model::prithivMLmods/Phi-4-Math-IO,prithivMLmods/Phi-4-Math-IO,Phi,14.66,>3B to <20B,2025-01-12,2025_Q1,Yes,LICENSE_RECORDED,COMPLETE_SIX_TASK,True,6,NOT_IN_T05_BRIDGE,NOT_APPLICABLE,False,False,OBSERVED_DESCRIPTION
MODEL::prithivMLmods_Phi-4-o1,prithivMLmods_Phi-4-o1,model::prithivMLmods/Phi-4-o1,prithivMLmods/Phi-4-o1,Phi,14.66,>3B to <20B,2025-01-09,2025_Q1,Yes,LICENSE_RECORDED,COMPLETE_SIX_TASK,True,6,NOT_IN_T05_BRIDGE,NOT_APPLICABLE,False,False,OBSERVED_DESCRIPTION
MODEL::prithivMLmods_Phi4-Super,prithivMLmods_Phi4-Super,model::prithivMLmods/Phi4-Super,prithivMLmods/Phi4-Super,Phi,14.66,>3B to <20B,2025-01-23,2025_Q1,UNKNOWN_OPEN_WEIGHTS,UNKNOWN_LICENSE,COMPLETE_SIX_TASK,True,6,NOT_IN_T05_BRIDGE,NOT_APPLICABLE,False,False,OBSERVED_DESCRIPTION
MODEL::prithivMLmods_Primal-Opus-14B-Optimus-v1,prithivMLmods_Primal-Opus-14B-Optimus-v1,model::prithivMLmods/Primal-Opus-14B-Optimus-v1,prithivMLmods/Primal-Opus-14B-Optimus-v1,prithivMLmods,14.766,>3B to <20B,2025-02-03,2025_Q1,UNKNOWN_OPEN_WEIGHTS,LICENSE_RECORDED,COMPLETE_SIX_TASK,True,6,NOT_IN_T05_BRIDGE,NOT_APPLICABLE,False,False,OBSERVED_DESCRIPTION
MODEL::prithivMLmods_Primal-Opus-14B-Optimus-v2,prithivMLmods_Primal-Opus-14B-Optimus-v2,model::prithivMLmods/Primal-Opus-14B-Optimus-v2,prithivMLmods/Primal-Opus-14B-Optimus-v2,prithivMLmods,14.766,>3B to <20B,2025-02-27,2025_Q1,UNKNOWN_OPEN_WEIGHTS,LICENSE_RECORDED,COMPLETE_SIX_TASK,True,6,NOT_IN_T05_BRIDGE,NOT_APPLICABLE,False,False,OBSERVED_DESCRIPTION
MODEL::prithivMLmods_Qwen2.5-14B-DeepSeek-R1-1M,prithivMLmods_Qwen2.5-14B-DeepSeek-R1-1M,model::prithivMLmods/Qwen2.5-14B-DeepSeek-R1-1M,prithivMLmods/Qwen2.5-14B-DeepSeek-R1-1M,Qwen,14.77,>3B to <20B,2025-02-01,2025_Q1,Yes,UNKNOWN_LICENSE,COMPLETE_SIX_TASK,True,6,NOT_IN_T05_BRIDGE,NOT_APPLICABLE,False,False,OBSERVED_DESCRIPTION
MODEL::qingy2019_LLaMa_3.2_3B_Catalysts,qingy2019_LLaMa_3.2_3B_Catalysts,model::qingy2019/LLaMa_3.2_3B_Catalysts,qingy2019/LLaMa_3.2_3B_Catalysts,Llama,3.0,<=3B,2024-10-29,2024_H2,UNKNOWN_OPEN_WEIGHTS,LICENSE_RECORDED,COMPLETE_SIX_TASK,True,6,NOT_IN_T05_BRIDGE,NOT_APPLICABLE,False,False,OBSERVED_DESCRIPTION
MODEL::qingy2019_OpenMath2-Llama3.1-8B,qingy2019_OpenMath2-Llama3.1-8B,model::qingy2019/OpenMath2-Llama3.1-8B,qingy2019/OpenMath2-Llama3.1-8B,Llama,8.0,>3B to <20B,2024-11-23,2024_H2,UNKNOWN_OPEN_WEIGHTS,UNKNOWN_LICENSE,COMPLETE_SIX_TASK,True,6,NOT_IN_T05_BRIDGE,NOT_APPLICABLE,False,False,OBSERVED_DESCRIPTION
MODEL::qingy2019_Qwen2.5-Ultimate-14B-Instruct,qingy2019_Qwen2.5-Ultimate-14B-Instruct,model::qingy2019/Qwen2.5-Ultimate-14B-Instruct,qingy2019/Qwen2.5-Ultimate-14B-Instruct,Qwen,14.766,>3B to <20B,2024-12-02,2024_H2,UNKNOWN_OPEN_WEIGHTS,UNKNOWN_LICENSE,COMPLETE_SIX_TASK,True,6,NOT_IN_T05_BRIDGE,NOT_APPLICABLE,False,False,OBSERVED_DESCRIPTION
MODEL::qingy2024_QwEnlarge-16B-Instruct,qingy2024_QwEnlarge-16B-Instruct,model::qingy2024/QwEnlarge-16B-Instruct,qingy2024/QwEnlarge-16B-Instruct,Qwen,15.871,>3B to <20B,2025-03-06,2025_Q1,UNKNOWN_OPEN_WEIGHTS,UNKNOWN_LICENSE,COMPLETE_SIX_TASK,True,6,NOT_IN_T05_BRIDGE,NOT_APPLICABLE,False,False,OBSERVED_DESCRIPTION
MODEL::qingy2024_Qwen2.5-4B,qingy2024_Qwen2.5-4B,model::qingy2024/Qwen2.5-4B,qingy2024/Qwen2.5-4B,Qwen,4.168,>3B to <20B,2025-01-16,2025_Q1,UNKNOWN_OPEN_WEIGHTS,UNKNOWN_LICENSE,COMPLETE_SIX_TASK,True,6,NOT_IN_T05_BRIDGE,NOT_APPLICABLE,False,False,OBSERVED_DESCRIPTION
MODEL::qingy2024_Qwen2.5-Coder-Draft-1.5B-Instruct,qingy2024_Qwen2.5-Coder-Draft-1.5B-Instruct,model::qingy2024/Qwen2.5-Coder-Draft-1.5B-Instruct,qingy2024/Qwen2.5-Coder-Draft-1.5B-Instruct,Qwen,1.544,<=3B,2025-01-31,2025_Q1,UNKNOWN_OPEN_WEIGHTS,UNKNOWN_LICENSE,COMPLETE_SIX_TASK,True,6,NOT_IN_T05_BRIDGE,NOT_APPLICABLE,False,False,OBSERVED_DESCRIPTION
MODEL::qingy2024_Qwen2.5-Math-14B-Instruct-Preview,qingy2024_Qwen2.5-Math-14B-Instruct-Preview,model::qingy2024/Qwen2.5-Math-14B-Instruct-Preview,qingy2024/Qwen2.5-Math-14B-Instruct-Preview,Qwen,14.77,>3B to <20B,2024-12-10,2024_H2,UNKNOWN_OPEN_WEIGHTS,LICENSE_RECORDED,COMPLETE_SIX_TASK,True,6,NOT_IN_T05_BRIDGE,NOT_APPLICABLE,False,False,OBSERVED_DESCRIPTION
MODEL::qingy2024_Qwen2.6-14B-Instruct,qingy2024_Qwen2.6-14B-Instruct,model::qingy2024/Qwen2.6-14B-Instruct,qingy2024/Qwen2.6-14B-Instruct,Qwen,14.766,>3B to <20B,2024-12-04,2024_H2,UNKNOWN_OPEN_WEIGHTS,UNKNOWN_LICENSE,COMPLETE_SIX_TASK,True,6,NOT_IN_T05_BRIDGE,NOT_APPLICABLE,False,False,OBSERVED_DESCRIPTION
MODEL::qq8933_OpenLongCoT-Base-Gemma2-2B,qq8933_OpenLongCoT-Base-Gemma2-2B,model::qq8933/OpenLongCoT-Base-Gemma2-2B,qq8933/OpenLongCoT-Base-Gemma2-2B,Gemma,3.204,>3B to <20B,2024-11-12,2024_H2,UNKNOWN_OPEN_WEIGHTS,LICENSE_RECORDED,COMPLETE_SIX_TASK,True,6,NOT_IN_T05_BRIDGE,NOT_APPLICABLE,False,False,OBSERVED_DESCRIPTION
MODEL::rasyosef_Phi-1_5-Instruct-v0.1,rasyosef_Phi-1_5-Instruct-v0.1,model::rasyosef/Phi-1_5-Instruct-v0.1,rasyosef/Phi-1_5-Instruct-v0.1,Phi,1.415,<=3B,2024-07-25,2024_H2,Yes,LICENSE_RECORDED,COMPLETE_SIX_TASK,True,6,NOT_IN_T05_BRIDGE,NOT_APPLICABLE,False,False,OBSERVED_DESCRIPTION
MODEL::rasyosef_phi-2-instruct-apo,rasyosef_phi-2-instruct-apo,model::rasyosef/phi-2-instruct-apo,rasyosef/phi-2-instruct-apo,Phi,2.775,<=3B,2024-09-17,2024_H2,Yes,LICENSE_RECORDED,COMPLETE_SIX_TASK,True,6,NOT_IN_T05_BRIDGE,NOT_APPLICABLE,False,False,OBSERVED_DESCRIPTION
MODEL::recoilme_Gemma-2-Ataraxy-Gemmasutra-9B-slerp,recoilme_Gemma-2-Ataraxy-Gemmasutra-9B-slerp,model::recoilme/Gemma-2-Ataraxy-Gemmasutra-9B-slerp,recoilme/Gemma-2-Ataraxy-Gemmasutra-9B-slerp,Gemma,10.159,>3B to <20B,,UNKNOWN_OR_AMBIGUOUS,UNKNOWN_OPEN_WEIGHTS,LICENSE_RECORDED,COMPLETE_SIX_TASK,True,6,NOT_IN_T05_BRIDGE,NOT_APPLICABLE,False,False,OBSERVED_DESCRIPTION
MODEL::rhysjones_phi-2-orange-v2,rhysjones_phi-2-orange-v2,model::rhysjones/phi-2-orange-v2,rhysjones/phi-2-orange-v2,Phi,2.78,<=3B,2024-06-28,2024_H1,Yes,LICENSE_RECORDED,COMPLETE_SIX_TASK,True,6,NOT_IN_T05_BRIDGE,NOT_APPLICABLE,False,False,OBSERVED_DESCRIPTION
MODEL::riaz_FineLlama-3.1-8B,riaz_FineLlama-3.1-8B,model::riaz/FineLlama-3.1-8B,riaz/FineLlama-3.1-8B,Llama,8.03,>3B to <20B,2024-10-12,2024_H2,UNKNOWN_OPEN_WEIGHTS,LICENSE_RECORDED,COMPLETE_SIX_TASK,True,6,NOT_IN_T05_BRIDGE,NOT_APPLICABLE,False,False,OBSERVED_DESCRIPTION
MODEL::rombodawg_Rombos-Coder-V2.5-Qwen-14b,rombodawg_Rombos-Coder-V2.5-Qwen-14b,model::rombodawg/Rombos-Coder-V2.5-Qwen-14b,rombodawg/Rombos-Coder-V2.5-Qwen-14b,Qwen,14.77,>3B to <20B,2025-02-06,2025_Q1,UNKNOWN_OPEN_WEIGHTS,LICENSE_RECORDED,COMPLETE_SIX_TASK,True,6,NOT_IN_T05_BRIDGE,NOT_APPLICABLE,False,False,OBSERVED_DESCRIPTION
MODEL::rombodawg_Rombos-LLM-V2.5-Qwen-0.5b,rombodawg_Rombos-LLM-V2.5-Qwen-0.5b,model::rombodawg/Rombos-LLM-V2.5-Qwen-0.5b,rombodawg/Rombos-LLM-V2.5-Qwen-0.5b,Qwen,0.63,<=3B,2024-09-29,2024_H2,UNKNOWN_OPEN_WEIGHTS,LICENSE_RECORDED,COMPLETE_SIX_TASK,True,6,NOT_IN_T05_BRIDGE,NOT_APPLICABLE,False,False,OBSERVED_DESCRIPTION
MODEL::rombodawg_Rombos-LLM-V2.5-Qwen-14b,rombodawg_Rombos-LLM-V2.5-Qwen-14b,model::rombodawg/Rombos-LLM-V2.5-Qwen-14b,rombodawg/Rombos-LLM-V2.5-Qwen-14b,Qwen,14.77,>3B to <20B,2024-09-29,2024_H2,UNKNOWN_OPEN_WEIGHTS,LICENSE_RECORDED,COMPLETE_SIX_TASK,True,6,NOT_IN_T05_BRIDGE,NOT_APPLICABLE,False,False,OBSERVED_DESCRIPTION
MODEL::rombodawg_Rombos-LLM-V2.5-Qwen-32b,rombodawg_Rombos-LLM-V2.5-Qwen-32b,model::rombodawg/Rombos-LLM-V2.5-Qwen-32b,rombodawg/Rombos-LLM-V2.5-Qwen-32b,Qwen,32.764,>=20B,2024-10-07,2024_H2,UNKNOWN_OPEN_WEIGHTS,LICENSE_RECORDED,COMPLETE_SIX_TASK,True,6,NOT_IN_T05_BRIDGE,NOT_APPLICABLE,False,False,OBSERVED_DESCRIPTION
MODEL::rombodawg_Rombos-LLM-V2.5.1-Qwen-3b,rombodawg_Rombos-LLM-V2.5.1-Qwen-3b,model::rombodawg/Rombos-LLM-V2.5.1-Qwen-3b,rombodawg/Rombos-LLM-V2.5.1-Qwen-3b,Qwen,3.397,>3B to <20B,,UNKNOWN_OR_AMBIGUOUS,UNKNOWN_OPEN_WEIGHTS,LICENSE_RECORDED,COMPLETE_SIX_TASK,True,6,NOT_IN_T05_BRIDGE,NOT_APPLICABLE,False,False,OBSERVED_DESCRIPTION
MODEL::rombodawg_rombos_Replete-Coder-Llama3-8B,rombodawg_rombos_Replete-Coder-Llama3-8B,model::rombodawg/rombos_Replete-Coder-Llama3-8B,rombodawg/rombos_Replete-Coder-Llama3-8B,Llama,8.03,>3B to <20B,2024-10-14,2024_H2,UNKNOWN_OPEN_WEIGHTS,LICENSE_RECORDED,COMPLETE_SIX_TASK,True,6,NOT_IN_T05_BRIDGE,NOT_APPLICABLE,False,False,OBSERVED_DESCRIPTION
MODEL::rsh345_mistral-ft-optimized-1218-NeuralHermes-2.5-Mistral-7B,rsh345_mistral-ft-optimized-1218-NeuralHermes-2.5-Mistral-7B,model::rsh345/mistral-ft-optimized-1218-NeuralHermes-2.5-Mistral-7B,rsh345/mistral-ft-optimized-1218-NeuralHermes-2.5-Mistral-7B,Mistral,7.242,>3B to <20B,2025-01-27,2025_Q1,UNKNOWN_OPEN_WEIGHTS,UNKNOWN_LICENSE,COMPLETE_SIX_TASK,True,6,NOT_IN_T05_BRIDGE,NOT_APPLICABLE,False,False,OBSERVED_DESCRIPTION
MODEL::sabersaleh_Llama2-7B-SimPO,sabersaleh_Llama2-7B-SimPO,model::sabersaleh/Llama2-7B-SimPO,sabersaleh/Llama2-7B-SimPO,Llama,7.0,>3B to <20B,2024-11-30,2024_H2,UNKNOWN_OPEN_WEIGHTS,LICENSE_RECORDED,COMPLETE_SIX_TASK,True,6,NOT_IN_T05_BRIDGE,NOT_APPLICABLE,False,False,OBSERVED_DESCRIPTION
MODEL::sabersaleh_Llama3,sabersaleh_Llama3,model::sabersaleh/Llama3,sabersaleh/Llama3,Llama,8.03,>3B to <20B,2024-11-29,2024_H2,UNKNOWN_OPEN_WEIGHTS,LICENSE_RECORDED,COMPLETE_SIX_TASK,True,6,NOT_IN_T05_BRIDGE,NOT_APPLICABLE,False,False,OBSERVED_DESCRIPTION
MODEL::sabersalehk_Llama3-001-300,sabersalehk_Llama3-001-300,model::sabersalehk/Llama3-001-300,sabersalehk/Llama3-001-300,Llama,8.03,>3B to <20B,2024-12-03,2024_H2,UNKNOWN_OPEN_WEIGHTS,LICENSE_RECORDED,COMPLETE_SIX_TASK,True,6,NOT_IN_T05_BRIDGE,NOT_APPLICABLE,False,False,OBSERVED_DESCRIPTION
MODEL::sabersalehk_Llama3_01_300,sabersalehk_Llama3_01_300,model::sabersalehk/Llama3_01_300,sabersalehk/Llama3_01_300,Llama,8.03,>3B to <20B,2024-12-03,2024_H2,UNKNOWN_OPEN_WEIGHTS,LICENSE_RECORDED,COMPLETE_SIX_TASK,True,6,NOT_IN_T05_BRIDGE,NOT_APPLICABLE,False,False,OBSERVED_DESCRIPTION
MODEL::sequelbox_Llama3.1-70B-PlumChat,sequelbox_Llama3.1-70B-PlumChat,model::sequelbox/Llama3.1-70B-PlumChat,sequelbox/Llama3.1-70B-PlumChat,Llama,70.554,>=20B,2024-11-27,2024_H2,UNKNOWN_OPEN_WEIGHTS,LICENSE_RECORDED,COMPLETE_SIX_TASK,True,6,NOT_IN_T05_BRIDGE,NOT_APPLICABLE,False,False,OBSERVED_DESCRIPTION
MODEL::sequelbox_Llama3.1-8B-MOTH,sequelbox_Llama3.1-8B-MOTH,model::sequelbox/Llama3.1-8B-MOTH,sequelbox/Llama3.1-8B-MOTH,Llama,8.03,>3B to <20B,2024-09-19,2024_H2,UNKNOWN_OPEN_WEIGHTS,LICENSE_RECORDED,COMPLETE_SIX_TASK,True,6,NOT_IN_T05_BRIDGE,NOT_APPLICABLE,False,False,OBSERVED_DESCRIPTION
MODEL::sequelbox_Llama3.1-8B-PlumCode,sequelbox_Llama3.1-8B-PlumCode,model::sequelbox/Llama3.1-8B-PlumCode,sequelbox/Llama3.1-8B-PlumCode,Llama,8.03,>3B to <20B,2024-10-03,2024_H2,UNKNOWN_OPEN_WEIGHTS,LICENSE_RECORDED,COMPLETE_SIX_TASK,True,6,NOT_IN_T05_BRIDGE,NOT_APPLICABLE,False,False,OBSERVED_DESCRIPTION
MODEL::sequelbox_Llama3.1-8B-PlumMath,sequelbox_Llama3.1-8B-PlumMath,model::sequelbox/Llama3.1-8B-PlumMath,sequelbox/Llama3.1-8B-PlumMath,Llama,8.03,>3B to <20B,2024-10-03,2024_H2,UNKNOWN_OPEN_WEIGHTS,LICENSE_RECORDED,COMPLETE_SIX_TASK,True,6,NOT_IN_T05_BRIDGE,NOT_APPLICABLE,False,False,OBSERVED_DESCRIPTION
MODEL::sethuiyer_Llama-3.1-8B-Experimental-1208-Instruct,sethuiyer_Llama-3.1-8B-Experimental-1208-Instruct,model::sethuiyer/Llama-3.1-8B-Experimental-1208-Instruct,sethuiyer/Llama-3.1-8B-Experimental-1208-Instruct,Llama,8.03,>3B to <20B,2025-01-18,2025_Q1,UNKNOWN_OPEN_WEIGHTS,UNKNOWN_LICENSE,COMPLETE_SIX_TASK,True,6,NOT_IN_T05_BRIDGE,NOT_APPLICABLE,False,False,OBSERVED_DESCRIPTION
MODEL::sethuiyer_Llamaverse-3.1-8B-Instruct,sethuiyer_Llamaverse-3.1-8B-Instruct,model::sethuiyer/Llamaverse-3.1-8B-Instruct,sethuiyer/Llamaverse-3.1-8B-Instruct,Llama,8.03,>3B to <20B,2025-01-14,2025_Q1,UNKNOWN_OPEN_WEIGHTS,LICENSE_RECORDED,COMPLETE_SIX_TASK,True,6,NOT_IN_T05_BRIDGE,NOT_APPLICABLE,False,False,OBSERVED_DESCRIPTION
MODEL::sethuiyer_Qwen2.5-7B-Anvita,sethuiyer_Qwen2.5-7B-Anvita,model::sethuiyer/Qwen2.5-7B-Anvita,sethuiyer/Qwen2.5-7B-Anvita,Qwen,7.616,>3B to <20B,2024-10-27,2024_H2,Yes,LICENSE_RECORDED,COMPLETE_SIX_TASK,True,6,NOT_IN_T05_BRIDGE,NOT_APPLICABLE,False,False,OBSERVED_DESCRIPTION
MODEL::shastraai_Shastra-LLAMA2-Math-Commonsense-SFT,shastraai_Shastra-LLAMA2-Math-Commonsense-SFT,model::shastraai/Shastra-LLAMA2-Math-Commonsense-SFT,shastraai/Shastra-LLAMA2-Math-Commonsense-SFT,Llama,6.738,>3B to <20B,2024-10-27,2024_H2,UNKNOWN_OPEN_WEIGHTS,UNKNOWN_LICENSE,COMPLETE_SIX_TASK,True,6,NOT_IN_T05_BRIDGE,NOT_APPLICABLE,False,False,OBSERVED_DESCRIPTION
MODEL::shivank21_mistral_dpo_self,shivank21_mistral_dpo_self,model::shivank21/mistral_dpo_self,shivank21/mistral_dpo_self,Mistral,7.913,>3B to <20B,2025-02-05,2025_Q1,UNKNOWN_OPEN_WEIGHTS,UNKNOWN_LICENSE,COMPLETE_SIX_TASK,True,6,NOT_IN_T05_BRIDGE,NOT_APPLICABLE,False,False,OBSERVED_DESCRIPTION
MODEL::siqi00_Mistral-7B-DFT,siqi00_Mistral-7B-DFT,model::siqi00/Mistral-7B-DFT,siqi00/Mistral-7B-DFT,Mistral,7.242,>3B to <20B,2025-02-05,2025_Q1,UNKNOWN_OPEN_WEIGHTS,LICENSE_RECORDED,COMPLETE_SIX_TASK,True,6,NOT_IN_T05_BRIDGE,NOT_APPLICABLE,False,False,OBSERVED_DESCRIPTION
MODEL::skymizer_Llama2-7b-sft-chat-custom-template-dpo,skymizer_Llama2-7b-sft-chat-custom-template-dpo,model::skymizer/Llama2-7b-sft-chat-custom-template-dpo,skymizer/Llama2-7b-sft-chat-custom-template-dpo,Llama,6.738,>3B to <20B,2024-07-01,2024_H2,UNKNOWN_OPEN_WEIGHTS,LICENSE_RECORDED,COMPLETE_SIX_TASK,True,6,NOT_IN_T05_BRIDGE,NOT_APPLICABLE,False,False,OBSERVED_DESCRIPTION
MODEL::someon98_qwen-CoMa-0.5b,someon98_qwen-CoMa-0.5b,model::someon98/qwen-CoMa-0.5b,someon98/qwen-CoMa-0.5b,Qwen,0.63,<=3B,2024-12-29,2024_H2,UNKNOWN_OPEN_WEIGHTS,UNKNOWN_LICENSE,COMPLETE_SIX_TASK,True,6,NOT_IN_T05_BRIDGE,NOT_APPLICABLE,False,False,OBSERVED_DESCRIPTION
MODEL::sometimesanotion_Qwen2.5-14B-Vimarckoso-v2,sometimesanotion_Qwen2.5-14B-Vimarckoso-v2,model::sometimesanotion/Qwen2.5-14B-Vimarckoso-v2,sometimesanotion/Qwen2.5-14B-Vimarckoso-v2,Qwen,14.0,>3B to <20B,2024-12-26,2024_H2,Yes,UNKNOWN_LICENSE,COMPLETE_SIX_TASK,True,6,NOT_IN_T05_BRIDGE,NOT_APPLICABLE,False,False,OBSERVED_DESCRIPTION
MODEL::sometimesanotion_Qwen2.5-14B-Vimarckoso-v3,sometimesanotion_Qwen2.5-14B-Vimarckoso-v3,model::sometimesanotion/Qwen2.5-14B-Vimarckoso-v3,sometimesanotion/Qwen2.5-14B-Vimarckoso-v3,Qwen,14.0,>3B to <20B,2024-12-27,2024_H2,Yes,LICENSE_RECORDED,COMPLETE_SIX_TASK,True,6,NOT_IN_T05_BRIDGE,NOT_APPLICABLE,False,False,OBSERVED_DESCRIPTION
MODEL::sometimesanotion_Qwen2.5-14B-Vimarckoso-v3-IF-Variant,sometimesanotion_Qwen2.5-14B-Vimarckoso-v3-IF-Variant,model::sometimesanotion/Qwen2.5-14B-Vimarckoso-v3-IF-Variant,sometimesanotion/Qwen2.5-14B-Vimarckoso-v3-IF-Variant,Qwen,14.0,>3B to <20B,2024-12-28,2024_H2,Yes,UNKNOWN_LICENSE,COMPLETE_SIX_TASK,True,6,NOT_IN_T05_BRIDGE,NOT_APPLICABLE,False,False,OBSERVED_DESCRIPTION
MODEL::sometimesanotion_Qwen2.5-7B-Gordion-v0.1-Prose,sometimesanotion_Qwen2.5-7B-Gordion-v0.1-Prose,model::sometimesanotion/Qwen2.5-7B-Gordion-v0.1-Prose,sometimesanotion/Qwen2.5-7B-Gordion-v0.1-Prose,Qwen,7.613,>3B to <20B,2025-02-08,2025_Q1,Yes,UNKNOWN_LICENSE,COMPLETE_SIX_TASK,True,6,NOT_IN_T05_BRIDGE,NOT_APPLICABLE,False,False,OBSERVED_DESCRIPTION
MODEL::sometimesanotion_Qwentessential-14B-v1,sometimesanotion_Qwentessential-14B-v1,model::sometimesanotion/Qwentessential-14B-v1,sometimesanotion/Qwentessential-14B-v1,Qwen,14.766,>3B to <20B,2025-02-16,2025_Q1,UNKNOWN_OPEN_WEIGHTS,UNKNOWN_LICENSE,COMPLETE_SIX_TASK,True,6,NOT_IN_T05_BRIDGE,NOT_APPLICABLE,False,False,OBSERVED_DESCRIPTION
MODEL::sometimesanotion_Qwentinuum-14B-v1,sometimesanotion_Qwentinuum-14B-v1,model::sometimesanotion/Qwentinuum-14B-v1,sometimesanotion/Qwentinuum-14B-v1,Qwen,14.0,>3B to <20B,2024-12-21,2024_H2,UNKNOWN_OPEN_WEIGHTS,UNKNOWN_LICENSE,COMPLETE_SIX_TASK,True,6,NOT_IN_T05_BRIDGE,NOT_APPLICABLE,False,False,OBSERVED_DESCRIPTION
MODEL::sometimesanotion_Qwentinuum-14B-v2,sometimesanotion_Qwentinuum-14B-v2,model::sometimesanotion/Qwentinuum-14B-v2,sometimesanotion/Qwentinuum-14B-v2,Qwen,14.0,>3B to <20B,2024-12-21,2024_H2,UNKNOWN_OPEN_WEIGHTS,UNKNOWN_LICENSE,COMPLETE_SIX_TASK,True,6,NOT_IN_T05_BRIDGE,NOT_APPLICABLE,False,False,OBSERVED_DESCRIPTION
MODEL::sometimesanotion_Qwentinuum-14B-v6,sometimesanotion_Qwentinuum-14B-v6,model::sometimesanotion/Qwentinuum-14B-v6,sometimesanotion/Qwentinuum-14B-v6,Qwen,14.0,>3B to <20B,2024-12-22,2024_H2,UNKNOWN_OPEN_WEIGHTS,UNKNOWN_LICENSE,COMPLETE_SIX_TASK,True,6,NOT_IN_T05_BRIDGE,NOT_APPLICABLE,False,False,OBSERVED_DESCRIPTION
MODEL::sometimesanotion_Qwentinuum-14B-v7,sometimesanotion_Qwentinuum-14B-v7,model::sometimesanotion/Qwentinuum-14B-v7,sometimesanotion/Qwentinuum-14B-v7,Qwen,14.0,>3B to <20B,2024-12-22,2024_H2,UNKNOWN_OPEN_WEIGHTS,UNKNOWN_LICENSE,COMPLETE_SIX_TASK,True,6,NOT_IN_T05_BRIDGE,NOT_APPLICABLE,False,False,OBSERVED_DESCRIPTION
MODEL::sometimesanotion_Qwentinuum-14B-v8,sometimesanotion_Qwentinuum-14B-v8,model::sometimesanotion/Qwentinuum-14B-v8,sometimesanotion/Qwentinuum-14B-v8,Qwen,14.0,>3B to <20B,2024-12-22,2024_H2,UNKNOWN_OPEN_WEIGHTS,UNKNOWN_LICENSE,COMPLETE_SIX_TASK,True,6,NOT_IN_T05_BRIDGE,NOT_APPLICABLE,False,False,OBSERVED_DESCRIPTION
MODEL::sometimesanotion_Qwenvergence-14B-v0.6-004-model_stock,sometimesanotion_Qwenvergence-14B-v0.6-004-model_stock,model::sometimesanotion/Qwenvergence-14B-v0.6-004-model_stock,sometimesanotion/Qwenvergence-14B-v0.6-004-model_stock,Qwen,14.0,>3B to <20B,2025-01-01,2025_Q1,UNKNOWN_OPEN_WEIGHTS,UNKNOWN_LICENSE,COMPLETE_SIX_TASK,True,6,NOT_IN_T05_BRIDGE,NOT_APPLICABLE,False,False,OBSERVED_DESCRIPTION
MODEL::sometimesanotion_Qwenvergence-14B-v3,sometimesanotion_Qwenvergence-14B-v3,model::sometimesanotion/Qwenvergence-14B-v3,sometimesanotion/Qwenvergence-14B-v3,Qwen,14.0,>3B to <20B,2024-12-21,2024_H2,UNKNOWN_OPEN_WEIGHTS,UNKNOWN_LICENSE,COMPLETE_SIX_TASK,True,6,NOT_IN_T05_BRIDGE,NOT_APPLICABLE,False,False,OBSERVED_DESCRIPTION
MODEL::sometimesanotion_Qwenvergence-14B-v3-Prose,sometimesanotion_Qwenvergence-14B-v3-Prose,model::sometimesanotion/Qwenvergence-14B-v3-Prose,sometimesanotion/Qwenvergence-14B-v3-Prose,Qwen,14.766,>3B to <20B,2024-12-21,2024_H2,UNKNOWN_OPEN_WEIGHTS,LICENSE_RECORDED,COMPLETE_SIX_TASK,True,6,NOT_IN_T05_BRIDGE,NOT_APPLICABLE,False,False,OBSERVED_DESCRIPTION
MODEL::sometimesanotion_Qwenvergence-14B-v3-Reason,sometimesanotion_Qwenvergence-14B-v3-Reason,model::sometimesanotion/Qwenvergence-14B-v3-Reason,sometimesanotion/Qwenvergence-14B-v3-Reason,Qwen,14.0,>3B to <20B,2024-12-21,2024_H2,UNKNOWN_OPEN_WEIGHTS,UNKNOWN_LICENSE,COMPLETE_SIX_TASK,True,6,NOT_IN_T05_BRIDGE,NOT_APPLICABLE,False,False,OBSERVED_DESCRIPTION
MODEL::sometimesanotion_Qwenvergence-14B-v8,sometimesanotion_Qwenvergence-14B-v8,model::sometimesanotion/Qwenvergence-14B-v8,sometimesanotion/Qwenvergence-14B-v8,Qwen,14.766,>3B to <20B,2025-01-16,2025_Q1,UNKNOWN_OPEN_WEIGHTS,UNKNOWN_LICENSE,COMPLETE_SIX_TASK,True,6,NOT_IN_T05_BRIDGE,NOT_APPLICABLE,False,False,OBSERVED_DESCRIPTION
MODEL::sometimesanotion_Qwenvergence-14B-v9,sometimesanotion_Qwenvergence-14B-v9,model::sometimesanotion/Qwenvergence-14B-v9,sometimesanotion/Qwenvergence-14B-v9,Qwen,14.766,>3B to <20B,2025-01-17,2025_Q1,UNKNOWN_OPEN_WEIGHTS,UNKNOWN_LICENSE,COMPLETE_SIX_TASK,True,6,NOT_IN_T05_BRIDGE,NOT_APPLICABLE,False,False,OBSERVED_DESCRIPTION
MODEL::spmurrayzzz_Mistral-Syndicate-7B,spmurrayzzz_Mistral-Syndicate-7B,model::spmurrayzzz/Mistral-Syndicate-7B,spmurrayzzz/Mistral-Syndicate-7B,Mistral,7.242,>3B to <20B,2024-06-27,2024_H1,UNKNOWN_OPEN_WEIGHTS,LICENSE_RECORDED,COMPLETE_SIX_TASK,True,6,NOT_IN_T05_BRIDGE,NOT_APPLICABLE,False,False,OBSERVED_DESCRIPTION
MODEL::ssmits_Qwen2.5-95B-Instruct,ssmits_Qwen2.5-95B-Instruct,model::ssmits/Qwen2.5-95B-Instruct,ssmits/Qwen2.5-95B-Instruct,Qwen,94.648,>=20B,2024-09-26,2024_H2,UNKNOWN_OPEN_WEIGHTS,LICENSE_RECORDED,COMPLETE_SIX_TASK,True,6,NOT_IN_T05_BRIDGE,NOT_APPLICABLE,False,False,OBSERVED_DESCRIPTION
MODEL::suayptalha_DeepSeek-R1-Distill-Llama-3B,suayptalha_DeepSeek-R1-Distill-Llama-3B,model::suayptalha/DeepSeek-R1-Distill-Llama-3B,suayptalha/DeepSeek-R1-Distill-Llama-3B,Llama,3.213,>3B to <20B,2025-02-24,2025_Q1,Yes,LICENSE_RECORDED,COMPLETE_SIX_TASK,True,6,NOT_IN_T05_BRIDGE,NOT_APPLICABLE,False,False,OBSERVED_DESCRIPTION
MODEL::suayptalha_Komodo-Llama-3.2-3B-v2-fp16,suayptalha_Komodo-Llama-3.2-3B-v2-fp16,model::suayptalha/Komodo-Llama-3.2-3B-v2-fp16,suayptalha/Komodo-Llama-3.2-3B-v2-fp16,Llama,3.0,<=3B,2024-11-19,2024_H2,UNKNOWN_OPEN_WEIGHTS,LICENSE_RECORDED,COMPLETE_SIX_TASK,True,6,NOT_IN_T05_BRIDGE,NOT_APPLICABLE,False,False,OBSERVED_DESCRIPTION
MODEL::sumink_Qwenftmodel,sumink_Qwenftmodel,model::sumink/Qwenftmodel,sumink/Qwenftmodel,Qwen,1.544,<=3B,2024-12-05,2024_H2,UNKNOWN_OPEN_WEIGHTS,LICENSE_RECORDED,COMPLETE_SIX_TASK,True,6,NOT_IN_T05_BRIDGE,NOT_APPLICABLE,False,False,OBSERVED_DESCRIPTION
MODEL::sumink_bbhqwen,sumink_bbhqwen,model::sumink/bbhqwen,sumink/bbhqwen,Qwen,3.086,>3B to <20B,2025-02-25,2025_Q1,UNKNOWN_OPEN_WEIGHTS,UNKNOWN_LICENSE,COMPLETE_SIX_TASK,True,6,NOT_IN_T05_BRIDGE,NOT_APPLICABLE,False,False,OBSERVED_DESCRIPTION
MODEL::sumink_bbhqwen2,sumink_bbhqwen2,model::sumink/bbhqwen2,sumink/bbhqwen2,Qwen,3.086,>3B to <20B,2025-02-25,2025_Q1,UNKNOWN_OPEN_WEIGHTS,UNKNOWN_LICENSE,COMPLETE_SIX_TASK,True,6,NOT_IN_T05_BRIDGE,NOT_APPLICABLE,False,False,OBSERVED_DESCRIPTION
MODEL::sumink_bbhqwen4,sumink_bbhqwen4,model::sumink/bbhqwen4,sumink/bbhqwen4,Qwen,3.086,>3B to <20B,2025-02-25,2025_Q1,UNKNOWN_OPEN_WEIGHTS,UNKNOWN_LICENSE,COMPLETE_SIX_TASK,True,6,NOT_IN_T05_BRIDGE,NOT_APPLICABLE,False,False,OBSERVED_DESCRIPTION
MODEL::sumink_bbhqwen5,sumink_bbhqwen5,model::sumink/bbhqwen5,sumink/bbhqwen5,Qwen,3.086,>3B to <20B,2025-02-25,2025_Q1,UNKNOWN_OPEN_WEIGHTS,UNKNOWN_LICENSE,COMPLETE_SIX_TASK,True,6,NOT_IN_T05_BRIDGE,NOT_APPLICABLE,False,False,OBSERVED_DESCRIPTION
MODEL::sumink_bbhqwen6,sumink_bbhqwen6,model::sumink/bbhqwen6,sumink/bbhqwen6,Qwen,3.086,>3B to <20B,2025-02-25,2025_Q1,UNKNOWN_OPEN_WEIGHTS,UNKNOWN_LICENSE,COMPLETE_SIX_TASK,True,6,NOT_IN_T05_BRIDGE,NOT_APPLICABLE,False,False,OBSERVED_DESCRIPTION
MODEL::synergetic_FrankenQwen2.5-14B,synergetic_FrankenQwen2.5-14B,model::synergetic/FrankenQwen2.5-14B,synergetic/FrankenQwen2.5-14B,Qwen,16.972,>3B to <20B,2024-11-30,2024_H2,UNKNOWN_OPEN_WEIGHTS,UNKNOWN_LICENSE,COMPLETE_SIX_TASK,True,6,NOT_IN_T05_BRIDGE,NOT_APPLICABLE,False,False,OBSERVED_DESCRIPTION
MODEL::tangledgroup_tangled-llama-pints-1.5b-v0.1-instruct,tangledgroup_tangled-llama-pints-1.5b-v0.1-instruct,model::tangledgroup/tangled-llama-pints-1.5b-v0.1-instruct,tangledgroup/tangled-llama-pints-1.5b-v0.1-instruct,Llama,1.5,<=3B,2024-08-29,2024_H2,UNKNOWN_OPEN_WEIGHTS,LICENSE_RECORDED,COMPLETE_SIX_TASK,True,6,NOT_IN_T05_BRIDGE,NOT_APPLICABLE,False,False,OBSERVED_DESCRIPTION
MODEL::tanliboy_lambda-qwen2.5-14b-dpo-test,tanliboy_lambda-qwen2.5-14b-dpo-test,model::tanliboy/lambda-qwen2.5-14b-dpo-test,tanliboy/lambda-qwen2.5-14b-dpo-test,Qwen,14.77,>3B to <20B,2024-09-20,2024_H2,UNKNOWN_OPEN_WEIGHTS,LICENSE_RECORDED,COMPLETE_SIX_TASK,True,6,NOT_IN_T05_BRIDGE,NOT_APPLICABLE,False,False,OBSERVED_DESCRIPTION
MODEL::tanliboy_lambda-qwen2.5-32b-dpo-test,tanliboy_lambda-qwen2.5-32b-dpo-test,model::tanliboy/lambda-qwen2.5-32b-dpo-test,tanliboy/lambda-qwen2.5-32b-dpo-test,Qwen,32.764,>=20B,2024-09-30,2024_H2,UNKNOWN_OPEN_WEIGHTS,LICENSE_RECORDED,COMPLETE_SIX_TASK,True,6,NOT_IN_T05_BRIDGE,NOT_APPLICABLE,False,False,OBSERVED_DESCRIPTION
MODEL::tensopolis_falcon3-10b-tensopolis-v1,tensopolis_falcon3-10b-tensopolis-v1,model::tensopolis/falcon3-10b-tensopolis-v1,tensopolis/falcon3-10b-tensopolis-v1,Falcon,10.306,>3B to <20B,2025-03-08,2025_Q1,UNKNOWN_OPEN_WEIGHTS,LICENSE_RECORDED,COMPLETE_SIX_TASK,True,6,NOT_IN_T05_BRIDGE,NOT_APPLICABLE,False,False,OBSERVED_DESCRIPTION
MODEL::tensopolis_mistral-small-2501-tensopolis-v1,tensopolis_mistral-small-2501-tensopolis-v1,model::tensopolis/mistral-small-2501-tensopolis-v1,tensopolis/mistral-small-2501-tensopolis-v1,Mistral,23.572,>=20B,2025-02-08,2025_Q1,UNKNOWN_OPEN_WEIGHTS,LICENSE_RECORDED,COMPLETE_SIX_TASK,True,6,NOT_IN_T05_BRIDGE,NOT_APPLICABLE,False,False,OBSERVED_DESCRIPTION
MODEL::tensopolis_phi-4-tensopolis-v1,tensopolis_phi-4-tensopolis-v1,model::tensopolis/phi-4-tensopolis-v1,tensopolis/phi-4-tensopolis-v1,Phi,14.66,>3B to <20B,2025-03-09,2025_Q1,Yes,LICENSE_RECORDED,COMPLETE_SIX_TASK,True,6,NOT_IN_T05_BRIDGE,NOT_APPLICABLE,False,False,OBSERVED_DESCRIPTION
MODEL::tensopolis_qwen2.5-14b-tensopolis-v1,tensopolis_qwen2.5-14b-tensopolis-v1,model::tensopolis/qwen2.5-14b-tensopolis-v1,tensopolis/qwen2.5-14b-tensopolis-v1,Qwen,14.77,>3B to <20B,2025-03-09,2025_Q1,Yes,LICENSE_RECORDED,COMPLETE_SIX_TASK,True,6,NOT_IN_T05_BRIDGE,NOT_APPLICABLE,False,False,OBSERVED_DESCRIPTION
MODEL::tensopolis_qwen2.5-7b-tensopolis-v1,tensopolis_qwen2.5-7b-tensopolis-v1,model::tensopolis/qwen2.5-7b-tensopolis-v1,tensopolis/qwen2.5-7b-tensopolis-v1,Qwen,7.616,>3B to <20B,2025-03-07,2025_Q1,Yes,LICENSE_RECORDED,COMPLETE_SIX_TASK,True,6,NOT_IN_T05_BRIDGE,NOT_APPLICABLE,False,False,OBSERVED_DESCRIPTION
MODEL::theo77186_Qwen2.5-Coder-7B-Instruct-20241106,theo77186_Qwen2.5-Coder-7B-Instruct-20241106,model::theo77186/Qwen2.5-Coder-7B-Instruct-20241106,theo77186/Qwen2.5-Coder-7B-Instruct-20241106,Qwen,7.616,>3B to <20B,2025-01-19,2025_Q1,UNKNOWN_OPEN_WEIGHTS,LICENSE_RECORDED,COMPLETE_SIX_TASK,True,6,NOT_IN_T05_BRIDGE,NOT_APPLICABLE,False,False,OBSERVED_DESCRIPTION
MODEL::theprint_CleverBoi-Llama-3.1-8B-Instruct,theprint_CleverBoi-Llama-3.1-8B-Instruct,model::theprint/CleverBoi-Llama-3.1-8B-Instruct,theprint/CleverBoi-Llama-3.1-8B-Instruct,Llama,16.061,>3B to <20B,2024-09-13,2024_H2,UNKNOWN_OPEN_WEIGHTS,LICENSE_RECORDED,COMPLETE_SIX_TASK,True,6,NOT_IN_T05_BRIDGE,NOT_APPLICABLE,False,False,OBSERVED_DESCRIPTION
MODEL::theprint_CleverBoi-Llama-3.1-8B-v2,theprint_CleverBoi-Llama-3.1-8B-v2,model::theprint/CleverBoi-Llama-3.1-8B-v2,theprint/CleverBoi-Llama-3.1-8B-v2,Llama,9.3,>3B to <20B,2024-09-22,2024_H2,UNKNOWN_OPEN_WEIGHTS,LICENSE_RECORDED,COMPLETE_SIX_TASK,True,6,NOT_IN_T05_BRIDGE,NOT_APPLICABLE,False,False,OBSERVED_DESCRIPTION
MODEL::theprint_ReWiz-Llama-3.1-8B-v2,theprint_ReWiz-Llama-3.1-8B-v2,model::theprint/ReWiz-Llama-3.1-8B-v2,theprint/ReWiz-Llama-3.1-8B-v2,Llama,9.3,>3B to <20B,2024-11-03,2024_H2,UNKNOWN_OPEN_WEIGHTS,LICENSE_RECORDED,COMPLETE_SIX_TASK,True,6,NOT_IN_T05_BRIDGE,NOT_APPLICABLE,False,False,OBSERVED_DESCRIPTION
MODEL::thomas-yanxin_XinYuan-Qwen2-1_5B,thomas-yanxin_XinYuan-Qwen2-1_5B,model::thomas-yanxin/XinYuan-Qwen2-1_5B,thomas-yanxin/XinYuan-Qwen2-1_5B,Qwen,1.777,<=3B,2024-09-04,2024_H2,No,LICENSE_RECORDED,COMPLETE_SIX_TASK,True,6,NOT_IN_T05_BRIDGE,NOT_APPLICABLE,False,False,OBSERVED_DESCRIPTION
MODEL::tianyil1_MistralForCausalLM_Cal_DPO,tianyil1_MistralForCausalLM_Cal_DPO,model::tianyil1/MistralForCausalLM_Cal_DPO,tianyil1/MistralForCausalLM_Cal_DPO,Mistral,7.242,>3B to <20B,2025-01-25,2025_Q1,UNKNOWN_OPEN_WEIGHTS,LICENSE_RECORDED,COMPLETE_SIX_TASK,True,6,NOT_IN_T05_BRIDGE,NOT_APPLICABLE,False,False,OBSERVED_DESCRIPTION
MODEL::tiiuae_Falcon3-10B-Base,tiiuae_Falcon3-10B-Base,model::tiiuae/Falcon3-10B-Base,tiiuae/Falcon3-10B-Base,Falcon,10.306,>3B to <20B,2024-12-12,2024_H2,UNKNOWN_OPEN_WEIGHTS,LICENSE_RECORDED,COMPLETE_SIX_TASK,True,6,NOT_IN_T05_BRIDGE,NOT_APPLICABLE,False,False,OBSERVED_DESCRIPTION
MODEL::tiiuae_Falcon3-1B-Instruct,tiiuae_Falcon3-1B-Instruct,model::tiiuae/Falcon3-1B-Instruct,tiiuae/Falcon3-1B-Instruct,Falcon,1.669,<=3B,2024-12-16,2024_H2,UNKNOWN_OPEN_WEIGHTS,LICENSE_RECORDED,COMPLETE_SIX_TASK,True,6,NOT_IN_T05_BRIDGE,NOT_APPLICABLE,False,False,OBSERVED_DESCRIPTION
MODEL::tiiuae_Falcon3-3B-Base,tiiuae_Falcon3-3B-Base,model::tiiuae/Falcon3-3B-Base,tiiuae/Falcon3-3B-Base,Falcon,3.228,>3B to <20B,2024-12-13,2024_H2,UNKNOWN_OPEN_WEIGHTS,LICENSE_RECORDED,COMPLETE_SIX_TASK,True,6,NOT_IN_T05_BRIDGE,NOT_APPLICABLE,False,False,OBSERVED_DESCRIPTION
MODEL::tiiuae_Falcon3-7B-Instruct,tiiuae_Falcon3-7B-Instruct,model::tiiuae/Falcon3-7B-Instruct,tiiuae/Falcon3-7B-Instruct,Falcon,7.456,>3B to <20B,2024-12-16,2024_H2,Yes,LICENSE_RECORDED,COMPLETE_SIX_TASK,True,6,NOT_IN_T05_BRIDGE,NOT_APPLICABLE,False,False,OBSERVED_DESCRIPTION
MODEL::tiiuae_Falcon3-Mamba-7B-Instruct,tiiuae_Falcon3-Mamba-7B-Instruct,model::tiiuae/Falcon3-Mamba-7B-Instruct,tiiuae/Falcon3-Mamba-7B-Instruct,Falcon,7.273,>3B to <20B,2024-12-13,2024_H2,UNKNOWN_OPEN_WEIGHTS,LICENSE_RECORDED,COMPLETE_SIX_TASK,True,6,NOT_IN_T05_BRIDGE,NOT_APPLICABLE,False,False,OBSERVED_DESCRIPTION
MODEL::tiiuae_falcon-11B,tiiuae_falcon-11B,model::tiiuae/falcon-11B,tiiuae/falcon-11B,Falcon,11.103,>3B to <20B,2024-06-09,2024_H1,UNKNOWN_OPEN_WEIGHTS,LICENSE_RECORDED,COMPLETE_SIX_TASK,True,6,NOT_IN_T05_BRIDGE,NOT_APPLICABLE,False,False,OBSERVED_DESCRIPTION
MODEL::tiiuae_falcon-40b,tiiuae_falcon-40b,model::tiiuae/falcon-40b,tiiuae/falcon-40b,Falcon,40.0,>=20B,2024-06-09,2024_H1,Yes,LICENSE_RECORDED,COMPLETE_SIX_TASK,True,6,CONDITIONAL_SOURCE_TRANSFER,CONDITIONAL_ASSOCIATION_ONLY,False,False,OBSERVED_DESCRIPTION
MODEL::tiiuae_falcon-mamba-7b,tiiuae_falcon-mamba-7b,model::tiiuae/falcon-mamba-7b,tiiuae/falcon-mamba-7b,Falcon,7.0,>3B to <20B,2024-07-23,2024_H2,UNKNOWN_OPEN_WEIGHTS,LICENSE_RECORDED,COMPLETE_SIX_TASK,True,6,NOT_IN_T05_BRIDGE,NOT_APPLICABLE,False,False,OBSERVED_DESCRIPTION
MODEL::tinycompany_ShawtyIsBad-bgem3,tinycompany_ShawtyIsBad-bgem3,model::tinycompany/ShawtyIsBad-bgem3,tinycompany/ShawtyIsBad-bgem3,Yi,1.436,<=3B,2025-03-08,2025_Q1,UNKNOWN_OPEN_WEIGHTS,LICENSE_RECORDED,COMPLETE_SIX_TASK,True,6,NOT_IN_T05_BRIDGE,NOT_APPLICABLE,False,False,OBSERVED_DESCRIPTION
MODEL::tinycompany_ShawtyIsBad-e5-large,tinycompany_ShawtyIsBad-e5-large,model::tinycompany/ShawtyIsBad-e5-large,tinycompany/ShawtyIsBad-e5-large,Yi,1.436,<=3B,2025-03-08,2025_Q1,UNKNOWN_OPEN_WEIGHTS,LICENSE_RECORDED,COMPLETE_SIX_TASK,True,6,NOT_IN_T05_BRIDGE,NOT_APPLICABLE,False,False,OBSERVED_DESCRIPTION
MODEL::tinycompany_ShawtyIsBad-nomic1.5,tinycompany_ShawtyIsBad-nomic1.5,model::tinycompany/ShawtyIsBad-nomic1.5,tinycompany/ShawtyIsBad-nomic1.5,Yi,1.436,<=3B,2025-03-08,2025_Q1,UNKNOWN_OPEN_WEIGHTS,LICENSE_RECORDED,COMPLETE_SIX_TASK,True,6,NOT_IN_T05_BRIDGE,NOT_APPLICABLE,False,False,OBSERVED_DESCRIPTION
MODEL::tugstugi_Qwen2.5-7B-Instruct-QwQ-v0.1,tugstugi_Qwen2.5-7B-Instruct-QwQ-v0.1,model::tugstugi/Qwen2.5-7B-Instruct-QwQ-v0.1,tugstugi/Qwen2.5-7B-Instruct-QwQ-v0.1,Qwen,7.616,>3B to <20B,2025-01-19,2025_Q1,Yes,LICENSE_RECORDED,COMPLETE_SIX_TASK,True,6,NOT_IN_T05_BRIDGE,NOT_APPLICABLE,False,False,OBSERVED_DESCRIPTION
MODEL::unsloth_Llama-3.2-1B-Instruct-no-system-message,unsloth_Llama-3.2-1B-Instruct-no-system-message,model::unsloth/Llama-3.2-1B-Instruct-no-system-message,unsloth/Llama-3.2-1B-Instruct-no-system-message,Llama,1.236,<=3B,2025-01-24,2025_Q1,UNKNOWN_OPEN_WEIGHTS,UNKNOWN_LICENSE,COMPLETE_SIX_TASK,True,6,NOT_IN_T05_BRIDGE,NOT_APPLICABLE,False,False,OBSERVED_DESCRIPTION
MODEL::unsloth_phi-4-unsloth-bnb-4bit,unsloth_phi-4-unsloth-bnb-4bit,model::unsloth/phi-4-unsloth-bnb-4bit,unsloth/phi-4-unsloth-bnb-4bit,Phi,8.483,>3B to <20B,2025-01-09,2025_Q1,Yes,LICENSE_RECORDED,COMPLETE_SIX_TASK,True,6,NOT_IN_T05_BRIDGE,NOT_APPLICABLE,False,False,OBSERVED_DESCRIPTION
MODEL::uukuguy_speechless-code-mistral-7b-v1.0,uukuguy_speechless-code-mistral-7b-v1.0,model::uukuguy/speechless-code-mistral-7b-v1.0,uukuguy/speechless-code-mistral-7b-v1.0,Mistral,7.0,>3B to <20B,2024-06-26,2024_H1,UNKNOWN_OPEN_WEIGHTS,LICENSE_RECORDED,COMPLETE_SIX_TASK,True,6,NOT_IN_T05_BRIDGE,NOT_APPLICABLE,False,False,OBSERVED_DESCRIPTION
MODEL::uukuguy_speechless-instruct-mistral-7b-v0.2,uukuguy_speechless-instruct-mistral-7b-v0.2,model::uukuguy/speechless-instruct-mistral-7b-v0.2,uukuguy/speechless-instruct-mistral-7b-v0.2,Mistral,7.242,>3B to <20B,2024-06-26,2024_H1,UNKNOWN_OPEN_WEIGHTS,LICENSE_RECORDED,COMPLETE_SIX_TASK,True,6,NOT_IN_T05_BRIDGE,NOT_APPLICABLE,False,False,OBSERVED_DESCRIPTION
MODEL::uukuguy_speechless-llama2-hermes-orca-platypus-wizardlm-13b,uukuguy_speechless-llama2-hermes-orca-platypus-wizardlm-13b,model::uukuguy/speechless-llama2-hermes-orca-platypus-wizardlm-13b,uukuguy/speechless-llama2-hermes-orca-platypus-wizardlm-13b,Llama,13.016,>3B to <20B,2024-06-26,2024_H1,UNKNOWN_OPEN_WEIGHTS,UNKNOWN_LICENSE,COMPLETE_SIX_TASK,True,6,NOT_IN_T05_BRIDGE,NOT_APPLICABLE,False,False,OBSERVED_DESCRIPTION
MODEL::v000000_Qwen2.5-14B-Gutenberg-1e-Delta,v000000_Qwen2.5-14B-Gutenberg-1e-Delta,model::v000000/Qwen2.5-14B-Gutenberg-1e-Delta,v000000/Qwen2.5-14B-Gutenberg-1e-Delta,Qwen,14.77,>3B to <20B,2024-09-28,2024_H2,Yes,LICENSE_RECORDED,COMPLETE_SIX_TASK,True,6,NOT_IN_T05_BRIDGE,NOT_APPLICABLE,False,False,OBSERVED_DESCRIPTION
MODEL::v000000_Qwen2.5-Lumen-14B,v000000_Qwen2.5-Lumen-14B,model::v000000/Qwen2.5-Lumen-14B,v000000/Qwen2.5-Lumen-14B,Qwen,14.77,>3B to <20B,2024-09-20,2024_H2,UNKNOWN_OPEN_WEIGHTS,LICENSE_RECORDED,COMPLETE_SIX_TASK,True,6,NOT_IN_T05_BRIDGE,NOT_APPLICABLE,False,False,OBSERVED_DESCRIPTION
MODEL::vhab10_Llama-3.1-8B-Base-Instruct-SLERP,vhab10_Llama-3.1-8B-Base-Instruct-SLERP,model::vhab10/Llama-3.1-8B-Base-Instruct-SLERP,vhab10/Llama-3.1-8B-Base-Instruct-SLERP,Llama,8.03,>3B to <20B,2024-09-29,2024_H2,UNKNOWN_OPEN_WEIGHTS,LICENSE_RECORDED,COMPLETE_SIX_TASK,True,6,NOT_IN_T05_BRIDGE,NOT_APPLICABLE,False,False,OBSERVED_DESCRIPTION
MODEL::vhab10_Llama-3.2-Instruct-3B-TIES,vhab10_Llama-3.2-Instruct-3B-TIES,model::vhab10/Llama-3.2-Instruct-3B-TIES,vhab10/Llama-3.2-Instruct-3B-TIES,Llama,1.848,<=3B,2024-11-23,2024_H2,UNKNOWN_OPEN_WEIGHTS,LICENSE_RECORDED,COMPLETE_SIX_TASK,True,6,NOT_IN_T05_BRIDGE,NOT_APPLICABLE,False,False,OBSERVED_DESCRIPTION
MODEL::vhab10_llama-3-8b-merged-linear,vhab10_llama-3-8b-merged-linear,model::vhab10/llama-3-8b-merged-linear,vhab10/llama-3-8b-merged-linear,Llama,4.65,>3B to <20B,2024-09-26,2024_H2,UNKNOWN_OPEN_WEIGHTS,LICENSE_RECORDED,COMPLETE_SIX_TASK,True,6,NOT_IN_T05_BRIDGE,NOT_APPLICABLE,False,False,OBSERVED_DESCRIPTION
MODEL::vicgalle_Configurable-Hermes-2-Pro-Llama-3-8B,vicgalle_Configurable-Hermes-2-Pro-Llama-3-8B,model::vicgalle/Configurable-Hermes-2-Pro-Llama-3-8B,vicgalle/Configurable-Hermes-2-Pro-Llama-3-8B,Llama,8.031,>3B to <20B,2024-07-24,2024_H2,UNKNOWN_OPEN_WEIGHTS,LICENSE_RECORDED,COMPLETE_SIX_TASK,True,6,NOT_IN_T05_BRIDGE,NOT_APPLICABLE,False,False,OBSERVED_DESCRIPTION
MODEL::vicgalle_Humanish-RP-Llama-3.1-8B,vicgalle_Humanish-RP-Llama-3.1-8B,model::vicgalle/Humanish-RP-Llama-3.1-8B,vicgalle/Humanish-RP-Llama-3.1-8B,Llama,8.03,>3B to <20B,2024-08-03,2024_H2,UNKNOWN_OPEN_WEIGHTS,LICENSE_RECORDED,COMPLETE_SIX_TASK,True,6,NOT_IN_T05_BRIDGE,NOT_APPLICABLE,False,False,OBSERVED_DESCRIPTION
MODEL::vicgalle_Roleplay-Llama-3-8B,vicgalle_Roleplay-Llama-3-8B,model::vicgalle/Roleplay-Llama-3-8B,vicgalle/Roleplay-Llama-3-8B,Llama,8.03,>3B to <20B,2024-06-26,2024_H1,UNKNOWN_OPEN_WEIGHTS,LICENSE_RECORDED,COMPLETE_SIX_TASK,True,6,NOT_IN_T05_BRIDGE,NOT_APPLICABLE,False,False,OBSERVED_DESCRIPTION
MODEL::vonjack_Qwen2.5-Coder-0.5B-Merged,vonjack_Qwen2.5-Coder-0.5B-Merged,model::vonjack/Qwen2.5-Coder-0.5B-Merged,vonjack/Qwen2.5-Coder-0.5B-Merged,Qwen,0.63,<=3B,2024-11-19,2024_H2,UNKNOWN_OPEN_WEIGHTS,UNKNOWN_LICENSE,COMPLETE_SIX_TASK,True,6,NOT_IN_T05_BRIDGE,NOT_APPLICABLE,False,False,OBSERVED_DESCRIPTION
MODEL::wave-on-discord_qwent-7b,wave-on-discord_qwent-7b,model::wave-on-discord/qwent-7b,wave-on-discord/qwent-7b,Qwen,7.616,>3B to <20B,2024-09-30,2024_H2,UNKNOWN_OPEN_WEIGHTS,UNKNOWN_LICENSE,COMPLETE_SIX_TASK,True,6,NOT_IN_T05_BRIDGE,NOT_APPLICABLE,False,False,OBSERVED_DESCRIPTION
MODEL::weathermanj_Menda-3b-Optim-100,weathermanj_Menda-3b-Optim-100,model::weathermanj/Menda-3b-Optim-100,weathermanj/Menda-3b-Optim-100,weathermanj,3.086,>3B to <20B,2025-03-10,2025_Q1,UNKNOWN_OPEN_WEIGHTS,LICENSE_RECORDED,COMPLETE_SIX_TASK,True,6,NOT_IN_T05_BRIDGE,NOT_APPLICABLE,False,False,OBSERVED_DESCRIPTION
MODEL::win10_EVA-Norns-Qwen2.5-v0.1,win10_EVA-Norns-Qwen2.5-v0.1,model::win10/EVA-Norns-Qwen2.5-v0.1,win10/EVA-Norns-Qwen2.5-v0.1,Qwen,7.616,>3B to <20B,2024-11-18,2024_H2,UNKNOWN_OPEN_WEIGHTS,UNKNOWN_LICENSE,COMPLETE_SIX_TASK,True,6,NOT_IN_T05_BRIDGE,NOT_APPLICABLE,False,False,OBSERVED_DESCRIPTION
MODEL::win10_Norns-Qwen2.5-12B,win10_Norns-Qwen2.5-12B,model::win10/Norns-Qwen2.5-12B,win10/Norns-Qwen2.5-12B,Qwen,12.277,>3B to <20B,2024-11-17,2024_H2,UNKNOWN_OPEN_WEIGHTS,UNKNOWN_LICENSE,COMPLETE_SIX_TASK,True,6,NOT_IN_T05_BRIDGE,NOT_APPLICABLE,False,False,OBSERVED_DESCRIPTION
MODEL::win10_Norns-Qwen2.5-7B,win10_Norns-Qwen2.5-7B,model::win10/Norns-Qwen2.5-7B,win10/Norns-Qwen2.5-7B,Qwen,7.616,>3B to <20B,2024-11-18,2024_H2,UNKNOWN_OPEN_WEIGHTS,UNKNOWN_LICENSE,COMPLETE_SIX_TASK,True,6,NOT_IN_T05_BRIDGE,NOT_APPLICABLE,False,False,OBSERVED_DESCRIPTION
MODEL::win10_Qwen2.5-2B-Instruct,win10_Qwen2.5-2B-Instruct,model::win10/Qwen2.5-2B-Instruct,win10/Qwen2.5-2B-Instruct,Qwen,2.9,<=3B,2024-12-20,2024_H2,UNKNOWN_OPEN_WEIGHTS,UNKNOWN_LICENSE,COMPLETE_SIX_TASK,True,6,NOT_IN_T05_BRIDGE,NOT_APPLICABLE,False,False,OBSERVED_DESCRIPTION
MODEL::wzhouad_gemma-2-9b-it-WPO-HB,wzhouad_gemma-2-9b-it-WPO-HB,model::wzhouad/gemma-2-9b-it-WPO-HB,wzhouad/gemma-2-9b-it-WPO-HB,Gemma,9.242,>3B to <20B,2025-01-07,2025_Q1,UNKNOWN_OPEN_WEIGHTS,UNKNOWN_LICENSE,COMPLETE_SIX_TASK,True,6,NOT_IN_T05_BRIDGE,NOT_APPLICABLE,False,False,OBSERVED_DESCRIPTION
MODEL::x0000001_Deepseek-Lumen-R1-Qwen2.5-14B,x0000001_Deepseek-Lumen-R1-Qwen2.5-14B,model::x0000001/Deepseek-Lumen-R1-Qwen2.5-14B,x0000001/Deepseek-Lumen-R1-Qwen2.5-14B,Qwen,14.77,>3B to <20B,2025-01-29,2025_Q1,UNKNOWN_OPEN_WEIGHTS,LICENSE_RECORDED,COMPLETE_SIX_TASK,True,6,NOT_IN_T05_BRIDGE,NOT_APPLICABLE,False,False,OBSERVED_DESCRIPTION
MODEL::xinchen9_Llama3.1_8B_Instruct_CoT,xinchen9_Llama3.1_8B_Instruct_CoT,model::xinchen9/Llama3.1_8B_Instruct_CoT,xinchen9/Llama3.1_8B_Instruct_CoT,Llama,8.03,>3B to <20B,2024-09-19,2024_H2,UNKNOWN_OPEN_WEIGHTS,LICENSE_RECORDED,COMPLETE_SIX_TASK,True,6,NOT_IN_T05_BRIDGE,NOT_APPLICABLE,False,False,OBSERVED_DESCRIPTION
MODEL::xinchen9_Llama3.1_CoT_V1,xinchen9_Llama3.1_CoT_V1,model::xinchen9/Llama3.1_CoT_V1,xinchen9/Llama3.1_CoT_V1,Llama,8.03,>3B to <20B,2024-09-07,2024_H2,UNKNOWN_OPEN_WEIGHTS,LICENSE_RECORDED,COMPLETE_SIX_TASK,True,6,NOT_IN_T05_BRIDGE,NOT_APPLICABLE,False,False,OBSERVED_DESCRIPTION
MODEL::xinchen9_Mistral-7B-CoT,xinchen9_Mistral-7B-CoT,model::xinchen9/Mistral-7B-CoT,xinchen9/Mistral-7B-CoT,Mistral,7.242,>3B to <20B,2024-09-23,2024_H2,UNKNOWN_OPEN_WEIGHTS,LICENSE_RECORDED,COMPLETE_SIX_TASK,True,6,NOT_IN_T05_BRIDGE,NOT_APPLICABLE,False,False,OBSERVED_DESCRIPTION
MODEL::xkp24_Llama-3-8B-Instruct-SPPO-Iter2_gp_2b-table,xkp24_Llama-3-8B-Instruct-SPPO-Iter2_gp_2b-table,model::xkp24/Llama-3-8B-Instruct-SPPO-Iter2_gp_2b-table,xkp24/Llama-3-8B-Instruct-SPPO-Iter2_gp_2b-table,Llama,8.03,>3B to <20B,2024-09-30,2024_H2,UNKNOWN_OPEN_WEIGHTS,UNKNOWN_LICENSE,COMPLETE_SIX_TASK,True,6,NOT_IN_T05_BRIDGE,NOT_APPLICABLE,False,False,OBSERVED_DESCRIPTION
MODEL::xkp24_Llama-3-8B-Instruct-SPPO-Iter2_gp_8b-table,xkp24_Llama-3-8B-Instruct-SPPO-Iter2_gp_8b-table,model::xkp24/Llama-3-8B-Instruct-SPPO-Iter2_gp_8b-table,xkp24/Llama-3-8B-Instruct-SPPO-Iter2_gp_8b-table,Llama,8.03,>3B to <20B,2024-09-30,2024_H2,UNKNOWN_OPEN_WEIGHTS,UNKNOWN_LICENSE,COMPLETE_SIX_TASK,True,6,NOT_IN_T05_BRIDGE,NOT_APPLICABLE,False,False,OBSERVED_DESCRIPTION
MODEL::xkp24_Llama-3-8B-Instruct-SPPO-score-Iter2_gp_8b-table-0.002,xkp24_Llama-3-8B-Instruct-SPPO-score-Iter2_gp_8b-table-0.002,model::xkp24/Llama-3-8B-Instruct-SPPO-score-Iter2_gp_8b-table-0.002,xkp24/Llama-3-8B-Instruct-SPPO-score-Iter2_gp_8b-table-0.002,Llama,8.03,>3B to <20B,2024-10-01,2024_H2,UNKNOWN_OPEN_WEIGHTS,UNKNOWN_LICENSE,COMPLETE_SIX_TASK,True,6,NOT_IN_T05_BRIDGE,NOT_APPLICABLE,False,False,OBSERVED_DESCRIPTION
MODEL::xukp20_Llama-3-8B-Instruct-SPPO-Iter3_bt_2b-table,xukp20_Llama-3-8B-Instruct-SPPO-Iter3_bt_2b-table,model::xukp20/Llama-3-8B-Instruct-SPPO-Iter3_bt_2b-table,xukp20/Llama-3-8B-Instruct-SPPO-Iter3_bt_2b-table,Llama,8.03,>3B to <20B,2024-09-29,2024_H2,UNKNOWN_OPEN_WEIGHTS,UNKNOWN_LICENSE,COMPLETE_SIX_TASK,True,6,NOT_IN_T05_BRIDGE,NOT_APPLICABLE,False,False,OBSERVED_DESCRIPTION
MODEL::xukp20_Llama-3-8B-Instruct-SPPO-Iter3_bt_8b-table,xukp20_Llama-3-8B-Instruct-SPPO-Iter3_bt_8b-table,model::xukp20/Llama-3-8B-Instruct-SPPO-Iter3_bt_8b-table,xukp20/Llama-3-8B-Instruct-SPPO-Iter3_bt_8b-table,Llama,8.03,>3B to <20B,2024-09-29,2024_H2,UNKNOWN_OPEN_WEIGHTS,UNKNOWN_LICENSE,COMPLETE_SIX_TASK,True,6,NOT_IN_T05_BRIDGE,NOT_APPLICABLE,False,False,OBSERVED_DESCRIPTION
MODEL::xukp20_Llama-3-8B-Instruct-SPPO-Iter3_gp_2b-table,xukp20_Llama-3-8B-Instruct-SPPO-Iter3_gp_2b-table,model::xukp20/Llama-3-8B-Instruct-SPPO-Iter3_gp_2b-table,xukp20/Llama-3-8B-Instruct-SPPO-Iter3_gp_2b-table,Llama,8.03,>3B to <20B,2024-09-29,2024_H2,UNKNOWN_OPEN_WEIGHTS,UNKNOWN_LICENSE,COMPLETE_SIX_TASK,True,6,NOT_IN_T05_BRIDGE,NOT_APPLICABLE,False,False,OBSERVED_DESCRIPTION
MODEL::yam-peleg_Hebrew-Mistral-7B,yam-peleg_Hebrew-Mistral-7B,model::yam-peleg/Hebrew-Mistral-7B,yam-peleg/Hebrew-Mistral-7B,Mistral,7.504,>3B to <20B,2024-07-11,2024_H2,UNKNOWN_OPEN_WEIGHTS,LICENSE_RECORDED,COMPLETE_SIX_TASK,True,6,NOT_IN_T05_BRIDGE,NOT_APPLICABLE,False,False,OBSERVED_DESCRIPTION
MODEL::yfzp_Llama-3-8B-Instruct-SPPO-Iter1_bt_2b-table,yfzp_Llama-3-8B-Instruct-SPPO-Iter1_bt_2b-table,model::yfzp/Llama-3-8B-Instruct-SPPO-Iter1_bt_2b-table,yfzp/Llama-3-8B-Instruct-SPPO-Iter1_bt_2b-table,Llama,8.03,>3B to <20B,2024-09-30,2024_H2,UNKNOWN_OPEN_WEIGHTS,UNKNOWN_LICENSE,COMPLETE_SIX_TASK,True,6,NOT_IN_T05_BRIDGE,NOT_APPLICABLE,False,False,OBSERVED_DESCRIPTION
MODEL::yfzp_Llama-3-8B-Instruct-SPPO-Iter1_bt_8b-table,yfzp_Llama-3-8B-Instruct-SPPO-Iter1_bt_8b-table,model::yfzp/Llama-3-8B-Instruct-SPPO-Iter1_bt_8b-table,yfzp/Llama-3-8B-Instruct-SPPO-Iter1_bt_8b-table,Llama,8.03,>3B to <20B,2024-09-30,2024_H2,UNKNOWN_OPEN_WEIGHTS,UNKNOWN_LICENSE,COMPLETE_SIX_TASK,True,6,NOT_IN_T05_BRIDGE,NOT_APPLICABLE,False,False,OBSERVED_DESCRIPTION
MODEL::yfzp_Llama-3-8B-Instruct-SPPO-Iter1_gp_2b-table,yfzp_Llama-3-8B-Instruct-SPPO-Iter1_gp_2b-table,model::yfzp/Llama-3-8B-Instruct-SPPO-Iter1_gp_2b-table,yfzp/Llama-3-8B-Instruct-SPPO-Iter1_gp_2b-table,Llama,8.03,>3B to <20B,2024-09-29,2024_H2,UNKNOWN_OPEN_WEIGHTS,UNKNOWN_LICENSE,COMPLETE_SIX_TASK,True,6,NOT_IN_T05_BRIDGE,NOT_APPLICABLE,False,False,OBSERVED_DESCRIPTION
MODEL::yfzp_Llama-3-8B-Instruct-SPPO-Iter1_gp_8b-table,yfzp_Llama-3-8B-Instruct-SPPO-Iter1_gp_8b-table,model::yfzp/Llama-3-8B-Instruct-SPPO-Iter1_gp_8b-table,yfzp/Llama-3-8B-Instruct-SPPO-Iter1_gp_8b-table,Llama,8.03,>3B to <20B,2024-09-29,2024_H2,UNKNOWN_OPEN_WEIGHTS,UNKNOWN_LICENSE,COMPLETE_SIX_TASK,True,6,NOT_IN_T05_BRIDGE,NOT_APPLICABLE,False,False,OBSERVED_DESCRIPTION
MODEL::yfzp_Llama-3-8B-Instruct-SPPO-score-Iter1_bt_2b-table-0.001,yfzp_Llama-3-8B-Instruct-SPPO-score-Iter1_bt_2b-table-0.001,model::yfzp/Llama-3-8B-Instruct-SPPO-score-Iter1_bt_2b-table-0.001,yfzp/Llama-3-8B-Instruct-SPPO-score-Iter1_bt_2b-table-0.001,Llama,8.03,>3B to <20B,2024-09-30,2024_H2,UNKNOWN_OPEN_WEIGHTS,UNKNOWN_LICENSE,COMPLETE_SIX_TASK,True,6,NOT_IN_T05_BRIDGE,NOT_APPLICABLE,False,False,OBSERVED_DESCRIPTION
MODEL::yfzp_Llama-3-8B-Instruct-SPPO-score-Iter1_gp_2b-table-0.001,yfzp_Llama-3-8B-Instruct-SPPO-score-Iter1_gp_2b-table-0.001,model::yfzp/Llama-3-8B-Instruct-SPPO-score-Iter1_gp_2b-table-0.001,yfzp/Llama-3-8B-Instruct-SPPO-score-Iter1_gp_2b-table-0.001,Llama,8.03,>3B to <20B,2024-09-29,2024_H2,UNKNOWN_OPEN_WEIGHTS,UNKNOWN_LICENSE,COMPLETE_SIX_TASK,True,6,NOT_IN_T05_BRIDGE,NOT_APPLICABLE,False,False,OBSERVED_DESCRIPTION
MODEL::yfzp_Llama-3-8B-Instruct-SPPO-score-Iter1_gp_8b-table-0.002,yfzp_Llama-3-8B-Instruct-SPPO-score-Iter1_gp_8b-table-0.002,model::yfzp/Llama-3-8B-Instruct-SPPO-score-Iter1_gp_8b-table-0.002,yfzp/Llama-3-8B-Instruct-SPPO-score-Iter1_gp_8b-table-0.002,Llama,8.03,>3B to <20B,2024-09-29,2024_H2,UNKNOWN_OPEN_WEIGHTS,UNKNOWN_LICENSE,COMPLETE_SIX_TASK,True,6,NOT_IN_T05_BRIDGE,NOT_APPLICABLE,False,False,OBSERVED_DESCRIPTION
MODEL::yifAI_Llama-3-8B-Instruct-SPPO-score-Iter3_gp_8b-table-0.002,yifAI_Llama-3-8B-Instruct-SPPO-score-Iter3_gp_8b-table-0.002,model::yifAI/Llama-3-8B-Instruct-SPPO-score-Iter3_gp_8b-table-0.002,yifAI/Llama-3-8B-Instruct-SPPO-score-Iter3_gp_8b-table-0.002,Llama,8.03,>3B to <20B,2024-09-30,2024_H2,UNKNOWN_OPEN_WEIGHTS,UNKNOWN_LICENSE,COMPLETE_SIX_TASK,True,6,NOT_IN_T05_BRIDGE,NOT_APPLICABLE,False,False,OBSERVED_DESCRIPTION
MODEL::ymcki_gemma-2-2b-ORPO-jpn-it-abliterated-18,ymcki_gemma-2-2b-ORPO-jpn-it-abliterated-18,model::ymcki/gemma-2-2b-ORPO-jpn-it-abliterated-18,ymcki/gemma-2-2b-ORPO-jpn-it-abliterated-18,Gemma,2.614,<=3B,2024-11-16,2024_H2,UNKNOWN_OPEN_WEIGHTS,LICENSE_RECORDED,COMPLETE_SIX_TASK,True,6,NOT_IN_T05_BRIDGE,NOT_APPLICABLE,False,False,OBSERVED_DESCRIPTION
MODEL::ymcki_gemma-2-2b-ORPO-jpn-it-abliterated-18-merge,ymcki_gemma-2-2b-ORPO-jpn-it-abliterated-18-merge,model::ymcki/gemma-2-2b-ORPO-jpn-it-abliterated-18-merge,ymcki/gemma-2-2b-ORPO-jpn-it-abliterated-18-merge,Gemma,2.614,<=3B,2024-11-16,2024_H2,UNKNOWN_OPEN_WEIGHTS,LICENSE_RECORDED,COMPLETE_SIX_TASK,True,6,NOT_IN_T05_BRIDGE,NOT_APPLICABLE,False,False,OBSERVED_DESCRIPTION
MODEL::ymcki_gemma-2-2b-jpn-it-abliterated-17,ymcki_gemma-2-2b-jpn-it-abliterated-17,model::ymcki/gemma-2-2b-jpn-it-abliterated-17,ymcki/gemma-2-2b-jpn-it-abliterated-17,Gemma,2.614,<=3B,2024-10-18,2024_H2,UNKNOWN_OPEN_WEIGHTS,LICENSE_RECORDED,COMPLETE_SIX_TASK,True,6,NOT_IN_T05_BRIDGE,NOT_APPLICABLE,False,False,OBSERVED_DESCRIPTION
MODEL::ymcki_gemma-2-2b-jpn-it-abliterated-17-18-24,ymcki_gemma-2-2b-jpn-it-abliterated-17-18-24,model::ymcki/gemma-2-2b-jpn-it-abliterated-17-18-24,ymcki/gemma-2-2b-jpn-it-abliterated-17-18-24,Gemma,2.614,<=3B,2024-11-06,2024_H2,UNKNOWN_OPEN_WEIGHTS,LICENSE_RECORDED,COMPLETE_SIX_TASK,True,6,NOT_IN_T05_BRIDGE,NOT_APPLICABLE,False,False,OBSERVED_DESCRIPTION
MODEL::ymcki_gemma-2-2b-jpn-it-abliterated-17-ORPO-alpaca,ymcki_gemma-2-2b-jpn-it-abliterated-17-ORPO-alpaca,model::ymcki/gemma-2-2b-jpn-it-abliterated-17-ORPO-alpaca,ymcki/gemma-2-2b-jpn-it-abliterated-17-ORPO-alpaca,Gemma,2.614,<=3B,2024-10-27,2024_H2,UNKNOWN_OPEN_WEIGHTS,UNKNOWN_LICENSE,COMPLETE_SIX_TASK,True,6,NOT_IN_T05_BRIDGE,NOT_APPLICABLE,False,False,OBSERVED_DESCRIPTION
MODEL::yuvraj17_Llama3-8B-SuperNova-Spectrum-Hermes-DPO,yuvraj17_Llama3-8B-SuperNova-Spectrum-Hermes-DPO,model::yuvraj17/Llama3-8B-SuperNova-Spectrum-Hermes-DPO,yuvraj17/Llama3-8B-SuperNova-Spectrum-Hermes-DPO,Llama,8.03,>3B to <20B,2024-09-30,2024_H2,UNKNOWN_OPEN_WEIGHTS,LICENSE_RECORDED,COMPLETE_SIX_TASK,True,6,NOT_IN_T05_BRIDGE,NOT_APPLICABLE,False,False,OBSERVED_DESCRIPTION
MODEL::yuvraj17_Llama3-8B-SuperNova-Spectrum-dare_ties,yuvraj17_Llama3-8B-SuperNova-Spectrum-dare_ties,model::yuvraj17/Llama3-8B-SuperNova-Spectrum-dare_ties,yuvraj17/Llama3-8B-SuperNova-Spectrum-dare_ties,Llama,8.03,>3B to <20B,2024-09-23,2024_H2,UNKNOWN_OPEN_WEIGHTS,LICENSE_RECORDED,COMPLETE_SIX_TASK,True,6,NOT_IN_T05_BRIDGE,NOT_APPLICABLE,False,False,OBSERVED_DESCRIPTION
MODEL::yuvraj17_Llama3-8B-abliterated-Spectrum-slerp,yuvraj17_Llama3-8B-abliterated-Spectrum-slerp,model::yuvraj17/Llama3-8B-abliterated-Spectrum-slerp,yuvraj17/Llama3-8B-abliterated-Spectrum-slerp,Llama,8.03,>3B to <20B,2024-09-23,2024_H2,UNKNOWN_OPEN_WEIGHTS,LICENSE_RECORDED,COMPLETE_SIX_TASK,True,6,NOT_IN_T05_BRIDGE,NOT_APPLICABLE,False,False,OBSERVED_DESCRIPTION
MODEL::zake7749_gemma-2-2b-it-chinese-kyara-dpo,zake7749_gemma-2-2b-it-chinese-kyara-dpo,model::zake7749/gemma-2-2b-it-chinese-kyara-dpo,zake7749/gemma-2-2b-it-chinese-kyara-dpo,Gemma,2.614,<=3B,2024-10-17,2024_H2,UNKNOWN_OPEN_WEIGHTS,LICENSE_RECORDED,COMPLETE_SIX_TASK,True,6,NOT_IN_T05_BRIDGE,NOT_APPLICABLE,False,False,OBSERVED_DESCRIPTION
MODEL::zelk12_MT-Gen1-gemma-2-9B,zelk12_MT-Gen1-gemma-2-9B,model::zelk12/MT-Gen1-gemma-2-9B,zelk12/MT-Gen1-gemma-2-9B,Gemma,10.159,>3B to <20B,2024-10-23,2024_H2,UNKNOWN_OPEN_WEIGHTS,UNKNOWN_LICENSE,COMPLETE_SIX_TASK,True,6,NOT_IN_T05_BRIDGE,NOT_APPLICABLE,False,False,OBSERVED_DESCRIPTION
MODEL::zelk12_MT-Gen2-GI-gemma-2-9B,zelk12_MT-Gen2-GI-gemma-2-9B,model::zelk12/MT-Gen2-GI-gemma-2-9B,zelk12/MT-Gen2-GI-gemma-2-9B,Gemma,10.159,>3B to <20B,2024-11-28,2024_H2,UNKNOWN_OPEN_WEIGHTS,UNKNOWN_LICENSE,COMPLETE_SIX_TASK,True,6,NOT_IN_T05_BRIDGE,NOT_APPLICABLE,False,False,OBSERVED_DESCRIPTION
MODEL::zelk12_MT-Gen2-gemma-2-9B,zelk12_MT-Gen2-gemma-2-9B,model::zelk12/MT-Gen2-gemma-2-9B,zelk12/MT-Gen2-gemma-2-9B,Gemma,10.159,>3B to <20B,2024-11-10,2024_H2,UNKNOWN_OPEN_WEIGHTS,UNKNOWN_LICENSE,COMPLETE_SIX_TASK,True,6,NOT_IN_T05_BRIDGE,NOT_APPLICABLE,False,False,OBSERVED_DESCRIPTION
MODEL::zelk12_MT-Gen3-gemma-2-9B,zelk12_MT-Gen3-gemma-2-9B,model::zelk12/MT-Gen3-gemma-2-9B,zelk12/MT-Gen3-gemma-2-9B,Gemma,10.159,>3B to <20B,2024-11-30,2024_H2,UNKNOWN_OPEN_WEIGHTS,UNKNOWN_LICENSE,COMPLETE_SIX_TASK,True,6,NOT_IN_T05_BRIDGE,NOT_APPLICABLE,False,False,OBSERVED_DESCRIPTION
MODEL::zelk12_MT-Gen6-gemma-2-9B,zelk12_MT-Gen6-gemma-2-9B,model::zelk12/MT-Gen6-gemma-2-9B,zelk12/MT-Gen6-gemma-2-9B,Gemma,10.159,>3B to <20B,2025-01-23,2025_Q1,UNKNOWN_OPEN_WEIGHTS,LICENSE_RECORDED,COMPLETE_SIX_TASK,True,6,NOT_IN_T05_BRIDGE,NOT_APPLICABLE,False,False,OBSERVED_DESCRIPTION
MODEL::zelk12_MT-Gen7-gemma-2-9B,zelk12_MT-Gen7-gemma-2-9B,model::zelk12/MT-Gen7-gemma-2-9B,zelk12/MT-Gen7-gemma-2-9B,Gemma,10.159,>3B to <20B,2025-02-15,2025_Q1,UNKNOWN_OPEN_WEIGHTS,LICENSE_RECORDED,COMPLETE_SIX_TASK,True,6,NOT_IN_T05_BRIDGE,NOT_APPLICABLE,False,False,OBSERVED_DESCRIPTION
MODEL::zelk12_MT-Merge-gemma-2-9B,zelk12_MT-Merge-gemma-2-9B,model::zelk12/MT-Merge-gemma-2-9B,zelk12/MT-Merge-gemma-2-9B,Gemma,10.159,>3B to <20B,2024-10-22,2024_H2,UNKNOWN_OPEN_WEIGHTS,UNKNOWN_LICENSE,COMPLETE_SIX_TASK,True,6,NOT_IN_T05_BRIDGE,NOT_APPLICABLE,False,False,OBSERVED_DESCRIPTION
MODEL::zelk12_MT-Merge2-MU-gemma-2-MTg2MT1g2-9B,zelk12_MT-Merge2-MU-gemma-2-MTg2MT1g2-9B,model::zelk12/MT-Merge2-MU-gemma-2-MTg2MT1g2-9B,zelk12/MT-Merge2-MU-gemma-2-MTg2MT1g2-9B,Gemma,10.159,>3B to <20B,2024-11-28,2024_H2,UNKNOWN_OPEN_WEIGHTS,UNKNOWN_LICENSE,COMPLETE_SIX_TASK,True,6,NOT_IN_T05_BRIDGE,NOT_APPLICABLE,False,False,OBSERVED_DESCRIPTION
MODEL::zelk12_MT-Merge4-gemma-2-9B,zelk12_MT-Merge4-gemma-2-9B,model::zelk12/MT-Merge4-gemma-2-9B,zelk12/MT-Merge4-gemma-2-9B,Gemma,10.159,>3B to <20B,2024-12-21,2024_H2,UNKNOWN_OPEN_WEIGHTS,LICENSE_RECORDED,COMPLETE_SIX_TASK,True,6,NOT_IN_T05_BRIDGE,NOT_APPLICABLE,False,False,OBSERVED_DESCRIPTION
MODEL::zelk12_MT-Merge6-gemma-2-9B,zelk12_MT-Merge6-gemma-2-9B,model::zelk12/MT-Merge6-gemma-2-9B,zelk12/MT-Merge6-gemma-2-9B,Gemma,10.159,>3B to <20B,2025-02-13,2025_Q1,UNKNOWN_OPEN_WEIGHTS,LICENSE_RECORDED,COMPLETE_SIX_TASK,True,6,NOT_IN_T05_BRIDGE,NOT_APPLICABLE,False,False,OBSERVED_DESCRIPTION
MODEL::zelk12_MT1-Gen2-gemma-2-9B,zelk12_MT1-Gen2-gemma-2-9B,model::zelk12/MT1-Gen2-gemma-2-9B,zelk12/MT1-Gen2-gemma-2-9B,Gemma,10.159,>3B to <20B,2024-11-11,2024_H2,UNKNOWN_OPEN_WEIGHTS,UNKNOWN_LICENSE,COMPLETE_SIX_TASK,True,6,NOT_IN_T05_BRIDGE,NOT_APPLICABLE,False,False,OBSERVED_DESCRIPTION
MODEL::zelk12_MT1-Gen5-gemma-2-9B,zelk12_MT1-Gen5-gemma-2-9B,model::zelk12/MT1-Gen5-gemma-2-9B,zelk12/MT1-Gen5-gemma-2-9B,Gemma,10.159,>3B to <20B,2024-12-24,2024_H2,UNKNOWN_OPEN_WEIGHTS,LICENSE_RECORDED,COMPLETE_SIX_TASK,True,6,NOT_IN_T05_BRIDGE,NOT_APPLICABLE,False,False,OBSERVED_DESCRIPTION
MODEL::zelk12_MT1-gemma-2-9B,zelk12_MT1-gemma-2-9B,model::zelk12/MT1-gemma-2-9B,zelk12/MT1-gemma-2-9B,Gemma,10.159,>3B to <20B,2024-10-14,2024_H2,UNKNOWN_OPEN_WEIGHTS,UNKNOWN_LICENSE,COMPLETE_SIX_TASK,True,6,NOT_IN_T05_BRIDGE,NOT_APPLICABLE,False,False,OBSERVED_DESCRIPTION
MODEL::zelk12_MT2-Gen1-gemma-2-9B,zelk12_MT2-Gen1-gemma-2-9B,model::zelk12/MT2-Gen1-gemma-2-9B,zelk12/MT2-Gen1-gemma-2-9B,Gemma,10.159,>3B to <20B,2024-10-27,2024_H2,UNKNOWN_OPEN_WEIGHTS,UNKNOWN_LICENSE,COMPLETE_SIX_TASK,True,6,NOT_IN_T05_BRIDGE,NOT_APPLICABLE,False,False,OBSERVED_DESCRIPTION
MODEL::zelk12_MT2-Gen2-gemma-2-9B,zelk12_MT2-Gen2-gemma-2-9B,model::zelk12/MT2-Gen2-gemma-2-9B,zelk12/MT2-Gen2-gemma-2-9B,Gemma,10.159,>3B to <20B,2024-11-12,2024_H2,UNKNOWN_OPEN_WEIGHTS,UNKNOWN_LICENSE,COMPLETE_SIX_TASK,True,6,NOT_IN_T05_BRIDGE,NOT_APPLICABLE,False,False,OBSERVED_DESCRIPTION
MODEL::zelk12_MT2-Gen3-gemma-2-9B,zelk12_MT2-Gen3-gemma-2-9B,model::zelk12/MT2-Gen3-gemma-2-9B,zelk12/MT2-Gen3-gemma-2-9B,Gemma,10.159,>3B to <20B,2024-12-04,2024_H2,UNKNOWN_OPEN_WEIGHTS,UNKNOWN_LICENSE,COMPLETE_SIX_TASK,True,6,NOT_IN_T05_BRIDGE,NOT_APPLICABLE,False,False,OBSERVED_DESCRIPTION
MODEL::zelk12_MT2-Gen4-gemma-2-9B,zelk12_MT2-Gen4-gemma-2-9B,model::zelk12/MT2-Gen4-gemma-2-9B,zelk12/MT2-Gen4-gemma-2-9B,Gemma,10.159,>3B to <20B,2024-12-15,2024_H2,UNKNOWN_OPEN_WEIGHTS,LICENSE_RECORDED,COMPLETE_SIX_TASK,True,6,NOT_IN_T05_BRIDGE,NOT_APPLICABLE,False,False,OBSERVED_DESCRIPTION
MODEL::zelk12_MT2-Gen5-gemma-2-9B,zelk12_MT2-Gen5-gemma-2-9B,model::zelk12/MT2-Gen5-gemma-2-9B,zelk12/MT2-Gen5-gemma-2-9B,Gemma,10.159,>3B to <20B,2024-12-25,2024_H2,UNKNOWN_OPEN_WEIGHTS,LICENSE_RECORDED,COMPLETE_SIX_TASK,True,6,NOT_IN_T05_BRIDGE,NOT_APPLICABLE,False,False,OBSERVED_DESCRIPTION
MODEL::zelk12_MT2-Gen6-gemma-2-9B,zelk12_MT2-Gen6-gemma-2-9B,model::zelk12/MT2-Gen6-gemma-2-9B,zelk12/MT2-Gen6-gemma-2-9B,Gemma,10.159,>3B to <20B,2025-02-05,2025_Q1,UNKNOWN_OPEN_WEIGHTS,LICENSE_RECORDED,COMPLETE_SIX_TASK,True,6,NOT_IN_T05_BRIDGE,NOT_APPLICABLE,False,False,OBSERVED_DESCRIPTION
MODEL::zelk12_MT2-Max-Merge_02012025163610-gemma-2-9B,zelk12_MT2-Max-Merge_02012025163610-gemma-2-9B,model::zelk12/MT2-Max-Merge_02012025163610-gemma-2-9B,zelk12/MT2-Max-Merge_02012025163610-gemma-2-9B,Gemma,10.159,>3B to <20B,2025-01-07,2025_Q1,UNKNOWN_OPEN_WEIGHTS,LICENSE_RECORDED,COMPLETE_SIX_TASK,True,6,NOT_IN_T05_BRIDGE,NOT_APPLICABLE,False,False,OBSERVED_DESCRIPTION
MODEL::zelk12_MT3-Gen1-gemma-2-9B,zelk12_MT3-Gen1-gemma-2-9B,model::zelk12/MT3-Gen1-gemma-2-9B,zelk12/MT3-Gen1-gemma-2-9B,Gemma,10.159,>3B to <20B,2024-10-28,2024_H2,UNKNOWN_OPEN_WEIGHTS,UNKNOWN_LICENSE,COMPLETE_SIX_TASK,True,6,NOT_IN_T05_BRIDGE,NOT_APPLICABLE,False,False,OBSERVED_DESCRIPTION
MODEL::zelk12_MT3-Gen2-gemma-2-9B,zelk12_MT3-Gen2-gemma-2-9B,model::zelk12/MT3-Gen2-gemma-2-9B,zelk12/MT3-Gen2-gemma-2-9B,Gemma,10.159,>3B to <20B,2024-11-20,2024_H2,UNKNOWN_OPEN_WEIGHTS,UNKNOWN_LICENSE,COMPLETE_SIX_TASK,True,6,NOT_IN_T05_BRIDGE,NOT_APPLICABLE,False,False,OBSERVED_DESCRIPTION
MODEL::zelk12_MT3-Gen3-gemma-2-9B,zelk12_MT3-Gen3-gemma-2-9B,model::zelk12/MT3-Gen3-gemma-2-9B,zelk12/MT3-Gen3-gemma-2-9B,Gemma,10.159,>3B to <20B,2024-12-07,2024_H2,UNKNOWN_OPEN_WEIGHTS,UNKNOWN_LICENSE,COMPLETE_SIX_TASK,True,6,NOT_IN_T05_BRIDGE,NOT_APPLICABLE,False,False,OBSERVED_DESCRIPTION
MODEL::zelk12_MT3-Gen4-gemma-2-9B,zelk12_MT3-Gen4-gemma-2-9B,model::zelk12/MT3-Gen4-gemma-2-9B,zelk12/MT3-Gen4-gemma-2-9B,Gemma,10.159,>3B to <20B,2024-12-16,2024_H2,UNKNOWN_OPEN_WEIGHTS,LICENSE_RECORDED,COMPLETE_SIX_TASK,True,6,NOT_IN_T05_BRIDGE,NOT_APPLICABLE,False,False,OBSERVED_DESCRIPTION
MODEL::zelk12_MT3-Gen5-gemma-2-9B,zelk12_MT3-Gen5-gemma-2-9B,model::zelk12/MT3-Gen5-gemma-2-9B,zelk12/MT3-Gen5-gemma-2-9B,Gemma,10.159,>3B to <20B,2024-12-26,2024_H2,UNKNOWN_OPEN_WEIGHTS,LICENSE_RECORDED,COMPLETE_SIX_TASK,True,6,NOT_IN_T05_BRIDGE,NOT_APPLICABLE,False,False,OBSERVED_DESCRIPTION
MODEL::zelk12_MT3-Gen5-gemma-2-9B_v1,zelk12_MT3-Gen5-gemma-2-9B_v1,model::zelk12/MT3-Gen5-gemma-2-9B_v1,zelk12/MT3-Gen5-gemma-2-9B_v1,Gemma,10.159,>3B to <20B,2024-12-27,2024_H2,UNKNOWN_OPEN_WEIGHTS,LICENSE_RECORDED,COMPLETE_SIX_TASK,True,6,NOT_IN_T05_BRIDGE,NOT_APPLICABLE,False,False,OBSERVED_DESCRIPTION
MODEL::zelk12_MT3-Gen6-gemma-2-9B,zelk12_MT3-Gen6-gemma-2-9B,model::zelk12/MT3-Gen6-gemma-2-9B,zelk12/MT3-Gen6-gemma-2-9B,Gemma,10.159,>3B to <20B,2025-02-12,2025_Q1,UNKNOWN_OPEN_WEIGHTS,LICENSE_RECORDED,COMPLETE_SIX_TASK,True,6,NOT_IN_T05_BRIDGE,NOT_APPLICABLE,False,False,OBSERVED_DESCRIPTION
MODEL::zelk12_MT3-Max-Merge_02012025163610-gemma-2-9B,zelk12_MT3-Max-Merge_02012025163610-gemma-2-9B,model::zelk12/MT3-Max-Merge_02012025163610-gemma-2-9B,zelk12/MT3-Max-Merge_02012025163610-gemma-2-9B,Gemma,10.159,>3B to <20B,2025-01-09,2025_Q1,UNKNOWN_OPEN_WEIGHTS,LICENSE_RECORDED,COMPLETE_SIX_TASK,True,6,NOT_IN_T05_BRIDGE,NOT_APPLICABLE,False,False,OBSERVED_DESCRIPTION
MODEL::zelk12_MT3-gemma-2-9B,zelk12_MT3-gemma-2-9B,model::zelk12/MT3-gemma-2-9B,zelk12/MT3-gemma-2-9B,Gemma,10.159,>3B to <20B,2024-10-16,2024_H2,UNKNOWN_OPEN_WEIGHTS,UNKNOWN_LICENSE,COMPLETE_SIX_TASK,True,6,NOT_IN_T05_BRIDGE,NOT_APPLICABLE,False,False,OBSERVED_DESCRIPTION
MODEL::zelk12_MT4-Gen2-gemma-2-9B,zelk12_MT4-Gen2-gemma-2-9B,model::zelk12/MT4-Gen2-gemma-2-9B,zelk12/MT4-Gen2-gemma-2-9B,Gemma,10.159,>3B to <20B,2024-11-22,2024_H2,UNKNOWN_OPEN_WEIGHTS,UNKNOWN_LICENSE,COMPLETE_SIX_TASK,True,6,NOT_IN_T05_BRIDGE,NOT_APPLICABLE,False,False,OBSERVED_DESCRIPTION
MODEL::zelk12_MT4-Gen3-gemma-2-9B,zelk12_MT4-Gen3-gemma-2-9B,model::zelk12/MT4-Gen3-gemma-2-9B,zelk12/MT4-Gen3-gemma-2-9B,Gemma,10.159,>3B to <20B,2024-12-08,2024_H2,UNKNOWN_OPEN_WEIGHTS,UNKNOWN_LICENSE,COMPLETE_SIX_TASK,True,6,NOT_IN_T05_BRIDGE,NOT_APPLICABLE,False,False,OBSERVED_DESCRIPTION
MODEL::zelk12_MT4-Gen5-gemma-2-9B,zelk12_MT4-Gen5-gemma-2-9B,model::zelk12/MT4-Gen5-gemma-2-9B,zelk12/MT4-Gen5-gemma-2-9B,Gemma,10.159,>3B to <20B,2024-12-28,2024_H2,UNKNOWN_OPEN_WEIGHTS,LICENSE_RECORDED,COMPLETE_SIX_TASK,True,6,NOT_IN_T05_BRIDGE,NOT_APPLICABLE,False,False,OBSERVED_DESCRIPTION
MODEL::zelk12_MT4-gemma-2-9B,zelk12_MT4-gemma-2-9B,model::zelk12/MT4-gemma-2-9B,zelk12/MT4-gemma-2-9B,Gemma,10.159,>3B to <20B,2024-10-20,2024_H2,UNKNOWN_OPEN_WEIGHTS,UNKNOWN_LICENSE,COMPLETE_SIX_TASK,True,6,NOT_IN_T05_BRIDGE,NOT_APPLICABLE,False,False,OBSERVED_DESCRIPTION
MODEL::zelk12_MT5-Gen1-gemma-2-9B,zelk12_MT5-Gen1-gemma-2-9B,model::zelk12/MT5-Gen1-gemma-2-9B,zelk12/MT5-Gen1-gemma-2-9B,Gemma,10.159,>3B to <20B,2024-10-31,2024_H2,UNKNOWN_OPEN_WEIGHTS,UNKNOWN_LICENSE,COMPLETE_SIX_TASK,True,6,NOT_IN_T05_BRIDGE,NOT_APPLICABLE,False,False,OBSERVED_DESCRIPTION
MODEL::zelk12_MT5-Gen2-gemma-2-9B,zelk12_MT5-Gen2-gemma-2-9B,model::zelk12/MT5-Gen2-gemma-2-9B,zelk12/MT5-Gen2-gemma-2-9B,Gemma,10.159,>3B to <20B,2024-11-23,2024_H2,UNKNOWN_OPEN_WEIGHTS,UNKNOWN_LICENSE,COMPLETE_SIX_TASK,True,6,NOT_IN_T05_BRIDGE,NOT_APPLICABLE,False,False,OBSERVED_DESCRIPTION
MODEL::zelk12_MT5-Gen3-gemma-2-9B,zelk12_MT5-Gen3-gemma-2-9B,model::zelk12/MT5-Gen3-gemma-2-9B,zelk12/MT5-Gen3-gemma-2-9B,Gemma,10.159,>3B to <20B,2024-12-08,2024_H2,UNKNOWN_OPEN_WEIGHTS,UNKNOWN_LICENSE,COMPLETE_SIX_TASK,True,6,NOT_IN_T05_BRIDGE,NOT_APPLICABLE,False,False,OBSERVED_DESCRIPTION
MODEL::zelk12_MT5-gemma-2-9B,zelk12_MT5-gemma-2-9B,model::zelk12/MT5-gemma-2-9B,zelk12/MT5-gemma-2-9B,Gemma,10.159,>3B to <20B,2024-10-21,2024_H2,UNKNOWN_OPEN_WEIGHTS,UNKNOWN_LICENSE,COMPLETE_SIX_TASK,True,6,NOT_IN_T05_BRIDGE,NOT_APPLICABLE,False,False,OBSERVED_DESCRIPTION
MODEL::zelk12_MTM-Merge-gemma-2-9B,zelk12_MTM-Merge-gemma-2-9B,model::zelk12/MTM-Merge-gemma-2-9B,zelk12/MTM-Merge-gemma-2-9B,Gemma,10.159,>3B to <20B,2025-01-01,2025_Q1,UNKNOWN_OPEN_WEIGHTS,LICENSE_RECORDED,COMPLETE_SIX_TASK,True,6,NOT_IN_T05_BRIDGE,NOT_APPLICABLE,False,False,OBSERVED_DESCRIPTION
MODEL::zelk12_Rv0.4DMv1t0.25-gemma-2-9B,zelk12_Rv0.4DMv1t0.25-gemma-2-9B,model::zelk12/Rv0.4DMv1t0.25-gemma-2-9B,zelk12/Rv0.4DMv1t0.25-gemma-2-9B,Gemma,10.159,>3B to <20B,2024-12-31,2024_H2,UNKNOWN_OPEN_WEIGHTS,UNKNOWN_LICENSE,COMPLETE_SIX_TASK,True,6,NOT_IN_T05_BRIDGE,NOT_APPLICABLE,False,False,OBSERVED_DESCRIPTION
MODEL::zelk12_Test01012025155054t0.5_gemma-2,zelk12_Test01012025155054t0.5_gemma-2,model::zelk12/Test01012025155054t0.5_gemma-2,zelk12/Test01012025155054t0.5_gemma-2,Gemma,3.817,>3B to <20B,2025-01-01,2025_Q1,UNKNOWN_OPEN_WEIGHTS,UNKNOWN_LICENSE,COMPLETE_SIX_TASK,True,6,NOT_IN_T05_BRIDGE,NOT_APPLICABLE,False,False,OBSERVED_DESCRIPTION
MODEL::zelk12_gemma-2-S2MTM-9B,zelk12_gemma-2-S2MTM-9B,model::zelk12/gemma-2-S2MTM-9B,zelk12/gemma-2-S2MTM-9B,Gemma,10.159,>3B to <20B,2024-12-11,2024_H2,UNKNOWN_OPEN_WEIGHTS,LICENSE_RECORDED,COMPLETE_SIX_TASK,True,6,NOT_IN_T05_BRIDGE,NOT_APPLICABLE,False,False,OBSERVED_DESCRIPTION
MODEL::zelk12_recoilme-gemma-2-Gutenberg-Doppel-9B-v0.1,zelk12_recoilme-gemma-2-Gutenberg-Doppel-9B-v0.1,model::zelk12/recoilme-gemma-2-Gutenberg-Doppel-9B-v0.1,zelk12/recoilme-gemma-2-Gutenberg-Doppel-9B-v0.1,Gemma,10.159,>3B to <20B,2024-10-07,2024_H2,UNKNOWN_OPEN_WEIGHTS,UNKNOWN_LICENSE,COMPLETE_SIX_TASK,True,6,NOT_IN_T05_BRIDGE,NOT_APPLICABLE,False,False,OBSERVED_DESCRIPTION
MODEL::zelk12_recoilme-gemma-2-Ifable-9B-v0.1,zelk12_recoilme-gemma-2-Ifable-9B-v0.1,model::zelk12/recoilme-gemma-2-Ifable-9B-v0.1,zelk12/recoilme-gemma-2-Ifable-9B-v0.1,Gemma,10.159,>3B to <20B,2024-10-07,2024_H2,UNKNOWN_OPEN_WEIGHTS,UNKNOWN_LICENSE,COMPLETE_SIX_TASK,True,6,NOT_IN_T05_BRIDGE,NOT_APPLICABLE,False,False,OBSERVED_DESCRIPTION
MODEL::zelk12_recoilme-gemma-2-psy10k-mental_healt-9B-v0.1,zelk12_recoilme-gemma-2-psy10k-mental_healt-9B-v0.1,model::zelk12/recoilme-gemma-2-psy10k-mental_healt-9B-v0.1,zelk12/recoilme-gemma-2-psy10k-mental_healt-9B-v0.1,Gemma,10.159,>3B to <20B,2024-10-07,2024_H2,UNKNOWN_OPEN_WEIGHTS,UNKNOWN_LICENSE,COMPLETE_SIX_TASK,True,6,NOT_IN_T05_BRIDGE,NOT_APPLICABLE,False,False,OBSERVED_DESCRIPTION
MODEL::zetasepic_Qwen2.5-32B-Instruct-abliterated-v2,zetasepic_Qwen2.5-32B-Instruct-abliterated-v2,model::zetasepic/Qwen2.5-32B-Instruct-abliterated-v2,zetasepic/Qwen2.5-32B-Instruct-abliterated-v2,Qwen,32.764,>=20B,2024-12-07,2024_H2,Yes,LICENSE_RECORDED,COMPLETE_SIX_TASK,True,6,NOT_IN_T05_BRIDGE,NOT_APPLICABLE,False,False,OBSERVED_DESCRIPTION
MODEL::zetasepic_Qwen2.5-72B-Instruct-abliterated,zetasepic_Qwen2.5-72B-Instruct-abliterated,model::zetasepic/Qwen2.5-72B-Instruct-abliterated,zetasepic/Qwen2.5-72B-Instruct-abliterated,Qwen,72.706,>=20B,2024-11-08,2024_H2,Yes,LICENSE_RECORDED,COMPLETE_SIX_TASK,True,6,NOT_IN_T05_BRIDGE,NOT_APPLICABLE,False,False,OBSERVED_DESCRIPTION
CORRUPT::DreadPoor_Winter_Dawn-8B-TIES::results_2025-02-13T18-27-04.338360.json,DreadPoor_Winter_Dawn-8B-TIES,,,,,,,,,,DAMAGED_JSON,False,0,NOT_IN_T05_BRIDGE,NOT_APPLICABLE,False,False,COVERAGE_ONLY
CORRUPT::FINGU-AI_Chocolatine-Fusion-14B::results_2025-02-13T18-27-04.338360.json,FINGU-AI_Chocolatine-Fusion-14B,,,,,,,,,,DAMAGED_JSON,False,0,NOT_IN_T05_BRIDGE,NOT_APPLICABLE,False,False,COVERAGE_ONLY
CORRUPT::Intel_neural-chat-7b-v3-3::results_2025-02-13T18-27-04.338360.json,Intel_neural-chat-7b-v3-3,,,,,,,,,,DAMAGED_JSON,False,0,NOT_IN_T05_BRIDGE,NOT_APPLICABLE,False,False,COVERAGE_ONLY
CORRUPT::L-RAGE_3_PRYMMAL-ECE-7B-SLERP-V1::results_2025-02-13T18-27-04.338360.json,L-RAGE_3_PRYMMAL-ECE-7B-SLERP-V1,,,,,,,,,,DAMAGED_JSON,False,0,NOT_IN_T05_BRIDGE,NOT_APPLICABLE,False,False,COVERAGE_ONLY
