source,model,role,split,fold_id,N_params_B,D_tokens_B,Q_score,actual,prediction,weight
B1,M0_B1,in_sample,full,0,0.070542,0.134,,4.7388,4.738596534358064,0.0008503401360544217
B1,M0_B1,in_sample,full,0,0.070542,0.268,,4.3541,4.354728145077205,0.0008503401360544217
B1,M0_B1,in_sample,full,0,0.070542,0.537,,4.0384,4.0377806584544995,0.0008503401360544217
B1,M0_B1,in_sample,full,0,0.070542,1.074,,3.7776,3.7774937251906104,0.0008503401360544217
B1,M0_B1,in_sample,full,0,0.070542,2.097,,3.5698,3.5698629338849956,0.0008503401360544217
B1,M0_B1,in_sample,full,0,0.070542,4.194,,3.3922,3.392088334725826,0.0008503401360544217
B1,M0_B1,in_sample,full,0,0.070542,6.291,,3.3024,3.3030079608724954,0.0008503401360544217
B1,M0_B1,in_sample,full,0,0.070542,8.389,,3.2452,3.2456395840936314,0.0008503401360544217
B1,M0_B1,in_sample,full,0,0.070542,10.486,,3.2041,3.2042377260859367,0.0008503401360544217
B1,M0_B1,in_sample,full,0,0.070542,12.583,,3.172,3.172276828480518,0.0008503401360544217
B1,M0_B1,in_sample,full,0,0.070542,14.68,,3.1466,3.146497507719982,0.0008503401360544217
B1,M0_B1,in_sample,full,0,0.070542,16.777,,3.1248,3.1250477353400363,0.0008503401360544217
B1,M0_B1,in_sample,full,0,0.070542,18.874,,3.1064,3.106781583506807,0.0008503401360544217
B1,M0_B1,in_sample,full,0,0.070542,20.972,,3.0913,3.090937259277234,0.0008503401360544217
B1,M0_B1,in_sample,full,0,0.070542,23.069,,3.077,3.077008247604018,0.0008503401360544217
B1,M0_B1,in_sample,full,0,0.070542,25.166,,3.0646,3.064612327404747,0.0008503401360544217
B1,M0_B1,in_sample,full,0,0.070542,27.263,,3.0531,3.0534726174996494,0.0008503401360544217
B1,M0_B1,in_sample,full,0,0.070542,29.36,,3.0432,3.0433789167816037,0.0008503401360544217
B1,M0_B1,in_sample,full,0,0.070542,31.457,,3.0342,3.0341681778449843,0.0008503401360544217
B1,M0_B1,in_sample,full,0,0.070542,33.554,,3.0254,3.0257115845447675,0.0008503401360544217
B1,M0_B1,in_sample,full,0,0.070542,35.652,,3.018,3.0179021551765053,0.0008503401360544217
B1,M0_B1,in_sample,full,0,0.070542,37.749,,3.0105,3.0106631465210656,0.0008503401360544217
B1,M0_B1,in_sample,full,0,0.070542,39.846,,3.0039,3.0039213562384837,0.0008503401360544217
B1,M0_B1,in_sample,full,0,0.070542,41.943,,2.9975,2.997619038209808,0.0008503401360544217
B1,M0_B1,in_sample,full,0,0.070542,44.04,,2.9921,2.9917076281078208,0.0008503401360544217
B1,M0_B1,in_sample,full,0,0.070542,46.137,,2.9861,2.9861459262006154,0.0008503401360544217
B1,M0_B1,in_sample,full,0,0.070542,48.234,,2.9807,2.9808987042735064,0.0008503401360544217
B1,M0_B1,in_sample,full,0,0.070542,50.332,,2.9761,2.9759333206103804,0.0008503401360544217
B1,M0_B1,in_sample,full,0,0.070542,52.429,,2.971,2.9712282006469106,0.0008503401360544217
B1,M0_B1,in_sample,full,0,0.070542,54.526,,2.9668,2.966757980544798,0.0008503401360544217
B1,M0_B1,in_sample,full,0,0.070542,56.623,,2.9621,2.9625025528985063,0.0008503401360544217
B1,M0_B1,in_sample,full,0,0.070542,58.72,,2.9582,2.958444197026441,0.0008503401360544217
B1,M0_B1,in_sample,full,0,0.070542,60.817,,2.9546,2.954567222179548,0.0008503401360544217
B1,M0_B1,in_sample,full,0,0.070542,62.915,,2.951,2.950855943257384,0.0008503401360544217
B1,M0_B1,in_sample,full,0,0.070542,65.012,,2.9473,2.9473014335845296,0.0008503401360544217
B1,M0_B1,in_sample,full,0,0.070542,67.109,,2.9439,2.9438907178394187,0.0008503401360544217
B1,M0_B1,in_sample,full,0,0.070542,69.206,,2.9406,2.9406137509210324,0.0008503401360544217
B1,M0_B1,in_sample,full,0,0.070542,71.303,,2.9372,2.937461467285484,0.0008503401360544217
B1,M0_B1,in_sample,full,0,0.070542,73.4,,2.9343,2.934425659892729,0.0008503401360544217
B1,M0_B1,in_sample,full,0,0.070542,75.497,,2.9314,2.9314988770912693,0.0008503401360544217
B1,M0_B1,in_sample,full,0,0.070542,77.595,,2.9289,2.9286730108032333,0.0008503401360544217
B1,M0_B1,in_sample,full,0,0.070542,79.692,,2.926,2.925944559313636,0.0008503401360544217
B1,M0_B1,in_sample,full,0,0.070542,81.789,,2.923,2.923306484577268,0.0008503401360544217
B1,M0_B1,in_sample,full,0,0.070542,83.886,,2.9208,2.9207535883092577,0.0008503401360544217
B1,M0_B1,in_sample,full,0,0.070542,85.983,,2.9182,2.918281091794888,0.0008503401360544217
B1,M0_B1,in_sample,full,0,0.070542,88.08,,2.9158,2.9158845927595594,0.0008503401360544217
B1,M0_B1,in_sample,full,0,0.070542,90.178,,2.9137,2.9135589356112988,0.0008503401360544217
B1,M0_B1,in_sample,full,0,0.070542,92.275,,2.9115,2.91130257775963,0.0008503401360544217
B1,M0_B1,in_sample,full,0,0.070542,94.372,,2.9093,2.909110911938246,0.0008503401360544217
B1,M0_B1,in_sample,full,0,0.070542,96.469,,2.9068,2.9069807064720363,0.0008503401360544217
B1,M0_B1,in_sample,full,0,0.070542,98.566,,2.9049,2.9049089569597673,0.0008503401360544217
B1,M0_B1,in_sample,full,0,0.070542,100.663,,2.903,2.9028928658546853,0.0008503401360544217
B1,M0_B1,in_sample,full,0,0.070542,102.76,,2.9011,2.9009298242618793,0.0008503401360544217
B1,M0_B1,in_sample,full,0,0.070542,104.858,,2.8989,2.89901649539409,0.0008503401360544217
B1,M0_B1,in_sample,full,0,0.070542,106.955,,2.8971,2.8971524236419883,0.0008503401360544217
B1,M0_B1,in_sample,full,0,0.070542,109.052,,2.8951,2.8953345512542237,0.0008503401360544217
B1,M0_B1,in_sample,full,0,0.070542,111.149,,2.8933,2.8935608772988535,0.0008503401360544217
B1,M0_B1,in_sample,full,0,0.070542,113.246,,2.892,2.8918295231958773,0.0008503401360544217
B1,M0_B1,in_sample,full,0,0.070542,115.343,,2.8904,2.89013872313317,0.0008503401360544217
B1,M0_B1,in_sample,full,0,0.070542,117.441,,2.8885,2.888486036668926,0.0008503401360544217
B1,M0_B1,in_sample,full,0,0.070542,119.538,,2.8871,2.886871473198946,0.0008503401360544217
B1,M0_B1,in_sample,full,0,0.070542,121.635,,2.8854,2.8852927594660676,0.0008503401360544217
B1,M0_B1,in_sample,full,0,0.070542,123.732,,2.8836,2.8837485016792566,0.0008503401360544217
B1,M0_B1,in_sample,full,0,0.070542,125.829,,2.8823,2.8822373826987198,0.0008503401360544217
B1,M0_B1,in_sample,full,0,0.070542,127.926,,2.8811,2.8807581566258706,0.0008503401360544217
B1,M0_B1,in_sample,full,0,0.070542,130.023,,2.8793,2.8793096438567183,0.0008503401360544217
B1,M0_B1,in_sample,full,0,0.070542,132.121,,2.8782,2.8778900567998162,0.0008503401360544217
B1,M0_B1,in_sample,full,0,0.070542,134.218,,2.876,2.876499688095458,0.0008503401360544217
B1,M0_B1,in_sample,full,0,0.070542,136.315,,2.8753,2.875136847728765,0.0008503401360544217
B1,M0_B1,in_sample,full,0,0.070542,138.412,,2.8738,2.873800579580424,0.0008503401360544217
B1,M0_B1,in_sample,full,0,0.070542,140.509,,2.8724,2.872489974588735,0.0008503401360544217
B1,M0_B1,in_sample,full,0,0.070542,142.606,,2.8712,2.8712041677720617,0.0008503401360544217
B1,M0_B1,in_sample,full,0,0.070542,144.703,,2.8696,2.8699423354803297,0.0008503401360544217
B1,M0_B1,in_sample,full,0,0.070542,146.801,,2.8687,2.8687031075926988,0.0008503401360544217
B1,M0_B1,in_sample,full,0,0.070542,148.898,,2.8676,2.867486916744711,0.0008503401360544217
B1,M0_B1,in_sample,full,0,0.070542,150.995,,2.8666,2.8662924526595277,0.0008503401360544217
B1,M0_B1,in_sample,full,0,0.070542,153.092,,2.865,2.865119033444072,0.0008503401360544217
B1,M0_B1,in_sample,full,0,0.070542,155.189,,2.8638,2.863966007575677,0.0008503401360544217
B1,M0_B1,in_sample,full,0,0.070542,157.286,,2.8628,2.8628327521606582,0.0008503401360544217
B1,M0_B1,in_sample,full,0,0.070542,159.384,,2.8619,2.861718144523165,0.0008503401360544217
B1,M0_B1,in_sample,full,0,0.070542,161.481,,2.8607,2.8606226766016425,0.0008503401360544217
B1,M0_B1,in_sample,full,0,0.070542,163.578,,2.8595,2.8595452663215952,0.0008503401360544217
B1,M0_B1,in_sample,full,0,0.070542,165.675,,2.8586,2.8584853901887755,0.0008503401360544217
B1,M0_B1,in_sample,full,0,0.070542,167.772,,2.8575,2.857442546267779,0.0008503401360544217
B1,M0_B1,in_sample,full,0,0.070542,169.869,,2.8566,2.856416253037855,0.0008503401360544217
B1,M0_B1,in_sample,full,0,0.070542,171.966,,2.8553,2.8554060483227177,0.0008503401360544217
B1,M0_B1,in_sample,full,0,0.070542,174.064,,2.8544,2.854411017674699,0.0008503401360544217
B1,M0_B1,in_sample,full,0,0.070542,176.161,,2.8534,2.85343168305037,0.0008503401360544217
B1,M0_B1,in_sample,full,0,0.070542,178.258,,2.8522,2.8524671565804134,0.0008503401360544217
B1,M0_B1,in_sample,full,0,0.070542,180.355,,2.8516,2.8515170440648556,0.0008503401360544217
B1,M0_B1,in_sample,full,0,0.070542,182.452,,2.8506,2.8505809662261767,0.0008503401360544217
B1,M0_B1,in_sample,full,0,0.070542,184.549,,2.8497,2.849658557980595,0.0008503401360544217
B1,M0_B1,in_sample,full,0,0.070542,186.647,,2.8487,2.8487490373559696,0.0008503401360544217
B1,M0_B1,in_sample,full,0,0.070542,188.744,,2.8476,2.847852932544654,0.0008503401360544217
B1,M0_B1,in_sample,full,0,0.070542,190.841,,2.8469,2.8469694804306194,0.0008503401360544217
B1,M0_B1,in_sample,full,0,0.070542,192.938,,2.8461,2.846098366247278,0.0008503401360544217
B1,M0_B1,in_sample,full,0,0.070542,195.035,,2.8451,2.845239286371757,0.0008503401360544217
B1,M0_B1,in_sample,full,0,0.070542,197.132,,2.8444,2.8443919478155846,0.0008503401360544217
B1,M0_B1,in_sample,full,0,0.070542,199.229,,2.8436,2.843556067743792,0.0008503401360544217
B1,M0_B1,in_sample,full,0,0.070542,201.327,,2.8431,2.842730982372893,0.0008503401360544217
B1,M0_B1,in_sample,full,0,0.070542,203.424,,2.842,2.84191721427864,0.0008503401360544217
B1,M0_B1,in_sample,full,0,0.070542,205.521,,2.8412,2.8411141125443033,0.0008503401360544217
B1,M0_B1,in_sample,full,0,0.070542,207.618,,2.8403,2.8403214306497087,0.0008503401360544217
B1,M0_B1,in_sample,full,0,0.070542,209.715,,2.8392,2.839538930189092,0.0008503401360544217
B1,M0_B1,in_sample,full,0,0.070542,211.812,,2.8388,2.8387663805260352,0.0008503401360544217
B1,M0_B1,in_sample,full,0,0.070542,213.91,,2.838,2.8380031969839252,0.0008503401360544217
B1,M0_B1,in_sample,full,0,0.070542,216.007,,2.8377,2.8372498909505794,0.0008503401360544217
B1,M0_B1,in_sample,full,0,0.070542,218.104,,2.8365,2.8365058871351345,0.0008503401360544217
B1,M0_B1,in_sample,full,0,0.070542,220.201,,2.8358,2.8357709828734605,0.0008503401360544217
B1,M0_B1,in_sample,full,0,0.070542,222.298,,2.8351,2.835044981793377,0.0008503401360544217
B1,M0_B1,in_sample,full,0,0.070542,224.395,,2.8341,2.8343276935621433,0.0008503401360544217
B1,M0_B1,in_sample,full,0,0.070542,226.492,,2.8338,2.833618933646335,0.0008503401360544217
B1,M0_B1,in_sample,full,0,0.070542,228.59,,2.8331,2.832918191041308,0.0008503401360544217
B1,M0_B1,in_sample,full,0,0.070542,230.687,,2.8324,2.83222596008026,0.0008503401360544217
B1,M0_B1,in_sample,full,0,0.070542,232.784,,2.8314,2.8315417363209536,0.0008503401360544217
B1,M0_B1,in_sample,full,0,0.070542,234.881,,2.8311,2.830865356251925,0.0008503401360544217
B1,M0_B1,in_sample,full,0,0.070542,236.978,,2.83,2.830196661122634,0.0008503401360544217
B1,M0_B1,in_sample,full,0,0.070542,239.075,,2.8297,2.8295354967641675,0.0008503401360544217
B1,M0_B1,in_sample,full,0,0.070542,241.172,,2.8293,2.828881713418199,0.0008503401360544217
B1,M0_B1,in_sample,full,0,0.070542,243.27,,2.8281,2.828234858956749,0.0008503401360544217
B1,M0_B1,in_sample,full,0,0.070542,245.367,,2.8275,2.827595408544255,0.0008503401360544217
B1,M0_B1,in_sample,full,0,0.070542,247.464,,2.827,2.8269629146724164,0.0008503401360544217
B1,M0_B1,in_sample,full,0,0.070542,249.561,,2.8263,2.826337243666675,0.0008503401360544217
B1,M0_B1,in_sample,full,0,0.070542,251.658,,2.8255,2.8257182655169086,0.0008503401360544217
B1,M0_B1,in_sample,full,0,0.070542,253.755,,2.8251,2.8251058537474343,0.0008503401360544217
B1,M0_B1,in_sample,full,0,0.070542,255.853,,2.8243,2.824499597841306,0.0008503401360544217
B1,M0_B1,in_sample,full,0,0.070542,257.95,,2.824,2.8238999559141753,0.0008503401360544217
B1,M0_B1,in_sample,full,0,0.070542,260.047,,2.8232,2.823306520875038,0.0008503401360544217
B1,M0_B1,in_sample,full,0,0.070542,262.144,,2.823,2.822719179196074,0.0008503401360544217
B1,M0_B1,in_sample,full,0,0.070542,264.241,,2.822,2.822137820312988,0.0008503401360544217
B1,M0_B1,in_sample,full,0,0.070542,266.338,,2.8215,2.821562336524853,0.0008503401360544217
B1,M0_B1,in_sample,full,0,0.070542,268.435,,2.8212,2.820992622898112,0.0008503401360544217
B1,M0_B1,in_sample,full,0,0.070542,270.533,,2.8202,2.8204283095331713,0.0008503401360544217
B1,M0_B1,in_sample,full,0,0.070542,272.63,,2.8199,2.8198698346733835,0.0008503401360544217
B1,M0_B1,in_sample,full,0,0.070542,274.727,,2.8196,2.8193168308306644,0.0008503401360544217
B1,M0_B1,in_sample,full,0,0.070542,276.824,,2.8185,2.818769203257998,0.0008503401360544217
B1,M0_B1,in_sample,full,0,0.070542,278.921,,2.8183,2.818226859551108,0.0008503401360544217
B1,M0_B1,in_sample,full,0,0.070542,281.018,,2.8178,2.8176897095734366,0.0008503401360544217
B1,M0_B1,in_sample,full,0,0.070542,283.116,,2.8173,2.817157412871481,0.0008503401360544217
B1,M0_B1,in_sample,full,0,0.070542,285.213,,2.8164,2.8166303910295776,0.0008503401360544217
B1,M0_B1,in_sample,full,0,0.070542,287.31,,2.8159,2.8161083053671425,0.0008503401360544217
B1,M0_B1,in_sample,full,0,0.070542,289.407,,2.8157,2.8155910741260266,0.0008503401360544217
B1,M0_B1,in_sample,full,0,0.070542,291.504,,2.8152,2.815078617482162,0.0008503401360544217
B1,M0_B1,in_sample,full,0,0.070542,293.601,,2.8146,2.8145708574862884,0.0008503401360544217
B1,M0_B1,in_sample,full,0,0.070542,295.698,,2.8142,2.8140677180069016,0.0008503401360544217
B1,M0_B1,in_sample,full,0,0.070542,297.796,,2.8135,2.813568887983128,0.0008503401360544217
B1,M0_B1,in_sample,full,0,0.070542,299.893,,2.8131,2.8130747702568617,0.0008503401360544217
B1,M0_B1,in_sample,full,0,0.162405,0.134,,4.5235,4.52335457742236,0.0008503401360544217
B1,M0_B1,in_sample,full,0,0.162405,0.268,,4.1397,4.139486188141501,0.0008503401360544217
B1,M0_B1,in_sample,full,0,0.162405,0.537,,3.8226,3.822538701518796,0.0008503401360544217
B1,M0_B1,in_sample,full,0,0.162405,1.074,,3.5629,3.5622517682549066,0.0008503401360544217
B1,M0_B1,in_sample,full,0,0.162405,2.097,,3.3548,3.354620976949292,0.0008503401360544217
B1,M0_B1,in_sample,full,0,0.162405,4.194,,3.1771,3.176846377790122,0.0008503401360544217
B1,M0_B1,in_sample,full,0,0.162405,6.291,,3.0883,3.0877660039367916,0.0008503401360544217
B1,M0_B1,in_sample,full,0,0.162405,8.389,,3.0304,3.0303976271579276,0.0008503401360544217
B1,M0_B1,in_sample,full,0,0.162405,10.486,,2.9888,2.988995769150233,0.0008503401360544217
B1,M0_B1,in_sample,full,0,0.162405,12.583,,2.9568,2.9570348715448143,0.0008503401360544217
B1,M0_B1,in_sample,full,0,0.162405,14.68,,2.9311,2.9312555507842784,0.0008503401360544217
B1,M0_B1,in_sample,full,0,0.162405,16.777,,2.9098,2.9098057784043325,0.0008503401360544217
B1,M0_B1,in_sample,full,0,0.162405,18.874,,2.8916,2.8915396265711033,0.0008503401360544217
B1,M0_B1,in_sample,full,0,0.162405,20.972,,2.8757,2.8756953023415304,0.0008503401360544217
B1,M0_B1,in_sample,full,0,0.162405,23.069,,2.8619,2.861766290668314,0.0008503401360544217
B1,M0_B1,in_sample,full,0,0.162405,25.166,,2.8494,2.8493703704690434,0.0008503401360544217
B1,M0_B1,in_sample,full,0,0.162405,27.263,,2.8385,2.8382306605639456,0.0008503401360544217
B1,M0_B1,in_sample,full,0,0.162405,29.36,,2.8281,2.8281369598459,0.0008503401360544217
B1,M0_B1,in_sample,full,0,0.162405,31.457,,2.8195,2.8189262209092805,0.0008503401360544217
B1,M0_B1,in_sample,full,0,0.162405,33.554,,2.8106,2.8104696276090637,0.0008503401360544217
B1,M0_B1,in_sample,full,0,0.162405,35.652,,2.8025,2.8026601982408015,0.0008503401360544217
B1,M0_B1,in_sample,full,0,0.162405,37.749,,2.7952,2.795421189585362,0.0008503401360544217
B1,M0_B1,in_sample,full,0,0.162405,39.846,,2.7888,2.78867939930278,0.0008503401360544217
B1,M0_B1,in_sample,full,0,0.162405,41.943,,2.7823,2.782377081274104,0.0008503401360544217
B1,M0_B1,in_sample,full,0,0.162405,44.04,,2.7766,2.776465671172117,0.0008503401360544217
B1,M0_B1,in_sample,full,0,0.162405,46.137,,2.771,2.7709039692649116,0.0008503401360544217
B1,M0_B1,in_sample,full,0,0.162405,48.234,,2.7656,2.7656567473378026,0.0008503401360544217
B1,M0_B1,in_sample,full,0,0.162405,50.332,,2.7605,2.7606913636746766,0.0008503401360544217
B1,M0_B1,in_sample,full,0,0.162405,52.429,,2.7557,2.755986243711207,0.0008503401360544217
B1,M0_B1,in_sample,full,0,0.162405,54.526,,2.7514,2.7515160236090943,0.0008503401360544217
B1,M0_B1,in_sample,full,0,0.162405,56.623,,2.7474,2.7472605959628025,0.0008503401360544217
B1,M0_B1,in_sample,full,0,0.162405,58.72,,2.7432,2.743202240090737,0.0008503401360544217
B1,M0_B1,in_sample,full,0,0.162405,60.817,,2.7391,2.7393252652438442,0.0008503401360544217
B1,M0_B1,in_sample,full,0,0.162405,62.915,,2.7356,2.73561398632168,0.0008503401360544217
B1,M0_B1,in_sample,full,0,0.162405,65.012,,2.7321,2.7320594766488258,0.0008503401360544217
B1,M0_B1,in_sample,full,0,0.162405,67.109,,2.7285,2.728648760903715,0.0008503401360544217
B1,M0_B1,in_sample,full,0,0.162405,69.206,,2.7254,2.7253717939853286,0.0008503401360544217
B1,M0_B1,in_sample,full,0,0.162405,71.303,,2.7222,2.72221951034978,0.0008503401360544217
B1,M0_B1,in_sample,full,0,0.162405,73.4,,2.719,2.719183702957025,0.0008503401360544217
B1,M0_B1,in_sample,full,0,0.162405,75.497,,2.7163,2.7162569201555655,0.0008503401360544217
B1,M0_B1,in_sample,full,0,0.162405,77.595,,2.7135,2.7134310538675295,0.0008503401360544217
B1,M0_B1,in_sample,full,0,0.162405,79.692,,2.7109,2.7107026023779324,0.0008503401360544217
B1,M0_B1,in_sample,full,0,0.162405,81.789,,2.7082,2.708064527641564,0.0008503401360544217
B1,M0_B1,in_sample,full,0,0.162405,83.886,,2.7053,2.705511631373554,0.0008503401360544217
B1,M0_B1,in_sample,full,0,0.162405,85.983,,2.7029,2.7030391348591842,0.0008503401360544217
B1,M0_B1,in_sample,full,0,0.162405,88.08,,2.7007,2.7006426358238556,0.0008503401360544217
B1,M0_B1,in_sample,full,0,0.162405,90.178,,2.6984,2.698316978675595,0.0008503401360544217
B1,M0_B1,in_sample,full,0,0.162405,92.275,,2.6961,2.696060620823926,0.0008503401360544217
B1,M0_B1,in_sample,full,0,0.162405,94.372,,2.6945,2.693868955002542,0.0008503401360544217
B1,M0_B1,in_sample,full,0,0.162405,96.469,,2.6918,2.6917387495363325,0.0008503401360544217
B1,M0_B1,in_sample,full,0,0.162405,98.566,,2.6898,2.6896670000240634,0.0008503401360544217
B1,M0_B1,in_sample,full,0,0.162405,100.663,,2.6878,2.6876509089189815,0.0008503401360544217
B1,M0_B1,in_sample,full,0,0.162405,102.76,,2.6858,2.6856878673261755,0.0008503401360544217
B1,M0_B1,in_sample,full,0,0.162405,104.858,,2.6837,2.683774538458386,0.0008503401360544217
B1,M0_B1,in_sample,full,0,0.162405,106.955,,2.682,2.6819104667062845,0.0008503401360544217
B1,M0_B1,in_sample,full,0,0.162405,109.052,,2.68,2.68009259431852,0.0008503401360544217
B1,M0_B1,in_sample,full,0,0.162405,111.149,,2.6783,2.6783189203631497,0.0008503401360544217
B1,M0_B1,in_sample,full,0,0.162405,113.246,,2.6765,2.6765875662601735,0.0008503401360544217
B1,M0_B1,in_sample,full,0,0.162405,115.343,,2.6749,2.6748967661974663,0.0008503401360544217
B1,M0_B1,in_sample,full,0,0.162405,117.441,,2.6736,2.673244079733222,0.0008503401360544217
B1,M0_B1,in_sample,full,0,0.162405,119.538,,2.6713,2.671629516263242,0.0008503401360544217
B1,M0_B1,in_sample,full,0,0.162405,121.635,,2.6702,2.6700508025303638,0.0008503401360544217
B1,M0_B1,in_sample,full,0,0.162405,123.732,,2.6683,2.6685065447435528,0.0008503401360544217
B1,M0_B1,in_sample,full,0,0.162405,125.829,,2.6669,2.666995425763016,0.0008503401360544217
B1,M0_B1,in_sample,full,0,0.162405,127.926,,2.6657,2.665516199690167,0.0008503401360544217
B1,M0_B1,in_sample,full,0,0.162405,130.023,,2.6641,2.6640676869210145,0.0008503401360544217
B1,M0_B1,in_sample,full,0,0.162405,132.121,,2.6625,2.6626480998641124,0.0008503401360544217
B1,M0_B1,in_sample,full,0,0.162405,134.218,,2.6611,2.661257731159754,0.0008503401360544217
B1,M0_B1,in_sample,full,0,0.162405,136.315,,2.66,2.659894890793061,0.0008503401360544217
B1,M0_B1,in_sample,full,0,0.162405,138.412,,2.6584,2.65855862264472,0.0008503401360544217
B1,M0_B1,in_sample,full,0,0.162405,140.509,,2.6573,2.657248017653031,0.0008503401360544217
B1,M0_B1,in_sample,full,0,0.162405,142.606,,2.656,2.655962210836358,0.0008503401360544217
B1,M0_B1,in_sample,full,0,0.162405,144.703,,2.6546,2.654700378544626,0.0008503401360544217
B1,M0_B1,in_sample,full,0,0.162405,146.801,,2.6538,2.653461150656995,0.0008503401360544217
B1,M0_B1,in_sample,full,0,0.162405,148.898,,2.6523,2.652244959809007,0.0008503401360544217
B1,M0_B1,in_sample,full,0,0.162405,150.995,,2.6507,2.651050495723824,0.0008503401360544217
B1,M0_B1,in_sample,full,0,0.162405,153.092,,2.6499,2.649877076508368,0.0008503401360544217
B1,M0_B1,in_sample,full,0,0.162405,155.189,,2.6486,2.648724050639973,0.0008503401360544217
B1,M0_B1,in_sample,full,0,0.162405,157.286,,2.6477,2.6475907952249544,0.0008503401360544217
B1,M0_B1,in_sample,full,0,0.162405,159.384,,2.6464,2.6464761875874614,0.0008503401360544217
B1,M0_B1,in_sample,full,0,0.162405,161.481,,2.6454,2.6453807196659387,0.0008503401360544217
B1,M0_B1,in_sample,full,0,0.162405,163.578,,2.6444,2.6443033093858914,0.0008503401360544217
B1,M0_B1,in_sample,full,0,0.162405,165.675,,2.6434,2.6432434332530717,0.0008503401360544217
B1,M0_B1,in_sample,full,0,0.162405,167.772,,2.642,2.642200589332075,0.0008503401360544217
B1,M0_B1,in_sample,full,0,0.162405,169.869,,2.6411,2.641174296102151,0.0008503401360544217
B1,M0_B1,in_sample,full,0,0.162405,171.966,,2.6401,2.640164091387014,0.0008503401360544217
B1,M0_B1,in_sample,full,0,0.162405,174.064,,2.6391,2.639169060738995,0.0008503401360544217
B1,M0_B1,in_sample,full,0,0.162405,176.161,,2.6385,2.6381897261146663,0.0008503401360544217
B1,M0_B1,in_sample,full,0,0.162405,178.258,,2.6373,2.6372251996447096,0.0008503401360544217
B1,M0_B1,in_sample,full,0,0.162405,180.355,,2.6361,2.636275087129152,0.0008503401360544217
B1,M0_B1,in_sample,full,0,0.162405,182.452,,2.6355,2.635339009290473,0.0008503401360544217
B1,M0_B1,in_sample,full,0,0.162405,184.549,,2.6347,2.634416601044891,0.0008503401360544217
B1,M0_B1,in_sample,full,0,0.162405,186.647,,2.6337,2.633507080420266,0.0008503401360544217
B1,M0_B1,in_sample,full,0,0.162405,188.744,,2.6324,2.63261097560895,0.0008503401360544217
B1,M0_B1,in_sample,full,0,0.162405,190.841,,2.6317,2.6317275234949156,0.0008503401360544217
B1,M0_B1,in_sample,full,0,0.162405,192.938,,2.6311,2.630856409311574,0.0008503401360544217
B1,M0_B1,in_sample,full,0,0.162405,195.035,,2.6299,2.629997329436053,0.0008503401360544217
B1,M0_B1,in_sample,full,0,0.162405,197.132,,2.6292,2.6291499908798808,0.0008503401360544217
B1,M0_B1,in_sample,full,0,0.162405,199.229,,2.6284,2.628314110808088,0.0008503401360544217
B1,M0_B1,in_sample,full,0,0.162405,201.327,,2.6274,2.627489025437189,0.0008503401360544217
B1,M0_B1,in_sample,full,0,0.162405,203.424,,2.6267,2.6266752573429364,0.0008503401360544217
B1,M0_B1,in_sample,full,0,0.162405,205.521,,2.6254,2.6258721556085995,0.0008503401360544217
B1,M0_B1,in_sample,full,0,0.162405,207.618,,2.6249,2.625079473714005,0.0008503401360544217
B1,M0_B1,in_sample,full,0,0.162405,209.715,,2.6243,2.6242969732533883,0.0008503401360544217
B1,M0_B1,in_sample,full,0,0.162405,211.812,,2.6234,2.6235244235903314,0.0008503401360544217
B1,M0_B1,in_sample,full,0,0.162405,213.91,,2.623,2.6227612400482214,0.0008503401360544217
B1,M0_B1,in_sample,full,0,0.162405,216.007,,2.6218,2.6220079340148756,0.0008503401360544217
B1,M0_B1,in_sample,full,0,0.162405,218.104,,2.6212,2.6212639301994307,0.0008503401360544217
B1,M0_B1,in_sample,full,0,0.162405,220.201,,2.6206,2.6205290259377567,0.0008503401360544217
B1,M0_B1,in_sample,full,0,0.162405,222.298,,2.62,2.6198030248576734,0.0008503401360544217
B1,M0_B1,in_sample,full,0,0.162405,224.395,,2.6189,2.6190857366264395,0.0008503401360544217
B1,M0_B1,in_sample,full,0,0.162405,226.492,,2.6186,2.618376976710631,0.0008503401360544217
B1,M0_B1,in_sample,full,0,0.162405,228.59,,2.6177,2.617676234105604,0.0008503401360544217
B1,M0_B1,in_sample,full,0,0.162405,230.687,,2.6169,2.616984003144556,0.0008503401360544217
B1,M0_B1,in_sample,full,0,0.162405,232.784,,2.6164,2.61629977938525,0.0008503401360544217
B1,M0_B1,in_sample,full,0,0.162405,234.881,,2.6157,2.6156233993162212,0.0008503401360544217
B1,M0_B1,in_sample,full,0,0.162405,236.978,,2.6149,2.61495470418693,0.0008503401360544217
B1,M0_B1,in_sample,full,0,0.162405,239.075,,2.6143,2.6142935398284637,0.0008503401360544217
B1,M0_B1,in_sample,full,0,0.162405,241.172,,2.6136,2.6136397564824954,0.0008503401360544217
B1,M0_B1,in_sample,full,0,0.162405,243.27,,2.613,2.612992902021045,0.0008503401360544217
B1,M0_B1,in_sample,full,0,0.162405,245.367,,2.6125,2.612353451608551,0.0008503401360544217
B1,M0_B1,in_sample,full,0,0.162405,247.464,,2.612,2.6117209577367126,0.0008503401360544217
B1,M0_B1,in_sample,full,0,0.162405,249.561,,2.6109,2.611095286730971,0.0008503401360544217
B1,M0_B1,in_sample,full,0,0.162405,251.658,,2.6108,2.610476308581205,0.0008503401360544217
B1,M0_B1,in_sample,full,0,0.162405,253.755,,2.6096,2.6098638968117305,0.0008503401360544217
B1,M0_B1,in_sample,full,0,0.162405,255.853,,2.6092,2.6092576409056023,0.0008503401360544217
B1,M0_B1,in_sample,full,0,0.162405,257.95,,2.6088,2.6086579989784715,0.0008503401360544217
B1,M0_B1,in_sample,full,0,0.162405,260.047,,2.6081,2.608064563939334,0.0008503401360544217
B1,M0_B1,in_sample,full,0,0.162405,262.144,,2.6074,2.6074772222603704,0.0008503401360544217
B1,M0_B1,in_sample,full,0,0.162405,264.241,,2.6069,2.606895863377284,0.0008503401360544217
B1,M0_B1,in_sample,full,0,0.162405,266.338,,2.6063,2.606320379589149,0.0008503401360544217
B1,M0_B1,in_sample,full,0,0.162405,268.435,,2.6057,2.6057506659624083,0.0008503401360544217
B1,M0_B1,in_sample,full,0,0.162405,270.533,,2.6053,2.6051863525974674,0.0008503401360544217
B1,M0_B1,in_sample,full,0,0.162405,272.63,,2.6047,2.6046278777376797,0.0008503401360544217
B1,M0_B1,in_sample,full,0,0.162405,274.727,,2.604,2.6040748738949606,0.0008503401360544217
B1,M0_B1,in_sample,full,0,0.162405,276.824,,2.6037,2.6035272463222943,0.0008503401360544217
B1,M0_B1,in_sample,full,0,0.162405,278.921,,2.603,2.6029849026154044,0.0008503401360544217
B1,M0_B1,in_sample,full,0,0.162405,281.018,,2.6026,2.6024477526377328,0.0008503401360544217
B1,M0_B1,in_sample,full,0,0.162405,283.116,,2.602,2.601915455935777,0.0008503401360544217
B1,M0_B1,in_sample,full,0,0.162405,285.213,,2.6013,2.6013884340938738,0.0008503401360544217
B1,M0_B1,in_sample,full,0,0.162405,287.31,,2.6008,2.6008663484314387,0.0008503401360544217
B1,M0_B1,in_sample,full,0,0.162405,289.407,,2.6005,2.600349117190323,0.0008503401360544217
B1,M0_B1,in_sample,full,0,0.162405,291.504,,2.5999,2.5998366605464582,0.0008503401360544217
B1,M0_B1,in_sample,full,0,0.162405,293.601,,2.5993,2.5993289005505846,0.0008503401360544217
B1,M0_B1,in_sample,full,0,0.162405,295.698,,2.5989,2.598825761071198,0.0008503401360544217
B1,M0_B1,in_sample,full,0,0.162405,297.796,,2.5985,2.598326931047424,0.0008503401360544217
B1,M0_B1,in_sample,full,0,0.162405,299.893,,2.5978,2.597832813321158,0.0008503401360544217
B1,M0_B1,in_sample,full,0,0.409009,0.134,,4.3461,4.346382266296798,0.0008503401360544217
B1,M0_B1,in_sample,full,0,0.409009,0.268,,3.9625,3.9625138770159394,0.0008503401360544217
B1,M0_B1,in_sample,full,0,0.409009,0.537,,3.6458,3.6455663903932347,0.0008503401360544217
B1,M0_B1,in_sample,full,0,0.409009,1.074,,3.3856,3.3852794571293456,0.0008503401360544217
B1,M0_B1,in_sample,full,0,0.409009,2.097,,3.1777,3.17764866582373,0.0008503401360544217
B1,M0_B1,in_sample,full,0,0.409009,4.194,,2.9999,2.9998740666645607,0.0008503401360544217
B1,M0_B1,in_sample,full,0,0.409009,6.291,,2.9109,2.91079369281123,0.0008503401360544217
B1,M0_B1,in_sample,full,0,0.409009,8.389,,2.8533,2.853425316032366,0.0008503401360544217
B1,M0_B1,in_sample,full,0,0.409009,10.486,,2.8125,2.8120234580246715,0.0008503401360544217
B1,M0_B1,in_sample,full,0,0.409009,12.583,,2.7799,2.7800625604192533,0.0008503401360544217
B1,M0_B1,in_sample,full,0,0.409009,14.68,,2.754,2.754283239658717,0.0008503401360544217
B1,M0_B1,in_sample,full,0,0.409009,16.777,,2.733,2.732833467278771,0.0008503401360544217
B1,M0_B1,in_sample,full,0,0.409009,18.874,,2.7147,2.714567315445542,0.0008503401360544217
B1,M0_B1,in_sample,full,0,0.409009,20.972,,2.6988,2.698722991215969,0.0008503401360544217
B1,M0_B1,in_sample,full,0,0.409009,23.069,,2.6849,2.6847939795427527,0.0008503401360544217
B1,M0_B1,in_sample,full,0,0.409009,25.166,,2.6724,2.672398059343482,0.0008503401360544217
B1,M0_B1,in_sample,full,0,0.409009,27.263,,2.6611,2.661258349438384,0.0008503401360544217
B1,M0_B1,in_sample,full,0,0.409009,29.36,,2.6512,2.6511646487203384,0.0008503401360544217
B1,M0_B1,in_sample,full,0,0.409009,31.457,,2.6418,2.641953909783719,0.0008503401360544217
B1,M0_B1,in_sample,full,0,0.409009,33.554,,2.6336,2.6334973164835023,0.0008503401360544217
B1,M0_B1,in_sample,full,0,0.409009,35.652,,2.6256,2.62568788711524,0.0008503401360544217
B1,M0_B1,in_sample,full,0,0.409009,37.749,,2.6183,2.6184488784598003,0.0008503401360544217
B1,M0_B1,in_sample,full,0,0.409009,39.846,,2.6116,2.6117070881772184,0.0008503401360544217
B1,M0_B1,in_sample,full,0,0.409009,41.943,,2.6055,2.6054047701485428,0.0008503401360544217
B1,M0_B1,in_sample,full,0,0.409009,44.04,,2.5994,2.5994933600465555,0.0008503401360544217
B1,M0_B1,in_sample,full,0,0.409009,46.137,,2.5938,2.59393165813935,0.0008503401360544217
B1,M0_B1,in_sample,full,0,0.409009,48.234,,2.5887,2.588684436212241,0.0008503401360544217
B1,M0_B1,in_sample,full,0,0.409009,50.332,,2.5837,2.583719052549115,0.0008503401360544217
B1,M0_B1,in_sample,full,0,0.409009,52.429,,2.5789,2.579013932585646,0.0008503401360544217
B1,M0_B1,in_sample,full,0,0.409009,54.526,,2.5745,2.574543712483533,0.0008503401360544217
B1,M0_B1,in_sample,full,0,0.409009,56.623,,2.5703,2.570288284837241,0.0008503401360544217
B1,M0_B1,in_sample,full,0,0.409009,58.72,,2.566,2.5662299289651758,0.0008503401360544217
B1,M0_B1,in_sample,full,0,0.409009,60.817,,2.5621,2.562352954118283,0.0008503401360544217
B1,M0_B1,in_sample,full,0,0.409009,62.915,,2.5585,2.558641675196119,0.0008503401360544217
B1,M0_B1,in_sample,full,0,0.409009,65.012,,2.555,2.5550871655232643,0.0008503401360544217
B1,M0_B1,in_sample,full,0,0.409009,67.109,,2.5517,2.5516764497781534,0.0008503401360544217
B1,M0_B1,in_sample,full,0,0.409009,69.206,,2.5486,2.548399482859767,0.0008503401360544217
B1,M0_B1,in_sample,full,0,0.409009,71.303,,2.5454,2.5452471992242187,0.0008503401360544217
B1,M0_B1,in_sample,full,0,0.409009,73.4,,2.5422,2.5422113918314637,0.0008503401360544217
B1,M0_B1,in_sample,full,0,0.409009,75.497,,2.5393,2.539284609030004,0.0008503401360544217
B1,M0_B1,in_sample,full,0,0.409009,77.595,,2.5363,2.536458742741968,0.0008503401360544217
B1,M0_B1,in_sample,full,0,0.409009,79.692,,2.5337,2.533730291252371,0.0008503401360544217
B1,M0_B1,in_sample,full,0,0.409009,81.789,,2.531,2.5310922165160026,0.0008503401360544217
B1,M0_B1,in_sample,full,0,0.409009,83.886,,2.5286,2.5285393202479924,0.0008503401360544217
B1,M0_B1,in_sample,full,0,0.409009,85.983,,2.5259,2.526066823733623,0.0008503401360544217
B1,M0_B1,in_sample,full,0,0.409009,88.08,,2.5237,2.523670324698294,0.0008503401360544217
B1,M0_B1,in_sample,full,0,0.409009,90.178,,2.5215,2.521344667550033,0.0008503401360544217
B1,M0_B1,in_sample,full,0,0.409009,92.275,,2.5191,2.5190883096983647,0.0008503401360544217
B1,M0_B1,in_sample,full,0,0.409009,94.372,,2.5169,2.5168966438769806,0.0008503401360544217
B1,M0_B1,in_sample,full,0,0.409009,96.469,,2.5148,2.514766438410771,0.0008503401360544217
B1,M0_B1,in_sample,full,0,0.409009,98.566,,2.5126,2.512694688898502,0.0008503401360544217
B1,M0_B1,in_sample,full,0,0.409009,100.663,,2.5107,2.51067859779342,0.0008503401360544217
B1,M0_B1,in_sample,full,0,0.409009,102.76,,2.5087,2.508715556200614,0.0008503401360544217
B1,M0_B1,in_sample,full,0,0.409009,104.858,,2.5068,2.5068022273328245,0.0008503401360544217
B1,M0_B1,in_sample,full,0,0.409009,106.955,,2.5048,2.504938155580723,0.0008503401360544217
B1,M0_B1,in_sample,full,0,0.409009,109.052,,2.5031,2.5031202831929584,0.0008503401360544217
B1,M0_B1,in_sample,full,0,0.409009,111.149,,2.5014,2.5013466092375882,0.0008503401360544217
B1,M0_B1,in_sample,full,0,0.409009,113.246,,2.4998,2.499615255134612,0.0008503401360544217
B1,M0_B1,in_sample,full,0,0.409009,115.343,,2.498,2.497924455071905,0.0008503401360544217
B1,M0_B1,in_sample,full,0,0.409009,117.441,,2.4965,2.4962717686076608,0.0008503401360544217
B1,M0_B1,in_sample,full,0,0.409009,119.538,,2.4946,2.4946572051376807,0.0008503401360544217
B1,M0_B1,in_sample,full,0,0.409009,121.635,,2.4932,2.4930784914048023,0.0008503401360544217
B1,M0_B1,in_sample,full,0,0.409009,123.732,,2.4916,2.4915342336179913,0.0008503401360544217
B1,M0_B1,in_sample,full,0,0.409009,125.829,,2.4903,2.4900231146374545,0.0008503401360544217
B1,M0_B1,in_sample,full,0,0.409009,127.926,,2.4884,2.4885438885646054,0.0008503401360544217
B1,M0_B1,in_sample,full,0,0.409009,130.023,,2.487,2.4870953757954526,0.0008503401360544217
B1,M0_B1,in_sample,full,0,0.409009,132.121,,2.4856,2.485675788738551,0.0008503401360544217
B1,M0_B1,in_sample,full,0,0.409009,134.218,,2.484,2.4842854200341926,0.0008503401360544217
B1,M0_B1,in_sample,full,0,0.409009,136.315,,2.4829,2.4829225796674996,0.0008503401360544217
B1,M0_B1,in_sample,full,0,0.409009,138.412,,2.4815,2.4815863115191585,0.0008503401360544217
B1,M0_B1,in_sample,full,0,0.409009,140.509,,2.4803,2.480275706527469,0.0008503401360544217
B1,M0_B1,in_sample,full,0,0.409009,142.606,,2.479,2.478989899710797,0.0008503401360544217
B1,M0_B1,in_sample,full,0,0.409009,144.703,,2.478,2.4777280674190645,0.0008503401360544217
B1,M0_B1,in_sample,full,0,0.409009,146.801,,2.4766,2.4764888395314335,0.0008503401360544217
B1,M0_B1,in_sample,full,0,0.409009,148.898,,2.4752,2.475272648683445,0.0008503401360544217
B1,M0_B1,in_sample,full,0,0.409009,150.995,,2.474,2.4740781845982625,0.0008503401360544217
B1,M0_B1,in_sample,full,0,0.409009,153.092,,2.473,2.4729047653828067,0.0008503401360544217
B1,M0_B1,in_sample,full,0,0.409009,155.189,,2.4716,2.4717517395144117,0.0008503401360544217
B1,M0_B1,in_sample,full,0,0.409009,157.286,,2.4708,2.470618484099393,0.0008503401360544217
B1,M0_B1,in_sample,full,0,0.409009,159.384,,2.4696,2.4695038764619,0.0008503401360544217
B1,M0_B1,in_sample,full,0,0.409009,161.481,,2.4683,2.4684084085403772,0.0008503401360544217
B1,M0_B1,in_sample,full,0,0.409009,163.578,,2.4671,2.46733099826033,0.0008503401360544217
B1,M0_B1,in_sample,full,0,0.409009,165.675,,2.4664,2.46627112212751,0.0008503401360544217
B1,M0_B1,in_sample,full,0,0.409009,167.772,,2.4652,2.4652282782065136,0.0008503401360544217
B1,M0_B1,in_sample,full,0,0.409009,169.869,,2.4644,2.4642019849765897,0.0008503401360544217
B1,M0_B1,in_sample,full,0,0.409009,171.966,,2.463,2.4631917802614525,0.0008503401360544217
B1,M0_B1,in_sample,full,0,0.409009,174.064,,2.4621,2.462196749613434,0.0008503401360544217
B1,M0_B1,in_sample,full,0,0.409009,176.161,,2.4612,2.461217414989105,0.0008503401360544217
B1,M0_B1,in_sample,full,0,0.409009,178.258,,2.4603,2.460252888519148,0.0008503401360544217
B1,M0_B1,in_sample,full,0,0.409009,180.355,,2.4592,2.4593027760035904,0.0008503401360544217
B1,M0_B1,in_sample,full,0,0.409009,182.452,,2.4584,2.4583666981649115,0.0008503401360544217
B1,M0_B1,in_sample,full,0,0.409009,184.549,,2.4573,2.4574442899193296,0.0008503401360544217
B1,M0_B1,in_sample,full,0,0.409009,186.647,,2.4565,2.4565347692947044,0.0008503401360544217
B1,M0_B1,in_sample,full,0,0.409009,188.744,,2.4557,2.4556386644833887,0.0008503401360544217
B1,M0_B1,in_sample,full,0,0.409009,190.841,,2.4548,2.4547552123693546,0.0008503401360544217
B1,M0_B1,in_sample,full,0,0.409009,192.938,,2.454,2.4538840981860126,0.0008503401360544217
B1,M0_B1,in_sample,full,0,0.409009,195.035,,2.4529,2.4530250183104916,0.0008503401360544217
B1,M0_B1,in_sample,full,0,0.409009,197.132,,2.452,2.4521776797543193,0.0008503401360544217
B1,M0_B1,in_sample,full,0,0.409009,199.229,,2.4515,2.4513417996825266,0.0008503401360544217
B1,M0_B1,in_sample,full,0,0.409009,201.327,,2.4506,2.4505167143116275,0.0008503401360544217
B1,M0_B1,in_sample,full,0,0.409009,203.424,,2.4496,2.449702946217375,0.0008503401360544217
B1,M0_B1,in_sample,full,0,0.409009,205.521,,2.4491,2.448899844483038,0.0008503401360544217
B1,M0_B1,in_sample,full,0,0.409009,207.618,,2.4481,2.4481071625884434,0.0008503401360544217
B1,M0_B1,in_sample,full,0,0.409009,209.715,,2.4475,2.4473246621278273,0.0008503401360544217
B1,M0_B1,in_sample,full,0,0.409009,211.812,,2.4466,2.44655211246477,0.0008503401360544217
B1,M0_B1,in_sample,full,0,0.409009,213.91,,2.446,2.44578892892266,0.0008503401360544217
B1,M0_B1,in_sample,full,0,0.409009,216.007,,2.4452,2.445035622889314,0.0008503401360544217
B1,M0_B1,in_sample,full,0,0.409009,218.104,,2.4443,2.4442916190738693,0.0008503401360544217
B1,M0_B1,in_sample,full,0,0.409009,220.201,,2.4437,2.4435567148121953,0.0008503401360544217
B1,M0_B1,in_sample,full,0,0.409009,222.298,,2.4429,2.442830713732112,0.0008503401360544217
B1,M0_B1,in_sample,full,0,0.409009,224.395,,2.4423,2.442113425500878,0.0008503401360544217
B1,M0_B1,in_sample,full,0,0.409009,226.492,,2.4413,2.4414046655850696,0.0008503401360544217
B1,M0_B1,in_sample,full,0,0.409009,228.59,,2.4408,2.4407039229800427,0.0008503401360544217
B1,M0_B1,in_sample,full,0,0.409009,230.687,,2.4401,2.4400116920189947,0.0008503401360544217
B1,M0_B1,in_sample,full,0,0.409009,232.784,,2.4391,2.4393274682596884,0.0008503401360544217
B1,M0_B1,in_sample,full,0,0.409009,234.881,,2.4385,2.43865108819066,0.0008503401360544217
B1,M0_B1,in_sample,full,0,0.409009,236.978,,2.4377,2.437982393061369,0.0008503401360544217
B1,M0_B1,in_sample,full,0,0.409009,239.075,,2.4373,2.4373212287029022,0.0008503401360544217
B1,M0_B1,in_sample,full,0,0.409009,241.172,,2.4368,2.436667445356934,0.0008503401360544217
B1,M0_B1,in_sample,full,0,0.409009,243.27,,2.4362,2.4360205908954837,0.0008503401360544217
B1,M0_B1,in_sample,full,0,0.409009,245.367,,2.4354,2.43538114048299,0.0008503401360544217
B1,M0_B1,in_sample,full,0,0.409009,247.464,,2.4349,2.434748646611151,0.0008503401360544217
B1,M0_B1,in_sample,full,0,0.409009,249.561,,2.434,2.43412297560541,0.0008503401360544217
B1,M0_B1,in_sample,full,0,0.409009,251.658,,2.4333,2.4335039974556434,0.0008503401360544217
B1,M0_B1,in_sample,full,0,0.409009,253.755,,2.4329,2.432891585686169,0.0008503401360544217
B1,M0_B1,in_sample,full,0,0.409009,255.853,,2.4323,2.432285329780041,0.0008503401360544217
B1,M0_B1,in_sample,full,0,0.409009,257.95,,2.4317,2.43168568785291,0.0008503401360544217
B1,M0_B1,in_sample,full,0,0.409009,260.047,,2.4309,2.4310922528137726,0.0008503401360544217
B1,M0_B1,in_sample,full,0,0.409009,262.144,,2.4305,2.430504911134809,0.0008503401360544217
B1,M0_B1,in_sample,full,0,0.409009,264.241,,2.4298,2.4299235522517226,0.0008503401360544217
B1,M0_B1,in_sample,full,0,0.409009,266.338,,2.4294,2.4293480684635878,0.0008503401360544217
B1,M0_B1,in_sample,full,0,0.409009,268.435,,2.4288,2.4287783548368465,0.0008503401360544217
B1,M0_B1,in_sample,full,0,0.409009,270.533,,2.4281,2.428214041471906,0.0008503401360544217
B1,M0_B1,in_sample,full,0,0.409009,272.63,,2.4276,2.4276555666121182,0.0008503401360544217
B1,M0_B1,in_sample,full,0,0.409009,274.727,,2.427,2.427102562769399,0.0008503401360544217
B1,M0_B1,in_sample,full,0,0.409009,276.824,,2.4266,2.426554935196733,0.0008503401360544217
B1,M0_B1,in_sample,full,0,0.409009,278.921,,2.4261,2.426012591489843,0.0008503401360544217
B1,M0_B1,in_sample,full,0,0.409009,281.018,,2.4254,2.4254754415121713,0.0008503401360544217
B1,M0_B1,in_sample,full,0,0.409009,283.116,,2.425,2.4249431448102157,0.0008503401360544217
B1,M0_B1,in_sample,full,0,0.409009,285.213,,2.4244,2.424416122968312,0.0008503401360544217
B1,M0_B1,in_sample,full,0,0.409009,287.31,,2.4238,2.4238940373058773,0.0008503401360544217
B1,M0_B1,in_sample,full,0,0.409009,289.407,,2.4234,2.4233768060647614,0.0008503401360544217
B1,M0_B1,in_sample,full,0,0.409009,291.504,,2.4228,2.422864349420897,0.0008503401360544217
B1,M0_B1,in_sample,full,0,0.409009,293.601,,2.4223,2.422356589425023,0.0008503401360544217
B1,M0_B1,in_sample,full,0,0.409009,295.698,,2.4217,2.4218534499456363,0.0008503401360544217
B1,M0_B1,in_sample,full,0,0.409009,297.796,,2.4216,2.4213546199218627,0.0008503401360544217
B1,M0_B1,in_sample,full,0,0.409009,299.893,,2.4209,2.4208605021955965,0.0008503401360544217
B1,M0_B1,in_sample,full,0,1.040867,0.134,,4.2153,4.215862659144632,0.0008503401360544217
B1,M0_B1,in_sample,full,0,1.040867,0.268,,3.8315,3.831994269863773,0.0008503401360544217
B1,M0_B1,in_sample,full,0,1.040867,0.537,,3.5146,3.5150467832410683,0.0008503401360544217
B1,M0_B1,in_sample,full,0,1.040867,1.074,,3.2545,3.2547598499771793,0.0008503401360544217
B1,M0_B1,in_sample,full,0,1.040867,2.097,,3.0476,3.0471290586715636,0.0008503401360544217
B1,M0_B1,in_sample,full,0,1.040867,4.194,,2.8697,2.8693544595123943,0.0008503401360544217
B1,M0_B1,in_sample,full,0,1.040867,6.291,,2.7802,2.7802740856590638,0.0008503401360544217
B1,M0_B1,in_sample,full,0,1.040867,8.389,,2.723,2.7229057088802,0.0008503401360544217
B1,M0_B1,in_sample,full,0,1.040867,10.486,,2.6816,2.681503850872505,0.0008503401360544217
B1,M0_B1,in_sample,full,0,1.040867,12.583,,2.6501,2.649542953267087,0.0008503401360544217
B1,M0_B1,in_sample,full,0,1.040867,14.68,,2.6239,2.6237636325065505,0.0008503401360544217
B1,M0_B1,in_sample,full,0,1.040867,16.777,,2.6023,2.6023138601266047,0.0008503401360544217
B1,M0_B1,in_sample,full,0,1.040867,18.874,,2.5839,2.5840477082933755,0.0008503401360544217
B1,M0_B1,in_sample,full,0,1.040867,20.972,,2.5679,2.5682033840638026,0.0008503401360544217
B1,M0_B1,in_sample,full,0,1.040867,23.069,,2.5543,2.5542743723905863,0.0008503401360544217
B1,M0_B1,in_sample,full,0,1.040867,25.166,,2.5417,2.5418784521913156,0.0008503401360544217
B1,M0_B1,in_sample,full,0,1.040867,27.263,,2.5305,2.5307387422862178,0.0008503401360544217
B1,M0_B1,in_sample,full,0,1.040867,29.36,,2.5205,2.520645041568172,0.0008503401360544217
B1,M0_B1,in_sample,full,0,1.040867,31.457,,2.5113,2.5114343026315527,0.0008503401360544217
B1,M0_B1,in_sample,full,0,1.040867,33.554,,2.5032,2.502977709331336,0.0008503401360544217
B1,M0_B1,in_sample,full,0,1.040867,35.652,,2.4953,2.4951682799630737,0.0008503401360544217
B1,M0_B1,in_sample,full,0,1.040867,37.749,,2.4879,2.487929271307634,0.0008503401360544217
B1,M0_B1,in_sample,full,0,1.040867,39.846,,2.4814,2.481187481025052,0.0008503401360544217
B1,M0_B1,in_sample,full,0,1.040867,41.943,,2.4749,2.4748851629963764,0.0008503401360544217
B1,M0_B1,in_sample,full,0,1.040867,44.04,,2.4688,2.468973752894389,0.0008503401360544217
B1,M0_B1,in_sample,full,0,1.040867,46.137,,2.4636,2.4634120509871837,0.0008503401360544217
B1,M0_B1,in_sample,full,0,1.040867,48.234,,2.4582,2.458164829060075,0.0008503401360544217
B1,M0_B1,in_sample,full,0,1.040867,50.332,,2.453,2.453199445396949,0.0008503401360544217
B1,M0_B1,in_sample,full,0,1.040867,52.429,,2.4485,2.4484943254334794,0.0008503401360544217
B1,M0_B1,in_sample,full,0,1.040867,54.526,,2.4439,2.4440241053313665,0.0008503401360544217
B1,M0_B1,in_sample,full,0,1.040867,56.623,,2.4396,2.4397686776850747,0.0008503401360544217
B1,M0_B1,in_sample,full,0,1.040867,58.72,,2.4358,2.4357103218130094,0.0008503401360544217
B1,M0_B1,in_sample,full,0,1.040867,60.817,,2.4321,2.4318333469661164,0.0008503401360544217
B1,M0_B1,in_sample,full,0,1.040867,62.915,,2.4279,2.428122068043953,0.0008503401360544217
B1,M0_B1,in_sample,full,0,1.040867,65.012,,2.4246,2.424567558371098,0.0008503401360544217
B1,M0_B1,in_sample,full,0,1.040867,67.109,,2.4211,2.421156842625987,0.0008503401360544217
B1,M0_B1,in_sample,full,0,1.040867,69.206,,2.4178,2.4178798757076008,0.0008503401360544217
B1,M0_B1,in_sample,full,0,1.040867,71.303,,2.4146,2.4147275920720523,0.0008503401360544217
B1,M0_B1,in_sample,full,0,1.040867,73.4,,2.4116,2.4116917846792973,0.0008503401360544217
B1,M0_B1,in_sample,full,0,1.040867,75.497,,2.4088,2.4087650018778377,0.0008503401360544217
B1,M0_B1,in_sample,full,0,1.040867,77.595,,2.4058,2.4059391355898017,0.0008503401360544217
B1,M0_B1,in_sample,full,0,1.040867,79.692,,2.4032,2.4032106841002046,0.0008503401360544217
B1,M0_B1,in_sample,full,0,1.040867,81.789,,2.4006,2.400572609363836,0.0008503401360544217
B1,M0_B1,in_sample,full,0,1.040867,83.886,,2.398,2.398019713095826,0.0008503401360544217
B1,M0_B1,in_sample,full,0,1.040867,85.983,,2.3954,2.3955472165814564,0.0008503401360544217
B1,M0_B1,in_sample,full,0,1.040867,88.08,,2.3931,2.3931507175461277,0.0008503401360544217
B1,M0_B1,in_sample,full,0,1.040867,90.178,,2.3909,2.3908250603978667,0.0008503401360544217
B1,M0_B1,in_sample,full,0,1.040867,92.275,,2.3886,2.3885687025461984,0.0008503401360544217
B1,M0_B1,in_sample,full,0,1.040867,94.372,,2.3863,2.3863770367248143,0.0008503401360544217
B1,M0_B1,in_sample,full,0,1.040867,96.469,,2.3842,2.3842468312586047,0.0008503401360544217
B1,M0_B1,in_sample,full,0,1.040867,98.566,,2.3822,2.3821750817463356,0.0008503401360544217
B1,M0_B1,in_sample,full,0,1.040867,100.663,,2.38,2.3801589906412537,0.0008503401360544217
B1,M0_B1,in_sample,full,0,1.040867,102.76,,2.3782,2.3781959490484477,0.0008503401360544217
B1,M0_B1,in_sample,full,0,1.040867,104.858,,2.3762,2.376282620180658,0.0008503401360544217
B1,M0_B1,in_sample,full,0,1.040867,106.955,,2.3745,2.3744185484285567,0.0008503401360544217
B1,M0_B1,in_sample,full,0,1.040867,109.052,,2.3725,2.372600676040792,0.0008503401360544217
B1,M0_B1,in_sample,full,0,1.040867,111.149,,2.3706,2.370827002085422,0.0008503401360544217
B1,M0_B1,in_sample,full,0,1.040867,113.246,,2.3689,2.3690956479824457,0.0008503401360544217
B1,M0_B1,in_sample,full,0,1.040867,115.343,,2.3674,2.3674048479197385,0.0008503401360544217
B1,M0_B1,in_sample,full,0,1.040867,117.441,,2.3658,2.3657521614554944,0.0008503401360544217
B1,M0_B1,in_sample,full,0,1.040867,119.538,,2.364,2.3641375979855144,0.0008503401360544217
B1,M0_B1,in_sample,full,0,1.040867,121.635,,2.3626,2.362558884252636,0.0008503401360544217
B1,M0_B1,in_sample,full,0,1.040867,123.732,,2.3608,2.361014626465825,0.0008503401360544217
B1,M0_B1,in_sample,full,0,1.040867,125.829,,2.3595,2.359503507485288,0.0008503401360544217
B1,M0_B1,in_sample,full,0,1.040867,127.926,,2.3579,2.358024281412439,0.0008503401360544217
B1,M0_B1,in_sample,full,0,1.040867,130.023,,2.3565,2.356575768643286,0.0008503401360544217
B1,M0_B1,in_sample,full,0,1.040867,132.121,,2.3552,2.3551561815863846,0.0008503401360544217
B1,M0_B1,in_sample,full,0,1.040867,134.218,,2.3537,2.3537658128820262,0.0008503401360544217
B1,M0_B1,in_sample,full,0,1.040867,136.315,,2.3524,2.3524029725153333,0.0008503401360544217
B1,M0_B1,in_sample,full,0,1.040867,138.412,,2.3512,2.351066704366992,0.0008503401360544217
B1,M0_B1,in_sample,full,0,1.040867,140.509,,2.3497,2.349756099375303,0.0008503401360544217
B1,M0_B1,in_sample,full,0,1.040867,142.606,,2.3485,2.3484702925586305,0.0008503401360544217
B1,M0_B1,in_sample,full,0,1.040867,144.703,,2.3471,2.347208460266898,0.0008503401360544217
B1,M0_B1,in_sample,full,0,1.040867,146.801,,2.346,2.345969232379267,0.0008503401360544217
B1,M0_B1,in_sample,full,0,1.040867,148.898,,2.3449,2.3447530415312787,0.0008503401360544217
B1,M0_B1,in_sample,full,0,1.040867,150.995,,2.3433,2.343558577446096,0.0008503401360544217
B1,M0_B1,in_sample,full,0,1.040867,153.092,,2.3423,2.3423851582306403,0.0008503401360544217
B1,M0_B1,in_sample,full,0,1.040867,155.189,,2.3413,2.3412321323622454,0.0008503401360544217
B1,M0_B1,in_sample,full,0,1.040867,157.286,,2.3401,2.3400988769472266,0.0008503401360544217
B1,M0_B1,in_sample,full,0,1.040867,159.384,,2.339,2.3389842693097336,0.0008503401360544217
B1,M0_B1,in_sample,full,0,1.040867,161.481,,2.3378,2.337888801388211,0.0008503401360544217
B1,M0_B1,in_sample,full,0,1.040867,163.578,,2.3368,2.3368113911081636,0.0008503401360544217
B1,M0_B1,in_sample,full,0,1.040867,165.675,,2.3357,2.335751514975344,0.0008503401360544217
B1,M0_B1,in_sample,full,0,1.040867,167.772,,2.3348,2.334708671054347,0.0008503401360544217
B1,M0_B1,in_sample,full,0,1.040867,169.869,,2.3337,2.3336823778244233,0.0008503401360544217
B1,M0_B1,in_sample,full,0,1.040867,171.966,,2.3327,2.332672173109286,0.0008503401360544217
B1,M0_B1,in_sample,full,0,1.040867,174.064,,2.3316,2.3316771424612677,0.0008503401360544217
B1,M0_B1,in_sample,full,0,1.040867,176.161,,2.3306,2.3306978078369385,0.0008503401360544217
B1,M0_B1,in_sample,full,0,1.040867,178.258,,2.3297,2.3297332813669818,0.0008503401360544217
B1,M0_B1,in_sample,full,0,1.040867,180.355,,2.3288,2.328783168851424,0.0008503401360544217
B1,M0_B1,in_sample,full,0,1.040867,182.452,,2.3278,2.327847091012745,0.0008503401360544217
B1,M0_B1,in_sample,full,0,1.040867,184.549,,2.3269,2.3269246827671632,0.0008503401360544217
B1,M0_B1,in_sample,full,0,1.040867,186.647,,2.3262,2.326015162142538,0.0008503401360544217
B1,M0_B1,in_sample,full,0,1.040867,188.744,,2.3252,2.3251190573312224,0.0008503401360544217
B1,M0_B1,in_sample,full,0,1.040867,190.841,,2.3242,2.324235605217188,0.0008503401360544217
B1,M0_B1,in_sample,full,0,1.040867,192.938,,2.3235,2.3233644910338462,0.0008503401360544217
B1,M0_B1,in_sample,full,0,1.040867,195.035,,2.3225,2.322505411158325,0.0008503401360544217
B1,M0_B1,in_sample,full,0,1.040867,197.132,,2.3215,2.321658072602153,0.0008503401360544217
B1,M0_B1,in_sample,full,0,1.040867,199.229,,2.3207,2.3208221925303603,0.0008503401360544217
B1,M0_B1,in_sample,full,0,1.040867,201.327,,2.3198,2.319997107159461,0.0008503401360544217
B1,M0_B1,in_sample,full,0,1.040867,203.424,,2.3191,2.3191833390652086,0.0008503401360544217
B1,M0_B1,in_sample,full,0,1.040867,205.521,,2.3184,2.3183802373308717,0.0008503401360544217
B1,M0_B1,in_sample,full,0,1.040867,207.618,,2.3178,2.317587555436277,0.0008503401360544217
B1,M0_B1,in_sample,full,0,1.040867,209.715,,2.3168,2.316805054975661,0.0008503401360544217
B1,M0_B1,in_sample,full,0,1.040867,211.812,,2.316,2.3160325053126036,0.0008503401360544217
B1,M0_B1,in_sample,full,0,1.040867,213.91,,2.3153,2.3152693217704936,0.0008503401360544217
B1,M0_B1,in_sample,full,0,1.040867,216.007,,2.3143,2.314516015737148,0.0008503401360544217
B1,M0_B1,in_sample,full,0,1.040867,218.104,,2.3138,2.313772011921703,0.0008503401360544217
B1,M0_B1,in_sample,full,0,1.040867,220.201,,2.3131,2.313037107660029,0.0008503401360544217
B1,M0_B1,in_sample,full,0,1.040867,222.298,,2.3122,2.3123111065799455,0.0008503401360544217
B1,M0_B1,in_sample,full,0,1.040867,224.395,,2.3117,2.3115938183487117,0.0008503401360544217
B1,M0_B1,in_sample,full,0,1.040867,226.492,,2.3109,2.3108850584329033,0.0008503401360544217
B1,M0_B1,in_sample,full,0,1.040867,228.59,,2.3101,2.3101843158278763,0.0008503401360544217
B1,M0_B1,in_sample,full,0,1.040867,230.687,,2.3096,2.3094920848668283,0.0008503401360544217
B1,M0_B1,in_sample,full,0,1.040867,232.784,,2.309,2.308807861107522,0.0008503401360544217
B1,M0_B1,in_sample,full,0,1.040867,234.881,,2.3081,2.3081314810384934,0.0008503401360544217
B1,M0_B1,in_sample,full,0,1.040867,236.978,,2.3075,2.3074627859092027,0.0008503401360544217
B1,M0_B1,in_sample,full,0,1.040867,239.075,,2.3068,2.306801621550736,0.0008503401360544217
B1,M0_B1,in_sample,full,0,1.040867,241.172,,2.3061,2.3061478382047675,0.0008503401360544217
B1,M0_B1,in_sample,full,0,1.040867,243.27,,2.3056,2.3055009837433174,0.0008503401360544217
B1,M0_B1,in_sample,full,0,1.040867,245.367,,2.3048,2.3048615333308238,0.0008503401360544217
B1,M0_B1,in_sample,full,0,1.040867,247.464,,2.3042,2.304229039458985,0.0008503401360544217
B1,M0_B1,in_sample,full,0,1.040867,249.561,,2.3036,2.3036033684532438,0.0008503401360544217
B1,M0_B1,in_sample,full,0,1.040867,251.658,,2.303,2.302984390303477,0.0008503401360544217
B1,M0_B1,in_sample,full,0,1.040867,253.755,,2.3024,2.3023719785340027,0.0008503401360544217
B1,M0_B1,in_sample,full,0,1.040867,255.853,,2.3019,2.3017657226278745,0.0008503401360544217
B1,M0_B1,in_sample,full,0,1.040867,257.95,,2.3011,2.3011660807007437,0.0008503401360544217
B1,M0_B1,in_sample,full,0,1.040867,260.047,,2.3005,2.3005726456616062,0.0008503401360544217
B1,M0_B1,in_sample,full,0,1.040867,262.144,,2.2999,2.2999853039826426,0.0008503401360544217
B1,M0_B1,in_sample,full,0,1.040867,264.241,,2.2994,2.2994039450995563,0.0008503401360544217
B1,M0_B1,in_sample,full,0,1.040867,266.338,,2.2989,2.2988284613114214,0.0008503401360544217
B1,M0_B1,in_sample,full,0,1.040867,268.435,,2.2983,2.29825874768468,0.0008503401360544217
B1,M0_B1,in_sample,full,0,1.040867,270.533,,2.2976,2.2976944343197396,0.0008503401360544217
B1,M0_B1,in_sample,full,0,1.040867,272.63,,2.2972,2.297135959459952,0.0008503401360544217
B1,M0_B1,in_sample,full,0,1.040867,274.727,,2.2967,2.296582955617233,0.0008503401360544217
B1,M0_B1,in_sample,full,0,1.040867,276.824,,2.2961,2.2960353280445664,0.0008503401360544217
B1,M0_B1,in_sample,full,0,1.040867,278.921,,2.2957,2.2954929843376766,0.0008503401360544217
B1,M0_B1,in_sample,full,0,1.040867,281.018,,2.2949,2.294955834360005,0.0008503401360544217
B1,M0_B1,in_sample,full,0,1.040867,283.116,,2.2943,2.2944235376580493,0.0008503401360544217
B1,M0_B1,in_sample,full,0,1.040867,285.213,,2.2937,2.2938965158161455,0.0008503401360544217
B1,M0_B1,in_sample,full,0,1.040867,287.31,,2.2935,2.293374430153711,0.0008503401360544217
B1,M0_B1,in_sample,full,0,1.040867,289.407,,2.2929,2.292857198912595,0.0008503401360544217
B1,M0_B1,in_sample,full,0,1.040867,291.504,,2.2923,2.2923447422687304,0.0008503401360544217
B1,M0_B1,in_sample,full,0,1.040867,293.601,,2.2919,2.291836982272857,0.0008503401360544217
B1,M0_B1,in_sample,full,0,1.040867,295.698,,2.2912,2.29133384279347,0.0008503401360544217
B1,M0_B1,in_sample,full,0,1.040867,297.796,,2.2911,2.2908350127696964,0.0008503401360544217
B1,M0_B1,in_sample,full,0,1.040867,299.893,,2.2904,2.29034089504343,0.0008503401360544217
B1,M0_B1,in_sample,full,0,1.416184,0.134,,4.1816,4.181156438072532,0.0008503401360544217
B1,M0_B1,in_sample,full,0,1.416184,0.268,,3.7976,3.797288048791673,0.0008503401360544217
B1,M0_B1,in_sample,full,0,1.416184,0.537,,3.4805,3.480340562168968,0.0008503401360544217
B1,M0_B1,in_sample,full,0,1.416184,1.074,,3.22,3.2200536289050783,0.0008503401360544217
B1,M0_B1,in_sample,full,0,1.416184,2.097,,3.0125,3.0124228375994635,0.0008503401360544217
B1,M0_B1,in_sample,full,0,1.416184,4.194,,2.8347,2.834648238440294,0.0008503401360544217
B1,M0_B1,in_sample,full,0,1.416184,6.291,,2.7458,2.7455678645869632,0.0008503401360544217
B1,M0_B1,in_sample,full,0,1.416184,8.389,,2.6879,2.6881994878080993,0.0008503401360544217
B1,M0_B1,in_sample,full,0,1.416184,10.486,,2.6471,2.6467976298004046,0.0008503401360544217
B1,M0_B1,in_sample,full,0,1.416184,12.583,,2.6148,2.614836732194986,0.0008503401360544217
B1,M0_B1,in_sample,full,0,1.416184,14.68,,2.589,2.58905741143445,0.0008503401360544217
B1,M0_B1,in_sample,full,0,1.416184,16.777,,2.5674,2.567607639054504,0.0008503401360544217
B1,M0_B1,in_sample,full,0,1.416184,18.874,,2.5491,2.549341487221275,0.0008503401360544217
B1,M0_B1,in_sample,full,0,1.416184,20.972,,2.5336,2.533497162991702,0.0008503401360544217
B1,M0_B1,in_sample,full,0,1.416184,23.069,,2.5196,2.5195681513184858,0.0008503401360544217
B1,M0_B1,in_sample,full,0,1.416184,25.166,,2.507,2.507172231119215,0.0008503401360544217
B1,M0_B1,in_sample,full,0,1.416184,27.263,,2.4958,2.4960325212141172,0.0008503401360544217
B1,M0_B1,in_sample,full,0,1.416184,29.36,,2.4859,2.4859388204960715,0.0008503401360544217
B1,M0_B1,in_sample,full,0,1.416184,31.457,,2.4769,2.476728081559452,0.0008503401360544217
B1,M0_B1,in_sample,full,0,1.416184,33.554,,2.4682,2.4682714882592354,0.0008503401360544217
B1,M0_B1,in_sample,full,0,1.416184,35.652,,2.4602,2.460462058890973,0.0008503401360544217
B1,M0_B1,in_sample,full,0,1.416184,37.749,,2.4532,2.4532230502355334,0.0008503401360544217
B1,M0_B1,in_sample,full,0,1.416184,39.846,,2.4464,2.4464812599529515,0.0008503401360544217
B1,M0_B1,in_sample,full,0,1.416184,41.943,,2.4398,2.440178941924276,0.0008503401360544217
B1,M0_B1,in_sample,full,0,1.416184,44.04,,2.4342,2.4342675318222886,0.0008503401360544217
B1,M0_B1,in_sample,full,0,1.416184,46.137,,2.4287,2.428705829915083,0.0008503401360544217
B1,M0_B1,in_sample,full,0,1.416184,48.234,,2.4235,2.4234586079879743,0.0008503401360544217
B1,M0_B1,in_sample,full,0,1.416184,50.332,,2.4187,2.4184932243248483,0.0008503401360544217
B1,M0_B1,in_sample,full,0,1.416184,52.429,,2.4139,2.4137881043613785,0.0008503401360544217
B1,M0_B1,in_sample,full,0,1.416184,54.526,,2.4093,2.409317884259266,0.0008503401360544217
B1,M0_B1,in_sample,full,0,1.416184,56.623,,2.4049,2.405062456612974,0.0008503401360544217
B1,M0_B1,in_sample,full,0,1.416184,58.72,,2.4013,2.401004100740909,0.0008503401360544217
B1,M0_B1,in_sample,full,0,1.416184,60.817,,2.3971,2.397127125894016,0.0008503401360544217
B1,M0_B1,in_sample,full,0,1.416184,62.915,,2.3934,2.393415846971852,0.0008503401360544217
B1,M0_B1,in_sample,full,0,1.416184,65.012,,2.3898,2.3898613372989974,0.0008503401360544217
B1,M0_B1,in_sample,full,0,1.416184,67.109,,2.3865,2.3864506215538865,0.0008503401360544217
B1,M0_B1,in_sample,full,0,1.416184,69.206,,2.3831,2.3831736546355002,0.0008503401360544217
B1,M0_B1,in_sample,full,0,1.416184,71.303,,2.3799,2.380021370999952,0.0008503401360544217
B1,M0_B1,in_sample,full,0,1.416184,73.4,,2.3769,2.376985563607197,0.0008503401360544217
B1,M0_B1,in_sample,full,0,1.416184,75.497,,2.374,2.374058780805737,0.0008503401360544217
B1,M0_B1,in_sample,full,0,1.416184,77.595,,2.3712,2.371232914517701,0.0008503401360544217
B1,M0_B1,in_sample,full,0,1.416184,79.692,,2.3684,2.368504463028104,0.0008503401360544217
B1,M0_B1,in_sample,full,0,1.416184,81.789,,2.3659,2.3658663882917357,0.0008503401360544217
B1,M0_B1,in_sample,full,0,1.416184,83.886,,2.3633,2.3633134920237255,0.0008503401360544217
B1,M0_B1,in_sample,full,0,1.416184,85.983,,2.361,2.360840995509356,0.0008503401360544217
B1,M0_B1,in_sample,full,0,1.416184,88.08,,2.3581,2.358444496474027,0.0008503401360544217
B1,M0_B1,in_sample,full,0,1.416184,90.178,,2.3562,2.3561188393257666,0.0008503401360544217
B1,M0_B1,in_sample,full,0,1.416184,92.275,,2.354,2.353862481474098,0.0008503401360544217
B1,M0_B1,in_sample,full,0,1.416184,94.372,,2.3514,2.3516708156527137,0.0008503401360544217
B1,M0_B1,in_sample,full,0,1.416184,96.469,,2.3495,2.349540610186504,0.0008503401360544217
B1,M0_B1,in_sample,full,0,1.416184,98.566,,2.3474,2.347468860674235,0.0008503401360544217
B1,M0_B1,in_sample,full,0,1.416184,100.663,,2.3453,2.345452769569153,0.0008503401360544217
B1,M0_B1,in_sample,full,0,1.416184,102.76,,2.3434,2.343489727976347,0.0008503401360544217
B1,M0_B1,in_sample,full,0,1.416184,104.858,,2.3414,2.3415763991085576,0.0008503401360544217
B1,M0_B1,in_sample,full,0,1.416184,106.955,,2.3399,2.339712327356456,0.0008503401360544217
B1,M0_B1,in_sample,full,0,1.416184,109.052,,2.338,2.3378944549686915,0.0008503401360544217
B1,M0_B1,in_sample,full,0,1.416184,111.149,,2.3362,2.3361207810133213,0.0008503401360544217
B1,M0_B1,in_sample,full,0,1.416184,113.246,,2.3345,2.334389426910345,0.0008503401360544217
B1,M0_B1,in_sample,full,0,1.416184,115.343,,2.3326,2.332698626847638,0.0008503401360544217
B1,M0_B1,in_sample,full,0,1.416184,117.441,,2.331,2.331045940383394,0.0008503401360544217
B1,M0_B1,in_sample,full,0,1.416184,119.538,,2.3295,2.329431376913414,0.0008503401360544217
B1,M0_B1,in_sample,full,0,1.416184,121.635,,2.3277,2.3278526631805354,0.0008503401360544217
B1,M0_B1,in_sample,full,0,1.416184,123.732,,2.3264,2.3263084053937244,0.0008503401360544217
B1,M0_B1,in_sample,full,0,1.416184,125.829,,2.3248,2.3247972864131876,0.0008503401360544217
B1,M0_B1,in_sample,full,0,1.416184,127.926,,2.3233,2.3233180603403385,0.0008503401360544217
B1,M0_B1,in_sample,full,0,1.416184,130.023,,2.3219,2.321869547571186,0.0008503401360544217
B1,M0_B1,in_sample,full,0,1.416184,132.121,,2.3205,2.320449960514284,0.0008503401360544217
B1,M0_B1,in_sample,full,0,1.416184,134.218,,2.319,2.3190595918099257,0.0008503401360544217
B1,M0_B1,in_sample,full,0,1.416184,136.315,,2.3178,2.3176967514432327,0.0008503401360544217
B1,M0_B1,in_sample,full,0,1.416184,138.412,,2.3162,2.3163604832948916,0.0008503401360544217
B1,M0_B1,in_sample,full,0,1.416184,140.509,,2.3151,2.3150498783032027,0.0008503401360544217
B1,M0_B1,in_sample,full,0,1.416184,142.606,,2.3138,2.3137640714865295,0.0008503401360544217
B1,M0_B1,in_sample,full,0,1.416184,144.703,,2.3125,2.3125022391947976,0.0008503401360544217
B1,M0_B1,in_sample,full,0,1.416184,146.801,,2.3113,2.3112630113071666,0.0008503401360544217
B1,M0_B1,in_sample,full,0,1.416184,148.898,,2.3099,2.3100468204591786,0.0008503401360544217
B1,M0_B1,in_sample,full,0,1.416184,150.995,,2.3089,2.3088523563739956,0.0008503401360544217
B1,M0_B1,in_sample,full,0,1.416184,153.092,,2.3077,2.30767893715854,0.0008503401360544217
B1,M0_B1,in_sample,full,0,1.416184,155.189,,2.3065,2.306525911290145,0.0008503401360544217
B1,M0_B1,in_sample,full,0,1.416184,157.286,,2.3055,2.305392655875126,0.0008503401360544217
B1,M0_B1,in_sample,full,0,1.416184,159.384,,2.3042,2.304278048237633,0.0008503401360544217
B1,M0_B1,in_sample,full,0,1.416184,161.481,,2.303,2.3031825803161103,0.0008503401360544217
B1,M0_B1,in_sample,full,0,1.416184,163.578,,2.3019,2.302105170036063,0.0008503401360544217
B1,M0_B1,in_sample,full,0,1.416184,165.675,,2.3011,2.3010452939032433,0.0008503401360544217
B1,M0_B1,in_sample,full,0,1.416184,167.772,,2.2999,2.3000024499822467,0.0008503401360544217
B1,M0_B1,in_sample,full,0,1.416184,169.869,,2.2991,2.298976156752323,0.0008503401360544217
B1,M0_B1,in_sample,full,0,1.416184,171.966,,2.2978,2.2979659520371856,0.0008503401360544217
B1,M0_B1,in_sample,full,0,1.416184,174.064,,2.2971,2.2969709213891667,0.0008503401360544217
B1,M0_B1,in_sample,full,0,1.416184,176.161,,2.296,2.295991586764838,0.0008503401360544217
B1,M0_B1,in_sample,full,0,1.416184,178.258,,2.295,2.2950270602948812,0.0008503401360544217
B1,M0_B1,in_sample,full,0,1.416184,180.355,,2.294,2.2940769477793235,0.0008503401360544217
B1,M0_B1,in_sample,full,0,1.416184,182.452,,2.2932,2.2931408699406446,0.0008503401360544217
B1,M0_B1,in_sample,full,0,1.416184,184.549,,2.2922,2.2922184616950627,0.0008503401360544217
B1,M0_B1,in_sample,full,0,1.416184,186.647,,2.2914,2.2913089410704375,0.0008503401360544217
B1,M0_B1,in_sample,full,0,1.416184,188.744,,2.2904,2.290412836259122,0.0008503401360544217
B1,M0_B1,in_sample,full,0,1.416184,190.841,,2.2895,2.289529384145087,0.0008503401360544217
B1,M0_B1,in_sample,full,0,1.416184,192.938,,2.2886,2.2886582699617457,0.0008503401360544217
B1,M0_B1,in_sample,full,0,1.416184,195.035,,2.2878,2.2877991900862247,0.0008503401360544217
B1,M0_B1,in_sample,full,0,1.416184,197.132,,2.287,2.2869518515300524,0.0008503401360544217
B1,M0_B1,in_sample,full,0,1.416184,199.229,,2.286,2.2861159714582597,0.0008503401360544217
B1,M0_B1,in_sample,full,0,1.416184,201.327,,2.2852,2.2852908860873606,0.0008503401360544217
B1,M0_B1,in_sample,full,0,1.416184,203.424,,2.2845,2.284477117993108,0.0008503401360544217
B1,M0_B1,in_sample,full,0,1.416184,205.521,,2.2837,2.283674016258771,0.0008503401360544217
B1,M0_B1,in_sample,full,0,1.416184,207.618,,2.2829,2.2828813343641765,0.0008503401360544217
B1,M0_B1,in_sample,full,0,1.416184,209.715,,2.2821,2.28209883390356,0.0008503401360544217
B1,M0_B1,in_sample,full,0,1.416184,211.812,,2.2814,2.281326284240503,0.0008503401360544217
B1,M0_B1,in_sample,full,0,1.416184,213.91,,2.2805,2.280563100698393,0.0008503401360544217
B1,M0_B1,in_sample,full,0,1.416184,216.007,,2.2797,2.2798097946650473,0.0008503401360544217
B1,M0_B1,in_sample,full,0,1.416184,218.104,,2.2791,2.2790657908496024,0.0008503401360544217
B1,M0_B1,in_sample,full,0,1.416184,220.201,,2.2782,2.2783308865879284,0.0008503401360544217
B1,M0_B1,in_sample,full,0,1.416184,222.298,,2.2776,2.277604885507845,0.0008503401360544217
B1,M0_B1,in_sample,full,0,1.416184,224.395,,2.2767,2.276887597276611,0.0008503401360544217
B1,M0_B1,in_sample,full,0,1.416184,226.492,,2.2763,2.2761788373608027,0.0008503401360544217
B1,M0_B1,in_sample,full,0,1.416184,228.59,,2.2755,2.275478094755776,0.0008503401360544217
B1,M0_B1,in_sample,full,0,1.416184,230.687,,2.2748,2.274785863794728,0.0008503401360544217
B1,M0_B1,in_sample,full,0,1.416184,232.784,,2.2742,2.2741016400354215,0.0008503401360544217
B1,M0_B1,in_sample,full,0,1.416184,234.881,,2.2736,2.273425259966393,0.0008503401360544217
B1,M0_B1,in_sample,full,0,1.416184,236.978,,2.2728,2.2727565648371018,0.0008503401360544217
B1,M0_B1,in_sample,full,0,1.416184,239.075,,2.2719,2.2720954004786353,0.0008503401360544217
B1,M0_B1,in_sample,full,0,1.416184,241.172,,2.2713,2.271441617132667,0.0008503401360544217
B1,M0_B1,in_sample,full,0,1.416184,243.27,,2.2707,2.270794762671217,0.0008503401360544217
B1,M0_B1,in_sample,full,0,1.416184,245.367,,2.2702,2.270155312258723,0.0008503401360544217
B1,M0_B1,in_sample,full,0,1.416184,247.464,,2.2696,2.2695228183868843,0.0008503401360544217
B1,M0_B1,in_sample,full,0,1.416184,249.561,,2.2688,2.268897147381143,0.0008503401360544217
B1,M0_B1,in_sample,full,0,1.416184,251.658,,2.2683,2.2682781692313765,0.0008503401360544217
B1,M0_B1,in_sample,full,0,1.416184,253.755,,2.2676,2.267665757461902,0.0008503401360544217
B1,M0_B1,in_sample,full,0,1.416184,255.853,,2.267,2.267059501555774,0.0008503401360544217
B1,M0_B1,in_sample,full,0,1.416184,257.95,,2.2663,2.266459859628643,0.0008503401360544217
B1,M0_B1,in_sample,full,0,1.416184,260.047,,2.2658,2.2658664245895057,0.0008503401360544217
B1,M0_B1,in_sample,full,0,1.416184,262.144,,2.2652,2.265279082910542,0.0008503401360544217
B1,M0_B1,in_sample,full,0,1.416184,264.241,,2.2646,2.2646977240274557,0.0008503401360544217
B1,M0_B1,in_sample,full,0,1.416184,266.338,,2.2642,2.264122240239321,0.0008503401360544217
B1,M0_B1,in_sample,full,0,1.416184,268.435,,2.2635,2.26355252661258,0.0008503401360544217
B1,M0_B1,in_sample,full,0,1.416184,270.533,,2.2632,2.262988213247639,0.0008503401360544217
B1,M0_B1,in_sample,full,0,1.416184,272.63,,2.2625,2.2624297383878513,0.0008503401360544217
B1,M0_B1,in_sample,full,0,1.416184,274.727,,2.2619,2.2618767345451323,0.0008503401360544217
B1,M0_B1,in_sample,full,0,1.416184,276.824,,2.2613,2.261329106972466,0.0008503401360544217
B1,M0_B1,in_sample,full,0,1.416184,278.921,,2.2609,2.260786763265576,0.0008503401360544217
B1,M0_B1,in_sample,full,0,1.416184,281.018,,2.2602,2.2602496132879044,0.0008503401360544217
B1,M0_B1,in_sample,full,0,1.416184,283.116,,2.2597,2.2597173165859488,0.0008503401360544217
B1,M0_B1,in_sample,full,0,1.416184,285.213,,2.2594,2.2591902947440454,0.0008503401360544217
B1,M0_B1,in_sample,full,0,1.416184,287.31,,2.2587,2.2586682090816104,0.0008503401360544217
B1,M0_B1,in_sample,full,0,1.416184,289.407,,2.2583,2.2581509778404945,0.0008503401360544217
B1,M0_B1,in_sample,full,0,1.416184,291.504,,2.2576,2.25763852119663,0.0008503401360544217
B1,M0_B1,in_sample,full,0,1.416184,293.601,,2.2571,2.2571307612007563,0.0008503401360544217
B1,M0_B1,in_sample,full,0,1.416184,295.698,,2.2568,2.2566276217213694,0.0008503401360544217
B1,M0_B1,in_sample,full,0,1.416184,297.796,,2.2561,2.256128791697596,0.0008503401360544217
B1,M0_B1,in_sample,full,0,1.416184,299.893,,2.2558,2.2556346739713296,0.0008503401360544217
B1,M0_B1,in_sample,full,0,2.782831,0.134,,4.1162,4.116626220862935,0.0008503401360544217
B1,M0_B1,in_sample,full,0,2.782831,0.268,,3.7324,3.7327578315820764,0.0008503401360544217
B1,M0_B1,in_sample,full,0,2.782831,0.537,,3.4164,3.4158103449593713,0.0008503401360544217
B1,M0_B1,in_sample,full,0,2.782831,1.074,,3.1558,3.155523411695482,0.0008503401360544217
B1,M0_B1,in_sample,full,0,2.782831,2.097,,2.9476,2.947892620389867,0.0008503401360544217
B1,M0_B1,in_sample,full,0,2.782831,4.194,,2.7702,2.7701180212306973,0.0008503401360544217
B1,M0_B1,in_sample,full,0,2.782831,6.291,,2.6811,2.6810376473773667,0.0008503401360544217
B1,M0_B1,in_sample,full,0,2.782831,8.389,,2.6238,2.6236692705985027,0.0008503401360544217
B1,M0_B1,in_sample,full,0,2.782831,10.486,,2.5824,2.582267412590808,0.0008503401360544217
B1,M0_B1,in_sample,full,0,2.782831,12.583,,2.5504,2.5503065149853894,0.0008503401360544217
B1,M0_B1,in_sample,full,0,2.782831,14.68,,2.5246,2.5245271942248535,0.0008503401360544217
B1,M0_B1,in_sample,full,0,2.782831,16.777,,2.503,2.5030774218449077,0.0008503401360544217
B1,M0_B1,in_sample,full,0,2.782831,18.874,,2.4846,2.4848112700116785,0.0008503401360544217
B1,M0_B1,in_sample,full,0,2.782831,20.972,,2.469,2.4689669457821055,0.0008503401360544217
B1,M0_B1,in_sample,full,0,2.782831,23.069,,2.455,2.4550379341088893,0.0008503401360544217
B1,M0_B1,in_sample,full,0,2.782831,25.166,,2.4427,2.4426420139096185,0.0008503401360544217
B1,M0_B1,in_sample,full,0,2.782831,27.263,,2.4313,2.4315023040045207,0.0008503401360544217
B1,M0_B1,in_sample,full,0,2.782831,29.36,,2.4212,2.421408603286475,0.0008503401360544217
B1,M0_B1,in_sample,full,0,2.782831,31.457,,2.4123,2.4121978643498556,0.0008503401360544217
B1,M0_B1,in_sample,full,0,2.782831,33.554,,2.4037,2.403741271049639,0.0008503401360544217
B1,M0_B1,in_sample,full,0,2.782831,35.652,,2.396,2.3959318416813766,0.0008503401360544217
B1,M0_B1,in_sample,full,0,2.782831,37.749,,2.3887,2.388692833025937,0.0008503401360544217
B1,M0_B1,in_sample,full,0,2.782831,39.846,,2.3819,2.381951042743355,0.0008503401360544217
B1,M0_B1,in_sample,full,0,2.782831,41.943,,2.3757,2.3756487247146794,0.0008503401360544217
B1,M0_B1,in_sample,full,0,2.782831,44.04,,2.3697,2.369737314612692,0.0008503401360544217
B1,M0_B1,in_sample,full,0,2.782831,46.137,,2.3642,2.3641756127054867,0.0008503401360544217
B1,M0_B1,in_sample,full,0,2.782831,48.234,,2.3589,2.358928390778378,0.0008503401360544217
B1,M0_B1,in_sample,full,0,2.782831,50.332,,2.3539,2.3539630071152517,0.0008503401360544217
B1,M0_B1,in_sample,full,0,2.782831,52.429,,2.3492,2.349257887151782,0.0008503401360544217
B1,M0_B1,in_sample,full,0,2.782831,54.526,,2.3448,2.3447876670496695,0.0008503401360544217
B1,M0_B1,in_sample,full,0,2.782831,56.623,,2.3405,2.3405322394033776,0.0008503401360544217
B1,M0_B1,in_sample,full,0,2.782831,58.72,,2.3366,2.3364738835313124,0.0008503401360544217
B1,M0_B1,in_sample,full,0,2.782831,60.817,,2.3325,2.3325969086844194,0.0008503401360544217
B1,M0_B1,in_sample,full,0,2.782831,62.915,,2.3288,2.3288856297622553,0.0008503401360544217
B1,M0_B1,in_sample,full,0,2.782831,65.012,,2.3253,2.325331120089401,0.0008503401360544217
B1,M0_B1,in_sample,full,0,2.782831,67.109,,2.3221,2.32192040434429,0.0008503401360544217
B1,M0_B1,in_sample,full,0,2.782831,69.206,,2.3186,2.3186434374259037,0.0008503401360544217
B1,M0_B1,in_sample,full,0,2.782831,71.303,,2.3156,2.3154911537903553,0.0008503401360544217
B1,M0_B1,in_sample,full,0,2.782831,73.4,,2.3123,2.3124553463976003,0.0008503401360544217
B1,M0_B1,in_sample,full,0,2.782831,75.497,,2.3095,2.3095285635961407,0.0008503401360544217
B1,M0_B1,in_sample,full,0,2.782831,77.595,,2.3068,2.3067026973081046,0.0008503401360544217
B1,M0_B1,in_sample,full,0,2.782831,79.692,,2.304,2.3039742458185075,0.0008503401360544217
B1,M0_B1,in_sample,full,0,2.782831,81.789,,2.3014,2.301336171082139,0.0008503401360544217
B1,M0_B1,in_sample,full,0,2.782831,83.886,,2.2987,2.298783274814129,0.0008503401360544217
B1,M0_B1,in_sample,full,0,2.782831,85.983,,2.2964,2.2963107782997594,0.0008503401360544217
B1,M0_B1,in_sample,full,0,2.782831,88.08,,2.2941,2.2939142792644307,0.0008503401360544217
B1,M0_B1,in_sample,full,0,2.782831,90.178,,2.2915,2.29158862211617,0.0008503401360544217
B1,M0_B1,in_sample,full,0,2.782831,92.275,,2.2893,2.2893322642645013,0.0008503401360544217
B1,M0_B1,in_sample,full,0,2.782831,94.372,,2.2873,2.2871405984431172,0.0008503401360544217
B1,M0_B1,in_sample,full,0,2.782831,96.469,,2.2851,2.2850103929769077,0.0008503401360544217
B1,M0_B1,in_sample,full,0,2.782831,98.566,,2.2829,2.2829386434646386,0.0008503401360544217
B1,M0_B1,in_sample,full,0,2.782831,100.663,,2.2809,2.2809225523595567,0.0008503401360544217
B1,M0_B1,in_sample,full,0,2.782831,102.76,,2.2789,2.2789595107667506,0.0008503401360544217
B1,M0_B1,in_sample,full,0,2.782831,104.858,,2.2769,2.277046181898961,0.0008503401360544217
B1,M0_B1,in_sample,full,0,2.782831,106.955,,2.2751,2.2751821101468597,0.0008503401360544217
B1,M0_B1,in_sample,full,0,2.782831,109.052,,2.2733,2.273364237759095,0.0008503401360544217
B1,M0_B1,in_sample,full,0,2.782831,111.149,,2.2715,2.271590563803725,0.0008503401360544217
B1,M0_B1,in_sample,full,0,2.782831,113.246,,2.2698,2.2698592097007486,0.0008503401360544217
B1,M0_B1,in_sample,full,0,2.782831,115.343,,2.2682,2.2681684096380414,0.0008503401360544217
B1,M0_B1,in_sample,full,0,2.782831,117.441,,2.2666,2.2665157231737973,0.0008503401360544217
B1,M0_B1,in_sample,full,0,2.782831,119.538,,2.2648,2.2649011597038173,0.0008503401360544217
B1,M0_B1,in_sample,full,0,2.782831,121.635,,2.2634,2.263322445970939,0.0008503401360544217
B1,M0_B1,in_sample,full,0,2.782831,123.732,,2.2617,2.261778188184128,0.0008503401360544217
B1,M0_B1,in_sample,full,0,2.782831,125.829,,2.2603,2.260267069203591,0.0008503401360544217
B1,M0_B1,in_sample,full,0,2.782831,127.926,,2.2588,2.258787843130742,0.0008503401360544217
B1,M0_B1,in_sample,full,0,2.782831,130.023,,2.2572,2.2573393303615896,0.0008503401360544217
B1,M0_B1,in_sample,full,0,2.782831,132.121,,2.2559,2.2559197433046876,0.0008503401360544217
B1,M0_B1,in_sample,full,0,2.782831,134.218,,2.2545,2.254529374600329,0.0008503401360544217
B1,M0_B1,in_sample,full,0,2.782831,136.315,,2.2532,2.253166534233636,0.0008503401360544217
B1,M0_B1,in_sample,full,0,2.782831,138.412,,2.2518,2.251830266085295,0.0008503401360544217
B1,M0_B1,in_sample,full,0,2.782831,140.509,,2.2507,2.2505196610936062,0.0008503401360544217
B1,M0_B1,in_sample,full,0,2.782831,142.606,,2.2492,2.249233854276933,0.0008503401360544217
B1,M0_B1,in_sample,full,0,2.782831,144.703,,2.2479,2.247972021985201,0.0008503401360544217
B1,M0_B1,in_sample,full,0,2.782831,146.801,,2.2467,2.24673279409757,0.0008503401360544217
B1,M0_B1,in_sample,full,0,2.782831,148.898,,2.2455,2.245516603249582,0.0008503401360544217
B1,M0_B1,in_sample,full,0,2.782831,150.995,,2.2443,2.244322139164399,0.0008503401360544217
B1,M0_B1,in_sample,full,0,2.782831,153.092,,2.2432,2.2431487199489433,0.0008503401360544217
B1,M0_B1,in_sample,full,0,2.782831,155.189,,2.2421,2.2419956940805483,0.0008503401360544217
B1,M0_B1,in_sample,full,0,2.782831,157.286,,2.2408,2.2408624386655296,0.0008503401360544217
B1,M0_B1,in_sample,full,0,2.782831,159.384,,2.2397,2.2397478310280365,0.0008503401360544217
B1,M0_B1,in_sample,full,0,2.782831,161.481,,2.2387,2.238652363106514,0.0008503401360544217
B1,M0_B1,in_sample,full,0,2.782831,163.578,,2.2375,2.2375749528264666,0.0008503401360544217
B1,M0_B1,in_sample,full,0,2.782831,165.675,,2.2366,2.236515076693647,0.0008503401360544217
B1,M0_B1,in_sample,full,0,2.782831,167.772,,2.2355,2.23547223277265,0.0008503401360544217
B1,M0_B1,in_sample,full,0,2.782831,169.869,,2.2343,2.2344459395427263,0.0008503401360544217
B1,M0_B1,in_sample,full,0,2.782831,171.966,,2.2336,2.233435734827589,0.0008503401360544217
B1,M0_B1,in_sample,full,0,2.782831,174.064,,2.2326,2.23244070417957,0.0008503401360544217
B1,M0_B1,in_sample,full,0,2.782831,176.161,,2.2314,2.2314613695552414,0.0008503401360544217
B1,M0_B1,in_sample,full,0,2.782831,178.258,,2.2305,2.2304968430852847,0.0008503401360544217
B1,M0_B1,in_sample,full,0,2.782831,180.355,,2.2296,2.229546730569727,0.0008503401360544217
B1,M0_B1,in_sample,full,0,2.782831,182.452,,2.2286,2.228610652731048,0.0008503401360544217
B1,M0_B1,in_sample,full,0,2.782831,184.549,,2.2277,2.227688244485466,0.0008503401360544217
B1,M0_B1,in_sample,full,0,2.782831,186.647,,2.2269,2.226778723860841,0.0008503401360544217
B1,M0_B1,in_sample,full,0,2.782831,188.744,,2.2259,2.2258826190495253,0.0008503401360544217
B1,M0_B1,in_sample,full,0,2.782831,190.841,,2.2249,2.2249991669354907,0.0008503401360544217
B1,M0_B1,in_sample,full,0,2.782831,192.938,,2.224,2.224128052752149,0.0008503401360544217
B1,M0_B1,in_sample,full,0,2.782831,195.035,,2.2232,2.223268972876628,0.0008503401360544217
B1,M0_B1,in_sample,full,0,2.782831,197.132,,2.2224,2.222421634320456,0.0008503401360544217
B1,M0_B1,in_sample,full,0,2.782831,199.229,,2.2217,2.2215857542486632,0.0008503401360544217
B1,M0_B1,in_sample,full,0,2.782831,201.327,,2.2207,2.220760668877764,0.0008503401360544217
B1,M0_B1,in_sample,full,0,2.782831,203.424,,2.22,2.2199469007835115,0.0008503401360544217
B1,M0_B1,in_sample,full,0,2.782831,205.521,,2.2191,2.2191437990491747,0.0008503401360544217
B1,M0_B1,in_sample,full,0,2.782831,207.618,,2.2184,2.21835111715458,0.0008503401360544217
B1,M0_B1,in_sample,full,0,2.782831,209.715,,2.2178,2.2175686166939634,0.0008503401360544217
B1,M0_B1,in_sample,full,0,2.782831,211.812,,2.2168,2.2167960670309066,0.0008503401360544217
B1,M0_B1,in_sample,full,0,2.782831,213.91,,2.216,2.2160328834887966,0.0008503401360544217
B1,M0_B1,in_sample,full,0,2.782831,216.007,,2.2154,2.215279577455451,0.0008503401360544217
B1,M0_B1,in_sample,full,0,2.782831,218.104,,2.2146,2.214535573640006,0.0008503401360544217
B1,M0_B1,in_sample,full,0,2.782831,220.201,,2.214,2.213800669378332,0.0008503401360544217
B1,M0_B1,in_sample,full,0,2.782831,222.298,,2.2131,2.2130746682982485,0.0008503401360544217
B1,M0_B1,in_sample,full,0,2.782831,224.395,,2.2123,2.2123573800670147,0.0008503401360544217
B1,M0_B1,in_sample,full,0,2.782831,226.492,,2.2117,2.2116486201512062,0.0008503401360544217
B1,M0_B1,in_sample,full,0,2.782831,228.59,,2.211,2.2109478775461793,0.0008503401360544217
B1,M0_B1,in_sample,full,0,2.782831,230.687,,2.2103,2.2102556465851313,0.0008503401360544217
B1,M0_B1,in_sample,full,0,2.782831,232.784,,2.2096,2.209571422825825,0.0008503401360544217
B1,M0_B1,in_sample,full,0,2.782831,234.881,,2.209,2.2088950427567964,0.0008503401360544217
B1,M0_B1,in_sample,full,0,2.782831,236.978,,2.2083,2.2082263476275052,0.0008503401360544217
B1,M0_B1,in_sample,full,0,2.782831,239.075,,2.2077,2.207565183269039,0.0008503401360544217
B1,M0_B1,in_sample,full,0,2.782831,241.172,,2.207,2.2069113999230705,0.0008503401360544217
B1,M0_B1,in_sample,full,0,2.782831,243.27,,2.2063,2.2062645454616203,0.0008503401360544217
B1,M0_B1,in_sample,full,0,2.782831,245.367,,2.2056,2.2056250950491263,0.0008503401360544217
B1,M0_B1,in_sample,full,0,2.782831,247.464,,2.2051,2.204992601177288,0.0008503401360544217
B1,M0_B1,in_sample,full,0,2.782831,249.561,,2.2043,2.2043669301715463,0.0008503401360544217
B1,M0_B1,in_sample,full,0,2.782831,251.658,,2.2038,2.20374795202178,0.0008503401360544217
B1,M0_B1,in_sample,full,0,2.782831,253.755,,2.2031,2.2031355402523056,0.0008503401360544217
B1,M0_B1,in_sample,full,0,2.782831,255.853,,2.2025,2.2025292843461775,0.0008503401360544217
B1,M0_B1,in_sample,full,0,2.782831,257.95,,2.202,2.2019296424190467,0.0008503401360544217
B1,M0_B1,in_sample,full,0,2.782831,260.047,,2.2014,2.201336207379909,0.0008503401360544217
B1,M0_B1,in_sample,full,0,2.782831,262.144,,2.2008,2.2007488657009455,0.0008503401360544217
B1,M0_B1,in_sample,full,0,2.782831,264.241,,2.2001,2.200167506817859,0.0008503401360544217
B1,M0_B1,in_sample,full,0,2.782831,266.338,,2.1997,2.1995920230297243,0.0008503401360544217
B1,M0_B1,in_sample,full,0,2.782831,268.435,,2.1991,2.1990223094029835,0.0008503401360544217
B1,M0_B1,in_sample,full,0,2.782831,270.533,,2.1986,2.1984579960380426,0.0008503401360544217
B1,M0_B1,in_sample,full,0,2.782831,272.63,,2.1979,2.197899521178255,0.0008503401360544217
B1,M0_B1,in_sample,full,0,2.782831,274.727,,2.1974,2.1973465173355358,0.0008503401360544217
B1,M0_B1,in_sample,full,0,2.782831,276.824,,2.1968,2.1967988897628694,0.0008503401360544217
B1,M0_B1,in_sample,full,0,2.782831,278.921,,2.1964,2.1962565460559795,0.0008503401360544217
B1,M0_B1,in_sample,full,0,2.782831,281.018,,2.1957,2.195719396078308,0.0008503401360544217
B1,M0_B1,in_sample,full,0,2.782831,283.116,,2.1952,2.1951870993763523,0.0008503401360544217
B1,M0_B1,in_sample,full,0,2.782831,285.213,,2.1947,2.194660077534449,0.0008503401360544217
B1,M0_B1,in_sample,full,0,2.782831,287.31,,2.1942,2.194137991872014,0.0008503401360544217
B1,M0_B1,in_sample,full,0,2.782831,289.407,,2.1936,2.193620760630898,0.0008503401360544217
B1,M0_B1,in_sample,full,0,2.782831,291.504,,2.1931,2.1931083039870334,0.0008503401360544217
B1,M0_B1,in_sample,full,0,2.782831,293.601,,2.1927,2.19260054399116,0.0008503401360544217
B1,M0_B1,in_sample,full,0,2.782831,295.698,,2.192,2.192097404511773,0.0008503401360544217
B1,M0_B1,in_sample,full,0,2.782831,297.796,,2.1916,2.1915985744879993,0.0008503401360544217
B1,M0_B1,in_sample,full,0,2.782831,299.893,,2.1911,2.191104456761733,0.0008503401360544217
B1,M0_B1,in_sample,full,0,6.86104,0.134,,4.0512,4.050588767375112,0.0008503401360544217
B1,M0_B1,in_sample,full,0,6.86104,0.268,,3.6658,3.6667203780942526,0.0008503401360544217
B1,M0_B1,in_sample,full,0,6.86104,0.537,,3.3494,3.349772891471548,0.0008503401360544217
B1,M0_B1,in_sample,full,0,6.86104,1.074,,3.0899,3.089485958207659,0.0008503401360544217
B1,M0_B1,in_sample,full,0,6.86104,2.097,,2.8818,2.881855166902043,0.0008503401360544217
B1,M0_B1,in_sample,full,0,6.86104,4.194,,2.7039,2.704080567742874,0.0008503401360544217
B1,M0_B1,in_sample,full,0,6.86104,6.291,,2.6151,2.6150001938895433,0.0008503401360544217
B1,M0_B1,in_sample,full,0,6.86104,8.389,,2.5577,2.5576318171106793,0.0008503401360544217
B1,M0_B1,in_sample,full,0,6.86104,10.486,,2.5161,2.5162299591029846,0.0008503401360544217
B1,M0_B1,in_sample,full,0,6.86104,12.583,,2.4841,2.4842690614975664,0.0008503401360544217
B1,M0_B1,in_sample,full,0,6.86104,14.68,,2.4586,2.45848974073703,0.0008503401360544217
B1,M0_B1,in_sample,full,0,6.86104,16.777,,2.4371,2.4370399683570843,0.0008503401360544217
B1,M0_B1,in_sample,full,0,6.86104,18.874,,2.4187,2.418773816523855,0.0008503401360544217
B1,M0_B1,in_sample,full,0,6.86104,20.972,,2.4032,2.402929492294282,0.0008503401360544217
B1,M0_B1,in_sample,full,0,6.86104,23.069,,2.3889,2.389000480621066,0.0008503401360544217
B1,M0_B1,in_sample,full,0,6.86104,25.166,,2.3764,2.376604560421795,0.0008503401360544217
B1,M0_B1,in_sample,full,0,6.86104,27.263,,2.3654,2.3654648505166973,0.0008503401360544217
B1,M0_B1,in_sample,full,0,6.86104,29.36,,2.3553,2.3553711497986516,0.0008503401360544217
B1,M0_B1,in_sample,full,0,6.86104,31.457,,2.3462,2.346160410862032,0.0008503401360544217
B1,M0_B1,in_sample,full,0,6.86104,33.554,,2.3377,2.3377038175618154,0.0008503401360544217
B1,M0_B1,in_sample,full,0,6.86104,35.652,,2.3299,2.329894388193553,0.0008503401360544217
B1,M0_B1,in_sample,full,0,6.86104,37.749,,2.3225,2.3226553795381135,0.0008503401360544217
B1,M0_B1,in_sample,full,0,6.86104,39.846,,2.3161,2.3159135892555316,0.0008503401360544217
B1,M0_B1,in_sample,full,0,6.86104,41.943,,2.3096,2.309611271226856,0.0008503401360544217
B1,M0_B1,in_sample,full,0,6.86104,44.04,,2.3038,2.3036998611248687,0.0008503401360544217
B1,M0_B1,in_sample,full,0,6.86104,46.137,,2.2982,2.2981381592176633,0.0008503401360544217
B1,M0_B1,in_sample,full,0,6.86104,48.234,,2.2929,2.2928909372905544,0.0008503401360544217
B1,M0_B1,in_sample,full,0,6.86104,50.332,,2.288,2.2879255536274283,0.0008503401360544217
B1,M0_B1,in_sample,full,0,6.86104,52.429,,2.2832,2.283220433663959,0.0008503401360544217
B1,M0_B1,in_sample,full,0,6.86104,54.526,,2.2788,2.278750213561846,0.0008503401360544217
B1,M0_B1,in_sample,full,0,6.86104,56.623,,2.2746,2.274494785915554,0.0008503401360544217
B1,M0_B1,in_sample,full,0,6.86104,58.72,,2.2704,2.270436430043489,0.0008503401360544217
B1,M0_B1,in_sample,full,0,6.86104,60.817,,2.2666,2.266559455196596,0.0008503401360544217
B1,M0_B1,in_sample,full,0,6.86104,62.915,,2.2628,2.2628481762744324,0.0008503401360544217
B1,M0_B1,in_sample,full,0,6.86104,65.012,,2.2594,2.2592936666015775,0.0008503401360544217
B1,M0_B1,in_sample,full,0,6.86104,67.109,,2.2558,2.2558829508564666,0.0008503401360544217
B1,M0_B1,in_sample,full,0,6.86104,69.206,,2.2528,2.2526059839380803,0.0008503401360544217
B1,M0_B1,in_sample,full,0,6.86104,71.303,,2.2494,2.249453700302532,0.0008503401360544217
B1,M0_B1,in_sample,full,0,6.86104,73.4,,2.2463,2.246417892909777,0.0008503401360544217
B1,M0_B1,in_sample,full,0,6.86104,75.497,,2.2435,2.2434911101083173,0.0008503401360544217
B1,M0_B1,in_sample,full,0,6.86104,77.595,,2.2406,2.240665243820281,0.0008503401360544217
B1,M0_B1,in_sample,full,0,6.86104,79.692,,2.238,2.237936792330684,0.0008503401360544217
B1,M0_B1,in_sample,full,0,6.86104,81.789,,2.2352,2.2352987175943158,0.0008503401360544217
B1,M0_B1,in_sample,full,0,6.86104,83.886,,2.2327,2.2327458213263056,0.0008503401360544217
B1,M0_B1,in_sample,full,0,6.86104,85.983,,2.2301,2.230273324811936,0.0008503401360544217
B1,M0_B1,in_sample,full,0,6.86104,88.08,,2.2278,2.2278768257766073,0.0008503401360544217
B1,M0_B1,in_sample,full,0,6.86104,90.178,,2.2253,2.2255511686283462,0.0008503401360544217
B1,M0_B1,in_sample,full,0,6.86104,92.275,,2.2231,2.223294810776678,0.0008503401360544217
B1,M0_B1,in_sample,full,0,6.86104,94.372,,2.2212,2.221103144955294,0.0008503401360544217
B1,M0_B1,in_sample,full,0,6.86104,96.469,,2.219,2.2189729394890843,0.0008503401360544217
B1,M0_B1,in_sample,full,0,6.86104,98.566,,2.2169,2.216901189976815,0.0008503401360544217
B1,M0_B1,in_sample,full,0,6.86104,100.663,,2.2148,2.2148850988717332,0.0008503401360544217
B1,M0_B1,in_sample,full,0,6.86104,102.76,,2.2129,2.212922057278927,0.0008503401360544217
B1,M0_B1,in_sample,full,0,6.86104,104.858,,2.211,2.2110087284111377,0.0008503401360544217
B1,M0_B1,in_sample,full,0,6.86104,106.955,,2.209,2.2091446566590363,0.0008503401360544217
B1,M0_B1,in_sample,full,0,6.86104,109.052,,2.2074,2.2073267842712716,0.0008503401360544217
B1,M0_B1,in_sample,full,0,6.86104,111.149,,2.2056,2.2055531103159014,0.0008503401360544217
B1,M0_B1,in_sample,full,0,6.86104,113.246,,2.2038,2.203821756212925,0.0008503401360544217
B1,M0_B1,in_sample,full,0,6.86104,115.343,,2.2021,2.202130956150218,0.0008503401360544217
B1,M0_B1,in_sample,full,0,6.86104,117.441,,2.2005,2.200478269685974,0.0008503401360544217
B1,M0_B1,in_sample,full,0,6.86104,119.538,,2.1987,2.198863706215994,0.0008503401360544217
B1,M0_B1,in_sample,full,0,6.86104,121.635,,2.1973,2.1972849924831155,0.0008503401360544217
B1,M0_B1,in_sample,full,0,6.86104,123.732,,2.1957,2.1957407346963045,0.0008503401360544217
B1,M0_B1,in_sample,full,0,6.86104,125.829,,2.1941,2.1942296157157677,0.0008503401360544217
B1,M0_B1,in_sample,full,0,6.86104,127.926,,2.1927,2.1927503896429186,0.0008503401360544217
B1,M0_B1,in_sample,full,0,6.86104,130.023,,2.1914,2.1913018768737658,0.0008503401360544217
B1,M0_B1,in_sample,full,0,6.86104,132.121,,2.1899,2.189882289816864,0.0008503401360544217
B1,M0_B1,in_sample,full,0,6.86104,134.218,,2.1884,2.188491921112506,0.0008503401360544217
B1,M0_B1,in_sample,full,0,6.86104,136.315,,2.1872,2.187129080745813,0.0008503401360544217
B1,M0_B1,in_sample,full,0,6.86104,138.412,,2.1859,2.1857928125974717,0.0008503401360544217
B1,M0_B1,in_sample,full,0,6.86104,140.509,,2.1845,2.1844822076057824,0.0008503401360544217
B1,M0_B1,in_sample,full,0,6.86104,142.606,,2.1832,2.18319640078911,0.0008503401360544217
B1,M0_B1,in_sample,full,0,6.86104,144.703,,2.1819,2.1819345684973777,0.0008503401360544217
B1,M0_B1,in_sample,full,0,6.86104,146.801,,2.1807,2.1806953406097467,0.0008503401360544217
B1,M0_B1,in_sample,full,0,6.86104,148.898,,2.1795,2.1794791497617583,0.0008503401360544217
B1,M0_B1,in_sample,full,0,6.86104,150.995,,2.1783,2.1782846856765756,0.0008503401360544217
B1,M0_B1,in_sample,full,0,6.86104,153.092,,2.1772,2.17711126646112,0.0008503401360544217
B1,M0_B1,in_sample,full,0,6.86104,155.189,,2.176,2.175958240592725,0.0008503401360544217
B1,M0_B1,in_sample,full,0,6.86104,157.286,,2.1748,2.174824985177706,0.0008503401360544217
B1,M0_B1,in_sample,full,0,6.86104,159.384,,2.1738,2.173710377540213,0.0008503401360544217
B1,M0_B1,in_sample,full,0,6.86104,161.481,,2.1726,2.1726149096186904,0.0008503401360544217
B1,M0_B1,in_sample,full,0,6.86104,163.578,,2.1717,2.171537499338643,0.0008503401360544217
B1,M0_B1,in_sample,full,0,6.86104,165.675,,2.1704,2.1704776232058234,0.0008503401360544217
B1,M0_B1,in_sample,full,0,6.86104,167.772,,2.1696,2.1694347792848268,0.0008503401360544217
B1,M0_B1,in_sample,full,0,6.86104,169.869,,2.1684,2.168408486054903,0.0008503401360544217
B1,M0_B1,in_sample,full,0,6.86104,171.966,,2.1673,2.1673982813397656,0.0008503401360544217
B1,M0_B1,in_sample,full,0,6.86104,174.064,,2.1664,2.166403250691747,0.0008503401360544217
B1,M0_B1,in_sample,full,0,6.86104,176.161,,2.1654,2.165423916067418,0.0008503401360544217
B1,M0_B1,in_sample,full,0,6.86104,178.258,,2.1645,2.1644593895974613,0.0008503401360544217
B1,M0_B1,in_sample,full,0,6.86104,180.355,,2.1635,2.1635092770819035,0.0008503401360544217
B1,M0_B1,in_sample,full,0,6.86104,182.452,,2.1625,2.1625731992432247,0.0008503401360544217
B1,M0_B1,in_sample,full,0,6.86104,184.549,,2.1616,2.161650790997643,0.0008503401360544217
B1,M0_B1,in_sample,full,0,6.86104,186.647,,2.1609,2.1607412703730176,0.0008503401360544217
B1,M0_B1,in_sample,full,0,6.86104,188.744,,2.16,2.159845165561702,0.0008503401360544217
B1,M0_B1,in_sample,full,0,6.86104,190.841,,2.159,2.1589617134476677,0.0008503401360544217
B1,M0_B1,in_sample,full,0,6.86104,192.938,,2.1581,2.158090599264326,0.0008503401360544217
B1,M0_B1,in_sample,full,0,6.86104,195.035,,2.1572,2.1572315193888048,0.0008503401360544217
B1,M0_B1,in_sample,full,0,6.86104,197.132,,2.1564,2.1563841808326325,0.0008503401360544217
B1,M0_B1,in_sample,full,0,6.86104,199.229,,2.1555,2.15554830076084,0.0008503401360544217
B1,M0_B1,in_sample,full,0,6.86104,201.327,,2.1547,2.1547232153899407,0.0008503401360544217
B1,M0_B1,in_sample,full,0,6.86104,203.424,,2.1538,2.153909447295688,0.0008503401360544217
B1,M0_B1,in_sample,full,0,6.86104,205.521,,2.1531,2.1531063455613513,0.0008503401360544217
B1,M0_B1,in_sample,full,0,6.86104,207.618,,2.1524,2.1523136636667566,0.0008503401360544217
B1,M0_B1,in_sample,full,0,6.86104,209.715,,2.1515,2.1515311632061405,0.0008503401360544217
B1,M0_B1,in_sample,full,0,6.86104,211.812,,2.1509,2.150758613543083,0.0008503401360544217
B1,M0_B1,in_sample,full,0,6.86104,213.91,,2.1499,2.149995430000973,0.0008503401360544217
B1,M0_B1,in_sample,full,0,6.86104,216.007,,2.1491,2.1492421239676274,0.0008503401360544217
B1,M0_B1,in_sample,full,0,6.86104,218.104,,2.1485,2.1484981201521824,0.0008503401360544217
B1,M0_B1,in_sample,full,0,6.86104,220.201,,2.1478,2.1477632158905084,0.0008503401360544217
B1,M0_B1,in_sample,full,0,6.86104,222.298,,2.1472,2.147037214810425,0.0008503401360544217
B1,M0_B1,in_sample,full,0,6.86104,224.395,,2.1463,2.1463199265791912,0.0008503401360544217
B1,M0_B1,in_sample,full,0,6.86104,226.492,,2.1457,2.145611166663383,0.0008503401360544217
B1,M0_B1,in_sample,full,0,6.86104,228.59,,2.1449,2.144910424058356,0.0008503401360544217
B1,M0_B1,in_sample,full,0,6.86104,230.687,,2.1442,2.144218193097308,0.0008503401360544217
B1,M0_B1,in_sample,full,0,6.86104,232.784,,2.1436,2.1435339693380016,0.0008503401360544217
B1,M0_B1,in_sample,full,0,6.86104,234.881,,2.1429,2.142857589268973,0.0008503401360544217
B1,M0_B1,in_sample,full,0,6.86104,236.978,,2.1421,2.1421888941396823,0.0008503401360544217
B1,M0_B1,in_sample,full,0,6.86104,239.075,,2.1416,2.1415277297812154,0.0008503401360544217
B1,M0_B1,in_sample,full,0,6.86104,241.172,,2.141,2.140873946435247,0.0008503401360544217
B1,M0_B1,in_sample,full,0,6.86104,243.27,,2.1402,2.140227091973797,0.0008503401360544217
B1,M0_B1,in_sample,full,0,6.86104,245.367,,2.1396,2.1395876415613033,0.0008503401360544217
B1,M0_B1,in_sample,full,0,6.86104,247.464,,2.139,2.1389551476894644,0.0008503401360544217
B1,M0_B1,in_sample,full,0,6.86104,249.561,,2.1384,2.1383294766837233,0.0008503401360544217
B1,M0_B1,in_sample,full,0,6.86104,251.658,,2.1377,2.1377104985339566,0.0008503401360544217
B1,M0_B1,in_sample,full,0,6.86104,253.755,,2.1371,2.137098086764482,0.0008503401360544217
B1,M0_B1,in_sample,full,0,6.86104,255.853,,2.1365,2.136491830858354,0.0008503401360544217
B1,M0_B1,in_sample,full,0,6.86104,257.95,,2.136,2.1358921889312232,0.0008503401360544217
B1,M0_B1,in_sample,full,0,6.86104,260.047,,2.1353,2.135298753892086,0.0008503401360544217
B1,M0_B1,in_sample,full,0,6.86104,262.144,,2.1347,2.134711412213122,0.0008503401360544217
B1,M0_B1,in_sample,full,0,6.86104,264.241,,2.1342,2.134130053330036,0.0008503401360544217
B1,M0_B1,in_sample,full,0,6.86104,266.338,,2.1334,2.133554569541901,0.0008503401360544217
B1,M0_B1,in_sample,full,0,6.86104,268.435,,2.1331,2.1329848559151596,0.0008503401360544217
B1,M0_B1,in_sample,full,0,6.86104,270.533,,2.1323,2.132420542550219,0.0008503401360544217
B1,M0_B1,in_sample,full,0,6.86104,272.63,,2.1318,2.1318620676904314,0.0008503401360544217
B1,M0_B1,in_sample,full,0,6.86104,274.727,,2.1312,2.1313090638477123,0.0008503401360544217
B1,M0_B1,in_sample,full,0,6.86104,276.824,,2.1307,2.130761436275046,0.0008503401360544217
B1,M0_B1,in_sample,full,0,6.86104,278.921,,2.1303,2.130219092568156,0.0008503401360544217
B1,M0_B1,in_sample,full,0,6.86104,281.018,,2.1297,2.1296819425904845,0.0008503401360544217
B1,M0_B1,in_sample,full,0,6.86104,283.116,,2.1292,2.129149645888529,0.0008503401360544217
B1,M0_B1,in_sample,full,0,6.86104,285.213,,2.1286,2.128622624046625,0.0008503401360544217
B1,M0_B1,in_sample,full,0,6.86104,287.31,,2.1281,2.1281005383841904,0.0008503401360544217
B1,M0_B1,in_sample,full,0,6.86104,289.407,,2.1276,2.1275833071430745,0.0008503401360544217
B1,M0_B1,in_sample,full,0,6.86104,291.504,,2.127,2.12707085049921,0.0008503401360544217
B1,M0_B1,in_sample,full,0,6.86104,293.601,,2.1266,2.1265630905033364,0.0008503401360544217
B1,M0_B1,in_sample,full,0,6.86104,295.698,,2.126,2.1260599510239495,0.0008503401360544217
B1,M0_B1,in_sample,full,0,6.86104,297.796,,2.1255,2.125561121000176,0.0008503401360544217
B1,M0_B1,in_sample,full,0,6.86104,299.893,,2.125,2.1250670032739096,0.0008503401360544217
B1,M0_B1,in_sample,full,0,11.965825,0.134,,4.0188,4.018901235606303,0.0008503401360544217
B1,M0_B1,in_sample,full,0,11.965825,0.268,,3.6351,3.635032846325444,0.0008503401360544217
B1,M0_B1,in_sample,full,0,11.965825,0.537,,3.3185,3.318085359702739,0.0008503401360544217
B1,M0_B1,in_sample,full,0,11.965825,1.074,,3.058,3.0577984264388496,0.0008503401360544217
B1,M0_B1,in_sample,full,0,11.965825,2.097,,2.8502,2.850167635133235,0.0008503401360544217
B1,M0_B1,in_sample,full,0,11.965825,4.194,,2.6724,2.672393035974065,0.0008503401360544217
B1,M0_B1,in_sample,full,0,11.965825,6.291,,2.5833,2.5833126621207345,0.0008503401360544217
B1,M0_B1,in_sample,full,0,11.965825,8.389,,2.5261,2.5259442853418705,0.0008503401360544217
B1,M0_B1,in_sample,full,0,11.965825,10.486,,2.4845,2.484542427334176,0.0008503401360544217
B1,M0_B1,in_sample,full,0,11.965825,12.583,,2.4527,2.452581529728757,0.0008503401360544217
B1,M0_B1,in_sample,full,0,11.965825,14.68,,2.4268,2.4268022089682213,0.0008503401360544217
B1,M0_B1,in_sample,full,0,11.965825,16.777,,2.4053,2.4053524365882755,0.0008503401360544217
B1,M0_B1,in_sample,full,0,11.965825,18.874,,2.3868,2.3870862847550463,0.0008503401360544217
B1,M0_B1,in_sample,full,0,11.965825,20.972,,2.3713,2.3712419605254733,0.0008503401360544217
B1,M0_B1,in_sample,full,0,11.965825,23.069,,2.3573,2.357312948852257,0.0008503401360544217
B1,M0_B1,in_sample,full,0,11.965825,25.166,,2.345,2.3449170286529863,0.0008503401360544217
B1,M0_B1,in_sample,full,0,11.965825,27.263,,2.3334,2.3337773187478885,0.0008503401360544217
B1,M0_B1,in_sample,full,0,11.965825,29.36,,2.3239,2.323683618029843,0.0008503401360544217
B1,M0_B1,in_sample,full,0,11.965825,31.457,,2.3144,2.3144728790932234,0.0008503401360544217
B1,M0_B1,in_sample,full,0,11.965825,33.554,,2.3061,2.3060162857930067,0.0008503401360544217
B1,M0_B1,in_sample,full,0,11.965825,35.652,,2.2981,2.2982068564247444,0.0008503401360544217
B1,M0_B1,in_sample,full,0,11.965825,37.749,,2.291,2.2909678477693047,0.0008503401360544217
B1,M0_B1,in_sample,full,0,11.965825,39.846,,2.2841,2.284226057486723,0.0008503401360544217
B1,M0_B1,in_sample,full,0,11.965825,41.943,,2.2778,2.277923739458047,0.0008503401360544217
B1,M0_B1,in_sample,full,0,11.965825,44.04,,2.2722,2.27201232935606,0.0008503401360544217
B1,M0_B1,in_sample,full,0,11.965825,46.137,,2.2664,2.2664506274488545,0.0008503401360544217
B1,M0_B1,in_sample,full,0,11.965825,48.234,,2.2612,2.2612034055217456,0.0008503401360544217
B1,M0_B1,in_sample,full,0,11.965825,50.332,,2.2563,2.2562380218586195,0.0008503401360544217
B1,M0_B1,in_sample,full,0,11.965825,52.429,,2.2516,2.2515329018951498,0.0008503401360544217
B1,M0_B1,in_sample,full,0,11.965825,54.526,,2.2471,2.2470626817930373,0.0008503401360544217
B1,M0_B1,in_sample,full,0,11.965825,56.623,,2.2428,2.2428072541467454,0.0008503401360544217
B1,M0_B1,in_sample,full,0,11.965825,58.72,,2.239,2.23874889827468,0.0008503401360544217
B1,M0_B1,in_sample,full,0,11.965825,60.817,,2.2349,2.234871923427787,0.0008503401360544217
B1,M0_B1,in_sample,full,0,11.965825,62.915,,2.2312,2.231160644505623,0.0008503401360544217
B1,M0_B1,in_sample,full,0,11.965825,65.012,,2.2277,2.2276061348327687,0.0008503401360544217
B1,M0_B1,in_sample,full,0,11.965825,67.109,,2.2243,2.224195419087658,0.0008503401360544217
B1,M0_B1,in_sample,full,0,11.965825,69.206,,2.221,2.2209184521692715,0.0008503401360544217
B1,M0_B1,in_sample,full,0,11.965825,71.303,,2.2178,2.217766168533723,0.0008503401360544217
B1,M0_B1,in_sample,full,0,11.965825,73.4,,2.2146,2.214730361140968,0.0008503401360544217
B1,M0_B1,in_sample,full,0,11.965825,75.497,,2.2119,2.2118035783395085,0.0008503401360544217
B1,M0_B1,in_sample,full,0,11.965825,77.595,,2.2089,2.2089777120514724,0.0008503401360544217
B1,M0_B1,in_sample,full,0,11.965825,79.692,,2.2063,2.2062492605618753,0.0008503401360544217
B1,M0_B1,in_sample,full,0,11.965825,81.789,,2.2035,2.203611185825507,0.0008503401360544217
B1,M0_B1,in_sample,full,0,11.965825,83.886,,2.201,2.201058289557497,0.0008503401360544217
B1,M0_B1,in_sample,full,0,11.965825,85.983,,2.1986,2.198585793043127,0.0008503401360544217
B1,M0_B1,in_sample,full,0,11.965825,88.08,,2.1962,2.1961892940077985,0.0008503401360544217
B1,M0_B1,in_sample,full,0,11.965825,90.178,,2.1939,2.193863636859538,0.0008503401360544217
B1,M0_B1,in_sample,full,0,11.965825,92.275,,2.1917,2.191607279007869,0.0008503401360544217
B1,M0_B1,in_sample,full,0,11.965825,94.372,,2.1894,2.189415613186485,0.0008503401360544217
B1,M0_B1,in_sample,full,0,11.965825,96.469,,2.1873,2.1872854077202755,0.0008503401360544217
B1,M0_B1,in_sample,full,0,11.965825,98.566,,2.1853,2.1852136582080064,0.0008503401360544217
B1,M0_B1,in_sample,full,0,11.965825,100.663,,2.1833,2.1831975671029245,0.0008503401360544217
B1,M0_B1,in_sample,full,0,11.965825,102.76,,2.1811,2.1812345255101184,0.0008503401360544217
B1,M0_B1,in_sample,full,0,11.965825,104.858,,2.1794,2.179321196642329,0.0008503401360544217
B1,M0_B1,in_sample,full,0,11.965825,106.955,,2.1775,2.1774571248902275,0.0008503401360544217
B1,M0_B1,in_sample,full,0,11.965825,109.052,,2.1756,2.175639252502463,0.0008503401360544217
B1,M0_B1,in_sample,full,0,11.965825,111.149,,2.174,2.1738655785470926,0.0008503401360544217
B1,M0_B1,in_sample,full,0,11.965825,113.246,,2.1721,2.1721342244441164,0.0008503401360544217
B1,M0_B1,in_sample,full,0,11.965825,115.343,,2.1704,2.1704434243814092,0.0008503401360544217
B1,M0_B1,in_sample,full,0,11.965825,117.441,,2.1688,2.168790737917165,0.0008503401360544217
B1,M0_B1,in_sample,full,0,11.965825,119.538,,2.1672,2.167176174447185,0.0008503401360544217
B1,M0_B1,in_sample,full,0,11.965825,121.635,,2.1655,2.1655974607143067,0.0008503401360544217
B1,M0_B1,in_sample,full,0,11.965825,123.732,,2.1639,2.1640532029274957,0.0008503401360544217
B1,M0_B1,in_sample,full,0,11.965825,125.829,,2.1627,2.162542083946959,0.0008503401360544217
B1,M0_B1,in_sample,full,0,11.965825,127.926,,2.161,2.16106285787411,0.0008503401360544217
B1,M0_B1,in_sample,full,0,11.965825,130.023,,2.1595,2.1596143451049574,0.0008503401360544217
B1,M0_B1,in_sample,full,0,11.965825,132.121,,2.158,2.1581947580480554,0.0008503401360544217
B1,M0_B1,in_sample,full,0,11.965825,134.218,,2.1568,2.156804389343697,0.0008503401360544217
B1,M0_B1,in_sample,full,0,11.965825,136.315,,2.1553,2.155441548977004,0.0008503401360544217
B1,M0_B1,in_sample,full,0,11.965825,138.412,,2.1542,2.154105280828663,0.0008503401360544217
B1,M0_B1,in_sample,full,0,11.965825,140.509,,2.1529,2.152794675836974,0.0008503401360544217
B1,M0_B1,in_sample,full,0,11.965825,142.606,,2.1515,2.151508869020301,0.0008503401360544217
B1,M0_B1,in_sample,full,0,11.965825,144.703,,2.1504,2.150247036728569,0.0008503401360544217
B1,M0_B1,in_sample,full,0,11.965825,146.801,,2.1491,2.149007808840938,0.0008503401360544217
B1,M0_B1,in_sample,full,0,11.965825,148.898,,2.1478,2.14779161799295,0.0008503401360544217
B1,M0_B1,in_sample,full,0,11.965825,150.995,,2.1464,2.146597153907767,0.0008503401360544217
B1,M0_B1,in_sample,full,0,11.965825,153.092,,2.1456,2.145423734692311,0.0008503401360544217
B1,M0_B1,in_sample,full,0,11.965825,155.189,,2.1442,2.144270708823916,0.0008503401360544217
B1,M0_B1,in_sample,full,0,11.965825,157.286,,2.143,2.1431374534088974,0.0008503401360544217
B1,M0_B1,in_sample,full,0,11.965825,159.384,,2.1421,2.1420228457714043,0.0008503401360544217
B1,M0_B1,in_sample,full,0,11.965825,161.481,,2.1411,2.1409273778498816,0.0008503401360544217
B1,M0_B1,in_sample,full,0,11.965825,163.578,,2.1399,2.1398499675698344,0.0008503401360544217
B1,M0_B1,in_sample,full,0,11.965825,165.675,,2.1388,2.1387900914370146,0.0008503401360544217
B1,M0_B1,in_sample,full,0,11.965825,167.772,,2.1378,2.137747247516018,0.0008503401360544217
B1,M0_B1,in_sample,full,0,11.965825,169.869,,2.1368,2.136720954286094,0.0008503401360544217
B1,M0_B1,in_sample,full,0,11.965825,171.966,,2.1358,2.135710749570957,0.0008503401360544217
B1,M0_B1,in_sample,full,0,11.965825,174.064,,2.1347,2.134715718922938,0.0008503401360544217
B1,M0_B1,in_sample,full,0,11.965825,176.161,,2.1337,2.1337363842986092,0.0008503401360544217
B1,M0_B1,in_sample,full,0,11.965825,178.258,,2.1328,2.1327718578286525,0.0008503401360544217
B1,M0_B1,in_sample,full,0,11.965825,180.355,,2.1318,2.1318217453130948,0.0008503401360544217
B1,M0_B1,in_sample,full,0,11.965825,182.452,,2.1309,2.130885667474416,0.0008503401360544217
B1,M0_B1,in_sample,full,0,11.965825,184.549,,2.1298,2.129963259228834,0.0008503401360544217
B1,M0_B1,in_sample,full,0,11.965825,186.647,,2.129,2.1290537386042088,0.0008503401360544217
B1,M0_B1,in_sample,full,0,11.965825,188.744,,2.1281,2.128157633792893,0.0008503401360544217
B1,M0_B1,in_sample,full,0,11.965825,190.841,,2.1272,2.1272741816788585,0.0008503401360544217
B1,M0_B1,in_sample,full,0,11.965825,192.938,,2.1264,2.126403067495517,0.0008503401360544217
B1,M0_B1,in_sample,full,0,11.965825,195.035,,2.1256,2.125543987619996,0.0008503401360544217
B1,M0_B1,in_sample,full,0,11.965825,197.132,,2.1248,2.1246966490638237,0.0008503401360544217
B1,M0_B1,in_sample,full,0,11.965825,199.229,,2.1238,2.123860768992031,0.0008503401360544217
B1,M0_B1,in_sample,full,0,11.965825,201.327,,2.123,2.123035683621132,0.0008503401360544217
B1,M0_B1,in_sample,full,0,11.965825,203.424,,2.1223,2.1222219155268793,0.0008503401360544217
B1,M0_B1,in_sample,full,0,11.965825,205.521,,2.1214,2.1214188137925425,0.0008503401360544217
B1,M0_B1,in_sample,full,0,11.965825,207.618,,2.1206,2.120626131897948,0.0008503401360544217
B1,M0_B1,in_sample,full,0,11.965825,209.715,,2.1199,2.1198436314373312,0.0008503401360544217
B1,M0_B1,in_sample,full,0,11.965825,211.812,,2.119,2.1190710817742744,0.0008503401360544217
B1,M0_B1,in_sample,full,0,11.965825,213.91,,2.1183,2.1183078982321644,0.0008503401360544217
B1,M0_B1,in_sample,full,0,11.965825,216.007,,2.1175,2.1175545921988186,0.0008503401360544217
B1,M0_B1,in_sample,full,0,11.965825,218.104,,2.1168,2.1168105883833737,0.0008503401360544217
B1,M0_B1,in_sample,full,0,11.965825,220.201,,2.1161,2.1160756841216997,0.0008503401360544217
B1,M0_B1,in_sample,full,0,11.965825,222.298,,2.1152,2.1153496830416163,0.0008503401360544217
B1,M0_B1,in_sample,full,0,11.965825,224.395,,2.1147,2.1146323948103825,0.0008503401360544217
B1,M0_B1,in_sample,full,0,11.965825,226.492,,2.1139,2.113923634894574,0.0008503401360544217
B1,M0_B1,in_sample,full,0,11.965825,228.59,,2.1133,2.113222892289547,0.0008503401360544217
B1,M0_B1,in_sample,full,0,11.965825,230.687,,2.1125,2.112530661328499,0.0008503401360544217
B1,M0_B1,in_sample,full,0,11.965825,232.784,,2.1119,2.1118464375691928,0.0008503401360544217
B1,M0_B1,in_sample,full,0,11.965825,234.881,,2.1112,2.111170057500164,0.0008503401360544217
B1,M0_B1,in_sample,full,0,11.965825,236.978,,2.1105,2.110501362370873,0.0008503401360544217
B1,M0_B1,in_sample,full,0,11.965825,239.075,,2.1099,2.1098401980124066,0.0008503401360544217
B1,M0_B1,in_sample,full,0,11.965825,241.172,,2.1092,2.1091864146664383,0.0008503401360544217
B1,M0_B1,in_sample,full,0,11.965825,243.27,,2.1085,2.108539560204988,0.0008503401360544217
B1,M0_B1,in_sample,full,0,11.965825,245.367,,2.1079,2.107900109792494,0.0008503401360544217
B1,M0_B1,in_sample,full,0,11.965825,247.464,,2.1072,2.1072676159206556,0.0008503401360544217
B1,M0_B1,in_sample,full,0,11.965825,249.561,,2.1066,2.106641944914914,0.0008503401360544217
B1,M0_B1,in_sample,full,0,11.965825,251.658,,2.1059,2.1060229667651478,0.0008503401360544217
B1,M0_B1,in_sample,full,0,11.965825,253.755,,2.1055,2.1054105549956734,0.0008503401360544217
B1,M0_B1,in_sample,full,0,11.965825,255.853,,2.1047,2.1048042990895452,0.0008503401360544217
B1,M0_B1,in_sample,full,0,11.965825,257.95,,2.1042,2.1042046571624144,0.0008503401360544217
B1,M0_B1,in_sample,full,0,11.965825,260.047,,2.1036,2.103611222123277,0.0008503401360544217
B1,M0_B1,in_sample,full,0,11.965825,262.144,,2.1031,2.1030238804443133,0.0008503401360544217
B1,M0_B1,in_sample,full,0,11.965825,264.241,,2.1024,2.102442521561227,0.0008503401360544217
B1,M0_B1,in_sample,full,0,11.965825,266.338,,2.102,2.101867037773092,0.0008503401360544217
B1,M0_B1,in_sample,full,0,11.965825,268.435,,2.1013,2.1012973241463513,0.0008503401360544217
B1,M0_B1,in_sample,full,0,11.965825,270.533,,2.1008,2.1007330107814104,0.0008503401360544217
B1,M0_B1,in_sample,full,0,11.965825,272.63,,2.1001,2.1001745359216226,0.0008503401360544217
B1,M0_B1,in_sample,full,0,11.965825,274.727,,2.0998,2.0996215320789036,0.0008503401360544217
B1,M0_B1,in_sample,full,0,11.965825,276.824,,2.099,2.099073904506237,0.0008503401360544217
B1,M0_B1,in_sample,full,0,11.965825,278.921,,2.0986,2.0985315607993473,0.0008503401360544217
B1,M0_B1,in_sample,full,0,11.965825,281.018,,2.098,2.0979944108216757,0.0008503401360544217
B1,M0_B1,in_sample,full,0,11.965825,283.116,,2.0975,2.09746211411972,0.0008503401360544217
B1,M0_B1,in_sample,full,0,11.965825,285.213,,2.0969,2.0969350922778167,0.0008503401360544217
B1,M0_B1,in_sample,full,0,11.965825,287.31,,2.0964,2.0964130066153817,0.0008503401360544217
B1,M0_B1,in_sample,full,0,11.965825,289.407,,2.0959,2.0958957753742657,0.0008503401360544217
B1,M0_B1,in_sample,full,0,11.965825,291.504,,2.0954,2.095383318730401,0.0008503401360544217
B1,M0_B1,in_sample,full,0,11.965825,293.601,,2.0949,2.0948755587345276,0.0008503401360544217
B1,M0_B1,in_sample,full,0,11.965825,295.698,,2.0945,2.0943724192551407,0.0008503401360544217
B1,M0_B1,in_sample,full,0,11.965825,297.796,,2.0938,2.093873589231367,0.0008503401360544217
B1,M0_B1,in_sample,full,0,11.965825,299.893,,2.0933,2.093379471505101,0.0008503401360544217
B1,M0_B1,validation,leave_N,0,0.070542,0.134,,4.7388,4.738647259002787,0.006802721088435374
B1,M0_B1,validation,leave_N,0,0.070542,0.268,,4.3541,4.354796470312894,0.006802721088435374
B1,M0_B1,validation,leave_N,0,0.070542,0.537,,4.0384,4.037859712554647,0.006802721088435374
B1,M0_B1,validation,leave_N,0,0.070542,1.074,,3.7776,3.777578466142904,0.006802721088435374
B1,M0_B1,validation,leave_N,0,0.070542,2.097,,3.5698,3.5699497631385024,0.006802721088435374
B1,M0_B1,validation,leave_N,0,0.070542,4.194,,3.3922,3.3921748605820343,0.006802721088435374
B1,M0_B1,validation,leave_N,0,0.070542,6.291,,3.3024,3.303093477248049,0.006802721088435374
B1,M0_B1,validation,leave_N,0,0.070542,8.389,,3.2452,3.245724104614905,0.006802721088435374
B1,M0_B1,validation,leave_N,0,0.070542,10.486,,3.2041,3.204321344477864,0.006802721088435374
B1,M0_B1,validation,leave_N,0,0.070542,12.583,,3.172,3.1723596382138495,0.006802721088435374
B1,M0_B1,validation,leave_N,0,0.070542,14.68,,3.1466,3.146579590111019,0.006802721088435374
B1,M0_B1,validation,leave_N,0,0.070542,16.777,,3.1248,3.1251291591445214,0.006802721088435374
B1,M0_B1,validation,leave_N,0,0.070542,18.874,,3.1064,3.1068624067573585,0.006802721088435374
B1,M0_B1,validation,leave_N,0,0.070542,20.972,,3.0913,3.0910175310079118,0.006802721088435374
B1,M0_B1,validation,leave_N,0,0.070542,23.069,,3.077,3.077088010302214,0.006802721088435374
B1,M0_B1,validation,leave_N,0,0.070542,25.166,,3.0646,3.0646916175508476,0.006802721088435374
B1,M0_B1,validation,leave_N,0,0.070542,27.263,,3.0531,3.0535514668888646,0.006802721088435374
B1,M0_B1,validation,leave_N,0,0.070542,29.36,,3.0432,3.043457353345179,0.006802721088435374
B1,M0_B1,validation,leave_N,0,0.070542,31.457,,3.0342,3.03424622629756,0.006802721088435374
B1,M0_B1,validation,leave_N,0,0.070542,33.554,,3.0254,3.0257892668989763,0.006802721088435374
B1,M0_B1,validation,leave_N,0,0.070542,35.652,,3.018,3.0179794909950415,0.006802721088435374
B1,M0_B1,validation,leave_N,0,0.070542,37.749,,3.0105,3.010740153741462,0.006802721088435374
B1,M0_B1,validation,leave_N,0,0.070542,39.846,,3.0039,3.0039980509470983,0.006802721088435374
B1,M0_B1,validation,leave_N,0,0.070542,41.943,,2.9975,2.997695435036712,0.006802721088435374
B1,M0_B1,validation,leave_N,0,0.070542,44.04,,2.9921,2.9917837404139163,0.006802721088435374
B1,M0_B1,validation,leave_N,0,0.070542,46.137,,2.9861,2.9862217662343036,0.006802721088435374
B1,M0_B1,validation,leave_N,0,0.070542,48.234,,2.9807,2.9809742833027983,0.006802721088435374
B1,M0_B1,validation,leave_N,0,0.070542,50.332,,2.9761,2.9760086489178845,0.006802721088435374
B1,M0_B1,validation,leave_N,0,0.070542,52.429,,2.971,2.971303287981486,0.006802721088435374
B1,M0_B1,validation,leave_N,0,0.070542,54.526,,2.9668,2.9668328358432174,0.006802721088435374
B1,M0_B1,validation,leave_N,0,0.070542,56.623,,2.9621,2.962577184478425,0.006802721088435374
B1,M0_B1,validation,leave_N,0,0.070542,58.72,,2.9582,2.958518612648067,0.006802721088435374
B1,M0_B1,validation,leave_N,0,0.070542,60.817,,2.9546,2.9546414290994227,0.006802721088435374
B1,M0_B1,validation,leave_N,0,0.070542,62.915,,2.951,2.950929948180764,0.006802721088435374
B1,M0_B1,validation,leave_N,0,0.070542,65.012,,2.9473,2.9473752429939566,0.006802721088435374
B1,M0_B1,validation,leave_N,0,0.070542,67.109,,2.9439,2.9439643377410536,0.006802721088435374
B1,M0_B1,validation,leave_N,0,0.070542,69.206,,2.9406,2.940687186974951,0.006802721088435374
B1,M0_B1,validation,leave_N,0,0.070542,71.303,,2.9372,2.9375347248345185,0.006802721088435374
B1,M0_B1,validation,leave_N,0,0.070542,73.4,,2.9343,2.9344987439882018,0.006802721088435374
B1,M0_B1,validation,leave_N,0,0.070542,75.497,,2.9314,2.9315717925160283,0.006802721088435374
B1,M0_B1,validation,leave_N,0,0.070542,77.595,,2.9289,2.9287457620151045,0.006802721088435374
B1,M0_B1,validation,leave_N,0,0.070542,79.692,,2.926,2.9260171506977217,0.006802721088435374
B1,M0_B1,validation,leave_N,0,0.070542,81.789,,2.923,2.923378920226968,0.006802721088435374
B1,M0_B1,validation,leave_N,0,0.070542,83.886,,2.9208,2.9208258721208096,0.006802721088435374
B1,M0_B1,validation,leave_N,0,0.070542,85.983,,2.9182,2.918353227481158,0.006802721088435374
B1,M0_B1,validation,leave_N,0,0.070542,88.08,,2.9158,2.9159565838625814,0.006802721088435374
B1,M0_B1,validation,leave_N,0,0.070542,90.178,,2.9137,2.91363078544715,0.006802721088435374
B1,M0_B1,validation,leave_N,0,0.070542,92.275,,2.9115,2.911374289630026,0.006802721088435374
B1,M0_B1,validation,leave_N,0,0.070542,94.372,,2.9093,2.9091824889373497,0.006802721088435374
B1,M0_B1,validation,leave_N,0,0.070542,96.469,,2.9068,2.907052151563336,0.006802721088435374
B1,M0_B1,validation,leave_N,0,0.070542,98.566,,2.9049,2.9049802729841097,0.006802721088435374
B1,M0_B1,validation,leave_N,0,0.070542,100.663,,2.903,2.902964055537668,0.006802721088435374
B1,M0_B1,validation,leave_N,0,0.070542,102.76,,2.9011,2.9010008902206623,0.006802721088435374
B1,M0_B1,validation,leave_N,0,0.070542,104.858,,2.8989,2.8990874400864644,0.006802721088435374
B1,M0_B1,validation,leave_N,0,0.070542,106.955,,2.8971,2.897223249544971,0.006802721088435374
B1,M0_B1,validation,leave_N,0,0.070542,109.052,,2.8951,2.8954052606954814,0.006802721088435374
B1,M0_B1,validation,leave_N,0,0.070542,111.149,,2.8933,2.8936314725200853,0.006802721088435374
B1,M0_B1,validation,leave_N,0,0.070542,113.246,,2.892,2.891900006357446,0.006802721088435374
B1,M0_B1,validation,leave_N,0,0.070542,115.343,,2.8904,2.890209096318407,0.006802721088435374
B1,M0_B1,validation,leave_N,0,0.070542,117.441,,2.8885,2.8885563018371245,0.006802721088435374
B1,M0_B1,validation,leave_N,0,0.070542,119.538,,2.8871,2.8869416323430572,0.006802721088435374
B1,M0_B1,validation,leave_N,0,0.070542,121.635,,2.8854,2.8853628144612853,0.006802721088435374
B1,M0_B1,validation,leave_N,0,0.070542,123.732,,2.8836,2.8838184543382344,0.006802721088435374
B1,M0_B1,validation,leave_N,0,0.070542,125.829,,2.8823,2.8823072347746166,0.006802721088435374
B1,M0_B1,validation,leave_N,0,0.070542,127.926,,2.8811,2.880827909815204,0.006802721088435374
B1,M0_B1,validation,leave_N,0,0.070542,130.023,,2.8793,2.8793792998020384,0.006802721088435374
B1,M0_B1,validation,leave_N,0,0.070542,132.121,,2.8782,2.877959617046972,0.006802721088435374
B1,M0_B1,validation,leave_N,0,0.070542,134.218,,2.876,2.8765691542324037,0.006802721088435374
B1,M0_B1,validation,leave_N,0,0.070542,136.315,,2.8753,2.8752062212505787,0.006802721088435374
B1,M0_B1,validation,leave_N,0,0.070542,138.412,,2.8738,2.873869861937383,0.006802721088435374
B1,M0_B1,validation,leave_N,0,0.070542,140.509,,2.8724,2.872559167188276,0.006802721088435374
B1,M0_B1,validation,leave_N,0,0.070542,142.606,,2.8712,2.871273271980634,0.006802721088435374
B1,M0_B1,validation,leave_N,0,0.070542,144.703,,2.8696,2.870011352625139,0.006802721088435374
B1,M0_B1,validation,leave_N,0,0.070542,146.801,,2.8687,2.8687720389227556,0.006802721088435374
B1,M0_B1,validation,leave_N,0,0.070542,148.898,,2.8676,2.8675557635547815,0.006802721088435374
B1,M0_B1,validation,leave_N,0,0.070542,150.995,,2.8666,2.866361216168609,0.006802721088435374
B1,M0_B1,validation,leave_N,0,0.070542,153.092,,2.865,2.8651877148379934,0.006802721088435374
B1,M0_B1,validation,leave_N,0,0.070542,155.189,,2.8638,2.8640346080084194,0.006802721088435374
B1,M0_B1,validation,leave_N,0,0.070542,157.286,,2.8628,2.8629012727556087,0.006802721088435374
B1,M0_B1,validation,leave_N,0,0.070542,159.384,,2.8619,2.8617865863370078,0.006802721088435374
B1,M0_B1,validation,leave_N,0,0.070542,161.481,,2.8607,2.8606910407378705,0.006802721088435374
B1,M0_B1,validation,leave_N,0,0.070542,163.578,,2.8595,2.859613553818683,0.006802721088435374
B1,M0_B1,validation,leave_N,0,0.070542,165.675,,2.8586,2.858553602059004,0.006802721088435374
B1,M0_B1,validation,leave_N,0,0.070542,167.772,,2.8575,2.8575106834982043,0.006802721088435374
B1,M0_B1,validation,leave_N,0,0.070542,169.869,,2.8566,2.856484316591229,0.006802721088435374
B1,M0_B1,validation,leave_N,0,0.070542,171.966,,2.8553,2.855474039138362,0.006802721088435374
B1,M0_B1,validation,leave_N,0,0.070542,174.064,,2.8544,2.8544789366353087,0.006802721088435374
B1,M0_B1,validation,leave_N,0,0.070542,176.161,,2.8534,2.8534995310853324,0.006802721088435374
B1,M0_B1,validation,leave_N,0,0.070542,178.258,,2.8522,2.8525349345636126,0.006802721088435374
B1,M0_B1,validation,leave_N,0,0.070542,180.355,,2.8516,2.8515847528498623,0.006802721088435374
B1,M0_B1,validation,leave_N,0,0.070542,182.452,,2.8506,2.8506486066469394,0.006802721088435374
B1,M0_B1,validation,leave_N,0,0.070542,184.549,,2.8497,2.849726130852102,0.006802721088435374
B1,M0_B1,validation,leave_N,0,0.070542,186.647,,2.8487,2.8488165434432355,0.006802721088435374
B1,M0_B1,validation,leave_N,0,0.070542,188.744,,2.8476,2.847920372658626,0.006802721088435374
B1,M0_B1,validation,leave_N,0,0.070542,190.841,,2.8469,2.8470368553330765,0.006802721088435374
B1,M0_B1,validation,leave_N,0,0.070542,192.938,,2.8461,2.846165676683406,0.006802721088435374
B1,M0_B1,validation,leave_N,0,0.070542,195.035,,2.8451,2.8453065330706777,0.006802721088435374
B1,M0_B1,validation,leave_N,0,0.070542,197.132,,2.8444,2.844459131490865,0.006802721088435374
B1,M0_B1,validation,leave_N,0,0.070542,199.229,,2.8436,2.843623189093927,0.006802721088435374
B1,M0_B1,validation,leave_N,0,0.070542,201.327,,2.8431,2.8427980420525425,0.006802721088435374
B1,M0_B1,validation,leave_N,0,0.070542,203.424,,2.842,2.841984212987091,0.006802721088435374
B1,M0_B1,validation,leave_N,0,0.070542,205.521,,2.8412,2.8411810509375615,0.006802721088435374
B1,M0_B1,validation,leave_N,0,0.070542,207.618,,2.8403,2.840388309370465,0.006802721088435374
B1,M0_B1,validation,leave_N,0,0.070542,209.715,,2.8392,2.839605749867121,0.006802721088435374
B1,M0_B1,validation,leave_N,0,0.070542,211.812,,2.8388,2.8388331417785735,0.006802721088435374
B1,M0_B1,validation,leave_N,0,0.070542,213.91,,2.838,2.8380699003886094,0.006802721088435374
B1,M0_B1,validation,leave_N,0,0.070542,216.007,,2.8377,2.837316537128369,0.006802721088435374
B1,M0_B1,validation,leave_N,0,0.070542,218.104,,2.8365,2.836572476667791,0.006802721088435374
B1,M0_B1,validation,leave_N,0,0.070542,220.201,,2.8358,2.8358375163315923,0.006802721088435374
B1,M0_B1,validation,leave_N,0,0.070542,222.298,,2.8351,2.8351114597367517,0.006802721088435374
B1,M0_B1,validation,leave_N,0,0.070542,224.395,,2.8341,2.8343941165399897,0.006802721088435374
B1,M0_B1,validation,leave_N,0,0.070542,226.492,,2.8338,2.833685302197634,0.006802721088435374
B1,M0_B1,validation,leave_N,0,0.070542,228.59,,2.8331,2.8329845056694962,0.006802721088435374
B1,M0_B1,validation,leave_N,0,0.070542,230.687,,2.8324,2.8322922213304778,0.006802721088435374
B1,M0_B1,validation,leave_N,0,0.070542,232.784,,2.8314,2.8316079447030775,0.006802721088435374
B1,M0_B1,validation,leave_N,0,0.070542,234.881,,2.8311,2.830931512266647,0.006802721088435374
B1,M0_B1,validation,leave_N,0,0.070542,236.978,,2.83,2.830262765261705,0.006802721088435374
B1,M0_B1,validation,leave_N,0,0.070542,239.075,,2.8297,2.8296015495106297,0.006802721088435374
B1,M0_B1,validation,leave_N,0,0.070542,241.172,,2.8293,2.828947715246615,0.006802721088435374
B1,M0_B1,validation,leave_N,0,0.070542,243.27,,2.8281,2.8283008103094676,0.006802721088435374
B1,M0_B1,validation,leave_N,0,0.070542,245.367,,2.8275,2.8276613099036894,0.006802721088435374
B1,M0_B1,validation,leave_N,0,0.070542,247.464,,2.827,2.827028766488961,0.006802721088435374
B1,M0_B1,validation,leave_N,0,0.070542,249.561,,2.8263,2.8264030463830756,0.006802721088435374
B1,M0_B1,validation,leave_N,0,0.070542,251.658,,2.8255,2.82578401956845,0.006802721088435374
B1,M0_B1,validation,leave_N,0,0.070542,253.755,,2.8251,2.825171559562126,0.006802721088435374
B1,M0_B1,validation,leave_N,0,0.070542,255.853,,2.8243,2.8245652558173577,0.006802721088435374
B1,M0_B1,validation,leave_N,0,0.070542,257.95,,2.824,2.8239655664884737,0.006802721088435374
B1,M0_B1,validation,leave_N,0,0.070542,260.047,,2.8232,2.8233720844548107,0.006802721088435374
B1,M0_B1,validation,leave_N,0,0.070542,262.144,,2.823,2.8227846961819547,0.006802721088435374
B1,M0_B1,validation,leave_N,0,0.070542,264.241,,2.822,2.8222032910991697,0.006802721088435374
B1,M0_B1,validation,leave_N,0,0.070542,266.338,,2.8215,2.8216277614992435,0.006802721088435374
B1,M0_B1,validation,leave_N,0,0.070542,268.435,,2.8212,2.821058002442479,0.006802721088435374
B1,M0_B1,validation,leave_N,0,0.070542,270.533,,2.8202,2.8204936440018895,0.006802721088435374
B1,M0_B1,validation,leave_N,0,0.070542,272.63,,2.8199,2.8199351244579365,0.006802721088435374
B1,M0_B1,validation,leave_N,0,0.070542,274.727,,2.8196,2.819382076295237,0.006802721088435374
B1,M0_B1,validation,leave_N,0,0.070542,276.824,,2.8185,2.8188344047611804,0.006802721088435374
B1,M0_B1,validation,leave_N,0,0.070542,278.921,,2.8183,2.8182920174460224,0.006802721088435374
B1,M0_B1,validation,leave_N,0,0.070542,281.018,,2.8178,2.8177548242078583,0.006802721088435374
B1,M0_B1,validation,leave_N,0,0.070542,283.116,,2.8173,2.8172224845675737,0.006802721088435374
B1,M0_B1,validation,leave_N,0,0.070542,285.213,,2.8164,2.8166954201453227,0.006802721088435374
B1,M0_B1,validation,leave_N,0,0.070542,287.31,,2.8159,2.816173292234975,0.006802721088435374
B1,M0_B1,validation,leave_N,0,0.070542,289.407,,2.8157,2.815656019073489,0.006802721088435374
B1,M0_B1,validation,leave_N,0,0.070542,291.504,,2.8152,2.8151435208320126,0.006802721088435374
B1,M0_B1,validation,leave_N,0,0.070542,293.601,,2.8146,2.8146357195566014,0.006802721088435374
B1,M0_B1,validation,leave_N,0,0.070542,295.698,,2.8142,2.8141325391111693,0.006802721088435374
B1,M0_B1,validation,leave_N,0,0.070542,297.796,,2.8135,2.8136336684110406,0.006802721088435374
B1,M0_B1,validation,leave_N,0,0.070542,299.893,,2.8131,2.8131395103324914,0.006802721088435374
B1,M0_B1,validation,leave_N,1,0.162405,0.134,,4.5235,4.523310694195031,0.006802721088435374
B1,M0_B1,validation,leave_N,1,0.162405,0.268,,4.1397,4.139446782378895,0.006802721088435374
B1,M0_B1,validation,leave_N,1,0.162405,0.537,,3.8226,3.8225037050659885,0.006802721088435374
B1,M0_B1,validation,leave_N,1,0.162405,1.074,,3.5629,3.5622209780185643,0.006802721088435374
B1,M0_B1,validation,leave_N,1,0.162405,2.097,,3.3548,3.3545940005548713,0.006802721088435374
B1,M0_B1,validation,leave_N,1,0.162405,4.194,,3.1771,3.1768230585570305,0.006802721088435374
B1,M0_B1,validation,leave_N,1,0.162405,6.291,,3.0883,3.08774467785841,0.006802721088435374
B1,M0_B1,validation,leave_N,1,0.162405,8.389,,3.0304,3.0303776494422934,0.006802721088435374
B1,M0_B1,validation,leave_N,1,0.162405,10.486,,2.9888,2.9889767988843183,0.006802721088435374
B1,M0_B1,validation,leave_N,1,0.162405,12.583,,2.9568,2.9570167000205663,0.006802721088435374
B1,M0_B1,validation,leave_N,1,0.162405,14.68,,2.9311,2.9312380375801173,0.006802721088435374
B1,M0_B1,validation,leave_N,1,0.162405,16.777,,2.9098,2.9097888229590776,0.006802721088435374
B1,M0_B1,validation,leave_N,1,0.162405,18.874,,2.8916,2.891523153539674,0.006802721088435374
B1,M0_B1,validation,leave_N,1,0.162405,20.972,,2.8757,2.8756792534923266,0.006802721088435374
B1,M0_B1,validation,leave_N,1,0.162405,23.069,,2.8619,2.861750619254016,0.006802721088435374
B1,M0_B1,validation,leave_N,1,0.162405,25.166,,2.8494,2.8493550386082935,0.006802721088435374
B1,M0_B1,validation,leave_N,1,0.162405,27.263,,2.8385,2.8382156368603986,0.006802721088435374
B1,M0_B1,validation,leave_N,1,0.162405,29.36,,2.8281,2.8281222178839815,0.006802721088435374
B1,M0_B1,validation,leave_N,1,0.162405,31.457,,2.8195,2.818911738177971,0.006802721088435374
B1,M0_B1,validation,leave_N,1,0.162405,33.554,,2.8106,2.810455384712249,0.006802721088435374
B1,M0_B1,validation,leave_N,1,0.162405,35.652,,2.8025,2.8026461784078642,0.006802721088435374
B1,M0_B1,validation,leave_N,1,0.162405,37.749,,2.7952,2.7954073779043025,0.006802721088435374
B1,M0_B1,validation,leave_N,1,0.162405,39.846,,2.7888,2.7886657826908383,0.006802721088435374
B1,M0_B1,validation,leave_N,1,0.162405,41.943,,2.7823,2.7823636480907723,0.006802721088435374
B1,M0_B1,validation,leave_N,1,0.162405,44.04,,2.7766,2.77645241099814,0.006802721088435374
B1,M0_B1,validation,leave_N,1,0.162405,46.137,,2.771,2.7708908727237933,0.006802721088435374
B1,M0_B1,validation,leave_N,1,0.162405,48.234,,2.7656,2.765643805950127,0.006802721088435374
B1,M0_B1,validation,leave_N,1,0.162405,50.332,,2.7605,2.7606785698066596,0.006802721088435374
B1,M0_B1,validation,leave_N,1,0.162405,52.429,,2.7557,2.755973590265971,0.006802721088435374
B1,M0_B1,validation,leave_N,1,0.162405,54.526,,2.7514,2.751503504155541,0.006802721088435374
B1,M0_B1,validation,leave_N,1,0.162405,56.623,,2.7474,2.7472482045930127,0.006802721088435374
B1,M0_B1,validation,leave_N,1,0.162405,58.72,,2.7432,2.7431899713600862,0.006802721088435374
B1,M0_B1,validation,leave_N,1,0.162405,60.817,,2.7391,2.7393131141198177,0.006802721088435374
B1,M0_B1,validation,leave_N,1,0.162405,62.915,,2.7356,2.7356019481926768,0.006802721088435374
B1,M0_B1,validation,leave_N,1,0.162405,65.012,,2.7321,2.732047547125744,0.006802721088435374
B1,M0_B1,validation,leave_N,1,0.162405,67.109,,2.7285,2.7286369359494596,0.006802721088435374
B1,M0_B1,validation,leave_N,1,0.162405,69.206,,2.7254,2.725360069831061,0.006802721088435374
B1,M0_B1,validation,leave_N,1,0.162405,71.303,,2.7222,2.7222078834696797,0.006802721088435374
B1,M0_B1,validation,leave_N,1,0.162405,73.4,,2.719,2.719172170046081,0.006802721088435374
B1,M0_B1,validation,leave_N,1,0.162405,75.497,,2.7163,2.7162454781099656,0.006802721088435374
B1,M0_B1,validation,leave_N,1,0.162405,77.595,,2.7135,2.713419699808544,0.006802721088435374
B1,M0_B1,validation,leave_N,1,0.162405,79.692,,2.7109,2.710691333511371,0.006802721088435374
B1,M0_B1,validation,leave_N,1,0.162405,81.789,,2.7082,2.708053341370408,0.006802721088435374
B1,M0_B1,validation,leave_N,1,0.162405,83.886,,2.7053,2.70550052524299,0.006802721088435374
B1,M0_B1,validation,leave_N,1,0.162405,85.983,,2.7029,2.703028106545524,0.006802721088435374
B1,M0_B1,validation,leave_N,1,0.162405,88.08,,2.7007,2.7006316831245627,0.006802721088435374
B1,M0_B1,validation,leave_N,1,0.162405,90.178,,2.6984,2.698306099534868,0.006802721088435374
B1,M0_B1,validation,leave_N,1,0.162405,92.275,,2.6961,2.696049813219894,0.006802721088435374
B1,M0_B1,validation,leave_N,1,0.162405,94.372,,2.6945,2.693858217045516,0.006802721088435374
B1,M0_B1,validation,leave_N,1,0.162405,96.469,,2.6918,2.691728079426547,0.006802721088435374
B1,M0_B1,validation,leave_N,1,0.162405,98.566,,2.6898,2.6896563960455695,0.006802721088435374
B1,M0_B1,validation,leave_N,1,0.162405,100.663,,2.6878,2.687640369434073,0.006802721088435374
B1,M0_B1,validation,leave_N,1,0.162405,102.76,,2.6858,2.6856773907702927,0.006802721088435374
B1,M0_B1,validation,leave_N,1,0.162405,104.858,,2.6837,2.6837641233643956,0.006802721088435374
B1,M0_B1,validation,leave_N,1,0.162405,106.955,,2.682,2.68190011161268,0.006802721088435374
B1,M0_B1,validation,leave_N,1,0.162405,109.052,,2.68,2.6800822978536942,0.006802721088435374
B1,M0_B1,validation,leave_N,1,0.162405,111.149,,2.6783,2.678308681212121,0.006802721088435374
B1,M0_B1,validation,leave_N,1,0.162405,113.246,,2.6765,2.676577383161238,0.006802721088435374
B1,M0_B1,validation,leave_N,1,0.162405,115.343,,2.6749,2.674886637939111,0.006802721088435374
B1,M0_B1,validation,leave_N,1,0.162405,117.441,,2.6736,2.673234005176591,0.006802721088435374
B1,M0_B1,validation,leave_N,1,0.162405,119.538,,2.6713,2.6716194942629845,0.006802721088435374
B1,M0_B1,validation,leave_N,1,0.162405,121.635,,2.6702,2.6700408320092226,0.006802721088435374
B1,M0_B1,validation,leave_N,1,0.162405,123.732,,2.6683,2.6684966246642126,0.006802721088435374
B1,M0_B1,validation,leave_N,1,0.162405,125.829,,2.6669,2.66698555512598,0.006802721088435374
B1,M0_B1,validation,leave_N,1,0.162405,127.926,,2.6657,2.665506377531778,0.006802721088435374
B1,M0_B1,validation,leave_N,1,0.162405,130.023,,2.6641,2.664057912311615,0.006802721088435374
B1,M0_B1,validation,leave_N,1,0.162405,132.121,,2.6625,2.662638371928358,0.006802721088435374
B1,M0_B1,validation,leave_N,1,0.162405,134.218,,2.6611,2.6612480490084884,0.006802721088435374
B1,M0_B1,validation,leave_N,1,0.162405,136.315,,2.66,2.6598852535887496,0.006802721088435374
B1,M0_B1,validation,leave_N,1,0.162405,138.412,,2.6584,2.658549029577583,0.006802721088435374
B1,M0_B1,validation,leave_N,1,0.162405,140.509,,2.6573,2.657238467939723,0.006802721088435374
B1,M0_B1,validation,leave_N,1,0.162405,142.606,,2.656,2.6559527037187283,0.006802721088435374
B1,M0_B1,validation,leave_N,1,0.162405,144.703,,2.6546,2.654690913288555,0.006802721088435374
B1,M0_B1,validation,leave_N,1,0.162405,146.801,,2.6538,2.6534517265707565,0.006802721088435374
B1,M0_B1,validation,leave_N,1,0.162405,148.898,,2.6523,2.6522355761835437,0.006802721088435374
B1,M0_B1,validation,leave_N,1,0.162405,150.995,,2.6507,2.651041151890806,0.006802721088435374
B1,M0_B1,validation,leave_N,1,0.162405,153.092,,2.6499,2.649867771819487,0.006802721088435374
B1,M0_B1,validation,leave_N,1,0.162405,155.189,,2.6486,2.648714784466081,0.006802721088435374
B1,M0_B1,validation,leave_N,1,0.162405,157.286,,2.6477,2.6475815669552483,0.006802721088435374
B1,M0_B1,validation,leave_N,1,0.162405,159.384,,2.6464,2.6464669966463683,0.006802721088435374
B1,M0_B1,validation,leave_N,1,0.162405,161.481,,2.6454,2.6453715654591554,0.006802721088435374
B1,M0_B1,validation,leave_N,1,0.162405,163.578,,2.6444,2.6442941913532074,0.006802721088435374
B1,M0_B1,validation,leave_N,1,0.162405,165.675,,2.6434,2.643234350849784,0.006802721088435374
B1,M0_B1,validation,leave_N,1,0.162405,167.772,,2.642,2.642191542028371,0.006802721088435374
B1,M0_B1,validation,leave_N,1,0.162405,169.869,,2.6411,2.641165283382522,0.006802721088435374
B1,M0_B1,validation,leave_N,1,0.162405,171.966,,2.6401,2.6401551127496994,0.006802721088435374
B1,M0_B1,validation,leave_N,1,0.162405,174.064,,2.6391,2.63916011571136,0.006802721088435374
B1,M0_B1,validation,leave_N,1,0.162405,176.161,,2.6385,2.6381808142047594,0.006802721088435374
B1,M0_B1,validation,leave_N,1,0.162405,178.258,,2.6373,2.6372163203889576,0.006802721088435374
B1,M0_B1,validation,leave_N,1,0.162405,180.355,,2.6361,2.636266240075769,0.006802721088435374
B1,M0_B1,validation,leave_N,1,0.162405,182.452,,2.6355,2.6353301939990295,0.006802721088435374
B1,M0_B1,validation,leave_N,1,0.162405,184.549,,2.6347,2.634407817085903,0.006802721088435374
B1,M0_B1,validation,leave_N,1,0.162405,186.647,,2.6337,2.633498327389445,0.006802721088435374
B1,M0_B1,validation,leave_N,1,0.162405,188.744,,2.6324,2.632602253082709,0.006802721088435374
B1,M0_B1,validation,leave_N,1,0.162405,190.841,,2.6317,2.6317188310743296,0.006802721088435374
B1,M0_B1,validation,leave_N,1,0.162405,192.938,,2.6311,2.630847746607202,0.006802721088435374
B1,M0_B1,validation,leave_N,1,0.162405,195.035,,2.6299,2.6299886960676107,0.006802721088435374
B1,M0_B1,validation,leave_N,1,0.162405,197.132,,2.6292,2.6291413864759328,0.006802721088435374
B1,M0_B1,validation,leave_N,1,0.162405,199.229,,2.6284,2.628305535005748,0.006802721088435374
B1,M0_B1,validation,leave_N,1,0.162405,201.327,,2.6274,2.627480477895224,0.006802721088435374
B1,M0_B1,validation,leave_N,1,0.162405,203.424,,2.6267,2.6266667377011728,0.006802721088435374
B1,M0_B1,validation,leave_N,1,0.162405,205.521,,2.6254,2.6258636635281527,0.006802721088435374
B1,M0_B1,validation,leave_N,1,0.162405,207.618,,2.6249,2.6250710088634754,0.006802721088435374
B1,M0_B1,validation,leave_N,1,0.162405,209.715,,2.6243,2.6242885353086254,0.006802721088435374
B1,M0_B1,validation,leave_N,1,0.162405,211.812,,2.6234,2.623516012234202,0.006802721088435374
B1,M0_B1,validation,leave_N,1,0.162405,213.91,,2.623,2.622752854982852,0.006802721088435374
B1,M0_B1,validation,leave_N,1,0.162405,216.007,,2.6218,2.621999574923921,0.006802721088435374
B1,M0_B1,validation,leave_N,1,0.162405,218.104,,2.6212,2.6212555967855384,0.006802721088435374
B1,M0_B1,validation,leave_N,1,0.162405,220.201,,2.6206,2.6205207179097676,0.006802721088435374
B1,M0_B1,validation,leave_N,1,0.162405,222.298,,2.62,2.6197947419304355,0.006802721088435374
B1,M0_B1,validation,leave_N,1,0.162405,224.395,,2.6189,2.61907747852063,0.006802721088435374
B1,M0_B1,validation,leave_N,1,0.162405,226.492,,2.6186,2.6183687431525833,0.006802721088435374
B1,M0_B1,validation,leave_N,1,0.162405,228.59,,2.6177,2.617668024838658,0.006802721088435374
B1,M0_B1,validation,leave_N,1,0.162405,230.687,,2.6169,2.616975817894229,0.006802721088435374
B1,M0_B1,validation,leave_N,1,0.162405,232.784,,2.6164,2.6162916178938795,0.006802721088435374
B1,M0_B1,validation,leave_N,1,0.162405,234.881,,2.6157,2.615615261331178,0.006802721088435374
B1,M0_B1,validation,leave_N,1,0.162405,236.978,,2.6149,2.614946589460474,0.006802721088435374
B1,M0_B1,validation,leave_N,1,0.162405,239.075,,2.6143,2.614285448117607,0.006802721088435374
B1,M0_B1,validation,leave_N,1,0.162405,241.172,,2.6136,2.6136316875488736,0.006802721088435374
B1,M0_B1,validation,leave_N,1,0.162405,243.27,,2.613,2.612984855641482,0.006802721088435374
B1,M0_B1,validation,leave_N,1,0.162405,245.367,,2.6125,2.612345427542744,0.006802721088435374
B1,M0_B1,validation,leave_N,1,0.162405,247.464,,2.612,2.6117129557594185,0.006802721088435374
B1,M0_B1,validation,leave_N,1,0.162405,249.561,,2.6109,2.6110873066210876,0.006802721088435374
B1,M0_B1,validation,leave_N,1,0.162405,251.658,,2.6108,2.6104683501216592,0.006802721088435374
B1,M0_B1,validation,leave_N,1,0.162405,253.755,,2.6096,2.6098559597893747,0.006802721088435374
B1,M0_B1,validation,leave_N,1,0.162405,255.853,,2.6092,2.6092497251211832,0.006802721088435374
B1,M0_B1,validation,leave_N,1,0.162405,257.95,,2.6088,2.608650104216214,0.006802721088435374
B1,M0_B1,validation,leave_N,1,0.162405,260.047,,2.6081,2.6080566899972624,0.006802721088435374
B1,M0_B1,validation,leave_N,1,0.162405,262.144,,2.6074,2.607469368940044,0.006802721088435374
B1,M0_B1,validation,leave_N,1,0.162405,264.241,,2.6069,2.6068880304837068,0.006802721088435374
B1,M0_B1,validation,leave_N,1,0.162405,266.338,,2.6063,2.6063125669306837,0.006802721088435374
B1,M0_B1,validation,leave_N,1,0.162405,268.435,,2.6057,2.6057428733506924,0.006802721088435374
B1,M0_B1,validation,leave_N,1,0.162405,270.533,,2.6053,2.605178579856761,0.006802721088435374
B1,M0_B1,validation,leave_N,1,0.162405,272.63,,2.6047,2.6046201246764165,0.006802721088435374
B1,M0_B1,validation,leave_N,1,0.162405,274.727,,2.604,2.60406714033413,0.006802721088435374
B1,M0_B1,validation,leave_N,1,0.162405,276.824,,2.6037,2.603519532085852,0.006802721088435374
B1,M0_B1,validation,leave_N,1,0.162405,278.921,,2.603,2.602977207530203,0.006802721088435374
B1,M0_B1,validation,leave_N,1,0.162405,281.018,,2.6026,2.60244007653345,0.006802721088435374
B1,M0_B1,validation,leave_N,1,0.162405,283.116,,2.602,2.6019077986537833,0.006802721088435374
B1,M0_B1,validation,leave_N,1,0.162405,285.213,,2.6013,2.6013807954602925,0.006802721088435374
B1,M0_B1,validation,leave_N,1,0.162405,287.31,,2.6008,2.6008587282840385,0.006802721088435374
B1,M0_B1,validation,leave_N,1,0.162405,289.407,,2.6005,2.600341515369443,0.006802721088435374
B1,M0_B1,validation,leave_N,1,0.162405,291.504,,2.5999,2.5998290768949515,0.006802721088435374
B1,M0_B1,validation,leave_N,1,0.162405,293.601,,2.5993,2.599321334913759,0.006802721088435374
B1,M0_B1,validation,leave_N,1,0.162405,295.698,,2.5989,2.598818213296762,0.006802721088435374
B1,M0_B1,validation,leave_N,1,0.162405,297.796,,2.5985,2.598319400993845,0.006802721088435374
B1,M0_B1,validation,leave_N,1,0.162405,299.893,,2.5978,2.5978253008323025,0.006802721088435374
B1,M0_B1,validation,leave_N,2,0.409009,0.134,,4.3461,4.346394174789511,0.006802721088435374
B1,M0_B1,validation,leave_N,2,0.409009,0.268,,3.9625,3.96251773615329,0.006802721088435374
B1,M0_B1,validation,leave_N,2,0.409009,0.537,,3.6458,3.645565197774101,0.006802721088435374
B1,M0_B1,validation,leave_N,2,0.409009,1.074,,3.3856,3.3852754253879995,0.006802721088435374
B1,M0_B1,validation,leave_N,2,0.409009,2.097,,3.1777,3.1776433954987517,0.006802721088435374
B1,M0_B1,validation,leave_N,2,0.409009,4.194,,2.9999,2.999868612511677,0.006802721088435374
B1,M0_B1,validation,leave_N,2,0.409009,6.291,,2.9109,2.9107885059566003,0.006802721088435374
B1,M0_B1,validation,leave_N,2,0.409009,8.389,,2.8533,2.8534204462399497,0.006802721088435374
B1,M0_B1,validation,leave_N,2,0.409009,10.486,,2.8125,2.812018893939489,0.006802721088435374
B1,M0_B1,validation,leave_N,2,0.409009,12.583,,2.7799,2.780058279377434,0.006802721088435374
B1,M0_B1,validation,leave_N,2,0.409009,14.68,,2.754,2.754279218389337,0.006802721088435374
B1,M0_B1,validation,leave_N,2,0.409009,16.777,,2.733,2.732829684536012,0.006802721088435374
B1,M0_B1,validation,leave_N,2,0.409009,18.874,,2.7147,2.7145637524737056,0.006802721088435374
B1,M0_B1,validation,leave_N,2,0.409009,20.972,,2.6988,2.6987196316985793,0.006802721088435374
B1,M0_B1,validation,leave_N,2,0.409009,23.069,,2.6849,2.6847908090213854,0.006802721088435374
B1,M0_B1,validation,leave_N,2,0.409009,25.166,,2.6724,2.672395065208981,0.006802721088435374
B1,M0_B1,validation,leave_N,2,0.409009,27.263,,2.6611,2.661255520561078,0.006802721088435374
B1,M0_B1,validation,leave_N,2,0.409009,29.36,,2.6512,2.6511619752224624,0.006802721088435374
B1,M0_B1,validation,leave_N,2,0.409009,31.457,,2.6418,2.641951382850557,0.006802721088435374
B1,M0_B1,validation,leave_N,2,0.409009,33.554,,2.6336,2.6334949282075675,0.006802721088435374
B1,M0_B1,validation,leave_N,2,0.409009,35.652,,2.6256,2.6256856304288116,0.006802721088435374
B1,M0_B1,validation,leave_N,2,0.409009,37.749,,2.6183,2.6184467468421118,0.006802721088435374
B1,M0_B1,validation,leave_N,2,0.409009,39.846,,2.6116,2.611705075755382,0.006802721088435374
B1,M0_B1,validation,leave_N,2,0.409009,41.943,,2.6055,2.6054028715590682,0.006802721088435374
B1,M0_B1,validation,leave_N,2,0.409009,44.04,,2.5994,2.59949157037298,0.006802721088435374
B1,M0_B1,validation,leave_N,2,0.409009,46.137,,2.5938,2.593929972859452,0.006802721088435374
B1,M0_B1,validation,leave_N,2,0.409009,48.234,,2.5887,2.5886828511531106,0.006802721088435374
B1,M0_B1,validation,leave_N,2,0.409009,50.332,,2.5837,2.583717563893779,0.006802721088435374
B1,M0_B1,validation,leave_N,2,0.409009,52.429,,2.5789,2.5790125367031163,0.006802721088435374
B1,M0_B1,validation,leave_N,2,0.409009,54.526,,2.5745,2.574542406038844,0.006802721088435374
B1,M0_B1,validation,leave_N,2,0.409009,56.623,,2.5703,2.570287064719758,0.006802721088435374
B1,M0_B1,validation,leave_N,2,0.409009,58.72,,2.566,2.566228792266923,0.006802721088435374
B1,M0_B1,validation,leave_N,2,0.409009,60.817,,2.5621,2.562351898114951,0.006802721088435374
B1,M0_B1,validation,leave_N,2,0.409009,62.915,,2.5585,2.5586406973670344,0.006802721088435374
B1,M0_B1,validation,leave_N,2,0.409009,65.012,,2.555,2.555086263425491,0.006802721088435374
B1,M0_B1,validation,leave_N,2,0.409009,67.109,,2.5517,2.551675621145734,0.006802721088435374
B1,M0_B1,validation,leave_N,2,0.409009,69.206,,2.5486,2.5483987255542355,0.006802721088435374
B1,M0_B1,validation,leave_N,2,0.409009,71.303,,2.5454,2.5452465112242257,0.006802721088435374
B1,M0_B1,validation,leave_N,2,0.409009,73.4,,2.5422,2.5422107712234894,0.006802721088435374
B1,M0_B1,validation,leave_N,2,0.409009,75.497,,2.5393,2.5392840540000265,0.006802721088435374
B1,M0_B1,validation,leave_N,2,0.409009,77.595,,2.5363,2.5364582515980154,0.006802721088435374
B1,M0_B1,validation,leave_N,2,0.409009,79.692,,2.5337,2.5337298623268296,0.006802721088435374
B1,M0_B1,validation,leave_N,2,0.409009,81.789,,2.531,2.531091848251214,0.006802721088435374
B1,M0_B1,validation,leave_N,2,0.409009,83.886,,2.5286,2.5285390111598476,0.006802721088435374
B1,M0_B1,validation,leave_N,2,0.409009,85.983,,2.5259,2.5260665724065134,0.006802721088435374
B1,M0_B1,validation,leave_N,2,0.409009,88.08,,2.5237,2.523670129780515,0.006802721088435374
B1,M0_B1,validation,leave_N,2,0.409009,90.178,,2.5215,2.5213445277755717,0.006802721088435374
B1,M0_B1,validation,leave_N,2,0.409009,92.275,,2.5191,2.519088223804529,0.006802721088435374
B1,M0_B1,validation,leave_N,2,0.409009,94.372,,2.5169,2.516896610680017,0.006802721088435374
B1,M0_B1,validation,leave_N,2,0.409009,96.469,,2.5148,2.514766456776045,0.006802721088435374
B1,M0_B1,validation,leave_N,2,0.409009,98.566,,2.5126,2.512694757737527,0.006802721088435374
B1,M0_B1,validation,leave_N,2,0.409009,100.663,,2.5107,2.510678716061125,0.006802721088435374
B1,M0_B1,validation,leave_N,2,0.409009,102.76,,2.5087,2.5087157228928154,0.006802721088435374
B1,M0_B1,validation,leave_N,2,0.409009,104.858,,2.5068,2.506802441506301,0.006802721088435374
B1,M0_B1,validation,leave_N,2,0.409009,106.955,,2.5048,2.5049384162833985,0.006802721088435374
B1,M0_B1,validation,leave_N,2,0.409009,109.052,,2.5031,2.5031205895300084,0.006802721088435374
B1,M0_B1,validation,leave_N,2,0.409009,111.149,,2.5014,2.501346960346721,0.006802721088435374
B1,M0_B1,validation,leave_N,2,0.409009,113.246,,2.4998,2.4996156501843423,0.006802721088435374
B1,M0_B1,validation,leave_N,2,0.409009,115.343,,2.498,2.4979248932599463,0.006802721088435374
B1,M0_B1,validation,leave_N,2,0.409009,117.441,,2.4965,2.496272249179448,0.006802721088435374
B1,M0_B1,validation,leave_N,2,0.409009,119.538,,2.4946,2.494657727324559,0.006802721088435374
B1,M0_B1,validation,leave_N,2,0.409009,121.635,,2.4932,2.493079054483496,0.006802721088435374
B1,M0_B1,validation,leave_N,2,0.409009,123.732,,2.4916,2.4915348368890027,0.006802721088435374
B1,M0_B1,validation,leave_N,2,0.409009,125.829,,2.4903,2.4900237574239177,0.006802721088435374
B1,M0_B1,validation,leave_N,2,0.409009,127.926,,2.4884,2.488544570211216,0.006802721088435374
B1,M0_B1,validation,leave_N,2,0.409009,130.023,,2.487,2.4870960956674653,0.006802721088435374
B1,M0_B1,validation,leave_N,2,0.409009,132.121,,2.4856,2.485676546238624,0.006802721088435374
B1,M0_B1,validation,leave_N,2,0.409009,134.218,,2.484,2.4842862145478484,0.006802721088435374
B1,M0_B1,validation,leave_N,2,0.409009,136.315,,2.4829,2.482923410616233,0.006802721088435374
B1,M0_B1,validation,leave_N,2,0.409009,138.412,,2.4815,2.481587178341571,0.006802721088435374
B1,M0_B1,validation,leave_N,2,0.409009,140.509,,2.4803,2.4802766086785275,0.006802721088435374
B1,M0_B1,validation,leave_N,2,0.409009,142.606,,2.479,2.4789908366611346,0.006802721088435374
B1,M0_B1,validation,leave_N,2,0.409009,144.703,,2.478,2.477729038654325,0.006802721088435374
B1,M0_B1,validation,leave_N,2,0.409009,146.801,,2.4766,2.476489844567637,0.006802721088435374
B1,M0_B1,validation,leave_N,2,0.409009,148.898,,2.4752,2.4752736870181917,0.006802721088435374
B1,M0_B1,validation,leave_N,2,0.409009,150.995,,2.474,2.474079255758618,0.006802721088435374
B1,M0_B1,validation,leave_N,2,0.409009,153.092,,2.473,2.472905868908547,0.006802721088435374
B1,M0_B1,validation,leave_N,2,0.409009,155.189,,2.4716,2.4717528749575215,0.006802721088435374
B1,M0_B1,validation,leave_N,2,0.409009,157.286,,2.4708,2.470619651023591,0.006802721088435374
B1,M0_B1,validation,leave_N,2,0.409009,159.384,,2.4696,2.4695050744569,0.006802721088435374
B1,M0_B1,validation,leave_N,2,0.409009,161.481,,2.4683,2.468409637177133,0.006802721088435374
B1,M0_B1,validation,leave_N,2,0.409009,163.578,,2.4671,2.4673322571351557,0.006802721088435374
B1,M0_B1,validation,leave_N,2,0.409009,165.675,,2.4664,2.4662724108467824,0.006802721088435374
B1,M0_B1,validation,leave_N,2,0.409009,167.772,,2.4652,2.4652295963863042,0.006802721088435374
B1,M0_B1,validation,leave_N,2,0.409009,169.869,,2.4644,2.4642033322423167,0.006802721088435374
B1,M0_B1,validation,leave_N,2,0.409009,171.966,,2.463,2.463193156247544,0.006802721088435374
B1,M0_B1,validation,leave_N,2,0.409009,174.064,,2.4621,2.4621981539764546,0.006802721088435374
B1,M0_B1,validation,leave_N,2,0.409009,176.161,,2.4612,2.461218847366961,0.006802721088435374
B1,M0_B1,validation,leave_N,2,0.409009,178.258,,2.4603,2.4602543485714583,0.006802721088435374
B1,M0_B1,validation,leave_N,2,0.409009,180.355,,2.4592,2.4593042633977964,0.006802721088435374
B1,M0_B1,validation,leave_N,2,0.409009,182.452,,2.4584,2.4583682125760165,0.006802721088435374
B1,M0_B1,validation,leave_N,2,0.409009,184.549,,2.4573,2.4574458310296463,0.006802721088435374
B1,M0_B1,validation,leave_N,2,0.409009,186.647,,2.4565,2.456536336806123,0.006802721088435374
B1,M0_B1,validation,leave_N,2,0.409009,188.744,,2.4557,2.4556402580794714,0.006802721088435374
B1,M0_B1,validation,leave_N,2,0.409009,190.841,,2.4548,2.4547568317529365,0.006802721088435374
B1,M0_B1,validation,leave_N,2,0.409009,192.938,,2.454,2.453885743066335,0.006802721088435374
B1,M0_B1,validation,leave_N,2,0.409009,195.035,,2.4529,2.4530266884029954,0.006802721088435374
B1,M0_B1,validation,leave_N,2,0.409009,197.132,,2.452,2.4521793747804557,0.006802721088435374
B1,M0_B1,validation,leave_N,2,0.409009,199.229,,2.4515,2.451343519369567,0.006802721088435374
B1,M0_B1,validation,leave_N,2,0.409009,201.327,,2.4506,2.4505184584040567,0.006802721088435374
B1,M0_B1,validation,leave_N,2,0.409009,203.424,,2.4496,2.4497047144418858,0.006802721088435374
B1,M0_B1,validation,leave_N,2,0.409009,205.521,,2.4491,2.448901636583327,0.006802721088435374
B1,M0_B1,validation,leave_N,2,0.409009,207.618,,2.4481,2.448108978313356,0.006802721088435374
B1,M0_B1,validation,leave_N,2,0.409009,209.715,,2.4475,2.4473265012312058,0.006802721088435374
B1,M0_B1,validation,leave_N,2,0.409009,211.812,,2.4466,2.446553974705309,0.006802721088435374
B1,M0_B1,validation,leave_N,2,0.409009,213.91,,2.446,2.4457908140746287,0.006802721088435374
B1,M0_B1,validation,leave_N,2,0.409009,216.007,,2.4452,2.445037530709719,0.006802721088435374
B1,M0_B1,validation,leave_N,2,0.409009,218.104,,2.4443,2.4442935493351383,0.006802721088435374
B1,M0_B1,validation,leave_N,2,0.409009,220.201,,2.4437,2.4435586672910787,0.006802721088435374
B1,M0_B1,validation,leave_N,2,0.409009,222.298,,2.4429,2.4428326882095592,0.006802721088435374
B1,M0_B1,validation,leave_N,2,0.409009,224.395,,2.4423,2.4421154217619234,0.006802721088435374
B1,M0_B1,validation,leave_N,2,0.409009,226.492,,2.4413,2.4414066834187196,0.006802721088435374
B1,M0_B1,validation,leave_N,2,0.409009,228.59,,2.4408,2.440705962189308,0.006802721088435374
B1,M0_B1,validation,leave_N,2,0.409009,230.687,,2.4401,2.4400137523902723,0.006802721088435374
B1,M0_B1,validation,leave_N,2,0.409009,232.784,,2.4391,2.4393295495932716,0.006802721088435374
B1,M0_B1,validation,leave_N,2,0.409009,234.881,,2.4385,2.4386531902904065,0.006802721088435374
B1,M0_B1,validation,leave_N,2,0.409009,236.978,,2.4377,2.437984515734607,0.006802721088435374
B1,M0_B1,validation,leave_N,2,0.409009,239.075,,2.4373,2.43732337176034,0.006802721088435374
B1,M0_B1,validation,leave_N,2,0.409009,241.172,,2.4368,2.4366696086125725,0.006802721088435374
B1,M0_B1,validation,leave_N,2,0.409009,243.27,,2.4362,2.4360227741760347,0.006802721088435374
B1,M0_B1,validation,leave_N,2,0.409009,245.367,,2.4354,2.4353833435992036,0.006802721088435374
B1,M0_B1,validation,leave_N,2,0.409009,247.464,,2.4349,2.4347508693864155,0.006802721088435374
B1,M0_B1,validation,leave_N,2,0.409009,249.561,,2.434,2.434125217866085,0.006802721088435374
B1,M0_B1,validation,leave_N,2,0.409009,251.658,,2.4333,2.43350625903099,0.006802721088435374
B1,M0_B1,validation,leave_N,2,0.409009,253.755,,2.4329,2.432893866408275,0.006802721088435374
B1,M0_B1,validation,leave_N,2,0.409009,255.853,,2.4323,2.432287629492766,0.006802721088435374
B1,M0_B1,validation,leave_N,2,0.409009,257.95,,2.4317,2.4316880063847055,0.006802721088435374
B1,M0_B1,validation,leave_N,2,0.409009,260.047,,2.4309,2.4310945900048084,0.006802721088435374
B1,M0_B1,validation,leave_N,2,0.409009,262.144,,2.4305,2.4305072668278207,0.006802721088435374
B1,M0_B1,validation,leave_N,2,0.409009,264.241,,2.4298,2.429925926291951,0.006802721088435374
B1,M0_B1,validation,leave_N,2,0.409009,266.338,,2.4294,2.4293504606987213,0.006802721088435374
B1,M0_B1,validation,leave_N,2,0.409009,268.435,,2.4288,2.4287807651169624,0.006802721088435374
B1,M0_B1,validation,leave_N,2,0.409009,270.533,,2.4281,2.428216469657916,0.006802721088435374
B1,M0_B1,validation,leave_N,2,0.409009,272.63,,2.4276,2.4276580125501472,0.006802721088435374
B1,M0_B1,validation,leave_N,2,0.409009,274.727,,2.427,2.4271050263163714,0.006802721088435374
B1,M0_B1,validation,leave_N,2,0.409009,276.824,,2.4266,2.426557416211751,0.006802721088435374
B1,M0_B1,validation,leave_N,2,0.409009,278.921,,2.4261,2.4260150898341415,0.006802721088435374
B1,M0_B1,validation,leave_N,2,0.409009,281.018,,2.4254,2.4254779570490665,0.006802721088435374
B1,M0_B1,validation,leave_N,2,0.409009,283.116,,2.425,2.4249456774131644,0.006802721088435374
B1,M0_B1,validation,leave_N,2,0.409009,285.213,,2.4244,2.424418672496495,0.006802721088435374
B1,M0_B1,validation,leave_N,2,0.409009,287.31,,2.4238,2.423896603628591,0.006802721088435374
B1,M0_B1,validation,leave_N,2,0.409009,289.407,,2.4234,2.4233793890532103,0.006802721088435374
B1,M0_B1,validation,leave_N,2,0.409009,291.504,,2.4228,2.4228669489481502,0.006802721088435374
B1,M0_B1,validation,leave_N,2,0.409009,293.601,,2.4223,2.4223592053659777,0.006802721088435374
B1,M0_B1,validation,leave_N,2,0.409009,295.698,,2.4217,2.421856082176976,0.006802721088435374
B1,M0_B1,validation,leave_N,2,0.409009,297.796,,2.4216,2.4213572683297038,0.006802721088435374
B1,M0_B1,validation,leave_N,2,0.409009,299.893,,2.4209,2.4208631666523486,0.006802721088435374
B1,M0_B1,validation,leave_N,3,1.040867,0.134,,4.2153,4.215953992900149,0.006802721088435374
B1,M0_B1,validation,leave_N,3,1.040867,0.268,,3.8315,3.832053364921068,0.006802721088435374
B1,M0_B1,validation,leave_N,3,1.040867,0.537,,3.5146,3.5150832316747707,0.006802721088435374
B1,M0_B1,validation,leave_N,3,1.040867,1.074,,3.2545,3.2547809626087822,0.006802721088435374
B1,M0_B1,validation,leave_N,3,1.040867,2.097,,3.0476,3.0471404943351676,0.006802721088435374
B1,M0_B1,validation,leave_N,3,1.040867,4.194,,2.8697,2.869359793581367,0.006802721088435374
B1,M0_B1,validation,leave_N,3,1.040867,6.291,,2.7802,2.780277257647366,0.006802721088435374
B1,M0_B1,validation,leave_N,3,1.040867,8.389,,2.723,2.722907849487746,0.006802721088435374
B1,M0_B1,validation,leave_N,3,1.040867,10.486,,2.6816,2.681505438686509,0.006802721088435374
B1,M0_B1,validation,leave_N,3,1.040867,12.583,,2.6501,2.6495442315420905,0.006802721088435374
B1,M0_B1,validation,leave_N,3,1.040867,14.68,,2.6239,2.623764739512326,0.006802721088435374
B1,M0_B1,validation,leave_N,3,1.040867,16.777,,2.6023,2.6023148803831697,0.006802721088435374
B1,M0_B1,validation,leave_N,3,1.040867,18.874,,2.5839,2.584048696145306,0.006802721088435374
B1,M0_B1,validation,leave_N,3,1.040867,20.972,,2.5679,2.568204375748187,0.006802721088435374
B1,M0_B1,validation,leave_N,3,1.040867,23.069,,2.5543,2.55427539269332,0.006802721088435374
B1,M0_B1,validation,leave_N,3,1.040867,25.166,,2.5417,2.5418795183710565,0.006802721088435374
B1,M0_B1,validation,leave_N,3,1.040867,27.263,,2.5305,2.530739866497324,0.006802721088435374
B1,M0_B1,validation,leave_N,3,1.040867,29.36,,2.5205,2.5206462324106123,0.006802721088435374
B1,M0_B1,validation,leave_N,3,1.040867,31.457,,2.5113,2.511435566177372,0.006802721088435374
B1,M0_B1,validation,leave_N,3,1.040867,33.554,,2.5032,2.5029790498231987,0.006802721088435374
B1,M0_B1,validation,leave_N,3,1.040867,35.652,,2.4953,2.4951697003393596,0.006802721088435374
B1,M0_B1,validation,leave_N,3,1.040867,37.749,,2.4879,2.4879307734329617,0.006802721088435374
B1,M0_B1,validation,leave_N,3,1.040867,39.846,,2.4814,2.4811890660541005,0.006802721088435374
B1,M0_B1,validation,leave_N,3,1.040867,41.943,,2.4749,2.4748868315195844,0.006802721088435374
B1,M0_B1,validation,leave_N,3,1.040867,44.04,,2.4688,2.4689755050740705,0.006802721088435374
B1,M0_B1,validation,leave_N,3,1.040867,46.137,,2.4636,2.4634138866598256,0.006802721088435374
B1,M0_B1,validation,leave_N,3,1.040867,48.234,,2.4582,2.458166747813987,0.006802721088435374
B1,M0_B1,validation,leave_N,3,1.040867,50.332,,2.453,2.453201446670873,0.006802721088435374
B1,M0_B1,validation,leave_N,3,1.040867,52.429,,2.4485,2.448496408444567,0.006802721088435374
B1,M0_B1,validation,leave_N,3,1.040867,54.526,,2.4439,2.444026269228988,0.006802721088435374
B1,M0_B1,validation,leave_N,3,1.040867,56.623,,2.4396,2.4397709215391084,0.006802721088435374
B1,M0_B1,validation,leave_N,3,1.040867,58.72,,2.4358,2.435712644635618,0.006802721088435374
B1,M0_B1,validation,leave_N,3,1.040867,60.817,,2.4321,2.4318357477288792,0.006802721088435374
B1,M0_B1,validation,leave_N,3,1.040867,62.915,,2.4279,2.4281245457277865,0.006802721088435374
B1,M0_B1,validation,leave_N,3,1.040867,65.012,,2.4246,2.424570111867189,0.006802721088435374
B1,M0_B1,validation,leave_N,3,1.040867,67.109,,2.4211,2.42115947085448,0.006802721088435374
B1,M0_B1,validation,leave_N,3,1.040867,69.206,,2.4178,2.417882577587344,0.006802721088435374
B1,M0_B1,validation,leave_N,3,1.040867,71.303,,2.4146,2.4147303665258484,0.006802721088435374
B1,M0_B1,validation,leave_N,3,1.040867,73.4,,2.4116,2.4116946306380256,0.006802721088435374
B1,M0_B1,validation,leave_N,3,1.040867,75.497,,2.4088,2.408767918283676,0.006802721088435374
B1,M0_B1,validation,leave_N,3,1.040867,77.595,,2.4058,2.405942121431569,0.006802721088435374
B1,M0_B1,validation,leave_N,3,1.040867,79.692,,2.4032,2.403213738316234,0.006802721088435374
B1,M0_B1,validation,leave_N,3,1.040867,81.789,,2.4006,2.4005757309429425,0.006802721088435374
B1,M0_B1,validation,leave_N,3,1.040867,83.886,,2.398,2.3980229010450156,0.006802721088435374
B1,M0_B1,validation,leave_N,3,1.040867,85.983,,2.3954,2.395550469926676,0.006802721088435374
B1,M0_B1,validation,leave_N,3,1.040867,88.08,,2.3931,2.3931540353327585,0.006802721088435374
B1,M0_B1,validation,leave_N,3,1.040867,90.178,,2.3909,2.3908284417210885,0.006802721088435374
B1,M0_B1,validation,leave_N,3,1.040867,92.275,,2.3886,2.388572146460496,0.006802721088435374
B1,M0_B1,validation,leave_N,3,1.040867,94.372,,2.3863,2.3863805423350493,0.006802721088435374
B1,M0_B1,validation,leave_N,3,1.040867,96.469,,2.3842,2.3842503976894087,0.006802721088435374
B1,M0_B1,validation,leave_N,3,1.040867,98.566,,2.3822,2.3821787081419252,0.006802721088435374
B1,M0_B1,validation,leave_N,3,1.040867,100.663,,2.38,2.380162676165182,0.006802721088435374
B1,M0_B1,validation,leave_N,3,1.040867,102.76,,2.3782,2.3781996928833036,0.006802721088435374
B1,M0_B1,validation,leave_N,3,1.040867,104.858,,2.3762,2.3762864215549633,0.006802721088435374
B1,M0_B1,validation,leave_N,3,1.040867,106.955,,2.3745,2.3744224065343125,0.006802721088435374
B1,M0_B1,validation,leave_N,3,1.040867,109.052,,2.3725,2.3726045901155466,0.006802721088435374
B1,M0_B1,validation,leave_N,3,1.040867,111.149,,2.3706,2.3708309713842453,0.006802721088435374
B1,M0_B1,validation,leave_N,3,1.040867,113.246,,2.3689,2.369099671777512,0.006802721088435374
B1,M0_B1,validation,leave_N,3,1.040867,115.343,,2.3674,2.367408925499902,0.006802721088435374
B1,M0_B1,validation,leave_N,3,1.040867,117.441,,2.3658,2.365756292151014,0.006802721088435374
B1,M0_B1,validation,leave_N,3,1.040867,119.538,,2.364,2.364141781091847,0.006802721088435374
B1,M0_B1,validation,leave_N,3,1.040867,121.635,,2.3626,2.3625631191061194,0.006802721088435374
B1,M0_B1,validation,leave_N,3,1.040867,123.732,,2.3608,2.3610189124177787,0.006802721088435374
B1,M0_B1,validation,leave_N,3,1.040867,125.829,,2.3595,2.359507843901599,0.006802721088435374
B1,M0_B1,validation,leave_N,3,1.040867,127.926,,2.3579,2.358028667673154,0.006802721088435374
B1,M0_B1,validation,leave_N,3,1.040867,130.023,,2.3565,2.3565802041422153,0.006802721088435374
B1,M0_B1,validation,leave_N,3,1.040867,132.121,,2.3552,2.3551606657537683,0.006802721088435374
B1,M0_B1,validation,leave_N,3,1.040867,134.218,,2.3537,2.3537703451147083,0.006802721088435374
B1,M0_B1,validation,leave_N,3,1.040867,136.315,,2.3524,2.3524075522461154,0.006802721088435374
B1,M0_B1,validation,leave_N,3,1.040867,138.412,,2.3512,2.351071331040939,0.006802721088435374
B1,M0_B1,validation,leave_N,3,1.040867,140.509,,2.3497,2.349760772449387,0.006802721088435374
B1,M0_B1,validation,leave_N,3,1.040867,142.606,,2.3485,2.348475011501394,0.006802721088435374
B1,M0_B1,validation,leave_N,3,1.040867,144.703,,2.3471,2.347213224558123,0.006802721088435374
B1,M0_B1,validation,leave_N,3,1.040867,146.801,,2.346,2.345974041530914,0.006802721088435374
B1,M0_B1,validation,leave_N,3,1.040867,148.898,,2.3449,2.3447578950231542,0.006802721088435374
B1,M0_B1,validation,leave_N,3,1.040867,150.995,,2.3433,2.343563474789815,0.006802721088435374
B1,M0_B1,validation,leave_N,3,1.040867,153.092,,2.3423,2.3423900989478312,0.006802721088435374
B1,M0_B1,validation,leave_N,3,1.040867,155.189,,2.3413,2.341237115984267,0.006802721088435374
B1,M0_B1,validation,leave_N,3,1.040867,157.286,,2.3401,2.340103903014895,0.006802721088435374
B1,M0_B1,validation,leave_N,3,1.040867,159.384,,2.339,2.3389893373929778,0.006802721088435374
B1,M0_B1,validation,leave_N,3,1.040867,161.481,,2.3378,2.337893911025847,0.006802721088435374
B1,M0_B1,validation,leave_N,3,1.040867,163.578,,2.3368,2.33681654186783,0.006802721088435374
B1,M0_B1,validation,leave_N,3,1.040867,165.675,,2.3357,2.335756706433127,0.006802721088435374
B1,M0_B1,validation,leave_N,3,1.040867,167.772,,2.3348,2.334713902794552,0.006802721088435374
B1,M0_B1,validation,leave_N,3,1.040867,169.869,,2.3337,2.333687649439347,0.006802721088435374
B1,M0_B1,validation,leave_N,3,1.040867,171.966,,2.3327,2.332677484199003,0.006802721088435374
B1,M0_B1,validation,leave_N,3,1.040867,174.064,,2.3316,2.331682492651963,0.006802721088435374
B1,M0_B1,validation,leave_N,3,1.040867,176.161,,2.3306,2.3307031967248903,0.006802721088435374
B1,M0_B1,validation,leave_N,3,1.040867,178.258,,2.3297,2.3297387085743666,0.006802721088435374
B1,M0_B1,validation,leave_N,3,1.040867,180.355,,2.3288,2.328788634007395,0.006802721088435374
B1,M0_B1,validation,leave_N,3,1.040867,182.452,,2.3278,2.32785259375325,0.006802721088435374
B1,M0_B1,validation,leave_N,3,1.040867,184.549,,2.3269,2.326930222734768,0.006802721088435374
B1,M0_B1,validation,leave_N,3,1.040867,186.647,,2.3262,2.326020739003754,0.006802721088435374
B1,M0_B1,validation,leave_N,3,1.040867,188.744,,2.3252,2.325124670723673,0.006802721088435374
B1,M0_B1,validation,leave_N,3,1.040867,190.841,,2.3242,2.3242412548022817,0.006802721088435374
B1,M0_B1,validation,leave_N,3,1.040867,192.938,,2.3235,2.3233701764789543,0.006802721088435374
B1,M0_B1,validation,leave_N,3,1.040867,195.035,,2.3225,2.3225111321366283,0.006802721088435374
B1,M0_B1,validation,leave_N,3,1.040867,197.132,,2.3215,2.3216638287924987,0.006802721088435374
B1,M0_B1,validation,leave_N,3,1.040867,199.229,,2.3207,2.3208279836171184,0.006802721088435374
B1,M0_B1,validation,leave_N,3,1.040867,201.327,,2.3198,2.320002932848808,0.006802721088435374
B1,M0_B1,validation,leave_N,3,1.040867,203.424,,2.3191,2.319189199035591,0.006802721088435374
B1,M0_B1,validation,leave_N,3,1.040867,205.521,,2.3184,2.318386131282428,0.006802721088435374
B1,M0_B1,validation,leave_N,3,1.040867,207.618,,2.3178,2.3175934830741465,0.006802721088435374
B1,M0_B1,validation,leave_N,3,1.040867,209.715,,2.3168,2.3168110160098627,0.006802721088435374
B1,M0_B1,validation,leave_N,3,1.040867,211.812,,2.316,2.316038499457921,0.006802721088435374
B1,M0_B1,validation,leave_N,3,1.040867,213.91,,2.3153,2.315275348761948,0.006802721088435374
B1,M0_B1,validation,leave_N,3,1.040867,216.007,,2.3143,2.3145220752829916,0.006802721088435374
B1,M0_B1,validation,leave_N,3,1.040867,218.104,,2.3138,2.313778103750344,0.006802721088435374
B1,M0_B1,validation,leave_N,3,1.040867,220.201,,2.3131,2.3130432315042047,0.006802721088435374
B1,M0_B1,validation,leave_N,3,1.040867,222.298,,2.3122,2.312317262176622,0.006802721088435374
B1,M0_B1,validation,leave_N,3,1.040867,224.395,,2.3117,2.3116000054389882,0.006802721088435374
B1,M0_B1,validation,leave_N,3,1.040867,226.492,,2.3109,2.310891276761916,0.006802721088435374
B1,M0_B1,validation,leave_N,3,1.040867,228.59,,2.3101,2.3101905651594254,0.006802721088435374
B1,M0_B1,validation,leave_N,3,1.040867,230.687,,2.3096,2.3094983649390186,0.006802721088435374
B1,M0_B1,validation,leave_N,3,1.040867,232.784,,2.309,2.3088141716770645,0.006802721088435374
B1,M0_B1,validation,leave_N,3,1.040867,234.881,,2.3081,2.308137821865786,0.006802721088435374
B1,M0_B1,validation,leave_N,3,1.040867,236.978,,2.3075,2.3074691567582484,0.006802721088435374
B1,M0_B1,validation,leave_N,3,1.040867,239.075,,2.3068,2.3068080221890637,0.006802721088435374
B1,M0_B1,validation,leave_N,3,1.040867,241.172,,2.3061,2.3061542684033554,0.006802721088435374
B1,M0_B1,validation,leave_N,3,1.040867,243.27,,2.3056,2.305507443290452,0.006802721088435374
B1,M0_B1,validation,leave_N,3,1.040867,245.367,,2.3048,2.304868021990117,0.006802721088435374
B1,M0_B1,validation,leave_N,3,1.040867,247.464,,2.3042,2.3042355570113235,0.006802721088435374
B1,M0_B1,validation,leave_N,3,1.040867,249.561,,2.3036,2.3036099146826743,0.006802721088435374
B1,M0_B1,validation,leave_N,3,1.040867,251.658,,2.303,2.302990964997143,0.006802721088435374
B1,M0_B1,validation,leave_N,3,1.040867,253.755,,2.3024,2.3023785814820767,0.006802721088435374
B1,M0_B1,validation,leave_N,3,1.040867,255.853,,2.3019,2.3017723536368235,0.006802721088435374
B1,M0_B1,validation,leave_N,3,1.040867,257.95,,2.3011,2.3011727395531905,0.006802721088435374
B1,M0_B1,validation,leave_N,3,1.040867,260.047,,2.3005,2.300579332156444,0.006802721088435374
B1,M0_B1,validation,leave_N,3,1.040867,262.144,,2.2999,2.2999920179215523,0.006802721088435374
B1,M0_B1,validation,leave_N,3,1.040867,264.241,,2.2994,2.299410686286949,0.006802721088435374
B1,M0_B1,validation,leave_N,3,1.040867,266.338,,2.2989,2.298835229554385,0.006802721088435374
B1,M0_B1,validation,leave_N,3,1.040867,268.435,,2.2983,2.298265542792924,0.006802721088435374
B1,M0_B1,validation,leave_N,3,1.040867,270.533,,2.2976,2.2977012561182204,0.006802721088435374
B1,M0_B1,validation,leave_N,3,1.040867,272.63,,2.2972,2.297142807750702,0.006802721088435374
B1,M0_B1,validation,leave_N,3,1.040867,274.727,,2.2967,2.296589830217521,0.006802721088435374
B1,M0_B1,validation,leave_N,3,1.040867,276.824,,2.2961,2.296042228774081,0.006802721088435374
B1,M0_B1,validation,leave_N,3,1.040867,278.921,,2.2957,2.295499911018481,0.006802721088435374
B1,M0_B1,validation,leave_N,3,1.040867,281.018,,2.2949,2.2949627868164892,0.006802721088435374
B1,M0_B1,validation,leave_N,3,1.040867,283.116,,2.2943,2.2944305157290548,0.006802721088435374
B1,M0_B1,validation,leave_N,3,1.040867,285.213,,2.2937,2.2939035193183357,0.006802721088435374
B1,M0_B1,validation,leave_N,3,1.040867,287.31,,2.2935,2.293381458918196,0.006802721088435374
B1,M0_B1,validation,leave_N,3,1.040867,289.407,,2.2929,2.2928642527726413,0.006802721088435374
B1,M0_B1,validation,leave_N,3,1.040867,291.504,,2.2923,2.2923518210597185,0.006802721088435374
B1,M0_B1,validation,leave_N,3,1.040867,293.601,,2.2919,2.291844085832242,0.006802721088435374
B1,M0_B1,validation,leave_N,3,1.040867,295.698,,2.2912,2.291340970960745,0.006802721088435374
B1,M0_B1,validation,leave_N,3,1.040867,297.796,,2.2911,2.2908421653979754,0.006802721088435374
B1,M0_B1,validation,leave_N,3,1.040867,299.893,,2.2904,2.290348071964471,0.006802721088435374
B1,M0_B1,validation,leave_N,4,1.416184,0.134,,4.1816,4.181090537374978,0.006802721088435374
B1,M0_B1,validation,leave_N,4,1.416184,0.268,,3.7976,3.797248893753063,0.006802721088435374
B1,M0_B1,validation,leave_N,4,1.416184,0.537,,3.4805,3.4803200225827684,0.006802721088435374
B1,M0_B1,validation,leave_N,4,1.416184,1.074,,3.22,3.22004552870611,0.006802721088435374
B1,M0_B1,validation,leave_N,4,1.416184,2.097,,3.0125,3.01242242834864,0.006802721088435374
B1,M0_B1,validation,leave_N,4,1.416184,4.194,,2.8347,2.8346525074694884,0.006802721088435374
B1,M0_B1,validation,leave_N,4,1.416184,6.291,,2.7458,2.7455736960939188,0.006802721088435374
B1,M0_B1,validation,leave_N,4,1.416184,8.389,,2.6879,2.688206010347507,0.006802721088435374
B1,M0_B1,validation,leave_N,4,1.416184,10.486,,2.6471,2.6468044838070552,0.006802721088435374
B1,M0_B1,validation,leave_N,4,1.416184,12.583,,2.6148,2.614843739750582,0.006802721088435374
B1,M0_B1,validation,leave_N,4,1.416184,14.68,,2.589,2.5890644743841102,0.006802721088435374
B1,M0_B1,validation,leave_N,4,1.416184,16.777,,2.5674,2.56761469941108,0.006802721088435374
B1,M0_B1,validation,leave_N,4,1.416184,18.874,,2.5491,2.5493485091602976,0.006802721088435374
B1,M0_B1,validation,leave_N,4,1.416184,20.972,,2.5336,2.5335041237171714,0.006802721088435374
B1,M0_B1,validation,leave_N,4,1.416184,23.069,,2.5196,2.5195750361832308,0.006802721088435374
B1,M0_B1,validation,leave_N,4,1.416184,25.166,,2.507,2.5071790306526167,0.006802721088435374
B1,M0_B1,validation,leave_N,4,1.416184,27.263,,2.4958,2.4960392293912235,0.006802721088435374
B1,M0_B1,validation,leave_N,4,1.416184,29.36,,2.4859,2.4859454336278075,0.006802721088435374
B1,M0_B1,validation,leave_N,4,1.416184,31.457,,2.4769,2.4767345975685657,0.006802721088435374
B1,M0_B1,validation,leave_N,4,1.416184,33.554,,2.4682,2.4682779061953726,0.006802721088435374
B1,M0_B1,validation,leave_N,4,1.416184,35.652,,2.4602,2.4604683785519286,0.006802721088435374
B1,M0_B1,validation,leave_N,4,1.416184,37.749,,2.4532,2.4532292720764013,0.006802721088435374
B1,M0_B1,validation,leave_N,4,1.416184,39.846,,2.4464,2.4464873847813795,0.006802721088435374
B1,M0_B1,validation,leave_N,4,1.416184,41.943,,2.4398,2.440184970829695,0.006802721088435374
B1,M0_B1,validation,leave_N,4,1.416184,44.04,,2.4342,2.434273466090595,0.006802721088435374
B1,M0_B1,validation,leave_N,4,1.416184,46.137,,2.4287,2.42871167096621,0.006802721088435374
B1,M0_B1,validation,leave_N,4,1.416184,48.234,,2.4235,2.4234643573299013,0.006802721088435374
B1,M0_B1,validation,leave_N,4,1.416184,50.332,,2.4187,2.4184988834769414,0.006802721088435374
B1,M0_B1,validation,leave_N,4,1.416184,52.429,,2.4139,2.4137936749577023,0.006802721088435374
B1,M0_B1,validation,leave_N,4,1.416184,54.526,,2.4093,2.4093233679004378,0.006802721088435374
B1,M0_B1,validation,leave_N,4,1.416184,56.623,,2.4049,2.4050678548955884,0.006802721088435374
B1,M0_B1,validation,leave_N,4,1.416184,58.72,,2.4013,2.4010094152472385,0.006802721088435374
B1,M0_B1,validation,leave_N,4,1.416184,60.817,,2.3971,2.3971323581844683,0.006802721088435374
B1,M0_B1,validation,leave_N,4,1.416184,62.915,,2.3934,2.3934209985413974,0.006802721088435374
B1,M0_B1,validation,leave_N,4,1.416184,65.012,,2.3898,2.3898664096883575,0.006802721088435374
B1,M0_B1,validation,leave_N,4,1.416184,67.109,,2.3865,2.386455616231111,0.006802721088435374
B1,M0_B1,validation,leave_N,4,1.416184,69.206,,2.3831,2.3831785730330846,0.006802721088435374
B1,M0_B1,validation,leave_N,4,1.416184,71.303,,2.3799,2.380026214513833,0.006802721088435374
B1,M0_B1,validation,leave_N,4,1.416184,73.4,,2.3769,2.3769903335962845,0.006802721088435374
B1,M0_B1,validation,leave_N,4,1.416184,75.497,,2.374,2.3740634785918644,0.006802721088435374
B1,M0_B1,validation,leave_N,4,1.416184,77.595,,2.3712,2.3712375413523623,0.006802721088435374
B1,M0_B1,validation,leave_N,4,1.416184,79.692,,2.3684,2.36850902019409,0.006802721088435374
B1,M0_B1,validation,leave_N,4,1.416184,81.789,,2.3659,2.3658708770020542,0.006802721088435374
B1,M0_B1,validation,leave_N,4,1.416184,83.886,,2.3633,2.3633179134565157,0.006802721088435374
B1,M0_B1,validation,leave_N,4,1.416184,85.983,,2.361,2.3608453508087677,0.006802721088435374
B1,M0_B1,validation,leave_N,4,1.416184,88.08,,2.3581,2.3584487867511617,0.006802721088435374
B1,M0_B1,validation,leave_N,4,1.416184,90.178,,2.3562,2.356123065629414,0.006802721088435374
B1,M0_B1,validation,leave_N,4,1.416184,92.275,,2.354,2.3538666448829506,0.006802721088435374
B1,M0_B1,validation,leave_N,4,1.416184,94.372,,2.3514,2.351674917184649,0.006802721088435374
B1,M0_B1,validation,leave_N,4,1.416184,96.469,,2.3495,2.349544650830336,0.006802721088435374
B1,M0_B1,validation,leave_N,4,1.416184,98.566,,2.3474,2.3474728413907027,0.006802721088435374
B1,M0_B1,validation,leave_N,4,1.416184,100.663,,2.3453,2.345456691291895,0.006802721088435374
B1,M0_B1,validation,leave_N,4,1.416184,102.76,,2.3434,2.3434935916128525,0.006802721088435374
B1,M0_B1,validation,leave_N,4,1.416184,104.858,,2.3414,2.3415802055140222,0.006802721088435374
B1,M0_B1,validation,leave_N,4,1.416184,106.955,,2.3399,2.3397160774163006,0.006802721088435374
B1,M0_B1,validation,leave_N,4,1.416184,109.052,,2.338,2.3378981495174003,0.006802721088435374
B1,M0_B1,validation,leave_N,4,1.416184,111.149,,2.3362,2.3361244208627707,0.006802721088435374
B1,M0_B1,validation,leave_N,4,1.416184,113.246,,2.3345,2.334393012850615,0.006802721088435374
B1,M0_B1,validation,leave_N,4,1.416184,115.343,,2.3326,2.3327021596477966,0.006802721088435374
B1,M0_B1,validation,leave_N,4,1.416184,117.441,,2.331,2.3310494207674415,0.006802721088435374
B1,M0_B1,validation,leave_N,4,1.416184,119.538,,2.3295,2.3294348056357754,0.006802721088435374
B1,M0_B1,validation,leave_N,4,1.416184,121.635,,2.3277,2.3278560409516356,0.006802721088435374
B1,M0_B1,validation,leave_N,4,1.416184,123.732,,2.3264,2.326311732905817,0.006802721088435374
B1,M0_B1,validation,leave_N,4,1.416184,125.829,,2.3248,2.3248005643409964,0.006802721088435374
B1,M0_B1,validation,leave_N,4,1.416184,127.926,,2.3233,2.3233212893416724,0.006802721088435374
B1,M0_B1,validation,leave_N,4,1.416184,130.023,,2.3219,2.3218727282875293,0.006802721088435374
B1,M0_B1,validation,leave_N,4,1.416184,132.121,,2.3205,2.3204530935487804,0.006802721088435374
B1,M0_B1,validation,leave_N,4,1.416184,134.218,,2.319,2.3190626777959515,0.006802721088435374
B1,M0_B1,validation,leave_N,4,1.416184,136.315,,2.3178,2.3176997909765924,0.006802721088435374
B1,M0_B1,validation,leave_N,4,1.416184,138.412,,2.3162,2.3163634769571924,0.006802721088435374
B1,M0_B1,validation,leave_N,4,1.416184,140.509,,2.3151,2.315052826662331,0.006802721088435374
B1,M0_B1,validation,leave_N,4,1.416184,142.606,,2.3138,2.3137669750971135,0.006802721088435374
B1,M0_B1,validation,leave_N,4,1.416184,144.703,,2.3125,2.3125050985986415,0.006802721088435374
B1,M0_B1,validation,leave_N,4,1.416184,146.801,,2.3113,2.311265827012973,0.006802721088435374
B1,M0_B1,validation,leave_N,4,1.416184,148.898,,2.3099,2.3100495930053064,0.006802721088435374
B1,M0_B1,validation,leave_N,4,1.416184,150.995,,2.3089,2.308855086266245,0.006802721088435374
B1,M0_B1,validation,leave_N,4,1.416184,153.092,,2.3077,2.3076816248914773,0.006802721088435374
B1,M0_B1,validation,leave_N,4,1.416184,155.189,,2.3065,2.30652855734746,0.006802721088435374
B1,M0_B1,validation,leave_N,4,1.416184,157.286,,2.3055,2.305395260729976,0.006802721088435374
B1,M0_B1,validation,leave_N,4,1.416184,159.384,,2.3042,2.3042806123336534,0.006802721088435374
B1,M0_B1,validation,leave_N,4,1.416184,161.481,,2.303,2.303185104125902,0.006802721088435374
B1,M0_B1,validation,leave_N,4,1.416184,163.578,,2.3019,2.302107654003108,0.006802721088435374
B1,M0_B1,validation,leave_N,4,1.416184,165.675,,2.3011,2.301047738461733,0.006802721088435374
B1,M0_B1,validation,leave_N,4,1.416184,167.772,,2.2999,2.300004855557366,0.006802721088435374
B1,M0_B1,validation,leave_N,4,1.416184,169.869,,2.2991,2.298978523760517,0.006802721088435374
B1,M0_B1,validation,leave_N,4,1.416184,171.966,,2.2978,2.2979682808864226,0.006802721088435374
B1,M0_B1,validation,leave_N,4,1.416184,174.064,,2.2971,2.2969732124612743,0.006802721088435374
B1,M0_B1,validation,leave_N,4,1.416184,176.161,,2.296,2.2959938404696647,0.006802721088435374
B1,M0_B1,validation,leave_N,4,1.416184,178.258,,2.295,2.295029277016421,0.006802721088435374
B1,M0_B1,validation,leave_N,4,1.416184,180.355,,2.294,2.2940791278940362,0.006802721088435374
B1,M0_B1,validation,leave_N,4,1.416184,182.452,,2.2932,2.2931430138176725,0.006802721088435374
B1,M0_B1,validation,leave_N,4,1.416184,184.549,,2.2922,2.2922205696964375,0.006802721088435374
B1,M0_B1,validation,leave_N,4,1.416184,186.647,,2.2914,2.291311013534424,0.006802721088435374
B1,M0_B1,validation,leave_N,4,1.416184,188.744,,2.2904,2.2904148735511405,0.006802721088435374
B1,M0_B1,validation,leave_N,4,1.416184,190.841,,2.2895,2.2895313866070013,0.006802721088435374
B1,M0_B1,validation,leave_N,4,1.416184,192.938,,2.2886,2.2886602379290633,0.006802721088435374
B1,M0_B1,validation,leave_N,4,1.416184,195.035,,2.2878,2.2878011238882707,0.006802721088435374
B1,M0_B1,validation,leave_N,4,1.416184,197.132,,2.287,2.2869537514901364,0.006802721088435374
B1,M0_B1,validation,leave_N,4,1.416184,199.229,,2.286,2.2861178378938343,0.006802721088435374
B1,M0_B1,validation,leave_N,4,1.416184,201.327,,2.2852,2.2852927192944126,0.006802721088435374
B1,M0_B1,validation,leave_N,4,1.416184,203.424,,2.2845,2.284478918293747,0.006802721088435374
B1,M0_B1,validation,leave_N,4,1.416184,205.521,,2.2837,2.2836757839537887,0.006802721088435374
B1,M0_B1,validation,leave_N,4,1.416184,207.618,,2.2829,2.2828830697490967,0.006802721088435374
B1,M0_B1,validation,leave_N,4,1.416184,209.715,,2.2821,2.2821005372687755,0.006802721088435374
B1,M0_B1,validation,leave_N,4,1.416184,211.812,,2.2814,2.2813279558714044,0.006802721088435374
B1,M0_B1,validation,leave_N,4,1.416184,213.91,,2.2805,2.2805647408605623,0.006802721088435374
B1,M0_B1,validation,leave_N,4,1.416184,216.007,,2.2797,2.279811403649311,0.006802721088435374
B1,M0_B1,validation,leave_N,4,1.416184,218.104,,2.2791,2.2790673689270853,0.006802721088435374
B1,M0_B1,validation,leave_N,4,1.416184,220.201,,2.2782,2.278332434025235,0.006802721088435374
B1,M0_B1,validation,leave_N,4,1.416184,222.298,,2.2776,2.2776064025671694,0.006802721088435374
B1,M0_B1,validation,leave_N,4,1.416184,224.395,,2.2767,2.2768890842158442,0.006802721088435374
B1,M0_B1,validation,leave_N,4,1.416184,226.492,,2.2763,2.276180294433636,0.006802721088435374
B1,M0_B1,validation,leave_N,4,1.416184,228.59,,2.2755,2.275479522197737,0.006802721088435374
B1,M0_B1,validation,leave_N,4,1.416184,230.687,,2.2748,2.2747872618655878,0.006802721088435374
B1,M0_B1,validation,leave_N,4,1.416184,232.784,,2.2742,2.2741030089768617,0.006802721088435374
B1,M0_B1,validation,leave_N,4,1.416184,234.881,,2.2736,2.273426600016278,0.006802721088435374
B1,M0_B1,validation,leave_N,4,1.416184,236.978,,2.2728,2.2727578762295697,0.006802721088435374
B1,M0_B1,validation,leave_N,4,1.416184,239.075,,2.2719,2.2720966834441807,0.006802721088435374
B1,M0_B1,validation,leave_N,4,1.416184,241.172,,2.2713,2.271442871898228,0.006802721088435374
B1,M0_B1,validation,leave_N,4,1.416184,243.27,,2.2707,2.270795989446964,0.006802721088435374
B1,M0_B1,validation,leave_N,4,1.416184,245.367,,2.2702,2.2701565112781092,0.006802721088435374
B1,M0_B1,validation,leave_N,4,1.416184,247.464,,2.2696,2.269523989866645,0.006802721088435374
B1,M0_B1,validation,leave_N,4,1.416184,249.561,,2.2688,2.268898291534765,0.006802721088435374
B1,M0_B1,validation,leave_N,4,1.416184,251.658,,2.2683,2.268279286269168,0.006802721088435374
B1,M0_B1,validation,leave_N,4,1.416184,253.755,,2.2676,2.2676668475910646,0.006802721088435374
B1,M0_B1,validation,leave_N,4,1.416184,255.853,,2.267,2.2670605649677813,0.006802721088435374
B1,M0_B1,validation,leave_N,4,1.416184,257.95,,2.2663,2.2664608965374624,0.006802721088435374
B1,M0_B1,validation,leave_N,4,1.416184,260.047,,2.2658,2.265867435193411,0.006802721088435374
B1,M0_B1,validation,leave_N,4,1.416184,262.144,,2.2652,2.2652800674049587,0.006802721088435374
B1,M0_B1,validation,leave_N,4,1.416184,264.241,,2.2646,2.2646986826050197,0.006802721088435374
B1,M0_B1,validation,leave_N,4,1.416184,266.338,,2.2642,2.26412317308994,0.006802721088435374
B1,M0_B1,validation,leave_N,4,1.416184,268.435,,2.2635,2.2635534339234873,0.006802721088435374
B1,M0_B1,validation,leave_N,4,1.416184,270.533,,2.2632,2.262989095191405,0.006802721088435374
B1,M0_B1,validation,leave_N,4,1.416184,272.63,,2.2625,2.2624305951586625,0.006802721088435374
B1,M0_B1,validation,leave_N,4,1.416184,274.727,,2.2619,2.26187756632253,0.006802721088435374
B1,M0_B1,validation,leave_N,4,1.416184,276.824,,2.2613,2.2613299139335314,0.006802721088435374
B1,M0_B1,validation,leave_N,4,1.416184,278.921,,2.2609,2.2607875455849813,0.006802721088435374
B1,M0_B1,validation,leave_N,4,1.416184,281.018,,2.2602,2.2602503711379587,0.006802721088435374
B1,M0_B1,validation,leave_N,4,1.416184,283.116,,2.2597,2.2597180501251,0.006802721088435374
B1,M0_B1,validation,leave_N,4,1.416184,285.213,,2.2594,2.2591910041516465,0.006802721088435374
B1,M0_B1,validation,leave_N,4,1.416184,287.31,,2.2587,2.258668894523163,0.006802721088435374
B1,M0_B1,validation,leave_N,4,1.416184,289.407,,2.2583,2.2581516394793195,0.006802721088435374
B1,M0_B1,validation,leave_N,4,1.416184,291.504,,2.2576,2.25763915919391,0.006802721088435374
B1,M0_B1,validation,leave_N,4,1.416184,293.601,,2.2571,2.257131375715576,0.006802721088435374
B1,M0_B1,validation,leave_N,4,1.416184,295.698,,2.2568,2.256628212910759,0.006802721088435374
B1,M0_B1,validation,leave_N,4,1.416184,297.796,,2.2561,2.2561293597055543,0.006802721088435374
B1,M0_B1,validation,leave_N,4,1.416184,299.893,,2.2558,2.255635218961974,0.006802721088435374
B1,M0_B1,validation,leave_N,5,2.782831,0.134,,4.1162,4.116657129384147,0.006802721088435374
B1,M0_B1,validation,leave_N,5,2.782831,0.268,,3.7324,3.732775835571391,0.006802721088435374
B1,M0_B1,validation,leave_N,5,2.782831,0.537,,3.4164,3.4158193358806996,0.006802721088435374
B1,M0_B1,validation,leave_N,5,2.782831,1.074,,3.1558,3.155526349316893,0.006802721088435374
B1,M0_B1,validation,leave_N,5,2.782831,2.097,,2.9476,2.947891786018527,0.006802721088435374
B1,M0_B1,validation,leave_N,5,2.782831,4.194,,2.7702,2.7701148600020877,0.006802721088435374
B1,M0_B1,validation,leave_N,5,2.782831,6.291,,2.6811,2.681033690300878,0.006802721088435374
B1,M0_B1,validation,leave_N,5,2.782831,8.389,,2.6238,2.623664950223544,0.006802721088435374
B1,M0_B1,validation,leave_N,5,2.782831,10.486,,2.5824,2.582262909205614,0.006802721088435374
B1,M0_B1,validation,leave_N,5,2.782831,12.583,,2.5504,2.5503019187695575,0.006802721088435374
B1,M0_B1,validation,leave_N,5,2.782831,14.68,,2.5246,2.524522555542091,0.006802721088435374
B1,M0_B1,validation,leave_N,5,2.782831,16.777,,2.503,2.5030727708755385,0.006802721088435374
B1,M0_B1,validation,leave_N,5,2.782831,18.874,,2.4846,2.4848066257216375,0.006802721088435374
B1,M0_B1,validation,leave_N,5,2.782831,20.972,,2.469,2.4689623204893554,0.006802721088435374
B1,M0_B1,validation,leave_N,5,2.782831,23.069,,2.455,2.4550333359544108,0.006802721088435374
B1,M0_B1,validation,leave_N,5,2.782831,25.166,,2.4427,2.442637448342876,0.006802721088435374
B1,M0_B1,validation,leave_N,5,2.782831,27.263,,2.4313,2.4314977746692774,0.006802721088435374
B1,M0_B1,validation,leave_N,5,2.782831,29.36,,2.4212,2.421404112588203,0.006802721088435374
B1,M0_B1,validation,leave_N,5,2.782831,31.457,,2.4123,2.4121934138282333,0.006802721088435374
B1,M0_B1,validation,leave_N,5,2.782831,33.554,,2.4037,2.4037368616296884,0.006802721088435374
B1,M0_B1,validation,leave_N,5,2.782831,35.652,,2.396,2.3959274738665326,0.006802721088435374
B1,M0_B1,validation,leave_N,5,2.782831,37.749,,2.3887,2.388688506960105,0.006802721088435374
B1,M0_B1,validation,leave_N,5,2.782831,39.846,,2.3819,2.3819467583574183,0.006802721088435374
B1,M0_B1,validation,leave_N,5,2.782831,41.943,,2.3757,2.375644481769738,0.006802721088435374
B1,M0_B1,validation,leave_N,5,2.782831,44.04,,2.3697,2.3697331127462418,0.006802721088435374
B1,M0_B1,validation,leave_N,5,2.782831,46.137,,2.3642,2.364171451465611,0.006802721088435374
B1,M0_B1,validation,leave_N,5,2.782831,48.234,,2.3589,2.3589242696492847,0.006802721088435374
B1,M0_B1,validation,leave_N,5,2.782831,50.332,,2.3539,2.3539589255551943,0.006802721088435374
B1,M0_B1,validation,leave_N,5,2.782831,52.429,,2.3492,2.349253844551123,0.006802721088435374
B1,M0_B1,validation,leave_N,5,2.782831,54.526,,2.3448,2.344783662798626,0.006802721088435374
B1,M0_B1,validation,leave_N,5,2.782831,56.623,,2.3405,2.340528272881405,0.006802721088435374
B1,M0_B1,validation,leave_N,5,2.782831,58.72,,2.3366,2.336469954113482,0.006802721088435374
B1,M0_B1,validation,leave_N,5,2.782831,60.817,,2.3325,2.3325930157462706,0.006802721088435374
B1,M0_B1,validation,leave_N,5,2.782831,62.915,,2.3288,2.328881772700425,0.006802721088435374
B1,M0_B1,validation,leave_N,5,2.782831,65.012,,2.3253,2.3253272982732427,0.006802721088435374
B1,M0_B1,validation,leave_N,5,2.782831,67.109,,2.3221,2.3219166171693884,0.006802721088435374
B1,M0_B1,validation,leave_N,5,2.782831,69.206,,2.3186,2.3186396842983465,0.006802721088435374
B1,M0_B1,validation,leave_N,5,2.782831,71.303,,2.3156,2.315487434127828,0.006802721088435374
B1,M0_B1,validation,leave_N,5,2.782831,73.4,,2.3123,2.3124516596301463,0.006802721088435374
B1,M0_B1,validation,leave_N,5,2.782831,75.497,,2.3095,2.309524909166663,0.006802721088435374
B1,M0_B1,validation,leave_N,5,2.782831,77.595,,2.3068,2.3066990746876974,0.006802721088435374
B1,M0_B1,validation,leave_N,5,2.782831,79.692,,2.304,2.3039706544612435,0.006802721088435374
B1,M0_B1,validation,leave_N,5,2.782831,81.789,,2.3014,2.301332610470694,0.006802721088435374
B1,M0_B1,validation,leave_N,5,2.782831,83.886,,2.2987,2.2987797444444107,0.006802721088435374
B1,M0_B1,validation,leave_N,5,2.782831,85.983,,2.2964,2.296307277680757,0.006802721088435374
B1,M0_B1,validation,leave_N,5,2.782831,88.08,,2.2941,2.2939108079180053,0.006802721088435374
B1,M0_B1,validation,leave_N,5,2.782831,90.178,,2.2915,2.2915851795904345,0.006802721088435374
B1,M0_B1,validation,leave_N,5,2.782831,92.275,,2.2893,2.289328850092441,0.006802721088435374
B1,M0_B1,validation,leave_N,5,2.782831,94.372,,2.2873,2.2871372121836058,0.006802721088435374
B1,M0_B1,validation,leave_N,5,2.782831,96.469,,2.2851,2.2850070342005426,0.006802721088435374
B1,M0_B1,validation,leave_N,5,2.782831,98.566,,2.2829,2.2829353117534144,0.006802721088435374
B1,M0_B1,validation,leave_N,5,2.782831,100.663,,2.2809,2.280919247306537,0.006802721088435374
B1,M0_B1,validation,leave_N,5,2.782831,102.76,,2.2789,2.2789562319757337,0.006802721088435374
B1,M0_B1,validation,leave_N,5,2.782831,104.858,,2.2769,2.2770429289964014,0.006802721088435374
B1,M0_B1,validation,leave_N,5,2.782831,106.955,,2.2751,2.2751788827446138,0.006802721088435374
B1,M0_B1,validation,leave_N,5,2.782831,109.052,,2.2733,2.2733610354912095,0.006802721088435374
B1,M0_B1,validation,leave_N,5,2.782831,111.149,,2.2715,2.2715873863136884,0.006802721088435374
B1,M0_B1,validation,leave_N,5,2.782831,113.246,,2.2698,2.269856056641184,0.006802721088435374
B1,M0_B1,validation,leave_N,5,2.782831,115.343,,2.2682,2.2681652806704076,0.006802721088435374
B1,M0_B1,validation,leave_N,5,2.782831,117.441,,2.2666,2.266512617979351,0.006802721088435374
B1,M0_B1,validation,leave_N,5,2.782831,119.538,,2.2648,2.264898077949419,0.006802721088435374
B1,M0_B1,validation,leave_N,5,2.782831,121.635,,2.2634,2.2633193873428454,0.006802721088435374
B1,M0_B1,validation,leave_N,5,2.782831,123.732,,2.2617,2.2617751523763223,0.006802721088435374
B1,M0_B1,validation,leave_N,5,2.782831,125.829,,2.2603,2.2602640559175247,0.006802721088435374
B1,M0_B1,validation,leave_N,5,2.782831,127.926,,2.2588,2.258784852075089,0.006802721088435374
B1,M0_B1,validation,leave_N,5,2.782831,130.023,,2.2572,2.2573363612520105,0.006802721088435374
B1,M0_B1,validation,leave_N,5,2.782831,132.121,,2.2559,2.255916795873867,0.006802721088435374
B1,M0_B1,validation,leave_N,5,2.782831,134.218,,2.2545,2.254526448566824,0.006802721088435374
B1,M0_B1,validation,leave_N,5,2.782831,136.315,,2.2532,2.253163629332725,0.006802721088435374
B1,M0_B1,validation,leave_N,5,2.782831,138.412,,2.2518,2.251827382058376,0.006802721088435374
B1,M0_B1,validation,leave_N,5,2.782831,140.509,,2.2507,2.250516797688,0.006802721088435374
B1,M0_B1,validation,leave_N,5,2.782831,142.606,,2.2492,2.2492310112456932,0.006802721088435374
B1,M0_B1,validation,leave_N,5,2.782831,144.703,,2.2479,2.247969199086932,0.006802721088435374
B1,M0_B1,validation,leave_N,5,2.782831,146.801,,2.2467,2.2467299911056844,0.006802721088435374
B1,M0_B1,validation,leave_N,5,2.782831,148.898,,2.2455,2.2455138199237252,0.006802721088435374
B1,M0_B1,validation,leave_N,5,2.782831,150.995,,2.2443,2.2443193752788053,0.006802721088435374
B1,M0_B1,validation,leave_N,5,2.782831,153.092,,2.2432,2.2431459752827356,0.006802721088435374
B1,M0_B1,validation,leave_N,5,2.782831,155.189,,2.2421,2.2419929684175877,0.006802721088435374
B1,M0_B1,validation,leave_N,5,2.782831,157.286,,2.2408,2.240859731794272,0.006802721088435374
B1,M0_B1,validation,leave_N,5,2.782831,159.384,,2.2397,2.2397451427502046,0.006802721088435374
B1,M0_B1,validation,leave_N,5,2.782831,161.481,,2.2387,2.23864969321043,0.006802721088435374
B1,M0_B1,validation,leave_N,5,2.782831,163.578,,2.2375,2.2375723011135555,0.006802721088435374
B1,M0_B1,validation,leave_N,5,2.782831,165.675,,2.2366,2.236512442969402,0.006802721088435374
B1,M0_B1,validation,leave_N,5,2.782831,167.772,,2.2355,2.235469616846513,0.006802721088435374
B1,M0_B1,validation,leave_N,5,2.782831,169.869,,2.2343,2.2344433412279723,0.006802721088435374
B1,M0_B1,validation,leave_N,5,2.782831,171.966,,2.2336,2.2334331539412156,0.006802721088435374
B1,M0_B1,validation,leave_N,5,2.782831,174.064,,2.2326,2.2324381405503737,0.006802721088435374
B1,M0_B1,validation,leave_N,5,2.782831,176.161,,2.2314,2.2314588229990813,0.006802721088435374
B1,M0_B1,validation,leave_N,5,2.782831,178.258,,2.2305,2.2304943134297024,0.006802721088435374
B1,M0_B1,validation,leave_N,5,2.782831,180.355,,2.2296,2.2295442176455817,0.006802721088435374
B1,M0_B1,validation,leave_N,5,2.782831,182.452,,2.2286,2.2286081563724234,0.006802721088435374
B1,M0_B1,validation,leave_N,5,2.782831,184.549,,2.2277,2.2276857645295833,0.006802721088435374
B1,M0_B1,validation,leave_N,5,2.782831,186.647,,2.2269,2.2267762601556793,0.006802721088435374
B1,M0_B1,validation,leave_N,5,2.782831,188.744,,2.2259,2.225880171430542,0.006802721088435374
B1,M0_B1,validation,leave_N,5,2.782831,190.841,,2.2249,2.2249967352488134,0.006802721088435374
B1,M0_B1,validation,leave_N,5,2.782831,192.938,,2.224,2.224125636846716,0.006802721088435374
B1,M0_B1,validation,leave_N,5,2.782831,195.035,,2.2232,2.223266572604113,0.006802721088435374
B1,M0_B1,validation,leave_N,5,2.782831,197.132,,2.2224,2.2224192495351978,0.006802721088435374
B1,M0_B1,validation,leave_N,5,2.782831,199.229,,2.2217,2.221583384807594,0.006802721088435374
B1,M0_B1,validation,leave_N,5,2.782831,201.327,,2.2207,2.2207583146475596,0.006802721088435374
B1,M0_B1,validation,leave_N,5,2.782831,203.424,,2.22,2.21994456161881,0.006802721088435374
B1,M0_B1,validation,leave_N,5,2.782831,205.521,,2.2191,2.2191414748142977,0.006802721088435374
B1,M0_B1,validation,leave_N,5,2.782831,207.618,,2.2184,2.2183488077161866,0.006802721088435374
B1,M0_B1,validation,leave_N,5,2.782831,209.715,,2.2178,2.217566321920992,0.006802721088435374
B1,M0_B1,validation,leave_N,5,2.782831,211.812,,2.2168,2.2167937867945176,0.006802721088435374
B1,M0_B1,validation,leave_N,5,2.782831,213.91,,2.216,2.2160306176691607,0.006802721088435374
B1,M0_B1,validation,leave_N,5,2.782831,216.007,,2.2154,2.2152773259211096,0.006802721088435374
B1,M0_B1,validation,leave_N,5,2.782831,218.104,,2.2146,2.2145333362684654,0.006802721088435374
B1,M0_B1,validation,leave_N,5,2.782831,220.201,,2.214,2.213798446049111,0.006802721088435374
B1,M0_B1,validation,leave_N,5,2.782831,222.298,,2.2131,2.2130724588928294,0.006802721088435374
B1,M0_B1,validation,leave_N,5,2.782831,224.395,,2.2123,2.212355184468798,0.006802721088435374
B1,M0_B1,validation,leave_N,5,2.782831,226.492,,2.2117,2.2116464382454635,0.006802721088435374
B1,M0_B1,validation,leave_N,5,2.782831,228.59,,2.211,2.210945709226459,0.006802721088435374
B1,M0_B1,validation,leave_N,5,2.782831,230.687,,2.2103,2.210253491733817,0.006802721088435374
B1,M0_B1,validation,leave_N,5,2.782831,232.784,,2.2096,2.209569281333546,0.006802721088435374
B1,M0_B1,validation,leave_N,5,2.782831,234.881,,2.209,2.2088929145158858,0.006802721088435374
B1,M0_B1,validation,leave_N,5,2.782831,236.978,,2.2083,2.2082242325319608,0.006802721088435374
B1,M0_B1,validation,leave_N,5,2.782831,239.075,,2.2077,2.207563081214485,0.006802721088435374
B1,M0_B1,validation,leave_N,5,2.782831,241.172,,2.207,2.2069093108067226,0.006802721088435374
B1,M0_B1,validation,leave_N,5,2.782831,243.27,,2.2063,2.2062624691883452,0.006802721088435374
B1,M0_B1,validation,leave_N,5,2.782831,245.367,,2.2056,2.2056230315130696,0.006802721088435374
B1,M0_B1,validation,leave_N,5,2.782831,247.464,,2.2051,2.204990550280226,0.006802721088435374
B1,M0_B1,validation,leave_N,5,2.782831,249.561,,2.2043,2.204364891816711,0.006802721088435374
B1,M0_B1,validation,leave_N,5,2.782831,251.658,,2.2038,2.2037459261138244,0.006802721088435374
B1,M0_B1,validation,leave_N,5,2.782831,253.755,,2.2031,2.2031335266972754,0.006802721088435374
B1,M0_B1,validation,leave_N,5,2.782831,255.853,,2.2025,2.202527283057304,0.006802721088435374
B1,M0_B1,validation,leave_N,5,2.782831,257.95,,2.202,2.201927653299202,0.006802721088435374
B1,M0_B1,validation,leave_N,5,2.782831,260.047,,2.2014,2.201334230339138,0.006802721088435374
B1,M0_B1,validation,leave_N,5,2.782831,262.144,,2.2008,2.2007469006505707,0.006802721088435374
B1,M0_B1,validation,leave_N,5,2.782831,264.241,,2.2001,2.2001655536704523,0.006802721088435374
B1,M0_B1,validation,leave_N,5,2.782831,266.338,,2.1997,2.199590081699083,0.006802721088435374
B1,M0_B1,validation,leave_N,5,2.782831,268.435,,2.1991,2.1990203798041037,0.006802721088435374
B1,M0_B1,validation,leave_N,5,2.782831,270.533,,2.1986,2.1984560780926303,0.006802721088435374
B1,M0_B1,validation,leave_N,5,2.782831,272.63,,2.1979,2.197897614798057,0.006802721088435374
B1,M0_B1,validation,leave_N,5,2.782831,274.727,,2.1974,2.1973446224390023,0.006802721088435374
B1,M0_B1,validation,leave_N,5,2.782831,276.824,,2.1968,2.1967970062695548,0.006802721088435374
B1,M0_B1,validation,leave_N,5,2.782831,278.921,,2.1964,2.1962546738865214,0.006802721088435374
B1,M0_B1,validation,leave_N,5,2.782831,281.018,,2.1957,2.195717535154404,0.006802721088435374
B1,M0_B1,validation,leave_N,5,2.782831,283.116,,2.1952,2.195185249626049,0.006802721088435374
B1,M0_B1,validation,leave_N,5,2.782831,285.213,,2.1947,2.194658238876162,0.006802721088435374
B1,M0_B1,validation,leave_N,5,2.782831,287.31,,2.1942,2.1941361642305024,0.006802721088435374
B1,M0_B1,validation,leave_N,5,2.782831,289.407,,2.1936,2.1936189439319027,0.006802721088435374
B1,M0_B1,validation,leave_N,5,2.782831,291.504,,2.1931,2.193106498157256,0.006802721088435374
B1,M0_B1,validation,leave_N,5,2.782831,293.601,,2.1927,2.1925987489582464,0.006802721088435374
B1,M0_B1,validation,leave_N,5,2.782831,295.698,,2.192,2.1920956202042947,0.006802721088435374
B1,M0_B1,validation,leave_N,5,2.782831,297.796,,2.1916,2.1915968008405007,0.006802721088435374
B1,M0_B1,validation,leave_N,5,2.782831,299.893,,2.1911,2.1911026936994866,0.006802721088435374
B1,M0_B1,validation,leave_N,6,6.86104,0.134,,4.0512,4.050590415621604,0.006802721088435374
B1,M0_B1,validation,leave_N,6,6.86104,0.268,,3.6658,3.6667269451899527,0.006802721088435374
B1,M0_B1,validation,leave_N,6,6.86104,0.537,,3.3494,3.3497821649437762,0.006802721088435374
B1,M0_B1,validation,leave_N,6,6.86104,1.074,,3.0899,3.0894963413101837,0.006802721088435374
B1,M0_B1,validation,leave_N,6,6.86104,2.097,,2.8818,2.8818655630300603,0.006802721088435374
B1,M0_B1,validation,leave_N,6,6.86104,4.194,,2.7039,2.704090229971191,0.006802721088435374
B1,M0_B1,validation,leave_N,6,6.86104,6.291,,2.6151,2.6150091829109807,0.006802721088435374
B1,M0_B1,validation,leave_N,6,6.86104,8.389,,2.5577,2.5576402494153867,0.006802721088435374
B1,M0_B1,validation,leave_N,6,6.86104,10.486,,2.5161,2.5162379242867154,0.006802721088435374
B1,M0_B1,validation,leave_N,6,6.86104,12.583,,2.4841,2.484276626093534,0.006802721088435374
B1,M0_B1,validation,leave_N,6,6.86104,14.68,,2.4586,2.4584969554744784,0.006802721088435374
B1,M0_B1,validation,leave_N,6,6.86104,16.777,,2.4371,2.437046872970944,0.006802721088435374
B1,M0_B1,validation,leave_N,6,6.86104,18.874,,2.4187,2.418780442895013,0.006802721088435374
B1,M0_B1,validation,leave_N,6,6.86104,20.972,,2.4032,2.402935866416218,0.006802721088435374
B1,M0_B1,validation,leave_N,6,6.86104,23.069,,2.3889,2.389006624371977,0.006802721088435374
B1,M0_B1,validation,leave_N,6,6.86104,25.166,,2.3764,2.3766104921944002,0.006802721088435374
B1,M0_B1,validation,leave_N,6,6.86104,27.263,,2.3654,2.3654705860599567,0.006802721088435374
B1,M0_B1,validation,leave_N,6,6.86104,29.36,,2.3553,2.355376702745052,0.006802721088435374
B1,M0_B1,validation,leave_N,6,6.86104,31.457,,2.3462,2.346165793124198,0.006802721088435374
B1,M0_B1,validation,leave_N,6,6.86104,33.554,,2.3377,2.337709039636334,0.006802721088435374
B1,M0_B1,validation,leave_N,6,6.86104,35.652,,2.3299,2.3298994593276374,0.006802721088435374
B1,M0_B1,validation,leave_N,6,6.86104,37.749,,2.3225,2.3226603081298673,0.006802721088435374
B1,M0_B1,validation,leave_N,6,6.86104,39.846,,2.3161,2.3159183827859025,0.006802721088435374
B1,M0_B1,validation,leave_N,6,6.86104,41.943,,2.3096,2.30961593645472,0.006802721088435374
B1,M0_B1,validation,leave_N,6,6.86104,44.04,,2.3038,2.3037044041860115,0.006802721088435374
B1,M0_B1,validation,leave_N,6,6.86104,46.137,,2.2982,2.298142585706518,0.006802721088435374
B1,M0_B1,validation,leave_N,6,6.86104,48.234,,2.2929,2.2928952523282864,0.006802721088435374
B1,M0_B1,validation,leave_N,6,6.86104,50.332,,2.288,2.287929761869255,0.006802721088435374
B1,M0_B1,validation,leave_N,6,6.86104,52.429,,2.2832,2.283224539499005,0.006802721088435374
B1,M0_B1,validation,leave_N,6,6.86104,54.526,,2.2788,2.278754221000652,0.006802721088435374
B1,M0_B1,validation,leave_N,6,6.86104,56.623,,2.2746,2.2744986986773217,0.006802721088435374
B1,M0_B1,validation,leave_N,6,6.86104,58.72,,2.2704,2.270440251586452,0.006802721088435374
B1,M0_B1,validation,leave_N,6,6.86104,60.817,,2.2666,2.266563188744328,0.006802721088435374
B1,M0_B1,validation,leave_N,6,6.86104,62.915,,2.2628,2.2628518247989002,0.006802721088435374
B1,M0_B1,validation,leave_N,6,6.86104,65.012,,2.2594,2.2592972329639847,0.006802721088435374
B1,M0_B1,validation,leave_N,6,6.86104,67.109,,2.2558,2.255886437702633,0.006802721088435374
B1,M0_B1,validation,leave_N,6,6.86104,69.206,,2.2528,2.2526093937551757,0.006802721088435374
B1,M0_B1,validation,leave_N,6,6.86104,71.303,,2.2494,2.249457035432798,0.006802721088435374
B1,M0_B1,validation,leave_N,6,6.86104,73.4,,2.2463,2.2464211555627167,0.006802721088435374
B1,M0_B1,validation,leave_N,6,6.86104,75.497,,2.2435,2.243494302371561,0.006802721088435374
B1,M0_B1,validation,leave_N,6,6.86104,77.595,,2.2406,2.2406683676371317,0.006802721088435374
B1,M0_B1,validation,leave_N,6,6.86104,79.692,,2.238,2.237939849606208,0.006802721088435374
B1,M0_B1,validation,leave_N,6,6.86104,81.789,,2.2352,2.2353017101048898,0.006802721088435374
B1,M0_B1,validation,leave_N,6,6.86104,83.886,,2.2327,2.2327487507597694,0.006802721088435374
B1,M0_B1,validation,leave_N,6,6.86104,85.983,,2.2301,2.230276192773983,0.006802721088435374
B1,M0_B1,validation,leave_N,6,6.86104,88.08,,2.2278,2.227879633796576,0.006802721088435374
B1,M0_B1,validation,leave_N,6,6.86104,90.178,,2.2253,2.225553918136933,0.006802721088435374
B1,M0_B1,validation,leave_N,6,6.86104,92.275,,2.2231,2.22329750319403,0.006802721088435374
B1,M0_B1,validation,leave_N,6,6.86104,94.372,,2.2212,2.2211057816114033,0.006802721088435374
B1,M0_B1,validation,leave_N,6,6.86104,96.469,,2.219,2.218975521656015,0.006802721088435374
B1,M0_B1,validation,leave_N,6,6.86104,98.566,,2.2169,2.2169037188723646,0.006802721088435374
B1,M0_B1,validation,leave_N,6,6.86104,100.663,,2.2148,2.2148875756627953,0.006802721088435374
B1,M0_B1,validation,leave_N,6,6.86104,102.76,,2.2129,2.2129244830845813,0.006802721088435374
B1,M0_B1,validation,leave_N,6,6.86104,104.858,,2.211,2.211011104281944,0.006802721088435374
B1,M0_B1,validation,leave_N,6,6.86104,106.955,,2.209,2.209146983650799,0.006802721088435374
B1,M0_B1,validation,leave_N,6,6.86104,109.052,,2.2074,2.2073290633758282,0.006802721088435374
B1,M0_B1,validation,leave_N,6,6.86104,111.149,,2.2056,2.2055553424874192,0.006802721088435374
B1,M0_B1,validation,leave_N,6,6.86104,113.246,,2.2038,2.2038239423699837,0.006802721088435374
B1,M0_B1,validation,leave_N,6,6.86104,115.343,,2.2021,2.2021330971777395,0.006802721088435374
B1,M0_B1,validation,leave_N,6,6.86104,117.441,,2.2005,2.2004803664161017,0.006802721088435374
B1,M0_B1,validation,leave_N,6,6.86104,119.538,,2.1987,2.198865759492895,0.006802721088435374
B1,M0_B1,validation,leave_N,6,6.86104,121.635,,2.1973,2.1972870031010046,0.006802721088435374
B1,M0_B1,validation,leave_N,6,6.86104,123.732,,2.1957,2.1957427034222103,0.006802721088435374
B1,M0_B1,validation,leave_N,6,6.86104,125.829,,2.1941,2.194231543290889,0.006802721088435374
B1,M0_B1,validation,leave_N,6,6.86104,127.926,,2.1927,2.192752276783889,0.006802721088435374
B1,M0_B1,validation,leave_N,6,6.86104,130.023,,2.1914,2.191303724273843,0.006802721088435374
B1,M0_B1,validation,leave_N,6,6.86104,132.121,,2.1899,2.1898840981285623,0.006802721088435374
B1,M0_B1,validation,leave_N,6,6.86104,134.218,,2.1884,2.1884936910043695,0.006802721088435374
B1,M0_B1,validation,leave_N,6,6.86104,136.315,,2.1872,2.187130812847352,0.006802721088435374
B1,M0_B1,validation,leave_N,6,6.86104,138.412,,2.1859,2.1857945075188705,0.006802721088435374
B1,M0_B1,validation,leave_N,6,6.86104,140.509,,2.1845,2.1844838659387626,0.006802721088435374
B1,M0_B1,validation,leave_N,6,6.86104,142.606,,2.1832,2.1831980231077472,0.006802721088435374
B1,M0_B1,validation,leave_N,6,6.86104,144.703,,2.1819,2.181936155358869,0.006802721088435374
B1,M0_B1,validation,leave_N,6,6.86104,146.801,,2.1807,2.1806968925386094,0.006802721088435374
B1,M0_B1,validation,leave_N,6,6.86104,148.898,,2.1795,2.1794806673003326,0.006802721088435374
B1,M0_B1,validation,leave_N,6,6.86104,150.995,,2.1783,2.178286169335597,0.006802721088435374
B1,M0_B1,validation,leave_N,6,6.86104,153.092,,2.1772,2.177112716737108,0.006802721088435374
B1,M0_B1,validation,leave_N,6,6.86104,155.189,,2.176,2.1759596579685603,0.006802721088435374
B1,M0_B1,validation,leave_N,6,6.86104,157.286,,2.1748,2.174826370123178,0.006802721088435374
B1,M0_B1,validation,leave_N,6,6.86104,159.384,,2.1738,2.1737117304973963,0.006802721088435374
B1,M0_B1,validation,leave_N,6,6.86104,161.481,,2.1726,2.1726162310480666,0.006802721088435374
B1,M0_B1,validation,leave_N,6,6.86104,163.578,,2.1717,2.171538789673723,0.006802721088435374
B1,M0_B1,validation,leave_N,6,6.86104,165.675,,2.1704,2.170478882868943,0.006802721088435374
B1,M0_B1,validation,leave_N,6,6.86104,167.772,,2.1696,2.16943600868757,0.006802721088435374
B1,M0_B1,validation,leave_N,6,6.86104,169.869,,2.1684,2.1684096855985,0.006802721088435374
B1,M0_B1,validation,leave_N,6,6.86104,171.966,,2.1673,2.167399451415473,0.006802721088435374
B1,M0_B1,validation,leave_N,6,6.86104,174.064,,2.1664,2.16640439166743,0.006802721088435374
B1,M0_B1,validation,leave_N,6,6.86104,176.161,,2.1654,2.1654250283294125,0.006802721088435374
B1,M0_B1,validation,leave_N,6,6.86104,178.258,,2.1645,2.1644604735092057,0.006802721088435374
B1,M0_B1,validation,leave_N,6,6.86104,180.355,,2.1635,2.1635103329982117,0.006802721088435374
B1,M0_B1,validation,leave_N,6,6.86104,182.452,,2.1625,2.162574227510585,0.006802721088435374
B1,M0_B1,validation,leave_N,6,6.86104,184.549,,2.1616,2.1616517919545046,0.006802721088435374
B1,M0_B1,validation,leave_N,6,6.86104,186.647,,2.1609,2.160742244337275,0.006802721088435374
B1,M0_B1,validation,leave_N,6,6.86104,188.744,,2.16,2.1598461128694706,0.006802721088435374
B1,M0_B1,validation,leave_N,6,6.86104,190.841,,2.159,2.158962634414862,0.006802721088435374
B1,M0_B1,validation,leave_N,6,6.86104,192.938,,2.1581,2.1580914941998413,0.006802721088435374
B1,M0_B1,validation,leave_N,6,6.86104,195.035,,2.1572,2.157232388594745,0.006802721088435374
B1,M0_B1,validation,leave_N,6,6.86104,197.132,,2.1564,2.156385024604528,0.006802721088435374
B1,M0_B1,validation,leave_N,6,6.86104,199.229,,2.1555,2.1555491193878575,0.006802721088435374
B1,M0_B1,validation,leave_N,6,6.86104,201.327,,2.1547,2.154724009143294,0.006802721088435374
B1,M0_B1,validation,leave_N,6,6.86104,203.424,,2.1538,2.153910216464328,0.006802721088435374
B1,M0_B1,validation,leave_N,6,6.86104,205.521,,2.1531,2.1531070904165195,0.006802721088435374
B1,M0_B1,validation,leave_N,6,6.86104,207.618,,2.1524,2.1523143844740833,0.006802721088435374
B1,M0_B1,validation,leave_N,6,6.86104,209.715,,2.1515,2.1515318602258153,0.006802721088435374
B1,M0_B1,validation,leave_N,6,6.86104,211.812,,2.1509,2.1507592870300187,0.006802721088435374
B1,M0_B1,validation,leave_N,6,6.86104,213.91,,2.1499,2.149996080193915,0.006802721088435374
B1,M0_B1,validation,leave_N,6,6.86104,216.007,,2.1491,2.149242751122555,0.006802721088435374
B1,M0_B1,validation,leave_N,6,6.86104,218.104,,2.1485,2.1484987245090865,0.006802721088435374
B1,M0_B1,validation,leave_N,6,6.86104,220.201,,2.1478,2.1477637976846937,0.006802721088435374
B1,M0_B1,validation,leave_N,6,6.86104,222.298,,2.1472,2.1470377742726416,0.006802721088435374
B1,M0_B1,validation,leave_N,6,6.86104,224.395,,2.1463,2.1463204639357665,0.006802721088435374
B1,M0_B1,validation,leave_N,6,6.86104,226.492,,2.1457,2.145611682136343,0.006802721088435374
B1,M0_B1,validation,leave_N,6,6.86104,228.59,,2.1449,2.1449109178552663,0.006802721088435374
B1,M0_B1,validation,leave_N,6,6.86104,230.687,,2.1442,2.14421866544233,0.006802721088435374
B1,M0_B1,validation,leave_N,6,6.86104,232.784,,2.1436,2.1435344204409597,0.006802721088435374
B1,M0_B1,validation,leave_N,6,6.86104,234.881,,2.1429,2.1428580193358435,0.006802721088435374
B1,M0_B1,validation,leave_N,6,6.86104,236.978,,2.1421,2.142189303372697,0.006802721088435374
B1,M0_B1,validation,leave_N,6,6.86104,239.075,,2.1416,2.1415281183789623,0.006802721088435374
B1,M0_B1,validation,leave_N,6,6.86104,241.172,,2.141,2.1408743145927653,0.006802721088435374
B1,M0_B1,validation,leave_N,6,6.86104,243.27,,2.1402,2.1402274398730583,0.006802721088435374
B1,M0_B1,validation,leave_N,6,6.86104,245.367,,2.1396,2.1395879694002247,0.006802721088435374
B1,M0_B1,validation,leave_N,6,6.86104,247.464,,2.139,2.138955455652982,0.006802721088435374
B1,M0_B1,validation,leave_N,6,6.86104,249.561,,2.1384,2.1383297649535766,0.006802721088435374
B1,M0_B1,validation,leave_N,6,6.86104,251.658,,2.1377,2.137710767288771,0.006802721088435374
B1,M0_B1,validation,leave_N,6,6.86104,253.755,,2.1371,2.137098336179845,0.006802721088435374
B1,M0_B1,validation,leave_N,6,6.86104,255.853,,2.1365,2.136492061097792,0.006802721088435374
B1,M0_B1,validation,leave_N,6,6.86104,257.95,,2.136,2.1358924001736543,0.006802721088435374
B1,M0_B1,validation,leave_N,6,6.86104,260.047,,2.1353,2.1352989463044287,0.006802721088435374
B1,M0_B1,validation,leave_N,6,6.86104,262.144,,2.1347,2.134711585959547,0.006802721088435374
B1,M0_B1,validation,leave_N,6,6.86104,264.241,,2.1342,2.1341302085720293,0.006802721088435374
B1,M0_B1,validation,leave_N,6,6.86104,266.338,,2.1334,2.133554706438332,0.006802721088435374
B1,M0_B1,validation,leave_N,6,6.86104,268.435,,2.1331,2.1329849746223397,0.006802721088435374
B1,M0_B1,validation,leave_N,6,6.86104,270.533,,2.1323,2.1324206432133996,0.006802721088435374
B1,M0_B1,validation,leave_N,6,6.86104,272.63,,2.1318,2.1318621504696256,0.006802721088435374
B1,M0_B1,validation,leave_N,6,6.86104,274.727,,2.1312,2.1313091288919153,0.006802721088435374
B1,M0_B1,validation,leave_N,6,6.86104,276.824,,2.1307,2.130761483730926,0.006802721088435374
B1,M0_B1,validation,leave_N,6,6.86104,278.921,,2.1303,2.1302191225801086,0.006802721088435374
B1,M0_B1,validation,leave_N,6,6.86104,281.018,,2.1297,2.129681955300683,0.006802721088435374
B1,M0_B1,validation,leave_N,6,6.86104,283.116,,2.1292,2.1291496414288242,0.006802721088435374
B1,M0_B1,validation,leave_N,6,6.86104,285.213,,2.1286,2.128622602563112,0.006802721088435374
B1,M0_B1,validation,leave_N,6,6.86104,287.31,,2.1281,2.1281005000126703,0.006802721088435374
B1,M0_B1,validation,leave_N,6,6.86104,289.407,,2.1276,2.127583252017319,0.006802721088435374
B1,M0_B1,validation,leave_N,6,6.86104,291.504,,2.127,2.1270707787510044,0.006802721088435374
B1,M0_B1,validation,leave_N,6,6.86104,293.601,,2.1266,2.126563002262524,0.006802721088435374
B1,M0_B1,validation,leave_N,6,6.86104,295.698,,2.126,2.1260598464184723,0.006802721088435374
B1,M0_B1,validation,leave_N,6,6.86104,297.796,,2.1255,2.125561000148403,0.006802721088435374
B1,M0_B1,validation,leave_N,6,6.86104,299.893,,2.125,2.1250668663078747,0.006802721088435374
B1,M0_B1,validation,leave_N,7,11.965825,0.134,,4.0188,4.018883309953564,0.006802721088435374
B1,M0_B1,validation,leave_N,7,11.965825,0.268,,3.6351,3.635014368393542,0.006802721088435374
B1,M0_B1,validation,leave_N,7,11.965825,0.537,,3.3185,3.3180671321615733,0.006802721088435374
B1,M0_B1,validation,leave_N,7,11.965825,1.074,,3.058,3.057780984734192,0.006802721088435374
B1,M0_B1,validation,leave_N,7,11.965825,2.097,,2.8502,2.850151274956577,0.006802721088435374
B1,M0_B1,validation,leave_N,7,11.965825,4.194,,2.6724,2.672377990223879,0.006802721088435374
B1,M0_B1,validation,leave_N,7,11.965825,6.291,,2.5833,2.583298434255207,0.006802721088435374
B1,M0_B1,validation,leave_N,7,11.965825,8.389,,2.5261,2.525930648409376,0.006802721088435374
B1,M0_B1,validation,leave_N,7,11.965825,10.486,,2.4845,2.4845292509356804,0.006802721088435374
B1,M0_B1,validation,leave_N,7,11.965825,12.583,,2.4527,2.4525687296928527,0.006802721088435374
B1,M0_B1,validation,leave_N,7,11.965825,14.68,,2.4268,2.426789726446984,0.006802721088435374
B1,M0_B1,validation,leave_N,7,11.965825,16.777,,2.4053,2.4053402281730403,0.006802721088435374
B1,M0_B1,validation,leave_N,7,11.965825,18.874,,2.3868,2.3870743171381847,0.006802721088435374
B1,M0_B1,validation,leave_N,7,11.965825,20.972,,2.3713,2.371230207461644,0.006802721088435374
B1,M0_B1,validation,leave_N,7,11.965825,23.069,,2.3573,2.3573013888964827,0.006802721088435374
B1,M0_B1,validation,leave_N,7,11.965825,25.166,,2.345,2.344905644180815,0.006802721088435374
B1,M0_B1,validation,leave_N,7,11.965825,27.263,,2.3334,2.333766094964433,0.006802721088435374
B1,M0_B1,validation,leave_N,7,11.965825,29.36,,2.3239,2.32367254234538,0.006802721088435374
B1,M0_B1,validation,leave_N,7,11.965825,31.457,,2.3144,2.314461940669271,0.006802721088435374
B1,M0_B1,validation,leave_N,7,11.965825,33.554,,2.3061,2.3060054752045023,0.006802721088435374
B1,M0_B1,validation,leave_N,7,11.965825,35.652,,2.2981,2.2981961654587133,0.006802721088435374
B1,M0_B1,validation,leave_N,7,11.965825,37.749,,2.291,2.290957269057692,0.006802721088435374
B1,M0_B1,validation,leave_N,7,11.965825,39.846,,2.2841,2.284215584523308,0.006802721088435374
B1,M0_B1,validation,leave_N,7,11.965825,41.943,,2.2778,2.2779133664157265,0.006802721088435374
B1,M0_B1,validation,leave_N,7,11.965825,44.04,,2.2722,2.2720020509871177,0.006802721088435374
B1,M0_B1,validation,leave_N,7,11.965825,46.137,,2.2664,2.2664404390037483,0.006802721088435374
B1,M0_B1,validation,leave_N,7,11.965825,48.234,,2.2612,2.261193302682312,0.006802721088435374
B1,M0_B1,validation,leave_N,7,11.965825,50.332,,2.2563,2.2562280007206996,0.006802721088435374
B1,M0_B1,validation,leave_N,7,11.965825,52.429,,2.2516,2.251522958806391,0.006802721088435374
B1,M0_B1,validation,leave_N,7,11.965825,54.526,,2.2471,2.2470528134314005,0.006802721088435374
B1,M0_B1,validation,leave_N,7,11.965825,56.623,,2.2428,2.2427974574474674,0.006802721088435374
B1,M0_B1,validation,leave_N,7,11.965825,58.72,,2.239,2.238739170401931,0.006802721088435374
B1,M0_B1,validation,leave_N,7,11.965825,60.817,,2.2349,2.2348622617503175,0.006802721088435374
B1,M0_B1,validation,leave_N,7,11.965825,62.915,,2.2312,2.231151046605566,0.006802721088435374
B1,M0_B1,validation,leave_N,7,11.965825,65.012,,2.2277,2.227596598396792,0.006802721088435374
B1,M0_B1,validation,leave_N,7,11.965825,67.109,,2.2243,2.2241859419827237,0.006802721088435374
B1,M0_B1,validation,leave_N,7,11.965825,69.206,,2.221,2.2209090323977043,0.006802721088435374
B1,M0_B1,validation,leave_N,7,11.965825,71.303,,2.2178,2.2177568042209197,0.006802721088435374
B1,M0_B1,validation,leave_N,7,11.965825,73.4,,2.2146,2.2147210505245423,0.006802721088435374
B1,M0_B1,validation,leave_N,7,11.965825,75.497,,2.2119,2.211794319759668,0.006802721088435374
B1,M0_B1,validation,leave_N,7,11.965825,77.595,,2.2089,2.208968503966166,0.006802721088435374
B1,M0_B1,validation,leave_N,7,11.965825,79.692,,2.2063,2.2062401014673396,0.006802721088435374
B1,M0_B1,validation,leave_N,7,11.965825,81.789,,2.2035,2.2036020743219584,0.006802721088435374
B1,M0_B1,validation,leave_N,7,11.965825,83.886,,2.201,2.201049224318556,0.006802721088435374
B1,M0_B1,validation,leave_N,7,11.965825,85.983,,2.1986,2.198576772810287,0.006802721088435374
B1,M0_B1,validation,leave_N,7,11.965825,88.08,,2.1962,2.196180317585432,0.006802721088435374
B1,M0_B1,validation,leave_N,7,11.965825,90.178,,2.1939,2.193854703130467,0.006802721088435374
B1,M0_B1,validation,leave_N,7,11.965825,92.275,,2.1917,2.1915983868685007,0.006802721088435374
B1,M0_B1,validation,leave_N,7,11.965825,94.372,,2.1894,2.189406761604375,0.006802721088435374
B1,M0_B1,validation,leave_N,7,11.965825,96.469,,2.1873,2.1872765957101192,0.006802721088435374
B1,M0_B1,validation,leave_N,7,11.965825,98.566,,2.1853,2.1852048848285364,0.006802721088435374
B1,M0_B1,validation,leave_N,7,11.965825,100.663,,2.1833,2.1831888314540744,0.006802721088435374
B1,M0_B1,validation,leave_N,7,11.965825,102.76,,2.1811,2.1812258267304236,0.006802721088435374
B1,M0_B1,validation,leave_N,7,11.965825,104.858,,2.1794,2.1793125339235355,0.006802721088435374
B1,M0_B1,validation,leave_N,7,11.965825,106.955,,2.1775,2.177448497423735,0.006802721088435374
B1,M0_B1,validation,leave_N,7,11.965825,109.052,,2.1756,2.1756306595290478,0.006802721088435374
B1,M0_B1,validation,leave_N,7,11.965825,111.149,,2.174,2.173857019337656,0.006802721088435374
B1,M0_B1,validation,leave_N,7,11.965825,113.246,,2.1721,2.172125698297959,0.006802721088435374
B1,M0_B1,validation,leave_N,7,11.965825,115.343,,2.1704,2.1704349306246344,0.006802721088435374
B1,M0_B1,validation,leave_N,7,11.965825,117.441,,2.1688,2.168782275916182,0.006802721088435374
B1,M0_B1,validation,leave_N,7,11.965825,119.538,,2.1672,2.167167743562087,0.006802721088435374
B1,M0_B1,validation,leave_N,7,11.965825,121.635,,2.1655,2.165589060343142,0.006802721088435374
B1,M0_B1,validation,leave_N,7,11.965825,123.732,,2.1639,2.1640448324897914,0.006802721088435374
B1,M0_B1,validation,leave_N,7,11.965825,125.829,,2.1627,2.1625337428826126,0.006802721088435374
B1,M0_B1,validation,leave_N,7,11.965825,127.926,,2.161,2.161054545642355,0.006802721088435374
B1,M0_B1,validation,leave_N,7,11.965825,130.023,,2.1595,2.159606061183398,0.006802721088435374
B1,M0_B1,validation,leave_N,7,11.965825,132.121,,2.158,2.1581865019449045,0.006802721088435374
B1,M0_B1,validation,leave_N,7,11.965825,134.218,,2.1568,2.1567961605572776,0.006802721088435374
B1,M0_B1,validation,leave_N,7,11.965825,136.315,,2.1553,2.1554333470348466,0.006802721088435374
B1,M0_B1,validation,leave_N,7,11.965825,138.412,,2.1542,2.1540971052733857,0.006802721088435374
B1,M0_B1,validation,leave_N,7,11.965825,140.509,,2.1529,2.152786526225583,0.006802721088435374
B1,M0_B1,validation,leave_N,7,11.965825,142.606,,2.1515,2.1515007449235366,0.006802721088435374
B1,M0_B1,validation,leave_N,7,11.965825,144.703,,2.1504,2.1502389377302884,0.006802721088435374
B1,M0_B1,validation,leave_N,7,11.965825,146.801,,2.1491,2.148999734549216,0.006802721088435374
B1,M0_B1,validation,leave_N,7,11.965825,148.898,,2.1478,2.1477835680043023,0.006802721088435374
B1,M0_B1,validation,leave_N,7,11.965825,150.995,,2.1464,2.146589127842054,0.006802721088435374
B1,M0_B1,validation,leave_N,7,11.965825,153.092,,2.1456,2.1454157321803784,0.006802721088435374
B1,M0_B1,validation,leave_N,7,11.965825,155.189,,2.1442,2.1442627295071337,0.006802721088435374
B1,M0_B1,validation,leave_N,7,11.965825,157.286,,2.143,2.143129496938726,0.006802721088435374
B1,M0_B1,validation,leave_N,7,11.965825,159.384,,2.1421,2.1420149118196368,0.006802721088435374
B1,M0_B1,validation,leave_N,7,11.965825,161.481,,2.1411,2.1409194660761366,0.006802721088435374
B1,M0_B1,validation,leave_N,7,11.965825,163.578,,2.1399,2.139842077653463,0.006802721088435374
B1,M0_B1,validation,leave_N,7,11.965825,165.675,,2.1388,2.1387822230659377,0.006802721088435374
B1,M0_B1,validation,leave_N,7,11.965825,167.772,,2.1378,2.1377394003863923,0.006802721088435374
B1,M0_B1,validation,leave_N,7,11.965825,169.869,,2.1368,2.136713128101998,0.006802721088435374
B1,M0_B1,validation,leave_N,7,11.965825,171.966,,2.1358,2.135702944044091,0.006802721088435374
B1,M0_B1,validation,leave_N,7,11.965825,174.064,,2.1347,2.1347079337819905,0.006802721088435374
B1,M0_B1,validation,leave_N,7,11.965825,176.161,,2.1337,2.1337286192599025,0.006802721088435374
B1,M0_B1,validation,leave_N,7,11.965825,178.258,,2.1328,2.132764112625101,0.006802721088435374
B1,M0_B1,validation,leave_N,7,11.965825,180.355,,2.1318,2.1318140196841746,0.006802721088435374
B1,M0_B1,validation,leave_N,7,11.965825,182.452,,2.1309,2.1308779611659308,0.006802721088435374
B1,M0_B1,validation,leave_N,7,11.965825,184.549,,2.1298,2.129955571992694,0.006802721088435374
B1,M0_B1,validation,leave_N,7,11.965825,186.647,,2.129,2.1290460702071368,0.006802721088435374
B1,M0_B1,validation,leave_N,7,11.965825,188.744,,2.1281,2.128149983989345,0.006802721088435374
B1,M0_B1,validation,leave_N,7,11.965825,190.841,,2.1272,2.1272665502378216,0.006802721088435374
B1,M0_B1,validation,leave_N,7,11.965825,192.938,,2.1264,2.1263954541912873,0.006802721088435374
B1,M0_B1,validation,leave_N,7,11.965825,195.035,,2.1256,2.125536392232002,0.006802721088435374
B1,M0_B1,validation,leave_N,7,11.965825,197.132,,2.1248,2.124689071376456,0.006802721088435374
B1,M0_B1,validation,leave_N,7,11.965825,199.229,,2.1238,2.1238532087944804,0.006802721088435374
B1,M0_B1,validation,leave_N,7,11.965825,201.327,,2.123,2.123028140715428,0.006802721088435374
B1,M0_B1,validation,leave_N,7,11.965825,203.424,,2.1223,2.1222143897030645,0.006802721088435374
B1,M0_B1,validation,leave_N,7,11.965825,205.521,,2.1214,2.1214113048533054,0.006802721088435374
B1,M0_B1,validation,leave_N,7,11.965825,207.618,,2.1206,2.1206186396501936,0.006802721088435374
B1,M0_B1,validation,leave_N,7,11.965825,209.715,,2.1199,2.1198361556920506,0.006802721088435374
B1,M0_B1,validation,leave_N,7,11.965825,211.812,,2.119,2.1190636223464185,0.006802721088435374
B1,M0_B1,validation,leave_N,7,11.965825,213.91,,2.1183,2.118300454948176,0.006802721088435374
B1,M0_B1,validation,leave_N,7,11.965825,216.007,,2.1175,2.1175471648734776,0.006802721088435374
B1,M0_B1,validation,leave_N,7,11.965825,218.104,,2.1168,2.1168031768428097,0.006802721088435374
B1,M0_B1,validation,leave_N,7,11.965825,220.201,,2.1161,2.1160682881955473,0.006802721088435374
B1,M0_B1,validation,leave_N,7,11.965825,222.298,,2.1152,2.1153423025629134,0.006802721088435374
B1,M0_B1,validation,leave_N,7,11.965825,224.395,,2.1147,2.114625029615472,0.006802721088435374
B1,M0_B1,validation,leave_N,7,11.965825,226.492,,2.1139,2.113916284823007,0.006802721088435374
B1,M0_B1,validation,leave_N,7,11.965825,228.59,,2.1133,2.1132155571910918,0.006802721088435374
B1,M0_B1,validation,leave_N,7,11.965825,230.687,,2.1125,2.1125233410416815,0.006802721088435374
B1,M0_B1,validation,leave_N,7,11.965825,232.784,,2.1119,2.111839131942656,0.006802721088435374
B1,M0_B1,validation,leave_N,7,11.965825,234.881,,2.1112,2.1111627663854162,0.006802721088435374
B1,M0_B1,validation,leave_N,7,11.965825,236.978,,2.1105,2.1104940856222045,0.006802721088435374
B1,M0_B1,validation,leave_N,7,11.965825,239.075,,2.1099,2.109832935486817,0.006802721088435374
B1,M0_B1,validation,leave_N,7,11.965825,241.172,,2.1092,2.1091791662235613,0.006802721088435374
B1,M0_B1,validation,leave_N,7,11.965825,243.27,,2.1085,2.1085323257136395,0.006802721088435374
B1,M0_B1,validation,leave_N,7,11.965825,245.367,,2.1079,2.1078928891106874,0.006802721088435374
B1,M0_B1,validation,leave_N,7,11.965825,247.464,,2.1072,2.1072604089155162,0.006802721088435374
B1,M0_B1,validation,leave_N,7,11.965825,249.561,,2.1066,2.1066347514559354,0.006802721088435374
B1,M0_B1,validation,leave_N,7,11.965825,251.658,,2.1059,2.106015786724127,0.006802721088435374
B1,M0_B1,validation,leave_N,7,11.965825,253.755,,2.1055,2.1054033882466556,0.006802721088435374
B1,M0_B1,validation,leave_N,7,11.965825,255.853,,2.1047,2.1047971455150143,0.006802721088435374
B1,M0_B1,validation,leave_N,7,11.965825,257.95,,2.1042,2.1041975166344287,0.006802721088435374
B1,M0_B1,validation,leave_N,7,11.965825,260.047,,2.1036,2.1036040945222845,0.006802721088435374
B1,M0_B1,validation,leave_N,7,11.965825,262.144,,2.1031,2.1030167656527907,0.006802721088435374
B1,M0_B1,validation,leave_N,7,11.965825,264.241,,2.1024,2.102435419463628,0.006802721088435374
B1,M0_B1,validation,leave_N,7,11.965825,266.338,,2.102,2.101859948255801,0.006802721088435374
B1,M0_B1,validation,leave_N,7,11.965825,268.435,,2.1013,2.1012902470976345,0.006802721088435374
B1,M0_B1,validation,leave_N,7,11.965825,270.533,,2.1008,2.1007259460972403,0.006802721088435374
B1,M0_B1,validation,leave_N,7,11.965825,272.63,,2.1001,2.1001674834879775,0.006802721088435374
B1,M0_B1,validation,leave_N,7,11.965825,274.727,,2.0998,2.099614491789433,0.006802721088435374
B1,M0_B1,validation,leave_N,7,11.965825,276.824,,2.099,2.099066876256299,0.006802721088435374
B1,M0_B1,validation,leave_N,7,11.965825,278.921,,2.0986,2.098524544485971,0.006802721088435374
B1,M0_B1,validation,leave_N,7,11.965825,281.018,,2.098,2.0979874063435187,0.006802721088435374
B1,M0_B1,validation,leave_N,7,11.965825,283.116,,2.0975,2.0974551213826076,0.006802721088435374
B1,M0_B1,validation,leave_N,7,11.965825,285.213,,2.0969,2.096928111177938,0.006802721088435374
B1,M0_B1,validation,leave_N,7,11.965825,287.31,,2.0964,2.0964060370560675,0.006802721088435374
B1,M0_B1,validation,leave_N,7,11.965825,289.407,,2.0959,2.0958888172603336,0.006802721088435374
B1,M0_B1,validation,leave_N,7,11.965825,291.504,,2.0954,2.0953763719681224,0.006802721088435374
B1,M0_B1,validation,leave_N,7,11.965825,293.601,,2.0949,2.0948686232315943,0.006802721088435374
B1,M0_B1,validation,leave_N,7,11.965825,295.698,,2.0945,2.0943654949206354,0.006802721088435374
B1,M0_B1,validation,leave_N,7,11.965825,297.796,,2.0938,2.093866675980994,0.006802721088435374
B1,M0_B1,validation,leave_N,7,11.965825,299.893,,2.0933,2.093372569245327,0.006802721088435374
B1,M0_B1,validation,late_token,100,0.070542,239.075,,2.8297,2.8295634714633744,0.03333333333333333
B1,M0_B1,validation,late_token,100,0.070542,241.172,,2.8293,2.8289100870465007,0.03333333333333333
B1,M0_B1,validation,late_token,100,0.070542,243.27,,2.8281,2.8282636280427162,0.03333333333333333
B1,M0_B1,validation,late_token,100,0.070542,245.367,,2.8275,2.8276245693027566,0.03333333333333333
B1,M0_B1,validation,late_token,100,0.070542,247.464,,2.827,2.8269924635693324,0.03333333333333333
B1,M0_B1,validation,late_token,100,0.070542,249.561,,2.8263,2.8263671772279886,0.03333333333333333
B1,M0_B1,validation,late_token,100,0.070542,251.658,,2.8255,2.8257485803272044,0.03333333333333333
B1,M0_B1,validation,late_token,100,0.070542,253.755,,2.8251,2.8251365464484497,0.03333333333333333
B1,M0_B1,validation,late_token,100,0.070542,255.853,,2.8243,2.824530665308379,0.03333333333333333
B1,M0_B1,validation,late_token,100,0.070542,257.95,,2.824,2.8239313947197955,0.03333333333333333
B1,M0_B1,validation,late_token,100,0.070542,260.047,,2.8232,2.8233383278241853,0.03333333333333333
B1,M0_B1,validation,late_token,100,0.070542,262.144,,2.823,2.8227513511455333,0.03333333333333333
B1,M0_B1,validation,late_token,100,0.070542,264.241,,2.822,2.8221703541701135,0.03333333333333333
B1,M0_B1,validation,late_token,100,0.070542,266.338,,2.8215,2.8215952292463795,0.03333333333333333
B1,M0_B1,validation,late_token,100,0.070542,268.435,,2.8212,2.8210258714889935,0.03333333333333333
B1,M0_B1,validation,late_token,100,0.070542,270.533,,2.8202,2.8204619112130653,0.03333333333333333
B1,M0_B1,validation,late_token,100,0.070542,272.63,,2.8199,2.8199037863713823,0.03333333333333333
B1,M0_B1,validation,late_token,100,0.070542,274.727,,2.8196,2.819351129689816,0.03333333333333333
B1,M0_B1,validation,late_token,100,0.070542,276.824,,2.8185,2.818803846465287,0.03333333333333333
B1,M0_B1,validation,late_token,100,0.070542,278.921,,2.8183,2.8182618443364658,0.03333333333333333
B1,M0_B1,validation,late_token,100,0.070542,281.018,,2.8178,2.8177250332087755,0.03333333333333333
B1,M0_B1,validation,late_token,100,0.070542,283.116,,2.8173,2.8171930728294363,0.03333333333333333
B1,M0_B1,validation,late_token,100,0.070542,285.213,,2.8164,2.8166663845023296,0.03333333333333333
B1,M0_B1,validation,late_token,100,0.070542,287.31,,2.8159,2.8161446297470785,0.03333333333333333
B1,M0_B1,validation,late_token,100,0.070542,289.407,,2.8157,2.8156277268439416,0.03333333333333333
B1,M0_B1,validation,late_token,100,0.070542,291.504,,2.8152,2.815115596006428,0.03333333333333333
B1,M0_B1,validation,late_token,100,0.070542,293.601,,2.8146,2.814608159322048,0.03333333333333333
B1,M0_B1,validation,late_token,100,0.070542,295.698,,2.8142,2.8141053406952854,0.03333333333333333
B1,M0_B1,validation,late_token,100,0.070542,297.796,,2.8135,2.813606829251769,0.03333333333333333
B1,M0_B1,validation,late_token,100,0.070542,299.893,,2.8131,2.813113027564191,0.03333333333333333
B1,M0_B1,validation,late_token,101,0.162405,239.075,,2.6143,2.614277308700083,0.03333333333333333
B1,M0_B1,validation,late_token,101,0.162405,241.172,,2.6136,2.6136232742960197,0.03333333333333333
B1,M0_B1,validation,late_token,101,0.162405,243.27,,2.613,2.6129761711464514,0.03333333333333333
B1,M0_B1,validation,late_token,101,0.162405,245.367,,2.6125,2.612336474607417,0.03333333333333333
B1,M0_B1,validation,late_token,101,0.162405,247.464,,2.612,2.6117037370072436,0.03333333333333333
B1,M0_B1,validation,late_token,101,0.162405,249.561,,2.6109,2.6110778246282917,0.03333333333333333
B1,M0_B1,validation,late_token,101,0.162405,251.658,,2.6108,2.610458607418481,0.03333333333333333
B1,M0_B1,validation,late_token,101,0.162405,253.755,,2.6096,2.6098459588612553,0.03333333333333333
B1,M0_B1,validation,late_token,101,0.162405,255.853,,2.6092,2.6092394682885205,0.03333333333333333
B1,M0_B1,validation,late_token,101,0.162405,257.95,,2.6088,2.6086395940008065,0.03333333333333333
B1,M0_B1,validation,late_token,101,0.162405,260.047,,2.6081,2.6080459287569,0.03333333333333333
B1,M0_B1,validation,late_token,101,0.162405,262.144,,2.6074,2.6074583589921003,0.03333333333333333
B1,M0_B1,validation,late_token,101,0.162405,264.241,,2.6069,2.6068767741061447,0.03333333333333333
B1,M0_B1,validation,late_token,101,0.162405,266.338,,2.6063,2.6063010663630317,0.03333333333333333
B1,M0_B1,validation,late_token,101,0.162405,268.435,,2.6057,2.605731130794983,0.03333333333333333
B1,M0_B1,validation,late_token,101,0.162405,270.533,,2.6053,2.6051665973645908,0.03333333333333333
B1,M0_B1,validation,late_token,101,0.162405,272.63,,2.6047,2.604607904492397,0.03333333333333333
B1,M0_B1,validation,late_token,101,0.162405,274.727,,2.604,2.6040546845531494,0.03333333333333333
B1,M0_B1,validation,late_token,101,0.162405,276.824,,2.6037,2.6035068427687826,0.03333333333333333
B1,M0_B1,validation,late_token,101,0.162405,278.921,,2.603,2.602964286704702,0.03333333333333333
B1,M0_B1,validation,late_token,101,0.162405,281.018,,2.6026,2.602426926194738,0.03333333333333333
B1,M0_B1,validation,late_token,101,0.162405,283.116,,2.602,2.6018944206573504,0.03333333333333333
B1,M0_B1,validation,late_token,101,0.162405,285.213,,2.6013,2.6013671918476877,0.03333333333333333
B1,M0_B1,validation,late_token,101,0.162405,287.31,,2.6008,2.6008449009575902,0.03333333333333333
B1,M0_B1,validation,late_token,101,0.162405,289.407,,2.6005,2.6003274662019247,0.03333333333333333
B1,M0_B1,validation,late_token,101,0.162405,291.504,,2.5999,2.5998148077302488,0.03333333333333333
B1,M0_B1,validation,late_token,101,0.162405,293.601,,2.5993,2.5993068475675165,0.03333333333333333
B1,M0_B1,validation,late_token,101,0.162405,295.698,,2.5989,2.5988035095570123,0.03333333333333333
B1,M0_B1,validation,late_token,101,0.162405,297.796,,2.5985,2.5983044825196826,0.03333333333333333
B1,M0_B1,validation,late_token,101,0.162405,299.893,,2.5978,2.5978101694611064,0.03333333333333333
B1,M0_B1,validation,late_token,102,0.409009,239.075,,2.4373,2.4373066710376325,0.03333333333333333
B1,M0_B1,validation,late_token,102,0.409009,241.172,,2.4368,2.4366527366678135,0.03333333333333333
B1,M0_B1,validation,late_token,102,0.409009,243.27,,2.4362,2.4360057324805995,0.03333333333333333
B1,M0_B1,validation,late_token,102,0.409009,245.367,,2.4354,2.4353661337596937,0.03333333333333333
B1,M0_B1,validation,late_token,102,0.409009,247.464,,2.4349,2.4347334929022377,0.03333333333333333
B1,M0_B1,validation,late_token,102,0.409009,249.561,,2.434,2.4341076762113776,0.03333333333333333
B1,M0_B1,validation,late_token,102,0.409009,251.658,,2.4333,2.4334885536552457,0.03333333333333333
B1,M0_B1,validation,late_token,102,0.409009,253.755,,2.4329,2.432875998736949,0.03333333333333333
B1,M0_B1,validation,late_token,102,0.409009,255.853,,2.4323,2.4322696008514657,0.03333333333333333
B1,M0_B1,validation,late_token,102,0.409009,257.95,,2.4317,2.431669818229593,0.03333333333333333
B1,M0_B1,validation,late_token,102,0.409009,260.047,,2.4309,2.4310762436926505,0.03333333333333333
B1,M0_B1,validation,late_token,102,0.409009,262.144,,2.4305,2.43048876369358,0.03333333333333333
B1,M0_B1,validation,late_token,102,0.409009,264.241,,2.4298,2.429907267649297,0.03333333333333333
B1,M0_B1,validation,late_token,102,0.409009,266.338,,2.4294,2.429331647840532,0.03333333333333333
B1,M0_B1,validation,late_token,102,0.409009,268.435,,2.4288,2.428761799315807,0.03333333333333333
B1,M0_B1,validation,late_token,102,0.409009,270.533,,2.4281,2.4281973520944833,0.03333333333333333
B1,M0_B1,validation,late_token,102,0.409009,272.63,,2.4276,2.427638744530405,0.03333333333333333
B1,M0_B1,validation,late_token,102,0.409009,274.727,,2.427,2.427085609054709,0.03333333333333333
B1,M0_B1,validation,late_token,102,0.409009,276.824,,2.4266,2.4265378509040407,0.03333333333333333
B1,M0_B1,validation,late_token,102,0.409009,278.921,,2.4261,2.425995377658153,0.03333333333333333
B1,M0_B1,validation,late_token,102,0.409009,281.018,,2.4254,2.42545809916487,0.03333333333333333
B1,M0_B1,validation,late_token,102,0.409009,283.116,,2.425,2.4249256748948516,0.03333333333333333
B1,M0_B1,validation,late_token,102,0.409009,285.213,,2.4244,2.424398526539099,0.03333333333333333
B1,M0_B1,validation,late_token,102,0.409009,287.31,,2.4238,2.4238763153413743,0.03333333333333333
B1,M0_B1,validation,late_token,102,0.409009,289.407,,2.4234,2.423358959529232,0.03333333333333333
B1,M0_B1,validation,late_token,102,0.409009,291.504,,2.4228,2.4228463792646147,0.03333333333333333
B1,M0_B1,validation,late_token,102,0.409009,293.601,,2.4223,2.422338496584571,0.03333333333333333
B1,M0_B1,validation,late_token,102,0.409009,295.698,,2.4217,2.421835235344197,0.03333333333333333
B1,M0_B1,validation,late_token,102,0.409009,297.796,,2.4216,2.421336284412084,0.03333333333333333
B1,M0_B1,validation,late_token,102,0.409009,299.893,,2.4209,2.420842046732535,0.03333333333333333
B1,M0_B1,validation,late_token,103,1.040867,239.075,,2.3068,2.3067584237956957,0.03333333333333333
B1,M0_B1,validation,late_token,103,1.040867,241.172,,2.3061,2.3061043301320896,0.03333333333333333
B1,M0_B1,validation,late_token,103,1.040867,243.27,,2.3056,2.30545716774609,0.03333333333333333
B1,M0_B1,validation,late_token,103,1.040867,245.367,,2.3048,2.304817412055808,0.03333333333333333
B1,M0_B1,validation,late_token,103,1.040867,247.464,,2.3042,2.304184615366639,0.03333333333333333
B1,M0_B1,validation,late_token,103,1.040867,249.561,,2.3036,2.3035586439659905,0.03333333333333333
B1,M0_B1,validation,late_token,103,1.040867,251.658,,2.303,2.302939367806571,0.03333333333333333
B1,M0_B1,validation,late_token,103,1.040867,253.755,,2.3024,2.302326660376371,0.03333333333333333
B1,M0_B1,validation,late_token,103,1.040867,255.853,,2.3019,2.3017201109835903,0.03333333333333333
B1,M0_B1,validation,late_token,103,1.040867,257.95,,2.3011,2.301120177988926,0.03333333333333333
B1,M0_B1,validation,late_token,103,1.040867,260.047,,2.3005,2.3005264541269863,0.03333333333333333
B1,M0_B1,validation,late_token,103,1.040867,262.144,,2.2999,2.2999388258367492,0.03333333333333333
B1,M0_B1,validation,late_token,103,1.040867,264.241,,2.2994,2.299357182521439,0.03333333333333333
B1,M0_B1,validation,late_token,103,1.040867,266.338,,2.2989,2.2987814164483558,0.03333333333333333
B1,M0_B1,validation,late_token,103,1.040867,268.435,,2.2983,2.2982114226528507,0.03333333333333333
B1,M0_B1,validation,late_token,103,1.040867,270.533,,2.2976,2.2976468310727878,0.03333333333333333
B1,M0_B1,validation,late_token,103,1.040867,272.63,,2.2972,2.297088080186947,0.03333333333333333
B1,M0_B1,validation,late_token,103,1.040867,274.727,,2.2967,2.2965348023449863,0.03333333333333333
B1,M0_B1,validation,late_token,103,1.040867,276.824,,2.2961,2.295986902771348,0.03333333333333333
B1,M0_B1,validation,late_token,103,1.040867,278.921,,2.2957,2.295444289033808,0.03333333333333333
B1,M0_B1,validation,late_token,103,1.040867,281.018,,2.2949,2.2949068709684357,0.03333333333333333
B1,M0_B1,validation,late_token,103,1.040867,283.116,,2.2943,2.2943743079684427,0.03333333333333333
B1,M0_B1,validation,late_token,103,1.040867,285.213,,2.2937,2.2938470218457496,0.03333333333333333
B1,M0_B1,validation,late_token,103,1.040867,287.31,,2.2935,2.2933246737666577,0.03333333333333333
B1,M0_B1,validation,late_token,103,1.040867,289.407,,2.2929,2.2928071819478024,0.03333333333333333
B1,M0_B1,validation,late_token,103,1.040867,291.504,,2.2923,2.2922944665404064,0.03333333333333333
B1,M0_B1,validation,late_token,103,1.040867,293.601,,2.2919,2.2917864495709876,0.03333333333333333
B1,M0_B1,validation,late_token,103,1.040867,295.698,,2.2912,2.2912830548843006,0.03333333333333333
B1,M0_B1,validation,late_token,103,1.040867,297.796,,2.2911,2.290783971275737,0.03333333333333333
B1,M0_B1,validation,late_token,103,1.040867,299.893,,2.2904,2.2902896018060956,0.03333333333333333
B1,M0_B1,validation,late_token,104,1.416184,239.075,,2.2719,2.2720913959080007,0.03333333333333333
B1,M0_B1,validation,late_token,104,1.416184,241.172,,2.2713,2.271437796356899,0.03333333333333333
B1,M0_B1,validation,late_token,104,1.416184,243.27,,2.2707,2.2707911243377668,0.03333333333333333
B1,M0_B1,validation,late_token,104,1.416184,245.367,,2.2702,2.270151854862759,0.03333333333333333
B1,M0_B1,validation,late_token,104,1.416184,247.464,,2.2696,2.269519540532028,0.03333333333333333
B1,M0_B1,validation,late_token,104,1.416184,249.561,,2.2688,2.2688940476917026,0.03333333333333333
B1,M0_B1,validation,late_token,104,1.416184,251.658,,2.2683,2.2682752463518967,0.03333333333333333
B1,M0_B1,validation,late_token,104,1.416184,253.755,,2.2676,2.2676630100567277,0.03333333333333333
B1,M0_B1,validation,late_token,104,1.416184,255.853,,2.267,2.267056928391362,0.03333333333333333
B1,M0_B1,validation,late_token,104,1.416184,257.95,,2.2663,2.266457459324318,0.03333333333333333
B1,M0_B1,validation,late_token,104,1.416184,260.047,,2.2658,2.265864195866513,0.03333333333333333
B1,M0_B1,validation,late_token,104,1.416184,262.144,,2.2652,2.265277024508296,0.03333333333333333
B1,M0_B1,validation,late_token,104,1.416184,264.241,,2.2646,2.2646958347031565,0.03333333333333333
B1,M0_B1,validation,late_token,104,1.416184,266.338,,2.2642,2.2641205187675895,0.03333333333333333
B1,M0_B1,validation,late_token,104,1.416184,268.435,,2.2635,2.2635509717850946,0.03333333333333333
B1,M0_B1,validation,late_token,104,1.416184,270.533,,2.2632,2.2629868239514064,0.03333333333333333
B1,M0_B1,validation,late_token,104,1.416184,272.63,,2.2625,2.2624285133684534,0.03333333333333333
B1,M0_B1,validation,late_token,104,1.416184,274.727,,2.2619,2.261875672643372,0.03333333333333333
B1,M0_B1,validation,late_token,104,1.416184,276.824,,2.2613,2.261328207044861,0.03333333333333333
B1,M0_B1,validation,late_token,104,1.416184,278.921,,2.2609,2.260786024184046,0.03333333333333333
B1,M0_B1,validation,late_token,104,1.416184,281.018,,2.2602,2.260249033939463,0.03333333333333333
B1,M0_B1,validation,late_token,104,1.416184,283.116,,2.2597,2.2597168959477982,0.03333333333333333
B1,M0_B1,validation,late_token,104,1.416184,285.213,,2.2594,2.259190031656603,0.03333333333333333
B1,M0_B1,validation,late_token,104,1.416184,287.31,,2.2587,2.258668102475429,0.03333333333333333
B1,M0_B1,validation,late_token,104,1.416184,289.407,,2.2583,2.2581510266600766,0.03333333333333333
B1,M0_B1,validation,late_token,104,1.416184,291.504,,2.2576,2.2576387244001586,0.03333333333333333
B1,M0_B1,validation,late_token,104,1.416184,293.601,,2.2571,2.257131117759835,0.03333333333333333
B1,M0_B1,validation,late_token,104,1.416184,295.698,,2.2568,2.2566281306207667,0.03333333333333333
B1,M0_B1,validation,late_token,104,1.416184,297.796,,2.2561,2.256129452006929,0.03333333333333333
B1,M0_B1,validation,late_token,104,1.416184,299.893,,2.2558,2.2556354846285553,0.03333333333333333
B1,M0_B1,validation,late_token,105,2.782831,239.075,,2.2077,2.2075594408025045,0.03333333333333333
B1,M0_B1,validation,late_token,105,2.782831,241.172,,2.207,2.2069055005937104,0.03333333333333333
B1,M0_B1,validation,late_token,105,2.782831,243.27,,2.2063,2.2062584905201823,0.03333333333333333
B1,M0_B1,validation,late_token,105,2.782831,245.367,,2.2056,2.2056188858732986,0.03333333333333333
B1,M0_B1,validation,late_token,105,2.782831,247.464,,2.2051,2.204986239049387,0.03333333333333333
B1,M0_B1,validation,late_token,105,2.782831,249.561,,2.2043,2.2043604163534978,0.03333333333333333
B1,M0_B1,validation,late_token,105,2.782831,251.658,,2.2038,2.2037412877555957,0.03333333333333333
B1,M0_B1,validation,late_token,105,2.782831,253.755,,2.2031,2.203128726760549,0.03333333333333333
B1,M0_B1,validation,late_token,105,2.782831,255.853,,2.2025,2.202522322762108,0.03333333333333333
B1,M0_B1,validation,late_token,105,2.782831,257.95,,2.202,2.2019225339985256,0.03333333333333333
B1,M0_B1,validation,late_token,105,2.782831,260.047,,2.2014,2.2013289532897846,0.03333333333333333
B1,M0_B1,validation,late_token,105,2.782831,262.144,,2.2008,2.200741467090334,0.03333333333333333
B1,M0_B1,validation,late_token,105,2.782831,264.241,,2.2001,2.200159964818541,0.03333333333333333
B1,M0_B1,validation,late_token,105,2.782831,266.338,,2.1997,2.199584338756533,0.03333333333333333
B1,M0_B1,validation,late_token,105,2.782831,268.435,,2.1991,2.199014483954177,0.03333333333333333
B1,M0_B1,validation,late_token,105,2.782831,270.533,,2.1986,2.19845003042912,0.03333333333333333
B1,M0_B1,validation,late_token,105,2.782831,272.63,,2.1979,2.197891416542463,0.03333333333333333
B1,M0_B1,validation,late_token,105,2.782831,274.727,,2.1974,2.1973382747235446,0.03333333333333333
B1,M0_B1,validation,late_token,105,2.782831,276.824,,2.1968,2.1967905102101684,0.03333333333333333
B1,M0_B1,validation,late_token,105,2.782831,278.921,,2.1964,2.1962480305832006,0.03333333333333333
B1,M0_B1,validation,late_token,105,2.782831,281.018,,2.1957,2.195710745691541,0.03333333333333333
B1,M0_B1,validation,late_token,105,2.782831,283.116,,2.1952,2.195178315003821,0.03333333333333333
B1,M0_B1,validation,late_token,105,2.782831,285.213,,2.1947,2.194651160218159,0.03333333333333333
B1,M0_B1,validation,late_token,105,2.782831,287.31,,2.1942,2.194128942576224,0.03333333333333333
B1,M0_B1,validation,late_token,105,2.782831,289.407,,2.1936,2.193611580306496,0.03333333333333333
B1,M0_B1,validation,late_token,105,2.782831,291.504,,2.1931,2.193098993571813,0.03333333333333333
B1,M0_B1,validation,late_token,105,2.782831,293.601,,2.1927,2.1925911044100856,0.03333333333333333
B1,M0_B1,validation,late_token,105,2.782831,295.698,,2.192,2.1920878366772407,0.03333333333333333
B1,M0_B1,validation,late_token,105,2.782831,297.796,,2.1916,2.191588879239568,0.03333333333333333
B1,M0_B1,validation,late_token,105,2.782831,299.893,,2.1911,2.191094635048347,0.03333333333333333
B1,M0_B1,validation,late_token,106,6.86104,239.075,,2.1416,2.141543235412889,0.03333333333333333
B1,M0_B1,validation,late_token,106,6.86104,241.172,,2.141,2.140889629424417,0.03333333333333333
B1,M0_B1,validation,late_token,106,6.86104,243.27,,2.1402,2.140242950744921,0.03333333333333333
B1,M0_B1,validation,late_token,106,6.86104,245.367,,2.1396,2.1396036744003837,0.03333333333333333
B1,M0_B1,validation,late_token,106,6.86104,247.464,,2.139,2.1389713529950396,0.03333333333333333
B1,M0_B1,validation,late_token,106,6.86104,249.561,,2.1384,2.1383458528819643,0.03333333333333333
B1,M0_B1,validation,late_token,106,6.86104,251.658,,2.1377,2.137727044077972,0.03333333333333333
B1,M0_B1,validation,late_token,106,6.86104,253.755,,2.1371,2.1371148001336406,0.03333333333333333
B1,M0_B1,validation,late_token,106,6.86104,255.853,,2.1365,2.1365087106365994,0.03333333333333333
B1,M0_B1,validation,late_token,106,6.86104,257.95,,2.136,2.13590923356885,0.03333333333333333
B1,M0_B1,validation,late_token,106,6.86104,260.047,,2.1353,2.135315961943427,0.03333333333333333
B1,M0_B1,validation,late_token,106,6.86104,262.144,,2.1347,2.134728782256287,0.03333333333333333
B1,M0_B1,validation,late_token,106,6.86104,264.241,,2.1342,2.1341475839663344,0.03333333333333333
B1,M0_B1,validation,late_token,106,6.86104,266.338,,2.1334,2.133572259395293,0.03333333333333333
B1,M0_B1,validation,late_token,106,6.86104,268.435,,2.1331,2.133002703631715,0.03333333333333333
B1,M0_B1,validation,late_token,106,6.86104,270.533,,2.1323,2.1324385468719305,0.03333333333333333
B1,M0_B1,validation,late_token,106,6.86104,272.63,,2.1318,2.131880227231096,0.03333333333333333
B1,M0_B1,validation,late_token,106,6.86104,274.727,,2.1312,2.1313273773166865,0.03333333333333333
B1,M0_B1,validation,late_token,106,6.86104,276.824,,2.1307,2.1307799024018106,0.03333333333333333
B1,M0_B1,validation,late_token,106,6.86104,278.921,,2.1303,2.1302377101018575,0.03333333333333333
B1,M0_B1,validation,late_token,106,6.86104,281.018,,2.1297,2.129700710299487,0.03333333333333333
B1,M0_B1,validation,late_token,106,6.86104,283.116,,2.1292,2.1291685626307335,0.03333333333333333
B1,M0_B1,validation,late_token,106,6.86104,285.213,,2.1286,2.128641688556236,0.03333333333333333
B1,M0_B1,validation,late_token,106,6.86104,287.31,,2.1281,2.1281197494846946,0.03333333333333333
B1,M0_B1,validation,late_token,106,6.86104,289.407,,2.1276,2.1276026636755234,0.03333333333333333
B1,M0_B1,validation,late_token,106,6.86104,291.504,,2.127,2.1270903513218347,0.03333333333333333
B1,M0_B1,validation,late_token,106,6.86104,293.601,,2.1266,2.126582734491175,0.03333333333333333
B1,M0_B1,validation,late_token,106,6.86104,295.698,,2.126,2.126079737068486,0.03333333333333333
B1,M0_B1,validation,late_token,106,6.86104,297.796,,2.1255,2.1255810480759507,0.03333333333333333
B1,M0_B1,validation,late_token,106,6.86104,299.893,,2.125,2.1250870702367752,0.03333333333333333
B1,M0_B1,validation,late_token,107,11.965825,239.075,,2.1099,2.109831753162206,0.03333333333333333
B1,M0_B1,validation,late_token,107,11.965825,241.172,,2.1092,2.109177846456848,0.03333333333333333
B1,M0_B1,validation,late_token,107,11.965825,243.27,,2.1085,2.1085308697726703,0.03333333333333333
B1,M0_B1,validation,late_token,107,11.965825,245.367,,2.1079,2.107891298369131,0.03333333333333333
B1,M0_B1,validation,late_token,107,11.965825,247.464,,2.1072,2.107258684658467,0.03333333333333333
B1,M0_B1,validation,late_token,107,11.965825,249.561,,2.1066,2.1066328949457414,0.03333333333333333
B1,M0_B1,validation,late_token,107,11.965825,251.658,,2.1059,2.1060137992009786,0.03333333333333333
B1,M0_B1,validation,late_token,107,11.965825,253.755,,2.1055,2.1054012709291494,0.03333333333333333
B1,M0_B1,validation,late_token,107,11.965825,255.853,,2.1047,2.1047948995396615,0.03333333333333333
B1,M0_B1,validation,late_token,107,11.965825,257.95,,2.1042,2.1041951432398656,0.03333333333333333
B1,M0_B1,validation,late_token,107,11.965825,260.047,,2.1036,2.103601594865537,0.03333333333333333
B1,M0_B1,validation,late_token,107,11.965825,262.144,,2.1031,2.1030141408713776,0.03333333333333333
B1,M0_B1,validation,late_token,107,11.965825,264.241,,2.1024,2.10243267067604,0.03333333333333333
B1,M0_B1,validation,late_token,107,11.965825,266.338,,2.102,2.101857076561965,0.03333333333333333
B1,M0_B1,validation,late_token,107,11.965825,268.435,,2.1013,2.101287253579363,0.03333333333333333
B1,M0_B1,validation,late_token,107,11.965825,270.533,,2.1008,2.1007228317613285,0.03333333333333333
B1,M0_B1,validation,late_token,107,11.965825,272.63,,2.1001,2.1001642494391297,0.03333333333333333
B1,M0_B1,validation,late_token,107,11.965825,274.727,,2.0998,2.0996111390576626,0.03333333333333333
B1,M0_B1,validation,late_token,107,11.965825,276.824,,2.099,2.0990634058551656,0.03333333333333333
B1,M0_B1,validation,late_token,107,11.965825,278.921,,2.0986,2.09852095741296,0.03333333333333333
B1,M0_B1,validation,late_token,107,11.965825,281.018,,2.098,2.097983703580417,0.03333333333333333
B1,M0_B1,validation,late_token,107,11.965825,283.116,,2.0975,2.09745130384138,0.03333333333333333
B1,M0_B1,validation,late_token,107,11.965825,285.213,,2.0969,2.096924179864969,0.03333333333333333
B1,M0_B1,validation,late_token,107,11.965825,287.31,,2.0964,2.0964019929081528,0.03333333333333333
B1,M0_B1,validation,late_token,107,11.965825,289.407,,2.0959,2.0958846611999458,0.03333333333333333
B1,M0_B1,validation,late_token,107,11.965825,291.504,,2.0954,2.0953721049037304,0.03333333333333333
B1,M0_B1,validation,late_token,107,11.965825,293.601,,2.0949,2.094864246057974,0.03333333333333333
B1,M0_B1,validation,late_token,107,11.965825,295.698,,2.0945,2.094361008519169,0.03333333333333333
B1,M0_B1,validation,late_token,107,11.965825,297.796,,2.0938,2.0938620811684956,0.03333333333333333
B1,M0_B1,validation,late_token,107,11.965825,299.893,,2.0933,2.093367866929136,0.03333333333333333
B6,M0_6,in_sample,full,0,0.07,10.0,0.1,3.7216,3.6071586858723816,0.0044444444444444444
B6,M0_6,in_sample,full,0,0.07,10.0,0.2,3.6004,3.6071586858723816,0.0044444444444444444
B6,M0_6,in_sample,full,0,0.07,10.0,0.3,3.6507,3.6071586858723816,0.0044444444444444444
B6,M0_6,in_sample,full,0,0.07,10.0,0.4,3.5704,3.6071586858723816,0.0044444444444444444
B6,M0_6,in_sample,full,0,0.07,10.0,0.6,3.5458,3.6071586858723816,0.0044444444444444444
B6,M0_6,in_sample,full,0,0.07,50.0,0.1,3.5105,3.3477473197737573,0.0044444444444444444
B6,M0_6,in_sample,full,0,0.07,50.0,0.2,3.4001,3.3477473197737573,0.0044444444444444444
B6,M0_6,in_sample,full,0,0.07,50.0,0.3,3.3596,3.3477473197737573,0.0044444444444444444
B6,M0_6,in_sample,full,0,0.07,50.0,0.4,3.2727,3.3477473197737573,0.0044444444444444444
B6,M0_6,in_sample,full,0,0.07,50.0,0.6,3.0798,3.3477473197737573,0.0044444444444444444
B6,M0_6,in_sample,full,0,0.07,150.0,0.1,3.384,3.228951598377794,0.0044444444444444444
B6,M0_6,in_sample,full,0,0.07,150.0,0.2,3.2214,3.228951598377794,0.0044444444444444444
B6,M0_6,in_sample,full,0,0.07,150.0,0.3,3.3529,3.228951598377794,0.0044444444444444444
B6,M0_6,in_sample,full,0,0.07,150.0,0.4,3.1687,3.228951598377794,0.0044444444444444444
B6,M0_6,in_sample,full,0,0.07,150.0,0.6,3.1017,3.228951598377794,0.0044444444444444444
B6,M0_6,in_sample,full,0,0.07,300.0,0.1,3.2863,3.1713588415514704,0.0044444444444444444
B6,M0_6,in_sample,full,0,0.07,300.0,0.2,3.1355,3.1713588415514704,0.0044444444444444444
B6,M0_6,in_sample,full,0,0.07,300.0,0.3,3.1588,3.1713588415514704,0.0044444444444444444
B6,M0_6,in_sample,full,0,0.07,300.0,0.4,3.2809,3.1713588415514704,0.0044444444444444444
B6,M0_6,in_sample,full,0,0.07,300.0,0.6,3.0098,3.1713588415514704,0.0044444444444444444
B6,M0_6,in_sample,full,0,0.07,600.0,0.1,3.1971,3.12429290886492,0.0044444444444444444
B6,M0_6,in_sample,full,0,0.07,600.0,0.2,3.1469,3.12429290886492,0.0044444444444444444
B6,M0_6,in_sample,full,0,0.07,600.0,0.3,3.1946,3.12429290886492,0.0044444444444444444
B6,M0_6,in_sample,full,0,0.07,600.0,0.4,3.1242,3.12429290886492,0.0044444444444444444
B6,M0_6,in_sample,full,0,0.07,600.0,0.6,2.9753,3.12429290886492,0.0044444444444444444
B6,M0_6,in_sample,full,0,0.16,10.0,0.1,3.4765,3.357772716661021,0.0044444444444444444
B6,M0_6,in_sample,full,0,0.16,10.0,0.2,3.4324,3.357772716661021,0.0044444444444444444
B6,M0_6,in_sample,full,0,0.16,10.0,0.3,3.46,3.357772716661021,0.0044444444444444444
B6,M0_6,in_sample,full,0,0.16,10.0,0.4,3.2484,3.357772716661021,0.0044444444444444444
B6,M0_6,in_sample,full,0,0.16,10.0,0.6,3.269,3.357772716661021,0.0044444444444444444
B6,M0_6,in_sample,full,0,0.16,50.0,0.1,3.2175,3.0983613505623966,0.0044444444444444444
B6,M0_6,in_sample,full,0,0.16,50.0,0.2,3.1458,3.0983613505623966,0.0044444444444444444
B6,M0_6,in_sample,full,0,0.16,50.0,0.3,3.0796,3.0983613505623966,0.0044444444444444444
B6,M0_6,in_sample,full,0,0.16,50.0,0.4,3.002,3.0983613505623966,0.0044444444444444444
B6,M0_6,in_sample,full,0,0.16,50.0,0.6,2.8375,3.0983613505623966,0.0044444444444444444
B6,M0_6,in_sample,full,0,0.16,150.0,0.1,3.1249,2.9795656291664327,0.0044444444444444444
B6,M0_6,in_sample,full,0,0.16,150.0,0.2,2.9746,2.9795656291664327,0.0044444444444444444
B6,M0_6,in_sample,full,0,0.16,150.0,0.3,3.0125,2.9795656291664327,0.0044444444444444444
B6,M0_6,in_sample,full,0,0.16,150.0,0.4,2.9738,2.9795656291664327,0.0044444444444444444
B6,M0_6,in_sample,full,0,0.16,150.0,0.6,2.8802,2.9795656291664327,0.0044444444444444444
B6,M0_6,in_sample,full,0,0.16,300.0,0.1,2.9719,2.9219728723401097,0.0044444444444444444
B6,M0_6,in_sample,full,0,0.16,300.0,0.2,2.9407,2.9219728723401097,0.0044444444444444444
B6,M0_6,in_sample,full,0,0.16,300.0,0.3,2.956,2.9219728723401097,0.0044444444444444444
B6,M0_6,in_sample,full,0,0.16,300.0,0.4,2.8482,2.9219728723401097,0.0044444444444444444
B6,M0_6,in_sample,full,0,0.16,300.0,0.6,2.8081,2.9219728723401097,0.0044444444444444444
B6,M0_6,in_sample,full,0,0.16,600.0,0.1,2.98,2.874906939653559,0.0044444444444444444
B6,M0_6,in_sample,full,0,0.16,600.0,0.2,2.9212,2.874906939653559,0.0044444444444444444
B6,M0_6,in_sample,full,0,0.16,600.0,0.3,2.8818,2.874906939653559,0.0044444444444444444
B6,M0_6,in_sample,full,0,0.16,600.0,0.4,2.8627,2.874906939653559,0.0044444444444444444
B6,M0_6,in_sample,full,0,0.16,600.0,0.6,2.7288,2.874906939653559,0.0044444444444444444
B6,M0_6,in_sample,full,0,0.41,10.0,0.1,3.228,3.1344509692549156,0.0044444444444444444
B6,M0_6,in_sample,full,0,0.41,10.0,0.2,3.2291,3.1344509692549156,0.0044444444444444444
B6,M0_6,in_sample,full,0,0.41,10.0,0.3,3.2054,3.1344509692549156,0.0044444444444444444
B6,M0_6,in_sample,full,0,0.41,10.0,0.4,3.0181,3.1344509692549156,0.0044444444444444444
B6,M0_6,in_sample,full,0,0.41,10.0,0.6,3.0836,3.1344509692549156,0.0044444444444444444
B6,M0_6,in_sample,full,0,0.41,50.0,0.1,2.976,2.8750396031562913,0.0044444444444444444
B6,M0_6,in_sample,full,0,0.41,50.0,0.2,2.9489,2.8750396031562913,0.0044444444444444444
B6,M0_6,in_sample,full,0,0.41,50.0,0.3,2.9676,2.8750396031562913,0.0044444444444444444
B6,M0_6,in_sample,full,0,0.41,50.0,0.4,2.8049,2.8750396031562913,0.0044444444444444444
B6,M0_6,in_sample,full,0,0.41,50.0,0.6,2.6958,2.8750396031562913,0.0044444444444444444
B6,M0_6,in_sample,full,0,0.41,150.0,0.1,2.8727,2.7562438817603274,0.0044444444444444444
B6,M0_6,in_sample,full,0,0.41,150.0,0.2,2.8815,2.7562438817603274,0.0044444444444444444
B6,M0_6,in_sample,full,0,0.41,150.0,0.3,2.7186,2.7562438817603274,0.0044444444444444444
B6,M0_6,in_sample,full,0,0.41,150.0,0.4,2.6566,2.7562438817603274,0.0044444444444444444
B6,M0_6,in_sample,full,0,0.41,150.0,0.6,2.6516,2.7562438817603274,0.0044444444444444444
B6,M0_6,in_sample,full,0,0.41,300.0,0.1,2.8085,2.6986511249340044,0.0044444444444444444
B6,M0_6,in_sample,full,0,0.41,300.0,0.2,2.7682,2.6986511249340044,0.0044444444444444444
B6,M0_6,in_sample,full,0,0.41,300.0,0.3,2.6832,2.6986511249340044,0.0044444444444444444
B6,M0_6,in_sample,full,0,0.41,300.0,0.4,2.7891,2.6986511249340044,0.0044444444444444444
B6,M0_6,in_sample,full,0,0.41,300.0,0.6,2.5211,2.6986511249340044,0.0044444444444444444
B6,M0_6,in_sample,full,0,0.41,600.0,0.1,2.6695,2.651585192247454,0.0044444444444444444
B6,M0_6,in_sample,full,0,0.41,600.0,0.2,2.7354,2.651585192247454,0.0044444444444444444
B6,M0_6,in_sample,full,0,0.41,600.0,0.3,2.6187,2.651585192247454,0.0044444444444444444
B6,M0_6,in_sample,full,0,0.41,600.0,0.4,2.5858,2.651585192247454,0.0044444444444444444
B6,M0_6,in_sample,full,0,0.41,600.0,0.6,2.5121,2.651585192247454,0.0044444444444444444
B6,M0_6,in_sample,full,0,0.7,10.0,0.1,3.1919,3.03078840892438,0.0044444444444444444
B6,M0_6,in_sample,full,0,0.7,10.0,0.2,3.1552,3.03078840892438,0.0044444444444444444
B6,M0_6,in_sample,full,0,0.7,10.0,0.3,3.0155,3.03078840892438,0.0044444444444444444
B6,M0_6,in_sample,full,0,0.7,10.0,0.4,3.0148,3.03078840892438,0.0044444444444444444
B6,M0_6,in_sample,full,0,0.7,10.0,0.6,2.9615,3.03078840892438,0.0044444444444444444
B6,M0_6,in_sample,full,0,0.7,50.0,0.1,2.8444,2.7713770428257556,0.0044444444444444444
B6,M0_6,in_sample,full,0,0.7,50.0,0.2,2.8069,2.7713770428257556,0.0044444444444444444
B6,M0_6,in_sample,full,0,0.7,50.0,0.3,2.7973,2.7713770428257556,0.0044444444444444444
B6,M0_6,in_sample,full,0,0.7,50.0,0.4,2.7324,2.7713770428257556,0.0044444444444444444
B6,M0_6,in_sample,full,0,0.7,50.0,0.6,2.6134,2.7713770428257556,0.0044444444444444444
B6,M0_6,in_sample,full,0,0.7,150.0,0.1,2.7893,2.6525813214297917,0.0044444444444444444
B6,M0_6,in_sample,full,0,0.7,150.0,0.2,2.6375,2.6525813214297917,0.0044444444444444444
B6,M0_6,in_sample,full,0,0.7,150.0,0.3,2.6856,2.6525813214297917,0.0044444444444444444
B6,M0_6,in_sample,full,0,0.7,150.0,0.4,2.5991,2.6525813214297917,0.0044444444444444444
B6,M0_6,in_sample,full,0,0.7,150.0,0.6,2.5608,2.6525813214297917,0.0044444444444444444
B6,M0_6,in_sample,full,0,0.7,300.0,0.1,2.6722,2.5949885646034687,0.0044444444444444444
B6,M0_6,in_sample,full,0,0.7,300.0,0.2,2.6214,2.5949885646034687,0.0044444444444444444
B6,M0_6,in_sample,full,0,0.7,300.0,0.3,2.5759,2.5949885646034687,0.0044444444444444444
B6,M0_6,in_sample,full,0,0.7,300.0,0.4,2.5792,2.5949885646034687,0.0044444444444444444
B6,M0_6,in_sample,full,0,0.7,300.0,0.6,2.4842,2.5949885646034687,0.0044444444444444444
B6,M0_6,in_sample,full,0,0.7,600.0,0.1,2.5974,2.547922631916918,0.0044444444444444444
B6,M0_6,in_sample,full,0,0.7,600.0,0.2,2.5998,2.547922631916918,0.0044444444444444444
B6,M0_6,in_sample,full,0,0.7,600.0,0.3,2.5611,2.547922631916918,0.0044444444444444444
B6,M0_6,in_sample,full,0,0.7,600.0,0.4,2.5225,2.547922631916918,0.0044444444444444444
B6,M0_6,in_sample,full,0,0.7,600.0,0.6,2.51,2.547922631916918,0.0044444444444444444
B6,M0_6,in_sample,full,0,1.0,10.0,0.1,3.0483,2.96959525634981,0.0044444444444444444
B6,M0_6,in_sample,full,0,1.0,10.0,0.2,2.968,2.96959525634981,0.0044444444444444444
B6,M0_6,in_sample,full,0,1.0,10.0,0.3,2.8948,2.96959525634981,0.0044444444444444444
B6,M0_6,in_sample,full,0,1.0,10.0,0.4,2.8223,2.96959525634981,0.0044444444444444444
B6,M0_6,in_sample,full,0,1.0,10.0,0.6,2.8442,2.96959525634981,0.0044444444444444444
B6,M0_6,in_sample,full,0,1.0,50.0,0.1,2.8264,2.7101838902511854,0.0044444444444444444
B6,M0_6,in_sample,full,0,1.0,50.0,0.2,2.8076,2.7101838902511854,0.0044444444444444444
B6,M0_6,in_sample,full,0,1.0,50.0,0.3,2.6823,2.7101838902511854,0.0044444444444444444
B6,M0_6,in_sample,full,0,1.0,50.0,0.4,2.6528,2.7101838902511854,0.0044444444444444444
B6,M0_6,in_sample,full,0,1.0,50.0,0.6,2.6707,2.7101838902511854,0.0044444444444444444
B6,M0_6,in_sample,full,0,1.0,150.0,0.1,2.6482,2.5913881688552216,0.0044444444444444444
B6,M0_6,in_sample,full,0,1.0,150.0,0.2,2.6343,2.5913881688552216,0.0044444444444444444
B6,M0_6,in_sample,full,0,1.0,150.0,0.3,2.6133,2.5913881688552216,0.0044444444444444444
B6,M0_6,in_sample,full,0,1.0,150.0,0.4,2.5016,2.5913881688552216,0.0044444444444444444
B6,M0_6,in_sample,full,0,1.0,150.0,0.6,2.5859,2.5913881688552216,0.0044444444444444444
B6,M0_6,in_sample,full,0,1.0,300.0,0.1,2.6943,2.5337954120288986,0.0044444444444444444
B6,M0_6,in_sample,full,0,1.0,300.0,0.2,2.5728,2.5337954120288986,0.0044444444444444444
B6,M0_6,in_sample,full,0,1.0,300.0,0.3,2.4688,2.5337954120288986,0.0044444444444444444
B6,M0_6,in_sample,full,0,1.0,300.0,0.4,2.5249,2.5337954120288986,0.0044444444444444444
B6,M0_6,in_sample,full,0,1.0,300.0,0.6,2.4469,2.5337954120288986,0.0044444444444444444
B6,M0_6,in_sample,full,0,1.0,600.0,0.1,2.6008,2.486729479342348,0.0044444444444444444
B6,M0_6,in_sample,full,0,1.0,600.0,0.2,2.4894,2.486729479342348,0.0044444444444444444
B6,M0_6,in_sample,full,0,1.0,600.0,0.3,2.4439,2.486729479342348,0.0044444444444444444
B6,M0_6,in_sample,full,0,1.0,600.0,0.4,2.4229,2.486729479342348,0.0044444444444444444
B6,M0_6,in_sample,full,0,1.0,600.0,0.6,2.4336,2.486729479342348,0.0044444444444444444
B6,M0_6,in_sample,full,0,2.8,10.0,0.1,2.9592,2.8228933769749966,0.0044444444444444444
B6,M0_6,in_sample,full,0,2.8,10.0,0.2,2.8431,2.8228933769749966,0.0044444444444444444
B6,M0_6,in_sample,full,0,2.8,10.0,0.3,2.8867,2.8228933769749966,0.0044444444444444444
B6,M0_6,in_sample,full,0,2.8,10.0,0.4,2.771,2.8228933769749966,0.0044444444444444444
B6,M0_6,in_sample,full,0,2.8,10.0,0.6,2.7064,2.8228933769749966,0.0044444444444444444
B6,M0_6,in_sample,full,0,2.8,50.0,0.1,2.5785,2.5634820108763723,0.0044444444444444444
B6,M0_6,in_sample,full,0,2.8,50.0,0.2,2.4874,2.5634820108763723,0.0044444444444444444
B6,M0_6,in_sample,full,0,2.8,50.0,0.3,2.5971,2.5634820108763723,0.0044444444444444444
B6,M0_6,in_sample,full,0,2.8,50.0,0.4,2.5963,2.5634820108763723,0.0044444444444444444
B6,M0_6,in_sample,full,0,2.8,50.0,0.6,2.5446,2.5634820108763723,0.0044444444444444444
B6,M0_6,in_sample,full,0,2.8,150.0,0.1,2.4446,2.4446862894804084,0.0044444444444444444
B6,M0_6,in_sample,full,0,2.8,150.0,0.2,2.4506,2.4446862894804084,0.0044444444444444444
B6,M0_6,in_sample,full,0,2.8,150.0,0.3,2.3889,2.4446862894804084,0.0044444444444444444
B6,M0_6,in_sample,full,0,2.8,150.0,0.4,2.5101,2.4446862894804084,0.0044444444444444444
B6,M0_6,in_sample,full,0,2.8,150.0,0.6,2.2938,2.4446862894804084,0.0044444444444444444
B6,M0_6,in_sample,full,0,2.8,300.0,0.1,2.446,2.3870935326540854,0.0044444444444444444
B6,M0_6,in_sample,full,0,2.8,300.0,0.2,2.3643,2.3870935326540854,0.0044444444444444444
B6,M0_6,in_sample,full,0,2.8,300.0,0.3,2.3988,2.3870935326540854,0.0044444444444444444
B6,M0_6,in_sample,full,0,2.8,300.0,0.4,2.3719,2.3870935326540854,0.0044444444444444444
B6,M0_6,in_sample,full,0,2.8,300.0,0.6,2.3342,2.3870935326540854,0.0044444444444444444
B6,M0_6,in_sample,full,0,2.8,600.0,0.1,2.4515,2.340027599967535,0.0044444444444444444
B6,M0_6,in_sample,full,0,2.8,600.0,0.2,2.4042,2.340027599967535,0.0044444444444444444
B6,M0_6,in_sample,full,0,2.8,600.0,0.3,2.3538,2.340027599967535,0.0044444444444444444
B6,M0_6,in_sample,full,0,2.8,600.0,0.4,2.3322,2.340027599967535,0.0044444444444444444
B6,M0_6,in_sample,full,0,2.8,600.0,0.6,2.2986,2.340027599967535,0.0044444444444444444
B6,M0_6,in_sample,full,0,4.0,10.0,0.1,2.855,2.7809308392646526,0.0044444444444444444
B6,M0_6,in_sample,full,0,4.0,10.0,0.2,2.872,2.7809308392646526,0.0044444444444444444
B6,M0_6,in_sample,full,0,4.0,10.0,0.3,2.8016,2.7809308392646526,0.0044444444444444444
B6,M0_6,in_sample,full,0,4.0,10.0,0.4,2.6993,2.7809308392646526,0.0044444444444444444
B6,M0_6,in_sample,full,0,4.0,10.0,0.6,2.631,2.7809308392646526,0.0044444444444444444
B6,M0_6,in_sample,full,0,4.0,50.0,0.1,2.5657,2.521519473166028,0.0044444444444444444
B6,M0_6,in_sample,full,0,4.0,50.0,0.2,2.6024,2.521519473166028,0.0044444444444444444
B6,M0_6,in_sample,full,0,4.0,50.0,0.3,2.5078,2.521519473166028,0.0044444444444444444
B6,M0_6,in_sample,full,0,4.0,50.0,0.4,2.5793,2.521519473166028,0.0044444444444444444
B6,M0_6,in_sample,full,0,4.0,50.0,0.6,2.4706,2.521519473166028,0.0044444444444444444
B6,M0_6,in_sample,full,0,4.0,150.0,0.1,2.494,2.402723751770065,0.0044444444444444444
B6,M0_6,in_sample,full,0,4.0,150.0,0.2,2.4505,2.402723751770065,0.0044444444444444444
B6,M0_6,in_sample,full,0,4.0,150.0,0.3,2.4411,2.402723751770065,0.0044444444444444444
B6,M0_6,in_sample,full,0,4.0,150.0,0.4,2.3929,2.402723751770065,0.0044444444444444444
B6,M0_6,in_sample,full,0,4.0,150.0,0.6,2.3873,2.402723751770065,0.0044444444444444444
B6,M0_6,in_sample,full,0,4.0,300.0,0.1,2.4125,2.3451309949437413,0.0044444444444444444
B6,M0_6,in_sample,full,0,4.0,300.0,0.2,2.3793,2.3451309949437413,0.0044444444444444444
B6,M0_6,in_sample,full,0,4.0,300.0,0.3,2.2697,2.3451309949437413,0.0044444444444444444
B6,M0_6,in_sample,full,0,4.0,300.0,0.4,2.3711,2.3451309949437413,0.0044444444444444444
B6,M0_6,in_sample,full,0,4.0,300.0,0.6,2.2294,2.3451309949437413,0.0044444444444444444
B6,M0_6,in_sample,full,0,4.0,600.0,0.1,2.2637,2.2980650622571908,0.0044444444444444444
B6,M0_6,in_sample,full,0,4.0,600.0,0.2,2.2681,2.2980650622571908,0.0044444444444444444
B6,M0_6,in_sample,full,0,4.0,600.0,0.3,2.403,2.2980650622571908,0.0044444444444444444
B6,M0_6,in_sample,full,0,4.0,600.0,0.4,2.3312,2.2980650622571908,0.0044444444444444444
B6,M0_6,in_sample,full,0,4.0,600.0,0.6,2.2966,2.2980650622571908,0.0044444444444444444
B6,M0_6,in_sample,full,0,6.9,10.0,0.1,2.7585,2.724163555605417,0.0044444444444444444
B6,M0_6,in_sample,full,0,6.9,10.0,0.2,2.6605,2.724163555605417,0.0044444444444444444
B6,M0_6,in_sample,full,0,6.9,10.0,0.3,2.72,2.724163555605417,0.0044444444444444444
B6,M0_6,in_sample,full,0,6.9,10.0,0.4,2.6823,2.724163555605417,0.0044444444444444444
B6,M0_6,in_sample,full,0,6.9,10.0,0.6,2.5269,2.724163555605417,0.0044444444444444444
B6,M0_6,in_sample,full,0,6.9,50.0,0.1,2.5548,2.4647521895067928,0.0044444444444444444
B6,M0_6,in_sample,full,0,6.9,50.0,0.2,2.4799,2.4647521895067928,0.0044444444444444444
B6,M0_6,in_sample,full,0,6.9,50.0,0.3,2.4833,2.4647521895067928,0.0044444444444444444
B6,M0_6,in_sample,full,0,6.9,50.0,0.4,2.4979,2.4647521895067928,0.0044444444444444444
B6,M0_6,in_sample,full,0,6.9,50.0,0.6,2.4093,2.4647521895067928,0.0044444444444444444
B6,M0_6,in_sample,full,0,6.9,150.0,0.1,2.3272,2.3459564681108294,0.0044444444444444444
B6,M0_6,in_sample,full,0,6.9,150.0,0.2,2.3658,2.3459564681108294,0.0044444444444444444
B6,M0_6,in_sample,full,0,6.9,150.0,0.3,2.3708,2.3459564681108294,0.0044444444444444444
B6,M0_6,in_sample,full,0,6.9,150.0,0.4,2.3438,2.3459564681108294,0.0044444444444444444
B6,M0_6,in_sample,full,0,6.9,150.0,0.6,2.2064,2.3459564681108294,0.0044444444444444444
B6,M0_6,in_sample,full,0,6.9,300.0,0.1,2.3408,2.288363711284506,0.0044444444444444444
B6,M0_6,in_sample,full,0,6.9,300.0,0.2,2.3195,2.288363711284506,0.0044444444444444444
B6,M0_6,in_sample,full,0,6.9,300.0,0.3,2.3002,2.288363711284506,0.0044444444444444444
B6,M0_6,in_sample,full,0,6.9,300.0,0.4,2.3167,2.288363711284506,0.0044444444444444444
B6,M0_6,in_sample,full,0,6.9,300.0,0.6,2.2275,2.288363711284506,0.0044444444444444444
B6,M0_6,in_sample,full,0,6.9,600.0,0.1,2.2081,2.2412977785979553,0.0044444444444444444
B6,M0_6,in_sample,full,0,6.9,600.0,0.2,2.2684,2.2412977785979553,0.0044444444444444444
B6,M0_6,in_sample,full,0,6.9,600.0,0.3,2.2487,2.2412977785979553,0.0044444444444444444
B6,M0_6,in_sample,full,0,6.9,600.0,0.4,2.2425,2.2412977785979553,0.0044444444444444444
B6,M0_6,in_sample,full,0,6.9,600.0,0.6,2.1582,2.2412977785979553,0.0044444444444444444
B6,M0_6,in_sample,full,0,11.97,10.0,0.1,2.77,2.674753525951248,0.0044444444444444444
B6,M0_6,in_sample,full,0,11.97,10.0,0.2,2.6684,2.674753525951248,0.0044444444444444444
B6,M0_6,in_sample,full,0,11.97,10.0,0.3,2.6888,2.674753525951248,0.0044444444444444444
B6,M0_6,in_sample,full,0,11.97,10.0,0.4,2.7027,2.674753525951248,0.0044444444444444444
B6,M0_6,in_sample,full,0,11.97,10.0,0.6,2.6784,2.674753525951248,0.0044444444444444444
B6,M0_6,in_sample,full,0,11.97,50.0,0.1,2.4506,2.4153421598526235,0.0044444444444444444
B6,M0_6,in_sample,full,0,11.97,50.0,0.2,2.4199,2.4153421598526235,0.0044444444444444444
B6,M0_6,in_sample,full,0,11.97,50.0,0.3,2.4152,2.4153421598526235,0.0044444444444444444
B6,M0_6,in_sample,full,0,11.97,50.0,0.4,2.3833,2.4153421598526235,0.0044444444444444444
B6,M0_6,in_sample,full,0,11.97,50.0,0.6,2.3437,2.4153421598526235,0.0044444444444444444
B6,M0_6,in_sample,full,0,11.97,150.0,0.1,2.4214,2.2965464384566596,0.0044444444444444444
B6,M0_6,in_sample,full,0,11.97,150.0,0.2,2.3485,2.2965464384566596,0.0044444444444444444
B6,M0_6,in_sample,full,0,11.97,150.0,0.3,2.3316,2.2965464384566596,0.0044444444444444444
B6,M0_6,in_sample,full,0,11.97,150.0,0.4,2.2453,2.2965464384566596,0.0044444444444444444
B6,M0_6,in_sample,full,0,11.97,150.0,0.6,2.2154,2.2965464384566596,0.0044444444444444444
B6,M0_6,in_sample,full,0,11.97,300.0,0.1,2.2899,2.2389536816303366,0.0044444444444444444
B6,M0_6,in_sample,full,0,11.97,300.0,0.2,2.2886,2.2389536816303366,0.0044444444444444444
B6,M0_6,in_sample,full,0,11.97,300.0,0.3,2.2767,2.2389536816303366,0.0044444444444444444
B6,M0_6,in_sample,full,0,11.97,300.0,0.4,2.2501,2.2389536816303366,0.0044444444444444444
B6,M0_6,in_sample,full,0,11.97,300.0,0.6,2.1351,2.2389536816303366,0.0044444444444444444
B6,M0_6,in_sample,full,0,11.97,600.0,0.1,2.288,2.191887748943786,0.0044444444444444444
B6,M0_6,in_sample,full,0,11.97,600.0,0.2,2.2118,2.191887748943786,0.0044444444444444444
B6,M0_6,in_sample,full,0,11.97,600.0,0.3,2.1456,2.191887748943786,0.0044444444444444444
B6,M0_6,in_sample,full,0,11.97,600.0,0.4,2.141,2.191887748943786,0.0044444444444444444
B6,M0_6,in_sample,full,0,11.97,600.0,0.6,2.0709,2.191887748943786,0.0044444444444444444
B6,MQ-add,in_sample,full,0,0.07,10.0,0.1,3.7216,3.6851284697030904,0.0044444444444444444
B6,MQ-add,in_sample,full,0,0.07,10.0,0.2,3.6004,3.649687658892453,0.0044444444444444444
B6,MQ-add,in_sample,full,0,0.07,10.0,0.3,3.6507,3.614246848081816,0.0044444444444444444
B6,MQ-add,in_sample,full,0,0.07,10.0,0.4,3.5704,3.578806037271179,0.0044444444444444444
B6,MQ-add,in_sample,full,0,0.07,10.0,0.6,3.5458,3.5079244156499048,0.0044444444444444444
B6,MQ-add,in_sample,full,0,0.07,50.0,0.1,3.5105,3.425717103476635,0.0044444444444444444
B6,MQ-add,in_sample,full,0,0.07,50.0,0.2,3.4001,3.3902762926659977,0.0044444444444444444
B6,MQ-add,in_sample,full,0,0.07,50.0,0.3,3.3596,3.3548354818553605,0.0044444444444444444
B6,MQ-add,in_sample,full,0,0.07,50.0,0.4,3.2727,3.3193946710447237,0.0044444444444444444
B6,MQ-add,in_sample,full,0,0.07,50.0,0.6,3.0798,3.2485130494234493,0.0044444444444444444
B6,MQ-add,in_sample,full,0,0.07,150.0,0.1,3.384,3.3069213821204615,0.0044444444444444444
B6,MQ-add,in_sample,full,0,0.07,150.0,0.2,3.2214,3.2714805713098243,0.0044444444444444444
B6,MQ-add,in_sample,full,0,0.07,150.0,0.3,3.3529,3.236039760499187,0.0044444444444444444
B6,MQ-add,in_sample,full,0,0.07,150.0,0.4,3.1687,3.2005989496885503,0.0044444444444444444
B6,MQ-add,in_sample,full,0,0.07,150.0,0.6,3.1017,3.129717328067276,0.0044444444444444444
B6,MQ-add,in_sample,full,0,0.07,300.0,0.1,3.2863,3.2493286253448153,0.0044444444444444444
B6,MQ-add,in_sample,full,0,0.07,300.0,0.2,3.1355,3.213887814534178,0.0044444444444444444
B6,MQ-add,in_sample,full,0,0.07,300.0,0.3,3.1588,3.178447003723541,0.0044444444444444444
B6,MQ-add,in_sample,full,0,0.07,300.0,0.4,3.2809,3.143006192912904,0.0044444444444444444
B6,MQ-add,in_sample,full,0,0.07,300.0,0.6,3.0098,3.0721245712916296,0.0044444444444444444
B6,MQ-add,in_sample,full,0,0.07,600.0,0.1,3.1971,3.2022626927191413,0.0044444444444444444
B6,MQ-add,in_sample,full,0,0.07,600.0,0.2,3.1469,3.166821881908504,0.0044444444444444444
B6,MQ-add,in_sample,full,0,0.07,600.0,0.3,3.1946,3.131381071097867,0.0044444444444444444
B6,MQ-add,in_sample,full,0,0.07,600.0,0.4,3.1242,3.09594026028723,0.0044444444444444444
B6,MQ-add,in_sample,full,0,0.07,600.0,0.6,2.9753,3.0250586386659557,0.0044444444444444444
B6,MQ-add,in_sample,full,0,0.16,10.0,0.1,3.4765,3.4357425004898987,0.0044444444444444444
B6,MQ-add,in_sample,full,0,0.16,10.0,0.2,3.4324,3.4003016896792615,0.0044444444444444444
B6,MQ-add,in_sample,full,0,0.16,10.0,0.3,3.46,3.3648608788686243,0.0044444444444444444
B6,MQ-add,in_sample,full,0,0.16,10.0,0.4,3.2484,3.3294200680579875,0.0044444444444444444
B6,MQ-add,in_sample,full,0,0.16,10.0,0.6,3.269,3.258538446436713,0.0044444444444444444
B6,MQ-add,in_sample,full,0,0.16,50.0,0.1,3.2175,3.1763311342634433,0.0044444444444444444
B6,MQ-add,in_sample,full,0,0.16,50.0,0.2,3.1458,3.140890323452806,0.0044444444444444444
B6,MQ-add,in_sample,full,0,0.16,50.0,0.3,3.0796,3.105449512642169,0.0044444444444444444
B6,MQ-add,in_sample,full,0,0.16,50.0,0.4,3.002,3.070008701831532,0.0044444444444444444
B6,MQ-add,in_sample,full,0,0.16,50.0,0.6,2.8375,2.9991270802102576,0.0044444444444444444
B6,MQ-add,in_sample,full,0,0.16,150.0,0.1,3.1249,3.05753541290727,0.0044444444444444444
B6,MQ-add,in_sample,full,0,0.16,150.0,0.2,2.9746,3.0220946020966326,0.0044444444444444444
B6,MQ-add,in_sample,full,0,0.16,150.0,0.3,3.0125,2.9866537912859954,0.0044444444444444444
B6,MQ-add,in_sample,full,0,0.16,150.0,0.4,2.9738,2.9512129804753586,0.0044444444444444444
B6,MQ-add,in_sample,full,0,0.16,150.0,0.6,2.8802,2.880331358854084,0.0044444444444444444
B6,MQ-add,in_sample,full,0,0.16,300.0,0.1,2.9719,2.9999426561316236,0.0044444444444444444
B6,MQ-add,in_sample,full,0,0.16,300.0,0.2,2.9407,2.9645018453209864,0.0044444444444444444
B6,MQ-add,in_sample,full,0,0.16,300.0,0.3,2.956,2.929061034510349,0.0044444444444444444
B6,MQ-add,in_sample,full,0,0.16,300.0,0.4,2.8482,2.8936202236997124,0.0044444444444444444
B6,MQ-add,in_sample,full,0,0.16,300.0,0.6,2.8081,2.822738602078438,0.0044444444444444444
B6,MQ-add,in_sample,full,0,0.16,600.0,0.1,2.98,2.9528767235059497,0.0044444444444444444
B6,MQ-add,in_sample,full,0,0.16,600.0,0.2,2.9212,2.9174359126953124,0.0044444444444444444
B6,MQ-add,in_sample,full,0,0.16,600.0,0.3,2.8818,2.8819951018846752,0.0044444444444444444
B6,MQ-add,in_sample,full,0,0.16,600.0,0.4,2.8627,2.8465542910740385,0.0044444444444444444
B6,MQ-add,in_sample,full,0,0.16,600.0,0.6,2.7288,2.775672669452764,0.0044444444444444444
B6,MQ-add,in_sample,full,0,0.41,10.0,0.1,3.228,3.2124207530830846,0.0044444444444444444
B6,MQ-add,in_sample,full,0,0.41,10.0,0.2,3.2291,3.1769799422724474,0.0044444444444444444
B6,MQ-add,in_sample,full,0,0.41,10.0,0.3,3.2054,3.14153913146181,0.0044444444444444444
B6,MQ-add,in_sample,full,0,0.41,10.0,0.4,3.0181,3.1060983206511734,0.0044444444444444444
B6,MQ-add,in_sample,full,0,0.41,10.0,0.6,3.0836,3.035216699029899,0.0044444444444444444
B6,MQ-add,in_sample,full,0,0.41,50.0,0.1,2.976,2.953009386856629,0.0044444444444444444
B6,MQ-add,in_sample,full,0,0.41,50.0,0.2,2.9489,2.917568576045992,0.0044444444444444444
B6,MQ-add,in_sample,full,0,0.41,50.0,0.3,2.9676,2.8821277652353547,0.0044444444444444444
B6,MQ-add,in_sample,full,0,0.41,50.0,0.4,2.8049,2.846686954424718,0.0044444444444444444
B6,MQ-add,in_sample,full,0,0.41,50.0,0.6,2.6958,2.7758053328034435,0.0044444444444444444
B6,MQ-add,in_sample,full,0,0.41,150.0,0.1,2.8727,2.8342136655004557,0.0044444444444444444
B6,MQ-add,in_sample,full,0,0.41,150.0,0.2,2.8815,2.7987728546898185,0.0044444444444444444
B6,MQ-add,in_sample,full,0,0.41,150.0,0.3,2.7186,2.7633320438791813,0.0044444444444444444
B6,MQ-add,in_sample,full,0,0.41,150.0,0.4,2.6566,2.7278912330685445,0.0044444444444444444
B6,MQ-add,in_sample,full,0,0.41,150.0,0.6,2.6516,2.65700961144727,0.0044444444444444444
B6,MQ-add,in_sample,full,0,0.41,300.0,0.1,2.8085,2.7766209087248095,0.0044444444444444444
B6,MQ-add,in_sample,full,0,0.41,300.0,0.2,2.7682,2.7411800979141723,0.0044444444444444444
B6,MQ-add,in_sample,full,0,0.41,300.0,0.3,2.6832,2.705739287103535,0.0044444444444444444
B6,MQ-add,in_sample,full,0,0.41,300.0,0.4,2.7891,2.6702984762928983,0.0044444444444444444
B6,MQ-add,in_sample,full,0,0.41,300.0,0.6,2.5211,2.599416854671624,0.0044444444444444444
B6,MQ-add,in_sample,full,0,0.41,600.0,0.1,2.6695,2.7295549760991356,0.0044444444444444444
B6,MQ-add,in_sample,full,0,0.41,600.0,0.2,2.7354,2.6941141652884983,0.0044444444444444444
B6,MQ-add,in_sample,full,0,0.41,600.0,0.3,2.6187,2.658673354477861,0.0044444444444444444
B6,MQ-add,in_sample,full,0,0.41,600.0,0.4,2.5858,2.6232325436672244,0.0044444444444444444
B6,MQ-add,in_sample,full,0,0.41,600.0,0.6,2.5121,2.55235092204595,0.0044444444444444444
B6,MQ-add,in_sample,full,0,0.7,10.0,0.1,3.1919,3.108758192752589,0.0044444444444444444
B6,MQ-add,in_sample,full,0,0.7,10.0,0.2,3.1552,3.0733173819419517,0.0044444444444444444
B6,MQ-add,in_sample,full,0,0.7,10.0,0.3,3.0155,3.0378765711313145,0.0044444444444444444
B6,MQ-add,in_sample,full,0,0.7,10.0,0.4,3.0148,3.0024357603206777,0.0044444444444444444
B6,MQ-add,in_sample,full,0,0.7,10.0,0.6,2.9615,2.9315541386994033,0.0044444444444444444
B6,MQ-add,in_sample,full,0,0.7,50.0,0.1,2.8444,2.8493468265261335,0.0044444444444444444
B6,MQ-add,in_sample,full,0,0.7,50.0,0.2,2.8069,2.8139060157154963,0.0044444444444444444
B6,MQ-add,in_sample,full,0,0.7,50.0,0.3,2.7973,2.778465204904859,0.0044444444444444444
B6,MQ-add,in_sample,full,0,0.7,50.0,0.4,2.7324,2.7430243940942223,0.0044444444444444444
B6,MQ-add,in_sample,full,0,0.7,50.0,0.6,2.6134,2.672142772472948,0.0044444444444444444
B6,MQ-add,in_sample,full,0,0.7,150.0,0.1,2.7893,2.73055110516996,0.0044444444444444444
B6,MQ-add,in_sample,full,0,0.7,150.0,0.2,2.6375,2.695110294359323,0.0044444444444444444
B6,MQ-add,in_sample,full,0,0.7,150.0,0.3,2.6856,2.6596694835486856,0.0044444444444444444
B6,MQ-add,in_sample,full,0,0.7,150.0,0.4,2.5991,2.624228672738049,0.0044444444444444444
B6,MQ-add,in_sample,full,0,0.7,150.0,0.6,2.5608,2.5533470511167744,0.0044444444444444444
B6,MQ-add,in_sample,full,0,0.7,300.0,0.1,2.6722,2.672958348394314,0.0044444444444444444
B6,MQ-add,in_sample,full,0,0.7,300.0,0.2,2.6214,2.6375175375836766,0.0044444444444444444
B6,MQ-add,in_sample,full,0,0.7,300.0,0.3,2.5759,2.6020767267730394,0.0044444444444444444
B6,MQ-add,in_sample,full,0,0.7,300.0,0.4,2.5792,2.5666359159624026,0.0044444444444444444
B6,MQ-add,in_sample,full,0,0.7,300.0,0.6,2.4842,2.495754294341128,0.0044444444444444444
B6,MQ-add,in_sample,full,0,0.7,600.0,0.1,2.5974,2.62589241576864,0.0044444444444444444
B6,MQ-add,in_sample,full,0,0.7,600.0,0.2,2.5998,2.5904516049580026,0.0044444444444444444
B6,MQ-add,in_sample,full,0,0.7,600.0,0.3,2.5611,2.5550107941473654,0.0044444444444444444
B6,MQ-add,in_sample,full,0,0.7,600.0,0.4,2.5225,2.5195699833367287,0.0044444444444444444
B6,MQ-add,in_sample,full,0,0.7,600.0,0.6,2.51,2.4486883617154542,0.0044444444444444444
B6,MQ-add,in_sample,full,0,1.0,10.0,0.1,3.0483,3.0475650401781724,0.0044444444444444444
B6,MQ-add,in_sample,full,0,1.0,10.0,0.2,2.968,3.012124229367535,0.0044444444444444444
B6,MQ-add,in_sample,full,0,1.0,10.0,0.3,2.8948,2.976683418556898,0.0044444444444444444
B6,MQ-add,in_sample,full,0,1.0,10.0,0.4,2.8223,2.9412426077462612,0.0044444444444444444
B6,MQ-add,in_sample,full,0,1.0,10.0,0.6,2.8442,2.870360986124987,0.0044444444444444444
B6,MQ-add,in_sample,full,0,1.0,50.0,0.1,2.8264,2.788153673951718,0.0044444444444444444
B6,MQ-add,in_sample,full,0,1.0,50.0,0.2,2.8076,2.7527128631410807,0.0044444444444444444
B6,MQ-add,in_sample,full,0,1.0,50.0,0.3,2.6823,2.7172720523304434,0.0044444444444444444
B6,MQ-add,in_sample,full,0,1.0,50.0,0.4,2.6528,2.6818312415198067,0.0044444444444444444
B6,MQ-add,in_sample,full,0,1.0,50.0,0.6,2.6707,2.6109496198985322,0.0044444444444444444
B6,MQ-add,in_sample,full,0,1.0,150.0,0.1,2.6482,2.669357952595544,0.0044444444444444444
B6,MQ-add,in_sample,full,0,1.0,150.0,0.2,2.6343,2.6339171417849068,0.0044444444444444444
B6,MQ-add,in_sample,full,0,1.0,150.0,0.3,2.6133,2.5984763309742696,0.0044444444444444444
B6,MQ-add,in_sample,full,0,1.0,150.0,0.4,2.5016,2.563035520163633,0.0044444444444444444
B6,MQ-add,in_sample,full,0,1.0,150.0,0.6,2.5859,2.4921538985423584,0.0044444444444444444
B6,MQ-add,in_sample,full,0,1.0,300.0,0.1,2.6943,2.6117651958198973,0.0044444444444444444
B6,MQ-add,in_sample,full,0,1.0,300.0,0.2,2.5728,2.57632438500926,0.0044444444444444444
B6,MQ-add,in_sample,full,0,1.0,300.0,0.3,2.4688,2.540883574198623,0.0044444444444444444
B6,MQ-add,in_sample,full,0,1.0,300.0,0.4,2.5249,2.505442763387986,0.0044444444444444444
B6,MQ-add,in_sample,full,0,1.0,300.0,0.6,2.4469,2.4345611417667117,0.0044444444444444444
B6,MQ-add,in_sample,full,0,1.0,600.0,0.1,2.6008,2.564699263194224,0.0044444444444444444
B6,MQ-add,in_sample,full,0,1.0,600.0,0.2,2.4894,2.5292584523835866,0.0044444444444444444
B6,MQ-add,in_sample,full,0,1.0,600.0,0.3,2.4439,2.4938176415729494,0.0044444444444444444
B6,MQ-add,in_sample,full,0,1.0,600.0,0.4,2.4229,2.4583768307623126,0.0044444444444444444
B6,MQ-add,in_sample,full,0,1.0,600.0,0.6,2.4336,2.387495209141038,0.0044444444444444444
B6,MQ-add,in_sample,full,0,2.8,10.0,0.1,2.9592,2.900863160804196,0.0044444444444444444
B6,MQ-add,in_sample,full,0,2.8,10.0,0.2,2.8431,2.8654223499935587,0.0044444444444444444
B6,MQ-add,in_sample,full,0,2.8,10.0,0.3,2.8867,2.8299815391829215,0.0044444444444444444
B6,MQ-add,in_sample,full,0,2.8,10.0,0.4,2.771,2.7945407283722847,0.0044444444444444444
B6,MQ-add,in_sample,full,0,2.8,10.0,0.6,2.7064,2.7236591067510103,0.0044444444444444444
B6,MQ-add,in_sample,full,0,2.8,50.0,0.1,2.5785,2.6414517945777414,0.0044444444444444444
B6,MQ-add,in_sample,full,0,2.8,50.0,0.2,2.4874,2.606010983767104,0.0044444444444444444
B6,MQ-add,in_sample,full,0,2.8,50.0,0.3,2.5971,2.570570172956467,0.0044444444444444444
B6,MQ-add,in_sample,full,0,2.8,50.0,0.4,2.5963,2.53512936214583,0.0044444444444444444
B6,MQ-add,in_sample,full,0,2.8,50.0,0.6,2.5446,2.4642477405245558,0.0044444444444444444
B6,MQ-add,in_sample,full,0,2.8,150.0,0.1,2.4446,2.5226560732215675,0.0044444444444444444
B6,MQ-add,in_sample,full,0,2.8,150.0,0.2,2.4506,2.4872152624109303,0.0044444444444444444
B6,MQ-add,in_sample,full,0,2.8,150.0,0.3,2.3889,2.451774451600293,0.0044444444444444444
B6,MQ-add,in_sample,full,0,2.8,150.0,0.4,2.5101,2.4163336407896563,0.0044444444444444444
B6,MQ-add,in_sample,full,0,2.8,150.0,0.6,2.2938,2.345452019168382,0.0044444444444444444
B6,MQ-add,in_sample,full,0,2.8,300.0,0.1,2.446,2.465063316445921,0.0044444444444444444
B6,MQ-add,in_sample,full,0,2.8,300.0,0.2,2.3643,2.4296225056352836,0.0044444444444444444
B6,MQ-add,in_sample,full,0,2.8,300.0,0.3,2.3988,2.3941816948246464,0.0044444444444444444
B6,MQ-add,in_sample,full,0,2.8,300.0,0.4,2.3719,2.3587408840140096,0.0044444444444444444
B6,MQ-add,in_sample,full,0,2.8,300.0,0.6,2.3342,2.287859262392735,0.0044444444444444444
B6,MQ-add,in_sample,full,0,2.8,600.0,0.1,2.4515,2.4179973838202473,0.0044444444444444444
B6,MQ-add,in_sample,full,0,2.8,600.0,0.2,2.4042,2.38255657300961,0.0044444444444444444
B6,MQ-add,in_sample,full,0,2.8,600.0,0.3,2.3538,2.347115762198973,0.0044444444444444444
B6,MQ-add,in_sample,full,0,2.8,600.0,0.4,2.3322,2.311674951388336,0.0044444444444444444
B6,MQ-add,in_sample,full,0,2.8,600.0,0.6,2.2986,2.2407933297670617,0.0044444444444444444
B6,MQ-add,in_sample,full,0,4.0,10.0,0.1,2.855,2.8589006230942333,0.0044444444444444444
B6,MQ-add,in_sample,full,0,4.0,10.0,0.2,2.872,2.823459812283596,0.0044444444444444444
B6,MQ-add,in_sample,full,0,4.0,10.0,0.3,2.8016,2.788019001472959,0.0044444444444444444
B6,MQ-add,in_sample,full,0,4.0,10.0,0.4,2.6993,2.752578190662322,0.0044444444444444444
B6,MQ-add,in_sample,full,0,4.0,10.0,0.6,2.631,2.6816965690410477,0.0044444444444444444
B6,MQ-add,in_sample,full,0,4.0,50.0,0.1,2.5657,2.5994892568677788,0.0044444444444444444
B6,MQ-add,in_sample,full,0,4.0,50.0,0.2,2.6024,2.5640484460571416,0.0044444444444444444
B6,MQ-add,in_sample,full,0,4.0,50.0,0.3,2.5078,2.5286076352465043,0.0044444444444444444
B6,MQ-add,in_sample,full,0,4.0,50.0,0.4,2.5793,2.4931668244358676,0.0044444444444444444
B6,MQ-add,in_sample,full,0,4.0,50.0,0.6,2.4706,2.422285202814593,0.0044444444444444444
B6,MQ-add,in_sample,full,0,4.0,150.0,0.1,2.494,2.480693535511605,0.0044444444444444444
B6,MQ-add,in_sample,full,0,4.0,150.0,0.2,2.4505,2.4452527247009677,0.0044444444444444444
B6,MQ-add,in_sample,full,0,4.0,150.0,0.3,2.4411,2.4098119138903304,0.0044444444444444444
B6,MQ-add,in_sample,full,0,4.0,150.0,0.4,2.3929,2.3743711030796937,0.0044444444444444444
B6,MQ-add,in_sample,full,0,4.0,150.0,0.6,2.3873,2.3034894814584193,0.0044444444444444444
B6,MQ-add,in_sample,full,0,4.0,300.0,0.1,2.4125,2.423100778735958,0.0044444444444444444
B6,MQ-add,in_sample,full,0,4.0,300.0,0.2,2.3793,2.387659967925321,0.0044444444444444444
B6,MQ-add,in_sample,full,0,4.0,300.0,0.3,2.2697,2.3522191571146838,0.0044444444444444444
B6,MQ-add,in_sample,full,0,4.0,300.0,0.4,2.3711,2.316778346304047,0.0044444444444444444
B6,MQ-add,in_sample,full,0,4.0,300.0,0.6,2.2294,2.2458967246827726,0.0044444444444444444
B6,MQ-add,in_sample,full,0,4.0,600.0,0.1,2.2637,2.3760348461102847,0.0044444444444444444
B6,MQ-add,in_sample,full,0,4.0,600.0,0.2,2.2681,2.3405940352996475,0.0044444444444444444
B6,MQ-add,in_sample,full,0,4.0,600.0,0.3,2.403,2.3051532244890103,0.0044444444444444444
B6,MQ-add,in_sample,full,0,4.0,600.0,0.4,2.3312,2.2697124136783735,0.0044444444444444444
B6,MQ-add,in_sample,full,0,4.0,600.0,0.6,2.2966,2.198830792057099,0.0044444444444444444
B6,MQ-add,in_sample,full,0,6.9,10.0,0.1,2.7585,2.8021333394356347,0.0044444444444444444
B6,MQ-add,in_sample,full,0,6.9,10.0,0.2,2.6605,2.7666925286249975,0.0044444444444444444
B6,MQ-add,in_sample,full,0,6.9,10.0,0.3,2.72,2.7312517178143603,0.0044444444444444444
B6,MQ-add,in_sample,full,0,6.9,10.0,0.4,2.6823,2.6958109070037235,0.0044444444444444444
B6,MQ-add,in_sample,full,0,6.9,10.0,0.6,2.5269,2.624929285382449,0.0044444444444444444
B6,MQ-add,in_sample,full,0,6.9,50.0,0.1,2.5548,2.5427219732091793,0.0044444444444444444
B6,MQ-add,in_sample,full,0,6.9,50.0,0.2,2.4799,2.507281162398542,0.0044444444444444444
B6,MQ-add,in_sample,full,0,6.9,50.0,0.3,2.4833,2.471840351587905,0.0044444444444444444
B6,MQ-add,in_sample,full,0,6.9,50.0,0.4,2.4979,2.436399540777268,0.0044444444444444444
B6,MQ-add,in_sample,full,0,6.9,50.0,0.6,2.4093,2.3655179191559936,0.0044444444444444444
B6,MQ-add,in_sample,full,0,6.9,150.0,0.1,2.3272,2.423926251853006,0.0044444444444444444
B6,MQ-add,in_sample,full,0,6.9,150.0,0.2,2.3658,2.3884854410423686,0.0044444444444444444
B6,MQ-add,in_sample,full,0,6.9,150.0,0.3,2.3708,2.3530446302317314,0.0044444444444444444
B6,MQ-add,in_sample,full,0,6.9,150.0,0.4,2.3438,2.3176038194210946,0.0044444444444444444
B6,MQ-add,in_sample,full,0,6.9,150.0,0.6,2.2064,2.24672219779982,0.0044444444444444444
B6,MQ-add,in_sample,full,0,6.9,300.0,0.1,2.3408,2.3663334950773596,0.0044444444444444444
B6,MQ-add,in_sample,full,0,6.9,300.0,0.2,2.3195,2.3308926842667224,0.0044444444444444444
B6,MQ-add,in_sample,full,0,6.9,300.0,0.3,2.3002,2.295451873456085,0.0044444444444444444
B6,MQ-add,in_sample,full,0,6.9,300.0,0.4,2.3167,2.2600110626454484,0.0044444444444444444
B6,MQ-add,in_sample,full,0,6.9,300.0,0.6,2.2275,2.189129441024174,0.0044444444444444444
B6,MQ-add,in_sample,full,0,6.9,600.0,0.1,2.2081,2.3192675624516856,0.0044444444444444444
B6,MQ-add,in_sample,full,0,6.9,600.0,0.2,2.2684,2.2838267516410484,0.0044444444444444444
B6,MQ-add,in_sample,full,0,6.9,600.0,0.3,2.2487,2.248385940830411,0.0044444444444444444
B6,MQ-add,in_sample,full,0,6.9,600.0,0.4,2.2425,2.2129451300197744,0.0044444444444444444
B6,MQ-add,in_sample,full,0,6.9,600.0,0.6,2.1582,2.1420635083985,0.0044444444444444444
B6,MQ-add,in_sample,full,0,11.97,10.0,0.1,2.77,2.752723309782147,0.0044444444444444444
B6,MQ-add,in_sample,full,0,11.97,10.0,0.2,2.6684,2.71728249897151,0.0044444444444444444
B6,MQ-add,in_sample,full,0,11.97,10.0,0.3,2.6888,2.6818416881608726,0.0044444444444444444
B6,MQ-add,in_sample,full,0,11.97,10.0,0.4,2.7027,2.646400877350236,0.0044444444444444444
B6,MQ-add,in_sample,full,0,11.97,10.0,0.6,2.6784,2.5755192557289615,0.0044444444444444444
B6,MQ-add,in_sample,full,0,11.97,50.0,0.1,2.4506,2.493311943555692,0.0044444444444444444
B6,MQ-add,in_sample,full,0,11.97,50.0,0.2,2.4199,2.457871132745055,0.0044444444444444444
B6,MQ-add,in_sample,full,0,11.97,50.0,0.3,2.4152,2.4224303219344177,0.0044444444444444444
B6,MQ-add,in_sample,full,0,11.97,50.0,0.4,2.3833,2.386989511123781,0.0044444444444444444
B6,MQ-add,in_sample,full,0,11.97,50.0,0.6,2.3437,2.3161078895025065,0.0044444444444444444
B6,MQ-add,in_sample,full,0,11.97,150.0,0.1,2.4214,2.3745162221995186,0.0044444444444444444
B6,MQ-add,in_sample,full,0,11.97,150.0,0.2,2.3485,2.3390754113888814,0.0044444444444444444
B6,MQ-add,in_sample,full,0,11.97,150.0,0.3,2.3316,2.303634600578244,0.0044444444444444444
B6,MQ-add,in_sample,full,0,11.97,150.0,0.4,2.2453,2.2681937897676074,0.0044444444444444444
B6,MQ-add,in_sample,full,0,11.97,150.0,0.6,2.2154,2.197312168146333,0.0044444444444444444
B6,MQ-add,in_sample,full,0,11.97,300.0,0.1,2.2899,2.316923465423872,0.0044444444444444444
B6,MQ-add,in_sample,full,0,11.97,300.0,0.2,2.2886,2.2814826546132347,0.0044444444444444444
B6,MQ-add,in_sample,full,0,11.97,300.0,0.3,2.2767,2.2460418438025975,0.0044444444444444444
B6,MQ-add,in_sample,full,0,11.97,300.0,0.4,2.2501,2.2106010329919608,0.0044444444444444444
B6,MQ-add,in_sample,full,0,11.97,300.0,0.6,2.1351,2.1397194113706863,0.0044444444444444444
B6,MQ-add,in_sample,full,0,11.97,600.0,0.1,2.288,2.269857532798198,0.0044444444444444444
B6,MQ-add,in_sample,full,0,11.97,600.0,0.2,2.2118,2.234416721987561,0.0044444444444444444
B6,MQ-add,in_sample,full,0,11.97,600.0,0.3,2.1456,2.1989759111769236,0.0044444444444444444
B6,MQ-add,in_sample,full,0,11.97,600.0,0.4,2.141,2.163535100366287,0.0044444444444444444
B6,MQ-add,in_sample,full,0,11.97,600.0,0.6,2.0709,2.0926534787450124,0.0044444444444444444
B6,MQ-eff,in_sample,full,0,0.07,10.0,0.1,3.7216,3.6071586288813906,0.0044444444444444444
B6,MQ-eff,in_sample,full,0,0.07,10.0,0.2,3.6004,3.60715864907057,0.0044444444444444444
B6,MQ-eff,in_sample,full,0,0.07,10.0,0.3,3.6507,3.6071586692597504,0.0044444444444444444
B6,MQ-eff,in_sample,full,0,0.07,10.0,0.4,3.5704,3.607158689448931,0.0044444444444444444
B6,MQ-eff,in_sample,full,0,0.07,10.0,0.6,3.5458,3.6071587298272942,0.0044444444444444444
B6,MQ-eff,in_sample,full,0,0.07,50.0,0.1,3.5105,3.3477472895833915,0.0044444444444444444
B6,MQ-eff,in_sample,full,0,0.07,50.0,0.2,3.4001,3.3477473022184037,0.0044444444444444444
B6,MQ-eff,in_sample,full,0,0.07,50.0,0.3,3.3596,3.3477473148534163,0.0044444444444444444
B6,MQ-eff,in_sample,full,0,0.07,50.0,0.4,3.2727,3.3477473274884297,0.0044444444444444444
B6,MQ-eff,in_sample,full,0,0.07,50.0,0.6,3.0798,3.3477473527584567,0.0044444444444444444
B6,MQ-eff,in_sample,full,0,0.07,150.0,0.1,3.384,3.228951580789834,0.0044444444444444444
B6,MQ-eff,in_sample,full,0,0.07,150.0,0.2,3.2214,3.2289515899654653,0.0044444444444444444
B6,MQ-eff,in_sample,full,0,0.07,150.0,0.3,3.3529,3.228951599141097,0.0044444444444444444
B6,MQ-eff,in_sample,full,0,0.07,150.0,0.4,3.1687,3.228951608316729,0.0044444444444444444
B6,MQ-eff,in_sample,full,0,0.07,150.0,0.6,3.1017,3.228951626667994,0.0044444444444444444
B6,MQ-eff,in_sample,full,0,0.07,300.0,0.1,3.2863,3.1713588301783107,0.0044444444444444444
B6,MQ-eff,in_sample,full,0,0.07,300.0,0.2,3.1355,3.171358837676817,0.0044444444444444444
B6,MQ-eff,in_sample,full,0,0.07,300.0,0.3,3.1588,3.171358845175323,0.0044444444444444444
B6,MQ-eff,in_sample,full,0,0.07,300.0,0.4,3.2809,3.17135885267383,0.0044444444444444444
B6,MQ-eff,in_sample,full,0,0.07,300.0,0.6,3.0098,3.171358867670844,0.0044444444444444444
B6,MQ-eff,in_sample,full,0,0.07,600.0,0.1,3.1971,3.1242929026357844,0.0044444444444444444
B6,MQ-eff,in_sample,full,0,0.07,600.0,0.2,3.1469,3.124292908763711,0.0044444444444444444
B6,MQ-eff,in_sample,full,0,0.07,600.0,0.3,3.1946,3.1242929148916376,0.0044444444444444444
B6,MQ-eff,in_sample,full,0,0.07,600.0,0.4,3.1242,3.1242929210195647,0.0044444444444444444
B6,MQ-eff,in_sample,full,0,0.07,600.0,0.6,2.9753,3.1242929332754192,0.0044444444444444444
B6,MQ-eff,in_sample,full,0,0.16,10.0,0.1,3.4765,3.3577726596686617,0.0044444444444444444
B6,MQ-eff,in_sample,full,0,0.16,10.0,0.2,3.4324,3.357772679857841,0.0044444444444444444
B6,MQ-eff,in_sample,full,0,0.16,10.0,0.3,3.46,3.3577727000470214,0.0044444444444444444
B6,MQ-eff,in_sample,full,0,0.16,10.0,0.4,3.2484,3.357772720236202,0.0044444444444444444
B6,MQ-eff,in_sample,full,0,0.16,10.0,0.6,3.269,3.3577727606145653,0.0044444444444444444
B6,MQ-eff,in_sample,full,0,0.16,50.0,0.1,3.2175,3.0983613203706626,0.0044444444444444444
B6,MQ-eff,in_sample,full,0,0.16,50.0,0.2,3.1458,3.0983613330056747,0.0044444444444444444
B6,MQ-eff,in_sample,full,0,0.16,50.0,0.3,3.0796,3.0983613456406873,0.0044444444444444444
B6,MQ-eff,in_sample,full,0,0.16,50.0,0.4,3.002,3.098361358275701,0.0044444444444444444
B6,MQ-eff,in_sample,full,0,0.16,50.0,0.6,2.8375,3.0983613835457278,0.0044444444444444444
B6,MQ-eff,in_sample,full,0,0.16,150.0,0.1,3.1249,2.979565611577105,0.0044444444444444444
B6,MQ-eff,in_sample,full,0,0.16,150.0,0.2,2.9746,2.9795656207527363,0.0044444444444444444
B6,MQ-eff,in_sample,full,0,0.16,150.0,0.3,3.0125,2.979565629928368,0.0044444444444444444
B6,MQ-eff,in_sample,full,0,0.16,150.0,0.4,2.9738,2.979565639104,0.0044444444444444444
B6,MQ-eff,in_sample,full,0,0.16,150.0,0.6,2.8802,2.979565657455265,0.0044444444444444444
B6,MQ-eff,in_sample,full,0,0.16,300.0,0.1,2.9719,2.9219728609655817,0.0044444444444444444
B6,MQ-eff,in_sample,full,0,0.16,300.0,0.2,2.9407,2.921972868464088,0.0044444444444444444
B6,MQ-eff,in_sample,full,0,0.16,300.0,0.3,2.956,2.9219728759625943,0.0044444444444444444
B6,MQ-eff,in_sample,full,0,0.16,300.0,0.4,2.8482,2.921972883461101,0.0044444444444444444
B6,MQ-eff,in_sample,full,0,0.16,300.0,0.6,2.8081,2.9219728984581153,0.0044444444444444444
B6,MQ-eff,in_sample,full,0,0.16,600.0,0.1,2.98,2.8749069334230555,0.0044444444444444444
B6,MQ-eff,in_sample,full,0,0.16,600.0,0.2,2.9212,2.874906939550982,0.0044444444444444444
B6,MQ-eff,in_sample,full,0,0.16,600.0,0.3,2.8818,2.8749069456789087,0.0044444444444444444
B6,MQ-eff,in_sample,full,0,0.16,600.0,0.4,2.8627,2.8749069518068358,0.0044444444444444444
B6,MQ-eff,in_sample,full,0,0.16,600.0,0.6,2.7288,2.8749069640626903,0.0044444444444444444
B6,MQ-eff,in_sample,full,0,0.41,10.0,0.1,3.228,3.134450912261976,0.0044444444444444444
B6,MQ-eff,in_sample,full,0,0.41,10.0,0.2,3.2291,3.1344509324511556,0.0044444444444444444
B6,MQ-eff,in_sample,full,0,0.41,10.0,0.3,3.2054,3.1344509526403357,0.0044444444444444444
B6,MQ-eff,in_sample,full,0,0.41,10.0,0.4,3.0181,3.1344509728295162,0.0044444444444444444
B6,MQ-eff,in_sample,full,0,0.41,10.0,0.6,3.0836,3.1344510132078796,0.0044444444444444444
B6,MQ-eff,in_sample,full,0,0.41,50.0,0.1,2.976,2.875039572963977,0.0044444444444444444
B6,MQ-eff,in_sample,full,0,0.41,50.0,0.2,2.9489,2.875039585598989,0.0044444444444444444
B6,MQ-eff,in_sample,full,0,0.41,50.0,0.3,2.9676,2.875039598234002,0.0044444444444444444
B6,MQ-eff,in_sample,full,0,0.41,50.0,0.4,2.8049,2.875039610869015,0.0044444444444444444
B6,MQ-eff,in_sample,full,0,0.41,50.0,0.6,2.6958,2.875039636139042,0.0044444444444444444
B6,MQ-eff,in_sample,full,0,0.41,150.0,0.1,2.8727,2.7562438641704192,0.0044444444444444444
B6,MQ-eff,in_sample,full,0,0.41,150.0,0.2,2.8815,2.7562438733460506,0.0044444444444444444
B6,MQ-eff,in_sample,full,0,0.41,150.0,0.3,2.7186,2.7562438825216824,0.0044444444444444444
B6,MQ-eff,in_sample,full,0,0.41,150.0,0.4,2.6566,2.756243891697314,0.0044444444444444444
B6,MQ-eff,in_sample,full,0,0.41,150.0,0.6,2.6516,2.756243910048579,0.0044444444444444444
B6,MQ-eff,in_sample,full,0,0.41,300.0,0.1,2.8085,2.698651113558896,0.0044444444444444444
B6,MQ-eff,in_sample,full,0,0.41,300.0,0.2,2.7682,2.6986511210574022,0.0044444444444444444
B6,MQ-eff,in_sample,full,0,0.41,300.0,0.3,2.6832,2.6986511285559085,0.0044444444444444444
B6,MQ-eff,in_sample,full,0,0.41,300.0,0.4,2.7891,2.698651136054415,0.0044444444444444444
B6,MQ-eff,in_sample,full,0,0.41,300.0,0.6,2.5211,2.6986511510514295,0.0044444444444444444
B6,MQ-eff,in_sample,full,0,0.41,600.0,0.1,2.6695,2.6515851860163697,0.0044444444444444444
B6,MQ-eff,in_sample,full,0,0.41,600.0,0.2,2.7354,2.6515851921442963,0.0044444444444444444
B6,MQ-eff,in_sample,full,0,0.41,600.0,0.3,2.6187,2.651585198272223,0.0044444444444444444
B6,MQ-eff,in_sample,full,0,0.41,600.0,0.4,2.5858,2.65158520440015,0.0044444444444444444
B6,MQ-eff,in_sample,full,0,0.41,600.0,0.6,2.5121,2.6515852166560046,0.0044444444444444444
B6,MQ-eff,in_sample,full,0,0.7,10.0,0.1,3.1919,3.030788351931427,0.0044444444444444444
B6,MQ-eff,in_sample,full,0,0.7,10.0,0.2,3.1552,3.0307883721206066,0.0044444444444444444
B6,MQ-eff,in_sample,full,0,0.7,10.0,0.3,3.0155,3.0307883923097867,0.0044444444444444444
B6,MQ-eff,in_sample,full,0,0.7,10.0,0.4,3.0148,3.0307884124989672,0.0044444444444444444
B6,MQ-eff,in_sample,full,0,0.7,10.0,0.6,2.9615,3.0307884528773306,0.0044444444444444444
B6,MQ-eff,in_sample,full,0,0.7,50.0,0.1,2.8444,2.771377012633428,0.0044444444444444444
B6,MQ-eff,in_sample,full,0,0.7,50.0,0.2,2.8069,2.77137702526844,0.0044444444444444444
B6,MQ-eff,in_sample,full,0,0.7,50.0,0.3,2.7973,2.771377037903453,0.0044444444444444444
B6,MQ-eff,in_sample,full,0,0.7,50.0,0.4,2.7324,2.771377050538466,0.0044444444444444444
B6,MQ-eff,in_sample,full,0,0.7,50.0,0.6,2.6134,2.771377075808493,0.0044444444444444444
B6,MQ-eff,in_sample,full,0,0.7,150.0,0.1,2.7893,2.6525813038398702,0.0044444444444444444
B6,MQ-eff,in_sample,full,0,0.7,150.0,0.2,2.6375,2.6525813130155016,0.0044444444444444444
B6,MQ-eff,in_sample,full,0,0.7,150.0,0.3,2.6856,2.6525813221911334,0.0044444444444444444
B6,MQ-eff,in_sample,full,0,0.7,150.0,0.4,2.5991,2.652581331366765,0.0044444444444444444
B6,MQ-eff,in_sample,full,0,0.7,150.0,0.6,2.5608,2.65258134971803,0.0044444444444444444
B6,MQ-eff,in_sample,full,0,0.7,300.0,0.1,2.6722,2.594988553228347,0.0044444444444444444
B6,MQ-eff,in_sample,full,0,0.7,300.0,0.2,2.6214,2.5949885607268532,0.0044444444444444444
B6,MQ-eff,in_sample,full,0,0.7,300.0,0.3,2.5759,2.5949885682253595,0.0044444444444444444
B6,MQ-eff,in_sample,full,0,0.7,300.0,0.4,2.5792,2.594988575723866,0.0044444444444444444
B6,MQ-eff,in_sample,full,0,0.7,300.0,0.6,2.4842,2.5949885907208805,0.0044444444444444444
B6,MQ-eff,in_sample,full,0,0.7,600.0,0.1,2.5974,2.5479226256858207,0.0044444444444444444
B6,MQ-eff,in_sample,full,0,0.7,600.0,0.2,2.5998,2.5479226318137473,0.0044444444444444444
B6,MQ-eff,in_sample,full,0,0.7,600.0,0.3,2.5611,2.547922637941674,0.0044444444444444444
B6,MQ-eff,in_sample,full,0,0.7,600.0,0.4,2.5225,2.547922644069601,0.0044444444444444444
B6,MQ-eff,in_sample,full,0,0.7,600.0,0.6,2.51,2.5479226563254556,0.0044444444444444444
B6,MQ-eff,in_sample,full,0,1.0,10.0,0.1,3.0483,2.969595199356939,0.0044444444444444444
B6,MQ-eff,in_sample,full,0,1.0,10.0,0.2,2.968,2.969595219546118,0.0044444444444444444
B6,MQ-eff,in_sample,full,0,1.0,10.0,0.3,2.8948,2.9695952397352987,0.0044444444444444444
B6,MQ-eff,in_sample,full,0,1.0,10.0,0.4,2.8223,2.9695952599244793,0.0044444444444444444
B6,MQ-eff,in_sample,full,0,1.0,10.0,0.6,2.8442,2.9695953003028426,0.0044444444444444444
B6,MQ-eff,in_sample,full,0,1.0,50.0,0.1,2.8264,2.71018386005894,0.0044444444444444444
B6,MQ-eff,in_sample,full,0,1.0,50.0,0.2,2.8076,2.710183872693952,0.0044444444444444444
B6,MQ-eff,in_sample,full,0,1.0,50.0,0.3,2.6823,2.7101838853289646,0.0044444444444444444
B6,MQ-eff,in_sample,full,0,1.0,50.0,0.4,2.6528,2.710183897963978,0.0044444444444444444
B6,MQ-eff,in_sample,full,0,1.0,50.0,0.6,2.6707,2.710183923234005,0.0044444444444444444
B6,MQ-eff,in_sample,full,0,1.0,150.0,0.1,2.6482,2.5913881512653822,0.0044444444444444444
B6,MQ-eff,in_sample,full,0,1.0,150.0,0.2,2.6343,2.5913881604410136,0.0044444444444444444
B6,MQ-eff,in_sample,full,0,1.0,150.0,0.3,2.6133,2.5913881696166454,0.0044444444444444444
B6,MQ-eff,in_sample,full,0,1.0,150.0,0.4,2.5016,2.5913881787922772,0.0044444444444444444
B6,MQ-eff,in_sample,full,0,1.0,150.0,0.6,2.5859,2.591388197143542,0.0044444444444444444
B6,MQ-eff,in_sample,full,0,1.0,300.0,0.1,2.6943,2.533795400653859,0.0044444444444444444
B6,MQ-eff,in_sample,full,0,1.0,300.0,0.2,2.5728,2.5337954081523653,0.0044444444444444444
B6,MQ-eff,in_sample,full,0,1.0,300.0,0.3,2.4688,2.5337954156508715,0.0044444444444444444
B6,MQ-eff,in_sample,full,0,1.0,300.0,0.4,2.5249,2.5337954231493782,0.0044444444444444444
B6,MQ-eff,in_sample,full,0,1.0,300.0,0.6,2.4469,2.5337954381463925,0.0044444444444444444
B6,MQ-eff,in_sample,full,0,1.0,600.0,0.1,2.6008,2.4867294731113327,0.0044444444444444444
B6,MQ-eff,in_sample,full,0,1.0,600.0,0.2,2.4894,2.4867294792392594,0.0044444444444444444
B6,MQ-eff,in_sample,full,0,1.0,600.0,0.3,2.4439,2.486729485367186,0.0044444444444444444
B6,MQ-eff,in_sample,full,0,1.0,600.0,0.4,2.4229,2.486729491495113,0.0044444444444444444
B6,MQ-eff,in_sample,full,0,1.0,600.0,0.6,2.4336,2.4867295037509676,0.0044444444444444444
B6,MQ-eff,in_sample,full,0,2.8,10.0,0.1,2.9592,2.8228933199826476,0.0044444444444444444
B6,MQ-eff,in_sample,full,0,2.8,10.0,0.2,2.8431,2.8228933401718272,0.0044444444444444444
B6,MQ-eff,in_sample,full,0,2.8,10.0,0.3,2.8867,2.8228933603610074,0.0044444444444444444
B6,MQ-eff,in_sample,full,0,2.8,10.0,0.4,2.771,2.822893380550188,0.0044444444444444444
B6,MQ-eff,in_sample,full,0,2.8,10.0,0.6,2.7064,2.8228934209285512,0.0044444444444444444
B6,MQ-eff,in_sample,full,0,2.8,50.0,0.1,2.5785,2.5634819806846485,0.0044444444444444444
B6,MQ-eff,in_sample,full,0,2.8,50.0,0.2,2.4874,2.5634819933196606,0.0044444444444444444
B6,MQ-eff,in_sample,full,0,2.8,50.0,0.3,2.5971,2.5634820059546737,0.0044444444444444444
B6,MQ-eff,in_sample,full,0,2.8,50.0,0.4,2.5963,2.5634820185896867,0.0044444444444444444
B6,MQ-eff,in_sample,full,0,2.8,50.0,0.6,2.5446,2.5634820438597137,0.0044444444444444444
B6,MQ-eff,in_sample,full,0,2.8,150.0,0.1,2.4446,2.444686271891091,0.0044444444444444444
B6,MQ-eff,in_sample,full,0,2.8,150.0,0.2,2.4506,2.4446862810667223,0.0044444444444444444
B6,MQ-eff,in_sample,full,0,2.8,150.0,0.3,2.3889,2.444686290242354,0.0044444444444444444
B6,MQ-eff,in_sample,full,0,2.8,150.0,0.4,2.5101,2.444686299417986,0.0044444444444444444
B6,MQ-eff,in_sample,full,0,2.8,150.0,0.6,2.2938,2.444686317769251,0.0044444444444444444
B6,MQ-eff,in_sample,full,0,2.8,300.0,0.1,2.446,2.3870935212795676,0.0044444444444444444
B6,MQ-eff,in_sample,full,0,2.8,300.0,0.2,2.3643,2.387093528778074,0.0044444444444444444
B6,MQ-eff,in_sample,full,0,2.8,300.0,0.3,2.3988,2.38709353627658,0.0044444444444444444
B6,MQ-eff,in_sample,full,0,2.8,300.0,0.4,2.3719,2.387093543775087,0.0044444444444444444
B6,MQ-eff,in_sample,full,0,2.8,300.0,0.6,2.3342,2.387093558772101,0.0044444444444444444
B6,MQ-eff,in_sample,full,0,2.8,600.0,0.1,2.4515,2.3400275937370414,0.0044444444444444444
B6,MQ-eff,in_sample,full,0,2.8,600.0,0.2,2.4042,2.340027599864968,0.0044444444444444444
B6,MQ-eff,in_sample,full,0,2.8,600.0,0.3,2.3538,2.3400276059928946,0.0044444444444444444
B6,MQ-eff,in_sample,full,0,2.8,600.0,0.4,2.3322,2.3400276121208217,0.0044444444444444444
B6,MQ-eff,in_sample,full,0,2.8,600.0,0.6,2.2986,2.340027624376676,0.0044444444444444444
B6,MQ-eff,in_sample,full,0,4.0,10.0,0.1,2.855,2.780930782272551,0.0044444444444444444
B6,MQ-eff,in_sample,full,0,4.0,10.0,0.2,2.872,2.7809308024617305,0.0044444444444444444
B6,MQ-eff,in_sample,full,0,4.0,10.0,0.3,2.8016,2.7809308226509106,0.0044444444444444444
B6,MQ-eff,in_sample,full,0,4.0,10.0,0.4,2.6993,2.780930842840091,0.0044444444444444444
B6,MQ-eff,in_sample,full,0,4.0,10.0,0.6,2.631,2.7809308832184545,0.0044444444444444444
B6,MQ-eff,in_sample,full,0,4.0,50.0,0.1,2.5657,2.5215194429745518,0.0044444444444444444
B6,MQ-eff,in_sample,full,0,4.0,50.0,0.2,2.6024,2.521519455609564,0.0044444444444444444
B6,MQ-eff,in_sample,full,0,4.0,50.0,0.3,2.5078,2.521519468244577,0.0044444444444444444
B6,MQ-eff,in_sample,full,0,4.0,50.0,0.4,2.5793,2.52151948087959,0.0044444444444444444
B6,MQ-eff,in_sample,full,0,4.0,50.0,0.6,2.4706,2.521519506149617,0.0044444444444444444
B6,MQ-eff,in_sample,full,0,4.0,150.0,0.1,2.494,2.402723734180994,0.0044444444444444444
B6,MQ-eff,in_sample,full,0,4.0,150.0,0.2,2.4505,2.4027237433566255,0.0044444444444444444
B6,MQ-eff,in_sample,full,0,4.0,150.0,0.3,2.4411,2.4027237525322573,0.0044444444444444444
B6,MQ-eff,in_sample,full,0,4.0,150.0,0.4,2.3929,2.402723761707889,0.0044444444444444444
B6,MQ-eff,in_sample,full,0,4.0,150.0,0.6,2.3873,2.402723780059154,0.0044444444444444444
B6,MQ-eff,in_sample,full,0,4.0,300.0,0.1,2.4125,2.345130983569471,0.0044444444444444444
B6,MQ-eff,in_sample,full,0,4.0,300.0,0.2,2.3793,2.345130991067977,0.0044444444444444444
B6,MQ-eff,in_sample,full,0,4.0,300.0,0.3,2.2697,2.3451309985664834,0.0044444444444444444
B6,MQ-eff,in_sample,full,0,4.0,300.0,0.4,2.3711,2.34513100606499,0.0044444444444444444
B6,MQ-eff,in_sample,full,0,4.0,300.0,0.6,2.2294,2.3451310210620044,0.0044444444444444444
B6,MQ-eff,in_sample,full,0,4.0,600.0,0.1,2.2637,2.2980650560269447,0.0044444444444444444
B6,MQ-eff,in_sample,full,0,4.0,600.0,0.2,2.2681,2.2980650621548713,0.0044444444444444444
B6,MQ-eff,in_sample,full,0,4.0,600.0,0.3,2.403,2.298065068282798,0.0044444444444444444
B6,MQ-eff,in_sample,full,0,4.0,600.0,0.4,2.3312,2.298065074410725,0.0044444444444444444
B6,MQ-eff,in_sample,full,0,4.0,600.0,0.6,2.2966,2.2980650866665795,0.0044444444444444444
B6,MQ-eff,in_sample,full,0,6.9,10.0,0.1,2.7585,2.724163498613734,0.0044444444444444444
B6,MQ-eff,in_sample,full,0,6.9,10.0,0.2,2.6605,2.7241635188029134,0.0044444444444444444
B6,MQ-eff,in_sample,full,0,6.9,10.0,0.3,2.72,2.724163538992094,0.0044444444444444444
B6,MQ-eff,in_sample,full,0,6.9,10.0,0.4,2.6823,2.7241635591812745,0.0044444444444444444
B6,MQ-eff,in_sample,full,0,6.9,10.0,0.6,2.5269,2.724163599559638,0.0044444444444444444
B6,MQ-eff,in_sample,full,0,6.9,50.0,0.1,2.5548,2.464752159315735,0.0044444444444444444
B6,MQ-eff,in_sample,full,0,6.9,50.0,0.2,2.4799,2.4647521719507473,0.0044444444444444444
B6,MQ-eff,in_sample,full,0,6.9,50.0,0.3,2.4833,2.46475218458576,0.0044444444444444444
B6,MQ-eff,in_sample,full,0,6.9,50.0,0.4,2.4979,2.4647521972207733,0.0044444444444444444
B6,MQ-eff,in_sample,full,0,6.9,50.0,0.6,2.4093,2.4647522224908003,0.0044444444444444444
B6,MQ-eff,in_sample,full,0,6.9,150.0,0.1,2.3272,2.3459564505221775,0.0044444444444444444
B6,MQ-eff,in_sample,full,0,6.9,150.0,0.2,2.3658,2.345956459697809,0.0044444444444444444
B6,MQ-eff,in_sample,full,0,6.9,150.0,0.3,2.3708,2.3459564688734407,0.0044444444444444444
B6,MQ-eff,in_sample,full,0,6.9,150.0,0.4,2.3438,2.3459564780490725,0.0044444444444444444
B6,MQ-eff,in_sample,full,0,6.9,150.0,0.6,2.2064,2.3459564964003374,0.0044444444444444444
B6,MQ-eff,in_sample,full,0,6.9,300.0,0.1,2.3408,2.2883636999106542,0.0044444444444444444
B6,MQ-eff,in_sample,full,0,6.9,300.0,0.2,2.3195,2.2883637074091605,0.0044444444444444444
B6,MQ-eff,in_sample,full,0,6.9,300.0,0.3,2.3002,2.2883637149076668,0.0044444444444444444
B6,MQ-eff,in_sample,full,0,6.9,300.0,0.4,2.3167,2.2883637224061735,0.0044444444444444444
B6,MQ-eff,in_sample,full,0,6.9,300.0,0.6,2.2275,2.2883637374031878,0.0044444444444444444
B6,MQ-eff,in_sample,full,0,6.9,600.0,0.1,2.2081,2.241297772368128,0.0044444444444444444
B6,MQ-eff,in_sample,full,0,6.9,600.0,0.2,2.2684,2.2412977784960546,0.0044444444444444444
B6,MQ-eff,in_sample,full,0,6.9,600.0,0.3,2.2487,2.241297784623981,0.0044444444444444444
B6,MQ-eff,in_sample,full,0,6.9,600.0,0.4,2.2425,2.2412977907519083,0.0044444444444444444
B6,MQ-eff,in_sample,full,0,6.9,600.0,0.6,2.1582,2.241297803007763,0.0044444444444444444
B6,MQ-eff,in_sample,full,0,11.97,10.0,0.1,2.77,2.6747534689600174,0.0044444444444444444
B6,MQ-eff,in_sample,full,0,11.97,10.0,0.2,2.6684,2.6747534891491966,0.0044444444444444444
B6,MQ-eff,in_sample,full,0,11.97,10.0,0.3,2.6888,2.674753509338377,0.0044444444444444444
B6,MQ-eff,in_sample,full,0,11.97,10.0,0.4,2.7027,2.6747535295275577,0.0044444444444444444
B6,MQ-eff,in_sample,full,0,11.97,10.0,0.6,2.6784,2.674753569905921,0.0044444444444444444
B6,MQ-eff,in_sample,full,0,11.97,50.0,0.1,2.4506,2.4153421296620183,0.0044444444444444444
B6,MQ-eff,in_sample,full,0,11.97,50.0,0.2,2.4199,2.4153421422970305,0.0044444444444444444
B6,MQ-eff,in_sample,full,0,11.97,50.0,0.3,2.4152,2.415342154932043,0.0044444444444444444
B6,MQ-eff,in_sample,full,0,11.97,50.0,0.4,2.3833,2.4153421675670566,0.0044444444444444444
B6,MQ-eff,in_sample,full,0,11.97,50.0,0.6,2.3437,2.4153421928370835,0.0044444444444444444
B6,MQ-eff,in_sample,full,0,11.97,150.0,0.1,2.4214,2.2965464208684607,0.0044444444444444444
B6,MQ-eff,in_sample,full,0,11.97,150.0,0.2,2.3485,2.296546430044092,0.0044444444444444444
B6,MQ-eff,in_sample,full,0,11.97,150.0,0.3,2.3316,2.296546439219724,0.0044444444444444444
B6,MQ-eff,in_sample,full,0,11.97,150.0,0.4,2.2453,2.2965464483953557,0.0044444444444444444
B6,MQ-eff,in_sample,full,0,11.97,150.0,0.6,2.2154,2.2965464667466207,0.0044444444444444444
B6,MQ-eff,in_sample,full,0,11.97,300.0,0.1,2.2899,2.2389536702569375,0.0044444444444444444
B6,MQ-eff,in_sample,full,0,11.97,300.0,0.2,2.2886,2.2389536777554437,0.0044444444444444444
B6,MQ-eff,in_sample,full,0,11.97,300.0,0.3,2.2767,2.23895368525395,0.0044444444444444444
B6,MQ-eff,in_sample,full,0,11.97,300.0,0.4,2.2501,2.2389536927524567,0.0044444444444444444
B6,MQ-eff,in_sample,full,0,11.97,300.0,0.6,2.1351,2.238953707749471,0.0044444444444444444
B6,MQ-eff,in_sample,full,0,11.97,600.0,0.1,2.288,2.1918877427144112,0.0044444444444444444
B6,MQ-eff,in_sample,full,0,11.97,600.0,0.2,2.2118,2.191887748842338,0.0044444444444444444
B6,MQ-eff,in_sample,full,0,11.97,600.0,0.3,2.1456,2.1918877549702644,0.0044444444444444444
B6,MQ-eff,in_sample,full,0,11.97,600.0,0.4,2.141,2.1918877610981915,0.0044444444444444444
B6,MQ-eff,in_sample,full,0,11.97,600.0,0.6,2.0709,2.191887773354046,0.0044444444444444444
B6,M0_6,validation,leave_N,0,0.07,10.0,0.1,3.7216,3.5953141175754038,0.039999999999999994
B6,M0_6,validation,leave_N,0,0.07,10.0,0.2,3.6004,3.5953141175754038,0.039999999999999994
B6,M0_6,validation,leave_N,0,0.07,10.0,0.3,3.6507,3.5953141175754038,0.039999999999999994
B6,M0_6,validation,leave_N,0,0.07,10.0,0.4,3.5704,3.5953141175754038,0.039999999999999994
B6,M0_6,validation,leave_N,0,0.07,10.0,0.6,3.5458,3.5953141175754038,0.039999999999999994
B6,M0_6,validation,leave_N,0,0.07,50.0,0.1,3.5105,3.3379261040783224,0.039999999999999994
B6,M0_6,validation,leave_N,0,0.07,50.0,0.2,3.4001,3.3379261040783224,0.039999999999999994
B6,M0_6,validation,leave_N,0,0.07,50.0,0.3,3.3596,3.3379261040783224,0.039999999999999994
B6,M0_6,validation,leave_N,0,0.07,50.0,0.4,3.2727,3.3379261040783224,0.039999999999999994
B6,M0_6,validation,leave_N,0,0.07,50.0,0.6,3.0798,3.3379261040783224,0.039999999999999994
B6,M0_6,validation,leave_N,0,0.07,150.0,0.1,3.384,3.218515236686065,0.039999999999999994
B6,M0_6,validation,leave_N,0,0.07,150.0,0.2,3.2214,3.218515236686065,0.039999999999999994
B6,M0_6,validation,leave_N,0,0.07,150.0,0.3,3.3529,3.218515236686065,0.039999999999999994
B6,M0_6,validation,leave_N,0,0.07,150.0,0.4,3.1687,3.218515236686065,0.039999999999999994
B6,M0_6,validation,leave_N,0,0.07,150.0,0.6,3.1017,3.218515236686065,0.039999999999999994
B6,M0_6,validation,leave_N,0,0.07,300.0,0.1,3.2863,3.1601267783353353,0.039999999999999994
B6,M0_6,validation,leave_N,0,0.07,300.0,0.2,3.1355,3.1601267783353353,0.039999999999999994
B6,M0_6,validation,leave_N,0,0.07,300.0,0.3,3.1588,3.1601267783353353,0.039999999999999994
B6,M0_6,validation,leave_N,0,0.07,300.0,0.4,3.2809,3.1601267783353353,0.039999999999999994
B6,M0_6,validation,leave_N,0,0.07,300.0,0.6,3.0098,3.1601267783353353,0.039999999999999994
B6,M0_6,validation,leave_N,0,0.07,600.0,0.1,3.1971,3.112099665576499,0.039999999999999994
B6,M0_6,validation,leave_N,0,0.07,600.0,0.2,3.1469,3.112099665576499,0.039999999999999994
B6,M0_6,validation,leave_N,0,0.07,600.0,0.3,3.1946,3.112099665576499,0.039999999999999994
B6,M0_6,validation,leave_N,0,0.07,600.0,0.4,3.1242,3.112099665576499,0.039999999999999994
B6,M0_6,validation,leave_N,0,0.07,600.0,0.6,2.9753,3.112099665576499,0.039999999999999994
B6,MQ-add,validation,leave_N,0,0.07,10.0,0.1,3.7216,3.66950629319327,0.039999999999999994
B6,MQ-add,validation,leave_N,0,0.07,10.0,0.2,3.6004,3.6357825769767635,0.039999999999999994
B6,MQ-add,validation,leave_N,0,0.07,10.0,0.3,3.6507,3.6020588607602573,0.039999999999999994
B6,MQ-add,validation,leave_N,0,0.07,10.0,0.4,3.5704,3.568335144543751,0.039999999999999994
B6,MQ-add,validation,leave_N,0,0.07,10.0,0.6,3.5458,3.500887712110739,0.039999999999999994
B6,MQ-add,validation,leave_N,0,0.07,50.0,0.1,3.5105,3.412118279882387,0.039999999999999994
B6,MQ-add,validation,leave_N,0,0.07,50.0,0.2,3.4001,3.3783945636658808,0.039999999999999994
B6,MQ-add,validation,leave_N,0,0.07,50.0,0.3,3.3596,3.3446708474493745,0.039999999999999994
B6,MQ-add,validation,leave_N,0,0.07,50.0,0.4,3.2727,3.310947131232868,0.039999999999999994
B6,MQ-add,validation,leave_N,0,0.07,50.0,0.6,3.0798,3.243499698799856,0.039999999999999994
B6,MQ-add,validation,leave_N,0,0.07,150.0,0.1,3.384,3.2927074124336624,0.039999999999999994
B6,MQ-add,validation,leave_N,0,0.07,150.0,0.2,3.2214,3.258983696217156,0.039999999999999994
B6,MQ-add,validation,leave_N,0,0.07,150.0,0.3,3.3529,3.22525998000065,0.039999999999999994
B6,MQ-add,validation,leave_N,0,0.07,150.0,0.4,3.1687,3.1915362637841436,0.039999999999999994
B6,MQ-add,validation,leave_N,0,0.07,150.0,0.6,3.1017,3.1240888313511315,0.039999999999999994
B6,MQ-add,validation,leave_N,0,0.07,300.0,0.1,3.2863,3.234318954009326,0.039999999999999994
B6,MQ-add,validation,leave_N,0,0.07,300.0,0.2,3.1355,3.2005952377928195,0.039999999999999994
B6,MQ-add,validation,leave_N,0,0.07,300.0,0.3,3.1588,3.1668715215763132,0.039999999999999994
B6,MQ-add,validation,leave_N,0,0.07,300.0,0.4,3.2809,3.133147805359807,0.039999999999999994
B6,MQ-add,validation,leave_N,0,0.07,300.0,0.6,3.0098,3.065700372926795,0.039999999999999994
B6,MQ-add,validation,leave_N,0,0.07,600.0,0.1,3.1971,3.1862918411612178,0.039999999999999994
B6,MQ-add,validation,leave_N,0,0.07,600.0,0.2,3.1469,3.152568124944712,0.039999999999999994
B6,MQ-add,validation,leave_N,0,0.07,600.0,0.3,3.1946,3.1188444087282057,0.039999999999999994
B6,MQ-add,validation,leave_N,0,0.07,600.0,0.4,3.1242,3.0851206925116994,0.039999999999999994
B6,MQ-add,validation,leave_N,0,0.07,600.0,0.6,2.9753,3.0176732600786873,0.039999999999999994
B6,MQ-eff,validation,leave_N,0,0.07,10.0,0.1,3.7216,3.5953140610603818,0.039999999999999994
B6,MQ-eff,validation,leave_N,0,0.07,10.0,0.2,3.6004,3.5953140809530972,0.039999999999999994
B6,MQ-eff,validation,leave_N,0,0.07,10.0,0.3,3.6507,3.5953141008458136,0.039999999999999994
B6,MQ-eff,validation,leave_N,0,0.07,10.0,0.4,3.5704,3.5953141207385304,0.039999999999999994
B6,MQ-eff,validation,leave_N,0,0.07,10.0,0.6,3.5458,3.5953141605239662,0.039999999999999994
B6,MQ-eff,validation,leave_N,0,0.07,50.0,0.1,3.5105,3.3379260757181735,0.039999999999999994
B6,MQ-eff,validation,leave_N,0,0.07,50.0,0.2,3.4001,3.3379260883568174,0.039999999999999994
B6,MQ-eff,validation,leave_N,0,0.07,50.0,0.3,3.3596,3.3379261009954617,0.039999999999999994
B6,MQ-eff,validation,leave_N,0,0.07,50.0,0.4,3.2727,3.337926113634106,0.039999999999999994
B6,MQ-eff,validation,leave_N,0,0.07,50.0,0.6,3.0798,3.3379261389113966,0.039999999999999994
B6,MQ-eff,validation,leave_N,0,0.07,150.0,0.1,3.384,3.218515219798061,0.039999999999999994
B6,MQ-eff,validation,leave_N,0,0.07,150.0,0.2,3.2214,3.2185152290712997,0.039999999999999994
B6,MQ-eff,validation,leave_N,0,0.07,150.0,0.3,3.3529,3.218515238344538,0.039999999999999994
B6,MQ-eff,validation,leave_N,0,0.07,150.0,0.4,3.1687,3.218515247617777,0.039999999999999994
B6,MQ-eff,validation,leave_N,0,0.07,150.0,0.6,3.1017,3.2185152661642555,0.039999999999999994
B6,MQ-eff,validation,leave_N,0,0.07,300.0,0.1,3.2863,3.1601267665449755,0.039999999999999994
B6,MQ-eff,validation,leave_N,0,0.07,300.0,0.2,3.1355,3.1601267741726278,0.039999999999999994
B6,MQ-eff,validation,leave_N,0,0.07,300.0,0.3,3.1588,3.1601267818002805,0.039999999999999994
B6,MQ-eff,validation,leave_N,0,0.07,300.0,0.4,3.2809,3.1601267894279332,0.039999999999999994
B6,MQ-eff,validation,leave_N,0,0.07,300.0,0.6,3.0098,3.1601268046832396,0.039999999999999994
B6,MQ-eff,validation,leave_N,0,0.07,600.0,0.1,3.1971,3.112099657659475,0.039999999999999994
B6,MQ-eff,validation,leave_N,0,0.07,600.0,0.2,3.1469,3.1120996639335594,0.039999999999999994
B6,MQ-eff,validation,leave_N,0,0.07,600.0,0.3,3.1946,3.112099670207644,0.039999999999999994
B6,MQ-eff,validation,leave_N,0,0.07,600.0,0.4,3.1242,3.112099676481729,0.039999999999999994
B6,MQ-eff,validation,leave_N,0,0.07,600.0,0.6,2.9753,3.1120996890298995,0.039999999999999994
B6,M0_6,validation,leave_N,1,0.16,10.0,0.1,3.4765,3.3570928991503273,0.039999999999999994
B6,M0_6,validation,leave_N,1,0.16,10.0,0.2,3.4324,3.3570928991503273,0.039999999999999994
B6,M0_6,validation,leave_N,1,0.16,10.0,0.3,3.46,3.3570928991503273,0.039999999999999994
B6,M0_6,validation,leave_N,1,0.16,10.0,0.4,3.2484,3.3570928991503273,0.039999999999999994
B6,M0_6,validation,leave_N,1,0.16,10.0,0.6,3.269,3.3570928991503273,0.039999999999999994
B6,M0_6,validation,leave_N,1,0.16,50.0,0.1,3.2175,3.102531033624488,0.039999999999999994
B6,M0_6,validation,leave_N,1,0.16,50.0,0.2,3.1458,3.102531033624488,0.039999999999999994
B6,M0_6,validation,leave_N,1,0.16,50.0,0.3,3.0796,3.102531033624488,0.039999999999999994
B6,M0_6,validation,leave_N,1,0.16,50.0,0.4,3.002,3.102531033624488,0.039999999999999994
B6,M0_6,validation,leave_N,1,0.16,50.0,0.6,2.8375,3.102531033624488,0.039999999999999994
B6,M0_6,validation,leave_N,1,0.16,150.0,0.1,3.1249,2.9830992892772343,0.039999999999999994
B6,M0_6,validation,leave_N,1,0.16,150.0,0.2,2.9746,2.9830992892772343,0.039999999999999994
B6,M0_6,validation,leave_N,1,0.16,150.0,0.3,3.0125,2.9830992892772343,0.039999999999999994
B6,M0_6,validation,leave_N,1,0.16,150.0,0.4,2.9738,2.9830992892772343,0.039999999999999994
B6,M0_6,validation,leave_N,1,0.16,150.0,0.6,2.8802,2.9830992892772343,0.039999999999999994
B6,M0_6,validation,leave_N,1,0.16,300.0,0.1,2.9719,2.924267698184336,0.039999999999999994
B6,M0_6,validation,leave_N,1,0.16,300.0,0.2,2.9407,2.924267698184336,0.039999999999999994
B6,M0_6,validation,leave_N,1,0.16,300.0,0.3,2.956,2.924267698184336,0.039999999999999994
B6,M0_6,validation,leave_N,1,0.16,300.0,0.4,2.8482,2.924267698184336,0.039999999999999994
B6,M0_6,validation,leave_N,1,0.16,300.0,0.6,2.8081,2.924267698184336,0.039999999999999994
B6,M0_6,validation,leave_N,1,0.16,600.0,0.1,2.98,2.8756038758022293,0.039999999999999994
B6,M0_6,validation,leave_N,1,0.16,600.0,0.2,2.9212,2.8756038758022293,0.039999999999999994
B6,M0_6,validation,leave_N,1,0.16,600.0,0.3,2.8818,2.8756038758022293,0.039999999999999994
B6,M0_6,validation,leave_N,1,0.16,600.0,0.4,2.8627,2.8756038758022293,0.039999999999999994
B6,M0_6,validation,leave_N,1,0.16,600.0,0.6,2.7288,2.8756038758022293,0.039999999999999994
B6,MQ-add,validation,leave_N,1,0.16,10.0,0.1,3.4765,3.431217885527393,0.039999999999999994
B6,MQ-add,validation,leave_N,1,0.16,10.0,0.2,3.4324,3.397524709851724,0.039999999999999994
B6,MQ-add,validation,leave_N,1,0.16,10.0,0.3,3.46,3.3638315341760543,0.039999999999999994
B6,MQ-add,validation,leave_N,1,0.16,10.0,0.4,3.2484,3.330138358500385,0.039999999999999994
B6,MQ-add,validation,leave_N,1,0.16,10.0,0.6,3.269,3.2627520071490466,0.039999999999999994
B6,MQ-add,validation,leave_N,1,0.16,50.0,0.1,3.2175,3.1766560202993266,0.039999999999999994
B6,MQ-add,validation,leave_N,1,0.16,50.0,0.2,3.1458,3.142962844623657,0.039999999999999994
B6,MQ-add,validation,leave_N,1,0.16,50.0,0.3,3.0796,3.109269668947988,0.039999999999999994
B6,MQ-add,validation,leave_N,1,0.16,50.0,0.4,3.002,3.075576493272319,0.039999999999999994
B6,MQ-add,validation,leave_N,1,0.16,50.0,0.6,2.8375,3.00819014192098,0.039999999999999994
B6,MQ-add,validation,leave_N,1,0.16,150.0,0.1,3.1249,3.0572242758639208,0.039999999999999994
B6,MQ-add,validation,leave_N,1,0.16,150.0,0.2,2.9746,3.0235311001882517,0.039999999999999994
B6,MQ-add,validation,leave_N,1,0.16,150.0,0.3,3.0125,2.989837924512582,0.039999999999999994
B6,MQ-add,validation,leave_N,1,0.16,150.0,0.4,2.9738,2.956144748836913,0.039999999999999994
B6,MQ-add,validation,leave_N,1,0.16,150.0,0.6,2.8802,2.8887583974855744,0.039999999999999994
B6,MQ-add,validation,leave_N,1,0.16,300.0,0.1,2.9719,2.9983926846536795,0.039999999999999994
B6,MQ-add,validation,leave_N,1,0.16,300.0,0.2,2.9407,2.9646995089780104,0.039999999999999994
B6,MQ-add,validation,leave_N,1,0.16,300.0,0.3,2.956,2.931006333302341,0.039999999999999994
B6,MQ-add,validation,leave_N,1,0.16,300.0,0.4,2.8482,2.8973131576266717,0.039999999999999994
B6,MQ-add,validation,leave_N,1,0.16,300.0,0.6,2.8081,2.829926806275333,0.039999999999999994
B6,MQ-add,validation,leave_N,1,0.16,600.0,0.1,2.98,2.9497288621280595,0.039999999999999994
B6,MQ-add,validation,leave_N,1,0.16,600.0,0.2,2.9212,2.91603568645239,0.039999999999999994
B6,MQ-add,validation,leave_N,1,0.16,600.0,0.3,2.8818,2.882342510776721,0.039999999999999994
B6,MQ-add,validation,leave_N,1,0.16,600.0,0.4,2.8627,2.848649335101052,0.039999999999999994
B6,MQ-add,validation,leave_N,1,0.16,600.0,0.6,2.7288,2.781262983749713,0.039999999999999994
B6,MQ-eff,validation,leave_N,1,0.16,10.0,0.1,3.4765,3.3570928442837795,0.039999999999999994
B6,MQ-eff,validation,leave_N,1,0.16,10.0,0.2,3.4324,3.3570928638398176,0.039999999999999994
B6,MQ-eff,validation,leave_N,1,0.16,10.0,0.3,3.46,3.357092883395856,0.039999999999999994
B6,MQ-eff,validation,leave_N,1,0.16,10.0,0.4,3.2484,3.357092902951895,0.039999999999999994
B6,MQ-eff,validation,leave_N,1,0.16,10.0,0.6,3.269,3.3570929420639755,0.039999999999999994
B6,MQ-eff,validation,leave_N,1,0.16,50.0,0.1,3.2175,3.1025310034330897,0.039999999999999994
B6,MQ-eff,validation,leave_N,1,0.16,50.0,0.2,3.1458,3.1025310160207162,0.039999999999999994
B6,MQ-eff,validation,leave_N,1,0.16,50.0,0.3,3.0796,3.1025310286083427,0.039999999999999994
B6,MQ-eff,validation,leave_N,1,0.16,50.0,0.4,3.002,3.1025310411959692,0.039999999999999994
B6,MQ-eff,validation,leave_N,1,0.16,50.0,0.6,2.8375,3.1025310663712244,0.039999999999999994
B6,MQ-eff,validation,leave_N,1,0.16,150.0,0.1,3.1249,2.9830992711306963,0.039999999999999994
B6,MQ-eff,validation,leave_N,1,0.16,150.0,0.2,2.9746,2.9830992804489815,0.039999999999999994
B6,MQ-eff,validation,leave_N,1,0.16,150.0,0.3,3.0125,2.9830992897672663,0.039999999999999994
B6,MQ-eff,validation,leave_N,1,0.16,150.0,0.4,2.9738,2.983099299085552,0.039999999999999994
B6,MQ-eff,validation,leave_N,1,0.16,150.0,0.6,2.8802,2.983099317722124,0.039999999999999994
B6,MQ-eff,validation,leave_N,1,0.16,300.0,0.1,2.9719,2.924267686122912,0.039999999999999994
B6,MQ-eff,validation,leave_N,1,0.16,300.0,0.2,2.9407,2.9242676938307333,0.039999999999999994
B6,MQ-eff,validation,leave_N,1,0.16,300.0,0.3,2.956,2.9242677015385543,0.039999999999999994
B6,MQ-eff,validation,leave_N,1,0.16,300.0,0.4,2.8482,2.924267709246376,0.039999999999999994
B6,MQ-eff,validation,leave_N,1,0.16,300.0,0.6,2.8081,2.924267724662019,0.039999999999999994
B6,MQ-eff,validation,leave_N,1,0.16,600.0,0.1,2.98,2.8756038688696695,0.039999999999999994
B6,MQ-eff,validation,leave_N,1,0.16,600.0,0.2,2.9212,2.87560387524536,0.039999999999999994
B6,MQ-eff,validation,leave_N,1,0.16,600.0,0.3,2.8818,2.8756038816210507,0.039999999999999994
B6,MQ-eff,validation,leave_N,1,0.16,600.0,0.4,2.8627,2.875603887996742,0.039999999999999994
B6,MQ-eff,validation,leave_N,1,0.16,600.0,0.6,2.7288,2.8756039007481244,0.039999999999999994
B6,M0_6,validation,leave_N,2,0.41,10.0,0.1,3.228,3.131859350888681,0.039999999999999994
B6,M0_6,validation,leave_N,2,0.41,10.0,0.2,3.2291,3.131859350888681,0.039999999999999994
B6,M0_6,validation,leave_N,2,0.41,10.0,0.3,3.2054,3.131859350888681,0.039999999999999994
B6,M0_6,validation,leave_N,2,0.41,10.0,0.4,3.0181,3.131859350888681,0.039999999999999994
B6,M0_6,validation,leave_N,2,0.41,10.0,0.6,3.0836,3.131859350888681,0.039999999999999994
B6,M0_6,validation,leave_N,2,0.41,50.0,0.1,2.976,2.873080700694367,0.039999999999999994
B6,M0_6,validation,leave_N,2,0.41,50.0,0.2,2.9489,2.873080700694367,0.039999999999999994
B6,M0_6,validation,leave_N,2,0.41,50.0,0.3,2.9676,2.873080700694367,0.039999999999999994
B6,M0_6,validation,leave_N,2,0.41,50.0,0.4,2.8049,2.873080700694367,0.039999999999999994
B6,M0_6,validation,leave_N,2,0.41,50.0,0.6,2.6958,2.873080700694367,0.039999999999999994
B6,M0_6,validation,leave_N,2,0.41,150.0,0.1,2.8727,2.7555414805740925,0.039999999999999994
B6,M0_6,validation,leave_N,2,0.41,150.0,0.2,2.8815,2.7555414805740925,0.039999999999999994
B6,M0_6,validation,leave_N,2,0.41,150.0,0.3,2.7186,2.7555414805740925,0.039999999999999994
B6,M0_6,validation,leave_N,2,0.41,150.0,0.4,2.6566,2.7555414805740925,0.039999999999999994
B6,M0_6,validation,leave_N,2,0.41,150.0,0.6,2.6516,2.7555414805740925,0.039999999999999994
B6,M0_6,validation,leave_N,2,0.41,300.0,0.1,2.8085,2.69886435919744,0.039999999999999994
B6,M0_6,validation,leave_N,2,0.41,300.0,0.2,2.7682,2.69886435919744,0.039999999999999994
B6,M0_6,validation,leave_N,2,0.41,300.0,0.3,2.6832,2.69886435919744,0.039999999999999994
B6,M0_6,validation,leave_N,2,0.41,300.0,0.4,2.7891,2.69886435919744,0.039999999999999994
B6,M0_6,validation,leave_N,2,0.41,300.0,0.6,2.5211,2.69886435919744,0.039999999999999994
B6,M0_6,validation,leave_N,2,0.41,600.0,0.1,2.6695,2.652735816575792,0.039999999999999994
B6,M0_6,validation,leave_N,2,0.41,600.0,0.2,2.7354,2.652735816575792,0.039999999999999994
B6,M0_6,validation,leave_N,2,0.41,600.0,0.3,2.6187,2.652735816575792,0.039999999999999994
B6,M0_6,validation,leave_N,2,0.41,600.0,0.4,2.5858,2.652735816575792,0.039999999999999994
B6,M0_6,validation,leave_N,2,0.41,600.0,0.6,2.5121,2.652735816575792,0.039999999999999994
B6,MQ-add,validation,leave_N,2,0.41,10.0,0.1,3.228,3.2063775880918683,0.039999999999999994
B6,MQ-add,validation,leave_N,2,0.41,10.0,0.2,3.2291,3.172505662415799,0.039999999999999994
B6,MQ-add,validation,leave_N,2,0.41,10.0,0.3,3.2054,3.1386337367397297,0.039999999999999994
B6,MQ-add,validation,leave_N,2,0.41,10.0,0.4,3.0181,3.1047618110636606,0.039999999999999994
B6,MQ-add,validation,leave_N,2,0.41,10.0,0.6,3.0836,3.037017959711522,0.039999999999999994
B6,MQ-add,validation,leave_N,2,0.41,50.0,0.1,2.976,2.9475989358289567,0.039999999999999994
B6,MQ-add,validation,leave_N,2,0.41,50.0,0.2,2.9489,2.913727010152887,0.039999999999999994
B6,MQ-add,validation,leave_N,2,0.41,50.0,0.3,2.9676,2.879855084476818,0.039999999999999994
B6,MQ-add,validation,leave_N,2,0.41,50.0,0.4,2.8049,2.845983158800749,0.039999999999999994
B6,MQ-add,validation,leave_N,2,0.41,50.0,0.6,2.6958,2.7782393074486103,0.039999999999999994
B6,MQ-add,validation,leave_N,2,0.41,150.0,0.1,2.8727,2.8300597163600223,0.039999999999999994
B6,MQ-add,validation,leave_N,2,0.41,150.0,0.2,2.8815,2.7961877906839527,0.039999999999999994
B6,MQ-add,validation,leave_N,2,0.41,150.0,0.3,2.7186,2.7623158650078836,0.039999999999999994
B6,MQ-add,validation,leave_N,2,0.41,150.0,0.4,2.6566,2.7284439393318145,0.039999999999999994
B6,MQ-add,validation,leave_N,2,0.41,150.0,0.6,2.6516,2.660700087979676,0.039999999999999994
B6,MQ-add,validation,leave_N,2,0.41,300.0,0.1,2.8085,2.7733825958024747,0.039999999999999994
B6,MQ-add,validation,leave_N,2,0.41,300.0,0.2,2.7682,2.739510670126405,0.039999999999999994
B6,MQ-add,validation,leave_N,2,0.41,300.0,0.3,2.6832,2.705638744450336,0.039999999999999994
B6,MQ-add,validation,leave_N,2,0.41,300.0,0.4,2.7891,2.671766818774267,0.039999999999999994
B6,MQ-add,validation,leave_N,2,0.41,300.0,0.6,2.5211,2.6040229674221282,0.039999999999999994
B6,MQ-add,validation,leave_N,2,0.41,600.0,0.1,2.6695,2.7272540541592574,0.039999999999999994
B6,MQ-add,validation,leave_N,2,0.41,600.0,0.2,2.7354,2.693382128483188,0.039999999999999994
B6,MQ-add,validation,leave_N,2,0.41,600.0,0.3,2.6187,2.6595102028071187,0.039999999999999994
B6,MQ-add,validation,leave_N,2,0.41,600.0,0.4,2.5858,2.6256382771310496,0.039999999999999994
B6,MQ-add,validation,leave_N,2,0.41,600.0,0.6,2.5121,2.557894425778911,0.039999999999999994
B6,MQ-eff,validation,leave_N,2,0.41,10.0,0.1,3.228,3.131859293826724,0.039999999999999994
B6,MQ-eff,validation,leave_N,2,0.41,10.0,0.2,3.2291,3.1318593140549966,0.039999999999999994
B6,MQ-eff,validation,leave_N,2,0.41,10.0,0.3,3.2054,3.1318593342832703,0.039999999999999994
B6,MQ-eff,validation,leave_N,2,0.41,10.0,0.4,3.0181,3.131859354511545,0.039999999999999994
B6,MQ-eff,validation,leave_N,2,0.41,10.0,0.6,3.0836,3.131859394968095,0.039999999999999994
B6,MQ-eff,validation,leave_N,2,0.41,50.0,0.1,2.976,2.8730806715333292,0.039999999999999994
B6,MQ-eff,validation,leave_N,2,0.41,50.0,0.2,2.9489,2.873080684073114,0.039999999999999994
B6,MQ-eff,validation,leave_N,2,0.41,50.0,0.3,2.9676,2.8730806966128997,0.039999999999999994
B6,MQ-eff,validation,leave_N,2,0.41,50.0,0.4,2.8049,2.873080709152685,0.039999999999999994
B6,MQ-eff,validation,leave_N,2,0.41,50.0,0.6,2.6958,2.8730807342322575,0.039999999999999994
B6,MQ-eff,validation,leave_N,2,0.41,150.0,0.1,2.8727,2.7555414635531372,0.039999999999999994
B6,MQ-eff,validation,leave_N,2,0.41,150.0,0.2,2.8815,2.7555414726007528,0.039999999999999994
B6,MQ-eff,validation,leave_N,2,0.41,150.0,0.3,2.7186,2.7555414816483683,0.039999999999999994
B6,MQ-eff,validation,leave_N,2,0.41,150.0,0.4,2.6566,2.7555414906959843,0.039999999999999994
B6,MQ-eff,validation,leave_N,2,0.41,150.0,0.6,2.6516,2.755541508791217,0.039999999999999994
B6,MQ-eff,validation,leave_N,2,0.41,300.0,0.1,2.8085,2.6988643478612904,0.039999999999999994
B6,MQ-eff,validation,leave_N,2,0.41,300.0,0.2,2.7682,2.6988643552249907,0.039999999999999994
B6,MQ-eff,validation,leave_N,2,0.41,300.0,0.3,2.6832,2.6988643625886906,0.039999999999999994
B6,MQ-eff,validation,leave_N,2,0.41,300.0,0.4,2.7891,2.698864369952391,0.039999999999999994
B6,MQ-eff,validation,leave_N,2,0.41,300.0,0.6,2.5211,2.6988643846797924,0.039999999999999994
B6,MQ-eff,validation,leave_N,2,0.41,600.0,0.1,2.6695,2.652735809762009,0.039999999999999994
B6,MQ-eff,validation,leave_N,2,0.41,600.0,0.2,2.7354,2.6527358157551983,0.039999999999999994
B6,MQ-eff,validation,leave_N,2,0.41,600.0,0.3,2.6187,2.6527358217483887,0.039999999999999994
B6,MQ-eff,validation,leave_N,2,0.41,600.0,0.4,2.5858,2.6527358277415787,0.039999999999999994
B6,MQ-eff,validation,leave_N,2,0.41,600.0,0.6,2.5121,2.65273583972796,0.039999999999999994
B6,M0_6,validation,leave_N,3,0.7,10.0,0.1,3.1919,3.0249536170288236,0.039999999999999994
B6,M0_6,validation,leave_N,3,0.7,10.0,0.2,3.1552,3.0249536170288236,0.039999999999999994
B6,M0_6,validation,leave_N,3,0.7,10.0,0.3,3.0155,3.0249536170288236,0.039999999999999994
B6,M0_6,validation,leave_N,3,0.7,10.0,0.4,3.0148,3.0249536170288236,0.039999999999999994
B6,M0_6,validation,leave_N,3,0.7,10.0,0.6,2.9615,3.0249536170288236,0.039999999999999994
B6,M0_6,validation,leave_N,3,0.7,50.0,0.1,2.8444,2.771161851936492,0.039999999999999994
B6,M0_6,validation,leave_N,3,0.7,50.0,0.2,2.8069,2.771161851936492,0.039999999999999994
B6,M0_6,validation,leave_N,3,0.7,50.0,0.3,2.7973,2.771161851936492,0.039999999999999994
B6,M0_6,validation,leave_N,3,0.7,50.0,0.4,2.7324,2.771161851936492,0.039999999999999994
B6,M0_6,validation,leave_N,3,0.7,50.0,0.6,2.6134,2.771161851936492,0.039999999999999994
B6,M0_6,validation,leave_N,3,0.7,150.0,0.1,2.7893,2.6523132393849522,0.039999999999999994
B6,M0_6,validation,leave_N,3,0.7,150.0,0.2,2.6375,2.6523132393849522,0.039999999999999994
B6,M0_6,validation,leave_N,3,0.7,150.0,0.3,2.6856,2.6523132393849522,0.039999999999999994
B6,M0_6,validation,leave_N,3,0.7,150.0,0.4,2.5991,2.6523132393849522,0.039999999999999994
B6,M0_6,validation,leave_N,3,0.7,150.0,0.6,2.5608,2.6523132393849522,0.039999999999999994
B6,M0_6,validation,leave_N,3,0.7,300.0,0.1,2.6722,2.593840748328296,0.039999999999999994
B6,M0_6,validation,leave_N,3,0.7,300.0,0.2,2.6214,2.593840748328296,0.039999999999999994
B6,M0_6,validation,leave_N,3,0.7,300.0,0.3,2.5759,2.593840748328296,0.039999999999999994
B6,M0_6,validation,leave_N,3,0.7,300.0,0.4,2.5792,2.593840748328296,0.039999999999999994
B6,M0_6,validation,leave_N,3,0.7,300.0,0.6,2.4842,2.593840748328296,0.039999999999999994
B6,M0_6,validation,leave_N,3,0.7,600.0,0.1,2.5974,2.5455190632371645,0.039999999999999994
B6,M0_6,validation,leave_N,3,0.7,600.0,0.2,2.5998,2.5455190632371645,0.039999999999999994
B6,M0_6,validation,leave_N,3,0.7,600.0,0.3,2.5611,2.5455190632371645,0.039999999999999994
B6,M0_6,validation,leave_N,3,0.7,600.0,0.4,2.5225,2.5455190632371645,0.039999999999999994
B6,M0_6,validation,leave_N,3,0.7,600.0,0.6,2.51,2.5455190632371645,0.039999999999999994
B6,MQ-add,validation,leave_N,3,0.7,10.0,0.1,3.1919,3.1022665970578225,0.039999999999999994
B6,MQ-add,validation,leave_N,3,0.7,10.0,0.2,3.1552,3.067124333544374,0.039999999999999994
B6,MQ-add,validation,leave_N,3,0.7,10.0,0.3,3.0155,3.0319820700309257,0.039999999999999994
B6,MQ-add,validation,leave_N,3,0.7,10.0,0.4,3.0148,2.9968398065174773,0.039999999999999994
B6,MQ-add,validation,leave_N,3,0.7,10.0,0.6,2.9615,2.9265552794905805,0.039999999999999994
B6,MQ-add,validation,leave_N,3,0.7,50.0,0.1,2.8444,2.848474831138061,0.039999999999999994
B6,MQ-add,validation,leave_N,3,0.7,50.0,0.2,2.8069,2.8133325676246126,0.039999999999999994
B6,MQ-add,validation,leave_N,3,0.7,50.0,0.3,2.7973,2.778190304111164,0.039999999999999994
B6,MQ-add,validation,leave_N,3,0.7,50.0,0.4,2.7324,2.743048040597716,0.039999999999999994
B6,MQ-add,validation,leave_N,3,0.7,50.0,0.6,2.6134,2.672763513570819,0.039999999999999994
B6,MQ-add,validation,leave_N,3,0.7,150.0,0.1,2.7893,2.729626218833437,0.039999999999999994
B6,MQ-add,validation,leave_N,3,0.7,150.0,0.2,2.6375,2.6944839553199884,0.039999999999999994
B6,MQ-add,validation,leave_N,3,0.7,150.0,0.3,2.6856,2.65934169180654,0.039999999999999994
B6,MQ-add,validation,leave_N,3,0.7,150.0,0.4,2.5991,2.6241994282930916,0.039999999999999994
B6,MQ-add,validation,leave_N,3,0.7,150.0,0.6,2.5608,2.553914901266195,0.039999999999999994
B6,MQ-add,validation,leave_N,3,0.7,300.0,0.1,2.6722,2.671153728103809,0.039999999999999994
B6,MQ-add,validation,leave_N,3,0.7,300.0,0.2,2.6214,2.6360114645903607,0.039999999999999994
B6,MQ-add,validation,leave_N,3,0.7,300.0,0.3,2.5759,2.6008692010769123,0.039999999999999994
B6,MQ-add,validation,leave_N,3,0.7,300.0,0.4,2.5792,2.565726937563464,0.039999999999999994
B6,MQ-add,validation,leave_N,3,0.7,300.0,0.6,2.4842,2.495442410536567,0.039999999999999994
B6,MQ-add,validation,leave_N,3,0.7,600.0,0.1,2.5974,2.622832043411967,0.039999999999999994
B6,MQ-add,validation,leave_N,3,0.7,600.0,0.2,2.5998,2.587689779898519,0.039999999999999994
B6,MQ-add,validation,leave_N,3,0.7,600.0,0.3,2.5611,2.5525475163850704,0.039999999999999994
B6,MQ-add,validation,leave_N,3,0.7,600.0,0.4,2.5225,2.517405252871622,0.039999999999999994
B6,MQ-add,validation,leave_N,3,0.7,600.0,0.6,2.51,2.447120725844725,0.039999999999999994
B6,MQ-eff,validation,leave_N,3,0.7,10.0,0.1,3.1919,3.02495356236608,0.039999999999999994
B6,MQ-eff,validation,leave_N,3,0.7,10.0,0.2,3.1552,3.024953581882534,0.039999999999999994
B6,MQ-eff,validation,leave_N,3,0.7,10.0,0.3,3.0155,3.024953601398989,0.039999999999999994
B6,MQ-eff,validation,leave_N,3,0.7,10.0,0.4,3.0148,3.024953620915444,0.039999999999999994
B6,MQ-eff,validation,leave_N,3,0.7,10.0,0.6,2.9615,3.024953659948356,0.039999999999999994
B6,MQ-eff,validation,leave_N,3,0.7,50.0,0.1,2.8444,2.7711618208350206,0.039999999999999994
B6,MQ-eff,validation,leave_N,3,0.7,50.0,0.2,2.8069,2.771161833369986,0.039999999999999994
B6,MQ-eff,validation,leave_N,3,0.7,50.0,0.3,2.7973,2.7711618459049516,0.039999999999999994
B6,MQ-eff,validation,leave_N,3,0.7,50.0,0.4,2.7324,2.771161858439918,0.039999999999999994
B6,MQ-eff,validation,leave_N,3,0.7,50.0,0.6,2.6134,2.7711618835098513,0.039999999999999994
B6,MQ-eff,validation,leave_N,3,0.7,150.0,0.1,2.7893,2.652313220943779,0.039999999999999994
B6,MQ-eff,validation,leave_N,3,0.7,150.0,0.2,2.6375,2.6523132302093706,0.039999999999999994
B6,MQ-eff,validation,leave_N,3,0.7,150.0,0.3,2.6856,2.6523132394749624,0.039999999999999994
B6,MQ-eff,validation,leave_N,3,0.7,150.0,0.4,2.5991,2.6523132487405543,0.039999999999999994
B6,MQ-eff,validation,leave_N,3,0.7,150.0,0.6,2.5608,2.652313267271739,0.039999999999999994
B6,MQ-eff,validation,leave_N,3,0.7,300.0,0.1,2.6722,2.5938407366429597,0.039999999999999994
B6,MQ-eff,validation,leave_N,3,0.7,300.0,0.2,2.6214,2.593840744300047,0.039999999999999994
B6,MQ-eff,validation,leave_N,3,0.7,300.0,0.3,2.5759,2.593840751957135,0.039999999999999994
B6,MQ-eff,validation,leave_N,3,0.7,300.0,0.4,2.5792,2.5938407596142232,0.039999999999999994
B6,MQ-eff,validation,leave_N,3,0.7,300.0,0.6,2.4842,2.5938407749284,0.039999999999999994
B6,MQ-eff,validation,leave_N,3,0.7,600.0,0.1,2.5974,2.545519057465726,0.039999999999999994
B6,MQ-eff,validation,leave_N,3,0.7,600.0,0.2,2.5998,2.545519063793546,0.039999999999999994
B6,MQ-eff,validation,leave_N,3,0.7,600.0,0.3,2.5611,2.5455190701213657,0.039999999999999994
B6,MQ-eff,validation,leave_N,3,0.7,600.0,0.4,2.5225,2.5455190764491857,0.039999999999999994
B6,MQ-eff,validation,leave_N,3,0.7,600.0,0.6,2.51,2.545519089104826,0.039999999999999994
B6,M0_6,validation,leave_N,4,1.0,10.0,0.1,3.0483,2.9773910192266744,0.039999999999999994
B6,M0_6,validation,leave_N,4,1.0,10.0,0.2,2.968,2.9773910192266744,0.039999999999999994
B6,M0_6,validation,leave_N,4,1.0,10.0,0.3,2.8948,2.9773910192266744,0.039999999999999994
B6,M0_6,validation,leave_N,4,1.0,10.0,0.4,2.8223,2.9773910192266744,0.039999999999999994
B6,M0_6,validation,leave_N,4,1.0,10.0,0.6,2.8442,2.9773910192266744,0.039999999999999994
B6,M0_6,validation,leave_N,4,1.0,50.0,0.1,2.8264,2.709588291029473,0.039999999999999994
B6,M0_6,validation,leave_N,4,1.0,50.0,0.2,2.8076,2.709588291029473,0.039999999999999994
B6,M0_6,validation,leave_N,4,1.0,50.0,0.3,2.6823,2.709588291029473,0.039999999999999994
B6,M0_6,validation,leave_N,4,1.0,50.0,0.4,2.6528,2.709588291029473,0.039999999999999994
B6,M0_6,validation,leave_N,4,1.0,50.0,0.6,2.6707,2.709588291029473,0.039999999999999994
B6,M0_6,validation,leave_N,4,1.0,150.0,0.1,2.6482,2.5907890871007213,0.039999999999999994
B6,M0_6,validation,leave_N,4,1.0,150.0,0.2,2.6343,2.5907890871007213,0.039999999999999994
B6,M0_6,validation,leave_N,4,1.0,150.0,0.3,2.6133,2.5907890871007213,0.039999999999999994
B6,M0_6,validation,leave_N,4,1.0,150.0,0.4,2.5016,2.5907890871007213,0.039999999999999994
B6,M0_6,validation,leave_N,4,1.0,150.0,0.6,2.5859,2.5907890871007213,0.039999999999999994
B6,M0_6,validation,leave_N,4,1.0,300.0,0.1,2.6943,2.5343879748841953,0.039999999999999994
B6,M0_6,validation,leave_N,4,1.0,300.0,0.2,2.5728,2.5343879748841953,0.039999999999999994
B6,M0_6,validation,leave_N,4,1.0,300.0,0.3,2.4688,2.5343879748841953,0.039999999999999994
B6,M0_6,validation,leave_N,4,1.0,300.0,0.4,2.5249,2.5343879748841953,0.039999999999999994
B6,M0_6,validation,leave_N,4,1.0,300.0,0.6,2.4469,2.5343879748841953,0.039999999999999994
B6,M0_6,validation,leave_N,4,1.0,600.0,0.1,2.6008,2.4890218306595724,0.039999999999999994
B6,M0_6,validation,leave_N,4,1.0,600.0,0.2,2.4894,2.4890218306595724,0.039999999999999994
B6,M0_6,validation,leave_N,4,1.0,600.0,0.3,2.4439,2.4890218306595724,0.039999999999999994
B6,M0_6,validation,leave_N,4,1.0,600.0,0.4,2.4229,2.4890218306595724,0.039999999999999994
B6,M0_6,validation,leave_N,4,1.0,600.0,0.6,2.4336,2.4890218306595724,0.039999999999999994
B6,MQ-add,validation,leave_N,4,1.0,10.0,0.1,3.0483,3.0558183435654542,0.039999999999999994
B6,MQ-add,validation,leave_N,4,1.0,10.0,0.2,2.968,3.0201695597814653,0.039999999999999994
B6,MQ-add,validation,leave_N,4,1.0,10.0,0.3,2.8948,2.984520775997477,0.039999999999999994
B6,MQ-add,validation,leave_N,4,1.0,10.0,0.4,2.8223,2.948871992213488,0.039999999999999994
B6,MQ-add,validation,leave_N,4,1.0,10.0,0.6,2.8442,2.87757442464551,0.039999999999999994
B6,MQ-add,validation,leave_N,4,1.0,50.0,0.1,2.8264,2.788015615328983,0.039999999999999994
B6,MQ-add,validation,leave_N,4,1.0,50.0,0.2,2.8076,2.752366831544994,0.039999999999999994
B6,MQ-add,validation,leave_N,4,1.0,50.0,0.3,2.6823,2.7167180477610056,0.039999999999999994
B6,MQ-add,validation,leave_N,4,1.0,50.0,0.4,2.6528,2.6810692639770166,0.039999999999999994
B6,MQ-add,validation,leave_N,4,1.0,50.0,0.6,2.6707,2.6097716964090387,0.039999999999999994
B6,MQ-add,validation,leave_N,4,1.0,150.0,0.1,2.6482,2.6692164114129913,0.039999999999999994
B6,MQ-add,validation,leave_N,4,1.0,150.0,0.2,2.6343,2.6335676276290023,0.039999999999999994
B6,MQ-add,validation,leave_N,4,1.0,150.0,0.3,2.6133,2.597918843845014,0.039999999999999994
B6,MQ-add,validation,leave_N,4,1.0,150.0,0.4,2.5016,2.562270060061025,0.039999999999999994
B6,MQ-add,validation,leave_N,4,1.0,150.0,0.6,2.5859,2.490972492493047,0.039999999999999994
B6,MQ-add,validation,leave_N,4,1.0,300.0,0.1,2.6943,2.6128152992119538,0.039999999999999994
B6,MQ-add,validation,leave_N,4,1.0,300.0,0.2,2.5728,2.577166515427965,0.039999999999999994
B6,MQ-add,validation,leave_N,4,1.0,300.0,0.3,2.4688,2.5415177316439763,0.039999999999999994
B6,MQ-add,validation,leave_N,4,1.0,300.0,0.4,2.5249,2.5058689478599874,0.039999999999999994
B6,MQ-add,validation,leave_N,4,1.0,300.0,0.6,2.4469,2.4345713802920095,0.039999999999999994
B6,MQ-add,validation,leave_N,4,1.0,600.0,0.1,2.6008,2.5674491550055354,0.039999999999999994
B6,MQ-add,validation,leave_N,4,1.0,600.0,0.2,2.4894,2.5318003712215464,0.039999999999999994
B6,MQ-add,validation,leave_N,4,1.0,600.0,0.3,2.4439,2.496151587437558,0.039999999999999994
B6,MQ-add,validation,leave_N,4,1.0,600.0,0.4,2.4229,2.460502803653569,0.039999999999999994
B6,MQ-add,validation,leave_N,4,1.0,600.0,0.6,2.4336,2.389205236085591,0.039999999999999994
B6,MQ-eff,validation,leave_N,4,1.0,10.0,0.1,3.0483,2.9773909598706605,0.039999999999999994
B6,MQ-eff,validation,leave_N,4,1.0,10.0,0.2,2.968,2.977390981068997,0.039999999999999994
B6,MQ-eff,validation,leave_N,4,1.0,10.0,0.3,2.8948,2.9773910022673338,0.039999999999999994
B6,MQ-eff,validation,leave_N,4,1.0,10.0,0.4,2.8223,2.9773910234656715,0.039999999999999994
B6,MQ-eff,validation,leave_N,4,1.0,10.0,0.6,2.8442,2.977391065862349,0.039999999999999994
B6,MQ-eff,validation,leave_N,4,1.0,50.0,0.1,2.8264,2.7095882606311306,0.039999999999999994
B6,MQ-eff,validation,leave_N,4,1.0,50.0,0.2,2.8076,2.7095882734175816,0.039999999999999994
B6,MQ-eff,validation,leave_N,4,1.0,50.0,0.3,2.6823,2.7095882862040326,0.039999999999999994
B6,MQ-eff,validation,leave_N,4,1.0,50.0,0.4,2.6528,2.709588298990484,0.039999999999999994
B6,MQ-eff,validation,leave_N,4,1.0,50.0,0.6,2.6707,2.7095883245633883,0.039999999999999994
B6,MQ-eff,validation,leave_N,4,1.0,150.0,0.1,2.6482,2.59078906986593,0.039999999999999994
B6,MQ-eff,validation,leave_N,4,1.0,150.0,0.2,2.6343,2.590789078920808,0.039999999999999994
B6,MQ-eff,validation,leave_N,4,1.0,150.0,0.3,2.6133,2.5907890879756863,0.039999999999999994
B6,MQ-eff,validation,leave_N,4,1.0,150.0,0.4,2.5016,2.5907890970305654,0.039999999999999994
B6,MQ-eff,validation,leave_N,4,1.0,150.0,0.6,2.5859,2.590789115140324,0.039999999999999994
B6,MQ-eff,validation,leave_N,4,1.0,300.0,0.1,2.6943,2.534387963998209,0.039999999999999994
B6,MQ-eff,validation,leave_N,4,1.0,300.0,0.2,2.5728,2.5343879712814856,0.039999999999999994
B6,MQ-eff,validation,leave_N,4,1.0,300.0,0.3,2.4688,2.5343879785647627,0.039999999999999994
B6,MQ-eff,validation,leave_N,4,1.0,300.0,0.4,2.5249,2.53438798584804,0.039999999999999994
B6,MQ-eff,validation,leave_N,4,1.0,300.0,0.6,2.4469,2.534388000414595,0.039999999999999994
B6,MQ-eff,validation,leave_N,4,1.0,600.0,0.1,2.6008,2.489021824940739,0.039999999999999994
B6,MQ-eff,validation,leave_N,4,1.0,600.0,0.2,2.4894,2.489021830799031,0.039999999999999994
B6,MQ-eff,validation,leave_N,4,1.0,600.0,0.3,2.4439,2.489021836657323,0.039999999999999994
B6,MQ-eff,validation,leave_N,4,1.0,600.0,0.4,2.4229,2.4890218425156156,0.039999999999999994
B6,MQ-eff,validation,leave_N,4,1.0,600.0,0.6,2.4336,2.4890218542322007,0.039999999999999994
B6,M0_6,validation,leave_N,5,2.8,10.0,0.1,2.9592,2.8211287124675453,0.039999999999999994
B6,M0_6,validation,leave_N,5,2.8,10.0,0.2,2.8431,2.8211287124675453,0.039999999999999994
B6,M0_6,validation,leave_N,5,2.8,10.0,0.3,2.8867,2.8211287124675453,0.039999999999999994
B6,M0_6,validation,leave_N,5,2.8,10.0,0.4,2.771,2.8211287124675453,0.039999999999999994
B6,M0_6,validation,leave_N,5,2.8,10.0,0.6,2.7064,2.8211287124675453,0.039999999999999994
B6,M0_6,validation,leave_N,5,2.8,50.0,0.1,2.5785,2.5658044232204924,0.039999999999999994
B6,M0_6,validation,leave_N,5,2.8,50.0,0.2,2.4874,2.5658044232204924,0.039999999999999994
B6,M0_6,validation,leave_N,5,2.8,50.0,0.3,2.5971,2.5658044232204924,0.039999999999999994
B6,M0_6,validation,leave_N,5,2.8,50.0,0.4,2.5963,2.5658044232204924,0.039999999999999994
B6,M0_6,validation,leave_N,5,2.8,50.0,0.6,2.5446,2.5658044232204924,0.039999999999999994
B6,M0_6,validation,leave_N,5,2.8,150.0,0.1,2.4446,2.44585922894058,0.039999999999999994
B6,M0_6,validation,leave_N,5,2.8,150.0,0.2,2.4506,2.44585922894058,0.039999999999999994
B6,M0_6,validation,leave_N,5,2.8,150.0,0.3,2.3889,2.44585922894058,0.039999999999999994
B6,M0_6,validation,leave_N,5,2.8,150.0,0.4,2.5101,2.44585922894058,0.039999999999999994
B6,M0_6,validation,leave_N,5,2.8,150.0,0.6,2.2938,2.44585922894058,0.039999999999999994
B6,M0_6,validation,leave_N,5,2.8,300.0,0.1,2.446,2.3867241332962013,0.039999999999999994
B6,M0_6,validation,leave_N,5,2.8,300.0,0.2,2.3643,2.3867241332962013,0.039999999999999994
B6,M0_6,validation,leave_N,5,2.8,300.0,0.3,2.3988,2.3867241332962013,0.039999999999999994
B6,M0_6,validation,leave_N,5,2.8,300.0,0.4,2.3719,2.3867241332962013,0.039999999999999994
B6,M0_6,validation,leave_N,5,2.8,300.0,0.6,2.3342,2.3867241332962013,0.039999999999999994
B6,M0_6,validation,leave_N,5,2.8,600.0,0.1,2.4515,2.337777451049946,0.039999999999999994
B6,M0_6,validation,leave_N,5,2.8,600.0,0.2,2.4042,2.337777451049946,0.039999999999999994
B6,M0_6,validation,leave_N,5,2.8,600.0,0.3,2.3538,2.337777451049946,0.039999999999999994
B6,M0_6,validation,leave_N,5,2.8,600.0,0.4,2.3322,2.337777451049946,0.039999999999999994
B6,M0_6,validation,leave_N,5,2.8,600.0,0.6,2.2986,2.337777451049946,0.039999999999999994
B6,MQ-add,validation,leave_N,5,2.8,10.0,0.1,2.9592,2.9023128740531607,0.039999999999999994
B6,MQ-add,validation,leave_N,5,2.8,10.0,0.2,2.8431,2.8654109821614187,0.039999999999999994
B6,MQ-add,validation,leave_N,5,2.8,10.0,0.3,2.8867,2.8285090902696766,0.039999999999999994
B6,MQ-add,validation,leave_N,5,2.8,10.0,0.4,2.771,2.7916071983779345,0.039999999999999994
B6,MQ-add,validation,leave_N,5,2.8,10.0,0.6,2.7064,2.71780341459445,0.039999999999999994
B6,MQ-add,validation,leave_N,5,2.8,50.0,0.1,2.5785,2.6469885863736735,0.039999999999999994
B6,MQ-add,validation,leave_N,5,2.8,50.0,0.2,2.4874,2.6100866944819314,0.039999999999999994
B6,MQ-add,validation,leave_N,5,2.8,50.0,0.3,2.5971,2.5731848025901893,0.039999999999999994
B6,MQ-add,validation,leave_N,5,2.8,50.0,0.4,2.5963,2.5362829106984472,0.039999999999999994
B6,MQ-add,validation,leave_N,5,2.8,50.0,0.6,2.5446,2.4624791269149626,0.039999999999999994
B6,MQ-add,validation,leave_N,5,2.8,150.0,0.1,2.4446,2.5270433916291024,0.039999999999999994
B6,MQ-add,validation,leave_N,5,2.8,150.0,0.2,2.4506,2.49014149973736,0.039999999999999994
B6,MQ-add,validation,leave_N,5,2.8,150.0,0.3,2.3889,2.453239607845618,0.039999999999999994
B6,MQ-add,validation,leave_N,5,2.8,150.0,0.4,2.5101,2.4163377159538757,0.039999999999999994
B6,MQ-add,validation,leave_N,5,2.8,150.0,0.6,2.2938,2.342533932170391,0.039999999999999994
B6,MQ-add,validation,leave_N,5,2.8,300.0,0.1,2.446,2.4679082953656577,0.039999999999999994
B6,MQ-add,validation,leave_N,5,2.8,300.0,0.2,2.3643,2.431006403473915,0.039999999999999994
B6,MQ-add,validation,leave_N,5,2.8,300.0,0.3,2.3988,2.394104511582173,0.039999999999999994
B6,MQ-add,validation,leave_N,5,2.8,300.0,0.4,2.3719,2.357202619690431,0.039999999999999994
B6,MQ-add,validation,leave_N,5,2.8,300.0,0.6,2.3342,2.2833988359069464,0.039999999999999994
B6,MQ-add,validation,leave_N,5,2.8,600.0,0.1,2.4515,2.4189616123617617,0.039999999999999994
B6,MQ-add,validation,leave_N,5,2.8,600.0,0.2,2.4042,2.382059720470019,0.039999999999999994
B6,MQ-add,validation,leave_N,5,2.8,600.0,0.3,2.3538,2.345157828578277,0.039999999999999994
B6,MQ-add,validation,leave_N,5,2.8,600.0,0.4,2.3322,2.308255936686535,0.039999999999999994
B6,MQ-add,validation,leave_N,5,2.8,600.0,0.6,2.2986,2.2344521529030503,0.039999999999999994
B6,MQ-eff,validation,leave_N,5,2.8,10.0,0.1,2.9592,2.8211286564634586,0.039999999999999994
B6,MQ-eff,validation,leave_N,5,2.8,10.0,0.2,2.8431,2.8211286760643506,0.039999999999999994
B6,MQ-eff,validation,leave_N,5,2.8,10.0,0.3,2.8867,2.8211286956652426,0.039999999999999994
B6,MQ-eff,validation,leave_N,5,2.8,10.0,0.4,2.771,2.821128715266136,0.039999999999999994
B6,MQ-eff,validation,leave_N,5,2.8,10.0,0.6,2.7064,2.8211287544679235,0.039999999999999994
B6,MQ-eff,validation,leave_N,5,2.8,50.0,0.1,2.5785,2.5658043926951803,0.039999999999999994
B6,MQ-eff,validation,leave_N,5,2.8,50.0,0.2,2.4874,2.565804405330736,0.039999999999999994
B6,MQ-eff,validation,leave_N,5,2.8,50.0,0.3,2.5971,2.565804417966292,0.039999999999999994
B6,MQ-eff,validation,leave_N,5,2.8,50.0,0.4,2.5963,2.5658044306018484,0.039999999999999994
B6,MQ-eff,validation,leave_N,5,2.8,50.0,0.6,2.5446,2.5658044558729625,0.039999999999999994
B6,MQ-eff,validation,leave_N,5,2.8,150.0,0.1,2.4446,2.445859210897191,0.039999999999999994
B6,MQ-eff,validation,leave_N,5,2.8,150.0,0.2,2.4506,2.4458592202605995,0.039999999999999994
B6,MQ-eff,validation,leave_N,5,2.8,150.0,0.3,2.3889,2.4458592296240087,0.039999999999999994
B6,MQ-eff,validation,leave_N,5,2.8,150.0,0.4,2.5101,2.445859238987418,0.039999999999999994
B6,MQ-eff,validation,leave_N,5,2.8,150.0,0.6,2.2938,2.4458592577142375,0.039999999999999994
B6,MQ-eff,validation,leave_N,5,2.8,300.0,0.1,2.446,2.386724121573063,0.039999999999999994
B6,MQ-eff,validation,leave_N,5,2.8,300.0,0.2,2.3643,2.3867241293232455,0.039999999999999994
B6,MQ-eff,validation,leave_N,5,2.8,300.0,0.3,2.3988,2.3867241370734287,0.039999999999999994
B6,MQ-eff,validation,leave_N,5,2.8,300.0,0.4,2.3719,2.386724144823612,0.039999999999999994
B6,MQ-eff,validation,leave_N,5,2.8,300.0,0.6,2.3342,2.3867241603239786,0.039999999999999994
B6,MQ-eff,validation,leave_N,5,2.8,600.0,0.1,2.4515,2.3377774446628035,0.039999999999999994
B6,MQ-eff,validation,leave_N,5,2.8,600.0,0.2,2.4042,2.3377774510777036,0.039999999999999994
B6,MQ-eff,validation,leave_N,5,2.8,600.0,0.3,2.3538,2.337777457492604,0.039999999999999994
B6,MQ-eff,validation,leave_N,5,2.8,600.0,0.4,2.3322,2.3377774639075044,0.039999999999999994
B6,MQ-eff,validation,leave_N,5,2.8,600.0,0.6,2.2986,2.3377774767373056,0.039999999999999994
B6,M0_6,validation,leave_N,6,4.0,10.0,0.1,2.855,2.781092054891615,0.039999999999999994
B6,M0_6,validation,leave_N,6,4.0,10.0,0.2,2.872,2.781092054891615,0.039999999999999994
B6,M0_6,validation,leave_N,6,4.0,10.0,0.3,2.8016,2.781092054891615,0.039999999999999994
B6,M0_6,validation,leave_N,6,4.0,10.0,0.4,2.6993,2.781092054891615,0.039999999999999994
B6,M0_6,validation,leave_N,6,4.0,10.0,0.6,2.631,2.781092054891615,0.039999999999999994
B6,M0_6,validation,leave_N,6,4.0,50.0,0.1,2.5657,2.517791422618208,0.039999999999999994
B6,M0_6,validation,leave_N,6,4.0,50.0,0.2,2.6024,2.517791422618208,0.039999999999999994
B6,M0_6,validation,leave_N,6,4.0,50.0,0.3,2.5078,2.517791422618208,0.039999999999999994
B6,M0_6,validation,leave_N,6,4.0,50.0,0.4,2.5793,2.517791422618208,0.039999999999999994
B6,M0_6,validation,leave_N,6,4.0,50.0,0.6,2.4706,2.517791422618208,0.039999999999999994
B6,M0_6,validation,leave_N,6,4.0,150.0,0.1,2.494,2.399449573907403,0.039999999999999994
B6,M0_6,validation,leave_N,6,4.0,150.0,0.2,2.4505,2.399449573907403,0.039999999999999994
B6,M0_6,validation,leave_N,6,4.0,150.0,0.3,2.4411,2.399449573907403,0.039999999999999994
B6,M0_6,validation,leave_N,6,4.0,150.0,0.4,2.3929,2.399449573907403,0.039999999999999994
B6,M0_6,validation,leave_N,6,4.0,150.0,0.6,2.3873,2.399449573907403,0.039999999999999994
B6,M0_6,validation,leave_N,6,4.0,300.0,0.1,2.4125,2.342779170995378,0.039999999999999994
B6,M0_6,validation,leave_N,6,4.0,300.0,0.2,2.3793,2.342779170995378,0.039999999999999994
B6,M0_6,validation,leave_N,6,4.0,300.0,0.3,2.2697,2.342779170995378,0.039999999999999994
B6,M0_6,validation,leave_N,6,4.0,300.0,0.4,2.3711,2.342779170995378,0.039999999999999994
B6,M0_6,validation,leave_N,6,4.0,300.0,0.6,2.2294,2.342779170995378,0.039999999999999994
B6,M0_6,validation,leave_N,6,4.0,600.0,0.1,2.2637,2.296897635464127,0.039999999999999994
B6,M0_6,validation,leave_N,6,4.0,600.0,0.2,2.2681,2.296897635464127,0.039999999999999994
B6,M0_6,validation,leave_N,6,4.0,600.0,0.3,2.403,2.296897635464127,0.039999999999999994
B6,M0_6,validation,leave_N,6,4.0,600.0,0.4,2.3312,2.296897635464127,0.039999999999999994
B6,M0_6,validation,leave_N,6,4.0,600.0,0.6,2.2966,2.296897635464127,0.039999999999999994
B6,MQ-add,validation,leave_N,6,4.0,10.0,0.1,2.855,2.8623767035769356,0.039999999999999994
B6,MQ-add,validation,leave_N,6,4.0,10.0,0.2,2.872,2.8254291360091344,0.039999999999999994
B6,MQ-add,validation,leave_N,6,4.0,10.0,0.3,2.8016,2.7884815684413335,0.039999999999999994
B6,MQ-add,validation,leave_N,6,4.0,10.0,0.4,2.6993,2.7515340008735327,0.039999999999999994
B6,MQ-add,validation,leave_N,6,4.0,10.0,0.6,2.631,2.6776388657379306,0.039999999999999994
B6,MQ-add,validation,leave_N,6,4.0,50.0,0.1,2.5657,2.599076071202324,0.039999999999999994
B6,MQ-add,validation,leave_N,6,4.0,50.0,0.2,2.6024,2.562128503634523,0.039999999999999994
B6,MQ-add,validation,leave_N,6,4.0,50.0,0.3,2.5078,2.525180936066722,0.039999999999999994
B6,MQ-add,validation,leave_N,6,4.0,50.0,0.4,2.5793,2.4882333684989213,0.039999999999999994
B6,MQ-add,validation,leave_N,6,4.0,50.0,0.6,2.4706,2.414338233363319,0.039999999999999994
B6,MQ-add,validation,leave_N,6,4.0,150.0,0.1,2.494,2.480734222523361,0.039999999999999994
B6,MQ-add,validation,leave_N,6,4.0,150.0,0.2,2.4505,2.44378665495556,0.039999999999999994
B6,MQ-add,validation,leave_N,6,4.0,150.0,0.3,2.4411,2.406839087387759,0.039999999999999994
B6,MQ-add,validation,leave_N,6,4.0,150.0,0.4,2.3929,2.369891519819958,0.039999999999999994
B6,MQ-add,validation,leave_N,6,4.0,150.0,0.6,2.3873,2.295996384684356,0.039999999999999994
B6,MQ-add,validation,leave_N,6,4.0,300.0,0.1,2.4125,2.4240638196509585,0.039999999999999994
B6,MQ-add,validation,leave_N,6,4.0,300.0,0.2,2.3793,2.3871162520831573,0.039999999999999994
B6,MQ-add,validation,leave_N,6,4.0,300.0,0.3,2.2697,2.3501686845153564,0.039999999999999994
B6,MQ-add,validation,leave_N,6,4.0,300.0,0.4,2.3711,2.3132211169475556,0.039999999999999994
B6,MQ-add,validation,leave_N,6,4.0,300.0,0.6,2.2294,2.2393259818119535,0.039999999999999994
B6,MQ-add,validation,leave_N,6,4.0,600.0,0.1,2.2637,2.378182284166749,0.039999999999999994
B6,MQ-add,validation,leave_N,6,4.0,600.0,0.2,2.2681,2.3412347165989478,0.039999999999999994
B6,MQ-add,validation,leave_N,6,4.0,600.0,0.3,2.403,2.304287149031147,0.039999999999999994
B6,MQ-add,validation,leave_N,6,4.0,600.0,0.4,2.3312,2.267339581463346,0.039999999999999994
B6,MQ-add,validation,leave_N,6,4.0,600.0,0.6,2.2966,2.193444446327744,0.039999999999999994
B6,MQ-eff,validation,leave_N,6,4.0,10.0,0.1,2.855,2.7810919970519996,0.039999999999999994
B6,MQ-eff,validation,leave_N,6,4.0,10.0,0.2,2.872,2.781092017749447,0.039999999999999994
B6,MQ-eff,validation,leave_N,6,4.0,10.0,0.3,2.8016,2.7810920384468947,0.039999999999999994
B6,MQ-eff,validation,leave_N,6,4.0,10.0,0.4,2.6993,2.7810920591443433,0.039999999999999994
B6,MQ-eff,validation,leave_N,6,4.0,10.0,0.6,2.631,2.7810921005392424,0.039999999999999994
B6,MQ-eff,validation,leave_N,6,4.0,50.0,0.1,2.5657,2.517791391280221,0.039999999999999994
B6,MQ-eff,validation,leave_N,6,4.0,50.0,0.2,2.6024,2.517791403955378,0.039999999999999994
B6,MQ-eff,validation,leave_N,6,4.0,50.0,0.3,2.5078,2.5177914166305357,0.039999999999999994
B6,MQ-eff,validation,leave_N,6,4.0,50.0,0.4,2.5793,2.5177914293056936,0.039999999999999994
B6,MQ-eff,validation,leave_N,6,4.0,50.0,0.6,2.4706,2.5177914546560105,0.039999999999999994
B6,MQ-eff,validation,leave_N,6,4.0,150.0,0.1,2.494,2.399449556107152,0.039999999999999994
B6,MQ-eff,validation,leave_N,6,4.0,150.0,0.2,2.4505,2.3994495651766488,0.039999999999999994
B6,MQ-eff,validation,leave_N,6,4.0,150.0,0.3,2.4411,2.399449574246146,0.039999999999999994
B6,MQ-eff,validation,leave_N,6,4.0,150.0,0.4,2.3929,2.3994495833156435,0.039999999999999994
B6,MQ-eff,validation,leave_N,6,4.0,150.0,0.6,2.3873,2.3994496014546387,0.039999999999999994
B6,MQ-eff,validation,leave_N,6,4.0,300.0,0.1,2.4125,2.3427791601906307,0.039999999999999994
B6,MQ-eff,validation,leave_N,6,4.0,300.0,0.2,2.3793,2.3427791675334837,0.039999999999999994
B6,MQ-eff,validation,leave_N,6,4.0,300.0,0.3,2.2697,2.3427791748763367,0.039999999999999994
B6,MQ-eff,validation,leave_N,6,4.0,300.0,0.4,2.3711,2.34277918221919,0.039999999999999994
B6,MQ-eff,validation,leave_N,6,4.0,300.0,0.6,2.2294,2.3427791969048974,0.039999999999999994
B6,MQ-eff,validation,leave_N,6,4.0,600.0,0.1,2.2637,2.296897630637772,0.039999999999999994
B6,MQ-eff,validation,leave_N,6,4.0,600.0,0.2,2.2681,2.2968976365826985,0.039999999999999994
B6,MQ-eff,validation,leave_N,6,4.0,600.0,0.3,2.403,2.296897642527625,0.039999999999999994
B6,MQ-eff,validation,leave_N,6,4.0,600.0,0.4,2.3312,2.2968976484725516,0.039999999999999994
B6,MQ-eff,validation,leave_N,6,4.0,600.0,0.6,2.2966,2.296897660362405,0.039999999999999994
B6,M0_6,validation,leave_N,7,6.9,10.0,0.1,2.7585,2.7339978040978017,0.039999999999999994
B6,M0_6,validation,leave_N,7,6.9,10.0,0.2,2.6605,2.7339978040978017,0.039999999999999994
B6,M0_6,validation,leave_N,7,6.9,10.0,0.3,2.72,2.7339978040978017,0.039999999999999994
B6,M0_6,validation,leave_N,7,6.9,10.0,0.4,2.6823,2.7339978040978017,0.039999999999999994
B6,M0_6,validation,leave_N,7,6.9,10.0,0.6,2.5269,2.7339978040978017,0.039999999999999994
B6,M0_6,validation,leave_N,7,6.9,50.0,0.1,2.5548,2.4672621551516123,0.039999999999999994
B6,M0_6,validation,leave_N,7,6.9,50.0,0.2,2.4799,2.4672621551516123,0.039999999999999994
B6,M0_6,validation,leave_N,7,6.9,50.0,0.3,2.4833,2.4672621551516123,0.039999999999999994
B6,M0_6,validation,leave_N,7,6.9,50.0,0.4,2.4979,2.4672621551516123,0.039999999999999994
B6,M0_6,validation,leave_N,7,6.9,50.0,0.6,2.4093,2.4672621551516123,0.039999999999999994
B6,M0_6,validation,leave_N,7,6.9,150.0,0.1,2.3272,2.3485583054839108,0.039999999999999994
B6,M0_6,validation,leave_N,7,6.9,150.0,0.2,2.3658,2.3485583054839108,0.039999999999999994
B6,M0_6,validation,leave_N,7,6.9,150.0,0.3,2.3708,2.3485583054839108,0.039999999999999994
B6,M0_6,validation,leave_N,7,6.9,150.0,0.4,2.3438,2.3485583054839108,0.039999999999999994
B6,M0_6,validation,leave_N,7,6.9,150.0,0.6,2.2064,2.3485583054839108,0.039999999999999994
B6,M0_6,validation,leave_N,7,6.9,300.0,0.1,2.3408,2.292084033548816,0.039999999999999994
B6,M0_6,validation,leave_N,7,6.9,300.0,0.2,2.3195,2.292084033548816,0.039999999999999994
B6,M0_6,validation,leave_N,7,6.9,300.0,0.3,2.3002,2.292084033548816,0.039999999999999994
B6,M0_6,validation,leave_N,7,6.9,300.0,0.4,2.3167,2.292084033548816,0.039999999999999994
B6,M0_6,validation,leave_N,7,6.9,300.0,0.6,2.2275,2.292084033548816,0.039999999999999994
B6,M0_6,validation,leave_N,7,6.9,600.0,0.1,2.2081,2.24658673000925,0.039999999999999994
B6,M0_6,validation,leave_N,7,6.9,600.0,0.2,2.2684,2.24658673000925,0.039999999999999994
B6,M0_6,validation,leave_N,7,6.9,600.0,0.3,2.2487,2.24658673000925,0.039999999999999994
B6,M0_6,validation,leave_N,7,6.9,600.0,0.4,2.2425,2.24658673000925,0.039999999999999994
B6,M0_6,validation,leave_N,7,6.9,600.0,0.6,2.1582,2.24658673000925,0.039999999999999994
B6,MQ-add,validation,leave_N,7,6.9,10.0,0.1,2.7585,2.8149934056128005,0.039999999999999994
B6,MQ-add,validation,leave_N,7,6.9,10.0,0.2,2.6605,2.77817722318039,0.039999999999999994
B6,MQ-add,validation,leave_N,7,6.9,10.0,0.3,2.72,2.7413610407479796,0.039999999999999994
B6,MQ-add,validation,leave_N,7,6.9,10.0,0.4,2.6823,2.704544858315569,0.039999999999999994
B6,MQ-add,validation,leave_N,7,6.9,10.0,0.6,2.5269,2.6309124934507486,0.039999999999999994
B6,MQ-add,validation,leave_N,7,6.9,50.0,0.1,2.5548,2.548257756203974,0.039999999999999994
B6,MQ-add,validation,leave_N,7,6.9,50.0,0.2,2.4799,2.5114415737715636,0.039999999999999994
B6,MQ-add,validation,leave_N,7,6.9,50.0,0.3,2.4833,2.474625391339153,0.039999999999999994
B6,MQ-add,validation,leave_N,7,6.9,50.0,0.4,2.4979,2.4378092089067427,0.039999999999999994
B6,MQ-add,validation,leave_N,7,6.9,50.0,0.6,2.4093,2.364176844041922,0.039999999999999994
B6,MQ-add,validation,leave_N,7,6.9,150.0,0.1,2.3272,2.4295539066869725,0.039999999999999994
B6,MQ-add,validation,leave_N,7,6.9,150.0,0.2,2.3658,2.392737724254562,0.039999999999999994
B6,MQ-add,validation,leave_N,7,6.9,150.0,0.3,2.3708,2.3559215418221515,0.039999999999999994
B6,MQ-add,validation,leave_N,7,6.9,150.0,0.4,2.3438,2.319105359389741,0.039999999999999994
B6,MQ-add,validation,leave_N,7,6.9,150.0,0.6,2.2064,2.2454729945249206,0.039999999999999994
B6,MQ-add,validation,leave_N,7,6.9,300.0,0.1,2.3408,2.3730796349352343,0.039999999999999994
B6,MQ-add,validation,leave_N,7,6.9,300.0,0.2,2.3195,2.336263452502824,0.039999999999999994
B6,MQ-add,validation,leave_N,7,6.9,300.0,0.3,2.3002,2.2994472700704134,0.039999999999999994
B6,MQ-add,validation,leave_N,7,6.9,300.0,0.4,2.3167,2.262631087638003,0.039999999999999994
B6,MQ-add,validation,leave_N,7,6.9,300.0,0.6,2.2275,2.1889987227731824,0.039999999999999994
B6,MQ-add,validation,leave_N,7,6.9,600.0,0.1,2.2081,2.3275823316115516,0.039999999999999994
B6,MQ-add,validation,leave_N,7,6.9,600.0,0.2,2.2684,2.290766149179141,0.039999999999999994
B6,MQ-add,validation,leave_N,7,6.9,600.0,0.3,2.2487,2.2539499667467306,0.039999999999999994
B6,MQ-add,validation,leave_N,7,6.9,600.0,0.4,2.2425,2.21713378431432,0.039999999999999994
B6,MQ-add,validation,leave_N,7,6.9,600.0,0.6,2.1582,2.1435014194494997,0.039999999999999994
B6,MQ-eff,validation,leave_N,7,6.9,10.0,0.1,2.7585,2.7339977451571196,0.039999999999999994
B6,MQ-eff,validation,leave_N,7,6.9,10.0,0.2,2.6605,2.7339977662352886,0.039999999999999994
B6,MQ-eff,validation,leave_N,7,6.9,10.0,0.3,2.72,2.733997787313458,0.039999999999999994
B6,MQ-eff,validation,leave_N,7,6.9,10.0,0.4,2.6823,2.733997808391628,0.039999999999999994
B6,MQ-eff,validation,leave_N,7,6.9,10.0,0.6,2.5269,2.7339978505479703,0.039999999999999994
B6,MQ-eff,validation,leave_N,7,6.9,50.0,0.1,2.5548,2.4672621239137666,0.039999999999999994
B6,MQ-eff,validation,leave_N,7,6.9,50.0,0.2,2.4799,2.467262136674779,0.039999999999999994
B6,MQ-eff,validation,leave_N,7,6.9,50.0,0.3,2.4833,2.467262149435792,0.039999999999999994
B6,MQ-eff,validation,leave_N,7,6.9,50.0,0.4,2.4979,2.467262162196805,0.039999999999999994
B6,MQ-eff,validation,leave_N,7,6.9,50.0,0.6,2.4093,2.4672621877188328,0.039999999999999994
B6,MQ-eff,validation,leave_N,7,6.9,150.0,0.1,2.3272,2.3485582878851474,0.039999999999999994
B6,MQ-eff,validation,leave_N,7,6.9,150.0,0.2,2.3658,2.348558296944823,0.039999999999999994
B6,MQ-eff,validation,leave_N,7,6.9,150.0,0.3,2.3708,2.3485583060044988,0.039999999999999994
B6,MQ-eff,validation,leave_N,7,6.9,150.0,0.4,2.3438,2.3485583150641753,0.039999999999999994
B6,MQ-eff,validation,leave_N,7,6.9,150.0,0.6,2.2064,2.3485583331835285,0.039999999999999994
B6,MQ-eff,validation,leave_N,7,6.9,300.0,0.1,2.3408,2.2920840228493597,0.039999999999999994
B6,MQ-eff,validation,leave_N,7,6.9,300.0,0.2,2.3195,2.292084030148096,0.039999999999999994
B6,MQ-eff,validation,leave_N,7,6.9,300.0,0.3,2.3002,2.2920840374468323,0.039999999999999994
B6,MQ-eff,validation,leave_N,7,6.9,300.0,0.4,2.3167,2.292084044745569,0.039999999999999994
B6,MQ-eff,validation,leave_N,7,6.9,300.0,0.6,2.2275,2.292084059343043,0.039999999999999994
B6,MQ-eff,validation,leave_N,7,6.9,600.0,0.1,2.2081,2.2465867251186245,0.039999999999999994
B6,MQ-eff,validation,leave_N,7,6.9,600.0,0.2,2.2684,2.246586730998697,0.039999999999999994
B6,MQ-eff,validation,leave_N,7,6.9,600.0,0.3,2.2487,2.2465867368787698,0.039999999999999994
B6,MQ-eff,validation,leave_N,7,6.9,600.0,0.4,2.2425,2.2465867427588426,0.039999999999999994
B6,MQ-eff,validation,leave_N,7,6.9,600.0,0.6,2.1582,2.246586754518989,0.039999999999999994
B6,M0_6,validation,leave_N,8,11.97,10.0,0.1,2.77,2.6687385776182553,0.039999999999999994
B6,M0_6,validation,leave_N,8,11.97,10.0,0.2,2.6684,2.6687385776182553,0.039999999999999994
B6,M0_6,validation,leave_N,8,11.97,10.0,0.3,2.6888,2.6687385776182553,0.039999999999999994
B6,M0_6,validation,leave_N,8,11.97,10.0,0.4,2.7027,2.6687385776182553,0.039999999999999994
B6,M0_6,validation,leave_N,8,11.97,10.0,0.6,2.6784,2.6687385776182553,0.039999999999999994
B6,M0_6,validation,leave_N,8,11.97,50.0,0.1,2.4506,2.411581532545379,0.039999999999999994
B6,M0_6,validation,leave_N,8,11.97,50.0,0.2,2.4199,2.411581532545379,0.039999999999999994
B6,M0_6,validation,leave_N,8,11.97,50.0,0.3,2.4152,2.411581532545379,0.039999999999999994
B6,M0_6,validation,leave_N,8,11.97,50.0,0.4,2.3833,2.411581532545379,0.039999999999999994
B6,M0_6,validation,leave_N,8,11.97,50.0,0.6,2.3437,2.411581532545379,0.039999999999999994
B6,M0_6,validation,leave_N,8,11.97,150.0,0.1,2.4214,2.2935937237063047,0.039999999999999994
B6,M0_6,validation,leave_N,8,11.97,150.0,0.2,2.3485,2.2935937237063047,0.039999999999999994
B6,M0_6,validation,leave_N,8,11.97,150.0,0.3,2.3316,2.2935937237063047,0.039999999999999994
B6,M0_6,validation,leave_N,8,11.97,150.0,0.4,2.2453,2.2935937237063047,0.039999999999999994
B6,M0_6,validation,leave_N,8,11.97,150.0,0.6,2.2154,2.2935937237063047,0.039999999999999994
B6,M0_6,validation,leave_N,8,11.97,300.0,0.1,2.2899,2.2363208935628203,0.039999999999999994
B6,M0_6,validation,leave_N,8,11.97,300.0,0.2,2.2886,2.2363208935628203,0.039999999999999994
B6,M0_6,validation,leave_N,8,11.97,300.0,0.3,2.2767,2.2363208935628203,0.039999999999999994
B6,M0_6,validation,leave_N,8,11.97,300.0,0.4,2.2501,2.2363208935628203,0.039999999999999994
B6,M0_6,validation,leave_N,8,11.97,300.0,0.6,2.1351,2.2363208935628203,0.039999999999999994
B6,M0_6,validation,leave_N,8,11.97,600.0,0.1,2.288,2.1894718649511957,0.039999999999999994
B6,M0_6,validation,leave_N,8,11.97,600.0,0.2,2.2118,2.1894718649511957,0.039999999999999994
B6,M0_6,validation,leave_N,8,11.97,600.0,0.3,2.1456,2.1894718649511957,0.039999999999999994
B6,M0_6,validation,leave_N,8,11.97,600.0,0.4,2.141,2.1894718649511957,0.039999999999999994
B6,M0_6,validation,leave_N,8,11.97,600.0,0.6,2.0709,2.1894718649511957,0.039999999999999994
B6,MQ-add,validation,leave_N,8,11.97,10.0,0.1,2.77,2.7484265167657673,0.039999999999999994
B6,MQ-add,validation,leave_N,8,11.97,10.0,0.2,2.6684,2.712204726225364,0.039999999999999994
B6,MQ-add,validation,leave_N,8,11.97,10.0,0.3,2.6888,2.6759829356849614,0.039999999999999994
B6,MQ-add,validation,leave_N,8,11.97,10.0,0.4,2.7027,2.639761145144558,0.039999999999999994
B6,MQ-add,validation,leave_N,8,11.97,10.0,0.6,2.6784,2.567317564063752,0.039999999999999994
B6,MQ-add,validation,leave_N,8,11.97,50.0,0.1,2.4506,2.4912694718000474,0.039999999999999994
B6,MQ-add,validation,leave_N,8,11.97,50.0,0.2,2.4199,2.4550476812596447,0.039999999999999994
B6,MQ-add,validation,leave_N,8,11.97,50.0,0.3,2.4152,2.4188258907192415,0.039999999999999994
B6,MQ-add,validation,leave_N,8,11.97,50.0,0.4,2.3833,2.3826041001788383,0.039999999999999994
B6,MQ-add,validation,leave_N,8,11.97,50.0,0.6,2.3437,2.310160519098032,0.039999999999999994
B6,MQ-add,validation,leave_N,8,11.97,150.0,0.1,2.4214,2.3732816629281666,0.039999999999999994
B6,MQ-add,validation,leave_N,8,11.97,150.0,0.2,2.3485,2.337059872387764,0.039999999999999994
B6,MQ-add,validation,leave_N,8,11.97,150.0,0.3,2.3316,2.3008380818473606,0.039999999999999994
B6,MQ-add,validation,leave_N,8,11.97,150.0,0.4,2.2453,2.2646162913069574,0.039999999999999994
B6,MQ-add,validation,leave_N,8,11.97,150.0,0.6,2.2154,2.192172710226151,0.039999999999999994
B6,MQ-add,validation,leave_N,8,11.97,300.0,0.1,2.2899,2.3160088327425594,0.039999999999999994
B6,MQ-add,validation,leave_N,8,11.97,300.0,0.2,2.2886,2.279787042202156,0.039999999999999994
B6,MQ-add,validation,leave_N,8,11.97,300.0,0.3,2.2767,2.2435652516617535,0.039999999999999994
B6,MQ-add,validation,leave_N,8,11.97,300.0,0.4,2.2501,2.2073434611213503,0.039999999999999994
B6,MQ-add,validation,leave_N,8,11.97,300.0,0.6,2.1351,2.134899880040544,0.039999999999999994
B6,MQ-add,validation,leave_N,8,11.97,600.0,0.1,2.288,2.269159804080215,0.039999999999999994
B6,MQ-add,validation,leave_N,8,11.97,600.0,0.2,2.2118,2.232938013539812,0.039999999999999994
B6,MQ-add,validation,leave_N,8,11.97,600.0,0.3,2.1456,2.196716222999409,0.039999999999999994
B6,MQ-add,validation,leave_N,8,11.97,600.0,0.4,2.141,2.160494432459006,0.039999999999999994
B6,MQ-add,validation,leave_N,8,11.97,600.0,0.6,2.0709,2.0880508513781995,0.039999999999999994
B6,MQ-eff,validation,leave_N,8,11.97,10.0,0.1,2.77,2.668738519833421,0.039999999999999994
B6,MQ-eff,validation,leave_N,8,11.97,10.0,0.2,2.6684,2.668738539826777,0.039999999999999994
B6,MQ-eff,validation,leave_N,8,11.97,10.0,0.3,2.6888,2.6687385598201327,0.039999999999999994
B6,MQ-eff,validation,leave_N,8,11.97,10.0,0.4,2.7027,2.6687385798134895,0.039999999999999994
B6,MQ-eff,validation,leave_N,8,11.97,10.0,0.6,2.6784,2.6687386198002043,0.039999999999999994
B6,MQ-eff,validation,leave_N,8,11.97,50.0,0.1,2.4506,2.4115815037115795,0.039999999999999994
B6,MQ-eff,validation,leave_N,8,11.97,50.0,0.2,2.4199,2.411581516251708,0.039999999999999994
B6,MQ-eff,validation,leave_N,8,11.97,50.0,0.3,2.4152,2.411581528791837,0.039999999999999994
B6,MQ-eff,validation,leave_N,8,11.97,50.0,0.4,2.3833,2.411581541331966,0.039999999999999994
B6,MQ-eff,validation,leave_N,8,11.97,50.0,0.6,2.3437,2.4115815664122255,0.039999999999999994
B6,MQ-eff,validation,leave_N,8,11.97,150.0,0.1,2.4214,2.2935937069989927,0.039999999999999994
B6,MQ-eff,validation,leave_N,8,11.97,150.0,0.2,2.3485,2.29359371611946,0.039999999999999994
B6,MQ-eff,validation,leave_N,8,11.97,150.0,0.3,2.3316,2.2935937252399277,0.039999999999999994
B6,MQ-eff,validation,leave_N,8,11.97,150.0,0.4,2.2453,2.2935937343603956,0.039999999999999994
B6,MQ-eff,validation,leave_N,8,11.97,150.0,0.6,2.2154,2.2935937526013324,0.039999999999999994
B6,MQ-eff,validation,leave_N,8,11.97,300.0,0.1,2.2899,2.2363208823721776,0.039999999999999994
B6,MQ-eff,validation,leave_N,8,11.97,300.0,0.2,2.2886,2.236320889832697,0.039999999999999994
B6,MQ-eff,validation,leave_N,8,11.97,300.0,0.3,2.2767,2.236320897293216,0.039999999999999994
B6,MQ-eff,validation,leave_N,8,11.97,300.0,0.4,2.2501,2.2363209047537356,0.039999999999999994
B6,MQ-eff,validation,leave_N,8,11.97,300.0,0.6,2.1351,2.236320919674775,0.039999999999999994
B6,MQ-eff,validation,leave_N,8,11.97,600.0,0.1,2.288,2.189471858043688,0.039999999999999994
B6,MQ-eff,validation,leave_N,8,11.97,600.0,0.2,2.2118,2.1894718641463733,0.039999999999999994
B6,MQ-eff,validation,leave_N,8,11.97,600.0,0.3,2.1456,2.1894718702490588,0.039999999999999994
B6,MQ-eff,validation,leave_N,8,11.97,600.0,0.4,2.141,2.1894718763517447,0.039999999999999994
B6,MQ-eff,validation,leave_N,8,11.97,600.0,0.6,2.0709,2.189471888557117,0.039999999999999994
B6,M0_6,validation,leave_D,9,0.07,10.0,0.1,3.7216,3.560564765313514,0.022222222222222233
B6,M0_6,validation,leave_D,9,0.07,10.0,0.2,3.6004,3.560564765313514,0.022222222222222233
B6,M0_6,validation,leave_D,9,0.07,10.0,0.3,3.6507,3.560564765313514,0.022222222222222233
B6,M0_6,validation,leave_D,9,0.07,10.0,0.4,3.5704,3.560564765313514,0.022222222222222233
B6,M0_6,validation,leave_D,9,0.07,10.0,0.6,3.5458,3.560564765313514,0.022222222222222233
B6,M0_6,validation,leave_D,9,0.16,10.0,0.1,3.4765,3.312875638319008,0.022222222222222233
B6,M0_6,validation,leave_D,9,0.16,10.0,0.2,3.4324,3.312875638319008,0.022222222222222233
B6,M0_6,validation,leave_D,9,0.16,10.0,0.3,3.46,3.312875638319008,0.022222222222222233
B6,M0_6,validation,leave_D,9,0.16,10.0,0.4,3.2484,3.312875638319008,0.022222222222222233
B6,M0_6,validation,leave_D,9,0.16,10.0,0.6,3.269,3.312875638319008,0.022222222222222233
B6,M0_6,validation,leave_D,9,0.41,10.0,0.1,3.228,3.0912266357281672,0.022222222222222233
B6,M0_6,validation,leave_D,9,0.41,10.0,0.2,3.2291,3.0912266357281672,0.022222222222222233
B6,M0_6,validation,leave_D,9,0.41,10.0,0.3,3.2054,3.0912266357281672,0.022222222222222233
B6,M0_6,validation,leave_D,9,0.41,10.0,0.4,3.0181,3.0912266357281672,0.022222222222222233
B6,M0_6,validation,leave_D,9,0.41,10.0,0.6,3.0836,3.0912266357281672,0.022222222222222233
B6,M0_6,validation,leave_D,9,0.7,10.0,0.1,3.1919,2.988401301547669,0.022222222222222233
B6,M0_6,validation,leave_D,9,0.7,10.0,0.2,3.1552,2.988401301547669,0.022222222222222233
B6,M0_6,validation,leave_D,9,0.7,10.0,0.3,3.0155,2.988401301547669,0.022222222222222233
B6,M0_6,validation,leave_D,9,0.7,10.0,0.4,3.0148,2.988401301547669,0.022222222222222233
B6,M0_6,validation,leave_D,9,0.7,10.0,0.6,2.9615,2.988401301547669,0.022222222222222233
B6,M0_6,validation,leave_D,9,1.0,10.0,0.1,3.0483,2.927723811730673,0.022222222222222233
B6,M0_6,validation,leave_D,9,1.0,10.0,0.2,2.968,2.927723811730673,0.022222222222222233
B6,M0_6,validation,leave_D,9,1.0,10.0,0.3,2.8948,2.927723811730673,0.022222222222222233
B6,M0_6,validation,leave_D,9,1.0,10.0,0.4,2.8223,2.927723811730673,0.022222222222222233
B6,M0_6,validation,leave_D,9,1.0,10.0,0.6,2.8442,2.927723811730673,0.022222222222222233
B6,M0_6,validation,leave_D,9,2.8,10.0,0.1,2.9592,2.782334979526559,0.022222222222222233
B6,M0_6,validation,leave_D,9,2.8,10.0,0.2,2.8431,2.782334979526559,0.022222222222222233
B6,M0_6,validation,leave_D,9,2.8,10.0,0.3,2.8867,2.782334979526559,0.022222222222222233
B6,M0_6,validation,leave_D,9,2.8,10.0,0.4,2.771,2.782334979526559,0.022222222222222233
B6,M0_6,validation,leave_D,9,2.8,10.0,0.6,2.7064,2.782334979526559,0.022222222222222233
B6,M0_6,validation,leave_D,9,4.0,10.0,0.1,2.855,2.7407713693106386,0.022222222222222233
B6,M0_6,validation,leave_D,9,4.0,10.0,0.2,2.872,2.7407713693106386,0.022222222222222233
B6,M0_6,validation,leave_D,9,4.0,10.0,0.3,2.8016,2.7407713693106386,0.022222222222222233
B6,M0_6,validation,leave_D,9,4.0,10.0,0.4,2.6993,2.7407713693106386,0.022222222222222233
B6,M0_6,validation,leave_D,9,4.0,10.0,0.6,2.631,2.7407713693106386,0.022222222222222233
B6,M0_6,validation,leave_D,9,6.9,10.0,0.1,2.7585,2.684563515559077,0.022222222222222233
B6,M0_6,validation,leave_D,9,6.9,10.0,0.2,2.6605,2.684563515559077,0.022222222222222233
B6,M0_6,validation,leave_D,9,6.9,10.0,0.3,2.72,2.684563515559077,0.022222222222222233
B6,M0_6,validation,leave_D,9,6.9,10.0,0.4,2.6823,2.684563515559077,0.022222222222222233
B6,M0_6,validation,leave_D,9,6.9,10.0,0.6,2.5269,2.684563515559077,0.022222222222222233
B6,M0_6,validation,leave_D,9,11.97,10.0,0.1,2.77,2.6356614780778833,0.022222222222222233
B6,M0_6,validation,leave_D,9,11.97,10.0,0.2,2.6684,2.6356614780778833,0.022222222222222233
B6,M0_6,validation,leave_D,9,11.97,10.0,0.3,2.6888,2.6356614780778833,0.022222222222222233
B6,M0_6,validation,leave_D,9,11.97,10.0,0.4,2.7027,2.6356614780778833,0.022222222222222233
B6,M0_6,validation,leave_D,9,11.97,10.0,0.6,2.6784,2.6356614780778833,0.022222222222222233
B6,MQ-add,validation,leave_D,9,0.07,10.0,0.1,3.7216,3.6362047914856976,0.022222222222222233
B6,MQ-add,validation,leave_D,9,0.07,10.0,0.2,3.6004,3.6018229596540796,0.022222222222222233
B6,MQ-add,validation,leave_D,9,0.07,10.0,0.3,3.6507,3.567441127822462,0.022222222222222233
B6,MQ-add,validation,leave_D,9,0.07,10.0,0.4,3.5704,3.5330592959908445,0.022222222222222233
B6,MQ-add,validation,leave_D,9,0.07,10.0,0.6,3.5458,3.464295632327609,0.022222222222222233
B6,MQ-add,validation,leave_D,9,0.16,10.0,0.1,3.4765,3.3885156645005816,0.022222222222222233
B6,MQ-add,validation,leave_D,9,0.16,10.0,0.2,3.4324,3.3541338326689636,0.022222222222222233
B6,MQ-add,validation,leave_D,9,0.16,10.0,0.3,3.46,3.319752000837346,0.022222222222222233
B6,MQ-add,validation,leave_D,9,0.16,10.0,0.4,3.2484,3.2853701690057284,0.022222222222222233
B6,MQ-add,validation,leave_D,9,0.16,10.0,0.6,3.269,3.216606505342493,0.022222222222222233
B6,MQ-add,validation,leave_D,9,0.41,10.0,0.1,3.228,3.166866661913428,0.022222222222222233
B6,MQ-add,validation,leave_D,9,0.41,10.0,0.2,3.2291,3.13248483008181,0.022222222222222233
B6,MQ-add,validation,leave_D,9,0.41,10.0,0.3,3.2054,3.098102998250192,0.022222222222222233
B6,MQ-add,validation,leave_D,9,0.41,10.0,0.4,3.0181,3.0637211664185746,0.022222222222222233
B6,MQ-add,validation,leave_D,9,0.41,10.0,0.6,3.0836,2.994957502755339,0.022222222222222233
B6,MQ-add,validation,leave_D,9,0.7,10.0,0.1,3.1919,3.06404132773277,0.022222222222222233
B6,MQ-add,validation,leave_D,9,0.7,10.0,0.2,3.1552,3.029659495901152,0.022222222222222233
B6,MQ-add,validation,leave_D,9,0.7,10.0,0.3,3.0155,2.995277664069534,0.022222222222222233
B6,MQ-add,validation,leave_D,9,0.7,10.0,0.4,3.0148,2.9608958322379166,0.022222222222222233
B6,MQ-add,validation,leave_D,9,0.7,10.0,0.6,2.9615,2.892132168574681,0.022222222222222233
B6,MQ-add,validation,leave_D,9,1.0,10.0,0.1,3.0483,3.00336383791502,0.022222222222222233
B6,MQ-add,validation,leave_D,9,1.0,10.0,0.2,2.968,2.968982006083402,0.022222222222222233
B6,MQ-add,validation,leave_D,9,1.0,10.0,0.3,2.8948,2.934600174251784,0.022222222222222233
B6,MQ-add,validation,leave_D,9,1.0,10.0,0.4,2.8223,2.9002183424201666,0.022222222222222233
B6,MQ-add,validation,leave_D,9,1.0,10.0,0.6,2.8442,2.831454678756931,0.022222222222222233
B6,MQ-add,validation,leave_D,9,2.8,10.0,0.1,2.9592,2.857975005706735,0.022222222222222233
B6,MQ-add,validation,leave_D,9,2.8,10.0,0.2,2.8431,2.8235931738751168,0.022222222222222233
B6,MQ-add,validation,leave_D,9,2.8,10.0,0.3,2.8867,2.789211342043499,0.022222222222222233
B6,MQ-add,validation,leave_D,9,2.8,10.0,0.4,2.771,2.7548295102118816,0.022222222222222233
B6,MQ-add,validation,leave_D,9,2.8,10.0,0.6,2.7064,2.686065846548646,0.022222222222222233
B6,MQ-add,validation,leave_D,9,4.0,10.0,0.1,2.855,2.8164113954889034,0.022222222222222233
B6,MQ-add,validation,leave_D,9,4.0,10.0,0.2,2.872,2.7820295636572854,0.022222222222222233
B6,MQ-add,validation,leave_D,9,4.0,10.0,0.3,2.8016,2.747647731825668,0.022222222222222233
B6,MQ-add,validation,leave_D,9,4.0,10.0,0.4,2.6993,2.71326589999405,0.022222222222222233
B6,MQ-add,validation,leave_D,9,4.0,10.0,0.6,2.631,2.6445022363308146,0.022222222222222233
B6,MQ-add,validation,leave_D,9,6.9,10.0,0.1,2.7585,2.76020354173415,0.022222222222222233
B6,MQ-add,validation,leave_D,9,6.9,10.0,0.2,2.6605,2.725821709902532,0.022222222222222233
B6,MQ-add,validation,leave_D,9,6.9,10.0,0.3,2.72,2.6914398780709146,0.022222222222222233
B6,MQ-add,validation,leave_D,9,6.9,10.0,0.4,2.6823,2.657058046239297,0.022222222222222233
B6,MQ-add,validation,leave_D,9,6.9,10.0,0.6,2.5269,2.5882943825760614,0.022222222222222233
B6,MQ-add,validation,leave_D,9,11.97,10.0,0.1,2.77,2.7113015042495308,0.022222222222222233
B6,MQ-add,validation,leave_D,9,11.97,10.0,0.2,2.6684,2.6769196724179127,0.022222222222222233
B6,MQ-add,validation,leave_D,9,11.97,10.0,0.3,2.6888,2.642537840586295,0.022222222222222233
B6,MQ-add,validation,leave_D,9,11.97,10.0,0.4,2.7027,2.6081560087546776,0.022222222222222233
B6,MQ-add,validation,leave_D,9,11.97,10.0,0.6,2.6784,2.539392345091442,0.022222222222222233
B6,MQ-eff,validation,leave_D,9,0.07,10.0,0.1,3.7216,3.5605646687882446,0.022222222222222233
B6,MQ-eff,validation,leave_D,9,0.07,10.0,0.2,3.6004,3.5605646849210753,0.022222222222222233
B6,MQ-eff,validation,leave_D,9,0.07,10.0,0.3,3.6507,3.5605647010539063,0.022222222222222233
B6,MQ-eff,validation,leave_D,9,0.07,10.0,0.4,3.5704,3.560564717186738,0.022222222222222233
B6,MQ-eff,validation,leave_D,9,0.07,10.0,0.6,3.5458,3.5605647494524018,0.022222222222222233
B6,MQ-eff,validation,leave_D,9,0.16,10.0,0.1,3.4765,3.3128755417971263,0.022222222222222233
B6,MQ-eff,validation,leave_D,9,0.16,10.0,0.2,3.4324,3.312875557929957,0.022222222222222233
B6,MQ-eff,validation,leave_D,9,0.16,10.0,0.3,3.46,3.312875574062788,0.022222222222222233
B6,MQ-eff,validation,leave_D,9,0.16,10.0,0.4,3.2484,3.3128755901956195,0.022222222222222233
B6,MQ-eff,validation,leave_D,9,0.16,10.0,0.6,3.269,3.3128756224612834,0.022222222222222233
B6,MQ-eff,validation,leave_D,9,0.41,10.0,0.1,3.228,3.091226539207598,0.022222222222222233
B6,MQ-eff,validation,leave_D,9,0.41,10.0,0.2,3.2291,3.0912265553404286,0.022222222222222233
B6,MQ-eff,validation,leave_D,9,0.41,10.0,0.3,3.2054,3.0912265714732596,0.022222222222222233
B6,MQ-eff,validation,leave_D,9,0.41,10.0,0.4,3.0181,3.091226587606091,0.022222222222222233
B6,MQ-eff,validation,leave_D,9,0.41,10.0,0.6,3.0836,3.091226619871755,0.022222222222222233
B6,MQ-eff,validation,leave_D,9,0.7,10.0,0.1,3.1919,2.988401205027027,0.022222222222222233
B6,MQ-eff,validation,leave_D,9,0.7,10.0,0.2,3.1552,2.9884012211598576,0.022222222222222233
B6,MQ-eff,validation,leave_D,9,0.7,10.0,0.3,3.0155,2.9884012372926887,0.022222222222222233
B6,MQ-eff,validation,leave_D,9,0.7,10.0,0.4,3.0148,2.98840125342552,0.022222222222222233
B6,MQ-eff,validation,leave_D,9,0.7,10.0,0.6,2.9615,2.988401285691184,0.022222222222222233
B6,MQ-eff,validation,leave_D,9,1.0,10.0,0.1,3.0483,2.9277237152097477,0.022222222222222233
B6,MQ-eff,validation,leave_D,9,1.0,10.0,0.2,2.968,2.9277237313425784,0.022222222222222233
B6,MQ-eff,validation,leave_D,9,1.0,10.0,0.3,2.8948,2.9277237474754094,0.022222222222222233
B6,MQ-eff,validation,leave_D,9,1.0,10.0,0.4,2.8223,2.927723763608241,0.022222222222222233
B6,MQ-eff,validation,leave_D,9,1.0,10.0,0.6,2.8442,2.927723795873905,0.022222222222222233
B6,MQ-eff,validation,leave_D,9,2.8,10.0,0.1,2.9592,2.7823348830040926,0.022222222222222233
B6,MQ-eff,validation,leave_D,9,2.8,10.0,0.2,2.8431,2.7823348991369232,0.022222222222222233
B6,MQ-eff,validation,leave_D,9,2.8,10.0,0.3,2.8867,2.7823349152697543,0.022222222222222233
B6,MQ-eff,validation,leave_D,9,2.8,10.0,0.4,2.771,2.782334931402586,0.022222222222222233
B6,MQ-eff,validation,leave_D,9,2.8,10.0,0.6,2.7064,2.7823349636682497,0.022222222222222233
B6,MQ-eff,validation,leave_D,9,4.0,10.0,0.1,2.855,2.74077127278747,0.022222222222222233
B6,MQ-eff,validation,leave_D,9,4.0,10.0,0.2,2.872,2.7407712889203006,0.022222222222222233
B6,MQ-eff,validation,leave_D,9,4.0,10.0,0.3,2.8016,2.7407713050531317,0.022222222222222233
B6,MQ-eff,validation,leave_D,9,4.0,10.0,0.4,2.6993,2.7407713211859632,0.022222222222222233
B6,MQ-eff,validation,leave_D,9,4.0,10.0,0.6,2.631,2.740771353451627,0.022222222222222233
B6,MQ-eff,validation,leave_D,9,6.9,10.0,0.1,2.7585,2.684563419034737,0.022222222222222233
B6,MQ-eff,validation,leave_D,9,6.9,10.0,0.2,2.6605,2.6845634351675676,0.022222222222222233
B6,MQ-eff,validation,leave_D,9,6.9,10.0,0.3,2.72,2.6845634513003986,0.022222222222222233
B6,MQ-eff,validation,leave_D,9,6.9,10.0,0.4,2.6823,2.68456346743323,0.022222222222222233
B6,MQ-eff,validation,leave_D,9,6.9,10.0,0.6,2.5269,2.6845634996988945,0.022222222222222233
B6,MQ-eff,validation,leave_D,9,11.97,10.0,0.1,2.77,2.635661381552288,0.022222222222222233
B6,MQ-eff,validation,leave_D,9,11.97,10.0,0.2,2.6684,2.6356613976851184,0.022222222222222233
B6,MQ-eff,validation,leave_D,9,11.97,10.0,0.3,2.6888,2.6356614138179495,0.022222222222222233
B6,MQ-eff,validation,leave_D,9,11.97,10.0,0.4,2.7027,2.635661429950781,0.022222222222222233
B6,MQ-eff,validation,leave_D,9,11.97,10.0,0.6,2.6784,2.6356614622164454,0.022222222222222233
B6,M0_6,validation,leave_D,10,0.07,50.0,0.1,3.5105,3.361423702550725,0.022222222222222233
B6,M0_6,validation,leave_D,10,0.07,50.0,0.2,3.4001,3.361423702550725,0.022222222222222233
B6,M0_6,validation,leave_D,10,0.07,50.0,0.3,3.3596,3.361423702550725,0.022222222222222233
B6,M0_6,validation,leave_D,10,0.07,50.0,0.4,3.2727,3.361423702550725,0.022222222222222233
B6,M0_6,validation,leave_D,10,0.07,50.0,0.6,3.0798,3.361423702550725,0.022222222222222233
B6,M0_6,validation,leave_D,10,0.16,50.0,0.1,3.2175,3.1076913649794724,0.022222222222222233
B6,M0_6,validation,leave_D,10,0.16,50.0,0.2,3.1458,3.1076913649794724,0.022222222222222233
B6,M0_6,validation,leave_D,10,0.16,50.0,0.3,3.0796,3.1076913649794724,0.022222222222222233
B6,M0_6,validation,leave_D,10,0.16,50.0,0.4,3.002,3.1076913649794724,0.022222222222222233
B6,M0_6,validation,leave_D,10,0.16,50.0,0.6,2.8375,3.1076913649794724,0.022222222222222233
B6,M0_6,validation,leave_D,10,0.41,50.0,0.1,2.976,2.881211861033496,0.022222222222222233
B6,M0_6,validation,leave_D,10,0.41,50.0,0.2,2.9489,2.881211861033496,0.022222222222222233
B6,M0_6,validation,leave_D,10,0.41,50.0,0.3,2.9676,2.881211861033496,0.022222222222222233
B6,M0_6,validation,leave_D,10,0.41,50.0,0.4,2.8049,2.881211861033496,0.022222222222222233
B6,M0_6,validation,leave_D,10,0.41,50.0,0.6,2.6958,2.881211861033496,0.022222222222222233
B6,M0_6,validation,leave_D,10,0.7,50.0,0.1,2.8444,2.776374047146546,0.022222222222222233
B6,M0_6,validation,leave_D,10,0.7,50.0,0.2,2.8069,2.776374047146546,0.022222222222222233
B6,M0_6,validation,leave_D,10,0.7,50.0,0.3,2.7973,2.776374047146546,0.022222222222222233
B6,M0_6,validation,leave_D,10,0.7,50.0,0.4,2.7324,2.776374047146546,0.022222222222222233
B6,M0_6,validation,leave_D,10,0.7,50.0,0.6,2.6134,2.776374047146546,0.022222222222222233
B6,M0_6,validation,leave_D,10,1.0,50.0,0.1,2.8264,2.7145894520993727,0.022222222222222233
B6,M0_6,validation,leave_D,10,1.0,50.0,0.2,2.8076,2.7145894520993727,0.022222222222222233
B6,M0_6,validation,leave_D,10,1.0,50.0,0.3,2.6823,2.7145894520993727,0.022222222222222233
B6,M0_6,validation,leave_D,10,1.0,50.0,0.4,2.6528,2.7145894520993727,0.022222222222222233
B6,M0_6,validation,leave_D,10,1.0,50.0,0.6,2.6707,2.7145894520993727,0.022222222222222233
B6,M0_6,validation,leave_D,10,2.8,50.0,0.1,2.5785,2.566835640384152,0.022222222222222233
B6,M0_6,validation,leave_D,10,2.8,50.0,0.2,2.4874,2.566835640384152,0.022222222222222233
B6,M0_6,validation,leave_D,10,2.8,50.0,0.3,2.5971,2.566835640384152,0.022222222222222233
B6,M0_6,validation,leave_D,10,2.8,50.0,0.4,2.5963,2.566835640384152,0.022222222222222233
B6,M0_6,validation,leave_D,10,2.8,50.0,0.6,2.5446,2.566835640384152,0.022222222222222233
B6,M0_6,validation,leave_D,10,4.0,50.0,0.1,2.5657,2.5246832328680315,0.022222222222222233
B6,M0_6,validation,leave_D,10,4.0,50.0,0.2,2.6024,2.5246832328680315,0.022222222222222233
B6,M0_6,validation,leave_D,10,4.0,50.0,0.3,2.5078,2.5246832328680315,0.022222222222222233
B6,M0_6,validation,leave_D,10,4.0,50.0,0.4,2.5793,2.5246832328680315,0.022222222222222233
B6,M0_6,validation,leave_D,10,4.0,50.0,0.6,2.4706,2.5246832328680315,0.022222222222222233
B6,M0_6,validation,leave_D,10,6.9,50.0,0.1,2.5548,2.467752880659262,0.022222222222222233
B6,M0_6,validation,leave_D,10,6.9,50.0,0.2,2.4799,2.467752880659262,0.022222222222222233
B6,M0_6,validation,leave_D,10,6.9,50.0,0.3,2.4833,2.467752880659262,0.022222222222222233
B6,M0_6,validation,leave_D,10,6.9,50.0,0.4,2.4979,2.467752880659262,0.022222222222222233
B6,M0_6,validation,leave_D,10,6.9,50.0,0.6,2.4093,2.467752880659262,0.022222222222222233
B6,M0_6,validation,leave_D,10,11.97,50.0,0.1,2.4506,2.4183007807649632,0.022222222222222233
B6,M0_6,validation,leave_D,10,11.97,50.0,0.2,2.4199,2.4183007807649632,0.022222222222222233
B6,M0_6,validation,leave_D,10,11.97,50.0,0.3,2.4152,2.4183007807649632,0.022222222222222233
B6,M0_6,validation,leave_D,10,11.97,50.0,0.4,2.3833,2.4183007807649632,0.022222222222222233
B6,M0_6,validation,leave_D,10,11.97,50.0,0.6,2.3437,2.4183007807649632,0.022222222222222233
B6,MQ-add,validation,leave_D,10,0.07,50.0,0.1,3.5105,3.436712839143284,0.022222222222222233
B6,MQ-add,validation,leave_D,10,0.07,50.0,0.2,3.4001,3.402490504308411,0.022222222222222233
B6,MQ-add,validation,leave_D,10,0.07,50.0,0.3,3.3596,3.368268169473538,0.022222222222222233
B6,MQ-add,validation,leave_D,10,0.07,50.0,0.4,3.2727,3.334045834638665,0.022222222222222233
B6,MQ-add,validation,leave_D,10,0.07,50.0,0.6,3.0798,3.2656011649689187,0.022222222222222233
B6,MQ-add,validation,leave_D,10,0.16,50.0,0.1,3.2175,3.182980501567586,0.022222222222222233
B6,MQ-add,validation,leave_D,10,0.16,50.0,0.2,3.1458,3.1487581667327125,0.022222222222222233
B6,MQ-add,validation,leave_D,10,0.16,50.0,0.3,3.0796,3.1145358318978396,0.022222222222222233
B6,MQ-add,validation,leave_D,10,0.16,50.0,0.4,3.002,3.0803134970629666,0.022222222222222233
B6,MQ-add,validation,leave_D,10,0.16,50.0,0.6,2.8375,3.0118688273932204,0.022222222222222233
B6,MQ-add,validation,leave_D,10,0.41,50.0,0.1,2.976,2.9565009976198486,0.022222222222222233
B6,MQ-add,validation,leave_D,10,0.41,50.0,0.2,2.9489,2.9222786627849753,0.022222222222222233
B6,MQ-add,validation,leave_D,10,0.41,50.0,0.3,2.9676,2.8880563279501024,0.022222222222222233
B6,MQ-add,validation,leave_D,10,0.41,50.0,0.4,2.8049,2.8538339931152295,0.022222222222222233
B6,MQ-add,validation,leave_D,10,0.41,50.0,0.6,2.6958,2.785389323445483,0.022222222222222233
B6,MQ-add,validation,leave_D,10,0.7,50.0,0.1,2.8444,2.8516631837329576,0.022222222222222233
B6,MQ-add,validation,leave_D,10,0.7,50.0,0.2,2.8069,2.817440848898084,0.022222222222222233
B6,MQ-add,validation,leave_D,10,0.7,50.0,0.3,2.7973,2.7832185140632113,0.022222222222222233
B6,MQ-add,validation,leave_D,10,0.7,50.0,0.4,2.7324,2.7489961792283384,0.022222222222222233
B6,MQ-add,validation,leave_D,10,0.7,50.0,0.6,2.6134,2.680551509558592,0.022222222222222233
B6,MQ-add,validation,leave_D,10,1.0,50.0,0.1,2.8264,2.789878588686127,0.022222222222222233
B6,MQ-add,validation,leave_D,10,1.0,50.0,0.2,2.8076,2.7556562538512535,0.022222222222222233
B6,MQ-add,validation,leave_D,10,1.0,50.0,0.3,2.6823,2.7214339190163805,0.022222222222222233
B6,MQ-add,validation,leave_D,10,1.0,50.0,0.4,2.6528,2.6872115841815076,0.022222222222222233
B6,MQ-add,validation,leave_D,10,1.0,50.0,0.6,2.6707,2.6187669145117614,0.022222222222222233
B6,MQ-add,validation,leave_D,10,2.8,50.0,0.1,2.5785,2.642124776972827,0.022222222222222233
B6,MQ-add,validation,leave_D,10,2.8,50.0,0.2,2.4874,2.6079024421379535,0.022222222222222233
B6,MQ-add,validation,leave_D,10,2.8,50.0,0.3,2.5971,2.5736801073030806,0.022222222222222233
B6,MQ-add,validation,leave_D,10,2.8,50.0,0.4,2.5963,2.5394577724682077,0.022222222222222233
B6,MQ-add,validation,leave_D,10,2.8,50.0,0.6,2.5446,2.4710131027984614,0.022222222222222233
B6,MQ-add,validation,leave_D,10,4.0,50.0,0.1,2.5657,2.599972369457588,0.022222222222222233
B6,MQ-add,validation,leave_D,10,4.0,50.0,0.2,2.6024,2.5657500346227144,0.022222222222222233
B6,MQ-add,validation,leave_D,10,4.0,50.0,0.3,2.5078,2.5315276997878415,0.022222222222222233
B6,MQ-add,validation,leave_D,10,4.0,50.0,0.4,2.5793,2.4973053649529686,0.022222222222222233
B6,MQ-add,validation,leave_D,10,4.0,50.0,0.6,2.4706,2.4288606952832223,0.022222222222222233
B6,MQ-add,validation,leave_D,10,6.9,50.0,0.1,2.5548,2.5430420172502917,0.022222222222222233
B6,MQ-add,validation,leave_D,10,6.9,50.0,0.2,2.4799,2.5088196824154183,0.022222222222222233
B6,MQ-add,validation,leave_D,10,6.9,50.0,0.3,2.4833,2.4745973475805454,0.022222222222222233
B6,MQ-add,validation,leave_D,10,6.9,50.0,0.4,2.4979,2.4403750127456725,0.022222222222222233
B6,MQ-add,validation,leave_D,10,6.9,50.0,0.6,2.4093,2.371930343075926,0.022222222222222233
B6,MQ-add,validation,leave_D,10,11.97,50.0,0.1,2.4506,2.4935899173575735,0.022222222222222233
B6,MQ-add,validation,leave_D,10,11.97,50.0,0.2,2.4199,2.4593675825227,0.022222222222222233
B6,MQ-add,validation,leave_D,10,11.97,50.0,0.3,2.4152,2.4251452476878272,0.022222222222222233
B6,MQ-add,validation,leave_D,10,11.97,50.0,0.4,2.3833,2.3909229128529543,0.022222222222222233
B6,MQ-add,validation,leave_D,10,11.97,50.0,0.6,2.3437,2.322478243183208,0.022222222222222233
B6,MQ-eff,validation,leave_D,10,0.07,50.0,0.1,3.5105,3.361423668131398,0.022222222222222233
B6,MQ-eff,validation,leave_D,10,0.07,50.0,0.2,3.4001,3.3614236808135,0.022222222222222233
B6,MQ-eff,validation,leave_D,10,0.07,50.0,0.3,3.3596,3.3614236934956025,0.022222222222222233
B6,MQ-eff,validation,leave_D,10,0.07,50.0,0.4,3.2727,3.3614237061777055,0.022222222222222233
B6,MQ-eff,validation,leave_D,10,0.07,50.0,0.6,3.0798,3.3614237315419118,0.022222222222222233
B6,MQ-eff,validation,leave_D,10,0.16,50.0,0.1,3.2175,3.107691330556996,0.022222222222222233
B6,MQ-eff,validation,leave_D,10,0.16,50.0,0.2,3.1458,3.1076913432390985,0.022222222222222233
B6,MQ-eff,validation,leave_D,10,0.16,50.0,0.3,3.0796,3.1076913559212005,0.022222222222222233
B6,MQ-eff,validation,leave_D,10,0.16,50.0,0.4,3.002,3.1076913686033034,0.022222222222222233
B6,MQ-eff,validation,leave_D,10,0.16,50.0,0.6,2.8375,3.1076913939675097,0.022222222222222233
B6,MQ-eff,validation,leave_D,10,0.41,50.0,0.1,2.976,2.8812118266097864,0.022222222222222233
B6,MQ-eff,validation,leave_D,10,0.41,50.0,0.2,2.9489,2.881211839291889,0.022222222222222233
B6,MQ-eff,validation,leave_D,10,0.41,50.0,0.3,2.9676,2.881211851973991,0.022222222222222233
B6,MQ-eff,validation,leave_D,10,0.41,50.0,0.4,2.8049,2.881211864656094,0.022222222222222233
B6,MQ-eff,validation,leave_D,10,0.41,50.0,0.6,2.6958,2.8812118900203,0.022222222222222233
B6,MQ-eff,validation,leave_D,10,0.7,50.0,0.1,2.8444,2.7763740127228904,0.022222222222222233
B6,MQ-eff,validation,leave_D,10,0.7,50.0,0.2,2.8069,2.7763740254049925,0.022222222222222233
B6,MQ-eff,validation,leave_D,10,0.7,50.0,0.3,2.7973,2.776374038087095,0.022222222222222233
B6,MQ-eff,validation,leave_D,10,0.7,50.0,0.4,2.7324,2.776374050769198,0.022222222222222233
B6,MQ-eff,validation,leave_D,10,0.7,50.0,0.6,2.6134,2.776374076133404,0.022222222222222233
B6,MQ-eff,validation,leave_D,10,1.0,50.0,0.1,2.8264,2.714589417675969,0.022222222222222233
B6,MQ-eff,validation,leave_D,10,1.0,50.0,0.2,2.8076,2.714589430358071,0.022222222222222233
B6,MQ-eff,validation,leave_D,10,1.0,50.0,0.3,2.6823,2.7145894430401736,0.022222222222222233
B6,MQ-eff,validation,leave_D,10,1.0,50.0,0.4,2.6528,2.7145894557222765,0.022222222222222233
B6,MQ-eff,validation,leave_D,10,1.0,50.0,0.6,2.6707,2.714589481086483,0.022222222222222233
B6,MQ-eff,validation,leave_D,10,2.8,50.0,0.1,2.5785,2.566835605962137,0.022222222222222233
B6,MQ-eff,validation,leave_D,10,2.8,50.0,0.2,2.4874,2.566835618644239,0.022222222222222233
B6,MQ-eff,validation,leave_D,10,2.8,50.0,0.3,2.5971,2.5668356313263416,0.022222222222222233
B6,MQ-eff,validation,leave_D,10,2.8,50.0,0.4,2.5963,2.5668356440084446,0.022222222222222233
B6,MQ-eff,validation,leave_D,10,2.8,50.0,0.6,2.5446,2.566835669372651,0.022222222222222233
B6,MQ-eff,validation,leave_D,10,4.0,50.0,0.1,2.5657,2.524683198446651,0.022222222222222233
B6,MQ-eff,validation,leave_D,10,4.0,50.0,0.2,2.6024,2.524683211128753,0.022222222222222233
B6,MQ-eff,validation,leave_D,10,4.0,50.0,0.3,2.5078,2.5246832238108556,0.022222222222222233
B6,MQ-eff,validation,leave_D,10,4.0,50.0,0.4,2.5793,2.5246832364929586,0.022222222222222233
B6,MQ-eff,validation,leave_D,10,4.0,50.0,0.6,2.4706,2.524683261857165,0.022222222222222233
B6,MQ-eff,validation,leave_D,10,6.9,50.0,0.1,2.5548,2.467752846238941,0.022222222222222233
B6,MQ-eff,validation,leave_D,10,6.9,50.0,0.2,2.4799,2.467752858921043,0.022222222222222233
B6,MQ-eff,validation,leave_D,10,6.9,50.0,0.3,2.4833,2.4677528716031456,0.022222222222222233
B6,MQ-eff,validation,leave_D,10,6.9,50.0,0.4,2.4979,2.467752884285248,0.022222222222222233
B6,MQ-eff,validation,leave_D,10,6.9,50.0,0.6,2.4093,2.4677529096494544,0.022222222222222233
B6,MQ-eff,validation,leave_D,10,11.97,50.0,0.1,2.4506,2.4183007463457775,0.022222222222222233
B6,MQ-eff,validation,leave_D,10,11.97,50.0,0.2,2.4199,2.4183007590278796,0.022222222222222233
B6,MQ-eff,validation,leave_D,10,11.97,50.0,0.3,2.4152,2.418300771709982,0.022222222222222233
B6,MQ-eff,validation,leave_D,10,11.97,50.0,0.4,2.3833,2.4183007843920845,0.022222222222222233
B6,MQ-eff,validation,leave_D,10,11.97,50.0,0.6,2.3437,2.418300809756291,0.022222222222222233
B6,M0_6,validation,leave_D,11,0.07,150.0,0.1,3.384,3.223010418621249,0.022222222222222233
B6,M0_6,validation,leave_D,11,0.07,150.0,0.2,3.2214,3.223010418621249,0.022222222222222233
B6,M0_6,validation,leave_D,11,0.07,150.0,0.3,3.3529,3.223010418621249,0.022222222222222233
B6,M0_6,validation,leave_D,11,0.07,150.0,0.4,3.1687,3.223010418621249,0.022222222222222233
B6,M0_6,validation,leave_D,11,0.07,150.0,0.6,3.1017,3.223010418621249,0.022222222222222233
B6,M0_6,validation,leave_D,11,0.16,150.0,0.1,3.1249,2.9763423439332697,0.022222222222222233
B6,M0_6,validation,leave_D,11,0.16,150.0,0.2,2.9746,2.9763423439332697,0.022222222222222233
B6,M0_6,validation,leave_D,11,0.16,150.0,0.3,3.0125,2.9763423439332697,0.022222222222222233
B6,M0_6,validation,leave_D,11,0.16,150.0,0.4,2.9738,2.9763423439332697,0.022222222222222233
B6,M0_6,validation,leave_D,11,0.16,150.0,0.6,2.8802,2.9763423439332697,0.022222222222222233
B6,M0_6,validation,leave_D,11,0.41,150.0,0.1,2.8727,2.7546813006401267,0.022222222222222233
B6,M0_6,validation,leave_D,11,0.41,150.0,0.2,2.8815,2.7546813006401267,0.022222222222222233
B6,M0_6,validation,leave_D,11,0.41,150.0,0.3,2.7186,2.7546813006401267,0.022222222222222233
B6,M0_6,validation,leave_D,11,0.41,150.0,0.4,2.6566,2.7546813006401267,0.022222222222222233
B6,M0_6,validation,leave_D,11,0.41,150.0,0.6,2.6516,2.7546813006401267,0.022222222222222233
B6,M0_6,validation,leave_D,11,0.7,150.0,0.1,2.7893,2.6514819291766374,0.022222222222222233
B6,M0_6,validation,leave_D,11,0.7,150.0,0.2,2.6375,2.6514819291766374,0.022222222222222233
B6,M0_6,validation,leave_D,11,0.7,150.0,0.3,2.6856,2.6514819291766374,0.022222222222222233
B6,M0_6,validation,leave_D,11,0.7,150.0,0.4,2.5991,2.6514819291766374,0.022222222222222233
B6,M0_6,validation,leave_D,11,0.7,150.0,0.6,2.5608,2.6514819291766374,0.022222222222222233
B6,M0_6,validation,leave_D,11,1.0,150.0,0.1,2.6482,2.5904533226998443,0.022222222222222233
B6,M0_6,validation,leave_D,11,1.0,150.0,0.2,2.6343,2.5904533226998443,0.022222222222222233
B6,M0_6,validation,leave_D,11,1.0,150.0,0.3,2.6133,2.5904533226998443,0.022222222222222233
B6,M0_6,validation,leave_D,11,1.0,150.0,0.4,2.5016,2.5904533226998443,0.022222222222222233
B6,M0_6,validation,leave_D,11,1.0,150.0,0.6,2.5859,2.5904533226998443,0.022222222222222233
B6,M0_6,validation,leave_D,11,2.8,150.0,0.1,2.4446,2.443754609779046,0.022222222222222233
B6,M0_6,validation,leave_D,11,2.8,150.0,0.2,2.4506,2.443754609779046,0.022222222222222233
B6,M0_6,validation,leave_D,11,2.8,150.0,0.3,2.3889,2.443754609779046,0.022222222222222233
B6,M0_6,validation,leave_D,11,2.8,150.0,0.4,2.5101,2.443754609779046,0.022222222222222233
B6,M0_6,validation,leave_D,11,2.8,150.0,0.6,2.2938,2.443754609779046,0.022222222222222233
B6,M0_6,validation,leave_D,11,4.0,150.0,0.1,2.494,2.401673735580425,0.022222222222222233
B6,M0_6,validation,leave_D,11,4.0,150.0,0.2,2.4505,2.401673735580425,0.022222222222222233
B6,M0_6,validation,leave_D,11,4.0,150.0,0.3,2.4411,2.401673735580425,0.022222222222222233
B6,M0_6,validation,leave_D,11,4.0,150.0,0.4,2.3929,2.401673735580425,0.022222222222222233
B6,M0_6,validation,leave_D,11,4.0,150.0,0.6,2.3873,2.401673735580425,0.022222222222222233
B6,M0_6,validation,leave_D,11,6.9,150.0,0.1,2.3272,2.3446451312511924,0.022222222222222233
B6,M0_6,validation,leave_D,11,6.9,150.0,0.2,2.3658,2.3446451312511924,0.022222222222222233
B6,M0_6,validation,leave_D,11,6.9,150.0,0.3,2.3708,2.3446451312511924,0.022222222222222233
B6,M0_6,validation,leave_D,11,6.9,150.0,0.4,2.3438,2.3446451312511924,0.022222222222222233
B6,M0_6,validation,leave_D,11,6.9,150.0,0.6,2.2064,2.3446451312511924,0.022222222222222233
B6,M0_6,validation,leave_D,11,11.97,150.0,0.1,2.4214,2.294899459122821,0.022222222222222233
B6,M0_6,validation,leave_D,11,11.97,150.0,0.2,2.3485,2.294899459122821,0.022222222222222233
B6,M0_6,validation,leave_D,11,11.97,150.0,0.3,2.3316,2.294899459122821,0.022222222222222233
B6,M0_6,validation,leave_D,11,11.97,150.0,0.4,2.2453,2.294899459122821,0.022222222222222233
B6,M0_6,validation,leave_D,11,11.97,150.0,0.6,2.2154,2.294899459122821,0.022222222222222233
B6,MQ-add,validation,leave_D,11,0.07,150.0,0.1,3.384,3.3011963870950667,0.022222222222222233
B6,MQ-add,validation,leave_D,11,0.07,150.0,0.2,3.2214,3.2656573105184297,0.022222222222222233
B6,MQ-add,validation,leave_D,11,0.07,150.0,0.3,3.3529,3.230118233941792,0.022222222222222233
B6,MQ-add,validation,leave_D,11,0.07,150.0,0.4,3.1687,3.1945791573651547,0.022222222222222233
B6,MQ-add,validation,leave_D,11,0.07,150.0,0.6,3.1017,3.12350100421188,0.022222222222222233
B6,MQ-add,validation,leave_D,11,0.16,150.0,0.1,3.1249,3.0545283123929425,0.022222222222222233
B6,MQ-add,validation,leave_D,11,0.16,150.0,0.2,2.9746,3.0189892358163055,0.022222222222222233
B6,MQ-add,validation,leave_D,11,0.16,150.0,0.3,3.0125,2.983450159239668,0.022222222222222233
B6,MQ-add,validation,leave_D,11,0.16,150.0,0.4,2.9738,2.9479110826630306,0.022222222222222233
B6,MQ-add,validation,leave_D,11,0.16,150.0,0.6,2.8802,2.8768329295097557,0.022222222222222233
B6,MQ-add,validation,leave_D,11,0.41,150.0,0.1,2.8727,2.8328672690940557,0.022222222222222233
B6,MQ-add,validation,leave_D,11,0.41,150.0,0.2,2.8815,2.7973281925174183,0.022222222222222233
B6,MQ-add,validation,leave_D,11,0.41,150.0,0.3,2.7186,2.7617891159407812,0.022222222222222233
B6,MQ-add,validation,leave_D,11,0.41,150.0,0.4,2.6566,2.726250039364144,0.022222222222222233
B6,MQ-add,validation,leave_D,11,0.41,150.0,0.6,2.6516,2.655171886210869,0.022222222222222233
B6,MQ-add,validation,leave_D,11,0.7,150.0,0.1,2.7893,2.7296678976306645,0.022222222222222233
B6,MQ-add,validation,leave_D,11,0.7,150.0,0.2,2.6375,2.6941288210540275,0.022222222222222233
B6,MQ-add,validation,leave_D,11,0.7,150.0,0.3,2.6856,2.65858974447739,0.022222222222222233
B6,MQ-add,validation,leave_D,11,0.7,150.0,0.4,2.5991,2.6230506679007526,0.022222222222222233
B6,MQ-add,validation,leave_D,11,0.7,150.0,0.6,2.5608,2.5519725147474777,0.022222222222222233
B6,MQ-add,validation,leave_D,11,1.0,150.0,0.1,2.6482,2.6686392911549093,0.022222222222222233
B6,MQ-add,validation,leave_D,11,1.0,150.0,0.2,2.6343,2.6331002145782723,0.022222222222222233
B6,MQ-add,validation,leave_D,11,1.0,150.0,0.3,2.6133,2.597561138001635,0.022222222222222233
B6,MQ-add,validation,leave_D,11,1.0,150.0,0.4,2.5016,2.5620220614249973,0.022222222222222233
B6,MQ-add,validation,leave_D,11,1.0,150.0,0.6,2.5859,2.4909439082717224,0.022222222222222233
B6,MQ-add,validation,leave_D,11,2.8,150.0,0.1,2.4446,2.5219405782401325,0.022222222222222233
B6,MQ-add,validation,leave_D,11,2.8,150.0,0.2,2.4506,2.4864015016634955,0.022222222222222233
B6,MQ-add,validation,leave_D,11,2.8,150.0,0.3,2.3889,2.450862425086858,0.022222222222222233
B6,MQ-add,validation,leave_D,11,2.8,150.0,0.4,2.5101,2.4153233485102206,0.022222222222222233
B6,MQ-add,validation,leave_D,11,2.8,150.0,0.6,2.2938,2.3442451953569456,0.022222222222222233
B6,MQ-add,validation,leave_D,11,4.0,150.0,0.1,2.494,2.479859704044313,0.022222222222222233
B6,MQ-add,validation,leave_D,11,4.0,150.0,0.2,2.4505,2.4443206274676754,0.022222222222222233
B6,MQ-add,validation,leave_D,11,4.0,150.0,0.3,2.4411,2.4087815508910384,0.022222222222222233
B6,MQ-add,validation,leave_D,11,4.0,150.0,0.4,2.3929,2.373242474314401,0.022222222222222233
B6,MQ-add,validation,leave_D,11,4.0,150.0,0.6,2.3873,2.302164321161126,0.022222222222222233
B6,MQ-add,validation,leave_D,11,6.9,150.0,0.1,2.3272,2.4228310997197884,0.022222222222222233
B6,MQ-add,validation,leave_D,11,6.9,150.0,0.2,2.3658,2.387292023143151,0.022222222222222233
B6,MQ-add,validation,leave_D,11,6.9,150.0,0.3,2.3708,2.351752946566514,0.022222222222222233
B6,MQ-add,validation,leave_D,11,6.9,150.0,0.4,2.3438,2.3162138699898764,0.022222222222222233
B6,MQ-add,validation,leave_D,11,6.9,150.0,0.6,2.2064,2.2451357168366015,0.022222222222222233
B6,MQ-add,validation,leave_D,11,11.97,150.0,0.1,2.4214,2.3730854275964974,0.022222222222222233
B6,MQ-add,validation,leave_D,11,11.97,150.0,0.2,2.3485,2.33754635101986,0.022222222222222233
B6,MQ-add,validation,leave_D,11,11.97,150.0,0.3,2.3316,2.302007274443223,0.022222222222222233
B6,MQ-add,validation,leave_D,11,11.97,150.0,0.4,2.2453,2.2664681978665855,0.022222222222222233
B6,MQ-add,validation,leave_D,11,11.97,150.0,0.6,2.2154,2.1953900447133106,0.022222222222222233
B6,MQ-eff,validation,leave_D,11,0.07,150.0,0.1,3.384,3.223010404705659,0.022222222222222233
B6,MQ-eff,validation,leave_D,11,0.07,150.0,0.2,3.2214,3.2230104138073497,0.022222222222222233
B6,MQ-eff,validation,leave_D,11,0.07,150.0,0.3,3.3529,3.2230104229090406,0.022222222222222233
B6,MQ-eff,validation,leave_D,11,0.07,150.0,0.4,3.1687,3.2230104320107316,0.022222222222222233
B6,MQ-eff,validation,leave_D,11,0.07,150.0,0.6,3.1017,3.2230104502141144,0.022222222222222233
B6,MQ-eff,validation,leave_D,11,0.16,150.0,0.1,3.1249,2.9763423300012666,0.022222222222222233
B6,MQ-eff,validation,leave_D,11,0.16,150.0,0.2,2.9746,2.976342339102957,0.022222222222222233
B6,MQ-eff,validation,leave_D,11,0.16,150.0,0.3,3.0125,2.976342348204648,0.022222222222222233
B6,MQ-eff,validation,leave_D,11,0.16,150.0,0.4,2.9738,2.976342357306339,0.022222222222222233
B6,MQ-eff,validation,leave_D,11,0.16,150.0,0.6,2.8802,2.976342375509722,0.022222222222222233
B6,MQ-eff,validation,leave_D,11,0.41,150.0,0.1,2.8727,2.754681286701436,0.022222222222222233
B6,MQ-eff,validation,leave_D,11,0.41,150.0,0.2,2.8815,2.7546812958031266,0.022222222222222233
B6,MQ-eff,validation,leave_D,11,0.41,150.0,0.3,2.7186,2.7546813049048176,0.022222222222222233
B6,MQ-eff,validation,leave_D,11,0.41,150.0,0.4,2.6566,2.7546813140065085,0.022222222222222233
B6,MQ-eff,validation,leave_D,11,0.41,150.0,0.6,2.6516,2.7546813322098913,0.022222222222222233
B6,MQ-eff,validation,leave_D,11,0.7,150.0,0.1,2.7893,2.65148191523804,0.022222222222222233
B6,MQ-eff,validation,leave_D,11,0.7,150.0,0.2,2.6375,2.6514819243397305,0.022222222222222233
B6,MQ-eff,validation,leave_D,11,0.7,150.0,0.3,2.6856,2.6514819334414215,0.022222222222222233
B6,MQ-eff,validation,leave_D,11,0.7,150.0,0.4,2.5991,2.6514819425431124,0.022222222222222233
B6,MQ-eff,validation,leave_D,11,0.7,150.0,0.6,2.5608,2.6514819607464952,0.022222222222222233
B6,MQ-eff,validation,leave_D,11,1.0,150.0,0.1,2.6482,2.5904533087624366,0.022222222222222233
B6,MQ-eff,validation,leave_D,11,1.0,150.0,0.2,2.6343,2.590453317864127,0.022222222222222233
B6,MQ-eff,validation,leave_D,11,1.0,150.0,0.3,2.6133,2.590453326965818,0.022222222222222233
B6,MQ-eff,validation,leave_D,11,1.0,150.0,0.4,2.5016,2.590453336067509,0.022222222222222233
B6,MQ-eff,validation,leave_D,11,1.0,150.0,0.6,2.5859,2.590453354270892,0.022222222222222233
B6,MQ-eff,validation,leave_D,11,2.8,150.0,0.1,2.4446,2.4437545958485773,0.022222222222222233
B6,MQ-eff,validation,leave_D,11,2.8,150.0,0.2,2.4506,2.443754604950268,0.022222222222222233
B6,MQ-eff,validation,leave_D,11,2.8,150.0,0.3,2.3889,2.443754614051959,0.022222222222222233
B6,MQ-eff,validation,leave_D,11,2.8,150.0,0.4,2.5101,2.4437546231536498,0.022222222222222233
B6,MQ-eff,validation,leave_D,11,2.8,150.0,0.6,2.2938,2.4437546413570326,0.022222222222222233
B6,MQ-eff,validation,leave_D,11,4.0,150.0,0.1,2.494,2.40167372165319,0.022222222222222233
B6,MQ-eff,validation,leave_D,11,4.0,150.0,0.2,2.4505,2.4016737307548803,0.022222222222222233
B6,MQ-eff,validation,leave_D,11,4.0,150.0,0.3,2.4411,2.4016737398565713,0.022222222222222233
B6,MQ-eff,validation,leave_D,11,4.0,150.0,0.4,2.3929,2.4016737489582622,0.022222222222222233
B6,MQ-eff,validation,leave_D,11,4.0,150.0,0.6,2.3873,2.401673767161645,0.022222222222222233
B6,MQ-eff,validation,leave_D,11,6.9,150.0,0.1,2.3272,2.3446451173293936,0.022222222222222233
B6,MQ-eff,validation,leave_D,11,6.9,150.0,0.2,2.3658,2.344645126431084,0.022222222222222233
B6,MQ-eff,validation,leave_D,11,6.9,150.0,0.3,2.3708,2.344645135532775,0.022222222222222233
B6,MQ-eff,validation,leave_D,11,6.9,150.0,0.4,2.3438,2.344645144634466,0.022222222222222233
B6,MQ-eff,validation,leave_D,11,6.9,150.0,0.6,2.2064,2.344645162837849,0.022222222222222233
B6,MQ-eff,validation,leave_D,11,11.97,150.0,0.1,2.4214,2.2948994452068914,0.022222222222222233
B6,MQ-eff,validation,leave_D,11,11.97,150.0,0.2,2.3485,2.294899454308582,0.022222222222222233
B6,MQ-eff,validation,leave_D,11,11.97,150.0,0.3,2.3316,2.294899463410273,0.022222222222222233
B6,MQ-eff,validation,leave_D,11,11.97,150.0,0.4,2.2453,2.294899472511964,0.022222222222222233
B6,MQ-eff,validation,leave_D,11,11.97,150.0,0.6,2.2154,2.2948994907153466,0.022222222222222233
B6,M0_6,validation,leave_D,12,0.07,300.0,0.1,3.2863,3.1714593426762434,0.022222222222222233
B6,M0_6,validation,leave_D,12,0.07,300.0,0.2,3.1355,3.1714593426762434,0.022222222222222233
B6,M0_6,validation,leave_D,12,0.07,300.0,0.3,3.1588,3.1714593426762434,0.022222222222222233
B6,M0_6,validation,leave_D,12,0.07,300.0,0.4,3.2809,3.1714593426762434,0.022222222222222233
B6,M0_6,validation,leave_D,12,0.07,300.0,0.6,3.0098,3.1714593426762434,0.022222222222222233
B6,M0_6,validation,leave_D,12,0.16,300.0,0.1,2.9719,2.9225037515187218,0.022222222222222233
B6,M0_6,validation,leave_D,12,0.16,300.0,0.2,2.9407,2.9225037515187218,0.022222222222222233
B6,M0_6,validation,leave_D,12,0.16,300.0,0.3,2.956,2.9225037515187218,0.022222222222222233
B6,M0_6,validation,leave_D,12,0.16,300.0,0.4,2.8482,2.9225037515187218,0.022222222222222233
B6,M0_6,validation,leave_D,12,0.16,300.0,0.6,2.8081,2.9225037515187218,0.022222222222222233
B6,M0_6,validation,leave_D,12,0.41,300.0,0.1,2.8085,2.699136129770557,0.022222222222222233
B6,M0_6,validation,leave_D,12,0.41,300.0,0.2,2.7682,2.699136129770557,0.022222222222222233
B6,M0_6,validation,leave_D,12,0.41,300.0,0.3,2.6832,2.699136129770557,0.022222222222222233
B6,M0_6,validation,leave_D,12,0.41,300.0,0.4,2.7891,2.699136129770557,0.022222222222222233
B6,M0_6,validation,leave_D,12,0.41,300.0,0.6,2.5211,2.699136129770557,0.022222222222222233
B6,M0_6,validation,leave_D,12,0.7,300.0,0.1,2.6722,2.595280876813984,0.022222222222222233
B6,M0_6,validation,leave_D,12,0.7,300.0,0.2,2.6214,2.595280876813984,0.022222222222222233
B6,M0_6,validation,leave_D,12,0.7,300.0,0.3,2.5759,2.595280876813984,0.022222222222222233
B6,M0_6,validation,leave_D,12,0.7,300.0,0.4,2.5792,2.595280876813984,0.022222222222222233
B6,M0_6,validation,leave_D,12,0.7,300.0,0.6,2.4842,2.595280876813984,0.022222222222222233
B6,M0_6,validation,leave_D,12,1.0,300.0,0.1,2.6943,2.533913390033995,0.022222222222222233
B6,M0_6,validation,leave_D,12,1.0,300.0,0.2,2.5728,2.533913390033995,0.022222222222222233
B6,M0_6,validation,leave_D,12,1.0,300.0,0.3,2.4688,2.533913390033995,0.022222222222222233
B6,M0_6,validation,leave_D,12,1.0,300.0,0.4,2.5249,2.533913390033995,0.022222222222222233
B6,M0_6,validation,leave_D,12,1.0,300.0,0.6,2.4469,2.533913390033995,0.022222222222222233
B6,M0_6,validation,leave_D,12,2.8,300.0,0.1,2.446,2.3865760708917447,0.022222222222222233
B6,M0_6,validation,leave_D,12,2.8,300.0,0.2,2.3643,2.3865760708917447,0.022222222222222233
B6,M0_6,validation,leave_D,12,2.8,300.0,0.3,2.3988,2.3865760708917447,0.022222222222222233
B6,M0_6,validation,leave_D,12,2.8,300.0,0.4,2.3719,2.3865760708917447,0.022222222222222233
B6,M0_6,validation,leave_D,12,2.8,300.0,0.6,2.3342,2.3865760708917447,0.022222222222222233
B6,M0_6,validation,leave_D,12,4.0,300.0,0.1,2.4125,2.3443655632439704,0.022222222222222233
B6,M0_6,validation,leave_D,12,4.0,300.0,0.2,2.3793,2.3443655632439704,0.022222222222222233
B6,M0_6,validation,leave_D,12,4.0,300.0,0.3,2.2697,2.3443655632439704,0.022222222222222233
B6,M0_6,validation,leave_D,12,4.0,300.0,0.4,2.3711,2.3443655632439704,0.022222222222222233
B6,M0_6,validation,leave_D,12,4.0,300.0,0.6,2.2294,2.3443655632439704,0.022222222222222233
B6,M0_6,validation,leave_D,12,6.9,300.0,0.1,2.3408,2.2872066785696274,0.022222222222222233
B6,M0_6,validation,leave_D,12,6.9,300.0,0.2,2.3195,2.2872066785696274,0.022222222222222233
B6,M0_6,validation,leave_D,12,6.9,300.0,0.3,2.3002,2.2872066785696274,0.022222222222222233
B6,M0_6,validation,leave_D,12,6.9,300.0,0.4,2.3167,2.2872066785696274,0.022222222222222233
B6,M0_6,validation,leave_D,12,6.9,300.0,0.6,2.2275,2.2872066785696274,0.022222222222222233
B6,M0_6,validation,leave_D,12,11.97,300.0,0.1,2.2899,2.2373958492879202,0.022222222222222233
B6,M0_6,validation,leave_D,12,11.97,300.0,0.2,2.2886,2.2373958492879202,0.022222222222222233
B6,M0_6,validation,leave_D,12,11.97,300.0,0.3,2.2767,2.2373958492879202,0.022222222222222233
B6,M0_6,validation,leave_D,12,11.97,300.0,0.4,2.2501,2.2373958492879202,0.022222222222222233
B6,M0_6,validation,leave_D,12,11.97,300.0,0.6,2.1351,2.2373958492879202,0.022222222222222233
B6,MQ-add,validation,leave_D,12,0.07,300.0,0.1,3.2863,3.2503407391235433,0.022222222222222233
B6,MQ-add,validation,leave_D,12,0.07,300.0,0.2,3.1355,3.214485558943287,0.022222222222222233
B6,MQ-add,validation,leave_D,12,0.07,300.0,0.3,3.1588,3.178630378763031,0.022222222222222233
B6,MQ-add,validation,leave_D,12,0.07,300.0,0.4,3.2809,3.1427751985827745,0.022222222222222233
B6,MQ-add,validation,leave_D,12,0.07,300.0,0.6,3.0098,3.071064838222262,0.022222222222222233
B6,MQ-add,validation,leave_D,12,0.16,300.0,0.1,2.9719,3.001385147960276,0.022222222222222233
B6,MQ-add,validation,leave_D,12,0.16,300.0,0.2,2.9407,2.9655299677800198,0.022222222222222233
B6,MQ-add,validation,leave_D,12,0.16,300.0,0.3,2.956,2.9296747875997635,0.022222222222222233
B6,MQ-add,validation,leave_D,12,0.16,300.0,0.4,2.8482,2.8938196074195073,0.022222222222222233
B6,MQ-add,validation,leave_D,12,0.16,300.0,0.6,2.8081,2.822109247058995,0.022222222222222233
B6,MQ-add,validation,leave_D,12,0.41,300.0,0.1,2.8085,2.778017526209915,0.022222222222222233
B6,MQ-add,validation,leave_D,12,0.41,300.0,0.2,2.7682,2.7421623460296587,0.022222222222222233
B6,MQ-add,validation,leave_D,12,0.41,300.0,0.3,2.6832,2.7063071658494025,0.022222222222222233
B6,MQ-add,validation,leave_D,12,0.41,300.0,0.4,2.7891,2.670451985669146,0.022222222222222233
B6,MQ-add,validation,leave_D,12,0.41,300.0,0.6,2.5211,2.5987416253086337,0.022222222222222233
B6,MQ-add,validation,leave_D,12,0.7,300.0,0.1,2.6722,2.674162273253496,0.022222222222222233
B6,MQ-add,validation,leave_D,12,0.7,300.0,0.2,2.6214,2.63830709307324,0.022222222222222233
B6,MQ-add,validation,leave_D,12,0.7,300.0,0.3,2.5759,2.6024519128929837,0.022222222222222233
B6,MQ-add,validation,leave_D,12,0.7,300.0,0.4,2.5792,2.5665967327127275,0.022222222222222233
B6,MQ-add,validation,leave_D,12,0.7,300.0,0.6,2.4842,2.494886372352215,0.022222222222222233
B6,MQ-add,validation,leave_D,12,1.0,300.0,0.1,2.6943,2.6127947864740135,0.022222222222222233
B6,MQ-add,validation,leave_D,12,1.0,300.0,0.2,2.5728,2.5769396062937573,0.022222222222222233
B6,MQ-add,validation,leave_D,12,1.0,300.0,0.3,2.4688,2.541084426113501,0.022222222222222233
B6,MQ-add,validation,leave_D,12,1.0,300.0,0.4,2.5249,2.505229245933245,0.022222222222222233
B6,MQ-add,validation,leave_D,12,1.0,300.0,0.6,2.4469,2.4335188855727323,0.022222222222222233
B6,MQ-add,validation,leave_D,12,2.8,300.0,0.1,2.446,2.4654574673344714,0.022222222222222233
B6,MQ-add,validation,leave_D,12,2.8,300.0,0.2,2.3643,2.429602287154215,0.022222222222222233
B6,MQ-add,validation,leave_D,12,2.8,300.0,0.3,2.3988,2.393747106973959,0.022222222222222233
B6,MQ-add,validation,leave_D,12,2.8,300.0,0.4,2.3719,2.3578919267937026,0.022222222222222233
B6,MQ-add,validation,leave_D,12,2.8,300.0,0.6,2.3342,2.28618156643319,0.022222222222222233
B6,MQ-add,validation,leave_D,12,4.0,300.0,0.1,2.4125,2.4232469596879262,0.022222222222222233
B6,MQ-add,validation,leave_D,12,4.0,300.0,0.2,2.3793,2.38739177950767,0.022222222222222233
B6,MQ-add,validation,leave_D,12,4.0,300.0,0.3,2.2697,2.3515365993274138,0.022222222222222233
B6,MQ-add,validation,leave_D,12,4.0,300.0,0.4,2.3711,2.3156814191471575,0.022222222222222233
B6,MQ-add,validation,leave_D,12,4.0,300.0,0.6,2.2294,2.243971058786645,0.022222222222222233
B6,MQ-add,validation,leave_D,12,6.9,300.0,0.1,2.3408,2.3660880750156337,0.022222222222222233
B6,MQ-add,validation,leave_D,12,6.9,300.0,0.2,2.3195,2.3302328948353774,0.022222222222222233
B6,MQ-add,validation,leave_D,12,6.9,300.0,0.3,2.3002,2.294377714655121,0.022222222222222233
B6,MQ-add,validation,leave_D,12,6.9,300.0,0.4,2.3167,2.258522534474865,0.022222222222222233
B6,MQ-add,validation,leave_D,12,6.9,300.0,0.6,2.2275,2.1868121741143525,0.022222222222222233
B6,MQ-add,validation,leave_D,12,11.97,300.0,0.1,2.2899,2.316277245736124,0.022222222222222233
B6,MQ-add,validation,leave_D,12,11.97,300.0,0.2,2.2886,2.2804220655558676,0.022222222222222233
B6,MQ-add,validation,leave_D,12,11.97,300.0,0.3,2.2767,2.2445668853756113,0.022222222222222233
B6,MQ-add,validation,leave_D,12,11.97,300.0,0.4,2.2501,2.208711705195355,0.022222222222222233
B6,MQ-add,validation,leave_D,12,11.97,300.0,0.6,2.1351,2.1370013448348426,0.022222222222222233
B6,MQ-eff,validation,leave_D,12,0.07,300.0,0.1,3.2863,3.1714593320617253,0.022222222222222233
B6,MQ-eff,validation,leave_D,12,0.07,300.0,0.2,3.1355,3.1714593395698456,0.022222222222222233
B6,MQ-eff,validation,leave_D,12,0.07,300.0,0.3,3.1588,3.1714593470779655,0.022222222222222233
B6,MQ-eff,validation,leave_D,12,0.07,300.0,0.4,3.2809,3.171459354586086,0.022222222222222233
B6,MQ-eff,validation,leave_D,12,0.07,300.0,0.6,3.0098,3.1714593696023274,0.022222222222222233
B6,MQ-eff,validation,leave_D,12,0.16,300.0,0.1,2.9719,2.922503740899372,0.022222222222222233
B6,MQ-eff,validation,leave_D,12,0.16,300.0,0.2,2.9407,2.9225037484074923,0.022222222222222233
B6,MQ-eff,validation,leave_D,12,0.16,300.0,0.3,2.956,2.922503755915612,0.022222222222222233
B6,MQ-eff,validation,leave_D,12,0.16,300.0,0.4,2.8482,2.9225037634237325,0.022222222222222233
B6,MQ-eff,validation,leave_D,12,0.16,300.0,0.6,2.8081,2.922503778439974,0.022222222222222233
B6,MQ-eff,validation,leave_D,12,0.41,300.0,0.1,2.8085,2.699136119149384,0.022222222222222233
B6,MQ-eff,validation,leave_D,12,0.41,300.0,0.2,2.7682,2.6991361266575042,0.022222222222222233
B6,MQ-eff,validation,leave_D,12,0.41,300.0,0.3,2.6832,2.699136134165624,0.022222222222222233
B6,MQ-eff,validation,leave_D,12,0.41,300.0,0.4,2.7891,2.6991361416737445,0.022222222222222233
B6,MQ-eff,validation,leave_D,12,0.41,300.0,0.6,2.5211,2.699136156689986,0.022222222222222233
B6,MQ-eff,validation,leave_D,12,0.7,300.0,0.1,2.6722,2.5952808661929607,0.022222222222222233
B6,MQ-eff,validation,leave_D,12,0.7,300.0,0.2,2.6214,2.595280873701081,0.022222222222222233
B6,MQ-eff,validation,leave_D,12,0.7,300.0,0.3,2.5759,2.595280881209201,0.022222222222222233
B6,MQ-eff,validation,leave_D,12,0.7,300.0,0.4,2.5792,2.5952808887173213,0.022222222222222233
B6,MQ-eff,validation,leave_D,12,0.7,300.0,0.6,2.4842,2.595280903733563,0.022222222222222233
B6,MQ-eff,validation,leave_D,12,1.0,300.0,0.1,2.6943,2.533913379413413,0.022222222222222233
B6,MQ-eff,validation,leave_D,12,1.0,300.0,0.2,2.5728,2.5339133869215336,0.022222222222222233
B6,MQ-eff,validation,leave_D,12,1.0,300.0,0.3,2.4688,2.5339133944296535,0.022222222222222233
B6,MQ-eff,validation,leave_D,12,1.0,300.0,0.4,2.5249,2.533913401937774,0.022222222222222233
B6,MQ-eff,validation,leave_D,12,1.0,300.0,0.6,2.4469,2.5339134169540154,0.022222222222222233
B6,MQ-eff,validation,leave_D,12,2.8,300.0,0.1,2.446,2.3865760602734882,0.022222222222222233
B6,MQ-eff,validation,leave_D,12,2.8,300.0,0.2,2.3643,2.3865760677816086,0.022222222222222233
B6,MQ-eff,validation,leave_D,12,2.8,300.0,0.3,2.3988,2.3865760752897285,0.022222222222222233
B6,MQ-eff,validation,leave_D,12,2.8,300.0,0.4,2.3719,2.386576082797849,0.022222222222222233
B6,MQ-eff,validation,leave_D,12,2.8,300.0,0.6,2.3342,2.3865760978140904,0.022222222222222233
B6,MQ-eff,validation,leave_D,12,4.0,300.0,0.1,2.4125,2.3443655526267655,0.022222222222222233
B6,MQ-eff,validation,leave_D,12,4.0,300.0,0.2,2.3793,2.344365560134886,0.022222222222222233
B6,MQ-eff,validation,leave_D,12,4.0,300.0,0.3,2.2697,2.3443655676430057,0.022222222222222233
B6,MQ-eff,validation,leave_D,12,4.0,300.0,0.4,2.3711,2.344365575151126,0.022222222222222233
B6,MQ-eff,validation,leave_D,12,4.0,300.0,0.6,2.2294,2.3443655901673677,0.022222222222222233
B6,MQ-eff,validation,leave_D,12,6.9,300.0,0.1,2.3408,2.2872066679541736,0.022222222222222233
B6,MQ-eff,validation,leave_D,12,6.9,300.0,0.2,2.3195,2.287206675462294,0.022222222222222233
B6,MQ-eff,validation,leave_D,12,6.9,300.0,0.3,2.3002,2.287206682970414,0.022222222222222233
B6,MQ-eff,validation,leave_D,12,6.9,300.0,0.4,2.3167,2.287206690478534,0.022222222222222233
B6,MQ-eff,validation,leave_D,12,6.9,300.0,0.6,2.2275,2.287206705494776,0.022222222222222233
B6,MQ-eff,validation,leave_D,12,11.97,300.0,0.1,2.2899,2.237395838674341,0.022222222222222233
B6,MQ-eff,validation,leave_D,12,11.97,300.0,0.2,2.2886,2.237395846182461,0.022222222222222233
B6,MQ-eff,validation,leave_D,12,11.97,300.0,0.3,2.2767,2.237395853690581,0.022222222222222233
B6,MQ-eff,validation,leave_D,12,11.97,300.0,0.4,2.2501,2.2373958611987015,0.022222222222222233
B6,MQ-eff,validation,leave_D,12,11.97,300.0,0.6,2.1351,2.237395876214943,0.022222222222222233
B6,M0_6,validation,leave_D,13,0.07,600.0,0.1,3.1971,3.128846305894593,0.022222222222222233
B6,M0_6,validation,leave_D,13,0.07,600.0,0.2,3.1469,3.128846305894593,0.022222222222222233
B6,M0_6,validation,leave_D,13,0.07,600.0,0.3,3.1946,3.128846305894593,0.022222222222222233
B6,M0_6,validation,leave_D,13,0.07,600.0,0.4,3.1242,3.128846305894593,0.022222222222222233
B6,M0_6,validation,leave_D,13,0.07,600.0,0.6,2.9753,3.128846305894593,0.022222222222222233
B6,M0_6,validation,leave_D,13,0.16,600.0,0.1,2.98,2.8789772560621056,0.022222222222222233
B6,M0_6,validation,leave_D,13,0.16,600.0,0.2,2.9212,2.8789772560621056,0.022222222222222233
B6,M0_6,validation,leave_D,13,0.16,600.0,0.3,2.8818,2.8789772560621056,0.022222222222222233
B6,M0_6,validation,leave_D,13,0.16,600.0,0.4,2.8627,2.8789772560621056,0.022222222222222233
B6,M0_6,validation,leave_D,13,0.16,600.0,0.6,2.7288,2.8789772560621056,0.022222222222222233
B6,M0_6,validation,leave_D,13,0.41,600.0,0.1,2.6695,2.655538165990939,0.022222222222222233
B6,M0_6,validation,leave_D,13,0.41,600.0,0.2,2.7354,2.655538165990939,0.022222222222222233
B6,M0_6,validation,leave_D,13,0.41,600.0,0.3,2.6187,2.655538165990939,0.022222222222222233
B6,M0_6,validation,leave_D,13,0.41,600.0,0.4,2.5858,2.655538165990939,0.022222222222222233
B6,M0_6,validation,leave_D,13,0.41,600.0,0.6,2.5121,2.655538165990939,0.022222222222222233
B6,M0_6,validation,leave_D,13,0.7,600.0,0.1,2.5974,2.5519460575944892,0.022222222222222233
B6,M0_6,validation,leave_D,13,0.7,600.0,0.2,2.5998,2.5519460575944892,0.022222222222222233
B6,M0_6,validation,leave_D,13,0.7,600.0,0.3,2.5611,2.5519460575944892,0.022222222222222233
B6,M0_6,validation,leave_D,13,0.7,600.0,0.4,2.5225,2.5519460575944892,0.022222222222222233
B6,M0_6,validation,leave_D,13,0.7,600.0,0.6,2.51,2.5519460575944892,0.022222222222222233
B6,M0_6,validation,leave_D,13,1.0,600.0,0.1,2.6008,2.490838546538192,0.022222222222222233
B6,M0_6,validation,leave_D,13,1.0,600.0,0.2,2.4894,2.490838546538192,0.022222222222222233
B6,M0_6,validation,leave_D,13,1.0,600.0,0.3,2.4439,2.490838546538192,0.022222222222222233
B6,M0_6,validation,leave_D,13,1.0,600.0,0.4,2.4229,2.490838546538192,0.022222222222222233
B6,M0_6,validation,leave_D,13,1.0,600.0,0.6,2.4336,2.490838546538192,0.022222222222222233
B6,M0_6,validation,leave_D,13,2.8,600.0,0.1,2.4515,2.3444997475789577,0.022222222222222233
B6,M0_6,validation,leave_D,13,2.8,600.0,0.2,2.4042,2.3444997475789577,0.022222222222222233
B6,M0_6,validation,leave_D,13,2.8,600.0,0.3,2.3538,2.3444997475789577,0.022222222222222233
B6,M0_6,validation,leave_D,13,2.8,600.0,0.4,2.3322,2.3444997475789577,0.022222222222222233
B6,M0_6,validation,leave_D,13,2.8,600.0,0.6,2.2986,2.3444997475789577,0.022222222222222233
B6,M0_6,validation,leave_D,13,4.0,600.0,0.1,2.2637,2.3026889853421078,0.022222222222222233
B6,M0_6,validation,leave_D,13,4.0,600.0,0.2,2.2681,2.3026889853421078,0.022222222222222233
B6,M0_6,validation,leave_D,13,4.0,600.0,0.3,2.403,2.3026889853421078,0.022222222222222233
B6,M0_6,validation,leave_D,13,4.0,600.0,0.4,2.3312,2.3026889853421078,0.022222222222222233
B6,M0_6,validation,leave_D,13,4.0,600.0,0.6,2.2966,2.3026889853421078,0.022222222222222233
B6,M0_6,validation,leave_D,13,6.9,600.0,0.1,2.2081,2.2461675606340434,0.022222222222222233
B6,M0_6,validation,leave_D,13,6.9,600.0,0.2,2.2684,2.2461675606340434,0.022222222222222233
B6,M0_6,validation,leave_D,13,6.9,600.0,0.3,2.2487,2.2461675606340434,0.022222222222222233
B6,M0_6,validation,leave_D,13,6.9,600.0,0.4,2.2425,2.2461675606340434,0.022222222222222233
B6,M0_6,validation,leave_D,13,6.9,600.0,0.6,2.1582,2.2461675606340434,0.022222222222222233
B6,M0_6,validation,leave_D,13,11.97,600.0,0.1,2.288,2.1970147303798266,0.022222222222222233
B6,M0_6,validation,leave_D,13,11.97,600.0,0.2,2.2118,2.1970147303798266,0.022222222222222233
B6,M0_6,validation,leave_D,13,11.97,600.0,0.3,2.1456,2.1970147303798266,0.022222222222222233
B6,M0_6,validation,leave_D,13,11.97,600.0,0.4,2.141,2.1970147303798266,0.022222222222222233
B6,M0_6,validation,leave_D,13,11.97,600.0,0.6,2.0709,2.1970147303798266,0.022222222222222233
B6,MQ-add,validation,leave_D,13,0.07,600.0,0.1,3.1971,3.210698692368051,0.022222222222222233
B6,MQ-add,validation,leave_D,13,0.07,600.0,0.2,3.1469,3.173493061737558,0.022222222222222233
B6,MQ-add,validation,leave_D,13,0.07,600.0,0.3,3.1946,3.136287431107065,0.022222222222222233
B6,MQ-add,validation,leave_D,13,0.07,600.0,0.4,3.1242,3.099081800476572,0.022222222222222233
B6,MQ-add,validation,leave_D,13,0.07,600.0,0.6,2.9753,3.024670539215586,0.022222222222222233
B6,MQ-add,validation,leave_D,13,0.16,600.0,0.1,2.98,2.9608296425426217,0.022222222222222233
B6,MQ-add,validation,leave_D,13,0.16,600.0,0.2,2.9212,2.9236240119121284,0.022222222222222233
B6,MQ-add,validation,leave_D,13,0.16,600.0,0.3,2.8818,2.8864183812816355,0.022222222222222233
B6,MQ-add,validation,leave_D,13,0.16,600.0,0.4,2.8627,2.8492127506511427,0.022222222222222233
B6,MQ-add,validation,leave_D,13,0.16,600.0,0.6,2.7288,2.7748014893901565,0.022222222222222233
B6,MQ-add,validation,leave_D,13,0.41,600.0,0.1,2.6695,2.737390552474207,0.022222222222222233
B6,MQ-add,validation,leave_D,13,0.41,600.0,0.2,2.7354,2.7001849218437135,0.022222222222222233
B6,MQ-add,validation,leave_D,13,0.41,600.0,0.3,2.6187,2.6629792912132206,0.022222222222222233
B6,MQ-add,validation,leave_D,13,0.41,600.0,0.4,2.5858,2.6257736605827278,0.022222222222222233
B6,MQ-add,validation,leave_D,13,0.41,600.0,0.6,2.5121,2.5513623993217416,0.022222222222222233
B6,MQ-add,validation,leave_D,13,0.7,600.0,0.1,2.5974,2.633798444077621,0.022222222222222233
B6,MQ-add,validation,leave_D,13,0.7,600.0,0.2,2.5998,2.5965928134471277,0.022222222222222233
B6,MQ-add,validation,leave_D,13,0.7,600.0,0.3,2.5611,2.559387182816635,0.022222222222222233
B6,MQ-add,validation,leave_D,13,0.7,600.0,0.4,2.5225,2.522181552186142,0.022222222222222233
B6,MQ-add,validation,leave_D,13,0.7,600.0,0.6,2.51,2.4477702909251557,0.022222222222222233
B6,MQ-add,validation,leave_D,13,1.0,600.0,0.1,2.6008,2.572690933020746,0.022222222222222233
B6,MQ-add,validation,leave_D,13,1.0,600.0,0.2,2.4894,2.535485302390253,0.022222222222222233
B6,MQ-add,validation,leave_D,13,1.0,600.0,0.3,2.4439,2.49827967175976,0.022222222222222233
B6,MQ-add,validation,leave_D,13,1.0,600.0,0.4,2.4229,2.461074041129267,0.022222222222222233
B6,MQ-add,validation,leave_D,13,1.0,600.0,0.6,2.4336,2.386662779868281,0.022222222222222233
B6,MQ-add,validation,leave_D,13,2.8,600.0,0.1,2.4515,2.4263521340583463,0.022222222222222233
B6,MQ-add,validation,leave_D,13,2.8,600.0,0.2,2.4042,2.389146503427853,0.022222222222222233
B6,MQ-add,validation,leave_D,13,2.8,600.0,0.3,2.3538,2.35194087279736,0.022222222222222233
B6,MQ-add,validation,leave_D,13,2.8,600.0,0.4,2.3322,2.314735242166867,0.022222222222222233
B6,MQ-add,validation,leave_D,13,2.8,600.0,0.6,2.2986,2.240323980905881,0.022222222222222233
B6,MQ-add,validation,leave_D,13,4.0,600.0,0.1,2.2637,2.3845413718200508,0.022222222222222233
B6,MQ-add,validation,leave_D,13,4.0,600.0,0.2,2.2681,2.3473357411895575,0.022222222222222233
B6,MQ-add,validation,leave_D,13,4.0,600.0,0.3,2.403,2.3101301105590646,0.022222222222222233
B6,MQ-add,validation,leave_D,13,4.0,600.0,0.4,2.3312,2.2729244799285717,0.022222222222222233
B6,MQ-add,validation,leave_D,13,4.0,600.0,0.6,2.2966,2.1985132186675855,0.022222222222222233
B6,MQ-add,validation,leave_D,13,6.9,600.0,0.1,2.2081,2.328019947109574,0.022222222222222233
B6,MQ-add,validation,leave_D,13,6.9,600.0,0.2,2.2684,2.290814316479081,0.022222222222222233
B6,MQ-add,validation,leave_D,13,6.9,600.0,0.3,2.2487,2.253608685848588,0.022222222222222233
B6,MQ-add,validation,leave_D,13,6.9,600.0,0.4,2.2425,2.216403055218095,0.022222222222222233
B6,MQ-add,validation,leave_D,13,6.9,600.0,0.6,2.1582,2.141991793957109,0.022222222222222233
B6,MQ-add,validation,leave_D,13,11.97,600.0,0.1,2.288,2.2788671168527714,0.022222222222222233
B6,MQ-add,validation,leave_D,13,11.97,600.0,0.2,2.2118,2.241661486222278,0.022222222222222233
B6,MQ-add,validation,leave_D,13,11.97,600.0,0.3,2.1456,2.2044558555917853,0.022222222222222233
B6,MQ-add,validation,leave_D,13,11.97,600.0,0.4,2.141,2.1672502249612924,0.022222222222222233
B6,MQ-add,validation,leave_D,13,11.97,600.0,0.6,2.0709,2.092838963700306,0.022222222222222233
B6,MQ-eff,validation,leave_D,13,0.07,600.0,0.1,3.1971,3.1288463034095355,0.022222222222222233
B6,MQ-eff,validation,leave_D,13,0.07,600.0,0.2,3.1469,3.128846309237246,0.022222222222222233
B6,MQ-eff,validation,leave_D,13,0.07,600.0,0.3,3.1946,3.1288463150649566,0.022222222222222233
B6,MQ-eff,validation,leave_D,13,0.07,600.0,0.4,3.1242,3.1288463208926673,0.022222222222222233
B6,MQ-eff,validation,leave_D,13,0.07,600.0,0.6,2.9753,3.1288463325480893,0.022222222222222233
B6,MQ-eff,validation,leave_D,13,0.16,600.0,0.1,2.98,2.8789772535793587,0.022222222222222233
B6,MQ-eff,validation,leave_D,13,0.16,600.0,0.2,2.9212,2.878977259407069,0.022222222222222233
B6,MQ-eff,validation,leave_D,13,0.16,600.0,0.3,2.8818,2.87897726523478,0.022222222222222233
B6,MQ-eff,validation,leave_D,13,0.16,600.0,0.4,2.8627,2.8789772710624906,0.022222222222222233
B6,MQ-eff,validation,leave_D,13,0.16,600.0,0.6,2.7288,2.8789772827179125,0.022222222222222233
B6,MQ-eff,validation,leave_D,13,0.41,600.0,0.1,2.6695,2.6555381635089628,0.022222222222222233
B6,MQ-eff,validation,leave_D,13,0.41,600.0,0.2,2.7354,2.655538169336673,0.022222222222222233
B6,MQ-eff,validation,leave_D,13,0.41,600.0,0.3,2.6187,2.655538175164384,0.022222222222222233
B6,MQ-eff,validation,leave_D,13,0.41,600.0,0.4,2.5858,2.6555381809920946,0.022222222222222233
B6,MQ-eff,validation,leave_D,13,0.41,600.0,0.6,2.5121,2.6555381926475166,0.022222222222222233
B6,MQ-eff,validation,leave_D,13,0.7,600.0,0.1,2.5974,2.551946055112356,0.022222222222222233
B6,MQ-eff,validation,leave_D,13,0.7,600.0,0.2,2.5998,2.5519460609400664,0.022222222222222233
B6,MQ-eff,validation,leave_D,13,0.7,600.0,0.3,2.5611,2.551946066767777,0.022222222222222233
B6,MQ-eff,validation,leave_D,13,0.7,600.0,0.4,2.5225,2.551946072595488,0.022222222222222233
B6,MQ-eff,validation,leave_D,13,0.7,600.0,0.6,2.51,2.55194608425091,0.022222222222222233
B6,MQ-eff,validation,leave_D,13,1.0,600.0,0.1,2.6008,2.4908385440557854,0.022222222222222233
B6,MQ-eff,validation,leave_D,13,1.0,600.0,0.2,2.4894,2.4908385498834957,0.022222222222222233
B6,MQ-eff,validation,leave_D,13,1.0,600.0,0.3,2.4439,2.4908385557112065,0.022222222222222233
B6,MQ-eff,validation,leave_D,13,1.0,600.0,0.4,2.4229,2.4908385615389173,0.022222222222222233
B6,MQ-eff,validation,leave_D,13,1.0,600.0,0.6,2.4336,2.490838573194339,0.022222222222222233
B6,MQ-eff,validation,leave_D,13,2.8,600.0,0.1,2.4515,2.344499745095247,0.022222222222222233
B6,MQ-eff,validation,leave_D,13,2.8,600.0,0.2,2.4042,2.3444997509229575,0.022222222222222233
B6,MQ-eff,validation,leave_D,13,2.8,600.0,0.3,2.3538,2.3444997567506682,0.022222222222222233
B6,MQ-eff,validation,leave_D,13,2.8,600.0,0.4,2.3322,2.344499762578379,0.022222222222222233
B6,MQ-eff,validation,leave_D,13,2.8,600.0,0.6,2.2986,2.344499774233801,0.022222222222222233
B6,MQ-eff,validation,leave_D,13,4.0,600.0,0.1,2.2637,2.302688982857828,0.022222222222222233
B6,MQ-eff,validation,leave_D,13,4.0,600.0,0.2,2.2681,2.302688988685538,0.022222222222222233
B6,MQ-eff,validation,leave_D,13,4.0,600.0,0.3,2.403,2.302688994513249,0.022222222222222233
B6,MQ-eff,validation,leave_D,13,4.0,600.0,0.4,2.3312,2.3026890003409597,0.022222222222222233
B6,MQ-eff,validation,leave_D,13,4.0,600.0,0.6,2.2966,2.3026890119963817,0.022222222222222233
B6,MQ-eff,validation,leave_D,13,6.9,600.0,0.1,2.2081,2.246167558148827,0.022222222222222233
B6,MQ-eff,validation,leave_D,13,6.9,600.0,0.2,2.2684,2.2461675639765373,0.022222222222222233
B6,MQ-eff,validation,leave_D,13,6.9,600.0,0.3,2.2487,2.246167569804248,0.022222222222222233
B6,MQ-eff,validation,leave_D,13,6.9,600.0,0.4,2.2425,2.246167575631959,0.022222222222222233
B6,MQ-eff,validation,leave_D,13,6.9,600.0,0.6,2.1582,2.2461675872873808,0.022222222222222233
B6,MQ-eff,validation,leave_D,13,11.97,600.0,0.1,2.288,2.197014727893618,0.022222222222222233
B6,MQ-eff,validation,leave_D,13,11.97,600.0,0.2,2.2118,2.1970147337213284,0.022222222222222233
B6,MQ-eff,validation,leave_D,13,11.97,600.0,0.3,2.1456,2.197014739549039,0.022222222222222233
B6,MQ-eff,validation,leave_D,13,11.97,600.0,0.4,2.141,2.19701474537675,0.022222222222222233
B6,MQ-eff,validation,leave_D,13,11.97,600.0,0.6,2.0709,2.197014757032172,0.022222222222222233
