task_id,source,model,stage,fold_id,replicate,seed,start_index,start,success,status,message,nfev,cost,x,finite
B1_full,B1,M0_B1,full,0,0,20260926,0,"[-0.34007286159849576, -1.9031955570414532, -0.6493238105440847, -1.0788785403879113, -1.2734010257537622]",True,3,`xtol` termination condition is satisfied.,6,6.96357259472058e-08,"[-0.34007286159849576, -1.9031955570414532, -0.6493238105440847, -1.0788785403879113, -1.2734010257537622]",True
B1_full,B1,M0_B1,full,0,0,20260926,1,"[-14.422704963813864, -12.714541481603973, -1.5981606000841868, -1.0395874188277547, -8.23306323114871]",True,2,`ftol` termination condition is satisfied.,69,6.96357259472102e-08,"[-0.34007286160082967, -1.9031955568483279, -0.6493238106008289, -1.0788785405391266, -1.2734010256594663]",True
B1_full,B1,M0_B1,full,0,0,20260926,2,"[-3.2789058550884693, 5.621591951725634, -16.38466084747849, -5.235783952000769, -3.732365909266055]",True,4,Both `ftol` and `xtol` termination conditions are satisfied.,51,6.963572594721496e-08,"[-0.34007286154849353, -1.9031955572271564, -0.6493238105636582, -1.0788785402369314, -1.2734010257222224]",True
B1_full,B1,M0_B1,full,0,0,20260926,3,"[1.0482264439762403, -10.962839200916422, 1.060837242181499, -1.9491279614789008, -0.03422093307164609]",True,1,`gtol` termination condition is satisfied.,17,6.963572594721462e-08,"[-0.3400728616341745, -1.903195556877662, -0.6493238105390198, -1.078878540518099, -1.2734010257618484]",True
B1_full,B1,M0_B1,full,0,0,20260926,4,"[-10.64671448151904, -4.7229909979343905, -7.662159005348636, -7.269929653455681, -5.075145839689583]",True,1,`gtol` termination condition is satisfied.,71,6.963572594721279e-08,"[-0.3400728616341995, -1.903195556877514, -0.6493238105390234, -1.078878540518213, -1.273401025761841]",True
B1_full,B1,M0_B1,full,0,0,20260926,5,"[-7.753632008129184, -5.861526300270253, -12.465472044413179, -7.7053187775178555, -5.537158899637227]",True,1,`gtol` termination condition is satisfied.,60,6.963572594721607e-08,"[-0.3400728616341964, -1.903195556877543, -0.6493238105390209, -1.0788785405181915, -1.2734010257618484]",True
B1_full,B1,M0_B1,full,0,0,20260926,6,"[3.943075045210879, -1.4109377372960807, -4.091883013998414, -3.49278336744836, -0.4590227970915741]",True,2,`ftol` termination condition is satisfied.,25,6.963572594721218e-08,"[-0.3400728616499567, -1.903195556855635, -0.6493238105196758, -1.0788785405352774, -1.273401025792919]",True
B1_full,B1,M0_B1,full,0,0,20260926,7,"[-0.47345015758276077, -16.21444705477759, -9.44269712858868, -4.972721141538024, -2.1067067322256525]",True,4,Both `ftol` and `xtol` termination conditions are satisfied.,23,6.963572594721258e-08,"[-0.34007286165543144, -1.9031955567894834, -0.6493238105311373, -1.0788785405869608, -1.2734010257752568]",True
B1_full,B1,M0_B1,full,0,0,20260926,8,"[-11.618320152481333, 0.3491240878098054, 4.265358028850592, 0.3690681933142024, -6.5702019533451415]",True,2,`ftol` termination condition is satisfied.,55,6.963572594721154e-08,"[-0.34007286161889805, -1.9031955568884702, -0.6493238105611708, -1.078878540509738, -1.273401025726828]",True
B1_full,B1,M0_B1,full,0,0,20260926,9,"[-13.866631279089779, -8.671534951800917, -10.13565913867484, -2.937935927443921, -2.95807682293486]",True,1,`gtol` termination condition is satisfied.,81,6.963572594722351e-08,"[-0.34007286163419054, -1.9031955568775512, -0.649323810539028, -1.078878540518184, -1.2734010257618364]",True
B1_full,B1,M0_B1,full,0,0,20260926,10,"[-2.7663491868109293, -4.2094680227091015, 3.5725906558612124, -8.260229777090162, -8.036225218163844]",True,1,`gtol` termination condition is satisfied.,55,6.963572594722658e-08,"[-0.3400728616335233, -1.9031955568778927, -0.6493238105400192, -1.0788785405179153, -1.2734010257602244]",True
B1_full,B1,M0_B1,full,0,0,20260926,11,"[4.7667609597023315, -13.314437810571858, -13.1529067685678, -0.20296004804705703, -4.003032250643904]",True,3,`xtol` termination condition is satisfied.,40,6.963572594722003e-08,"[-0.340072861637336, -1.9031955568742847, -0.6493238105348575, -1.0788785405207488, -1.2734010257686352]",True
B1_full,B1,M0_B1,full,0,0,20260926,12,"[-6.885358275938209, 3.2383503774098976, -4.779123101056255, -4.400647601993962, 0.4604530936953335]",True,3,`xtol` termination condition is satisfied.,77,6.963572594721673e-08,"[-0.3400728616325108, -1.9031955568821992, -0.6493238105403605, -1.0788785405145123, -1.2734010257596693]",True
B1_full,B1,M0_B1,full,0,0,20260926,13,"[-9.689429476974754, -15.70404302863191, 1.7925783584951844, -5.809312149424528, -1.4542026630273224]",True,1,`gtol` termination condition is satisfied.,54,6.963572594722494e-08,"[-0.34007286163399697, -1.9031955568776566, -0.6493238105393127, -1.0788785405181, -1.2734010257613706]",True
B1_full,B1,M0_B1,full,0,0,20260926,14,"[1.9609670250428444, 2.643569025575939, -6.930267410441804, -0.4661045195867981, -5.954912846041096]",True,1,`gtol` termination condition is satisfied.,25,6.963572594722706e-08,"[-0.34007286163423994, -1.9031955568782348, -0.6493238105387387, -1.0788785405176475, -1.273401025762307]",True
B1_full,B1,M0_B1,full,0,0,20260926,15,"[-5.660840698607542, -8.242301112636943, -0.8608052395548853, -6.716474448658642, -7.267730124692795]",True,2,`ftol` termination condition is satisfied.,51,6.963572594721137e-08,"[-0.3400728615750433, -1.9031955569021828, -0.6493238106292554, -1.0788785404990793, -1.2734010256168498]",True
B1_full,B1,M0_B1,full,0,0,20260926,16,"[-16.760095468775454, -2.013235609499951, -15.647155008356044, -2.5025196067080735, -2.226815663302891]",True,1,`gtol` termination condition is satisfied.,77,6.963572594721935e-08,"[-0.3400728616336039, -1.903195556880061, -0.6493238105392269, -1.078878540516212, -1.2734010257615143]",True
B1_full,B1,M0_B1,full,0,0,20260926,17,"[-16.018269824035208, -7.611925650340064, 3.282034325738202, -4.510858880129126, -4.5191594257295895]",True,1,`gtol` termination condition is satisfied.,64,6.963572594722404e-08,"[-0.3400728616340203, -1.9031955568777295, -0.6493238105392527, -1.078878540518046, -1.2734010257614705]",True
B1_full,B1,M0_B1,full,0,0,20260926,18,"[-4.8888838810549, -2.4431922681702503, -11.135599071032505, 0.8007697521904653, -0.06035944119542158]",True,1,`gtol` termination condition is satisfied.,20,6.963572594721361e-08,"[-0.34007286163449624, -1.903195556877071, -0.649323810538673, -1.078878540518561, -1.273401025762416]",True
B1_full,B1,M0_B1,full,0,0,20260926,19,"[2.6165714930376254, -14.352914508138323, -5.067557105558551, -7.850632647817325, -3.4780433654108194]",True,1,`gtol` termination condition is satisfied.,33,6.963572594721549e-08,"[-0.3400728616345159, -1.9031955568762737, -0.6493238105388823, -1.0788785405191874, -1.2734010257620734]",True
B1_full,B1,M0_B1,full,0,0,20260926,20,"[-9.00934612463247, 1.4928593087089332, -14.156289705485571, -3.644972045249613, -8.551561256045906]",True,2,`ftol` termination condition is satisfied.,69,6.963572594720891e-08,"[-0.34007286155168115, -1.9031955572350028, -0.6493238105657888, -1.0788785402402723, -1.2734010257194306]",True
B1_full,B1,M0_B1,full,0,0,20260926,21,"[-6.113110224562092, -13.936202024979702, -5.793949374509463, -1.7938821714943662, -6.601104053900283]",True,1,`gtol` termination condition is satisfied.,39,6.963572594721665e-08,"[-0.3400728616338136, -1.90319555687783, -0.6493238105395609, -1.0788785405179664, -1.273401025760968]",True
B1_full,B1,M0_B1,full,0,0,20260926,22,"[5.508269385038123, 3.7043957430138477, 2.213903303508417, -7.126508714277507, -1.5648746680915586]",True,1,`gtol` termination condition is satisfied.,15,6.963572594721507e-08,"[-0.34007286163418166, -1.9031955568776067, -0.6493238105390254, -1.0788785405181405, -1.27340102576184]",True
B1_full,B1,M0_B1,full,0,0,20260926,23,"[-2.08588356619153, -9.986226932224552, -14.512970167829927, -1.4740550446218021, -0.7913068176505256]",True,1,`gtol` termination condition is satisfied.,43,6.963572594722215e-08,"[-0.34007286163418987, -1.9031955568775196, -0.6493238105390381, -1.0788785405182084, -1.2734010257618185]",True
B1_full,B1,M0_B1,full,0,0,20260926,24,"[-13.211426912613963, -3.050494891089361, -0.4360481597670578, -5.696044327553869, -5.287386211846508]",True,1,`gtol` termination condition is satisfied.,52,6.963572594720994e-08,"[-0.34007286163419564, -1.903195556877569, -0.6493238105390147, -1.0788785405181693, -1.2734010257618589]",True
B1_full,B1,M0_B1,full,0,0,20260926,25,"[-12.298740553094607, -16.6474260233407, -16.630477140444746, -6.563502449810798, 0.6390626560571508]",True,1,`gtol` termination condition is satisfied.,32,6.963572594722482e-08,"[-0.3400728616342575, -1.9031955568773171, -0.6493238105389889, -1.0788785405183678, -1.2734010257618988]",True
B1_full,B1,M0_B1,full,0,0,20260926,26,"[-1.128696347256728, 0.9823887051270113, -2.553708328421399, -2.3569340183677685, -4.397160832105814]",True,1,`gtol` termination condition is satisfied.,37,6.963572594721144e-08,"[-0.3400728616334106, -1.9031955568806822, -0.6493238105393541, -1.078878540515723, -1.2734010257613055]",True
B1_full,B1,M0_B1,full,0,0,20260926,27,"[3.1707811793872445, -7.009694355572437, -7.9059399309782545, -6.241287700132763, -7.553614328408751]",True,3,`xtol` termination condition is satisfied.,58,6.963572594721242e-08,"[-0.3400728615053607, -1.9031955569297139, -0.649323810726363, -1.0788785404769166, -1.2734010254571824]",True
B1_full,B1,M0_B1,full,0,0,20260926,28,"[-8.495099374548614, -0.06248403323980156, 0.1017595510001037, -0.9287478282511481, -3.057526620663924]",True,2,`ftol` termination condition is satisfied.,44,6.9635725947212e-08,"[-0.34007286160183203, -1.9031955568962198, -0.6493238105875855, -1.0788785405038415, -1.2734010256859287]",True
B1_full,B1,M0_B1,full,0,0,20260926,29,"[-11.302277805677264, -10.499859964028122, -2.910911899193394, 0.2563373769596531, -2.634803001742932]",True,2,`ftol` termination condition is satisfied.,67,6.963572594721327e-08,"[-0.34007286161269534, -1.9031955568330134, -0.6493238105883223, -1.0788785405526196, -1.2734010256827437]",True
B1_full,B1,M0_B1,full,0,0,20260926,30,"[0.3680971922662408, -5.341909196783151, -11.999841853663572, -3.9664903486900736, -7.093597657079123]",True,1,`gtol` termination condition is satisfied.,19,6.963572594722036e-08,"[-0.34007286163419403, -1.9031955568775556, -0.6493238105390216, -1.0788785405181807, -1.2734010257618487]",True
B1_full,B1,M0_B1,full,0,0,20260926,31,"[-4.020773238106665, -11.55307050724225, 5.444282906533463, -3.0810487679230745, -6.0591989975179015]",True,2,`ftol` termination condition is satisfied.,60,6.963572594721464e-08,"[-0.34007286162502154, -1.903195556885386, -0.6493238105519961, -1.0788785405121544, -1.273401025741577]",True
B1_full,B1,M0_B1,full,0,0,20260926,32,"[-15.194616646280585, 4.304182015403448, -8.9735478447804, -8.41451034273717, -0.9856733617817559]",True,1,`gtol` termination condition is satisfied.,79,6.963572594722326e-08,"[-0.3400728616341947, -1.9031955568775747, -0.6493238105390134, -1.0788785405181658, -1.2734010257618595]",True
B1_leave_N_0.070542,B1,M0_B1,leave_N,0,0,20270926,0,"[-0.32104491573228533, -1.8841676111752428, -0.6302958646778742, -1.0788785403879113, -1.2734010257537622]",True,3,`xtol` termination condition is satisfied.,5,1.0704098580923361e-07,"[-0.32102206003131073, -1.884417919095878, -0.6302509781186076, -1.0786135722403525, -1.2734628090446458]",True
B1_leave_N_0.070542,B1,M0_B1,leave_N,0,0,20270926,1,"[-11.114431586166257, -5.811170235573702, -10.192943481520803, -7.229518833708795, -8.587337165728567]",True,1,`gtol` termination condition is satisfied.,97,1.070409858092484e-07,"[-0.3210220600309788, -1.88441791909817, -0.6302509781184491, -1.0786135722382024, -1.2734628090449038]",True
B1_leave_N_0.070542,B1,M0_B1,leave_N,0,0,20270926,2,"[1.7097038443437285, -4.202981414516209, 1.0824745268202811, -1.3602321246079017, 0.4608258355658137]",True,3,`xtol` termination condition is satisfied.,21,1.0704098580924205e-07,"[-0.32102206003082473, -1.8844179191033954, -0.6302509781170733, -1.0786135722332917, -1.2734628090471471]",True
B1_leave_N_0.070542,B1,M0_B1,leave_N,0,0,20270926,3,"[-2.799653381639832, -14.845237176840335, -13.327509109787826, -4.68598531422141, -3.898143500105893]",True,1,`gtol` termination condition is satisfied.,24,1.0704098580924768e-07,"[-0.32102206003095307, -1.8844179190983195, -0.6302509781184454, -1.0786135722380628, -1.2734628090449103]",True
B1_leave_N_0.070542,B1,M0_B1,leave_N,0,0,20270926,4,"[-12.771460285452084, 4.928577991707556, -2.18586147554155, -3.5504321086723802, -4.219600659881568]",True,1,`gtol` termination condition is satisfied.,83,1.0704098580924764e-07,"[-0.32102206003099587, -1.8844179190981254, -0.6302509781184358, -1.0786135722382426, -1.2734628090449278]",True
B1_leave_N_0.070542,B1,M0_B1,leave_N,0,0,20270926,5,"[-15.095233793997053, -11.892940994906642, 4.474375639557014, -2.627059606026931, -5.500518300936868]",True,1,`gtol` termination condition is satisfied.,150,1.0704098580925267e-07,"[-0.32102206003097067, -1.8844179190982193, -0.6302509781184471, -1.078613572238157, -1.2734628090449076]",True
B1_leave_N_0.070542,B1,M0_B1,leave_N,0,0,20270926,6,"[-5.1263655112212145, 1.8142674869156323, -7.179105737310225, -6.261301236674057, -2.6178628047927566]",True,1,`gtol` termination condition is satisfied.,83,1.0704098580925767e-07,"[-0.3210220600309759, -1.884417919098222, -0.6302509781184383, -1.0786135722381551, -1.2734628090449225]",True
B1_leave_N_0.070542,B1,M0_B1,leave_N,0,0,20270926,7,"[4.7505579521468135, -8.819810120535843, -3.780119838496784, 0.24968890937793198, -0.6518670735847767]",True,3,`xtol` termination condition is satisfied.,34,1.0704098580923951e-07,"[-0.3210220600158813, -1.8844179191983015, -0.630250978110042, -1.0786135721446712, -1.273462809058881]",True
B1_leave_N_0.070542,B1,M0_B1,leave_N,0,0,20270926,8,"[-8.075814913314028, -1.1672868032615291, -15.300583573915745, -8.187500427021922, -7.47411588436259]",True,2,`ftol` termination condition is satisfied.,84,1.070409858092393e-07,"[-0.32102206005450934, -1.884417918938588, -0.6302509781291974, -1.0786135723858774, -1.2734628090277127]",True
B1_leave_N_0.070542,B1,M0_B1,leave_N,0,0,20270926,9,"[-6.100629248111504, -16.96318055435932, -4.873974547815399, -5.280956196971847, -0.13116280135091785]",True,1,`gtol` termination condition is satisfied.,24,1.0704098580925193e-07,"[-0.32102206003096, -1.8844179190982637, -0.6302509781184529, -1.0786135722381134, -1.2734628090449025]",True
B1_leave_N_0.070542,B1,M0_B1,leave_N,0,0,20270926,10,"[3.8765686871725187, 3.8791317698576115, -16.171301967573896, -1.7586852258798844, -7.987199829825722]",True,1,`gtol` termination condition is satisfied.,50,1.0704098580924462e-07,"[-0.3210220600319865, -1.8844179190992991, -0.6302509781164485, -1.0786135722371446, -1.273462809048168]",True
B1_leave_N_0.070542,B1,M0_B1,leave_N,0,0,20270926,11,"[-3.017608524871026, -8.19072493574701, 3.9709799076185313, -7.840642799750254, -4.819737995784413]",True,1,`gtol` termination condition is satisfied.,80,1.0704098580925553e-07,"[-0.321022060030995, -1.8844179190981407, -0.6302509781184316, -1.0786135722382306, -1.2734628090449318]",True
B1_leave_N_0.070542,B1,M0_B1,leave_N,0,0,20270926,12,"[-15.835658531439625, -4.80159508756393, -7.193275521764139, 0.4104140474920772, -3.306154863189162]",True,1,`gtol` termination condition is satisfied.,101,1.0704098580926398e-07,"[-0.3210220600309986, -1.8844179190968018, -0.6302509781188365, -1.0786135722394827, -1.273462809044273]",True
B1_leave_N_0.070542,B1,M0_B1,leave_N,0,0,20270926,13,"[-13.511316227399796, -10.892537907782039, -12.423236367623705, -0.3426605764157902, -2.025873599428243]",True,1,`gtol` termination condition is satisfied.,107,1.0704098580925216e-07,"[-0.32102206003099043, -1.884417919098123, -0.630250978118445, -1.0786135722382455, -1.2734628090449116]",True
B1_leave_N_0.070542,B1,M0_B1,leave_N,0,0,20270926,14,"[-0.689987239636018, -2.171511999945933, -0.791664402173879, -6.398370962051649, -6.100655068391929]",True,1,`gtol` termination condition is satisfied.,85,1.0704098580925518e-07,"[-0.3210220600309642, -1.8844179190982477, -0.6302509781184508, -1.0786135722381307, -1.2734628090449058]",True
B1_leave_N_0.070542,B1,M0_B1,leave_N,0,0,20270926,15,"[0.8362779399715414, -14.227285539699917, -9.85614827272353, -3.240800989890614, -6.873979116907528]",True,1,`gtol` termination condition is satisfied.,36,1.0704098580925344e-07,"[-0.32102206003100414, -1.8844179190981474, -0.630250978118415, -1.0786135722382242, -1.2734628090449607]",True
B1_leave_N_0.070542,B1,M0_B1,leave_N,0,0,20270926,16,"[-9.138331330417355, 1.2608802739262117, 1.6417076675590359, -4.4880336676173656, -1.2438562789492913]",True,1,`gtol` termination condition is satisfied.,70,1.0704098580924507e-07,"[-0.32102206003099115, -1.8844179190979535, -0.6302509781184965, -1.0786135722384085, -1.2734628090448297]",True
B1_leave_N_0.070542,B1,M0_B1,leave_N,0,0,20270926,17,"[-9.428707311267118, -13.230507271282104, -17.12105389230941, -0.2904745206957067, -4.199618903124208]",True,2,`ftol` termination condition is satisfied.,45,1.0704098580924287e-07,"[-0.32102206003905087, -1.8844179191168409, -0.6302509780992627, -1.078613572220853, -1.2734628090756541]",True
B1_leave_N_0.070542,B1,M0_B1,leave_N,0,0,20270926,18,"[0.5485116842263338, 0.12056631801617357, -5.511721508011847, -8.541421657515691, -3.328959256300828]",True,1,`gtol` termination condition is satisfied.,18,1.070409858092472e-07,"[-0.32102206003097217, -1.8844179190982175, -0.6302509781184475, -1.0786135722381576, -1.2734628090449123]",True
B1_leave_N_0.070542,B1,M0_B1,leave_N,0,0,20270926,19,"[-1.114276897416893, -10.51047861927818, -8.201130526217044, -2.2359095221961507, 0.6551443458592807]",True,1,`gtol` termination condition is satisfied.,37,1.0704098580924475e-07,"[-0.3210220600309497, -1.8844179190986239, -0.6302509781183566, -1.0786135722377763, -1.2734628090450535]",True
B1_leave_N_0.070542,B1,M0_B1,leave_N,0,0,20270926,20,"[-13.932304485052882, -2.5018204094798637, 3.363487636664349, -5.758362965026831, -8.178518365820215]",True,1,`gtol` termination condition is satisfied.,136,1.0704098580925656e-07,"[-0.32102206003103473, -1.8844179190977188, -0.6302509781184962, -1.0786135722386272, -1.2734628090448272]",True
B1_leave_N_0.070542,B1,M0_B1,leave_N,0,0,20270926,21,"[-16.972962045054704, -7.857443979557052, -0.36121444206589004, -4.890898421086339, -6.906914457484692]",True,1,`gtol` termination condition is satisfied.,122,1.0704098580924286e-07,"[-0.3210220600310145, -1.8844179190972625, -0.6302509781186706, -1.078613572239053, -1.2734628090445461]",True
B1_leave_N_0.070542,B1,M0_B1,leave_N,0,0,20270926,22,"[-4.151611997081503, -5.1806709596262515, -11.591736160083524, -3.6435560329372425, -0.6158231851818616]",True,3,`xtol` termination condition is satisfied.,27,1.070409858092484e-07,"[-0.3210220600328256, -1.8844179191024975, -0.6302509781140687, -1.0786135722341472, -1.2734628090520488]",True
B1_leave_N_0.070542,B1,M0_B1,leave_N,0,0,20270926,23,"[2.8731776616057623, -15.825807215110371, 2.103099830842762, -7.173623052221213, -2.2255789429744475]",True,1,`gtol` termination condition is satisfied.,23,1.0704098580926263e-07,"[-0.32102206003091677, -1.884417919099269, -0.6302509781182118, -1.0786135722371688, -1.273462809045292]",True
B1_leave_N_0.070542,B1,M0_B1,leave_N,0,0,20270926,24,"[-7.101409189850521, 2.879423754564211, -9.08343865883421, -1.1180951383240743, -5.303525883322624]",True,1,`gtol` termination condition is satisfied.,84,1.0704098580924912e-07,"[-0.3210220600309791, -1.8844179190981487, -0.6302509781184558, -1.078613572238225, -1.273462809044895]",True
B1_leave_N_0.070542,B1,M0_B1,leave_N,0,0,20270926,25,"[-7.786353692851042, -9.911198492506411, 0.6196828786522168, -2.8496526824591584, -2.7299849645644008]",True,2,`ftol` termination condition is satisfied.,115,1.0704098580922885e-07,"[-0.3210220600490955, -1.884417918972816, -0.6302509781274979, -1.0786135723542347, -1.273462809030424]",True
B1_leave_N_0.070542,B1,M0_B1,leave_N,0,0,20270926,26,"[5.037760677449519, -0.12158295090424431, -10.967036275616195, -3.9850973144814112, -4.792770584207355]",True,1,`gtol` termination condition is satisfied.,26,1.0704098580925396e-07,"[-0.3210220600312419, -1.8844179190984423, -0.6302509781179353, -1.0786135722379464, -1.2734628090457452]",True
B1_leave_N_0.070542,B1,M0_B1,leave_N,0,0,20270926,27,"[-4.702985178934361, -12.180389160815356, -2.6121347205675445, -0.8828259250007013, -7.585366684737069]",True,3,`xtol` termination condition is satisfied.,59,1.0704098580923896e-07,"[-0.321022060023851, -1.884417919077508, -0.6302509781363245, -1.0786135722572734, -1.2734628090157207]",True
B1_leave_N_0.070542,B1,M0_B1,leave_N,0,0,20270926,28,"[-14.674814501679226, 2.23918701904471, -14.15483803713877, -6.752293968944745, 0.05617005412285181]",True,1,`gtol` termination condition is satisfied.,104,1.07040985809251e-07,"[-0.32102206003097894, -1.8844179190982346, -0.6302509781184288, -1.0786135722381407, -1.2734628090449365]",True
B1_leave_N_0.070542,B1,M0_B1,leave_N,0,0,20270926,29,"[-11.633587806501748, -15.273128576263844, -6.1726502177416585, -7.7847448155275085, -1.2147969084705048]",True,1,`gtol` termination condition is satisfied.,131,1.0704098580924793e-07,"[-0.32102206003099515, -1.8844179190981076, -0.6302509781184402, -1.078613572238259, -1.2734628090449154]",True
B1_leave_N_0.070542,B1,M0_B1,leave_N,0,0,20270926,30,"[-1.6647405839353322, 5.2130434205363265, 5.080484730305123, 0.6525530943991225, -6.313762207953761]",True,1,`gtol` termination condition is satisfied.,107,1.0704098580925745e-07,"[-0.3210220600309588, -1.8844179190982882, -0.6302509781184471, -1.0786135722380932, -1.2734628090449112]",True
B1_leave_N_0.070542,B1,M0_B1,leave_N,0,0,20270926,31,"[2.7136584003529904, -6.853932791908299, -14.346654934098236, -5.485867243213558, -5.896678132853555]",True,1,`gtol` termination condition is satisfied.,20,1.0704098580924409e-07,"[-0.32102206003098266, -1.8844179190981396, -0.6302509781184535, -1.0786135722382288, -1.2734628090449]",True
B1_leave_N_0.070542,B1,M0_B1,leave_N,0,0,20270926,32,"[-10.112736884040466, -3.1086626163084645, -3.1382015981110953, -1.8518069474095835, -1.6266052196858043]",True,1,`gtol` termination condition is satisfied.,86,1.0704098580924679e-07,"[-0.321022060030968, -1.8844179190982417, -0.6302509781184457, -1.078613572238134, -1.2734628090449118]",True
B1_leave_N_0.162405,B1,M0_B1,leave_N,1,0,20270927,0,"[-0.32104491573228533, -1.8841676111752428, -0.6302958646778742, -1.0788785403879113, -1.2734010257537622]",True,1,`gtol` termination condition is satisfied.,3,1.1540401850877066e-07,"[-0.3210216864779043, -1.884251582016032, -0.630324524139996, -1.0788287101979113, -1.2733894539407709]",True
B1_leave_N_0.162405,B1,M0_B1,leave_N,1,0,20270927,1,"[4.820278560958435, 5.314849746697309, 1.6498079293788805, -5.879731913909668, -7.574898514505606]",True,1,`gtol` termination condition is satisfied.,52,1.1540401850878424e-07,"[-0.32102168647794266, -1.8842515820159225, -0.630324524139966, -1.0788287101979936, -1.2733894539408195]",True
B1_leave_N_0.162405,B1,M0_B1,leave_N,1,0,20270927,2,"[-12.258428807110253, -15.904190490991704, -10.302028381653278, -3.2975018089065395, -1.934964187854578]",True,1,`gtol` termination condition is satisfied.,71,1.154040185087748e-07,"[-0.32102168647795665, -1.884251582016006, -0.6303245241399172, -1.0788287101979301, -1.2733894539408968]",True
B1_leave_N_0.162405,B1,M0_B1,leave_N,1,0,20270927,3,"[-8.865691442710986, -0.20035739045356493, -1.6561864236502686, -8.411282696218638, 0.18007912081126243]",True,1,`gtol` termination condition is satisfied.,65,1.1540401850879663e-07,"[-0.32102168647791984, -1.8842515820160057, -0.6303245241399761, -1.078828710197931, -1.2733894539407982]",True
B1_leave_N_0.162405,B1,M0_B1,leave_N,1,0,20270927,4,"[-3.1596761756480323, -10.366722202957943, -12.717530502778665, -0.4691757363807234, -6.095388817125411]",True,3,`xtol` termination condition is satisfied.,37,1.1540401850877442e-07,"[-0.3210216865155241, -1.884251582029779, -0.6303245240710807, -1.078828710187731, -1.2733894540543766]",True
B1_leave_N_0.162405,B1,M0_B1,leave_N,1,0,20270927,5,"[-2.6988695159083793, -5.404433901437294, -7.996209572074731, -0.03985693297577875, -4.436105509551362]",True,3,`xtol` termination condition is satisfied.,23,1.1540401850878095e-07,"[-0.3210216864811679, -1.884251582014697, -0.6303245241350287, -1.0788287101989373, -1.2733894539488742]",True
B1_leave_N_0.162405,B1,M0_B1,leave_N,1,0,20270927,6,"[-8.390650459165954, -7.033466045730284, 5.020625904237317, -6.421979033746176, -0.5843624958588034]",True,2,`ftol` termination condition is satisfied.,57,1.1540401850878002e-07,"[-0.3210216865358137, -1.8842515818456562, -0.630324524096006, -1.0788287103269167, -1.2733894540110116]",True
B1_leave_N_0.162405,B1,M0_B1,leave_N,1,0,20270927,7,"[-16.306672684054416, 0.09968520529198699, -14.66366878921226, -2.2767914608081625, -3.8522000047216434]",True,1,`gtol` termination condition is satisfied.,82,1.1540401850877364e-07,"[-0.3210216864779462, -1.8842515820159125, -0.6303245241399621, -1.0788287101980016, -1.2733894539408228]",True
B1_leave_N_0.162405,B1,M0_B1,leave_N,1,0,20270927,8,"[0.8080085788384821, -12.559846643023246, -5.386684921653657, -4.481819654018692, -7.147355435394458]",True,1,`gtol` termination condition is satisfied.,30,1.1540401850876836e-07,"[-0.32102168647799717, -1.884251582015874, -0.6303245241398916, -1.0788287101980312, -1.2733894539409416]",True
B1_leave_N_0.162405,B1,M0_B1,leave_N,1,0,20270927,9,"[2.327701402081914, -2.6994668658202503, -16.164590278392776, -6.916806070669061, -2.6184259500249434]",True,1,`gtol` termination condition is satisfied.,32,1.1540401850878874e-07,"[-0.3210216864779176, -1.884251582015947, -0.6303245241399997, -1.0788287101979754, -1.2733894539407649]",True
B1_leave_N_0.162405,B1,M0_B1,leave_N,1,0,20270927,10,"[-14.753783535865226, -10.027831609473186, -3.907938007212845, 0.4104765412203495, -8.307210369928647]",True,1,`gtol` termination condition is satisfied.,83,1.1540401850878813e-07,"[-0.3210216864774743, -1.884251582016026, -0.6303245241407021, -1.078828710197915, -1.2733894539396182]",True
B1_leave_N_0.162405,B1,M0_B1,leave_N,1,0,20270927,11,"[-7.082699019561144, 2.826913901313109, -6.625464167093872, -4.982549204036522, -5.595887593949213]",True,1,`gtol` termination condition is satisfied.,81,1.1540401850877798e-07,"[-0.3210216864777481, -1.8842515820161303, -0.6303245241402221, -1.0788287101978322, -1.273389453940403]",True
B1_leave_N_0.162405,B1,M0_B1,leave_N,1,0,20270927,12,"[-1.3794613223766437, -15.53195122572366, 3.672228565963316, -1.8230293582738097, 0.6493389573974611]",True,3,`xtol` termination condition is satisfied.,29,1.154040185087717e-07,"[-0.32102168648760415, -1.8842515820088788, -0.6303245241250538, -1.0788287102030472, -1.2733894539652186]",True
B1_leave_N_0.162405,B1,M0_B1,leave_N,1,0,20270927,13,"[-4.479082331094984, 2.6102292279534822, -0.15443836370993935, -3.7802959431340586, -0.9698028414494493]",True,1,`gtol` termination condition is satisfied.,65,1.1540401850879396e-07,"[-0.3210216864779428, -1.8842515820159187, -0.6303245241399661, -1.0788287101979968, -1.2733894539408168]",True
B1_leave_N_0.162405,B1,M0_B1,leave_N,1,0,20270927,14,"[-10.173640844231013, -12.910174161568392, -14.196930496012136, -5.370489058944156, -4.870414209779751]",True,1,`gtol` termination condition is satisfied.,35,1.154040185087719e-07,"[-0.32102168647794893, -1.8842515820158556, -0.6303245241399762, -1.078828710198045, -1.2733894539408035]",True
B1_leave_N_0.162405,B1,M0_B1,leave_N,1,0,20270927,15,"[-13.811319993384224, -2.9272395696014755, 0.27980213687375866, -0.946066860121487, -6.349851234663539]",True,1,`gtol` termination condition is satisfied.,62,1.1540401850877296e-07,"[-0.3210216864778252, -1.8842515820159562, -0.6303245241401476, -1.0788287101979688, -1.273389453940522]",True
B1_leave_N_0.162405,B1,M0_B1,leave_N,1,0,20270927,16,"[3.3005836996302165, -7.3949668545771186, -8.954197163887862, -7.905468966983162, -3.0849190713076036]",True,1,`gtol` termination condition is satisfied.,27,1.1540401850877156e-07,"[-0.32102168647795354, -1.8842515820158832, -0.6303245241399593, -1.078828710198025, -1.2733894539408286]",True
B1_leave_N_0.162405,B1,M0_B1,leave_N,1,0,20270927,17,"[3.7609412588959152, -3.7690367971368968, -3.1110327178406596, -2.4593184721926082, -5.953472976685783]",True,1,`gtol` termination condition is satisfied.,37,1.1540401850878816e-07,"[-0.321021686477931, -1.8842515820159897, -0.6303245241399643, -1.0788287101979435, -1.2733894539408213]",True
B1_leave_N_0.162405,B1,M0_B1,leave_N,1,0,20270927,18,"[-13.337397281483572, -8.245202390015715, -16.939234501802275, -3.9984428075204166, -0.2774581322777472]",True,3,`xtol` termination condition is satisfied.,89,1.1540401850877778e-07,"[-0.32102168661649727, -1.8842515812194953, -0.6303245241270763, -1.0788287107804353, -1.2733894539594135]",True
B1_leave_N_0.162405,B1,M0_B1,leave_N,1,0,20270927,19,"[-11.348447368238855, 1.7573004908544299, 2.8440206720895986, 0.07106837775028119, -1.7783609179154505]",True,2,`ftol` termination condition is satisfied.,60,1.1540401850877061e-07,"[-0.32102168647354024, -1.8842515820163497, -0.6303245241472367, -1.0788287101976892, -1.2733894539294568]",True
B1_leave_N_0.162405,B1,M0_B1,leave_N,1,0,20270927,20,"[-5.661889356918552, -13.749278527124154, -5.819518018544432, -6.827933309804124, -8.010745061394108]",True,1,`gtol` termination condition is satisfied.,59,1.1540401850878002e-07,"[-0.321021686479322, -1.8842515820140986, -0.6303245241382351, -1.0788287101993874, -1.273389453943588]",True
B1_leave_N_0.162405,B1,M0_B1,leave_N,1,0,20270927,21,"[-0.196654806074271, 3.6770612895848416, -13.569765059708603, -8.303268086843447, -7.285744625781079]",True,1,`gtol` termination condition is satisfied.,48,1.1540401850877778e-07,"[-0.321021686477819, -1.8842515820162928, -0.6303245241400544, -1.078828710197708, -1.2733894539406703]",True
B1_leave_N_0.162405,B1,M0_B1,leave_N,1,0,20270927,22,"[-5.907893005074499, -14.690062793894201, -0.8038653754973524, -0.8780402163977312, -3.397902904002418]",True,3,`xtol` termination condition is satisfied.,49,1.1540401850877455e-07,"[-0.32102168643790663, -1.8842515820175636, -0.6303245242039516, -1.0788287101966458, -1.2733894538365589]",True
B1_leave_N_0.162405,B1,M0_B1,leave_N,1,0,20270927,23,"[-15.227705738244682, -1.860450987112154, -9.551452007596659, -6.065169129253172, -0.7447152473823353]",True,1,`gtol` termination condition is satisfied.,64,1.1540401850878383e-07,"[-0.3210216864778984, -1.8842515820160028, -0.6303245241400138, -1.0788287101979315, -1.2733894539407395]",True
B1_leave_N_0.162405,B1,M0_B1,leave_N,1,0,20270927,24,"[1.8673443523374118, -9.174812007760888, 0.899317876704842, -2.8170356637591336, -3.996805073926229]",True,1,`gtol` termination condition is satisfied.,26,1.1540401850878112e-07,"[-0.3210216864779275, -1.8842515820160173, -0.6303245241399612, -1.078828710197923, -1.2733894539408248]",True
B1_leave_N_0.162405,B1,M0_B1,leave_N,1,0,20270927,25,"[0.560176896012468, 0.6827823869053198, -10.963936709572076, -1.43359564923536, 0.4896431716364944]",True,1,`gtol` termination condition is satisfied.,21,1.154040185087745e-07,"[-0.32102168647793144, -1.8842515820160177, -0.6303245241399559, -1.0788287101979217, -1.2733894539408364]",True
B1_leave_N_0.162405,B1,M0_B1,leave_N,1,0,20270927,26,"[-16.5465038650647, -11.985182419340537, 2.2894545119733998, -7.717771354553882, -5.156075644138289]",True,2,`ftol` termination condition is satisfied.,80,1.1540401850876799e-07,"[-0.32102168646413615, -1.8842515820156804, -0.6303245241632552, -1.0788287101982357, -1.273389453904413]",True
B1_leave_N_0.162405,B1,M0_B1,leave_N,1,0,20270927,27,"[-7.426978479052595, -4.832468229387596, -12.110582867522645, -3.369016448233979, -8.444942345856798]",True,1,`gtol` termination condition is satisfied.,61,1.1540401850879184e-07,"[-0.3210216864779517, -1.8842515820158676, -0.6303245241399688, -1.0788287101980352, -1.273389453940817]",True
B1_leave_N_0.162405,B1,M0_B1,leave_N,1,0,20270927,28,"[-1.7487626884299718, -6.447670652164739, -2.240872992943604, -5.485429884817613, -2.163617086424023]",True,3,`xtol` termination condition is satisfied.,18,1.1540401850878087e-07,"[-0.32102168648057805, -1.8842515820181749, -0.6303245241349423, -1.078828710196247, -1.2733894539490094]",True
B1_leave_N_0.162405,B1,M0_B1,leave_N,1,0,20270927,29,"[-4.1097821539244475, -0.7751070438567638, 4.25576712031247, -4.5695236862393696, -2.9288226969160176]",True,1,`gtol` termination condition is satisfied.,43,1.1540401850878421e-07,"[-0.3210216864779349, -1.8842515820159582, -0.6303245241399679, -1.0788287101979674, -1.273389453940816]",True
B1_leave_N_0.162405,B1,M0_B1,leave_N,1,0,20270927,30,"[-9.829362573622351, -10.949736332616368, -7.209089892027599, -1.9362236638583834, -6.786350270788304]",True,1,`gtol` termination condition is satisfied.,71,1.1540401850878223e-07,"[-0.32102168647794455, -1.884251582015934, -0.6303245241399587, -1.0788287101979848, -1.2733894539408297]",True
B1_leave_N_0.162405,B1,M0_B1,leave_N,1,0,20270927,31,"[-12.01859847530196, 4.728968583730481, -4.571040122063243, -7.4025883394940495, -4.729005513583572]",True,1,`gtol` termination condition is satisfied.,82,1.1540401850879378e-07,"[-0.3210216864775187, -1.884251582016387, -0.6303245241405191, -1.078828710197634, -1.2733894539399178]",True
B1_leave_N_0.162405,B1,M0_B1,leave_N,1,0,20270927,32,"[5.068109394582454, -16.47607345076729, -15.501575164286553, 0.5999201765467017, -1.4279928324706272]",True,1,`gtol` termination condition is satisfied.,40,1.1540401850878644e-07,"[-0.3210216864779194, -1.884251582015957, -0.6303245241399942, -1.0788287101979677, -1.2733894539407755]",True
B1_leave_N_0.409009,B1,M0_B1,leave_N,2,0,20270928,0,"[-0.32104491573228533, -1.8841676111752428, -0.6302958646778742, -1.0788785403879113, -1.2734010257537622]",True,1,`gtol` termination condition is satisfied.,3,5.89863827006747e-08,"[-0.3210359933286878, -1.8841614886746925, -0.6303129290209746, -1.0788831404388348, -1.2733751294767215]",True
B1_leave_N_0.409009,B1,M0_B1,leave_N,2,0,20270928,1,"[-12.135096399311458, -5.621751591192497, -4.470541566971361, -7.972034593317634, -2.1250887259244076]",True,1,`gtol` termination condition is satisfied.,63,5.8986382700670523e-08,"[-0.3210359933286218, -1.8841614886747424, -0.6303129290210688, -1.0788831404387964, -1.27337512947657]",True
B1_leave_N_0.409009,B1,M0_B1,leave_N,2,0,20270928,2,"[3.1246638639782702, -10.9966807070763, -15.648227338172608, 0.629870953089041, -4.233775580411657]",True,1,`gtol` termination condition is satisfied.,29,5.898638270066935e-08,"[-0.32103599332906224, -1.8841614886728855, -0.630312929020899, -1.078883140440241, -1.2733751294768478]",True
B1_leave_N_0.409009,B1,M0_B1,leave_N,2,0,20270928,3,"[-0.32504949802332916, 5.601696911125579, 0.4202838180087838, -4.099535792389599, -8.054880102326988]",True,1,`gtol` termination condition is satisfied.,80,5.8986382700677346e-08,"[-0.3210359933286662, -1.884161488674405, -0.6303129290210974, -1.078883140439058, -1.2733751294765256]",True
B1_leave_N_0.409009,B1,M0_B1,leave_N,2,0,20270928,4,"[-7.971622690463779, -11.885314120737753, -8.982621419464435, -3.3121967614571846, -1.215670674888755]",True,3,`xtol` termination condition is satisfied.,42,5.8986382700664905e-08,"[-0.3210359934224663, -1.88416148812385, -0.6303129289885643, -1.0788831408505108, -1.2733751295313276]",True
B1_leave_N_0.409009,B1,M0_B1,leave_N,2,0,20270928,5,"[-9.198288090704995, 0.7815898836085928, -11.892995216453892, -1.7091440777615858, 0.3161494528103024]",True,1,`gtol` termination condition is satisfied.,88,5.898638270068839e-08,"[-0.321035993328703, -1.8841614886742644, -0.6303129290210795, -1.0788831404391654, -1.2733751294765558]",True
B1_leave_N_0.409009,B1,M0_B1,leave_N,2,0,20270928,6,"[-5.513838844570852, -15.926622756076162, -2.4127840644377105, -5.632805826100158, -7.1221764227203845]",True,1,`gtol` termination condition is satisfied.,63,5.8986382700679106e-08,"[-0.3210359933285906, -1.8841614886747122, -0.6303129290211299, -1.07888314043882, -1.2733751294764726]",True
B1_leave_N_0.409009,B1,M0_B1,leave_N,2,0,20270928,7,"[2.6123155898697945, -0.8249711233787131, -7.161393082141837, -0.826544194113656, -5.764913766173634]",True,1,`gtol` termination condition is satisfied.,19,5.8986382700665157e-08,"[-0.32103599332903066, -1.8841614886742695, -0.6303129290205394, -1.0788831404391634, -1.2733751294774338]",True
B1_leave_N_0.409009,B1,M0_B1,leave_N,2,0,20270928,8,"[-16.610698398057625, -6.845826373374004, 4.094816019579426, -6.585538523568178, -3.058565370169534]",True,1,`gtol` termination condition is satisfied.,73,5.898638270068e-08,"[-0.32103599332860167, -1.8841614886746203, -0.6303129290211392, -1.0788831404388892, -1.2733751294764566]",True
B1_leave_N_0.409009,B1,M0_B1,leave_N,2,0,20270928,9,"[-14.709521960341336, 3.8960793364904767, -7.557329371482497, -6.268127726114186, -4.855874994157976]",True,3,`xtol` termination condition is satisfied.,83,5.8986382700666043e-08,"[-0.32103599332269056, -1.8841614886956624, -0.6303129290243821, -1.078883140422148, -1.2733751294712319]",True
B1_leave_N_0.409009,B1,M0_B1,leave_N,2,0,20270928,10,"[-0.005719126022860621, -13.52441073106022, 4.695117311747683, -2.3404102449474884, -1.602052991749753]",True,1,`gtol` termination condition is satisfied.,26,5.898638270067519e-08,"[-0.3210359933286695, -1.8841614886745524, -0.6303129290210465, -1.078883140438943, -1.273375129476604]",True
B1_leave_N_0.409009,B1,M0_B1,leave_N,2,0,20270928,11,"[-2.921174208057174, -4.1163485871046746, -14.222842727173443, -7.145779840248677, -0.5745623672397002]",True,1,`gtol` termination condition is satisfied.,40,5.8986382700678444e-08,"[-0.32103599332890276, -1.8841614886742435, -0.6303129290207568, -1.078883140439183, -1.2733751294770788]",True
B1_leave_N_0.409009,B1,M0_B1,leave_N,2,0,20270928,12,"[-11.080311966353698, -9.424407546816349, -0.19580029656889408, -1.3838939590280157, -8.634251285704291]",True,1,`gtol` termination condition is satisfied.,65,5.898638270066755e-08,"[-0.3210359933286462, -1.8841614886746127, -0.6303129290210691, -1.078883140438896, -1.2733751294765734]",True
B1_leave_N_0.409009,B1,M0_B1,leave_N,2,0,20270928,13,"[-6.2513330708560435, -2.5029366430394617, 2.6707466526268995, -0.00436407476164824, -6.589282098624823]",True,1,`gtol` termination condition is satisfied.,57,5.898638270067152e-08,"[-0.32103599332863214, -1.8841614886746711, -0.6303129290210735, -1.0788831404388508, -1.2733751294765627]",True
B1_leave_N_0.409009,B1,M0_B1,leave_N,2,0,20270928,14,"[-2.767811640023041, -8.590489661202318, -11.434993025065815, -8.604542250464169, -0.3155925406989386]",True,1,`gtol` termination condition is satisfied.,31,5.898638270067767e-08,"[-0.3210359933306916, -1.8841614886650215, -0.63031292902056, -1.0788831404463495, -1.2733751294773965]",True
B1_leave_N_0.409009,B1,M0_B1,leave_N,2,0,20270928,15,"[5.5364471172761505, 2.3038634741686224, -3.8369347849411586, -3.871333015645253, -3.64684924635488]",True,1,`gtol` termination condition is satisfied.,20,5.89863827006743e-08,"[-0.3210359933286353, -1.884161488674721, -0.6303129290210537, -1.0788831404388137, -1.2733751294765967]",True
B1_leave_N_0.409009,B1,M0_B1,leave_N,2,0,20270928,16,"[-13.841842266174462, -14.47139612554319, -16.16651346614615, -4.658108856935498, -5.114963253241774]",True,1,`gtol` termination condition is satisfied.,28,5.898638270066465e-08,"[-0.3210359933286428, -1.8841614886746518, -0.6303129290210613, -1.0788831404388666, -1.2733751294765818]",True
B1_leave_N_0.409009,B1,M0_B1,leave_N,2,0,20270928,17,"[-13.15400822601272, 1.7326546958552171, 5.615718318761282, -0.39165438925589946, -1.3859577442364408]",True,1,`gtol` termination condition is satisfied.,88,5.898638270065985e-08,"[-0.32103599332866095, -1.8841614886745497, -0.6303129290210633, -1.0788831404389443, -1.2733751294765816]",True
B1_leave_N_0.409009,B1,M0_B1,leave_N,2,0,20270928,18,"[4.844459545246821, -15.663051581372418, -8.50037482962915, -6.7221159554006835, -7.659957248316647]",True,1,`gtol` termination condition is satisfied.,32,5.898638270067008e-08,"[-0.3210359933286584, -1.8841614886745652, -0.6303129290210618, -1.0788831404389319, -1.2733751294765818]",True
B1_leave_N_0.409009,B1,M0_B1,leave_N,2,0,20270928,19,"[-2.167064962639543, -2.0083816345985532, -1.072063151268889, -1.8426565812537792, -4.025702667718438]",True,1,`gtol` termination condition is satisfied.,32,5.8986382700679106e-08,"[-0.3210359933286045, -1.8841614886746547, -0.6303129290211237, -1.0788831404388641, -1.2733751294764817]",True
B1_leave_N_0.409009,B1,M0_B1,leave_N,2,0,20270928,20,"[-6.853447897570339, -7.297223492891176, -13.413549682499445, -5.201544849784615, -2.557897470090296]",True,1,`gtol` termination condition is satisfied.,28,5.898638270067331e-08,"[-0.32103599332883503, -1.884161488674299, -0.6303129290208529, -1.0788831404391406, -1.2733751294769264]",True
B1_leave_N_0.409009,B1,M0_B1,leave_N,2,0,20270928,21,"[-10.216634688559768, -3.177960874508905, -10.491348369992954, -4.27132074829457, -2.821342455103939]",True,1,`gtol` termination condition is satisfied.,58,5.8986382700670676e-08,"[-0.32103599332862187, -1.8841614886746603, -0.6303129290210937, -1.0788831404388597, -1.2733751294765305]",True
B1_leave_N_0.409009,B1,M0_B1,leave_N,2,0,20270928,22,"[-3.794608392148792, -9.290123766426671, 1.749179593426156, -2.842663332728863, -6.075438023008296]",True,1,`gtol` termination condition is satisfied.,55,5.8986382700674117e-08,"[-0.321035993328535, -1.8841614886747786, -0.630312929021202, -1.0788831404387658, -1.2733751294763556]",True
B1_leave_N_0.409009,B1,M0_B1,leave_N,2,0,20270928,23,"[0.7697348964070869, 3.056345754718059, -16.976775280453673, -7.500909652905576, -7.3960301307620595]",True,1,`gtol` termination condition is satisfied.,61,5.8986382700677465e-08,"[-0.32103599333051797, -1.884161488671337, -0.6303129290189703, -1.0788831404414432, -1.273375129479992]",True
B1_leave_N_0.409009,B1,M0_B1,leave_N,2,0,20270928,24,"[-15.491958376317696, -13.737957029844654, -2.960075450761334, 0.457058385702231, 0.6633863591019669]",True,1,`gtol` termination condition is satisfied.,80,5.898638270066705e-08,"[-0.3210359933286335, -1.8841614886745912, -0.6303129290210964, -1.0788831404389132, -1.2733751294765288]",True
B1_leave_N_0.409009,B1,M0_B1,leave_N,2,0,20270928,25,"[-15.749782215623487, -0.5918565356910541, -14.839010381997177, -3.4006446431314385, -8.286440247150614]",True,1,`gtol` termination condition is satisfied.,78,5.8986382700663654e-08,"[-0.3210359933286243, -1.88416148867472, -0.6303129290210724, -1.078883140438814, -1.2733751294765658]",True
B1_leave_N_0.409009,B1,M0_B1,leave_N,2,0,20270928,26,"[1.7361206500991848, -5.992263749447332, -5.347054426738072, -4.831066946955056, -0.849006124081348]",True,1,`gtol` termination condition is satisfied.,21,5.898638270066382e-08,"[-0.3210359933286397, -1.884161488674651, -0.6303129290210673, -1.0788831404388664, -1.2733751294765736]",True
B1_leave_N_0.409009,B1,M0_B1,leave_N,2,0,20270928,27,"[-4.741145917500692, 0.6501729666869238, -9.925916882677804, -0.17600350803387066, -1.9120053901135377]",True,1,`gtol` termination condition is satisfied.,17,5.898638270067008e-08,"[-0.3210359933286758, -1.8841614886743747, -0.6303129290210915, -1.0788831404390797, -1.2733751294765367]",True
B1_leave_N_0.409009,B1,M0_B1,leave_N,2,0,20270928,28,"[-9.98348526236035, -16.85675219159125, 1.3408087365238188, -8.134572253837604, -4.61924440168349]",True,1,`gtol` termination condition is satisfied.,72,5.898638270067236e-08,"[-0.32103599332863714, -1.8841614886746727, -0.6303129290210655, -1.07888314043885, -1.273375129476578]",True
B1_leave_N_0.409009,B1,M0_B1,leave_N,2,0,20270928,29,"[-7.292158554984685, 4.311303041175201, -1.536174735324602, -7.278855775842626, -5.547181948607691]",True,1,`gtol` termination condition is satisfied.,87,5.8986382700679516e-08,"[-0.3210359933286554, -1.8841614886745581, -0.6303129290210688, -1.0788831404389383, -1.2733751294765705]",True
B1_leave_N_0.409009,B1,M0_B1,leave_N,2,0,20270928,30,"[-1.0254066350545052, -12.37160541720523, -12.70333311925998, -0.9524874600797233, -3.4393504659236758]",True,1,`gtol` termination condition is satisfied.,32,5.89863827006703e-08,"[-0.321035993327935, -1.8841614886753089, -0.6303129290220271, -1.078883140438355, -1.2733751294750097]",True
B1_leave_N_0.409009,B1,M0_B1,leave_N,2,0,20270928,31,"[3.7170406366791156, -4.410533281352796, 3.1731728718801158, -5.833383443889179, 0.07992263590251092]",True,1,`gtol` termination condition is satisfied.,22,5.8986382700667665e-08,"[-0.3210359933286573, -1.8841614886745943, -0.6303129290210552, -1.0788831404389096, -1.273375129476592]",True
B1_leave_N_0.409009,B1,M0_B1,leave_N,2,0,20270928,32,"[-12.745580791027605, -10.411648321501396, -6.217998432135694, -2.4774242446782386, -6.760141026443387]",True,1,`gtol` termination condition is satisfied.,65,5.8986382700671946e-08,"[-0.3210359933286345, -1.8841614886746847, -0.6303129290210651, -1.0788831404388404, -1.2733751294765752]",True
B1_leave_N_1.04087,B1,M0_B1,leave_N,3,0,20270929,0,"[-0.35306589936063326, -1.9161885948035906, -0.662316848306222, -1.0788785403879113, -1.2734010257537622]",True,1,`gtol` termination condition is satisfied.,3,5.484631914481036e-08,"[-0.35305831338843885, -1.9161236196032814, -0.662327609729388, -1.0789320812540153, -1.273336517853243]",True
B1_leave_N_1.04087,B1,M0_B1,leave_N,3,0,20270929,1,"[-12.369750972353183, -4.843364913370138, -13.753155367752395, -6.215133790626837, -5.450556217234389]",True,1,`gtol` termination condition is satisfied.,69,5.484631914482252e-08,"[-0.35305831338826715, -1.9161236196032214, -0.6623276097296877, -1.0789320812540604, -1.273336517852754]",True
B1_leave_N_1.04087,B1,M0_B1,leave_N,3,0,20270929,2,"[-4.002066613235609, -13.8594409159753, 3.6573394649612965, 0.30439561356698164, -0.1666834335685028]",True,2,`ftol` termination condition is satisfied.,29,5.4846319144821464e-08,"[-0.3530583134138654, -1.9161236195051694, -0.6623276097169112, -1.078932081330503, -1.2733365178732523]",True
B1_leave_N_1.04087,B1,M0_B1,leave_N,3,0,20270929,3,"[0.8167446806505261, 4.935005962502842, -8.531040490175895, -6.729612582604377, -2.508572740701829]",True,1,`gtol` termination condition is satisfied.,66,5.484631914481986e-08,"[-0.35305831338857585, -1.9161236196022902, -0.6623276097294588, -1.078932081254796, -1.273336517853128]",True
B1_leave_N_1.04087,B1,M0_B1,leave_N,3,0,20270929,4,"[-7.194598557239065, -9.379432981299201, -1.5384266279393852, -3.637572045287233, -7.801757853732026]",True,1,`gtol` termination condition is satisfied.,61,5.484631914481754e-08,"[-0.35305831338818966, -1.9161236196032232, -0.6623276097298135, -1.0789320812540593, -1.2733365178525475]",True
B1_leave_N_1.04087,B1,M0_B1,leave_N,3,0,20270929,5,"[-11.13582873771149, 0.8516225316925166, 1.856923900832502, -2.518387213745486, -7.284786071823021]",True,1,`gtol` termination condition is satisfied.,65,5.484631914481657e-08,"[-0.35305831338824106, -1.9161236196033238, -0.6623276097297008, -1.0789320812539802, -1.2733365178527354]",True
B1_leave_N_1.04087,B1,M0_B1,leave_N,3,0,20270929,6,"[3.2921625456072974, -8.120099311141479, -14.835667795572732, -7.845341535842246, -3.043873979299536]",True,1,`gtol` termination condition is satisfied.,25,5.4846319144822086e-08,"[-0.35305831338979915, -1.9161236195997517, -0.6623276097282048, -1.0789320812568015, -1.273336517855168]",True
B1_leave_N_1.04087,B1,M0_B1,leave_N,3,0,20270929,7,"[-0.05891961402475587, -0.734579473185903, -4.0288806332232525, -0.8159718735897368, -0.6929675270778253]",True,1,`gtol` termination condition is satisfied.,10,5.484631914482898e-08,"[-0.35305831338845245, -1.916123619603362, -0.6623276097293415, -1.0789320812539516, -1.2733365178533183]",True
B1_leave_N_1.04087,B1,M0_B1,leave_N,3,0,20270929,8,"[-14.842911658412765, -15.093372576759116, -8.878817918826444, -5.100551112345752, -4.943191913437632]",True,2,`ftol` termination condition is satisfied.,68,5.484631914481613e-08,"[-0.35305831336706656, -1.916123619617569, -0.6623276097609366, -1.0789320812429426, -1.2733365178039195]",True
B1_leave_N_1.04087,B1,M0_B1,leave_N,3,0,20270929,9,"[-16.155650559172877, 3.4818048910234864, -5.455074470031523, -8.626181023630396, 0.6129056733803893]",True,1,`gtol` termination condition is satisfied.,69,5.484631914481473e-08,"[-0.35305831338780524, -1.916123619605115, -0.6623276097298811, -1.078932081252565, -1.273336517852439]",True
B1_leave_N_1.04087,B1,M0_B1,leave_N,3,0,20270929,10,"[-1.727828097210283, -10.654635880169128, -10.304855502468017, -2.0320849661919222, -5.875274919119892]",True,1,`gtol` termination condition is satisfied.,26,5.484631914481391e-08,"[-0.3530583133882569, -1.9161236196032128, -0.6623276097297085, -1.0789320812540677, -1.273336517852724]",True
B1_leave_N_1.04087,B1,M0_B1,leave_N,3,0,20270929,11,"[4.872025745899695, -3.8033033288942306, 0.43383788855773275, -4.246294887888347, -8.292558415123677]",True,1,`gtol` termination condition is satisfied.,76,5.4846319144822616e-08,"[-0.35305831338695365, -1.9161236196041773, -0.6623276097315565, -1.0789320812533063, -1.27333651784971]",True
B1_leave_N_1.04087,B1,M0_B1,leave_N,3,0,20270929,12,"[-9.912135119844507, -11.929008025959423, -16.259247024364992, -1.378018083040958, -1.8136901519877044]",True,1,`gtol` termination condition is satisfied.,41,5.4846319144817805e-08,"[-0.3530583133882756, -1.9161236196030793, -0.6623276097297158, -1.0789320812541723, -1.273336517852707]",True
B1_leave_N_1.04087,B1,M0_B1,leave_N,3,0,20270929,13,"[-6.014037606996627, -2.2128291161697113, -7.10760456421994, -0.10513889762962947, -3.5134693244263495]",True,1,`gtol` termination condition is satisfied.,62,5.484631914482034e-08,"[-0.35305831338775, -1.9161236196061637, -0.6623276097296583, -1.0789320812517336, -1.273336517852801]",True
B1_leave_N_1.04087,B1,M0_B1,leave_N,3,0,20270929,14,"[2.3534779307647504, -16.393613177347984, -0.11519586918492308, -5.5064053149476955, -6.574446375309627]",True,3,`xtol` termination condition is satisfied.,53,5.484631914481861e-08,"[-0.3530583134040563, -1.91612361954, -0.662327609722009, -1.0789320813037881, -1.2733365178653033]",True
B1_leave_N_1.04087,B1,M0_B1,leave_N,3,0,20270929,15,"[-5.627845146242965, 1.8666460747686813, -12.327310000981921, -3.306110995007818, -4.147554264298024]",True,1,`gtol` termination condition is satisfied.,55,5.484631914481903e-08,"[-0.35305831338825916, -1.9161236196032359, -0.6623276097296975, -1.0789320812540488, -1.273336517852741]",True
B1_leave_N_1.04087,B1,M0_B1,leave_N,3,0,20270929,16,"[-13.639357205488748, -6.214715332310853, 5.083726962284054, -7.367253820633802, -1.095889507251071]",True,1,`gtol` termination condition is satisfied.,70,5.484631914482264e-08,"[-0.35305831338831006, -1.9161236196032638, -0.6623276097296034, -1.0789320812540277, -1.2733365178528882]",True
B1_leave_N_1.04087,B1,M0_B1,leave_N,3,0,20270929,17,"[-13.489683655832073, 2.3981422615638337, -11.274417016853047, -0.38809787793023176, -7.6159911962516045]",True,3,`xtol` termination condition is satisfied.,70,5.4846319144810956e-08,"[-0.353058313375411, -1.9161236196565383, -0.6623276097345121, -1.0789320812117178, -1.2733365178448837]",True
B1_leave_N_1.04087,B1,M0_B1,leave_N,3,0,20270929,18,"[-4.404229994640126, -6.750763921149671, -4.553687740840351, -4.5982421656875845, -2.173680628417114]",True,1,`gtol` termination condition is satisfied.,37,5.484631914482182e-08,"[-0.35305831338827454, -1.916123619603214, -0.6623276097296779, -1.0789320812540664, -1.2733365178527705]",True
B1_leave_N_1.04087,B1,M0_B1,leave_N,3,0,20270929,19,"[1.8394423772165354, -2.037342904285399, -16.715105532702236, -2.388691242030238, 0.24361146535940748]",True,1,`gtol` termination condition is satisfied.,26,5.4846319144826454e-08,"[-0.3530583133882358, -1.916123619603273, -0.662327609729724, -1.0789320812540213, -1.2733365178526954]",True
B1_leave_N_1.04087,B1,M0_B1,leave_N,3,0,20270929,20,"[-6.889986745250388, -16.573657226168713, 0.9578715217696256, -7.640919816558747, -5.189384499319638]",True,1,`gtol` termination condition is satisfied.,63,5.484631914481527e-08,"[-0.35305831338825894, -1.9161236196032687, -0.6623276097296876, -1.0789320812540248, -1.2733365178527571]",True
B1_leave_N_1.04087,B1,M0_B1,leave_N,3,0,20270929,21,"[-8.69113551037987, -3.2740565083379316, -1.3286318912591888, -6.526354973326891, -4.532576978407235]",True,2,`ftol` termination condition is satisfied.,59,5.4846319144815297e-08,"[-0.3530583133615147, -1.9161236196140052, -0.662327609771352, -1.0789320812457346, -1.2733365177876115]",True
B1_leave_N_1.04087,B1,M0_B1,leave_N,3,0,20270929,22,"[5.018749507513753, -12.467653814173396, -5.9178206858929645, -3.509040325689945, -0.4315485343769563]",True,1,`gtol` termination condition is satisfied.,29,5.484631914483671e-08,"[-0.3530583133882884, -1.9161236196031073, -0.6623276097296867, -1.0789320812541499, -1.2733365178527558]",True
B1_leave_N_1.04087,B1,M0_B1,leave_N,3,0,20270929,23,"[-2.606392777602247, 3.6546939035326425, 4.873134294181256, -5.713989096086628, -2.8584319055038767]",True,1,`gtol` termination condition is satisfied.,58,5.484631914481855e-08,"[-0.35305831338827753, -1.9161236196031652, -0.6623276097296878, -1.0789320812541043, -1.2733365178527547]",True
B1_leave_N_1.04087,B1,M0_B1,leave_N,3,0,20270929,24,"[-16.672635900763712, -10.83692929522871, -12.093064849451034, 0.7311054992204742, -6.950145781906695]",True,1,`gtol` termination condition is satisfied.,118,5.484631914482279e-08,"[-0.3530583133883123, -1.9161236196031397, -0.6623276097296366, -1.0789320812541239, -1.2733365178528335]",True
B1_leave_N_1.04087,B1,M0_B1,leave_N,3,0,20270929,25,"[-15.046848536055629, -0.9110127575928217, 3.4470976871219747, -2.8014760310727898, -1.9994200735300742]",True,1,`gtol` termination condition is satisfied.,54,5.4846319144813986e-08,"[-0.3530583133881532, -1.916123619603269, -0.6623276097298594, -1.0789320812540235, -1.2733365178524723]",True
B1_leave_N_1.04087,B1,M0_B1,leave_N,3,0,20270929,26,"[-1.336795376167407, -14.913147775294192, -13.519260427123392, -6.937053665585488, -8.627484278995578]",True,1,`gtol` termination condition is satisfied.,34,5.484631914482076e-08,"[-0.3530583133882653, -1.916123619603215, -0.6623276097296936, -1.0789320812540661, -1.2733365178527472]",True
B1_leave_N_1.04087,B1,M0_B1,leave_N,3,0,20270929,27,"[3.8381973889720413, 0.3188369590514064, -2.752213540277129, 0.10161352862494866, -6.285604848642501]",True,2,`ftol` termination condition is satisfied.,30,5.4846319144813894e-08,"[-0.35305831338133437, -1.916123619607955, -0.6623276097398954, -1.0789320812503949, -1.2733365178368075]",True
B1_leave_N_1.04087,B1,M0_B1,leave_N,3,0,20270929,28,"[-10.227877592194824, -7.583516786549611, -7.340906400947038, -5.374378778373314, 0.3517739599784484]",True,1,`gtol` termination condition is satisfied.,82,5.484631914482649e-08,"[-0.3530583133882789, -1.9161236196031237, -0.6623276097296987, -1.0789320812541374, -1.2733365178527398]",True
B1_leave_N_1.04087,B1,M0_B1,leave_N,3,0,20270929,29,"[-8.469861494689889, 4.761539450178397, -15.291871079919101, -4.115432461319977, -1.506472396037637]",True,1,`gtol` termination condition is satisfied.,91,5.4846319144821524e-08,"[-0.35305831338826826, -1.9161236196031388, -0.6623276097297107, -1.078932081254126, -1.2733365178527176]",True
B1_leave_N_1.04087,B1,M0_B1,leave_N,3,0,20270929,30,"[0.6157603084966574, -9.195893574615503, 2.3813029894151185, -1.1724299089043377, -4.409011698280297]",True,1,`gtol` termination condition is satisfied.,27,5.484631914482231e-08,"[-0.3530583133883226, -1.9161236196031348, -0.6623276097296235, -1.0789320812541288, -1.2733365178528615]",True
B1_leave_N_1.04087,B1,M0_B1,leave_N,3,0,20270929,31,"[-3.091502643027116, -5.37283588079247, -9.848034657202346, -8.197145120700041, -6.759927885170312]",True,1,`gtol` termination condition is satisfied.,70,5.484631914482375e-08,"[-0.3530583133882437, -1.916123619603275, -0.6623276097297107, -1.0789320812540186, -1.2733365178527185]",True
B1_leave_N_1.04087,B1,M0_B1,leave_N,3,0,20270929,32,"[-11.820763623499444, -13.319891619300957, -3.1278393594028007, -1.5286141122629058, -3.8480740153001918]",True,1,`gtol` termination condition is satisfied.,68,5.484631914481732e-08,"[-0.35305831338826443, -1.9161236196032838, -0.6623276097296724, -1.078932081254011, -1.2733365178527765]",True
B1_leave_N_1.41618,B1,M0_B1,leave_N,4,0,20270930,0,"[-0.3598197421829429, -1.9229424376259003, -0.6690706911285319, -1.0788785403879113, -1.2734010257537622]",True,1,`gtol` termination condition is satisfied.,3,5.674920337505283e-08,"[-0.35983876029790474, -1.9229228357730093, -0.66905763898505, -1.0788956045403149, -1.2734573552937347]",True
B1_leave_N_1.41618,B1,M0_B1,leave_N,4,0,20270930,1,"[-13.058925796311502, -10.496875677154542, -4.5778788730925495, -2.074152225017894, -2.7174962733300863]",True,4,Both `ftol` and `xtol` termination conditions are satisfied.,76,5.674920337504464e-08,"[-0.35983876028506223, -1.9229228357803623, -0.6690576390042428, -1.078895604534592, -1.2734573552633883]",True
B1_leave_N_1.41618,B1,M0_B1,leave_N,4,0,20270930,2,"[-2.411958703790738, -5.5841010319534625, -8.317546820684973, -6.807136558800201, -4.32271606650088]",True,1,`gtol` termination condition is satisfied.,59,5.674920337504209e-08,"[-0.3598387602977517, -1.9229228357731134, -0.6690576389852689, -1.0788956045402331, -1.2734573552933763]",True
B1_leave_N_1.41618,B1,M0_B1,leave_N,4,0,20270930,3,"[4.747107729369766, -11.831008332651917, 0.833923952047158, -0.47406988528052096, -6.548995298196849]",True,1,`gtol` termination condition is satisfied.,49,5.6749203375039656e-08,"[-0.3598387602986759, -1.922922835765491, -0.6690576389860613, -1.0788956045462315, -1.2734573552921553]",True
B1_leave_N_1.41618,B1,M0_B1,leave_N,4,0,20270930,4,"[-5.97638265313728, 4.295948025499765, -13.94734854418856, -5.1290620994707465, 0.18094951207079468]",True,1,`gtol` termination condition is satisfied.,86,5.6749203375049244e-08,"[-0.35983876029690637, -1.9229228357762804, -0.669057638985707, -1.0788956045377187, -1.2734573552926691]",True
B1_leave_N_1.41618,B1,M0_B1,leave_N,4,0,20270930,5,"[-10.554983257642494, -16.463461039078247, -9.771842343692805, -3.9410787698162997, -1.397961549510856]",True,1,`gtol` termination condition is satisfied.,37,5.6749203375044334e-08,"[-0.35983876029790907, -1.9229228357730046, -0.6690576389850438, -1.0788956045403189, -1.2734573552937443]",True
B1_leave_N_1.41618,B1,M0_B1,leave_N,4,0,20270930,6,"[0.15881127619015345, 1.093786958868506, -0.33259064525103454, 0.7127310907468409, -7.801935697950503]",True,3,`xtol` termination condition is satisfied.,36,5.6749203375043216e-08,"[-0.3598387602960196, -1.9229228357735033, -0.6690576389879921, -1.078895604539924, -1.2734573552889412]",True
B1_leave_N_1.41618,B1,M0_B1,leave_N,4,0,20270930,7,"[-4.1465288437922645, -6.576784809272247, -15.209650366381998, -8.004414684757615, -5.314298031006674]",True,3,`xtol` termination condition is satisfied.,37,5.674920337504263e-08,"[-0.3598387603109089, -1.9229228357668458, -0.6690576389654697, -1.0788956045452052, -1.2734573553256892]",True
B1_leave_N_1.41618,B1,M0_B1,leave_N,4,0,20270930,8,"[-14.803278743271502, -0.24485326080730374, 5.271226261550904, -3.2702843780064095, -3.3644806079601404]",True,1,`gtol` termination condition is satisfied.,61,5.6749203375055114e-08,"[-0.3598387602976167, -1.922922835773092, -0.6690576389854967, -1.0788956045402491, -1.2734573552930053]",True
B1_leave_N_1.41618,B1,M0_B1,leave_N,4,0,20270930,9,"[-16.30357589914682, -14.289314183009894, -17.10376456433449, 0.0729638757686022, -4.924803675695248]",True,1,`gtol` termination condition is satisfied.,85,5.674920337504445e-08,"[-0.3598387602979559, -1.9229228357728319, -0.6690576389850189, -1.0788956045404554, -1.2734573552937851]",True
B1_leave_N_1.41618,B1,M0_B1,leave_N,4,0,20270930,10,"[-5.578650704952533, 3.7715971304233165, 4.088779467212735, -4.734528045980786, -2.115520506237253]",True,1,`gtol` termination condition is satisfied.,75,5.6749203375042336e-08,"[-0.35983876029793893, -1.9229228357728754, -0.669057638985032, -1.0788956045404205, -1.2734573552937591]",True
B1_leave_N_1.41618,B1,M0_B1,leave_N,4,0,20270930,11,"[1.5025826715279038, -9.927999253344751, -10.770980862899698, -3.6171428845957436, 0.7807450154514246]",True,1,`gtol` termination condition is satisfied.,25,5.6749203375053916e-08,"[-0.35983876029824535, -1.9229228357724408, -0.6690576389846604, -1.0788956045407643, -1.2734573552943682]",True
B1_leave_N_1.41618,B1,M0_B1,leave_N,4,0,20270930,12,"[-9.143036567589693, -3.4374562193274176, -2.0447883252184536, -8.495657862687214, -7.148606482383463]",True,1,`gtol` termination condition is satisfied.,51,5.6749203375048424e-08,"[-0.3598387602979393, -1.9229228357729136, -0.6690576389850215, -1.0788956045403906, -1.2734573552937805]",True
B1_leave_N_1.41618,B1,M0_B1,leave_N,4,0,20270930,13,"[-7.321371591832383, -7.432634440316111, 2.726996858515932, -7.316842458895905, -8.392233682337137]",True,1,`gtol` termination condition is satisfied.,64,5.674920337504833e-08,"[-0.3598387602973228, -1.922922835773446, -0.669057638985872, -1.0788956045399687, -1.2734573552923922]",True
B1_leave_N_1.41618,B1,M0_B1,leave_N,4,0,20270930,14,"[3.33672616105002, -2.3723781207222885, -12.767333354836927, -2.4395098344315196, -0.8074798143779889]",True,1,`gtol` termination condition is satisfied.,23,5.674920337504257e-08,"[-0.3598387602979307, -1.9229228357729677, -0.6690576389850181, -1.0788956045403475, -1.2734573552937827]",True
B1_leave_N_1.41618,B1,M0_B1,leave_N,4,0,20270930,15,"[-0.9132270093292725, -14.647592121683235, -3.576301955283178, -5.9412651430668335, -2.771818040667287]",True,1,`gtol` termination condition is satisfied.,36,5.6749203375041753e-08,"[-0.3598387602979183, -1.9229228357729475, -0.6690576389850451, -1.078895604540364, -1.2734573552937407]",True
B1_leave_N_1.41618,B1,M0_B1,leave_N,4,0,20270930,16,"[-11.625586731474677, 1.994156344072156, -6.604303773064265, -1.1326272483485464, -5.907071871953278]",True,1,`gtol` termination condition is satisfied.,80,5.674920337505789e-08,"[-0.35983876029789647, -1.922922835772943, -0.6690576389850823, -1.0788956045403673, -1.27345735529368]",True
B1_leave_N_1.41618,B1,M0_B1,leave_N,4,0,20270930,17,"[-12.190120867043905, -15.426429110092393, 3.4770534148026364, -7.7638691213375575, -0.13784177859105462]",True,3,`xtol` termination condition is satisfied.,70,5.674920337504282e-08,"[-0.35983876023963013, -1.9229228357931736, -0.6690576390724909, -1.0788956045238505, -1.2734573551506732]",True
B1_leave_N_1.41618,B1,M0_B1,leave_N,4,0,20270930,18,"[-0.07530057185789474, 2.1057748171204693, -16.291450207580024, -2.886537704824714, -6.83090573214956]",True,1,`gtol` termination condition is satisfied.,62,5.674920337505181e-08,"[-0.359838760298616, -1.9229228357722814, -0.6690576389841006, -1.07889560454089, -1.2734573552952815]",True
B1_leave_N_1.41618,B1,M0_B1,leave_N,4,0,20270930,19,"[4.1913539814965155, -8.389919338710147, -2.857115589843213, -4.302114657248789, -4.045821793435642]",True,1,`gtol` termination condition is satisfied.,26,5.674920337504293e-08,"[-0.35983876029917344, -1.9229228357680894, -0.6690576389844369, -1.0788956045442075, -1.2734573552947361]",True
B1_leave_N_1.41618,B1,M0_B1,leave_N,4,0,20270930,20,"[-7.91372698587306, -2.0830318609790943, -10.1592908166541, 0.5065198978387659, -2.4029752690069026]",True,1,`gtol` termination condition is satisfied.,34,5.674920337504015e-08,"[-0.3598387602978902, -1.9229228357730073, -0.6690576389850736, -1.0788956045403162, -1.2734573552936945]",True
B1_leave_N_1.41618,B1,M0_B1,leave_N,4,0,20270930,21,"[-9.9976629019327, -8.748177236216456, -12.132403707172198, -0.672131935102648, -3.683292398270205]",True,1,`gtol` termination condition is satisfied.,38,5.6749203375045095e-08,"[-0.3598387602972617, -1.922922835775515, -0.6690576389853542, -1.0788956045383329, -1.2734573552932373]",True
B1_leave_N_1.41618,B1,M0_B1,leave_N,4,0,20270930,22,"[2.0949395516720664, -3.8604464919088706, 1.9365178627650934, -5.479620517221305, -5.596228893551627]",True,1,`gtol` termination condition is satisfied.,25,5.6749203375044334e-08,"[-0.3598387602979257, -1.9229228357729287, -0.6690576389850404, -1.078895604540377, -1.2734573552937518]",True
B1_leave_N_1.41618,B1,M0_B1,leave_N,4,0,20270930,23,"[-5.014114998359618, -12.93108501759238, -5.813794206041685, -1.6799280821542668, -7.525057305895235]",True,1,`gtol` termination condition is satisfied.,23,5.674920337504223e-08,"[-0.3598387602979256, -1.9229228357729284, -0.6690576389850394, -1.0788956045403786, -1.2734573552937511]",True
B1_leave_N_1.41618,B1,M0_B1,leave_N,4,0,20270930,24,"[-17.14150076559451, 3.170827439665807, -4.211224129970368, -6.558441852294197, -1.0834564972536151]",True,1,`gtol` termination condition is satisfied.,73,5.674920337504382e-08,"[-0.3598387602979029, -1.9229228357730355, -0.6690576389850461, -1.0788956045402935, -1.2734573552937438]",True
B1_leave_N_1.41618,B1,M0_B1,leave_N,4,0,20270930,25,"[-15.390079846757265, -6.332318620094441, -7.7054953540711875, -6.176287543467915, -7.430218872057335]",True,1,`gtol` termination condition is satisfied.,113,5.6749203375044804e-08,"[-0.3598387602979204, -1.9229228357729768, -0.6690576389850331, -1.0788956045403388, -1.2734573552937598]",True
B1_leave_N_1.41618,B1,M0_B1,leave_N,4,0,20270930,26,"[-3.2863467327908573, -1.247018399607125, -5.389866456920144, -1.5224788908563163, 0.4616514171523569]",True,1,`gtol` termination condition is satisfied.,48,5.674920337503651e-08,"[-0.3598387602977661, -1.9229228357732324, -0.6690576389852105, -1.078895604540138, -1.2734573552934745]",True
B1_leave_N_1.41618,B1,M0_B1,leave_N,4,0,20270930,27,"[0.9911830834258204, -16.396007948198076, -13.135390172909524, -6.961324902676225, -1.801297261969017]",True,1,`gtol` termination condition is satisfied.,24,5.674920337504473e-08,"[-0.3598387602979304, -1.9229228357729184, -0.6690576389850349, -1.0788956045403866, -1.27345735529376]",True
B1_leave_N_1.41618,B1,M0_B1,leave_N,4,0,20270930,28,"[-11.125072023447434, 0.27078441845080903, 0.2218636537326475, -2.2271979355557514, -4.647606810768897]",True,1,`gtol` termination condition is satisfied.,81,5.674920337505696e-08,"[-0.3598387602979348, -1.9229228357729204, -0.6690576389850261, -1.0788956045403848, -1.2734573552937707]",True
B1_leave_N_1.41618,B1,M0_B1,leave_N,4,0,20270930,29,"[-6.808753229030058, -12.475940518290788, -0.9671513995700352, -3.4153087396257984, -6.188700213693093]",True,1,`gtol` termination condition is satisfied.,56,5.674920337504334e-08,"[-0.3598387602977909, -1.922922835773049, -0.6690576389852235, -1.0788956045402842, -1.273457355293449]",True
B1_leave_N_1.41618,B1,M0_B1,leave_N,4,0,20270930,30,"[5.317197726517595, 5.6100148658763125, -8.980993095873053, -8.148289733777373, -3.0909275199763258]",True,1,`gtol` termination condition is satisfied.,30,5.674920337505357e-08,"[-0.3598387602978962, -1.922922835772995, -0.6690576389850675, -1.0788956045403264, -1.2734573552937045]",True
B1_leave_N_1.41618,B1,M0_B1,leave_N,4,0,20270930,31,"[-1.8251564538822844, -10.96474856790736, 4.480391280324632, -0.3250371940490062, -0.4932769987019956]",True,1,`gtol` termination condition is satisfied.,31,5.674920337504738e-08,"[-0.35983876029791384, -1.922922835772982, -0.6690576389850448, -1.0788956045403362, -1.273457355293748]",True
B1_leave_N_1.41618,B1,M0_B1,leave_N,4,0,20270930,32,"[-13.919106760890218, -4.449161463156134, -14.575054964621685, -4.980028200287692, -8.115057317059001]",True,1,`gtol` termination condition is satisfied.,94,5.6749203375043064e-08,"[-0.3598387602979199, -1.9229228357729913, -0.6690576389850296, -1.0788956045403286, -1.2734573552937662]",True
B1_leave_N_2.78283,B1,M0_B1,leave_N,5,0,20270931,0,"[-0.36138772269812525, -1.9245104181410826, -0.6706386716437142, -1.0788785403879113, -1.2734010257537622]",True,1,`gtol` termination condition is satisfied.,3,7.175567877452539e-08,"[-0.36138140231649934, -1.924510492811989, -0.6706442198457903, -1.0788747363112265, -1.27337435888225]",True
B1_leave_N_2.78283,B1,M0_B1,leave_N,5,0,20270931,1,"[-4.156020077246469, 4.2242279705958055, -5.315741440742174, -7.838034876782426, -4.790041999315339]",True,1,`gtol` termination condition is satisfied.,63,7.175567877452115e-08,"[-0.36138140231646493, -1.9245104928120773, -0.670644219845821, -1.0788747363111573, -1.273374358882202]",True
B1_leave_N_2.78283,B1,M0_B1,leave_N,5,0,20270931,2,"[-8.056102918203552, -8.68380505016661, -13.828617983219468, 0.832399643549282, -1.3445645134885549]",True,3,`xtol` termination condition is satisfied.,41,7.17556787745102e-08,"[-0.36138140234990496, -1.9245104927904089, -0.670644219796522, -1.0788747363282492, -1.2733743589627962]",True
B1_leave_N_2.78283,B1,M0_B1,leave_N,5,0,20270931,3,"[-11.875476625170934, -0.5782790483971567, 0.6440573748447385, -4.83742023026085, -2.136816993899438]",True,2,`ftol` termination condition is satisfied.,56,7.175567877451926e-08,"[-0.3613814022863834, -1.924510492830454, -0.6706442198898657, -1.0788747362968418, -1.27337435881129]",True
B1_leave_N_2.78283,B1,M0_B1,leave_N,5,0,20270931,4,"[1.065838235177921, -15.277675819405399, -8.045523750846165, -3.3556592753694092, -8.563561943739504]",True,1,`gtol` termination condition is satisfied.,32,7.17556787745153e-08,"[-0.36138140231648763, -1.9245104928119658, -0.6706442198458167, -1.0788747363112448, -1.2733743588822077]",True
B1_leave_N_2.78283,B1,M0_B1,leave_N,5,0,20270931,5,"[4.626439671593719, -3.5494511648492413, -15.619607978438161, -1.6008201350898421, -7.177634543824136]",True,2,`ftol` termination condition is satisfied.,25,7.175567877450895e-08,"[-0.3613814023436165, -1.9245104927810426, -0.6706442198103995, -1.0788747363351852, -1.273374358938985]",True
B1_leave_N_2.78283,B1,M0_B1,leave_N,5,0,20270931,6,"[-16.859389515760576, -12.168789210202375, -1.4301110411223483, -5.409452495166583, -3.7324333236204588]",True,2,`ftol` termination condition is satisfied.,68,7.175567877451289e-08,"[-0.3613814022424336, -1.924510492844883, -0.6706442199584067, -1.0788747362859012, -1.2733743587019544]",True
B1_leave_N_2.78283,B1,M0_B1,leave_N,5,0,20270931,7,"[-8.76899977523318, 1.6322428018267132, -9.8365085659327, -0.9411016374846746, 0.24640079422635885]",True,1,`gtol` termination condition is satisfied.,69,7.175567877451453e-08,"[-0.36138140231647536, -1.9245104928120575, -0.6706442198458089, -1.0788747363111717, -1.2733743588822186]",True
B1_leave_N_2.78283,B1,M0_B1,leave_N,5,0,20270931,8,"[-2.0170291009525876, -5.951268544469023, 4.529682254651608, -7.2473381973311675, -6.180613599863405]",True,2,`ftol` termination condition is satisfied.,60,7.175567877451152e-08,"[-0.3613814024177435, -1.9245104927898142, -0.6706442196848528, -1.0788747363282196, -1.2733743591400313]",True
B1_leave_N_2.78283,B1,M0_B1,leave_N,5,0,20270931,9,"[-1.4676367888984725, -2.0192408687732044, -11.170578677703297, -6.255237239998425, -0.45299712623139143]",True,1,`gtol` termination condition is satisfied.,45,7.17556787745197e-08,"[-0.36138140231658183, -1.9245104928120735, -0.6706442198456305, -1.0788747363111584, -1.2733743588825122]",True
B1_leave_N_2.78283,B1,M0_B1,leave_N,5,0,20270931,10,"[-10.743138353148378, -16.548459598484452, 3.0230861429937796, -2.3895513390556777, -4.4945728333485855]",True,1,`gtol` termination condition is satisfied.,80,7.175567877452377e-08,"[-0.3613814023164803, -1.9245104928120482, -0.6706442198458057, -1.0788747363111797, -1.27337435888223]",True
B1_leave_N_2.78283,B1,M0_B1,leave_N,5,0,20270931,11,"[-14.785163311597868, 3.129745913304916, -17.142899401276857, -6.867240656935976, -7.672177490084885]",True,1,`gtol` termination condition is satisfied.,70,7.175567877452266e-08,"[-0.3613814023156629, -1.9245104928155312, -0.670644219846089, -1.0788747363084377, -1.273374358881765]",True
B1_leave_N_2.78283,B1,M0_B1,leave_N,5,0,20270931,12,"[3.9767858167239467, -10.298210008582249, -2.769747162435362, -0.5807856536428542, -1.841455726427717]",True,3,`xtol` termination condition is satisfied.,30,7.17556787745188e-08,"[-0.3613814023428298, -1.9245104926822847, -0.6706442198392171, -1.0788747364131628, -1.2733743588935484]",True
B1_leave_N_2.78283,B1,M0_B1,leave_N,5,0,20270931,13,"[1.8377989165996347, 0.044235542121683125, 1.9896930233175532, 0.02038581312735488, -2.836219426411475]",True,1,`gtol` termination condition is satisfied.,21,7.17556787745176e-08,"[-0.3613814023164953, -1.9245104928119667, -0.6706442198458041, -1.0788747363112432, -1.273374358882228]",True
B1_leave_N_2.78283,B1,M0_B1,leave_N,5,0,20270931,14,"[-14.072270530737807, -7.353272713898532, -6.527362272326517, -8.669848169862926, -6.877516594114425]",True,3,`xtol` termination condition is satisfied.,93,7.175567877451681e-08,"[-0.3613814023086405, -1.9245104928443184, -0.6706442198488027, -1.0788747362857098, -1.2733743588773323]",True
B1_leave_N_2.78283,B1,M0_B1,leave_N,5,0,20270931,15,"[-5.759218668942795, -4.768717340745823, -3.803145971764943, -3.0093121852639015, -5.284580433521802]",True,1,`gtol` termination condition is satisfied.,44,7.175567877451467e-08,"[-0.3613814023164775, -1.9245104928120136, -0.6706442198458197, -1.0788747363112063, -1.273374358882204]",True
B1_leave_N_2.78283,B1,M0_B1,leave_N,5,0,20270931,16,"[-5.028245018930214, -13.936675879691753, -12.499677645927523, -4.4340380738423235, 0.5464085005939268]",True,1,`gtol` termination condition is satisfied.,25,7.175567877452467e-08,"[-0.3613814023169017, -1.9245104928108072, -0.6706442198454899, -1.0788747363121554, -1.2733743588827429]",True
B1_leave_N_2.78283,B1,M0_B1,leave_N,5,0,20270931,17,"[-5.4476783240441105, -5.7108929400610755, 3.766533232789264, -1.4749805930803914, -8.178357681619223]",True,1,`gtol` termination condition is satisfied.,66,7.175567877451872e-08,"[-0.3613814023164916, -1.9245104928120507, -0.6706442198457819, -1.0788747363111761, -1.2733743588822568]",True
B1_leave_N_2.78283,B1,M0_B1,leave_N,5,0,20270931,18,"[-6.768577737505467, -12.905506459124142, -10.445247189421845, -7.165147797747084, -2.645416152805348]",True,1,`gtol` termination condition is satisfied.,30,7.17556787745199e-08,"[-0.3613814023167549, -1.9245104928109167, -0.6706442198456946, -1.0788747363120712, -1.2733743588824031]",True
B1_leave_N_2.78283,B1,M0_B1,leave_N,5,0,20270931,19,"[-13.434313520428407, 0.8941451750654501, -2.0276508982500197, -2.0913523003073973, -1.1293338484089794]",True,1,`gtol` termination condition is satisfied.,76,7.175567877451161e-08,"[-0.361381402316475, -1.9245104928120276, -0.6706442198458196, -1.0788747363111952, -1.2733743588822042]",True
B1_leave_N_2.78283,B1,M0_B1,leave_N,5,0,20270931,20,"[2.620455106051761, -8.114090697520352, -16.41612503388923, -5.361331924706922, -4.8725472301518895]",True,2,`ftol` termination condition is satisfied.,32,7.175567877451312e-08,"[-0.36138140243817474, -1.9245104926752588, -0.6706442196868458, -1.0788747364175144, -1.2733743591387556]",True
B1_leave_N_2.78283,B1,M0_B1,leave_N,5,0,20270931,21,"[3.3333466131088336, 3.5375983536206235, -5.824275885010282, -4.731964541878093, -5.802115653768882]",True,1,`gtol` termination condition is satisfied.,26,7.175567877452127e-08,"[-0.3613814023164846, -1.9245104928120251, -0.6706442198458037, -1.078874736311197, -1.2733743588822277]",True
B1_leave_N_2.78283,B1,M0_B1,leave_N,5,0,20270931,22,"[-15.573299146749733, -10.795159193431855, 2.6663178519333073, -3.903526451926102, -0.26947994986288926]",True,3,`xtol` termination condition is satisfied.,73,7.1755678774523e-08,"[-0.3613814023146271, -1.9245104928193661, -0.6706442198466224, -1.0788747363054185, -1.2733743588808926]",True
B1_leave_N_2.78283,B1,M0_B1,leave_N,5,0,20270931,23,"[-10.329184523893819, -2.691013569501896, -11.795159079450222, -7.775925801137897, -3.519245926337099]",True,1,`gtol` termination condition is satisfied.,75,7.175567877452777e-08,"[-0.3613814023164995, -1.9245104928118777, -0.6706442198458227, -1.0788747363113134, -1.2733743588821937]",True
B1_leave_N_2.78283,B1,M0_B1,leave_N,5,0,20270931,24,"[-0.46376008348191533, -15.965685814220075, -3.1278605894526237, 0.3186019053091602, -7.2627719543613045]",True,1,`gtol` termination condition is satisfied.,36,7.175567877451617e-08,"[-0.36138140231536553, -1.9245104928127614, -0.6706442198474551, -1.078874736310631, -1.273374358879647]",True
B1_leave_N_2.78283,B1,M0_B1,leave_N,5,0,20270931,25,"[-2.671684564490228, 2.2070658475121476, -13.12922919122082, -3.0577419024981856, -1.7586606227492263]",True,1,`gtol` termination condition is satisfied.,68,7.175567877451472e-08,"[-0.36138140231650717, -1.9245104928118202, -0.6706442198458302, -1.0788747363113573, -1.2733743588821875]",True
B1_leave_N_2.78283,B1,M0_B1,leave_N,5,0,20270931,26,"[-9.546093267030667, -6.615166934798136, -4.634456701110452, -3.943233249092291, -7.8876980990623755]",True,3,`xtol` termination condition is satisfied.,63,7.175567877451416e-08,"[-0.36138140228793375, -1.9245104928318502, -0.6706442198860489, -1.0788747362955708, -1.2733743588166748]",True
B1_leave_N_2.78283,B1,M0_B1,leave_N,5,0,20270931,27,"[-16.434393343151637, -4.032013679055941, -7.347567307848978, -0.06149543968210658, -3.9856814567536247]",True,1,`gtol` termination condition is satisfied.,76,7.175567877452273e-08,"[-0.36138140231645627, -1.9245104928121577, -0.6706442198458081, -1.0788747363110935, -1.2733743588822164]",True
B1_leave_N_2.78283,B1,M0_B1,leave_N,5,0,20270931,28,"[5.619100117087747, -11.775247691711806, 1.3266817306202974, -8.136241873799685, -0.8384935349847504]",True,2,`ftol` termination condition is satisfied.,32,7.175567877450723e-08,"[-0.3613814024007451, -1.9245104924478629, -0.670644219818717, -1.0788747365930957, -1.2733743589270083]",True
B1_leave_N_2.78283,B1,M0_B1,leave_N,5,0,20270931,29,"[0.6351859526951209, -1.3312227216193975, -0.682015249777205, -6.3531341627290825, 0.6312560382891537]",True,1,`gtol` termination condition is satisfied.,13,7.175567877451898e-08,"[-0.36138140231652904, -1.9245104928118675, -0.6706442198457806, -1.0788747363113207, -1.2733743588822701]",True
B1_leave_N_2.78283,B1,M0_B1,leave_N,5,0,20270931,30,"[-12.87379063293285, -14.435716925040577, -14.897963555369582, -0.6431672111799269, -5.497477886907247]",True,2,`ftol` termination condition is satisfied.,26,7.175567877451972e-08,"[-0.36138140232539034, -1.9245104927976766, -0.6706442198354503, -1.078874736322399, -1.2733743588988127]",True
B1_leave_N_2.78283,B1,M0_B1,leave_N,5,0,20270931,31,"[-7.407100847093398, 5.241086469338274, 5.279128701766496, -5.707678819408503, -6.361928067714227]",True,1,`gtol` termination condition is satisfied.,65,7.175567877451594e-08,"[-0.36138140231648425, -1.9245104928119794, -0.670644219845819, -1.078874736311233, -1.2733743588822057]",True
B1_leave_N_2.78283,B1,M0_B1,leave_N,5,0,20270931,32,"[-3.3845828651632424, -9.611593978838957, -9.116306852129899, -2.4947345455458922, -3.2144252258729207]",True,1,`gtol` termination condition is satisfied.,19,7.175567877453187e-08,"[-0.3613814023168847, -1.9245104928103756, -0.6706442198456465, -1.0788747363124944, -1.2733743588824824]",True
B1_leave_N_6.86104,B1,M0_B1,leave_N,6,0,20270932,0,"[-0.362294378437134, -1.9254170738800913, -0.671545327382723, -1.0788785403879113, -1.2734010257537622]",True,1,`gtol` termination condition is satisfied.,3,7.329094023955972e-08,"[-0.3622992870854235, -1.9254383517827627, -0.6715258170886281, -1.0788647232348745, -1.2734230350884947]",True
B1_leave_N_6.86104,B1,M0_B1,leave_N,6,0,20270932,1,"[-0.9307908630784496, -1.8026850618160033, -12.394462474356597, -0.3168357981768999, -3.7662557536108148]",True,1,`gtol` termination condition is satisfied.,17,7.329094023955844e-08,"[-0.3622992870855443, -1.9254383517826656, -0.6715258170884583, -1.0788647232349464, -1.2734230350887652]",True
B1_leave_N_6.86104,B1,M0_B1,leave_N,6,0,20270932,2,"[-6.280383251991552, -16.592912626597645, -4.730191041951587, -5.610361331491847, -8.58897675566005]",True,3,`xtol` termination condition is satisfied.,64,7.32909402395531e-08,"[-0.3622992870824549, -1.9254383517851204, -0.6715258170927578, -1.0788647232330628, -1.2734230350817595]",True
B1_leave_N_6.86104,B1,M0_B1,leave_N,6,0,20270932,3,"[-12.607307226144625, 0.49110492891308866, -8.161485127806484, -2.24255983723317, -4.605839825602917]",True,1,`gtol` termination condition is satisfied.,77,7.329094023956713e-08,"[-0.3622992870855075, -1.9254383517828744, -0.671525817088455, -1.0788647232347877, -1.2734230350887745]",True
B1_leave_N_6.86104,B1,M0_B1,leave_N,6,0,20270932,4,"[5.573327259237153, -7.5365592919188895, 2.2631467649838903, -7.554738984585743, 0.14826725510553906]",True,1,`gtol` termination condition is satisfied.,21,7.329094023957288e-08,"[-0.3622992870867636, -1.9254383517780824, -0.6715258170878852, -1.078864723238463, -1.273423035089704]",True
B1_leave_N_6.86104,B1,M0_B1,leave_N,6,0,20270932,5,"[0.5988315304578826, 2.8008615093628713, -0.8925153124026757, -6.322053640625684, -0.42094519792081364]",True,1,`gtol` termination condition is satisfied.,32,7.329094023955488e-08,"[-0.3622992870855145, -1.9254383517828333, -0.6715258170884565, -1.0788647232348187, -1.273423035088773]",True
B1_leave_N_6.86104,B1,M0_B1,leave_N,6,0,20270932,6,"[-16.134633510439677, -10.547178199665439, -16.40370655870532, -3.4034297619319887, -5.247231362360435]",True,1,`gtol` termination condition is satisfied.,69,7.329094023955803e-08,"[-0.3622992870828443, -1.9254383517943172, -0.6715258170892641, -1.0788647232261364, -1.273423035087519]",True
B1_leave_N_6.86104,B1,M0_B1,leave_N,6,0,20270932,7,"[-11.233215158569758, -4.835994392052861, 3.4228544987876077, -4.391718921591989, -6.77176227524105]",True,1,`gtol` termination condition is satisfied.,73,7.329094023955432e-08,"[-0.3622992870855146, -1.9254383517827873, -0.6715258170884721, -1.0788647232348534, -1.2734230350887508]",True
B1_leave_N_6.86104,B1,M0_B1,leave_N,6,0,20270932,8,"[-4.480997706190022, -14.261160780408964, -9.149799102740136, -1.454494862952381, -2.0258773653948134]",True,1,`gtol` termination condition is satisfied.,26,7.329094023956397e-08,"[-0.3622992870855029, -1.925438351782806, -0.6715258170884854, -1.0788647232348394, -1.273423035088729]",True
B1_leave_N_6.86104,B1,M0_B1,leave_N,6,0,20270932,9,"[-3.171187299732553, 1.8654032039618897, 5.278430551578062, -3.268147245269832, -7.5479215547821745]",True,1,`gtol` termination condition is satisfied.,60,7.329094023956473e-08,"[-0.36229928708423353, -1.9254383517841684, -0.6715258170901819, -1.0788647232338147, -1.2734230350860778]",True
B1_leave_N_6.86104,B1,M0_B1,leave_N,6,0,20270932,10,"[-9.928806823209971, -5.783120520536107, -10.999363484782293, -7.353246299094154, -2.7205254960439555]",True,1,`gtol` termination condition is satisfied.,70,7.329094023956676e-08,"[-0.3622992870841291, -1.9254383517888414, -0.6715258170888594, -1.0788647232302764, -1.2734230350881475]",True
B1_leave_N_6.86104,B1,M0_B1,leave_N,6,0,20270932,11,"[-15.002832146377145, -0.07150192150315249, -1.981347437764196, -0.44363901017446494, 0.29524973281947453]",True,1,`gtol` termination condition is satisfied.,65,7.329094023955653e-08,"[-0.3622992870854836, -1.9254383517829303, -0.6715258170884753, -1.0788647232347444, -1.2734230350887379]",True
B1_leave_N_6.86104,B1,M0_B1,leave_N,6,0,20270932,12,"[1.7252525629937523, -15.19635821095772, -15.32069044795293, -4.510157211277535, -4.454218956082079]",True,1,`gtol` termination condition is satisfied.,43,7.329094023955821e-08,"[-0.3622992870855158, -1.9254383517827471, -0.6715258170884819, -1.078864723234884, -1.2734230350887328]",True
B1_leave_N_6.86104,B1,M0_B1,leave_N,6,0,20270932,13,"[3.895944016152903, -3.449886434728878, -6.466347830956689, -5.7550663142764975, -6.28773175820096]",True,1,`gtol` termination condition is satisfied.,24,7.329094023956737e-08,"[-0.3622992870854581, -1.9254383517826708, -0.6715258170885992, -1.078864723234943, -1.2734230350885383]",True
B1_leave_N_6.86104,B1,M0_B1,leave_N,6,0,20270932,14,"[-14.278940225314097, -12.541836491166684, 0.5620195369568108, 0.7236337682533307, -1.466084269792134]",True,3,`xtol` termination condition is satisfied.,68,7.329094023955528e-08,"[-0.36229928704103687, -1.925438351807053, -0.6715258171532318, -1.0788647232159023, -1.2734230349829552]",True
B1_leave_N_6.86104,B1,M0_B1,leave_N,6,0,20270932,15,"[-7.779583536112712, 4.542441939196273, -13.453815104515089, -8.57479901953703, -2.172268657413209]",True,1,`gtol` termination condition is satisfied.,76,7.329094023956409e-08,"[-0.3622992870855189, -1.9254383517827636, -0.671525817088471, -1.0788647232348725, -1.2734230350887485]",True
B1_leave_N_6.86104,B1,M0_B1,leave_N,6,0,20270932,16,"[-2.4242626428558527, -9.183325873411388, -3.6650006576129446, -2.114771878269491, -6.922828339724536]",True,2,`ftol` termination condition is satisfied.,29,7.329094023955424e-08,"[-0.36229928708194553, -1.9254383517851523, -0.6715258170937133, -1.0788647232330804, -1.2734230350805602]",True
B1_leave_N_6.86104,B1,M0_B1,leave_N,6,0,20270932,17,"[-1.6583804006891363, 5.223638022139934, -10.27866984949504, -3.9749800719367094, -0.22254207942818383]",True,2,`ftol` termination condition is satisfied.,78,7.329094023955587e-08,"[-0.362299287053066, -1.9254383518570242, -0.6715258171188861, -1.0788647231780695, -1.2734230350401678]",True
B1_leave_N_6.86104,B1,M0_B1,leave_N,6,0,20270932,18,"[-8.413218108278134, -9.90678393717625, 4.5521600369628885, -1.0563752362437846, -5.00809796534821]",True,1,`gtol` termination condition is satisfied.,62,7.329094023955975e-08,"[-0.362299287085349, -1.925438351782969, -0.671525817088685, -1.0788647232347146, -1.273423035088398]",True
B1_leave_N_6.86104,B1,M0_B1,leave_N,6,0,20270932,19,"[-13.312787959709958, -4.242470644680271, -14.594387323981225, -6.81342145961396, -8.177471196181804]",True,1,`gtol` termination condition is satisfied.,82,7.329094023956518e-08,"[-0.3622992870855311, -1.9254383517826583, -0.6715258170884839, -1.0788647232349522, -1.2734230350887281]",True
B1_leave_N_6.86104,B1,M0_B1,leave_N,6,0,20270932,20,"[3.4180785655493615, -11.885428699316648, -2.7020954219789957, -3.87621758087069, -3.4606747542353054]",True,1,`gtol` termination condition is satisfied.,24,7.329094023955649e-08,"[-0.36229928708571213, -1.925438351781953, -0.6715258170884073, -1.078864723235494, -1.2734230350888547]",True
B1_leave_N_6.86104,B1,M0_B1,leave_N,6,0,20270932,21,"[2.7401010430790755, -0.8422652918049884, 1.2660612977451358, -2.6639042685998096, -1.6271629469000466]",True,1,`gtol` termination condition is satisfied.,14,7.329094023955009e-08,"[-0.3622992870860774, -1.9254383517807083, -0.6715258170881965, -1.078864723236449, -1.2734230350892008]",True
B1_leave_N_6.86104,B1,M0_B1,leave_N,6,0,20270932,22,"[-15.437565353957138, -14.562467434551035, -7.164834451988108, -7.957411895809556, -6.41613847257771]",True,1,`gtol` termination condition is satisfied.,71,7.329094023956118e-08,"[-0.36229928708550313, -1.9254383517828042, -0.6715258170884865, -1.078864723234841, -1.273423035088729]",True
B1_leave_N_6.86104,B1,M0_B1,leave_N,6,0,20270932,23,"[-9.114229045923665, 2.569116302348899, -2.9665683855090723, 0.17914893595043324, -5.556353809195334]",True,3,`xtol` termination condition is satisfied.,75,7.329094023955632e-08,"[-0.3622992870374837, -1.92543835180848, -0.6715258171584929, -1.0788647232147512, -1.2734230349743378]",True
B1_leave_N_6.86104,B1,M0_B1,leave_N,6,0,20270932,24,"[-3.761690308236018, -6.528399423950525, -14.157824255946883, -5.1330134421925075, -0.8476340154783069]",True,2,`ftol` termination condition is satisfied.,28,7.329094023955377e-08,"[-0.36229928713670345, -1.9254383517406697, -0.6715258170169977, -1.0788647232666373, -1.2734230352032885]",True
B1_leave_N_6.86104,B1,M0_B1,leave_N,6,0,20270932,25,"[-5.290108405966089, -5.516571151983081, -5.428666793197495, -8.102117145054105, -3.967015478976693]",True,3,`xtol` termination condition is satisfied.,70,7.329094023955456e-08,"[-0.3622992870786763, -1.9254383518082272, -0.6715258170917114, -1.0788647232153012, -1.2734230350834665]",True
B1_leave_N_6.86104,B1,M0_B1,leave_N,6,0,20270932,26,"[-10.648049639352413, -13.538670382315036, -11.690409843782763, -1.6234344001816954, 0.8231790829741286]",True,2,`ftol` termination condition is satisfied.,22,7.329094023955305e-08,"[-0.3622992871427208, -1.9254383516253932, -0.6715258170434492, -1.07886472335381, -1.2734230351608256]",True
B1_leave_N_6.86104,B1,M0_B1,leave_N,6,0,20270932,27,"[-17.144166410650296, 3.592652479732674, 1.559148483337605, -6.153073743603693, -3.3137013716859167]",True,1,`gtol` termination condition is satisfied.,68,7.3290940239561e-08,"[-0.36229928708552817, -1.9254383517827087, -0.6715258170884738, -1.0788647232349138, -1.2734230350887468]",True
B1_leave_N_6.86104,B1,M0_B1,leave_N,6,0,20270932,28,"[1.028119230258259, -11.203140075548992, -7.463041985917105, 0.3069371969019965, -8.025823041167325]",True,1,`gtol` termination condition is satisfied.,20,7.329094023956795e-08,"[-0.362299287085567, -1.9254383517826186, -0.6715258170884372, -1.078864723234984, -1.2734230350888045]",True
B1_leave_N_6.86104,B1,M0_B1,leave_N,6,0,20270932,29,"[4.60135940362488, 1.2609006335439936, -17.129966203534988, -0.9210924175937425, -7.456611582924594]",True,1,`gtol` termination condition is satisfied.,27,7.32909402395615e-08,"[-0.36229928708591325, -1.9254383517821685, -0.6715258170880104, -1.0788647232353286, -1.273423035089501]",True
B1_leave_N_6.86104,B1,M0_B1,leave_N,6,0,20270932,30,"[-12.123757132480257, -8.169830745312135, -0.1718108073299156, -5.006172996865079, -2.672311113935913]",True,1,`gtol` termination condition is satisfied.,64,7.329094023957235e-08,"[-0.36229928708557646, -1.9254383517828049, -0.6715258170883646, -1.0788647232348416, -1.273423035088925]",True
B1_leave_N_6.86104,B1,M0_B1,leave_N,6,0,20270932,31,"[-7.051928227807677, -2.505952244236532, -9.870536217169427, -2.865361426104889, -0.9940344026612493]",True,1,`gtol` termination condition is satisfied.,57,7.329094023956052e-08,"[-0.3622992870848199, -1.925438351785422, -0.6715258170887893, -1.0788647232328321, -1.273423035088231]",True
B1_leave_N_6.86104,B1,M0_B1,leave_N,6,0,20270932,32,"[-0.29136227063551345, -15.848426962764817, 4.149168492544824, -6.931860015759404, -5.707392588185179]",True,1,`gtol` termination condition is satisfied.,78,7.329094023955784e-08,"[-0.3622992870855165, -1.9254383517827711, -0.6715258170884726, -1.078864723234866, -1.2734230350887468]",True
B1_leave_N_11.9658,B1,M0_B1,leave_N,7,0,20270933,0,"[-0.36250032196814597, -1.9256230174111035, -0.6717512709137348, -1.0788785403879113, -1.2734010257537622]",True,1,`gtol` termination condition is satisfied.,3,7.838546614302409e-08,"[-0.3625109346441586, -1.925542033715829, -0.6717666836821942, -1.0789344269379757, -1.2733895517752398]",True
B1_leave_N_11.9658,B1,M0_B1,leave_N,7,0,20270933,1,"[4.998169267055658, -0.8131917363846313, 5.28602583543282, -3.3879410431067205, -1.328627058429662]",True,1,`gtol` termination condition is satisfied.,17,7.838546614301612e-08,"[-0.3625109346450857, -1.9255420337124511, -0.6717666836817442, -1.078934426940507, -1.2733895517759715]",True
B1_leave_N_11.9658,B1,M0_B1,leave_N,7,0,20270933,2,"[-7.7148425204072915, -11.381902933322998, -6.159293522965919, -4.4305932269782575, -5.975974200606555]",True,1,`gtol` termination condition is satisfied.,62,7.838546614301334e-08,"[-0.362510934644139, -1.9255420337157683, -0.6717666836822459, -1.0789344269380232, -1.273389551775158]",True
B1_leave_N_11.9658,B1,M0_B1,leave_N,7,0,20270933,3,"[-14.671070306402278, 2.219151562895128, -0.817024206208739, -0.03976884133322578, -7.920715926742221]",True,1,`gtol` termination condition is satisfied.,48,7.838546614301334e-08,"[-0.3625109346441153, -1.9255420337159146, -0.6717666836822362, -1.0789344269379137, -1.2733895517751692]",True
B1_leave_N_11.9658,B1,M0_B1,leave_N,7,0,20270933,4,"[-4.942466955784656, -12.990740481012933, -12.878702905551064, -7.639100135263641, -2.9566205840597615]",True,1,`gtol` termination condition is satisfied.,28,7.838546614301102e-08,"[-0.3625109346443499, -1.925542033715175, -0.671766683682089, -1.0789344269384677, -1.273389551775415]",True
B1_leave_N_11.9658,B1,M0_B1,leave_N,7,0,20270933,5,"[-0.5527301695385702, 3.926379691569913, -10.790614073295284, -7.466049352727277, -1.9425037683939639]",True,1,`gtol` termination condition is satisfied.,51,7.838546614301026e-08,"[-0.3625109346425466, -1.9255420337234803, -0.6717666836824026, -1.07893442693231, -1.2733895517749145]",True
B1_leave_N_11.9658,B1,M0_B1,leave_N,7,0,20270933,6,"[-13.528673916135142, -14.667543061004473, -0.05322236031433647, -0.4618817519300915, -6.55261530691641]",True,1,`gtol` termination condition is satisfied.,89,7.838546614301902e-08,"[-0.36251093464412637, -1.9255420337158773, -0.6717666836822321, -1.078934426937941, -1.2733895517751805]",True
B1_leave_N_11.9658,B1,M0_B1,leave_N,7,0,20270933,7,"[-9.199455085313723, -5.517355942004842, -16.081193377635376, -5.943276622197118, -4.884739484748755]",True,2,`ftol` termination condition is satisfied.,69,7.838546614300772e-08,"[-0.3625109346384779, -1.9255420337419271, -0.6717666836832006, -1.078934426918646, -1.2733895517736387]",True
B1_leave_N_11.9658,B1,M0_B1,leave_N,7,0,20270933,8,"[0.9729534553141903, -6.646968063329616, -4.7357896396204815, -1.919423909038887, -0.03242371434601132]",True,1,`gtol` termination condition is satisfied.,21,7.838546614301404e-08,"[-0.3625109346456092, -1.9255420337092166, -0.6717666836819108, -1.0789344269429284, -1.273389551775701]",True
B1_leave_N_11.9658,B1,M0_B1,leave_N,7,0,20270933,9,"[2.21782791174876, 0.38394544568921773, -15.149106786287197, -1.1081887987892962, -5.296512081455614]",True,1,`gtol` termination condition is satisfied.,39,7.838546614302276e-08,"[-0.3625109346452168, -1.9255420337133988, -0.6717666836812295, -1.0789344269397971, -1.273389551776812]",True
B1_leave_N_11.9658,B1,M0_B1,leave_N,7,0,20270933,10,"[-10.449889437036358, -12.555249296964108, -4.153709504773973, -6.621322125059919, -0.6676826942959284]",True,1,`gtol` termination condition is satisfied.,78,7.838546614300802e-08,"[-0.36251093464410294, -1.9255420337159301, -0.6717666836822526, -1.0789344269379015, -1.2733895517751443]",True
B1_leave_N_11.9658,B1,M0_B1,leave_N,7,0,20270933,11,"[-11.931050462902654, -1.9359936398670587, -8.78446720402243, -2.62160262276483, -3.46792469286466]",True,1,`gtol` termination condition is satisfied.,79,7.838546614301812e-08,"[-0.3625109346441803, -1.9255420337155877, -0.6717666836822342, -1.0789344269381567, -1.2733895517751734]",True
B1_leave_N_11.9658,B1,M0_B1,leave_N,7,0,20270933,12,"[-2.1559135180591262, -8.809369627863902, 2.3041483814372477, -5.1544392517255915, -8.450610551880702]",True,3,`xtol` termination condition is satisfied.,90,7.838546614300842e-08,"[-0.36251093463046186, -1.9255420337780669, -0.6717666836845498, -1.0789344268911982, -1.273389551771399]",True
B1_leave_N_11.9658,B1,M0_B1,leave_N,7,0,20270933,13,"[-3.331712801656794, -2.925330690901683, -1.665538451667782, -4.888229967311494, -7.066879323333496]",True,1,`gtol` termination condition is satisfied.,66,7.838546614302069e-08,"[-0.3625109346441342, -1.9255420337158318, -0.6717666836822331, -1.0789344269379753, -1.273389551775177]",True
B1_leave_N_11.9658,B1,M0_B1,leave_N,7,0,20270933,14,"[-16.265123035094923, -7.839324747704502, -13.366253950714942, -2.950604781097831, -2.475285539828259]",True,1,`gtol` termination condition is satisfied.,77,7.838546614300708e-08,"[-0.36251093464406936, -1.9255420337160245, -0.6717666836822772, -1.0789344269378307, -1.2733895517751033]",True
B1_leave_N_11.9658,B1,M0_B1,leave_N,7,0,20270933,15,"[-6.458054779054402, 4.381360103816419, 3.374571102625236, -8.22711598831875, 0.6488261730861549]",True,1,`gtol` termination condition is satisfied.,68,7.838546614301748e-08,"[-0.3625109346441519, -1.9255420337156792, -0.6717666836822527, -1.07893442693809, -1.273389551775146]",True
B1_leave_N_11.9658,B1,M0_B1,leave_N,7,0,20270933,16,"[3.758082951137986, -16.572306676549218, -8.433276705182022, 0.2671701176246959, -4.222080113650173]",True,1,`gtol` termination condition is satisfied.,28,7.83854661430174e-08,"[-0.36251093464410455, -1.9255420337159828, -0.6717666836822327, -1.078934426937862, -1.273389551775175]",True
B1_leave_N_11.9658,B1,M0_B1,leave_N,7,0,20270933,17,"[2.9834462007060267, 5.265850643095302, -2.978231792740976, -6.059608866134283, -3.044997969326781]",True,1,`gtol` termination condition is satisfied.,41,7.838546614301326e-08,"[-0.3625109346438268, -1.9255420337172258, -0.6717666836822928, -1.0789344269369308, -1.2733895517750768]",True
B1_leave_N_11.9658,B1,M0_B1,leave_N,7,0,20270933,18,"[-7.102729741409615, -16.03277914067594, -14.992083478301971, -1.7374245237821127, -7.692345093739682]",True,4,Both `ftol` and `xtol` termination conditions are satisfied.,39,7.838546614302021e-08,"[-0.36251093471025364, -1.9255420335773432, -0.6717666836165102, -1.078934427041237, -1.2733895518829934]",True
B1_leave_N_11.9658,B1,M0_B1,leave_N,7,0,20270933,19,"[-17.064061568798763, -3.8105283606800686, 1.7488571514294406, -6.9024521246149435, -6.054747074348201]",True,2,`ftol` termination condition is satisfied.,64,7.838546614301208e-08,"[-0.36251093464982426, -1.9255420336296802, -0.671766683700559, -1.0789344270017052, -1.2733895517457707]",True
B1_leave_N_11.9658,B1,M0_B1,leave_N,7,0,20270933,20,"[-3.9962601096887997, -8.379558055354094, -9.746028556272528, -0.7920970400084952, -1.0906517494297345]",True,1,`gtol` termination condition is satisfied.,20,7.83854661430169e-08,"[-0.3625109346451129, -1.9255420337121278, -0.6717666836818046, -1.078934426940748, -1.2733895517758782]",True
B1_leave_N_11.9658,B1,M0_B1,leave_N,7,0,20270933,21,"[-2.856871805181095, -2.8212672283036113, -13.923984428527218, -0.00697678512565858, -0.08410950048803656]",True,1,`gtol` termination condition is satisfied.,18,7.838546614302496e-08,"[-0.3625109346446342, -1.9255420337141276, -0.6717666836819532, -1.078934426939252, -1.2733895517756308]",True
B1_leave_N_11.9658,B1,M0_B1,leave_N,7,0,20270933,22,"[-12.671708009071583, -9.349505277284308, -2.6184077119991187, -7.90403715359879, -4.6942210212464905]",True,1,`gtol` termination condition is satisfied.,96,7.838546614303419e-08,"[-0.36251093464413653, -1.9255420337158247, -0.6717666836822302, -1.0789344269379788, -1.2733895517751777]",True
B1_leave_N_11.9658,B1,M0_B1,leave_N,7,0,20270933,23,"[-11.124980691773093, 1.26853364319728, -7.2490987488911305, -3.867413648111352, -6.594696581533061]",True,1,`gtol` termination condition is satisfied.,84,7.838546614302034e-08,"[-0.36251093464414436, -1.9255420337157851, -0.6717666836822307, -1.0789344269380086, -1.2733895517751797]",True
B1_leave_N_11.9658,B1,M0_B1,leave_N,7,0,20270933,24,"[1.4961731284158688, -12.015797679749001, 3.5291633151451194, -4.015696236963663, -1.7423808288943112]",True,1,`gtol` termination condition is satisfied.,29,7.838546614301113e-08,"[-0.36251093465342554, -1.9255420336741425, -0.6717666836802415, -1.0789344269690615, -1.273389551778377]",True
B1_leave_N_11.9658,B1,M0_B1,leave_N,7,0,20270933,25,"[0.2477742289500675, -4.977904409709934, -6.672850211510324, -8.567515586898391, -8.35328462606725]",True,1,`gtol` termination condition is satisfied.,75,7.838546614302519e-08,"[-0.36251093464419404, -1.925542033715704, -0.6717666836821746, -1.0789344269380698, -1.27338955177527]",True
B1_leave_N_11.9658,B1,M0_B1,leave_N,7,0,20270933,26,"[-9.88215255738087, -5.762379950741751, 4.46637496790089, 0.8211605781845108, -3.7244552566715585]",True,1,`gtol` termination condition is satisfied.,71,7.838546614302647e-08,"[-0.3625109346441668, -1.9255420337156777, -0.6717666836822285, -1.07893442693809, -1.2733895517751845]",True
B1_leave_N_11.9658,B1,M0_B1,leave_N,7,0,20270933,27,"[-14.279720174884497, 3.3862439572293077, -11.561303839014386, -4.697792543146461, -0.5607522924850876]",True,1,`gtol` termination condition is satisfied.,83,7.838546614301141e-08,"[-0.3625109346441344, -1.9255420337158116, -0.6717666836822386, -1.078934426937991, -1.2733895517751674]",True
B1_leave_N_11.9658,B1,M0_B1,leave_N,7,0,20270933,28,"[-1.2544304044417576, -15.552816734361226, -0.6182554869746077, -3.0579123480134713, -5.543438133737137]",True,1,`gtol` termination condition is satisfied.,36,7.838546614302145e-08,"[-0.3625109346441003, -1.9255420337160059, -0.6717666836822324, -1.0789344269378458, -1.2733895517751759]",True
B1_leave_N_11.9658,B1,M0_B1,leave_N,7,0,20270933,29,"[-5.59114157460634, 1.6789181703253355, 1.2561700901522634, -2.2168899432514726, -4.161443513170577]",True,3,`xtol` termination condition is satisfied.,90,7.838546614301384e-08,"[-0.3625109346413126, -1.9255420337285474, -0.6717666836828052, -1.0789344269284424, -1.2733895517742404]",True
B1_leave_N_11.9658,B1,M0_B1,leave_N,7,0,20270933,30,"[-15.452489548231515, -13.87593823571152, -10.588721989131178, -5.643518624282741, 0.43015025257066597]",True,2,`ftol` termination condition is satisfied.,74,7.83854661430182e-08,"[-0.36251093462861644, -1.9255420337847993, -0.6717666836857383, -1.0789344268868652, -1.273389551769598]",True
B1_leave_N_11.9658,B1,M0_B1,leave_N,7,0,20270933,31,"[-8.339215355957096, -0.2736642854315541, -5.246209376003028, -1.3646877782161857, -2.405044463351274]",True,1,`gtol` termination condition is satisfied.,65,7.838546614302384e-08,"[-0.3625109346439769, -1.9255420337165252, -0.6717666836822715, -1.078934426937457, -1.273389551775117]",True
B1_leave_N_11.9658,B1,M0_B1,leave_N,7,0,20270933,32,"[4.236622370903213, -10.497412478964318, -16.908837274005496, -6.579505391830827, -7.275950732323608]",True,1,`gtol` termination condition is satisfied.,40,7.838546614302492e-08,"[-0.362510934644136, -1.925542033715738, -0.6717666836822604, -1.0789344269380456, -1.2733895517751341]",True
B1_late_token_0.070542,B1,M0_B1,full,100,0,20261026,0,"[-0.5367861643088644, -2.099908859751822, -0.8460371132544533, -1.0788785403879113, -1.2734010257537622]",True,2,`ftol` termination condition is satisfied.,11,1.6535315246283408e-06,"[-0.5366772534450138, -2.0998001741102494, -0.8463906364039963, -1.0788263641031028, -1.2729204143967396]",True
B1_late_token_0.070542,B1,M0_B1,full,100,0,20261026,1,"[-1.182151723236803, -4.277396518094962, -5.568768562590938, -5.809195777504712, -4.157231554903767]",True,2,`ftol` termination condition is satisfied.,26,1.6535315246283442e-06,"[-0.14569089125695586, -3.8281126572534845, -0.846390636403895, -5.563927807718608, -1.2729204143968766]",True
B1_late_token_0.070542,B1,M0_B1,full,100,0,20261026,2,"[-15.42263268889288, -6.680223705034576, -12.91847477136842, -2.181440118311004, -1.3209450550743513]",True,3,`xtol` termination condition is satisfied.,43,1.6535315246282722e-06,"[-15.4293238941983, -0.7236407660419979, -0.8463906364040412, -1.4808967458420472, -1.2729204143966695]",True
B1_late_token_0.070542,B1,M0_B1,full,100,0,20261026,3,"[-8.099775848135998, 2.2842186084756833, 3.130533548153352, -6.7091290907395145, -3.7054684611764337]",True,2,`ftol` termination condition is satisfied.,36,1.6535315246283872e-06,"[-9.764532473893677, -0.12281608915578057, -0.8463906364040461, -7.111988401770852, -1.2729204143966657]",True
B1_late_token_0.070542,B1,M0_B1,full,100,0,20261026,4,"[0.4334659805449306, -11.50528228076195, -10.183806110537049, -0.6502978379485818, -6.541209659704887]",True,2,`ftol` termination condition is satisfied.,21,1.65353152462866e-06,"[-0.12061732476165395, -11.698157976866048, -0.8463906364040433, -0.8920623762180191, -1.2729204143966633]",True
B1_late_token_0.070542,B1,M0_B1,full,100,0,20261026,5,"[4.167181828908856, 3.5483181063679403, -14.617279283334502, 0.2998691704455734, -8.378805222567632]",True,2,`ftol` termination condition is satisfied.,36,1.6535315246282288e-06,"[-0.7996985863096346, -1.2806519798064726, -0.8463906364040353, -1.7677191192492043, -1.2729204143966824]",True
B1_late_token_0.070542,B1,M0_B1,full,100,0,20261026,6,"[-10.087216495908741, -15.973467434222126, -1.3071241523844268, -7.994797392039093, -1.9377782974921223]",True,2,`ftol` termination condition is satisfied.,58,1.6535315246280524e-06,"[-0.12058967257642028, -15.937323113265357, -0.8463906364039739, -7.932643840912253, -1.2729204143967694]",True
B1_late_token_0.070542,B1,M0_B1,full,100,0,20261026,7,"[-12.034119446276863, -2.668067537211723, -5.963880531557068, -3.578069427081089, 0.4455991356410607]",True,2,`ftol` termination condition is satisfied.,20,1.6535315246284922e-06,"[-12.058871637985055, -0.20070630881693088, -0.846390636404099, -3.4994948848841725, -1.2729204143965942]",True
B1_late_token_0.070542,B1,M0_B1,full,100,0,20261026,8,"[-3.4702724202310886, -10.780928924565996, 1.3788374241802508, -4.673123605774722, -5.993717454399826]",True,2,`ftol` termination condition is satisfied.,75,1.6535315246282354e-06,"[-0.12061448105683126, -10.74164089513118, -0.8463906364039182, -4.784935935678353, -1.2729204143968482]",True
B1_late_token_0.070542,B1,M0_B1,full,100,0,20261026,9,"[-5.178509676864113, 1.1109184201929416, -8.065141293464977, -8.680221347140455, -0.45575833469701976]",True,2,`ftol` termination condition is satisfied.,21,1.6535315246284802e-06,"[-5.713446034980392, -0.12476234892938319, -0.8463906364041183, -8.700509899344691, -1.2729204143965636]",True
B1_late_token_0.070542,B1,M0_B1,full,100,0,20261026,10,"[-13.742310209100776, -13.580157975838894, 0.9750036836857028, -0.208942907683495, -5.0993269156325525]",True,2,`ftol` termination condition is satisfied.,93,1.653531524628567e-06,"[-12.725602290879767, -8.398242988401892, -0.846390636404011, 1.1384158793237964, -1.272920414396708]",True
B1_late_token_0.070542,B1,M0_B1,full,100,0,20261026,11,"[-9.98179704879842, -5.0611154413811335, -16.462533413281278, -4.136696334290545, -7.48268642489654]",True,2,`ftol` termination condition is satisfied.,32,1.653531524628497e-06,"[-8.397711786995187, -0.1977371720236896, -0.8463906364039393, -3.540479326965022, -1.272920414396816]",True
B1_late_token_0.070542,B1,M0_B1,full,100,0,20261026,12,"[4.272560217102821, -8.34327311906993, -1.9892256757229916, -2.920260665334836, -2.840900336336235]",True,2,`ftol` termination condition is satisfied.,32,1.6535315246278055e-06,"[-0.12063041527357993, -10.268529663731995, -0.8463906364039945, -4.1216741866434035, -1.2729204143967352]",True
B1_late_token_0.070542,B1,M0_B1,full,100,0,20261026,13,"[2.2863335460390566, -0.9487629069955794, 4.9695265967265065, -1.672462355416842, -2.209196313362577]",True,3,`xtol` termination condition is satisfied.,38,1.6535315246282009e-06,"[-0.17894729337310528, -3.1792055488591084, -0.8463906364039597, -2.6442461048071437, -1.2729204143967974]",True
B1_late_token_0.070542,B1,M0_B1,full,100,0,20261026,14,"[-6.246861703912558, -9.963205236036806, -9.496835008210466, -5.123500939270199, -8.035135290593665]",True,2,`ftol` termination condition is satisfied.,19,1.6535315246283171e-06,"[-0.1206584685136643, -9.717766492834457, -0.8463906364040434, -5.192238707616372, -1.2729204143966575]",True
B1_late_token_0.070542,B1,M0_B1,full,100,0,20261026,15,"[-16.02886901132958, 5.568153283794771, -3.473769051897049, -1.3083092690938862, -5.6505933921746045]",True,3,`xtol` termination condition is satisfied.,39,1.6535315246282985e-06,"[-16.541302188837566, -0.2281190627177333, -0.84639063640409, -3.205133744947511, -1.2729204143965984]",True
B1_late_token_0.070542,B1,M0_B1,full,100,0,20261026,16,"[-1.7884291895100564, -14.83295731265172, -12.509771621726252, -7.245790260722886, 0.17472698951934973]",True,3,`xtol` termination condition is satisfied.,43,1.653531524628237e-06,"[-0.12058993116124193, -14.86955514326534, -0.8463906364039996, -7.320700271016689, -1.2729204143967268]",True
B1_late_token_0.070542,B1,M0_B1,full,100,0,20261026,17,"[-2.8315099206013503, 4.406075512149005, 0.2629195554234016, -3.748511718201841, -6.768778874747783]",True,2,`ftol` termination condition is satisfied.,26,1.6535315246284463e-06,"[-5.835233385190019, -0.14565416532323489, -0.8463906364039777, -4.802739845883414, -1.2729204143967647]",True
B1_late_token_0.070542,B1,M0_B1,full,100,0,20261026,18,"[-17.06881962633506, -15.096234175174768, -7.352535245657826, -4.842690398487882, -3.326535847930944]",True,2,`ftol` termination condition is satisfied.,75,1.653531524628291e-06,"[-16.04826368987609, -0.17019365628757463, -0.8463906364040136, -3.978827086941876, -1.2729204143967106]",True
B1_late_token_0.070542,B1,M0_B1,full,100,0,20261026,19,"[-6.632679496746942, -0.6861158126704829, -2.7013203340900045, 0.7671774724967282, -0.9431605464769515]",True,2,`ftol` termination condition is satisfied.,24,1.6535315246282925e-06,"[-7.7417360080126745, -2.35464719093429, -0.8463906364040302, -0.17154313688563563, -1.2729204143966681]",True
B1_late_token_0.070542,B1,M0_B1,full,100,0,20261026,20,"[1.902950967299681, -8.80175723258899, -15.749916835369415, -7.526035906519681, -4.38369352248306]",True,2,`ftol` termination condition is satisfied.,26,1.6535315246282421e-06,"[-0.12065582778010185, -9.743298321456484, -0.8463906364040271, -7.69079688191906, -1.2729204143966912]",True
B1_late_token_0.070542,B1,M0_B1,full,100,0,20261026,21,"[5.370751100407649, -4.7984462678042235, -8.78420790019389, -6.5757222385972085, -6.2166323610978615]",True,2,`ftol` termination condition is satisfied.,27,1.6535315246284323e-06,"[-0.1210115023233923, -7.893420580364333, -0.8463906364040199, -7.173877340205639, -1.2729204143966983]",True
B1_late_token_0.070542,B1,M0_B1,full,100,0,20261026,22,"[-8.886041294668397, -7.181803036370297, 4.257421408254782, -0.5183487168568064, 0.8105594444635322]",True,2,`ftol` termination condition is satisfied.,18,1.6535315246284575e-06,"[-3.31037347282266, -0.6095505824519746, -0.846390636404046, -1.780545033693831, -1.2729204143966506]",True
B1_late_token_0.070542,B1,M0_B1,full,100,0,20261026,23,"[-13.411602568479921, -0.051136592839416295, -11.797133983604965, -6.239468640577421, -1.5739618299593587]",True,2,`ftol` termination condition is satisfied.,20,1.6535315246282663e-06,"[-13.149515212977255, -0.12629693085217467, -0.8463906364040596, -6.141520888629367, -1.2729204143966375]",True
B1_late_token_0.070542,B1,M0_B1,full,100,0,20261026,24,"[-4.850932237249273, -13.843412079748528, -4.185884770473486, -2.6125839322090316, -8.6006080499959]",True,3,`xtol` termination condition is satisfied.,62,1.65353152462831e-06,"[-0.12059299505241672, -12.92707489663915, -0.8463906364039929, -2.4378945015866176, -1.2729204143967352]",True
B1_late_token_0.070542,B1,M0_B1,full,100,0,20261026,25,"[-3.799415108959284, -1.514338525118978, -13.631257453190099, -1.1759892180589446, -3.0556635596972876]",True,2,`ftol` termination condition is satisfied.,19,1.653531524628556e-06,"[-3.1206443025659407, -1.0684369502519115, -0.8463906364039961, -1.0840867247484944, -1.2729204143967372]",True
B1_late_token_0.070542,B1,M0_B1,full,100,0,20261026,26,"[-12.36013133955765, -10.509304661213115, -4.85685563345041, -7.11259972072645, -7.11190307908495]",True,2,`ftol` termination condition is satisfied.,72,1.653531524628402e-06,"[-9.557039013110812, -0.12702244620982164, -0.846390636404023, -6.033948922200267, -1.2729204143966952]",True
B1_late_token_0.070542,B1,M0_B1,full,100,0,20261026,27,"[-11.184189666015818, 3.277322252489821, -10.896599322463441, -2.1039764952822644, -4.72736331234508]",True,2,`ftol` termination condition is satisfied.,26,1.6535315246281695e-06,"[-12.349013505259016, -0.2234858845909008, -0.8463906364040328, -3.249223897843441, -1.2729204143966761]",True
B1_late_token_0.070542,B1,M0_B1,full,100,0,20261026,28,"[3.0726431935351926, -17.126568036840105, 3.8424570073985933, -5.553558094172807, -0.6717426727184428]",True,3,`xtol` termination condition is satisfied.,32,1.6535315246284113e-06,"[-0.12058956785197184, -17.430725517467828, -0.8463906364040455, -5.917212218886209, -1.2729204143966417]",True
B1_late_token_0.070542,B1,M0_B1,full,100,0,20261026,29,"[0.8180659752613622, 2.013202034068936, -0.5951901630344736, -4.30590644378313, -0.05400882248861372]",True,2,`ftol` termination condition is satisfied.,18,1.653531524628261e-06,"[-1.4868563199276332, -0.43491153283966066, -0.8463906364040815, -4.893489870025052, -1.2729204143966204]",True
B1_late_token_0.070542,B1,M0_B1,full,100,0,20261026,30,"[-7.7176103032327745, -12.658403603908557, -15.330083025365607, -3.0909232122079615, -5.275155453794262]",True,2,`ftol` termination condition is satisfied.,22,1.6535315246282752e-06,"[-0.12059685541498512, -12.071982221889646, -0.8463906364040322, -3.0447591719153833, -1.2729204143966744]",True
B1_late_token_0.070542,B1,M0_B1,full,100,0,20261026,31,"[-14.381116824774043, -3.123688905892438, 2.0907819436349158, -8.211817148817389, -7.65851283137906]",True,2,`ftol` termination condition is satisfied.,59,1.6535315246284355e-06,"[-14.579174022938147, -0.12130333609881973, -0.8463906364040124, -8.220789360025542, -1.2729204143967134]",True
B1_late_token_0.070542,B1,M0_B1,full,100,0,20261026,32,"[-0.1437667394855744, -6.408620841571915, -6.676694803692884, 0.25858625409580327, -2.439148408224745]",True,1,`gtol` termination condition is satisfied.,23,1.653531524628352e-06,"[-0.17603994245715873, -6.293586831698852, -0.8463906364040183, 0.20447557849858514, -1.2729204143966977]",True
B1_late_token_0.162405,B1,M0_B1,full,101,0,20261027,0,"[-0.4593032599292024, -2.0224259553721597, -0.7685542088747913, -1.0788785403879113, -1.2734010257537622]",True,2,`ftol` termination condition is satisfied.,12,1.2946658703603339e-06,"[-0.4593699345597143, -2.0225009788106836, -0.7682688413278105, -1.0788946817601281, -1.2735856388856015]",True
B1_late_token_0.162405,B1,M0_B1,full,101,0,20261027,1,"[-1.3635850877480014, -2.273572471033349, 3.7302286799390636, -4.253040373519233, -2.1156064484366226]",True,3,`xtol` termination condition is satisfied.,52,1.2946658703600667e-06,"[-0.26583013801946903, -2.224878456500316, -0.768268841375493, -4.371833583903722, -1.2735856388120688]",True
B1_late_token_0.162405,B1,M0_B1,full,101,0,20261027,2,"[-10.718730801768281, -15.111446694755791, -15.123583468408597, -2.945460870452864, -8.47405664260273]",True,2,`ftol` termination condition is satisfied.,26,1.294665870359752e-06,"[-0.13106694328781363, -14.940741407816425, -0.7682688413278844, -3.070363276290187, -1.2735856388855011]",True
B1_late_token_0.162405,B1,M0_B1,full,101,0,20261027,3,"[-14.078990733168903, 0.3929467532836526, -1.0981545852807528, -8.356543661561865, -6.246818554960818]",True,2,`ftol` termination condition is satisfied.,60,1.2946658703598638e-06,"[-14.10401842662727, -0.13151552667596084, -0.7682688413278521, -8.307974582297115, -1.2735856388855473]",True
B1_late_token_0.162405,B1,M0_B1,full,101,0,20261027,4,"[2.4001256152784087, -6.746094583991583, -10.734692805798211, -0.0526646033549838, 0.4422950506595491]",True,2,`ftol` termination condition is satisfied.,27,1.294665870359942e-06,"[-0.131969853487997, -7.861476002764254, -0.7682688413278019, -0.925338510356294, -1.2735856388856142]",True
B1_late_token_0.162405,B1,M0_B1,full,101,0,20261027,5,"[4.832624705362598, 5.118609483937007, -12.929067886868541, -1.5100226011456996, -1.2016557635279135]",True,1,`gtol` termination condition is satisfied.,38,1.2946658703603085e-06,"[-0.9479545419151837, -0.7757027846137732, -0.7682688413278504, -3.3848006564178736, -1.2735856388855518]",True
B1_late_token_0.162405,B1,M0_B1,full,101,0,20261027,6,"[-15.73109595037021, -10.404601940584818, 1.652578917941888, -6.917848941421106, -4.007025320985822]",True,2,`ftol` termination condition is satisfied.,66,1.2946658703602259e-06,"[-15.75165792028491, -0.13264314773415387, -0.7682688413278568, -7.050135594955759, -1.273585638885542]",True
B1_late_token_0.162405,B1,M0_B1,full,101,0,20261027,7,"[-8.141400269330964, -3.60160375882192, -7.032706455777664, -1.5998619808216326, -6.532257024558009]",True,2,`ftol` termination condition is satisfied.,26,1.294665870360173e-06,"[-8.36019634237517, -0.6071406109437674, -0.7682688413277889, -1.3402935042948148, -1.2735856388856315]",True
B1_late_token_0.162405,B1,M0_B1,full,101,0,20261027,8,"[-3.2493013998121807, -13.425851859470423, -4.51630434054829, -5.654483573467587, -3.4614181240610638]",True,2,`ftol` termination condition is satisfied.,25,1.2946658703596965e-06,"[-0.1310682531640847, -13.415193892774802, -0.7682688413278744, -5.625040946452447, -1.2735856388855127]",True
B1_late_token_0.162405,B1,M0_B1,full,101,0,20261027,9,"[-4.543978920605511, 2.209077076282135, -7.4209324156235805, -6.613960344329028, -7.9245431702071]",True,3,`xtol` termination condition is satisfied.,37,1.2946658703601698e-06,"[-6.118084277751444, -0.13539718267955914, -0.7682688413270533, -6.908481782545761, -1.2735856388867661]",True
B1_late_token_0.162405,B1,M0_B1,full,101,0,20261027,10,"[-6.775849114490068, -7.840121235483712, -4.239558900886935, -0.6217173847279618, -2.646421239543738]",True,2,`ftol` termination condition is satisfied.,76,1.2946658703603614e-06,"[-4.169851374043514, -4.264120053089982, -0.7682688413278086, 0.8171551934653902, -1.273585638885612]",True
B1_late_token_0.162405,B1,M0_B1,full,101,0,20261027,11,"[-14.460071337605966, -0.4671862313824633, -12.560321983838783, -5.958297135452154, -0.14450850755784117]",True,2,`ftol` termination condition is satisfied.,22,1.294665870360294e-06,"[-14.256495335277025, -0.13903197230284578, -0.7682688413278398, -5.430287333434865, -1.273585638885564]",True
B1_late_token_0.162405,B1,M0_B1,full,101,0,20261027,12,"[3.4434209821734143, -16.21521742959552, 1.3507908936501316, -2.488096709714135, -5.678713642503954]",True,1,`gtol` termination condition is satisfied.,25,1.2946658703600412e-06,"[-0.13106661626660962, -16.58171327597348, -0.7682688413278378, -3.5439301523428957, -1.273585638885571]",True
B1_late_token_0.162405,B1,M0_B1,full,101,0,20261027,13,"[0.8452634736389584, -5.3751074961235386, -2.131957402458468, -3.8430067740501137, -4.631005364288107]",True,2,`ftol` termination condition is satisfied.,20,1.2946658703602958e-06,"[-0.13413478030323392, -5.9500052630523355, -0.7682688413277607, -4.079296127420933, -1.2735856388856783]",True
B1_late_token_0.162405,B1,M0_B1,full,101,0,20261027,14,"[-12.595181746878325, -12.37722214533667, -9.589757301572234, -4.547542760799051, -0.5962288433534084]",True,1,`gtol` termination condition is satisfied.,85,1.2946658703598663e-06,"[-9.246527881972243, -0.15029909224871177, -0.7682688413278252, -4.554435861911867, -1.2735856388855855]",True
B1_late_token_0.162405,B1,M0_B1,full,101,0,20261027,15,"[-9.140216261620946, 3.357620266564698, 4.78907696903396, 0.844956335349778, -2.800220578613458]",True,2,`ftol` termination condition is satisfied.,23,1.2946658703599165e-06,"[-10.894786032065605, -0.7624962935150701, -0.7682688413278288, -1.0573531782055443, -1.2735856388855786]",True
B1_late_token_0.162405,B1,M0_B1,full,101,0,20261027,16,"[-2.8237413358498937, -9.343457706521757, -16.24904180310519, -8.06197078675681, -7.174901411349848]",True,4,Both `ftol` and `xtol` termination conditions are satisfied.,39,1.2946658703600127e-06,"[-0.13118612845234073, -9.163238645042345, -0.7682688413294193, -7.932563804741568, -1.2735856388853153]",True
B1_late_token_0.162405,B1,M0_B1,full,101,0,20261027,17,"[-1.6912440932142623, 3.9426815674674565, -3.4909221466422498, -1.998273691989331, 0.777622096555131]",True,2,`ftol` termination condition is satisfied.,21,1.294665870360147e-06,"[-4.794178627606696, -0.205220591156827, -0.7682688413278087, -3.3359750689889074, -1.2735856388855953]",True
B1_late_token_0.162405,B1,M0_B1,full,101,0,20261027,18,"[-9.610534578122735, -8.872496544111325, -8.141574037288766, -5.236239287557888, -5.986576746564998]",True,2,`ftol` termination condition is satisfied.,60,1.2946658703602416e-06,"[-6.532549641163692, -0.15151658917672448, -0.7682688413277858, -4.572004134963119, -1.2735856388856421]",True
B1_late_token_0.162405,B1,M0_B1,full,101,0,20261027,19,"[-11.590592284999058, -4.421365829354823, 0.6244466683019674, -1.0358482048314546, -8.213468400810443]",True,3,`xtol` termination condition is satisfied.,73,1.294665870360117e-06,"[-11.577272490848078, -1.846684319035498, -0.7682688413278582, -0.05778408949649267, -1.2735856388855389]",True
B1_late_token_0.162405,B1,M0_B1,full,101,0,20261027,20,"[0.6032197817563123, -11.53753713791825, -11.817450249623555, -7.409382027720634, -1.7799331823124955]",True,2,`ftol` termination condition is satisfied.,34,1.2946658703598884e-06,"[-0.13107515476816542, -11.794211536741566, -0.7682688413278531, -7.477682188405193, -1.273585638885537]",True
B1_late_token_0.162405,B1,M0_B1,full,101,0,20261027,21,"[3.6910362034114286, -1.3207856257554251, -8.913462961142075, -8.457530382223393, -3.7217327293012437]",True,2,`ftol` termination condition is satisfied.,27,1.2946658703601962e-06,"[-0.1478157668180035, -4.229172247311426, -0.7682688413278612, -8.58541195178206, -1.2735856388855251]",True
B1_late_token_0.162405,B1,M0_B1,full,101,0,20261027,22,"[-15.459090628853055, -17.13278551169139, -2.8358990423318264, 0.06814445998842977, -6.867656796241977]",True,2,`ftol` termination condition is satisfied.,128,1.294665870360175e-06,"[-11.510707009635652, -7.400060514064555, -0.7682688413278727, 1.386065234716215, -1.2735856388855213]",True
B1_late_token_0.162405,B1,M0_B1,full,101,0,20261027,23,"[-6.3111021575032495, 1.701942244278662, -16.947563368798615, -4.07632727731337, -4.342625861321562]",True,2,`ftol` termination condition is satisfied.,29,1.2946658703600535e-06,"[-7.422927032892954, -0.1509991748288531, -0.7682688413278899, -4.547725583140991, -1.2735856388854945]",True
B1_late_token_0.162405,B1,M0_B1,full,101,0,20261027,24,"[-5.682046164032924, -8.411268234352134, 5.470723192724016, -3.139522424583893, -1.462171208475839]",True,3,`xtol` termination condition is satisfied.,63,1.2946658703598513e-06,"[-0.13148524445143778, -7.97879825831958, -0.7682688413277897, -3.2686595410611856, -1.2735856388856397]",True
B1_late_token_0.162405,B1,M0_B1,full,101,0,20261027,25,"[-4.203797922232404, -4.1073576610046025, -14.419469398070579, 0.37196086421191765, -5.343896956134603]",True,2,`ftol` termination condition is satisfied.,19,1.2946658703600035e-06,"[-4.1249324896157455, -3.204340188849378, -0.7682688413278198, 0.519121584645446, -1.2735856388855924]",True
B1_late_token_0.162405,B1,M0_B1,full,101,0,20261027,26,"[-7.849262024505487, -14.001161519127853, 3.054109742180543, -7.569297358674244, 0.11638719342970738]",True,2,`ftol` termination condition is satisfied.,23,1.2946658703600993e-06,"[-0.1310689514599984, -13.068178356564221, -0.7682688413278296, -7.0694362431553825, -1.2735856388855833]",True
B1_late_token_0.162405,B1,M0_B1,full,101,0,20261027,27,"[-16.913686472145685, 4.269216484255686, -11.416514432159909, -3.443409316332618, -2.385322709281197]",True,3,`xtol` termination condition is satisfied.,41,1.2946658703600739e-06,"[-17.217177972961807, -0.15035410571600222, -0.7682688413280166, -4.545847753811782, -1.2735856388852533]",True
B1_late_token_0.162405,B1,M0_B1,full,101,0,20261027,28,"[5.252848808602355, -11.32359417688292, -0.3998054500519892, -4.964635335970029, -7.58952372561873]",True,4,Both `ftol` and `xtol` termination conditions are satisfied.,38,1.294665870360186e-06,"[-0.13106936218165233, -12.914259497363787, -0.7682688413288136, -5.905885380917833, -1.273585638885351]",True
B1_late_token_0.162405,B1,M0_B1,full,101,0,20261027,29,"[1.9743299826832832, 1.3425466496323857, 2.3733958573585134, -6.133858520919297, -7.435724315493037]",True,1,`gtol` termination condition is satisfied.,71,1.294665870360037e-06,"[-0.43502576613437643, -1.472382078017422, -0.7682688413278479, -6.663357627320586, -1.2735856388855538]",True
B1_late_token_0.162405,B1,M0_B1,full,101,0,20261027,30,"[-12.90197038202561, -5.905051235525381, -13.677532125728362, -2.292849409033307, -3.1349645391944225]",True,2,`ftol` termination condition is satisfied.,25,1.29466587036004e-06,"[-12.916513386167015, -0.4134196911192, -0.7682688413278032, -1.8621577010092174, -1.2735856388856162]",True
B1_late_token_0.162405,B1,M0_B1,full,101,0,20261027,31,"[-11.005297687078789, -1.6899130752406037, -5.259348590148381, -6.511833281884462, -0.931321013730166]",True,2,`ftol` termination condition is satisfied.,16,1.294665870360235e-06,"[-11.076646979779776, -0.13368264750540748, -0.7682688413278776, -6.55038322621534, -1.27358563888551]",True
B1_late_token_0.162405,B1,M0_B1,full,101,0,20261027,32,"[-0.40351856453599666, -14.636300367703537, -6.306537548180941, -0.7413475228949871, -4.892176691395008]",True,2,`ftol` termination condition is satisfied.,29,1.294665870359954e-06,"[-0.131072389391833, -13.168764492411796, -0.7682688413278509, -0.6092146277265466, -1.2735856388855475]",True
B1_late_token_0.409009,B1,M0_B1,full,102,0,20261028,0,"[-0.39088167516095695, -1.9540043706039143, -0.7001326241065459, -1.0788785403879113, -1.2734010257537622]",True,2,`ftol` termination condition is satisfied.,11,7.67680667758187e-07,"[-0.39094065192227234, -1.9540518670672975, -0.7000042031908854, -1.0789154215974501, -1.2735931055151315]",True
B1_late_token_0.409009,B1,M0_B1,full,102,0,20261028,1,"[-3.305356586463537, -4.646118707159065, -10.883464969999498, -8.571351383726023, -1.5013829409139925]",True,2,`ftol` termination condition is satisfied.,25,7.676806677581149e-07,"[-0.18624504358183055, -3.260508461205668, -0.7000042031909139, -8.300109121564983, -1.2735931055150915]",True
B1_late_token_0.409009,B1,M0_B1,full,102,0,20261028,2,"[-12.01254224267908, -9.23788156041369, -5.556189694380615, -0.6194700086492411, -8.00807627010339]",True,2,`ftol` termination condition is satisfied.,77,7.676806677581746e-07,"[-11.555401165420328, -3.5601154738985006, -0.7000042031909185, 1.341393838355394, -1.273593105515084]",True
B1_late_token_0.409009,B1,M0_B1,full,102,0,20261028,3,"[-10.709721554135212, 3.719606903871682, -15.006712574883807, -4.793581803605353, -4.448866984666107]",True,2,`ftol` termination condition is satisfied.,29,7.676806677583215e-07,"[-12.012177722071929, -0.14456283162027858, -0.7000042031908765, -5.540741268932588, -1.2735931055151406]",True
B1_late_token_0.409009,B1,M0_B1,full,102,0,20261028,4,"[3.718251322730378, -11.54854903738118, 2.4628304781353485, -2.0176540665190217, -2.601260301354368]",True,1,`gtol` termination condition is satisfied.,23,7.676806677581037e-07,"[-0.14105141500737742, -12.778275674681671, -0.7000042031908975, -3.3003339741860427, -1.273593105515113]",True
B1_late_token_0.409009,B1,M0_B1,full,102,0,20261028,5,"[0.8177647420844245, 1.887622680256971, -1.4735139885111952, -3.291401173994818, -3.677294208307588]",True,2,`ftol` termination condition is satisfied.,25,7.676806677584252e-07,"[-1.3098697151079817, -0.5311704841003063, -0.7000042031908308, -3.9055741520055283, -1.273593105515221]",True
B1_late_token_0.409009,B1,M0_B1,full,102,0,20261028,6,"[-7.544175593522967, -17.040343845427568, -6.798976684936283, -5.917993219416679, -5.515585098276331]",True,3,`xtol` termination condition is satisfied.,69,7.676806677580824e-07,"[-0.1410481597536871, -16.238198977366476, -0.7000042031906726, -5.673242370315239, -1.2735931055154794]",True
B1_late_token_0.409009,B1,M0_B1,full,102,0,20261028,7,"[-14.83424500009369, -1.144448640854506, 4.075740140451796, 0.6353795141055585, -6.6154648035638175]",True,2,`ftol` termination condition is satisfied.,64,7.67680667758285e-07,"[-15.230468195590506, -0.7656040319910098, -0.7000042031908784, -0.3586855326898181, -1.273593105515134]",True
B1_late_token_0.409009,B1,M0_B1,full,102,0,20261028,8,"[-0.751474134534611, -7.953215664055826, -13.394555687673984, -7.465187248370599, -0.11808257802319488]",True,2,`ftol` termination condition is satisfied.,29,7.676806677582825e-07,"[-0.14346189379999963, -6.169326035211362, -0.7000042031909163, -7.424211155803881, -1.2735931055150898]",True
B1_late_token_0.409009,B1,M0_B1,full,102,0,20261028,9,"[-1.6375847389154892, 4.903335547388121, 5.301952491429791, -5.137032749952463, -8.488076661111633]",True,2,`ftol` termination condition is satisfied.,43,7.676806677580582e-07,"[-5.940384264011313, -0.1460040768866965, -0.7000042031909078, -6.142434631315477, -1.2735931055151]",True
B1_late_token_0.409009,B1,M0_B1,full,102,0,20261028,10,"[-16.04349241825806, -14.023239645751211, -12.133065447825185, -3.7044619533185834, -0.6494126848106543]",True,2,`ftol` termination condition is satisfied.,60,7.676806677579641e-07,"[-11.07465085228185, -0.21477164534227636, -0.7000042031908437, -2.4956453679721493, -1.2735931055151857]",True
B1_late_token_0.409009,B1,M0_B1,full,102,0,20261028,11,"[-5.970409748459955, -4.185205663639746, -2.705807984481707, -6.681903621632436, -1.9733977419221898]",True,2,`ftol` termination condition is satisfied.,43,7.676806677583775e-07,"[-4.577016885373088, -0.15563765017712844, -0.7000042031908572, -5.8116596980048705, -1.2735931055151701]",True
B1_late_token_0.409009,B1,M0_B1,full,102,0,20261028,12,"[2.758494376104892, -10.98979868920545, -8.065515940154206, 0.22930788910816524, -4.854940172894908]",True,1,`gtol` termination condition is satisfied.,36,7.676806677582501e-07,"[-0.1410578653178232, -11.989263074803064, -0.7000042031908968, -1.040312589439971, -1.2735931055151162]",True
B1_late_token_0.409009,B1,M0_B1,full,102,0,20261028,13,"[5.292027528057702, -1.652666311549206, -16.239680497555902, -1.0302189108347743, -6.153909530604363]",True,2,`ftol` termination condition is satisfied.,34,7.67680667757984e-07,"[-0.14651362923008168, -5.404455552718626, -0.700004203190963, -2.8562933619754514, -1.273593105515017]",True
B1_late_token_0.409009,B1,M0_B1,full,102,0,20261028,14,"[-8.768981220169634, -6.243037832258624, 1.1969651496190075, -7.7927403089537925, -3.2630514484005966]",True,1,`gtol` termination condition is satisfied.,46,7.676806677581975e-07,"[-7.015617638136318, -0.14323343106029585, -0.7000042031904882, -6.655011024093856, -1.2735931055157435]",True
B1_late_token_0.409009,B1,M0_B1,full,102,0,20261028,15,"[-12.898641467753253, 0.656588050841961, -9.655187359774715, -2.42606940173056, 0.37008283708096457]",True,2,`ftol` termination condition is satisfied.,27,7.676806677583578e-07,"[-12.946615555909478, -0.2135324015422527, -0.7000042031908899, -2.5123933220989563, -1.2735931055151217]",True
B1_late_token_0.409009,B1,M0_B1,full,102,0,20261028,16,"[-4.514592965002002, -14.607393892775285, -4.296764713778604, -4.007989710415664, -7.477892384980734]",True,2,`ftol` termination condition is satisfied.,32,7.676806677582219e-07,"[-0.14105070637220543, -13.006442284317792, -0.7000042031909143, -3.6144105740031427, -1.273593105515088]",True
B1_late_token_0.409009,B1,M0_B1,full,102,0,20261028,17,"[-5.475378634921714, 0.07820058594148449, -12.561888167074333, 0.27826241687719033, -2.3646700420265683]",True,2,`ftol` termination condition is satisfied.,23,7.676806677582947e-07,"[-6.138231905154413, -0.8697038027377869, -0.7000042031908983, -0.2079461519224848, -1.2735931055151137]",True
B1_late_token_0.409009,B1,M0_B1,full,102,0,20261028,18,"[-14.20986923479701, -15.275478827699459, 4.9071056645559, -7.080184412169841, -4.091201539611934]",True,3,`xtol` termination condition is satisfied.,82,7.676806677581162e-07,"[-0.14105404671804403, -12.167659377628716, -0.7000042031908837, -6.713142353051824, -1.273593105515123]",True
B1_late_token_0.409009,B1,M0_B1,full,102,0,20261028,19,"[-9.946641062873695, -2.2317494851823874, -7.37007606480295, -2.9150842199362206, -7.761590755972604]",True,2,`ftol` termination condition is satisfied.,36,7.676806677579588e-07,"[-10.077226094787703, -0.188621718647892, -0.7000042031850585, -2.934464509072554, -1.2735931055239713]",True
B1_late_token_0.409009,B1,M0_B1,full,102,0,20261028,20,"[4.464809782477683, -6.9104271433702955, -2.043306616351151, -6.28505133149466, -1.1524497064963874]",True,1,`gtol` termination condition is satisfied.,25,7.676806677581583e-07,"[-0.1411614903523161, -9.226402287239235, -0.7000042031908736, -6.7962681690061695, -1.2735931055151533]",True
B1_late_token_0.409009,B1,M0_B1,full,102,0,20261028,21,"[1.4987569528596332, -3.606091281833324, 0.4683112859205423, -5.020847218835595, 0.239659856177747]",True,2,`ftol` termination condition is satisfied.,16,7.676806677581393e-07,"[-0.15030248715758784, -4.83249518573442, -0.7000042031909306, -5.367680386849212, -1.2735931055150627]",True
B1_late_token_0.409009,B1,M0_B1,full,102,0,20261028,22,"[-6.890836074623611, -10.322465128204616, -17.002533084232567, -1.799647493269398, -6.378796844529518]",True,1,`gtol` termination condition is satisfied.,31,7.676806677580178e-07,"[-0.14111284492128284, -9.926956335291306, -0.7000042031908856, -1.843572389729132, -1.273593105515132]",True
B1_late_token_0.409009,B1,M0_B1,full,102,0,20261028,23,"[-16.919396102975153, 5.48175430538204, -3.3001030407944185, -8.363213064009637, -5.166574306264174]",True,3,`xtol` termination condition is satisfied.,34,7.676806677582287e-07,"[-17.267824191185426, -0.14121945391910307, -0.7000042031907513, -8.559714048295273, -1.2735931055153347]",True
B1_late_token_0.409009,B1,M0_B1,full,102,0,20261028,24,"[-2.8527995207141803, -13.355210376017673, -8.626070885024996, -0.8554940673380163, -3.430731562918087]",True,2,`ftol` termination condition is satisfied.,20,7.67680667758233e-07,"[-0.14105024300731658, -13.483427143818579, -0.7000042031908842, -1.0630596239492325, -1.2735931055151313]",True
B1_late_token_0.409009,B1,M0_B1,full,102,0,20261028,25,"[-0.8647645801567378, -0.5667257614336876, -4.883170450046514, -2.215611832818743, -4.653870261560801]",True,1,`gtol` termination condition is satisfied.,28,7.676806677580915e-07,"[-1.0389157354161773, -0.756304021197755, -0.7000042031908785, -2.274404961989674, -1.2735931055151368]",True
B1_late_token_0.409009,B1,M0_B1,full,102,0,20261028,26,"[-15.298324951375166, -7.284490940350183, -10.24306832974473, -4.246296637641683, -1.5767451990065746]",True,2,`ftol` termination condition is satisfied.,28,7.676806677582468e-07,"[-12.355444716974217, -0.16679632101514597, -0.7000042031908904, -3.5475514436991467, -1.2735931055151268]",True
B1_late_token_0.409009,B1,M0_B1,full,102,0,20261028,27,"[-8.141823469144137, 2.4674326009556964, 2.05606900761995, -1.2598217655895416, -0.4396128366311167]",True,2,`ftol` termination condition is satisfied.,20,7.676806677583466e-07,"[-9.470148729994495, -0.23192049964275177, -0.7000042031909234, -2.2872469890133202, -1.2735931055150747]",True
B1_late_token_0.409009,B1,M0_B1,full,102,0,20261028,28,"[0.5709063721226002, -16.373706078079632, -15.379095291598507, -7.572359915521457, -8.101321646790138]",True,3,`xtol` termination condition is satisfied.,41,7.676806677579734e-07,"[-0.14104814062583243, -16.442074879647983, -0.7000042031909516, -9.160247934517932, -1.2735931055150236]",True
B1_late_token_0.409009,B1,M0_B1,full,102,0,20261028,29,"[3.2138334275830616, 3.1398282762663925, -5.780209604714715, -6.3033219538377, -7.0811718770269225]",True,2,`ftol` termination condition is satisfied.,27,7.676806677582526e-07,"[-0.8063274395659573, -0.8638300495755777, -0.7000042031908776, -6.828165024682849, -1.273593105515139]",True
B1_late_token_0.409009,B1,M0_B1,full,102,0,20261028,30,"[-10.874480264304022, -12.215242469919751, -0.42197756210591564, -0.14005131736414, 0.5712211397891043]",True,2,`ftol` termination condition is satisfied.,16,7.676806677581549e-07,"[-0.1480473813208546, -6.140571939158005, -0.7000042031908926, 0.14554578296219955, -1.273593105515123]",True
B1_late_token_0.409009,B1,M0_B1,full,102,0,20261028,31,"[-12.221823594294456, -5.223810378406643, -14.145672982170048, -5.496541893220623, -2.8762279005931237]",True,2,`ftol` termination condition is satisfied.,25,7.676806677583391e-07,"[-9.461866847570764, -0.15084729657775875, -0.7000042031909256, -4.522601204829631, -1.2735931055150629]",True
B1_late_token_0.409009,B1,M0_B1,full,102,0,20261028,32,"[-3.8542971230574175, -9.906662034230166, 3.290825625679787, -3.3171034517362203, -5.944041859498574]",True,1,`gtol` termination condition is satisfied.,72,7.676806677581762e-07,"[-0.14106765739321447, -10.995195693531898, -0.7000042031908695, -4.145320034191126, -1.2735931055151528]",True
B1_late_token_1.04087,B1,M0_B1,full,103,0,20261029,0,"[-0.3371835699952272, -1.9003062654381844, -0.6464345189408159, -1.0788785403879113, -1.2734010257537622]",True,2,`ftol` termination condition is satisfied.,13,7.61193013373748e-07,"[-0.3373463579173848, -1.9004419811043953, -0.6462634736463528, -1.078854132861817, -1.2739697708009217]",True
B1_late_token_1.04087,B1,M0_B1,full,103,0,20261029,1,"[-1.7931447232565585, -14.197822943616549, -15.879009210445806, -4.124041736241222, -5.149714491383481]",True,2,`ftol` termination condition is satisfied.,18,7.611930133738126e-07,"[-0.14949650753987398, -14.31540225417297, -0.6462634736463718, -4.188047801331753, -1.273969770800896]",True
B1_late_token_1.04087,B1,M0_B1,full,103,0,20261029,2,"[-16.231244864639002, 4.7222903531078835, 0.6119185399107216, 0.8210489492508941, -2.4200535810046375]",True,2,`ftol` termination condition is satisfied.,25,7.611930133735239e-07,"[-16.664688752051557, -0.047569082069637926, -0.6462634736463544, 0.9340257619177348, -1.2739697708009237]",True
B1_late_token_1.04087,B1,M0_B1,full,103,0,20261029,3,"[-9.908986767145894, -11.17721277105231, -9.340384041138421, -8.654566490379048, -1.4544041067108386]",True,2,`ftol` termination condition is satisfied.,37,7.61193013373698e-07,"[-0.1498286881679126, -8.157370229860723, -0.646263473646374, -8.719654584617542, -1.2739697708008981]",True
B1_late_token_1.04087,B1,M0_B1,full,103,0,20261029,4,"[4.885293911367672, -3.6632221101890163, -3.0772535006469663, -3.690548696409145, -6.624183549093498]",True,3,`xtol` termination condition is satisfied.,48,7.611930133734592e-07,"[-0.15085135258822494, -6.750832167786866, -0.6462634736495868, -2.628964444165333, -1.2739697707959474]",True
B1_late_token_1.04087,B1,M0_B1,full,103,0,20261029,5,"[1.9478868304360013, -7.163619350086483, 4.766973026670016, -2.3382670546892106, -8.13070580523961]",True,2,`ftol` termination condition is satisfied.,55,7.611930133737353e-07,"[-0.14960018466530922, -9.309329317552063, -0.6462634736463604, -1.6515819599945811, -1.273969770800914]",True
B1_late_token_1.04087,B1,M0_B1,full,103,0,20261029,6,"[-7.149756997984056, -2.4907110216281456, -11.457884453667845, -6.911366007610535, 0.5596735227434841]",True,2,`ftol` termination condition is satisfied.,23,7.611930133735601e-07,"[-6.928829191826785, -0.15059106618710816, -0.6462634736463918, -6.850438672780854, -1.2739697708008704]",True
B1_late_token_1.04087,B1,M0_B1,full,103,0,20261029,7,"[-13.293837061885636, -15.540751208755625, -1.5057999476904858, -0.9032266277749965, -3.241925708241583]",True,3,`xtol` termination condition is satisfied.,79,7.611930133734678e-07,"[-0.14949633986759928, -14.567571186311547, -0.6462634736463416, -0.6742206513036093, -1.273969770800932]",True
B1_late_token_1.04087,B1,M0_B1,full,103,0,20261029,8,"[-4.5523751293198895, 0.5215402858793539, -8.034567325503422, -5.495252831286052, -4.8354523084420284]",True,3,`xtol` termination condition is satisfied.,33,7.611930133734914e-07,"[-4.970877209713792, -0.15738219972281092, -0.6462634736463293, -5.290324760550593, -1.2739697708009645]",True
B1_late_token_1.04087,B1,M0_B1,full,103,0,20261029,9,"[-2.9188225129781706, -9.329697980480175, -1.4477448266556436, -6.827169236044227, -1.8109316969410312]",True,3,`xtol` termination condition is satisfied.,58,7.611930133733486e-07,"[-0.14985810292657462, -8.072681360892005, -0.6462634737051351, -7.0396725570915155, -1.273969770710087]",True
B1_late_token_1.04087,B1,M0_B1,full,103,0,20261029,10,"[-12.0780276263914, -5.466564045615474, -6.316586240283398, -1.9381406118985591, -5.749595741559556]",True,2,`ftol` termination condition is satisfied.,39,7.611930133736664e-07,"[-11.99144147662643, -0.144370990271684, -0.6462634736463605, -2.054731725946438, -1.2739697708009126]",True
B1_late_token_1.04087,B1,M0_B1,full,103,0,20261029,11,"[-8.427127845851764, -12.350308068124214, 3.677287835446503, -5.8767295503536, -7.214678607221307]",True,1,`gtol` termination condition is satisfied.,70,7.611930133737538e-07,"[-0.14950590963196775, -11.651741910591733, -0.6462634736463448, -5.736686713805167, -1.273969770800939]",True
B1_late_token_1.04087,B1,M0_B1,full,103,0,20261029,12,"[0.37589554154755334, 2.9189481629208274, -14.291061161349734, -1.0060276117136882, -0.873149824582506]",True,2,`ftol` termination condition is satisfied.,35,7.611930133738099e-07,"[-2.2717015585154274, -0.25659667354214033, -0.6462634736463743, -0.6713690074334334, -1.2739697708008906]",True
B1_late_token_1.04087,B1,M0_B1,full,103,0,20261029,13,"[3.3128682131997422, -16.542684918782324, -10.73209743220734, -0.2684000323029103, -0.02325549537698457]",True,1,`gtol` termination condition is satisfied.,31,7.611930133736509e-07,"[-0.1494958665458818, -16.690716360463533, -0.6462634736463606, -0.039270279302459354, -1.2739697708009126]",True
B1_late_token_1.04087,B1,M0_B1,full,103,0,20261029,14,"[-11.186097037382073, 1.5676482097749194, -5.597271348121806, -4.934523724232756, -7.538390666126846]",True,1,`gtol` termination condition is satisfied.,28,7.611930133734269e-07,"[-11.765925559465606, -0.14902660698054304, -0.646263473646372, -4.427927442337501, -1.2739697708008932]",True
B1_late_token_1.04087,B1,M0_B1,full,103,0,20261029,15,"[-15.014999576221896, -8.165553314873781, -15.591275181916226, -2.8986798738425943, -4.23389646438576]",True,2,`ftol` termination condition is satisfied.,33,7.611930133738462e-07,"[-12.523030165535797, -0.14837700555613298, -0.6462634736463803, -3.574201300691848, -1.2739697708008895]",True
B1_late_token_1.04087,B1,M0_B1,full,103,0,20261029,16,"[-0.159853958349359, -1.4446030128123795, 2.1113513779976465, -7.546477022378632, -3.8528678154020897]",True,2,`ftol` termination condition is satisfied.,45,7.61193013373521e-07,"[-0.19469259297412714, -3.268669649403251, -0.6462634736463568, -6.368819126462025, -1.2739697708009148]",True
B1_late_token_1.04087,B1,M0_B1,full,103,0,20261029,17,"[-0.7970257115759019, -7.23562089422105, -6.934699650403466, -0.5101210302746804, -6.331050516997765]",True,2,`ftol` termination condition is satisfied.,34,7.611930133735582e-07,"[-0.15434643793695402, -5.473188308156091, -0.6462634736493076, -1.6917796997753687, -1.2739697707965427]",True
B1_late_token_1.04087,B1,M0_B1,full,103,0,20261029,18,"[-15.602306613024995, -0.41449494612557203, -0.4964018370661911, -5.1759537835229885, -1.1607265016378685]",True,3,`xtol` termination condition is satisfied.,27,7.611930133735102e-07,"[-14.94834054646212, -0.1492986128053809, -0.6462634736463404, -5.3119178079890865, -1.273969770800939]",True
B1_late_token_1.04087,B1,M0_B1,full,103,0,20261029,19,"[-10.52668290063669, -15.968933714622308, -13.295212514353574, -2.6575568474117883, -2.7131957082649176]",True,2,`ftol` termination condition is satisfied.,24,7.611930133736672e-07,"[-0.14949594002628838, -15.954619414940405, -0.6462634736463685, -3.1127760442989736, -1.2739697708009012]",True
B1_late_token_1.04087,B1,M0_B1,full,103,0,20261029,20,"[3.922417463681281, 2.2415750599690085, 3.0146578981342174, -7.304480824623349, -5.443401191620998]",True,3,`xtol` termination condition is satisfied.,40,7.61193013373583e-07,"[-0.33580067707750366, -1.9214106855012367, -0.6462634736470997, -5.506780389704306, -1.2739697707997868]",True
B1_late_token_1.04087,B1,M0_B1,full,103,0,20261029,21,"[1.1632739734419282, -11.599161497389444, -4.801785457420694, -8.265961720321867, -4.5424193231563095]",True,2,`ftol` termination condition is satisfied.,26,7.611930133736693e-07,"[-0.14950268704035946, -12.03585316311467, -0.646263473646352, -7.319074435136827, -1.2739697708009257]",True
B1_late_token_1.04087,B1,M0_B1,full,103,0,20261029,22,"[-7.58953601519565, 3.7702709741310656, -11.14984197177801, -3.3760599959076965, -2.9482753886622515]",True,2,`ftol` termination condition is satisfied.,28,7.611930133735747e-07,"[-9.47425040162918, -0.14644551201929523, -0.6462634736463907, -2.546170470607382, -1.2739697708008746]",True
B1_late_token_1.04087,B1,M0_B1,full,103,0,20261029,23,"[-12.843163844607332, -8.934732626238121, 1.6490998222970816, -4.438539656255171, 0.2666496326223129]",True,2,`ftol` termination condition is satisfied.,18,7.611930133738003e-07,"[-13.090542539314443, -0.14885025484388367, -0.6462634736463807, -4.124176498180811, -1.2739697708008848]",True
B1_late_token_1.04087,B1,M0_B1,full,103,0,20261029,24,"[-3.7341719601154466, -4.971422450897952, -14.751271405299711, 0.43245343423419946, -8.424347029654394]",True,1,`gtol` termination condition is satisfied.,45,7.611930133736851e-07,"[-0.18070700709230442, -3.5750291304607433, -0.6462634736463447, 0.3529949512245276, -1.2739697708009363]",True
B1_late_token_1.04087,B1,M0_B1,full,103,0,20261029,25,"[-5.317380825189511, -14.878303446500873, 1.096447721012833, -3.292450981586229, -0.5708124859654493]",True,4,Both `ftol` and `xtol` termination conditions are satisfied.,34,7.611930133734612e-07,"[-0.14953166548747335, -10.384949370171924, -0.6462634737215819, -4.6155893080837505, -1.2739697706823125]",True
B1_late_token_1.04087,B1,M0_B1,full,103,0,20261029,26,"[-14.109490947937376, 1.1060737228233144, -16.696757101231793, -7.865258924770044, -6.911723934310638]",True,2,`ftol` termination condition is satisfied.,28,7.611930133736292e-07,"[-14.386234611684992, -0.14946860436293274, -0.6462634736463735, -7.270957531126097, -1.2739697708008966]",True
B1_late_token_1.04087,B1,M0_B1,full,103,0,20261029,27,"[-6.362508918595594, -6.144990541179414, -3.8504726357320394, 0.050391089600999805, -6.051942175341161]",True,2,`ftol` termination condition is satisfied.,63,7.61193013373696e-07,"[-3.141996637816274, -0.18216822390984422, -0.6462634736463703, -0.7568382666711133, -1.2739697708009072]",True
B1_late_token_1.04087,B1,M0_B1,full,103,0,20261029,28,"[2.7857829301661816, -1.549996538031868, -8.900394485522733, -4.540761871529607, -2.1138954650162463]",True,2,`ftol` termination condition is satisfied.,19,7.611930133737885e-07,"[-0.1733177267625303, -3.8975757177617645, -0.6462634736463582, -3.7348299108752436, -1.2739697708009179]",True
B1_late_token_1.04087,B1,M0_B1,full,103,0,20261029,29,"[5.5444905674826686, -10.693551622997317, -12.476010726065553, -6.26597908230998, -3.550412239645924]",True,1,`gtol` termination condition is satisfied.,43,7.611930133735645e-07,"[-0.14950002249694236, -12.524952145810179, -0.6462634736463738, -4.4584634390298215, -1.2739697708009026]",True
B1_late_token_1.04087,B1,M0_B1,full,103,0,20261029,30,"[-9.299393952602117, -3.257475881886206, 5.407347078151773, -1.3200153676053334, -3.9308963156523573]",True,1,`gtol` termination condition is satisfied.,61,7.611930133735517e-07,"[-11.232808743797726, -0.13128087767884145, -0.6462634736463286, -0.7871443976715067, -1.273969770800968]",True
B1_late_token_1.04087,B1,M0_B1,full,103,0,20261029,31,"[-16.868199307075557, -13.357980748909238, -7.438720670999389, -6.513190735193067, -7.8408371467184645]",True,2,`ftol` termination condition is satisfied.,75,7.611930133738325e-07,"[-16.383454708959416, -0.14943981169637877, -0.6462634736463432, -6.571189256061723, -1.2739697708009416]",True
B1_late_token_1.04087,B1,M0_B1,full,103,0,20261029,32,"[-2.380495154281496, 5.484217628063011, -2.4793879533249576, -1.548881860429681, -0.32624654894584104]",True,2,`ftol` termination condition is satisfied.,21,7.611930133735254e-07,"[-6.1509237707970374, -0.13500644832462097, -0.6462634736464108, -0.8589211101101881, -1.2739697708008493]",True
B1_late_token_1.41618,B1,M0_B1,full,104,0,20261030,0,"[-0.3223747887323834, -1.8854974841753407, -0.6316257376779721, -1.0788785403879113, -1.2734010257537622]",True,3,`xtol` termination condition is satisfied.,23,5.719908501276142e-07,"[-0.32228783247476406, -1.885418010885643, -0.6317048524999835, -1.078890381517373, -1.2730228975154423]",True
B1_late_token_1.41618,B1,M0_B1,full,104,0,20261030,1,"[-8.492327770314162, -3.2423895324912824, -1.339556089386301, 0.10132685330179392, -2.742358793818325]",True,2,`ftol` termination condition is satisfied.,42,5.719908501278469e-07,"[-7.672957998827428, 0.03920344951817951, -0.6317048524975972, -0.597971011731669, -1.273022897519121]",True
B1_late_token_1.41618,B1,M0_B1,full,104,0,20261030,2,"[0.7412431292720782, -7.328593311730451, -12.19681850193204, -4.578592471256148, -5.80025313460404]",True,2,`ftol` termination condition is satisfied.,36,5.71990850127731e-07,"[-0.1521065712028776, -7.75639036967387, -0.631704852481039, -4.348881295617236, -1.2730228975442877]",True
B1_late_token_1.41618,B1,M0_B1,full,104,0,20261030,3,"[-2.038749989527574, 5.584523711523193, 2.886146525831336, -2.769471701382142, -7.650281885104173]",True,4,Both `ftol` and `xtol` termination conditions are satisfied.,48,5.719908501276994e-07,"[-5.971855378107222, -0.09380414178705246, -0.6317048524975669, -1.7448805673660253, -1.2730228975191669]",True
B1_late_token_1.41618,B1,M0_B1,full,104,0,20261030,4,"[-17.110345540098848, -15.97465366325599, -7.962772646974331, -7.673059312474076, -1.1711505194640939]",True,2,`ftol` termination condition is satisfied.,79,5.719908501279069e-07,"[-8.934847305379343, -0.15162131455335282, -0.6317048524975808, -7.79984558449428, -1.2730228975191455]",True
B1_late_token_1.41618,B1,M0_B1,full,104,0,20261030,5,"[-12.82524143654669, 0.8607503279237996, -17.047970825746706, -6.623887059164069, 0.2175248458599306]",True,4,Both `ftol` and `xtol` termination conditions are satisfied.,41,5.719908501276806e-07,"[-12.882047003157172, -0.15111370876226712, -0.6317048524976011, -6.545515035346311, -1.273022897519115]",True
B1_late_token_1.41618,B1,M0_B1,full,104,0,20261030,6,"[-3.51792969976408, -12.14963966280186, -5.130513693116244, -2.027643514896244, -6.410858294340479]",True,2,`ftol` termination condition is satisfied.,42,5.719908501278131e-07,"[-0.15161564926903465, -12.285128227092086, -0.6317048524975416, -1.6591368306265186, -1.2730228975191988]",True
B1_late_token_1.41618,B1,M0_B1,full,104,0,20261030,7,"[4.938391688388524, -2.0863358724030103, -9.884127143084864, -6.216348901057485, -4.72759961786536]",True,2,`ftol` termination condition is satisfied.,29,5.719908501277749e-07,"[-0.1559229620054851, -5.596490865572039, -0.6317048524976002, -4.585523972532752, -1.2730228975191196]",True
B1_late_token_1.41618,B1,M0_B1,full,104,0,20261030,8,"[-9.88415520921073, -9.02174413404835, 2.041684099071176, -1.2477129395870001, -1.8190659449186324]",True,2,`ftol` termination condition is satisfied.,53,5.719908501277443e-07,"[-7.182407662170957, -0.11134953784147243, -0.6317048524975936, -2.1349852078707094, -1.273022897519127]",True
B1_late_token_1.41618,B1,M0_B1,full,104,0,20261030,9,"[-10.747566177259678, 2.840909578128425, -11.324822844786382, -2.527411650953102, -5.3274379679977235]",True,2,`ftol` termination condition is satisfied.,26,5.719908501278389e-07,"[-11.785324865771324, -0.10433480881944604, -0.6317048524975918, -1.9959184129834708, -1.2730228975191273]",True
B1_late_token_1.41618,B1,M0_B1,full,104,0,20261030,10,"[4.065243006006927, -15.468280565440168, 0.5884611394104589, -7.468143931818011, -3.6063873640093815]",True,1,`gtol` termination condition is satisfied.,29,5.719908501277284e-07,"[-0.15161074856419726, -15.998017002717402, -0.6317048524975492, -5.868167529748544, -1.2730228975191935]",True
B1_late_token_1.41618,B1,M0_B1,full,104,0,20261030,11,"[-4.380294450957747, -5.407393901133876, -15.561209100436585, -0.9230993402597578, -0.3817528904092846]",True,2,`ftol` termination condition is satisfied.,27,5.719908501278459e-07,"[-0.1700690538660402, -4.037582290840669, -0.6317048524975443, -1.1030322897515548, -1.2730228975191962]",True
B1_late_token_1.41618,B1,M0_B1,full,104,0,20261030,12,"[-13.70012656716342, -7.0446922413161275, -3.634007035256534, -5.491439203922004, -8.197582470213987]",True,2,`ftol` termination condition is satisfied.,64,5.719908501277437e-07,"[-11.9592579131487, -0.15054716504806379, -0.6317048524975805, -5.783605304614947, -1.273022897519144]",True
B1_late_token_1.41618,B1,M0_B1,full,104,0,20261030,13,"[-15.180656253808074, -0.8675868817501708, 4.382352905866348, -4.1488194425436635, -7.0510341522195645]",True,3,`xtol` termination condition is satisfied.,68,5.71990850127812e-07,"[-15.269351340249013, -0.1382598760979861, -0.6317048524985612, -3.26051228893477, -1.273022897517647]",True
B1_late_token_1.41618,B1,M0_B1,full,104,0,20261030,14,"[-0.09375477143655431, -11.052966069927837, -6.476300329703399, 0.7082370225031411, 0.6155802823789003]",True,1,`gtol` termination condition is satisfied.,24,5.719908501276996e-07,"[-0.15161901403007016, -11.127884739890654, -0.6317048524975748, 0.715157219430428, -1.2730228975191533]",True
B1_late_token_1.41618,B1,M0_B1,full,104,0,20261030,15,"[2.6747612975085424, 1.8570054666839226, -2.792870083500663, -8.207080975109612, -2.1425097675260156]",True,2,`ftol` termination condition is satisfied.,17,5.719908501279975e-07,"[-0.5703135419113133, -1.2238887216193928, -0.6317048524976019, -6.838417938249871, -1.2730228975191182]",True
B1_late_token_1.41618,B1,M0_B1,full,104,0,20261030,16,"[-6.551851665548682, -13.602317137562427, -13.637616107872708, -3.5736927965968004, -4.012957668707438]",True,1,`gtol` termination condition is satisfied.,28,5.719908501276625e-07,"[-0.1516119759528298, -13.650190376753477, -0.6317048524975667, -3.494379476298775, -1.2730228975191635]",True
B1_late_token_1.41618,B1,M0_B1,full,104,0,20261030,17,"[-6.19556801406557, 2.563811486109458, 1.0379433721237348, -5.99764223995167, -1.4018034926801528]",True,2,`ftol` termination condition is satisfied.,15,5.719908501276108e-07,"[-7.776489185775265, -0.14985247527693774, -0.6317048524975915, -5.042768560358284, -1.2730228975191287]",True
B1_late_token_1.41618,B1,M0_B1,full,104,0,20261030,18,"[1.606321908805075, -12.962290154935179, -10.521941296389004, -1.0193651198377243, -8.03489778600384]",True,3,`xtol` termination condition is satisfied.,36,5.719908501276485e-07,"[-0.15161206877196895, -13.438634707569658, -0.6317048524975948, -0.8020655549504041, -1.2730228975191622]",True
B1_late_token_1.41618,B1,M0_B1,full,104,0,20261030,19,"[-1.1625869160617466, -0.2275884323098829, -3.187666934837269, -6.4048893527927575, -6.011698488124817]",True,3,`xtol` termination condition is satisfied.,66,5.719908501276717e-07,"[-1.3176620024148116, -0.5244092097359256, -0.6317048525003605, -6.398229138488946, -1.273022897514854]",True
B1_late_token_1.41618,B1,M0_B1,full,104,0,20261030,20,"[-14.824762470959914, -10.346177713903753, -14.75590571287559, -1.7995867404124652, -3.1077671105506974]",True,3,`xtol` termination condition is satisfied.,45,5.719908501277136e-07,"[-14.786656426506463, -0.1111125627648731, -0.6317048524699547, -2.1508397523626375, -1.2730228975695597]",True
B1_late_token_1.41618,B1,M0_B1,full,104,0,20261030,21,"[-13.343842873220208, -4.767388658077646, -6.032535434327674, -3.146807553683886, -2.0171220793310054]",True,2,`ftol` termination condition is satisfied.,27,5.719908501279911e-07,"[-13.364107877039107, -0.13815463613485934, -0.6317048524975736, -3.2525450414610266, -1.2730228975191544]",True
B1_late_token_1.41618,B1,M0_B1,full,104,0,20261030,22,"[-5.448733882121314, -6.33790796146161, 5.179516777245375, -8.040826767448735, -5.070305266993444]",True,2,`ftol` termination condition is satisfied.,65,5.719908501277575e-07,"[-0.15194585238147681, -8.151337983714203, -0.6317048524975942, -5.739396059873831, -1.273022897519123]",True
B1_late_token_1.41618,B1,M0_B1,full,104,0,20261030,23,"[2.9964108189216354, 3.5477196737235275, -13.196297678518395, -0.2757179537344552, -6.664213935160827]",True,1,`gtol` termination condition is satisfied.,31,5.71990850127749e-07,"[-0.8928698226695183, -0.4416923357751574, -0.6317048524975624, 0.02608582867852192, -1.2730228975191653]",True
B1_late_token_1.41618,B1,M0_B1,full,104,0,20261030,24,"[-10.391672351951419, -14.828260376428863, -1.9925887066854155, -4.946650971496304, -0.18048027414813994]",True,2,`ftol` termination condition is satisfied.,48,5.719908501277556e-07,"[-0.1516875706234751, -9.623071857713754, -0.6317048524975658, -5.967489647042085, -1.2730228975191682]",True
B1_late_token_1.41618,B1,M0_B1,full,104,0,20261030,25,"[-8.815378814696373, -2.7486027758633202, -11.755683670048596, -8.435383319036154, -8.456175451401831]",True,2,`ftol` termination condition is satisfied.,27,5.719908501277071e-07,"[-9.094000768974398, -0.1516388719103056, -0.6317048524975841, -8.130169622510834, -1.273022897519142]",True
B1_late_token_1.41618,B1,M0_B1,full,104,0,20261030,26,"[4.582444957796103, -9.706266753498788, -0.5394579703611271, -3.7924267431962564, -0.7756819378169535]",True,2,`ftol` termination condition is satisfied.,18,5.719908501277396e-07,"[-0.15162213281314263, -11.500668577166993, -0.6317048524975931, -2.7263070692687594, -1.2730228975191322]",True
B1_late_token_1.41618,B1,M0_B1,full,104,0,20261030,27,"[-3.8741822279941527, 0.1762018927327773, -7.519215806086873, -4.376830741204709, -3.808518469654577]",True,2,`ftol` termination condition is satisfied.,17,5.719908501278243e-07,"[-4.102172109554659, -0.16626467086293828, -0.6317048524975881, -4.288205155236069, -1.2730228975191347]",True
B1_late_token_1.41618,B1,M0_B1,full,104,0,20261030,28,"[-11.75676795238321, -12.811921512217246, 3.683102682402893, 0.4892120306381891, -5.664905104334758]",True,2,`ftol` termination condition is satisfied.,70,5.719908501276644e-07,"[-0.15161386243965838, -12.375406177402862, -0.6317048524976074, 0.17523918423727472, -1.273022897519106]",True
B1_late_token_1.41618,B1,M0_B1,full,104,0,20261030,29,"[-16.04156918804459, 4.899979352501738, -4.683965538208712, -0.5553955514369253, -4.220326452236]",True,3,`xtol` termination condition is satisfied.,37,5.719908501277521e-07,"[-16.518623535623053, 0.14436407288063888, -0.6317048524969001, -0.16183036510710289, -1.2730228975201967]",True
B1_late_token_1.41618,B1,M0_B1,full,104,0,20261030,30,"[-2.394696677659896, -16.636942306287317, -16.242459723378243, -5.114094256455713, -2.513154927234072]",True,1,`gtol` termination condition is satisfied.,23,5.719908501278226e-07,"[-0.15161069115142262, -16.57284743920866, -0.6317048524975792, -4.9974651716556275, -1.273022897519151]",True
B1_late_token_1.41618,B1,M0_B1,full,104,0,20261030,31,"[0.3849906435021069, -3.904649642335647, 2.4913499292553247, -2.1594168168647743, 0.3901653245620782]",True,2,`ftol` termination condition is satisfied.,28,5.719908501275073e-07,"[-0.1663709196388746, -4.3302447990014015, -0.6317048524960037, -2.0554726648545274, -1.273022897521499]",True
B1_late_token_1.41618,B1,M0_B1,full,104,0,20261030,32,"[-7.42385432861078, -8.013120007350455, -9.081062336897412, -7.091090029617215, -7.439725521743865]",True,3,`xtol` termination condition is satisfied.,34,5.719908501278603e-07,"[-0.18132500309700275, -3.6822869738380857, -0.6317048524975726, -7.168746701223568, -1.273022897519161]",True
B1_late_token_2.78283,B1,M0_B1,full,105,0,20261031,0,"[-0.294377828856664, -1.8575005242996214, -0.6036287778022531, -1.0788785403879113, -1.2734010257537622]",True,3,`xtol` termination condition is satisfied.,24,5.420935153721072e-07,"[-0.2944447223712823, -1.8575819706646264, -0.6035284472942234, -1.0788030356377731, -1.2736624686463447]",True
B1_late_token_2.78283,B1,M0_B1,full,105,0,20261031,1,"[-6.936581482019784, 5.013827044471622, -12.323044013540422, -1.4136048150774467, -3.841164559129563]",True,2,`ftol` termination condition is satisfied.,29,5.420935153720911e-07,"[-9.254873840350188, 0.2815879292460885, -0.603528447298163, -0.8482832990172157, -1.2736624686402702]",True
B1_late_token_2.78283,B1,M0_B1,full,105,0,20261031,2,"[-2.107626003267086, -13.469228439137389, 1.1041611713249004, -6.682089770517759, -7.2403174319788]",True,4,Both `ftol` and `xtol` termination conditions are satisfied.,56,5.420935153719942e-07,"[-0.15649982429278964, -13.195118514366504, -0.603528447299533, -6.209210625372807, -1.2736624686401428]",True
B1_late_token_2.78283,B1,M0_B1,full,105,0,20261031,3,"[1.0018646433135032, -1.2994964502435913, -7.4409714171914825, -1.7408485246000946, -4.64182209071323]",True,3,`xtol` termination condition is satisfied.,36,5.420935153718654e-07,"[-0.24778688688559433, -2.3772233591554395, -0.6035284472983518, -1.545109516357695, -1.273662468639979]",True
B1_late_token_2.78283,B1,M0_B1,full,105,0,20261031,4,"[-15.584564808998199, -8.284406076009656, -3.7641828859256456, -5.81372071956869, -1.112353718001966]",True,3,`xtol` termination condition is satisfied.,68,5.420935153721123e-07,"[-12.418137843535925, -0.15447335427394593, -0.6035284472981431, -6.223395255707375, -1.2736624686403]",True
B1_late_token_2.78283,B1,M0_B1,full,105,0,20261031,5,"[-13.8351478157938, -3.795848120908211, 3.6761187178327965, -3.919107170472441, 0.6535422734815519]",True,3,`xtol` termination condition is satisfied.,37,5.420935153718559e-07,"[-12.69368802970645, -0.1510836764704589, -0.6035284472981768, -5.241305833137208, -1.2736624686402405]",True
B1_late_token_2.78283,B1,M0_B1,full,105,0,20261031,6,"[5.553433704740591, -10.780068958937813, -15.49420663859396, -3.558773351581391, -5.18740987159336]",True,2,`ftol` termination condition is satisfied.,31,5.420935153721761e-07,"[-0.15650133214666198, -12.575367097924511, -0.6035284472981951, -2.3849811379967094, -1.2736624686402267]",True
B1_late_token_2.78283,B1,M0_B1,full,105,0,20261031,7,"[-3.2532077289796266, 2.5229537457037523, -1.2393985525847278, -8.434857265021884, -7.823159006842472]",True,2,`ftol` termination condition is satisfied.,25,5.420935153721822e-07,"[-5.02609330030198, -0.16350475669506181, -0.6035284472980168, -7.289083489719284, -1.2736624686404947]",True
B1_late_token_2.78283,B1,M0_B1,full,105,0,20261031,8,"[-10.889875171243077, -15.959412950168801, -10.570178326122566, 0.2668350887119004, -2.1125223616295834]",True,1,`gtol` termination condition is satisfied.,23,5.42093515372179e-07,"[-0.1564976873291978, -16.022019613344174, -0.6035284472981535, 0.2793596294860998, -1.2736624686402853]",True
B1_late_token_2.78283,B1,M0_B1,full,105,0,20261031,9,"[-8.820911641670914, -1.7719335681778254, -1.7180400676595529, -3.132633992099281, -6.489301557187271]",True,2,`ftol` termination condition is satisfied.,40,5.420935153722532e-07,"[-7.104861741859381, -0.13387187121518904, -0.6035284472981537, -3.7702805314294343, -1.2736624686402886]",True
B1_late_token_2.78283,B1,M0_B1,full,105,0,20261031,10,"[-5.06048117241262, -6.007421856410662, -9.49057082724957, -5.015675800647069, -2.8084145935463685]",True,2,`ftol` termination condition is satisfied.,24,5.420935153721991e-07,"[-0.18231598429062182, -3.8201366236348493, -0.6035284472982572, -5.15380190363775, -1.2736624686401286]",True
B1_late_token_2.78283,B1,M0_B1,full,105,0,20261031,11,"[3.220095888909924, 3.348844231028931, 4.7559001332739435, 0.17607796785241447, -0.6570330115813832]",True,2,`ftol` termination condition is satisfied.,17,5.420935153721816e-07,"[-0.3798250460033418, -0.272488256234326, -0.6035284472981585, 0.3773971931310281, -1.2736624686402813]",True
B1_late_token_2.78283,B1,M0_B1,full,105,0,20261031,12,"[-11.585409520316048, -12.18409062000201, -15.972674237100636, -7.673392831447447, -4.505489269067851]",True,2,`ftol` termination condition is satisfied.,27,5.420935153721824e-07,"[-0.16535147193857289, -4.887361109817015, -0.6035284472981517, -7.693022188175628, -1.2736624686402878]",True
B1_late_token_2.78283,B1,M0_B1,full,105,0,20261031,13,"[-16.226032016975395, 0.14560484770705884, -6.917763823988153, -7.182781856273813, -6.231799374005275]",True,2,`ftol` termination condition is satisfied.,22,5.420935153720845e-07,"[-16.26150880228223, -0.15560438909275326, -0.603528447298165, -7.043711477487799, -1.2736624686402687]",True
B1_late_token_2.78283,B1,M0_B1,full,105,0,20261031,14,"[1.38162002558051, -15.38663289340789, -4.888356462927144, -0.3915161853883724, -0.07652061598537152]",True,3,`xtol` termination condition is satisfied.,31,5.420935153721533e-07,"[-0.15649777184176855, -15.417647851215103, -0.6035284472981752, -0.3894318424399025, -1.2736624686403257]",True
B1_late_token_2.78283,B1,M0_B1,full,105,0,20261031,15,"[-1.1962191788505692, -4.980651323396442, -13.447391507110071, -5.64850118457697, -2.2651559919338986]",True,2,`ftol` termination condition is satisfied.,35,5.420935153720341e-07,"[-0.16488514532569645, -4.937971493519868, -0.6035284472981489, -5.614331859870334, -1.273662468640293]",True
B1_late_token_2.78283,B1,M0_B1,full,105,0,20261031,16,"[-7.764367046512371, -9.215442501713287, 1.6271948479600802, -2.427777747197939, -8.252865456108236]",True,2,`ftol` termination condition is satisfied.,60,5.420935153721254e-07,"[-0.15661326549762952, -9.115581067912363, -0.603528447298159, -2.265157000354993, -1.2736624686402758]",True
B1_late_token_2.78283,B1,M0_B1,full,105,0,20261031,17,"[-8.550839974321693, -5.688862538589719, -9.067903654796373, -8.21536182932355, -1.4015706600205542]",True,2,`ftol` termination condition is satisfied.,27,5.42093515372398e-07,"[-7.967296227159264, -0.15656445377604697, -0.603528447298274, -8.013839460929008, -1.2736624686401035]",True
B1_late_token_2.78283,B1,M0_B1,full,105,0,20261031,18,"[-0.5155313432996742, -9.912520636319243, -2.7715787212936966, 0.6620844182722863, -4.9485745810339505]",True,1,`gtol` termination condition is satisfied.,33,5.42093515372088e-07,"[-0.15655874338654965, -8.847103557036862, -0.6035284472981483, -0.010678146805953527, -1.2736624686402953]",True
B1_late_token_2.78283,B1,M0_B1,full,105,0,20261031,19,"[2.236962980255292, 0.8538134303741565, -17.01109233972959, -4.315537485832431, -6.932291369925628]",True,2,`ftol` termination condition is satisfied.,29,5.420935153722713e-07,"[-0.413157605586491, -1.6137385528229036, -0.6035284472981244, -3.586359906381816, -1.2736624686403248]",True
B1_late_token_2.78283,B1,M0_B1,full,105,0,20261031,20,"[-16.842022634413652, -14.689552126275757, 5.179773172557091, -3.7771189950522768, -3.553002265390548]",True,2,`ftol` termination condition is satisfied.,70,5.42093515372092e-07,"[-16.491305634772406, -0.11134863973319017, -0.603528447298198, -3.1209826448583535, -1.2736624686402276]",True
B1_late_token_2.78283,B1,M0_B1,full,105,0,20261031,21,"[-12.220878453706383, 4.056968487938136, -5.277619468246819, -2.1000273197676815, -1.824615052249757]",True,3,`xtol` termination condition is satisfied.,35,5.420935153719907e-07,"[-13.26455066404859, 0.07506656781678933, -0.6035284472981733, -1.4860868641350393, -1.2736624686402576]",True
B1_late_token_2.78283,B1,M0_B1,full,105,0,20261031,22,"[3.961349914558685, -11.48709944368013, -5.919868918639796, -6.069322430814253, -7.5153879291484875]",True,3,`xtol` termination condition is satisfied.,39,5.420935153720134e-07,"[-0.15650095796206234, -12.768352092227895, -0.6035284472981606, -4.784447661972612, -1.2736624686402713]",True
B1_late_token_2.78283,B1,M0_B1,full,105,0,20261031,23,"[-4.488316935706928, -2.4800551925608474, 2.6322087834555106, -1.156857859186708, -5.494417346273268]",True,2,`ftol` termination condition is satisfied.,56,5.420935153720839e-07,"[-5.8935764385921425, 0.12358959155194194, -0.6035284472980579, -1.2843877795723668, -1.2736624686404332]",True
B1_late_token_2.78283,B1,M0_B1,full,105,0,20261031,24,"[-9.632428215613132, -6.70441566525872, -13.815620798107432, -6.324096508732051, 0.3640703471037767]",True,2,`ftol` termination condition is satisfied.,22,5.420935153723768e-07,"[-9.419571735307626, -0.15416512593997683, -0.6035284472981597, -6.044133846227267, -1.2736624686402787]",True
B1_late_token_2.78283,B1,M0_B1,full,105,0,20261031,25,"[-10.05687947653326, 1.7730459483761578, 0.10539532441260135, -5.270731944131773, -4.197808823267456]",True,2,`ftol` termination condition is satisfied.,26,5.420935153720968e-07,"[-10.865393398194835, -0.14647591650147865, -0.6035284472981882, -4.6239691618116545, -1.2736624686402351]",True
B1_late_token_2.78283,B1,M0_B1,full,105,0,20261031,26,"[-3.8025016822129096, -16.698187497068673, -11.934649232338312, -2.228165797846275, -0.3690708114623966]",True,3,`xtol` termination condition is satisfied.,37,5.420935153720384e-07,"[-0.15649771154979364, -16.716115172518133, -0.6035284470840694, -2.1938005891967975, -1.273662468970906]",True
B1_late_token_2.78283,B1,M0_B1,full,105,0,20261031,27,"[4.83383271642758, -3.045943125947195, -3.396473985909548, -7.383538908158707, -3.0979407711595464]",True,1,`gtol` termination condition is satisfied.,25,5.420935153722131e-07,"[-0.15861025750416083, -6.313288972409888, -0.603528447298141, -5.520201809595813, -1.273662468640303]",True
B1_late_token_2.78283,B1,M0_B1,full,105,0,20261031,28,"[-13.17663468236291, -10.041291609671365, -8.446508461114554, -0.7681000345636377, -6.7962177604698315]",True,3,`xtol` termination condition is satisfied.,77,5.420935153718875e-07,"[-12.218918637779286, -0.012210502510521807, -0.6035284473404889, -1.9591074493321214, -1.2736624685750608]",True
B1_late_token_2.78283,B1,M0_B1,full,105,0,20261031,29,"[-14.99005331232754, -0.5495016946319247, -14.439799760842252, -0.06193515180715714, -8.559527314535366]",True,2,`ftol` termination condition is satisfied.,28,5.420935153720015e-07,"[-14.171139019220021, 0.16538015819823745, -0.6035284472981868, -1.1567783224987471, -1.2736624686402305]",True
B1_late_token_2.78283,B1,M0_B1,full,105,0,20261031,30,"[0.12365140516631001, -7.545544570825708, 3.2543224869435434, -8.012725160430307, -2.554427824691646]",True,2,`ftol` termination condition is satisfied.,46,5.42093515372234e-07,"[-0.15669673892983169, -8.67747424104245, -0.603528447298147, -7.033789323415627, -1.2736624686402975]",True
B1_late_token_2.78283,B1,M0_B1,full,105,0,20261031,31,"[-2.8099668761537338, 4.263835091226532, -10.99352825697807, -2.792120819428761, 0.21169592898904455]",True,2,`ftol` termination condition is satisfied.,22,5.420935153724232e-07,"[-5.759368506109185, -0.02205097648287058, -0.6035284472981783, -2.0026797462115478, -1.273662468640248]",True
B1_late_token_2.78283,B1,M0_B1,full,105,0,20261031,32,"[-6.173152754251021, -14.208092746687914, -0.20046005897451025, -4.778812331103001, -5.923864583349449]",True,2,`ftol` termination condition is satisfied.,63,5.420935153720513e-07,"[-0.15650030052391062, -12.990890815761253, -0.6035284472981868, -4.864484032899092, -1.2736624686402416]",True
B1_late_token_6.86104,B1,M0_B1,full,106,0,20261032,0,"[-0.26480271398758043, -1.8279254094305377, -0.5740536629331693, -1.0788785403879113, -1.2734010257537622]",True,2,`ftol` termination condition is satisfied.,14,8.193943698597734e-07,"[-0.2647278503443314, -1.8278604893994035, -0.5742217834657563, -1.0788898360665693, -1.2732078490846492]",True
B1_late_token_6.86104,B1,M0_B1,full,106,0,20261032,1,"[-6.29672786397939, 3.8941209068543934, 4.064977269473289, -7.034714362733835, 0.2355325166928086]",True,2,`ftol` termination condition is satisfied.,17,8.193943698604346e-07,"[-8.54573077653954, -0.1537916572957222, -0.574221783465805, -5.5026381459142835, -1.2732078490845917]",True
B1_late_token_6.86104,B1,M0_B1,full,106,0,20261032,2,"[1.1848234505946422, -6.765473224859738, -6.354724050395921, 0.5626161726362238, -7.1949384496542175]",True,1,`gtol` termination condition is satisfied.,37,8.193943698600232e-07,"[-0.16143350055015554, -7.41495522689782, -0.5742217834658254, 0.6094494959212778, -1.2732078490845495]",True
B1_late_token_6.86104,B1,M0_B1,full,106,0,20261032,3,"[-1.9398423506792852, -3.113494066127, -0.18128287004912735, -6.293143265640327, -5.999930490978871]",True,3,`xtol` termination condition is satisfied.,62,8.193943698599648e-07,"[-0.2414353585507782, -2.7232278337267943, -0.5742217834655857, -6.345549318232946, -1.2732078490849184]",True
B1_late_token_6.86104,B1,M0_B1,full,106,0,20261032,4,"[-14.415594277076371, -16.67369037610837, -13.450432563136877, -3.161672107960136, -3.3436455489047603]",True,3,`xtol` termination condition is satisfied.,78,8.19394369860131e-07,"[-0.1614131567396129, -15.887890218061127, -0.5742217834657207, -3.281084830056629, -1.273207849084694]",True
B1_late_token_6.86104,B1,M0_B1,full,106,0,20261032,5,"[-11.723882286756517, -0.9883198397885238, -11.117502958704211, -2.1540551640724788, -2.6923331949579614]",True,2,`ftol` termination condition is satisfied.,27,8.193943698599374e-07,"[-11.545323594109176, -0.0014272174453164995, -0.5742217834657862, -2.487971215734289, -1.2732078490846062]",True
B1_late_token_6.86104,B1,M0_B1,full,106,0,20261032,6,"[-4.965821984984673, -13.122230535456243, 1.7954452219631918, -4.098134328787704, -4.804813559086898]",True,1,`gtol` termination condition is satisfied.,69,8.193943698599929e-07,"[-0.16141465537416702, -13.431680568433611, -0.5742217834657495, -3.5957783933794993, -1.2732078490846575]",True
B1_late_token_6.86104,B1,M0_B1,full,106,0,20261032,7,"[4.1993252707636834, 0.32178827565761026, -15.452982297687909, -1.4147635070655165, -8.378375342812848]",True,2,`ftol` termination condition is satisfied.,45,8.193943698600564e-07,"[-0.18301450916242962, -3.2135414934470563, -0.5742217835620984, -0.8864901203268511, -1.2732078489390506]",True
B1_late_token_6.86104,B1,M0_B1,full,106,0,20261032,8,"[-8.9776577064355, -8.914302736992877, -5.3894824902390415, -7.815243078341979, -1.5030870052589957]",True,2,`ftol` termination condition is satisfied.,63,8.193943698600048e-07,"[-4.021081041153359, -0.1819235946293986, -0.5742217834657122, -7.799270882636346, -1.273207849084722]",True
B1_late_token_6.86104,B1,M0_B1,full,106,0,20261032,9,"[-10.03977147441388, -5.050168781861309, -16.339399145537485, -5.027519410230307, -6.714110816126062]",True,2,`ftol` termination condition is satisfied.,31,8.193943698601032e-07,"[-10.293080311808785, -0.14567609564914133, -0.574221783465806, -4.804591751132898, -1.2732078490845726]",True
B1_late_token_6.86104,B1,M0_B1,full,106,0,20261032,10,"[5.282613380914405, -14.380823531635738, -3.0730314381785497, -1.891037385332634, 0.7256687669106849]",True,2,`ftol` termination condition is satisfied.,24,8.193943698599715e-07,"[-0.16141316504587988, -15.284940526293157, -0.5742217834657698, -1.13866073718072, -1.2732078490846317]",True
B1_late_token_6.86104,B1,M0_B1,full,106,0,20261032,11,"[-3.188073851202228, 4.7620789482045005, -9.143340093612013, -8.151031712720304, -2.8535046800486388]",True,2,`ftol` termination condition is satisfied.,22,8.19394369860395e-07,"[-6.396567311435585, -0.1592321833602, -0.5742217834658122, -6.141928208224643, -1.2732078490845802]",True
B1_late_token_6.86104,B1,M0_B1,full,106,0,20261032,12,"[-13.521848221586474, -7.277261216723334, 1.2735778818051955, -0.5581299540367315, -5.519107333977015]",True,2,`ftol` termination condition is satisfied.,63,8.193943698600963e-07,"[-13.492418785333852, 0.06901619039071577, -0.5742217834658133, -2.123176655167561, -1.2732078490845693]",True
B1_late_token_6.86104,B1,M0_B1,full,106,0,20261032,13,"[-16.177722189400992, 2.614644759865932, -2.494505765653722, -0.2955891740437835, -4.093524403779993]",True,1,`gtol` termination condition is satisfied.,31,8.193943698599696e-07,"[-16.271295548205146, 1.4128643769318785, -0.5742217834657952, -0.2015756845993555, -1.2732078490845917]",True
B1_late_token_6.86104,B1,M0_B1,full,106,0,20261032,14,"[-0.1541052642282139, -10.85098917171469, -12.555222228650583, -6.70109893976239, -1.9903435611762292]",True,2,`ftol` termination condition is satisfied.,28,8.193943698601426e-07,"[-0.16144849887686938, -10.405535915876985, -0.5742217834657366, -6.669672147259116, -1.2732078490846754]",True
B1_late_token_6.86104,B1,M0_B1,full,106,0,20261032,15,"[2.2371656210808553, -1.5000961126646182, 4.6123340868104705, -3.421371821455778, -0.8011109431681112]",True,2,`ftol` termination condition is satisfied.,19,8.193943698602648e-07,"[-0.19397721446207486, -3.4914122716001446, -0.574221783465732, -2.855576106937364, -1.2732078490846894]",True
B1_late_token_6.86104,B1,M0_B1,full,106,0,20261032,16,"[-7.373114000012432, -12.254262133841824, -8.29783210812812, -5.361002882259853, -7.66707247370315]",True,3,`xtol` termination condition is satisfied.,68,8.193943698600505e-07,"[-0.16142234251140938, -11.736333408785724, -0.5742217834657891, -5.47511963072912, -1.2732078490846035]",True
B1_late_token_6.86104,B1,M0_B1,full,106,0,20261032,17,"[-8.440983531718548, -2.389417613470888, -3.813303956163889, -1.1620271989880218, -3.8782123263193276]",True,2,`ftol` termination condition is satisfied.,43,8.19394369860232e-07,"[-7.026496493327033, -0.05163574468213679, -0.5742217834657882, -2.855207369205451, -1.2732078490846066]",True
B1_late_token_6.86104,B1,M0_B1,full,106,0,20261032,18,"[1.881658479900075, -11.712773387195945, -16.901582456459753, -7.56752737215027, -5.984587845470141]",True,3,`xtol` termination condition is satisfied.,39,8.193943698600261e-07,"[-0.16141791113728626, -12.386852416685459, -0.5742217834657781, -6.658018796376811, -1.2732078490846155]",True
B1_late_token_6.86104,B1,M0_B1,full,106,0,20261032,19,"[-1.2233654491179404, 1.7340190874671961, 0.3884328625503706, -2.499635125011247, -7.179720915949986]",True,3,`xtol` termination condition is satisfied.,51,8.193943698598105e-07,"[-2.8375042134260577, 0.009139071336501969, -0.574221783454978, -2.074738119183479, -1.2732078491012606]",True
B1_late_token_6.86104,B1,M0_B1,full,106,0,20261032,20,"[-16.534621342488574, -10.31263092329552, -9.850395905803769, -4.4392759204836265, -0.2989092555012203]",True,2,`ftol` termination condition is satisfied.,29,8.193943698604557e-07,"[-16.525209525776834, -0.14019766089973676, -0.5742217834658525, -4.508398346645728, -1.2732078490844956]",True
B1_late_token_6.86104,B1,M0_B1,full,106,0,20261032,21,"[-13.878746355631666, 5.30635035994079, -12.13808542048615, -5.893938107949884, -0.9689385698855943]",True,2,`ftol` termination condition is satisfied.,30,8.193943698602716e-07,"[-14.869159962572267, -0.13511517570379272, -0.5742217834658264, -4.293624879955729, -1.2732078490845418]",True
B1_late_token_6.86104,B1,M0_B1,full,106,0,20261032,22,"[-4.257335055134346, -8.163800052439193, -1.5430986188537013, -2.7574464904958527, -8.39329957522444]",True,3,`xtol` termination condition is satisfied.,66,8.19394369859974e-07,"[-0.16254527373773117, -6.8745037218670335, -0.5742217834657772, -3.3001689501342386, -1.2732078490846197]",True
B1_late_token_6.86104,B1,M0_B1,full,106,0,20261032,23,"[4.927105900052826, -4.51459319853255, -7.84712940231061, -7.229314343500436, -4.819867415357275]",True,2,`ftol` termination condition is satisfied.,26,8.193943698600807e-07,"[-0.16203956994624896, -7.527979896285445, -0.5742217834658223, -5.36289998487992, -1.2732078490845575]",True
B1_late_token_6.86104,B1,M0_B1,full,106,0,20261032,24,"[-11.107640666439199, -15.264231869124886, 5.5973071312635625, 0.3635776805148314, -2.1580551712537623]",True,2,`ftol` termination condition is satisfied.,71,8.193943698598047e-07,"[-0.1614152746344735, -12.368574533468603, -0.5742217834658019, -0.8848112912491636, -1.2732078490845904]",True
B1_late_token_6.86104,B1,M0_B1,full,106,0,20261032,25,"[-9.334512191498256, 1.221894302093208, -6.938820848905172, -3.6159718022223775, -5.273257477698882]",True,2,`ftol` termination condition is satisfied.,27,8.19394369860091e-07,"[-9.86617547174125, -0.09149180618131612, -0.5742217834658025, -3.3148863723892625, -1.2732078490845822]",True
B1_late_token_6.86104,B1,M0_B1,full,106,0,20261032,26,"[3.130107376133207, -9.444314009183206, 3.3027912639009713, -5.560041374381246, -3.176191143685573]",True,3,`xtol` termination condition is satisfied.,39,8.193943698601808e-07,"[-0.16143342124395918, -10.938117348202931, -0.5742217834658159, -4.419901924303389, -1.273207849084596]",True
B1_late_token_6.86104,B1,M0_B1,full,106,0,20261032,27,"[-5.321285816863819, -0.09621397548785993, -14.090356580022483, 0.10361598364666058, 0.40310745060623354]",True,2,`ftol` termination condition is satisfied.,20,8.193943698603396e-07,"[-5.682343492773188, 0.17074783274808042, -0.574221783465761, -1.7455074269578705, -1.2732078490846366]",True
B1_late_token_6.86104,B1,M0_B1,full,106,0,20261032,28,"[-12.791708169480195, -13.649806975692464, -0.9992960939978026, -6.296873322298106, -6.4683859295404815]",True,2,`ftol` termination condition is satisfied.,53,8.193943698601293e-07,"[-0.1616990356799601, -8.318696742482404, -0.5742217834657619, -6.7214808842027995, -1.2732078490846401]",True
B1_late_token_6.86104,B1,M0_B1,full,106,0,20261032,29,"[-15.483420499480848, -3.6462880034077383, 2.7249388811762323, -8.496611673659073, -7.91250405899609]",True,2,`ftol` termination condition is satisfied.,64,8.193943698599399e-07,"[-15.568115783563242, -0.1600450239559057, -0.5742217834657259, -7.249632219713108, -1.273207849084691]",True
B1_late_token_6.86104,B1,M0_B1,full,106,0,20261032,30,"[-2.29530584287763, -15.776367014763188, -10.722279638126757, -0.8992715457326543, -0.47884296368428636]",True,1,`gtol` termination condition is satisfied.,35,8.19394369860086e-07,"[-0.16141309427542094, -15.780619500243434, -0.5742217834657862, -0.8978018572707891, -1.273207849084593]",True
B1_late_token_6.86104,B1,M0_B1,full,106,0,20261032,31,"[0.1156065750065558, 3.3693271317085838, -4.337377650479802, -4.774783102152813, -1.6679458512496614]",True,2,`ftol` termination condition is satisfied.,20,8.19394369860157e-07,"[-2.8838372904198777, -0.18548634907549882, -0.5742217834657858, -3.7811974682240215, -1.2732078490846037]",True
B1_late_token_6.86104,B1,M0_B1,full,106,0,20261032,32,"[-6.653583368084538, -5.870584695468663, -14.935147796564252, -1.643321679140926, -4.3390854708197715]",True,1,`gtol` termination condition is satisfied.,35,8.193943698598903e-07,"[-3.123004549685956, -0.12945928926781414, -0.5742217834657649, -3.119575328690449, -1.2732078490846381]",True
B1_late_token_11.9658,B1,M0_B1,full,107,0,20261033,0,"[-0.2503027458201559, -1.8134254412631132, -0.5595536947657448, -1.0788785403879113, -1.2734010257537622]",True,1,`gtol` termination condition is satisfied.,19,4.2499128802473946e-07,"[-0.250346283372524, -1.813478678705222, -0.5594229128522787, -1.078829426260682, -1.2735094323944804]",True
B1_late_token_11.9658,B1,M0_B1,full,107,0,20261033,1,"[-9.640341249623587, -11.486320279621573, -7.4589758369345915, -4.09424004401228, -2.898017916397926]",True,2,`ftol` termination condition is satisfied.,69,4.249912880247697e-07,"[-0.16412284922536385, -10.49876777846798, -0.5594229128522525, -4.110652526424332, -1.2735094323945164]",True
B1_late_token_11.9658,B1,M0_B1,full,107,0,20261033,2,"[2.2868878414098894, -1.7806664854823975, 1.1912594251187052, -0.8116064077752103, -4.785648217695563]",True,2,`ftol` termination condition is satisfied.,33,4.2499128802477265e-07,"[-0.16877077059520312, -4.0446526972432855, -0.559422912852285, -0.5127132696581004, -1.2735094323944658]",True
B1_late_token_11.9658,B1,M0_B1,full,107,0,20261033,3,"[-4.499307520199835, -10.449126620116164, -15.937601196980571, -8.599885224228341, -6.737394899229599]",True,2,`ftol` termination condition is satisfied.,26,4.2499128802510734e-07,"[-0.16422916908508306, -9.05543189609395, -0.559422912852263, -8.449593113280516, -1.2735094323945007]",True
B1_late_token_11.9658,B1,M0_B1,full,107,0,20261033,4,"[-17.14033725271396, 2.1059758869223444, -1.5439346582157327, -2.3460932572597715, -1.2442936284632387]",True,2,`ftol` termination condition is satisfied.,23,4.249912880248081e-07,"[-17.23738128458953, 0.1735940089176457, -0.5594229128522664, -1.9947263963320438, -1.273509432394498]",True
B1_late_token_11.9658,B1,M0_B1,full,107,0,20261033,5,"[-12.416490604212623, -8.348859212239478, 5.167265594854072, -2.9675354743116147, 0.39414931750344273]",True,2,`ftol` termination condition is satisfied.,21,4.249912880249336e-07,"[-9.618992229737158, -0.1477872036376517, -0.559422912852232, -5.0206123165260985, -1.2735094323945495]",True
B1_late_token_11.9658,B1,M0_B1,full,107,0,20261033,6,"[-0.5017590915286974, 4.38489794300909, -9.292532718950046, -6.837475718409078, -8.675313191331975]",True,2,`ftol` termination condition is satisfied.,24,4.249912880247698e-07,"[-4.070529254916266, -0.17071300144122248, -0.5594229128522392, -5.1997617719652345, -1.2735094323945364]",True
B1_late_token_11.9658,B1,M0_B1,full,107,0,20261033,7,"[4.152915999709542, -15.192086130491923, -3.27237549176289, -0.3200068308489268, -5.233409065978462]",True,1,`gtol` termination condition is satisfied.,31,4.2499128802470574e-07,"[-0.16409166979542278, -15.798700632262875, -0.5594229128522183, 0.039704652793074016, -1.273509432394567]",True
B1_late_token_11.9658,B1,M0_B1,full,107,0,20261033,8,"[-8.472741096187791, -5.3077783675042856, -12.077787811748598, -5.987583609702714, -2.1536557939761103]",True,1,`gtol` termination condition is satisfied.,33,4.2499128802470113e-07,"[-6.127173111194364, -0.16209191703486062, -0.5594229128522822, -6.296229164280511, -1.2735094323944776]",True
B1_late_token_11.9658,B1,M0_B1,full,107,0,20261033,9,"[-6.2557113652611065, -8.607756400404222, -5.751846873822531, -6.974466687122574, -3.969286676570368]",True,2,`ftol` termination condition is satisfied.,55,4.2499128802491215e-07,"[-0.16526814737247433, -6.907720355168908, -0.559422912852288, -7.037757260192499, -1.2735094323944731]",True
B1_late_token_11.9658,B1,M0_B1,full,107,0,20261033,10,"[4.601498715211818, 1.0980709281622083, -14.045216207816217, -3.6918194259026773, -3.3993684334459884]",True,2,`ftol` termination condition is satisfied.,30,4.2499128802500707e-07,"[-0.2201509444645594, -2.8994639002606033, -0.5594229128523303, -2.6585230918186094, -1.2735094323943983]",True
B1_late_token_11.9658,B1,M0_B1,full,107,0,20261033,11,"[-2.898453299215321, -13.319548987526863, 2.905206015360502, -5.514762554332633, -0.8795024595025493]",True,1,`gtol` termination condition is satisfied.,32,4.24991288024669e-07,"[-0.16409433867634876, -12.987009452003381, -0.5594229128522639, -5.967928491497829, -1.2735094323945004]",True
B1_late_token_11.9658,B1,M0_B1,full,107,0,20261033,12,"[-13.04195139489566, -0.764272266699507, -11.131572855773708, 0.7390157521251233, -7.383253938178903]",True,2,`ftol` termination condition is satisfied.,27,4.249912880249094e-07,"[-13.232971827650392, -0.1208804652281579, -0.5594229128522507, -4.050693623184939, -1.273509432394519]",True
B1_late_token_11.9658,B1,M0_B1,full,107,0,20261033,13,"[-14.732495230785435, -16.909625036234228, -15.172631953106496, -0.9488885105741671, -7.829283294511212]",True,3,`xtol` termination condition is satisfied.,57,4.2499128802475264e-07,"[-0.16409297216852464, -13.388605629974954, -0.5594229128522702, -2.0565465389756836, -1.2735094323944967]",True
B1_late_token_11.9658,B1,M0_B1,full,107,0,20261033,14,"[-3.8850054135442065, -4.176042094774511, -1.0683299743877974, -4.8188150941608185, -0.13341339271241637]",True,1,`gtol` termination condition is satisfied.,29,4.2499128802476794e-07,"[-0.5549035486920787, -1.282467749440334, -0.5594229128522423, -5.494164940974437, -1.273509432394532]",True
B1_late_token_11.9658,B1,M0_B1,full,107,0,20261033,15,"[0.05870112485978396, -6.617200497580539, -6.554563337352485, -1.8729812454441603, -1.759196269319852]",True,2,`ftol` termination condition is satisfied.,18,4.2499128802466127e-07,"[-0.1650573099407773, -6.715642450471209, -0.5594229128522663, -1.846502477711123, -1.2735094323944989]",True
B1_late_token_11.9658,B1,M0_B1,full,107,0,20261033,16,"[-10.077777849287951, 3.2669337309798436, 1.895374387118821, -7.540571649280774, -5.905480298095564]",True,3,`xtol` termination condition is satisfied.,32,4.249912880245796e-07,"[-10.94861674956784, -0.15873926548226688, -0.5594229128691844, -6.135435126357516, -1.2735094323684248]",True
B1_late_token_11.9658,B1,M0_B1,full,107,0,20261033,17,"[-11.070098422914363, -6.1150293361459, -13.220046015621435, -0.0025468537796076163, -0.9404092059095763]",True,2,`ftol` termination condition is satisfied.,40,4.249912880246512e-07,"[-10.506771933941513, -0.07461829200572938, -0.5594229128522751, -3.3225408673717682, -1.2735094323944867]",True
B1_late_token_11.9658,B1,M0_B1,full,107,0,20261033,18,"[0.8682397162900379, 3.5911896443796643, -4.43966681166391, -6.265461217496602, -6.428846184966867]",True,3,`xtol` termination condition is satisfied.,29,4.2499128802478917e-07,"[-2.396056844868847, -0.26060059733397944, -0.5594229128517827, -4.9827368324419075, -1.273509432395238]",True
B1_late_token_11.9658,B1,M0_B1,full,107,0,20261033,19,"[-3.068507102260753, -15.811960828005413, -10.262233077860918, -3.250651950176416, -5.073163653384176]",True,3,`xtol` termination condition is satisfied.,39,4.249912880247272e-07,"[-0.1640919339004009, -15.179594294568828, -0.5594229128522299, -3.3620587939642745, -1.273509432394567]",True
B1_late_token_11.9658,B1,M0_B1,full,107,0,20261033,20,"[-15.720645543265, -3.2562931345805133, 4.172510380344001, -6.52409032176473, -3.1901930251573622]",True,3,`xtol` termination condition is satisfied.,69,4.249912880247408e-07,"[-16.105853259150546, -0.15382620600364427, -0.5594229128522747, -5.488046334966384, -1.2735094323944816]",True
B1_late_token_11.9658,B1,M0_B1,full,107,0,20261033,21,"[-13.857747968112259, -13.704850932610647, -0.5574323283536842, -8.28227064712572, -2.4435029669474133]",True,2,`ftol` termination condition is satisfied.,62,4.249912880249089e-07,"[-6.8196198693915795, -0.16464395186891376, -0.5594229128522695, -8.124151922699147, -1.2735094323944967]",True
B1_late_token_11.9658,B1,M0_B1,full,107,0,20261033,22,"[-1.909602522471891, -0.9716589637484709, -14.970566652965886, -2.6241256071989065, -5.518593439416129]",True,2,`ftol` termination condition is satisfied.,23,4.2499128802474555e-07,"[-1.2489766846688912, -0.4870317389086553, -0.5594229128522511, -3.3230506792708163, -1.2735094323945215]",True
B1_late_token_11.9658,B1,M0_B1,full,107,0,20261033,23,"[5.59452111182528, -9.822289824983894, 2.3614067811623265, -4.377511155438371, -8.364440236191706]",True,2,`ftol` termination condition is satisfied.,46,4.24991288024931e-07,"[-0.16409940949197915, -11.81305688910571, -0.5594229128522915, -3.041048768523027, -1.2735094323944596]",True
B1_late_token_11.9658,B1,M0_B1,full,107,0,20261033,24,"[-7.064549577347696, 0.06145275161735242, -6.308318006309353, -0.49806651768151866, 0.700363949636376]",True,2,`ftol` termination condition is satisfied.,27,4.2499128802468954e-07,"[-7.136172389453283, 0.43378299650916524, -0.5594229128522729, -1.4218929741816277, -1.2735094323944849]",True
B1_late_token_11.9658,B1,M0_B1,full,107,0,20261033,25,"[-7.685816668908881, -14.692502020468623, 0.010166343677454392, -1.5974455537010979, -7.09573779193056]",True,3,`xtol` termination condition is satisfied.,78,4.249912880247041e-07,"[-0.16409247874175925, -13.814539676353567, -0.5594229128755888, -1.9250698686615415, -1.2735094323585678]",True
B1_late_token_11.9658,B1,M0_B1,full,107,0,20261033,26,"[3.182502544655165, -4.986457253731908, -8.414716525194647, -7.860346292435264, -0.5873280613028431]",True,2,`ftol` termination condition is satisfied.,31,4.2499128802479563e-07,"[-0.16562734032019535, -6.640782896350905, -0.5594229128522569, -6.767177563343064, -1.273509432394511]",True
B1_late_token_11.9658,B1,M0_B1,full,107,0,20261033,27,"[-1.4680002473514442, -7.24265139506036, -2.769892991647593, -1.2645885377757011, -3.703253566559381]",True,1,`gtol` termination condition is satisfied.,45,4.2499128802482914e-07,"[-0.16538459501601288, -6.363407761000825, -0.5594229128522571, -1.7027863626913304, -1.2735094323945153]",True
B1_late_token_11.9658,B1,M0_B1,full,107,0,20261033,28,"[-11.622607136442106, 5.312842763937283, -16.849161854338107, -4.538040569874827, -4.27783468027337]",True,2,`ftol` termination condition is satisfied.,41,4.249912880248023e-07,"[-13.127882970713443, -0.065488096971518, -0.5594229128522527, -3.2257108515766078, -1.2735094323945158]",True
B1_late_token_11.9658,B1,M0_B1,full,107,0,20261033,29,"[-16.173405143689667, -10.842972174150251, -9.446643327789696, -5.239072298084256, -6.216353963795563]",True,2,`ftol` termination condition is satisfied.,58,4.2499128802481283e-07,"[-13.552762676672247, -0.15554652139585215, -0.5594229128522443, -5.67130042823327, -1.2735094323945269]",True
B1_late_token_11.9658,B1,M0_B1,full,107,0,20261033,30,"[-5.292501478412197, 1.8903933291391795, 4.609625068762895, 0.419086402353372, -2.065410190893055]",True,4,Both `ftol` and `xtol` termination conditions are satisfied.,69,4.249912880247278e-07,"[-6.490359749787843, 2.041601862698579, -0.5594229130660168, -0.11723339001479534, -1.2735094320726768]",True
B1_late_token_11.9658,B1,M0_B1,full,107,0,20261033,31,"[1.5006542824123237, -12.698266652789904, -12.187728834870239, -7.290321385413382, 0.15643449081861682]",True,2,`ftol` termination condition is satisfied.,20,4.24991288024634e-07,"[-0.1640940230888697, -13.115276871803932, -0.5594229128523005, -6.618113799338361, -1.273509432394453]",True
B1_late_token_11.9658,B1,M0_B1,full,107,0,20261033,32,"[-8.669238200090856, -2.8143498623998067, -3.8748917150291877, -3.410890372639357, -7.544099631633276]",True,2,`ftol` termination condition is satisfied.,30,4.2499128802472707e-07,"[-7.934038239136729, -0.11115061895140507, -0.5594229128522507, -3.8397175570094437, -1.273509432394518]",True
B6_full_M0_6,B6,M0_6,full,0,0,20260926,0,"[-1.0692408261831499, -1.5897459035070958, -0.3891304447143834, -1.2763503266496101, -2.3066169576643176]",True,2,`ftol` termination condition is satisfied.,26,0.011503001782398855,"[-0.45749870547344773, -1.4841338131377022, -0.669650473911353, -1.3014601393279723, -1.233730562161037]",True
B6_full_M0_6,B6,M0_6,full,0,0,20260926,1,"[-14.422704963813864, -12.714541481603973, -1.5981606000841868, -1.0395874188277547, -8.23306323114871]",True,2,`ftol` termination condition is satisfied.,107,0.011503001782398858,"[-0.4574987049193012, -1.484133813075066, -0.6696504736007577, -1.301460139381164, -1.2337305597445183]",True
B6_full_M0_6,B6,M0_6,full,0,0,20260926,2,"[-3.2789058550884693, 5.621591951725634, -16.38466084747849, -5.235783952000769, -3.732365909266055]",True,2,`ftol` termination condition is satisfied.,83,0.011503001782398856,"[-0.4574987027670938, -1.4841338130855395, -0.669650472450402, -1.3014601393721708, -1.2337305507194685]",True
B6_full_M0_6,B6,M0_6,full,0,0,20260926,3,"[1.0482264439762403, -10.962839200916422, 1.060837242181499, -1.9491279614789008, -0.03422093307164609]",True,2,`ftol` termination condition is satisfied.,31,0.01150300178239886,"[-0.457498697922066, -1.48413381312395, -0.6696504698621393, -1.3014601393396397, -1.2337305304219592]",True
B6_full_M0_6,B6,M0_6,full,0,0,20260926,4,"[-10.64671448151904, -4.7229909979343905, -7.662159005348636, -7.269929653455681, -5.075145839689583]",True,2,`ftol` termination condition is satisfied.,94,0.011503001782398853,"[-0.4574987021824756, -1.4841338131046795, -0.6696504721403395, -1.301460139356008, -1.2337305482900212]",True
B6_full_M0_6,B6,M0_6,full,0,0,20260926,5,"[-7.753632008129184, -5.861526300270253, -12.465472044413179, -7.7053187775178555, -5.537158899637227]",True,2,`ftol` termination condition is satisfied.,74,0.011503001782398858,"[-0.4574987024085779, -1.4841338130896802, -0.6696504722585978, -1.3014601393689464, -1.2337305492188924]",True
B6_full_M0_6,B6,M0_6,full,0,0,20260926,6,"[3.943075045210879, -1.4109377372960807, -4.091883013998414, -3.49278336744836, -0.4590227970915741]",True,2,`ftol` termination condition is satisfied.,23,0.011503001782398856,"[-0.45749870261715336, -1.4841338131206938, -0.6696504723773286, -1.3014601393427934, -1.2337305501392775]",True
B6_full_M0_6,B6,M0_6,full,0,0,20260926,7,"[-0.47345015758276077, -16.21444705477759, -9.44269712858868, -4.972721141538024, -2.1067067322256525]",True,2,`ftol` termination condition is satisfied.,30,0.011503001782398858,"[-0.45749870215017646, -1.4841338131335078, -0.6696504721251477, -1.3014601393313385, -1.2337305481915872]",True
B6_full_M0_6,B6,M0_6,full,0,0,20260926,8,"[-11.618320152481333, 0.3491240878098054, 4.265358028850592, 0.3690681933142024, -6.5702019533451415]",True,2,`ftol` termination condition is satisfied.,100,0.011503001782398856,"[-0.4574987023046289, -1.4841338130909634, -0.6696504722030536, -1.301460139367346, -1.2337305487838401]",True
B6_full_M0_6,B6,M0_6,full,0,0,20260926,9,"[-13.866631279089779, -8.671534951800917, -10.13565913867484, -2.937935927443921, -2.95807682293486]",True,2,`ftol` termination condition is satisfied.,120,0.011503001782398856,"[-0.4574986974887307, -1.4841338132285657, -0.6696504696494644, -1.3014601392506255, -1.2337305287474738]",True
B6_full_M0_6,B6,M0_6,full,0,0,20260926,10,"[-2.7663491868109293, -4.2094680227091015, 3.5725906558612124, -8.260229777090162, -8.036225218163844]",True,2,`ftol` termination condition is satisfied.,69,0.011503001782398856,"[-0.45749869727973025, -1.4841338135888367, -0.6696504696019593, -1.3014601389436062, -1.2337305283678364]",True
B6_full_M0_6,B6,M0_6,full,0,0,20260926,11,"[4.7667609597023315, -13.314437810571858, -13.1529067685678, -0.20296004804705703, -4.003032250643904]",True,2,`ftol` termination condition is satisfied.,47,0.011503001782398856,"[-0.45749870236393647, -1.484133813090771, -0.6696504722338451, -1.3014601393677583, -1.2337305490318715]",True
B6_full_M0_6,B6,M0_6,full,0,0,20260926,12,"[-6.885358275938209, 3.2383503774098976, -4.779123101056255, -4.400647601993962, 0.4604530936953335]",True,2,`ftol` termination condition is satisfied.,101,0.01150300178239886,"[-0.457498710037228, -1.4841338130452284, -0.6696504763413648, -1.3014601394066356, -1.2337305812051573]",True
B6_full_M0_6,B6,M0_6,full,0,0,20260926,13,"[-9.689429476974754, -15.70404302863191, 1.7925783584951844, -5.809312149424528, -1.4542026630273224]",True,2,`ftol` termination condition is satisfied.,103,0.011503001782398856,"[-0.4574987028561731, -1.4841338130758324, -0.6696504724962945, -1.3014601393806842, -1.233730551080162]",True
B6_full_M0_6,B6,M0_6,full,0,0,20260926,14,"[1.9609670250428444, 2.643569025575939, -6.930267410441804, -0.4661045195867981, -5.954912846041096]",True,2,`ftol` termination condition is satisfied.,39,0.011503001782398856,"[-0.4574987022842358, -1.484133813130064, -0.6696504721995299, -1.3014601393343908, -1.2337305487526955]",True
B6_full_M0_6,B6,M0_6,full,0,0,20260926,15,"[-5.660840698607542, -8.242301112636943, -0.8608052395548853, -6.716474448658642, -7.267730124692795]",True,2,`ftol` termination condition is satisfied.,71,0.011503001782398856,"[-0.45749870227568784, -1.4841338131152555, -0.669650472192541, -1.3014601393473075, -1.233730548696641]",True
B6_full_M0_6,B6,M0_6,full,0,0,20260926,16,"[-16.760095468775454, -2.013235609499951, -15.647155008356044, -2.5025196067080735, -2.226815663302891]",True,2,`ftol` termination condition is satisfied.,123,0.011503001782398856,"[-0.45749870293536943, -1.484133813116289, -0.6696504725493105, -1.3014601393463396, -1.2337305514716854]",True
B6_full_M0_6,B6,M0_6,full,0,0,20260926,17,"[-16.018269824035208, -7.611925650340064, 3.282034325738202, -4.510858880129126, -4.5191594257295895]",True,2,`ftol` termination condition is satisfied.,114,0.011503001782398856,"[-0.4574987052714673, -1.484133813073162, -0.6696504737893251, -1.3014601393830019, -1.233730561221427]",True
B6_full_M0_6,B6,M0_6,full,0,0,20260926,18,"[-4.8888838810549, -2.4431922681702503, -11.135599071032505, 0.8007697521904653, -0.06035944119542158]",True,2,`ftol` termination condition is satisfied.,24,0.011503001782398856,"[-0.4574987013466318, -1.484133813084934, -0.6696504716901914, -1.301460139373041, -1.233730544752856]",True
B6_full_M0_6,B6,M0_6,full,0,0,20260926,19,"[2.6165714930376254, -14.352914508138323, -5.067557105558551, -7.850632647817325, -3.4780433654108194]",True,2,`ftol` termination condition is satisfied.,41,0.011503001782398856,"[-0.45749870047755714, -1.4841338134280055, -0.6696504712829875, -1.301460139079902, -1.2337305415741269]",True
B6_full_M0_6,B6,M0_6,full,0,0,20260926,20,"[-9.00934612463247, 1.4928593087089332, -14.156289705485571, -3.644972045249613, -8.551561256045906]",True,2,`ftol` termination condition is satisfied.,63,0.011503001782398858,"[-0.4574987107440674, -1.4841338130687585, -0.6696504767248153, -1.3014601393871605, -1.2337305842074862]",True
B6_full_M0_6,B6,M0_6,full,0,0,20260926,21,"[-6.113110224562092, -13.936202024979702, -5.793949374509463, -1.7938821714943662, -6.601104053900283]",True,2,`ftol` termination condition is satisfied.,70,0.011503001782398856,"[-0.45749870506201873, -1.4841338130716768, -0.6696504736750917, -1.3014601393841898, -1.233730560338028]",True
B6_full_M0_6,B6,M0_6,full,0,0,20260926,22,"[5.508269385038123, 3.7043957430138477, 2.213903303508417, -7.126508714277507, -1.5648746680915586]",True,2,`ftol` termination condition is satisfied.,17,0.011503001782398858,"[-0.4574987017847832, -1.4841338131040627, -0.6696504719274236, -1.3014601393567637, -1.2337305466189672]",True
B6_full_M0_6,B6,M0_6,full,0,0,20260926,23,"[-2.08588356619153, -9.986226932224552, -14.512970167829927, -1.4740550446218021, -0.7913068176505256]",True,2,`ftol` termination condition is satisfied.,42,0.011503001782398858,"[-0.45749870451118096, -1.4841338131187867, -0.6696504733893295, -1.3014601393442191, -1.2337305580901456]",True
B6_full_M0_6,B6,M0_6,full,0,0,20260926,24,"[-13.211426912613963, -3.050494891089361, -0.4360481597670578, -5.696044327553869, -5.287386211846508]",True,2,`ftol` termination condition is satisfied.,94,0.01150300178239886,"[-0.45749870711217655, -1.484133813057987, -0.6696504747744954, -1.3014601393963332, -1.2337305689341382]",True
B6_full_M0_6,B6,M0_6,full,0,0,20260926,25,"[-12.298740553094607, -16.6474260233407, -16.630477140444746, -6.563502449810798, 0.6390626560571508]",True,3,`xtol` termination condition is satisfied.,57,0.01150300178239886,"[-0.4574987171658077, -1.4841338130578592, -0.669650480173497, -1.3014601393965053, -1.233730611177299]",True
B6_full_M0_6,B6,M0_6,full,0,0,20260926,26,"[-1.128696347256728, 0.9823887051270113, -2.553708328421399, -2.3569340183677685, -4.397160832105814]",True,2,`ftol` termination condition is satisfied.,50,0.011503001782398856,"[-0.4574987073368426, -1.4841338130689834, -0.6696504748957263, -1.3014601393864056, -1.2337305698919485]",True
B6_full_M0_6,B6,M0_6,full,0,0,20260926,27,"[3.1707811793872445, -7.009694355572437, -7.9059399309782545, -6.241287700132763, -7.553614328408751]",True,2,`ftol` termination condition is satisfied.,28,0.011503001782398858,"[-0.45749870363893036, -1.484133813091986, -0.6696504729181472, -1.3014601393667382, -1.2337305543900259]",True
B6_full_M0_6,B6,M0_6,full,0,0,20260926,28,"[-8.495099374548614, -0.06248403323980156, 0.1017595510001037, -0.9287478282511481, -3.057526620663924]",True,2,`ftol` termination condition is satisfied.,91,0.011503001782398855,"[-0.45749870573258417, -1.4841338130591832, -0.669650474030489, -1.3014601393944374, -1.2337305631360933]",True
B6_full_M0_6,B6,M0_6,full,0,0,20260926,29,"[-11.302277805677264, -10.499859964028122, -2.910911899193394, 0.2563373769596531, -2.634803001742932]",True,2,`ftol` termination condition is satisfied.,94,0.011503001782398856,"[-0.45749870105459917, -1.4841338131029644, -0.66965047153728, -1.3014601393579206, -1.2337305435515198]",True
B6_full_M0_6,B6,M0_6,full,0,0,20260926,30,"[0.3680971922662408, -5.341909196783151, -11.999841853663572, -3.9664903486900736, -7.093597657079123]",True,2,`ftol` termination condition is satisfied.,23,0.011503001782398858,"[-0.4574987021767783, -1.4841338131208102, -0.6696504721405513, -1.3014601393424818, -1.233730548288796]",True
B6_full_M0_6,B6,M0_6,full,0,0,20260926,31,"[-4.020773238106665, -11.55307050724225, 5.444282906533463, -3.0810487679230745, -6.0591989975179015]",True,2,`ftol` termination condition is satisfied.,101,0.011503001782398856,"[-0.45749870196641385, -1.484133813115891, -0.6696504720284105, -1.301460139346859, -1.2337305473996423]",True
B6_full_M0_6,B6,M0_6,full,0,0,20260926,32,"[-15.194616646280585, 4.304182015403448, -8.9735478447804, -8.41451034273717, -0.9856733617817559]",True,2,`ftol` termination condition is satisfied.,102,0.011503001782398858,"[-0.4574987089191192, -1.484133813875247, -0.6696504758876871, -1.3014601386995266, -1.2337305776537113]",True
B6_full_MQ-add,B6,MQ-add,full,0,0,20360926,0,"[-1.0692408261831499, -1.5897459035070958, -0.3891304447143834, -1.2763503266496101, -2.3066169576643176, 0.1866960602938741]",True,2,`ftol` termination condition is satisfied.,25,0.004822269238303353,"[-0.5185347594361451, -1.4841338130933028, -0.6696504729124517, -1.3014601393659924, -1.233730554322665, -2.011186346032919]",True
B6_full_MQ-add,B6,MQ-add,full,0,0,20360926,1,"[-3.700682745402334, 4.73347298463149, -1.4070893237045539, -7.013216662320047, -2.74898668181386, -14.141732302781987]",True,2,`ftol` termination condition is satisfied.,115,0.004822269238303353,"[-0.5185347562882351, -1.4841338131274135, -0.6696504713317715, -1.3014601393366023, -1.2337305419296556, -2.0111863460320376]",True
B6_full_MQ-add,B6,MQ-add,full,0,0,20360926,2,"[-9.44344381067101, -14.20116100804038, -12.180115611623386, 0.08664120020161725, -4.593444741731062, 1.7442522050124687]",True,2,`ftol` termination condition is satisfied.,36,0.004822269238303351,"[-0.5185347569184336, -1.484133813113508, -0.6696504716430106, -1.301460139347402, -1.2337305443949276, -2.011186346022815]",True
B6_full_MQ-add,B6,MQ-add,full,0,0,20360926,3,"[-16.923766117660783, -3.9722303258152536, 5.544903619332025, -5.626132799797762, -6.59509663554317, -1.2207538769990531]",True,2,`ftol` termination condition is satisfied.,96,0.004822269238303354,"[-0.5185347578198092, -1.4841338131029993, -0.6696504720956077, -1.3014601393571923, -1.2337305479429677, -2.011186346022711]",True
B6_full_MQ-add,B6,MQ-add,full,0,0,20360926,4,"[0.21817573931778256, -11.372717518736495, -6.296762192969954, -3.0770581401302293, -1.324162735992667, -10.829545271599745]",True,2,`ftol` termination condition is satisfied.,30,0.004822269238303354,"[-0.5185347587541168, -1.4841338132091266, -0.6696504725862459, -1.3014601392676028, -1.233730551784894, -2.0111863460325434]",True
B6_full_MQ-add,B6,MQ-add,full,0,0,20360926,5,"[3.989809751698761, -1.2780367974316782, -15.288976214015376, -2.180446507112257, 0.3920028320244171, -16.27601644964979]",True,2,`ftol` termination condition is satisfied.,32,0.004822269238303351,"[-0.5185347537010297, -1.4841338132665063, -0.6696504700508257, -1.3014601392180174, -1.2337305318950524, -2.011186346023451]",True
B6_full_MQ-add,B6,MQ-add,full,0,0,20360926,6,"[-13.147943161689113, -8.010684368654454, -3.9786943876952368, -4.733977797407704, -8.64251022803255, 5.303301639865996]",True,2,`ftol` termination condition is satisfied.,102,0.004822269238303352,"[-0.5185347570782952, -1.484133813159653, -0.6696504717327295, -1.3014601393094243, -1.2337305450937732, -2.011186346031875]",True
B6_full_MQ-add,B6,MQ-add,full,0,0,20360926,7,"[-6.38415066154484, 1.6841486177002487, -9.073268233626067, -0.8095884181413968, -5.279639698549692, -3.36064534708623]",True,2,`ftol` termination condition is satisfied.,72,0.0048222692383033585,"[-0.5185347588661393, -1.4841338131271218, -0.6696504726278871, -1.3014601393376704, -1.23373055211305, -2.0111863460279285]",True
B6_full_MQ-add,B6,MQ-add,full,0,0,20360926,8,"[-0.6372441318275115, -16.493600470380027, 2.592943020795886, -7.904589462795091, -2.355622058645892, -7.264975471810919]",True,2,`ftol` termination condition is satisfied.,70,0.004822269238303353,"[-0.5185347613622607, -1.4841338130834516, -0.6696504738794075, -1.3014601393740393, -1.2337305619184038, -2.011186346031555]",True
B6_full_MQ-add,B6,MQ-add,full,0,0,20360926,9,"[-2.805680338024006, -4.386948521783644, -10.338245763918906, -4.423966564698258, -4.278637728234471, -9.866802509537091]",True,2,`ftol` termination condition is satisfied.,34,0.004822269238303355,"[-0.5185347626358133, -1.4841338130562747, -0.669650474517967, -1.3014601393973542, -1.2337305669136176, -2.0111863460251795]",True
B6_full_MQ-add,B6,MQ-add,full,0,0,20360926,10,"[-8.54563839981454, -9.004770114773406, 0.9719490191969591, -1.9063253621521214, -3.738853825876733, -2.52864222089579]",True,2,`ftol` termination condition is satisfied.,97,0.004822269238303355,"[-0.5185347626809446, -1.4841338130897743, -0.6696504745449143, -1.3014601393698044, -1.2337305671400602, -2.011186346038708]",True
B6_full_MQ-add,B6,MQ-add,full,0,0,20360926,11,"[-12.466930315305476, 4.095957389518013, -16.911709296375612, -8.103321375038885, -0.37597874881160287, 0.20268453287272692]",True,2,`ftol` termination condition is satisfied.,131,0.00482226923830335,"[-0.5185347578753537, -1.484133813112318, -0.6696504721293773, -1.3014601393496976, -1.2337305481811305, -2.011186346032505]",True
B6_full_MQ-add,B6,MQ-add,full,0,0,20360926,12,"[4.677771066009189, -11.966965720329249, -5.245411168589781, -1.1955528192970695, -7.026258071322506, -12.25503535348643]",True,2,`ftol` termination condition is satisfied.,76,0.00482226923830335,"[-0.5185347562813531, -1.4841338131631707, -0.6696504713298661, -1.3014601393066334, -1.2337305419473086, -2.0111863460282065]",True
B6_full_MQ-add,B6,MQ-add,full,0,0,20360926,13,"[2.371217696706765, 0.7353271211282788, 3.5602501586503053, 0.2965328793442925, -7.689678594004095, -6.302146430825784]",True,2,`ftol` termination condition is satisfied.,50,0.004822269238303352,"[-0.5185347650587683, -1.4841338130275423, -0.6696504757384665, -1.301460139419263, -1.233730576448351, -2.011186346015521]",True
B6_full_MQ-add,B6,MQ-add,full,0,0,20360926,14,"[-14.769340937605627, -14.659756367020513, -7.212689255904653, -6.615692307025439, -0.034492802106424136, -4.668451488230051]",True,2,`ftol` termination condition is satisfied.,101,0.004822269238303355,"[-0.5185347599667326, -1.4841338130885613, -0.6696504731753888, -1.3014601393699803, -1.2337305564088366, -2.011186346028776]",True
B6_full_MQ-add,B6,MQ-add,full,0,0,20360926,15,"[-10.139850905862156, -2.0931265585995185, -2.321277136037546, -3.3991932271805094, -2.0361492435008035, 3.761643612634213]",True,2,`ftol` termination condition is satisfied.,83,0.004822269238303348,"[-0.5185347573803896, -1.4841338131254713, -0.6696504718798446, -1.3014601393385927, -1.233730546241319, -2.011186346032455]",True
B6_full_MQ-add,B6,MQ-add,full,0,0,20360926,16,"[-4.395706617927308, -5.954063246997682, -14.1630299915438, -5.911977611858674, -6.264859195765176, -14.389408496723094]",True,2,`ftol` termination condition is satisfied.,30,0.0048222692383033585,"[-0.5185347635762318, -1.4841338131072206, -0.6696504750001373, -1.3014601393540202, -1.2337305706985209, -2.01118634602039]",True
B6_full_MQ-add,B6,MQ-add,full,0,0,20360926,17,"[-5.293904848395652, -2.2419653214671005, 0.10152495894955749, -0.5836722936648595, -1.0102377758171794, -5.699898152018301]",True,2,`ftol` termination condition is satisfied.,49,0.004822269238303351,"[-0.5185347500685801, -1.484133813294019, -0.6696504682194857, -1.301460139199672, -1.2337305175793178, -2.011186346028314]",True
B6_full_MQ-add,B6,MQ-add,full,0,0,20360926,18,"[-11.032471577640981, -6.862591658799088, -10.849716557608094, -7.534515264476252, -6.318207522917971, -6.710103938658065]",True,2,`ftol` termination condition is satisfied.,124,0.004822269238303353,"[-0.518534758636567, -1.484133813126764, -0.6696504725127645, -1.3014601393374305, -1.2337305512064172, -2.011186346031303]",True
B6_full_MQ-add,B6,MQ-add,full,0,0,20360926,19,"[-15.667865261639253, 0.5391837310853198, -4.333244414539845, -2.5551774652070236, -4.912319674155153, -15.408943616457112]",True,2,`ftol` termination condition is satisfied.,117,0.0048222692383033516,"[-0.5185347576048078, -1.4841338131038937, -0.6696504719879945, -1.301460139356512, -1.2337305470959723, -2.011186346026627]",True
B6_full_MQ-add,B6,MQ-add,full,0,0,20360926,20,"[1.4782274522206222, -15.520978792923351, -16.35293047870307, -4.955237233164285, -3.0302438182686133, 3.365601130584338]",True,2,`ftol` termination condition is satisfied.,29,0.004822269238303352,"[-0.5185347578252146, -1.4841338130983406, -0.669650472099607, -1.3014601393614085, -1.2337305479618539, -2.0111863460324177]",True
B6_full_MQ-add,B6,MQ-add,full,0,0,20360926,21,"[5.581544137720677, 2.8757925668424704, -8.08138739802164, -5.255785746542521, -2.670419674990052, -2.1352840663455446]",True,2,`ftol` termination condition is satisfied.,32,0.004822269238303352,"[-0.5185347674166351, -1.484133813009556, -0.6696504769243874, -1.301460139433467, -1.2337305857403222, -2.0111863460119843]",True
B6_full_MQ-add,B6,MQ-add,full,0,0,20360926,22,"[-11.557623164046511, -12.516530335467728, 3.0505263433009553, -2.851269347957346, -5.556820051844312, -8.849952736345097]",True,2,`ftol` termination condition is satisfied.,96,0.00482226923830335,"[-0.5185347578079983, -1.4841338130715105, -0.6696504720861812, -1.3014601393833596, -1.233730547853768, -2.0111863460206414]",True
B6_full_MQ-add,B6,MQ-add,full,0,0,20360926,23,"[-7.641539234537774, -5.648852641453747, -13.252594590517036, -7.234348765772974, -8.323344587858834, -11.849937108764323]",True,3,`xtol` termination condition is satisfied.,141,0.0048222692383033516,"[-0.5185347644200198, -1.4841338129953356, -0.6696504754076623, -1.30146013944908, -1.2337305738810667, -2.0111863460233197]",True
B6_full_MQ-add,B6,MQ-add,full,0,0,20360926,24,"[-1.8960036140577188, -9.512594074194135, -1.7642507315976008, -0.2883626128295518, 0.6741331575676401, 1.2312729525931978]",True,2,`ftol` termination condition is satisfied.,34,0.004822269238303351,"[-0.5185347545187557, -1.4841338131350053, -0.6696504704399838, -1.3014601393303231, -1.2337305349451204, -2.0111863460245796]",True
B6_full_MQ-add,B6,MQ-add,full,0,0,20360926,25,"[-1.2135024138011854, 2.60102676563697, -11.668655348038907, -3.6202544167723616, -7.303736237964053, 4.272712160569405]",True,2,`ftol` termination condition is satisfied.,57,0.004822269238303355,"[-0.5185347588245574, -1.4841338130967592, -0.6696504726016036, -1.3014601393631322, -1.2337305519073494, -2.0111863460312596]",True
B6_full_MQ-add,B6,MQ-add,full,0,0,20360926,26,"[-6.9548721465246555, -16.330845961834715, -0.5366547333524387, -6.286911079476553, -0.690492194555655, -16.683461548999542]",True,2,`ftol` termination condition is satisfied.,94,0.004822269238303351,"[-0.5185347575575971, -1.4841338131291515, -0.6696504719704864, -1.3014601393358898, -1.2337305469456163, -2.0111863460241812]",True
B6_full_MQ-add,B6,MQ-add,full,0,0,20360926,27,"[-13.724571016370108, -0.40289794648951727, -6.855530480537784, 0.6668095871862398, -3.4570121829879037, -8.28504168247131]",True,2,`ftol` termination condition is satisfied.,81,0.004822269238303352,"[-0.5185347634598656, -1.4841338131095272, -0.6696504749425602, -1.3014601393519662, -1.233730570245503, -2.0111863460335337]",True
B6_full_MQ-add,B6,MQ-add,full,0,0,20360926,28,"[3.418762173153663, -7.806189204391391, 4.632726335177377, -6.38997442871363, -3.959178857824088, -3.7575698103259576]",True,3,`xtol` termination condition is satisfied.,49,0.0048222692383033516,"[-0.5185347668200119, -1.4841338131345128, -0.6696504766443521, -1.301460139331226, -1.2337305835624301, -2.011186346033595]",True
B6_full_MQ-add,B6,MQ-add,full,0,0,20360926,29,"[0.7777448243649374, -3.408750644360639, -3.468960042241175, -8.47812751035311, -5.9882542537400845, 2.1384702615007463]",True,2,`ftol` termination condition is satisfied.,59,0.004822269238303355,"[-0.5185347564928909, -1.4841338131290418, -0.6696504714340435, -1.3014601393354048, -1.233730542739732, -2.0111863460320802]",True
B6_full_MQ-add,B6,MQ-add,full,0,0,20360926,30,"[-16.358616756477733, -10.144202280564043, -14.420288602003101, -1.4168868638253231, -1.7219264699783885, -13.124372838553839]",True,2,`ftol` termination condition is satisfied.,126,0.004822269238303354,"[-0.5185347579210399, -1.4841338130974553, -0.6696504721475635, -1.3014601393621834, -1.2337305483380638, -2.0111863460273036]",True
B6_full_MQ-add,B6,MQ-add,full,0,0,20360926,31,"[-8.883505152916532, 5.249648038910728, 2.035906086251231, -4.197975831450046, -0.3160431687978438, -10.424980835250388]",True,2,`ftol` termination condition is satisfied.,117,0.004822269238303353,"[-0.5185347580881424, -1.484133813118004, -0.6696504722296964, -1.301460139345193, -1.2337305490211035, -2.0111863460230737]",True
B6_full_MQ-add,B6,MQ-add,full,0,0,20360926,32,"[-3.135207290654, -12.92533978396936, -9.98369310454812, -1.5361759866138263, -8.008264843773793, -0.1930447210220585]",True,3,`xtol` termination condition is satisfied.,40,0.00482226923830335,"[-0.5185347642017941, -1.4841338130730544, -0.6696504753055339, -1.301460139383082, -1.2337305731220414, -2.0111863460280506]",True
B6_full_MQ-eff,B6,MQ-eff,full,0,0,20460926,0,"[-1.0692408261831499, -1.5897459035070958, -0.3891304447143834, -1.2763503266496101, -2.3066169576643176, -1.146040733446924]",True,2,`ftol` termination condition is satisfied.,30,0.011503006163521096,"[-0.4574986908337888, -1.4841338131191766, -0.6696504304285529, -1.3014601393444705, -1.2337305398099787, -13.81551055787674]",True
B6_full_MQ-eff,B6,MQ-eff,full,0,0,20460926,1,"[-2.2065416670742106, 2.205870362176558, -7.909672470957849, -3.3873213994939864, -5.250233752562493, -0.8127734022282009]",True,2,`ftol` termination condition is satisfied.,47,0.011503006163521094,"[-0.4574986909094569, -1.484133813075611, -0.6696504304488619, -1.3014601393801166, -1.2337305400563756, -13.815510557961199]",True
B6_full_MQ-eff,B6,MQ-eff,full,0,0,20460926,2,"[-15.239978023305508, -6.436583258644637, -5.473678383921534, -5.863731112450827, -1.199948963527948, -6.903490295586086]",True,2,`ftol` termination condition is satisfied.,115,0.011503006163521096,"[-0.45749869270708987, -1.4841338131143889, -0.6696504314282862, -1.3014601393480774, -1.2337305476693614, -13.815510557964272]",True
B6_full_MQ-eff,B6,MQ-eff,full,0,0,20460926,3,"[-10.943445953773988, -1.2756346172941981, -14.280426010350965, 0.3064912496153145, -2.378279330365416, -12.199262187602931]",True,2,`ftol` termination condition is satisfied.,24,0.011503006163521097,"[-0.45749869327170967, -1.48413381309739, -0.6696504317322982, -1.301460139362648, -1.2337305500213545, -13.815510557964272]",True
B6_full_MQ-eff,B6,MQ-eff,full,0,0,20460926,4,"[4.850050415177581, -15.427069408395058, 0.36375231395959773, -6.716918646191989, -6.372610667108275, -2.3687938418148633]",True,2,`ftol` termination condition is satisfied.,56,0.011503006163521089,"[-0.4574986908357048, -1.484133813084069, -0.6696504304175853, -1.301460139373373, -1.233730539764149, -13.815510557949533]",True
B6_full_MQ-eff,B6,MQ-eff,full,0,0,20460926,5,"[0.30770835800460006, -4.683309657049479, -2.0019353210402233, -7.798351705727267, -8.284480949750517, 1.6970926068355112]",True,2,`ftol` termination condition is satisfied.,65,0.011503006163521099,"[-0.45749869080223854, -1.4841338130864967, -0.6696504304114568, -1.3014601393716152, -1.2337305396368543, -13.81551055796348]",True
B6_full_MQ-eff,B6,MQ-eff,full,0,0,20460926,6,"[-6.582738012463336, -13.126764637196956, -10.133827282595805, -0.8519594856620198, -2.776696042097215, -8.416188188146828]",True,2,`ftol` termination condition is satisfied.,32,0.011503006163521097,"[-0.45749869229309403, -1.484133813086708, -0.6696504312114908, -1.3014601393714214, -1.23373054590042, -13.815510557964272]",True
B6_full_MQ-eff,B6,MQ-eff,full,0,0,20460926,7,"[-13.72869739500397, 3.4334196967722086, 4.015457796120067, -4.786773051512489, 0.8423448951112853, -10.720168713303297]",True,2,`ftol` termination condition is satisfied.,83,0.011503006163521099,"[-0.4574986910053079, -1.4841338131154795, -0.6696504305122998, -1.3014601393467697, -1.2337305405185899, -13.815510557964272]",True
B6_full_MQ-eff,B6,MQ-eff,full,0,0,20460926,8,"[-3.8994129320960376, -10.919720311594208, -16.330270691174658, -2.233709114115597, -4.684139670850161, -4.845074333325229]",True,2,`ftol` termination condition is satisfied.,38,0.01150300616352109,"[-0.457498691493443, -1.4841338130851829, -0.6696504307708556, -1.3014601393718537, -1.2337305425289047, -13.815510557964107]",True
B6_full_MQ-eff,B6,MQ-eff,full,0,0,20460926,9,"[-5.012251594426548, -1.9858815607349598, 4.753499651540448, -1.3083051123194638, -0.43430049668409687, -1.6972015310170931]",True,2,`ftol` termination condition is satisfied.,57,0.011503006163521094,"[-0.4574986908059891, -1.4841338131156836, -0.6696504304134407, -1.3014601393468384, -1.23373053968844, -13.81551055795027]",True
B6_full_MQ-eff,B6,MQ-eff,full,0,0,20460926,10,"[-11.902953404853953, -16.13589512738046, -15.464182083091774, -8.664534542026395, -5.941924036222666, -11.495731246864777]",True,2,`ftol` termination condition is satisfied.,54,0.011503006163521087,"[-0.4574986912211437, -1.4841338131186912, -0.6696504306292085, -1.3014601393439382, -1.2337305414303374, -13.815510557964272]",True
B6_full_MQ-eff,B6,MQ-eff,full,0,0,20460926,11,"[-7.6952941452908, 0.06524668890103413, -1.3430793010746385, -1.7214373206601081, -7.1755584037584015, -5.082444904481892]",True,2,`ftol` termination condition is satisfied.,98,0.011503006163521092,"[-0.45749869106318986, -1.4841338131328778, -0.6696504305462142, -1.301460139332859, -1.2337305407859178, -13.815510557964272]",True
B6_full_MQ-eff,B6,MQ-eff,full,0,0,20460926,12,"[2.1335609610895077, -8.575785707464805, -9.54736471348452, -3.939262588027865, -1.6492352059116886, 0.9769115541716893]",True,2,`ftol` termination condition is satisfied.,24,0.011503006163521096,"[-0.4574986931124163, -1.4841338130638444, -0.6696504316374301, -1.301460139390617, -1.2337305493026607, -13.815510557964272]",True
B6_full_MQ-eff,B6,MQ-eff,full,0,0,20460926,13,"[3.825780038980774, 5.573958874449438, -11.812870290975223, -5.239707600657045, -3.4674022715870123, -3.144377237478304]",True,2,`ftol` termination condition is satisfied.,70,0.011503006163521103,"[-0.45749869088560086, -1.4841338131371793, -0.6696504304486283, -1.3014601393289191, -1.2337305400430434, -13.815510557954756]",True
B6_full_MQ-eff,B6,MQ-eff,full,0,0,20460926,14,"[-9.207400877291054, -8.780607793265093, 2.703348238956913, -2.9495941431115487, -7.517562073165012, -9.05137981606854]",True,2,`ftol` termination condition is satisfied.,89,0.011503006163521099,"[-0.45749869390848563, -1.4841338131313022, -0.669650432078042, -1.30146013933266, -1.2337305527415259, -13.815510557964272]",True
B6_full_MQ-eff,B6,MQ-eff,full,0,0,20460926,15,"[-16.26448744986332, -3.9729734624792616, -6.075227960559289, -7.359541769483901, -3.9561523618831833, -7.623684602519814]",True,2,`ftol` termination condition is satisfied.,103,0.011503006163521099,"[-0.4574986952446864, -1.4841338130739585, -0.6696504327892477, -1.3014601393821241, -1.233730558279901, -13.815510557964272]",True
B6_full_MQ-eff,B6,MQ-eff,full,0,0,20460926,16,"[-0.4705617243841296, -12.417855101974851, -3.5669273809527517, -0.07538260128545105, 0.03805398740313137, 2.5209870584950416]",True,2,`ftol` termination condition is satisfied.,38,0.011503006163521092,"[-0.45749869090688333, -1.484133813109215, -0.6696504304694418, -1.301460139352206, -1.233730540105852, -13.81551055795957]",True
B6_full_MQ-eff,B6,MQ-eff,full,0,0,20460926,17,"[-1.0819045107047742, -3.3053516398619287, -14.761374318949418, -4.824567847910622, -6.720783318390657, -9.751513458600456]",True,2,`ftol` termination condition is satisfied.,27,0.011503006163521099,"[-0.4574986939224361, -1.4841338137723386, -0.6696504321942004, -1.301460138786679, -1.2337305536817178, -13.815510557964272]",True
B6_full_MQ-eff,B6,MQ-eff,full,0,0,20460926,18,"[-16.542866287097965, -11.927976224307972, 5.475155793596528, -2.644105552028954, -2.71028070802768, -3.9400042393576253]",True,2,`ftol` termination condition is satisfied.,110,0.011503006163521092,"[-0.45749869088882245, -1.4841338131195523, -0.6696504304519045, -1.301460139343683, -1.233730540036199, -13.815510557964272]",True
B6_full_MQ-eff,B6,MQ-eff,full,0,0,20460926,19,"[-9.486108398157057, 4.2833684142376995, -8.847709441900491, -7.761948718200693, -1.4664650143415727, 2.7225945633406]",True,2,`ftol` termination condition is satisfied.,96,0.011503006163521099,"[-0.45749869098984136, -1.4841338130903297, -0.6696504304971506, -1.3014601393681549, -1.2337305404168046, -13.815510557964272]",True
B6_full_MQ-eff,B6,MQ-eff,full,0,0,20460926,20,"[3.2148042353013757, -9.894151314479776, -0.6177494262769727, -0.4425001694488575, -5.495667283012695, -7.326705225894959]",True,2,`ftol` termination condition is satisfied.,39,0.011503006163521094,"[-0.45749868927564596, -1.4841338131865665, -0.6696504296008307, -1.301460139286212, -1.2337305333536546, -13.815510557964272]",True
B6_full_MQ-eff,B6,MQ-eff,full,0,0,20460926,21,"[2.0547915955220937, 1.267228483424308, 2.00327949092253, 0.79031323513858, -5.022688536674485, -11.29412374201922]",True,2,`ftol` termination condition is satisfied.,47,0.011503006163521104,"[-0.45749869076840655, -1.4841338131161892, -0.6696504303859329, -1.3014601393466136, -1.233730539525004, -13.81551055796391]",True
B6_full_MQ-eff,B6,MQ-eff,full,0,0,20460926,22,"[-8.151548742667591, -7.195365641399272, -12.53726544913928, -6.456846839211624, 0.519930922248891, -1.4002221543922388]",True,2,`ftol` termination condition is satisfied.,71,0.011503006163521104,"[-0.4574986908137357, -1.4841338131038428, -0.669650430408112, -1.3014601393571308, -1.233730539698417, -13.815510557964268]",True
B6_full_MQ-eff,B6,MQ-eff,full,0,0,20460926,23,"[-12.358835839457345, -2.3861074665625726, -4.269322008325551, -3.8723714809269705, -3.0528336756337335, 0.2767779116397744]",True,2,`ftol` termination condition is satisfied.,123,0.011503006163521099,"[-0.45749869102639645, -1.4841338131239354, -0.6696504305248498, -1.3014601393399592, -1.2337305406186887, -13.81551055747814]",True
B6_full_MQ-eff,B6,MQ-eff,full,0,0,20460926,24,"[-5.091344463493167, -16.715255310703736, -6.7978184795681855, -6.1249037540932285, -8.539499682265424, -5.878071906361213]",True,2,`ftol` termination condition is satisfied.,39,0.011503006163521096,"[-0.4574986907991634, -1.4841338131012551, -0.6696504304056523, -1.3014601393591279, -1.2337305396384788, -13.815510557964217]",True
B6_full_MQ-eff,B6,MQ-eff,full,0,0,20460926,25,"[-3.2655133452186753, 3.5674664648856655, -4.7737401582334655, -7.024935657490598, -1.9065835440300942, -8.648957373084286]",True,2,`ftol` termination condition is satisfied.,86,0.011503006163521097,"[-0.45749869084227807, -1.4841338130993755, -0.6696504304240002, -1.3014601393608523, -1.2337305398132112, -13.815510557950038]",True
B6_full_MQ-eff,B6,MQ-eff,full,0,0,20460926,26,"[-13.47141345709523, -10.6086266044837, -7.185320537175235, 0.035909971119167494, -7.449368918650476, 1.431274910302557]",True,2,`ftol` termination condition is satisfied.,106,0.011503006163521103,"[-0.45749869187946574, -1.4841338130812198, -0.6696504309752913, -1.3014601393761687, -1.2337305441438096, -13.815510557964272]",True
B6_full_MQ-eff,B6,MQ-eff,full,0,0,20460926,27,"[-6.3257829280263564, -5.440325742118933, 1.0662771239979136, -5.5753963569832905, -6.262010606216724, -4.113779010701412]",True,2,`ftol` termination condition is satisfied.,72,0.011503006163521103,"[-0.4574986932696259, -1.4841338130950055, -0.6696504317346113, -1.3014601393642906, -1.233730550012451, -13.815510557964272]",True
B6_full_MQ-eff,B6,MQ-eff,full,0,0,20460926,28,"[0.9419747576828037, -14.061523667216868, -13.557791927279833, -3.0621330017549813, -0.7751786838880284, -9.955703391515875]",True,2,`ftol` termination condition is satisfied.,31,0.011503006163521089,"[-0.45749869189247305, -1.4841338130829276, -0.6696504309822956, -1.3014601393749048, -1.2337305442007125, -13.815510557964272]",True
B6_full_MQ-eff,B6,MQ-eff,full,0,0,20460926,29,"[4.950762523340629, -0.2510493782284655, -10.836591822356722, -1.908338848613643, -0.20970694591540529, -6.172194972962271]",True,2,`ftol` termination condition is satisfied.,26,0.011503006163521103,"[-0.45749869104995466, -1.4841338131594377, -0.6696504305441001, -1.3014601393101897, -1.2337305407673087, -13.815510557964272]",True
B6_full_MQ-eff,B6,MQ-eff,full,0,0,20460926,30,"[-10.51063947936569, -14.581618446824987, -2.723460940749993, -4.498620163807902, -4.220339091317201, -0.048308080440783385]",True,2,`ftol` termination condition is satisfied.,98,0.011503006163521092,"[-0.45749869088533035, -1.484133813116293, -0.6696504304545944, -1.301460139346177, -1.2337305400212801, -13.815510557963302]",True
B6_full_MQ-eff,B6,MQ-eff,full,0,0,20460926,31,"[-14.806799216283412, 1.9830403324448937, -17.029969526820924, -1.1223588963952178, -7.847233845223776, -2.6015630267523218]",True,2,`ftol` termination condition is satisfied.,84,0.011503006163521103,"[-0.45749869337217464, -1.4841338131340744, -0.6696504317976077, -1.3014601393314258, -1.2337305504983809, -13.815510557964272]",True
B6_full_MQ-eff,B6,MQ-eff,full,0,0,20460926,32,"[-2.106152892569961, -6.4809750168340425, 3.2899977386568864, -8.106550584788824, -3.817902041513837, -12.465079884135886]",True,2,`ftol` termination condition is satisfied.,68,0.011503006163521097,"[-0.4574986906727674, -1.484133813103636, -0.669650430340262, -1.3014601393575684, -1.233730539112773, -13.815510557964272]",True
B6_leave_N_0.07_M0_6,B6,M0_6,leave_N,0,0,20270926,0,"[-1.0498138552281342, -1.5703189325520803, -0.3697034737593678, -1.2763503266496101, -2.3066169576643176]",True,2,`ftol` termination condition is satisfied.,25,0.017365728598986524,"[-0.45944156516001045, -1.4263560291598252, -0.6538860219716718, -1.3430157781386982, -1.2664365427277038]",True
B6_leave_N_0.07_M0_6,B6,M0_6,leave_N,0,0,20270926,1,"[-11.114431586166257, -5.811170235573702, -10.192943481520803, -7.229518833708795, -8.587337165728567]",True,2,`ftol` termination condition is satisfied.,91,0.017365728598986524,"[-0.4594415649701698, -1.4263560291563244, -0.6538860218990686, -1.3430157781430772, -1.2664365419684567]",True
B6_leave_N_0.07_M0_6,B6,M0_6,leave_N,0,0,20270926,2,"[1.7097038443437285, -4.202981414516209, 1.0824745268202811, -1.3602321246079017, 0.4608258355658137]",True,2,`ftol` termination condition is satisfied.,25,0.017365728598986524,"[-0.4594415647100332, -1.4263560291979658, -0.6538860218059617, -1.343015778102088, -1.2664365409939757]",True
B6_leave_N_0.07_M0_6,B6,M0_6,leave_N,0,0,20270926,3,"[-2.799653381639832, -14.845237176840335, -13.327509109787826, -4.68598531422141, -3.898143500105893]",True,2,`ftol` termination condition is satisfied.,29,0.017365728598986524,"[-0.4594415651268271, -1.4263560292213724, -0.6538860219658148, -1.3430157780785448, -1.2664365426815756]",True
B6_leave_N_0.07_M0_6,B6,M0_6,leave_N,0,0,20270926,4,"[-12.771460285452084, 4.928577991707556, -2.18586147554155, -3.5504321086723802, -4.219600659881568]",True,2,`ftol` termination condition is satisfied.,104,0.017365728598986524,"[-0.45944156504135575, -1.4263560292393975, -0.6538860219378124, -1.3430157780608798, -1.2664365423692951]",True
B6_leave_N_0.07_M0_6,B6,M0_6,leave_N,0,0,20270926,5,"[-15.095233793997053, -11.892940994906642, 4.474375639557014, -2.627059606026931, -5.500518300936868]",True,2,`ftol` termination condition is satisfied.,98,0.017365728598986524,"[-0.45944156495565264, -1.4263560292254365, -0.653886021902557, -1.3430157780740357, -1.2664365420083463]",True
B6_leave_N_0.07_M0_6,B6,M0_6,leave_N,0,0,20270926,6,"[-5.1263655112212145, 1.8142674869156323, -7.179105737310225, -6.261301236674057, -2.6178628047927566]",True,2,`ftol` termination condition is satisfied.,86,0.017365728598986524,"[-0.4594415654609591, -1.4263560292870623, -0.6538860220991013, -1.3430157780132015, -1.2664365440998837]",True
B6_leave_N_0.07_M0_6,B6,M0_6,leave_N,0,0,20270926,7,"[4.7505579521468135, -8.819810120535843, -3.780119838496784, 0.24968890937793198, -0.6518670735847767]",True,2,`ftol` termination condition is satisfied.,32,0.017365728598986524,"[-0.45944156342086023, -1.4263560292526194, -0.6538860213268188, -1.343015778046528, -1.2664365359522114]",True
B6_leave_N_0.07_M0_6,B6,M0_6,leave_N,0,0,20270926,8,"[-8.075814913314028, -1.1672868032615291, -15.300583573915745, -8.187500427021922, -7.47411588436259]",True,2,`ftol` termination condition is satisfied.,82,0.017365728598986527,"[-0.45944156578353906, -1.4263560292371886, -0.653886022218227, -1.3430157780629908, -1.266436545313864]",True
B6_leave_N_0.07_M0_6,B6,M0_6,leave_N,0,0,20270926,9,"[-6.100629248111504, -16.96318055435932, -4.873974547815399, -5.280956196971847, -0.13116280135091785]",True,2,`ftol` termination condition is satisfied.,29,0.017365728598986524,"[-0.45944156167280237, -1.4263560297677809, -0.6538860207397981, -1.3430157775364997, -1.2664365297430384]",True
B6_leave_N_0.07_M0_6,B6,M0_6,leave_N,0,0,20270926,10,"[3.8765686871725187, 3.8791317698576115, -16.171301967573896, -1.7586852258798844, -7.987199829825722]",True,2,`ftol` termination condition is satisfied.,41,0.017365728598986527,"[-0.4594415665722846, -1.4263560290440491, -0.6538860224865713, -1.3430157782532193, -1.2664365481697926]",True
B6_leave_N_0.07_M0_6,B6,M0_6,leave_N,0,0,20270926,11,"[-3.017608524871026, -8.19072493574701, 3.9709799076185313, -7.840642799750254, -4.819737995784413]",True,2,`ftol` termination condition is satisfied.,73,0.017365728598986524,"[-0.45944156493179533, -1.4263560291165946, -0.6538860218767257, -1.3430157781806928, -1.266436541757651]",True
B6_leave_N_0.07_M0_6,B6,M0_6,leave_N,0,0,20270926,12,"[-15.835658531439625, -4.80159508756393, -7.193275521764139, 0.4104140474920772, -3.306154863189162]",True,2,`ftol` termination condition is satisfied.,130,0.017365728598986524,"[-0.45944156618177845, -1.4263560285004047, -0.653886022266264, -1.3430157787919808, -1.2664365458501896]",True
B6_leave_N_0.07_M0_6,B6,M0_6,leave_N,0,0,20270926,13,"[-13.511316227399796, -10.892537907782039, -12.423236367623705, -0.3426605764157902, -2.025873599428243]",True,2,`ftol` termination condition is satisfied.,103,0.017365728598986524,"[-0.4594415654569385, -1.4263560292878272, -0.6538860221000279, -1.343015778013844, -1.2664365440870426]",True
B6_leave_N_0.07_M0_6,B6,M0_6,leave_N,0,0,20270926,14,"[-0.689987239636018, -2.171511999945933, -0.791664402173879, -6.398370962051649, -6.100655068391929]",True,2,`ftol` termination condition is satisfied.,40,0.01736572859898652,"[-0.45944156474418735, -1.4263560292021527, -0.6538860218200321, -1.3430157780966712, -1.266436541136065]",True
B6_leave_N_0.07_M0_6,B6,M0_6,leave_N,0,0,20270926,15,"[0.8362779399715414, -14.227285539699917, -9.85614827272353, -3.240800989890614, -6.873979116907528]",True,2,`ftol` termination condition is satisfied.,29,0.017365728598986524,"[-0.45944156797054375, -1.4263560291170239, -0.6538860230267926, -1.3430157781816865, -1.2664365538281275]",True
B6_leave_N_0.07_M0_6,B6,M0_6,leave_N,0,0,20270926,16,"[-9.138331330417355, 1.2608802739262117, 1.6417076675590359, -4.4880336676173656, -1.2438562789492913]",True,2,`ftol` termination condition is satisfied.,68,0.017365728598986527,"[-0.45944156499996014, -1.4263560292737314, -0.6538860219255924, -1.3430157780272718, -1.2664365422524166]",True
B6_leave_N_0.07_M0_6,B6,M0_6,leave_N,0,0,20270926,17,"[-9.428707311267118, -13.230507271282104, -17.12105389230941, -0.2904745206957067, -4.199618903124208]",True,2,`ftol` termination condition is satisfied.,31,0.017365728598986524,"[-0.45944156506426614, -1.4263560291222808, -0.6538860219287644, -1.3430157781766554, -1.2664365422926986]",True
B6_leave_N_0.07_M0_6,B6,M0_6,leave_N,0,0,20270926,18,"[0.5485116842263338, 0.12056631801617357, -5.511721508011847, -8.541421657515691, -3.328959256300828]",True,2,`ftol` termination condition is satisfied.,19,0.017365728598986527,"[-0.45944156497751976, -1.4263560291532167, -0.6538860219012889, -1.3430157781454994, -1.266436541993124]",True
B6_leave_N_0.07_M0_6,B6,M0_6,leave_N,0,0,20270926,19,"[-1.114276897416893, -10.51047861927818, -8.201130526217044, -2.2359095221961507, 0.6551443458592807]",True,2,`ftol` termination condition is satisfied.,30,0.017365728598986524,"[-0.4594415651187844, -1.4263560291859143, -0.6538860219567719, -1.3430157781128975, -1.2664365425983939]",True
B6_leave_N_0.07_M0_6,B6,M0_6,leave_N,0,0,20270926,20,"[-13.932304485052882, -2.5018204094798637, 3.363487636664349, -5.758362965026831, -8.178518365820215]",True,2,`ftol` termination condition is satisfied.,97,0.017365728598986527,"[-0.4594415608635658, -1.4263560300064584, -0.6538860204666539, -1.3430157773002034, -1.2664365268676168]",True
B6_leave_N_0.07_M0_6,B6,M0_6,leave_N,0,0,20270926,21,"[-16.972962045054704, -7.857443979557052, -0.36121444206589004, -4.890898421086339, -6.906914457484692]",True,2,`ftol` termination condition is satisfied.,94,0.017365728598986524,"[-0.4594415661231787, -1.426356030254012, -0.653886022480588, -1.3430157770552216, -1.2664365480988335]",True
B6_leave_N_0.07_M0_6,B6,M0_6,leave_N,0,0,20270926,22,"[-4.151611997081503, -5.1806709596262515, -11.591736160083524, -3.6435560329372425, -0.6158231851818616]",True,2,`ftol` termination condition is satisfied.,27,0.01736572859898652,"[-0.4594415696907999, -1.426356029012833, -0.653886023661933, -1.3430157782806107, -1.2664365605104646]",True
B6_leave_N_0.07_M0_6,B6,M0_6,leave_N,0,0,20270926,23,"[2.8731776616057623, -15.825807215110371, 2.103099830842762, -7.173623052221213, -2.2255789429744475]",True,2,`ftol` termination condition is satisfied.,24,0.017365728598986527,"[-0.45944156841266987, -1.4263560290805661, -0.6538860231888244, -1.3430157782178365, -1.2664365555323098]",True
B6_leave_N_0.07_M0_6,B6,M0_6,leave_N,0,0,20270926,24,"[-7.101409189850521, 2.879423754564211, -9.08343865883421, -1.1180951383240743, -5.303525883322624]",True,2,`ftol` termination condition is satisfied.,89,0.017365728598986524,"[-0.45944156490580973, -1.4263560293016697, -0.6538860218964876, -1.34301577800023, -1.2664365419205612]",True
B6_leave_N_0.07_M0_6,B6,M0_6,leave_N,0,0,20270926,25,"[-7.786353692851042, -9.911198492506411, 0.6196828786522168, -2.8496526824591584, -2.7299849645644008]",True,2,`ftol` termination condition is satisfied.,89,0.017365728598986527,"[-0.4594415627864147, -1.4263560305204268, -0.6538860212588925, -1.3430157767905142, -1.2664365352272386]",True
B6_leave_N_0.07_M0_6,B6,M0_6,leave_N,0,0,20270926,26,"[5.037760677449519, -0.12158295090424431, -10.967036275616195, -3.9850973144814112, -4.792770584207355]",True,2,`ftol` termination condition is satisfied.,32,0.017365728598986527,"[-0.4594415648970337, -1.426356029188773, -0.6538860218754134, -1.3430157781105163, -1.266436541723595]",True
B6_leave_N_0.07_M0_6,B6,M0_6,leave_N,0,0,20270926,27,"[-4.702985178934361, -12.180389160815356, -2.6121347205675445, -0.8828259250007013, -7.585366684737069]",True,2,`ftol` termination condition is satisfied.,92,0.017365728598986524,"[-0.45944156477938447, -1.4263560292486133, -0.6538860218404576, -1.3430157780530327, -1.2664365413424175]",True
B6_leave_N_0.07_M0_6,B6,M0_6,leave_N,0,0,20270926,28,"[-14.674814501679226, 2.23918701904471, -14.15483803713877, -6.752293968944745, 0.05617005412285181]",True,2,`ftol` termination condition is satisfied.,92,0.01736572859898653,"[-0.45944156620786136, -1.4263560292306494, -0.6538860223764769, -1.3430157780697451, -1.2664365469887926]",True
B6_leave_N_0.07_M0_6,B6,M0_6,leave_N,0,0,20270926,29,"[-11.633587806501748, -15.273128576263844, -6.1726502177416585, -7.7847448155275085, -1.2147969084705048]",True,2,`ftol` termination condition is satisfied.,93,0.017365728598986524,"[-0.4594415670024998, -1.4263560293281325, -0.6538860226897216, -1.3430157779722107, -1.2664365502823942]",True
B6_leave_N_0.07_M0_6,B6,M0_6,leave_N,0,0,20270926,30,"[-1.6647405839353322, 5.2130434205363265, 5.080484730305123, 0.6525530943991225, -6.313762207953761]",True,2,`ftol` termination condition is satisfied.,90,0.01736572859898653,"[-0.45944156499441263, -1.4263560293078785, -0.6538860219292465, -1.3430157779951104, -1.266436542279796]",True
B6_leave_N_0.07_M0_6,B6,M0_6,leave_N,0,0,20270926,31,"[2.7136584003529904, -6.853932791908299, -14.346654934098236, -5.485867243213558, -5.896678132853555]",True,2,`ftol` termination condition is satisfied.,40,0.017365728598986527,"[-0.4594415661869233, -1.4263560294065456, -0.6538860223890287, -1.3430157778945964, -1.2664365471516186]",True
B6_leave_N_0.07_M0_6,B6,M0_6,leave_N,0,0,20270926,32,"[-10.112736884040466, -3.1086626163084645, -3.1382015981110953, -1.8518069474095835, -1.6266052196858043]",True,2,`ftol` termination condition is satisfied.,105,0.017365728598986524,"[-0.459441565307992, -1.426356029151709, -0.6538860220281356, -1.3430157781471141, -1.2664365433053881]",True
B6_leave_N_0.07_MQ-add,B6,MQ-add,leave_N,0,0,20370926,0,"[-1.0498138552281342, -1.5703189325520803, -0.3697034737593678, -1.2763503266496101, -2.3066169576643176, 0.20612303124888962]",True,2,`ftol` termination condition is satisfied.,25,0.007352713890841415,"[-0.5187234420690366, -1.4263560292529265, -0.6538860221106896, -1.3430157780469785, -1.2664365441978418, -2.0414220438139656]",True
B6_leave_N_0.07_MQ-add,B6,MQ-add,leave_N,0,0,20370926,1,"[-10.03885246801714, -10.524013646472435, -10.987507818219193, -8.588749882820188, -7.940052353152598, 0.04994621322359194]",True,2,`ftol` termination condition is satisfied.,58,0.0073527138908414235,"[-0.5187234437671056, -1.4263560292632609, -0.6538860227158505, -1.3430157780374299, -1.2664365505692705, -2.041422043823369]",True
B6_leave_N_0.07_MQ-add,B6,MQ-add,leave_N,0,0,20370926,2,"[-1.111611252361108, -0.2118845856858016, 0.41092176940775715, -2.7369150891411813, -3.2368192973863756, -13.33131245198358]",True,2,`ftol` termination condition is satisfied.,51,0.00735271389084142,"[-0.5187234414749771, -1.4263560290941886, -0.6538860218741539, -1.3430157782033794, -1.2664365417479868, -2.041422043819563]",True
B6_leave_N_0.07_MQ-add,B6,MQ-add,leave_N,0,0,20370926,3,"[0.5569186141158724, -11.774281554604457, -12.703552786585501, -4.4658709188240815, -0.26518908393803997, -10.804774219306578]",True,2,`ftol` termination condition is satisfied.,34,0.0073527138908414235,"[-0.518723442122851, -1.4263560290890898, -0.6538860221081981, -1.3430157782094878, -1.266436544169606, -2.041422043822612]",True
B6_leave_N_0.07_MQ-add,B6,MQ-add,leave_N,0,0,20370926,4,"[-11.708813154931999, 0.686396654277349, -1.3068637233632483, 0.1439192157683955, -5.100090563056611, -1.7863605971454444]",True,2,`ftol` termination condition is satisfied.,95,0.00735271389084142,"[-0.51872343774668, -1.4263560297537756, -0.6538860206448727, -1.3430157775502636, -1.2664365287362063, -2.041422043820407]",True
B6_leave_N_0.07_MQ-add,B6,MQ-add,leave_N,0,0,20370926,5,"[-14.73227637020181, -14.487758889223628, 3.603634147604655, -0.48539372930310165, -5.450272277566196, 2.8000579519770668]",True,2,`ftol` termination condition is satisfied.,105,0.007352713890841422,"[-0.518723440711392, -1.4263560295635114, -0.6538860216677581, -1.3430157777391736, -1.266436539556706, -2.0414220438230086]",True
B6_leave_N_0.07_MQ-add,B6,MQ-add,leave_N,0,0,20370926,6,"[2.87632556847333, 3.6614009433328505, -7.793927385745127, -6.071787886556173, -0.6600468329130997, -16.103511594892186]",True,2,`ftol` termination condition is satisfied.,61,0.0073527138908414235,"[-0.5187234412351163, -1.4263560291471908, -0.6538860218015734, -1.3430157781516352, -1.2664365409314422, -2.041422043825752]",True
B6_leave_N_0.07_MQ-add,B6,MQ-add,leave_N,0,0,20370926,7,"[-4.132097590044728, -7.5441416466733, -3.115993203902022, -2.3963196158899107, -2.5450595476305775, -8.034052433105062]",True,2,`ftol` termination condition is satisfied.,59,0.007352713890841421,"[-0.5187234405757712, -1.4263560297055258, -0.6538860216419712, -1.343015777598828, -1.2664365392536159, -2.04142204382576]",True
B6_leave_N_0.07_MQ-add,B6,MQ-add,leave_N,0,0,20370926,8,"[-7.716772990067753, -2.9190988008465677, -14.514594160491143, -6.694119990850146, -7.290639103314751, -4.534994979191831]",True,2,`ftol` termination condition is satisfied.,91,0.00735271389084142,"[-0.518723441840104, -1.4263560292024586, -0.6538860220245879, -1.343015778098336, -1.266436543273021, -2.0414220438205493]",True
B6_leave_N_0.07_MQ-add,B6,MQ-add,leave_N,0,0,20370926,9,"[-6.440441841430031, -13.27284342989739, -5.103398376261513, -5.304297364667709, -3.83403492714453, -1.1703765185625308]",True,2,`ftol` termination condition is satisfied.,97,0.007352713890841421,"[-0.5187234481756992, -1.426356028842629, -0.6538860242270687, -1.3430157784469938, -1.26643656646753, -2.0414220438064232]",True
B6_leave_N_0.07_MQ-add,B6,MQ-add,leave_N,0,0,20370926,10,"[-5.439122125674263, 2.7609498224373823, -16.500910825736106, -1.2534642100433677, -8.53492171468158, -9.286595480756425]",True,2,`ftol` termination condition is satisfied.,83,0.007352713890841421,"[-0.5187234427092583, -1.4263560291165527, -0.6538860223214312, -1.3430157781824954, -1.2664365464043836, -2.0414220438247765]",True
B6_leave_N_0.07_MQ-add,B6,MQ-add,leave_N,0,0,20370926,11,"[4.338831685869938, -8.82562095501282, 4.566893394319404, -7.117586624317031, -4.50518506956535, -12.347276501929677]",True,2,`ftol` termination condition is satisfied.,44,0.007352713890841421,"[-0.5187234414035636, -1.42635602920803, -0.6538860218684098, -1.3430157780924066, -1.2664365416469312, -2.041422043826235]",True
B6_leave_N_0.07_MQ-add,B6,MQ-add,leave_N,0,0,20370926,12,"[-16.208611402372373, -2.0410421555468723, -6.831658478394525, -1.973432941274826, 0.33206324623017913, 2.6250584814450484]",True,2,`ftol` termination condition is satisfied.,98,0.007352713890841423,"[-0.5187234414898101, -1.4263560291701107, -0.6538860218918456, -1.343015778128474, -1.2664365419127201, -2.0414220438196526]",True
B6_leave_N_0.07_MQ-add,B6,MQ-add,leave_N,0,0,20370926,13,"[-13.187929153788986, -6.106624656641641, -13.322112282512451, -3.793703041701673, -1.2572806885283336, -4.097012045425318]",True,2,`ftol` termination condition is satisfied.,87,0.00735271389084142,"[-0.5187234417744317, -1.4263560292714332, -0.6538860220115826, -1.3430157780287169, -1.266436543127501, -2.0414220438292165]",True
B6_leave_N_0.07_MQ-add,B6,MQ-add,leave_N,0,0,20370926,14,"[2.016645802910837, -5.032783027000097, -1.923731439079896, -7.5325464366937736, -6.045196245610443, -6.337524716602205]",True,2,`ftol` termination condition is satisfied.,57,0.00735271389084142,"[-0.5187234395567889, -1.4263560303165035, -0.6538860213600557, -1.34301577699261, -1.2664365363024133, -2.0414220438223496]",True
B6_leave_N_0.07_MQ-add,B6,MQ-add,leave_N,0,0,20370926,15,"[-2.4158568593890024, -16.25832678662536, -8.632440473183264, 0.2780884185632537, -6.695751835680569, -15.29765257446722]",True,2,`ftol` termination condition is satisfied.,82,0.00735271389084142,"[-0.5187234410993987, -1.4263560290310189, -0.653886021736652, -1.3430157782665395, -1.2664365402568079, -2.0414220438188826]",True
B6_leave_N_0.07_MQ-add,B6,MQ-add,leave_N,0,0,20370926,16,"[-8.759740352692994, 5.4848190966045465, 2.7641998458445975, -4.600624628053015, -1.9478618239776253, 5.552999316691157]",True,2,`ftol` termination condition is satisfied.,85,0.007352713890841419,"[-0.518723442913878, -1.4263560292563084, -0.6538860224103187, -1.3430157780442715, -1.2664365473622181, -2.041422043809002]",True
B6_leave_N_0.07_MQ-add,B6,MQ-add,leave_N,0,0,20370926,17,"[-9.885431220125298, -16.622314610888772, -16.368243501339958, -2.665324366630629, -4.718162380982475, -7.052029346534983]",True,2,`ftol` termination condition is satisfied.,41,0.007352713890841422,"[-0.518723441515409, -1.4263560291221244, -0.653886021890538, -1.3430157781755057, -1.2664365419366266, -2.0414220438174526]",True
B6_leave_N_0.07_MQ-add,B6,MQ-add,leave_N,0,0,20370926,18,"[-1.9829179731599567, 4.375406221263738, -4.971603776753492, -6.425112824206343, 0.09799488773286846, -3.3825074154925385]",True,2,`ftol` termination condition is satisfied.,65,0.007352713890841419,"[-0.5187234424372289, -1.4263560292685642, -0.653886022244484, -1.3430157780326129, -1.2664365456006939, -2.0414220438232755]",True
B6_leave_N_0.07_MQ-add,B6,MQ-add,leave_N,0,0,20370926,19,"[2.140587598059753, -6.833438872832787, -6.076047822623357, -0.8520351069813081, -3.0050694064687917, 4.842754963316477]",True,2,`ftol` termination condition is satisfied.,29,0.0073527138908414235,"[-0.5187234430897489, -1.4263560291626074, -0.6538860224620268, -1.3430157781360126, -1.266436547892474, -2.041422043824107]",True
B6_leave_N_0.07_MQ-add,B6,MQ-add,leave_N,0,0,20370926,20,"[-13.99932119225894, -5.058700183532961, 5.322335143814179, -5.7051440929748845, -7.724720157969572, -14.587408221092538]",True,2,`ftol` termination condition is satisfied.,119,0.007352713890841421,"[-0.5187234394247215, -1.4263560296134148, -0.6538860212182327, -1.3430157776906677, -1.2664365348125521, -2.041422043818226]",True
B6_leave_N_0.07_MQ-add,B6,MQ-add,leave_N,0,0,20370926,21,"[-16.666560476175793, -9.808426687369625, -2.501080457323331, -4.173592601263832, -6.928220511057245, -10.002380707294533]",True,2,`ftol` termination condition is satisfied.,116,0.007352713890841425,"[-0.5187234419347001, -1.426356029157684, -0.6538860220508188, -1.343015778141504, -1.2664365435634213, -2.0414220438253867]",True
B6_leave_N_0.07_MQ-add,B6,MQ-add,leave_N,0,0,20370926,22,"[5.528579388192014, -2.3452393234324536, -13.899634453042243, -0.14836123347104468, -2.1624385342914945, -0.45459129202442483]",True,2,`ftol` termination condition is satisfied.,35,0.007352713890841423,"[-0.5187234427461488, -1.4263560290752562, -0.6538860223309777, -1.3430157782221903, -1.2664365464859215, -2.0414220438258996]",True
B6_leave_N_0.07_MQ-add,B6,MQ-add,leave_N,0,0,20370926,23,"[-4.647264620328315, -13.915116870246667, 1.3857707338514693, -8.245384061528759, -0.4454773170165005, 1.916143638710487]",True,2,`ftol` termination condition is satisfied.,22,0.00735271389084142,"[-0.5187234411989048, -1.4263560292045419, -0.6538860217974051, -1.3430157780952912, -1.2664365408763492, -2.0414220438186406]",True
B6_leave_N_0.07_MQ-add,B6,MQ-add,leave_N,0,0,20370926,24,"[-6.494851147238803, 1.3955506959832675, -10.011741121181725, -3.0802830421118026, -5.217832823958425, -11.638361659195116]",True,2,`ftol` termination condition is satisfied.,71,0.007352713890841421,"[-0.5187234417367951, -1.4263560292098432, -0.653886021988539, -1.3430157780890721, -1.266436542897015, -2.041422043822974]",True
B6_leave_N_0.07_MQ-add,B6,MQ-add,leave_N,0,0,20370926,25,"[-8.063101425357779, -8.2406743388392, 0.902181534435325, 0.6191280094099039, 0.69519232716193, -16.81790548888509]",True,2,`ftol` termination condition is satisfied.,84,0.00735271389084142,"[-0.5187234404761965, -1.4263560293397837, -0.6538860215544144, -1.3430157779610663, -1.2664365383584548, -2.0414220438136423]",True
B6_leave_N_0.07_MQ-add,B6,MQ-add,leave_N,0,0,20370926,26,"[-3.098582503732267, -4.316501293286777, -10.496421545158777, -4.941662087220474, -4.123274829124401, 3.514451845969969]",True,2,`ftol` termination condition is satisfied.,23,0.007352713890841418,"[-0.5187234413322308, -1.426356027893763, -0.6538860216690081, -1.3430157793926627, -1.2664365395212762, -2.041422043817421]",True
B6_leave_N_0.07_MQ-add,B6,MQ-add,leave_N,0,0,20370926,27,"[4.13537885336304, -15.54986785921075, -0.19191604665326167, -3.503750954586204, -8.319643841789928, -5.245301154471598]",True,2,`ftol` termination condition is satisfied.,75,0.007352713890841422,"[-0.5187234412666779, -1.4263560292427444, -0.6538860218230981, -1.3430157780580316, -1.2664365411804244, -2.0414220438164836]",True
B6_leave_N_0.07_MQ-add,B6,MQ-add,leave_N,0,0,20370926,28,"[-15.298314081589657, 3.344679065094045, -11.589476985561651, -7.822496392130052, -3.602303546307918, -7.323746257825295]",True,2,`ftol` termination condition is satisfied.,108,0.0073527138908414166,"[-0.5187234464094161, -1.4263560284845083, -0.6538860235489121, -1.3430157788020267, -1.2664365593518585, -2.041422043817306]",True
B6_leave_N_0.07_MQ-add,B6,MQ-add,leave_N,0,0,20370926,29,"[-12.633859840528796, -12.558143122595393, -8.01754972093619, -7.4819020557743485, -1.565186488347167, -14.047208414461565]",True,2,`ftol` termination condition is satisfied.,117,0.007352713890841422,"[-0.5187234426702656, -1.4263560286457575, -0.6538860222421436, -1.3430157786489991, -1.2664365455894717, -2.04142204381953]",True
B6_leave_N_0.07_MQ-add,B6,MQ-add,leave_N,0,0,20370926,30,"[0.744601341013194, 0.6256989015607317, 3.379138747844671, -1.6091199257205906, -6.333314733342091, 0.7658421757015788]",True,2,`ftol` termination condition is satisfied.,47,0.007352713890841422,"[-0.5187234414680755, -1.4263560291128947, -0.6538860218788698, -1.3430157781841097, -1.2664365417545398, -2.0414220438293733]",True
B6_leave_N_0.07_MQ-add,B6,MQ-add,leave_N,0,0,20370926,31,"[-0.4314501343463242, -10.964527478168502, -15.539954211455216, -5.57097616918754, -5.812701901263512, -2.4952136179749207]",True,2,`ftol` termination condition is satisfied.,41,0.007352713890841418,"[-0.5187234442679028, -1.426356029217331, -0.6538860228875079, -1.3430157780825922, -1.2664365523775711, -2.0414220438199058]",True
B6_leave_N_0.07_MQ-add,B6,MQ-add,leave_N,0,0,20370926,32,"[-11.450896455388282, -1.3310340713966706, -4.141522500823285, -0.9867878214266188, -1.0426932309985455, -10.0959211984771]",True,2,`ftol` termination condition is satisfied.,77,0.007352713890841425,"[-0.5187234414361799, -1.4263560291771689, -0.6538860218750242, -1.3430157781219583, -1.266436541723749, -2.0414220438224775]",True
B6_leave_N_0.07_MQ-eff,B6,MQ-eff,leave_N,0,0,20470926,0,"[-1.0498138552281342, -1.5703189325520803, -0.3697034737593678, -1.2763503266496101, -2.3066169576643176, -1.146040733446924]",True,2,`ftol` termination condition is satisfied.,26,0.017365735571496888,"[-0.4594415583418002, -1.42635602922637, -0.6538859833996207, -1.3430157780739047, -1.2664365533799518, -13.815510557964272]",True
B6_leave_N_0.07_MQ-eff,B6,MQ-eff,leave_N,0,0,20470926,1,"[-1.91867677651752, 4.051963248931745, -17.13622569265487, -5.883496272838423, -3.9665816644974026, -12.576246061030046]",True,2,`ftol` termination condition is satisfied.,89,0.017365735571496906,"[-0.4594415590676254, -1.4263560291051762, -0.6538859836594348, -1.343015778193539, -1.2664365560926605, -13.815510557964272]",True
B6_leave_N_0.07_MQ-eff,B6,MQ-eff,leave_N,0,0,20470926,2,"[-11.244277882771964, -12.77138761499154, 0.419844334747399, 0.575402606161493, -2.2411823194941833, 0.5305946988794474]",True,2,`ftol` termination condition is satisfied.,88,0.017365735571496906,"[-0.45944155854960583, -1.426356029127576, -0.6538859834653709, -1.343015778169068, -1.266436554065811, -13.815510557964272]",True
B6_leave_N_0.07_MQ-eff,B6,MQ-eff,leave_N,0,0,20470926,3,"[-11.542999672197826, -1.1214995726672043, -9.135279850436085, -8.476365428806133, -0.37164182085223985, -3.906827479327644]",True,2,`ftol` termination condition is satisfied.,92,0.017365735571496906,"[-0.45944155823811156, -1.4263560291603934, -0.6538859833533671, -1.3430157781381855, -1.2664365528763357, -13.815510557964272]",True
B6_leave_N_0.07_MQ-eff,B6,MQ-eff,leave_N,0,0,20470926,4,"[1.9249917714954492, -7.619490872444267, -2.9622256302074153, -1.896502353509705, -8.183397948245544, -8.77810266992504]",True,2,`ftol` termination condition is satisfied.,44,0.0173657355714969,"[-0.45944155818125365, -1.4263560292592115, -0.6538859833400014, -1.3430157780416556, -1.2664365527859054, -13.815510557964272]",True
B6_leave_N_0.07_MQ-eff,B6,MQ-eff,leave_N,0,0,20470926,5,"[2.8055070688651575, -5.590161255825709, 3.0657912586449427, -3.2894933655291716, -7.0753155858424295, -9.139093676792502]",True,2,`ftol` termination condition is satisfied.,52,0.0173657355714969,"[-0.4594415582127941, -1.4263560292570112, -0.6538859833510293, -1.3430157780437484, -1.2664365529074388, -13.815510557964272]",True
B6_leave_N_0.07_MQ-eff,B6,MQ-eff,leave_N,0,0,20470926,6,"[-16.31924915326911, -8.716952439847523, -13.727349074539706, -7.345624497911987, 0.6059067399757332, 1.9385890895670705]",True,2,`ftol` termination condition is satisfied.,116,0.017365735571496902,"[-0.45944155831502514, -1.4263560290220891, -0.6538859833587294, -1.3430157782752088, -1.2664365529816664, -13.815510557964272]",True
B6_leave_N_0.07_MQ-eff,B6,MQ-eff,leave_N,0,0,20470926,7,"[-6.804733934767503, 2.43205588620296, -0.6646334224752088, -0.3782565723747613, -3.517488845354224, -2.350324492190312]",True,2,`ftol` termination condition is satisfied.,109,0.01736573557149689,"[-0.4594415582764637, -1.4263560290826807, -0.6538859833573875, -1.3430157782134733, -1.2664365529185666, -13.815510557963561]",True
B6_leave_N_0.07_MQ-eff,B6,MQ-eff,leave_N,0,0,20470926,8,"[-3.130332276773226, -16.716213019481305, -6.0897144336664155, -4.592533644280986, -5.373130946667089, -5.20801468370693]",True,2,`ftol` termination condition is satisfied.,30,0.01736573557149691,"[-0.4594415581601416, -1.4263560292643993, -0.653885983332999, -1.3430157780350087, -1.2664365527095331, -13.815510557964272]",True
B6_leave_N_0.07_MQ-eff,B6,MQ-eff,leave_N,0,0,20470926,9,"[-5.61009833192441, -1.8630826003980712, -2.8723867043617517, -6.660044308489944, -1.5995720280417212, -7.267417123237733]",True,2,`ftol` termination condition is satisfied.,67,0.0173657355714969,"[-0.45944155829658995, -1.4263560291882882, -0.6538859833742983, -1.343015778111134, -1.2664365531437187, -13.815510557964211]",True
B6_leave_N_0.07_MQ-eff,B6,MQ-eff,leave_N,0,0,20470926,10,"[-7.814424510558162, -6.766606336308945, -8.156227208747103, -3.7122418984507064, -4.647478785669506, -4.420331655242075]",True,2,`ftol` termination condition is satisfied.,100,0.017365735571496895,"[-0.4594415581910906, -1.4263560292515085, -0.6538859833465112, -1.3430157780479617, -1.2664365528173291, -13.815510557952745]",True
B6_leave_N_0.07_MQ-eff,B6,MQ-eff,leave_N,0,0,20470926,11,"[-15.219730457728144, 4.356662465035544, 5.139863757246928, -4.198036308965085, -7.504244824875283, 0.015991191233258206]",True,3,`xtol` termination condition is satisfied.,102,0.017365735571496895,"[-0.45944156681027704, -1.4263560289755484, -0.653885986566145, -1.3430157783210672, -1.2664365866592218, -13.815510557964272]",True
B6_leave_N_0.07_MQ-eff,B6,MQ-eff,leave_N,0,0,20470926,12,"[5.373535654972493, -13.009308643499043, -11.527340472368525, -1.1106399633986426, -1.0150006576888169, -11.064476398275088]",True,2,`ftol` termination condition is satisfied.,40,0.0173657355714969,"[-0.45944155920557633, -1.4263560289246786, -0.6538859836780911, -1.3430157783718915, -1.266436556377141, -13.815510557964272]",True
B6_leave_N_0.07_MQ-eff,B6,MQ-eff,leave_N,0,0,20470926,13,"[0.8866408832042367, 0.32140214351143115, -11.164871785550257, 0.17158103960580107, 0.09468190299073775, -6.7197810180353645]",True,3,`xtol` termination condition is satisfied.,28,0.01736573557149689,"[-0.45944155131845194, -1.4263560292353337, -0.653885980762307, -1.3430157780649299, -1.266436525517146, -13.815510557964272]",True
B6_leave_N_0.07_MQ-eff,B6,MQ-eff,leave_N,0,0,20470926,14,"[-13.960724133708643, -14.716870975618141, -5.206714795866411, -5.141789751942333, -6.524805020505374, -1.8357395286347558]",True,2,`ftol` termination condition is satisfied.,97,0.0173657355714969,"[-0.4594415676233127, -1.4263560289323536, -0.653885986863601, -1.343015778356696, -1.2664365898190801, -13.815510557964272]",True
B6_leave_N_0.07_MQ-eff,B6,MQ-eff,leave_N,0,0,20470926,15,"[-8.736725301510843, -3.048199816553236, -14.883991932200717, -2.572777603388632, -5.921892966620029, 2.4520823292229235]",True,2,`ftol` termination condition is satisfied.,86,0.01736573557149689,"[-0.45944155823865274, -1.4263560291724011, -0.6538859833532541, -1.3430157781245302, -1.266436552893696, -13.815510557865323]",True
B6_leave_N_0.07_MQ-eff,B6,MQ-eff,leave_N,0,0,20470926,16,"[-0.7920633572701554, -11.325703615863393, 2.4418766312604703, -8.062922936795298, -3.0045200105673855, -10.649753071557123]",True,2,`ftol` termination condition is satisfied.,68,0.01736573557149692,"[-0.4594415582995423, -1.4263560292321662, -0.6538859833844347, -1.3430157780680398, -1.2664365532203161, -13.815510557963174]",True
B6_leave_N_0.07_MQ-eff,B6,MQ-eff,leave_N,0,0,20470926,17,"[-0.08557213702339439, -4.284861704204397, -7.7075861955280125, -0.7729435472006614, -8.658907361944912, -1.0835291018306439]",True,2,`ftol` termination condition is satisfied.,85,0.01736573557149691,"[-0.45944155822330723, -1.4263560292363742, -0.6538859833629016, -1.34301577806435, -1.2664365529293866, -13.81551055796417]",True
B6_leave_N_0.07_MQ-eff,B6,MQ-eff,leave_N,0,0,20470926,18,"[-9.415392588299877, -10.06677191546902, -1.5288989212595858, -4.8381326108003755, -0.8285789085471196, -6.178774113193541]",True,2,`ftol` termination condition is satisfied.,83,0.01736573557149691,"[-0.4594415596171242, -1.4263560292437207, -0.6538859838890639, -1.343015778057753, -1.266436558473791, -13.815510557964272]",True
B6_leave_N_0.07_MQ-eff,B6,MQ-eff,leave_N,0,0,20470926,19,"[-13.263363533289791, 0.8931891010017168, -12.864993983018708, -2.9367714799220375, -2.6794652247036517, -10.218918867728389]",True,2,`ftol` termination condition is satisfied.,88,0.0173657355714969,"[-0.45944155822921473, -1.4263560292557511, -0.6538859833535232, -1.3430157780455316, -1.2664365529675643, -13.815510557964272]",True
B6_leave_N_0.07_MQ-eff,B6,MQ-eff,leave_N,0,0,20470926,20,"[0.20597355588147082, -15.221866158280246, 4.685573427769917, -7.141845097978614, -4.386219482386007, 2.5977315992623]",True,2,`ftol` termination condition is satisfied.,70,0.01736573557149691,"[-0.45944155834634487, -1.4263560292032773, -0.6538859833980802, -1.3430157780963194, -1.266436553365132, -13.815510557964272]",True
B6_leave_N_0.07_MQ-eff,B6,MQ-eff,leave_N,0,0,20470926,21,"[4.623304417835847, 5.596278514119586, -4.936254109084231, -8.088736372724496, -5.512201128617151, -4.490013512671242]",True,2,`ftol` termination condition is satisfied.,57,0.017365735571496902,"[-0.45944155813596416, -1.4263560292562731, -0.6538859833211709, -1.3430157780438605, -1.2664365526006265, -13.81551055796409]",True
B6_leave_N_0.07_MQ-eff,B6,MQ-eff,leave_N,0,0,20470926,22,"[-14.497323154049223, -14.271199260857458, -10.355750895350276, -1.6578156409898819, -3.63795032064161, -7.61842555488128]",True,2,`ftol` termination condition is satisfied.,119,0.017365735571496885,"[-0.4594415634506666, -1.4263560303197136, -0.6538859854735368, -1.3430157769898439, -1.2664365752115427, -13.815510557964272]",True
B6_leave_N_0.07_MQ-eff,B6,MQ-eff,leave_N,0,0,20470926,23,"[-8.557090376980254, -2.431916075817071, 1.638399622425652, -6.238619210829931, 0.42953728821939663, -11.806090066007421]",True,2,`ftol` termination condition is satisfied.,84,0.017365735571496926,"[-0.45944155823564886, -1.4263560292892699, -0.6538859833741527, -1.3430157780141307, -1.2664365530527715, -13.81551055796422]",True
B6_leave_N_0.07_MQ-eff,B6,MQ-eff,leave_N,0,0,20470926,24,"[-4.884125738598401, -6.264570749972476, -15.160281456542121, 0.3693675343645495, -7.233003569619716, -0.9406990982109438]",True,2,`ftol` termination condition is satisfied.,37,0.017365735571496895,"[-0.459441558223305, -1.4263560291867348, -0.6538859833528746, -1.343015778112725, -1.2664365528560946, -13.815510557962336]",True
B6_leave_N_0.07_MQ-eff,B6,MQ-eff,leave_N,0,0,20470926,25,"[-3.8799548059213453, 1.8212110719309678, 0.8575720833150342, -2.3689982034552592, -1.5254809790704895, 1.1171207636622213]",True,3,`xtol` termination condition is satisfied.,79,0.01736573557149689,"[-0.4594415582669072, -1.4263560292056106, -0.6538859833737646, -1.343015778094316, -1.2664365530576813, -13.81551055796066]",True
B6_leave_N_0.07_MQ-eff,B6,MQ-eff,leave_N,0,0,20470926,26,"[-6.08293533907711, -16.261188958252358, -15.80408596562454, -7.710201051188162, -7.996043678277904, -9.735474187237083]",True,2,`ftol` termination condition is satisfied.,55,0.017365735571496885,"[-0.45944155823316596, -1.4263560292703055, -0.6538859833657691, -1.343015778030629, -1.2664365530117574, -13.815510557957262]",True
B6_leave_N_0.07_MQ-eff,B6,MQ-eff,leave_N,0,0,20470926,27,"[-17.059741062589318, -4.403122656471407, -4.288878917922071, -0.074017926913589, -5.046170439606915, -5.696436372266047]",True,2,`ftol` termination condition is satisfied.,111,0.017365735571496906,"[-0.45944155855973645, -1.4263560291404336, -0.6538859834721882, -1.3430157781588137, -1.266436554125341, -13.815510557964272]",True
B6_leave_N_0.07_MQ-eff,B6,MQ-eff,leave_N,0,0,20470926,28,"[3.529305705089282, -10.015289830159901, -9.57830908212534, -5.536476726768232, -1.9796549753164543, -2.563048213531017]",True,2,`ftol` termination condition is satisfied.,30,0.0173657355714969,"[-0.45944155827283384, -1.4263560292136275, -0.6538859833827024, -1.3430157780867298, -1.2664365530975437, -13.8155105579611]",True
B6_leave_N_0.07_MQ-eff,B6,MQ-eff,leave_N,0,0,20470926,29,"[2.6293090346403254, -0.5132658422229497, -13.46780165240898, -4.404071380762028, -3.1086920461515195, 0.5388014693987984]",True,2,`ftol` termination condition is satisfied.,38,0.017365735571496895,"[-0.4594415582103507, -1.4263560292000952, -0.6538859833437612, -1.3430157780985412, -1.2664365528183528, -13.815510557964272]",True
B6_leave_N_0.07_MQ-eff,B6,MQ-eff,leave_N,0,0,20470926,30,"[-12.219493001884977, -8.071908605376633, 3.863564092773096, -1.4657629013901499, -6.0074199148832985, -12.288424478508395]",True,2,`ftol` termination condition is satisfied.,106,0.017365735571496902,"[-0.45944155895434036, -1.4263560290601873, -0.6538859836007641, -1.3430157782384073, -1.2664365555704122, -13.815510557964272]",True
B6_leave_N_0.07_MQ-eff,B6,MQ-eff,leave_N,0,0,20470926,31,"[-10.54752599034164, 2.862312886388107, -6.882191219565703, -6.421357595970122, -6.7406929622173966, -8.101844083449903]",True,2,`ftol` termination condition is satisfied.,103,0.0173657355714969,"[-0.4594415583113117, -1.4263560292151056, -0.653885983390345, -1.3430157780851897, -1.2664365532460113, -13.815510557964272]",True
B6_leave_N_0.07_MQ-eff,B6,MQ-eff,leave_N,0,0,20470926,32,"[-2.5987353958517616, -11.470444575744175, -0.9296618490288573, -3.324612842369068, -0.10263371271679489, -3.009413613329741]",True,2,`ftol` termination condition is satisfied.,35,0.017365735571496895,"[-0.45944155828680683, -1.4263560291769928, -0.6538859833708662, -1.3430157781226026, -1.2664365530903572, -13.815510557964272]",True
B6_leave_N_0.16_M0_6,B6,M0_6,leave_N,1,0,20270927,0,"[-1.0498138552281342, -1.5703189325520803, -0.3697034737593678, -1.2763503266496101, -2.3066169576643176]",True,2,`ftol` termination condition is satisfied.,26,0.01641207365408621,"[-0.4550989585905118, -1.4556422854330582, -0.6604549378346262, -1.306472774894795, -1.295571387847366]",True
B6_leave_N_0.16_M0_6,B6,M0_6,leave_N,1,0,20270927,1,"[4.820278560958435, 5.314849746697309, 1.6498079293788805, -5.879731913909668, -7.574898514505606]",True,2,`ftol` termination condition is satisfied.,31,0.01641207365408622,"[-0.45509895447467785, -1.4556422853825064, -0.6604549367637682, -1.3064727749365752, -1.2955713717993553]",True
B6_leave_N_0.16_M0_6,B6,M0_6,leave_N,1,0,20270927,2,"[-12.258428807110253, -15.904190490991704, -10.302028381653278, -3.2975018089065395, -1.934964187854578]",True,2,`ftol` termination condition is satisfied.,99,0.016412073654086215,"[-0.4550989542870652, -1.4556422853893163, -0.6604549367130221, -1.3064727749307892, -1.2955713710773067]",True
B6_leave_N_0.16_M0_6,B6,M0_6,leave_N,1,0,20270927,3,"[-8.865691442710986, -0.20035739045356493, -1.6561864236502686, -8.411282696218638, 0.18007912081126243]",True,2,`ftol` termination condition is satisfied.,121,0.016412073654086215,"[-0.45509895534383793, -1.45564228537863, -0.6604549369896823, -1.3064727749397937, -1.2955713751699613]",True
B6_leave_N_0.16_M0_6,B6,M0_6,leave_N,1,0,20270927,4,"[-3.1596761756480323, -10.366722202957943, -12.717530502778665, -0.4691757363807234, -6.095388817125411]",True,2,`ftol` termination condition is satisfied.,33,0.016412073654086215,"[-0.45509895533149425, -1.4556422854150206, -0.6604549369884494, -1.3064727749095426, -1.295571375168514]",True
B6_leave_N_0.16_M0_6,B6,M0_6,leave_N,1,0,20270927,5,"[-2.6988695159083793, -5.404433901437294, -7.996209572074731, -0.03985693297577875, -4.436105509551362]",True,2,`ftol` termination condition is satisfied.,18,0.016412073654086215,"[-0.4550989584600236, -1.4556422853975366, -0.6604549377976778, -1.306472774924012, -1.2955713872939623]",True
B6_leave_N_0.16_M0_6,B6,M0_6,leave_N,1,0,20270927,6,"[-8.390650459165954, -7.033466045730284, 5.020625904237317, -6.421979033746176, -0.5843624958588034]",True,2,`ftol` termination condition is satisfied.,52,0.016412073654086215,"[-0.4550989546532363, -1.4556422854224562, -0.6604549368103544, -1.3064727749033, -1.2955713725419957]",True
B6_leave_N_0.16_M0_6,B6,M0_6,leave_N,1,0,20270927,7,"[-16.306672684054416, 0.09968520529198699, -14.66366878921226, -2.2767914608081625, -3.8522000047216434]",True,2,`ftol` termination condition is satisfied.,124,0.016412073654086215,"[-0.4550989553581924, -1.4556422854287878, -0.6604549369950031, -1.3064727748977243, -1.2955713752888522]",True
B6_leave_N_0.16_M0_6,B6,M0_6,leave_N,1,0,20270927,8,"[0.8080085788384821, -12.559846643023246, -5.386684921653657, -4.481819654018692, -7.147355435394458]",True,2,`ftol` termination condition is satisfied.,41,0.016412073654086215,"[-0.45509895547485363, -1.4556422853929385, -0.6604549370243298, -1.3064727749286995, -1.2955713756970275]",True
B6_leave_N_0.16_M0_6,B6,M0_6,leave_N,1,0,20270927,9,"[2.327701402081914, -2.6994668658202503, -16.164590278392776, -6.916806070669061, -2.6184259500249434]",True,2,`ftol` termination condition is satisfied.,26,0.01641207365408621,"[-0.4550989575216248, -1.4556422854044113, -0.6604549375567799, -1.3064727749184475, -1.295571383660658]",True
B6_leave_N_0.16_M0_6,B6,M0_6,leave_N,1,0,20270927,10,"[-14.753783535865226, -10.027831609473186, -3.907938007212845, 0.4104765412203495, -8.307210369928647]",True,2,`ftol` termination condition is satisfied.,113,0.016412073654086208,"[-0.4550989552889848, -1.4556422854199593, -0.6604549369783602, -1.3064727749052056, -1.2955713750103985]",True
B6_leave_N_0.16_M0_6,B6,M0_6,leave_N,1,0,20270927,11,"[-7.082699019561144, 2.826913901313109, -6.625464167093872, -4.982549204036522, -5.595887593949213]",True,2,`ftol` termination condition is satisfied.,119,0.016412073654086215,"[-0.4550989553460296, -1.455642285419154, -0.6604549369919746, -1.3064727749061265, -1.2955713752299296]",True
B6_leave_N_0.16_M0_6,B6,M0_6,leave_N,1,0,20270927,12,"[-1.3794613223766437, -15.53195122572366, 3.672228565963316, -1.8230293582738097, 0.6493389573974611]",True,2,`ftol` termination condition is satisfied.,29,0.01641207365408621,"[-0.4550989551217155, -1.4556422854259574, -0.6604549369360094, -1.3064727749004246, -1.2955713743692163]",True
B6_leave_N_0.16_M0_6,B6,M0_6,leave_N,1,0,20270927,13,"[-4.479082331094984, 2.6102292279534822, -0.15443836370993935, -3.7802959431340586, -0.9698028414494493]",True,2,`ftol` termination condition is satisfied.,81,0.016412073654086215,"[-0.45509895723421134, -1.4556422853818354, -0.660454937479349, -1.306472774936908, -1.2955713825141413]",True
B6_leave_N_0.16_M0_6,B6,M0_6,leave_N,1,0,20270927,14,"[-10.173640844231013, -12.910174161568392, -14.196930496012136, -5.370489058944156, -4.870414209779751]",True,2,`ftol` termination condition is satisfied.,38,0.016412073654086215,"[-0.45509895637499154, -1.4556422854127213, -0.6604549372581542, -1.3064727749115819, -1.2955713792170511]",True
B6_leave_N_0.16_M0_6,B6,M0_6,leave_N,1,0,20270927,15,"[-13.811319993384224, -2.9272395696014755, 0.27980213687375866, -0.946066860121487, -6.349851234663539]",True,2,`ftol` termination condition is satisfied.,83,0.016412073654086215,"[-0.4550989553226062, -1.4556422854109259, -0.660454936985565, -1.306472774912055, -1.2955713751283922]",True
B6_leave_N_0.16_M0_6,B6,M0_6,leave_N,1,0,20270927,16,"[3.3005836996302165, -7.3949668545771186, -8.954197163887862, -7.905468966983162, -3.0849190713076036]",True,2,`ftol` termination condition is satisfied.,31,0.016412073654086208,"[-0.45509895523873395, -1.4556422854265512, -0.6604549369650574, -1.3064727749002896, -1.295571374823187]",True
B6_leave_N_0.16_M0_6,B6,M0_6,leave_N,1,0,20270927,17,"[3.7609412588959152, -3.7690367971368968, -3.1110327178406596, -2.4593184721926082, -5.953472976685783]",True,2,`ftol` termination condition is satisfied.,48,0.016412073654086208,"[-0.45509895526651956, -1.4556422853971165, -0.6604549369684876, -1.3064727749245455, -1.2955713748914357]",True
B6_leave_N_0.16_M0_6,B6,M0_6,leave_N,1,0,20270927,18,"[-13.337397281483572, -8.245202390015715, -16.939234501802275, -3.9984428075204166, -0.2774581322777472]",True,2,`ftol` termination condition is satisfied.,116,0.01641207365408621,"[-0.4550989550680752, -1.4556422853978859, -0.6604549369209237, -1.306472774923973, -1.295571374125345]",True
B6_leave_N_0.16_M0_6,B6,M0_6,leave_N,1,0,20270927,19,"[-11.348447368238855, 1.7573004908544299, 2.8440206720895986, 0.07106837775028119, -1.7783609179154505]",True,2,`ftol` termination condition is satisfied.,66,0.016412073654086215,"[-0.45509895781218557, -1.4556422854257924, -0.6604549376326921, -1.3064727749003073, -1.295571384815675]",True
B6_leave_N_0.16_M0_6,B6,M0_6,leave_N,1,0,20270927,20,"[-5.661889356918552, -13.749278527124154, -5.819518018544432, -6.827933309804124, -8.010745061394108]",True,2,`ftol` termination condition is satisfied.,85,0.016412073654086215,"[-0.45509895561809693, -1.455642285400118, -0.6604549370602182, -1.3064727749220413, -1.295571376260863]",True
B6_leave_N_0.16_M0_6,B6,M0_6,leave_N,1,0,20270927,21,"[-0.196654806074271, 3.6770612895848416, -13.569765059708603, -8.303268086843447, -7.285744625781079]",True,2,`ftol` termination condition is satisfied.,56,0.016412073654086215,"[-0.45509895525206384, -1.4556422854128621, -0.6604549369696422, -1.3064727749117258, -1.2955713748592252]",True
B6_leave_N_0.16_M0_6,B6,M0_6,leave_N,1,0,20270927,22,"[-5.907893005074499, -14.690062793894201, -0.8038653754973524, -0.8780402163977312, -3.397902904002418]",True,2,`ftol` termination condition is satisfied.,75,0.016412073654086215,"[-0.45509895412943974, -1.4556422853975888, -0.6604549366742416, -1.306472774923329, -1.2955713704772212]",True
B6_leave_N_0.16_M0_6,B6,M0_6,leave_N,1,0,20270927,23,"[-15.227705738244682, -1.860450987112154, -9.551452007596659, -6.065169129253172, -0.7447152473823353]",True,3,`xtol` termination condition is satisfied.,131,0.016412073654086215,"[-0.45509895484655105, -1.455642284652561, -0.6604549367908049, -1.3064727755532142, -1.2955713722847404]",True
B6_leave_N_0.16_M0_6,B6,M0_6,leave_N,1,0,20270927,24,"[1.8673443523374118, -9.174812007760888, 0.899317876704842, -2.8170356637591336, -3.996805073926229]",True,2,`ftol` termination condition is satisfied.,30,0.01641207365408621,"[-0.4550989551959693, -1.455642285392685, -0.660454936950572, -1.3064727749280927, -1.2955713746123518]",True
B6_leave_N_0.16_M0_6,B6,M0_6,leave_N,1,0,20270927,25,"[0.560176896012468, 0.6827823869053198, -10.963936709572076, -1.43359564923536, 0.4896431716364944]",True,2,`ftol` termination condition is satisfied.,29,0.016412073654086215,"[-0.4550989565285535, -1.4556422853830915, -0.6604549372949122, -1.3064727749362175, -1.29557137977409]",True
B6_leave_N_0.16_M0_6,B6,M0_6,leave_N,1,0,20270927,26,"[-16.5465038650647, -11.985182419340537, 2.2894545119733998, -7.717771354553882, -5.156075644138289]",True,2,`ftol` termination condition is satisfied.,112,0.016412073654086215,"[-0.45509895557823926, -1.4556422853548887, -0.6604549370460562, -1.306472774959351, -1.2955713760469816]",True
B6_leave_N_0.16_M0_6,B6,M0_6,leave_N,1,0,20270927,27,"[-7.426978479052595, -4.832468229387596, -12.110582867522645, -3.369016448233979, -8.444942345856798]",True,2,`ftol` termination condition is satisfied.,74,0.016412073654086215,"[-0.4550989553551064, -1.4556422853937372, -0.6604549369936832, -1.3064727749267457, -1.2955713752331561]",True
B6_leave_N_0.16_M0_6,B6,M0_6,leave_N,1,0,20270927,28,"[-1.7487626884299718, -6.447670652164739, -2.240872992943604, -5.485429884817613, -2.163617086424023]",True,2,`ftol` termination condition is satisfied.,17,0.016412073654086215,"[-0.4550989552385314, -1.4556422854092093, -0.6604549369636146, -1.3064727749143927, -1.2955713747997548]",True
B6_leave_N_0.16_M0_6,B6,M0_6,leave_N,1,0,20270927,29,"[-4.1097821539244475, -0.7751070438567638, 4.25576712031247, -4.5695236862393696, -2.9288226969160176]",True,2,`ftol` termination condition is satisfied.,85,0.01641207365408621,"[-0.4550989550604789, -1.4556422854379527, -0.6604549369223349, -1.3064727748906266, -1.2955713741483037]",True
B6_leave_N_0.16_M0_6,B6,M0_6,leave_N,1,0,20270927,30,"[-9.829362573622351, -10.949736332616368, -7.209089892027599, -1.9362236638583834, -6.786350270788304]",True,2,`ftol` termination condition is satisfied.,102,0.016412073654086215,"[-0.45509895540260037, -1.4556422853626916, -0.6604549370023604, -1.306472774953017, -1.2955713753762141]",True
B6_leave_N_0.16_M0_6,B6,M0_6,leave_N,1,0,20270927,31,"[-12.01859847530196, 4.728968583730481, -4.571040122063243, -7.4025883394940495, -4.729005513583572]",True,2,`ftol` termination condition is satisfied.,113,0.016412073654086215,"[-0.4550989555610458, -1.4556422854176463, -0.6604549370478402, -1.3064727749077067, -1.2955713760631904]",True
B6_leave_N_0.16_M0_6,B6,M0_6,leave_N,1,0,20270927,32,"[5.068109394582454, -16.47607345076729, -15.501575164286553, 0.5999201765467017, -1.4279928324706272]",True,2,`ftol` termination condition is satisfied.,35,0.016412073654086208,"[-0.45509894885573876, -1.45564228544128, -0.6604549353166973, -1.306472774891586, -1.2955713500648143]",True
B6_leave_N_0.16_MQ-add,B6,MQ-add,leave_N,1,0,20370927,0,"[-1.0498138552281342, -1.5703189325520803, -0.3697034737593678, -1.2763503266496101, -2.3066169576643176, 0.20612303124888962]",True,2,`ftol` termination condition is satisfied.,26,0.007266928314718601,"[-0.5140611665370084, -1.4556422854108455, -0.6604549370269766, -1.306472774913007, -1.2955713757440257, -2.0423280643175334]",True
B6_leave_N_0.16_MQ-add,B6,MQ-add,leave_N,1,0,20370927,1,"[-4.871435624927006, -7.801552434129732, -14.033931332372662, -2.4108313150861322, -1.3437515176912314, -13.766083640122707]",True,2,`ftol` termination condition is satisfied.,29,0.007266928314718595,"[-0.5140611641943656, -1.4556422854167184, -0.6604549364561554, -1.306472774908307, -1.295571367176399, -2.0423280643120876]",True
B6_leave_N_0.16_MQ-add,B6,MQ-add,leave_N,1,0,20370927,2,"[-11.445697386027009, -4.272315593960952, 4.890098972234277, -5.449245216768148, -4.853264077957285, -4.348602487342456]",True,2,`ftol` termination condition is satisfied.,105,0.007266928314718597,"[-0.5140611663967294, -1.455642285411414, -0.6604549369949272, -1.3064727749125848, -1.2955713752296485, -2.0423280643001385]",True
B6_leave_N_0.16_MQ-add,B6,MQ-add,leave_N,1,0,20370927,3,"[-15.224009161969487, -13.940010335007115, -8.711359213381234, 0.5834901703648203, -7.8941037595022845, 2.3562052915753746]",True,2,`ftol` termination condition is satisfied.,128,0.007266928314718595,"[-0.5140611665039244, -1.4556422854215576, -0.6604549370194496, -1.3064727749039373, -1.295571375635331, -2.0423280643113944]",True
B6_leave_N_0.16_MQ-add,B6,MQ-add,leave_N,1,0,20370927,4,"[2.4603857105179223, 2.5895941290466453, -4.8402209340617866, -8.443684939358208, -1.850346383002127, -6.927887373246287]",True,2,`ftol` termination condition is satisfied.,26,0.007266928314718598,"[-0.5140611667097464, -1.4556422854026378, -0.6604549370681704, -1.3064727749199898, -1.2955713763634504, -2.0423280643083657]",True
B6_leave_N_0.16_MQ-add,B6,MQ-add,leave_N,1,0,20370927,5,"[4.887912701703495, -15.735100001456992, 1.0677636096264251, -6.767622421022864, -3.847030025416572, -15.411262362498787]",True,2,`ftol` termination condition is satisfied.,56,0.007266928314718593,"[-0.5140611661684438, -1.4556422853793871, -0.6604549369339437, -1.3064727749387541, -1.2955713743527533, -2.0423280643144315]",True
B6_leave_N_0.16_MQ-add,B6,MQ-add,leave_N,1,0,20370927,6,"[-11.599239581512695, 4.777779992462001, -14.997089184369456, -1.017919201842708, -7.340830688928093, -0.5639102959163012]",True,2,`ftol` termination condition is satisfied.,134,0.007266928314718592,"[-0.5140611662318735, -1.4556422853823907, -0.6604549369484093, -1.3064727749366487, -1.2955713745856896, -2.0423280643044506]",True
B6_leave_N_0.16_MQ-add,B6,MQ-add,leave_N,1,0,20370927,7,"[-7.55240096402642, -11.188479558493418, -1.3510336275320007, -4.964571731992178, -5.688268965532005, 4.084692767541988]",True,2,`ftol` termination condition is satisfied.,80,0.0072669283147185956,"[-0.5140611700734568, -1.4556422853844504, -0.6604549378901402, -1.3064727749337712, -1.2955713886522, -2.042328064301637]",True
B6_leave_N_0.16_MQ-add,B6,MQ-add,leave_N,1,0,20370927,8,"[-2.7068701451044053, -0.470117910192581, -8.081501594459638, -2.8211426989997817, 0.3386032379870869, -10.807013543731866]",True,2,`ftol` termination condition is satisfied.,31,0.007266928314718598,"[-0.5140611662274166, -1.4556422853930147, -0.6604549369444861, -1.306472774927611, -1.2955713745782524, -2.0423280642974198]",True
B6_leave_N_0.16_MQ-add,B6,MQ-add,leave_N,1,0,20370927,9,"[-0.4830806813938544, -11.518305918516067, -2.7164451735652584, -0.796089426436672, -4.136418008044219, -7.688809787483187]",True,2,`ftol` termination condition is satisfied.,41,0.007266928314718594,"[-0.5140611657054238, -1.45564228533825, -0.6604549368177262, -1.3064727749741785, -1.2955713726035858, -2.042328064308933]",True
B6_leave_N_0.16_MQ-add,B6,MQ-add,leave_N,1,0,20370927,10,"[-6.929697956815399, 0.5579737051319782, -6.5825180479171195, -6.991962461843807, -0.4961124340134422, 0.2596038037819355]",True,4,Both `ftol` and `xtol` termination conditions are satisfied.,108,0.007266928314718594,"[-0.5140611798113208, -1.455642285430476, -0.6604549403016977, -1.3064727748963647, -1.2955714243937198, -2.0423280643149435]",True
B6_leave_N_0.16_MQ-add,B6,MQ-add,leave_N,1,0,20370927,11,"[-13.646156235094837, -6.971201812557421, 2.7897176226801896, -3.790378989991744, -2.418581940747388, -3.6767226385523077]",True,2,`ftol` termination condition is satisfied.,87,0.007266928314718598,"[-0.5140611667241812, -1.4556422854209747, -0.6604549370755497, -1.3064727749046527, -1.29557137644362, -2.0423280643146153]",True
B6_leave_N_0.16_MQ-add,B6,MQ-add,leave_N,1,0,20370927,12,"[4.087989051227769, -4.6903209022336, -16.14024749989469, -3.997481899833252, -8.29429250949928, -11.580434151989762]",True,2,`ftol` termination condition is satisfied.,49,0.00726692831471859,"[-0.514061167710552, -1.455642285411611, -0.6604549373154222, -1.3064727749122056, -1.295571380040957, -2.0423280643102792]",True
B6_leave_N_0.16_MQ-add,B6,MQ-add,leave_N,1,0,20370927,13,"[0.4103494284945768, -9.1692126882703, -10.249643743236033, -5.971581804578253, -6.419083884771401, -8.621455047592463]",True,2,`ftol` termination condition is satisfied.,33,0.007266928314718596,"[-0.5140611673147087, -1.4556422854120004, -0.6604549372185977, -1.306472774912149, -1.2955713785928995, -2.042328064312457]",True
B6_leave_N_0.16_MQ-add,B6,MQ-add,leave_N,1,0,20370927,14,"[-16.026378514184835, -2.902099666422684, -3.5245455352702457, -1.8909322313745598, -2.757245508676162, 4.756481624338598]",True,2,`ftol` termination condition is satisfied.,89,0.007266928314718596,"[-0.5140611662438501, -1.4556422854487172, -0.6604549369594156, -1.3064727748817462, -1.295571374718768, -2.04232806430602]",True
B6_leave_N_0.16_MQ-add,B6,MQ-add,leave_N,1,0,20370927,15,"[-9.219483960147858, -15.307893377290526, -12.852162095074593, -7.774663811529048, 0.1615367448994025, -2.6604262266089513]",True,3,`xtol` termination condition is satisfied.,44,0.007266928314718592,"[-0.5140611584888132, -1.455642285403229, -0.6604549350717372, -1.3064727749193332, -1.2955713462842697, -2.04232806429617]",True
B6_leave_N_0.16_MQ-add,B6,MQ-add,leave_N,1,0,20370927,16,"[-4.2455912497037644, 3.9601198030118354, 3.21858203774719, -0.08775017761375103, -5.734551540019513, -16.1720992196349]",True,2,`ftol` termination condition is satisfied.,98,0.007266928314718595,"[-0.5140611662569247, -1.45564228540441, -0.6604549369591514, -1.3064727749181815, -1.295571374711947, -2.0423280643202486]",True
B6_leave_N_0.16_MQ-add,B6,MQ-add,leave_N,1,0,20370927,17,"[-3.168598804677826, -14.834116324761712, -6.14070495840193, -4.65724609531107, -1.8213707431055512, 5.488088227056604]",True,2,`ftol` termination condition is satisfied.,41,0.00726692831471859,"[-0.5140611661587496, -1.4556422854340239, -0.6604549369374193, -1.3064727748938447, -1.2955713743872332, -2.042328064301992]",True
B6_leave_N_0.16_MQ-add,B6,MQ-add,leave_N,1,0,20370927,18,"[-9.595024689233838, 3.119168274511118, -1.552660845594513, -3.128286432389955, -7.699409673981415, -9.361351602625486]",True,2,`ftol` termination condition is satisfied.,131,0.007266928314718592,"[-0.5140611662569592, -1.4556422853897915, -0.6604549369538326, -1.3064727749308815, -1.2955713746882003, -2.0423280643148014]",True
B6_leave_N_0.16_MQ-add,B6,MQ-add,leave_N,1,0,20370927,19,"[-17.03641885504633, -9.396540367747136, -16.579190711274798, -6.478886785519534, -4.733629276742029, -16.859012321465368]",True,2,`ftol` termination condition is satisfied.,117,0.0072669283147185956,"[-0.5140611666867608, -1.4556422853837803, -0.6604549370622382, -1.3064727749352834, -1.2955713762560146, -2.042328064309563]",True
B6_leave_N_0.16_MQ-add,B6,MQ-add,leave_N,1,0,20370927,20,"[0.719285886552413, -1.5948682227275714, 1.628629426116774, -1.3068367406369727, -1.0909953405872805, -1.9652184169323093]",True,2,`ftol` termination condition is satisfied.,13,0.007266928314718596,"[-0.5140611654789167, -1.4556422854397282, -0.6604549367723234, -1.3064727748889964, -1.2955713719088253, -2.042328064312677]",True
B6_leave_N_0.16_MQ-add,B6,MQ-add,leave_N,1,0,20370927,21,"[3.1002032374736146, -6.031329801028271, -3.9731858691277413, 0.295009412636718, 0.7564195981812585, 0.9972838991533273]",True,2,`ftol` termination condition is satisfied.,27,0.007266928314718596,"[-0.5140611653571573, -1.4556422853713173, -0.660454936734018, -1.3064727749454477, -1.2955713713704338, -2.042328064309487]",True
B6_leave_N_0.16_MQ-add,B6,MQ-add,leave_N,1,0,20370927,22,"[-13.35947430414434, -5.284997144090886, -11.401037534768438, -8.155095039655546, -5.1373403246136835, -8.418111019090908]",True,3,`xtol` termination condition is satisfied.,133,0.007266928314718592,"[-0.5140611700744415, -1.4556422854130595, -0.6604549378932175, -1.3064727749110905, -1.295571388696329, -2.0423280643076205]",True
B6_leave_N_0.16_MQ-add,B6,MQ-add,leave_N,1,0,20370927,23,"[-5.830426527664725, -12.704257730389877, 3.6700924195801683, -2.718411829542469, -7.013966809109232, -12.27377401450267]",True,2,`ftol` termination condition is satisfied.,103,0.007266928314718592,"[-0.514061166242733, -1.4556422854065425, -0.6604549369517201, -1.3064727749170328, -1.2955713746588637, -2.0423280643188066]",True
B6_leave_N_0.16_MQ-add,B6,MQ-add,leave_N,1,0,20370927,24,"[-0.8809003946045699, 0.6867396045021898, -11.698072341975259, -5.141773844286373, -3.354456795137965, -2.991767754057422]",True,2,`ftol` termination condition is satisfied.,45,0.007266928314718597,"[-0.5140611662665125, -1.4556422854040718, -0.660454936959204, -1.3064727749183531, -1.2955713747419095, -2.042328064307939]",True
B6_leave_N_0.16_MQ-add,B6,MQ-add,leave_N,1,0,20370927,25,"[-1.5020381527022355, -10.359964338418461, 5.153778016821175, -8.08195301425999, -8.491314939380128, -1.3016784110742599]",True,2,`ftol` termination condition is satisfied.,106,0.0072669283147185956,"[-0.5140611666212134, -1.4556422853773856, -0.6604549370423158, -1.3064727749404228, -1.2955713760025451, -2.0423280643001425]",True
B6_leave_N_0.16_MQ-add,B6,MQ-add,leave_N,1,0,20370927,26,"[-8.056129073624932, -0.9537225226248971, -13.048194091046136, 0.21942988314262912, -2.4452292007559997, -14.681702676264521]",True,2,`ftol` termination condition is satisfied.,30,0.007266928314718594,"[-0.5140611662236213, -1.455642285408096, -0.6604549369465472, -1.306472774915495, -1.2955713745884307, -2.0423280643099804]",True
B6_leave_N_0.16_MQ-add,B6,MQ-add,leave_N,1,0,20370927,27,"[-12.559376737100461, -17.032680349422733, -5.101030100513599, -6.260352737136181, -0.7465402667574157, -10.113939608823042]",True,2,`ftol` termination condition is satisfied.,120,0.007266928314718597,"[-0.5140611654666835, -1.4556422854169344, -0.6604549367664486, -1.3064727749080054, -1.2955713718307453, -2.042328064299662]",True
B6_leave_N_0.16_MQ-add,B6,MQ-add,leave_N,1,0,20370927,28,"[5.146598141351308, 5.017715349326767, -9.694400323300428, -1.6020521568420705, -4.25838118914744, 3.399821147302511]",True,2,`ftol` termination condition is satisfied.,39,0.007266928314718596,"[-0.5140611679975196, -1.4556422854154418, -0.6604549373873505, -1.3064727749094989, -1.295571381098052, -2.042328064310831]",True
B6_leave_N_0.16_MQ-add,B6,MQ-add,leave_N,1,0,20370927,29,"[1.5225248216085134, -13.354985188879201, -15.26768243158273, -3.5019352701895805, -6.283151836577857, -5.079943841817975]",True,2,`ftol` termination condition is satisfied.,46,0.007266928314718597,"[-0.5140611666818838, -1.4556422853985729, -0.6604549370613347, -1.3064727749235803, -1.2955713762549204, -2.0423280643008543]",True
B6_leave_N_0.16_MQ-add,B6,MQ-add,leave_N,1,0,20370927,30,"[-14.987599989000035, 1.6371144401295652, 0.09450386302231806, -4.286107522926351, -0.2586079951827358, -13.026271028706685]",True,3,`xtol` termination condition is satisfied.,139,0.007266928314718592,"[-0.514061160568914, -1.4556422849936967, -0.6604549355376604, -1.3064727752656213, -1.2955713533584665, -2.0423280643121617]",True
B6_leave_N_0.16_MQ-add,B6,MQ-add,leave_N,1,0,20370927,31,"[-10.218608149071121, -7.917882025074183, -7.808038299270882, -0.4884730109499653, -3.252147083314747, -6.240886930990849]",True,2,`ftol` termination condition is satisfied.,83,0.007266928314718593,"[-0.514061168885009, -1.4556422853603734, -0.6604549375947789, -1.3064727749543372, -1.2955713842686472, -2.0423280643052117]",True
B6_leave_N_0.16_MQ-add,B6,MQ-add,leave_N,1,0,20370927,32,"[-5.397420979079236, -3.076536222183641, -0.3750779193609617, -7.299396974039578, -6.7436193847022965, 1.6607383479105913]",True,2,`ftol` termination condition is satisfied.,89,0.007266928314718592,"[-0.514061163359849, -1.455642285278303, -0.6604549362407705, -1.3064727750259062, -1.2955713639401112, -2.042328064303228]",True
B6_leave_N_0.16_MQ-eff,B6,MQ-eff,leave_N,1,0,20470927,0,"[-1.0498138552281342, -1.5703189325520803, -0.3697034737593678, -1.2763503266496101, -2.3066169576643176, -1.146040733446924]",True,2,`ftol` termination condition is satisfied.,27,0.016412079945153053,"[-0.4550989430587077, -1.4556422854885036, -0.6604548987655223, -1.3064727748489113, -1.2955713650079723, -13.815510557618861]",True
B6_leave_N_0.16_MQ-eff,B6,MQ-eff,leave_N,1,0,20470927,1,"[-17.0270743636965, -10.330762978098164, -13.949759258806072, -2.9983703736802703, -8.29761787574471, -11.374672495994258]",True,2,`ftol` termination condition is satisfied.,114,0.016412079945153053,"[-0.4550989422046201, -1.455642285450333, -0.6604548985474425, -1.3064727748805856, -1.2955713616474371, -13.815510557964272]",True
B6_leave_N_0.16_MQ-eff,B6,MQ-eff,leave_N,1,0,20470927,2,"[0.015950852892647305, 2.707404558426358, -4.918613126564047, -8.405041050728457, -1.2546449293830744, -1.8196226633280546]",True,2,`ftol` termination condition is satisfied.,49,0.01641207994515305,"[-0.4550989429432706, -1.4556422854301332, -0.6604548987449641, -1.3064727748971676, -1.2955713644960227, -13.81551055796305]",True
B6_leave_N_0.16_MQ-eff,B6,MQ-eff,leave_N,1,0,20470927,3,"[-4.208325357737474, -14.271553505468805, -7.654945395329602, -0.4590825107549019, -3.6013476747128426, 1.7664335382907712]",True,2,`ftol` termination condition is satisfied.,50,0.01641207994515305,"[-0.4550989428586284, -1.455642285406795, -0.6604548987112566, -1.3064727749162377, -1.2955713641280429, -13.815510557953544]",True
B6_leave_N_0.16_MQ-eff,B6,MQ-eff,leave_N,1,0,20470927,4,"[-9.954045446120443, -1.1304187411988735, -0.03756118609040371, -6.173260701129142, -6.099929880013267, -8.848113298627682]",True,2,`ftol` termination condition is satisfied.,92,0.016412079945153063,"[-0.4550989428895483, -1.4556422854140332, -0.6604548987312765, -1.306472774910317, -1.2955713642678277, -13.815510557964268]",True
B6_leave_N_0.16_MQ-eff,B6,MQ-eff,leave_N,1,0,20470927,5,"[-8.38769073546002, -15.539596548805847, -1.2255936702271715, -4.986060177365481, -4.315060291681612, -9.437273233500967]",True,2,`ftol` termination condition is satisfied.,107,0.01641207994515304,"[-0.4550989430778605, -1.455642285416231, -0.6604548987656975, -1.3064727749082266, -1.2955713649886849, -13.815510557964272]",True
B6_leave_N_0.16_MQ-eff,B6,MQ-eff,leave_N,1,0,20470927,6,"[-2.5683535810711504, -5.618014083381244, -14.976292057722372, 0.736831287228517, -1.8168409692354084, -3.7852092110431013]",True,2,`ftol` termination condition is satisfied.,34,0.016412079945153056,"[-0.4550989430246249, -1.4556422853871431, -0.6604548987655869, -1.3064727749319383, -1.2955713647585254, -13.815510557964272]",True
B6_leave_N_0.16_MQ-eff,B6,MQ-eff,leave_N,1,0,20470927,7,"[4.43790215920037, -5.857785416881077, 5.257579606754678, -7.2272078536522235, 0.5304435824014604, -0.26251088617690854]",True,2,`ftol` termination condition is satisfied.,37,0.016412079945153053,"[-0.4550989430089185, -1.4556422853988267, -0.6604548987533589, -1.3064727749228002, -1.2955713647045874, -13.815510557956257]",True
B6_leave_N_0.16_MQ-eff,B6,MQ-eff,leave_N,1,0,20470927,8,"[-12.545193768785607, 3.9886740501834765, -9.92880574047743, -1.7931606247343215, -6.513328956824587, -6.849425430264172]",True,2,`ftol` termination condition is satisfied.,138,0.016412079945153053,"[-0.4550989432044457, -1.455642285410668, -0.660454898804419, -1.3064727749134932, -1.2955713654787964, -13.815510557964272]",True
B6_leave_N_0.16_MQ-eff,B6,MQ-eff,leave_N,1,0,20470927,9,"[-14.293889831958111, -12.812201855025158, 4.014442277916832, 0.02241642407837574, -0.8087687164366191, -7.836167755889915]",True,2,`ftol` termination condition is satisfied.,117,0.016412079945153042,"[-0.45509894299153897, -1.455642285394031, -0.6604548987508398, -1.3064727749268294, -1.295571364633095, -13.815510557945984]",True
B6_leave_N_0.16_MQ-eff,B6,MQ-eff,leave_N,1,0,20470927,10,"[2.9371410630462655, -2.6012057456792235, -10.815799727231445, -4.266221771670541, -7.549044425677844, 2.7158403240997178]",True,2,`ftol` termination condition is satisfied.,35,0.016412079945153056,"[-0.4550989430047704, -1.455642285443257, -0.6604548987545774, -1.3064727748860472, -1.2955713647453087, -13.81551055796414]",True
B6_leave_N_0.16_MQ-eff,B6,MQ-eff,leave_N,1,0,20470927,11,"[-1.476703527506464, -8.940676445747188, -2.4688978672566293, -2.2092387248964744, -5.649396871762898, -2.798344803487371]",True,2,`ftol` termination condition is satisfied.,72,0.016412079945153056,"[-0.4550989430071525, -1.4556422854309552, -0.6604548987581114, -1.306472774896345, -1.2955713647420735, -13.815510557964272]",True
B6_leave_N_0.16_MQ-eff,B6,MQ-eff,leave_N,1,0,20470927,12,"[-7.031291175736259, 1.328753380112083, -15.8631164588384, -6.805057008047761, -2.857430735726, -12.415502599592358]",True,2,`ftol` termination condition is satisfied.,113,0.016412079945153042,"[-0.455098942929819, -1.4556422854177367, -0.6604548987409817, -1.306472774907202, -1.2955713644282238, -13.815510557964272]",True
B6_leave_N_0.16_MQ-eff,B6,MQ-eff,leave_N,1,0,20470927,13,"[-11.187660418251046, -7.337014550673572, -6.054365954879946, -8.002735410065199, -2.267375007797387, -5.8705820699995925]",True,2,`ftol` termination condition is satisfied.,87,0.016412079945153042,"[-0.45509894892579705, -1.4556422853396433, -0.6604549002855594, -1.3064727749707852, -1.2955713876044597, -13.815510557964272]",True
B6_leave_N_0.16_MQ-eff,B6,MQ-eff,leave_N,1,0,20470927,14,"[-5.511805281788449, 5.456294592732711, 1.919497880432285, -3.3970032909739816, -5.058975845076979, 0.7784413885054597]",True,2,`ftol` termination condition is satisfied.,114,0.016412079945153053,"[-0.45509894292799413, -1.4556422854132371, -0.6604548987424417, -1.3064727749109564, -1.295571364417303, -13.815510557964169]",True
B6_leave_N_0.16_MQ-eff,B6,MQ-eff,leave_N,1,0,20470927,15,"[1.6394975556823042, -16.909827337378992, -12.349013120005203, -5.473159459768428, -6.959206342194596, -4.7970325232604125]",True,2,`ftol` termination condition is satisfied.,42,0.016412079945153035,"[-0.45509894300061016, -1.4556422854018853, -0.6604548987502098, -1.3064727749207317, -1.2955713646753353, -13.815510557964272]",True
B6_leave_N_0.16_MQ-eff,B6,MQ-eff,leave_N,1,0,20470927,16,"[-15.490209190052674, -4.2361747035648385, -2.961723475838948, -1.156016911745998, -0.21812890840976884, -10.386558739768462]",True,2,`ftol` termination condition is satisfied.,100,0.016412079945153035,"[-0.4550989475936468, -1.4556422853635795, -0.6604548999337039, -1.306472774951184, -1.2955713824554425, -13.815510557964272]",True
B6_leave_N_0.16_MQ-eff,B6,MQ-eff,leave_N,1,0,20470927,17,"[-14.39699036318636, -16.220772802882973, -10.479241233489702, -6.893308775236475, -5.815316743306715, 0.22588680502133407]",True,2,`ftol` termination condition is satisfied.,120,0.016412079945153056,"[-0.4550989409445625, -1.4556422854531175, -0.6604548982172656, -1.306472774878277, -1.2955713567552094, -13.815510557964272]",True
B6_leave_N_0.16_MQ-eff,B6,MQ-eff,leave_N,1,0,20470927,18,"[2.727887480336058, -3.4553064452186604, 2.8260404333732403, -2.11978881189067, -3.838214039787811, -5.348272185100148]",True,2,`ftol` termination condition is satisfied.,40,0.016412079945153046,"[-0.4550989431014319, -1.4556422854204938, -0.6604548987770734, -1.30647277490484, -1.2955713650903178, -13.815510557964272]",True
B6_leave_N_0.16_MQ-eff,B6,MQ-eff,leave_N,1,0,20470927,19,"[-4.42301249570925, -8.025361190388292, -16.829013794004265, -4.663943191824327, -0.9699584629123628, -10.924784447068973]",True,2,`ftol` termination condition is satisfied.,42,0.016412079945153056,"[-0.4550989431031523, -1.4556422853803335, -0.6604548987824295, -1.3064727749382783, -1.295571365051989, -13.815510557964272]",True
B6_leave_N_0.16_MQ-eff,B6,MQ-eff,leave_N,1,0,20470927,20,"[-10.094843094086986, 4.676112489596811, -2.087708034213227, 0.41675685892384884, -8.53455643368827, -4.29112845269524]",True,2,`ftol` termination condition is satisfied.,104,0.016412079945153056,"[-0.4550989429888775, -1.4556422853980233, -0.6604548987524091, -1.3064727749232508, -1.295571364629525, -13.815510557964272]",True
B6_leave_N_0.16_MQ-eff,B6,MQ-eff,leave_N,1,0,20470927,21,"[-5.942893098743371, -9.587975421030485, 2.4284131281040686, -0.770426238362429, -6.761690188767204, 2.271317193522698]",True,2,`ftol` termination condition is satisfied.,107,0.016412079945153042,"[-0.4550989429752267, -1.4556422853822393, -0.6604548987534236, -1.3064727749365792, -1.2955713645613536, -13.815510557796523]",True
B6_leave_N_0.16_MQ-eff,B6,MQ-eff,leave_N,1,0,20470927,22,"[-0.38349285297928404, 0.5951775628926868, -7.047812761419424, -5.859875801876604, 0.8032725123182232, -7.361635769521878]",True,2,`ftol` termination condition is satisfied.,39,0.016412079945153042,"[-0.4550989426195996, -1.455642285407904, -0.6604548986535614, -1.3064727749161928, -1.2955713632052623, -13.815510557964272]",True
B6_leave_N_0.16_MQ-eff,B6,MQ-eff,leave_N,1,0,20470927,23,"[4.029971974442212, -12.165586317505767, -4.088846904573215, -3.2976395775562315, -2.0655654393121115, -12.874790154738069]",True,2,`ftol` termination condition is satisfied.,30,0.016412079945153056,"[-0.4550989425523227, -1.4556422854027686, -0.6604548986365836, -1.3064727749193943, -1.2955713629379344, -13.815510557964272]",True
B6_leave_N_0.16_MQ-eff,B6,MQ-eff,leave_N,1,0,20470927,24,"[-13.2051106331108, -1.868335105794749, -12.151647664604276, -8.09849957000162, -4.0418669867351955, -2.306986670064095]",True,2,`ftol` termination condition is satisfied.,123,0.016412079945153053,"[-0.4550989433187543, -1.4556422854289526, -0.6604548988299289, -1.3064727748977718, -1.2955713659414414, -13.815510557964272]",True
B6_leave_N_0.16_MQ-eff,B6,MQ-eff,leave_N,1,0,20470927,25,"[-11.498409986253922, -6.637967180336178, -5.3389775816631815, -5.145517303877062, -3.0966265998205085, -3.310557639064969]",True,2,`ftol` termination condition is satisfied.,91,0.016412079945153042,"[-0.45509894297389697, -1.4556422853993332, -0.6604548987445583, -1.3064727749225342, -1.2955713645695794, -13.815510557922849]",True
B6_leave_N_0.16_MQ-eff,B6,MQ-eff,leave_N,1,0,20470927,26,"[5.4836832040188135, 3.300327750149549, -13.045558911111847, -1.4903572477542095, -5.367110960284747, -9.881679631404914]",True,2,`ftol` termination condition is satisfied.,40,0.01641207994515305,"[-0.4550989450711396, -1.4556422854099098, -0.6604548992957506, -1.3064727749137242, -1.2955713727326792, -13.815510557964272]",True
B6_leave_N_0.16_MQ-eff,B6,MQ-eff,leave_N,1,0,20470927,27,"[-1.522866699823057, -14.758728630140466, 1.178449828726908, -7.682510769433563, -7.788312482640943, -6.357942956335769]",True,2,`ftol` termination condition is satisfied.,97,0.016412079945153035,"[-0.45509894293605746, -1.4556422854048021, -0.6604548987377914, -1.306472774918385, -1.295571364432143, -13.815510557949844]",True
B6_leave_N_0.16_MQ-eff,B6,MQ-eff,leave_N,1,0,20470927,28,"[-7.340614148081173, -4.92895988856602, -7.941894103086176, -3.7198431999846564, -0.5264094751943116, -0.7216712478804705]",True,2,`ftol` termination condition is satisfied.,115,0.01641207994515305,"[-0.4550989428915536, -1.4556422854385143, -0.6604548987302024, -1.3064727748900924, -1.2955713643043276, -13.815510557964197]",True
B6_leave_N_0.16_MQ-eff,B6,MQ-eff,leave_N,1,0,20470927,29,"[-8.908256248962866, -13.538683205265128, -15.223962795540674, -2.52218265078044, 0.0570272467353945, -1.2971946192870263]",True,2,`ftol` termination condition is satisfied.,37,0.016412079945153053,"[-0.4550989429665534, -1.4556422853837714, -0.6604548987483666, -1.306472774935571, -1.2955713645270437, -13.815510557964272]",True
B6_leave_N_0.16_MQ-eff,B6,MQ-eff,leave_N,1,0,20470927,30,"[-3.1615497275449194, -0.48380354336027764, -0.12677524787962113, -6.4947275333991445, -7.2052380751176734, -11.927109871315807]",True,2,`ftol` termination condition is satisfied.,64,0.016412079945153046,"[-0.455098942989662, -1.4556422854186517, -0.660454898741241, -1.3064727749067453, -1.295571364647841, -13.815510557964272]",True
B6_leave_N_0.16_MQ-eff,B6,MQ-eff,leave_N,1,0,20470927,31,"[1.0630410275033846, -11.064338455636765, -8.874357782579315, -0.2834018489550463, -4.783455314902161, -8.34208441206788]",True,2,`ftol` termination condition is satisfied.,46,0.01641207994515305,"[-0.45509894291528813, -1.4556422853989188, -0.6604548987334329, -1.3064727749228933, -1.2955713643451416, -13.815510557964272]",True
B6_leave_N_0.16_MQ-eff,B6,MQ-eff,leave_N,1,0,20470927,32,"[-15.981601069680293, 2.0601059228238583, 4.787143484706423, -3.967102495897654, -2.5137699788545493, 1.2283335979638998]",True,2,`ftol` termination condition is satisfied.,110,0.016412079945153053,"[-0.4550989431418187, -1.4556422854100797, -0.660454898790399, -1.306472774913574, -1.2955713652369591, -13.815510557964272]",True
B6_leave_N_0.41_M0_6,B6,M0_6,leave_N,2,0,20270928,0,"[-1.0509874852461585, -1.5714925625701046, -0.37087710377739214, -1.2763503266496101, -2.3066169576643176]",True,2,`ftol` termination condition is satisfied.,24,0.010913464609202254,"[-0.43053502600985305, -1.4736956574367712, -0.6559383028281316, -1.2951810550009684, -1.2136637036644957]",True
B6_leave_N_0.41_M0_6,B6,M0_6,leave_N,2,0,20270928,1,"[-12.135096399311458, -5.621751591192497, -4.470541566971361, -7.972034593317634, -2.1250887259244076]",True,2,`ftol` termination condition is satisfied.,90,0.010913464609202252,"[-0.4305350252446432, -1.4736956573713158, -0.655938302318357, -1.295181055056005, -1.213663700234012]",True
B6_leave_N_0.41_M0_6,B6,M0_6,leave_N,2,0,20270928,2,"[3.1246638639782702, -10.9966807070763, -15.648227338172608, 0.629870953089041, -4.233775580411657]",True,2,`ftol` termination condition is satisfied.,30,0.01091346460920225,"[-0.43053502736462756, -1.4736956573505817, -0.655938303682972, -1.2951810550732996, -1.2136637094515184]",True
B6_leave_N_0.41_M0_6,B6,M0_6,leave_N,2,0,20270928,3,"[-0.32504949802332916, 5.601696911125579, 0.4202838180087838, -4.099535792389599, -8.054880102326988]",True,2,`ftol` termination condition is satisfied.,101,0.01091346460920225,"[-0.4305350193564307, -1.4736956575643505, -0.655938298499312, -1.295181054898093, -1.2136636747773815]",True
B6_leave_N_0.41_M0_6,B6,M0_6,leave_N,2,0,20270928,4,"[-7.971622690463779, -11.885314120737753, -8.982621419464435, -3.3121967614571846, -1.215670674888755]",True,2,`ftol` termination condition is satisfied.,26,0.01091346460920225,"[-0.4305350255969558, -1.4736956574118838, -0.6559383025531752, -1.2951810550221847, -1.2136637018262446]",True
B6_leave_N_0.41_M0_6,B6,M0_6,leave_N,2,0,20270928,5,"[-9.198288090704995, 0.7815898836085928, -11.892995216453892, -1.7091440777615858, 0.3161494528103024]",True,2,`ftol` termination condition is satisfied.,106,0.01091346460920225,"[-0.43053502096733276, -1.4736956577339413, -0.6559382996364731, -1.2951810547507383, -1.2136636820889102]",True
B6_leave_N_0.41_M0_6,B6,M0_6,leave_N,2,0,20270928,6,"[-5.513838844570852, -15.926622756076162, -2.4127840644377105, -5.632805826100158, -7.1221764227203845]",True,2,`ftol` termination condition is satisfied.,82,0.010913464609202252,"[-0.43053502502026597, -1.473695657398144, -0.6559383021801249, -1.2951810550336156, -1.2136636992937528]",True
B6_leave_N_0.41_M0_6,B6,M0_6,leave_N,2,0,20270928,7,"[2.6123155898697945, -0.8249711233787131, -7.161393082141837, -0.826544194113656, -5.764913766173634]",True,2,`ftol` termination condition is satisfied.,19,0.010913464609202252,"[-0.4305350226688141, -1.4736956574940285, -0.6559383006832307, -1.2951810549526759, -1.2136636891731736]",True
B6_leave_N_0.41_M0_6,B6,M0_6,leave_N,2,0,20270928,8,"[-16.610698398057625, -6.845826373374004, 4.094816019579426, -6.585538523568178, -3.058565370169534]",True,2,`ftol` termination condition is satisfied.,93,0.010913464609202256,"[-0.4305350231607002, -1.4736956575247688, -0.6559383010075641, -1.2951810549265979, -1.213663691361546]",True
B6_leave_N_0.41_M0_6,B6,M0_6,leave_N,2,0,20270928,9,"[-14.709521960341336, 3.8960793364904767, -7.557329371482497, -6.268127726114186, -4.855874994157976]",True,2,`ftol` termination condition is satisfied.,116,0.010913464609202252,"[-0.43053502423409257, -1.4736956574223141, -0.6559383016783786, -1.295181055012935, -1.2136636958992861]",True
B6_leave_N_0.41_M0_6,B6,M0_6,leave_N,2,0,20270928,10,"[-0.005719126022860621, -13.52441073106022, 4.695117311747683, -2.3404102449474884, -1.602052991749753]",True,2,`ftol` termination condition is satisfied.,30,0.010913464609202254,"[-0.4305350296540832, -1.473695657189413, -0.6559383051356171, -1.2951810552086391, -1.2136637192191841]",True
B6_leave_N_0.41_M0_6,B6,M0_6,leave_N,2,0,20270928,11,"[-2.921174208057174, -4.1163485871046746, -14.222842727173443, -7.145779840248677, -0.5745623672397002]",True,2,`ftol` termination condition is satisfied.,24,0.010913464609202249,"[-0.4305350248408808, -1.473695657372588, -0.6559383020581809, -1.2951810550547314, -1.2136636984750129]",True
B6_leave_N_0.41_M0_6,B6,M0_6,leave_N,2,0,20270928,12,"[-11.080311966353698, -9.424407546816349, -0.19580029656889408, -1.3838939590280157, -8.634251285704291]",True,2,`ftol` termination condition is satisfied.,84,0.010913464609202256,"[-0.43053502526925325, -1.4736956573717968, -0.6559383023326248, -1.2951810550550387, -1.2136637003403952]",True
B6_leave_N_0.41_M0_6,B6,M0_6,leave_N,2,0,20270928,13,"[-6.2513330708560435, -2.5029366430394617, 2.6707466526268995, -0.00436407476164824, -6.589282098624823]",True,2,`ftol` termination condition is satisfied.,84,0.010913464609202252,"[-0.4305350284727986, -1.473695657247835, -0.6559383043814514, -1.2951810551598857, -1.2136637141454625]",True
B6_leave_N_0.41_M0_6,B6,M0_6,leave_N,2,0,20270928,14,"[-2.767811640023041, -8.590489661202318, -11.434993025065815, -8.604542250464169, -0.3155925406989386]",True,2,`ftol` termination condition is satisfied.,55,0.01091346460920225,"[-0.4305350249497661, -1.4736956573208262, -0.6559383021179069, -1.2951810550980976, -1.2136636988777432]",True
B6_leave_N_0.41_M0_6,B6,M0_6,leave_N,2,0,20270928,15,"[5.5364471172761505, 2.3038634741686224, -3.8369347849411586, -3.871333015645253, -3.64684924635488]",True,2,`ftol` termination condition is satisfied.,24,0.010913464609202252,"[-0.4305350256700982, -1.4736956573762043, -0.6559383025927221, -1.2951810550521, -1.2136637020954055]",True
B6_leave_N_0.41_M0_6,B6,M0_6,leave_N,2,0,20270928,16,"[-13.841842266174462, -14.47139612554319, -16.16651346614615, -4.658108856935498, -5.114963253241774]",True,2,`ftol` termination condition is satisfied.,27,0.010913464609202252,"[-0.4305350282196841, -1.4736956572526299, -0.6559383042130007, -1.2951810551558622, -1.2136637130429546]",True
B6_leave_N_0.41_M0_6,B6,M0_6,leave_N,2,0,20270928,17,"[-13.15400822601272, 1.7326546958552171, 5.615718318761282, -0.39165438925589946, -1.3859577442364408]",True,2,`ftol` termination condition is satisfied.,55,0.010913464609202252,"[-0.4305350250587136, -1.4736956573961062, -0.6559383022043195, -1.2951810550349403, -1.213663699458289]",True
B6_leave_N_0.41_M0_6,B6,M0_6,leave_N,2,0,20270928,18,"[4.844459545246821, -15.663051581372418, -8.50037482962915, -6.7221159554006835, -7.659957248316647]",True,2,`ftol` termination condition is satisfied.,44,0.010913464609202252,"[-0.4305350254041751, -1.4736956572952034, -0.6559383024061038, -1.2951810551196883, -1.2136637008240305]",True
B6_leave_N_0.41_M0_6,B6,M0_6,leave_N,2,0,20270928,19,"[-2.167064962639543, -2.0083816345985532, -1.072063151268889, -1.8426565812537792, -4.025702667718438]",True,2,`ftol` termination condition is satisfied.,54,0.010913464609202252,"[-0.43053502487160483, -1.4736956573898907, -0.6559383020823799, -1.295181055040375, -1.2136636986338178]",True
B6_leave_N_0.41_M0_6,B6,M0_6,leave_N,2,0,20270928,20,"[-6.853447897570339, -7.297223492891176, -13.413549682499445, -5.201544849784615, -2.557897470090296]",True,2,`ftol` termination condition is satisfied.,28,0.010913464609202252,"[-0.43053502559705725, -1.4736956573853137, -0.6559383025459243, -1.295181055044265, -1.213663701788118]",True
B6_leave_N_0.41_M0_6,B6,M0_6,leave_N,2,0,20270928,21,"[-10.216634688559768, -3.177960874508905, -10.491348369992954, -4.27132074829457, -2.821342455103939]",True,2,`ftol` termination condition is satisfied.,93,0.010913464609202252,"[-0.43053502128650023, -1.4736956577172662, -0.6559382998412303, -1.2951810547648575, -1.2136636834595471]",True
B6_leave_N_0.41_M0_6,B6,M0_6,leave_N,2,0,20270928,22,"[-3.794608392148792, -9.290123766426671, 1.749179593426156, -2.842663332728863, -6.075438023008296]",True,2,`ftol` termination condition is satisfied.,87,0.010913464609202252,"[-0.43053502676733246, -1.4736956573352633, -0.6559383032951521, -1.2951810550859846, -1.213663706825802]",True
B6_leave_N_0.41_M0_6,B6,M0_6,leave_N,2,0,20270928,23,"[0.7697348964070869, 3.056345754718059, -16.976775280453673, -7.500909652905576, -7.3960301307620595]",True,2,`ftol` termination condition is satisfied.,59,0.010913464609202256,"[-0.43053502530059445, -1.4736956572981883, -0.655938302340732, -1.295181055116939, -1.2136637003771351]",True
B6_leave_N_0.41_M0_6,B6,M0_6,leave_N,2,0,20270928,24,"[-15.491958376317696, -13.737957029844654, -2.960075450761334, 0.457058385702231, 0.6633863591019669]",True,2,`ftol` termination condition is satisfied.,99,0.010913464609202247,"[-0.43053502513869296, -1.473695657343552, -0.6559383022456172, -1.2951810550790328, -1.213663699734336]",True
B6_leave_N_0.41_M0_6,B6,M0_6,leave_N,2,0,20270928,25,"[-15.749782215623487, -0.5918565356910541, -14.839010381997177, -3.4006446431314385, -8.286440247150614]",True,2,`ftol` termination condition is satisfied.,66,0.010913464609202252,"[-0.4305350248809638, -1.4736956573610285, -0.6559383020815318, -1.295181055064, -1.2136636986334313]",True
B6_leave_N_0.41_M0_6,B6,M0_6,leave_N,2,0,20270928,26,"[1.7361206500991848, -5.992263749447332, -5.347054426738072, -4.831066946955056, -0.849006124081348]",True,2,`ftol` termination condition is satisfied.,22,0.010913464609202254,"[-0.4305350291007095, -1.4736956579533533, -0.6559383049307249, -1.2951810545655467, -1.213663717865354]",True
B6_leave_N_0.41_M0_6,B6,M0_6,leave_N,2,0,20270928,27,"[-4.741145917500692, 0.6501729666869238, -9.925916882677804, -0.17600350803387066, -1.9120053901135377]",True,2,`ftol` termination condition is satisfied.,22,0.010913464609202252,"[-0.430535027843959, -1.4736956573187845, -0.655938303986954, -1.2951810551006897, -1.2136637114989992]",True
B6_leave_N_0.41_M0_6,B6,M0_6,leave_N,2,0,20270928,28,"[-9.98348526236035, -16.85675219159125, 1.3408087365238188, -8.134572253837604, -4.61924440168349]",True,2,`ftol` termination condition is satisfied.,84,0.010913464609202252,"[-0.4305350251490339, -1.4736956573617304, -0.6559383022543953, -1.2951810550638987, -1.2136636998033499]",True
B6_leave_N_0.41_M0_6,B6,M0_6,leave_N,2,0,20270928,29,"[-7.292158554984685, 4.311303041175201, -1.536174735324602, -7.278855775842626, -5.547181948607691]",True,2,`ftol` termination condition is satisfied.,74,0.010913464609202256,"[-0.4305350249234166, -1.4736956573550384, -0.6559383021057239, -1.2951810550690572, -1.2136636988084235]",True
B6_leave_N_0.41_M0_6,B6,M0_6,leave_N,2,0,20270928,30,"[-1.0254066350545052, -12.37160541720523, -12.70333311925998, -0.9524874600797233, -3.4393504659236758]",True,2,`ftol` termination condition is satisfied.,35,0.01091346460920225,"[-0.43053502489910866, -1.4736956573587114, -0.6559383020923146, -1.295181055066228, -1.2136636987090275]",True
B6_leave_N_0.41_M0_6,B6,M0_6,leave_N,2,0,20270928,31,"[3.7170406366791156, -4.410533281352796, 3.1731728718801158, -5.833383443889179, 0.07992263590251092]",True,2,`ftol` termination condition is satisfied.,21,0.010913464609202252,"[-0.4305350246620044, -1.4736956573994378, -0.6559383019491588, -1.2951810550322378, -1.2136636977330535]",True
B6_leave_N_0.41_M0_6,B6,M0_6,leave_N,2,0,20270928,32,"[-12.745580791027605, -10.411648321501396, -6.217998432135694, -2.4774242446782386, -6.760141026443387]",True,2,`ftol` termination condition is satisfied.,94,0.010913464609202252,"[-0.43053502612646766, -1.4736956572065913, -0.6559383028521181, -1.2951810551946448, -1.2136637038492597]",True
B6_leave_N_0.41_MQ-add,B6,MQ-add,leave_N,2,0,20370928,0,"[-1.0509874852461585, -1.5714925625701046, -0.37087710377739214, -1.2763503266496101, -2.3066169576643176, 0.2049494012308654]",True,2,`ftol` termination condition is satisfied.,25,0.004732279637915888,"[-0.4882687884553743, -1.4736956572628743, -0.6559383026995754, -1.2951810551467027, -1.2136637028073995, -2.038210488856964]",True
B6_leave_N_0.41_MQ-add,B6,MQ-add,leave_N,2,0,20370928,1,"[-4.059811181101637, -10.352765738044653, -11.621621297848524, 0.03446011839964491, -6.8136642489917785, -12.917647415096765]",True,2,`ftol` termination condition is satisfied.,31,0.004732279637915889,"[-0.48826878754207764, -1.473695657341851, -0.6559383021579706, -1.2951810550802272, -1.2136636991531116, -2.0382104888411363]",True
B6_leave_N_0.41_MQ-add,B6,MQ-add,leave_N,2,0,20370928,2,"[-15.691661408814493, 0.9978901656861261, -3.4171810971453827, -7.306554388910062, -2.674136852752719, 0.46034795792205685]",True,2,`ftol` termination condition is satisfied.,108,0.004732279637915891,"[-0.4882687869581349, -1.4736956575469256, -0.6559383018442027, -1.295181054908125, -1.2136636970358434, -2.0382104888456367]",True
B6_leave_N_0.41_MQ-add,B6,MQ-add,leave_N,2,0,20370928,3,"[-10.747093978491513, -15.433932404141263, -9.536693917232096, -2.699927675118503, 0.17585605116667047, -1.1036859898419564]",True,2,`ftol` termination condition is satisfied.,45,0.004732279637915892,"[-0.48826878721085454, -1.473695657397246, -0.6559383019691096, -1.29518105503433, -1.2136636978745665, -2.0382104888699937]",True
B6_leave_N_0.41_MQ-add,B6,MQ-add,leave_N,2,0,20370928,4,"[0.3504845518625679, -3.8940148522477234, 4.387482744035147, -4.60010530659219, -3.9635445812165173, -8.782432537277435]",True,2,`ftol` termination condition is satisfied.,71,0.004732279637915892,"[-0.4882687872694826, -1.47369565740127, -0.6559383020050898, -1.2951810550308966, -1.213663698115709, -2.038210488845674]",True
B6_leave_N_0.41_MQ-add,B6,MQ-add,leave_N,2,0,20370928,5,"[4.161307283052363, -13.420853817450926, -1.8799807859350466, -5.314667939520227, -6.232645908221865, -16.980824615236727]",True,2,`ftol` termination condition is satisfied.,38,0.0047322796379158875,"[-0.48826878674289437, -1.4736956575702478, -0.6559383017199826, -1.295181054888486, -1.213663696188552, -2.038210488866629]",True
B6_leave_N_0.41_MQ-add,B6,MQ-add,leave_N,2,0,20370928,6,"[-7.537318075129615, -1.6301494234861522, -15.735134691358404, -3.042420911297234, -0.8356937520077672, 3.8348294750981573]",True,2,`ftol` termination condition is satisfied.,49,0.004732279637915891,"[-0.4882687877439677, -1.4736956573754532, -0.6559383022900754, -1.2951810550526728, -1.213663700035654, -2.0382104888531685]",True
B6_leave_N_0.41_MQ-add,B6,MQ-add,leave_N,2,0,20370928,7,"[-11.847372646125994, -6.569912153853373, -0.0441240526222586, -7.963453749667595, -2.7916950786844064, -3.4277501589990553]",True,2,`ftol` termination condition is satisfied.,88,0.00473227963791589,"[-0.4882687874184346, -1.4736956573362576, -0.655938302081434, -1.295181055085021, -1.2136636986362348, -2.0382104888412904]",True
B6_leave_N_0.41_MQ-add,B6,MQ-add,leave_N,2,0,20370928,8,"[-0.683018985302791, 4.341429649526887, -8.226802560594653, -0.40295032604507774, -8.188593232359008, -7.147060654276228]",True,2,`ftol` termination condition is satisfied.,77,0.004732279637915887,"[-0.48826878812213037, -1.4736956573753268, -0.6559383025177381, -1.2951810550526066, -1.2136637015891392, -2.038210488850093]",True
B6_leave_N_0.41_MQ-add,B6,MQ-add,leave_N,2,0,20370928,9,"[-1.6043109667479811, -16.19113913505813, 2.3717380664579792, -3.352104575971051, -1.764395958903643, -10.369868092970776]",True,2,`ftol` termination condition is satisfied.,37,0.004732279637915887,"[-0.4882687880805568, -1.47369565727064, -0.6559383024757447, -1.2951810551399292, -1.2136637012800706, -2.038210488867717]",True
B6_leave_N_0.41_MQ-add,B6,MQ-add,leave_N,2,0,20370928,10,"[-13.080407358534831, -4.561543644786733, -5.829045555383834, -6.220408062336309, -7.097081682430314, -2.3322854263920085]",True,2,`ftol` termination condition is satisfied.,104,0.004732279637915891,"[-0.48826878739403745, -1.473695657374225, -0.6559383020776679, -1.2951810550532927, -1.2136636985978786, -2.038210488869879]",True
B6_leave_N_0.41_MQ-add,B6,MQ-add,leave_N,2,0,20370928,11,"[-6.259845047032108, -9.507197798900057, -1.4022570034539736, -1.2900675310038787, -4.880394749514356, 2.070063856463321]",True,2,`ftol` termination condition is satisfied.,82,0.0047322796379158875,"[-0.48826878780004157, -1.4736956573801967, -0.6559383023226026, -1.2951810550489389, -1.213663700270695, -2.0382104888519184]",True
B6_leave_N_0.41_MQ-add,B6,MQ-add,leave_N,2,0,20370928,12,"[5.038160778968486, 1.5770357556657864, -15.328362117526948, -8.254505401319584, 0.45241887476375275, -11.666762200806033]",True,2,`ftol` termination condition is satisfied.,35,0.0047322796379158875,"[-0.488268787392257, -1.4736956573650009, -0.6559383020748055, -1.2951810550613263, -1.2136636985739202, -2.0382104888518913]",True
B6_leave_N_0.41_MQ-add,B6,MQ-add,leave_N,2,0,20370928,13,"[1.616889420865114, -7.238104003308456, -10.129876603854278, -6.41944116308575, -1.1529653952205914, -8.397856574977402]",True,2,`ftol` termination condition is satisfied.,32,0.004732279637915889,"[-0.48826878719905836, -1.4736956574159792, -0.6559383019651377, -1.2951810550181746, -1.213663697852131, -2.038210488873545]",True
B6_leave_N_0.41_MQ-add,B6,MQ-add,leave_N,2,0,20370928,14,"[-9.88147712334575, 3.584907715097117, 3.7289442406947195, 0.32551688608169194, -5.358905682980113, -5.037556030491469]",True,2,`ftol` termination condition is satisfied.,103,0.004732279637915889,"[-0.4882687898256446, -1.4736956573548083, -0.655938303555313, -1.2951810550699048, -1.2136637085782136, -2.0382104888561954]",True
B6_leave_N_0.41_MQ-add,B6,MQ-add,leave_N,2,0,20370928,15,"[-16.601885231164722, -12.842371284387337, -13.832892271610447, -4.290426757948431, -7.873705392693103, 5.063345052951409]",True,2,`ftol` termination condition is satisfied.,120,0.004732279637915892,"[-0.4882687885901993, -1.4736956573628548, -0.6559383028018294, -1.2951810550629914, -1.2136637035004505, -2.038210488852264]",True
B6_leave_N_0.41_MQ-add,B6,MQ-add,leave_N,2,0,20370928,16,"[-5.281609252740118, -0.7838966878544653, -5.65213049745628, -1.7941835731679312, -3.667709965498517, -15.39330452148499]",True,2,`ftol` termination condition is satisfied.,80,0.0047322796379158875,"[-0.4882687872894658, -1.4736956573510498, -0.6559383020129435, -1.2951810550726868, -1.2136636981354085, -2.038210488857006]",True
B6_leave_N_0.41_MQ-add,B6,MQ-add,leave_N,2,0,20370928,17,"[-4.459277412056434, -11.492521725785242, -6.511774044553775, -7.697052649654326, -4.244463242543783, -5.220966316012145]",True,2,`ftol` termination condition is satisfied.,35,0.004732279637915888,"[-0.48826878804501345, -1.4736956573079794, -0.6559383024537255, -1.2951810551085723, -1.2136637011746998, -2.0382104888478287]",True
B6_leave_N_0.41_MQ-add,B6,MQ-add,leave_N,2,0,20370928,18,"[-15.913034356536652, -0.7537291055066184, 1.7135263360444242, -0.6556648377028491, -0.17886134374081308, -7.512519445001727]",True,2,`ftol` termination condition is satisfied.,37,0.004732279637915891,"[-0.4882687874006514, -1.4736956573735256, -0.6559383020791362, -1.2951810550539828, -1.2136636986196112, -2.038210488859186]",True
B6_leave_N_0.41_MQ-add,B6,MQ-add,leave_N,2,0,20370928,19,"[-9.103776621963721, -8.548485328265766, -14.646193422310743, -5.588411111113871, -2.395675608960425, -14.496833079579108]",True,2,`ftol` termination condition is satisfied.,63,0.0047322796379158875,"[-0.4882687870152626, -1.4736956575946971, -0.6559383018908277, -1.2951810548678033, -1.213663697341932, -2.0382104888584083]",True
B6_leave_N_0.41_MQ-add,B6,MQ-add,leave_N,2,0,20370928,20,"[2.1718897567302413, 3.4258571284242336, -0.7428767710981568, -2.7922462243391477, -6.461150743907525, 4.891063984148985]",True,2,`ftol` termination condition is satisfied.,41,0.004732279637915887,"[-0.4882687879199752, -1.473695657396753, -0.6559383024012608, -1.2951810550344491, -1.2136637007891653, -2.0382104888518806]",True
B6_leave_N_0.41_MQ-add,B6,MQ-add,leave_N,2,0,20370928,21,"[4.48289965317133, -9.131273209283224, 2.986035141591799, -2.354324176888669, -8.5044032009148, -2.159484178908821]",True,2,`ftol` termination condition is satisfied.,61,0.004732279637915887,"[-0.4882687876217232, -1.4736956573786675, -0.6559383022167157, -1.2951810550496845, -1.2136636995356647, -2.0382104888459294]",True
B6_leave_N_0.41_MQ-add,B6,MQ-add,leave_N,2,0,20370928,22,"[-7.037632421778014, 2.5811500465699133, -10.895563296032076, -4.9227053572839345, -3.0323613662026263, -11.26546634292744]",True,2,`ftol` termination condition is satisfied.,104,0.004732279637915884,"[-0.4882687795689957, -1.4736956577510993, -0.6559382973954272, -1.295181054738041, -1.2136636669146144, -2.038210488843219]",True
B6_leave_N_0.41_MQ-add,B6,MQ-add,leave_N,2,0,20370928,23,"[-13.768997273390475, -16.694533656883774, -4.91048772836521, -0.3091674553324033, -0.5176162274769176, -12.551233272129226]",True,2,`ftol` termination condition is satisfied.,109,0.004732279637915889,"[-0.4882687874478011, -1.4736956573594064, -0.6559383021025395, -1.2951810550656382, -1.2136636987901825, -2.0382104888505754]",True
B6_leave_N_0.41_MQ-add,B6,MQ-add,leave_N,2,0,20370928,24,"[-2.426555764227393, -5.527559295020261, -13.066721873977482, -6.977176166839842, -5.989604059649594, 2.2539973777919364]",True,2,`ftol` termination condition is satisfied.,26,0.004732279637915891,"[-0.4882687877003583, -1.4736956573519708, -0.6559383022570846, -1.2951810550718101, -1.213663699822703, -2.038210488856611]",True
B6_leave_N_0.41_MQ-add,B6,MQ-add,leave_N,2,0,20370928,25,"[-1.1937140754315454, -6.367205451447507, -4.070648166184075, -4.04024915769545, 0.7320414751431059, 3.2952831930908886]",True,2,`ftol` termination condition is satisfied.,23,0.004732279637915886,"[-0.4882687872663027, -1.4736956573470894, -0.6559383019926565, -1.2951810550757186, -1.2136636980278952, -2.0382104888469326]",True
B6_leave_N_0.41_MQ-add,B6,MQ-add,leave_N,2,0,20370928,26,"[-12.847903750451032, 5.518761742721782, -12.297876829747606, -2.067923831466681, -4.524390388823505, -15.739348601487686]",True,2,`ftol` termination condition is satisfied.,92,0.004732279637915893,"[-0.4882687881249934, -1.4736956574143654, -0.6559383025276576, -1.2951810550201968, -1.2136637016560676, -2.0382104888520014]",True
B6_leave_N_0.41_MQ-add,B6,MQ-add,leave_N,2,0,20370928,27,"[-7.9142930639215425, -13.76355252989265, 5.040476977404182, -6.672154040456141, -7.37451062504655, -5.894452876202953]",True,2,`ftol` termination condition is satisfied.,104,0.00473227963791589,"[-0.48826878638768934, -1.473695657472288, -0.6559383014823772, -1.2951810549710079, -1.2136636945869759, -2.0382104888568526]",True
B6_leave_N_0.41_MQ-add,B6,MQ-add,leave_N,2,0,20370928,28,"[3.2056249137391717, -2.7568609680237994, -8.859182925106676, 0.59191962038234, -2.1179508603285004, -3.956170451255643]",True,2,`ftol` termination condition is satisfied.,35,0.00473227963791589,"[-0.48826878798399304, -1.4736956573716058, -0.6559383024336032, -1.2951810550556535, -1.2136637010199136, -2.0382104888680592]",True
B6_leave_N_0.41_MQ-add,B6,MQ-add,leave_N,2,0,20370928,29,"[1.3064277111077836, -14.602357318215358, -16.50721825230849, -0.9606920801166083, -3.3531232965742657, 0.9892854566524321]",True,2,`ftol` termination condition is satisfied.,34,0.004732279637915886,"[-0.4882687874669439, -1.4736956573699591, -0.6559383021202502, -1.2951810550568323, -1.2136636988875191, -2.0382104888527475]",True
B6_leave_N_0.41_MQ-add,B6,MQ-add,leave_N,2,0,20370928,30,"[-10.370032116335711, -3.3455728821438893, -2.627536718343242, -8.59813574623458, -7.63182490070789, -14.169384463906594]",True,2,`ftol` termination condition is satisfied.,110,0.0047322796379158875,"[-0.4882687873720459, -1.4736956573623528, -0.6559383020603785, -1.2951810550632057, -1.2136636984843405, -2.038210488845908]",True
B6_leave_N_0.41_MQ-add,B6,MQ-add,leave_N,2,0,20370928,31,"[-14.691391264261881, -11.135133347429536, -7.455898371372337, -3.674706403062121, -5.675878145018531, -10.023040199528614]",True,2,`ftol` termination condition is satisfied.,120,0.004732279637915889,"[-0.48826878793971024, -1.4736956573825117, -0.655938302409476, -1.295181055046169, -1.2136637008532636, -2.0382104888683736]",True
B6_leave_N_0.41_MQ-add,B6,MQ-add,leave_N,2,0,20370928,32,"[-3.5492031341771604, 0.3108257785206199, 0.7040025435251778, -5.874806340505802, -1.3971214014498416, -0.563613329979372]",True,2,`ftol` termination condition is satisfied.,52,0.00473227963791589,"[-0.48826878764032544, -1.4736956573649747, -0.6559383022211167, -1.29518105506138, -1.2136636995932435, -2.0382104888620107]",True
B6_leave_N_0.41_MQ-eff,B6,MQ-eff,leave_N,2,0,20470928,0,"[-1.0509874852461585, -1.5714925625701046, -0.37087710377739214, -1.2763503266496101, -2.3066169576643176, -1.146040733446924]",True,2,`ftol` termination condition is satisfied.,34,0.010913468862822242,"[-0.4305350196155016, -1.4736956574320625, -0.6559382609420864, -1.2951810550050327, -1.2136637138927342, -13.81551055790075]",True
B6_leave_N_0.41_MQ-eff,B6,MQ-eff,leave_N,2,0,20470928,1,"[2.543298778439855, -4.783388600206608, 4.987799682750126, -5.887269691403738, -4.432954790005623, -10.536415408396373]",True,2,`ftol` termination condition is satisfied.,64,0.010913468862822255,"[-0.4305350189431663, -1.4736956573828903, -0.6559382604932501, -1.2951810550460978, -1.2136637108882429, -13.81551055796426]",True
B6_leave_N_0.41_MQ-eff,B6,MQ-eff,leave_N,2,0,20470928,2,"[-10.064760389478334, -6.916287422633307, -9.302360788374743, -3.420953976806424, -2.3804797117999783, 2.0287823160110428]",True,2,`ftol` termination condition is satisfied.,112,0.010913468862822254,"[-0.430535018949418, -1.4736956573785713, -0.655938260503878, -1.2951810550496363, -1.213663710915746, -13.815510557964272]",True
B6_leave_N_0.41_MQ-eff,B6,MQ-eff,leave_N,2,0,20470928,3,"[-14.827057035974843, 2.548624187827624, -2.274416811344862, -7.455899646484901, -0.267446878598804, -4.2876955670714825]",True,2,`ftol` termination condition is satisfied.,130,0.010913468862822245,"[-0.43053502124841436, -1.4736956567367006, -0.6559382618481582, -1.2951810555903156, -1.2136637200424185, -13.815510557964185]",True
B6_leave_N_0.41_MQ-eff,B6,MQ-eff,leave_N,2,0,20470928,4,"[-4.99605538048697, -13.831498327769115, -16.475915286896107, -0.07325299160001819, -6.490016264809912, -7.147979301225107]",True,2,`ftol` termination condition is satisfied.,47,0.010913468862822242,"[-0.43053501897698687, -1.4736956573657953, -0.6559382605051852, -1.2951810550603169, -1.213663711006452, -13.815510557964272]",True
B6_leave_N_0.41_MQ-eff,B6,MQ-eff,leave_N,2,0,20470928,5,"[-0.5475643888954203, 3.9571750252609768, -6.384550338462811, -1.5048823410013465, -8.191838145478984, -12.626903538852822]",True,2,`ftol` termination condition is satisfied.,116,0.01091346886282225,"[-0.43053501890809365, -1.4736956574324513, -0.655938260479342, -1.2951810550051976, -1.213663710803254, -13.81551055796311]",True
B6_leave_N_0.41_MQ-eff,B6,MQ-eff,leave_N,2,0,20470928,6,"[-13.517328067988494, -15.283526948516938, 2.1208598290222547, -8.409061095694131, -0.7073033272128324, 0.2046452475788918]",True,2,`ftol` termination condition is satisfied.,89,0.010913468862822254,"[-0.43053501894562435, -1.4736956573865982, -0.6559382604862057, -1.295181055043285, -1.2136637108963764, -13.815510557963895]",True
B6_leave_N_0.41_MQ-eff,B6,MQ-eff,leave_N,2,0,20470928,7,"[-5.98724702498399, -0.5253885403527256, -13.65861494122316, -2.3204519988352024, -2.764294865175673, -2.4523455051712038]",True,2,`ftol` termination condition is satisfied.,64,0.010913468862822255,"[-0.43053501893636525, -1.4736956574210887, -0.6559382604959484, -1.2951810550144953, -1.2136637109112514, -13.815510557964272]",True
B6_leave_N_0.41_MQ-eff,B6,MQ-eff,leave_N,2,0,20470928,8,"[4.19441781736678, -11.217765265801662, -5.064499214102234, -4.603999529193638, -6.078730863382075, -5.04533290416786]",True,2,`ftol` termination condition is satisfied.,49,0.01091346886282225,"[-0.43053501891929324, -1.4736956573815363, -0.655938260471934, -1.295181055046781, -1.2136637107772965, -13.815510557936909]",True
B6_leave_N_0.41_MQ-eff,B6,MQ-eff,leave_N,2,0,20470928,9,"[5.282862451858932, 0.8397920227384574, -12.590948305103204, -7.840421735736188, -1.8192250836522117, -8.54089960480498]",True,2,`ftol` termination condition is satisfied.,27,0.010913468862822243,"[-0.43053501944323963, -1.4736956573465363, -0.65593826080034, -1.295181055076373, -1.213663713011622, -13.815510557964272]",True
B6_leave_N_0.41_MQ-eff,B6,MQ-eff,leave_N,2,0,20470928,10,"[-7.77603193984776, -12.699294654262436, -3.9992537377843007, -0.881527643553631, -4.984609543030255, -3.951594191988585]",True,2,`ftol` termination condition is satisfied.,85,0.010913468862822255,"[-0.4305350178025012, -1.47369565746658, -0.6559382597691457, -1.2951810549757268, -1.213663706025877, -13.815510557964272]",True
B6_leave_N_0.41_MQ-eff,B6,MQ-eff,leave_N,2,0,20470928,11,"[-11.72851869610733, -3.1091196355910036, -7.4883923001196955, -4.036398154889593, -7.041672971873802, 1.6961263378694582]",True,2,`ftol` termination condition is satisfied.,101,0.010913468862822236,"[-0.4305350189063777, -1.4736956573881717, -0.6559382604573204, -1.295181055041942, -1.2136637107242148, -13.815510557964238]",True
B6_leave_N_0.41_MQ-eff,B6,MQ-eff,leave_N,2,0,20470928,12,"[-1.635990001262929, -8.099837245440085, 1.0138736969865718, -1.6958046511262772, 0.29381027203600674, -9.139150081734837]",True,2,`ftol` termination condition is satisfied.,19,0.010913468862822247,"[-0.43053501828615953, -1.473695657404474, -0.6559382600655856, -1.2951810550277345, -1.213663708046138, -13.815510557964272]",True
B6_leave_N_0.41_MQ-eff,B6,MQ-eff,leave_N,2,0,20470928,13,"[-3.200767616442194, -1.668567979777535, -1.1803148568660085, -2.834689360380408, -1.2589928621362576, -6.645173787726644]",True,2,`ftol` termination condition is satisfied.,43,0.010913468862822243,"[-0.4305350189366632, -1.4736956573537843, -0.6559382604835647, -1.295181055070282, -1.2136637108197204, -13.815510557964272]",True
B6_leave_N_0.41_MQ-eff,B6,MQ-eff,leave_N,2,0,20470928,14,"[-15.897960554101171, -9.497604066765307, -15.384234492219278, -5.28121282450041, -7.630541061387336, -1.7924672497647673]",True,2,`ftol` termination condition is satisfied.,81,0.010913468862822247,"[-0.43053502052550435, -1.47369565767682, -0.6559382615807038, -1.29518105479863, -1.2136637182033407, -13.815510557964272]",True
B6_leave_N_0.41_MQ-eff,B6,MQ-eff,leave_N,2,0,20470928,15,"[-8.993837849227361, 5.129792561291659, 3.9354370252658306, 0.513976849163523, -5.517434596434117, -0.45863275777653456]",True,2,`ftol` termination condition is satisfied.,101,0.010913468862822248,"[-0.43053501946348605, -1.473695657379246, -0.6559382608167694, -1.2951810550486167, -1.2136637131426178, -13.815510557964272]",True
B6_leave_N_0.41_MQ-eff,B6,MQ-eff,leave_N,2,0,20470928,16,"[0.7480354714124715, -16.94651035832739, -10.357867616237833, -6.851208191159156, -3.3159807407164896, -11.031453325368021]",True,2,`ftol` termination condition is satisfied.,33,0.010913468862822245,"[-0.4305350273185595, -1.473695657371987, -0.655938265920662, -1.295181055053212, -1.2136637474183796, -13.815510557964272]",True
B6_leave_N_0.41_MQ-eff,B6,MQ-eff,leave_N,2,0,20470928,17,"[0.19467549657697347, 4.536199816257145, -3.435683828617938, -2.4875672538951576, -6.85196334739444, -1.1168929372621008]",True,3,`xtol` termination condition is satisfied.,92,0.010913468862822248,"[-0.43053501890880236, -1.4736956573377056, -0.6559382604568198, -1.2951810550840686, -1.213663710671185, -13.815510557959254]",True
B6_leave_N_0.41_MQ-eff,B6,MQ-eff,leave_N,2,0,20470928,18,"[-9.986943319025784, -16.129254113035206, -11.937971650215424, -5.033056411400028, 0.03883914702302249, -6.202822351442869]",True,2,`ftol` termination condition is satisfied.,34,0.010913468862822243,"[-0.4305350186126287, -1.4736956574379514, -0.6559382602861565, -1.2951810550003444, -1.2136637095193568, -13.815510557964272]",True
B6_leave_N_0.41_MQ-eff,B6,MQ-eff,leave_N,2,0,20470928,19,"[-16.64123538327239, -2.5286119468447428, 0.44456454107123733, -1.0770635558328783, -2.616632710433797, -11.851151805046147]",True,2,`ftol` termination condition is satisfied.,87,0.010913468862822247,"[-0.4305350189617392, -1.4736956573851072, -0.6559382605059411, -1.2951810550442537, -1.213663710972558, -13.815510557964272]",True
B6_leave_N_0.41_MQ-eff,B6,MQ-eff,leave_N,2,0,20470928,20,"[-3.671431112324056, -8.946798703825017, -8.147108201756447, -8.24085330175699, -4.140558217542272, -0.5153560551936156]",True,2,`ftol` termination condition is satisfied.,34,0.010913468862822247,"[-0.43053501833407265, -1.473695657477814, -0.6559382601273904, -1.2951810549663478, -1.2136637083706545, -13.815510557964272]",True
B6_leave_N_0.41_MQ-eff,B6,MQ-eff,leave_N,2,0,20470928,21,"[-2.4063959849060463, -3.937509343611408, -14.812838295026035, -7.028046789977369, -5.772520014979705, -3.006760723659097]",True,3,`xtol` termination condition is satisfied.,34,0.010913468862822247,"[-0.43053502372522945, -1.4736956572522604, -0.6559382635531644, -1.2951810551556755, -1.2136637315628318, -13.815510557964272]",True
B6_leave_N_0.41_MQ-eff,B6,MQ-eff,leave_N,2,0,20470928,22,"[-12.237443667141934, -7.495116472570107, -0.5195119988715504, 0.09498894473215991, -3.1263125773973854, -8.36001690432505]",True,2,`ftol` termination condition is satisfied.,113,0.010913468862822254,"[-0.4305350156722211, -1.4736956577024052, -0.6559382584469056, -1.2951810547779474, -1.2136636970680192, -13.815510557964272]",True
B6_leave_N_0.41_MQ-eff,B6,MQ-eff,leave_N,2,0,20470928,23,"[-8.380175722423647, 0.2778531970699518, -10.923524566682106, -6.054273566225982, -0.41483640933618915, -9.690565110047029]",True,2,`ftol` termination condition is satisfied.,105,0.010913468862822243,"[-0.43053501932229055, -1.4736956573577675, -0.6559382607338192, -1.2951810550672735, -1.213663712507575, -13.815510557964243]",True
B6_leave_N_0.41_MQ-eff,B6,MQ-eff,leave_N,2,0,20470928,24,"[4.227842853639277, -11.828122659359767, 3.2803734140203424, -3.84989940771913, -8.427916251117237, 1.3789100091094202]",True,2,`ftol` termination condition is satisfied.,46,0.010913468862822243,"[-0.43053501904051217, -1.4736956573685378, -0.655938260548686, -1.2951810550583724, -1.2136637112891175, -13.815510557776474]",True
B6_leave_N_0.41_MQ-eff,B6,MQ-eff,leave_N,2,0,20470928,25,"[3.156787158515815, -1.1787625580830454, -9.8948144775461, 0.6438361075047734, 0.6789750359172828, 0.8768122023005152]",True,3,`xtol` termination condition is satisfied.,30,0.010913468862822243,"[-0.43053502191721815, -1.4736956577437275, -0.6559382624823595, -1.2951810547421956, -1.213663724357595, -13.815510557962783]",True
B6_leave_N_0.41_MQ-eff,B6,MQ-eff,leave_N,2,0,20470928,26,"[-6.585127093660077, -10.432550260904456, 4.306662173513928, -6.3848998598163345, -7.483083583375748, -12.188935164810978]",True,2,`ftol` termination condition is satisfied.,105,0.01091346886282225,"[-0.43053502346627054, -1.473695657229016, -0.6559382633979675, -1.295181055173816, -1.2136637304133642, -13.815510557964272]",True
B6_leave_N_0.41_MQ-eff,B6,MQ-eff,leave_N,2,0,20470928,27,"[-14.032511318030146, 3.2154406909650177, -15.888853011337421, -3.299759594685308, -4.771678773275459, -5.869414446087915]",True,2,`ftol` termination condition is satisfied.,84,0.01091346886282225,"[-0.4305350199420797, -1.4736956575224789, -0.6559382611674126, -1.2951810549282519, -1.2136637154397178, -13.815510557964272]",True
B6_leave_N_0.41_MQ-eff,B6,MQ-eff,leave_N,2,0,20470928,28,"[-1.3353647467999803, -14.586672599866167, -1.5986707157213331, -5.412164621718848, -1.976492522653169, -2.512476160369328]",True,2,`ftol` termination condition is satisfied.,38,0.010913468862822243,"[-0.43053501912153214, -1.4736956573585185, -0.6559382606014326, -1.2951810550664657, -1.2136637116305873, -13.815510557964272]",True
B6_leave_N_0.41_MQ-eff,B6,MQ-eff,leave_N,2,0,20470928,29,"[-5.460455162469032, 1.7745424758182402, 1.5331019296510675, -4.501507150227776, -3.757466245214001, 2.977023142121574]",True,2,`ftol` termination condition is satisfied.,79,0.010913468862822247,"[-0.4305350195510302, -1.4736956573741873, -0.6559382608867423, -1.2951810550537608, -1.2136637135296133, -13.815510557962273]",True
B6_leave_N_0.41_MQ-eff,B6,MQ-eff,leave_N,2,0,20470928,30,"[-15.552942925777373, -13.18925216803386, -7.060992142819041, -1.8267949962100793, -5.132340177966131, -10.35114964567451]",True,2,`ftol` termination condition is satisfied.,103,0.010913468862822248,"[-0.4305350178172777, -1.4736956575197753, -0.6559382597890534, -1.2951810549309237, -1.2136637061639046, -13.815510557964272]",True
B6_leave_N_0.41_MQ-eff,B6,MQ-eff,leave_N,2,0,20470928,31,"[-11.075260233538195, -5.469109655969559, -4.471349901118375, -7.71066945216232, -7.78773787075111, -7.695011267295368]",True,2,`ftol` termination condition is satisfied.,150,0.010913468862822259,"[-0.4305350189512639, -1.4736956573619215, -0.6559382604915689, -1.2951810550643599, -1.2136637108923176, -13.815510557964272]",True
B6_leave_N_0.41_MQ-eff,B6,MQ-eff,leave_N,2,0,20470928,32,"[1.9836805245973075, -6.185680946332415, -12.97678172325426, -0.41532607381027553, -1.0459869151620058, -4.6015045380504755]",True,2,`ftol` termination condition is satisfied.,43,0.010913468862822252,"[-0.43053501885580553, -1.4736956573828552, -0.6559382604354265, -1.2951810550458878, -1.2136637105059869, -13.815510557964272]",True
B6_leave_N_0.7_M0_6,B6,M0_6,leave_N,3,0,20270929,0,"[-1.0698825656966897, -1.5903876430206356, -0.38977218422792315, -1.2763503266496101, -2.3066169576643176]",True,2,`ftol` termination condition is satisfied.,25,0.010560881816603935,"[-0.4640354445708536, -1.5049759684918116, -0.6843554004101645, -1.2844438599258918, -1.2906668094959945]",True
B6_leave_N_0.7_M0_6,B6,M0_6,leave_N,3,0,20270929,1,"[-12.369750972353183, -4.843364913370138, -13.753155367752395, -6.215133790626837, -5.450556217234389]",True,2,`ftol` termination condition is satisfied.,99,0.010560881816603935,"[-0.4640354473420999, -1.5049759684799302, -0.6843554011936742, -1.2844438599364882, -1.2906668204644132]",True
B6_leave_N_0.7_M0_6,B6,M0_6,leave_N,3,0,20270929,2,"[-4.002066613235609, -13.8594409159753, 3.6573394649612965, 0.30439561356698164, -0.1666834335685028]",True,2,`ftol` termination condition is satisfied.,23,0.010560881816603935,"[-0.4640354435682942, -1.5049759684936528, -0.6843554001261046, -1.2844438599244001, -1.2906668055246162]",True
B6_leave_N_0.7_M0_6,B6,M0_6,leave_N,3,0,20270929,3,"[0.8167446806505261, 4.935005962502842, -8.531040490175895, -6.729612582604377, -2.508572740701829]",True,2,`ftol` termination condition is satisfied.,42,0.010560881816603933,"[-0.4640354471929679, -1.5049759684790378, -0.6843554011498433, -1.2844438599369266, -1.2906668198707172]",True
B6_leave_N_0.7_M0_6,B6,M0_6,leave_N,3,0,20270929,4,"[-7.194598557239065, -9.379432981299201, -1.5384266279393852, -3.637572045287233, -7.801757853732026]",True,2,`ftol` termination condition is satisfied.,94,0.010560881816603931,"[-0.46403544660976564, -1.5049759684688497, -0.6843554009824057, -1.2844438599453132, -1.2906668175451435]",True
B6_leave_N_0.7_M0_6,B6,M0_6,leave_N,3,0,20270929,5,"[-11.13582873771149, 0.8516225316925166, 1.856923900832502, -2.518387213745486, -7.284786071823021]",True,2,`ftol` termination condition is satisfied.,76,0.010560881816603935,"[-0.4640354451671775, -1.5049759684779065, -0.6843554005766724, -1.2844438599376886, -1.2906668118409372]",True
B6_leave_N_0.7_M0_6,B6,M0_6,leave_N,3,0,20270929,6,"[3.2921625456072974, -8.120099311141479, -14.835667795572732, -7.845341535842246, -3.043873979299536]",True,3,`xtol` termination condition is satisfied.,46,0.010560881816603935,"[-0.46403545557738973, -1.5049759684557782, -0.6843554035252981, -1.2844438599570487, -1.2906668530762158]",True
B6_leave_N_0.7_M0_6,B6,M0_6,leave_N,3,0,20270929,7,"[-0.05891961402475587, -0.734579473185903, -4.0288806332232525, -0.8159718735897368, -0.6929675270778253]",True,2,`ftol` termination condition is satisfied.,15,0.010560881816603935,"[-0.46403543738002867, -1.5049759685640527, -0.6843553983798268, -1.284443859865593, -1.290666781088485]",True
B6_leave_N_0.7_M0_6,B6,M0_6,leave_N,3,0,20270929,8,"[-14.842911658412765, -15.093372576759116, -8.878817918826444, -5.100551112345752, -4.943191913437632]",True,2,`ftol` termination condition is satisfied.,119,0.010560881816603935,"[-0.4640354464359554, -1.5049759684429622, -0.6843554009324809, -1.284443859966749, -1.290666816824832]",True
B6_leave_N_0.7_M0_6,B6,M0_6,leave_N,3,0,20270929,9,"[-16.155650559172877, 3.4818048910234864, -5.455074470031523, -8.626181023630396, 0.6129056733803893]",True,2,`ftol` termination condition is satisfied.,88,0.010560881816603935,"[-0.46403544653430495, -1.5049759684744222, -0.6843554009630686, -1.2844438599410943, -1.290666817254746]",True
B6_leave_N_0.7_M0_6,B6,M0_6,leave_N,3,0,20270929,10,"[-1.727828097210283, -10.654635880169128, -10.304855502468017, -2.0320849661919222, -5.875274919119892]",True,2,`ftol` termination condition is satisfied.,25,0.010560881816603937,"[-0.46403544436415706, -1.5049759684641142, -0.6843554003494818, -1.2844438599497014, -1.2906668086421458]",True
B6_leave_N_0.7_M0_6,B6,M0_6,leave_N,3,0,20270929,11,"[4.872025745899695, -3.8033033288942306, 0.43383788855773275, -4.246294887888347, -8.292558415123677]",True,2,`ftol` termination condition is satisfied.,49,0.010560881816603937,"[-0.4640354419181295, -1.5049759684949076, -0.6843553996590197, -1.2844438599230388, -1.2906667989861769]",True
B6_leave_N_0.7_M0_6,B6,M0_6,leave_N,3,0,20270929,12,"[-9.912135119844507, -11.929008025959423, -16.259247024364992, -1.378018083040958, -1.8136901519877044]",True,2,`ftol` termination condition is satisfied.,43,0.010560881816603935,"[-0.46403544478688213, -1.5049759684664878, -0.6843554004678913, -1.284443859947298, -1.290666810319072]",True
B6_leave_N_0.7_M0_6,B6,M0_6,leave_N,3,0,20270929,13,"[-6.014037606996627, -2.2128291161697113, -7.10760456421994, -0.10513889762962947, -3.5134693244263495]",True,2,`ftol` termination condition is satisfied.,100,0.010560881816603933,"[-0.46403544556050275, -1.504975968461934, -0.6843554006833624, -1.2844438599512717, -1.2906668133766672]",True
B6_leave_N_0.7_M0_6,B6,M0_6,leave_N,3,0,20270929,14,"[2.3534779307647504, -16.393613177347984, -0.11519586918492308, -5.5064053149476955, -6.574446375309627]",True,2,`ftol` termination condition is satisfied.,45,0.010560881816603935,"[-0.4640354444118924, -1.5049759684799726, -0.6843554003631221, -1.2844438599361327, -1.2906668088502116]",True
B6_leave_N_0.7_M0_6,B6,M0_6,leave_N,3,0,20270929,15,"[-5.627845146242965, 1.8666460747686813, -12.327310000981921, -3.306110995007818, -4.147554264298024]",True,2,`ftol` termination condition is satisfied.,86,0.010560881816603931,"[-0.4640354442449084, -1.5049759684664754, -0.6843554003136226, -1.2844438599474604, -1.2906668081704913]",True
B6_leave_N_0.7_M0_6,B6,M0_6,leave_N,3,0,20270929,16,"[-13.639357205488748, -6.214715332310853, 5.083726962284054, -7.367253820633802, -1.095889507251071]",True,2,`ftol` termination condition is satisfied.,90,0.010560881816603933,"[-0.46403544690187304, -1.5049759684883721, -0.6843554010690772, -1.2844438599289276, -1.2906668187295909]",True
B6_leave_N_0.7_M0_6,B6,M0_6,leave_N,3,0,20270929,17,"[-13.489683655832073, 2.3981422615638337, -11.274417016853047, -0.38809787793023176, -7.6159911962516045]",True,2,`ftol` termination condition is satisfied.,106,0.010560881816603935,"[-0.4640354475175334, -1.5049759684530186, -0.6843554012382195, -1.2844438599587622, -1.2906668211231946]",True
B6_leave_N_0.7_M0_6,B6,M0_6,leave_N,3,0,20270929,18,"[-4.404229994640126, -6.750763921149671, -4.553687740840351, -4.5982421656875845, -2.173680628417114]",True,2,`ftol` termination condition is satisfied.,46,0.010560881816603931,"[-0.46403544774695976, -1.5049759684377348, -0.6843554013062735, -1.2844438599714585, -1.2906668220169764]",True
B6_leave_N_0.7_M0_6,B6,M0_6,leave_N,3,0,20270929,19,"[1.8394423772165354, -2.037342904285399, -16.715105532702236, -2.388691242030238, 0.24361146535940748]",True,2,`ftol` termination condition is satisfied.,21,0.010560881816603935,"[-0.4640354448683421, -1.5049759684817827, -0.6843554004953883, -1.284443859934598, -1.290666810664211]",True
B6_leave_N_0.7_M0_6,B6,M0_6,leave_N,3,0,20270929,20,"[-6.889986745250388, -16.573657226168713, 0.9578715217696256, -7.640919816558747, -5.189384499319638]",True,2,`ftol` termination condition is satisfied.,83,0.010560881816603935,"[-0.4640354495105563, -1.5049759684267887, -0.6843554018005028, -1.2844438599810444, -1.2906668289893823]",True
B6_leave_N_0.7_M0_6,B6,M0_6,leave_N,3,0,20270929,21,"[-8.69113551037987, -3.2740565083379316, -1.3286318912591888, -6.526354973326891, -4.532576978407235]",True,2,`ftol` termination condition is satisfied.,99,0.010560881816603935,"[-0.4640354480706046, -1.5049759684709882, -0.6843554013983264, -1.2844438599437262, -1.2906668233396787]",True
B6_leave_N_0.7_M0_6,B6,M0_6,leave_N,3,0,20270929,22,"[5.018749507513753, -12.467653814173396, -5.9178206858929645, -3.509040325689945, -0.4315485343769563]",True,2,`ftol` termination condition is satisfied.,37,0.010560881816603935,"[-0.46403545066937885, -1.5049759684730666, -0.6843554021360303, -1.284443859941838, -1.290666833643807]",True
B6_leave_N_0.7_M0_6,B6,M0_6,leave_N,3,0,20270929,23,"[-2.606392777602247, 3.6546939035326425, 4.873134294181256, -5.713989096086628, -2.8584319055038767]",True,2,`ftol` termination condition is satisfied.,89,0.010560881816603933,"[-0.4640354443285743, -1.5049759685238207, -0.6843554003417652, -1.2844438598990486, -1.290666808573944]",True
B6_leave_N_0.7_M0_6,B6,M0_6,leave_N,3,0,20270929,24,"[-16.672635900763712, -10.83692929522871, -12.093064849451034, 0.7311054992204742, -6.950145781906695]",True,2,`ftol` termination condition is satisfied.,131,0.010560881816603935,"[-0.4640354485609437, -1.5049759684908999, -0.684355401540752, -1.2844438599275545, -1.2906668253101352]",True
B6_leave_N_0.7_M0_6,B6,M0_6,leave_N,3,0,20270929,25,"[-15.046848536055629, -0.9110127575928217, 3.4470976871219747, -2.8014760310727898, -1.9994200735300742]",True,2,`ftol` termination condition is satisfied.,86,0.010560881816603933,"[-0.46403544789291085, -1.504975968460913, -0.6843554013456733, -1.2844438599522803, -1.2906668226213505]",True
B6_leave_N_0.7_M0_6,B6,M0_6,leave_N,3,0,20270929,26,"[-1.336795376167407, -14.913147775294192, -13.519260427123392, -6.937053665585488, -8.627484278995578]",True,2,`ftol` termination condition is satisfied.,34,0.010560881816603935,"[-0.4640354466961395, -1.5049759684624398, -0.6843554010063988, -1.2844438599507086, -1.2906668178794785]",True
B6_leave_N_0.7_M0_6,B6,M0_6,leave_N,3,0,20270929,27,"[3.8381973889720413, 0.3188369590514064, -2.752213540277129, 0.10161352862494866, -6.285604848642501]",True,2,`ftol` termination condition is satisfied.,21,0.010560881816603935,"[-0.46403545330548496, -1.5049759685222348, -0.6843554028845441, -1.284443859900206, -1.290666844152122]",True
B6_leave_N_0.7_M0_6,B6,M0_6,leave_N,3,0,20270929,28,"[-10.227877592194824, -7.583516786549611, -7.340906400947038, -5.374378778373314, 0.3517739599784484]",True,2,`ftol` termination condition is satisfied.,97,0.010560881816603935,"[-0.4640354450312654, -1.504975968487585, -0.6843554005362195, -1.2844438599293773, -1.2906668113118642]",True
B6_leave_N_0.7_M0_6,B6,M0_6,leave_N,3,0,20270929,29,"[-8.469861494689889, 4.761539450178397, -15.291871079919101, -4.115432461319977, -1.506472396037637]",True,2,`ftol` termination condition is satisfied.,111,0.010560881816603935,"[-0.46403544626697096, -1.504975968533327, -0.6843554008948335, -1.284443859891865, -1.2906668162718873]",True
B6_leave_N_0.7_M0_6,B6,M0_6,leave_N,3,0,20270929,30,"[0.6157603084966574, -9.195893574615503, 2.3813029894151185, -1.1724299089043377, -4.409011698280297]",True,2,`ftol` termination condition is satisfied.,62,0.010560881816603935,"[-0.464035448815616, -1.504975968479702, -0.6843554016110999, -1.2844438599369985, -1.290666826304692]",True
B6_leave_N_0.7_M0_6,B6,M0_6,leave_N,3,0,20270929,31,"[-3.091502643027116, -5.37283588079247, -9.848034657202346, -8.197145120700041, -6.759927885170312]",True,2,`ftol` termination condition is satisfied.,44,0.010560881816603935,"[-0.46403544832223326, -1.50497596844901, -0.6843554014668358, -1.284443859962403, -1.2906668243084933]",True
B6_leave_N_0.7_M0_6,B6,M0_6,leave_N,3,0,20270929,32,"[-11.820763623499444, -13.319891619300957, -3.1278393594028007, -1.5286141122629058, -3.8480740153001918]",True,2,`ftol` termination condition is satisfied.,116,0.010560881816603933,"[-0.46403544423956006, -1.504975968504396, -0.6843554003177282, -1.284443859915516, -1.290666808199208]",True
B6_leave_N_0.7_MQ-add,B6,MQ-add,leave_N,3,0,20370929,0,"[-1.0698825656966897, -1.5903876430206356, -0.38977218422792315, -1.2763503266496101, -2.3066169576643176, 0.18605432078033426]",True,2,`ftol` termination condition is satisfied.,26,0.004623841520495928,"[-0.5249103188913662, -1.5049759684823447, -0.6843554008765305, -1.2844438599341412, -1.290666816043603, -2.0202875945833307]",True
B6_leave_N_0.7_MQ-add,B6,MQ-add,leave_N,3,0,20370929,1,"[-0.9632900356481144, 4.04164453182559, -10.131818346671198, -1.471163555029639, -0.2653586678996529, 3.0204782649035664]",True,3,`xtol` termination condition is satisfied.,84,0.004623841520495929,"[-0.5249103298486181, -1.5049759683946884, -0.6843554037931302, -1.2844438600079962, -1.290666856800093, -2.020287594577422]",True
B6_leave_N_0.7_MQ-add,B6,MQ-add,leave_N,3,0,20370929,2,"[-11.18558017058908, -13.119436830739925, 4.337854084535685, -7.019513935755108, -6.823133452180526, -9.188685399489223]",True,2,`ftol` termination condition is satisfied.,107,0.004623841520495928,"[-0.5249103174927724, -1.5049759685029618, -0.6843554005075743, -1.2844438599164336, -1.290666810855313, -2.020287594582833]",True
B6_leave_N_0.7_MQ-add,B6,MQ-add,leave_N,3,0,20370929,3,"[-16.932237884122483, -4.751005258788778, -14.415319921142508, -1.9785272282046353, -6.288194794449154, -14.089937689909425]",True,2,`ftol` termination condition is satisfied.,148,0.004623841520495927,"[-0.5249103167640117, -1.5049759684663944, -0.684355400308512, -1.284443859947453, -1.290666808088336, -2.020287594575508]",True
B6_leave_N_0.7_MQ-add,B6,MQ-add,leave_N,3,0,20370929,4,"[4.6332276191138, -10.738219117073825, -2.794398201256877, -5.142798773405229, -3.313764202930061, -3.4816336601638582]",True,2,`ftol` termination condition is satisfied.,35,0.004623841520495931,"[-0.5249103190719453, -1.5049759684815878, -0.6843554009238944, -1.2844438599345718, -1.2906668167125768, -2.0202875945711813]",True
B6_leave_N_0.7_MQ-add,B6,MQ-add,leave_N,3,0,20370929,5,"[2.177228328748903, -2.0538802214354845, 2.168087667107425, -4.318909944423981, -2.405135210710819, 1.6621013383392835]",True,2,`ftol` termination condition is satisfied.,21,0.004623841520495928,"[-0.5249103111147738, -1.5049759686625181, -0.6843553988255756, -1.2844438597819614, -1.2906667872764002, -2.0202875945872276]",True
B6_leave_N_0.7_MQ-add,B6,MQ-add,leave_N,3,0,20370929,6,"[-12.898374669717127, -7.641835648493403, -7.938387472066749, -3.017491829126268, -4.199077127975908, -7.834311271438782]",True,2,`ftol` termination condition is satisfied.,98,0.004623841520495928,"[-0.5249103167213822, -1.5049759684604092, -0.6843554002943711, -1.2844438599517387, -1.2906668079188965, -2.020287594573197]",True
B6_leave_N_0.7_MQ-add,B6,MQ-add,leave_N,3,0,20370929,7,"[-7.297105517504308, 1.0857315986040383, -4.9655565456717365, -8.4033739976634, -8.320866697321636, -15.398571760536246]",True,2,`ftol` termination condition is satisfied.,112,0.004623841520495928,"[-0.5249103164911314, -1.504975968483761, -0.6843554002360405, -1.2844438599322834, -1.2906668070921556, -2.0202875945791887]",True
B6_leave_N_0.7_MQ-add,B6,MQ-add,leave_N,3,0,20370929,8,"[-3.5855696150826937, -15.76781126222439, -12.22328097352466, 0.05093604450409295, -0.5732897547628841, -2.1658662927964834]",True,2,`ftol` termination condition is satisfied.,33,0.0046238415204959285,"[-0.5249103173462062, -1.5049759684911481, -0.6843554004623315, -1.2844438599268388, -1.2906668102902699, -2.020287594587225]",True
B6_leave_N_0.7_MQ-add,B6,MQ-add,leave_N,3,0,20370929,9,"[-5.489714395905146, -3.376702504199468, -3.439064119610867, -3.5224126068307786, -7.0260216947462535, -5.136449466436428]",True,2,`ftol` termination condition is satisfied.,69,0.004623841520495928,"[-0.52491031917106, -1.5049759684701685, -0.6843554009520729, -1.2844438599444767, -1.2906668170724749, -2.0202875945801044]",True
B6_leave_N_0.7_MQ-add,B6,MQ-add,leave_N,3,0,20370929,10,"[-6.8092016501424215, -9.140639843575016, -13.812305662137408, -4.82857843354989, 0.7192587187644417, -11.715802957765797]",True,2,`ftol` termination condition is satisfied.,45,0.004623841520495928,"[-0.5249103186431527, -1.5049759684608983, -0.6843554008114047, -1.2844438599520858, -1.2906668150947747, -2.020287594590036]",True
B6_leave_N_0.7_MQ-add,B6,MQ-add,leave_N,3,0,20370929,11,"[-12.405389092709388, 5.639922358883773, 0.8416534735069447, 0.5617518388983935, -3.400197976403028, -10.916198331248761]",True,2,`ftol` termination condition is satisfied.,144,0.004623841520495926,"[-0.5249103155233499, -1.504975968527129, -0.6843553999838502, -1.2844438598962762, -1.2906668035408615, -2.020287594584515]",True
B6_leave_N_0.7_MQ-add,B6,MQ-add,leave_N,3,0,20370929,12,"[0.25659994280241705, -11.745826855136439, -6.682837442618544, -7.897269462976336, -5.196509184032548, 5.456179462172518]",True,2,`ftol` termination condition is satisfied.,35,0.004623841520495927,"[-0.5249103174650664, -1.5049759684896744, -0.6843554004991343, -1.2844438599279577, -1.290666810734984, -2.020287594580985]",True
B6_leave_N_0.7_MQ-add,B6,MQ-add,leave_N,3,0,20370929,13,"[4.0559359856950365, 2.537929911140097, -16.072530859176016, -6.33764321452266, -4.881594023345018, -0.8449696180115538]",True,2,`ftol` termination condition is satisfied.,28,0.004623841520495929,"[-0.5249103186276287, -1.5049759684787076, -0.684355400807924, -1.2844438599373007, -1.2906668150548097, -2.020287594572489]",True
B6_leave_N_0.7_MQ-add,B6,MQ-add,leave_N,3,0,20370929,14,"[-14.93869497697884, -14.448473913368915, -1.1579583193692695, -0.7845451934317671, -1.9094508657094345, -16.01406283490217]",True,2,`ftol` termination condition is satisfied.,121,0.004623841520495931,"[-0.524910317604375, -1.5049759684647777, -0.684355400536199, -1.2844438599487455, -1.2906668112274362, -2.020287594592961]",True
B6_leave_N_0.7_MQ-add,B6,MQ-add,leave_N,3,0,20370929,15,"[-9.176259345177527, -0.7338497539133861, -8.941670712670552, -5.8305620954243835, -1.3721884289643516, -6.4852401126134485]",True,2,`ftol` termination condition is satisfied.,120,0.004623841520495929,"[-0.5249103174824982, -1.5049759685054256, -0.6843554005021878, -1.2844438599149732, -1.290666810819565, -2.020287594591087]",True
B6_leave_N_0.7_MQ-add,B6,MQ-add,leave_N,3,0,20370929,16,"[-1.5449784123852357, -6.190335549835925, 3.1241512007351417, -2.661579219460581, -7.932323408445112, 1.029566440294598]",True,2,`ftol` termination condition is satisfied.,70,0.004623841520495926,"[-0.5249103167124972, -1.504975968464821, -0.6843554002940797, -1.2844438599491557, -1.2906668078971963, -2.0202875945910788]",True
B6_leave_N_0.7_MQ-add,B6,MQ-add,leave_N,3,0,20370929,17,"[-2.696269577856796, -1.1429608601929537, -13.225515131216456, -8.312646276212751, -2.777455577156836, -17.01215154937536]",True,2,`ftol` termination condition is satisfied.,52,0.004623841520495927,"[-0.5249103164486256, -1.5049759684833846, -0.6843554002247578, -1.2844438599330859, -1.2906668069319538, -2.02028759457268]",True
B6_leave_N_0.7_MQ-add,B6,MQ-add,leave_N,3,0,20370929,18,"[-9.624913988088602, -7.133685319516742, -4.009164009961912, -0.15649393598123318, -5.763518333447449, -0.54828914033628]",True,2,`ftol` termination condition is satisfied.,95,0.004623841520495927,"[-0.5249103167754586, -1.5049759685104855, -0.6843554003172052, -1.28444385991034, -1.290666808189804, -2.0202875945819803]",True
B6_leave_N_0.7_MQ-add,B6,MQ-add,leave_N,3,0,20370929,19,"[-15.19813892384673, 1.9507612730317945, -6.1120445609811735, -4.070897286439019, -6.310108429883022, 0.06487802908585749]",True,2,`ftol` termination condition is satisfied.,129,0.004623841520495931,"[-0.524910314356916, -1.5049759685140986, -0.6843553996704977, -1.284443859907127, -1.2906667991706278, -2.020287594572413]",True
B6_leave_N_0.7_MQ-add,B6,MQ-add,leave_N,3,0,20370929,20,"[3.0716159351144015, -15.213766151220998, 0.25415908151416033, -3.06730941162561, 0.2453476736502065, -6.244215824033157]",True,2,`ftol` termination condition is satisfied.,43,0.004623841520495929,"[-0.5249103164401681, -1.5049759684756008, -0.6843554002239284, -1.2844438599394044, -1.2906668068960103, -2.020287594589676]",True
B6_leave_N_0.7_MQ-add,B6,MQ-add,leave_N,3,0,20370929,21,"[1.2395286608378484, 4.60192906955178, -0.5704694471894385, -1.628896570529827, -0.6376776132262076, -12.855631382436384]",True,2,`ftol` termination condition is satisfied.,61,0.004623841520495928,"[-0.5249103164338471, -1.5049759684664545, -0.68435540021869, -1.2844438599473724, -1.2906668068566105, -2.0202875945806706]",True
B6_leave_N_0.7_MQ-add,B6,MQ-add,leave_N,3,0,20370929,22,"[-12.144553813296294, -12.249515582992531, -16.64332926062634, -5.687131821267754, -8.387574373428174, -4.719937331257988]",True,2,`ftol` termination condition is satisfied.,85,0.004623841520495929,"[-0.5249103168601894, -1.5049759684650197, -0.6843554003341394, -1.2844438599486827, -1.2906668084450375, -2.02028759457363]",True
B6_leave_N_0.7_MQ-add,B6,MQ-add,leave_N,3,0,20370929,23,"[-6.359155674686139, -4.236572363628074, 3.694245741113633, -0.9627563183068606, -4.2774351058910804, 4.282961943703786]",True,2,`ftol` termination condition is satisfied.,96,0.004623841520495928,"[-0.5249103176978404, -1.504975968449136, -0.6843554005551005, -1.2844438599620873, -1.2906668115477222, -2.0202875945722045]",True
B6_leave_N_0.7_MQ-add,B6,MQ-add,leave_N,3,0,20370929,24,"[-4.339814562978793, -9.822452001334494, -9.52846659356406, -7.4053978660213335, -2.495126490293078, -10.444041216441645]",True,2,`ftol` termination condition is satisfied.,27,0.004623841520495927,"[-0.5249103228089668, -1.5049759685464954, -0.6843554019289568, -1.2844438598797092, -1.290666830737019, -2.0202875945824768]",True
B6_leave_N_0.7_MQ-add,B6,MQ-add,leave_N,3,0,20370929,25,"[-3.845089990129946, 0.609878693033572, 4.997692036765688, -6.214845330022358, -5.551362366904478, -8.07190401968587]",True,2,`ftol` termination condition is satisfied.,75,0.004623841520495929,"[-0.5249103183108589, -1.5049759684846804, -0.6843554007230387, -1.2844438599320938, -1.2906668138808475, -2.0202875945760557]",True
B6_leave_N_0.7_MQ-add,B6,MQ-add,leave_N,3,0,20370929,26,"[-8.281523735835327, -16.77798978948018, -10.808357809256613, -2.1518623678630346, -3.7713411851899865, 2.623015810971271]",True,2,`ftol` termination condition is satisfied.,44,0.004623841520495928,"[-0.5249103217889968, -1.5049759692576892, -0.6843554017191332, -1.2844438592775538, -1.290666827830568, -2.0202875945824204]",True
B6_leave_N_0.7_MQ-add,B6,MQ-add,leave_N,3,0,20370929,27,"[-14.049741584006455, -2.7078776171187595, -2.118562514823097, -6.8812487380414105, 0.34112186136082023, -2.4591094555650006]",True,2,`ftol` termination condition is satisfied.,111,0.004623841520495929,"[-0.5249103166840141, -1.5049759685213715, -0.6843554002915894, -1.2844438599012138, -1.290666807863019, -2.0202875945935452]",True
B6_leave_N_0.7_MQ-add,B6,MQ-add,leave_N,3,0,20370929,28,"[1.7284761974490372, -8.473869685636386, -15.074464967006385, -0.4338959306197019, -7.4111350940410325, -14.404273628998864]",True,2,`ftol` termination condition is satisfied.,27,0.0046238415204959285,"[-0.5249103171107099, -1.5049759684662967, -0.6843554004021495, -1.284443859947372, -1.2906668093830707, -2.0202875945793934]",True
B6_leave_N_0.7_MQ-add,B6,MQ-add,leave_N,3,0,20370929,29,"[5.083371082958866, -5.677649866545611, -7.279247776175428, 0.5109155091498483, -7.695789185634036, -9.662633056698414]",True,2,`ftol` termination condition is satisfied.,57,0.004623841520495929,"[-0.5249103328426977, -1.5049759682732877, -0.6843554045753892, -1.2844438601062385, -1.2906668677970206, -2.020287594552419]",True
B6_leave_N_0.7_MQ-add,B6,MQ-add,leave_N,3,0,20370929,30,"[-15.78226230237836, -11.13064612163883, 1.4922466307010893, -7.649984471447094, -1.142629611148866, 4.195828724017922]",True,2,`ftol` termination condition is satisfied.,102,0.004623841520495926,"[-0.5249103241462173, -1.5049759684054318, -0.6843554022664918, -1.2844438599965142, -1.2906668355338786, -2.0202875945640355]",True
B6_leave_N_0.7_MQ-add,B6,MQ-add,leave_N,3,0,20370929,31,"[-10.202553284803267, 3.2930363956880626, -11.546747030752197, -3.731152344302819, -1.6868868334061808, -3.899919693385314]",True,2,`ftol` termination condition is satisfied.,100,0.004623841520495927,"[-0.5249103175384856, -1.5049759684800639, -0.6843554005175122, -1.2844438599359294, -1.290666810995934, -2.0202875945793006]",True
B6_leave_N_0.7_MQ-add,B6,MQ-add,leave_N,3,0,20370929,32,"[-0.7023783280556586, -13.68990030692424, -5.625400017714693, -4.739451549879439, -4.675318880061225, -12.947982099166765]",True,2,`ftol` termination condition is satisfied.,50,0.004623841520495928,"[-0.5249103231031306, -1.5049759684803892, -0.6843554019994451, -1.284443859935896, -1.2906668317511183, -2.0202875945932823]",True
B6_leave_N_0.7_MQ-eff,B6,MQ-eff,leave_N,3,0,20470929,0,"[-1.0698825656966897, -1.5903876430206356, -0.38977218422792315, -1.2763503266496101, -2.3066169576643176, -1.146040733446924]",True,2,`ftol` termination condition is satisfied.,26,0.010560885688321912,"[-0.46403543103053696, -1.5049759684551256, -0.6843553630117645, -1.2844438599570527, -1.2906667946964896, -13.815510557964272]",True
B6_leave_N_0.7_MQ-eff,B6,MQ-eff,leave_N,3,0,20470929,1,"[-1.849461336741438, -15.152165718015954, -10.786493235704425, -1.640030162184643, -6.588635418214354, -1.0218790496426386]",True,2,`ftol` termination condition is satisfied.,43,0.010560885688321905,"[-0.4640354282377787, -1.504975968469888, -0.6843553622169187, -1.2844438599448265, -1.2906667836418428, -13.815510557961453]",True
B6_leave_N_0.7_MQ-eff,B6,MQ-eff,leave_N,3,0,20470929,2,"[-16.589679735840637, 4.70493234592179, 0.05708882995601883, -5.487675626608953, 0.48177584542154683, -8.313180088675065]",True,2,`ftol` termination condition is satisfied.,132,0.010560885688321909,"[-0.46403543162553884, -1.5049759684564592, -0.684355363167093, -1.2844438599558414, -1.2906667970444647, -13.815510557964272]",True
B6_leave_N_0.7_MQ-eff,B6,MQ-eff,leave_N,3,0,20470929,3,"[-8.343019887035641, -10.243020689512926, -12.293067225650336, -0.6896591965019265, -3.2596091506695624, -12.293165064279707]",True,2,`ftol` termination condition is satisfied.,23,0.01056088568832192,"[-0.4640354307719088, -1.5049759684715427, -0.684355362933345, -1.2844438599429815, -1.2906667936861602, -13.815510557964272]",True
B6_leave_N_0.7_MQ-eff,B6,MQ-eff,leave_N,3,0,20470929,4,"[1.3019570022958433, -1.6056283125695519, -1.450006994614542, -6.325414508211635, -5.240806827677693, 2.9736981777560327]",True,2,`ftol` termination condition is satisfied.,67,0.010560885688321909,"[-0.4640354283666826, -1.5049759684478907, -0.6843553622462197, -1.2844438599634076, -1.2906667841201427, -13.81551055796269]",True
B6_leave_N_0.7_MQ-eff,B6,MQ-eff,leave_N,3,0,20470929,5,"[3.1685065493891003, -7.855358509302832, 5.1250838636211995, -8.118508150388795, -4.201487089002899, -4.232745518602885]",True,2,`ftol` termination condition is satisfied.,57,0.010560885688321905,"[-0.46403543141290465, -1.5049759684705475, -0.6843553631046431, -1.28444385994416, -1.2906667962164649, -13.815510557964272]",True
B6_leave_N_0.7_MQ-eff,B6,MQ-eff,leave_N,3,0,20470929,6,"[-10.60473029589977, -4.738772992371869, -6.026157969820922, -0.0985827850488441, -1.903083060339152, -5.039495750447528]",True,2,`ftol` termination condition is satisfied.,118,0.010560885688321916,"[-0.4640354284869215, -1.5049759684424746, -0.684355362284743, -1.2844438599675494, -1.2906667845940785, -13.815510557963691]",True
B6_leave_N_0.7_MQ-eff,B6,MQ-eff,leave_N,3,0,20470929,7,"[-13.132810594475723, -12.564510354218129, -4.763529650691254, -4.896017124624879, -0.8713247785614371, -9.021436057762344]",True,2,`ftol` termination condition is satisfied.,97,0.010560885688321912,"[-0.46403543536259984, -1.5049759684476027, -0.6843553642247087, -1.2844438599635484, -1.2906668118451903, -13.815510557964272]",True
B6_leave_N_0.7_MQ-eff,B6,MQ-eff,leave_N,3,0,20470929,8,"[-5.701449219458375, 1.4155997181346862, -15.913901816372423, -3.432541713830812, -7.626801207887278, -0.2352281751581451]",True,2,`ftol` termination condition is satisfied.,73,0.010560885688321912,"[-0.4640354282718824, -1.504975968427828, -0.6843553622133841, -1.2844438599787393, -1.2906667837145094, -13.815510557964092]",True
B6_leave_N_0.7_MQ-eff,B6,MQ-eff,leave_N,3,0,20470929,9,"[-3.424241702195342, -9.693035252326855, -3.678299033441821, 0.40846103854559246, 0.20758066901952077, 1.3255849311594936]",True,3,`xtol` termination condition is satisfied.,41,0.010560885688321907,"[-0.46403542811979914, -1.5049759684568347, -0.6843553621787393, -1.2844438599554286, -1.290666783154444, -13.815510557956587]",True
B6_leave_N_0.7_MQ-eff,B6,MQ-eff,leave_N,3,0,20470929,10,"[-12.209559864943706, -1.4118242192564932, -15.585549395018843, -7.686044072102044, -7.3668965512014495, -11.829195185685892]",True,2,`ftol` termination condition is satisfied.,127,0.010560885688321912,"[-0.464035428360057, -1.504975968448774, -0.684355362241165, -1.2844438599628631, -1.2906667840921582, -13.815510557964181]",True
B6_leave_N_0.7_MQ-eff,B6,MQ-eff,leave_N,3,0,20470929,11,"[-9.751209962232348, -16.426554168484515, 3.3497346405485615, -2.9628285667827248, -6.028377145802292, -7.849086463938001]",True,2,`ftol` termination condition is satisfied.,98,0.010560885688321905,"[-0.464035428507549, -1.5049759684796198, -0.684355362288917, -1.2844438599366514, -1.2906667847186009, -13.815510557964272]",True
B6_leave_N_0.7_MQ-eff,B6,MQ-eff,leave_N,3,0,20470929,12,"[5.514747352600736, 3.786724729805048, -8.558385218949015, -4.500739337147298, -3.505867676494531, -2.6701160423824284]",True,2,`ftol` termination condition is satisfied.,33,0.010560885688321907,"[-0.46403542825235156, -1.5049759685004573, -0.6843553622193198, -1.2844438599187675, -1.2906667837340522, -13.815510557963098]",True
B6_leave_N_0.7_MQ-eff,B6,MQ-eff,leave_N,3,0,20470929,13,"[1.8939061381031053, -13.070437578527567, -13.333787387501806, -6.29390545641694, -2.1783767620840937, 0.04965618982890341]",True,2,`ftol` termination condition is satisfied.,44,0.010560885688321905,"[-0.4640354283218636, -1.5049759684564923, -0.6843553622376218, -1.284443859955487, -1.2906667839561594, -13.81551055796258]",True
B6_leave_N_0.7_MQ-eff,B6,MQ-eff,leave_N,3,0,20470929,14,"[-6.436440847470424, 1.2658533281770694, -1.8228915260169103, -2.371679109789377, -4.978576366882921, -10.615110511119722]",True,3,`xtol` termination condition is satisfied.,103,0.010560885688321909,"[-0.46403543136882425, -1.5049759684356707, -0.6843553631000064, -1.2844438599735624, -1.2906667960075202, -13.81551055795714]",True
B6_leave_N_0.7_MQ-eff,B6,MQ-eff,leave_N,3,0,20470929,15,"[-14.574044775160953, -6.626674534694384, -8.96663364215402, -7.0943125245777034, -8.413199102457021, -6.633046695406409]",True,2,`ftol` termination condition is satisfied.,148,0.010560885688321905,"[-0.4640354283352653, -1.5049759684463153, -0.6843553622336852, -1.2844438599639223, -1.2906667839903239, -13.815510557949427]",True
B6_leave_N_0.7_MQ-eff,B6,MQ-eff,leave_N,3,0,20470929,16,"[-1.3658737295790289, -3.8662703616364364, 2.5447838841151302, -1.384122990193057, -1.1186835350726723, -3.9479846620143313]",True,2,`ftol` termination condition is satisfied.,15,0.010560885688321914,"[-0.4640354278219534, -1.504975968462095, -0.6843553620899899, -1.2844438599511128, -1.2906667819762512, -13.815510557964272]",True
B6_leave_N_0.7_MQ-eff,B6,MQ-eff,leave_N,3,0,20470929,17,"[-0.12083198035185205, -5.799813453951394, -14.810289394014227, -4.566320989249364, -5.6514609056672285, -10.006873565895644]",True,2,`ftol` termination condition is satisfied.,46,0.010560885688321905,"[-0.4640354287504891, -1.5049759684616761, -0.6843553623526342, -1.284443859951246, -1.290666785655491, -13.815510557964272]",True
B6_leave_N_0.7_MQ-eff,B6,MQ-eff,leave_N,3,0,20470929,18,"[-15.463318359744772, -3.2174996343792053, -3.2097412400516614, -3.645553585096815, -2.8466289488192045, 0.7813524986945186]",True,2,`ftol` termination condition is satisfied.,85,0.010560885688321912,"[-0.4640354370897447, -1.5049759683945885, -0.6843553647085843, -1.284443860008205, -1.2906668186231771, -13.815510557964272]",True
B6_leave_N_0.7_MQ-eff,B6,MQ-eff,leave_N,3,0,20470929,19,"[-6.615710572683955, -13.913214997463317, -7.6015127991929905, -8.497145046438563, 0.592655555976922, -3.216041217479349]",True,2,`ftol` termination condition is satisfied.,72,0.010560885688321909,"[-0.4640354288991537, -1.504975968482054, -0.684355362401856, -1.2844438599344667, -1.2906667862752828, -13.815510557964272]",True
B6_leave_N_0.7_MQ-eff,B6,MQ-eff,leave_N,3,0,20470929,20,"[2.42977013165871, 0.6011667722482734, 3.9985135201449253, 0.1726292928478017, -6.697189004908907, -6.025049278019647]",True,2,`ftol` termination condition is satisfied.,61,0.01056088568832191,"[-0.4640354283733135, -1.5049759684254804, -0.6843553622440404, -1.2844438599815506, -1.290666784116054, -13.815510557964272]",True
B6_leave_N_0.7_MQ-eff,B6,MQ-eff,leave_N,3,0,20470929,21,"[4.266955972240677, -17.013228571032936, -2.204393759243459, -0.4278336126414324, -8.035143906130395, -11.284254987095172]",True,3,`xtol` termination condition is satisfied.,69,0.010560885688321905,"[-0.4640354312338722, -1.5049759685131987, -0.6843553630703582, -1.284443859908528, -1.2906667955723075, -13.815510557963648]",True
B6_leave_N_0.7_MQ-eff,B6,MQ-eff,leave_N,3,0,20470929,22,"[-8.859143097533208, 3.0219600586910644, -14.20164696388083, -6.713292375664805, -0.46530813312316965, 1.995931266290862]",True,2,`ftol` termination condition is satisfied.,133,0.010560885688321909,"[-0.46403542863471214, -1.5049759685038353, -0.6843553623265914, -1.2844438599166255, -1.2906667852529625, -13.815510557964176]",True
B6_leave_N_0.7_MQ-eff,B6,MQ-eff,leave_N,3,0,20470929,23,"[-12.033083250005099, -9.09984195067976, 1.9872346472381892, -1.862283004854051, -1.7898533155880356, -1.9995223338369392]",True,2,`ftol` termination condition is satisfied.,111,0.010560885688321912,"[-0.46403542845499146, -1.5049759684984245, -0.6843553622809246, -1.2844438599208394, -1.290666784538907, -13.815510557964272]",True
B6_leave_N_0.7_MQ-eff,B6,MQ-eff,leave_N,3,0,20470929,24,"[-3.9573558947776615, -0.6405401395226455, -10.00914888963823, -5.167365985269591, -4.3170428865588635, -7.304386030929349]",True,2,`ftol` termination condition is satisfied.,62,0.010560885688321912,"[-0.4640354328963347, -1.50497596846058, -0.6843553635322552, -1.284443859952697, -1.290666802090942, -13.815510557964272]",True
B6_leave_N_0.7_MQ-eff,B6,MQ-eff,leave_N,3,0,20470929,25,"[-4.456081716346713, -11.97217958703525, 0.8797305656769723, -7.435705752120085, -3.6144167511347964, -5.616586379834282]",True,2,`ftol` termination condition is satisfied.,90,0.01056088568832191,"[-0.46403542826486266, -1.5049759685600173, -0.6843553622304264, -1.2844438598700054, -1.2906667838616765, -13.815510557964272]",True
B6_leave_N_0.7_MQ-eff,B6,MQ-eff,leave_N,3,0,20470929,26,"[-14.021757745813462, 2.186020753883131, -10.359772227697611, -1.2246812117716486, -5.917502018357177, -4.933295155014048]",True,3,`xtol` termination condition is satisfied.,108,0.010560885688321912,"[-0.4640354429621522, -1.5049759691067057, -0.6843553664440931, -1.2844438594047527, -1.2906668428072037, -13.815510557964272]",True
B6_leave_N_0.7_MQ-eff,B6,MQ-eff,leave_N,3,0,20470929,27,"[-10.784326454359382, -8.442903598654595, -0.4513181703229989, -5.852456643447498, -6.953911837296805, -0.9360251849834285]",True,2,`ftol` termination condition is satisfied.,90,0.01056088568832191,"[-0.4640354312958635, -1.5049759684864863, -0.6843553630837805, -1.2844438599300316, -1.29066679578235, -13.815510557964272]",True
B6_leave_N_0.7_MQ-eff,B6,MQ-eff,leave_N,3,0,20470929,28,"[3.704044789060223, -5.504408859810388, -11.691690461618142, -2.621954545235212, -0.2030779920802761, -9.59828692156703]",True,2,`ftol` termination condition is satisfied.,25,0.010560885688321916,"[-0.46403542871822107, -1.5049759685090942, -0.6843553623567251, -1.2844438599118229, -1.2906667855958651, -13.815510557964272]",True
B6_leave_N_0.7_MQ-eff,B6,MQ-eff,leave_N,3,0,20470929,29,"[0.05379570954766422, -11.086647055681002, -6.538543630047137, -3.2223444051841783, -1.2342348205743505, -8.826973614811333]",True,2,`ftol` termination condition is satisfied.,23,0.010560885688321907,"[-0.4640354244083, -1.5049759685793493, -0.6843553611406161, -1.284443859852244, -1.290666768601515, -13.815510557964272]",True
B6_leave_N_0.7_MQ-eff,B6,MQ-eff,leave_N,3,0,20470929,30,"[-7.4513222553630225, -2.2711643252518687, 4.393649946128452, -4.0686764497662224, -8.299973940816162, -1.6610790689366848]",True,2,`ftol` termination condition is satisfied.,100,0.010560885688321902,"[-0.4640354277329784, -1.5049759684631774, -0.6843553620753947, -1.2844438599505439, -1.2906667816346018, -13.815510557964272]",True
B6_leave_N_0.7_MQ-eff,B6,MQ-eff,leave_N,3,0,20470929,31,"[-16.412833887875507, -14.326188911308193, -16.60789981042985, 0.558516891378634, -4.572555209390366, 2.3342510227926176]",True,2,`ftol` termination condition is satisfied.,41,0.010560885688321916,"[-0.4640354283674008, -1.5049759684885338, -0.6843553622459052, -1.2844438599286079, -1.290666784170508, -13.815510557963917]",True
B6_leave_N_0.7_MQ-eff,B6,MQ-eff,leave_N,3,0,20470929,32,"[-2.3822056169356394, 5.3528182896225935, -5.675184569470005, -8.036677702600045, -2.5867240434374716, -12.80671906257866]",True,2,`ftol` termination condition is satisfied.,107,0.010560885688321907,"[-0.4640354283243269, -1.5049759684423218, -0.6843553622372377, -1.284443859967617, -1.2906667839482824, -13.815510557964116]",True
B6_leave_N_1_M0_6,B6,M0_6,leave_N,4,0,20270930,0,"[-1.0714662764349434, -1.5919713537588893, -0.3913558949661768, -1.2763503266496101, -2.3066169576643176]",True,2,`ftol` termination condition is satisfied.,27,0.010007986547814561,"[-0.4510067693027934, -1.4673084562081218, -0.6460738205680834, -1.3181080364864557, -1.1580197851937761]",True
B6_leave_N_1_M0_6,B6,M0_6,leave_N,4,0,20270930,1,"[-13.058925796311502, -10.496875677154542, -4.5778788730925495, -2.074152225017894, -2.7174962733300863]",True,2,`ftol` termination condition is satisfied.,95,0.010007986547814561,"[-0.45100676857006, -1.467308456221323, -0.646073819884366, -1.3181080364751943, -1.158019781887709]",True
B6_leave_N_1_M0_6,B6,M0_6,leave_N,4,0,20270930,2,"[-2.411958703790738, -5.5841010319534625, -8.317546820684973, -6.807136558800201, -4.32271606650088]",True,2,`ftol` termination condition is satisfied.,63,0.01000798654781456,"[-0.45100676933328804, -1.4673084562120449, -0.6460738205951788, -1.3181080364825986, -1.1580197853356218]",True
B6_leave_N_1_M0_6,B6,M0_6,leave_N,4,0,20270930,3,"[4.747107729369766, -11.831008332651917, 0.833923952047158, -0.47406988528052096, -6.548995298196849]",True,2,`ftol` termination condition is satisfied.,53,0.010007986547814561,"[-0.45100676922628324, -1.4673084562501473, -0.6460738205092073, -1.3181080364500664, -1.1580197849091245]",True
B6_leave_N_1_M0_6,B6,M0_6,leave_N,4,0,20270930,4,"[-5.97638265313728, 4.295948025499765, -13.94734854418856, -5.1290620994707465, 0.18094951207079468]",True,2,`ftol` termination condition is satisfied.,61,0.010007986547814561,"[-0.45100676956195324, -1.4673084561907832, -0.6460738208035623, -1.3181080365010212, -1.1580197863422146]",True
B6_leave_N_1_M0_6,B6,M0_6,leave_N,4,0,20270930,5,"[-10.554983257642494, -16.463461039078247, -9.771842343692805, -3.9410787698162997, -1.397961549510856]",True,2,`ftol` termination condition is satisfied.,46,0.01000798654781456,"[-0.4510067683597289, -1.4673084561988454, -0.6460738196837615, -1.3181080364936768, -1.158019780902115]",True
B6_leave_N_1_M0_6,B6,M0_6,leave_N,4,0,20270930,6,"[0.15881127619015345, 1.093786958868506, -0.33259064525103454, 0.7127310907468409, -7.801935697950503]",True,2,`ftol` termination condition is satisfied.,41,0.01000798654781456,"[-0.4510067678513872, -1.4673084562448004, -0.646073819222141, -1.3181080364543785, -1.15801977866454]",True
B6_leave_N_1_M0_6,B6,M0_6,leave_N,4,0,20270930,7,"[-4.1465288437922645, -6.576784809272247, -15.209650366381998, -8.004414684757615, -5.314298031006674]",True,2,`ftol` termination condition is satisfied.,39,0.010007986547814561,"[-0.45100677439547315, -1.4673084560871272, -0.6460738252909268, -1.3181080365897324, -1.1580198081128685]",True
B6_leave_N_1_M0_6,B6,M0_6,leave_N,4,0,20270930,8,"[-14.803278743271502, -0.24485326080730374, 5.271226261550904, -3.2702843780064095, -3.3644806079601404]",True,2,`ftol` termination condition is satisfied.,87,0.010007986547814561,"[-0.45100676922860533, -1.4673084561506902, -0.6460738204824857, -1.3181080365351248, -1.1580197847724158]",True
B6_leave_N_1_M0_6,B6,M0_6,leave_N,4,0,20270930,9,"[-16.30357589914682, -14.289314183009894, -17.10376456433449, 0.0729638757686022, -4.924803675695248]",True,2,`ftol` termination condition is satisfied.,105,0.010007986547814561,"[-0.4510067699496833, -1.467308456142785, -0.6460738211523838, -1.3181080365415596, -1.1580197880299048]",True
B6_leave_N_1_M0_6,B6,M0_6,leave_N,4,0,20270930,10,"[-5.578650704952533, 3.7715971304233165, 4.088779467212735, -4.734528045980786, -2.115520506237253]",True,2,`ftol` termination condition is satisfied.,53,0.01000798654781456,"[-0.45100677234039055, -1.467308456143667, -0.6460738233898073, -1.3181080365408238, -1.1580197988773462]",True
B6_leave_N_1_M0_6,B6,M0_6,leave_N,4,0,20270930,11,"[1.5025826715279038, -9.927999253344751, -10.770980862899698, -3.6171428845957436, 0.7807450154514246]",True,2,`ftol` termination condition is satisfied.,38,0.010007986547814558,"[-0.45100676947791735, -1.4673084561848404, -0.6460738207244515, -1.318108036505742, -1.1580197859529984]",True
B6_leave_N_1_M0_6,B6,M0_6,leave_N,4,0,20270930,12,"[-9.143036567589693, -3.4374562193274176, -2.0447883252184536, -8.495657862687214, -7.148606482383463]",True,2,`ftol` termination condition is satisfied.,93,0.010007986547814561,"[-0.4510067649376532, -1.4673084564171575, -0.6460738165508129, -1.3181080363067426, -1.1580197657051303]",True
B6_leave_N_1_M0_6,B6,M0_6,leave_N,4,0,20270930,13,"[-7.321371591832383, -7.432634440316111, 2.726996858515932, -7.316842458895905, -8.392233682337137]",True,2,`ftol` termination condition is satisfied.,85,0.010007986547814561,"[-0.4510067723720757, -1.4673084561241123, -0.6460738234153391, -1.3181080365580846, -1.1580197989935685]",True
B6_leave_N_1_M0_6,B6,M0_6,leave_N,4,0,20270930,14,"[3.33672616105002, -2.3723781207222885, -12.767333354836927, -2.4395098344315196, -0.8074798143779889]",True,2,`ftol` termination condition is satisfied.,38,0.010007986547814561,"[-0.45100676904959797, -1.467308456203862, -0.6460738203297484, -1.3181080364898956, -1.1580197840386206]",True
B6_leave_N_1_M0_6,B6,M0_6,leave_N,4,0,20270930,15,"[-0.9132270093292725, -14.647592121683235, -3.576301955283178, -5.9412651430668335, -2.771818040667287]",True,2,`ftol` termination condition is satisfied.,38,0.010007986547814561,"[-0.45100676925116423, -1.4673084561788592, -0.6460738205095052, -1.3181080365111075, -1.1580197849145706]",True
B6_leave_N_1_M0_6,B6,M0_6,leave_N,4,0,20270930,16,"[-11.625586731474677, 1.994156344072156, -6.604303773064265, -1.1326272483485464, -5.907071871953278]",True,2,`ftol` termination condition is satisfied.,78,0.010007986547814561,"[-0.4510067696147808, -1.467308456188515, -0.6460738208553702, -1.3181080365027922, -1.158019786580859]",True
B6_leave_N_1_M0_6,B6,M0_6,leave_N,4,0,20270930,17,"[-12.190120867043905, -15.426429110092393, 3.4770534148026364, -7.7638691213375575, -0.13784177859105462]",True,2,`ftol` termination condition is satisfied.,46,0.010007986547814561,"[-0.4510067731897483, -1.4673084561452094, -0.6460738241855999, -1.318108036540065, -1.1580198027335762]",True
B6_leave_N_1_M0_6,B6,M0_6,leave_N,4,0,20270930,18,"[-0.07530057185789474, 2.1057748171204693, -16.291450207580024, -2.886537704824714, -6.83090573214956]",True,2,`ftol` termination condition is satisfied.,59,0.01000798654781456,"[-0.4510067690690476, -1.4673084561639553, -0.6460738203346601, -1.3181080365236912, -1.1580197840662314]",True
B6_leave_N_1_M0_6,B6,M0_6,leave_N,4,0,20270930,19,"[4.1913539814965155, -8.389919338710147, -2.857115589843213, -4.302114657248789, -4.045821793435642]",True,2,`ftol` termination condition is satisfied.,42,0.010007986547814558,"[-0.45100676933830064, -1.4673084563010579, -0.6460738206288301, -1.3181080364060598, -1.158019785492583]",True
B6_leave_N_1_M0_6,B6,M0_6,leave_N,4,0,20270930,20,"[-7.91372698587306, -2.0830318609790943, -10.1592908166541, 0.5065198978387659, -2.4029752690069026]",True,2,`ftol` termination condition is satisfied.,23,0.01000798654781456,"[-0.4510067690803082, -1.4673084561787653, -0.6460738203508364, -1.3181080365109066, -1.1580197841403637]",True
B6_leave_N_1_M0_6,B6,M0_6,leave_N,4,0,20270930,21,"[-9.9976629019327, -8.748177236216456, -12.132403707172198, -0.672131935102648, -3.683292398270205]",True,2,`ftol` termination condition is satisfied.,65,0.010007986547814558,"[-0.45100677041729303, -1.4673084561577265, -0.6460738215939836, -1.3181080365289342, -1.1580197901733067]",True
B6_leave_N_1_M0_6,B6,M0_6,leave_N,4,0,20270930,22,"[2.0949395516720664, -3.8604464919088706, 1.9365178627650934, -5.479620517221305, -5.596228893551627]",True,2,`ftol` termination condition is satisfied.,45,0.010007986547814558,"[-0.4510067674941369, -1.4673084562247216, -0.6460738188848382, -1.318108036471517, -1.1580197770163219]",True
B6_leave_N_1_M0_6,B6,M0_6,leave_N,4,0,20270930,23,"[-5.014114998359618, -12.93108501759238, -5.813794206041685, -1.6799280821542668, -7.525057305895235]",True,2,`ftol` termination condition is satisfied.,44,0.010007986547814558,"[-0.4510067745268523, -1.4673084560873644, -0.6460738254197547, -1.3181080365894706, -1.1580198087138196]",True
B6_leave_N_1_M0_6,B6,M0_6,leave_N,4,0,20270930,24,"[-17.14150076559451, 3.170827439665807, -4.211224129970368, -6.558441852294197, -1.0834564972536151]",True,2,`ftol` termination condition is satisfied.,78,0.01000798654781456,"[-0.4510067695984099, -1.4673084561953513, -0.6460738208410023, -1.318108036497328, -1.1580197865159976]",True
B6_leave_N_1_M0_6,B6,M0_6,leave_N,4,0,20270930,25,"[-15.390079846757265, -6.332318620094441, -7.7054953540711875, -6.176287543467915, -7.430218872057335]",True,2,`ftol` termination condition is satisfied.,106,0.010007986547814561,"[-0.451006769544371, -1.4673084562311665, -0.6460738208021007, -1.3181080364666116, -1.1580197863249542]",True
B6_leave_N_1_M0_6,B6,M0_6,leave_N,4,0,20270930,26,"[-3.2863467327908573, -1.247018399607125, -5.389866456920144, -1.5224788908563163, 0.4616514171523569]",True,2,`ftol` termination condition is satisfied.,40,0.010007986547814558,"[-0.4510067711045737, -1.4673084561175367, -0.6460738222237483, -1.3181080365634505, -1.1580197932305314]",True
B6_leave_N_1_M0_6,B6,M0_6,leave_N,4,0,20270930,27,"[0.9911830834258204, -16.396007948198076, -13.135390172909524, -6.961324902676225, -1.801297261969017]",True,2,`ftol` termination condition is satisfied.,40,0.01000798654781456,"[-0.4510067702937281, -1.4673084561660499, -0.6460738214825165, -1.3181080365221165, -1.1580197896266198]",True
B6_leave_N_1_M0_6,B6,M0_6,leave_N,4,0,20270930,28,"[-11.125072023447434, 0.27078441845080903, 0.2218636537326475, -2.2271979355557514, -4.647606810768897]",True,2,`ftol` termination condition is satisfied.,79,0.01000798654781456,"[-0.45100677113035836, -1.467308456189023, -0.6460738222715965, -1.318108036502774, -1.1580197934558303]",True
B6_leave_N_1_M0_6,B6,M0_6,leave_N,4,0,20270930,29,"[-6.808753229030058, -12.475940518290788, -0.9671513995700352, -3.4153087396257984, -6.188700213693093]",True,2,`ftol` termination condition is satisfied.,80,0.010007986547814558,"[-0.45100676776681126, -1.4673084562405194, -0.6460738191417994, -1.3181080364584365, -1.1580197782746924]",True
B6_leave_N_1_M0_6,B6,M0_6,leave_N,4,0,20270930,30,"[5.317197726517595, 5.6100148658763125, -8.980993095873053, -8.148289733777373, -3.0909275199763258]",True,2,`ftol` termination condition is satisfied.,24,0.010007986547814558,"[-0.4510067696823098, -1.467308456139105, -0.6460738209022154, -1.3181080365448854, -1.1580197868124633]",True
B6_leave_N_1_M0_6,B6,M0_6,leave_N,4,0,20270930,31,"[-1.8251564538822844, -10.96474856790736, 4.480391280324632, -0.3250371940490062, -0.4932769987019956]",True,2,`ftol` termination condition is satisfied.,23,0.010007986547814561,"[-0.45100676632587877, -1.4673084561959593, -0.6460738177804775, -1.3181080364959799, -1.1580197716714413]",True
B6_leave_N_1_M0_6,B6,M0_6,leave_N,4,0,20270930,32,"[-13.919106760890218, -4.449161463156134, -14.575054964621685, -4.980028200287692, -8.115057317059001]",True,2,`ftol` termination condition is satisfied.,86,0.010007986547814558,"[-0.45100677297691966, -1.467308456125494, -0.6460738239784867, -1.3181080365567865, -1.158019801736987]",True
B6_leave_N_1_MQ-add,B6,MQ-add,leave_N,4,0,20370930,0,"[-1.0714662764349434, -1.5919713537588893, -0.3913558949661768, -1.2763503266496101, -2.3066169576643176, 0.1844706100420807]",True,2,`ftol` termination condition is satisfied.,24,0.0041519145348343535,"[-0.5118626990563341, -1.4673084561850651, -0.6460738206041028, -1.3181080365058373, -1.1580197853711476, -2.007560769341177]",True
B6_leave_N_1_MQ-add,B6,MQ-add,leave_N,4,0,20370930,1,"[-7.7824317383669275, -2.6760196769739526, -12.747767953220478, -1.1835875707700154, -1.8426258850734332, 3.1556485697137546]",True,3,`xtol` termination condition is satisfied.,58,0.00415191453483436,"[-0.511862715970963, -1.4673084559688274, -0.6460738354340252, -1.3181080366913454, -1.1580198572616451, -2.0075607693536095]",True
B6_leave_N_1_MQ-add,B6,MQ-add,leave_N,4,0,20370930,2,"[1.5431057201981453, -11.626522403460529, -5.692653206445728, -5.705377964828088, -4.374953442397479, -12.793508605085492]",True,2,`ftol` termination condition is satisfied.,40,0.004151914534834357,"[-0.5118626922538896, -1.4673084568383505, -0.6460738147716613, -1.3181080359550885, -1.1580197572858755, -2.007560769374267]",True
B6_leave_N_1_MQ-add,B6,MQ-add,leave_N,4,0,20370930,3,"[-1.3145575571092785, 5.58778570867851, -5.787267152637501, -3.3617399613167036, -6.5799870269799605, -8.670856099727771]",True,2,`ftol` termination condition is satisfied.,109,0.004151914534834357,"[-0.5118627049610974, -1.4673084560575298, -0.6460738257664566, -1.318108036615301, -1.1580198103907842, -2.007560769347688]",True
B6_leave_N_1_MQ-add,B6,MQ-add,leave_N,4,0,20370930,4,"[-16.340123578527596, -8.25599417632208, 1.2267726278617523, -8.377212973678175, 0.725629348609651, -4.71839518043884]",True,2,`ftol` termination condition is satisfied.,99,0.004151914534834357,"[-0.5118626989746543, -1.46730845617764, -0.6460738205339995, -1.318108036512551, -1.1580197850173028, -2.007560769352884]",True
B6_leave_N_1_MQ-add,B6,MQ-add,leave_N,4,0,20370930,5,"[-12.67592266225261, 1.5430330921977031, -1.7695378632055405, -6.460242719628282, -0.34983787807672506, 1.3165739340591323]",True,2,`ftol` termination condition is satisfied.,70,0.004151914534834358,"[-0.5118627011975077, -1.4673084561822, -0.6460738224902733, -1.3181080365084188, -1.1580197945150996, -2.007560769370341]",True
B6_leave_N_1_MQ-add,B6,MQ-add,leave_N,4,0,20370930,6,"[-4.8171988132730466, -10.258005665419947, -14.567347458723566, -1.6220173753217084, -7.655999164159446, -14.704216485970349]",True,2,`ftol` termination condition is satisfied.,33,0.004151914534834355,"[-0.5118627015136595, -1.4673084561632044, -0.6460738227618728, -1.318108036524466, -1.1580197958291507, -2.007560769341184]",True
B6_leave_N_1_MQ-add,B6,MQ-add,leave_N,4,0,20370930,7,"[3.7351077275293036, -4.68523783386456, 2.98014223174221, -4.046855906539011, -5.683802591353791, -6.803412682616765]",True,2,`ftol` termination condition is satisfied.,30,0.00415191453483436,"[-0.5118627051319341, -1.4673084560523517, -0.6460738259097657, -1.3181080366189342, -1.158019811105941, -2.007560769339672]",True
B6_leave_N_1_MQ-add,B6,MQ-add,leave_N,4,0,20370930,8,"[-9.824340350576106, -15.680742603120038, -9.688999589695886, 0.6515978623078027, -3.1509285247772425, -2.8335342907721817]",True,2,`ftol` termination condition is satisfied.,34,0.004151914534834357,"[-0.5118626987049684, -1.4673084562313021, -0.6460738203102316, -1.3181080364670892, -1.1580197839413475, -2.0075607693407402]",True
B6_leave_N_1_MQ-add,B6,MQ-add,leave_N,4,0,20370930,9,"[-10.938593995727324, 2.8093296454860486, 5.265499455611128, -2.1563593849296154, -4.675588155552987, -3.7904984243434416]",True,2,`ftol` termination condition is satisfied.,81,0.004151914534834355,"[-0.5118626976726172, -1.4673084562181264, -0.646073819398446, -1.3181080364773772, -1.158019779519731, -2.007560769359875]",True
B6_leave_N_1_MQ-add,B6,MQ-add,leave_N,4,0,20370930,10,"[5.378040395554304, -6.048005431952953, -10.560588988608128, -7.124902591709317, -2.1380524441023647, -11.190611416406501]",True,2,`ftol` termination condition is satisfied.,41,0.004151914534834356,"[-0.5118626985958578, -1.4673084561815593, -0.6460738201986469, -1.3181080365088813, -1.1580197834036845, -2.0075607693528115]",True
B6_leave_N_1_MQ-add,B6,MQ-add,leave_N,4,0,20370930,11,"[-3.168260418913695, -0.2536733274664016, -1.0271820616611116, -0.006076923401316492, -0.17051527790763288, -13.123376469855543]",True,2,`ftol` termination condition is satisfied.,19,0.004151914534834359,"[-0.5118626919078095, -1.4673084562913339, -0.6460738143461359, -1.318108036414375, -1.1580197550163818, -2.0075607693390047]",True
B6_leave_N_1_MQ-add,B6,MQ-add,leave_N,4,0,20370930,12,"[-13.78504016391023, -14.190805647868228, -16.723123252088367, -4.574212829775003, -7.472023943224854, 5.077026737329842]",True,2,`ftol` termination condition is satisfied.,77,0.004151914534834357,"[-0.5118626987421764, -1.4673084561693508, -0.6460738203241697, -1.3181080365186948, -1.1580197840076678, -2.007560769341701]",True
B6_leave_N_1_MQ-add,B6,MQ-add,leave_N,4,0,20370930,13,"[-14.41883795269869, -4.0355158093048065, -8.028088445048665, -5.196613760660844, -8.547491436371129, -0.28597427506086603]",True,2,`ftol` termination condition is satisfied.,73,0.004151914534834355,"[-0.5118626987470156, -1.4673084561477376, -0.6460738203215443, -1.3181080365373745, -1.158019783997944, -2.0075607693512993]",True
B6_leave_N_1_MQ-add,B6,MQ-add,leave_N,4,0,20370930,14,"[-2.328722726810998, -15.743299959590807, 2.053826180236438, -0.5071108772075714, -1.2465271486272194, -7.759114562345744]",True,2,`ftol` termination condition is satisfied.,32,0.0041519145348343596,"[-0.5118626986703949, -1.4673084561772067, -0.6460738202633952, -1.3181080365123767, -1.158019783713239, -2.0075607693417203]",True
B6_leave_N_1_MQ-add,B6,MQ-add,leave_N,4,0,20370930,15,"[0.5119903088772872, 1.2494330098315594, -13.534660365584253, -7.693751193743817, -3.446901859518575, -16.59778995455385]",True,2,`ftol` termination condition is satisfied.,59,0.0041519145348343535,"[-0.5118626982134798, -1.467308456185119, -0.6460738198644537, -1.31810803650562, -1.1580197817772944, -2.0075607693509125]",True
B6_leave_N_1_MQ-add,B6,MQ-add,leave_N,4,0,20370930,16,"[-5.877574604452711, -9.839163319972926, -3.492340887181779, -2.845990670777544, -5.983890528796897, 1.6186366751955994]",True,2,`ftol` termination condition is satisfied.,95,0.004151914534834358,"[-0.5118626976498066, -1.46730845622968, -0.646073819379449, -1.3181080364678743, -1.1580197794333502, -2.0075607693402255]",True
B6_leave_N_1_MQ-add,B6,MQ-add,leave_N,4,0,20370930,17,"[-7.100729700875883, 0.6266373122230107, -11.00320707915251, -4.5070201700066015, 0.3832396587476037, -8.262854008790864]",True,2,`ftol` termination condition is satisfied.,75,0.004151914534834357,"[-0.511862699991357, -1.467308456151966, -0.6460738214139007, -1.3181080365337705, -1.1580197893094382, -2.0075607693380357]",True
B6_leave_N_1_MQ-add,B6,MQ-add,leave_N,4,0,20370930,18,"[0.6666009915405198, -9.038276631977125, 4.648268621122302, 0.517402519796871, -6.619512391601035, -0.8396910421136923]",True,2,`ftol` termination condition is satisfied.,54,0.004151914534834354,"[-0.5118627043687181, -1.4673084561006524, -0.6460738252547591, -1.3181080365781803, -1.1580198079223012, -2.0075607693411275]",True
B6_leave_N_1_MQ-add,B6,MQ-add,leave_N,4,0,20370930,19,"[-2.1744588582416746, -3.4130675202315626, -16.104849597552235, -6.594430103870238, -4.037429523456004, 2.1277845192932503]",True,2,`ftol` termination condition is satisfied.,23,0.004151914534834357,"[-0.5118626985892861, -1.4673084561913081, -0.6460738201930669, -1.3181080365007105, -1.1580197833871748, -2.0075607693492366]",True
B6_leave_N_1_MQ-add,B6,MQ-add,leave_N,4,0,20370930,20,"[-15.641644196943169, -16.543838389849313, -0.5904764550722561, -2.0821714067291843, -1.7983620818354416, -16.049568543437626]",True,2,`ftol` termination condition is satisfied.,90,0.004151914534834357,"[-0.5118626955713107, -1.4673084562491854, -0.6460738175585108, -1.3181080364507656, -1.1580197705912942, -2.007560769336101]",True
B6_leave_N_1_MQ-add,B6,MQ-add,leave_N,4,0,20370930,21,"[-13.274248009993684, -1.0542121823259016, 2.1385246528883926, -3.813745879949842, -2.8923459799354374, -10.686963598856419]",True,2,`ftol` termination condition is satisfied.,80,0.004151914534834359,"[-0.5118626993192864, -1.467308456143244, -0.6460738208242778, -1.3181080365412428, -1.1580197864317425, -2.007560769339344]",True
B6_leave_N_1_MQ-add,B6,MQ-add,leave_N,4,0,20370930,22,"[-4.0352340440835555, -13.568357783395982, -7.7701699197206615, -8.521876868346425, -5.132033260572661, -3.2366900283955786]",True,2,`ftol` termination condition is satisfied.,38,0.004151914534834363,"[-0.5118627005691726, -1.4673084561441911, -0.6460738219219097, -1.3181080365405458, -1.1580197917682098, -2.0075607693479003]",True
B6_leave_N_1_MQ-add,B6,MQ-add,leave_N,4,0,20370930,23,"[4.51141494320154, 3.610215908880857, -3.7575645877336985, -1.3282616974983812, -7.909697179303801, 4.567787094496758]",True,2,`ftol` termination condition is satisfied.,29,0.004151914534834359,"[-0.5118626982451718, -1.4673084562217742, -0.6460738199028152, -1.3181080364741364, -1.158019781964435, -2.007560769341249]",True
B6_leave_N_1_MQ-add,B6,MQ-add,leave_N,4,0,20370930,24,"[-10.428149335266282, -6.670801554162496, -13.616923326920503, -6.157391841730204, -0.9063280255934618, -13.67150608223633]",True,2,`ftol` termination condition is satisfied.,87,0.004151914534834359,"[-0.5118626993122277, -1.4673084561746597, -0.6460738208273721, -1.318108036514758, -1.158019786448766, -2.0075607693406297]",True
B6_leave_N_1_MQ-add,B6,MQ-add,leave_N,4,0,20370930,25,"[-8.954584399996634, -5.3094249489385135, -4.362018647487751, -7.857003242134549, -6.920177339073064, -15.564137063987985]",True,2,`ftol` termination condition is satisfied.,75,0.004151914534834357,"[-0.5118626989236855, -1.4673084562555847, -0.6460738205090607, -1.3181080364448943, -1.1580197849096003, -2.0075607693396056]",True
B6_leave_N_1_MQ-add,B6,MQ-add,leave_N,4,0,20370930,26,"[3.2215325688415533, -14.878464667499228, -11.598701442209778, -3.2793356388438415, 0.08784447093076331, 0.40667603543379016]",True,2,`ftol` termination condition is satisfied.,51,0.004151914534834359,"[-0.5118626993726537, -1.4673084562072165, -0.6460738208869427, -1.3181080364867597, -1.1580197867519024, -2.007560769339049]",True
B6_leave_N_1_MQ-add,B6,MQ-add,leave_N,4,0,20370930,27,"[-5.330425799143699, 2.166872628895952, 0.07179363289552398, -5.629966686996118, -2.694474342357015, -1.9682053151020167]",True,2,`ftol` termination condition is satisfied.,111,0.00415191453483436,"[-0.5118626988354392, -1.4673084561803817, -0.6460738204147581, -1.3181080365094857, -1.1580197844305713, -2.0075607693602957]",True
B6_leave_N_1_MQ-add,B6,MQ-add,leave_N,4,0,20370930,28,"[-11.806514205128643, -11.059935513143856, -7.116858891548169, -0.6703731576584175, -4.929499942592178, -5.899010139928025]",True,2,`ftol` termination condition is satisfied.,94,0.0041519145348343596,"[-0.511862698838654, -1.4673084561937808, -0.6460738204166354, -1.318108036498237, -1.158019784456504, -2.007560769343571]",True
B6_leave_N_1_MQ-add,B6,MQ-add,leave_N,4,0,20370930,29,"[-16.49751794532363, 4.785855606194001, -15.544932063697333, -0.15886045516271707, -6.02348414268006, -11.93367965596289]",True,2,`ftol` termination condition is satisfied.,74,0.00415191453483436,"[-0.5118626994751314, -1.4673084561897676, -0.6460738209749439, -1.3181080365018212, -1.158019787166111, -2.0075607693400674]",True
B6_leave_N_1_MQ-add,B6,MQ-add,leave_N,4,0,20370930,30,"[-0.08862081463808735, -7.6321548943844295, -2.5641617289636347, -5.015716178203739, -3.7890777774857867, 4.065638097234135]",True,2,`ftol` termination condition is satisfied.,42,0.004151914534834357,"[-0.5118627004067567, -1.4673084562271488, -0.6460738218079652, -1.3181080364698656, -1.1580197912025458, -2.007560769351103]",True
B6_leave_N_1_MQ-add,B6,MQ-add,leave_N,4,0,20370930,31,"[2.768695648575431, -1.8737419961137398, -8.891940212622089, -2.5978525012982363, -1.202340618759889, -5.583815954844438]",True,2,`ftol` termination condition is satisfied.,24,0.0041519145348343535,"[-0.5118626991928339, -1.467308456168579, -0.646073820722201, -1.3181080365199174, -1.158019785932006, -2.007560769343323]",True
B6_leave_N_1_MQ-add,B6,MQ-add,leave_N,4,0,20370930,32,"[-7.9394772529842665, -12.250709773295078, 3.950421661492058, -7.277678165201738, -8.209744721426244, -9.575166843681076]",True,2,`ftol` termination condition is satisfied.,97,0.004151914534834355,"[-0.5118626988331303, -1.4673084561791983, -0.6460738204069021, -1.3181080365108875, -1.158019784413944, -2.0075607693570507]",True
B6_leave_N_1_MQ-eff,B6,MQ-eff,leave_N,4,0,20470930,0,"[-1.0714662764349434, -1.5919713537588893, -0.3913558949661768, -1.2763503266496101, -2.3066169576643176, -1.146040733446924]",True,2,`ftol` termination condition is satisfied.,25,0.0100079904126803,"[-0.45100676402327855, -1.4673084561718164, -0.6460737762672994, -1.3181080365178006, -1.1580198001307724, -13.815510557964272]",True
B6_leave_N_1_MQ-eff,B6,MQ-eff,leave_N,4,0,20470930,1,"[-9.995875352967646, -3.706647327900127, -1.1113066860663459, -4.761644444169277, -3.6434092046509896, -11.239704562722071]",True,2,`ftol` termination condition is satisfied.,84,0.010007990412680287,"[-0.45100675857507055, -1.4673084561829095, -0.6460737711719352, -1.3181080365076447, -1.1580197754297485, -13.815510557964272]",True
B6_leave_N_1_MQ-eff,B6,MQ-eff,leave_N,4,0,20470930,2,"[1.8442031097391123, -7.3496639451094055, -7.446997142232767, -0.5026410656966611, -4.487037205297701, -2.3090320773170614]",True,2,`ftol` termination condition is satisfied.,39,0.010007990412680301,"[-0.4510067595493695, -1.467308456189224, -0.6460737720835509, -1.3181080365021065, -1.158019779857413, -13.815510557964236]",True
B6_leave_N_1_MQ-eff,B6,MQ-eff,leave_N,4,0,20470930,3,"[-2.5639004932005616, 3.80708509063712, 0.9474562291668214, -6.4352136794672665, -8.135802641302451, 1.661428680085855]",True,2,`ftol` termination condition is satisfied.,83,0.010007990412680296,"[-0.4510067596058972, -1.4673084561623262, -0.6460737721413128, -1.3181080365251132, -1.1580197800842447, -13.815510557964272]",True
B6_leave_N_1_MQ-eff,B6,MQ-eff,leave_N,4,0,20470930,4,"[-13.691589518298514, -15.50966217855531, -15.518005460755479, -3.3555152360300973, 0.604181865112631, -7.234114195039847]",True,2,`ftol` termination condition is satisfied.,41,0.010007990412680292,"[-0.4510067594749945, -1.4673084561961753, -0.6460737720149365, -1.3181080364963553, -1.1580197795295555, -13.815510557963693]",True
B6_leave_N_1_MQ-eff,B6,MQ-eff,leave_N,4,0,20470930,5,"[-15.98450302642066, 1.5543675185775463, -11.194993213769786, -2.0070313051362545, -1.0768326683305407, -9.949246244060308]",True,2,`ftol` termination condition is satisfied.,84,0.010007990412680292,"[-0.4510067595545209, -1.4673084561964056, -0.6460737720884738, -1.3181080364960949, -1.158019779889861, -13.81551055743357]",True
B6_leave_N_1_MQ-eff,B6,MQ-eff,leave_N,4,0,20470930,6,"[-5.034907581776041, -13.32372992738877, -3.283444181609095, -8.621182067170391, -6.4546423010026395, -3.040033190810677]",True,2,`ftol` termination condition is satisfied.,103,0.010007990412680301,"[-0.45100675503355503, -1.4673084563603755, -0.6460737679194551, -1.3181080363544164, -1.1580197596332162, -13.815510557964272]",True
B6_leave_N_1_MQ-eff,B6,MQ-eff,leave_N,4,0,20470930,7,"[5.517324616959108, -1.6181029200051924, -11.672615941213703, -0.09961458883309149, -6.084375016959113, 0.9592131959177816]",True,2,`ftol` termination condition is satisfied.,38,0.01000799041268029,"[-0.45100676648203186, -1.467308456139592, -0.6460737786123071, -1.3181080365422733, -1.15801981127844, -13.815510557964272]",True
B6_leave_N_1_MQ-eff,B6,MQ-eff,leave_N,4,0,20470930,8,"[-6.144671135079825, -9.37142574955768, 3.20585617267189, -5.518143690634889, -2.0462166313984342, -5.96952009819501]",True,2,`ftol` termination condition is satisfied.,80,0.010007990412680294,"[-0.4510067592829097, -1.4673084562427867, -0.646073771849567, -1.3181080364562665, -1.1580197787275697, -13.815510557964272]",True
B6_leave_N_1_MQ-eff,B6,MQ-eff,leave_N,4,0,20470930,9,"[-7.8772012159037015, 4.97068280646992, -14.18887604863981, -7.579885045052329, -4.718512313885613, -8.08894218098395]",True,2,`ftol` termination condition is satisfied.,72,0.01000799041268029,"[-0.45100675953466474, -1.4673084561601166, -0.6460737720708998, -1.3181080365270237, -1.1580197797554086, -13.81551055796159]",True
B6_leave_N_1_MQ-eff,B6,MQ-eff,leave_N,4,0,20470930,10,"[3.9576786020427797, -17.028580954182196, 4.963776098051131, -2.1520527268147607, -2.794917706874844, 2.828242506239757]",True,3,`xtol` termination condition is satisfied.,32,0.010007990412680292,"[-0.4510067706247775, -1.4673084561407863, -0.6460737824234302, -1.3181080365438633, -1.1580198300246822, -13.815510557964272]",True
B6_leave_N_1_MQ-eff,B6,MQ-eff,leave_N,4,0,20470930,11,"[-3.2998889994321026, -5.393208087992345, -8.76778416381036, -5.961051646892326, -0.18850134772471172, -1.1699079069015568]",True,2,`ftol` termination condition is satisfied.,22,0.010007990412680298,"[-0.4510067601857398, -1.4673084561687533, -0.6460737726689534, -1.3181080365196518, -1.1580197827109153, -13.815510557964272]",True
B6_leave_N_1_MQ-eff,B6,MQ-eff,leave_N,4,0,20470930,12,"[-14.422346770413249, -6.0197992726782115, -5.1304036153079124, 0.6437958987060401, -7.922881170998124, -12.06757324480493]",True,2,`ftol` termination condition is satisfied.,86,0.01000799041268029,"[-0.4510067597934721, -1.46730845622234, -0.646073772312842, -1.3181080364741857, -1.1580197810069628, -13.815510557964272]",True
B6_leave_N_1_MQ-eff,B6,MQ-eff,leave_N,4,0,20470930,13,"[-12.396568134388199, -0.28825879826223044, 2.0389271860312057, -1.244869181844714, -7.433824403122393, -5.364110368980743]",True,2,`ftol` termination condition is satisfied.,87,0.010007990412680287,"[-0.45100675611052343, -1.4673084565176833, -0.6460737689700352, -1.3181080362213635, -1.1580197647500896, -13.815510557964272]",True
B6_leave_N_1_MQ-eff,B6,MQ-eff,leave_N,4,0,20470930,14,"[-1.45219850896763, -11.057963241515292, -15.851264125393124, -4.315262135054977, -0.677412877191589, -0.45702031343446947]",True,2,`ftol` termination condition is satisfied.,37,0.01000799041268029,"[-0.45100675955256875, -1.467308456144081, -0.6460737720758821, -1.3181080365405697, -1.158019779807066, -13.815510557964272]",True
B6_leave_N_1_MQ-eff,B6,MQ-eff,leave_N,4,0,20470930,15,"[0.5516933256430683, 0.03547201108526821, -2.113726585464045, -3.2070194614947285, -2.3898285639344223, -4.4283316918407944]",True,2,`ftol` termination condition is satisfied.,22,0.010007990412680294,"[-0.45100675948638974, -1.4673084561833414, -0.6460737720223672, -1.3181080365072253, -1.158019779562555, -13.815510557964272]",True
B6_leave_N_1_MQ-eff,B6,MQ-eff,leave_N,4,0,20470930,16,"[-11.105087476957326, -12.160152762244198, -7.024698969275546, -7.47532833019425, -5.123747263682675, -9.370554270039584]",True,2,`ftol` termination condition is satisfied.,98,0.010007990412680287,"[-0.4510067595414078, -1.4673084561808125, -0.6460737720737811, -1.3181080365090025, -1.1580197798088858, -13.815510557964272]",True
B6_leave_N_1_MQ-eff,B6,MQ-eff,leave_N,4,0,20470930,17,"[-10.173716317058133, 0.975749049504941, 4.425892638466205, 0.24490201058741512, 0.5364237596749177, -0.5910679367729124]",True,2,`ftol` termination condition is satisfied.,28,0.01000799041268028,"[-0.4510067595497795, -1.467308456167649, -0.6460737720780235, -1.3181080365204798, -1.1580197798275786, -13.815510557964272]",True
B6_leave_N_1_MQ-eff,B6,MQ-eff,leave_N,4,0,20470930,18,"[0.9540000098838917, -12.656062778615064, -13.286028585870561, -5.2111935314792195, -8.650571492643863, -5.665713836448589]",True,3,`xtol` termination condition is satisfied.,67,0.010007990412680287,"[-0.45100675959086, -1.4673084561413157, -0.6460737721078917, -1.3181080365427646, -1.1580197799742327, -13.815510557952326]",True
B6_leave_N_1_MQ-eff,B6,MQ-eff,leave_N,4,0,20470930,19,"[-0.24777638390734325, -0.7723475832108093, -4.578612265163688, -1.71844712543942, -3.9582979325165564, -9.629857240309924]",True,3,`xtol` termination condition is satisfied.,36,0.010007990412680284,"[-0.45100675956804925, -1.4673084561665903, -0.6460737721049766, -1.318108036521752, -1.1580197799172396, -13.81551055795851]",True
B6_leave_N_1_MQ-eff,B6,MQ-eff,leave_N,4,0,20470930,20,"[-12.08782779953063, -10.128137841543719, -9.667843526596442, -8.370130220871342, -3.561680890941461, -4.605897065505333]",True,2,`ftol` termination condition is satisfied.,109,0.010007990412680294,"[-0.45100675935465123, -1.4673084561843477, -0.6460737718980429, -1.3181080365063969, -1.1580197789654798, -13.815510557964272]",True
B6_leave_N_1_MQ-eff,B6,MQ-eff,leave_N,4,0,20470930,21,"[-15.449286697995007, -4.463359250045766, -16.7425406165674, -6.686506529862811, -1.6663493212378286, 2.1054704072588226]",True,2,`ftol` termination condition is satisfied.,87,0.010007990412680298,"[-0.45100676798920997, -1.4673084561123533, -0.6460737799630877, -1.318108036568279, -1.1580198180367913, -13.815510557964268]",True
B6_leave_N_1_MQ-eff,B6,MQ-eff,leave_N,4,0,20470930,22,"[-3.787328947745255, -6.50390877815542, 2.588370747425593, -3.6437856147860757, -5.853483695363549, -8.924615458620604]",True,2,`ftol` termination condition is satisfied.,97,0.01000799041268029,"[-0.45100675990703903, -1.4673084562028376, -0.6460737724184746, -1.3181080364904934, -1.1580197814972202, -13.815510557964272]",True
B6_leave_N_1_MQ-eff,B6,MQ-eff,leave_N,4,0,20470930,23,"[2.846216496142798, 4.474752748932023, -6.113938387575642, -5.068799226763256, -6.671563343270416, -12.91462688821489]",True,2,`ftol` termination condition is satisfied.,59,0.01000799041268029,"[-0.4510067690282961, -1.467308456080361, -0.6460737809224588, -1.3181080365955404, -1.158019822700673, -13.815510557964272]",True
B6_leave_N_1_MQ-eff,B6,MQ-eff,leave_N,4,0,20470930,24,"[-8.103417035211203, -16.088281157149112, -2.654827586479957, -0.8467347222017487, -1.4427296281073856, -1.8805692882320297]",True,2,`ftol` termination condition is satisfied.,86,0.010007990412680298,"[-0.45100675857853856, -1.4673084562428642, -0.6460737711858994, -1.3181080364565256, -1.1580197755287192, -13.815510557964272]",True
B6_leave_N_1_MQ-eff,B6,MQ-eff,leave_N,4,0,20470930,25,"[-6.632903303932178, -2.470040192547458, -7.960880157873003, -2.8992092408416053, -7.71119897903727, -3.7505756997653084]",True,3,`xtol` termination condition is satisfied.,87,0.010007990412680284,"[-0.4510067595175975, -1.4673084561531435, -0.6460737720450774, -1.318108036532654, -1.1580197796612122, -13.815510557956689]",True
B6_leave_N_1_MQ-eff,B6,MQ-eff,leave_N,4,0,20470930,26,"[4.48961437824957, -8.787133167528962, -0.22759000333357093, -7.130576961838882, 0.17215683280118377, -10.796182917052445]",True,2,`ftol` termination condition is satisfied.,34,0.010007990412680294,"[-0.4510067561857616, -1.4673084562750813, -0.6460737689557344, -1.318108036428324, -1.1580197647205588, -13.815510557964272]",True
B6_leave_N_1_MQ-eff,B6,MQ-eff,leave_N,4,0,20470930,27,"[-5.260526836683512, 2.1282091415197613, -14.984649224375126, -0.9929220302855928, -3.178859615224412, -6.8053179540815405]",True,3,`xtol` termination condition is satisfied.,75,0.010007990412680285,"[-0.45100675948042784, -1.467308456171496, -0.6460737720056856, -1.3181080365176876, -1.1580197795121976, -13.81551055789234]",True
B6_leave_N_1_MQ-eff,B6,MQ-eff,leave_N,4,0,20470930,28,"[-17.095346998189992, -14.163846647870344, 0.07209297659802871, -4.026339728926559, -4.953478304726112, 0.23631461672895426]",True,2,`ftol` termination condition is satisfied.,103,0.010007990412680289,"[-0.45100676340042445, -1.467308456286329, -0.6460737757219656, -1.3181080364193518, -1.1580197974776363, -13.815510557964272]",True
B6_leave_N_1_MQ-eff,B6,MQ-eff,leave_N,4,0,20470930,29,"[-13.288661982480665, 2.966989090684173, -4.156285559019507, -6.250142295800865, -5.656561063596809, -2.4864785786057606]",True,2,`ftol` termination condition is satisfied.,75,0.010007990412680301,"[-0.4510067602385566, -1.467308456127955, -0.6460737727125518, -1.3181080365542817, -1.1580197828948935, -13.815510557964272]",True
B6_leave_N_1_MQ-eff,B6,MQ-eff,leave_N,4,0,20470930,30,"[-1.6319300514549617, -14.9358439935881, -10.670245762592689, 0.39223530940414975, -2.4756316179448596, -11.498890562574587]",True,2,`ftol` termination condition is satisfied.,35,0.01000799041268029,"[-0.4510067598216456, -1.4673084561668481, -0.6460737723349811, -1.3181080365215698, -1.1580197810621935, -13.815510557964272]",True
B6_leave_N_1_MQ-eff,B6,MQ-eff,leave_N,4,0,20470930,31,"[2.152170416022525, -3.1223775044848168, 4.092616310427108, -7.92491379816238, -0.6148936931167697, -7.535842240757572]",True,2,`ftol` termination condition is satisfied.,42,0.010007990412680289,"[-0.45100675949378516, -1.4673084561755645, -0.646073772025474, -1.3181080365136446, -1.1580197795833267, -13.815510557956953]",True
B6_leave_N_1_MQ-eff,B6,MQ-eff,leave_N,4,0,20470930,32,"[-8.792248165892936, -8.20158117648464, -12.194586162193144, -2.4595127658688396, -6.924294259975958, 1.5272545765395193]",True,2,`ftol` termination condition is satisfied.,87,0.01000799041268029,"[-0.4510067594313651, -1.4673084561695255, -0.6460737719607396, -1.3181080365191122, -1.1580197792876143, -13.815510557952415]",True
B6_leave_N_2.8_M0_6,B6,M0_6,leave_N,5,0,20270931,0,"[-1.077982058423061, -1.5984871357470072, -0.39787167695429476, -1.2763503266496101, -2.3066169576643176]",True,2,`ftol` termination condition is satisfied.,29,0.011927501822748394,"[-0.48233794856953954, -1.4931796979305516, -0.6850596683108121, -1.3009744779141232, -1.2990034501157708]",True
B6_leave_N_2.8_M0_6,B6,M0_6,leave_N,5,0,20270931,1,"[-4.156020077246469, 4.2242279705958055, -5.315741440742174, -7.838034876782426, -4.790041999315339]",True,2,`ftol` termination condition is satisfied.,72,0.011927501822748397,"[-0.48233795085536035, -1.493179697969146, -0.6850596688750825, -1.3009744778823573, -1.299003458985482]",True
B6_leave_N_2.8_M0_6,B6,M0_6,leave_N,5,0,20270931,2,"[-8.056102918203552, -8.68380505016661, -13.828617983219468, 0.832399643549282, -1.3445645134885549]",True,2,`ftol` termination condition is satisfied.,42,0.011927501822748394,"[-0.48233794895407617, -1.4931796979407055, -0.6850596684057442, -1.3009744779057786, -1.2990034516123776]",True
B6_leave_N_2.8_M0_6,B6,M0_6,leave_N,5,0,20270931,3,"[-11.875476625170934, -0.5782790483971567, 0.6440573748447385, -4.83742023026085, -2.136816993899438]",True,2,`ftol` termination condition is satisfied.,97,0.01192750182274839,"[-0.4823379528892752, -1.493179697934309, -0.6850596693700919, -1.3009744779113663, -1.299003466786721]",True
B6_leave_N_2.8_M0_6,B6,M0_6,leave_N,5,0,20270931,4,"[1.065838235177921, -15.277675819405399, -8.045523750846165, -3.3556592753694092, -8.563561943739504]",True,2,`ftol` termination condition is satisfied.,48,0.01192750182274839,"[-0.4823379530209052, -1.4931796979421015, -0.6850596693993429, -1.300974477904912, -1.299003467301275]",True
B6_leave_N_2.8_M0_6,B6,M0_6,leave_N,5,0,20270931,5,"[4.626439671593719, -3.5494511648492413, -15.619607978438161, -1.6008201350898421, -7.177634543824136]",True,2,`ftol` termination condition is satisfied.,33,0.011927501822748394,"[-0.4823379599101703, -1.4931796979525083, -0.6850596710876093, -1.3009744778958698, -1.2990034938931234]",True
B6_leave_N_2.8_M0_6,B6,M0_6,leave_N,5,0,20270931,6,"[-16.859389515760576, -12.168789210202375, -1.4301110411223483, -5.409452495166583, -3.7324333236204588]",True,2,`ftol` termination condition is satisfied.,99,0.011927501822748392,"[-0.48233795461575235, -1.4931796979938246, -0.6850596697936184, -1.3009744778612378, -1.2990034735202498]",True
B6_leave_N_2.8_M0_6,B6,M0_6,leave_N,5,0,20270931,7,"[-8.76899977523318, 1.6322428018267132, -9.8365085659327, -0.9411016374846746, 0.24640079422635885]",True,2,`ftol` termination condition is satisfied.,104,0.011927501822748392,"[-0.48233795208312347, -1.4931796979486136, -0.6850596691718208, -1.3009744778990697, -1.2990034636930043]",True
B6_leave_N_2.8_M0_6,B6,M0_6,leave_N,5,0,20270931,8,"[-2.0170291009525876, -5.951268544469023, 4.529682254651608, -7.2473381973311675, -6.180613599863405]",True,2,`ftol` termination condition is satisfied.,68,0.011927501822748392,"[-0.48233795268118046, -1.4931796979798992, -0.6850596693193624, -1.3009744778726422, -1.2990034660394087]",True
B6_leave_N_2.8_M0_6,B6,M0_6,leave_N,5,0,20270931,9,"[-1.4676367888984725, -2.0192408687732044, -11.170578677703297, -6.255237239998425, -0.45299712623139143]",True,2,`ftol` termination condition is satisfied.,53,0.011927501822748392,"[-0.4823379506838337, -1.4931796979651932, -0.6850596688313643, -1.3009744778853445, -1.2990034583171413]",True
B6_leave_N_2.8_M0_6,B6,M0_6,leave_N,5,0,20270931,10,"[-10.743138353148378, -16.548459598484452, 3.0230861429937796, -2.3895513390556777, -4.4945728333485855]",True,2,`ftol` termination condition is satisfied.,97,0.011927501822748394,"[-0.4823379494215742, -1.4931796979559684, -0.6850596685216555, -1.3009744778929457, -1.2990034534356536]",True
B6_leave_N_2.8_M0_6,B6,M0_6,leave_N,5,0,20270931,11,"[-14.785163311597868, 3.129745913304916, -17.142899401276857, -6.867240656935976, -7.672177490084885]",True,2,`ftol` termination condition is satisfied.,135,0.01192750182274839,"[-0.4823379489730639, -1.4931796979246468, -0.6850596684093366, -1.3009744779191346, -1.2990034516650224]",True
B6_leave_N_2.8_M0_6,B6,M0_6,leave_N,5,0,20270931,12,"[3.9767858167239467, -10.298210008582249, -2.769747162435362, -0.5807856536428542, -1.841455726427717]",True,2,`ftol` termination condition is satisfied.,30,0.011927501822748394,"[-0.4823379439250405, -1.4931796979520189, -0.6850596671813166, -1.3009744778961398, -1.2990034322314017]",True
B6_leave_N_2.8_M0_6,B6,M0_6,leave_N,5,0,20270931,13,"[1.8377989165996347, 0.044235542121683125, 1.9896930233175532, 0.02038581312735488, -2.836219426411475]",True,2,`ftol` termination condition is satisfied.,23,0.011927501822748394,"[-0.4823379550884517, -1.4931796979562302, -0.6850596699083862, -1.3009744778929009, -1.299003475297325]",True
B6_leave_N_2.8_M0_6,B6,M0_6,leave_N,5,0,20270931,14,"[-14.072270530737807, -7.353272713898532, -6.527362272326517, -8.669848169862926, -6.877516594114425]",True,2,`ftol` termination condition is satisfied.,131,0.01192750182274839,"[-0.48233795294048276, -1.4931796980075458, -0.6850596693868526, -1.300974477849715, -1.2990034670770116]",True
B6_leave_N_2.8_M0_6,B6,M0_6,leave_N,5,0,20270931,15,"[-5.759218668942795, -4.768717340745823, -3.803145971764943, -3.0093121852639015, -5.284580433521802]",True,2,`ftol` termination condition is satisfied.,96,0.011927501822748394,"[-0.4823379610375344, -1.4931796979748269, -0.6850596713668314, -1.3009744778774994, -1.2990034982726488]",True
B6_leave_N_2.8_M0_6,B6,M0_6,leave_N,5,0,20270931,16,"[-5.028245018930214, -13.936675879691753, -12.499677645927523, -4.4340380738423235, 0.5464085005939268]",True,2,`ftol` termination condition is satisfied.,28,0.011927501822748394,"[-0.4823379493476323, -1.4931796979792646, -0.6850596685039252, -1.300974477873598, -1.2990034531791808]",True
B6_leave_N_2.8_M0_6,B6,M0_6,leave_N,5,0,20270931,17,"[-5.4476783240441105, -5.7108929400610755, 3.766533232789264, -1.4749805930803914, -8.178357681619223]",True,2,`ftol` termination condition is satisfied.,98,0.011927501822748394,"[-0.48233795181433714, -1.4931796979598841, -0.6850596691086244, -1.300974477889525, -1.2990034626723548]",True
B6_leave_N_2.8_M0_6,B6,M0_6,leave_N,5,0,20270931,18,"[-6.768577737505467, -12.905506459124142, -10.445247189421845, -7.165147797747084, -2.645416152805348]",True,2,`ftol` termination condition is satisfied.,37,0.011927501822748394,"[-0.4823379467701968, -1.4931796979700276, -0.6850596678744785, -1.3009744778810182, -1.29900344322612]",True
B6_leave_N_2.8_M0_6,B6,M0_6,leave_N,5,0,20270931,19,"[-13.434313520428407, 0.8941451750654501, -2.0276508982500197, -2.0913523003073973, -1.1293338484089794]",True,2,`ftol` termination condition is satisfied.,80,0.011927501822748397,"[-0.4823379670551232, -1.4931796979362801, -0.6850596728375333, -1.3009744779097985, -1.2990035214388849]",True
B6_leave_N_2.8_M0_6,B6,M0_6,leave_N,5,0,20270931,20,"[2.620455106051761, -8.114090697520352, -16.41612503388923, -5.361331924706922, -4.8725472301518895]",True,2,`ftol` termination condition is satisfied.,30,0.011927501822748389,"[-0.4823379428757798, -1.4931796979607608, -0.6850596669198235, -1.300974477888863, -1.299003428190038]",True
B6_leave_N_2.8_M0_6,B6,M0_6,leave_N,5,0,20270931,21,"[3.3333466131088336, 3.5375983536206235, -5.824275885010282, -4.731964541878093, -5.802115653768882]",True,2,`ftol` termination condition is satisfied.,34,0.011927501822748394,"[-0.48233795407931723, -1.493179697939138, -0.6850596696579888, -1.3009744779069257, -1.2990034713803296]",True
B6_leave_N_2.8_M0_6,B6,M0_6,leave_N,5,0,20270931,22,"[-15.573299146749733, -10.795159193431855, 2.6663178519333073, -3.903526451926102, -0.26947994986288926]",True,2,`ftol` termination condition is satisfied.,87,0.011927501822748397,"[-0.4823379495593111, -1.4931796979845249, -0.6850596685573048, -1.3009744778693253, -1.2990034540035902]",True
B6_leave_N_2.8_M0_6,B6,M0_6,leave_N,5,0,20270931,23,"[-10.329184523893819, -2.691013569501896, -11.795159079450222, -7.775925801137897, -3.519245926337099]",True,2,`ftol` termination condition is satisfied.,102,0.01192750182274839,"[-0.4823379510913413, -1.4931796979572702, -0.6850596689292449, -1.3009744778918744, -1.2990034598778817]",True
B6_leave_N_2.8_M0_6,B6,M0_6,leave_N,5,0,20270931,24,"[-0.46376008348191533, -15.965685814220075, -3.1278605894526237, 0.3186019053091602, -7.2627719543613045]",True,2,`ftol` termination condition is satisfied.,70,0.01192750182274839,"[-0.48233795150819936, -1.493179697979043, -0.6850596690327218, -1.3009744778735148, -1.299003461513738]",True
B6_leave_N_2.8_M0_6,B6,M0_6,leave_N,5,0,20270931,25,"[-2.671684564490228, 2.2070658475121476, -13.12922919122082, -3.0577419024981856, -1.7586606227492263]",True,2,`ftol` termination condition is satisfied.,59,0.011927501822748394,"[-0.48233795046597755, -1.4931796979614198, -0.6850596687785004, -1.3009744778884476, -1.2990034574724294]",True
B6_leave_N_2.8_M0_6,B6,M0_6,leave_N,5,0,20270931,26,"[-9.546093267030667, -6.615166934798136, -4.634456701110452, -3.943233249092291, -7.8876980990623755]",True,2,`ftol` termination condition is satisfied.,96,0.011927501822748392,"[-0.4823379489783577, -1.493179697970488, -0.6850596684157252, -1.3009744778811436, -1.299003451746029]",True
B6_leave_N_2.8_M0_6,B6,M0_6,leave_N,5,0,20270931,27,"[-16.434393343151637, -4.032013679055941, -7.347567307848978, -0.06149543968210658, -3.9856814567536247]",True,2,`ftol` termination condition is satisfied.,130,0.011927501822748394,"[-0.48233794893037435, -1.4931796979679952, -0.6850596684030724, -1.300974477883229, -1.2990034515569713]",True
B6_leave_N_2.8_M0_6,B6,M0_6,leave_N,5,0,20270931,28,"[5.619100117087747, -11.775247691711806, 1.3266817306202974, -8.136241873799685, -0.8384935349847504]",True,2,`ftol` termination condition is satisfied.,31,0.011927501822748396,"[-0.4823379456113965, -1.4931796979591352, -0.6850596675898912, -1.3009744778901344, -1.2990034387415645]",True
B6_leave_N_2.8_M0_6,B6,M0_6,leave_N,5,0,20270931,29,"[0.6351859526951209, -1.3312227216193975, -0.682015249777205, -6.3531341627290825, 0.6312560382891537]",True,2,`ftol` termination condition is satisfied.,19,0.011927501822748396,"[-0.4823379348949238, -1.493179697963731, -0.6850596649741135, -1.3009744778862808, -1.2990033974134823]",True
B6_leave_N_2.8_M0_6,B6,M0_6,leave_N,5,0,20270931,30,"[-12.87379063293285, -14.435716925040577, -14.897963555369582, -0.6431672111799269, -5.497477886907247]",True,2,`ftol` termination condition is satisfied.,25,0.01192750182274839,"[-0.4823379529746333, -1.4931796979651202, -0.6850596693923895, -1.3009744778860217, -1.2990034671549961]",True
B6_leave_N_2.8_M0_6,B6,M0_6,leave_N,5,0,20270931,31,"[-7.407100847093398, 5.241086469338274, 5.279128701766496, -5.707678819408503, -6.361928067714227]",True,2,`ftol` termination condition is satisfied.,91,0.011927501822748394,"[-0.482337951134612, -1.4931796979433798, -0.6850596689399575, -1.3009744779035044, -1.2990034600280216]",True
B6_leave_N_2.8_M0_6,B6,M0_6,leave_N,5,0,20270931,32,"[-3.3845828651632424, -9.611593978838957, -9.116306852129899, -2.4947345455458922, -3.2144252258729207]",True,2,`ftol` termination condition is satisfied.,30,0.011927501822748392,"[-0.4823379543361742, -1.493179697947875, -0.685059669724032, -1.3009744778999166, -1.2990034723848343]",True
B6_leave_N_2.8_MQ-add,B6,MQ-add,leave_N,5,0,20370931,0,"[-1.077982058423061, -1.5984871357470072, -0.39787167695429476, -1.2763503266496101, -2.3066169576643176, 0.17795482805396273]",True,2,`ftol` termination condition is satisfied.,26,0.0047303553245207,"[-0.5470388317061696, -1.493179697944781, -0.6850596689045533, -1.300974477902994, -1.2990034594549782, -1.9795287616415624]",True
B6_leave_N_2.8_MQ-add,B6,MQ-add,leave_N,5,0,20370931,1,"[-6.31067384124807, -5.57781600308364, -6.794902235004287, -7.514225284671919, -4.003086244301405, -16.706421402052154]",True,2,`ftol` termination condition is satisfied.,102,0.0047303553245207006,"[-0.5470388261812302, -1.4931796979909233, -0.6850596676412606, -1.300974477863597, -1.2990034395349315, -1.979528761635668]",True
B6_leave_N_2.8_MQ-add,B6,MQ-add,leave_N,5,0,20370931,2,"[2.392046307517738, -10.133556429620162, -5.0663320255335105, 0.006063637975174174, -1.2476697553193965, -2.9927970293329427]",True,2,`ftol` termination condition is satisfied.,26,0.004730355324520698,"[-0.547038825385181, -1.4931796979679126, -0.685059667458246, -1.3009744778832766, -1.2990034366295442, -1.9795287616410944]",True
B6_leave_N_2.8_MQ-add,B6,MQ-add,leave_N,5,0,20370931,3,"[-2.0859352401328, 0.016251109487296134, -13.00425253729328, -6.102611416969146, -3.295437366430364, 0.24497063103053307]",True,2,`ftol` termination condition is satisfied.,52,0.0047303553245207,"[-0.5470388423988053, -1.4931796979558511, -0.6850596713542255, -1.3009744778891015, -1.29900349812487, -1.9795287616328126]",True
B6_leave_N_2.8_MQ-add,B6,MQ-add,leave_N,5,0,20370931,4,"[-16.131503818954858, -16.08095148244769, 2.5294867627855595, -2.000358074547936, -7.096070165126365, -9.191961642007968]",True,2,`ftol` termination condition is satisfied.,90,0.004730355324520702,"[-0.5470388379083383, -1.4931796979464154, -0.6850596703252145, -1.300974477901133, -1.299003481881423, -1.9795287616379713]",True
B6_leave_N_2.8_MQ-add,B6,MQ-add,leave_N,5,0,20370931,5,"[-11.941976656654449, 4.8441657213572675, -2.3969860413126156, -3.584541746905689, -8.412815169270791, -12.71257530299971]",True,2,`ftol` termination condition is satisfied.,106,0.004730355324520699,"[-0.5470388297822575, -1.4931796979611447, -0.6850596684657396, -1.3009744778887693, -1.2990034525198386, -1.9795287616409187]",True
B6_leave_N_2.8_MQ-add,B6,MQ-add,leave_N,5,0,20370931,6,"[-3.5477821220223014, -11.826252291970352, -9.480770123359095, -3.962057202061243, -1.6340980720409304, -1.8442236923796358]",True,2,`ftol` termination condition is satisfied.,34,0.004730355324520697,"[-0.5470388273544298, -1.493179697942921, -0.6850596678985278, -1.3009744779043753, -1.2990034437090157, -1.9795287616387578]",True
B6_leave_N_2.8_MQ-add,B6,MQ-add,leave_N,5,0,20370931,7,"[3.7237777806899715, -0.9613676758666827, 5.59394991733479, -0.8306066328492356, 0.043387519794103824, 4.885775154137061]",True,2,`ftol` termination condition is satisfied.,20,0.004730355324520699,"[-0.5470388248655332, -1.4931796979325245, -0.685059667336038, -1.3009744779127363, -1.299003434704598, -1.9795287616408275]",True
B6_leave_N_2.8_MQ-add,B6,MQ-add,leave_N,5,0,20370931,8,"[-10.724929742786074, -6.379742432769527, -16.007323313125735, -7.308430870573602, -5.694624469336958, -7.399211866729392]",True,2,`ftol` termination condition is satisfied.,93,0.0047303553245207006,"[-0.5470388384498719, -1.493179697976298, -0.6850596704521312, -1.3009744778760868, -1.2990034838779045, -1.9795287616357131]",True
B6_leave_N_2.8_MQ-add,B6,MQ-add,leave_N,5,0,20370931,9,"[-9.977951756024215, 2.3295238107887783, 3.642564369326827, -4.701817881782127, -0.8031475228208649, -10.716109952117623]",True,2,`ftol` termination condition is satisfied.,117,0.004730355324520702,"[-0.5470388380431929, -1.4931796979770198, -0.6850596703599322, -1.3009744778751653, -1.2990034824114973, -1.9795287616464]",True
B6_leave_N_2.8_MQ-add,B6,MQ-add,leave_N,5,0,20370931,10,"[4.468319152173539, -15.18718581039176, -14.829605618535902, -2.8434507572578953, -4.751194730726807, 1.5687901529248514]",True,2,`ftol` termination condition is satisfied.,33,0.004730355324520695,"[-0.5470388295305957, -1.4931796979601246, -0.6850596684001301, -1.3009744778897647, -1.2990034515988476, -1.979528761628972]",True
B6_leave_N_2.8_MQ-add,B6,MQ-add,leave_N,5,0,20370931,11,"[-5.719822617467409, -3.6099581231081004, -1.1928307355185055, -6.866713759132027, -6.354371691319219, -4.4934683011462475]",True,2,`ftol` termination condition is satisfied.,93,0.004730355324520699,"[-0.5470388298216085, -1.4931796979490628, -0.6850596684682472, -1.3009744778986625, -1.2990034526386804, -1.9795287616288146]",True
B6_leave_N_2.8_MQ-add,B6,MQ-add,leave_N,5,0,20370931,12,"[-14.110882832463876, -9.606771233340847, -11.380678660039852, -1.273653769993829, -3.7452054660131537, -15.361558994453997]",True,2,`ftol` termination condition is satisfied.,147,0.0047303553245207,"[-0.547038830349933, -1.493179697959738, -0.685059668590825, -1.3009744778894308, -1.2990034545654774, -1.9795287616390533]",True
B6_leave_N_2.8_MQ-add,B6,MQ-add,leave_N,5,0,20370931,13,"[-15.386970514890226, -1.5034794395546722, -12.133842701179256, 0.75527007241371, -2.3540262036658026, -6.053044108287812]",True,2,`ftol` termination condition is satisfied.,98,0.004730355324520699,"[-0.5470388287803717, -1.4931796979564007, -0.6850596682339314, -1.3009744778927435, -1.2990034488883224, -1.9795287616358346]",True
B6_leave_N_2.8_MQ-add,B6,MQ-add,leave_N,5,0,20370931,14,"[-1.3389709255230269, -8.329534899068818, 1.008194170367755, -8.264470699547976, -7.941131204872982, 3.383801248926712]",True,2,`ftol` termination condition is satisfied.,76,0.0047303553245207006,"[-0.5470388299108325, -1.493179697987465, -0.6850596684964355, -1.300974477866751, -1.2990034530167651, -1.9795287616360384]",True
B6_leave_N_2.8_MQ-add,B6,MQ-add,leave_N,5,0,20370931,15,"[0.223126459556223, 3.9573786214387816, -8.367670989547307, -2.4515473735291256, -6.116832923571548, -0.5218835228170846]",True,2,`ftol` termination condition is satisfied.,60,0.004730355324520696,"[-0.5470388317267838, -1.493179697972124, -0.6850596689117627, -1.3009744778795862, -1.2990034595634603, -1.979528761635875]",True
B6_leave_N_2.8_MQ-add,B6,MQ-add,leave_N,5,0,20370931,16,"[-8.48272240411211, -14.14367708149603, -4.222360649825758, -5.650382853326541, 0.8139553071161956, -14.23524697822397]",True,2,`ftol` termination condition is satisfied.,44,0.004730355324520697,"[-0.54703882842888, -1.4931796979615004, -0.6850596681556946, -1.3009744778884367, -1.2990034476256986, -1.9795287616359671]",True
B6_leave_N_2.8_MQ-add,B6,MQ-add,leave_N,5,0,20370931,17,"[-7.854552998752444, 2.8120496394693824, -15.173343732986915, -0.4295338843738765, -7.217895382175968, 3.9160917368059494]",True,2,`ftol` termination condition is satisfied.,111,0.004730355324520695,"[-0.5470388297741765, -1.4931796979536485, -0.685059668460384, -1.3009744778950243, -1.2990034524782816, -1.9795287616407802]",True
B6_leave_N_2.8_MQ-add,B6,MQ-add,leave_N,5,0,20370931,18,"[0.8512542540182366, -13.158182987930129, 3.296109148179255, -7.075008881616879, -2.821165499085126, -6.586079176474442]",True,2,`ftol` termination condition is satisfied.,55,0.004730355324520697,"[-0.5470388293076265, -1.4931796979530372, -0.6850596683523076, -1.3009744778956758, -1.2990034507885613, -1.9795287616360806]",True
B6_leave_N_2.8_MQ-add,B6,MQ-add,leave_N,5,0,20370931,19,"[-0.7204513420897456, -2.6467158604332095, -10.302447738827432, -3.65032150306054, -1.1456447825440703, -13.34678588887693]",True,2,`ftol` termination condition is satisfied.,29,0.004730355324520697,"[-0.5470388284200062, -1.4931796979619827, -0.6850596681495041, -1.300974477886914, -1.2990034475901908, -1.9795287616362813]",True
B6_leave_N_2.8_MQ-add,B6,MQ-add,leave_N,5,0,20370931,20,"[-14.768497637566554, -7.34055691186685, -0.11179506996386124, -4.456264311147502, -4.497158355920918, -1.41111093204254]",True,2,`ftol` termination condition is satisfied.,103,0.0047303553245206945,"[-0.5470388303759286, -1.4931796979792393, -0.685059668599261, -1.300974477873646, -1.2990034546860905, -1.9795287616404202]",True
B6_leave_N_2.8_MQ-add,B6,MQ-add,leave_N,5,0,20370931,21,"[-13.303156119635776, -3.8683151551151944, 0.6394124097838478, -5.886622904409308, -5.182807762742682, 2.1038962549318256]",True,2,`ftol` termination condition is satisfied.,106,0.004730355324520699,"[-0.5470388302660827, -1.4931796979614405, -0.6850596685764994, -1.3009744778883263, -1.299003454267896, -1.9795287616342634]",True
B6_leave_N_2.8_MQ-add,B6,MQ-add,leave_N,5,0,20370931,22,"[-4.912136156813773, -9.146502288303111, -12.499776917640494, -1.65399014727834, -0.04089285800646181, -11.251895415718934]",True,2,`ftol` termination condition is satisfied.,32,0.004730355324520697,"[-0.5470388356210196, -1.493179697963493, -0.6850596698013285, -1.3009744778867098, -1.299003473631308, -1.9795287616360557]",True
B6_leave_N_2.8_MQ-add,B6,MQ-add,leave_N,5,0,20370931,23,"[5.263439461416695, 2.069085002556129, -3.163608044565418, -8.065488954503037, -2.0912074349424, -14.470261230769797]",True,2,`ftol` termination condition is satisfied.,32,0.004730355324520695,"[-0.547038818122269, -1.4931796979388112, -0.685059665787436, -1.3009744779067554, -1.2990034103261843, -1.9795287616374564]",True
B6_leave_N_2.8_MQ-add,B6,MQ-add,leave_N,5,0,20370931,24,"[-9.18287679416748, -14.73038997412478, -7.311679649487152, -0.07953643576633063, -8.273827447777421, -5.385423686853766]",True,2,`ftol` termination condition is satisfied.,106,0.0047303553245207,"[-0.547038835933629, -1.4931796979613774, -0.68505966987693, -1.300974477888026, -1.2990034747622707, -1.9795287616350865]",True
B6_leave_N_2.8_MQ-add,B6,MQ-add,leave_N,5,0,20370931,25,"[-11.35456639934911, -0.6840591303638242, -4.697593744091641, -2.385758877489594, -3.5488726609964694, -2.7362986881878584]",True,2,`ftol` termination condition is satisfied.,85,0.0047303553245207006,"[-0.5470388329287561, -1.4931796979395633, -0.6850596691825696, -1.3009744779070638, -1.2990034638659391, -1.979528761636108]",True
B6_leave_N_2.8_MQ-add,B6,MQ-add,leave_N,5,0,20370931,26,"[3.0941823953437897, -6.808537871404653, -6.428924539401013, -5.156184484124965, -6.7541359706973765, -11.821223147927864]",True,2,`ftol` termination condition is satisfied.,26,0.0047303553245207,"[-0.5470388314454395, -1.4931796979622554, -0.6850596688427111, -1.300974477887766, -1.2990034585299821, -1.9795287616356858]",True
B6_leave_N_2.8_MQ-add,B6,MQ-add,leave_N,5,0,20370931,27,"[-4.164812714681194, 5.119392830315377, 1.4706906783831784, 0.35420606382303177, -4.927727291469214, -7.9350952008603866]",True,2,`ftol` termination condition is satisfied.,120,0.004730355324520697,"[-0.5470388319807251, -1.4931796979452743, -0.6850596689689219, -1.3009744779019057, -1.2990034604477563, -1.9795287616349446]",True
B6_leave_N_2.8_MQ-add,B6,MQ-add,leave_N,5,0,20370931,28,"[-12.558960203522933, -12.258520499695438, -14.060200398211395, -8.497901428389381, -0.3835829991684321, 5.420957387102696]",True,2,`ftol` termination condition is satisfied.,38,0.004730355324520699,"[-0.5470388327207529, -1.4931796979719272, -0.6850596691406123, -1.3009744778797065, -1.2990034631596665, -1.9795287616421378]",True
B6_leave_N_2.8_MQ-add,B6,MQ-add,leave_N,5,0,20370931,29,"[-16.93776294089879, 1.1874882676784821, -9.13707548805012, -6.315441207304282, 0.3766461884890031, -3.8820353508040064]",True,2,`ftol` termination condition is satisfied.,105,0.004730355324520698,"[-0.5470388308173825, -1.4931796979815326, -0.6850596687039675, -1.3009744778718089, -1.2990034562886081, -1.9795287616416368]",True
B6_leave_N_2.8_MQ-add,B6,MQ-add,leave_N,5,0,20370931,30,"[-2.892154449583064, -17.05305939269865, -2.0504873410230093, -1.1880625782489522, -5.958044957803901, -15.817797223462374]",True,2,`ftol` termination condition is satisfied.,65,0.004730355324520695,"[-0.5470388292567666, -1.493179697957713, -0.6850596683409613, -1.3009744778921737, -1.2990034506116082, -1.9795287616398518]",True
B6_leave_N_2.8_MQ-add,B6,MQ-add,leave_N,5,0,20370931,31,"[1.595436667819392, -4.404486623482388, -17.085597713480187, -4.917797512345337, -7.558529429938593, -9.725029362011227]",True,2,`ftol` termination condition is satisfied.,24,0.004730355324520695,"[-0.5470388256176794, -1.4931796979633378, -0.6850596675123555, -1.3009744778868344, -1.2990034374639507, -1.9795287616357262]",True
B6_leave_N_2.8_MQ-add,B6,MQ-add,leave_N,5,0,20370931,32,"[-7.107237793879197, -11.10218078591585, 4.512957730922185, -3.1898275665241194, -2.5675215131262554, 0.7774024685814886]",True,2,`ftol` termination condition is satisfied.,108,0.004730355324520699,"[-0.5470388326725248, -1.493179697963853, -0.6850596691264073, -1.300974477885868, -1.2990034629705096, -1.9795287616344543]",True
B6_leave_N_2.8_MQ-eff,B6,MQ-eff,leave_N,5,0,20470931,0,"[-1.077982058423061, -1.5984871357470072, -0.39787167695429476, -1.2763503266496101, -2.3066169576643176, -1.146040733446924]",True,2,`ftol` termination condition is satisfied.,26,0.01192750633011954,"[-0.48233794237128574, -1.4931796979610015, -0.6850596353800823, -1.3009744778887995, -1.299003466789265, -13.815510557964272]",True
B6_leave_N_2.8_MQ-eff,B6,MQ-eff,leave_N,5,0,20470931,1,"[-9.423944837880455, 3.9808989902668195, 5.112552996553529, 0.2544301991157667, -6.50281992052664, -0.17739205399465163]",True,2,`ftol` termination condition is satisfied.,86,0.011927506330119537,"[-0.48233792990606955, -1.4931796979055751, -0.6850596323158038, -1.3009744779355445, -1.2990034186217891, -13.815510557964272]",True
B6_leave_N_2.8_MQ-eff,B6,MQ-eff,leave_N,5,0,20470931,2,"[0.8189433495304037, -15.64250339828956, -16.61526234924839, -4.107639193192913, 0.7684730449348258, -12.109359455527414]",True,2,`ftol` termination condition is satisfied.,41,0.011927506330119537,"[-0.48233793004859293, -1.4931796979716518, -0.6850596323678948, -1.300974477879423, -1.2990034192672497, -13.815510557964272]",True
B6_leave_N_2.8_MQ-eff,B6,MQ-eff,leave_N,5,0,20470931,3,"[-5.665610008070246, -1.7698157433276744, -1.8714028692242337, -3.8203998810154616, -3.4788651543848035, -8.18974310275828]",True,2,`ftol` termination condition is satisfied.,79,0.01192750633011954,"[-0.4823379293135063, -1.493179698009667, -0.6850596321831808, -1.3009744778484977, -1.2990034164739173, -13.815510557964272]",True
B6_leave_N_2.8_MQ-eff,B6,MQ-eff,leave_N,5,0,20470931,4,"[-14.481887634024858, -9.906441135561757, -9.350603359151307, -7.8194970306888445, -5.831857028358726, -4.096764956138067]",True,2,`ftol` termination condition is satisfied.,110,0.011927506330119539,"[-0.48233792965210154, -1.4931796979448384, -0.6850596322502777, -1.3009744779026076, -1.2990034176866783, -13.815510557964272]",True
B6_leave_N_2.8_MQ-eff,B6,MQ-eff,leave_N,5,0,20470931,5,"[-12.114380435144849, -5.542516310951665, -12.201739776091376, -6.804009323253545, -4.123385720852297, 1.0602220403364981]",True,2,`ftol` termination condition is satisfied.,137,0.01192750633011954,"[-0.4823379314686086, -1.4931796979473109, -0.6850596327155618, -1.300974477900532, -1.2990034247160325, -13.815510557964272]",True
B6_leave_N_2.8_MQ-eff,B6,MQ-eff,leave_N,5,0,20470931,6,"[-2.2285647866384775, -5.776126068321396, 0.976337079424944, -2.45099871483344, -1.6202873933105453, -10.823113305208267]",True,2,`ftol` termination condition is satisfied.,23,0.011927506330119535,"[-0.4823379390182604, -1.4931796979371914, -0.6850596345533865, -1.300974477909233, -1.2990034538196378, -13.815510557964272]",True
B6_leave_N_2.8_MQ-eff,B6,MQ-eff,leave_N,5,0,20470931,7,"[4.15412233360059, 0.2958951727711927, -8.054705874774942, -5.104499985872449, -1.0982676263201503, -6.889986393690792]",True,2,`ftol` termination condition is satisfied.,23,0.011927506330119532,"[-0.4823379220840609, -1.4931796979547058, -0.6850596304056491, -1.3009744778942571, -1.2990033885105101, -13.815510557964272]",True
B6_leave_N_2.8_MQ-eff,B6,MQ-eff,leave_N,5,0,20470931,8,"[-7.154923288148403, -11.60275470455205, -3.4235631048827972, -1.1335978462940313, -8.22178250033776, -2.8731483218066955]",True,2,`ftol` termination condition is satisfied.,85,0.011927506330119533,"[-0.48233793203731834, -1.4931796979521395, -0.6850596328461027, -1.3009744778963823, -1.2990034269080326, -13.815510557964272]",True
B6_leave_N_2.8_MQ-eff,B6,MQ-eff,leave_N,5,0,20470931,9,"[-8.356686455618597, -0.22489119693996074, -6.714821043428255, -1.6595261803104275, -0.27348694717552036, -3.065577140728996]",True,2,`ftol` termination condition is satisfied.,76,0.01192750633011954,"[-0.48233793013871445, -1.493179697934916, -0.6850596323788448, -1.3009744779113184, -1.2990034195605746, -13.815510557964265]",True
B6_leave_N_2.8_MQ-eff,B6,MQ-eff,leave_N,5,0,20470931,10,"[5.444928745879128, -11.12192023148075, -4.933279503113372, -7.1485045437081665, -7.246676941564233, -6.946128271458597]",True,2,`ftol` termination condition is satisfied.,38,0.01192750633011954,"[-0.4823379315640098, -1.4931796979776548, -0.6850596327362544, -1.300974477875014, -1.299003425118473, -13.815510557964272]",True
B6_leave_N_2.8_MQ-eff,B6,MQ-eff,leave_N,5,0,20470931,11,"[-1.0281882386424286, 5.597433641130461, -13.897717422003318, -0.8633599546695079, -5.681695897219657, -11.008040563980881]",True,2,`ftol` termination condition is satisfied.,72,0.011927506330119547,"[-0.48233793109320544, -1.4931796979562713, -0.685059632619836, -1.3009744778928245, -1.299003423275144, -13.815510557964272]",True
B6_leave_N_2.8_MQ-eff,B6,MQ-eff,leave_N,5,0,20470931,12,"[-13.403801586672433, -16.96446287059868, 2.129612829953963, -6.119754638598236, -3.0306010521729796, 0.9960917011675701]",True,2,`ftol` termination condition is satisfied.,113,0.011927506330119539,"[-0.4823379259942701, -1.4931796980595786, -0.6850596313785041, -1.3009744778050065, -1.299003403736127, -13.815510557964272]",True
B6_leave_N_2.8_MQ-eff,B6,MQ-eff,leave_N,5,0,20470931,13,"[-16.039134908071777, 1.4686398343402196, -0.7096704255688877, -5.029822884999728, -2.6622482380925696, -1.7931477643983502]",True,2,`ftol` termination condition is satisfied.,123,0.01192750633011954,"[-0.48233793156969523, -1.4931796979232232, -0.6850596327271884, -1.3009744779205479, -1.2990034250647635, -13.815510557964272]",True
B6_leave_N_2.8_MQ-eff,B6,MQ-eff,leave_N,5,0,20470931,14,"[-4.019316771768603, -13.190413940050327, -11.038167791078962, 0.43146979751766423, -4.867243594561565, -5.757507664574184]",True,2,`ftol` termination condition is satisfied.,40,0.011927506330119544,"[-0.48233792986736196, -1.493179697981811, -0.6850596323163667, -1.3009744778712193, -1.2990034185740664, -13.815510557964272]",True
B6_leave_N_2.8_MQ-eff,B6,MQ-eff,leave_N,5,0,20470931,15,"[2.3748040041031793, -4.266160811446797, 3.59455382176478, -8.219809418078897, -8.071620516527014, -9.797632077073716]",True,2,`ftol` termination condition is satisfied.,58,0.011927506330119537,"[-0.4823379345192028, -1.4931796979555523, -0.6850596334421164, -1.3009744778933474, -1.2990034364762049, -13.815510557964272]",True
B6_leave_N_2.8_MQ-eff,B6,MQ-eff,leave_N,5,0,20470931,16,"[-11.068852813431143, -7.438265116590287, -15.283616815317838, -2.9729828472533653, -0.6500026714366491, 2.247220098726899]",True,2,`ftol` termination condition is satisfied.,102,0.011927506330119528,"[-0.4823379294367391, -1.4931796979558218, -0.6850596322114619, -1.3009744778929093, -1.299003416881621, -13.815510557963965]",True
B6_leave_N_2.8_MQ-eff,B6,MQ-eff,leave_N,5,0,20470931,17,"[-10.039650123449093, -3.224094643206495, -5.728429449506082, -5.436165437540257, -6.204776361129328, -5.235181910212565]",True,2,`ftol` termination condition is satisfied.,137,0.011927506330119547,"[-0.48233792920623947, -1.493179697947351, -0.6850596321646494, -1.3009744779008277, -1.2990034159912272, -13.815510557963652]",True
B6_leave_N_2.8_MQ-eff,B6,MQ-eff,leave_N,5,0,20470931,18,"[1.4457033768025127, -8.444511350327696, -6.083855130985695, -1.4347376519517665, -3.7019689367411273, -1.2864077238500915]",True,2,`ftol` termination condition is satisfied.,26,0.011927506330119537,"[-0.4823379227766297, -1.493179698111939, -0.6850596305964977, -1.3009744777601966, -1.2990033913918684, -13.815510557964272]",True
B6_leave_N_2.8_MQ-eff,B6,MQ-eff,leave_N,5,0,20470931,19,"[-3.6016088115737794, 2.6079912622513817, 1.5445595327799815, -6.49344467109822, 0.39555257526865617, 2.7692966965887607]",True,2,`ftol` termination condition is satisfied.,71,0.011927506330119533,"[-0.482337929492938, -1.4931796979633734, -0.6850596322285094, -1.300974477886575, -1.2990034171106168, -13.815510557964272]",True
B6_leave_N_2.8_MQ-eff,B6,MQ-eff,leave_N,5,0,20470931,20,"[-16.512572768094568, -14.277249442916137, -13.059437525432436, -2.1290491904567057, -6.725924839778532, -9.291129781277135]",True,2,`ftol` termination condition is satisfied.,111,0.011927506330119537,"[-0.4823379318742244, -1.493179697932494, -0.6850596328121652, -1.3009744779127654, -1.2990034262603871, -13.815510557964272]",True
B6_leave_N_2.8_MQ-eff,B6,MQ-eff,leave_N,5,0,20470931,21,"[-14.154723373639674, 4.5105778423370175, -10.230502645395347, -3.516420110228, -8.593827560416305, -7.468450103031813]",True,2,`ftol` termination condition is satisfied.,112,0.01192750633011954,"[-0.4823379302452508, -1.4931796979222778, -0.6850596324063586, -1.3009744779214771, -1.2990034199573466, -13.815510557964272]",True
B6_leave_N_2.8_MQ-eff,B6,MQ-eff,leave_N,5,0,20470931,22,"[-0.17699318987202517, -15.825088259473114, -1.3253384736301346, -7.489652885721526, -1.3222434075773952, -3.572321104065658]",True,2,`ftol` termination condition is satisfied.,33,0.011927506330119539,"[-0.4823379185237571, -1.4931796980534793, -0.6850596295397385, -1.3009744778096128, -1.2990033749007073, -13.815510557964272]",True
B6_leave_N_2.8_MQ-eff,B6,MQ-eff,leave_N,5,0,20470931,23,"[4.793485877170866, -1.2311142474629637, -14.622036151988011, -0.06599361140824733, -1.9923358640757955, 0.4740114182620587]",True,2,`ftol` termination condition is satisfied.,25,0.011927506330119533,"[-0.4823379314926862, -1.4931796979316865, -0.6850596327092562, -1.3009744779138168, -1.2990034247789908, -13.815510557964268]",True
B6_leave_N_2.8_MQ-eff,B6,MQ-eff,leave_N,5,0,20470931,24,"[-7.760796852723773, -10.07987435916808, 2.830018626259335, -4.4213303081611866, -4.347364912796246, -11.514539174733812]",True,2,`ftol` termination condition is satisfied.,96,0.011927506330119544,"[-0.48233794300251204, -1.4931796979651117, -0.6850596355338215, -1.3009744778856438, -1.2990034692288897, -13.815510557964272]",True
B6_leave_N_2.8_MQ-eff,B6,MQ-eff,leave_N,5,0,20470931,25,"[-6.114507735051797, 1.2964682276746835, -15.783937756680347, -8.504980299763687, -2.955782558795942, -10.332194702394657]",True,2,`ftol` termination condition is satisfied.,77,0.011927506330119537,"[-0.48233793984114304, -1.4931796979627616, -0.6850596347639386, -1.3009744778873915, -1.2990034570334126, -13.815510557964272]",True
B6_leave_N_2.8_MQ-eff,B6,MQ-eff,leave_N,5,0,20470931,26,"[3.2362400043072377, -12.65027835432007, 4.517761730286303, -3.2462549799198515, -5.160486727887496, 1.5355589709975277]",True,2,`ftol` termination condition is satisfied.,73,0.011927506330119532,"[-0.4823379331659878, -1.4931796979880283, -0.6850596331309129, -1.3009744778665926, -1.2990034313136936, -13.815510557964272]",True
B6_leave_N_2.8_MQ-eff,B6,MQ-eff,leave_N,5,0,20470931,27,"[-1.8218971317132464, -4.4500072895711345, -8.712679425259532, -4.7657527672994355, -7.1718618588739, -2.3819881703253785]",True,2,`ftol` termination condition is satisfied.,93,0.011927506330119528,"[-0.48233792922249147, -1.4931796979508238, -0.6850596321582029, -1.300974477897233, -1.2990034160484665, -13.815510557964187]",True
B6_leave_N_2.8_MQ-eff,B6,MQ-eff,leave_N,5,0,20470931,28,"[-12.598864035329989, -6.910020354385635, -2.65681212907732, 0.7255516844311387, 0.24771881146993557, -6.41440411044603]",True,2,`ftol` termination condition is satisfied.,94,0.011927506330119528,"[-0.48233793022634724, -1.4931796979271712, -0.6850596324097298, -1.3009744779175019, -1.2990034198976868, -13.815510557964272]",True
B6_leave_N_2.8_MQ-eff,B6,MQ-eff,leave_N,5,0,20470931,29,"[-15.221767756999316, -2.9036897334642813, 0.2048465799166621, -0.5873933795060431, -0.5760584507516704, -12.600274373297374]",True,2,`ftol` termination condition is satisfied.,88,0.01192750633011954,"[-0.48233793140166964, -1.4931796979358272, -0.6850596326864533, -1.3009744779097483, -1.2990034244321251, -13.815510557964272]",True
B6_leave_N_2.8_MQ-eff,B6,MQ-eff,leave_N,5,0,20470931,30,"[-4.803367860414308, -8.813955297395635, -11.549897081854796, -5.836550586246684, -7.549539348293933, -0.652732669699331]",True,2,`ftol` termination condition is satisfied.,26,0.011927506330119537,"[-0.4823379333982865, -1.493179697998944, -0.6850596331769845, -1.3009744778570662, -1.2990034322132706, -13.815510557964272]",True
B6_leave_N_2.8_MQ-eff,B6,MQ-eff,leave_N,5,0,20470931,31,"[0.15628354153801993, 2.933352157284393, -4.032273131494829, -1.9519368307384335, -4.793300510772154, -4.5879290304077855]",True,2,`ftol` termination condition is satisfied.,73,0.01192750633011953,"[-0.4823379294003294, -1.4931796979393377, -0.6850596321995751, -1.3009744779068324, -1.2990034167185258, -13.815510557922583]",True
B6_leave_N_2.8_MQ-eff,B6,MQ-eff,leave_N,5,0,20470931,32,"[-8.83927760916251, -14.641910047458438, -7.237300042551706, -7.415555601588661, -2.140168206755056, -8.665321463214639]",True,2,`ftol` termination condition is satisfied.,79,0.01192750633011954,"[-0.4823379313908433, -1.4931796979524283, -0.6850596326907915, -1.3009744778964814, -1.2990034244170892, -13.815510557964272]",True
B6_leave_N_4_M0_6,B6,M0_6,leave_N,6,0,20270932,0,"[-1.0794221858520217, -1.5999272631759678, -0.39931180438325536, -1.2763503266496101, -2.3066169576643176]",True,2,`ftol` termination condition is satisfied.,28,0.012026259051752726,"[-0.4612946207882498, -1.4872475188497098, -0.669178145112872, -1.3046058779804333, -1.1884873792516228]",True
B6_leave_N_4_M0_6,B6,M0_6,leave_N,6,0,20270932,1,"[-0.9307908630784496, -1.8026850618160033, -12.394462474356597, -0.3168357981768999, -3.7662557536108148]",True,2,`ftol` termination condition is satisfied.,19,0.012026259051752725,"[-0.46129462165293666, -1.4872475188695196, -0.6691781457822691, -1.304605877963699, -1.1884873831024994]",True
B6_leave_N_4_M0_6,B6,M0_6,leave_N,6,0,20270932,2,"[-6.280383251991552, -16.592912626597645, -4.730191041951587, -5.610361331491847, -8.58897675566005]",True,2,`ftol` termination condition is satisfied.,96,0.012026259051752725,"[-0.4612946182683934, -1.487247518875159, -0.6691781431816394, -1.304605877959062, -1.1884873681497783]",True
B6_leave_N_4_M0_6,B6,M0_6,leave_N,6,0,20270932,3,"[-12.607307226144625, 0.49110492891308866, -8.161485127806484, -2.24255983723317, -4.605839825602917]",True,2,`ftol` termination condition is satisfied.,104,0.012026259051752728,"[-0.4612946213901353, -1.487247518869067, -0.669178145580347, -1.3046058779639025, -1.1884873819401591]",True
B6_leave_N_4_M0_6,B6,M0_6,leave_N,6,0,20270932,4,"[5.573327259237153, -7.5365592919188895, 2.2631467649838903, -7.554738984585743, 0.14826725510553906]",True,2,`ftol` termination condition is satisfied.,24,0.012026259051752725,"[-0.4612946153314097, -1.487247518806942, -0.6691781409081148, -1.3046058780159686, -1.188487355069049]",True
B6_leave_N_4_M0_6,B6,M0_6,leave_N,6,0,20270932,5,"[0.5988315304578826, 2.8008615093628713, -0.8925153124026757, -6.322053640625684, -0.42094519792081364]",True,2,`ftol` termination condition is satisfied.,34,0.012026259051752725,"[-0.4612946192127387, -1.4872475188721985, -0.6691781439076255, -1.3046058779615048, -1.188487372320356]",True
B6_leave_N_4_M0_6,B6,M0_6,leave_N,6,0,20270932,6,"[-16.134633510439677, -10.547178199665439, -16.40370655870532, -3.4034297619319887, -5.247231362360435]",True,2,`ftol` termination condition is satisfied.,139,0.012026259051752725,"[-0.46129462126715026, -1.4872475186101044, -0.6691781454237363, -1.3046058781825767, -1.1884873810212782]",True
B6_leave_N_4_M0_6,B6,M0_6,leave_N,6,0,20270932,7,"[-11.233215158569758, -4.835994392052861, 3.4228544987876077, -4.391718921591989, -6.77176227524105]",True,2,`ftol` termination condition is satisfied.,89,0.012026259051752726,"[-0.46129461666535243, -1.4872475188564722, -0.6691781419464837, -1.3046058779746994, -1.188487361038219]",True
B6_leave_N_4_M0_6,B6,M0_6,leave_N,6,0,20270932,8,"[-4.480997706190022, -14.261160780408964, -9.149799102740136, -1.454494862952381, -2.0258773653948134]",True,2,`ftol` termination condition is satisfied.,41,0.012026259051752726,"[-0.46129462625009676, -1.4872475188692904, -0.6691781493201243, -1.3046058779637733, -1.1884874034264887]",True
B6_leave_N_4_M0_6,B6,M0_6,leave_N,6,0,20270932,9,"[-3.171187299732553, 1.8654032039618897, 5.278430551578062, -3.268147245269832, -7.5479215547821745]",True,2,`ftol` termination condition is satisfied.,86,0.012026259051752726,"[-0.461294620324273, -1.4872475188633127, -0.6691781447594506, -1.3046058779687564, -1.1884873772203488]",True
B6_leave_N_4_M0_6,B6,M0_6,leave_N,6,0,20270932,10,"[-9.928806823209971, -5.783120520536107, -10.999363484782293, -7.353246299094154, -2.7205254960439555]",True,2,`ftol` termination condition is satisfied.,96,0.012026259051752725,"[-0.4612946204349964, -1.4872475188494212, -0.6691781448414766, -1.3046058779803051, -1.1884873776897988]",True
B6_leave_N_4_M0_6,B6,M0_6,leave_N,6,0,20270932,11,"[-15.002832146377145, -0.07150192150315249, -1.981347437764196, -0.44363901017446494, 0.29524973281947453]",True,2,`ftol` termination condition is satisfied.,82,0.012026259051752723,"[-0.461294620232555, -1.4872475188869907, -0.6691781446983975, -1.3046058779489527, -1.1884873768524409]",True
B6_leave_N_4_M0_6,B6,M0_6,leave_N,6,0,20270932,12,"[1.7252525629937523, -15.19635821095772, -15.32069044795293, -4.510157211277535, -4.454218956082079]",True,2,`ftol` termination condition is satisfied.,45,0.012026259051752726,"[-0.46129462017271156, -1.4872475188655752, -0.6691781446446669, -1.3046058779671916, -1.1884873765547512]",True
B6_leave_N_4_M0_6,B6,M0_6,leave_N,6,0,20270932,13,"[3.895944016152903, -3.449886434728878, -6.466347830956689, -5.7550663142764975, -6.28773175820096]",True,2,`ftol` termination condition is satisfied.,60,0.012026259051752726,"[-0.46129462159375173, -1.4872475188645005, -0.6691781457352657, -1.3046058779678456, -1.188487382833335]",True
B6_leave_N_4_M0_6,B6,M0_6,leave_N,6,0,20270932,14,"[-14.278940225314097, -12.541836491166684, 0.5620195369568108, 0.7236337682533307, -1.466084269792134]",True,2,`ftol` termination condition is satisfied.,103,0.012026259051752728,"[-0.4612946187758499, -1.4872475188751377, -0.6691781435727865, -1.304605877958871, -1.1884873703936847]",True
B6_leave_N_4_M0_6,B6,M0_6,leave_N,6,0,20270932,15,"[-7.779583536112712, 4.542441939196273, -13.453815104515089, -8.57479901953703, -2.172268657413209]",True,2,`ftol` termination condition is satisfied.,117,0.012026259051752728,"[-0.4612946205404293, -1.4872475188464218, -0.6691781449202271, -1.3046058779831706, -1.1884873781503165]",True
B6_leave_N_4_M0_6,B6,M0_6,leave_N,6,0,20270932,16,"[-2.4242626428558527, -9.183325873411388, -3.6650006576129446, -2.114771878269491, -6.922828339724536]",True,2,`ftol` termination condition is satisfied.,90,0.012026259051752728,"[-0.4612946211279758, -1.4872475188683552, -0.6691781453817754, -1.3046058779646987, -1.1884873807830674]",True
B6_leave_N_4_M0_6,B6,M0_6,leave_N,6,0,20270932,17,"[-1.6583804006891363, 5.223638022139934, -10.27866984949504, -3.9749800719367094, -0.22254207942818383]",True,2,`ftol` termination condition is satisfied.,99,0.012026259051752725,"[-0.4612946205567577, -1.4872475188340581, -0.6691781449309214, -1.304605877993615, -1.1884873782054728]",True
B6_leave_N_4_M0_6,B6,M0_6,leave_N,6,0,20270932,18,"[-8.413218108278134, -9.90678393717625, 4.5521600369628885, -1.0563752362437846, -5.00809796534821]",True,2,`ftol` termination condition is satisfied.,99,0.012026259051752723,"[-0.46129462053949954, -1.4872475188566827, -0.6691781449232784, -1.3046058779742478, -1.1884873781620093]",True
B6_leave_N_4_M0_6,B6,M0_6,leave_N,6,0,20270932,19,"[-13.312787959709958, -4.242470644680271, -14.594387323981225, -6.81342145961396, -8.177471196181804]",True,2,`ftol` termination condition is satisfied.,133,0.012026259051752725,"[-0.46129462026125956, -1.4872475188676646, -0.6691781447113652, -1.3046058779649512, -1.1884873769475692]",True
B6_leave_N_4_M0_6,B6,M0_6,leave_N,6,0,20270932,20,"[3.4180785655493615, -11.885428699316648, -2.7020954219789957, -3.87621758087069, -3.4606747542353054]",True,2,`ftol` termination condition is satisfied.,34,0.01202625905175273,"[-0.4612946288721375, -1.4872475188664762, -0.6691781513360519, -1.3046058779661394, -1.1884874150137235]",True
B6_leave_N_4_M0_6,B6,M0_6,leave_N,6,0,20270932,21,"[2.7401010430790755, -0.8422652918049884, 1.2660612977451358, -2.6639042685998096, -1.6271629469000466]",True,2,`ftol` termination condition is satisfied.,14,0.012026259051752726,"[-0.46129461913309144, -1.48724751885038, -0.6691781438414798, -1.3046058779798178, -1.1884873719369478]",True
B6_leave_N_4_M0_6,B6,M0_6,leave_N,6,0,20270932,22,"[-15.437565353957138, -14.562467434551035, -7.164834451988108, -7.957411895809556, -6.41613847257771]",True,2,`ftol` termination condition is satisfied.,89,0.012026259051752725,"[-0.4612946211261098, -1.4872475188788512, -0.6691781453809349, -1.304605877956031, -1.1884873807884992]",True
B6_leave_N_4_M0_6,B6,M0_6,leave_N,6,0,20270932,23,"[-9.114229045923665, 2.569116302348899, -2.9665683855090723, 0.17914893595043324, -5.556353809195334]",True,2,`ftol` termination condition is satisfied.,85,0.012026259051752725,"[-0.46129462012233224, -1.4872475188595746, -0.6691781446030748, -1.3046058779715697, -1.1884873763218935]",True
B6_leave_N_4_M0_6,B6,M0_6,leave_N,6,0,20270932,24,"[-3.761690308236018, -6.528399423950525, -14.157824255946883, -5.1330134421925075, -0.8476340154783069]",True,2,`ftol` termination condition is satisfied.,20,0.012026259051752728,"[-0.46129463011350447, -1.4872475188960883, -0.6691781522999439, -1.3046058779410052, -1.1884874205460483]",True
B6_leave_N_4_M0_6,B6,M0_6,leave_N,6,0,20270932,25,"[-5.290108405966089, -5.516571151983081, -5.428666793197495, -8.102117145054105, -3.967015478976693]",True,2,`ftol` termination condition is satisfied.,63,0.012026259051752723,"[-0.46129462029556456, -1.4872475188511045, -0.669178144736761, -1.3046058779789658, -1.1884873770776243]",True
B6_leave_N_4_M0_6,B6,M0_6,leave_N,6,0,20270932,26,"[-10.648049639352413, -13.538670382315036, -11.690409843782763, -1.6234344001816954, 0.8231790829741286]",True,2,`ftol` termination condition is satisfied.,36,0.012026259051752726,"[-0.46129462145939654, -1.4872475188981034, -0.669178145643697, -1.3046058779396374, -1.1884873822912563]",True
B6_leave_N_4_M0_6,B6,M0_6,leave_N,6,0,20270932,27,"[-17.144166410650296, 3.592652479732674, 1.559148483337605, -6.153073743603693, -3.3137013716859167]",True,2,`ftol` termination condition is satisfied.,114,0.012026259051752725,"[-0.46129462153142176, -1.4872475188777123, -0.6691781456917787, -1.3046058779569363, -1.1884873825780886]",True
B6_leave_N_4_M0_6,B6,M0_6,leave_N,6,0,20270932,28,"[1.028119230258259, -11.203140075548992, -7.463041985917105, 0.3069371969019965, -8.025823041167325]",True,2,`ftol` termination condition is satisfied.,32,0.012026259051752726,"[-0.4612946228273315, -1.4872475188277954, -0.6691781466769775, -1.3046058779986358, -1.188487388234718]",True
B6_leave_N_4_M0_6,B6,M0_6,leave_N,6,0,20270932,29,"[4.60135940362488, 1.2609006335439936, -17.129966203534988, -0.9210924175937425, -7.456611582924594]",True,2,`ftol` termination condition is satisfied.,30,0.012026259051752725,"[-0.4612946200552635, -1.4872475188631509, -0.6691781445535847, -1.3046058779693648, -1.1884873760320167]",True
B6_leave_N_4_M0_6,B6,M0_6,leave_N,6,0,20270932,30,"[-12.123757132480257, -8.169830745312135, -0.1718108073299156, -5.006172996865079, -2.672311113935913]",True,2,`ftol` termination condition is satisfied.,88,0.012026259051752728,"[-0.4612946270412149, -1.4872475188827636, -0.6691781499299433, -1.3046058779525924, -1.188487406941927]",True
B6_leave_N_4_M0_6,B6,M0_6,leave_N,6,0,20270932,31,"[-7.051928227807677, -2.505952244236532, -9.870536217169427, -2.865361426104889, -0.9940344026612493]",True,3,`xtol` termination condition is satisfied.,120,0.012026259051752723,"[-0.461294631636499, -1.4872475187704668, -0.669178153440761, -1.3046058780476046, -1.1884874270972667]",True
B6_leave_N_4_M0_6,B6,M0_6,leave_N,6,0,20270932,32,"[-0.29136227063551345, -15.848426962764817, 4.149168492544824, -6.931860015759404, -5.707392588185179]",True,2,`ftol` termination condition is satisfied.,99,0.012026259051752726,"[-0.46129462138026434, -1.4872475189171857, -0.6691781455859639, -1.3046058779239487, -1.1884873819677713]",True
B6_leave_N_4_MQ-add,B6,MQ-add,leave_N,6,0,20370932,0,"[-1.0794221858520217, -1.5999272631759678, -0.39931180438325536, -1.2763503266496101, -2.3066169576643176, 0.17651470062500216]",True,2,`ftol` termination condition is satisfied.,27,0.004715584256101751,"[-0.5245913559987517, -1.4872475188571774, -0.6691781444301939, -1.3046058779740102, -1.1884873753281515, -1.9797318947308011]",True
B6_leave_N_4_MQ-add,B6,MQ-add,leave_N,6,0,20370932,1,"[-8.727095138610597, 5.13325802724448, -7.923681501474503, -2.6474758967053074, -5.027973537835885, -5.384004139572346]",True,2,`ftol` termination condition is satisfied.,104,0.004715584256101751,"[-0.5245913562101787, -1.4872475188874068, -0.6691781445891455, -1.3046058779488487, -1.1884873762495742, -1.9797318947348073]",True
B6_leave_N_4_MQ-add,B6,MQ-add,leave_N,6,0,20370932,2,"[0.11463109667728233, -16.002411677409015, 5.216282786458532, -5.963069307892264, -1.1861362152923496, -8.414619779857603]",True,2,`ftol` termination condition is satisfied.,36,0.004715584256101748,"[-0.524591355467331, -1.4872475188514485, -0.6691781440461272, -1.3046058779788268, -1.1884873731167183, -1.9797318947354905]",True
B6_leave_N_4_MQ-add,B6,MQ-add,leave_N,6,0,20370932,3,"[-1.4682258590909125, -4.228570099718212, -13.67504239286541, -0.45605313704709083, -3.6170120616674133, -16.629178116156172]",True,2,`ftol` termination condition is satisfied.,40,0.004715584256101756,"[-0.524591349714208, -1.4872475188862355, -0.6691781399037512, -1.3046058779501224, -1.1884873492960712, -1.9797318947303122]",True
B6_leave_N_4_MQ-add,B6,MQ-add,leave_N,6,0,20370932,4,"[-12.934007992082071, -7.933653149726153, -0.45763096809799464, -6.677428285519625, -7.011712922526984, 3.1420386004436267]",True,2,`ftol` termination condition is satisfied.,104,0.004715584256101751,"[-0.524591355932568, -1.487247518833691, -0.6691781443753247, -1.3046058779939222, -1.1884873750182485, -1.9797318947300635]",True
B6_leave_N_4_MQ-add,B6,MQ-add,leave_N,6,0,20370932,5,"[-16.456253012562318, -1.8906776951487547, 2.4815618784745475, -7.910055967557577, -7.646483934464172, -1.7267169164025429]",True,2,`ftol` termination condition is satisfied.,108,0.004715584256101751,"[-0.5245913563897365, -1.4872475188444838, -0.6691781447093325, -1.3046058779846992, -1.1884873769322797, -1.9797318947314564]",True
B6_leave_N_4_MQ-add,B6,MQ-add,leave_N,6,0,20370932,6,"[-3.5657466929618913, -8.801472452700663, -11.44960883163646, 0.7700884847174798, -2.0910540162146507, -10.449961088454511]",True,2,`ftol` termination condition is satisfied.,27,0.00471558425610175,"[-0.5245913564518665, -1.4872475188481968, -0.6691781447561466, -1.3046058779815584, -1.1884873771970075, -1.9797318947341251]",True
B6_leave_N_4_MQ-add,B6,MQ-add,leave_N,6,0,20370932,7,"[3.6257454567958867, -0.05403995076307311, -3.243711994754861, -4.74623218157098, 0.7868628281446242, -13.18824310376577]",True,2,`ftol` termination condition is satisfied.,28,0.004715584256101749,"[-0.5245913499258177, -1.4872475188537482, -0.6691781400477601, -1.3046058779770284, -1.1884873501266755, -1.9797318947328013]",True
B6_leave_N_4_MQ-add,B6,MQ-add,leave_N,6,0,20370932,8,"[-6.640704965101261, -12.285273759280486, -17.094652733100677, -3.889407789962653, -5.513733939185176, 0.877823088160472]",True,2,`ftol` termination condition is satisfied.,37,0.004715584256101748,"[-0.5245913560533494, -1.4872475188479353, -0.6691781444694435, -1.3046058779818914, -1.1884873755421583, -1.9797318947266844]",True
B6_leave_N_4_MQ-add,B6,MQ-add,leave_N,6,0,20370932,9,"[-7.369807016381541, -4.652192433342998, -5.274744749660375, 0.10393869323013405, -0.4571636086754687, 4.397426411081131]",True,2,`ftol` termination condition is satisfied.,42,0.00471558425610175,"[-0.524591355135181, -1.487247518896202, -0.6691781438150236, -1.3046058779412912, -1.1884873717990356, -1.979731894724155]",True
B6_leave_N_4_MQ-add,B6,MQ-add,leave_N,6,0,20370932,10,"[4.454935856145369, -6.223048126866411, -14.840571979541963, -8.57620105158671, -4.224340999245763, -15.368862556194133]",True,2,`ftol` termination condition is satisfied.,46,0.00471558425610175,"[-0.5245913562117858, -1.4872475188537564, -0.6691781445825227, -1.304605877976705, -1.188487376209256, -1.9797318947418177]",True
B6_leave_N_4_MQ-add,B6,MQ-add,leave_N,6,0,20370932,11,"[-5.452350506028873, 3.417109413774938, 0.4611380342262237, -3.0560878082662093, -6.543487314510111, -6.842899641165495]",True,2,`ftol` termination condition is satisfied.,104,0.004715584256101751,"[-0.5245913600782077, -1.4872475188698004, -0.6691781473826052, -1.3046058779631435, -1.188487392278237, -1.9797318947330036]",True
B6_leave_N_4_MQ-add,B6,MQ-add,leave_N,6,0,20370932,12,"[-14.647477585564442, -15.584376413536068, -9.206832655007538, -3.912916623108857, -3.2231189597000967, -3.8170521002301037]",True,2,`ftol` termination condition is satisfied.,100,0.004715584256101745,"[-0.5245913559984192, -1.4872475188455276, -0.6691781444270867, -1.3046058779839889, -1.18848737530837, -1.979731894723931]",True
B6_leave_N_4_MQ-add,B6,MQ-add,leave_N,6,0,20370932,13,"[-12.472216342950825, 2.548420697800072, -11.6103623867559, -5.1572588770830405, -2.5161776394444137, 2.382949316088748]",True,2,`ftol` termination condition is satisfied.,119,0.004715584256101748,"[-0.5245913560034157, -1.4872475188875987, -0.669178144440073, -1.3046058779490017, -1.1884873753903888, -1.9797318947277598]",True
B6_leave_N_4_MQ-add,B6,MQ-add,leave_N,6,0,20370932,14,"[-1.8523643974443935, -13.247353421966965, -2.656139773399424, -1.8416607584378708, -8.14627203724945, -11.68791690518229]",True,2,`ftol` termination condition is satisfied.,74,0.00471558425610175,"[-0.5245913555224849, -1.4872475188627141, -0.6691781440882446, -1.304605877969466, -1.188487373363268, -1.9797318947427043]",True
B6_leave_N_4_MQ-add,B6,MQ-add,leave_N,6,0,20370932,15,"[2.2685439531701093, -0.9341851022141157, -5.847696918435201, -7.352451600209884, -6.274166719969311, -9.083468274753713]",True,2,`ftol` termination condition is satisfied.,47,0.0047155842561017475,"[-0.5245913585483497, -1.4872475188825809, -0.6691781462778509, -1.3046058779529008, -1.1884873859440197, -1.9797318947243787]",True
B6_leave_N_4_MQ-add,B6,MQ-add,leave_N,6,0,20370932,16,"[-10.980923785327661, -11.409476691873609, 3.007165070499912, -1.13108087497167, 0.10076710099231967, -0.3552413250880697]",True,2,`ftol` termination condition is satisfied.,93,0.004715584256101746,"[-0.5245913555426375, -1.4872475188666052, -0.669178144104311, -1.3046058779660528, -1.1884873734486676, -1.9797318947241838]",True
B6_leave_N_4_MQ-add,B6,MQ-add,leave_N,6,0,20370932,17,"[-10.380404354397472, -0.21896317258796216, -15.52191359447716, -5.044816974314797, -7.455978305447036, -12.656555612991658]",True,2,`ftol` termination condition is satisfied.,84,0.00471558425610175,"[-0.5245913565854972, -1.4872475188667944, -0.6691781448556249, -1.3046058779657015, -1.1884873777766607, -1.979731894731849]",True
B6_leave_N_4_MQ-add,B6,MQ-add,leave_N,6,0,20370932,18,"[1.6673294504087153, -10.694362483520258, -4.440355153569321, -3.5919132445408914, -3.465205389659121, 1.771208126653125]",True,2,`ftol` termination condition is satisfied.,33,0.004715584256101748,"[-0.5245913548981588, -1.4872475189060508, -0.6691781436487095, -1.304605877933606, -1.1884873708323844, -1.9797318947253253]",True
B6_leave_N_4_MQ-add,B6,MQ-add,leave_N,6,0,20370932,19,"[-2.675493638799434, 1.8388965738656324, -9.769345732293711, -7.613725425557869, -1.3324005214049581, -1.1894207861459751]",True,2,`ftol` termination condition is satisfied.,50,0.004715584256101755,"[-0.5245913632410754, -1.487247518865233, -0.6691781496624696, -1.3046058779672614, -1.1884874053920538, -1.9797318947236968]",True
B6_leave_N_4_MQ-add,B6,MQ-add,leave_N,6,0,20370932,20,"[-11.648390671041387, -13.95694238247356, 1.232352309556255, 0.47033940432771537, -4.578188526931517, -9.562185029125112]",True,2,`ftol` termination condition is satisfied.,92,0.004715584256101748,"[-0.5245913564057816, -1.4872475188521042, -0.6691781447215016, -1.3046058779781633, -1.1884873770069206, -1.9797318947234093]",True
B6_leave_N_4_MQ-add,B6,MQ-add,leave_N,6,0,20370932,21,"[-15.248376779625866, 4.132179548544851, -2.061630081282999, -0.7535289236919738, -5.36196675653389, -14.667554036940231]",True,2,`ftol` termination condition is satisfied.,139,0.004715584256101751,"[-0.5245913571015443, -1.4872475188568963, -0.6691781452290563, -1.3046058779742216, -1.1884873799093054, -1.9797318947439515]",True
B6_leave_N_4_MQ-add,B6,MQ-add,leave_N,6,0,20370932,22,"[-4.850754881413051, -14.869197198770161, -12.35235201240098, -6.378862251552684, 0.3425624679218533, 5.454240436801982]",True,2,`ftol` termination condition is satisfied.,40,0.004715584256101751,"[-0.5245913555074174, -1.4872475188718395, -0.6691781440779097, -1.30460587796204, -1.1884873733079617, -1.9797318947227756]",True
B6_leave_N_4_MQ-add,B6,MQ-add,leave_N,6,0,20370932,23,"[5.278446219354834, -5.361825637273425, 3.6620672484465473, -2.3477455750924223, -1.6412317542164248, -3.4279020812355885]",True,2,`ftol` termination condition is satisfied.,23,0.004715584256101751,"[-0.5245913537247087, -1.4872475188397947, -0.6691781427883557, -1.3046058779887737, -1.188487365868687, -1.9797318947237286]",True
B6_leave_N_4_MQ-add,B6,MQ-add,leave_N,6,0,20370932,24,"[-8.194012451422214, -6.932615135501488, -6.705732246798497, -6.2593810911150936, -7.792715572593185, -6.096896262300865]",True,2,`ftol` termination condition is satisfied.,85,0.004715584256101751,"[-0.5245913550929203, -1.4872475188697083, -0.6691781437802293, -1.3046058779640546, -1.1884873715894595, -1.9797318947339142]",True
B6_leave_N_4_MQ-add,B6,MQ-add,leave_N,6,0,20370932,25,"[-5.817573345980639, 0.6555304971400773, 4.268549903151342, -7.053738711310702, -2.7791562752251187, -11.03943989566436]",True,2,`ftol` termination condition is satisfied.,93,0.004715584256101751,"[-0.524591356090407, -1.4872475188269942, -0.6691781444896329, -1.3046058779992855, -1.1884873756648204, -1.9797318947290174]",True
B6_leave_N_4_MQ-add,B6,MQ-add,leave_N,6,0,20370932,26,"[2.8019174071208717, -11.575639069246572, -7.535262900156491, -1.4284100553802173, -6.695573947052109, -2.673095280070921]",True,2,`ftol` termination condition is satisfied.,79,0.004715584256101748,"[-0.5245913590919709, -1.487247518867881, -0.6691781466679668, -1.3046058779650151, -1.1884873881795255, -1.9797318947249887]",True
B6_leave_N_4_MQ-add,B6,MQ-add,leave_N,6,0,20370932,27,"[-4.166263066764907, -2.6058535555667905, -1.4661041703716968, -5.453423769845642, -4.078356085219075, 0.4213687160148467]",True,2,`ftol` termination condition is satisfied.,62,0.004715584256101746,"[-0.5245913558784937, -1.4872475189009484, -0.6691781443575131, -1.3046058779376686, -1.1884873748961708, -1.9797318947320084]",True
B6_leave_N_4_MQ-add,B6,MQ-add,leave_N,6,0,20370932,28,"[-15.855041566928094, -9.516539997404502, -13.170230255692882, -1.541783866116635, -0.9072507495771243, -14.00016222068268]",True,2,`ftol` termination condition is satisfied.,122,0.004715584256101747,"[-0.524591354001277, -1.487247518878444, -0.6691781429952232, -1.3046058779562242, -1.188487367073223, -1.9797318947348566]",True
B6_leave_N_4_MQ-add,B6,MQ-add,leave_N,6,0,20370932,29,"[-13.757520733057117, -3.518978124544544, -10.409128144746997, -2.7587398690807854, -0.051284021327161255, -7.380065333995953]",True,2,`ftol` termination condition is satisfied.,117,0.004715584256101749,"[-0.5245913577584194, -1.4872475189127987, -0.6691781457171365, -1.3046058779278578, -1.188487382716092, -1.979731894741803]",True
B6_leave_N_4_MQ-add,B6,MQ-add,leave_N,6,0,20370932,30,"[-0.6440180462846605, -7.224126775406436, 2.005963521201462, -4.211648270784917, -5.830163942161555, -4.704958596985614]",True,2,`ftol` termination condition is satisfied.,80,0.004715584256101751,"[-0.5245913622955672, -1.4872475188453762, -0.6691781489743829, -1.3046058779841008, -1.1884874014392957, -1.9797318947238818]",True
B6_leave_N_4_MQ-add,B6,MQ-add,leave_N,6,0,20370932,31,"[0.7155272336115353, 4.418147597839997, -16.17334841699654, -0.19595695786797762, -8.596392450110471, 3.8657823994490563]",True,2,`ftol` termination condition is satisfied.,62,0.004715584256101746,"[-0.5245913582843373, -1.4872475188649614, -0.6691781460843079, -1.304605877968021, -1.1884873848239303, -1.9797318947238858]",True
B6_leave_N_4_MQ-add,B6,MQ-add,leave_N,6,0,20370932,32,"[-9.328687706099245, -16.71763178125088, -3.655787198130625, -8.28001740004723, -2.370230509431379, -16.262291073828823]",True,2,`ftol` termination condition is satisfied.,93,0.004715584256101746,"[-0.5245913566038422, -1.4872475188424747, -0.6691781448651168, -1.3046058779863228, -1.1884873778178566, -1.9797318947260198]",True
B6_leave_N_4_MQ-eff,B6,MQ-eff,leave_N,6,0,20470932,0,"[-1.0794221858520217, -1.5999272631759678, -0.39931180438325536, -1.2763503266496101, -2.3066169576643176, -1.146040733446924]",True,2,`ftol` termination condition is satisfied.,26,0.01202626357824746,"[-0.46129460282838025, -1.4872475188595216, -0.6691780945982255, -1.3046058779718448, -1.18848733981294, -13.815510557964272]",True
B6_leave_N_4_MQ-eff,B6,MQ-eff,leave_N,6,0,20470932,1,"[2.0335071118512715, -5.107070962580407, 0.8629841962262823, -3.685833164461531, -8.072951625833621, -12.283782705399497]",True,2,`ftol` termination condition is satisfied.,84,0.012026263578247463,"[-0.4612946034301919, -1.48724751882227, -0.6691780950480208, -1.3046058780033194, -1.1884873424159057, -13.815510557964272]",True
B6_leave_N_4_MQ-eff,B6,MQ-eff,leave_N,6,0,20470932,2,"[-12.265733833723825, -10.52194307971319, -15.850877122814898, -7.771148690307663, -3.84960234045992, -1.0258275293375494]",True,2,`ftol` termination condition is satisfied.,144,0.012026263578247452,"[-0.46129460276421713, -1.4872475188658822, -0.6691780945494321, -1.3046058779666332, -1.1884873395377782, -13.815510557964272]",True
B6_leave_N_4_MQ-eff,B6,MQ-eff,leave_N,6,0,20470932,3,"[-10.921000674668988, 2.643533231711938, -1.5991430206397492, -0.27660920880406437, 0.633217645008374, 0.42274210432084125]",True,2,`ftol` termination condition is satisfied.,88,0.012026263578247456,"[-0.461294605926306, -1.4872475188896677, -0.6691780969809675, -1.3046058779469876, -1.1884873535457117, -13.815510557964272]",True
B6_leave_N_4_MQ-eff,B6,MQ-eff,leave_N,6,0,20470932,4,"[-2.2288082740798973, -15.427598142785902, -7.691220799321396, -3.9144276461391545, -4.661450717048665, -6.784270946141205]",True,2,`ftol` termination condition is satisfied.,26,0.012026263578247456,"[-0.46129460185985666, -1.4872475188529855, -0.6691780938476118, -1.3046058779771121, -1.188487335518393, -13.815510557964272]",True
B6_leave_N_4_MQ-eff,B6,MQ-eff,leave_N,6,0,20470932,5,"[-4.653912215989017, 4.187911316617203, -14.25680431049512, -5.336206177366624, -5.669959670975648, -10.865578098888228]",True,2,`ftol` termination condition is satisfied.,109,0.012026263578247456,"[-0.46129460259601107, -1.4872475188603416, -0.6691780944143215, -1.3046058779709258, -1.188487338782265, -13.815510557963528]",True
B6_leave_N_4_MQ-eff,B6,MQ-eff,leave_N,6,0,20470932,6,"[-7.360570394914864, -14.072438524122056, 3.19245880112069, -1.239074043207002, -1.484100724919676, -3.5979762739506214]",True,2,`ftol` termination condition is satisfied.,97,0.012026263578247444,"[-0.4612946038710935, -1.4872475188310634, -0.6691780953870092, -1.3046058779960072, -1.1884873443759811, -13.815510557964272]",True
B6_leave_N_4_MQ-eff,B6,MQ-eff,leave_N,6,0,20470932,7,"[-14.562836540197258, -0.8857663007939678, -11.061428792388313, -6.361055740179431, -1.7324943317400008, 2.8685816983902033]",True,2,`ftol` termination condition is satisfied.,124,0.01202626357824746,"[-0.4612946033412965, -1.4872475188785768, -0.6691780949942442, -1.304605877956479, -1.188487342105676, -13.815510557964272]",True
B6_leave_N_4_MQ-eff,B6,MQ-eff,leave_N,6,0,20470932,8,"[5.332365514383643, -6.155942593131893, -5.703184839721562, -2.7116838858549244, -7.064216465216525, -8.32543725709256]",True,2,`ftol` termination condition is satisfied.,50,0.012026263578247456,"[-0.4612946029993358, -1.4872475188655545, -0.669178094726266, -1.3046058779669065, -1.1884873405734366, -13.815510557964272]",True
B6_leave_N_4_MQ-eff,B6,MQ-eff,leave_N,6,0,20470932,9,"[2.8515558961334015, -0.006257286555825914, -8.975758381258128, -0.36038352596477097, -3.3013030636492857, -5.399251717907164]",True,2,`ftol` termination condition is satisfied.,23,0.012026263578247461,"[-0.4612946035247617, -1.4872475188731342, -0.6691780951412055, -1.3046058779606944, -1.188487342914597, -13.815510557964272]",True
B6_leave_N_4_MQ-eff,B6,MQ-eff,leave_N,6,0,20470932,10,"[-17.04642882353791, -15.939992040271447, -2.9803768557450496, -6.252513744490477, -8.623565657549394, -0.1866320780638393]",True,2,`ftol` termination condition is satisfied.,112,0.012026263578247463,"[-0.46129461115298354, -1.4872475188780994, -0.6691781010035219, -1.304605877956621, -1.1884873766391015, -13.815510557964272]",True
B6_leave_N_4_MQ-eff,B6,MQ-eff,leave_N,6,0,20470932,11,"[-7.019627174062961, -3.4816226205379497, -11.522757477823067, -1.795315779042057, -4.129385740506219, -2.6634607792534783]",True,2,`ftol` termination condition is satisfied.,60,0.01202626357824746,"[-0.46129460412028805, -1.4872475188717726, -0.6691780955883708, -1.3046058779622818, -1.1884873455367027, -13.815510557964272]",True
B6_leave_N_4_MQ-eff,B6,MQ-eff,leave_N,6,0,20470932,12,"[-4.304620999865882, -9.608547254388847, 5.266932823654983, -7.239951182847857, 0.10347644747963969, -11.927175176827282]",True,2,`ftol` termination condition is satisfied.,25,0.012026263578247456,"[-0.46129460230164704, -1.4872475188391776, -0.6691780941872059, -1.3046058779894436, -1.1884873374543004, -13.815510557964272]",True
B6_leave_N_4_MQ-eff,B6,MQ-eff,leave_N,6,0,20470932,13,"[-0.44088158398022514, -2.1542903745999027, -1.391782924843211, -8.661721773570342, -0.898479404863413, -7.719456405548575]",True,3,`xtol` termination condition is satisfied.,37,0.012026263578247449,"[-0.46129460257559696, -1.4872475188199812, -0.6691780944020622, -1.3046058780046788, -1.188487338644307, -13.815510557960716]",True
B6_leave_N_4_MQ-eff,B6,MQ-eff,leave_N,6,0,20470932,14,"[-9.124725989298087, -8.136519098735741, -6.651936574349811, -2.7577885894779666, -6.257904770045622, 1.480139183476755]",True,2,`ftol` termination condition is satisfied.,99,0.012026263578247452,"[-0.4612946029317217, -1.4872475188602006, -0.669178094681669, -1.3046058779712553, -1.1884873402738576, -13.815510557964272]",True
B6_leave_N_4_MQ-eff,B6,MQ-eff,leave_N,6,0,20470932,15,"[-13.34408262417286, 4.343046572581514, 1.891246968212517, -4.84241509212041, -6.494974968061199, -3.9580379960199625]",True,2,`ftol` termination condition is satisfied.,118,0.012026263578247456,"[-0.4612946028185724, -1.4872475188440515, -0.6691780945827559, -1.304605877984646, -1.1884873397435172, -13.815510557964272]",True
B6_leave_N_4_MQ-eff,B6,MQ-eff,leave_N,6,0,20470932,16,"[0.9523756563118262, -11.779906732295728, -15.632451075848582, 0.6137600859279875, -2.2994210739901897, -9.231307272995277]",True,2,`ftol` termination condition is satisfied.,33,0.012026263578247454,"[-0.46129460300348113, -1.4872475188480885, -0.6691780947310249, -1.304605877981711, -1.188487340571158, -13.815510557962693]",True
B6_leave_N_4_MQ-eff,B6,MQ-eff,leave_N,6,0,20470932,17,"[0.37541786542653455, 5.024435657908114, -4.29106293806757, -6.808506091624219, -4.83124350328402, 1.680708813608863]",True,2,`ftol` termination condition is satisfied.,48,0.012026263578247464,"[-0.4612946035500993, -1.4872475189209178, -0.6691780951755317, -1.3046058779205167, -1.188487343098945, -13.815510557964272]",True
B6_leave_N_4_MQ-eff,B6,MQ-eff,leave_N,6,0,20470932,18,"[-13.836886493184162, -12.511720158159115, -9.629470890902827, -2.2627777751628564, 0.5096276551668186, -7.02022449914168]",True,2,`ftol` termination condition is satisfied.,91,0.01202626357824746,"[-0.46129460407265943, -1.4872475188798164, -0.669178095563512, -1.3046058779553988, -1.1884873453459068, -13.815510557964272]",True
B6_leave_N_4_MQ-eff,B6,MQ-eff,leave_N,6,0,20470932,19,"[-9.527245462328287, -2.9021474340347844, 4.623740992580409, -5.487098847511944, -3.423398781906185, -9.560487571457806]",True,2,`ftol` termination condition is satisfied.,91,0.012026263578247456,"[-0.4612946024668024, -1.4872475189049668, -0.6691780943239632, -1.304605877933723, -1.1884873382746277, -13.815510557964272]",True
B6_leave_N_4_MQ-eff,B6,MQ-eff,leave_N,6,0,20470932,20,"[-1.1056889388925164, -7.4272597135226, -12.843964068875314, -1.0896359954133938, -7.600398327133879, -4.785727879190512]",True,2,`ftol` termination condition is satisfied.,27,0.012026263578247468,"[-0.4612946046682709, -1.4872475188800625, -0.6691780960134202, -1.3046058779546168, -1.1884873479722589, -13.815510557964272]",True
B6_leave_N_4_MQ-eff,B6,MQ-eff,leave_N,6,0,20470932,21,"[-2.9269304813061012, -4.157131109443858, -6.232139216341549, 0.18254690363629855, -7.196828094436761, -0.8897437113552691]",True,2,`ftol` termination condition is satisfied.,24,0.012026263578247452,"[-0.46129460270892825, -1.4872475188663488, -0.6691780945052741, -1.3046058779667244, -1.1884873392928168, -13.81551055796373]",True
B6_leave_N_4_MQ-eff,B6,MQ-eff,leave_N,6,0,20470932,22,"[-5.902833204840064, -8.89372317589638, -0.20301515916086998, -4.375039517826798, -1.8932653720127162, -5.603732041177713]",True,2,`ftol` termination condition is satisfied.,62,0.01202626357824746,"[-0.46129460386003585, -1.4872475188498078, -0.6691780953901947, -1.3046058779798388, -1.1884873443599542, -13.815510557964272]",True
B6_leave_N_4_MQ-eff,B6,MQ-eff,leave_N,6,0,20470932,23,"[-15.841785290288016, 0.7363497938583059, -14.455423952319396, -3.523271682426607, -1.020570522246059, -11.103365020541267]",True,2,`ftol` termination condition is satisfied.,92,0.012026263578247463,"[-0.4612946100910713, -1.4872475188533802, -0.6691781001858925, -1.304605877976756, -1.188487371912609, -13.815510557964272]",True
B6_leave_N_4_MQ-eff,B6,MQ-eff,leave_N,6,0,20470932,24,"[4.138962018712078, -16.63284887669078, 2.322785138214332, -7.932255549990876, -5.2347329808678005, -2.338191173929392]",True,2,`ftol` termination condition is satisfied.,56,0.01202626357824746,"[-0.4612946026932752, -1.4872475188275747, -0.6691780944807708, -1.3046058779988974, -1.1884873391644974, -13.815510557964272]",True
B6_leave_N_4_MQ-eff,B6,MQ-eff,leave_N,6,0,20470932,25,"[4.488250857069634, -0.16504005615018613, -16.977994182534218, -4.676349946639751, -0.057284875888765185, -3.4013099074334665]",True,2,`ftol` termination condition is satisfied.,31,0.012026263578247454,"[-0.4612946125102248, -1.4872475188826866, -0.6691781020479077, -1.3046058779524838, -1.1884873826450946, -13.815510557964272]",True
B6_leave_N_4_MQ-eff,B6,MQ-eff,leave_N,6,0,20470932,26,"[-15.500844447201693, -6.826940163511495, 0.39301462575293655, 0.4468224086266108, -4.261988931829658, -10.170249515532472]",True,2,`ftol` termination condition is satisfied.,77,0.012026263578247463,"[-0.46129460594681065, -1.4872475188202658, -0.6691780969799036, -1.3046058780045862, -1.1884873535352214, -13.815510557964272]",True
B6_leave_N_4_MQ-eff,B6,MQ-eff,leave_N,6,0,20470932,27,"[-8.386427865946294, 3.4891304046351372, -8.150843777633167, -8.196772929513353, -8.18834854223391, -8.658519868191032]",True,2,`ftol` termination condition is satisfied.,95,0.01202626357824746,"[-0.4612946053268363, -1.4872475188654675, -0.6691780965152091, -1.3046058779669445, -1.1884873508612965, -13.815510557964272]",True
B6_leave_N_4_MQ-eff,B6,MQ-eff,leave_N,6,0,20470932,28,"[-5.407742477321921, -13.334364271645647, -2.7366068423610415, -3.221863764818668, -2.8377814409844113, 2.0369894431475224]",True,2,`ftol` termination condition is satisfied.,77,0.012026263578247449,"[-0.46129460280609225, -1.4872475188715921, -0.6691780945780076, -1.3046058779621608, -1.1884873397272735, -13.815510557964272]",True
B6_leave_N_4_MQ-eff,B6,MQ-eff,leave_N,6,0,20470932,29,"[-2.186818016666379, 1.9169263057272623, 3.7846945213705148, -1.949693353856234, -2.423001453511394, -1.7328263190370041]",True,2,`ftol` termination condition is satisfied.,88,0.012026263578247456,"[-0.4612946027502494, -1.487247518827156, -0.6691780945308815, -1.3046058779984775, -1.1884873394207562, -13.815510557963263]",True
B6_leave_N_4_MQ-eff,B6,MQ-eff,leave_N,6,0,20470932,30,"[-10.60559187501174, -14.739611140115183, -12.895424266003063, -7.084701076212962, -6.664759138759825, -12.492150125641881]",True,2,`ftol` termination condition is satisfied.,34,0.012026263578247457,"[-0.4612946108047027, -1.487247518853494, -0.6691781007276076, -1.3046058779767997, -1.1884873750616816, -13.815510557964272]",True
B6_leave_N_4_MQ-eff,B6,MQ-eff,leave_N,6,0,20470932,31,"[-12.040609430047677, -4.403039986657394, -4.353719523791213, -0.8136817484612475, -5.785361223778176, -5.964348897242221]",True,2,`ftol` termination condition is satisfied.,97,0.012026263578247449,"[-0.4612946030279935, -1.487247518836763, -0.66917809474675, -1.3046058779913712, -1.1884873406628695, -13.815510557963377]",True
B6_leave_N_4_MQ-eff,B6,MQ-eff,leave_N,6,0,20470932,32,"[2.163346933291784, -11.276419965903605, -10.457278513417181, -5.8000891907102865, -0.4722843197344613, 0.7441236616940845]",True,2,`ftol` termination condition is satisfied.,32,0.012026263578247457,"[-0.4612946032183727, -1.487247518896961, -0.6691780948944559, -1.3046058779410412, -1.1884873415809931, -13.815510557964272]",True
B6_leave_N_6.9_M0_6,B6,M0_6,leave_N,7,0,20270933,0,"[-1.0813080452702732, -1.6018131225942192, -0.4011976638015068, -1.2763503266496101, -2.3066169576643176]",True,2,`ftol` termination condition is satisfied.,24,0.012310923023790289,"[-0.4435040416946204, -1.5321797930261343, -0.6595517865350675, -1.2762466995579145, -1.1653525213440745]",True
B6_leave_N_6.9_M0_6,B6,M0_6,leave_N,7,0,20270933,1,"[4.998169267055658, -0.8131917363846313, 5.28602583543282, -3.3879410431067205, -1.328627058429662]",True,2,`ftol` termination condition is satisfied.,25,0.01231092302379029,"[-0.4435040384087956, -1.532179793043731, -0.6595517835473894, -1.2762466995437092, -1.1653525062889667]",True
B6_leave_N_6.9_M0_6,B6,M0_6,leave_N,7,0,20270933,2,"[-7.7148425204072915, -11.381902933322998, -6.159293522965919, -4.4305932269782575, -5.975974200606555]",True,2,`ftol` termination condition is satisfied.,89,0.012310923023790294,"[-0.44350404071284333, -1.532179793019117, -0.6595517856401065, -1.2762466995639181, -1.1653525168291519]",True
B6_leave_N_6.9_M0_6,B6,M0_6,leave_N,7,0,20270933,3,"[-14.671070306402278, 2.219151562895128, -0.817024206208739, -0.03976884133322578, -7.920715926742221]",True,2,`ftol` termination condition is satisfied.,89,0.01231092302379029,"[-0.4435040380966999, -1.5321797930370071, -0.6595517832623133, -1.276246699549518, -1.1653525048478883]",True
B6_leave_N_6.9_M0_6,B6,M0_6,leave_N,7,0,20270933,4,"[-4.942466955784656, -12.990740481012933, -12.878702905551064, -7.639100135263641, -2.9566205840597615]",True,2,`ftol` termination condition is satisfied.,32,0.01231092302379029,"[-0.4435040400773723, -1.532179793042773, -0.6595517850670728, -1.2762466995444601, -1.1653525139457692]",True
B6_leave_N_6.9_M0_6,B6,M0_6,leave_N,7,0,20270933,5,"[-0.5527301695385702, 3.926379691569913, -10.790614073295284, -7.466049352727277, -1.9425037683939639]",True,2,`ftol` termination condition is satisfied.,41,0.012310923023790294,"[-0.4435040403036323, -1.532179793038329, -0.659551785273274, -1.2762466995482689, -1.1653525149789723]",True
B6_leave_N_6.9_M0_6,B6,M0_6,leave_N,7,0,20270933,6,"[-13.528673916135142, -14.667543061004473, -0.05322236031433647, -0.4618817519300915, -6.55261530691641]",True,2,`ftol` termination condition is satisfied.,114,0.012310923023790294,"[-0.44350404087346496, -1.5321797930430379, -0.6595517857916746, -1.2762466995444337, -1.165352517599469]",True
B6_leave_N_6.9_M0_6,B6,M0_6,leave_N,7,0,20270933,7,"[-9.199455085313723, -5.517355942004842, -16.081193377635376, -5.943276622197118, -4.884739484748755]",True,2,`ftol` termination condition is satisfied.,62,0.012310923023790298,"[-0.443504044344522, -1.5321797930840002, -0.6595517889631143, -1.276246699510241, -1.16535253358738]",True
B6_leave_N_6.9_M0_6,B6,M0_6,leave_N,7,0,20270933,8,"[0.9729534553141903, -6.646968063329616, -4.7357896396204815, -1.919423909038887, -0.03242371434601132]",True,2,`ftol` termination condition is satisfied.,17,0.01231092302379029,"[-0.44350403673508354, -1.5321797930281875, -0.6595517820205574, -1.276246699556545, -1.1653524985868342]",True
B6_leave_N_6.9_M0_6,B6,M0_6,leave_N,7,0,20270933,9,"[2.21782791174876, 0.38394544568921773, -15.149106786287197, -1.1081887987892962, -5.296512081455614]",True,2,`ftol` termination condition is satisfied.,32,0.01231092302379029,"[-0.44350403910543074, -1.5321797930264096, -0.6595517841787304, -1.2762466995581438, -1.1653525094628514]",True
B6_leave_N_6.9_M0_6,B6,M0_6,leave_N,7,0,20270933,10,"[-10.449889437036358, -12.555249296964108, -4.153709504773973, -6.621322125059919, -0.6676826942959284]",True,2,`ftol` termination condition is satisfied.,98,0.01231092302379029,"[-0.4435040491551565, -1.5321797930072887, -0.6595517933236222, -1.2762466995741188, -1.1653525555572801]",True
B6_leave_N_6.9_M0_6,B6,M0_6,leave_N,7,0,20270933,11,"[-11.931050462902654, -1.9359936398670587, -8.78446720402243, -2.62160262276483, -3.46792469286466]",True,2,`ftol` termination condition is satisfied.,58,0.01231092302379029,"[-0.44350403955907897, -1.5321797930345582, -0.6595517845906759, -1.2762466995511932, -1.1653525115536367]",True
B6_leave_N_6.9_M0_6,B6,M0_6,leave_N,7,0,20270933,12,"[-2.1559135180591262, -8.809369627863902, 2.3041483814372477, -5.1544392517255915, -8.450610551880702]",True,2,`ftol` termination condition is satisfied.,83,0.012310923023790296,"[-0.44350404484788847, -1.532179793023485, -0.659551789403922, -1.2762466995605526, -1.1653525358106047]",True
B6_leave_N_6.9_M0_6,B6,M0_6,leave_N,7,0,20270933,13,"[-3.331712801656794, -2.925330690901683, -1.665538451667782, -4.888229967311494, -7.066879323333496]",True,2,`ftol` termination condition is satisfied.,68,0.012310923023790289,"[-0.4435040404270355, -1.53217979302751, -0.6595517853821925, -1.2762466995570423, -1.1653525155294726]",True
B6_leave_N_6.9_M0_6,B6,M0_6,leave_N,7,0,20270933,14,"[-16.265123035094923, -7.839324747704502, -13.366253950714942, -2.950604781097831, -2.475285539828259]",True,2,`ftol` termination condition is satisfied.,82,0.012310923023790292,"[-0.4435040399256226, -1.5321797930185839, -0.6595517849247078, -1.2762466995645372, -1.1653525132168456]",True
B6_leave_N_6.9_M0_6,B6,M0_6,leave_N,7,0,20270933,15,"[-6.458054779054402, 4.381360103816419, 3.374571102625236, -8.22711598831875, 0.6488261730861549]",True,2,`ftol` termination condition is satisfied.,54,0.01231092302379029,"[-0.44350404500421203, -1.5321797930335785, -0.6595517895525843, -1.27624669955252, -1.165352536545465]",True
B6_leave_N_6.9_M0_6,B6,M0_6,leave_N,7,0,20270933,16,"[3.758082951137986, -16.572306676549218, -8.433276705182022, 0.2671701176246959, -4.222080113650173]",True,2,`ftol` termination condition is satisfied.,42,0.012310923023790292,"[-0.44350404053138637, -1.5321797930158363, -0.6595517854729066, -1.2762466995665531, -1.165352515990815]",True
B6_leave_N_6.9_M0_6,B6,M0_6,leave_N,7,0,20270933,17,"[2.9834462007060267, 5.265850643095302, -2.978231792740976, -6.059608866134283, -3.044997969326781]",True,2,`ftol` termination condition is satisfied.,41,0.012310923023790294,"[-0.44350404083041356, -1.5321797930074024, -0.6595517857444351, -1.2762466995733954, -1.1653525173522887]",True
B6_leave_N_6.9_M0_6,B6,M0_6,leave_N,7,0,20270933,18,"[-7.102729741409615, -16.03277914067594, -14.992083478301971, -1.7374245237821127, -7.692345093739682]",True,2,`ftol` termination condition is satisfied.,36,0.012310923023790292,"[-0.44350404024283296, -1.5321797930426304, -0.6595517852140699, -1.276246699544748, -1.1653525147020474]",True
B6_leave_N_6.9_M0_6,B6,M0_6,leave_N,7,0,20270933,19,"[-17.064061568798763, -3.8105283606800686, 1.7488571514294406, -6.9024521246149435, -6.054747074348201]",True,2,`ftol` termination condition is satisfied.,94,0.012310923023790292,"[-0.44350403841984104, -1.5321797930643766, -0.6595517835647554, -1.276246699526474, -1.1653525063703858]",True
B6_leave_N_6.9_M0_6,B6,M0_6,leave_N,7,0,20270933,20,"[-3.9962601096887997, -8.379558055354094, -9.746028556272528, -0.7920970400084952, -1.0906517494297345]",True,2,`ftol` termination condition is satisfied.,37,0.01231092302379029,"[-0.4435040399979254, -1.5321797929931895, -0.659551784980752, -1.2762466995849973, -1.1653525135098515]",True
B6_leave_N_6.9_M0_6,B6,M0_6,leave_N,7,0,20270933,21,"[-2.856871805181095, -2.8212672283036113, -13.923984428527218, -0.00697678512565858, -0.08410950048803656]",True,2,`ftol` termination condition is satisfied.,21,0.01231092302379029,"[-0.4435040472877297, -1.5321797930436594, -0.6595517916328107, -1.2762466995439854, -1.1653525470383095]",True
B6_leave_N_6.9_M0_6,B6,M0_6,leave_N,7,0,20270933,22,"[-12.671708009071583, -9.349505277284308, -2.6184077119991187, -7.90403715359879, -4.6942210212464905]",True,2,`ftol` termination condition is satisfied.,79,0.01231092302379029,"[-0.44350404102651214, -1.53217979304497, -0.6595517859314135, -1.2762466995431065, -1.1653525183045241]",True
B6_leave_N_6.9_M0_6,B6,M0_6,leave_N,7,0,20270933,23,"[-11.124980691773093, 1.26853364319728, -7.2490987488911305, -3.867413648111352, -6.594696581533061]",True,2,`ftol` termination condition is satisfied.,98,0.012310923023790292,"[-0.4435040388508931, -1.5321797930650896, -0.6595517839563547, -1.2762466995258528, -1.165352508348693]",True
B6_leave_N_6.9_M0_6,B6,M0_6,leave_N,7,0,20270933,24,"[1.4961731284158688, -12.015797679749001, 3.5291633151451194, -4.015696236963663, -1.7423808288943112]",True,2,`ftol` termination condition is satisfied.,18,0.01231092302379029,"[-0.4435040418176177, -1.5321797930262875, -0.6595517866435125, -1.2762466995580073, -1.1653525219058782]",True
B6_leave_N_6.9_M0_6,B6,M0_6,leave_N,7,0,20270933,25,"[0.2477742289500675, -4.977904409709934, -6.672850211510324, -8.567515586898391, -8.35328462606725]",True,2,`ftol` termination condition is satisfied.,20,0.01231092302379029,"[-0.4435040404617586, -1.532179793027192, -0.6595517854138773, -1.2762466995572248, -1.165352515688477]",True
B6_leave_N_6.9_M0_6,B6,M0_6,leave_N,7,0,20270933,26,"[-9.88215255738087, -5.762379950741751, 4.46637496790089, 0.8211605781845108, -3.7244552566715585]",True,2,`ftol` termination condition is satisfied.,108,0.012310923023790298,"[-0.4435040501912154, -1.5321797930002021, -0.6595517942633577, -1.276246699580136, -1.1653525603008137]",True
B6_leave_N_6.9_M0_6,B6,M0_6,leave_N,7,0,20270933,27,"[-14.279720174884497, 3.3862439572293077, -11.561303839014386, -4.697792543146461, -0.5607522924850876]",True,2,`ftol` termination condition is satisfied.,109,0.01231092302379029,"[-0.4435040393906241, -1.5321797930335956, -0.6595517844399676, -1.2762466995520048, -1.1653525107815426]",True
B6_leave_N_6.9_M0_6,B6,M0_6,leave_N,7,0,20270933,28,"[-1.2544304044417576, -15.552816734361226, -0.6182554869746077, -3.0579123480134713, -5.543438133737137]",True,2,`ftol` termination condition is satisfied.,84,0.01231092302379029,"[-0.4435040398582169, -1.532179793019788, -0.6595517848595878, -1.2762466995634867, -1.165352512905942]",True
B6_leave_N_6.9_M0_6,B6,M0_6,leave_N,7,0,20270933,29,"[-5.59114157460634, 1.6789181703253355, 1.2561700901522634, -2.2168899432514726, -4.161443513170577]",True,2,`ftol` termination condition is satisfied.,90,0.01231092302379029,"[-0.443504040795954, -1.5321797930318457, -0.6595517857198127, -1.276246699553657, -1.1653525172292474]",True
B6_leave_N_6.9_M0_6,B6,M0_6,leave_N,7,0,20270933,30,"[-15.452489548231515, -13.87593823571152, -10.588721989131178, -5.643518624282741, 0.43015025257066597]",True,2,`ftol` termination condition is satisfied.,114,0.012310923023790294,"[-0.4435040402029044, -1.5321797930337029, -0.6595517851788445, -1.276246699552153, -1.1653525145089725]",True
B6_leave_N_6.9_M0_6,B6,M0_6,leave_N,7,0,20270933,31,"[-8.339215355957096, -0.2736642854315541, -5.246209376003028, -1.3646877782161857, -2.405044463351274]",True,2,`ftol` termination condition is satisfied.,106,0.012310923023790292,"[-0.4435040399626654, -1.532179793039959, -0.6595517849630399, -1.276246699546839, -1.1653525134163023]",True
B6_leave_N_6.9_M0_6,B6,M0_6,leave_N,7,0,20270933,32,"[4.236622370903213, -10.497412478964318, -16.908837274005496, -6.579505391830827, -7.275950732323608]",True,2,`ftol` termination condition is satisfied.,39,0.012310923023790294,"[-0.44350403467806865, -1.532179793040937, -0.6595517801550369, -1.27624669954581, -1.1653524891678313]",True
B6_leave_N_6.9_MQ-add,B6,MQ-add,leave_N,7,0,20370933,0,"[-1.0813080452702732, -1.6018131225942192, -0.4011976638015068, -1.2763503266496101, -2.3066169576643176, 0.17462884120675068]",True,2,`ftol` termination condition is satisfied.,26,0.004942531596437772,"[-0.5053009205187969, -1.5321797930206111, -0.6595517848293939, -1.276246699562748, -1.1653525127498825, -1.985180080469143]",True
B6_leave_N_6.9_MQ-add,B6,MQ-add,leave_N,7,0,20370933,1,"[-1.408462844237956, -16.723664639588907, 0.8996102781810542, -2.83124043667989, -7.73718128836835, 0.18305673613985007]",True,2,`ftol` termination condition is satisfied.,85,0.004942531596437774,"[-0.5053009207724111, -1.5321797930361252, -0.6595517850555381, -1.2762466995500605, -1.165352513869411, -1.9851800804663813]",True
B6_leave_N_6.9_MQ-add,B6,MQ-add,leave_N,7,0,20370933,2,"[-8.98974983329353, -4.184153396220266, -10.598209549786763, -8.616133202771335, -1.2598199891902153, -17.108299239286552]",True,2,`ftol` termination condition is satisfied.,67,0.004942531596437776,"[-0.5053009201640918, -1.532179793040621, -0.6595517845330876, -1.2762466995462285, -1.1653525112495535, -1.9851800804692006]",True
B6_leave_N_6.9_MQ-add,B6,MQ-add,leave_N,7,0,20370933,3,"[-14.011494587747691, -7.3289939227706125, -1.545816914433047, 0.4105094046078719, -3.451197894765463, -10.178482081102517]",True,2,`ftol` termination condition is satisfied.,110,0.004942531596437773,"[-0.5053009200356906, -1.5321797930248133, -0.6595517844171213, -1.2762466995593615, -1.1653525106717924, -1.9851800804694821]",True
B6_leave_N_6.9_MQ-add,B6,MQ-add,leave_N,7,0,20370933,4,"[0.6711461965972916, 5.210958268732853, -13.206075156734363, -4.778286827772524, -5.616714561505663, -4.654147360020858]",True,2,`ftol` termination condition is satisfied.,66,0.0049425315964377724,"[-0.5053009280491217, -1.5321797930145256, -0.6595517912760218, -1.2762466995679709, -1.1653525452320126, -1.9851800804701847]",True
B6_leave_N_6.9_MQ-add,B6,MQ-add,leave_N,7,0,20370933,5,"[4.966284555818024, -9.966323038693723, -6.544213772983934, -5.302299919092096, -4.314980033960084, 2.8437104586015813]",True,2,`ftol` termination condition is satisfied.,39,0.004942531596437776,"[-0.5053009250557742, -1.5321797930605956, -0.6595517887243936, -1.2762466995304276, -1.1653525323818, -1.9851800804702517]",True
B6_leave_N_6.9_MQ-add,B6,MQ-add,leave_N,7,0,20370933,6,"[-15.457173024602785, 0.45628185139964117, 4.592554198000656, -1.3009229651703063, -2.298760564310971, -14.069985646625598]",True,2,`ftol` termination condition is satisfied.,99,0.004942531596437772,"[-0.5053009197786474, -1.5321797930307846, -0.6595517841983971, -1.27624669955377, -1.1653525095703494, -1.9851800804679611]",True
B6_leave_N_6.9_MQ-add,B6,MQ-add,leave_N,7,0,20370933,7,"[-7.541462647916175, -11.969420338689792, -15.478469482021708, -6.755649098760875, -0.3307015808143632, -7.497789866594077]",True,2,`ftol` termination condition is satisfied.,31,0.004942531596437776,"[-0.5053009215024981, -1.5321797930333958, -0.6595517856757761, -1.2762466995521577, -1.1653525170125059, -1.9851800804680992]",True
B6_leave_N_6.9_MQ-add,B6,MQ-add,leave_N,7,0,20370933,8,"[-5.70620995198095, -1.5463867289702993, -4.170913063347605, -2.1582483724444073, -6.361299373346929, -1.6359700874761938]",True,2,`ftol` termination condition is satisfied.,53,0.004942531596437775,"[-0.5053009255811591, -1.5321797930201724, -0.6595517891653516, -1.2762466995627788, -1.1653525345921096, -1.9851800804690012]",True
B6_leave_N_6.9_MQ-add,B6,MQ-add,leave_N,7,0,20370933,9,"[-3.063284042943181, -6.758148730290477, -16.75069299815956, -0.866866371534198, -0.8653700304443257, -3.637539715547094]",True,2,`ftol` termination condition is satisfied.,33,0.0049425315964377724,"[-0.5053009205710913, -1.5321797930409067, -0.6595517848806991, -1.2762466995462476, -1.1653525130070543, -1.9851800804766235]",True
B6_leave_N_6.9_MQ-add,B6,MQ-add,leave_N,7,0,20370933,10,"[-6.704318028259582, 2.9468723234437704, -5.080391456188446, -5.8112295060365495, -8.09769365315561, -9.497707499568044]",True,2,`ftol` termination condition is satisfied.,53,0.0049425315964377724,"[-0.5053009244692263, -1.5321797930261574, -0.6595517882114245, -1.2762466995582684, -1.1653525298011844, -1.985180080471428]",True
B6_leave_N_6.9_MQ-add,B6,MQ-add,leave_N,7,0,20370933,11,"[-15.940397428072819, -14.459671129936751, -8.472794341152747, -1.7989168158168205, -6.117696182587787, -14.733707551550532]",True,2,`ftol` termination condition is satisfied.,107,0.004942531596437778,"[-0.5053009209817864, -1.5321797930189731, -0.6595517852267297, -1.2762466995640709, -1.1653525147461907, -1.9851800804691733]",True
B6_leave_N_6.9_MQ-add,B6,MQ-add,leave_N,7,0,20370933,12,"[3.3948586231563667, -4.7549061530634695, 3.003764483579353, -7.339304824081431, -2.9189597281707735, 2.1772927194900156]",True,2,`ftol` termination condition is satisfied.,22,0.004942531596437776,"[-0.5053009242209087, -1.5321797932410341, -0.6595517880630671, -1.2762466993797625, -1.1653525290394244, -1.9851800804699744]",True
B6_leave_N_6.9_MQ-add,B6,MQ-add,leave_N,7,0,20370933,13,"[1.9465661302665573, -14.244551302319532, -0.6750852307637061, -7.8584340962632835, -1.6122832044095627, -0.9546301072548324]",True,2,`ftol` termination condition is satisfied.,28,0.0049425315964377724,"[-0.5053009217141546, -1.5321797930502525, -0.6595517858595125, -1.2762466995382409, -1.1653525179478772, -1.9851800804678292]",True
B6_leave_N_6.9_MQ-add,B6,MQ-add,leave_N,7,0,20370933,14,"[-11.642666752388386, -0.9644965181495095, -11.984335000671798, -3.514797005282258, -4.9608988043367095, -6.481660662523128]",True,2,`ftol` termination condition is satisfied.,91,0.0049425315964377724,"[-0.505300921784432, -1.5321797930286443, -0.6595517859159273, -1.276246699556071, -1.1653525182222222, -1.9851800804685467]",True
B6_leave_N_6.9_MQ-add,B6,MQ-add,leave_N,7,0,20370933,15,"[-10.999439955421755, -10.548294815365935, 2.5157551665599946, -3.94629758233883, -7.163621844080455, -12.075271222872619]",True,2,`ftol` termination condition is satisfied.,101,0.004942531596437773,"[-0.5053009200831263, -1.53217979302058, -0.659551784456082, -1.2762466995628117, -1.1653525108703744, -1.9851800804708]",True
B6_leave_N_6.9_MQ-add,B6,MQ-add,leave_N,7,0,20370933,16,"[-1.6176002985756313, 2.7314943808808003, -8.608101919465094, -0.1987581264364362, 0.5148833368573484, 5.217736747650715]",True,2,`ftol` termination condition is satisfied.,56,0.004942531596437777,"[-0.5053009212299954, -1.5321797930183145, -0.6595517854388707, -1.2762466995645385, -1.1653525158160825, -1.985180080469631]",True
B6_leave_N_6.9_MQ-add,B6,MQ-add,leave_N,7,0,20370933,17,"[-2.2418141847424096, -10.769666085914157, -5.010148630611273, -6.380576334789884, -5.360856595775394, -6.313887922180935]",True,2,`ftol` termination condition is satisfied.,34,0.004942531596437778,"[-0.505300921246799, -1.5321797930888943, -0.659551785472326, -1.2762466995071173, -1.1653525159897693, -1.9851800804713076]",True
B6_leave_N_6.9_MQ-add,B6,MQ-add,leave_N,7,0,20370933,18,"[-10.37701958386403, 1.6172408418798305, -16.130916319786103, -2.6820506673380153, -3.6336518961376294, -0.4546005907862458]",True,2,`ftol` termination condition is satisfied.,109,0.004942531596437773,"[-0.5053009205382976, -1.5321797930236214, -0.6595517848494533, -1.2762466995603228, -1.1653525128391435, -1.9851800804639443]",True
B6_leave_N_6.9_MQ-add,B6,MQ-add,leave_N,7,0,20370933,19,"[-12.44352722127266, -13.129944537749608, 4.0020217009579895, -5.524156749059861, -1.077381904356007, 4.692566139120544]",True,2,`ftol` termination condition is satisfied.,94,0.004942531596437774,"[-0.5053009215446093, -1.5321797930339278, -0.6595517857107049, -1.2762466995519464, -1.1653525171944021, -1.9851800804697406]",True
B6_leave_N_6.9_MQ-add,B6,MQ-add,leave_N,7,0,20370933,20,"[2.748524447487277, -0.7434784731702422, -7.311795756629635, -1.2295334110013734, -7.993059718218849, -12.217901512430041]",True,2,`ftol` termination condition is satisfied.,51,0.004942531596437773,"[-0.5053009156234636, -1.5321797931346637, -0.6595517806719591, -1.2762466994687216, -1.165352491792831, -1.98518008046476]",True
B6_leave_N_6.9_MQ-add,B6,MQ-add,leave_N,7,0,20370933,21,"[4.196806792413273, -15.385051233466022, -12.348231493260869, 0.6352800268613326, -6.691024481795443, -8.997455152496515]",True,2,`ftol` termination condition is satisfied.,53,0.004942531596437773,"[-0.5053009213024932, -1.5321797930299776, -0.6595517855058111, -1.276246699555071, -1.165352516147669, -1.9851800804728181]",True
B6_leave_N_6.9_MQ-add,B6,MQ-add,leave_N,7,0,20370933,22,"[-16.741269488564292, -5.16515085908339, -0.8678033645682177, -4.856075896039698, 0.07475585411622632, -3.469913717309277]",True,2,`ftol` termination condition is satisfied.,93,0.004942531596437771,"[-0.505300920899031, -1.53217979303417, -0.6595517851611172, -1.2762466995517232, -1.1653525144119286, -1.9851800804700015]",True
B6_leave_N_6.9_MQ-add,B6,MQ-add,leave_N,7,0,20370933,23,"[-6.081886065094654, -6.34756166848711, -10.025241564624817, -3.2010801414057592, -2.7042339157795157, 2.0347874324659543]",True,2,`ftol` termination condition is satisfied.,37,0.0049425315964377724,"[-0.5053009212813124, -1.532179793016101, -0.6595517854799651, -1.276246699566524, -1.1653525160349354, -1.9851800804798276]",True
B6_leave_N_6.9_MQ-add,B6,MQ-add,leave_N,7,0,20370933,24,"[-3.687487781146144, 3.8719100711895926, 1.639886299124612, -8.096411155016547, -3.9852753896318003, -15.259079251112626]",True,2,`ftol` termination condition is satisfied.,85,0.0049425315964377724,"[-0.5053009221312369, -1.5321797929995564, -0.6595517862064643, -1.2762466995796744, -1.165352519678451, -1.985180080469307]",True
B6_leave_N_6.9_MQ-add,B6,MQ-add,leave_N,7,0,20370933,25,"[-4.9039500406724414, -12.198835250514982, -10.891016541181667, -4.470258243232309, -3.258001784621844, -13.167594757307844]",True,2,`ftol` termination condition is satisfied.,42,0.004942531596437774,"[-0.5053009212995795, -1.5321797930366832, -0.6595517855025043, -1.276246699549244, -1.1653525161414904, -1.985180080468945]",True
B6_leave_N_6.9_MQ-add,B6,MQ-add,leave_N,7,0,20370933,26,"[-8.342016002899706, -2.6526835849783748, 0.41336352235810736, 0.1759017135113332, -5.702933204138311, 4.122880765492297]",True,2,`ftol` termination condition is satisfied.,69,0.004942531596437774,"[-0.5053009214952237, -1.532179793034506, -0.6595517856719353, -1.276246699551367, -1.1653525169850025, -1.9851800804702626]",True
B6_leave_N_6.9_MQ-add,B6,MQ-add,leave_N,7,0,20370933,27,"[-14.834364100673197, -8.860368623389295, -13.981680995250596, -7.785465198745995, -8.512477095725316, -2.8957588449819234]",True,2,`ftol` termination condition is satisfied.,130,0.004942531596437778,"[-0.5053009239032672, -1.5321797930232997, -0.6595517877273254, -1.276246699560421, -1.1653525273553582, -1.9851800804686588]",True
B6_leave_N_6.9_MQ-add,B6,MQ-add,leave_N,7,0,20370933,28,"[4.342464741836061, 0.6860392039284768, -2.8404322948705474, -3.735328978869042, -0.5263438905312121, -8.419560946573624]",True,2,`ftol` termination condition is satisfied.,24,0.0049425315964377724,"[-0.5053009200853017, -1.532179793039379, -0.6595517844665982, -1.276246699547484, -1.165352510909091, -1.985180080469611]",True
B6_leave_N_6.9_MQ-add,B6,MQ-add,leave_N,7,0,20370933,29,"[0.04733644565894224, -8.26798299775767, 5.268071094006295, -1.874799647731753, 0.7800512515768325, -15.828895232007387]",True,2,`ftol` termination condition is satisfied.,30,0.0049425315964377724,"[-0.5053009158512066, -1.5321797930404246, -0.6595517808468414, -1.2762466995463753, -1.1653524926492096, -1.9851800804798923]",True
B6_leave_N_6.9_MQ-add,B6,MQ-add,leave_N,7,0,20370933,30,"[-13.388673987290701, 4.814235575886645, -6.3959694939714975, -7.112373194284458, -7.3553971989255045, 1.0853117531387362]",True,2,`ftol` termination condition is satisfied.,148,0.004942531596437774,"[-0.5053009205671277, -1.5321797930391607, -0.6595517848760599, -1.276246699547379, -1.165352512984988, -1.9851800804694386]",True
B6_leave_N_6.9_MQ-add,B6,MQ-add,leave_N,7,0,20370933,31,"[-9.790314864804461, -16.327295257231853, -3.0654808648087233, -0.34813891199778446, -4.769143913611891, -5.575804307252554]",True,2,`ftol` termination condition is satisfied.,92,0.004942531596437771,"[-0.5053009208536765, -1.5321797930225547, -0.6595517851134249, -1.276246699560906, -1.1653525141943473, -1.9851800804672497]",True
B6_leave_N_6.9_MQ-add,B6,MQ-add,leave_N,7,0,20370933,32,"[-0.6062129959730633, -3.2448110107440495, -14.55804005627078, -6.181808956733555, -1.8774670356670038, -11.438482799425682]",True,2,`ftol` termination condition is satisfied.,32,0.004942531596437773,"[-0.5053009206296856, -1.5321797930304597, -0.6595517849299525, -1.2762466995547825, -1.1653525132469162, -1.9851800804786182]",True
B6_leave_N_6.9_MQ-eff,B6,MQ-eff,leave_N,7,0,20470933,0,"[-1.0813080452702732, -1.6018131225942192, -0.4011976638015068, -1.2763503266496101, -2.3066169576643176, -1.146040733446924]",True,3,`xtol` termination condition is satisfied.,33,0.012310927683869329,"[-0.44350404063192966, -1.5321797929641052, -0.6595517478039951, -1.2762466996089155, -1.1653525563323304, -13.815510557964272]",True
B6_leave_N_6.9_MQ-eff,B6,MQ-eff,leave_N,7,0,20470933,1,"[-7.010909117793265, -11.026002951300288, 4.0129734769198215, -8.348225129918232, -2.2347112875590947, 0.34998516711919336]",True,2,`ftol` termination condition is satisfied.,83,0.012310927683869332,"[-0.4435040276898415, -1.5321797930576604, -0.6595517360507925, -1.2762466995322965, -1.165352497073687, -13.815510557964272]",True
B6_leave_N_6.9_MQ-eff,B6,MQ-eff,leave_N,7,0,20470933,2,"[-1.9172199492686115, -1.6088520956351857, -14.613377815848466, -3.4244846592859, -5.176109067470032, -6.295407483256331]",True,2,`ftol` termination condition is satisfied.,37,0.012310927683869325,"[-0.4435040362980965, -1.5321797930111163, -0.6595517438750076, -1.2762466995705122, -1.1653525365128998, -13.815510557964272]",True
B6_leave_N_6.9_MQ-eff,B6,MQ-eff,leave_N,7,0,20470933,3,"[1.2192622217461917, -13.952428406820077, -2.610180197260634, -4.2876171603651745, -8.391811254577524, -11.89190443531976]",True,2,`ftol` termination condition is satisfied.,78,0.012310927683869325,"[-0.4435040285730256, -1.5321797930525303, -0.6595517368399276, -1.2762466995366872, -1.1653525011087495, -13.815510557964272]",True
B6_leave_N_6.9_MQ-eff,B6,MQ-eff,leave_N,7,0,20470933,4,"[-15.316701640041922, 0.8062152128397742, -9.81531021257401, 0.26387444389399306, 0.43397160727178274, -1.974548689000752]",True,2,`ftol` termination condition is satisfied.,116,0.01231092768386934,"[-0.44350402833166747, -1.5321797930485155, -0.6595517366260958, -1.2762466995397224, -1.1653525000008615, -13.815510557964272]",True
B6_leave_N_6.9_MQ-eff,B6,MQ-eff,leave_N,7,0,20470933,5,"[-12.330538730649163, -16.110509613755266, -12.146344313238274, -0.3779262153921916, -0.525429391276429, 1.3390530078925185]",True,2,`ftol` termination condition is satisfied.,32,0.012310927683869334,"[-0.44350402869510414, -1.5321797930734202, -0.6595517369769847, -1.276246699519766, -1.1653525017151714, -13.815510557964272]",True
B6_leave_N_6.9_MQ-eff,B6,MQ-eff,leave_N,7,0,20470933,6,"[3.938333440963195, 2.9696127214713606, 0.7449240377705024, -5.285656904867089, -7.118092347441019, -7.222273302823492]",True,2,`ftol` termination condition is satisfied.,40,0.012310927683869335,"[-0.4435040279565423, -1.5321797930408767, -0.659551736293241, -1.2762466995462498, -1.1653524982771735, -13.815510557964272]",True
B6_leave_N_6.9_MQ-eff,B6,MQ-eff,leave_N,7,0,20470933,7,"[-4.9033401013410245, -7.4817946375361775, -6.569489866932342, -2.5761144807016922, -4.49437573296142, -10.855478374937926]",True,2,`ftol` termination condition is satisfied.,31,0.012310927683869325,"[-0.44350402772855524, -1.5321797929911507, -0.6595517360722886, -1.2762466995864263, -1.16535249715994, -13.815510557964272]",True
B6_leave_N_6.9_MQ-eff,B6,MQ-eff,leave_N,7,0,20470933,8,"[-9.72984926268266, -5.146526606805647, -5.054897053637706, -7.260033972316857, -3.7895902598092075, -3.073176948897313]",True,2,`ftol` termination condition is satisfied.,117,0.012310927683869322,"[-0.4435040277017706, -1.5321797930035446, -0.6595517360631029, -1.2762466995762909, -1.165352497064215, -13.815510557964272]",True
B6_leave_N_6.9_MQ-eff,B6,MQ-eff,leave_N,7,0,20470933,9,"[-10.850608410771112, -12.288336342577812, -7.5591933486269145, -6.038339299803877, -6.0459420579852745, -1.9354970927072994]",True,2,`ftol` termination condition is satisfied.,127,0.012310927683869332,"[-0.4435040294269699, -1.532179793027199, -0.6595517376194934, -1.2762466995570103, -1.1653525049985993, -13.815510557964272]",True
B6_leave_N_6.9_MQ-eff,B6,MQ-eff,leave_N,7,0,20470933,10,"[-3.241385244984402, 2.5148311074113927, -3.3525269548038352, -1.4135033826759589, -1.9120613378102949, -11.993278440818008]",True,2,`ftol` termination condition is satisfied.,56,0.012310927683869332,"[-0.4435040285414073, -1.5321797930321892, -0.6595517368266616, -1.2762466995534005, -1.165352500951704, -13.815510557964272]",True
B6_leave_N_6.9_MQ-eff,B6,MQ-eff,leave_N,7,0,20470933,11,"[5.059027412798688, -9.896268183977686, -13.847518735666107, -6.447906931965914, 0.11166496445663654, -5.586562590701052]",True,2,`ftol` termination condition is satisfied.,33,0.012310927683869334,"[-0.4435040367734271, -1.5321797929994803, -0.659551744308133, -1.2762466995801007, -1.165352538680626, -13.815510557964272]",True
B6_leave_N_6.9_MQ-eff,B6,MQ-eff,leave_N,7,0,20470933,12,"[-13.99247180497467, -0.4345962154296039, 1.733344884774965, -1.5998367204232231, -7.522358022710094, -0.2965354142732757]",True,2,`ftol` termination condition is satisfied.,96,0.012310927683869325,"[-0.44350402732226224, -1.532179793066069, -0.6595517357187021, -1.2762466995259438, -1.1653524953992909, -13.815510557964272]",True
B6_leave_N_6.9_MQ-eff,B6,MQ-eff,leave_N,7,0,20470933,13,"[-17.062169058467383, -6.3074623291512335, -0.2096655147280444, -3.284161520717559, -6.842009320419768, -4.85709885364416]",True,2,`ftol` termination condition is satisfied.,91,0.012310927683869334,"[-0.4435040292060479, -1.532179792987676, -0.6595517374104792, -1.2762466995887751, -1.165352503930384, -13.815510557964272]",True
B6_leave_N_6.9_MQ-eff,B6,MQ-eff,leave_N,7,0,20470933,14,"[2.434599373552068, -4.01671812875006, -10.07904245966576, -7.892410113739325, -1.441829304519219, -9.00923215902827]",True,2,`ftol` termination condition is satisfied.,31,0.012310927683869329,"[-0.4435040281555034, -1.5321797929774066, -0.6595517364630091, -1.276246699598275, -1.1653524991044288, -13.815510557964272]",True
B6_leave_N_6.9_MQ-eff,B6,MQ-eff,leave_N,7,0,20470933,15,"[-0.17181779201630576, -14.401993925018813, 4.275510047605536, 0.18052476611006085, -2.8735700341582584, -8.679180392319422]",True,2,`ftol` termination condition is satisfied.,63,0.012310927683869325,"[-0.4435040201586659, -1.5321797931719292, -0.6595517292285323, -1.276246699437261, -1.1653524626767757, -13.815510557964272]",True
B6_leave_N_6.9_MQ-eff,B6,MQ-eff,leave_N,7,0,20470933,16,"[-8.22622457248822, 4.633607297324836, -17.01260986369094, -4.800550875737347, -4.770115381993045, 2.733637688183654]",True,2,`ftol` termination condition is satisfied.,91,0.012310927683869322,"[-0.443504029558335, -1.5321797930250665, -0.6595517377556783, -1.276246699559226, -1.1653525056124925, -13.815510557964272]",True
B6_leave_N_6.9_MQ-eff,B6,MQ-eff,leave_N,7,0,20470933,17,"[-7.4013202654374215, -15.558025803075964, -3.7190783712735307, -2.301666949011479, 0.8160640529915515, -9.719722557305145]",True,2,`ftol` termination condition is satisfied.,45,0.012310927683869334,"[-0.443504027566663, -1.532179793028582, -0.6595517359354539, -1.2762466995556097, -1.1653524964706004, -13.815510557963888]",True
B6_leave_N_6.9_MQ-eff,B6,MQ-eff,leave_N,7,0,20470933,18,"[-0.8189032354584818, 5.255697053316666, -7.904961055841014, -6.937852494598189, -8.15938876558331, -4.196393543682827]",True,2,`ftol` termination condition is satisfied.,53,0.012310927683869332,"[-0.44350402756668483, -1.5321797930390677, -0.6595517359400369, -1.2762466995480182, -1.165352496487401, -13.815510557964272]",True
B6_leave_N_6.9_MQ-eff,B6,MQ-eff,leave_N,7,0,20470933,19,"[1.5648687928821339, -6.576521068363297, 2.0804607850730257, -0.6995231511487967, -5.539020024328597, 2.451810111482253]",True,2,`ftol` termination condition is satisfied.,70,0.012310927683869337,"[-0.44350402547276474, -1.5321797930731507, -0.6595517340410203, -1.2762466995191564, -1.165352486924565, -13.815510557964272]",True
B6_leave_N_6.9_MQ-eff,B6,MQ-eff,leave_N,7,0,20470933,20,"[-16.370779006190325, -3.2144494494309743, -13.482229233357895, -5.5595250816812705, -2.449116326642142, -8.337829523965198]",True,2,`ftol` termination condition is satisfied.,89,0.012310927683869329,"[-0.4435040291837977, -1.532179793013448, -0.6595517373990191, -1.2762466995678468, -1.1653525038666588, -13.815510557964272]",True
B6_leave_N_6.9_MQ-eff,B6,MQ-eff,leave_N,7,0,20470933,21,"[-13.39026770590087, -8.736776911761963, -11.15112957429978, -4.021905143414275, -3.575058172646397, -12.765948215113449]",True,2,`ftol` termination condition is satisfied.,107,0.012310927683869315,"[-0.4435040269717363, -1.5321797930502072, -0.6595517354110288, -1.276246699538083, -1.1653524937804898, -13.81551055796423]",True
B6_leave_N_6.9_MQ-eff,B6,MQ-eff,leave_N,7,0,20470933,22,"[4.278287044272645, -1.0587919074436876, -1.2747083289903678, 0.5936184443493335, -4.131337728023092, -1.087723365021649]",True,2,`ftol` termination condition is satisfied.,23,0.012310927683869332,"[-0.44350403769257735, -1.5321797930342602, -0.6595517451464006, -1.2762466995518111, -1.1653525429421383, -13.815510557964272]",True
B6_leave_N_6.9_MQ-eff,B6,MQ-eff,leave_N,7,0,20470933,23,"[-3.7995443362725556, -12.022774871933205, -15.948913883789396, -8.678549124753362, -7.3506782651731815, -0.5161533619364604]",True,2,`ftol` termination condition is satisfied.,57,0.012310927683869327,"[-0.4435040276119801, -1.5321797930159649, -0.6595517359696684, -1.2762466995662323, -1.1653524966577409, -13.815510557964247]",True
B6_leave_N_6.9_MQ-eff,B6,MQ-eff,leave_N,7,0,20470933,24,"[-10.114782717791666, 1.714630489705673, 5.3488577176778485, -3.6907805786951045, -0.9076852657341474, -5.4323107497079235]",True,2,`ftol` termination condition is satisfied.,58,0.012310927683869335,"[-0.4435040335731797, -1.5321797930449113, -0.6595517413993449, -1.2762466995429949, -1.165352524052402, -13.815510557964272]",True
B6_leave_N_6.9_MQ-eff,B6,MQ-eff,leave_N,7,0,20470933,25,"[-9.08312315906379, -8.285105372620778, -15.677159734991696, -0.14050411267022334, -7.88590557003096, -7.566433749498761]",True,4,Both `ftol` and `xtol` termination conditions are satisfied.,69,0.012310927683869322,"[-0.4435040333243189, -1.532179793013136, -0.6595517411717513, -1.2762466995687376, -1.1653525228700388, -13.815510557964219]",True
B6_leave_N_6.9_MQ-eff,B6,MQ-eff,leave_N,7,0,20470933,26,"[-5.728602389491941, -4.878512640805479, 2.939712425450786, -5.076178576083476, -0.10235814877142069, 1.618090025853009]",True,2,`ftol` termination condition is satisfied.,86,0.012310927683869322,"[-0.4435040276289909, -1.5321797930935837, -0.6595517360110268, -1.2762466995033193, -1.1653524968506301, -13.815510557962712]",True
B6_leave_N_6.9_MQ-eff,B6,MQ-eff,leave_N,7,0,20470933,27,"[3.2466057884338504, -16.732252810413787, -8.743136479336714, -3.009118007053627, -1.530459959920078, -3.7213382811163473]",True,2,`ftol` termination condition is satisfied.,41,0.01231092768386933,"[-0.44350402861505106, -1.53217979301912, -0.6595517368867486, -1.2762466995639672, -1.1653525012681358, -13.815510557964272]",True
B6_leave_N_6.9_MQ-eff,B6,MQ-eff,leave_N,7,0,20470933,28,"[-11.461144391508327, 4.1259938763082005, -1.5452233222399947, -7.571961513562722, -5.812701075237826, -10.13245541066683]",True,2,`ftol` termination condition is satisfied.,108,0.012310927683869325,"[-0.44350402944529427, -1.5321797930348666, -0.6595517376312846, -1.2762466995507205, -1.1653525050880214, -13.815510557964272]",True
B6_leave_N_6.9_MQ-eff,B6,MQ-eff,leave_N,7,0,20470933,29,"[-14.53632069625938, -13.152576896053649, 0.397895435437313, -6.778835364435552, -5.0031923675547585, -6.452696364861673]",True,2,`ftol` termination condition is satisfied.,101,0.012310927683869339,"[-0.4435040285562021, -1.532179793065681, -0.6595517368446404, -1.2762466995260056, -1.1653525010634875, -13.815510557964272]",True
B6_leave_N_6.9_MQ-eff,B6,MQ-eff,leave_N,7,0,20470933,30,"[0.6167000566520748, 0.5403073527022535, -12.511721792872951, -1.8644094969586673, -3.2550074148627406, 0.5665546624220834]",True,2,`ftol` termination condition is satisfied.,22,0.012310927683869323,"[-0.44350402791889404, -1.5321797930425451, -0.6595517362566071, -1.276246699544737, -1.1653524981044614, -13.815510557964272]",True
B6_leave_N_6.9_MQ-eff,B6,MQ-eff,leave_N,7,0,20470933,31,"[-2.653383327420542, -10.400762316233916, -4.688433614494478, -5.77318688416851, -1.227933807818708, -2.809551333270063]",True,2,`ftol` termination condition is satisfied.,28,0.012310927683869311,"[-0.4435040274324413, -1.532179793037195, -0.6595517358124785, -1.2762466995493262, -1.1653524958646213, -13.815510557964272]",True
B6_leave_N_6.9_MQ-eff,B6,MQ-eff,leave_N,7,0,20470933,32,"[-6.453086352954406, -2.767301142244996, -6.223634861753371, -1.0819901240203658, -6.478589389626448, -11.106444558027842]",True,2,`ftol` termination condition is satisfied.,68,0.012310927683869325,"[-0.4435040282636366, -1.53217979305491, -0.659551736578604, -1.2762466995342652, -1.1653524997078542, -13.815510557964272]",True
B6_leave_N_11.97_M0_6,B6,M0_6,leave_N,8,0,20270934,0,"[-1.0801508105584776, -1.6006558878824237, -0.40004042908971127, -1.2763503266496101, -2.3066169576643176]",True,2,`ftol` termination condition is satisfied.,26,0.01375484004687857,"[-0.4776274428611904, -1.4676978708704773, -0.688743287598077, -1.3221252688107363, -1.23845464866416]",True
B6_leave_N_11.97_M0_6,B6,M0_6,leave_N,8,0,20270934,1,"[-3.116116911402342, 2.1062217096692457, 5.256712677670155, -4.4472823387657625, -3.0095420602186227]",True,2,`ftol` termination condition is satisfied.,85,0.013754840046878571,"[-0.47762744026647025, -1.4676978645093877, -0.6887432851074521, -1.322125274056017, -1.2384546285323839]",True
B6_leave_N_11.97_M0_6,B6,M0_6,leave_N,8,0,20270934,2,"[-12.872450846948617, -10.05380515301838, -17.019977434031293, -3.5260746540403787, -4.65622328010741]",True,2,`ftol` termination condition is satisfied.,68,0.013754840046878575,"[-0.47762744868774387, -1.4676978629889972, -0.6887432891699551, -1.3221252753027948, -1.238454661462681]",True
B6_leave_N_11.97_M0_6,B6,M0_6,leave_N,8,0,20270934,3,"[-7.696881176435275, -2.2127907110095837, -1.6283787736407564, -6.857504674096518, -8.422863602987618]",True,2,`ftol` termination condition is satisfied.,114,0.01375484004687857,"[-0.4776274460255723, -1.4676978660251896, -0.6887432883497313, -1.3221252728017234, -1.2384546547886028]",True
B6_leave_N_11.97_M0_6,B6,M0_6,leave_N,8,0,20270934,4,"[0.612466912097652, -12.859737571292865, -9.635430123428065, -1.1152605645662996, 0.36602864083825537]",True,2,`ftol` termination condition is satisfied.,36,0.013754840046878575,"[-0.47762744933193885, -1.4676978629011177, -0.6887432894845437, -1.3221252753745147, -1.2384546640222076]",True
B6_leave_N_11.97_M0_6,B6,M0_6,leave_N,8,0,20270934,5,"[3.443480681073517, -4.862795334329812, -12.952002815842658, 0.596932210707168, -1.0965990189056853]",True,2,`ftol` termination condition is satisfied.,26,0.013754840046878568,"[-0.47762744710902366, -1.4676978645914682, -0.6887432886477192, -1.3221252739830722, -1.238454657215263]",True
B6_leave_N_11.97_M0_6,B6,M0_6,leave_N,8,0,20270934,6,"[-10.486155223815583, -14.485471775956189, 1.8224900338224614, -8.570289381153243, -6.308293695860037]",True,2,`ftol` termination condition is satisfied.,98,0.013754840046878571,"[-0.4776274449863143, -1.4676978668982135, -0.6887432879764055, -1.3221252720825092, -1.238454651729959]",True
B6_leave_N_11.97_M0_6,B6,M0_6,leave_N,8,0,20270934,7,"[-15.661724639568327, 4.711279769908042, -6.2229053123212505, -1.8156184867475575, -5.504454668612315]",True,2,`ftol` termination condition is satisfied.,91,0.013754840046878576,"[-0.4776274480813473, -1.4676978635980218, -0.6887432889680415, -1.3221252748010126, -1.2384546598213972]",True
B6_leave_N_11.97_M0_6,B6,M0_6,leave_N,8,0,20270934,8,"[-0.28510288766587877, -8.383472218409926, -5.67326422654331, -6.157146929555193, -2.664236606267629]",True,3,`xtol` termination condition is satisfied.,33,0.013754840046878568,"[-0.47762745546702023, -1.4676978574015926, -0.6887432916566478, -1.3221252799046335, -1.238454681596457]",True
B6_leave_N_11.97_M0_6,B6,M0_6,leave_N,8,0,20270934,9,"[-2.1093914092901738, -0.6173458430298382, -7.659318382222208, -7.778699950672613, -4.297005315334696]",True,2,`ftol` termination condition is satisfied.,77,0.013754840046878568,"[-0.47762744707041216, -1.4676978646392607, -0.6887432886445515, -1.3221252739430633, -1.2384546571306314]",True
B6_leave_N_11.97_M0_6,B6,M0_6,leave_N,8,0,20270934,10,"[-16.684602897708082, -13.033459332506329, -4.282575164148305, -0.19464750286915056, -3.8529594420793005]",True,2,`ftol` termination condition is satisfied.,95,0.013754840046878564,"[-0.4776274472019011, -1.4676978643806764, -0.6887432886547994, -1.3221252741556442, -1.23845465729206]",True
B6_leave_N_11.97_M0_6,B6,M0_6,leave_N,8,0,20270934,11,"[-8.659258293349824, 0.4939938928629637, -11.515413281767572, -5.346939128799555, 0.09183241636062611]",True,2,`ftol` termination condition is satisfied.,67,0.013754840046878571,"[-0.477627447370222, -1.467697864142418, -0.6887432886994104, -1.3221252743524818, -1.238454657647615]",True
B6_leave_N_11.97_M0_6,B6,M0_6,leave_N,8,0,20270934,12,"[4.468967348054736, -9.874778936476318, 0.4319828704943376, -2.6258358978235465, -7.515452501263971]",True,2,`ftol` termination condition is satisfied.,55,0.013754840046878568,"[-0.47762744734595214, -1.4676978640517908, -0.688743288671592, -1.322125274426564, -1.2384546574144037]",True
B6_leave_N_11.97_M0_6,B6,M0_6,leave_N,8,0,20270934,13,"[1.5461256310953324, 3.856024155658229, -0.21394874097000027, -3.2932194075244743, -7.264700377941124]",True,2,`ftol` termination condition is satisfied.,48,0.013754840046878573,"[-0.4776274471971846, -1.467697864318639, -0.6887432886439218, -1.3221252742069411, -1.2384546571842088]",True
B6_leave_N_11.97_M0_6,B6,M0_6,leave_N,8,0,20270934,14,"[-5.7837216281667985, -6.1116213187079005, -11.092801498514364, -4.680127939433329, -0.8481146114338349]",True,2,`ftol` termination condition is satisfied.,37,0.013754840046878575,"[-0.47762744735081863, -1.4676978648440793, -0.6887432888192636, -1.3221252737751577, -1.2384546585950953]",True
B6_leave_N_11.97_M0_6,B6,M0_6,leave_N,8,0,20270934,15,"[-13.809066487285653, -3.9351034694452576, 3.8424645440662815, -0.8637869477753881, -1.7951069810653326]",True,2,`ftol` termination condition is satisfied.,113,0.013754840046878568,"[-0.4776274472571308, -1.4676978641945717, -0.6887432886536464, -1.322125274310301, -1.2384546572546786]",True
B6_leave_N_11.97_M0_6,B6,M0_6,leave_N,8,0,20270934,16,"[-5.032233381010176, -16.840541753518295, -15.562429594770865, -7.108987972263753, -5.814676910915645]",True,2,`ftol` termination condition is satisfied.,39,0.013754840046878571,"[-0.47762744821922776, -1.4676978642118332, -0.6887432891494683, -1.3221252742957377, -1.2384546612940293]",True
B6_leave_N_11.97_M0_6,B6,M0_6,leave_N,8,0,20270934,17,"[-5.534892324069551, -3.100118773827612, -3.119220362545578, -1.9766679864965493, 0.6724597716389873]",True,2,`ftol` termination condition is satisfied.,57,0.013754840046878568,"[-0.4776274477439854, -1.4676978637706348, -0.6887432888261946, -1.32212527465915, -1.2384546586659275]",True
B6_leave_N_11.97_M0_6,B6,M0_6,leave_N,8,0,20270934,18,"[-12.89742638708168, -16.250778824551663, -7.920730906689993, -5.996107093418532, -8.114688456621051]",True,2,`ftol` termination condition is satisfied.,100,0.013754840046878571,"[-0.47762745596468226, -1.4676978578898596, -0.6887432919855583, -1.3221252794599465, -1.238454684361132]",True
B6_leave_N_11.97_M0_6,B6,M0_6,leave_N,8,0,20270934,19,"[-6.652916574679693, 2.999125293092014, 0.6937004283179817, 0.36253077733631933, -4.885815654106156]",True,2,`ftol` termination condition is satisfied.,78,0.01375484004687857,"[-0.47762744363592136, -1.4676978701136707, -0.6887432878616832, -1.322125269434771, -1.238454650793194]",True
B6_leave_N_11.97_M0_6,B6,M0_6,leave_N,8,0,20270934,20,"[2.1120806938992196, -6.679470080725958, -12.678377450453553, -8.335878284170061, -3.2455397216134196]",True,2,`ftol` termination condition is satisfied.,43,0.013754840046878571,"[-0.47762744762663295, -1.4676978640163578, -0.6887432888062697, -1.322125274456052, -1.238454658531654]",True
B6_leave_N_11.97_M0_6,B6,M0_6,leave_N,8,0,20270934,21,"[4.9771821102326115, 1.328607572129897, -10.652939620418312, -6.469424519170151, -2.3978884340722635]",True,2,`ftol` termination condition is satisfied.,38,0.013754840046878568,"[-0.4776274496702522, -1.4676978637912015, -0.6887432898200467, -1.3221252746421872, -1.2384546667365282]",True
B6_leave_N_11.97_M0_6,B6,M0_6,leave_N,8,0,20270934,22,"[-9.565323552310659, -9.284691187747395, -1.198854188944459, -1.5033503831049968, -5.230541575541187]",True,2,`ftol` termination condition is satisfied.,90,0.013754840046878571,"[-0.4776274466842755, -1.4676978650735852, -0.6887432885157675, -1.322125273585599, -1.238454656146303]",True
B6_leave_N_11.97_M0_6,B6,M0_6,leave_N,8,0,20270934,23,"[-15.809833109952045, -1.47456935551795, -14.577219113440549, -4.132554117461256, -6.6514761483310885]",True,3,`xtol` termination condition is satisfied.,84,0.013754840046878568,"[-0.47762745171390114, -1.4676978604293232, -0.6887432902689961, -1.3221252774110788, -1.2384546703580106]",True
B6_leave_N_11.97_M0_6,B6,M0_6,leave_N,8,0,20270934,24,"[-2.6697906529755606, -13.600937248014077, 3.4029932988869724, -3.8407932117325556, -1.4426942155868305]",True,2,`ftol` termination condition is satisfied.,28,0.013754840046878573,"[-0.47762744562026976, -1.4676978660964368, -0.6887432881546647, -1.3221252727430124, -1.2384546532013705]",True
B6_leave_N_11.97_M0_6,B6,M0_6,leave_N,8,0,20270934,25,"[-0.842697769149936, 5.301411592220401, -16.03469077928221, -0.5441109569574412, -7.838181634012705]",True,2,`ftol` termination condition is satisfied.,63,0.013754840046878568,"[-0.47762744753517056, -1.467697863965381, -0.6887432887535636, -1.322125274498399, -1.2384546580786333]",True
B6_leave_N_11.97_M0_6,B6,M0_6,leave_N,8,0,20270934,26,"[-14.784150489610958, -7.5488129369959704, 4.81714368934146, -7.428654299469369, -0.2372974562018868]",True,3,`xtol` termination condition is satisfied.,110,0.013754840046878568,"[-0.47762745183427296, -1.4676978608407096, -0.6887432904010266, -1.3221252770720022, -1.2384546714578242]",True
B6_leave_N_11.97_M0_6,B6,M0_6,leave_N,8,0,20270934,27,"[-11.389459514796926, -5.430318682144179, -9.195644418750778, -2.9001914830846696, -3.602411276045016]",True,2,`ftol` termination condition is satisfied.,80,0.01375484004687857,"[-0.4776274471728872, -1.4676978643977323, -0.688743288646653, -1.3221252741416025, -1.2384546571990176]",True
B6_leave_N_11.97_M0_6,B6,M0_6,leave_N,8,0,20270934,28,"[3.9544564112308827, -15.342739531868132, -2.613186478465831, -5.073165527485465, -4.044708586152302]",True,2,`ftol` termination condition is satisfied.,48,0.013754840046878568,"[-0.47762744698665277, -1.4676978647818186, -0.6887432886180261, -1.3221252738262075, -1.238454656981624]",True
B6_leave_N_11.97_M0_6,B6,M0_6,leave_N,8,0,20270934,29,"[1.1756176127002114, -1.6230732143495743, 2.0842837650648676, -5.595601780179729, -6.101980946202522]",True,2,`ftol` termination condition is satisfied.,46,0.01375484004687857,"[-0.4776274505261805, -1.4676978627914303, -0.688743290085212, -1.3221252754584922, -1.238454668849331]",True
B6_leave_N_11.97_M0_6,B6,M0_6,leave_N,8,0,20270934,30,"[-8.5688804851495, -12.024797119099052, -14.115064727678025, -2.3771635828310407, -2.085319212980031]",True,2,`ftol` termination condition is satisfied.,45,0.013754840046878571,"[-0.4776274475476852, -1.4676978642163236, -0.6887432888026056, -1.3221252742919707, -1.238454658495294]",True
B6_leave_N_11.97_M0_6,B6,M0_6,leave_N,8,0,20270934,31,"[-11.963571714724132, 1.538417021234622, -4.509985598359348, -7.954010668430929, -0.4886342280707545]",True,2,`ftol` termination condition is satisfied.,56,0.013754840046878568,"[-0.4776274471857272, -1.4676978643981728, -0.6887432886519979, -1.3221252741421103, -1.2384546572526363]",True
B6_leave_N_11.97_M0_6,B6,M0_6,leave_N,8,0,20270934,32,"[-3.6215368224412057, -10.910658413437577, -6.4842200936396495, -0.01934644872316582, -6.897650526120007]",True,2,`ftol` termination condition is satisfied.,28,0.013754840046878571,"[-0.4776274481387949, -1.4676978621100532, -0.6887432887329169, -1.3221252760266526, -1.2384546578897475]",True
B6_leave_N_11.97_MQ-add,B6,MQ-add,leave_N,8,0,20370934,0,"[-1.0801508105584776, -1.6006558878824237, -0.40004042908971127, -1.2763503266496101, -2.3066169576643176, 0.17578607591854623]",True,2,`ftol` termination condition is satisfied.,24,0.005823580481983566,"[-0.5406480979648156, -1.4676978623009613, -0.6887432886814865, -1.3221252758685555, -1.238454657492237, -2.0002994479244927]",True
B6_leave_N_11.97_MQ-add,B6,MQ-add,leave_N,8,0,20370934,1,"[-1.6282761688099647, -14.144332538054268, -8.828919276783381, -7.9089796560882295, -7.311215598566301, 4.556809927395339]",True,2,`ftol` termination condition is satisfied.,30,0.005823580481983568,"[-0.5406480970236224, -1.4676978652180415, -0.6887432887521446, -1.322125273466428, -1.238454658063695, -2.0002994479138954]",True
B6_leave_N_11.97_MQ-add,B6,MQ-add,leave_N,8,0,20370934,2,"[-9.471751237283405, 5.1419068523217035, 1.9150439858197998, -3.5864902882078704, -2.4262797895846813, -11.37253360281488]",True,2,`ftol` termination condition is satisfied.,72,0.005823580481983563,"[-0.5406480992458531, -1.467697862595499, -0.6887432893533639, -1.3221252756272812, -1.2384546629424211, -2.000299447916091]",True
B6_leave_N_11.97_MQ-add,B6,MQ-add,leave_N,8,0,20370934,3,"[-12.121049812836667, -9.933678992264067, -15.191171497485445, -4.487472334312492, -0.06420019417716993, -14.28286381451205]",True,2,`ftol` termination condition is satisfied.,95,0.005823580481983561,"[-0.5406480971534443, -1.4676978643459162, -0.6887432886569214, -1.3221252741848915, -1.2384546572951132, -2.0002994479044807]",True
B6_leave_N_11.97_MQ-add,B6,MQ-add,leave_N,8,0,20370934,4,"[-0.0030765155711343084, -4.799293028341417, -3.145545348335544, 0.13068278476598216, -4.9397498111105245, -4.063549729185333]",True,2,`ftol` termination condition is satisfied.,40,0.005823580481983567,"[-0.5406480977196277, -1.4676978643631247, -0.6887432889346159, -1.3221252741704619, -1.2384546595440484, -2.0002994479205785]",True
B6_leave_N_11.97_MQ-add,B6,MQ-add,leave_N,8,0,20370934,5,"[4.724122485177567, -7.7962412701053925, 3.5616031709555784, -0.6434498718406072, -6.244172892389318, 2.2008897500279687]",True,2,`ftol` termination condition is satisfied.,44,0.0058235804819835625,"[-0.5406480969076062, -1.4676978658325615, -0.6887432888056761, -1.3221252729599284, -1.238454658508154, -2.0002994479233394]",True
B6_leave_N_11.97_MQ-add,B6,MQ-add,leave_N,8,0,20370934,6,"[-15.937676139056448, -1.237869925307315, -8.250737722136135, -5.8600122471087985, -1.4432041931872037, -7.6817219018192056]",True,2,`ftol` termination condition is satisfied.,80,0.005823580481983563,"[-0.5406481092274666, -1.4676978529725908, -0.6887432924448521, -1.3221252835074984, -1.238454687982824, -2.0002994479057]",True
B6_leave_N_11.97_MQ-add,B6,MQ-add,leave_N,8,0,20370934,7,"[-8.302091769014769, -14.857121737501243, -2.566839326537469, -1.992792354292476, -3.802897480324744, -16.201905954825904]",True,2,`ftol` termination condition is satisfied.,87,0.0058235804819835695,"[-0.5406480971286906, -1.4676978643591434, -0.6887432886439492, -1.3221252741735987, -1.2384546572176176, -2.000299447918864]",True
B6_leave_N_11.97_MQ-add,B6,MQ-add,leave_N,8,0,20370934,8,"[-3.3118919176207733, 0.1557701777032463, -13.545136779500497, -6.908959492798237, -8.613397894207873, -0.6315261788185147]",True,2,`ftol` termination condition is satisfied.,52,0.005823580481983566,"[-0.5406480970680752, -1.467697864457978, -0.6887432886372601, -1.3221252740931795, -1.2384546571304367, -2.0002994479248013]",True
B6_leave_N_11.97_MQ-add,B6,MQ-add,leave_N,8,0,20370934,9,"[-4.649554196281535, -10.551598147428255, -0.6466860691060248, -5.4479011308644685, -2.106322079597697, -5.578554554056884]",True,2,`ftol` termination condition is satisfied.,58,0.005823580481983566,"[-0.5406480996405537, -1.4676978630129502, -0.6887432896151142, -1.322125275277365, -1.2384546650924761, -2.0002994479135205]",True
B6_leave_N_11.97_MQ-add,B6,MQ-add,leave_N,8,0,20370934,10,"[-6.784390473055089, -4.192884381590304, -12.681233189375455, -1.1254115853441764, -6.767662505473644, -12.634025349997216]",True,2,`ftol` termination condition is satisfied.,92,0.005823580481983569,"[-0.5406480974773845, -1.467697864261856, -0.6887432887969126, -1.322125274254914, -1.2384546584448, -2.000299447920553]",True
B6_leave_N_11.97_MQ-add,B6,MQ-add,leave_N,8,0,20370934,11,"[-14.776415533258419, -11.90141331334964, 4.402810648936963, -6.780908555678406, -4.361328095408728, -9.846153122806726]",True,2,`ftol` termination condition is satisfied.,115,0.005823580481983562,"[-0.5406480978912973, -1.4676978626921817, -0.6887432887168164, -1.3221252755469861, -1.238454657775701, -2.00029944792185]",True
B6_leave_N_11.97_MQ-add,B6,MQ-add,leave_N,8,0,20370934,12,"[3.03071790007413, 2.9104324077958985, -6.352410994007597, -2.162753543183892, 0.2907716610517017, 2.8970844385706336]",True,2,`ftol` termination condition is satisfied.,25,0.005823580481983568,"[-0.5406480973517832, -1.4676978640388043, -0.6887432886987293, -1.322125274437417, -1.238454657629278, -2.0002994479240312]",True
B6_leave_N_11.97_MQ-add,B6,MQ-add,leave_N,8,0,20370934,13,"[2.0353771820199853, -16.888212450442776, -16.021552244498455, -3.099871548468472, -0.7133046791662485, -1.8879989723822792]",True,2,`ftol` termination condition is satisfied.,50,0.005823580481983569,"[-0.540648097800775, -1.4676978640276175, -0.688743288918096, -1.3221252744478142, -1.2384546593792172, -2.000299447932859]",True
B6_leave_N_11.97_MQ-add,B6,MQ-add,leave_N,8,0,20370934,14,"[-12.915002702870105, 2.1983720784194496, -5.054697958230465, -8.316433817152705, -5.439984216462349, -14.990200287962466]",True,2,`ftol` termination condition is satisfied.,87,0.005823580481983567,"[-0.5406480994884272, -1.4676978624225574, -0.6887432894397387, -1.3221252757692796, -1.2384546636438516, -2.000299447929973]",True
B6_leave_N_11.97_MQ-add,B6,MQ-add,leave_N,8,0,20370934,15,"[-11.334509798069906, -6.989447533046819, -10.760594082253808, 0.33324134538088224, -7.8485571383733514, -6.414385691760973]",True,2,`ftol` termination condition is satisfied.,87,0.005823580481983568,"[-0.5406480988827737, -1.4676978628368202, -0.6887432892190284, -1.3221252754283237, -1.2384546618710908, -2.000299447922002]",True
B6_leave_N_11.97_MQ-add,B6,MQ-add,leave_N,8,0,20370934,16,"[-0.6579351931456827, -2.0561104806294974, 1.0626627929357326, -4.582925970764812, -3.1127824542944804, 0.9777875376589051]",True,2,`ftol` termination condition is satisfied.,47,0.005823580481983565,"[-0.5406480971692703, -1.467697864302552, -0.6887432886567533, -1.322125274219859, -1.2384546572970139, -2.0002994479194225]",True
B6_leave_N_11.97_MQ-add,B6,MQ-add,leave_N,8,0,20370934,17,"[-0.963321859492801, -5.999337899269079, -11.889733282988725, -1.7996486656929536, -4.590302033746281, -15.26580206483985]",True,3,`xtol` termination condition is satisfied.,49,0.005823580481983565,"[-0.5406480997424663, -1.4676978633510263, -0.6887432897245211, -1.3221252750039876, -1.2384546659885605, -2.0002994479166576]",True
B6_leave_N_11.97_MQ-add,B6,MQ-add,leave_N,8,0,20370934,18,"[-10.22593294086108, -2.290373444172186, -1.457664970806423, -7.312160767355442, 0.22020797269320624, -2.3695607232703697]",True,2,`ftol` termination condition is satisfied.,60,0.005823580481983567,"[-0.5406480973941337, -1.467697864135008, -0.6887432887357237, -1.3221252743589782, -1.2384546579346163, -2.0002994479204235]",True
B6_leave_N_11.97_MQ-add,B6,MQ-add,leave_N,8,0,20370934,19,"[-14.0326667007648, -15.941587181294954, -7.144259073211426, -0.4643530964357758, -2.188584370062486, 0.55190048846924]",True,2,`ftol` termination condition is satisfied.,115,0.005823580481983566,"[-0.5406480991589516, -1.467697862746432, -0.6887432893359123, -1.3221252755021062, -1.2384546628215796, -2.0002994479248235]",True
B6_leave_N_11.97_MQ-add,B6,MQ-add,leave_N,8,0,20370934,20,"[2.3539380284045173, 1.9206246653266419, 5.214137044092862, -6.277260434860695, -6.989562661820958, -6.656572728940025]",True,2,`ftol` termination condition is satisfied.,71,0.00582358048198356,"[-0.5406480975906225, -1.467697864350849, -0.6887432888685148, -1.3221252741810245, -1.2384546590199828, -2.0002994479236977]",True
B6_leave_N_11.97_MQ-add,B6,MQ-add,leave_N,8,0,20370934,21,"[4.059162698507549, -12.379507135599129, -4.44128929699159, -4.071089572784012, -8.366247997847339, -11.479069899156244]",True,2,`ftol` termination condition is satisfied.,67,0.005823580481983566,"[-0.5406480968271344, -1.4676978649847015, -0.6887432886151911, -1.3221252736587394, -1.2384546569550385, -2.000299447924442]",True
B6_leave_N_11.97_MQ-add,B6,MQ-add,leave_N,8,0,20370934,22,"[-15.183499912831627, 4.057414955885914, -16.654439901051, -0.048710898022120475, -3.4906899252531947, -4.640691181231647]",True,2,`ftol` termination condition is satisfied.,79,0.005823580481983569,"[-0.5406480975305558, -1.4676978640557015, -0.6887432887830586, -1.322125274424045, -1.2384546583498572, -2.0002994479211136]",True
B6_leave_N_11.97_MQ-add,B6,MQ-add,leave_N,8,0,20370934,23,"[-6.390480273519293, -10.986218474833338, 0.4489059588797595, -7.506644944650009, -1.0842838907674723, 3.8906231924558945]",True,2,`ftol` termination condition is satisfied.,42,0.005823580481983566,"[-0.5406480969658332, -1.4676978646322498, -0.6887432886194659, -1.3221252739494729, -1.238454656983485, -2.000299447920374]",True
B6_leave_N_11.97_MQ-add,B6,MQ-add,leave_N,8,0,20370934,24,"[-5.66891185402908, -3.0024282537356797, -10.127358932245759, -3.779932021086232, -5.969228155409883, -8.657784970352202]",True,2,`ftol` termination condition is satisfied.,78,0.005823580481983566,"[-0.5406480969801679, -1.467697864696073, -0.6887432886350471, -1.3221252738961096, -1.2384546571292374, -2.000299447916622]",True
B6_leave_N_11.97_MQ-add,B6,MQ-add,leave_N,8,0,20370934,25,"[-3.628409244329532, -15.134521444838045, 2.704109399933216, 0.6614302858666452, 0.612292646855142, -7.974155753858419]",True,2,`ftol` termination condition is satisfied.,35,0.005823580481983563,"[-0.5406480969719859, -1.467697864759719, -0.6887432886446014, -1.322125273845048, -1.2384546571947102, -2.0002994479260106]",True
B6_leave_N_11.97_MQ-add,B6,MQ-add,leave_N,8,0,20370934,26,"[-7.182384251444303, 1.1027430676868697, -9.643028337029694, -4.851081922379802, -4.123491629780085, 1.735974778426847]",True,2,`ftol` termination condition is satisfied.,61,0.005823580481983568,"[-0.5406480989333631, -1.4676978627891477, -0.6887432892365656, -1.322125275466602, -1.2384546620022852, -2.00029944792891]",True
B6_leave_N_11.97_MQ-add,B6,MQ-add,leave_N,8,0,20370934,27,"[-17.0442094765895, -8.030851939404084, -3.9342625896318637, -2.7577903125853114, -6.483404337762317, -1.0407664487212038]",True,2,`ftol` termination condition is satisfied.,112,0.005823580481983566,"[-0.5406480977852559, -1.467697863776446, -0.6887432888596453, -1.3221252746538612, -1.2384546589422363, -2.0002994479166722]",True
B6_leave_N_11.97_MQ-add,B6,MQ-add,leave_N,8,0,20370934,28,"[5.031552671200455, -0.24810791236538066, -14.377409930694636, -8.570697473370299, -1.756715207909858, -16.46092506716678]",True,2,`ftol` termination condition is satisfied.,28,0.005823580481983565,"[-0.5406480958009522, -1.4676978694239056, -0.6887432889204443, -1.3221252700014168, -1.238454659419965, -2.0002994479200567]",True
B6_leave_N_11.97_MQ-add,B6,MQ-add,leave_N,8,0,20370934,29,"[1.0142376225006409, -8.743570570165446, -7.639763553170573, -6.527511959971608, -2.837687718155996, -10.245377925634932]",True,2,`ftol` termination condition is satisfied.,30,0.005823580481983564,"[-0.5406480986540753, -1.4676978638992453, -0.6887432893021525, -1.3221252745532304, -1.2384546625285864, -2.000299447919288]",True
B6_leave_N_11.97_MQ-add,B6,MQ-add,leave_N,8,0,20370934,30,"[-12.517003532048234, -5.234260976582302, 2.9255853558571197, -2.505133462849648, -7.489795930277215, 5.52261387157203]",True,2,`ftol` termination condition is satisfied.,93,0.005823580481983568,"[-0.5406480968332061, -1.4676978646533423, -0.6887432885613552, -1.322125273931247, -1.2384546564948424, -2.000299447915201]",True
B6_leave_N_11.97_MQ-add,B6,MQ-add,leave_N,8,0,20370934,31,"[-9.066710377385968, -12.99700228420825, -14.155762775648963, -5.180611102864706, -5.127644710448898, -3.0420704039486157]",True,2,`ftol` termination condition is satisfied.,50,0.005823580481983565,"[-0.5406480970453628, -1.467697864416778, -0.688743288621233, -1.3221252741265692, -1.2384546569810557, -2.00029944791615]",True
B6_leave_N_11.97_MQ-add,B6,MQ-add,leave_N,8,0,20370934,32,"[-2.6587644869191482, 4.664160650908016, -1.9311690048945156, -1.453898072716969, -0.4662958289121608, -13.122295435718552]",True,2,`ftol` termination condition is satisfied.,76,0.005823580481983566,"[-0.5406481067761432, -1.4676978566135237, -0.6887432918975844, -1.3221252805032617, -1.23845468367433, -2.00029944789191]",True
B6_leave_N_11.97_MQ-eff,B6,MQ-eff,leave_N,8,0,20470934,0,"[-1.0801508105584776, -1.6006558878824237, -0.40004042908971127, -1.2763503266496101, -2.3066169576643176, -1.146040733446924]",True,2,`ftol` termination condition is satisfied.,28,0.013754845197129596,"[-0.47762744314885525, -1.4676978644817407, -0.6887432534516817, -1.3221252740727458, -1.2384546816567557, -13.815510557903007]",True
B6_leave_N_11.97_MQ-eff,B6,MQ-eff,leave_N,8,0,20470934,1,"[-7.819273029336756, -4.086991546829026, -11.193146475425825, -5.102115933629623, -2.5520763072024666, -2.8864298729229834]",True,2,`ftol` termination condition is satisfied.,69,0.013754845197129604,"[-0.47762744319582917, -1.467697864468426, -0.6887432534793607, -1.3221252740839409, -1.238454681838479, -13.815510557964272]",True
B6_leave_N_11.97_MQ-eff,B6,MQ-eff,leave_N,8,0,20470934,2,"[-2.478853614200961, -11.648490643346005, 4.509659727602369, -1.5468820255969753, -4.598897035298944, -10.03614309494513]",True,2,`ftol` termination condition is satisfied.,79,0.013754845197129599,"[-0.4776274438886983, -1.467697863716525, -0.6887432536938558, -1.3221252747035421, -1.2384546836264843, -13.815510557964272]",True
B6_leave_N_11.97_MQ-eff,B6,MQ-eff,leave_N,8,0,20470934,3,"[5.298659052570688, 2.950174084482402, -12.373983267705611, -7.5693186932301435, -7.6980901290344175, -5.78800157909481]",True,2,`ftol` termination condition is satisfied.,75,0.013754845197129599,"[-0.4776274430468758, -1.4676978644381085, -0.6887432533906419, -1.3221252741081737, -1.2384546811664892, -13.815510557964272]",True
B6_leave_N_11.97_MQ-eff,B6,MQ-eff,leave_N,8,0,20470934,4,"[-12.858626093264427, -10.14874684871932, -5.393200933465554, -1.4296117095859744, -0.8082761830776244, 2.892292561977854]",True,2,`ftol` termination condition is satisfied.,90,0.013754845197129597,"[-0.47762743570344446, -1.4676978815754436, -0.688743252703606, -1.3221252599927138, -1.2384546755616839, -13.815510557964272]",True
B6_leave_N_11.97_MQ-eff,B6,MQ-eff,leave_N,8,0,20470934,5,"[-17.01040302124188, 1.2338627426809659, 1.061150746327236, 0.1979501598900164, 0.8344119042952691, -2.989877042373953]",True,2,`ftol` termination condition is satisfied.,88,0.013754845197129602,"[-0.47762744336124197, -1.4676978641372116, -0.6887432535100061, -1.3221252743568697, -1.2384546820495277, -13.815510557964272]",True
B6_leave_N_11.97_MQ-eff,B6,MQ-eff,leave_N,8,0,20470934,6,"[1.1469690828773054, -8.434900230782143, -6.00850448280139, -6.849894952429764, -6.653845696273423, -11.919709501276053]",True,2,`ftol` termination condition is satisfied.,30,0.013754845197129597,"[-0.4776274430231047, -1.4676978649546712, -0.6887432534763088, -1.322125273683334, -1.2384546818264635, -13.815510557964263]",True
B6_leave_N_11.97_MQ-eff,B6,MQ-eff,leave_N,8,0,20470934,7,"[-3.8479715660224816, -0.23827960941013515, -0.43082278637405125, -3.1836893962946498, -6.23226478174657, -8.142424140751892]",True,3,`xtol` termination condition is satisfied.,75,0.013754845197129596,"[-0.4776274458542527, -1.4676978685126219, -0.6887432555715477, -1.3221252707530307, -1.238454698841248, -13.815510557963462]",True
B6_leave_N_11.97_MQ-eff,B6,MQ-eff,leave_N,8,0,20470934,8,"[-9.188304022874199, -15.500281447510435, -16.222849717427113, -5.812294173208318, -3.5870003990381925, -0.7436614041097602]",True,2,`ftol` termination condition is satisfied.,46,0.013754845197129596,"[-0.47762744315168176, -1.467697864474437, -0.6887432534659321, -1.3221252740786846, -1.238454681669911, -13.815510557964188]",True
B6_leave_N_11.97_MQ-eff,B6,MQ-eff,leave_N,8,0,20470934,9,"[-11.05073513137223, 4.635509255028385, -1.9397398519987377, -6.979669352175234, -4.430021377389377, 1.4794215212257242]",True,2,`ftol` termination condition is satisfied.,116,0.013754845197129604,"[-0.47762744315497746, -1.4676978645562455, -0.6887432534748632, -1.3221252740118485, -1.2384546817969104, -13.815510557964272]",True
B6_leave_N_11.97_MQ-eff,B6,MQ-eff,leave_N,8,0,20470934,10,"[-4.993964326729646, -8.973502306323528, -14.714030479872013, 0.36612437987990454, -1.7107223730343408, -6.418183375313935]",True,2,`ftol` termination condition is satisfied.,32,0.0137548451971296,"[-0.4776274431426101, -1.4676978644352885, -0.6887432534456831, -1.322125274111441, -1.2384546815677093, -13.815510557964272]",True
B6_leave_N_11.97_MQ-eff,B6,MQ-eff,leave_N,8,0,20470934,11,"[1.4089333551099408, -5.06187893766292, 2.5699687100793476, -5.682465149183589, -1.0516525009969042, -9.655258543377238]",True,2,`ftol` termination condition is satisfied.,23,0.0137548451971296,"[-0.47762744044073224, -1.4676978670615988, -0.6887432525377787, -1.322125271947824, -1.2384546741356117, -13.815510557964256]",True
B6_leave_N_11.97_MQ-eff,B6,MQ-eff,leave_N,8,0,20470934,12,"[-14.626384788013471, -13.534182965453882, -7.517420274623085, -3.3519545501660133, -8.464929547278091, -1.2242615875196208]",True,2,`ftol` termination condition is satisfied.,108,0.013754845197129602,"[-0.47762744305926363, -1.4676978664618756, -0.6887432537678558, -1.3221252724442198, -1.2384546841821509, -13.815510557964272]",True
B6_leave_N_11.97_MQ-eff,B6,MQ-eff,leave_N,8,0,20470934,13,"[-13.079263610830663, -2.1462281570293413, -13.882802590180912, -2.5719206150620124, -7.117982192918843, 0.6207525310735136]",True,2,`ftol` termination condition is satisfied.,95,0.013754845197129606,"[-0.4776274431442279, -1.467697864491561, -0.6887432534568326, -1.3221252740650296, -1.2384546816567816, -13.815510557963623]",True
B6_leave_N_11.97_MQ-eff,B6,MQ-eff,leave_N,8,0,20470934,14,"[2.9561414905768224, -16.452912612833003, -3.884283782920667, -4.041005886044137, -0.29841928015725294, -7.561195861143126]",True,2,`ftol` termination condition is satisfied.,46,0.013754845197129599,"[-0.47762744300602206, -1.4676978647090573, -0.6887432534090685, -1.322125273884927, -1.2384546813838504, -13.815510557963353]",True
B6_leave_N_11.97_MQ-eff,B6,MQ-eff,leave_N,8,0,20470934,15,"[-0.664184173390904, 2.4313635105880813, -9.684230768524326, -0.40451849584167654, -3.048363171327087, -12.251648144065637]",True,2,`ftol` termination condition is satisfied.,54,0.013754845197129589,"[-0.4776274431712776, -1.4676978644655247, -0.6887432534699426, -1.3221252740863996, -1.2384546817349342, -13.815510557964272]",True
B6_leave_N_11.97_MQ-eff,B6,MQ-eff,leave_N,8,0,20470934,16,"[-6.72086801974941, -6.771821285747485, 3.0008418487704596, -8.630519674697103, -5.173948042162525, -4.603580614376408]",True,3,`xtol` termination condition is satisfied.,99,0.013754845197129596,"[-0.47762744273534613, -1.4676978598608494, -0.6887432524185676, -1.3221252778798038, -1.2384546731892139, -13.815510557964242]",True
B6_leave_N_11.97_MQ-eff,B6,MQ-eff,leave_N,8,0,20470934,17,"[-6.101876895679508, 1.511678452844052, -15.153559088645942, -2.9256724125881126, -0.3367312219270371, -7.437518292396691]",True,2,`ftol` termination condition is satisfied.,55,0.0137548451971296,"[-0.4776274431287761, -1.4676978643681777, -0.6887432534142334, -1.32212527416661, -1.2384546814013457, -13.815510557964194]",True
B6_leave_N_11.97_MQ-eff,B6,MQ-eff,leave_N,8,0,20470934,18,"[-1.4803524847799032, -5.8496477264833935, -2.2124811131930127, -6.108732542647087, -7.825117291694953, 0.4912473332558598]",True,3,`xtol` termination condition is satisfied.,69,0.013754845197129592,"[-0.4776274430613589, -1.4676978645500092, -0.6887432534056365, -1.3221252740174125, -1.2384546813800936, -13.815510557959989]",True
B6_leave_N_11.97_MQ-eff,B6,MQ-eff,leave_N,8,0,20470934,19,"[3.586914867697537, -2.6483009808732003, -8.502519722792826, -0.0504572317890748, -5.061203512005183, -4.22478245131305]",True,2,`ftol` termination condition is satisfied.,34,0.0137548451971296,"[-0.4776274431744288, -1.4676978645187182, -0.6887432534760626, -1.322125274042767, -1.238454681821697, -13.815510557964272]",True
B6_leave_N_11.97_MQ-eff,B6,MQ-eff,leave_N,8,0,20470934,20,"[-13.862779850831176, -15.947742579480558, 1.4180846317763312, -6.563066175018442, -2.4158106600975824, -12.624618678057775]",True,2,`ftol` termination condition is satisfied.,114,0.013754845197129599,"[-0.4776274473302548, -1.4676978619851444, -0.6887432551516456, -1.3221252761190574, -1.2384546954574105, -13.815510557964272]",True
B6_leave_N_11.97_MQ-eff,B6,MQ-eff,leave_N,8,0,20470934,21,"[-15.254071146049512, -4.543181116563209, -3.6117218731872995, -7.929781851756085, -3.76044537346689, -6.555478042175557]",True,2,`ftol` termination condition is satisfied.,153,0.013754845197129606,"[-0.47762744327439655, -1.4676978641439664, -0.6887432534523328, -1.3221252743513692, -1.238454681684716, -13.81551055796402]",True
B6_leave_N_11.97_MQ-eff,B6,MQ-eff,leave_N,8,0,20470934,22,"[2.1955366141951274, -14.055935875643334, -13.443105499731589, -1.1052415746682938, -5.807430951420779, 1.5953077189701759]",True,2,`ftol` termination condition is satisfied.,28,0.013754845197129599,"[-0.477627443383415, -1.4676978663810554, -0.6887432539235003, -1.3221252725080306, -1.238454685419043, -13.815510557964272]",True
B6_leave_N_11.97_MQ-eff,B6,MQ-eff,leave_N,8,0,20470934,23,"[-5.6097814734308, 5.538611435935412, 4.15290527853438, -4.732625273607228, -6.489784728921821, -1.589440750509775]",True,2,`ftol` termination condition is satisfied.,100,0.013754845197129599,"[-0.4776274430892313, -1.4676978645284753, -0.6887432534195432, -1.3221252740346696, -1.2384546814678832, -13.815510557959227]",True
B6_leave_N_11.97_MQ-eff,B6,MQ-eff,leave_N,8,0,20470934,24,"[-10.23139284261448, -9.879050868331767, -8.699299802029984, -1.8802796620111097, 0.40019406689238224, -9.268670911269913]",True,2,`ftol` termination condition is satisfied.,58,0.013754845197129602,"[-0.47762744317603517, -1.4676978644628205, -0.6887432534625708, -1.3221252740889167, -1.2384546817430069, -13.815510557964148]",True
B6_leave_N_11.97_MQ-eff,B6,MQ-eff,leave_N,8,0,20470934,25,"[-10.008298498762516, -0.8073053441603335, 5.494862438734451, -0.6401284225556889, -8.331027879103654, -11.055934481951107]",True,2,`ftol` termination condition is satisfied.,114,0.013754845197129596,"[-0.477627443104321, -1.4676978644766916, -0.6887432534359249, -1.3221252740771146, -1.238454681470497, -13.815510557964272]",True
B6_leave_N_11.97_MQ-eff,B6,MQ-eff,leave_N,8,0,20470934,26,"[-3.231415273906686, -14.928158503251648, -10.041159134160468, -8.358823545748242, -1.5115911617501512, -3.875060530816066]",True,2,`ftol` termination condition is satisfied.,39,0.013754845197129599,"[-0.4776274431661707, -1.4676978645233103, -0.6887432534706498, -1.3221252740390714, -1.2384546817921533, -13.815510557963991]",True
B6_leave_N_11.97_MQ-eff,B6,MQ-eff,leave_N,8,0,20470934,27,"[0.3610180109226846, 0.38078284762717374, -4.9535799315147955, -2.3453382253724406, -1.8353811512941016, -0.10777183189235728]",True,3,`xtol` termination condition is satisfied.,26,0.013754845197129596,"[-0.47762745074728796, -1.4676978586680467, -0.6887432563219191, -1.322125278862393, -1.2384547048909806, -13.815510557964272]",True
B6_leave_N_11.97_MQ-eff,B6,MQ-eff,leave_N,8,0,20470934,28,"[-16.383455808620482, -7.579331834208286, -12.10114961333451, -4.303674477968559, -3.960839826721455, -8.756905243852128]",True,2,`ftol` termination condition is satisfied.,153,0.0137548451971296,"[-0.4776274431852113, -1.4676978642930403, -0.6887432534378243, -1.3221252742288618, -1.238454681534196, -13.815510557964272]",True
B6_leave_N_11.97_MQ-eff,B6,MQ-eff,leave_N,8,0,20470934,29,"[-12.075848998678556, 3.831183553721843, -7.160660305742143, -5.3444159045515685, -5.605803605978316, -10.913535212385261]",True,2,`ftol` termination condition is satisfied.,64,0.013754845197129594,"[-0.47762744319497236, -1.4676978644687741, -0.6887432534737691, -1.3221252740842768, -1.238454681831151, -13.815510557963563]",True
B6_leave_N_11.97_MQ-eff,B6,MQ-eff,leave_N,8,0,20470934,30,"[4.668537862580539, -11.032202699059972, 0.07612738665606145, -3.6515892304392112, -2.8866671776895556, -2.0148653845540707]",True,2,`ftol` termination condition is satisfied.,25,0.013754845197129585,"[-0.4776274431465503, -1.4676978644996317, -0.6887432534557708, -1.3221252740577538, -1.2384546816749704, -13.815510557963508]",True
B6_leave_N_11.97_MQ-eff,B6,MQ-eff,leave_N,8,0,20470934,31,"[-1.6619461573973187, -3.5458532658456257, -16.495514890122823, -7.327328224362686, 0.12404787111111482, 2.2700219898336496]",True,2,`ftol` termination condition is satisfied.,80,0.013754845197129599,"[-0.4776274431176042, -1.4676978644717265, -0.688743253429148, -1.3221252740806801, -1.2384546815074577, -13.815510557964112]",True
B6_leave_N_11.97_MQ-eff,B6,MQ-eff,leave_N,8,0,20470934,32,"[-8.438916340537224, -12.192684013419145, -0.8706231397857174, 0.6753686877085361, -7.289066599103798, -5.159903377879389]",True,2,`ftol` termination condition is satisfied.,104,0.013754845197129606,"[-0.47762744309650235, -1.467697864576296, -0.6887432534324407, -1.32212527399512, -1.2384546815684612, -13.815510557964272]",True
B6_leave_D_10_M0_6,B6,M0_6,leave_D,9,0,20280935,0,"[-1.0389746897826757, -1.5594797671066218, -0.35886430831390936, -1.2763503266496101, -2.3066169576643176]",True,2,`ftol` termination condition is satisfied.,46,0.016392614833574327,"[-0.49499188943746225, -1.4653570064218095, -0.7238340348264445, -1.298575776665822, -1.5604597756954943]",True
B6_leave_D_10_M0_6,B6,M0_6,leave_D,9,0,20280935,1,"[-8.025377686137004, 4.1772199909066, -5.660278357047828, -6.910558492005132, -2.970094697291933]",True,2,`ftol` termination condition is satisfied.,219,0.01639261483357433,"[-0.49499188842117336, -1.4653570066730215, -0.7238340346541083, -1.2985757764510921, -1.5604597722913318]",True
B6_leave_D_10_M0_6,B6,M0_6,leave_D,9,0,20280935,2,"[3.965957875642733, -6.114581573165081, -16.56335356116788, -2.4875435744921477, -4.127080915673312]",True,2,`ftol` termination condition is satisfied.,35,0.016392614833574327,"[-0.49499189808128446, -1.4653570061457353, -0.7238340364015915, -1.2985757769007034, -1.560459807010707]",True
B6_leave_D_10_M0_6,B6,M0_6,leave_D,9,0,20280935,3,"[-3.0743459604034964, -1.045838647304734, 5.212517063911061, -5.5817565504824636, -7.4859395449814015]",True,2,`ftol` termination condition is satisfied.,143,0.016392614833574324,"[-0.494991897476533, -1.4653570065566166, -0.723834036312128, -1.2985757765513488, -1.560459805313541]",True
B6_leave_D_10_M0_6,B6,M0_6,leave_D,9,0,20280935,4,"[-15.2215118287487, -14.253881378465529, -6.059259226603569, -0.5376510364001348, -1.4017206947075902]",True,2,`ftol` termination condition is satisfied.,182,0.016392614833574324,"[-0.49499189723236037, -1.4653570065652755, -0.7238340362673829, -1.298575776543486, -1.560459804428989]",True
B6_leave_D_10_M0_6,B6,M0_6,leave_D,9,0,20280935,5,"[-14.150260880857013, -5.73510515375275, -13.089459490868546, -0.08487602567900332, 0.1728405689015844]",True,2,`ftol` termination condition is satisfied.,215,0.016392614833574324,"[-0.49499189095508384, -1.4653570063368149, -0.7238340350993412, -1.2985757767377668, -1.5604597811450471]",True
B6_leave_D_10_M0_6,B6,M0_6,leave_D,9,0,20280935,6,"[-2.008836212425365, -15.347687789420794, -2.010875889462117, -4.544562611116549, -8.12797902339291]",True,2,`ftol` termination condition is satisfied.,100,0.01639261483357433,"[-0.4949918910028995, -1.4653570062966053, -0.7238340351020889, -1.2985757767720632, -1.5604597812657537]",True
B6_leave_D_10_M0_6,B6,M0_6,leave_D,9,0,20280935,7,"[2.1823887381894487, 2.376356451496491, -9.352486676871113, -2.9405013589398825, -5.514204516248508]",True,2,`ftol` termination condition is satisfied.,58,0.01639261483357433,"[-0.4949918712959152, -1.4653570058439453, -0.7238340315442391, -1.2985757771572566, -1.5604597086107996]",True
B6_leave_D_10_M0_6,B6,M0_6,leave_D,9,0,20280935,8,"[-9.803206812559525, -10.107922970243083, 1.3824479762935624, -7.9479351340416775, -1.8425872039781197]",True,2,`ftol` termination condition is satisfied.,166,0.016392614833574324,"[-0.4949918912184229, -1.4653570062215617, -0.7238340351444508, -1.298575776835777, -1.5604597819665191]",True
B6_leave_D_10_M0_6,B6,M0_6,leave_D,9,0,20280935,9,"[-10.62255459990018, -1.6045498260385394, -10.698021482607267, -4.449985068165595, -4.51494098360524]",True,3,`xtol` termination condition is satisfied.,220,0.016392614833574327,"[-0.49499184974316673, -1.4653570073034092, -0.7238340279036847, -1.2985757759148335, -1.560459631799476]",True
B6_leave_D_10_M0_6,B6,M0_6,leave_D,9,0,20280935,10,"[0.20404939154580504, -11.915829026700703, 1.2972803407705698, 0.5655980098980855, -3.4413380968930154]",True,2,`ftol` termination condition is satisfied.,90,0.016392614833574327,"[-0.4949918901701759, -1.4653570064367853, -0.7238340349567215, -1.2985757766532167, -1.560459778393138]",True
B6_leave_D_10_M0_6,B6,M0_6,leave_D,9,0,20280935,11,"[-1.3258818142952578, 4.7315850387608265, -12.636985710604646, -8.191483833751509, -0.6883265683738964]",True,2,`ftol` termination condition is satisfied.,94,0.016392614833574327,"[-0.49499189105104235, -1.465357006337107, -0.7238340351100117, -1.2985757767378219, -1.5604597814903642]",True
B6_leave_D_10_M0_6,B6,M0_6,leave_D,9,0,20280935,12,"[-11.952135150574591, -8.451418122436639, -1.0326462943446728, -3.739946480219876, -6.669662054190294]",True,2,`ftol` termination condition is satisfied.,188,0.016392614833574324,"[-0.49499189982144526, -1.4653570063319699, -0.723834036715694, -1.298575776741823, -1.5604598136003525]",True
B6_leave_D_10_M0_6,B6,M0_6,leave_D,9,0,20280935,13,"[-15.873160565250096, 0.038140373587427945, 3.166076748956801, -1.799202567412328, -7.665620817938311]",True,2,`ftol` termination condition is satisfied.,204,0.016392614833574327,"[-0.4949918909418531, -1.4653570061413153, -0.7238340350806186, -1.298575776904444, -1.5604597808441079]",True
B6_leave_D_10_M0_6,B6,M0_6,leave_D,9,0,20280935,14,"[-5.241167387780397, -9.549394539778154, -8.292318218358018, -6.853785675524541, 0.5695692038823097]",True,2,`ftol` termination condition is satisfied.,51,0.01639261483357432,"[-0.4949918902611898, -1.4653570063635841, -0.7238340349763646, -1.2985757767157429, -1.5604597786405854]",True
B6_leave_D_10_M0_6,B6,M0_6,leave_D,9,0,20280935,15,"[4.837481312790175, -3.3984554289196343, -3.082174541275755, -1.3750376668985584, -2.6304796099464296]",True,2,`ftol` termination condition is satisfied.,34,0.016392614833574327,"[-0.4949918953088791, -1.4653570066788657, -0.72383403591187, -1.298575776446465, -1.5604597975185466]",True
B6_leave_D_10_M0_6,B6,M0_6,leave_D,9,0,20280935,16,"[-5.994864048409763, -15.902215204696066, -14.861957136109046, -5.787574919325684, -6.255967384531205]",True,2,`ftol` termination condition is satisfied.,42,0.016392614833574324,"[-0.49499188174032177, -1.4653570080661167, -0.7238340335399964, -1.298575775265377, -1.5604597496215]",True
B6_leave_D_10_M0_6,B6,M0_6,leave_D,9,0,20280935,17,"[-7.13746796241392, -3.766467430357059, 0.24775429393328352, -3.054820738155289, -1.1707327636347067]",True,2,`ftol` termination condition is satisfied.,168,0.016392614833574324,"[-0.4949919007365457, -1.4653570063194354, -0.7238340368791554, -1.2985757767526722, -1.5604598169323614]",True
B6_leave_D_10_M0_6,B6,M0_6,leave_D,9,0,20280935,18,"[5.271179555441293, -16.960274818670083, -11.02280602424768, -7.535462618236562, -7.0822173857319655]",True,2,`ftol` termination condition is satisfied.,49,0.016392614833574324,"[-0.49499189429577095, -1.4653570063485446, -0.7238340357090524, -1.298575776728152, -1.560459793391494]",True
B6_leave_D_10_M0_6,B6,M0_6,leave_D,9,0,20280935,19,"[-4.96397214705344, 1.1171026700162514, -0.6508186044543365, 0.09942158508718357, -4.478120435653205]",True,2,`ftol` termination condition is satisfied.,131,0.016392614833574327,"[-0.49499189078981526, -1.4653570063360934, -0.7238340350707336, -1.298575776738357, -1.5604597805403788]",True
B6_leave_D_10_M0_6,B6,M0_6,leave_D,9,0,20280935,20,"[-16.860609330733258, -9.204980757761472, -11.555457783884755, -5.026758693865135, -3.1763380607917915]",True,2,`ftol` termination condition is satisfied.,246,0.016392614833574324,"[-0.4949918998620971, -1.4653570063329877, -0.72383403674384, -1.2985757767414894, -1.5604598137759713]",True
B6_leave_D_10_M0_6,B6,M0_6,leave_D,9,0,20280935,21,"[-12.232809402026154, 5.099662598592101, -7.192557500249073, -5.17000706473083, -1.6215721030667698]",True,2,`ftol` termination condition is satisfied.,227,0.01639261483357432,"[-0.49499189105024866, -1.4653570063124037, -0.7238340351151622, -1.2985757767585844, -1.5604597814623937]",True
B6_leave_D_10_M0_6,B6,M0_6,leave_D,9,0,20280935,22,"[-0.3307800404518737, -7.393335749849211, 3.5408023078197246, -0.6515293356630085, -5.177209013932406]",True,2,`ftol` termination condition is satisfied.,154,0.016392614833574327,"[-0.49499189440552566, -1.46535700626998, -0.7238340357228987, -1.2985757767949855, -1.5604597936923397]",True
B6_leave_D_10_M0_6,B6,M0_6,leave_D,9,0,20280935,23,"[1.3556990051785789, -2.683447922796695, -15.204691684874872, -7.39232251890976, -8.526390654622638]",True,2,`ftol` termination condition is satisfied.,38,0.016392614833574327,"[-0.494991891935637, -1.465357006290359, -0.7238340352823032, -1.298575776777675, -1.5604597846828259]",True
B6_leave_D_10_M0_6,B6,M0_6,leave_D,9,0,20280935,24,"[-11.058341879453888, -12.260221408827162, -4.124881241349268, -2.3039781599999625, -0.06302114465282926]",True,2,`ftol` termination condition is satisfied.,184,0.016392614833574324,"[-0.49499189187654885, -1.4653570115424457, -0.7238340356155398, -1.2985757723499476, -1.5604597911730194]",True
B6_leave_D_10_M0_6,B6,M0_6,leave_D,9,0,20280935,25,"[-8.638276189278631, 2.031995999364966, -16.17752438902679, -1.1903080358164004, -6.331505319635086]",True,2,`ftol` termination condition is satisfied.,102,0.016392614833574327,"[-0.49499189094468343, -1.465357006311344, -0.7238340350965347, -1.298575776759493, -1.5604597810750902]",True
B6_leave_D_10_M0_6,B6,M0_6,leave_D,9,0,20280935,26,"[1.726320307119554, -11.186851638272984, -4.571620997456451, -6.270503162820285, -0.4661525090145773]",True,2,`ftol` termination condition is satisfied.,38,0.016392614833574324,"[-0.4949918965801441, -1.465357006749527, -0.7238340361566487, -1.298575776386659, -1.5604598022733946]",True
B6_leave_D_10_M0_6,B6,M0_6,leave_D,9,0,20280935,27,"[-2.2638351813016975, -4.677013949464595, -7.113134503907705, -1.914245012209201, -3.676023798565935]",True,2,`ftol` termination condition is satisfied.,40,0.016392614833574324,"[-0.4949918738318019, -1.46535700606019, -0.7238340319507799, -1.2985757769734894, -1.5604597180931739]",True
B6_leave_D_10_M0_6,B6,M0_6,leave_D,9,0,20280935,28,"[-13.184964908082438, -14.979620420013434, 4.88095134713646, -6.440872044238908, -4.912174329162338]",True,2,`ftol` termination condition is satisfied.,226,0.016392614833574327,"[-0.4949918748133633, -1.4653570070342952, -0.7238340322333549, -1.2985757761439147, -1.5604597229755175]",True
B6_leave_D_10_M0_6,B6,M0_6,leave_D,9,0,20280935,29,"[-14.96303249042457, -0.7014119574177613, -2.346818138547647, -8.672515699910122, -5.8534213792752094]",True,2,`ftol` termination condition is satisfied.,196,0.016392614833574327,"[-0.49499188978327474, -1.4653570064439476, -0.7238340349042353, -1.29857577664703, -1.5604597770023494]",True
B6_leave_D_10_M0_6,B6,M0_6,leave_D,9,0,20280935,30,"[-4.047296300261483, -13.174930631183809, -14.127827575500113, -3.556813086043662, -2.400670106658123]",True,2,`ftol` termination condition is satisfied.,47,0.016392614833574327,"[-0.49499189050141545, -1.4653570063107964, -0.7238340350159964, -1.2985757767599049, -1.5604597794518773]",True
B6_leave_D_10_M0_6,B6,M0_6,leave_D,9,0,20280935,31,"[2.7919829114564116, 3.1191936656507053, 2.4750686465061094, -4.03867669789448, 0.3621644660313983]",True,2,`ftol` termination condition is satisfied.,41,0.01639261483357432,"[-0.4949918903560447, -1.4653570063629118, -0.7238340349925589, -1.298575776715961, -1.5604597789858874]",True
B6_leave_D_10_M0_6,B6,M0_6,leave_D,9,0,20280935,32,"[-7.567221576887709, -6.4826282220438145, -8.981751475712834, 0.45244277621667806, -8.017819438478119]",True,2,`ftol` termination condition is satisfied.,119,0.016392614833574327,"[-0.4949918924142821, -1.4653570064063484, -0.7238340353643979, -1.2985757766790897, -1.560459786571167]",True
B6_leave_D_10_MQ-add,B6,MQ-add,leave_D,9,0,20380935,0,"[-1.0389746897826757, -1.5594797671066218, -0.35886430831390936, -1.2763503266496101, -2.3066169576643176, 0.216962196694348]",True,2,`ftol` termination condition is satisfied.,39,0.00696025382879581,"[-0.5584307958327284, -1.4653570063436498, -0.7238340349113009, -1.2985757767322088, -1.560459777330502, -2.011255933066947]",True
B6_leave_D_10_MQ-add,B6,MQ-add,leave_D,9,0,20380935,1,"[-16.201665609431856, -7.717750718782305, 4.732229965214351, -1.7458838350722958, -8.366298847278031, 0.8943369885656018]",True,2,`ftol` termination condition is satisfied.,172,0.006960253828795809,"[-0.55843080088692, -1.4653570064271715, -0.7238340357825425, -1.2985757766611308, -1.5604597948044632, -2.0112559330615616]",True
B6_leave_D_10_MQ-add,B6,MQ-add,leave_D,9,0,20380935,2,"[3.9220692271740347, -0.9357784386833856, -5.940414830107324, -5.7250356264105005, 0.2765546931495759, -6.038879864876902]",True,2,`ftol` termination condition is satisfied.,33,0.006960253828795805,"[-0.558430796452735, -1.46535700632301, -0.7238340350149265, -1.2985757767494317, -1.560459779433569, -2.0112559330673485]",True
B6_leave_D_10_MQ-add,B6,MQ-add,leave_D,9,0,20380935,3,"[-2.7633836460713397, -13.571994236170077, -5.560654416318508, -1.1522866863302825, -2.700589108525371, -14.640681464475177]",True,2,`ftol` termination condition is satisfied.,45,0.0069602538287958085,"[-0.558430796574472, -1.4653570063864838, -0.7238340350392152, -1.2985757766954296, -1.5604597799320508, -2.011255933067204]",True
B6_leave_D_10_MQ-add,B6,MQ-add,leave_D,9,0,20380935,4,"[-10.776568866773731, 4.918030202363809, -16.255556795874696, -6.318941957455122, -5.382761144926711, -1.9835658293603604]",True,2,`ftol` termination condition is satisfied.,103,0.0069602538287958085,"[-0.5584307889417055, -1.465357006026445, -0.7238340337040041, -1.298575777000981, -1.5604597532424815, -2.011255933075691]",True
B6_leave_D_10_MQ-add,B6,MQ-add,leave_D,9,0,20380935,5,"[-6.194712634128148, -15.273134563137894, -10.862545515805333, -8.54573586532768, -4.303946684519207, 5.042908030409425]",True,2,`ftol` termination condition is satisfied.,45,0.00696025382879581,"[-0.5584307964844878, -1.4653570062621766, -0.7238340350125411, -1.2985757768013293, -1.5604597794635482, -2.0112559330762383]",True
B6_leave_D_10_MQ-add,B6,MQ-add,leave_D,9,0,20380935,6,"[-3.165932267959949, 0.9199681550972976, 1.2381251634740948, 0.5185971039333133, -3.4098102063834723, -10.107431876730574]",True,2,`ftol` termination condition is satisfied.,113,0.006960253828795811,"[-0.5584307890562766, -1.4653570060890342, -0.7238340337357505, -1.298575776949415, -1.560459753727096, -2.0112559330830595]",True
B6_leave_D_10_MQ-add,B6,MQ-add,leave_D,9,0,20380935,7,"[1.3874285672121047, -9.595242530775074, -12.762911305299177, -4.370808427739251, -0.42627307247993507, -12.897730932146391]",True,2,`ftol` termination condition is satisfied.,46,0.0069602538287958145,"[-0.5584307979193157, -1.4653570063056336, -0.7238340352664117, -1.2985757767645587, -1.5604597844505648, -2.011255933058394]",True
B6_leave_D_10_MQ-add,B6,MQ-add,leave_D,9,0,20380935,8,"[-12.325698937421047, -4.756793504492741, -0.6399769275308884, -3.6560211158245206, -7.28108991774637, -3.471202508713837]",True,2,`ftol` termination condition is satisfied.,200,0.006960253828795818,"[-0.5584308041177222, -1.4653570063373935, -0.7238340363380354, -1.298575776737434, -1.5604598058045633, -2.0112559330786324]",True
B6_leave_D_10_MQ-add,B6,MQ-add,leave_D,9,0,20380935,9,"[-13.695396936663833, -12.701836740428252, -13.671254378765628, 0.02400588402089099, 0.18334496879728945, -0.44300524709407796]",True,2,`ftol` termination condition is satisfied.,139,0.0069602538287958085,"[-0.5584307970147175, -1.4653570062146515, -0.7238340350982349, -1.2985757768421204, -1.5604597812209478, -2.011255933066507]",True
B6_leave_D_10_MQ-add,B6,MQ-add,leave_D,9,0,20380935,10,"[0.018816739778365843, 4.025369533171116, -1.551801389487526, -7.605981834437943, -7.863301954453064, -15.924547688546355]",True,2,`ftol` termination condition is satisfied.,140,0.0069602538287958145,"[-0.5584307962113381, -1.4653570065781392, -0.7238340349851956, -1.298575776532708, -1.5604597789239303, -2.0112559330643895]",True
B6_leave_D_10_MQ-add,B6,MQ-add,leave_D,9,0,20380935,11,"[-4.513202205668142, -6.845940675962252, -9.950637364992293, -2.9587066364337336, -6.109140022006375, -7.436785382117618]",True,2,`ftol` termination condition is satisfied.,40,0.006960253828795811,"[-0.5584308004373981, -1.465357006308358, -0.7238340356998522, -1.2985757767621655, -1.560459793114448, -2.0112559330819826]",True
B6_leave_D_10_MQ-add,B6,MQ-add,leave_D,9,0,20380935,12,"[-7.540895126224305, -1.829569905249853, 2.1465580400512962, -4.6235421511557275, -1.6389306509401038, 2.370859291005651]",True,2,`ftol` termination condition is satisfied.,122,0.006960253828795808,"[-0.5584307977176831, -1.4653570062522938, -0.723834035224036, -1.2985757768095245, -1.560459783690301, -2.0112559330815287]",True
B6_leave_D_10_MQ-add,B6,MQ-add,leave_D,9,0,20380935,13,"[-9.363255640873916, -10.133243838366568, -3.9312936733143555, -5.696045473331433, -3.2793472564954307, -5.011828267233076]",True,2,`ftol` termination condition is satisfied.,167,0.006960253828795808,"[-0.558430817875733, -1.4653570062828754, -0.7238340387891881, -1.298575776787928, -1.5604598531232667, -2.0112559330776567]",True
B6_leave_D_10_MQ-add,B6,MQ-add,leave_D,9,0,20380935,14,"[-1.3496785559118933, -4.241556245204341, -14.62967744136073, -2.5177760702035235, -4.769689214912852, -11.613799446902057]",True,2,`ftol` termination condition is satisfied.,40,0.006960253828795805,"[-0.558430796274317, -1.4653570063404635, -0.7238340349774439, -1.2985757767349337, -1.560459778835222, -2.011255933067352]",True
B6_leave_D_10_MQ-add,B6,MQ-add,leave_D,9,0,20380935,15,"[5.313291269969849, -15.809310086444603, 3.1062608075896314, -7.481706900544445, -6.591965403098031, -8.709548141520976]",True,2,`ftol` termination condition is satisfied.,110,0.0069602538287958145,"[-0.5584308034545284, -1.4653570061186718, -0.7238340362150771, -1.2985757769240802, -1.5604598032534294, -2.0112559330817]",True
B6_leave_D_10_MQ-add,B6,MQ-add,leave_D,9,0,20380935,16,"[-14.810053146019795, 1.434249212941669, -7.5698592619678795, -0.7318418413460899, -1.525184755600959, 3.566407425080289]",True,2,`ftol` termination condition is satisfied.,229,0.006960253828795804,"[-0.5584308080892771, -1.4653570062581072, -0.7238340370083115, -1.298575776804407, -1.5604598193440218, -2.011255933078896]",True
B6_leave_D_10_MQ-add,B6,MQ-add,leave_D,9,0,20380935,17,"[-15.374361924610152, -16.549126391889295, -2.341534976959025, -4.006812597166589, -5.5944312218441645, -12.618167776582368]",True,4,Both `ftol` and `xtol` termination conditions are satisfied.,220,0.006960253828795807,"[-0.5584308136221605, -1.465357006639589, -0.7238340380389113, -1.298575776481493, -1.56045983890473, -2.011255933090431]",True
B6_leave_D_10_MQ-add,B6,MQ-add,leave_D,9,0,20380935,18,"[4.750371106478319, 2.1748263609119185, -13.014717826663414, -3.6132993959590323, -2.3160699769789614, -5.348705657553213]",True,2,`ftol` termination condition is satisfied.,36,0.006960253828795811,"[-0.5584307968506936, -1.46535700631256, -0.7238340350918037, -1.2985757767582782, -1.56045978079572, -2.011255933063814]",True
B6_leave_D_10_MQ-add,B6,MQ-add,leave_D,9,0,20380935,19,"[-0.6964223224979946, -10.829222298851786, 1.5122586488756653, -8.186048851195054, 0.6418546051131084, 3.1905740397574966]",True,2,`ftol` termination condition is satisfied.,40,0.006960253828795811,"[-0.5584307968232332, -1.4653570063100183, -0.723834035076928, -1.2985757767603001, -1.5604597806904554, -2.0112559330715922]",True
B6_leave_D_10_MQ-add,B6,MQ-add,leave_D,9,0,20380935,20,"[-8.711388022558845, -3.546208274738767, -9.183181785063237, 0.5662461469560025, -8.597185869987227, -9.84191808877787]",True,2,`ftol` termination condition is satisfied.,162,0.006960253828795812,"[-0.5584307975167313, -1.4653570064067456, -0.7238340352024324, -1.298575776678543, -1.5604597831955367, -2.0112559330632784]",True
B6_leave_D_10_MQ-add,B6,MQ-add,leave_D,9,0,20380935,21,"[-8.395927527730278, -6.284192559831306, -15.263576985777993, -1.3485348015091212, -6.9011683918783495, -17.062482838603767]",True,2,`ftol` termination condition is satisfied.,83,0.006960253828795809,"[-0.5584307977926863, -1.465357006327712, -0.7238340352435412, -1.2985757767458224, -1.5604597840422094, -2.0112559330640774]",True
B6_leave_D_10_MQ-add,B6,MQ-add,leave_D,9,0,20380935,22,"[-5.369628657165697, -2.3920354696845205, -3.1634117515247535, -6.827150734845251, -0.6425771357339656, -0.8244041748981878]",True,2,`ftol` termination condition is satisfied.,169,0.006960253828795809,"[-0.558430797024066, -1.4653570063283214, -0.7238340351116108, -1.298575776745389, -1.560459781400346, -2.011255933058176]",True
B6_leave_D_10_MQ-add,B6,MQ-add,leave_D,9,0,20380935,23,"[0.7848799468897738, -11.82774533768426, -8.359981741492037, -1.937745789384465, -3.645331215429244, 2.0395474431668354]",True,2,`ftol` termination condition is satisfied.,51,0.006960253828795809,"[-0.5584307964018124, -1.4653570063313892, -0.7238340350120345, -1.2985757767430615, -1.56045977927555, -2.011255933072431]",True
B6_leave_D_10_MQ-add,B6,MQ-add,leave_D,9,0,20380935,24,"[-12.927939679560842, 3.151952014668609, 3.762447191250068, -6.238249000328492, -3.9432443782340654, -8.435588508997407]",True,2,`ftol` termination condition is satisfied.,199,0.006960253828795806,"[-0.5584307935540334, -1.4653570060908618, -0.7238340345004675, -1.298575776946868, -1.5604597691745414, -2.0112559330684463]",True
B6_leave_D_10_MQ-add,B6,MQ-add,leave_D,9,0,20380935,25,"[-11.491631889476956, -8.855431023321643, -6.775361205485035, -6.93102363366496, -1.8503221884433145, -11.106235046070463]",True,2,`ftol` termination condition is satisfied.,150,0.006960253828795812,"[-0.558430805516087, -1.4653570060688108, -0.723834036556027, -1.2985757769661297, -1.5604598102652145, -2.01125593307525]",True
B6_leave_D_10_MQ-add,B6,MQ-add,leave_D,9,0,20380935,26,"[2.2201015651646117, -5.497365939391932, 5.344977671312087, -0.5023600659693521, -5.724890334709665, 4.711596140110505]",True,2,`ftol` termination condition is satisfied.,108,0.006960253828795813,"[-0.5584307973530177, -1.4653570063105656, -0.7238340351688668, -1.2985757767598705, -1.5604597825136275, -2.0112559330761233]",True
B6_leave_D_10_MQ-add,B6,MQ-add,leave_D,9,0,20380935,27,"[-3.910877944512343, -14.577160900643936, -16.84602369206341, -5.149634677761784, -7.4982692129480935, -3.8526013940578476]",True,2,`ftol` termination condition is satisfied.,40,0.0069602538287958085,"[-0.5584307991649852, -1.4653570062860068, -0.7238340354710782, -1.2985757767812542, -1.5604597887036618, -2.0112559330788025]",True
B6_leave_D_10_MQ-add,B6,MQ-add,leave_D,9,0,20380935,28,"[-6.93826426068896, 0.22462489770278538, -4.747942399500802, -2.283476149172131, -0.04726578828879724, -14.035666039743706]",True,2,`ftol` termination condition is satisfied.,210,0.006960253828795811,"[-0.5584307964977787, -1.4653570063309782, -0.7238340350220215, -1.2985757767428292, -1.5604597795990862, -2.0112559330748647]",True
B6_leave_D_10_MQ-add,B6,MQ-add,leave_D,9,0,20380935,29,"[-10.19165870259566, -14.133736280506774, 0.648047074417839, -3.0439754649930046, -1.1455781498053694, -7.171249854593894]",True,2,`ftol` termination condition is satisfied.,195,0.006960253828795807,"[-0.5584308032028579, -1.4653570043444808, -0.72383403649339, -1.298575778457272, -1.5604598009332624, -2.0112559330943696]",True
B6_leave_D_10_MQ-add,B6,MQ-add,leave_D,9,0,20380935,30,"[-2.1770848667944414, 5.480489610084028, -10.049483415466046, -5.020699022721861, -6.807963641444175, 0.5185035607827082]",True,2,`ftol` termination condition is satisfied.,86,0.0069602538287958145,"[-0.5584308045489701, -1.4653570063620778, -0.7238340364126538, -1.2985757767158428, -1.5604598073141527, -2.0112559330652946]",True
B6_leave_D_10_MQ-add,B6,MQ-add,leave_D,9,0,20380935,31,"[3.248015952033249, -8.591836049732047, -1.475323234587167, -0.056767677225135316, -5.004906672841875, -2.320443177220394]",True,2,`ftol` termination condition is satisfied.,60,0.006960253828795811,"[-0.5584307955410135, -1.4653570066964676, -0.7238340348871981, -1.2985757764324446, -1.5604597767796542, -2.011255933062264]",True
B6_leave_D_10_MQ-add,B6,MQ-add,leave_D,9,0,20380935,32,"[-16.877107499671467, -0.0623670768953275, -12.15059002598219, -8.008179718718113, -2.918957596491582, -15.645049751695389]",True,2,`ftol` termination condition is satisfied.,239,0.0069602538287958085,"[-0.5584307940325037, -1.4653570061649905, -0.7238340345887667, -1.298575776884495, -1.5604597709181611, -2.0112559330840596]",True
B6_leave_D_10_MQ-eff,B6,MQ-eff,leave_D,9,0,20480935,0,"[-1.0389746897826757, -1.5594797671066218, -0.35886430831390936, -1.2763503266496101, -2.3066169576643176, -1.146040733446924]",True,2,`ftol` termination condition is satisfied.,49,0.016392619798755538,"[-0.4949918950949072, -1.4653570060935641, -0.7238341175993285, -1.2985757769460158, -1.560459927850822, -13.815510557964245]",True
B6_leave_D_10_MQ-eff,B6,MQ-eff,leave_D,9,0,20480935,1,"[1.3337822269338737, -13.310615637321911, -11.861609220316652, -8.08994872973619, -5.997166537976284, -0.0594480714110972]",True,2,`ftol` termination condition is satisfied.,44,0.01639261979875553,"[-0.4949918984745332, -1.4653570063289, -0.723834118208448, -1.2985757767445614, -1.5604599405030026, -13.815510557964272]",True
B6_leave_D_10_MQ-eff,B6,MQ-eff,leave_D,9,0,20480935,2,"[-13.835757648974969, 3.4450282455553705, -5.255475634619257, -1.405433395943957, -0.43187079986060084, -8.375603167923147]",True,2,`ftol` termination condition is satisfied.,207,0.016392619798755538,"[-0.4949918974281912, -1.4653570063462602, -0.7238341180394597, -1.298575776731126, -1.560459936714002, -13.815510557964272]",True
B6_leave_D_10_MQ-eff,B6,MQ-eff,leave_D,9,0,20480935,3,"[-5.919098798582464, -6.764672915671557, -6.2146038533192325, -5.478353571458335, -3.6454035237637896, -11.537965532148938]",True,2,`ftol` termination condition is satisfied.,58,0.01639261979875553,"[-0.4949918985149835, -1.4653570063160628, -0.723834118220859, -1.2985757767556398, -1.5604599406403583, -13.815510557964272]",True
B6_leave_D_10_MQ-eff,B6,MQ-eff,leave_D,9,0,20480935,4,"[-3.9059528064839384, -0.6965498938673811, 0.30231044799668183, -2.965828763131616, -7.999805576893593, -3.8771864146674755]",True,2,`ftol` termination condition is satisfied.,147,0.016392619798755545,"[-0.49499189803593313, -1.4653570064269095, -0.7238341181287373, -1.2985757766613641, -1.5604599390164906, -13.815510557964272]",True
B6_leave_D_10_MQ-eff,B6,MQ-eff,leave_D,9,0,20480935,5,"[-1.734397990888633, -9.211853880241444, -2.89592756018787, -2.3045671873703206, -6.865917390432392, 2.055451764442852]",True,2,`ftol` termination condition is satisfied.,25,0.016392619798755538,"[-0.49499190048550623, -1.4653570062420476, -0.723834118545018, -1.2985757768184338, -1.560459947732422, -13.815510557964272]",True
B6_leave_D_10_MQ-eff,B6,MQ-eff,leave_D,9,0,20480935,6,"[-10.759946841724854, -3.859223789649409, -14.410682365369006, -4.817087270474836, -2.5020586577290844, -5.512306628262936]",True,2,`ftol` termination condition is satisfied.,200,0.01639261979875553,"[-0.4949918984230009, -1.4653570062155323, -0.7238341181797354, -1.2985757768416841, -1.560459940159004, -13.815510557964272]",True
B6_leave_D_10_MQ-eff,B6,MQ-eff,leave_D,9,0,20480935,7,"[-14.602784127137, -16.556410103532844, 2.9439072073051804, 0.2989117800290746, 0.8416219272317793, -10.419870479381208]",True,2,`ftol` termination condition is satisfied.,174,0.016392619798755545,"[-0.4949919055317068, -1.465357006525328, -0.7238341195144621, -1.298575776577185, -1.5604599665995345, -13.815510557964272]",True
B6_leave_D_10_MQ-eff,B6,MQ-eff,leave_D,9,0,20480935,8,"[4.774232451136566, 0.9029003839223364, -8.659718879280735, -6.385589946544324, -4.69558565120837, -2.011668460596354]",True,2,`ftol` termination condition is satisfied.,33,0.01639261979875553,"[-0.49499189853830905, -1.4653570063151622, -0.7238341181924048, -1.2985757767561816, -1.5604599406937516, -13.815510557964272]",True
B6_leave_D_10_MQ-eff,B6,MQ-eff,leave_D,9,0,20480935,9,"[3.210278116059392, -7.289576556325201, 4.7902554703296865, -4.106008192152168, -1.0507274499301262, -4.919113517126956]",True,2,`ftol` termination condition is satisfied.,33,0.016392619798755545,"[-0.49499189639298025, -1.4653570063769095, -0.7238341178361146, -1.2985757767044723, -1.560459932947305, -13.815510557964272]",True
B6_leave_D_10_MQ-eff,B6,MQ-eff,leave_D,9,0,20480935,10,"[-15.877474277843598, -2.6649610501713603, -10.686841186389138, -1.887444253534869, -5.3410998288746105, -12.435974324669822]",True,2,`ftol` termination condition is satisfied.,247,0.01639261979875553,"[-0.49499189924052367, -1.4653570063336416, -0.7238341183713741, -1.2985757767403139, -1.5604599433349122, -13.815510557964272]",True
B6_leave_D_10_MQ-eff,B6,MQ-eff,leave_D,9,0,20480935,11,"[-9.563584365399102, -12.763442523605852, -0.7824883712693982, -7.455163177970522, -8.535960783939068, -7.402854973870658]",True,2,`ftol` termination condition is satisfied.,206,0.016392619798755538,"[-0.4949918975757296, -1.4653570063523154, -0.7238341180369084, -1.2985757767256894, -1.5604599372338843, -13.815510557964272]",True
B6_leave_D_10_MQ-eff,B6,MQ-eff,leave_D,9,0,20480935,12,"[-0.07050684783789407, 5.391186233475199, -16.348804142529307, 0.12866770842706288, -3.0719485139922433, 1.0168056287108058]",True,2,`ftol` termination condition is satisfied.,87,0.03492608090014539,"[-0.2569526597795636, -1.4653568549827611, -17.950429179133664, -1.2985759049667511, 1.011827268089404, 3.8233853376111884]",True
B6_leave_D_10_MQ-eff,B6,MQ-eff,leave_D,9,0,20480935,13,"[-5.202056604484481, -14.587314830103365, -7.437579428441099, -0.40218281495248576, -1.956770768583092, -1.0508176677158847]",True,2,`ftol` termination condition is satisfied.,55,0.016392619798755538,"[-0.49499189835715235, -1.4653570063960633, -0.7238341182055109, -1.298575776689749, -1.5604599401727686, -13.815510557964272]",True
B6_leave_D_10_MQ-eff,B6,MQ-eff,leave_D,9,0,20480935,14,"[-7.460291632962525, 1.427096809156275, 1.7061714825039154, -7.986027592792795, -7.4485755698296945, -9.316137943679454]",True,2,`ftol` termination condition is satisfied.,192,0.016392619798755535,"[-0.4949918980229812, -1.4653570063407668, -0.7238341181331632, -1.298575776734417, -1.5604599388706755, -13.815510557964272]",True
B6_leave_D_10_MQ-eff,B6,MQ-eff,leave_D,9,0,20480935,15,"[-12.193627986354478, -11.158695985286773, -13.1735878729926, -3.759454275873189, -4.086150454713722, -6.52669284376238]",True,2,`ftol` termination condition is satisfied.,222,0.016392619798755545,"[-0.49499189772642327, -1.4653570063333774, -0.7238341180604178, -1.298575776741504, -1.5604599377587198, -13.815510557964236]",True
B6_leave_D_10_MQ-eff,B6,MQ-eff,leave_D,9,0,20480935,16,"[2.5532540370930406, -4.405689687945763, -4.11870841329276, -5.978022655488801, 0.19505170681249595, 1.1454820929012524]",True,2,`ftol` termination condition is satisfied.,38,0.016392619798755528,"[-0.49499189755966405, -1.4653570063380463, -0.7238341180382682, -1.2985757767375434, -1.5604599371617083, -13.815510557952855]",True
B6_leave_D_10_MQ-eff,B6,MQ-eff,leave_D,9,0,20480935,17,"[1.9350490193079857, -10.723938384379533, -11.367100769375003, 0.5987356823584289, -7.6821880420860955, -9.916099514164276]",True,2,`ftol` termination condition is satisfied.,37,0.01639261979875554,"[-0.49499189915458675, -1.4653570062346981, -0.7238341183479038, -1.2985757768242974, -1.5604599428929273, -13.815510557964272]",True
B6_leave_D_10_MQ-eff,B6,MQ-eff,leave_D,9,0,20480935,18,"[-11.76534529588268, -5.374786200549515, 5.479240943473634, -6.6864879309618726, -3.3296799148612095, -1.510353636409004]",True,2,`ftol` termination condition is satisfied.,168,0.016392619798755535,"[-0.4949919043290995, -1.4653570062108463, -0.7238341192916686, -1.2985757768450983, -1.5604599618110577, -13.815510557964272]",True
B6_leave_D_10_MQ-eff,B6,MQ-eff,leave_D,9,0,20480935,19,"[-7.900243717540274, -15.044313370886057, -17.034800509578364, -2.5996612666194876, -0.7123799922613321, 1.5585190515184273]",True,2,`ftol` termination condition is satisfied.,50,0.016392619798755524,"[-0.49499189621579864, -1.465357006324997, -0.7238341177833327, -1.298575776748061, -1.560459932216046, -13.815510557964272]",True
B6_leave_D_10_MQ-eff,B6,MQ-eff,leave_D,9,0,20480935,20,"[-4.595845715647473, 2.4184750233311405, -0.09958734548454728, -4.520773018056943, -6.275491043430494, -6.004878864696841]",True,2,`ftol` termination condition is satisfied.,169,0.016392619798755538,"[-0.4949918990061106, -1.4653570063749621, -0.7238341183001947, -1.2985757767065662, -1.560459942500495, -13.815510557964263]",True
B6_leave_D_10_MQ-eff,B6,MQ-eff,leave_D,9,0,20480935,21,"[-1.0441541914616224, -11.973806764203939, 2.3975916177615737, -5.182025463125704, -5.011285030024149, -12.038792622978223]",True,2,`ftol` termination condition is satisfied.,203,0.01639261979875554,"[-0.4949918997517088, -1.4653570063086498, -0.7238341184191199, -1.2985757767627726, -1.5604599451341363, -13.815510557964272]",True
B6_leave_D_10_MQ-eff,B6,MQ-eff,leave_D,9,0,20480935,22,"[-8.778468016543425, 4.779750374616132, -8.137665670036537, -3.2609003176373346, 0.524033454317248, -4.381445350987226]",True,2,`ftol` termination condition is satisfied.,199,0.01639261979875554,"[-0.4949918987416963, -1.465357006270801, -0.723834118246453, -1.298575776794046, -1.560459941400509, -13.815510557964272]",True
B6_leave_D_10_MQ-eff,B6,MQ-eff,leave_D,9,0,20480935,23,"[-16.67286868826002, -8.101450538156191, -3.421546059079155, -8.390860427956532, -2.2237588086975135, 0.4326383336227533]",True,2,`ftol` termination condition is satisfied.,182,0.016392619798755545,"[-0.49499189528643767, -1.4653570067595298, -0.7238341176513029, -1.2985757763784531, -1.5604599293760442, -13.815510557964272]",True
B6_leave_D_10_MQ-eff,B6,MQ-eff,leave_D,9,0,20480935,24,"[4.173322663280281, -2.0312407722948045, -13.867584232336187, -1.1056321604699964, -6.585437117812679, -7.878184385853916]",True,2,`ftol` termination condition is satisfied.,50,0.016392619798755535,"[-0.4949918992611982, -1.4653570063818142, -0.7238341183312247, -1.298575776700672, -1.5604599434282762, -13.815510557964272]",True
B6_leave_D_10_MQ-eff,B6,MQ-eff,leave_D,9,0,20480935,25,"[5.414009407467049, -15.922604608236298, -4.511043385591783, -3.4643600722760697, -2.793632890534661, -5.036961822307006]",True,2,`ftol` termination condition is satisfied.,38,0.01639261979875553,"[-0.4949918989282584, -1.465357006220898, -0.7238341182791463, -1.2985757768365664, -1.5604599420219043, -13.815510557964272]",True
B6_leave_D_10_MQ-eff,B6,MQ-eff,leave_D,9,0,20480935,26,"[-15.05404095848494, 0.09111094014974341, -12.597380797899099, -6.274337032254648, -8.255459905087179, 2.6396035466858567]",True,2,`ftol` termination condition is satisfied.,286,0.01639261979875554,"[-0.4949918920786779, -1.465357005859177, -0.7238341170531837, -1.2985757771442852, -1.560459916526338, -13.815510557964272]",True
B6_leave_D_10_MQ-eff,B6,MQ-eff,leave_D,9,0,20480935,27,"[-10.298445916895883, -9.82337767396688, 1.0410060828013634, -0.7020068771577792, -5.65681469789251, -2.549321232763413]",True,2,`ftol` termination condition is satisfied.,186,0.01639261979875555,"[-0.4949918985180988, -1.4653570062495462, -0.7238341181418853, -1.298575776812182, -1.5604599404963775, -13.815510557964272]",True
B6_leave_D_10_MQ-eff,B6,MQ-eff,leave_D,9,0,20480935,28,"[-2.3635599223075747, -3.0696752857522682, -6.956460048101173, -7.685129448499307, -1.3683368133007265, -10.817067693917856]",True,2,`ftol` termination condition is satisfied.,37,0.016392619798755545,"[-0.4949918982944533, -1.4653570063106809, -0.723834118160048, -1.298575776759739, -1.560459939806885, -13.815510557964272]",True
B6_leave_D_10_MQ-eff,B6,MQ-eff,leave_D,9,0,20480935,29,"[-2.9093428711311695, -5.773380598278276, -15.144019280837744, -7.154251604098132, -0.08543744780384444, -8.897462496800069]",True,2,`ftol` termination condition is satisfied.,28,0.016392619798755545,"[-0.4949918970110058, -1.465357006322808, -0.7238341179196301, -1.2985757767496355, -1.5604599351166675, -13.815510557964195]",True
B6_leave_D_10_MQ-eff,B6,MQ-eff,leave_D,9,0,20480935,30,"[-6.725797276407484, -1.1536350107932485, -2.171321969769968, -0.1711334026989455, -4.364458617294137, -0.4724395613445136]",True,2,`ftol` termination condition is satisfied.,178,0.016392619798755538,"[-0.49499189915801795, -1.4653570062698915, -0.7238341183376088, -1.2985757767940607, -1.560459942937585, -13.815510557963778]",True
B6_leave_D_10_MQ-eff,B6,MQ-eff,leave_D,9,0,20480935,31,"[-13.017423745123715, -14.279623535697702, -9.387313745633925, -4.4023361406088615, -7.1309783570304806, -3.417695795785738]",True,2,`ftol` termination condition is satisfied.,187,0.016392619798755545,"[-0.4949918999066337, -1.4653570062060406, -0.7238341184634934, -1.2985757768489499, -1.5604599455916284, -13.815510557964272]",True
B6_leave_D_10_MQ-eff,B6,MQ-eff,leave_D,9,0,20480935,32,"[0.34917864903784945, 3.8798751400521674, 3.6746028498153294, -1.5923728589050903, -1.6410632183304141, -10.93795849298036]",True,2,`ftol` termination condition is satisfied.,65,0.016392619798755538,"[-0.4949918982895666, -1.465357006285422, -0.7238341181491331, -1.2985757767812716, -1.5604599397488377, -13.815510557964272]",True
B6_leave_D_50_M0_6,B6,M0_6,leave_D,10,0,20280936,0,"[-1.0645853419132216, -1.5850904192371678, -0.38447496044445517, -1.2763503266496101, -2.3066169576643176]",True,2,`ftol` termination condition is satisfied.,27,0.009608417163156902,"[-0.4767350261990223, -1.4839659693183023, -0.6696341153889663, -1.2880210506910823, -1.3321524710044035]",True
B6_leave_D_50_M0_6,B6,M0_6,leave_D,10,0,20280936,1,"[3.507872526149498, -1.6528751727793622, -5.0098425569829725, -6.414098286834324, -7.924603523374184]",True,2,`ftol` termination condition is satisfied.,23,0.009608417163156897,"[-0.47673502629328895, -1.4839659692493947, -0.6696341153937209, -1.2880210507488508, -1.3321524712685007]",True
B6_leave_D_50_M0_6,B6,M0_6,leave_D,10,0,20280936,2,"[-16.227139907125412, -12.763841563622325, -9.059474454584569, -2.486592845573118, -2.398454927817178]",True,2,`ftol` termination condition is satisfied.,130,0.0096084171631569,"[-0.476735026269397, -1.4839659693293257, -0.6696341153934957, -1.2880210506821932, -1.332152471278894]",True
B6_leave_D_50_M0_6,B6,M0_6,leave_D,10,0,20280936,3,"[-7.965808671479332, 1.128469450992025, 3.21892394769959, -5.214665557252967, 0.3319419625662281]",True,2,`ftol` termination condition is satisfied.,111,0.0096084171631569,"[-0.4767350263350311, -1.4839659692744047, -0.6696341153962831, -1.2880210507283087, -1.3321524714537558]",True
B6_leave_D_50_M0_6,B6,M0_6,leave_D,10,0,20280936,4,"[-5.282269698360066, -9.848928930591043, -12.322939158324345, -1.2440125487979588, -5.811807102277249]",True,2,`ftol` termination condition is satisfied.,45,0.009608417163156902,"[-0.4767350254140386, -1.4839659692565634, -0.6696341153523085, -1.2880210507430754, -1.3321524680347603]",True
B6_leave_D_50_M0_6,B6,M0_6,leave_D,10,0,20280936,5,"[-0.7206984386396371, 5.401783828515832, -6.267335199680138, 0.5663806559129316, -4.535992790024325]",True,2,`ftol` termination condition is satisfied.,101,0.009608417163156902,"[-0.4767350256371778, -1.4839659692721572, -0.6696341153612974, -1.2880210507292678, -1.3321524688745237]",True
B6_leave_D_50_M0_6,B6,M0_6,leave_D,10,0,20280936,6,"[-9.057222307209187, -8.42054185979565, -2.124671015828639, -5.005785786222094, -0.7951163859421149]",True,2,`ftol` termination condition is satisfied.,93,0.009608417163156899,"[-0.47673502628003933, -1.4839659692985043, -0.6696341153937415, -1.2880210507072527, -1.3321524712800543]",True
B6_leave_D_50_M0_6,B6,M0_6,leave_D,10,0,20280936,7,"[-12.192884446319525, -3.081240971064835, -15.113676041057662, -2.946864208156046, -3.506629867271143]",True,2,`ftol` termination condition is satisfied.,123,0.009608417163156902,"[-0.4767350256741379, -1.4839659692816074, -0.6696341153626008, -1.2880210507220575, -1.3321524690221482]",True
B6_leave_D_50_M0_6,B6,M0_6,leave_D,10,0,20280936,8,"[1.8863619549782769, -17.03713449879581, 0.33235003437414434, -8.55053640686502, -6.667163290961021]",True,2,`ftol` termination condition is satisfied.,86,0.009608417163156899,"[-0.4767350262740969, -1.4839659693120137, -0.6696341153952377, -1.2880210506960457, -1.3321524712763226]",True
B6_leave_D_50_M0_6,B6,M0_6,leave_D,10,0,20280936,9,"[0.44391524122745096, 1.3720043628042937, -16.66773296936742, -4.502409125867315, -1.529256635898954]",True,2,`ftol` termination condition is satisfied.,51,0.009608417163156899,"[-0.4767350259244919, -1.4839659698905048, -0.669634115385449, -1.2880210502055982, -1.332152470698126]",True
B6_leave_D_50_M0_6,B6,M0_6,leave_D,10,0,20280936,10,"[-13.613756588998744, -10.089659267901485, 2.07841093884241, 0.06300399555815339, -8.56418527338084]",True,2,`ftol` termination condition is satisfied.,113,0.009608417163156902,"[-0.47673502572976384, -1.4839659693044462, -0.6696341153668502, -1.2880210507023215, -1.3321524692563687]",True
B6_leave_D_50_M0_6,B6,M0_6,leave_D,10,0,20280936,11,"[-10.510788047254351, -1.1895098886650803, -7.726784996644117, -8.011070027004726, -5.315418432707281]",True,2,`ftol` termination condition is satisfied.,149,0.0096084171631569,"[-0.47673502624023545, -1.4839659693726404, -0.6696341153922487, -1.2880210506447425, -1.332152471223979]",True
B6_leave_D_50_M0_6,B6,M0_6,leave_D,10,0,20280936,12,"[-2.108190234301233, -13.229967943096398, -0.47321741254655336, -3.48633058801634, -0.08439105089913923]",True,2,`ftol` termination condition is satisfied.,21,0.009608417163156899,"[-0.4767350262836805, -1.483965969304572, -0.6696341153947217, -1.2880210507023366, -1.3321524713016877]",True
B6_leave_D_50_M0_6,B6,M0_6,leave_D,10,0,20280936,13,"[-3.8731823138775354, -5.458998483830472, 4.87036668119617, -1.94598957014448, -1.341579922807739]",True,2,`ftol` termination condition is satisfied.,92,0.009608417163156902,"[-0.4767350262080779, -1.4839659692797011, -0.6696341153886217, -1.2880210507234127, -1.3321524709899806]",True
B6_leave_D_50_M0_6,B6,M0_6,leave_D,10,0,20280936,14,"[-6.5337514770508225, -14.656616230351183, -13.782378085502813, -6.954701562262963, -4.2069946197078085]",True,2,`ftol` termination condition is satisfied.,37,0.0096084171631569,"[-0.4767350262632675, -1.4839659693140395, -0.6696341153914165, -1.2880210506946854, -1.3321524712359263]",True
B6_leave_D_50_M0_6,B6,M0_6,leave_D,10,0,20280936,15,"[-14.829173077500807, 2.7986306132673633, -3.2637925223002178, -0.7418273549988061, -7.437387096317715]",True,2,`ftol` termination condition is satisfied.,135,0.009608417163156899,"[-0.4767350262383133, -1.4839659693254248, -0.6696341153918709, -1.2880210506851943, -1.3321524711591666]",True
B6_leave_D_50_M0_6,B6,M0_6,leave_D,10,0,20280936,16,"[4.973311596159213, -5.820192879368211, -10.613520513108817, -5.71685075105212, -2.805329201085824]",True,2,`ftol` termination condition is satisfied.,29,0.009608417163156902,"[-0.47673502632437526, -1.4839659692476952, -0.6696341153971014, -1.2880210507507783, -1.3321524713829598]",True
B6_leave_D_50_M0_6,B6,M0_6,leave_D,10,0,20280936,17,"[4.545869169829363, 3.5702638424006032, 2.215752886679052, -3.1825448177992213, -6.15113316057049]",True,2,`ftol` termination condition is satisfied.,62,0.009608417163156902,"[-0.47673502631164943, -1.4839659692865084, -0.6696341153947598, -1.2880210507175605, -1.3321524713817798]",True
B6_leave_D_50_M0_6,B6,M0_6,leave_D,10,0,20280936,18,"[-15.567574930876035, -6.477725757708621, -16.169953349888935, -8.344983316615078, 0.8215110440074458]",True,2,`ftol` termination condition is satisfied.,141,0.009608417163156902,"[-0.4767350263994814, -1.4839659691552674, -0.669634115398165, -1.2880210508291896, -1.3321524715450936]",True
B6_leave_D_50_M0_6,B6,M0_6,leave_D,10,0,20280936,19,"[-6.065093541515646, -4.690136795241534, -1.0209155029346348, 0.3456888419148356, -2.4863918459894334]",True,2,`ftol` termination condition is satisfied.,79,0.009608417163156899,"[-0.47673502247727917, -1.4839659694256198, -0.6696341151879099, -1.2880210506014282, -1.3321524573724541]",True
B6_leave_D_50_M0_6,B6,M0_6,leave_D,10,0,20280936,20,"[-3.0031229009658915, -15.316920819076294, -7.925515077187573, -4.7736020186512444, -7.686569104686701]",True,2,`ftol` termination condition is satisfied.,26,0.009608417163156902,"[-0.4767350263387629, -1.4839659692514289, -0.6696341153963216, -1.2880210507473788, -1.332152471439336]",True
B6_leave_D_50_M0_6,B6,M0_6,leave_D,10,0,20280936,21,"[-2.62128860853006, -0.42240957238976407, -13.267354230675235, -5.422542497572593, -6.559509192946951]",True,2,`ftol` termination condition is satisfied.,55,0.009608417163156902,"[-0.47673502630696335, -1.4839659692431166, -0.6696341153930144, -1.2880210507547074, -1.3321524713101918]",True
B6_leave_D_50_M0_6,B6,M0_6,leave_D,10,0,20280936,22,"[-11.336243974689703, -13.8829900727509, 5.033639181727118, -1.0106739084975889, -3.7621986263092175]",True,2,`ftol` termination condition is satisfied.,133,0.009608417163156902,"[-0.4767350063174813, -1.4839659711150774, -0.669634116968328, -1.2880210492602493, -1.3321524022271338]",True
B6_leave_D_50_M0_6,B6,M0_6,leave_D,10,0,20280936,23,"[-13.230919006868373, 2.136311059283493, -10.826712163910955, -6.6439491091709435, -0.43592535138317423]",True,2,`ftol` termination condition is satisfied.,128,0.009608417163156899,"[-0.47673503773283754, -1.4839659697030774, -0.6696341160670424, -1.2880210503573168, -1.3321525141717347]",True
B6_leave_D_50_M0_6,B6,M0_6,leave_D,10,0,20280936,24,"[1.226758892019518, -10.745475187192504, -3.8402038304730137, -2.263586347725859, -5.042952962974521]",True,3,`xtol` termination condition is satisfied.,50,0.009608417163156899,"[-0.4767350263993117, -1.4839659694639922, -0.6696341154041241, -1.2880210505677874, -1.332152471928056]",True
B6_leave_D_50_M0_6,B6,M0_6,leave_D,10,0,20280936,25,"[2.6225980035907526, -3.7398268598764695, -9.623191551686357, -0.3583002980657266, -0.024403004931301098]",True,2,`ftol` termination condition is satisfied.,22,0.0096084171631569,"[-0.4767350263102211, -1.4839659693012086, -0.6696341153972707, -1.2880210507054628, -1.3321524713967723]",True
B6_leave_D_50_M0_6,B6,M0_6,leave_D,10,0,20280936,26,"[-11.769004592190385, -16.264469998762365, -5.21346709813284, -6.074916108004455, -5.525522169519441]",True,2,`ftol` termination condition is satisfied.,110,0.009608417163156902,"[-0.47673502623195385, -1.4839659693314082, -0.6696341153920059, -1.2880210506795966, -1.332152471143247]",True
B6_leave_D_50_M0_6,B6,M0_6,leave_D,10,0,20280936,27,"[-9.92928447810094, 4.740404489748478, -12.147316883050717, -1.5751229467325087, -8.159673602333164]",True,1,`gtol` termination condition is satisfied.,129,0.009608417163156899,"[-0.4767350262836171, -1.483965969307444, -0.6696341153946341, -1.2880210506999112, -1.3321524713048503]",True
B6_leave_D_50_M0_6,B6,M0_6,leave_D,10,0,20280936,28,"[-1.1927558995928784, -7.650670639877525, 3.7438593485077725, -7.332412510164293, -2.084029520423699]",True,2,`ftol` termination condition is satisfied.,59,0.0096084171631569,"[-0.4767350263424363, -1.483965969293967, -0.669634115395058, -1.2880210507115877, -1.332152471503466]",True
B6_leave_D_50_M0_6,B6,M0_6,leave_D,10,0,20280936,29,"[-4.454647966161961, 0.47650304925512543, -2.310706205939489, -7.655346639395194, -3.192452054415658]",True,2,`ftol` termination condition is satisfied.,93,0.009608417163156902,"[-0.4767350262652806, -1.4839659693166056, -0.6696341153937532, -1.2880210506925756, -1.3321524712485262]",True
B6_leave_D_50_M0_6,B6,M0_6,leave_D,10,0,20280936,30,"[-7.449147725049794, -9.082862602662312, -6.805466859777546, -3.8721814950191034, -6.902476914267531]",True,2,`ftol` termination condition is satisfied.,85,0.009608417163156899,"[-0.47673502626300523, -1.4839659693246758, -0.6696341153930503, -1.288021050685781, -1.3321524712493868]",True
B6_leave_D_50_M0_6,B6,M0_6,leave_D,10,0,20280936,31,"[-17.007980799937368, -2.3076136245817622, 0.8424787492337202, -4.122383494116821, -4.249446051533918]",True,2,`ftol` termination condition is satisfied.,118,0.009608417163156902,"[-0.4767350262186469, -1.4839659693027847, -0.6696341153888965, -1.2880210507042338, -1.332152471057065]",True
B6_leave_D_50_M0_6,B6,M0_6,leave_D,10,0,20280936,32,"[3.128434469437199, -12.000547115918692, -14.966421867878825, -0.30552968261958746, -1.15119563962853]",True,2,`ftol` termination condition is satisfied.,30,0.009608417163156899,"[-0.47673502629116504, -1.483965969306777, -0.6696341153930253, -1.2880210507002587, -1.3321524713299437]",True
B6_leave_D_50_MQ-add,B6,MQ-add,leave_D,10,0,20380936,0,"[-1.0645853419132216, -1.5850904192371678, -0.38447496044445517, -1.2763503266496101, -2.3066169576643176, 0.19135154456380235]",True,2,`ftol` termination condition is satisfied.,29,0.004001910402707235,"[-0.5370769747087191, -1.483965969299266, -0.6696341153925952, -1.288021050707169, -1.3321524712278254, -2.0415163693685723]",True
B6_leave_D_50_MQ-add,B6,MQ-add,leave_D,10,0,20380936,1,"[-5.350470086994008, -14.122452806246507, -13.628938537308024, -7.433721087737619, -5.579213217394111, -0.13399299775837292]",True,2,`ftol` termination condition is satisfied.,34,0.0040019104027072365,"[-0.5370769747410385, -1.4839659693003062, -0.6696341153961721, -1.2880210507062417, -1.3321524713453645, -2.0415163693778986]",True
B6_leave_D_50_MQ-add,B6,MQ-add,leave_D,10,0,20380936,2,"[-15.891663869933996, -2.3399114725889554, -3.2437769374772696, -1.8919840818251954, -0.5222890991947295, -13.650710845063681]",True,2,`ftol` termination condition is satisfied.,128,0.004001910402707236,"[-0.5370769747120429, -1.483965969317448, -0.6696341153936202, -1.2880210506915535, -1.3321524712653965, -2.041516369382744]",True
B6_leave_D_50_MQ-add,B6,MQ-add,leave_D,10,0,20380936,3,"[-8.315560919364422, -6.11167912813357, -10.470422100952796, -4.365255856429442, -2.45481565518223, -6.93064708865284]",True,2,`ftol` termination condition is satisfied.,115,0.004001910402707239,"[-0.5370769745771835, -1.4839659693290363, -0.6696341153865911, -1.2880210506817225, -1.332152470808201, -2.041516369374924]",True
B6_leave_D_50_MQ-add,B6,MQ-add,leave_D,10,0,20380936,4,"[3.671350979393779, 4.9571033447813875, 4.277610527504983, -0.16400056431312926, -6.934315097329263, 3.7423210403276386]",True,3,`xtol` termination condition is satisfied.,74,0.0040019104027072365,"[-0.5370769748295114, -1.4839659693477387, -0.669634115399594, -1.2880210506664533, -1.3321524717101239, -2.0415163693754677]",True
B6_leave_D_50_MQ-add,B6,MQ-add,leave_D,10,0,20380936,5,"[2.2751959222210765, -8.876370157771992, -0.3818097133992566, -0.4964860818475767, -8.551774441728965, -4.421966660994867]",True,2,`ftol` termination condition is satisfied.,129,0.004001910402707236,"[-0.5370769734974411, -1.4839659693355922, -0.6696341153354576, -1.2880210506769285, -1.332152467061441, -2.0415163693780998]",True
B6_leave_D_50_MQ-add,B6,MQ-add,leave_D,10,0,20380936,6,"[-9.98042425008671, 2.1366815236529035, -16.443608607188192, -5.81659249112834, -3.512958796142186, -15.150517523097939]",True,2,`ftol` termination condition is satisfied.,122,0.004001910402707243,"[-0.5370769743203242, -1.4839659693401055, -0.6696341153745817, -1.2880210506728498, -1.3321524699323806, -2.0415163693896567]",True
B6_leave_D_50_MQ-add,B6,MQ-add,leave_D,10,0,20380936,7,"[-11.633791636210098, -16.88957866783904, 1.4351224685810386, -3.5749878094691123, 0.5337393449521315, -11.18523955566972]",True,2,`ftol` termination condition is satisfied.,90,0.004001910402707239,"[-0.5370769746068371, -1.483965969287373, -0.6696341153883143, -1.2880210507175063, -1.332152470862436, -2.0415163693818967]",True
B6_leave_D_50_MQ-add,B6,MQ-add,leave_D,10,0,20380936,8,"[-0.8263380838267196, -5.162768125671546, -7.591751243514388, -7.553157243098297, -3.9648872282367433, 2.387245471431047]",True,2,`ftol` termination condition is satisfied.,41,0.0040019104027072365,"[-0.5370769730082481, -1.4839659693152212, -0.6696341153071448, -1.288021050693095, -1.3321524653268502, -2.0415163693648366]",True
B6_leave_D_50_MQ-add,B6,MQ-add,leave_D,10,0,20380936,9,"[-1.7026321891600578, -8.351929756805488, 0.8005887613455123, -5.35041703445507, -0.9875259153463807, 4.553936716142431]",True,2,`ftol` termination condition is satisfied.,21,0.004001910402707236,"[-0.5370769747816556, -1.4839659693208946, -0.6696341153975556, -1.2880210506885383, -1.332152471514432, -2.0415163693926663]",True
B6_leave_D_50_MQ-add,B6,MQ-add,leave_D,10,0,20380936,10,"[-13.668860202356932, 3.3734724687769386, -7.001748330064558, -0.9996373260099416, -6.025825126121239, -7.563120546933336]",True,1,`gtol` termination condition is satisfied.,111,0.0040019104027072365,"[-0.5370769747251434, -1.483965969284119, -0.6696341153934705, -1.2880210507199654, -1.332152471269919, -2.041516369384379]",True
B6_leave_D_50_MQ-add,B6,MQ-add,leave_D,10,0,20380936,11,"[-10.538799208521468, -11.737566391360629, -2.441059794585719, -8.242563423623693, -6.496150109507024, -11.611972388814284]",True,2,`ftol` termination condition is satisfied.,106,0.004001910402707239,"[-0.5370769587336869, -1.4839659689257394, -0.6696341145886331, -1.2880210510233783, -1.3321524151655164, -2.0415163693842167]",True
B6_leave_D_50_MQ-add,B6,MQ-add,leave_D,10,0,20380936,12,"[0.023774126252451566, -0.723129491644876, -14.428873015109161, -2.8480226140280607, -1.9980217808009755, -2.349792107617011]",True,2,`ftol` termination condition is satisfied.,14,0.004001910402707242,"[-0.537076974784471, -1.4839659693381573, -0.6696341153984253, -1.2880210506739427, -1.3321524715449071, -2.0415163693880087]",True
B6_leave_D_50_MQ-add,B6,MQ-add,leave_D,10,0,20380936,13,"[4.504352045306202, -14.649827369938958, -9.813627412674784, -2.580949093578094, -2.7648234239129916, 0.12646200900228877]",True,2,`ftol` termination condition is satisfied.,32,0.004001910402707235,"[-0.5370769738513206, -1.483965972583163, -0.6696341154101619, -1.2880210479192173, -1.332152472308291, -2.0415163693736447]",True
B6_leave_D_50_MQ-add,B6,MQ-add,leave_D,10,0,20380936,14,"[-6.326244596689808, -3.579637939162126, 3.6653466330126676, -6.707769985379538, -7.822267956058784, -9.102212413122807]",True,3,`xtol` termination condition is satisfied.,99,0.0040019104027072365,"[-0.5370769738387214, -1.4839659693600484, -0.6696341153584017, -1.2880210506560634, -1.3321524682880876, -2.041516369388818]",True
B6_leave_D_50_MQ-add,B6,MQ-add,leave_D,10,0,20380936,15,"[-15.287536668027021, -11.261060237157107, -11.547427475079076, 0.3011516330566497, -4.697592582756382, -15.738886741753786]",True,2,`ftol` termination condition is satisfied.,106,0.004001910402707237,"[-0.5370769744354408, -1.4839659693268836, -0.6696341153811245, -1.2880210506839471, -1.3321524703153846, -2.0415163693805773]",True
B6_leave_D_50_MQ-add,B6,MQ-add,leave_D,10,0,20380936,16,"[-3.0557552516044737, 0.5200945194863991, -5.2807735105987845, -4.867975098039829, -0.21759091699203204, -3.6551508910773283]",True,2,`ftol` termination condition is satisfied.,50,0.004001910402707238,"[-0.5370769747945713, -1.483965969309313, -0.6696341154004152, -1.2880210506984437, -1.3321524715462445, -2.0415163693875433]",True
B6_leave_D_50_MQ-add,B6,MQ-add,leave_D,10,0,20380936,17,"[-3.8108303581388014, -10.536919266379583, -6.111463303447067, -3.6936507070853786, -7.194411267626378, -9.87246399061356]",True,2,`ftol` termination condition is satisfied.,86,0.004001910402707233,"[-0.5370769747574896, -1.483965969285645, -0.6696341153947759, -1.2880210507180312, -1.3321524713818933, -2.041516369375198]",True
B6_leave_D_50_MQ-add,B6,MQ-add,leave_D,10,0,20380936,18,"[-14.350979622627497, 1.189875820311638, 0.6226673565962457, -7.988625203762538, -2.1927038933903926, 0.808722630334227]",True,2,`ftol` termination condition is satisfied.,120,0.004001910402707235,"[-0.5370769744338554, -1.4839659692728941, -0.6696341153821005, -1.2880210507293937, -1.3321524702456848, -2.0415163693865437]",True
B6_leave_D_50_MQ-add,B6,MQ-add,leave_D,10,0,20380936,19,"[-6.996100584830323, -15.340323594658365, -15.67532694479047, -0.6525665041732189, -0.7910255514633153, -3.2455634249398315]",True,3,`xtol` termination condition is satisfied.,63,0.0040019104027072365,"[-0.537076967786499, -1.4839659725877592, -0.6696341154120434, -1.2880210479156613, -1.3321524516350434, -2.0415163693745613]",True
B6_leave_D_50_MQ-add,B6,MQ-add,leave_D,10,0,20380936,20,"[4.992552178013369, -4.327276838605027, -1.9069667693262584, -6.289186895708475, -5.3270514412684795, -16.770758600979892]",True,3,`xtol` termination condition is satisfied.,68,0.004001910402707235,"[-0.5370769762750188, -1.4839659694743033, -0.6696341155047147, -1.2880210505588414, -1.332152476952661, -2.0415163693824594]",True
B6_leave_D_50_MQ-add,B6,MQ-add,leave_D,10,0,20380936,21,"[0.956776709330299, -12.464682965921355, 3.4874252282633975, -3.9484170665481075, -4.221704449602805, -8.5953455892683]",True,2,`ftol` termination condition is satisfied.,83,0.004001910402707233,"[-0.5370769747475078, -1.483965969331454, -0.669634115392613, -1.288021050679869, -1.332152471403073, -2.041516369381415]",True
B6_leave_D_50_MQ-add,B6,MQ-add,leave_D,10,0,20380936,22,"[-11.297102598891993, -1.3958863962533137, -8.923342386057293, -0.0267084959139563, 0.79782035198029, 4.963181699116184]",True,2,`ftol` termination condition is satisfied.,124,0.004001910402707237,"[-0.5370769747175034, -1.483965969324782, -0.6696341153925879, -1.2880210506857217, -1.332152471290671, -2.041516369375537]",True
B6_leave_D_50_MQ-add,B6,MQ-add,leave_D,10,0,20380936,23,"[-13.177257869245416, -7.658148139415861, -4.7466804853393185, -6.979755853940391, -3.7797262873983444, -1.66788449955353]",True,3,`xtol` termination condition is satisfied.,133,0.004001910402707235,"[-0.5370769736443805, -1.4839659693834815, -0.6696341153466762, -1.2880210506361953, -1.3321524676388086, -2.0415163693837513]",True
B6_leave_D_50_MQ-add,B6,MQ-add,leave_D,10,0,20380936,24,"[-2.368759798410741, 4.124396760890061, -12.793881404760384, -1.7172744887166447, -8.29633400089617, -12.382566619309182]",True,2,`ftol` termination condition is satisfied.,81,0.004001910402707237,"[-0.5370769747410891, -1.483965969337339, -0.669634115397468, -1.2880210506754015, -1.3321524713910005, -2.041516369372756]",True
B6_leave_D_50_MQ-add,B6,MQ-add,leave_D,10,0,20380936,25,"[-0.34134458030493064, -16.21715617897541, -4.134397568722363, 0.7738915780335276, -1.7379426461733933, -14.556916137433147]",True,2,`ftol` termination condition is satisfied.,37,0.004001910402707236,"[-0.5370769747789641, -1.4839659693179996, -0.6696341153987013, -1.2880210506913496, -1.3321524715001893, -2.041516369380728]",True
B6_leave_D_50_MQ-add,B6,MQ-add,leave_D,10,0,20380936,26,"[-12.305832408777906, -4.436007366745857, -13.450678810484774, -4.712040216110928, -6.7582789069683935, -5.280953902332129]",True,2,`ftol` termination condition is satisfied.,138,0.004001910402707238,"[-0.5370769747075518, -1.483965969345765, -0.6696341153927554, -1.2880210506681096, -1.3321524712847457, -2.041516369386875]",True
B6_leave_D_50_MQ-add,B6,MQ-add,leave_D,10,0,20380936,27,"[-9.04081283741914, -9.62693285967653, 5.524424518831289, -2.145626673310593, -5.757069364391983, 1.4448049423240512]",True,2,`ftol` termination condition is satisfied.,129,0.004001910402707236,"[-0.5370769741945594, -1.4839659693194815, -0.6696341153675419, -1.288021050690235, -1.3321524694667364, -2.041516369383433]",True
B6_leave_D_50_MQ-add,B6,MQ-add,leave_D,10,0,20380936,28,"[1.5228056951676727, 1.443239417220049, -11.004872470410882, -6.58896154736653, -1.2396683820113443, -10.686297187592473]",True,2,`ftol` termination condition is satisfied.,29,0.004001910402707238,"[-0.5370769747005827, -1.4839659693535272, -0.6696341153937276, -1.288021050662579, -1.3321524712697301, -2.041516369378204]",True
B6_leave_D_50_MQ-add,B6,MQ-add,leave_D,10,0,20380936,29,"[3.00810382084299, -6.781816244593841, -16.265348880364943, -8.417127476335502, 0.03920926870449648, -13.15142582398229]",True,2,`ftol` termination condition is satisfied.,56,0.004001910402707238,"[-0.5370769747132755, -1.4839659693055565, -0.6696341153930869, -1.2880210507020264, -1.332152471254578, -2.041516369381906]",True
B6_leave_D_50_MQ-add,B6,MQ-add,leave_D,10,0,20380936,30,"[-7.821447623340132, 4.232627958259052, -1.2724303446443521, -3.30213338822203, -4.961690625454072, -1.07608051359691]",True,2,`ftol` termination condition is satisfied.,122,0.004001910402707231,"[-0.5370769744267055, -1.4839659692971616, -0.6696341153798278, -1.288021050708641, -1.3321524702475087, -2.0415163693803335]",True
B6_leave_D_50_MQ-add,B6,MQ-add,leave_D,10,0,20380936,31,"[-16.65334780605805, -13.374474395846836, -8.126201612972475, -5.4878546432509845, -7.555481155341957, 2.8836762821541235]",True,2,`ftol` termination condition is satisfied.,112,0.004001910402707233,"[-0.5370769742101795, -1.4839659692684224, -0.6696341153650249, -1.2880210507331729, -1.3321524694533275, -2.0415163693722236]",True
B6_leave_D_50_MQ-add,B6,MQ-add,leave_D,10,0,20380936,32,"[-4.419826204911603, -1.6490536576609607, 2.681936459907348, -1.4163305754945341, -3.0202445552851165, -6.33669251987919]",True,2,`ftol` termination condition is satisfied.,77,0.004001910402707237,"[-0.5370769747569987, -1.4839659692919875, -0.6696341153943404, -1.288021050712779, -1.3321524713903408, -2.041516369387901]",True
B6_leave_D_50_MQ-eff,B6,MQ-eff,leave_D,10,0,20480936,0,"[-1.0645853419132216, -1.5850904192371678, -0.38447496044445517, -1.2763503266496101, -2.3066169576643176, -1.146040733446924]",True,2,`ftol` termination condition is satisfied.,32,0.009608420887315172,"[-0.47673499325714336, -1.4839659693146197, -0.669634071663661, -1.2880210506940772, -1.3321523784424816, -13.815510557964272]",True
B6_leave_D_50_MQ-eff,B6,MQ-eff,leave_D,10,0,20480936,1,"[-7.348985071806213, 0.7163455883420653, 3.314744800993754, 0.04496717401234385, -2.3353392910228195, -8.523518086009823]",True,2,`ftol` termination condition is satisfied.,84,0.009608420887315169,"[-0.4767349932026831, -1.4839659692939455, -0.6696340716624871, -1.2880210507111385, -1.3321523782173363, -13.815510557964272]",True
B6_leave_D_50_MQ-eff,B6,MQ-eff,leave_D,10,0,20480936,2,"[-0.3916882466523859, -15.145064499880684, -9.191098067271316, -5.502866985069124, -7.5653163589657435, -1.1357040895443298]",True,2,`ftol` termination condition is satisfied.,32,0.009608420887315167,"[-0.4767349932893041, -1.4839659692836429, -0.6696340716620733, -1.2880210507201142, -1.332152378520323, -13.815510557948942]",True
B6_leave_D_50_MQ-eff,B6,MQ-eff,leave_D,10,0,20480936,3,"[0.10718975191379698, -3.859979197282213, -0.14036441170092573, -1.5976881743209796, -5.100598302393834, 2.6599054922925305]",True,2,`ftol` termination condition is satisfied.,43,0.009608420887315174,"[-0.47673499320449125, -1.4839659693371952, -0.6696340716598149, -1.2880210506748604, -1.3321523782743945, -13.815510557964268]",True
B6_leave_D_50_MQ-eff,B6,MQ-eff,leave_D,10,0,20480936,4,"[-15.374976173641684, -10.437985790560658, -16.830303625681264, -8.62868476077778, -0.6468391351697775, -12.824954827984689]",True,2,`ftol` termination condition is satisfied.,129,0.009608420887315179,"[-0.47673499322339685, -1.4839659693339846, -0.6696340716608736, -1.2880210506774887, -1.3321523783406337, -13.815510557964272]",True
B6_leave_D_50_MQ-eff,B6,MQ-eff,leave_D,10,0,20480936,5,"[-12.17100371669942, -0.49208653221895204, -7.91296735346034, -7.092832641827583, -0.15201193837095062, -6.559427784889461]",True,2,`ftol` termination condition is satisfied.,138,0.009608420887315177,"[-0.47673499319317664, -1.4839659693513632, -0.669634071654945, -1.288021050663304, -1.332152378245984, -13.815510557964272]",True
B6_leave_D_50_MQ-eff,B6,MQ-eff,leave_D,10,0,20480936,6,"[3.31099933191382, -8.138982357726563, 2.389270393583171, -3.0962694458541122, -5.576797483069313, -3.098107383624882]",True,2,`ftol` termination condition is satisfied.,78,0.009608420887315172,"[-0.47673499312681855, -1.4839659693235927, -0.6696340716550462, -1.288021050686634, -1.3321523779700297, -13.815510557909713]",True
B6_leave_D_50_MQ-eff,B6,MQ-eff,leave_D,10,0,20480936,7,"[-3.6017477834799205, 3.404923535016888, -11.720092871473447, -3.96002409526917, -6.942528439486835, 0.6976220215668221]",True,2,`ftol` termination condition is satisfied.,76,0.009608420887315169,"[-0.47673499310281475, -1.483965969327283, -0.6696340716521185, -1.2880210506838543, -1.3321523778844861, -13.815510557964236]",True
B6_leave_D_50_MQ-eff,B6,MQ-eff,leave_D,10,0,20480936,8,"[-10.559229564827808, -12.099959669041926, -5.604709678218219, -1.4606025945794068, -2.976752988361924, -10.860988154135198]",True,2,`ftol` termination condition is satisfied.,83,0.009608420887315176,"[-0.47673499326762836, -1.4839659693008875, -0.6696340716612051, -1.2880210507059004, -1.3321523784617633, -13.815510557964272]",True
B6_leave_D_50_MQ-eff,B6,MQ-eff,leave_D,10,0,20480936,9,"[-9.073147116191826, -5.564571296820716, -14.15901494329121, -3.795635773049857, -8.556646065885314, -11.754262809711157]",True,2,`ftol` termination condition is satisfied.,117,0.009608420887315172,"[-0.47673499335882563, -1.4839659692575844, -0.6696340716567208, -1.2880210507420284, -1.332152378737281, -13.815510557960183]",True
B6_leave_D_50_MQ-eff,B6,MQ-eff,leave_D,10,0,20480936,10,"[-4.965397001847316, -8.959638425657516, -3.1680512816928896, -6.430684722740814, -1.94007037665987, 1.6125766507663677]",True,2,`ftol` termination condition is satisfied.,68,0.009608420887315176,"[-0.47673499320190077, -1.4839659692921865, -0.6696340716555236, -1.2880210507130208, -1.332152378206057, -13.815510557964272]",True
B6_leave_D_50_MQ-eff,B6,MQ-eff,leave_D,10,0,20480936,11,"[4.663409192064478, 2.7790482488411037, -6.163466904930088, -0.6628263738197688, -1.1887358335933316, -2.0671497199944824]",True,2,`ftol` termination condition is satisfied.,27,0.009608420887315172,"[-0.47673499321588936, -1.4839659693298084, -0.6696340716515906, -1.288021050681873, -1.332152378299626, -13.81551055796425]",True
B6_leave_D_50_MQ-eff,B6,MQ-eff,leave_D,10,0,20480936,12,"[-13.668108127841949, -16.97765278210301, 0.64342486797036, -4.7950164503466475, -3.9626409890535923, -7.5842891678792475]",True,2,`ftol` termination condition is satisfied.,118,0.009608420887315186,"[-0.4767349929923471, -1.483965969291713, -0.6696340716527729, -1.288021050714582, -1.3321523774389228, -13.815510557964272]",True
B6_leave_D_50_MQ-eff,B6,MQ-eff,leave_D,10,0,20480936,13,"[-16.87190666821606, 4.3535152587596215, -2.577187213732085, -6.1579513009337905, -5.777557279491165, -9.790288706338178]",True,2,`ftol` termination condition is satisfied.,123,0.00960842088731517,"[-0.4767349931132248, -1.4839659693055847, -0.6696340716532111, -1.2880210507015502, -1.3321523778966187, -13.815510557964272]",True
B6_leave_D_50_MQ-eff,B6,MQ-eff,leave_D,10,0,20480936,14,"[1.4594256954963072, -12.910267679937864, -14.391564981493973, 0.7374179786337631, 0.6448085084955739, -0.34969903381872314]",True,2,`ftol` termination condition is satisfied.,31,0.009608420887315172,"[-0.47673499328781316, -1.483965969286012, -0.6696340716686472, -1.288021050718308, -1.3321523785239857, -13.815510557964272]",True
B6_leave_D_50_MQ-eff,B6,MQ-eff,leave_D,10,0,20480936,15,"[-1.7551635484516304, -1.7977127081567907, 5.060798211254433, -7.800610344177711, -3.6270094594316182, -4.029545227934417]",True,3,`xtol` termination condition is satisfied.,98,0.009608420887315169,"[-0.47673499322263446, -1.483965969175921, -0.6696340716552768, -1.2880210508122858, -1.3321523781418283, -13.815510557904942]",True
B6_leave_D_50_MQ-eff,B6,MQ-eff,leave_D,10,0,20480936,16,"[-5.863076539738383, -6.9733355811749895, -10.940458567313133, -2.388402923537707, -6.888332725445774, -5.620191437235395]",True,2,`ftol` termination condition is satisfied.,31,0.009608420887315169,"[-0.4767349932121759, -1.4839659692858587, -0.6696340716582088, -1.2880210507177952, -1.332152378238145, -13.815510557963929]",True
B6_leave_D_50_MQ-eff,B6,MQ-eff,leave_D,10,0,20480936,17,"[-6.7699867759122245, -2.701973370422561, -3.706388215142036, -4.3462171634280224, -0.590150493371226, -0.8772783825486314]",True,1,`gtol` termination condition is satisfied.,93,0.00960842088731517,"[-0.4767349932654157, -1.4839659692895386, -0.6696340716608364, -1.2880210507152092, -1.3321523784393732, -13.815510557964272]",True
B6_leave_D_50_MQ-eff,B6,MQ-eff,leave_D,10,0,20480936,18,"[-2.3070664200475726, -6.074434062846155, -13.261497199609845, -1.1127797518522113, -4.56064651253584, -9.25739718887678]",True,2,`ftol` termination condition is satisfied.,29,0.009608420887315169,"[-0.4767349931573774, -1.4839659693243845, -0.6696340716567922, -1.2880210506859844, -1.3321523780841373, -13.815510557959238]",True
B6_leave_D_50_MQ-eff,B6,MQ-eff,leave_D,10,0,20480936,19,"[2.3779887663372357, 5.614136446518913, 1.1706744928196038, -7.472052276794097, -7.958453238858181, -5.079937202559289]",True,2,`ftol` termination condition is satisfied.,112,0.009608420887315176,"[-0.47673499323202645, -1.483965969228124, -0.6696340716535184, -1.2880210507654095, -1.332152378235444, -13.815510557964185]",True
B6_leave_D_50_MQ-eff,B6,MQ-eff,leave_D,10,0,20480936,20,"[-16.310785793907137, -14.165181890623916, -7.049810296807276, -2.7554427742306213, -2.5388430204268593, -4.54781472993338]",True,2,`ftol` termination condition is satisfied.,110,0.00960842088731517,"[-0.4767349931173605, -1.4839659693053378, -0.6696340716603424, -1.2880210507019816, -1.3321523779182636, -13.815510557964272]",True
B6_leave_D_50_MQ-eff,B6,MQ-eff,leave_D,10,0,20480936,21,"[-13.106465333988176, 1.5352701334094476, -15.277778063325346, -1.9396173148938871, -3.033587046209262, 1.1492513279124434]",True,2,`ftol` termination condition is satisfied.,145,0.009608420887315174,"[-0.4767349932456771, -1.4839659693723504, -0.669634071661091, -1.2880210506465255, -1.3321523784691118, -13.815510557964272]",True
B6_leave_D_50_MQ-eff,B6,MQ-eff,leave_D,10,0,20480936,22,"[5.582841675905765, -15.750429010321396, -2.049807278837026, -8.25056823426444, -7.482334955407986, -11.281764343358502]",True,2,`ftol` termination condition is satisfied.,64,0.00960842088731517,"[-0.4767349868336822, -1.483965970203712, -0.6696340718759677, -1.2880210499565714, -1.3321523563027524, -13.815510557964272]",True
B6_leave_D_50_MQ-eff,B6,MQ-eff,leave_D,10,0,20480936,23,"[-5.516778293579206, -4.67679500396077, -10.043158176881857, -0.303935968200685, -5.183514973960169, -7.104424180395857]",True,2,`ftol` termination condition is satisfied.,55,0.009608420887315174,"[-0.47673499318939083, -1.4839659693219533, -0.6696340716555088, -1.2880210506882883, -1.332152378197043, -13.815510557964272]",True
B6_leave_D_50_MQ-eff,B6,MQ-eff,leave_D,10,0,20480936,24,"[-9.979187599684515, -9.83051254173112, 4.522243924555198, -5.117753719004294, 0.0513460197044342, -2.5211613922014298]",True,2,`ftol` termination condition is satisfied.,46,0.009608420887315174,"[-0.47673499312815854, -1.4839659693563927, -0.669634071654402, -1.2880210506586738, -1.3321523780143367, -13.815510557964272]",True
B6_leave_D_50_MQ-eff,B6,MQ-eff,leave_D,10,0,20480936,25,"[-11.432050625080535, 3.580125603914368, -9.72113022983067, -7.583839762932808, -4.501866622395292, -3.6407215321423294]",True,2,`ftol` termination condition is satisfied.,130,0.009608420887315174,"[-0.4767349932969193, -1.4839659692968996, -0.669634071653703, -1.28802105070839, -1.3321523785566798, -13.815510557964272]",True
B6_leave_D_50_MQ-eff,B6,MQ-eff,leave_D,10,0,20480936,26,"[-4.119561818835548, -12.25867261300242, 4.19830565516083, -2.6437074431761074, -1.244990998428463, -6.041571423832725]",True,2,`ftol` termination condition is satisfied.,45,0.009608420887315169,"[-0.47673499321488355, -1.4839659692745215, -0.6696340716604727, -1.2880210507271126, -1.3321523782361206, -13.815510557964272]",True
B6_leave_D_50_MQ-eff,B6,MQ-eff,leave_D,10,0,20480936,27,"[4.1746032386555605, -1.0236491266099534, -16.28918406960181, -5.948158700463498, -1.737292874828098, -10.336860799763459]",True,2,`ftol` termination condition is satisfied.,41,0.009608420887315183,"[-0.4767349933206214, -1.4839659692683829, -0.6696340716683742, -1.2880210507329997, -1.3321523786218885, -13.815510557963789]",True
B6_leave_D_50_MQ-eff,B6,MQ-eff,leave_D,10,0,20480936,28,"[-11.66484166680889, -7.62425672140885, -1.0350995327519783, 0.48910508251679374, -8.163942591900321, 0.16322599588061948]",True,2,`ftol` termination condition is satisfied.,111,0.009608420887315169,"[-0.47673499326802043, -1.483965969317402, -0.6696340716584525, -1.2880210506918286, -1.3321523784808829, -13.81551055796427]",True
B6_leave_D_50_MQ-eff,B6,MQ-eff,leave_D,10,0,20480936,29,"[-14.869683876432305, -3.311867014772332, 1.4947527107024072, -0.41574384740365566, -6.348961391831393, -1.6140607648868883]",True,2,`ftol` termination condition is satisfied.,113,0.009608420887315176,"[-0.47673499335956715, -1.4839659691679852, -0.6696340716638765, -1.288021050818603, -1.3321523786375131, -13.815510557964272]",True
B6_leave_D_50_MQ-eff,B6,MQ-eff,leave_D,10,0,20480936,30,"[0.9702720787914849, -10.980673610420547, -7.371630359210597, -5.006038923125983, -3.570899852757221, -8.066050615528676]",True,2,`ftol` termination condition is satisfied.,27,0.009608420887315172,"[-0.47673499329264085, -1.4839659693315932, -0.6696340716655544, -1.2880210506803929, -1.332152378594649, -13.815510557964132]",True
B6_leave_D_50_MQ-eff,B6,MQ-eff,leave_D,10,0,20480936,31,"[-0.9103716950083651, 0.5242352284038923, -4.721279388857553, -3.541574697411348, 0.44188566167098564, -12.361220168104564]",True,2,`ftol` termination condition is satisfied.,35,0.00960842088731518,"[-0.47673499335360886, -1.4839659693416496, -0.6696340716624898, -1.2880210506716168, -1.3321523788265235, -13.815510557964268]",True
B6_leave_D_50_MQ-eff,B6,MQ-eff,leave_D,10,0,20480936,32,"[-8.22232805160379, -14.958726335728809, -12.250255598839214, -6.648699387489365, -6.170115266371395, 2.1897631358651886]",True,2,`ftol` termination condition is satisfied.,38,0.00960842088731517,"[-0.4767349931995914, -1.4839659693430487, -0.6696340716609381, -1.288021050669777, -1.3321523782646458, -13.815510557964272]",True
B6_leave_D_150_M0_6,B6,M0_6,leave_D,11,0,20280937,0,"[-1.077982058423061, -1.5984871357470072, -0.39787167695429476, -1.2763503266496101, -2.3066169576643176]",True,2,`ftol` termination condition is satisfied.,24,0.011982666708877102,"[-0.46409900495973655, -1.4801380897162684, -0.6713038846529327, -1.3161696478504141, -1.2022599614219736]",True
B6_leave_D_150_M0_6,B6,M0_6,leave_D,11,0,20280937,1,"[-11.02417988446188, -0.506489422619925, -0.8275002379840899, -6.817359665862709, -0.1295314095023219]",True,2,`ftol` termination condition is satisfied.,65,0.011982666708877102,"[-0.46409900661610026, -1.480138089224343, -0.6713038857990925, -1.3161696482699536, -1.2022599680771173]",True
B6_leave_D_150_M0_6,B6,M0_6,leave_D,11,0,20280937,2,"[4.708095623345429, -16.23337644656144, -6.789759319124796, -3.3299649470149895, -4.706326552028283]",True,2,`ftol` termination condition is satisfied.,48,0.011982666708877102,"[-0.46409900531179094, -1.4801380918796956, -0.671303885473904, -1.3161696459979906, -1.202259966200936]",True
B6_leave_D_150_M0_6,B6,M0_6,leave_D,11,0,20280937,3,"[-3.043319962221105, 1.4607184569201834, 0.7443885097637164, -4.878992406594795, -8.414146127583455]",True,2,`ftol` termination condition is satisfied.,71,0.011982666708877104,"[-0.464099006367099, -1.4801380893581377, -0.6713038856377249, -1.3161696481555594, -1.2022599671616463]",True
B6_leave_D_150_M0_6,B6,M0_6,leave_D,11,0,20280937,4,"[-12.954086184321946, -8.456044022912788, -16.241981898646873, -0.49983378631452524, -3.6134634197907562]",True,2,`ftol` termination condition is satisfied.,84,0.011982666708877104,"[-0.46409900647666624, -1.4801380893149236, -0.6713038857109948, -1.316169648192999, -1.2022599675863188]",True
B6_leave_D_150_M0_6,B6,M0_6,leave_D,11,0,20280937,5,"[-16.026786322211887, 5.2739879725821375, -9.564207170140712, 0.05892831376560004, -2.532201285398582]",True,2,`ftol` termination condition is satisfied.,86,0.011982666708877102,"[-0.464099006539002, -1.4801380892764735, -0.6713038857485794, -1.3161696482258984, -1.2022599678068326]",True
B6_leave_D_150_M0_6,B6,M0_6,leave_D,11,0,20280937,6,"[-0.2377271398235905, -10.432118696451653, -3.7961252579785985, -5.437770227808953, -7.109434736694126]",True,2,`ftol` termination condition is satisfied.,50,0.0119826667088771,"[-0.4640990066035052, -1.4801380892248808, -0.6713038857835635, -1.3161696482689555, -1.2022599680163188]",True
B6_leave_D_150_M0_6,B6,M0_6,leave_D,11,0,20280937,7,"[1.9038084490120326, -4.318432866909829, -13.289442123121512, -1.579066944043059, -6.011077201342706]",True,2,`ftol` termination condition is satisfied.,32,0.011982666708877102,"[-0.46409900735540777, -1.480138089284735, -0.6713038863758263, -1.3161696482194087, -1.2022599714580924]",True
B6_leave_D_150_M0_6,B6,M0_6,leave_D,11,0,20280937,8,"[-7.952782677189685, -14.258758281820736, 3.5349216052487797, -8.568246672922815, -1.2108315943680488]",True,2,`ftol` termination condition is satisfied.,81,0.011982666708877102,"[-0.4640990076638644, -1.4801380882244817, -0.6713038863420918, -1.316169649125831, -1.2022599712597664]",True
B6_leave_D_150_M0_6,B6,M0_6,leave_D,11,0,20280937,9,"[-6.838073116718517, 0.20642127640218888, -12.559800191674231, -6.2943417045633065, -4.192748216868859]",True,2,`ftol` termination condition is satisfied.,52,0.011982666708877102,"[-0.46409900647059943, -1.4801380893072258, -0.671303885704014, -1.316169648199855, -1.202259967547642]",True
B6_leave_D_150_M0_6,B6,M0_6,leave_D,11,0,20280937,10,"[0.1681994165224161, -6.973590044552168, 4.275005324401047, 0.7659258304139485, 0.5332815224359564]",True,3,`xtol` termination condition is satisfied.,30,0.011982666708877102,"[-0.464099000219241, -1.4801380903885966, -0.67130388120043, -1.316169647274579, -1.2022599412981245]",True
B6_leave_D_150_M0_6,B6,M0_6,leave_D,11,0,20280937,11,"[-2.0646260659140303, -2.100271744167973, -10.229892472533383, -7.934679535690541, -2.911847051917303]",True,2,`ftol` termination condition is satisfied.,66,0.011982666708877102,"[-0.46409900653052494, -1.480138089244565, -0.6713038857335569, -1.3161696482535357, -1.2022599677213868]",True
B6_leave_D_150_M0_6,B6,M0_6,leave_D,11,0,20280937,12,"[-15.003714488477844, -14.86779440199805, -4.422161659002493, -2.3622364637705457, -7.861325514799475]",True,2,`ftol` termination condition is satisfied.,117,0.011982666708877102,"[-0.4640990064242222, -1.48013808926284, -0.6713038856565964, -1.3161696482369896, -1.202259967274179]",True
B6_leave_D_150_M0_6,B6,M0_6,leave_D,11,0,20280937,13,"[-11.843331782132818, -5.412705022698114, 1.5446459603128098, -2.995578628910235, -6.55831044315409]",True,2,`ftol` termination condition is satisfied.,97,0.011982666708877102,"[-0.4640990067325059, -1.4801380892045097, -0.6713038858805458, -1.3161696482873209, -1.2022599685642525]",True
B6_leave_D_150_M0_6,B6,M0_6,leave_D,11,0,20280937,14,"[-4.779753824606448, -12.56897405711363, -15.4841641668961, -7.301321080969036, -1.8324267594018204]",True,2,`ftol` termination condition is satisfied.,37,0.011982666708877102,"[-0.4640990081990485, -1.480138089085218, -0.6713038869740343, -1.3161696483894785, -1.2022599749249119]",True
B6_leave_D_150_M0_6,B6,M0_6,leave_D,11,0,20280937,15,"[2.8848067398471002, 3.5174415252762046, -1.5137130878511904, -1.05955280606533, -0.5461768205530788]",True,2,`ftol` termination condition is satisfied.,32,0.011982666708877106,"[-0.4640990076892808, -1.4801380889820166, -0.671303886554928, -1.3161696484778396, -1.2022599724974983]",True
B6_leave_D_150_M0_6,B6,M0_6,leave_D,11,0,20280937,16,"[-9.999932670249434, -9.271040838922502, -7.483617704374584, -4.468874632443637, -5.495802546939338]",True,2,`ftol` termination condition is satisfied.,88,0.011982666708877102,"[-0.4640990076535229, -1.4801380882954038, -0.6713038863558175, -1.3161696490655919, -1.2022599713223123]",True
B6_leave_D_150_M0_6,B6,M0_6,leave_D,11,0,20280937,17,"[-8.817441441416985, 2.917418155690182, 5.3042875421497335, -1.9933047033859488, -3.8773740168316158]",True,2,`ftol` termination condition is satisfied.,85,0.011982666708877102,"[-0.46409900631292594, -1.4801380893341893, -0.671303885589209, -1.316169648176638, -1.2022599668839622]",True
B6_leave_D_150_M0_6,B6,M0_6,leave_D,11,0,20280937,18,"[3.9316429606018524, -9.871063529146932, -11.541562355364704, -8.154605108721562, -8.092037793107018]",True,2,`ftol` termination condition is satisfied.,33,0.011982666708877102,"[-0.464099006519169, -1.48013808929195, -0.6713038857356584, -1.3161696482126268, -1.2022599677398698]",True
B6_leave_D_150_M0_6,B6,M0_6,leave_D,11,0,20280937,19,"[-5.116315205634969, -4.815485378411925, -5.540490518367497, -0.0549354545507903, -5.020315746803383]",True,2,`ftol` termination condition is satisfied.,35,0.011982666708877104,"[-0.4640990070166754, -1.4801380875755943, -0.6713038856797868, -1.3161696496810795, -1.202259967411094]",True
B6_leave_D_150_M0_6,B6,M0_6,leave_D,11,0,20280937,20,"[-12.311374003763024, -11.971756450912224, -11.33717423301285, -5.32447423224499, 0.1634547232511867]",True,4,Both `ftol` and `xtol` termination conditions are satisfied.,89,0.0119826667088771,"[-0.46409901417839106, -1.4801380879488353, -0.6713038912852973, -1.3161696493614667, -1.2022599999085783]",True
B6_leave_D_150_M0_6,B6,M0_6,leave_D,11,0,20280937,21,"[-15.205990369482649, -2.883926552703681, -14.454534073551011, -4.691201435498963, -1.5115213137286725]",True,2,`ftol` termination condition is satisfied.,78,0.0119826667088771,"[-0.46409900758097045, -1.4801380891960256, -0.6713038865266002, -1.3161696482944862, -1.202259972332263]",True
B6_leave_D_150_M0_6,B6,M0_6,leave_D,11,0,20280937,22,"[-2.488819742639656, -15.651453966064919, 2.563231672218741, -0.6882200288243467, -5.726619988086952]",True,2,`ftol` termination condition is satisfied.,81,0.011982666708877106,"[-0.4640990062247952, -1.4801380892835958, -0.6713038855122936, -1.3161696482187928, -1.2022599664187]",True
B6_leave_D_150_M0_6,B6,M0_6,leave_D,11,0,20280937,23,"[1.3054504282242796, 0.9873158387800984, -8.60229443933599, -6.329198114427082, -7.385694364454326]",True,2,`ftol` termination condition is satisfied.,41,0.011982666708877102,"[-0.46409900648624575, -1.4801380892803235, -0.6713038857084186, -1.3161696482222989, -1.2022599675766366]",True
B6_leave_D_150_M0_6,B6,M0_6,leave_D,11,0,20280937,24,"[-5.924130723761479, -6.192692085366286, -2.6213427239270572, -3.8186956212665324, -2.2023598583222315]",True,2,`ftol` termination condition is satisfied.,79,0.011982666708877106,"[-0.4640990094269295, -1.480138088820184, -0.6713038878481306, -1.3161696486162484, -1.2022599800060725]",True
B6_leave_D_150_M0_6,B6,M0_6,leave_D,11,0,20280937,25,"[-7.66461358124908, -3.493012945638977, -6.3833602667899285, -1.469701258632841, -7.5977446174734355]",True,2,`ftol` termination condition is satisfied.,65,0.011982666708877102,"[-0.4640990069251418, -1.480138089142241, -0.6713038860144989, -1.3161696483405083, -1.2022599693325529]",True
B6_leave_D_150_M0_6,B6,M0_6,leave_D,11,0,20280937,26,"[2.4138950009926603, -13.433340398634668, -0.43231812493333877, -4.058131121630056, -3.233702995577568]",True,2,`ftol` termination condition is satisfied.,39,0.011982666708877102,"[-0.46409900640443524, -1.4801380893171554, -0.6713038856591425, -1.3161696481904315, -1.2022599672700378]",True
B6_leave_D_150_M0_6,B6,M0_6,leave_D,11,0,20280937,27,"[-1.4608713664612516, 4.445807805153489, -16.559334309365425, -3.110039373983968, 0.8469410174962366]",True,2,`ftol` termination condition is satisfied.,70,0.011982666708877104,"[-0.46409900687935435, -1.4801380890369829, -0.6713038859493536, -1.3161696484305752, -1.202259968969446]",True
B6_leave_D_150_M0_6,B6,M0_6,leave_D,11,0,20280937,28,"[-17.02662159042392, -11.260298184518707, 0.4382503208829114, -7.186291426247305, -4.4854819588061945]",True,2,`ftol` termination condition is satisfied.,100,0.011982666708877102,"[-0.46409900476547106, -1.4801380897301513, -0.6713038845055129, -1.3161696478370764, -1.2022599605744881]",True
B6_leave_D_150_M0_6,B6,M0_6,leave_D,11,0,20280937,29,"[-14.044336243481101, 2.102458025206559, -3.3900740812401313, -7.745129680566517, -5.194783127863895]",True,2,`ftol` termination condition is satisfied.,102,0.011982666708877102,"[-0.46409900627165346, -1.4801380894191387, -0.6713038855817202, -1.316169648105122, -1.2022599668285125]",True
B6_leave_D_150_M0_6,B6,M0_6,leave_D,11,0,20280937,30,"[-3.9979153529833553, -7.81430105781844, -9.169372932686365, -2.5511899105850118, -0.830886424625005]",True,2,`ftol` termination condition is satisfied.,24,0.011982666708877099,"[-0.46409900659585096, -1.4801380891373275, -0.6713038857567741, -1.3161696483443637, -1.202259967853795]",True
B6_leave_D_150_M0_6,B6,M0_6,leave_D,11,0,20280937,31,"[4.952415834700652, -1.1510327162061351, 3.2179170701266315, -5.809103005049936, -1.5558374319268014]",True,2,`ftol` termination condition is satisfied.,22,0.011982666708877102,"[-0.4640990040524494, -1.4801380898420902, -0.67130388398868, -1.3161696477419422, -1.202259957563489]",True
B6_leave_D_150_M0_6,B6,M0_6,leave_D,11,0,20280937,32,"[-10.648378492824172, -16.877924495678812, -13.595232436405919, 0.2812551168209261, -6.888404261046613]",True,2,`ftol` termination condition is satisfied.,34,0.011982666708877099,"[-0.4640990068761757, -1.480138089139103, -0.6713038859758249, -1.3161696483431324, -1.2022599691093383]",True
B6_leave_D_150_MQ-add,B6,MQ-add,leave_D,11,0,20380937,0,"[-1.077982058423061, -1.5984871357470072, -0.39787167695429476, -1.2763503266496101, -2.3066169576643176, 0.17795482805396273]",True,2,`ftol` termination condition is satisfied.,23,0.0050282575885762185,"[-0.5251745953740041, -1.4801380875115198, -0.6713038861093253, -1.3161696497357254, -1.2022599699078378, -2.0171587424073065]",True
B6_leave_D_150_MQ-add,B6,MQ-add,leave_D,11,0,20380937,1,"[-1.1478040714590918, -9.038754159487794, 0.2604335590492184, -3.158139125043535, -7.0313540191856845, -8.423147657340984]",True,2,`ftol` termination condition is satisfied.,62,0.005028257588576222,"[-0.5251745951618404, -1.4801380890912184, -0.6713038863616876, -1.3161696483837106, -1.202259971364971, -2.017158742409847]",True
B6_leave_D_150_MQ-add,B6,MQ-add,leave_D,11,0,20380937,2,"[-12.840131790121651, 1.4838821396811461, -12.13587263362314, -5.5434561020163144, -2.9454409747804178, 2.226533994270355]",True,2,`ftol` termination condition is satisfied.,70,0.00502825758857622,"[-0.5251745942800303, -1.4801380893397886, -0.6713038857870253, -1.3161696481720422, -1.2022599680330162, -2.0171587424050066]",True
B6_leave_D_150_MQ-add,B6,MQ-add,leave_D,11,0,20380937,3,"[-8.566781894724489, -11.61124674571133, -1.7565175797992971, -1.4431646949481998, 0.1389221511736718, -0.6625497143151229]",True,2,`ftol` termination condition is satisfied.,86,0.005028257588576218,"[-0.5251745941167276, -1.4801380892521676, -0.6713038856465334, -1.3161696482453136, -1.2022599672176268, -2.0171587424067243]",True
B6_leave_D_150_MQ-add,B6,MQ-add,leave_D,11,0,20380937,4,"[3.126850707720397, -1.0969364050219035, -9.395423136375197, -8.594819404097723, -5.363219144704386, -16.920692855648394]",True,2,`ftol` termination condition is satisfied.,43,0.0050282575885762185,"[-0.525174593529976, -1.480138089948094, -0.6713038854038744, -1.3161696476518203, -1.2022599657929238, -2.01715874240631]",True
B6_leave_D_150_MQ-add,B6,MQ-add,leave_D,11,0,20380937,5,"[2.357994857395159, -16.923618038063267, -16.684980962435333, -7.12629299722541, -4.950277046619561, -8.950915040645313]",True,2,`ftol` termination condition is satisfied.,39,0.0050282575885762185,"[-0.5251745967176242, -1.48013808911639, -0.6713038874928019, -1.3161696483633811, -1.2022599779298662, -2.0171587424100323]",True
B6_leave_D_150_MQ-add,B6,MQ-add,leave_D,11,0,20380937,6,"[-9.266823340914799, -4.956751000366719, 5.512131194791088, 0.02546943277921443, -0.8723725965856035, 3.463870742745293]",True,2,`ftol` termination condition is satisfied.,69,0.005028257588576217,"[-0.5251745941521336, -1.480138089307559, -0.6713038856850386, -1.3161696481992258, -1.2022599674499845, -2.017158742416653]",True
B6_leave_D_150_MQ-add,B6,MQ-add,leave_D,11,0,20380937,7,"[-16.391361964094795, -7.934125836785464, -7.694404797273661, -3.9210767443426358, -2.539343041309012, -5.1241110285403515]",True,2,`ftol` termination condition is satisfied.,94,0.0050282575885762185,"[-0.5251745942014634, -1.480138089282979, -0.6713038857171318, -1.316169648219705, -1.2022599676231727, -2.017158742419372]",True
B6_leave_D_150_MQ-add,B6,MQ-add,leave_D,11,0,20380937,8,"[-4.765064965434359, 4.02993649902896, -4.1574098175379355, -1.535868625120524, -8.031147949139573, -11.749562091332361]",True,3,`xtol` termination condition is satisfied.,84,0.005028257588576217,"[-0.5251745913563287, -1.4801380912147395, -0.6713038841585087, -1.316169646567389, -1.2022599585579377, -2.017158742415485]",True
B6_leave_D_150_MQ-add,B6,MQ-add,leave_D,11,0,20380937,9,"[-4.032579332503428, -13.320245694071907, -6.3243832733016205, 0.28890162771771166, -3.347676820714174, -15.337662131922395]",True,2,`ftol` termination condition is satisfied.,30,0.005028257588576217,"[-0.5251745945501589, -1.4801380894361458, -0.671303886007066, -1.3161696480896714, -1.2022599693132965, -2.0171587424223225]",True
B6_leave_D_150_MQ-add,B6,MQ-add,leave_D,11,0,20380937,10,"[-15.646253792741055, -2.7836698291093356, -5.548140066229598, -6.8628605358270125, -6.4987475517188305, -1.4999131520952442]",True,2,`ftol` termination condition is satisfied.,125,0.005028257588576217,"[-0.5251745954987079, -1.480138087957451, -0.6713038863139095, -1.316169649354594, -1.2022599710962927, -2.017158742419484]",True
B6_leave_D_150_MQ-add,B6,MQ-add,leave_D,11,0,20380937,11,"[-11.372642512970472, -10.202166091154595, -15.11495555493045, -2.4692870212317652, -5.70493166226154, 1.3112559339587477]",True,2,`ftol` termination condition is satisfied.,30,0.005028257588576217,"[-0.525174594489373, -1.4801380891801839, -0.6713038858958844, -1.3161696483084675, -1.2022599686756854, -2.0171587424178]",True
B6_leave_D_150_MQ-add,B6,MQ-add,leave_D,11,0,20380937,12,"[0.24250972857523934, 0.3427356473672951, 3.965919704013153, -4.854495406913776, 0.6482216377496837, -6.739940990360214]",True,2,`ftol` termination condition is satisfied.,21,0.005028257588576217,"[-0.5251745935172871, -1.4801380894187013, -0.6713038852585121, -1.3161696481036265, -1.2022599649526773, -2.0171587424069806]",True
B6_leave_D_150_MQ-add,B6,MQ-add,leave_D,11,0,20380937,13,"[5.2619014504572625, -6.938358055049079, -0.12143752506295513, -5.80157670309551, -1.257123255138108, -13.38798524201434]",True,2,`ftol` termination condition is satisfied.,31,0.0050282575885762185,"[-0.5251745927954874, -1.4801380902560284, -0.6713038849509365, -1.3161696473877944, -1.2022599631677147, -2.01715874240584]",True
B6_leave_D_150_MQ-add,B6,MQ-add,leave_D,11,0,20380937,14,"[-6.4638323460433025, 5.00343603904582, -11.05397487943533, -3.4162600281106146, -4.3978667287878, -4.164745118202557]",True,2,`ftol` termination condition is satisfied.,80,0.005028257588576215,"[-0.5251745941996557, -1.4801380892941227, -0.6713038857198327, -1.3161696482110559, -1.2022599676318566, -2.017158742412054]",True
B6_leave_D_150_MQ-add,B6,MQ-add,leave_D,11,0,20380937,15,"[-13.587935668281727, -15.048364913594293, 1.3845469063993683, -7.665548420783799, -8.392600686437794, 4.3453220305516]",True,2,`ftol` termination condition is satisfied.,101,0.005028257588576222,"[-0.5251745924144359, -1.480138089710818, -0.6713038845402014, -1.3161696478534135, -1.2022599607667954, -2.017158742421631]",True
B6_leave_D_150_MQ-add,B6,MQ-add,leave_D,11,0,20380937,16,"[-1.8608980070412269, -3.10376603269707, -13.23893502785052, -0.513893409646391, -2.047446850105347, -10.489162248072523]",True,2,`ftol` termination condition is satisfied.,24,0.0050282575885762185,"[-0.5251745951400708, -1.4801380891808489, -0.6713038863687291, -1.3161696483081178, -1.2022599714082798, -2.017158742415664]",True
B6_leave_D_150_MQ-add,B6,MQ-add,leave_D,11,0,20380937,17,"[-2.7629869413603476, -14.909035599563662, -4.846304638369139, -4.296070378605671, -5.687618723440888, -3.0200014487067808]",True,2,`ftol` termination condition is satisfied.,46,0.00502825758857622,"[-0.5251745939570703, -1.4801380893707812, -0.6713038855646866, -1.316169648145658, -1.2022599667312432, -2.0171587424248503]",True
B6_leave_D_150_MQ-add,B6,MQ-add,leave_D,11,0,20380937,18,"[-14.110919093388974, -4.032980410604685, -7.008294679617652, -1.9106075947762502, -0.11664962774325538, -13.853708908673319]",True,2,`ftol` termination condition is satisfied.,102,0.005028257588576222,"[-0.5251745942550531, -1.4801380892821132, -0.671303885753996, -1.3161696482198768, -1.2022599678433312, -2.0171587424109814]",True
B6_leave_D_150_MQ-add,B6,MQ-add,leave_D,11,0,20380937,19,"[-6.986467938014249, -6.097797350535554, 3.259726596126008, -7.3473600666990295, -3.290363934428636, -10.964588514561743]",True,2,`ftol` termination condition is satisfied.,93,0.005028257588576215,"[-0.5251745943228789, -1.4801380892612006, -0.6713038857988601, -1.316169648239114, -1.2022599680982966, -2.0171587424112887]",True
B6_leave_D_150_MQ-add,B6,MQ-add,leave_D,11,0,20380937,20,"[4.3601603492744445, 4.775453815902889, -14.435361066945443, -0.1958523013017146, -7.298417396395502, 5.477580435126722]",True,2,`ftol` termination condition is satisfied.,59,0.0050282575885762185,"[-0.525174594401742, -1.4801380892114502, -0.6713038858453021, -1.3161696482815257, -1.202259968358542, -2.017158742417473]",True
B6_leave_D_150_MQ-add,B6,MQ-add,leave_D,11,0,20380937,21,"[0.7880696981855415, -11.409994641399141, -10.303431603026384, -1.2221340061327686, -7.778918358969688, -2.8546975933186136]",True,2,`ftol` termination condition is satisfied.,29,0.005028257588576217,"[-0.5251745944717051, -1.4801380888053552, -0.6713038857877126, -1.3161696486290853, -1.2022599680445294, -2.0171587424137347]",True
B6_leave_D_150_MQ-add,B6,MQ-add,leave_D,11,0,20380937,22,"[-10.49382578942701, 0.9158130522060262, -0.8457298448656694, -8.373461289358607, -2.216239807744315, -14.728580770508906]",True,2,`ftol` termination condition is satisfied.,125,0.005028257588576217,"[-0.5251745954482033, -1.4801380879289812, -0.6713038862683336, -1.3161696493782098, -1.2022599708386301, -2.0171587424123842]",True
B6_leave_D_150_MQ-add,B6,MQ-add,leave_D,11,0,20380937,23,"[-14.767089236061292, -13.804581108509282, -13.985465570082308, -2.7831091101223118, -0.6042766339758359, -6.140562313697167]",True,2,`ftol` termination condition is satisfied.,81,0.005028257588576218,"[-0.5251745941638932, -1.4801380893086005, -0.671303885698476, -1.3161696481984206, -1.2022599675026864, -2.017158742406925]",True
B6_leave_D_150_MQ-add,B6,MQ-add,leave_D,11,0,20380937,24,"[-3.4866715297568245, -1.487100052745225, 2.1128057637908277, -5.1687535130187765, -4.601711757794256, -0.05601385710547291]",True,2,`ftol` termination condition is satisfied.,87,0.005028257588576217,"[-0.5251745974542041, -1.4801380890863212, -0.6713038880279765, -1.3161696483860592, -1.2022599809833419, -2.017158742412104]",True
B6_leave_D_150_MQ-add,B6,MQ-add,leave_D,11,0,20380937,25,"[-5.666153879486615, -7.794797456877026, -12.861348825924185, -8.035594285533396, 0.3798482726212402, 3.5768910996735706]",True,2,`ftol` termination condition is satisfied.,27,0.005028257588576217,"[-0.5251745946541023, -1.4801380892382379, -0.6713038860293319, -1.3161696482588043, -1.2022599694507081, -2.0171587424097326]",True
B6_leave_D_150_MQ-add,B6,MQ-add,leave_D,11,0,20380937,26,"[-16.914649743196307, 3.1007216965203455, 1.0097467663714177, -0.88426670031967, -6.053783448770068, -9.720695098729497]",True,2,`ftol` termination condition is satisfied.,110,0.00502825758857622,"[-0.5251745941838786, -1.4801380893099074, -0.6713038857121035, -1.3161696481971874, -1.2022599675915724, -2.0171587424252557]",True
B6_leave_D_150_MQ-add,B6,MQ-add,leave_D,11,0,20380937,27,"[-9.790458953152612, -16.083057588310343, -8.668348151482073, -6.027591542082568, -6.750681549040946, -12.531900870309585]",True,2,`ftol` termination condition is satisfied.,102,0.005028257588576215,"[-0.525174594344023, -1.4801380892411884, -0.6713038858071098, -1.3161696482558787, -1.2022599681541082, -2.0171587424057176]",True
B6_leave_D_150_MQ-add,B6,MQ-add,leave_D,11,0,20380937,28,"[1.456558110206604, -5.184734327472238, -2.504278191117832, -3.64194744117399, -3.6704753662665546, -5.020866727414701]",True,2,`ftol` termination condition is satisfied.,27,0.005028257588576215,"[-0.5251745944080757, -1.4801380891912486, -0.6713038858392473, -1.3161696482988414, -1.202259968347423, -2.01715874240561]",True
B6_leave_D_150_MQ-add,B6,MQ-add,leave_D,11,0,20380937,29,"[3.672106323336436, -12.819075720556874, 4.82975404171567, -2.243308562902894, -1.7022282976093575, 1.9896349379012364]",True,2,`ftol` termination condition is satisfied.,31,0.0050282575885762185,"[-0.5251745940940505, -1.4801380893328504, -0.6713038856537287, -1.3161696481773997, -1.2022599672456902, -2.017158742408578]",True
B6_leave_D_150_MQ-add,B6,MQ-add,leave_D,11,0,20380937,30,"[-7.68696515091416, -0.5238599343053636, -15.981570519638598, -4.628771613192215, -8.125232621215659, -7.418282502034714]",True,2,`ftol` termination condition is satisfied.,53,0.0050282575885762185,"[-0.5251745946189511, -1.480138089253978, -0.6713038860138107, -1.3161696482457639, -1.202259969333756, -2.0171587424179145]",True
B6_leave_D_150_MQ-add,B6,MQ-add,leave_D,11,0,20380937,31,"[-11.960662879447625, -9.523090677887762, -3.476281076312313, 0.6589838731254947, -4.073744552569974, -15.928386336314965]",True,2,`ftol` termination condition is satisfied.,99,0.005028257588576223,"[-0.5251745936018521, -1.4801380894516514, -0.6713038853263786, -1.31616964807586, -1.2022599653580701, -2.0171587424209374]",True
B6_leave_D_150_MQ-add,B6,MQ-add,leave_D,11,0,20380937,32,"[-0.6028962889793554, 2.7804516612846584, -8.399022890224531, -6.492523625811921, -1.0018379739044025, -0.9092247415666748]",True,2,`ftol` termination condition is satisfied.,58,0.0050282575885762185,"[-0.5251745947639913, -1.4801380891709788, -0.6713038860944678, -1.3161696483155247, -1.2022599698134913, -2.0171587424069286]",True
B6_leave_D_150_MQ-eff,B6,MQ-eff,leave_D,11,0,20480937,0,"[-1.077982058423061, -1.5984871357470072, -0.39787167695429476, -1.2763503266496101, -2.3066169576643176, -1.146040733446924]",True,2,`ftol` termination condition is satisfied.,25,0.0119826715138548,"[-0.46409902356813043, -1.4801380892798413, -0.6713038568675308, -1.3161696482234493, -1.202260080621588, -13.815510557964272]",True
B6_leave_D_150_MQ-eff,B6,MQ-eff,leave_D,11,0,20480937,1,"[-2.7694314715944923, -3.9954172554807723, -12.252761933601127, -6.8233234380883925, -0.4922267736567427, 2.1980018830536387]",True,2,`ftol` termination condition is satisfied.,26,0.011982671513854801,"[-0.4640990238551804, -1.4801380889654177, -0.671303857009273, -1.3161696484903733, -1.2022600814354636, -13.815510557964272]",True
B6_leave_D_150_MQ-eff,B6,MQ-eff,leave_D,11,0,20480937,2,"[-10.63887883104019, -6.969358555941632, 4.242863326189603, 0.7649643542789999, -8.653720720014169, -9.18585303223058]",True,2,`ftol` termination condition is satisfied.,92,0.011982671513854818,"[-0.464099023637864, -1.4801380894480354, -0.6713038569712664, -1.3161696480800935, -1.20226008118886, -13.815510557964272]",True
B6_leave_D_150_MQ-eff,B6,MQ-eff,leave_D,11,0,20480937,3,"[-12.04855063633425, 4.865499925804777, -9.138942925692657, -4.112376148516393, -4.883909604275842, -7.875436680604495]",True,2,`ftol` termination condition is satisfied.,69,0.0119826715138548,"[-0.46409902340376963, -1.4801380893153464, -0.6713038567547552, -1.31616964819272, -1.2022600799449352, -13.815510557963535]",True
B6_leave_D_150_MQ-eff,B6,MQ-eff,leave_D,11,0,20480937,4,"[1.5418615118982153, -15.111913352480952, -3.1506933169668923, -1.8703191245329105, -1.579380469642019, -2.9804786060049135]",True,2,`ftol` termination condition is satisfied.,33,0.011982671513854817,"[-0.46409901817336446, -1.480138100331045, -0.6713038555538157, -1.3161696387681578, -1.2022600729771655, -13.815510557964192]",True
B6_leave_D_150_MQ-eff,B6,MQ-eff,leave_D,11,0,20480937,5,"[3.2375532739592394, 2.2665514068439663, 0.22203468301402296, -2.993587507316221, -3.5163119008630845, 0.2796838360214373]",True,2,`ftol` termination condition is satisfied.,27,0.011982671513854803,"[-0.46409902355575045, -1.4801380893081342, -0.6713038568710009, -1.3161696481984624, -1.2022600806128125, -13.81551055796398]",True
B6_leave_D_150_MQ-eff,B6,MQ-eff,leave_D,11,0,20480937,6,"[-15.940460905921789, -11.833918378041266, -16.76358454254368, -5.515340878897057, -5.628726023061171, -11.104444961216716]",True,2,`ftol` termination condition is satisfied.,75,0.01198267151385481,"[-0.46409902455077545, -1.4801380891436466, -0.6713038575885305, -1.3161696483393686, -1.2022600848019454, -13.815510557964272]",True
B6_leave_D_150_MQ-eff,B6,MQ-eff,leave_D,11,0,20480937,7,"[-5.946962538383607, -0.18319270410115962, -1.6451602151337585, -0.7870235103048042, -6.716205990310569, -5.925934159702325]",True,2,`ftol` termination condition is satisfied.,57,0.01198267151385481,"[-0.46409902282136667, -1.480138089461578, -0.6713038563484682, -1.3161696480678655, -1.2022600775682089, -13.815510557964272]",True
B6_leave_D_150_MQ-eff,B6,MQ-eff,leave_D,11,0,20480937,8,"[-3.8431873955249003, -8.677986042120454, -7.76720023912136, -7.499554251338192, 0.2531706698199834, -1.030763065805239]",True,2,`ftol` termination condition is satisfied.,23,0.011982671513854801,"[-0.4640990293834056, -1.4801380884876025, -0.6713038611559927, -1.3161696488904981, -1.2022601053934496, -13.815510557964249]",True
B6_leave_D_150_MQ-eff,B6,MQ-eff,leave_D,11,0,20480937,9,"[-5.1771864503187395, 3.5367492365479016, -0.8850101925695206, -6.104678603982279, -7.785962572793153, -3.9821799651376395]",True,2,`ftol` termination condition is satisfied.,102,0.011982671513854796,"[-0.4640990234115908, -1.480138089289932, -0.6713038567635496, -1.3161696482140743, -1.202260079950011, -13.815510557964272]",True
B6_leave_D_150_MQ-eff,B6,MQ-eff,leave_D,11,0,20480937,10,"[-7.347540727826601, -16.26540318683239, -7.006626592142954, -3.5596255880398155, -1.3986756975677093, -8.864202823287942]",True,2,`ftol` termination condition is satisfied.,39,0.011982671513854806,"[-0.4640990233573253, -1.4801380893387686, -0.6713038567253732, -1.3161696481725385, -1.2022600797727945, -13.815510557964272]",True
B6_leave_D_150_MQ-eff,B6,MQ-eff,leave_D,11,0,20480937,11,"[-14.450739605516084, -4.614852278662427, 2.4124661549494135, -8.144757781172379, -2.4907950514076322, -10.179033678899366]",True,2,`ftol` termination condition is satisfied.,86,0.011982671513854801,"[-0.46409902310988277, -1.480138089398009, -0.6713038565577495, -1.3161696481218927, -1.2022600787639193, -13.815510557964272]",True
B6_leave_D_150_MQ-eff,B6,MQ-eff,leave_D,11,0,20480937,12,"[4.838764265931033, -7.407961279782677, -14.572707027261501, -1.446213236004735, -4.011804234861372, 1.1929244890109008]",True,2,`ftol` termination condition is satisfied.,53,0.0119826715138548,"[-0.46409902345860865, -1.4801380892902611, -0.6713038567850613, -1.316169648214933, -1.2022600801476646, -13.81551055795891]",True
B6_leave_D_150_MQ-eff,B6,MQ-eff,leave_D,11,0,20480937,13,"[0.12458767159355943, -2.772699922684952, -11.222502581579283, 0.12447300787969873, -5.949337297006011, -2.0365725650926745]",True,2,`ftol` termination condition is satisfied.,26,0.011982671513854817,"[-0.46409902470509046, -1.480138088341851, -0.6713038575050001, -1.3161696490254617, -1.202260084302191, -13.815510557964272]",True
B6_leave_D_150_MQ-eff,B6,MQ-eff,leave_D,11,0,20480937,14,"[-13.354723379904783, -11.442755814013672, -5.23417726649585, -7.4870775507993255, -3.2362105431015076, -6.918382403945473]",True,2,`ftol` termination condition is satisfied.,112,0.011982671513854808,"[-0.46409902361936883, -1.480138089257092, -0.6713038569104157, -1.3161696482417473, -1.2022600808237247, -13.815510557964272]",True
B6_leave_D_150_MQ-eff,B6,MQ-eff,leave_D,11,0,20480937,15,"[-9.065494150291704, 0.3922784525452734, -12.917170970318635, -2.4549100619243864, 0.5382740660943952, -12.093456545638176]",True,2,`ftol` termination condition is satisfied.,62,0.011982671513854803,"[-0.4640990235972056, -1.4801380892309355, -0.6713038568887797, -1.3161696482647698, -1.2022600806883688, -13.815510557964206]",True
B6_leave_D_150_MQ-eff,B6,MQ-eff,leave_D,11,0,20480937,16,"[-1.2630145203271184, -13.889023971361366, 3.5785524147623775, -4.683017768092124, -7.041128105790676, -0.7217722596818401]",True,2,`ftol` termination condition is satisfied.,88,0.011982671513854806,"[-0.4640990235516411, -1.480138089269052, -0.6713038568595382, -1.316169648232095, -1.2022600805381725, -13.815510557964272]",True
B6_leave_D_150_MQ-eff,B6,MQ-eff,leave_D,11,0,20480937,17,"[-0.21134069303938574, 1.131799299386575, -5.78199222830821, -0.38312959100458244, -2.0453741118443203, -6.204251197400452]",True,2,`ftol` termination condition is satisfied.,22,0.011982671513854801,"[-0.4640990237667371, -1.4801380898394316, -0.6713038571716481, -1.3161696477430065, -1.2022600823447476, -13.815510557964272]",True
B6_leave_D_150_MQ-eff,B6,MQ-eff,leave_D,11,0,20480937,18,"[-9.41662932362227, -13.148172424997153, -0.6842230051184082, -7.976056023874785, -4.75267484440884, -2.626178419965825]",True,2,`ftol` termination condition is satisfied.,94,0.01198267151385481,"[-0.4640990238791194, -1.4801380893691538, -0.6713038571400172, -1.316169648146543, -1.2022600821501956, -13.815510557964272]",True
B6_leave_D_150_MQ-eff,B6,MQ-eff,leave_D,11,0,20480937,19,"[-13.717341122902859, -2.031785025852068, -15.485161151265842, -3.0929025029824677, -8.224398497040523, -0.4464611626105963]",True,2,`ftol` termination condition is satisfied.,84,0.011982671513854792,"[-0.4640990233944249, -1.4801380892850529, -0.6713038567309871, -1.3161696482180762, -1.2022600798504006, -13.815510557964272]",True
B6_leave_D_150_MQ-eff,B6,MQ-eff,leave_D,11,0,20480937,20,"[1.2086086218341237, -10.70329831764104, 1.9008900602131042, -5.339634477070973, -0.6601335212001853, -12.49329299438129]",True,3,`xtol` termination condition is satisfied.,38,0.011982671513854803,"[-0.4640990161987164, -1.4801380906810502, -0.6713038515946081, -1.3161696470244078, -1.202260049868806, -13.81551055796417]",True
B6_leave_D_150_MQ-eff,B6,MQ-eff,leave_D,11,0,20480937,21,"[5.179118650121044, -5.354346460561153, -4.721731249237987, -4.218686498142655, -0.2134106230432007, -8.27441449931788]",True,2,`ftol` termination condition is satisfied.,30,0.01198267151385481,"[-0.4640990241102931, -1.4801380889874374, -0.6713038572123359, -1.3161696484732017, -1.2022600826075174, -13.815510557964272]",True
B6_leave_D_150_MQ-eff,B6,MQ-eff,leave_D,11,0,20480937,22,"[-15.512502631841338, -8.14882862130396, -10.309527047551288, -1.6922581764567983, -6.585547796372657, -4.6964938785243255]",True,2,`ftol` termination condition is satisfied.,73,0.011982671513854806,"[-0.4640990235542101, -1.480138089278454, -0.6713038568645431, -1.3161696482238916, -1.202260080564135, -13.815510557964272]",True
B6_leave_D_150_MQ-eff,B6,MQ-eff,leave_D,11,0,20480937,23,"[-8.421473837752833, 2.795861004657592, 3.3786344704712192, -6.42640447968393, -5.199980898936413, 1.592456743344247]",True,2,`ftol` termination condition is satisfied.,88,0.011982671513854796,"[-0.46409902298355493, -1.480138089436553, -0.6713038564624781, -1.316169648089702, -1.202260078250694, -13.815510557964272]",True
B6_leave_D_150_MQ-eff,B6,MQ-eff,leave_D,11,0,20480937,24,"[-4.803786559456919, -17.00487647836209, -14.141283244768129, 0.2907649018522669, -3.6848056950916384, -10.454040343816086]",True,2,`ftol` termination condition is satisfied.,27,0.011982671513854803,"[-0.46409902350148197, -1.4801380893863596, -0.6713038568471906, -1.3161696481330099, -1.2022600804858483, -13.815510557964272]",True
B6_leave_D_150_MQ-eff,B6,MQ-eff,leave_D,11,0,20480937,25,"[-3.502830293888513, -0.8809559111848593, 5.466104998755956, -2.336969394981904, -4.439971247589626, -11.50690052501669]",True,2,`ftol` termination condition is satisfied.,76,0.011982671513854808,"[-0.46409902329031144, -1.4801380893570166, -0.6713038566709395, -1.3161696481566036, -1.2022600794943978, -13.815510557964272]",True
B6_leave_D_150_MQ-eff,B6,MQ-eff,leave_D,11,0,20480937,26,"[-7.008722847262485, -9.371549945349146, -12.053367437418409, -4.877347602931292, -2.3240799302957544, 0.5576138104047867]",True,2,`ftol` termination condition is satisfied.,29,0.011982671513854789,"[-0.46409902344494547, -1.4801380893185552, -0.6713038567937286, -1.3161696481901222, -1.2022600801390675, -13.815510557964272]",True
B6_leave_D_150_MQ-eff,B6,MQ-eff,leave_D,11,0,20480937,27,"[-17.0143967332944, 1.572964914842263, -4.06453741479325, -0.29804647611279833, -0.9338366971630156, -1.6176318842246982]",True,2,`ftol` termination condition is satisfied.,64,0.011982671513854818,"[-0.4640990239693551, -1.4801380892146616, -0.6713038571593004, -1.316169648278642, -1.2022600823138938, -13.815510557964272]",True
B6_leave_D_150_MQ-eff,B6,MQ-eff,leave_D,11,0,20480937,28,"[3.610950447374684, -12.53165899635195, -9.651908994250986, -6.99195252288958, -7.916006274676374, -5.214539751866242]",True,2,`ftol` termination condition is satisfied.,39,0.01198267151385481,"[-0.46409902423527866, -1.4801380887902518, -0.6713038572504885, -1.3161696486412455, -1.2022600828655017, -13.815510557964272]",True
B6_leave_D_150_MQ-eff,B6,MQ-eff,leave_D,11,0,20480937,29,"[2.5935326217395733, 5.563279947087931, -16.25253121655421, -8.560300172589928, -7.468718268365947, -9.464087438768454]",True,2,`ftol` termination condition is satisfied.,106,0.011982671513854806,"[-0.46409902422535837, -1.4801380894190779, -0.6713038574092692, -1.3161696481029888, -1.2022600837596384, -13.815510557964272]",True
B6_leave_D_150_MQ-eff,B6,MQ-eff,leave_D,11,0,20480937,30,"[-12.399688527111195, -14.41837713323723, 1.133617525773623, -0.9533881123017665, 0.7055765536432634, 2.600761641263384]",True,3,`xtol` termination condition is satisfied.,112,0.011982671513854796,"[-0.46409902357100796, -1.4801380893379856, -0.6713038568857347, -1.3161696481736493, -1.2022600807214996, -13.815510557963176]",True
B6_leave_D_150_MQ-eff,B6,MQ-eff,leave_D,11,0,20480937,31,"[-11.001493856591889, -3.3018139492796106, -7.968508157234533, -5.979744998982865, -2.7707847802355934, -3.691690306999332]",True,2,`ftol` termination condition is satisfied.,74,0.011982671513854798,"[-0.4640990234323907, -1.4801380893416747, -0.6713038567683676, -1.316169648170703, -1.2022600800985501, -13.815510557964272]",True
B6_leave_D_150_MQ-eff,B6,MQ-eff,leave_D,11,0,20480937,32,"[-1.6854078039075482, -6.271645621615917, -2.870662463405269, -3.756312100808204, -6.078803615816453, -7.288750331281948]",True,2,`ftol` termination condition is satisfied.,55,0.01198267151385481,"[-0.4640990226659093, -1.480138089508745, -0.6713038562301529, -1.316169648027425, -1.2022600769355742, -13.815510557964272]",True
B6_leave_D_300_M0_6,B6,M0_6,leave_D,12,0,20280938,0,"[-1.0774765871539562, -1.5979816644779024, -0.3973662056851897, -1.2763503266496101, -2.3066169576643176]",True,2,`ftol` termination condition is satisfied.,24,0.012291053659780234,"[-0.4701159215607531, -1.4810167582621534, -0.6772716122027792, -1.3095697904316412, -1.23474033596187]",True
B6_leave_D_300_M0_6,B6,M0_6,leave_D,12,0,20280938,1,"[-11.371979413594296, -5.950330091346643, -9.701666796143522, -2.6182800454663404, -0.7020769738751644]",True,2,`ftol` termination condition is satisfied.,81,0.012291053659780235,"[-0.4701159235023696, -1.4810167582680245, -0.6772716131838055, -1.309569790427004, -1.2347403440153368]",True
B6_leave_D_300_M0_6,B6,M0_6,leave_D,12,0,20280938,2,"[4.614909886295404, 1.565486651022134, -3.0779487210885215, -6.202004742963652, -4.892612815193422]",True,2,`ftol` termination condition is satisfied.,27,0.01229105365978023,"[-0.47011592315283357, -1.4810167582288565, -0.6772716129990056, -1.3095697904595962, -1.234740342510899]",True
B6_leave_D_300_M0_6,B6,M0_6,leave_D,12,0,20280938,3,"[-3.5572574541691857, -14.698989944924605, -13.609284457773464, -0.800653591397757, -7.324933327201977]",True,2,`ftol` termination condition is satisfied.,34,0.012291053659780232,"[-0.47011592674332464, -1.4810167582139686, -0.6772716148000767, -1.3095697904729984, -1.2347403573601043]",True
B6_leave_D_300_M0_6,B6,M0_6,leave_D,12,0,20280938,4,"[-13.223670154966632, -1.0835741267430627, 3.71948837650352, -6.753602713383843, -3.0219084907693574]",True,2,`ftol` termination condition is satisfied.,86,0.012291053659780234,"[-0.470115921592334, -1.4810167583043587, -0.6772716122247144, -1.3095697903958783, -1.2347403361502158]",True
B6_leave_D_300_M0_6,B6,M0_6,leave_D,12,0,20280938,5,"[-16.891948111239692, -13.954971639408583, -1.7257753849229402, -8.003743534446436, -2.456775245688217]",True,2,`ftol` termination condition is satisfied.,98,0.012291053659780235,"[-0.4701159216645718, -1.4810167583473401, -0.6772716122700334, -1.30956979036043, -1.234740336511051]",True
B6_leave_D_300_M0_6,B6,M0_6,leave_D,12,0,20280938,6,"[-0.913059992527316, -4.686078692447904, -8.525677567290089, 0.3383263950341977, -7.913358009679863]",True,2,`ftol` termination condition is satisfied.,18,0.012291053659780234,"[-0.47011592129491936, -1.4810167583437925, -0.6772716120842789, -1.3095697903623844, -1.2347403349753443]",True
B6_leave_D_300_M0_6,B6,M0_6,leave_D,12,0,20280938,7,"[2.3184861168153112, -10.949733211799042, 2.190004296741783, -4.989409471709826, -5.500975377365326]",True,2,`ftol` termination condition is satisfied.,54,0.012291053659780232,"[-0.4701159208608629, -1.481016758312442, -0.6772716118563694, -1.3095697903886325, -1.2347403331300002]",True
B6_leave_D_300_M0_6,B6,M0_6,leave_D,12,0,20280938,8,"[-7.339232453978589, 3.706402152562525, -15.320146024555267, -3.79422207005661, -0.07975461313149346]",True,2,`ftol` termination condition is satisfied.,69,0.012291053659780232,"[-0.47011592326647184, -1.4810167582168519, -0.6772716130530457, -1.3095697904698338, -1.2347403429637682]",True
B6_leave_D_300_M0_6,B6,M0_6,leave_D,12,0,20280938,9,"[-6.939723635543849, -16.878633579342903, 0.9198743607371789, -0.1984380015139795, -3.9591211159640114]",True,2,`ftol` termination condition is satisfied.,81,0.012291053659780232,"[-0.4701159210442238, -1.4810167583375151, -0.6772716119559756, -1.3095697903683439, -1.2347403339273255]",True
B6_leave_D_300_M0_6,B6,M0_6,leave_D,12,0,20280938,10,"[0.4880351698589216, -1.7546844286872219, -16.497807544433268, -8.547339394352855, -1.034777489019982]",True,2,`ftol` termination condition is satisfied.,20,0.012291053659780234,"[-0.47011592619333914, -1.4810167575447468, -0.6772716144128759, -1.3095697910440383, -1.2347403541572233]",True
B6_leave_D_300_M0_6,B6,M0_6,leave_D,12,0,20280938,11,"[-1.9347975388600265, -8.130057117400645, -0.1896427753783101, -3.2204938589507917, -3.4292608375064892]",True,2,`ftol` termination condition is satisfied.,61,0.012291053659780234,"[-0.4701159217543789, -1.4810167582718214, -0.677271612302976, -1.309569790423022, -1.2347403367782228]",True
B6_leave_D_300_M0_6,B6,M0_6,leave_D,12,0,20280938,12,"[-14.439181647941654, 0.8942875225495115, -6.902531475540595, -4.4082696962820185, -6.316787238365222]",True,2,`ftol` termination condition is satisfied.,112,0.012291053659780234,"[-0.4701159218223083, -1.4810167582579241, -0.6772716123328423, -1.3095697904349262, -1.2347403370385106]",True
B6_leave_D_300_M0_6,B6,M0_6,leave_D,12,0,20280938,13,"[-12.820380349578603, -8.859461675660853, -12.521059193386137, -5.57939142577445, -8.102136854204623]",True,2,`ftol` termination condition is satisfied.,102,0.012291053659780232,"[-0.47011592229187854, -1.4810167582291485, -0.6772716125661219, -1.3095697904597003, -1.2347403389453477]",True
B6_leave_D_300_M0_6,B6,M0_6,leave_D,12,0,20280938,14,"[-5.379054353456096, 4.466883194063605, 5.07835890172619, -2.0115183210746315, -1.6765186655747488]",True,2,`ftol` termination condition is satisfied.,56,0.012291053659780232,"[-0.47011592147220105, -1.4810167582948996, -0.6772716121650381, -1.3095697904039518, -1.2347403356416622]",True
B6_leave_D_300_M0_6,B6,M0_6,leave_D,12,0,20280938,15,"[3.5899973435515484, -11.8646153529115, -11.414162864461206, -7.413762077773623, 0.774865311323822]",True,2,`ftol` termination condition is satisfied.,33,0.012291053659780234,"[-0.4701159254733769, -1.4810167582598535, -0.6772716141744167, -1.3095697904340795, -1.234740352168454]",True
B6_leave_D_300_M0_6,B6,M0_6,leave_D,12,0,20280938,16,"[-8.928646905076038, -3.9255074656951763, -4.525427020337567, -1.4443767144440232, -5.764115008216905]",True,2,`ftol` termination condition is satisfied.,82,0.012291053659780234,"[-0.47011592759419507, -1.4810167582035807, -0.6772716152341185, -1.3095697904819077, -1.2347403608773588]",True
B6_leave_D_300_M0_6,B6,M0_6,leave_D,12,0,20280938,17,"[-9.681880326018266, -12.859877349940898, -15.798643260211497, -4.508111332174311, -2.748731795156635]",True,2,`ftol` termination condition is satisfied.,34,0.012291053659780232,"[-0.47011592196414664, -1.481016758307073, -0.6772716124131919, -1.3095697903938601, -1.2347403376951018]",True
B6_leave_D_300_M0_6,B6,M0_6,leave_D,12,0,20280938,18,"[3.4583432657433093, -2.92281597027009, 0.17479618744383885, -3.3249660704929545, -7.0136251542269505]",True,2,`ftol` termination condition is satisfied.,41,0.012291053659780234,"[-0.47011592732521995, -1.4810167579441462, -0.6772716150558481, -1.3095697907037642, -1.234740359404713]",True
B6_leave_D_300_M0_6,B6,M0_6,leave_D,12,0,20280938,19,"[-4.713129087810275, -9.453759024818947, -6.176976540984754, -7.534778740024216, -4.603424117924109]",True,2,`ftol` termination condition is satisfied.,45,0.012291053659780232,"[-0.47011592284274656, -1.4810167583282923, -0.6772716128594038, -1.3095697903756325, -1.2347403413640696]",True
B6_leave_D_300_M0_6,B6,M0_6,leave_D,12,0,20280938,20,"[-11.532874721756404, 5.0691317913218334, -0.8692836510221795, 0.8187509546733924, -0.3741838038771039]",True,2,`ftol` termination condition is satisfied.,74,0.012291053659780234,"[-0.47011592199865604, -1.4810167583137979, -0.6772716124310576, -1.3095697903877415, -1.2347403378464394]",True
B6_leave_D_300_M0_6,B6,M0_6,leave_D,12,0,20280938,21,"[-15.554508344731127, -7.357364806001929, 4.376407706404045, -0.35675480400651693, 0.18644605574587558]",True,2,`ftol` termination condition is satisfied.,95,0.012291053659780235,"[-0.4701159291567136, -1.481016757480061, -0.6772716159006901, -1.3095697910993132, -1.2347403663497665]",True
B6_leave_D_300_M0_6,B6,M0_6,leave_D,12,0,20280938,22,"[-2.427851264327696, 0.11425267103918557, -11.77319410899242, -6.321455020698966, -5.196643231125654]",True,2,`ftol` termination condition is satisfied.,50,0.012291053659780232,"[-0.4701159213759826, -1.4810167582394322, -0.677271612105797, -1.3095697904508237, -1.2347403351648005]",True
B6_leave_D_300_M0_6,B6,M0_6,leave_D,12,0,20280938,23,"[0.8029984993807311, -16.417860632922366, -5.2482059135785395, -2.186423486866927, -7.6264885438419885]",True,2,`ftol` termination condition is satisfied.,77,0.012291053659780234,"[-0.4701159206976646, -1.4810167583107963, -0.6772716117807299, -1.3095697903906154, -1.2347403324582051]",True
B6_leave_D_300_M0_6,B6,M0_6,leave_D,12,0,20280938,24,"[-6.002487674381031, -2.223321664923821, -10.737298030132198, -5.758979464412759, -2.131201307121593]",True,2,`ftol` termination condition is satisfied.,43,0.01229105365978023,"[-0.47011592194550533, -1.4810167582474483, -0.6772716123907934, -1.3095697904438464, -1.2347403375320585]",True
B6_leave_D_300_M0_6,B6,M0_6,leave_D,12,0,20280938,25,"[-8.454558301566069, -10.124958365592065, -3.757638595687384, -6.932573346672568, -6.605980483216808]",True,2,`ftol` termination condition is satisfied.,85,0.012291053659780235,"[-0.4701159234518007, -1.4810167582879579, -0.6772716131592574, -1.3095697904085928, -1.234740343830815]",True
B6_leave_D_300_M0_6,B6,M0_6,leave_D,12,0,20280938,26,"[1.8254315421456475, 2.8894046378875338, -8.97606303247309, -0.9750118393657043, -3.757167650251371]",True,2,`ftol` termination condition is satisfied.,27,0.012291053659780232,"[-0.4701159213922748, -1.4810167582560343, -0.6772716121183022, -1.3095697904368957, -1.2347403352567419]",True
B6_leave_D_300_M0_6,B6,M0_6,leave_D,12,0,20280938,27,"[-0.5980961534843061, -13.530987524504761, 2.9744481625392645, -5.11031722291777, -1.3079678273795237]",True,2,`ftol` termination condition is satisfied.,29,0.012291053659780234,"[-0.47011592265014013, -1.4810167584190246, -0.6772716127774132, -1.3095697902981722, -1.2347403406916717]",True
B6_leave_D_300_M0_6,B6,M0_6,leave_D,12,0,20280938,28,"[-15.954712659598071, -5.102459392387887, -12.910158302721175, -1.5312026369500993, -4.270433836521311]",True,2,`ftol` termination condition is satisfied.,74,0.012291053659780234,"[-0.4701159217434206, -1.4810167582860638, -0.677271612298885, -1.3095697904114154, -1.2347403367516194]",True
B6_leave_D_300_M0_6,B6,M0_6,leave_D,12,0,20280938,29,"[-13.97690340606846, -15.657289278789339, -7.848774603791599, -2.776413434728515, -6.050970831307959]",True,2,`ftol` termination condition is satisfied.,104,0.012291053659780237,"[-0.4701159218666215, -1.4810167583026073, -0.67727161236456, -1.3095697903971548, -1.23474033728573]",True
B6_leave_D_300_M0_6,B6,M0_6,leave_D,12,0,20280938,30,"[-3.688911701817828, -0.13296516612623677, -2.448592237492999, -3.9763041733479767, 0.4492959203394715]",True,2,`ftol` termination condition is satisfied.,38,0.012291053659780234,"[-0.4701159261482239, -1.48101675818063, -0.677271614500573, -1.3095697905016335, -1.2347403548540403]",True
B6_leave_D_300_M0_6,B6,M0_6,leave_D,12,0,20280938,31,"[5.280836340824013, -6.596883976801349, -14.572329769276145, 0.2332369202543969, -1.9427147868698444]",True,2,`ftol` termination condition is satisfied.,37,0.012291053659780232,"[-0.47011592239239974, -1.4810167583102753, -0.6772716126295537, -1.3095697903910164, -1.2347403394735217]",True
B6_leave_D_300_M0_6,B6,M0_6,leave_D,12,0,20280938,32,"[-10.084474974654889, 2.2045240797970784, 1.488102100374629, -8.10413194605113, -8.406455357697475]",True,2,`ftol` termination condition is satisfied.,100,0.012291053659780234,"[-0.47011592124465096, -1.4810167582964093, -0.6772716120493527, -1.3095697904026864, -1.234740334699912]",True
B6_leave_D_300_MQ-add,B6,MQ-add,leave_D,12,0,20380938,0,"[-1.0774765871539562, -1.5979816644779024, -0.3973662056851897, -1.2763503266496101, -2.3066169576643176, 0.17846029932306767]",True,2,`ftol` termination condition is satisfied.,23,0.0052232920641129875,"[-0.5321679415536807, -1.4810167582611502, -0.6772716127911109, -1.3095697904322254, -1.2347403407934145, -2.0077980583138277]",True
B6_leave_D_300_MQ-add,B6,MQ-add,leave_D,12,0,20380938,1,"[-13.967892396341256, -13.481766333351553, -6.4580735464184436, -6.822267679559242, -3.956601861968518, -0.24698017211877854]",True,2,`ftol` termination condition is satisfied.,96,0.005223292064112988,"[-0.5321679381579065, -1.4810167583199396, -0.6772716111942059, -1.3095697903815313, -1.2347403276534383, -2.0077980583088957]",True
B6_leave_D_300_MQ-add,B6,MQ-add,leave_D,12,0,20380938,2,"[-5.5260400514248715, 3.3262360537516393, -5.270840033976716, -3.1950287038733594, 0.7535478887955858, -12.226149959997652]",True,2,`ftol` termination condition is satisfied.,56,0.005223292064112992,"[-0.5321679402132117, -1.481016758284555, -0.6772716121618285, -1.3095697904129266, -1.2347403356086502, -2.0077980583150756]",True
B6_leave_D_300_MQ-add,B6,MQ-add,leave_D,12,0,20380938,3,"[0.01758129948901299, -10.414455655909702, -12.982053463076078, -4.912427821346093, -2.567847526812475, -9.58730278936194]",True,2,`ftol` termination condition is satisfied.,30,0.00522329206411299,"[-0.5321679428248781, -1.4810167582473501, -0.677271613391969, -1.3095697904443164, -1.2347403457234378, -2.0077980583070483]",True
B6_leave_D_300_MQ-add,B6,MQ-add,leave_D,12,0,20380938,4,"[-8.469942147649167, -5.350710389927956, 1.6955401529141163, -1.2304744851900686, -7.19421164475217, 2.6576107503693223]",True,2,`ftol` termination condition is satisfied.,95,0.005223292064112988,"[-0.532167949493278, -1.4810167575397661, -0.6772716164283663, -1.3095697910483266, -1.2347403707041784, -2.007798058310505]",True
B6_leave_D_300_MQ-add,B6,MQ-add,leave_D,12,0,20380938,5,"[-8.630774742244096, -8.256909085319206, -1.128424156787947, 0.6026291677541558, -7.9325182972151165, -4.526935712598192]",True,2,`ftol` termination condition is satisfied.,87,0.005223292064112985,"[-0.5321679399769249, -1.4810167582956366, -0.6772716120512814, -1.309569790403798, -1.234740334703256, -2.0077980583128077]",True
B6_leave_D_300_MQ-add,B6,MQ-add,leave_D,12,0,20380938,6,"[5.543386965802714, -1.7642652104915797, -10.157382574855804, -5.255217209938381, -3.0218041095449877, -16.505322196558794]",True,2,`ftol` termination condition is satisfied.,30,0.005223292064112991,"[-0.5321679404064219, -1.4810167584840404, -0.6772716122869857, -1.3095697902427323, -1.234740336638242, -2.007798058319206]",True
B6_leave_D_300_MQ-add,B6,MQ-add,leave_D,12,0,20380938,7,"[-0.355286417713895, -17.02977043141368, 3.258468206152795, -2.2013018171199468, -0.9763499832136411, -8.167925093579916]",True,2,`ftol` termination condition is satisfied.,38,0.00522329206411299,"[-0.5321679397125567, -1.4810167583061713, -0.6772716119309551, -1.3095697903950017, -1.234740333692481, -2.0077980583173214]",True
B6_leave_D_300_MQ-add,B6,MQ-add,leave_D,12,0,20380938,8,"[-14.486035221478492, 1.221043720147044, -14.986675208029741, -8.113862271058736, -5.8032100401013675, 4.0762065009562605]",True,2,`ftol` termination condition is satisfied.,80,0.00522329206411299,"[-0.5321679407803909, -1.4810167582832445, -0.6772716124251953, -1.3095697904139874, -1.2347403378099917, -2.007798058313237]",True
B6_leave_D_300_MQ-add,B6,MQ-add,leave_D,12,0,20380938,9,"[-15.87374708783656, -9.585673552878418, 5.358449072047019, -5.827190578324476, -0.27463388828205204, 0.6284346907011304]",True,2,`ftol` termination condition is satisfied.,85,0.00522329206411299,"[-0.5321679419935381, -1.4810167582866054, -0.6772716130017215, -1.3095697904127612, -1.2347403425404817, -2.0077980583155792]",True
B6_leave_D_300_MQ-add,B6,MQ-add,leave_D,12,0,20380938,10,"[-1.549235780426507, -3.285036414115778, -17.001056513037323, 0.19652218352818807, -5.017670617151682, -10.279941571939542]",True,2,`ftol` termination condition is satisfied.,25,0.005223292064112987,"[-0.5321679396167301, -1.4810167582897722, -0.6772716118821835, -1.3095697904081838, -1.2347403332953524, -2.0077980583156037]",True
B6_leave_D_300_MQ-add,B6,MQ-add,leave_D,12,0,20380938,11,"[3.989106591218569, -12.306328427661974, -2.008722865189359, -7.774284283813146, -6.464771063496968, -13.007463773399468]",True,2,`ftol` termination condition is satisfied.,28,0.005223292064112991,"[-0.53216793975818, -1.481016758277352, -0.6772716119418536, -1.3095697904187849, -1.2347403338218172, -2.0077980583055974]",True
B6_leave_D_300_MQ-add,B6,MQ-add,leave_D,12,0,20380938,12,"[-10.370430901591586, 5.045687659602709, -9.364096499457261, -1.7307780457676367, -1.8055176936606099, -2.54292318712063]",True,2,`ftol` termination condition is satisfied.,73,0.005223292064112992,"[-0.5321679402547405, -1.4810167582939795, -0.6772716121801264, -1.3095697904048882, -1.2347403357819564, -2.0077980583207884]",True
B6_leave_D_300_MQ-add,B6,MQ-add,leave_D,12,0,20380938,13,"[-6.9970111628972855, -14.468178753952602, -12.238323758857348, -3.7499506283015176, -3.484336855115318, 4.897519766309536]",True,2,`ftol` termination condition is satisfied.,36,0.005223292064112988,"[-0.5321679425607502, -1.4810167582931149, -0.6772716132723852, -1.3095697904054264, -1.2347403447560048, -2.007798058304778]",True
B6_leave_D_300_MQ-add,B6,MQ-add,leave_D,12,0,20380938,14,"[1.6619745737117881, 1.4632867197374324, 0.8662108878087444, -7.245098681819464, -8.362166338471056, -6.01146452495807]",True,2,`ftol` termination condition is satisfied.,42,0.005223292064112987,"[-0.53216794425066, -1.4810167581028895, -0.6772716140449666, -1.3095697905649957, -1.2347403510737345, -2.0077980583006165]",True
B6_leave_D_300_MQ-add,B6,MQ-add,leave_D,12,0,20380938,15,"[-4.242026023746826, -6.055279186703135, -8.432963901627929, -0.9087659382638398, -5.639122329057919, -14.438233683756954]",True,2,`ftol` termination condition is satisfied.,33,0.005223292064112991,"[-0.5321679387299336, -1.481016758515483, -0.6772716114960384, -1.309569790215798, -1.2347403301511133, -2.0077980583140804]",True
B6_leave_D_300_MQ-add,B6,MQ-add,leave_D,12,0,20380938,16,"[-12.847031386473752, -1.1612791662226947, -3.208937045764362, -4.423707183750739, -0.8451537978579919, -3.9730837101279928]",True,2,`ftol` termination condition is satisfied.,82,0.005223292064112987,"[-0.5321679420406511, -1.4810167582300071, -0.6772716130141818, -1.309569790458984, -1.2347403426450052, -2.0077980583173725]",True
B6_leave_D_300_MQ-add,B6,MQ-add,leave_D,12,0,20380938,17,"[-12.122916273896912, -6.726691889476978, -15.800116009997772, -2.492251352456707, -6.992192931892301, -6.620687214813232]",True,2,`ftol` termination condition is satisfied.,64,0.005223292064112994,"[-0.5321679401585808, -1.481016758317077, -0.6772716121402332, -1.309569790385521, -1.234740335441009, -2.0077980583183845]",True
B6_leave_D_300_MQ-add,B6,MQ-add,leave_D,12,0,20380938,18,"[-3.4530291614642863, -0.579079548655784, 4.428046618091205, -8.503231043819842, -2.1749384523695454, 5.356134614475408]",True,2,`ftol` termination condition is satisfied.,60,0.005223292064112991,"[-0.53216794057341, -1.4810167582735536, -0.6772716123250305, -1.3095697904221604, -1.2347403369907461, -2.0077980583150077]",True
B6_leave_D_300_MQ-add,B6,MQ-add,leave_D,12,0,20380938,19,"[2.3968399041574386, -15.054699196179705, -9.145350834090857, 0.36639600021877783, 0.541108977368042, -2.957588690105357]",True,2,`ftol` termination condition is satisfied.,36,0.005223292064112991,"[-0.5321679410370294, -1.4810167582787421, -0.677271612548605, -1.3095697904178811, -1.2347403388059917, -2.007798058315183]",True
B6_leave_D_300_MQ-add,B6,MQ-add,leave_D,12,0,20380938,20,"[-6.218851476767634, 2.138683283820672, -2.496593592443473, -5.699302350500868, -4.341374761040577, -15.202937106177194]",True,2,`ftol` termination condition is satisfied.,95,0.00522329206411299,"[-0.5321679377482387, -1.4810167586043224, -0.6772716110494164, -1.3095697901411751, -1.234740326456197, -2.0077980583171637]",True
B6_leave_D_300_MQ-add,B6,MQ-add,leave_D,12,0,20380938,21,"[-11.015424845445391, -11.472129095277436, 0.3718934011652557, -4.551954670573944, -6.015686966474478, -10.889513963175387]",True,2,`ftol` termination condition is satisfied.,90,0.005223292064112994,"[-0.5321679402855155, -1.4810167582406655, -0.6772716121885439, -1.3095697904495265, -1.2347403358287912, -2.0077980583141275]",True
B6_leave_D_300_MQ-add,B6,MQ-add,leave_D,12,0,20380938,22,"[3.2976877934540525, 4.300702771148291, -12.014544321297596, -1.0788534913212775, -1.361092825609112, 1.0880898113083326]",True,2,`ftol` termination condition is satisfied.,32,0.005223292064112988,"[-0.532167941492865, -1.481016758303393, -0.6772716127704084, -1.3095697903969852, -1.234740340614892, -2.0077980583073454]",True
B6_leave_D_300_MQ-add,B6,MQ-add,leave_D,12,0,20380938,23,"[-2.205653868850707, -8.850281335056257, -4.145784221024771, -6.5165111808123655, -2.8198235537426326, -1.5270822022060777]",True,2,`ftol` termination condition is satisfied.,31,0.005223292064112991,"[-0.5321679404145216, -1.4810167583041405, -0.6772716122585083, -1.309569790396335, -1.2347403364177039, -2.0077980583146475]",True
B6_leave_D_300_MQ-add,B6,MQ-add,leave_D,12,0,20380938,24,"[-16.553654782746605, -4.109306112517265, -7.226991664479812, -2.988691057979297, -7.539579023983652, -13.773213922196184]",True,2,`ftol` termination condition is satisfied.,88,0.005223292064112988,"[-0.5321679330150864, -1.4810167591263566, -0.6772716088821897, -1.3095697897080736, -1.234740308747676, -2.0077980583306325]",True
B6_leave_D_300_MQ-add,B6,MQ-add,leave_D,12,0,20380938,25,"[-15.26998871558516, -16.36548762857242, -4.690260906112801, -0.5064550661045679, -2.0401215388526097, -16.074538584987785]",True,2,`ftol` termination condition is satisfied.,110,0.005223292064112987,"[-0.5321679400418659, -1.4810167582510323, -0.6772716120746135, -1.3095697904414203, -1.2347403348943318, -2.0077980583139716]",True
B6_leave_D_300_MQ-add,B6,MQ-add,leave_D,12,0,20380938,26,"[-1.0844453230676017, 0.6456275280996024, -6.595589304672989, -4.146572883608633, -6.825068857009695, -5.163988280325029]",True,2,`ftol` termination condition is satisfied.,97,0.00522329206411299,"[-0.5321679399865492, -1.4810167582976579, -0.6772716120560229, -1.3095697904017882, -1.2347403347440438, -2.0077980583168826]",True
B6_leave_D_300_MQ-add,B6,MQ-add,leave_D,12,0,20380938,27,"[4.770966314121537, -7.685867897019106, 2.5461257718742942, -3.327848820200437, -4.7726408889141645, 3.239149200494591]",True,2,`ftol` termination condition is satisfied.,52,0.005223292064112993,"[-0.5321679403802944, -1.4810167583230154, -0.6772716122490502, -1.3095697903806232, -1.2347403363140093, -2.007798058314009]",True
B6_leave_D_300_MQ-add,B6,MQ-add,leave_D,12,0,20380938,28,"[-9.371379531739215, -2.42453171250731, -14.274289294609206, -6.987755317619168, 0.07753796191992102, -7.224782592875522]",True,2,`ftol` termination condition is satisfied.,68,0.00522329206411299,"[-0.5321679451741584, -1.4810167581999318, -0.6772716144934245, -1.309569790484901, -1.234740354802604, -2.0077980583093393]",True
B6_leave_D_300_MQ-add,B6,MQ-add,leave_D,12,0,20380938,29,"[-7.77347955710778, -11.27213304563298, -11.444584719115781, -7.948742987162953, -0.6000894653616147, -11.794319622050168]",True,2,`ftol` termination condition is satisfied.,41,0.005223292064112988,"[-0.5321679317952678, -1.481016757513797, -0.677271608035302, -1.3095697910768762, -1.2347403017627494, -2.0077980583172144]",True
B6_leave_D_300_MQ-add,B6,MQ-add,leave_D,12,0,20380938,30,"[0.6575318751669457, -4.581898252275304, -0.284285382137341, -2.068704532324265, -5.286993041383786, -0.8843787047375322]",True,2,`ftol` termination condition is satisfied.,57,0.00522329206411299,"[-0.5321679397579931, -1.481016758311228, -0.6772716119488474, -1.3095697903902752, -1.2347403338693363, -2.0077980583054504]",True
B6_leave_D_300_MQ-add,B6,MQ-add,leave_D,12,0,20380938,31,"[-4.840392897465355, -14.260116622868516, -15.119159317095917, -6.021440501839985, -8.596735437292248, 1.8195131774663196]",True,2,`ftol` termination condition is satisfied.,67,0.005223292064112988,"[-0.5321679462200637, -1.481016758181236, -0.6772716149904988, -1.3095697904982233, -1.2347403588507888, -2.0077980583069777]",True
B6_leave_D_300_MQ-add,B6,MQ-add,leave_D,12,0,20380938,32,"[-13.317213342365527, 4.193810298261045, 3.8326025277919165, -0.12161308286273886, -3.844677353267831, -8.64381058727686]",True,2,`ftol` termination condition is satisfied.,109,0.005223292064112992,"[-0.5321679412340318, -1.4810167582398126, -0.6772716126355974, -1.309569790450823, -1.2347403395170675, -2.007798058305693]",True
B6_leave_D_300_MQ-eff,B6,MQ-eff,leave_D,12,0,20480938,0,"[-1.0774765871539562, -1.5979816644779024, -0.3973662056851897, -1.2763503266496101, -2.3066169576643176, -1.146040733446924]",True,2,`ftol` termination condition is satisfied.,26,0.012291058627298629,"[-0.4701159339384204, -1.4810167583252651, -0.6772715833383091, -1.309569790377547, -1.2347404296569435, -13.815510557964272]",True
B6_leave_D_300_MQ-eff,B6,MQ-eff,leave_D,12,0,20480938,1,"[-2.3939706099559466, -1.6681235711445872, -6.718802038680929, -4.520687058093579, -3.0622753535149325, -0.9337574418105046]",True,2,`ftol` termination condition is satisfied.,50,0.012291058627298627,"[-0.47011593400163854, -1.4810167582951725, -0.677271583373725, -1.3095697904033101, -1.2347404298850322, -13.81551055789694]",True
B6_leave_D_300_MQ-eff,B6,MQ-eff,leave_D,12,0,20480938,2,"[-14.791060913288469, -9.158777524340863, -2.1136344045877156, -0.7018677762085934, -4.790061264366026, -6.957339229237288]",True,2,`ftol` termination condition is satisfied.,101,0.012291058627298634,"[-0.47011593579905675, -1.481016758246461, -0.6772715842665153, -1.309569790445147, -1.2347404372596962, -13.815510557964261]",True
B6_leave_D_300_MQ-eff,B6,MQ-eff,leave_D,12,0,20480938,3,"[-6.876140230765129, 2.8544834138537567, -15.604349071198273, -7.736449536194181, -8.070845384681316, -10.374729066132577]",True,2,`ftol` termination condition is satisfied.,71,0.012291058627298642,"[-0.47011593668742546, -1.4810167582119929, -0.677271584730662, -1.3095697904741617, -1.2347404409125742, -13.815510557964272]",True
B6_leave_D_300_MQ-eff,B6,MQ-eff,leave_D,12,0,20480938,4,"[1.0235124580569988, -15.32300397140235, 1.077188647785281, -2.6888647131008696, 0.22263814914452063, -1.5030503851003107]",True,2,`ftol` termination condition is satisfied.,34,0.01229105862729863,"[-0.4701159332062924, -1.481016758310788, -0.6772715829792917, -1.3095697903897523, -1.2347404266151116, -13.815510557964272]",True
B6_leave_D_300_MQ-eff,B6,MQ-eff,leave_D,12,0,20480938,5,"[5.520702869867254, 1.64561304137424, -3.7416815807191632, -3.5930220552359, -1.0884704909339113, 2.5654857882437003]",True,2,`ftol` termination condition is satisfied.,31,0.012291058627298615,"[-0.47011593405260466, -1.481016758285726, -0.6772715833957103, -1.309569790412232, -1.2347404300815363, -13.815510557963526]",True
B6_leave_D_300_MQ-eff,B6,MQ-eff,leave_D,12,0,20480938,6,"[-11.283608545693898, -13.680190021815962, -10.433471836137226, -6.852451484165105, -6.6903679601327095, -6.49709767869833]",True,2,`ftol` termination condition is satisfied.,91,0.012291058627298632,"[-0.47011593430328086, -1.481016758267076, -0.6772715835210684, -1.3095697904275383, -1.2347404310959473, -13.815510557964272]",True
B6_leave_D_300_MQ-eff,B6,MQ-eff,leave_D,12,0,20480938,7,"[-13.588545798683592, -3.0424049046136314, 4.480552883463886, 0.7979807786033781, -5.799029639568575, -11.925637057438209]",True,2,`ftol` termination condition is satisfied.,85,0.012291058627298634,"[-0.47011593558612386, -1.4810167582720248, -0.6772715841620137, -1.309569790422838, -1.2347404364114465, -13.815510557964272]",True
B6_leave_D_300_MQ-eff,B6,MQ-eff,leave_D,12,0,20480938,8,"[-3.6848538537847944, -7.68416807061992, -12.952634070144098, -6.001113031127885, -1.9757160940359624, -3.973950534571646]",True,2,`ftol` termination condition is satisfied.,29,0.012291058627298627,"[-0.47011593399035717, -1.4810167583444758, -0.677271583370003, -1.3095697903617887, -1.2347404299010025, -13.815510557964263]",True
B6_leave_D_300_MQ-eff,B6,MQ-eff,leave_D,12,0,20480938,9,"[-4.610722397070344, 4.754523258392666, 2.8168968632149394, -7.4846451005568735, -3.9609917532737713, -2.0734788567603175]",True,2,`ftol` termination condition is satisfied.,108,0.012291058627298627,"[-0.4701159341406953, -1.481016758342199, -0.6772715834397547, -1.3095697903646084, -1.2347404305158294, -13.815510557964133]",True
B6_leave_D_300_MQ-eff,B6,MQ-eff,leave_D,12,0,20480938,10,"[-12.56108807018665, -16.96179939100798, -11.667420544651048, -2.9580227759853797, -3.9099170484997305, -9.842342607678024]",True,2,`ftol` termination condition is satisfied.,101,0.01229105862729863,"[-0.47011593344511254, -1.4810167583274176, -0.6772715831048826, -1.3095697903763084, -1.2347404276299758, -13.815510557964272]",True
B6_leave_D_300_MQ-eff,B6,MQ-eff,leave_D,12,0,20480938,11,"[-9.09986498528382, -0.4748942468017745, -5.394244942395655, -5.44298594051466, 0.567353625351517, -8.524891775185019]",True,2,`ftol` termination condition is satisfied.,66,0.01229105862729863,"[-0.4701159339613727, -1.4810167583103773, -0.6772715833520359, -1.3095697903911219, -1.2347404297359146, -13.815510557964272]",True
B6_leave_D_300_MQ-eff,B6,MQ-eff,leave_D,12,0,20480938,12,"[3.2576756034726984, -10.079675242530788, -9.159350884296435, 0.2379301495084789, -8.434242470979308, 0.5958824240766827]",True,2,`ftol` termination condition is satisfied.,44,0.012291058627298637,"[-0.47011593452605704, -1.4810167582583234, -0.6772715836391631, -1.309569790434592, -1.234740432013314, -13.815510557964272]",True
B6_leave_D_300_MQ-eff,B6,MQ-eff,leave_D,12,0,20480938,13,"[2.0552260472616766, -4.976168301155601, -16.812387162034575, -1.262232330592302, -7.351759586088627, -3.531133698077415]",True,2,`ftol` termination condition is satisfied.,28,0.012291058627298637,"[-0.47011593541251745, -1.481016758302075, -0.6772715840796746, -1.3095697903977224, -1.2347404357340694, -13.815510557964272]",True
B6_leave_D_300_MQ-eff,B6,MQ-eff,leave_D,12,0,20480938,14,"[-7.809090099629266, -6.03456260686508, 2.6191465070107185, -3.9628375121109762, -0.4456877137526174, -12.344164939122038]",True,2,`ftol` termination condition is satisfied.,68,0.012291058627298627,"[-0.4701159341307887, -1.4810167582747136, -0.6772715834367774, -1.3095697904208887, -1.2347404303932032, -13.815510557963945]",True
B6_leave_D_300_MQ-eff,B6,MQ-eff,leave_D,12,0,20480938,15,"[-17.05821292360305, 0.4408888763951211, -7.93792183338398, -2.054142694257081, -2.5253643862584045, -5.057064998442229]",True,3,`xtol` termination condition is satisfied.,86,0.012291058627298634,"[-0.4701159447103647, -1.4810167580584943, -0.6772715887300562, -1.3095697906052204, -1.2347404739223515, -13.815510557964272]",True
B6_leave_D_300_MQ-eff,B6,MQ-eff,leave_D,12,0,20480938,16,"[-0.20336244031587114, -12.72627528768109, -0.5605947565753304, -8.368956793650867, -5.26802629255505, 1.1498561802788068]",True,2,`ftol` termination condition is satisfied.,48,0.012291058627298634,"[-0.4701159340623498, -1.481016758358104, -0.6772715834065459, -1.3095697903500765, -1.234740430216089, -13.815510557964272]",True
B6_leave_D_300_MQ-eff,B6,MQ-eff,leave_D,12,0,20480938,17,"[-1.3071246194455206, 1.156441209286669, -12.468716165866542, 0.2715629666348267, -0.16884205185492185, -12.804010674367547]",True,2,`ftol` termination condition is satisfied.,27,0.012291058627298629,"[-0.4701159340166021, -1.4810167582355975, -0.6772715833614057, -1.3095697904540429, -1.2347404298555749, -13.815510557964272]",True
B6_leave_D_300_MQ-eff,B6,MQ-eff,leave_D,12,0,20480938,18,"[-15.841057142039185, -12.033799849106828, 3.6180185678622827, -5.930906523381777, -7.6799930697874785, -3.1033672782290953]",True,2,`ftol` termination condition is satisfied.,107,0.01229105862729863,"[-0.47011593375734745, -1.4810167582648401, -0.6772715832519769, -1.3095697904296142, -1.2347404288371313, -13.815510557964272]",True
B6_leave_D_300_MQ-eff,B6,MQ-eff,leave_D,12,0,20480938,19,"[-7.951441490022162, -5.67003507227507, -9.961032043216719, -3.6625195487192057, -4.99581788556869, 1.687119749428323]",True,2,`ftol` termination condition is satisfied.,86,0.012291058627298634,"[-0.4701159340494897, -1.4810167582082914, -0.6772715833816134, -1.3095697904773242, -1.2347404299615186, -13.815510557964172]",True
B6_leave_D_300_MQ-eff,B6,MQ-eff,leave_D,12,0,20480938,20,"[2.0855751677655547, -6.748723607211424, -4.592737700043523, -6.326451889889764, -2.8582373986597283, -5.626522000469739]",True,2,`ftol` termination condition is satisfied.,25,0.01229105862729863,"[-0.4701159362368992, -1.4810167582300027, -0.677271584480241, -1.3095697904599093, -1.2347404390471142, -13.815510557964272]",True
B6_leave_D_300_MQ-eff,B6,MQ-eff,leave_D,12,0,20480938,21,"[3.7325554721696257, -1.177924586786478, 1.995908842224953, -7.8065288359845875, -1.7699597570571894, -9.258762794730416]",True,2,`ftol` termination condition is satisfied.,19,0.012291058627298627,"[-0.4701159338776895, -1.4810167583447593, -0.6772715833214636, -1.309569790362204, -1.234740429442511, -13.815510557955013]",True
B6_leave_D_300_MQ-eff,B6,MQ-eff,leave_D,12,0,20480938,22,"[-9.510047890628705, -10.806933994735179, -16.18932341381696, -2.1622833125184284, -6.003066741752104, -2.6268070170892592]",True,2,`ftol` termination condition is satisfied.,39,0.012291058627298637,"[-0.47011593685036757, -1.481016758189847, -0.6772715847836339, -1.3095697904930375, -1.2347404415337038, -13.815510557964272]",True
B6_leave_D_300_MQ-eff,B6,MQ-eff,leave_D,12,0,20480938,23,"[-11.78985436936103, 5.4803906780518545, -1.1841310007818073, -5.046523063755032, -6.298888611804944, 0.18223168280591118]",True,2,`ftol` termination condition is satisfied.,119,0.012291058627298634,"[-0.4701159339953792, -1.481016758234773, -0.6772715833561768, -1.309569790454208, -1.2347404297713895, -13.81551055796265]",True
B6_leave_D_300_MQ-eff,B6,MQ-eff,leave_D,12,0,20480938,24,"[-5.448044393793209, -16.25737771847807, -7.3145595057456525, -0.6322430747695851, -1.4793225216038568, -8.081118714440493]",True,2,`ftol` termination condition is satisfied.,29,0.012291058627298634,"[-0.47011593472606245, -1.4810167583032552, -0.6772715837370862, -1.3095697903967907, -1.2347404328947647, -13.815510557964272]",True
B6_leave_D_300_MQ-eff,B6,MQ-eff,leave_D,12,0,20480938,25,"[-3.5385023823244346, -3.774522450940731, -2.737241302400003, -1.5283070438754942, -8.22962302956888, -6.176926420419691]",True,2,`ftol` termination condition is satisfied.,41,0.012291058627298637,"[-0.4701159334998022, -1.481016758309776, -0.6772715831185668, -1.3095697903908983, -1.2347404278219114, -13.815510557964272]",True
B6_leave_D_300_MQ-eff,B6,MQ-eff,leave_D,12,0,20480938,26,"[-13.625677665345348, -8.393470276843555, -6.095369057436791, -8.438581281921957, 0.36217962759964273, 2.277508081715432]",True,2,`ftol` termination condition is satisfied.,90,0.012291058627298623,"[-0.4701159341989077, -1.481016758346947, -0.6772715834730509, -1.3095697903598873, -1.234740430766133, -13.815510557964261]",True
B6_leave_D_300_MQ-eff,B6,MQ-eff,leave_D,12,0,20480938,27,"[-10.184194280768015, 2.3563065801430803, 0.45397815746328973, -1.1921528176339757, -3.5196473570566837, -4.651017973269131]",True,2,`ftol` termination condition is satisfied.,119,0.012291058627298627,"[-0.470115934051127, -1.4810167582811644, -0.6772715833958954, -1.309569790415615, -1.2347404300704268, -13.815510557927942]",True
B6_leave_D_300_MQ-eff,B6,MQ-eff,leave_D,12,0,20480938,28,"[4.310677667597563, -12.949463808034068, -14.981312497444433, -4.489419267973283, -4.353053440828435, -11.216490184471159]",True,2,`ftol` termination condition is satisfied.,47,0.012291058627298629,"[-0.4701159340479665, -1.4810167583007552, -0.6772715833978962, -1.3095697903993613, -1.2347404300848457, -13.815510557964089]",True
B6_leave_D_300_MQ-eff,B6,MQ-eff,leave_D,12,0,20480938,29,"[0.2594093365255574, 3.551817646550724, -11.235136690379244, -5.373488802311218, -5.6582968366697735, -7.65041330883098]",True,2,`ftol` termination condition is satisfied.,73,0.012291058627298642,"[-0.4701159377656332, -1.4810167581049782, -0.6772715852413939, -1.3095697905658914, -1.2347404452180237, -13.815510557964272]",True
B6_leave_D_300_MQ-eff,B6,MQ-eff,leave_D,12,0,20480938,30,"[-6.043166148246032, -14.60117977227187, -2.9401906430452964, -0.2880692315989428, -2.1333024144798474, -0.27080556281819135]",True,2,`ftol` termination condition is satisfied.,69,0.01229105862729864,"[-0.4701159340698853, -1.4810167583056149, -0.6772715834026612, -1.309569790395348, -1.2347404301760445, -13.815510557964272]",True
B6_leave_D_300_MQ-eff,B6,MQ-eff,leave_D,12,0,20480938,31,"[-15.27272352814327, -2.3885564377298643, -13.753989475179894, -6.958227075420402, -0.6503074393869372, -1.19900796852024]",True,2,`ftol` termination condition is satisfied.,82,0.012291058627298632,"[-0.4701159343018873, -1.48101675826762, -0.6772715835132174, -1.3095697904268029, -1.2347404310842425, -13.815510557964272]",True
B6_leave_D_300_MQ-eff,B6,MQ-eff,leave_D,12,0,20480938,32,"[-1.9797876235435954, -9.857503089583041, 5.281734371931531, -3.0282296390113537, -7.146584735665076, -10.709023016458941]",True,2,`ftol` termination condition is satisfied.,90,0.012291058627298627,"[-0.4701159412302659, -1.4810167578364768, -0.6772715869315095, -1.3095697907960624, -1.2347404591905267, -13.815510557964272]",True
B6_leave_D_600_M0_6,B6,M0_6,leave_D,13,0,20280939,0,"[-1.0822030500847302, -1.602708127408676, -0.4020926686159637, -1.2763503266496101, -2.3066169576643176]",True,2,`ftol` termination condition is satisfied.,29,0.013525511606682389,"[-0.4527393434643384, -1.5046623195167248, -0.6809224522841368, -1.295584975058966, -1.1770827937648691]",True
B6_leave_D_600_M0_6,B6,M0_6,leave_D,13,0,20280939,1,"[-5.406714369699138, -15.664858980434056, -3.45085095835244, 0.8099379267495088, -8.100837577973929]",True,2,`ftol` termination condition is satisfied.,79,0.013525511606682385,"[-0.4527393435097104, -1.5046623194843047, -0.6809224523023152, -1.295584975086369, -1.1770827939116384]",True
B6_leave_D_600_M0_6,B6,M0_6,leave_D,13,0,20280939,2,"[-10.247812906199389, 2.833534853261284, -14.34835242519194, -6.867499425025727, -2.3372896886622962]",True,2,`ftol` termination condition is satisfied.,125,0.013525511606682389,"[-0.45273934362555873, -1.5046623194716098, -0.6809224523578742, -1.2955849750969344, -1.1770827943786781]",True
B6_leave_D_600_M0_6,B6,M0_6,leave_D,13,0,20280939,3,"[-12.20666289726505, -7.023236728363932, 0.45031113341745055, -3.415270138468455, 0.37993123935173934]",True,2,`ftol` termination condition is satisfied.,94,0.01352551160668239,"[-0.45273934365873464, -1.504662319498778, -0.6809224523801121, -1.2955849750744073, -1.1770827945550248]",True
B6_leave_D_600_M0_6,B6,M0_6,leave_D,13,0,20280939,4,"[5.10225217637937, -5.664516511894009, -11.114937816704288, -6.17529877295733, -5.439569853555675]",True,3,`xtol` termination condition is satisfied.,36,0.013525511606682389,"[-0.4527393543385363, -1.5046623194625048, -0.6809224577218627, -1.2955849751054458, -1.1770828391630042]",True
B6_leave_D_600_M0_6,B6,M0_6,leave_D,13,0,20280939,5,"[0.5490503755105429, -9.469390710503678, -13.88226886672836, -4.444253897667596, -4.004814023577404]",True,2,`ftol` termination condition is satisfied.,40,0.013525511606682389,"[-0.45273934376871283, -1.5046623194778532, -0.6809224524318637, -1.2955849750920514, -1.1770827949867175]",True
B6_leave_D_600_M0_6,B6,M0_6,leave_D,13,0,20280939,6,"[-16.381423604561267, -2.3269118035610887, -2.653648002451689, -1.5329744176373925, -0.623178313297279]",True,2,`ftol` termination condition is satisfied.,129,0.013525511606682387,"[-0.452739341805321, -1.5046623195118622, -0.6809224514532558, -1.29558497506187, -1.1770827868216418]",True
B6_leave_D_600_M0_6,B6,M0_6,leave_D,13,0,20280939,7,"[-6.941020834048139, -12.239238901385022, -6.385816562324408, -8.600867510881388, -3.866563854202]",True,2,`ftol` termination condition is satisfied.,79,0.013525511606682389,"[-0.45273935187408365, -1.504662319479206, -0.680922456489388, -1.2955849750916621, -1.1770828288794402]",True
B6_leave_D_600_M0_6,B6,M0_6,leave_D,13,0,20280939,8,"[-0.34127931913177534, 0.6534650680528884, 5.510562145498813, -1.070025488351079, -7.3041527680779055]",True,2,`ftol` termination condition is satisfied.,85,0.013525511606682389,"[-0.45273934263898613, -1.5046623195772553, -0.6809224518813891, -1.2955849750082034, -1.1770827903961507]",True
B6_leave_D_600_M0_6,B6,M0_6,leave_D,13,0,20280939,9,"[-1.532617385716149, -7.531416970480793, -8.379957859652363, -2.2438856972797696, -2.0836901659785454]",True,2,`ftol` termination condition is satisfied.,36,0.013525511606682385,"[-0.45273934348036204, -1.5046623195108146, -0.6809224522925569, -1.2955849750639794, -1.17708279382514]",True
B6_leave_D_600_M0_6,B6,M0_6,leave_D,13,0,20280939,10,"[-8.512192515633117, -3.1855164794005404, 3.231268330009616, -5.004349087739577, -7.90377340270893]",True,2,`ftol` termination condition is satisfied.,106,0.013525511606682385,"[-0.4527393405488801, -1.5046623196520523, -0.6809224508503344, -1.295584974944472, -1.1770827817600962]",True
B6_leave_D_600_M0_6,B6,M0_6,leave_D,13,0,20280939,11,"[-14.743511227647982, -15.958075414569848, -11.557632420348233, -0.3608631093726835, -5.7872511439026155]",True,2,`ftol` termination condition is satisfied.,126,0.013525511606682382,"[-0.4527393437825578, -1.5046623195757118, -0.680922452453662, -1.2955849750100388, -1.1770827951755338]",True
B6_leave_D_600_M0_6,B6,M0_6,leave_D,13,0,20280939,12,"[1.8516514391889913, 5.4301050758906655, -0.703372403908574, -8.039028536175485, -0.023121110768007824]",True,2,`ftol` termination condition is satisfied.,55,0.013525511606682389,"[-0.4527393444892795, -1.504662319563633, -0.6809224528065764, -1.295584975018839, -1.1770827981147378]",True
B6_leave_D_600_M0_6,B6,M0_6,leave_D,13,0,20280939,13,"[3.7091925878511702, -13.334572304903864, 2.776279128522482, -7.350758522894709, -1.4115191357473345]",True,2,`ftol` termination condition is satisfied.,37,0.013525511606682387,"[-0.4527393432423464, -1.5046623195449618, -0.6809224521782692, -1.2955849750356299, -1.1770827928753256]",True
B6_leave_D_600_M0_6,B6,M0_6,leave_D,13,0,20280939,14,"[-13.93225079425688, 2.272632499855188, -9.16608072517015, 0.18051946355807402, -4.849690193446212]",True,2,`ftol` termination condition is satisfied.,118,0.013525511606682385,"[-0.45273934351910294, -1.5046623195347555, -0.6809224523109081, -1.2955849750441932, -1.1770827940150441]",True
B6_leave_D_600_M0_6,B6,M0_6,leave_D,13,0,20280939,15,"[-8.767055930641328, -10.422109683312314, -5.443671576741002, -5.694952614702368, -6.309532725507604]",True,2,`ftol` termination condition is satisfied.,88,0.013525511606682389,"[-0.45273935069360405, -1.5046623192085906, -0.6809224558540629, -1.2955849753219444, -1.1770828235803263]",True
B6_leave_D_600_M0_6,B6,M0_6,leave_D,13,0,20280939,16,"[-4.3030086837320685, -0.47330233274584543, -16.629053877904607, -2.782943851693057, -2.9273148714045067]",True,2,`ftol` termination condition is satisfied.,78,0.013525511606682389,"[-0.4527393436246966, -1.5046623194570001, -0.6809224523561707, -1.295584975109415, -1.1770827943565125]",True
B6_leave_D_600_M0_6,B6,M0_6,leave_D,13,0,20280939,17,"[-3.3299314306362398, -10.917035283502937, 3.8337643634985348, -8.269378118150735, -5.2088134317248915]",True,2,`ftol` termination condition is satisfied.,109,0.013525511606682387,"[-0.45273934375240366, -1.5046623195016071, -0.680922452422822, -1.2955849750716946, -1.1770827949462535]",True
B6_leave_D_600_M0_6,B6,M0_6,leave_D,13,0,20280939,18,"[-9.573580810348943, -0.8791768754697813, -7.373899554315985, -1.326975619914676, 0.594937358674569]",True,2,`ftol` termination condition is satisfied.,81,0.01352551160668239,"[-0.4527393501164615, -1.5046623192574848, -0.6809224555727096, -1.2955849752794868, -1.177082821231933]",True
B6_leave_D_600_M0_6,B6,M0_6,leave_D,13,0,20280939,19,"[-12.947674157294083, -13.641037606392345, -0.7799338655244377, -4.187218783160265, -2.6624916847381375]",True,2,`ftol` termination condition is satisfied.,109,0.013525511606682389,"[-0.4527393438426239, -1.5046623195037017, -0.680922452471611, -1.295584975070234, -1.177082795329269]",True
B6_leave_D_600_M0_6,B6,M0_6,leave_D,13,0,20280939,20,"[2.914168790414511, 2.055174776691352, -12.744574826346788, -1.864485695607737, -8.522050156100631]",True,2,`ftol` termination condition is satisfied.,32,0.013525511606682387,"[-0.4527393434935521, -1.504662319505751, -0.6809224522997954, -1.2955849750682678, -1.1770827938747734]",True
B6_leave_D_600_M0_6,B6,M0_6,leave_D,13,0,20280939,21,"[2.6480021996597927, -17.065262786247803, -9.415014990633724, -3.7443956588526195, -6.920594739622586]",True,2,`ftol` termination condition is satisfied.,62,0.013525511606682389,"[-0.45273934803047655, -1.504662319543277, -0.6809224545739792, -1.295584975036762, -1.1770828128922295]",True
B6_leave_D_600_M0_6,B6,M0_6,leave_D,13,0,20280939,22,"[-15.729371348502884, 4.233856456322112, 1.4170068882970597, -5.920640356399618, -3.5034174000848477]",True,2,`ftol` termination condition is satisfied.,126,0.01352551160668239,"[-0.45273933534781247, -1.50466232077632, -0.6809224484377906, -1.295584973987638, -1.177082761529832]",True
B6_leave_D_600_M0_6,B6,M0_6,leave_D,13,0,20280939,23,"[-7.704385850437383, -8.472274841833576, -16.199278990920895, 0.5552667201166521, -0.8002388376832297]",True,2,`ftol` termination condition is satisfied.,58,0.013525511606682392,"[-0.4527393514927797, -1.5046623194654818, -0.6809224562961995, -1.2955849751026702, -1.1770828272661507]",True
B6_leave_D_600_M0_6,B6,M0_6,leave_D,13,0,20280939,24,"[-2.507019903442133, -4.2153921195018835, -4.610290429246595, -6.538279826533282, -4.273223858184]",True,2,`ftol` termination condition is satisfied.,37,0.013525511606682385,"[-0.45273934364578106, -1.5046623195562951, -0.6809224523807288, -1.2955849750265065, -1.1770827945761915]",True
B6_leave_D_600_M0_6,B6,M0_6,leave_D,13,0,20280939,25,"[-0.7911713767268402, -11.932833044036048, -15.652058321893232, -5.362821160199491, -0.19886113095132707]",True,2,`ftol` termination condition is satisfied.,28,0.013525511606682392,"[-0.4527393481918662, -1.5046623194982145, -0.6809224546459153, -1.2955849750748862, -1.1770828135051172]",True
B6_leave_D_600_M0_6,B6,M0_6,leave_D,13,0,20280939,26,"[-6.323848297276129, 0.8708096775112679, -3.733438079753162, -3.040526381416546, -6.057837565074808]",True,2,`ftol` termination condition is satisfied.,96,0.013525511606682389,"[-0.4527393438544885, -1.5046623195308113, -0.6809224524832999, -1.2955849750472739, -1.1770827954164627]",True
B6_leave_D_600_M0_6,B6,M0_6,leave_D,13,0,20280939,27,"[-16.820555084023205, -8.974394117026447, -10.337123012734013, -7.093190488589716, -7.522409014252734]",True,3,`xtol` termination condition is satisfied.,143,0.013525511606682385,"[-0.45273934940881483, -1.5046623125962644, -0.6809224541465394, -1.2955849809476003, -1.177082809352555]",True
B6_leave_D_600_M0_6,B6,M0_6,leave_D,13,0,20280939,28,"[1.1769845094580695, -1.9209329788324183, 0.9137388763383107, -0.1515150705976005, -1.7192402610922848]",True,2,`ftol` termination condition is satisfied.,14,0.013525511606682389,"[-0.45273934373338487, -1.5046623195088322, -0.6809224524175893, -1.2955849750656612, -1.1770827948792164]",True
B6_leave_D_600_M0_6,B6,M0_6,leave_D,13,0,20280939,29,"[4.472818521552739, -6.08230650500135, -1.703503873775741, -0.6906289861857182, -3.2552744076813696]",True,2,`ftol` termination condition is satisfied.,36,0.01352551160668239,"[-0.45273934523263154, -1.5046623195324698, -0.6809224531726733, -1.295584975045907, -1.1770828011802543]",True
B6_leave_D_600_M0_6,B6,M0_6,leave_D,13,0,20280939,30,"[-11.766075376066045, -4.634535231064747, -13.246467810438595, -7.783738289905664, -6.727677390943127]",True,3,`xtol` termination condition is satisfied.,130,0.013525511606682389,"[-0.4527393321389487, -1.5046623199047033, -0.6809224467086666, -1.2955849747305264, -1.1770827469635448]",True
B6_leave_D_600_M0_6,B6,M0_6,leave_D,13,0,20280939,31,"[-10.866442503750857, -14.557729694172417, 4.3795339161606925, -2.4990881183669345, -4.615885186148911]",True,2,`ftol` termination condition is satisfied.,108,0.013525511606682389,"[-0.4527393520831204, -1.504662319511118, -0.6809224565973632, -1.2955849750639794, -1.1770828297943616]",True
B6_leave_D_600_M0_6,B6,M0_6,leave_D,13,0,20280939,32,"[-4.955321772182579, 4.029671717847567, -6.495683046741121, -4.674606801509586, -1.1992898838501862]",True,2,`ftol` termination condition is satisfied.,129,0.013525511606682389,"[-0.45273934453628173, -1.5046623195120732, -0.6809224528204961, -1.295584975062988, -1.1770827982410026]",True
B6_leave_D_600_MQ-add,B6,MQ-add,leave_D,13,0,20380939,0,"[-1.0822030500847302, -1.602708127408676, -0.4020926686159637, -1.2763503266496101, -2.3066169576643176, 0.17373383639229384]",True,2,`ftol` termination condition is satisfied.,29,0.005483412472194479,"[-0.5157508144674114, -1.5046623194802744, -0.6809224522704586, -1.2955849750888908, -1.17708279366324, -1.9755524629497048]",True
B6_leave_D_600_MQ-add,B6,MQ-add,leave_D,13,0,20380939,1,"[-16.166663329067852, -12.613769165019624, 1.473056448985215, -6.891292935045847, -1.4423109041403661, -17.031631988332418]",True,2,`ftol` termination condition is satisfied.,126,0.0054834124721944814,"[-0.5157508149170413, -1.5046623195448081, -0.6809224524939849, -1.2955849750354982, -1.177082795515414, -1.9755524629433683]",True
B6_leave_D_600_MQ-add,B6,MQ-add,leave_D,13,0,20380939,2,"[-3.4880318876593375, -1.1260305535905957, -11.602659657618993, -0.9861225065872246, -5.199371229805892, -2.3840885949746475]",True,2,`ftol` termination condition is satisfied.,36,0.0054834124721944814,"[-0.5157508145679157, -1.504662319564606, -0.6809224523334062, -1.2955849750187318, -1.177082794172525, -1.975552462946577]",True
B6_leave_D_600_MQ-add,B6,MQ-add,leave_D,13,0,20380939,3,"[4.500002199167902, -9.414554765613659, -4.737240310154942, -4.072881400137694, -6.4763726386721014, 4.603187523215144]",True,2,`ftol` termination condition is satisfied.,61,0.005483412472194473,"[-0.5157508188435465, -1.5046623194967672, -0.6809224543291215, -1.295584975076245, -1.177082810865788, -1.9755524629532575]",True
B6_leave_D_600_MQ-add,B6,MQ-add,leave_D,13,0,20380939,4,"[-8.49447226010689, 1.3750500894420625, -8.240425374044925, -3.7205694897308996, -2.568473378940853, -9.949745257068678]",True,2,`ftol` termination condition is satisfied.,130,0.0054834124721944745,"[-0.5157508214246992, -1.504662319182589, -0.6809224554935299, -1.295584975340494, -1.1770828205739792, -1.9755524629366847]",True
B6_leave_D_600_MQ-add,B6,MQ-add,leave_D,13,0,20380939,5,"[-10.165671274597878, -6.766062422432478, -15.147036707819098, -1.6429916063822478, -3.2903214251927757, -13.992802102089819]",True,2,`ftol` termination condition is satisfied.,75,0.00548341247219448,"[-0.515750814452125, -1.504662319536123, -0.6809224522735793, -1.2955849750429935, -1.17708279367802, -1.9755524629424785]",True
B6_leave_D_600_MQ-add,B6,MQ-add,leave_D,13,0,20380939,6,"[2.4430358556709564, 4.424233340232131, 5.096737755858026, -6.206992268293996, -8.101474941169936, -5.111259991091297]",True,2,`ftol` termination condition is satisfied.,69,0.00548341247219448,"[-0.5157508191737329, -1.504662319368862, -0.680922454465097, -1.295584975185319, -1.1770828119911112, -1.9755524629494448]",True
B6_leave_D_600_MQ-add,B6,MQ-add,leave_D,13,0,20380939,7,"[-0.9249913866781334, -15.662788986886156, -10.316941833522446, 0.530754114767559, -4.738413590871529, 1.9650614099916233]",True,2,`ftol` termination condition is satisfied.,35,0.0054834124721944745,"[-0.515750816863249, -1.5046623195599316, -0.680922453411395, -1.295584975023054, -1.1770828031783054, -1.9755524629518006]",True
B6_leave_D_600_MQ-add,B6,MQ-add,leave_D,13,0,20380939,8,"[-13.933000427316133, -3.774337813197418, -2.5841927480328035, -8.315401436038677, 0.518262190486471, -6.9999606537192065]",True,2,`ftol` termination condition is satisfied.,145,0.00548341247219448,"[-0.515750814877675, -1.5046623195110973, -0.6809224524678439, -1.2955849750640642, -1.177082795316574, -1.9755524629557557]",True
B6_leave_D_600_MQ-add,B6,MQ-add,leave_D,13,0,20380939,9,"[-12.879770479836466, -10.755668838075154, -9.565977416615159, -5.211111737172276, -5.908059354574352, -11.313548499447538]",True,2,`ftol` termination condition is satisfied.,101,0.005483412472194482,"[-0.5157508202897134, -1.5046623195142645, -0.6809224550122608, -1.2955849750618091, -1.1770828165638665, -1.9755524629376402]",True
B6_leave_D_600_MQ-add,B6,MQ-add,leave_D,13,0,20380939,10,"[-2.69058113461705, 0.04471888666600776, -0.5587350679009795, -2.582848481910938, -0.7336045712788186, 3.251145473677667]",True,2,`ftol` termination condition is satisfied.,51,0.005483412472194478,"[-0.5157508162443692, -1.504662319533833, -0.6809224531151924, -1.2955849750447739, -1.177082800714065, -1.9755524629580312]",True
B6_leave_D_600_MQ-add,B6,MQ-add,leave_D,13,0,20380939,11,"[0.6746639521628239, -13.966361518678564, -15.777675613804233, -7.8409212503445325, -2.0105330767167082, -1.07032933555994]",True,2,`ftol` termination condition is satisfied.,49,0.00548341247219448,"[-0.515750814513745, -1.5046623195530018, -0.6809224523059724, -1.2955849750284139, -1.177082793944761, -1.975552462949766]",True
B6_leave_D_600_MQ-add,B6,MQ-add,leave_D,13,0,20380939,12,"[-9.1096588318682, -2.444883135488409, 2.8021193473547896, -0.03700352050315736, -7.0342947328031595, -15.718503261397455]",True,2,`ftol` termination condition is satisfied.,109,0.0054834124721944745,"[-0.5157508187852908, -1.5046623193770927, -0.6809224542789242, -1.2955849751776867, -1.1770828104710422, -1.9755524629421086]",True
B6_leave_D_600_MQ-add,B6,MQ-add,leave_D,13,0,20380939,13,"[-6.698253324846824, -17.01538172268599, -4.104589687108669, -0.8642509432792194, -7.765346961228454, -8.297653775709605]",True,2,`ftol` termination condition is satisfied.,101,0.00548341247219448,"[-0.515750814498926, -1.504662319520134, -0.6809224522945447, -1.2955849750561057, -1.1770827938433674, -1.975552462950043]",True
B6_leave_D_600_MQ-add,B6,MQ-add,leave_D,13,0,20380939,14,"[3.416142724686292, -5.093190692315931, -5.94359984710198, -6.91988704877728, -3.6265039938855326, 0.6359545229588157]",True,2,`ftol` termination condition is satisfied.,35,0.005483412472194479,"[-0.5157508191708354, -1.5046623194870956, -0.6809224544829097, -1.295584975084122, -1.1770828121391614, -1.9755524629542118]",True
B6_leave_D_600_MQ-add,B6,MQ-add,leave_D,13,0,20380939,15,"[-4.569108866890938, -8.10717679211467, 0.7269066252369036, -2.928558954908154, -0.26322421752605685, -3.774565569171921]",True,2,`ftol` termination condition is satisfied.,57,0.005483412472194478,"[-0.5157508144392479, -1.5046623195307112, -0.6809224522692087, -1.2955849750476107, -1.1770827936224555, -1.975552462942533]",True
B6_leave_D_600_MQ-add,B6,MQ-add,leave_D,13,0,20380939,16,"[-14.373226549377, 3.09390175531518, -13.62315048267451, -4.92091559055347, -3.956981771610274, -12.61356325476639]",True,2,`ftol` termination condition is satisfied.,135,0.005483412472194482,"[-0.5157508197239171, -1.5046623193808122, -0.6809224547228715, -1.2955849751757407, -1.1770828141659544, -1.9755524629529788]",True
B6_leave_D_600_MQ-add,B6,MQ-add,leave_D,13,0,20380939,17,"[-15.660688952817758, -7.423736013543117, -1.4225952213440838, 0.7248866626976334, -2.143484682121861, 1.3107820792466995]",True,2,`ftol` termination condition is satisfied.,98,0.005483412472194483,"[-0.5157508144243488, -1.5046623195519198, -0.6809224522673935, -1.2955849750299282, -1.1770827935978863, -1.9755524629577506]",True
B6_leave_D_600_MQ-add,B6,MQ-add,leave_D,13,0,20380939,18,"[-5.51882495530235, 3.836495906628972, -8.626985815252173, -8.569486484186084, -6.882458439336113, -7.547803002295838]",True,2,`ftol` termination condition is satisfied.,124,0.005483412472194478,"[-0.5157508142973811, -1.5046623194986595, -0.6809224521989385, -1.2955849750739115, -1.1770827930238283, -1.9755524629429173]",True
B6_leave_D_600_MQ-add,B6,MQ-add,leave_D,13,0,20380939,19,"[3.591932802273721, -16.324946406979528, 3.7636800202432923, -1.8307120633068532, -5.473184773458817, -11.952755046799375]",True,2,`ftol` termination condition is satisfied.,64,0.005483412472194476,"[-0.5157508144128498, -1.5046623195406768, -0.6809224522556954, -1.295584975038979, -1.1770827935311359, -1.9755524629486232]",True
B6_leave_D_600_MQ-add,B6,MQ-add,leave_D,13,0,20380939,20,"[-6.239674567765652, -4.360384952693764, -16.664098045156912, -5.948841681594185, -1.187436601772621, -3.010690012544531]",True,2,`ftol` termination condition is satisfied.,115,0.0054834124721944745,"[-0.5157508146116216, -1.5046623195431414, -0.6809224523528489, -1.2955849750371078, -1.1770827943209288, -1.9755524629622299]",True
B6_leave_D_600_MQ-add,B6,MQ-add,leave_D,13,0,20380939,21,"[-9.526491838019666, -13.318878500093351, -6.5518563149295925, -4.4858880170460225, 0.7636750880585073, 4.014996573287661]",True,2,`ftol` termination condition is satisfied.,102,0.005483412472194476,"[-0.5157508163638646, -1.5046623195213333, -0.680922453171322, -1.2955849750552813, -1.1770828011666494, -1.9755524629508878]",True
B6_leave_D_600_MQ-add,B6,MQ-add,leave_D,13,0,20380939,22,"[0.635229559217457, -1.6659844100943655, -3.5770296577009617, -3.387307552461243, -5.002761217674458, -10.652721269355881]",True,2,`ftol` termination condition is satisfied.,37,0.005483412472194478,"[-0.5157508150295829, -1.5046623195558562, -0.6809224525498884, -1.2955849750255746, -1.1770827959747492, -1.975552462951225]",True
B6_leave_D_600_MQ-add,B6,MQ-add,leave_D,13,0,20380939,23,"[-1.6991301650614403, -10.117973891500771, -13.11833344136047, -6.475403150976194, -8.498399797220161, -14.96862803096629]",True,2,`ftol` termination condition is satisfied.,36,0.005483412472194479,"[-0.5157508182765884, -1.504662319406588, -0.6809224540503065, -1.2955849751527455, -1.1770828085189238, -1.9755524629435768]",True
B6_leave_D_600_MQ-add,B6,MQ-add,leave_D,13,0,20380939,24,"[-11.455963261539157, 0.8306124888757545, 0.14138635188701443, -1.3141183435843056, -2.874498256097832, -0.395520801396696]",True,2,`ftol` termination condition is satisfied.,87,0.005483412472194476,"[-0.5157508144871404, -1.5046623195261086, -0.6809224522880336, -1.2955849750512456, -1.1770827938027175, -1.9755524629476722]",True
B6_leave_D_600_MQ-add,B6,MQ-add,leave_D,13,0,20380939,25,"[-13.252161731031194, -14.983571459665807, -12.464009569971017, -3.267031764195356, -7.214516350906912, -4.361365696075394]",True,2,`ftol` termination condition is satisfied.,101,0.005483412472194478,"[-0.5157508144869561, -1.504662319506738, -0.6809224522887606, -1.2955849750672175, -1.1770827937829045, -1.9755524629623662]",True
B6_leave_D_600_MQ-add,B6,MQ-add,leave_D,13,0,20380939,26,"[-0.6152909865074605, -3.0304885413380855, 2.4151017807147497, -4.51317683255305, -1.811372217327774, -13.317931109119996]",True,2,`ftol` termination condition is satisfied.,30,0.00548341247219448,"[-0.5157508185098526, -1.5046623195423394, -0.6809224541835255, -1.295584975037568, -1.177082809617715, -1.9755524629423886]",True
B6_leave_D_600_MQ-add,B6,MQ-add,leave_D,13,0,20380939,27,"[1.7162862425214236, -6.071578451304553, -7.276331361771133, -0.5228403958434136, -0.4018801253894093, -6.236041660409876]",True,2,`ftol` termination condition is satisfied.,25,0.005483412472194476,"[-0.5157508122580244, -1.5046623195540325, -0.6809224512480098, -1.2955849750277642, -1.1770827850923178, -1.9755524629476708]",True
B6_leave_D_600_MQ-add,B6,MQ-add,leave_D,13,0,20380939,28,"[-11.31990815194249, 5.1556093633790105, -5.620629391988897, -7.322414277492406, -6.25868669661874, 2.625913139560776]",True,3,`xtol` termination condition is satisfied.,138,0.005483412472194477,"[-0.515750831354763, -1.5046623196480782, -0.6809224602488553, -1.2955849749485937, -1.1770828602010677, -1.9755524629497965]",True
B6_leave_D_600_MQ-add,B6,MQ-add,leave_D,13,0,20380939,29,"[-7.292924981013346, -8.765815947121311, 4.491710293688303, -7.572291275451518, -4.298152256441227, -1.7232178432808531]",True,2,`ftol` termination condition is satisfied.,103,0.0054834124721944745,"[-0.5157508148804092, -1.504662319505016, -0.6809224524709937, -1.2955849750690478, -1.1770827953213083, -1.9755524629542367]",True
B6_leave_D_600_MQ-add,B6,MQ-add,leave_D,13,0,20380939,30,"[5.357542846140269, 2.1497262428464943, -14.617138995165272, -0.21657536726161553, 0.05904795426017628, -16.267737452040485]",True,2,`ftol` termination condition is satisfied.,41,0.005483412472194475,"[-0.5157508273814752, -1.5046623194625242, -0.6809224583444976, -1.2955849751044413, -1.177082844343033, -1.9755524629517769]",True
B6_leave_D_600_MQ-add,B6,MQ-add,leave_D,13,0,20380939,31,"[-3.7504327558665835, -11.977503255558933, -2.07616979935508, -5.473347811388915, -3.436517721857207, -9.274893286223499]",True,2,`ftol` termination condition is satisfied.,68,0.005483412472194479,"[-0.5157508149328917, -1.5046623194740187, -0.6809224524863617, -1.2955849750950903, -1.1770827954814833, -1.9755524629524384]",True
B6_leave_D_600_MQ-add,B6,MQ-add,leave_D,13,0,20380939,32,"[-16.716721861315463, -0.33608761659779063, -10.900104042778384, -2.399192906270984, -7.936398504025886, 5.353106275248443]",True,2,`ftol` termination condition is satisfied.,145,0.0054834124721944745,"[-0.5157508159912031, -1.504662319508998, -0.6809224529900081, -1.2955849750665775, -1.1770827996824802, -1.975552462945386]",True
B6_leave_D_600_MQ-eff,B6,MQ-eff,leave_D,13,0,20480939,0,"[-1.0822030500847302, -1.602708127408676, -0.4020926686159637, -1.2763503266496101, -2.3066169576643176, -1.146040733446924]",True,2,`ftol` termination condition is satisfied.,28,0.013525517064241696,"[-0.45273933255053517, -1.5046623195267748, -0.680922416294475, -1.2955849750506012, -1.1770827970325857, -13.815510557964272]",True
B6_leave_D_600_MQ-eff,B6,MQ-eff,leave_D,13,0,20480939,1,"[-3.6545151996954743, -15.462006278975556, -2.85878870883972, -4.382097214521143, -5.618603708896394, -6.5470300944646755]",True,2,`ftol` termination condition is satisfied.,68,0.013525517064241698,"[-0.4527393285782576, -1.5046623196546298, -0.6809224143374516, -1.2955849749412682, -1.1770827806051418, -13.815510557964272]",True
B6_leave_D_600_MQ-eff,B6,MQ-eff,leave_D,13,0,20480939,2,"[-9.063540030355739, 5.230643662590904, -7.5924514317876035, -2.8831317611058767, -0.34436437430089484, 2.9126541220810083]",True,2,`ftol` termination condition is satisfied.,134,0.013525517064241693,"[-0.4527393325760087, -1.5046623195852722, -0.6809224163282851, -1.2955849750019286, -1.1770827972281541, -13.815510557964272]",True
B6_leave_D_600_MQ-eff,B6,MQ-eff,leave_D,13,0,20480939,3,"[-15.410460970578066, -10.36285638072556, 5.332470008688869, -7.4195563548576615, -1.5601935627628727, -1.3649150676558026]",True,2,`ftol` termination condition is satisfied.,131,0.013525517064241717,"[-0.4527393310443301, -1.5046623195726938, -0.6809224155589896, -1.295584975011174, -1.177082790806276, -13.815510557964272]",True
B6_leave_D_600_MQ-eff,B6,MQ-eff,leave_D,13,0,20480939,4,"[2.6875170969540925, -2.5374298904988564, -12.222313286623674, -1.1867589853678977, -6.786703694316117, -10.824325402247556]",True,2,`ftol` termination condition is satisfied.,67,0.013525517064241703,"[-0.4527393329804195, -1.5046623195451871, -0.6809224165045902, -1.2955849750354071, -1.1770827988476893, -13.815510557964272]",True
B6_leave_D_600_MQ-eff,B6,MQ-eff,leave_D,13,0,20480939,5,"[3.7284279471130723, -6.897341768631295, -10.363617562931916, 0.7350396641607571, -8.616264576383456, -7.35108112098924]",True,2,`ftol` termination condition is satisfied.,79,0.013525517064241708,"[-0.45273933270637345, -1.5046623195108544, -0.680922416371995, -1.2955849750646566, -1.1770827976648228, -13.815510557964272]",True
B6_leave_D_600_MQ-eff,B6,MQ-eff,leave_D,13,0,20480939,6,"[-13.613969250407822, -3.3235861933451183, -5.074115110409, -7.9258221599574945, -3.453638809550701, -0.8519083131980718]",True,2,`ftol` termination condition is satisfied.,121,0.013525517064241706,"[-0.4527393378015732, -1.5046623195288003, -0.6809224189143294, -1.2955849750491615, -1.1770828189830225, -13.815510557964272]",True
B6_leave_D_600_MQ-eff,B6,MQ-eff,leave_D,13,0,20480939,7,"[-7.310872865133776, -13.195297891782076, -15.707230975373443, -2.197671887210152, 0.13591001742131503, -4.551982187403633]",True,2,`ftol` termination condition is satisfied.,33,0.013525517064241696,"[-0.45273933262052546, -1.504662319535721, -0.6809224163324671, -1.2955849750433661, -1.1770827973385607, -13.815510557964272]",True
B6_leave_D_600_MQ-eff,B6,MQ-eff,leave_D,13,0,20480939,8,"[-2.5683829422300555, 0.3068376075111061, 2.4061706384349826, -6.036185380093674, -5.053489551226008, -11.050941975897299]",True,2,`ftol` termination condition is satisfied.,77,0.013525517064241703,"[-0.4527393360114014, -1.5046623194323865, -0.6809224180041761, -1.295584975131001, -1.1770828113699388, -13.815510557964272]",True
B6_leave_D_600_MQ-eff,B6,MQ-eff,leave_D,13,0,20480939,9,"[-0.2789792920949097, -8.753583786854652, -16.286538359562808, -8.550483283643189, -1.1176956261157605, -9.782306545172974]",True,2,`ftol` termination condition is satisfied.,19,0.013525517064241706,"[-0.45273933334826166, -1.5046623195183595, -0.6809224167018318, -1.2955849750573052, -1.177082800364784, -13.815510557964272]",True
B6_leave_D_600_MQ-eff,B6,MQ-eff,leave_D,13,0,20480939,10,"[-7.112380985749336, -0.9295479498115569, 0.150311868203584, 0.09306035239440469, -6.036861939540799, -2.3212298541237786]",True,2,`ftol` termination condition is satisfied.,90,0.013525517064241694,"[-0.4527393326079061, -1.5046623195481825, -0.680922416330258, -1.295584975032372, -1.1770827973042641, -13.815510557963412]",True
B6_leave_D_600_MQ-eff,B6,MQ-eff,leave_D,13,0,20480939,11,"[-12.02968586882206, -17.058711023032, -9.520005484587372, -5.634321823048568, -7.261954428745701, 1.878395194265]",True,2,`ftol` termination condition is satisfied.,120,0.013525517064241703,"[-0.4527393326297093, -1.5046623195712676, -0.6809224163491647, -1.2955849750131416, -1.1770827974301703, -13.815510557964272]",True
B6_leave_D_600_MQ-eff,B6,MQ-eff,leave_D,13,0,20480939,12,"[4.643219669443329, 3.6325469066276597, -3.0548213417127563, -1.7799450841879771, -2.2764319797586507, -5.582894516081698]",True,2,`ftol` termination condition is satisfied.,24,0.013525517064241693,"[-0.45273933556815177, -1.5046623195587523, -0.6809224178054701, -1.2955849750240187, -1.1770828096885813, -13.815510557964272]",True
B6_leave_D_600_MQ-eff,B6,MQ-eff,leave_D,13,0,20480939,13,"[-0.0029412164636113403, -11.597851284864614, 3.278398955696648, -3.4414241900863276, -2.997592444005633, -12.081265782301632]",True,2,`ftol` termination condition is satisfied.,58,0.013525517064241705,"[-0.4527393332813148, -1.504662319453589, -0.6809224166321955, -1.2955849751124207, -1.1770827999754365, -13.815510557964272]",True
B6_leave_D_600_MQ-eff,B6,MQ-eff,leave_D,13,0,20480939,14,"[-15.920265884717738, 1.9028935612449587, -13.003321429768139, -4.941407307147209, -7.879648230052736, -3.591762710852196]",True,2,`ftol` termination condition is satisfied.,133,0.013525517064241701,"[-0.4527393384892632, -1.504662319588416, -0.6809224192670116, -1.2955849749972455, -1.1770828219366416, -13.815510557964272]",True
B6_leave_D_600_MQ-eff,B6,MQ-eff,leave_D,13,0,20480939,15,"[-11.048176974058698, -8.504481167095982, -0.6404912467179003, -0.4065421255433481, -4.299372047684098, 0.18623628512126622]",True,2,`ftol` termination condition is satisfied.,100,0.013525517064241696,"[-0.4527393378292528, -1.5046623195070947, -0.680922418925501, -1.295584975067608, -1.1770828190703155, -13.815510557964272]",True
B6_leave_D_600_MQ-eff,B6,MQ-eff,leave_D,13,0,20480939,16,"[-4.881310188160816, -4.9321176037166055, -6.947756088584558, -6.63512061769093, 0.5745367980122218, -8.303540668282103]",True,3,`xtol` termination condition is satisfied.,63,0.01352551706424169,"[-0.4527393338291695, -1.5046623195224358, -0.6809224169443261, -1.2955849750549933, -1.1770828023821827, -13.815510557957468]",True
B6_leave_D_600_MQ-eff,B6,MQ-eff,leave_D,13,0,20480939,17,"[-5.617818108791326, -7.3867242028131095, 1.1058510620607684, -2.424368312854427, -6.435623930009504, -3.030693209932453]",True,3,`xtol` termination condition is satisfied.,98,0.013525517064241687,"[-0.4527393327032668, -1.5046623195459408, -0.680922416362964, -1.2955849750345705, -1.1770827976872842, -13.81551055796044]",True
B6_leave_D_600_MQ-eff,B6,MQ-eff,leave_D,13,0,20480939,18,"[-10.317171882342329, -5.2376734098706645, -16.532409468517706, -5.734945198992049, -2.0599846676630094, -12.517675665200995]",True,2,`ftol` termination condition is satisfied.,150,0.013525517064241693,"[-0.4527393329167917, -1.5046623194643538, -0.6809224164656608, -1.2955849751034225, -1.1770827984784091, -13.815510557964272]",True
B6_leave_D_600_MQ-eff,B6,MQ-eff,leave_D,13,0,20480939,19,"[-16.664092567804058, -12.61683323442044, -4.236283337729784, 0.45946490051453104, -0.8822963004237883, -8.864351918965337]",True,2,`ftol` termination condition is satisfied.,111,0.013525517064241703,"[-0.4527393337329327, -1.5046623195420508, -0.680922416898756, -1.295584975037917, -1.1770828020056112, -13.815510557964272]",True
B6_leave_D_600_MQ-eff,B6,MQ-eff,leave_D,13,0,20480939,20,"[0.7242139330976443, 2.310047808912131, -9.053428730836352, -7.575630453201705, -5.228828886777457, 0.6224175170057009]",True,2,`ftol` termination condition is satisfied.,52,0.013525517064241686,"[-0.4527393328055104, -1.5046623195459385, -0.6809224164262079, -1.2955849750341406, -1.177082798125064, -13.815510557964272]",True
B6_leave_D_600_MQ-eff,B6,MQ-eff,leave_D,13,0,20480939,21,"[5.335545308786042, -15.952064295802842, -14.140341203767331, -7.183000699788723, -4.515707979542028, -2.8819964087936967]",True,2,`ftol` termination condition is satisfied.,49,0.013525517064241696,"[-0.45273933270661, -1.5046623195149784, -0.6809224163558544, -1.2955849750604729, -1.1770827976563434, -13.815510557964272]",True
B6_leave_D_600_MQ-eff,B6,MQ-eff,leave_D,13,0,20480939,22,"[-12.716514114143386, 3.315840016804028, 3.700361948627261, -1.4979310150986143, -0.25197784227806075, -9.346204244546094]",True,2,`ftol` termination condition is satisfied.,121,0.0135255170642417,"[-0.45273933304457026, -1.5046623195728792, -0.6809224165339777, -1.2955849750124508, -1.177082799147014, -13.815510557964272]",True
B6_leave_D_600_MQ-eff,B6,MQ-eff,leave_D,13,0,20480939,23,"[-6.413417304268343, -9.783676058384387, -5.947603473587765, -4.115217499237594, -3.8057324004803865, -5.021900142503485]",True,2,`ftol` termination condition is satisfied.,84,0.013525517064241705,"[-0.452739334184255, -1.5046623195067403, -0.6809224171020365, -1.2955849750673951, -1.1770828038303494, -13.815510557964272]",True
B6_leave_D_600_MQ-eff,B6,MQ-eff,leave_D,13,0,20480939,24,"[-0.9612660051580839, -0.5335447008937528, -0.9308049173714359, -3.22455580029456, -8.114867890716923, 1.44203381129498]",True,2,`ftol` termination condition is satisfied.,69,0.013525517064241705,"[-0.4527393325200528, -1.504662319516828, -0.680922416282906, -1.2955849750589725, -1.1770827968966158, -13.815510557964032]",True
B6_leave_D_600_MQ-eff,B6,MQ-eff,leave_D,13,0,20480939,25,"[-1.8749704092566049, -14.22436700229064, -8.23694619347992, -0.635640740467565, -2.517206725337691, -0.2910826789573626]",True,2,`ftol` termination condition is satisfied.,34,0.013525517064241694,"[-0.45273933166219, -1.5046623195221906, -0.6809224158356513, -1.2955849750546289, -1.1770827933005366, -13.815510557964272]",True
B6_leave_D_600_MQ-eff,B6,MQ-eff,leave_D,13,0,20480939,26,"[-7.998701045801766, 0.7011220291351314, -1.499063589191472, -6.3316233436062745, -7.171083058763593, -7.787247256081945]",True,2,`ftol` termination condition is satisfied.,112,0.013525517064241686,"[-0.4527393326347324, -1.5046623195359414, -0.6809224163401694, -1.295584975043148, -1.1770827973988127, -13.815510557964231]",True
B6_leave_D_600_MQ-eff,B6,MQ-eff,leave_D,13,0,20480939,27,"[-12.916005674113896, -5.7889762990285565, -12.154357468163694, -3.7147425713092552, -5.984103607895995, -11.61199638002531]",True,2,`ftol` termination condition is satisfied.,144,0.013525517064241696,"[-0.45273933259433996, -1.5046623195150999, -0.6809224163104777, -1.295584975060864, -1.1770827971966613, -13.815510557964272]",True
B6_leave_D_600_MQ-eff,B6,MQ-eff,leave_D,13,0,20480939,28,"[3.0472282975210376, -3.6413161592697207, 4.555196655909281, -4.593617931783306, -1.3197473888850793, -4.115557920946795]",True,2,`ftol` termination condition is satisfied.,22,0.013525517064241703,"[-0.4527393324418742, -1.5046623195149156, -0.6809224162310099, -1.2955849750605628, -1.177082796555987, -13.815510557964272]",True
B6_leave_D_600_MQ-eff,B6,MQ-eff,leave_D,13,0,20480939,29,"[1.949226616420237, -11.380774492484752, -4.961719447696764, -5.395364120811633, 0.5201825492133523, 2.351644413966312]",True,2,`ftol` termination condition is satisfied.,32,0.013525517064241696,"[-0.45273933254994014, -1.5046623195316176, -0.6809224163002305, -1.2955849750467028, -1.177082797041246, -13.815510557961808]",True
B6_leave_D_600_MQ-eff,B6,MQ-eff,leave_D,13,0,20480939,30,"[-14.677760277242426, -2.13203514690092, -11.185507054297489, -2.0933743490136703, -4.096296794679375, -6.110684759265395]",True,2,`ftol` termination condition is satisfied.,110,0.013525517064241706,"[-0.45273933526868854, -1.5046623194871986, -0.6809224176580194, -1.2955849750843167, -1.1770828083526417, -13.815510557964272]",True
B6_leave_D_600_MQ-eff,B6,MQ-eff,leave_D,13,0,20480939,31,"[-9.80567094198239, -14.342489725703249, 1.8062923550094467, -8.285859808670994, -7.640770110505588, -10.263574895348375]",True,2,`ftol` termination condition is satisfied.,106,0.013525517064241693,"[-0.45273934544836036, -1.5046623195036928, -0.6809224227582995, -1.2955849750680462, -1.1770828509365414, -13.815510557964272]",True
B6_leave_D_600_MQ-eff,B6,MQ-eff,leave_D,13,0,20480939,32,"[-2.9291427798779637, 4.924023933720008, -14.391945360296653, -0.24596121329044607, -3.0883231231611594, -1.801032702819164]",True,2,`ftol` termination condition is satisfied.,126,0.013525517064241696,"[-0.45273933268544636, -1.5046623195138031, -0.6809224163514103, -1.2955849750620745, -1.177082797571926, -13.815510557964272]",True
