index,actual_metric/the_pile_arxiv_val_loss,pred_metric/the_pile_arxiv_val_loss,actual_metric/the_pile_freelaw_val_loss,pred_metric/the_pile_freelaw_val_loss,actual_metric/the_pile_pubmed_central_val_loss,pred_metric/the_pile_pubmed_central_val_loss,actual_metric/the_pile_wikipedia_en_val_loss,pred_metric/the_pile_wikipedia_en_val_loss,actual_metric/the_pile_dm_mathematics_val_loss,pred_metric/the_pile_dm_mathematics_val_loss,actual_metric/the_pile_github_val_loss,pred_metric/the_pile_github_val_loss,actual_metric/the_pile_stackexchange_val_loss,pred_metric/the_pile_stackexchange_val_loss,actual_metric/the_pile_gutenberg_pg_19_val_loss,pred_metric/the_pile_gutenberg_pg_19_val_loss,actual_metric/the_pile_pile_cc_val_loss,pred_metric/the_pile_pile_cc_val_loss,actual_metric/the_pile_ubuntu_irc_val_loss,pred_metric/the_pile_ubuntu_irc_val_loss,actual_metric/the_pile_hackernews_val_loss,pred_metric/the_pile_hackernews_val_loss,actual_metric/the_pile_pubmed_abstracts_val_loss,pred_metric/the_pile_pubmed_abstracts_val_loss,actual_metric/the_pile_uspto_backgrounds_val_loss,pred_metric/the_pile_uspto_backgrounds_val_loss
1,7.0255866050720215,5.745016835031288,5.360580921173096,5.053511319980268,6.536046981811523,5.980340045158074,5.639575004577637,5.411417953577173,5.820674896240234,4.535967562418006,6.632823467254639,5.8600686580685535,6.107803821563721,5.594613083287527,4.726566791534424,4.46689782207047,5.169477939605713,4.954651390171566,7.224245071411133,6.834580148625944,5.206871032714844,5.013397753611622,5.892633438110352,5.65245975603075,5.417374610900879,5.230548845125156
2,4.738541603088379,5.552392213228668,5.466145038604736,5.076105881574659,5.808464050292969,5.374069113969148,5.42556619644165,5.595150413012617,4.61490535736084,3.8237144872885667,4.141744136810303,4.339601533450348,4.922904014587402,4.8377876191184885,4.954422473907471,4.965059010162117,5.343518733978272,5.39131426293843,5.278083324432373,5.8334498396235555,4.80118989944458,4.559146054148857,5.653641700744629,5.601805085726898,5.584351062774658,5.411516118174715
3,3.730258703231812,3.4000009285126507,5.793972492218018,5.640887442420481,4.72146463394165,5.420761881546312,5.933119773864746,5.965290690504503,4.077418327331543,4.812873346839875,6.540956497192383,6.0799216257824975,6.079324245452881,5.758389380678818,5.561453819274902,5.599366891157083,5.506680965423584,5.756130389367396,7.476072311401367,7.05592390573305,5.495143413543701,5.614642164714552,5.626057624816895,5.747821253257111,5.50736665725708,5.4132470896033285
4,4.887355327606201,5.335747438082026,5.040224075317383,5.781557754924036,5.371085166931152,5.54419730610535,5.858128547668457,6.14060734179701,5.298433780670166,4.365117807985812,4.150362968444824,4.473744118496031,4.455072402954102,4.7504550958973955,5.095427989959717,5.483194941789232,5.828740119934082,5.938526458785262,7.491352558135986,6.904348212816945,5.551083087921143,5.539540436797049,5.268948078155518,5.69011874924528,4.475535392761231,4.869036489235225
5,4.034541130065918,4.323451028610242,5.597909927368164,5.792898691464718,4.6931257247924805,5.366425141456379,5.8146257400512695,6.101481647264263,2.008139610290528,3.145795411893782,4.485220432281494,5.035892318591849,4.24920654296875,4.555416317050103,5.003798007965088,5.358288035638536,5.760408401489258,5.876437958571539,7.100966453552246,6.950368444264587,5.329304218292236,5.478083696732474,5.664215087890625,5.790870875421433,4.813331127166748,5.304760455740212
6,3.848159790039064,3.7727945432222674,5.519326210021973,5.709627403683145,5.222227573394775,5.154544996829134,5.401707172393799,5.772546542389252,5.442045211791992,4.546408996647745,4.315804481506348,5.170026392212021,5.147463321685791,5.390330467588694,5.998071670532227,5.711261837578744,5.9236016273498535,5.949251957131422,5.313143730163574,6.08845067326901,5.817320823669434,5.71518803703256,6.0437750816345215,5.857144446364003,5.67151403427124,5.452807234264765
7,5.365633010864258,5.470547716717778,5.7348151206970215,5.443432229746633,4.126685619354248,4.688175136218362,5.565597534179688,5.849832313701188,2.9376449584960938,4.150027277037336,5.73452091217041,5.761287489460736,5.128252029418945,5.582674859881038,5.392933368682861,5.616302494710825,5.41911506652832,5.639937686938905,5.869746685028076,6.638780206286217,5.159833908081055,5.427640793556172,5.069451332092285,5.0731282211774795,4.25531530380249,4.19400234630899
8,7.175310134887695,6.0253545600988065,3.980865478515625,3.577716561379711,6.568063259124756,5.927772029853823,5.785682678222656,5.727879085206742,5.779679298400879,4.494193227826428,6.64463996887207,5.986923071552002,6.25684118270874,5.750432411242845,5.178667545318604,5.153666290976032,5.321898460388184,5.411706752912755,7.332483768463135,6.931413756083551,5.339742183685303,5.289023391025311,5.812262058258057,5.7853993370022865,5.509659290313721,5.328037866229028
9,5.732336521148682,4.931167006887344,6.613649368286133,5.788866184191868,3.839976310729981,3.121230699349645,6.18618631362915,6.099119586080013,5.692158222198486,4.713713869290447,7.759432315826416,6.2600316788522345,6.9663615226745605,5.950830966864959,6.6692962646484375,5.907960202879471,6.354576110839844,5.985277523833466,8.405691146850586,7.474428378974078,6.47177791595459,5.815122287137182,4.594342708587647,4.260930251032785,5.514229774475098,5.232964453928705
10,4.920166969299316,5.429056365873206,5.735522270202637,5.4471291592094015,4.18813419342041,4.715617633897346,4.815326690673828,4.50844795066068,5.443886756896973,4.5040326618332465,5.298417091369629,6.07727558570051,5.052807331085205,5.762174252550311,5.244697570800781,5.466026472521647,5.520979404449463,5.546585643281607,7.628385543823242,7.278662031491536,5.575355052947998,5.608826522276149,5.24343204498291,5.342369245325999,5.451025485992432,5.312862939122071
11,7.649549961090088,6.209956335718028,3.8723204135894775,2.889076225361782,6.194097995758057,5.979911138044069,6.082755088806152,6.1306677544050325,6.095431327819824,4.731305348095637,6.030669212341309,6.305703602821133,6.349047660827637,6.062586708690702,5.227353572845459,5.298908471220359,6.076876163482666,5.87451888016585,8.171777725219727,7.347712123978131,5.95081901550293,5.557002253835307,5.37153434753418,5.896558093607358,5.747413158416748,5.494710111818179
12,6.068508148193359,5.844404015694251,4.028927326202393,3.5762096307741467,4.410226821899414,5.2213947195441195,5.977132320404053,5.943481004503995,5.78095817565918,4.225083045326615,6.723077297210693,5.933273452585557,6.378947734832764,5.768520800908746,4.868281841278076,4.882870082809835,5.962575435638428,5.763456158705011,7.836051940917969,7.005416720209099,5.869334697723389,5.470783686317913,5.124939918518066,5.397446013482508,5.561253070831299,5.397582683247138
13,5.616719722747803,5.071179195053938,5.331273078918457,5.620099795004445,3.885855674743652,3.436829237017201,5.94351863861084,5.979563108578454,5.511852741241455,4.645781796872451,6.898706912994385,6.298044749300807,6.376709938049316,5.94797990499761,5.554836273193359,5.763365698263385,5.542590618133545,5.7969412339553195,7.0256781578063965,7.350011753169743,5.158526420593262,5.610153257942861,4.978461265563965,4.781611344039652,5.384755611419678,5.308779116765491
14,5.436479568481445,5.194605984939831,5.218822956085205,5.246253618033372,4.133479595184326,4.337933642420907,5.507219314575195,5.77485443352658,2.3308768272399902,3.5112850062220926,4.662861347198486,4.987948458062962,4.974141597747803,5.05502167980838,5.0477824211120605,5.226692284479364,5.597803115844727,5.643818094930908,5.373387336730957,6.071674186057356,4.832281112670898,4.608655661762867,4.571138381958008,4.283408440263802,4.946125507354736,5.104846670338234
15,4.835928916931152,5.0268254618305654,5.9763712882995605,5.765317364032315,4.696907997131348,5.267331648703133,5.286471366882324,5.779385146378181,2.612511157989502,4.0448665345447194,4.265994071960449,4.7096650405324265,4.273486614227295,4.434630670743577,5.212732315063477,5.5588317160949385,5.70292329788208,5.786043397702396,7.151707649230957,6.93442914053297,4.99690580368042,5.25325752821145,4.784799575805664,5.174894940702323,4.6978535652160645,5.140422820138619
16,4.263101577758789,4.7802471348388575,4.731163024902344,5.322730124011705,4.446780204772949,4.910404950566307,6.137884616851807,6.114705663965694,1.8533507585525515,0.12920014780550565,4.429530620574951,4.920129159204339,4.592880725860596,5.013647132682297,5.278256893157959,5.613703723543875,5.888399600982666,5.873787873136541,5.00335693359375,5.316392209814549,5.570482730865479,5.481719429130985,5.373453140258789,5.511129570905917,4.804718494415283,5.220517516810432
17,3.779206991195679,3.7657344107083666,4.426825046539307,5.2492999329525825,5.9820075035095215,5.4669774173900505,6.0802001953125,6.15442549613217,2.6709392070770264,4.455472704021533,4.874502658843994,5.69024987482604,4.626718521118164,5.376844740326909,5.488972187042236,5.670516517940115,5.748971939086914,5.947375347933991,5.351980686187744,6.307298708698515,5.358956336975098,5.622680781411086,6.06849479675293,5.871058632382786,4.903680324554443,5.357013464256083
18,5.161006927490234,5.257794729230456,5.229340553283691,5.244069367864632,4.228277683258057,4.827317677849365,5.453532695770264,5.634800429139354,2.4409642219543457,3.8898330863831867,4.761942863464356,5.270303425830815,4.659525871276856,5.104955902237356,5.3418684005737305,5.387324182905864,5.253754138946533,5.3351854185977485,5.025073528289795,5.290550441424499,5.077229022979736,5.2120673449763,5.035791397094727,5.214817034367252,5.336487293243408,5.259450326508524
19,4.140886306762695,5.21282296589747,4.335186004638672,4.628300740127918,5.162656307220459,5.502822068415298,5.283300876617432,5.536081249579333,2.4845540523529053,4.070842803559108,5.453387260437012,5.565744305580872,4.819840431213379,5.306113964393406,5.22469425201416,5.217546259583539,5.247750759124756,5.337938890539819,5.317441940307617,6.253306757381661,4.833442211151123,4.934914465617592,5.59989070892334,5.5874801372540785,5.306461811065674,5.31155583734822
20,5.3710455894470215,5.274013293149937,5.678719520568848,5.3871708750293275,4.048504829406738,4.367396348299573,5.386486530303955,5.73061004405403,5.511875629425049,4.372023661572633,5.1697998046875,5.807448724792867,5.506645202636719,5.636439446515561,4.875679969787598,5.089713808375532,5.347065448760986,5.5648167897183205,5.458584308624268,6.663610036274628,4.99979829788208,5.3387775947430285,4.78153657913208,4.855521035816035,5.3079118728637695,5.257279100833284
21,3.7148549556732178,3.054734946156873,5.775569438934326,5.681815224937659,4.841148376464844,5.131136352295334,5.580223083496094,5.9770767709568045,5.613797664642334,4.475137122324705,5.322590827941895,5.77953726741551,5.57145357131958,5.574870851997306,5.821041584014893,5.687941438197984,5.878022193908691,5.938661107973738,5.166763305664063,5.870401375273275,5.064894676208496,5.383071924734743,5.783607482910156,5.756871129491989,4.927324771881104,5.347285541918021
22,5.313518524169922,5.329910305836936,4.5764875411987305,4.999662230679546,5.541999340057373,5.261800633952079,6.369202136993408,5.868001257784119,2.23321795463562,3.492925812544907,4.412414073944092,5.009015840462378,5.349352836608887,5.311275521829739,4.759934902191162,4.3777155249209745,6.061858177185059,5.749596165319098,7.594740867614746,6.346600862993572,5.767696857452393,5.420268597700752,5.863641262054443,5.599643386028172,4.635516166687012,4.876917946675587
23,5.221972465515137,5.083535808893276,5.052719593048096,5.609378298270177,4.056276798248291,4.027778291285819,6.020731449127197,6.073353704314382,5.561578273773193,4.236982118300522,4.91853141784668,5.483951553226708,5.417336463928223,5.492118742565201,6.032251834869385,5.819123963221846,5.977203845977783,5.8485271831982875,4.856312274932861,4.495312916221135,5.783515453338623,5.568644023455908,4.762035846710205,4.777710408215019,4.409957885742188,4.612519198997296
24,7.729341983795166,6.072283577759914,3.967174530029297,3.544292587541465,6.752795219421387,5.793475847221305,6.444605350494385,6.099261330801267,5.99164342880249,4.573270196192565,5.654896259307861,6.1361632151900825,6.138266563415527,5.9384157955773045,5.350730895996094,5.439412086126616,6.081203937530518,5.865376752224389,7.689416885375977,7.0680730114834684,5.8698577880859375,5.555199763730926,5.93467378616333,5.801711470290706,4.452613830566406,4.70239471006101
25,5.003495216369629,4.970233246901085,4.26286506652832,4.994069929861613,4.548320293426514,5.394113852877223,6.2719340324401855,6.150346330674568,5.054658889770508,4.105758489003347,4.913228511810303,4.942744476582494,4.174592971801758,4.278836880120131,5.677281379699707,5.637833552739609,5.843257427215576,5.8668598390916324,5.450659275054932,6.636394946687844,5.52943229675293,5.4344273099333735,5.509744644165039,5.8550622314163165,5.620926380157471,5.523835006024469
26,3.882284879684448,3.966863581993528,5.688676834106445,5.772309397737052,4.025252342224121,4.020265869765951,5.573357582092285,6.010786161971776,5.430081844329834,4.701207787407444,6.123146057128906,6.200109252570356,5.667730808258057,5.88182592063323,6.119208812713623,5.8500598177224195,5.942705631256104,5.9965258810888,5.740989685058594,6.967010376586266,5.928955554962158,5.811625675962456,4.998274326324463,5.134972722652402,5.132785320281982,5.36546477052208
27,5.64911413192749,5.446911638401774,4.26276159286499,4.6554786449071575,4.184984683990479,4.7731525893736455,5.313239574432373,5.71296858696546,2.4710938930511475,4.015945862961709,5.107607364654541,5.71890629980007,5.51455545425415,5.601296621638035,4.910590171813965,5.077033588409268,5.607277870178223,5.714741380599572,6.157212257385254,6.9278854216563825,4.921019554138184,5.020790770840111,4.804058074951172,5.023826676576569,5.396997451782227,5.296396961362552
28,4.687304496765137,4.976471645963586,4.21182918548584,4.538244109697028,6.05892276763916,5.532484981034915,5.891059398651123,5.941434457958926,1.8401778936386108,1.0853435072552609,4.645040035247803,4.887681075582355,4.333330154418945,4.603134716181577,5.055291175842285,5.299585688105512,5.706452369689941,5.777319190750368,7.238473415374756,6.5868182993435935,5.458417892456055,5.377167530576912,6.303548336029053,5.806287522210953,5.252003192901611,5.3090701213679825
29,5.658636569976807,5.471777198296356,6.026126384735107,5.513575515966459,5.763899326324463,5.235279035491448,6.317204475402832,5.947537070597276,5.946868896484375,4.30128398373489,8.14659309387207,5.861613805732374,7.142147064208984,5.67890624966698,4.7790937423706055,4.840679734872588,5.957272052764893,5.7762893395926715,8.297920227050781,6.8391576218634516,5.942418098449707,5.50287576492683,5.617604732513428,5.271573396270071,4.1322197914123535,3.372872951772712
30,6.861634254455566,5.568674719613294,5.755373954772949,5.530174738416852,5.65870475769043,5.428320534102307,5.272236347198486,5.632262865914705,5.643309116363525,4.310990534212337,4.5067949295043945,5.42660124199457,5.427286148071289,5.538389362174373,4.814216136932373,4.8552289482654025,5.754676342010498,5.753748502464694,6.341269493103027,6.862586481225391,5.69641637802124,5.509068478897373,5.775506496429443,5.521905923118311,4.324811458587647,4.204448714847795
31,4.4081878662109375,5.208163799474289,5.024968147277832,5.263138917046392,4.978406429290772,5.361106339425454,5.005675315856934,5.088266561278043,3.812377452850342,4.21514853911096,5.920037746429443,5.783061449335558,5.920503616333008,5.642586015779283,4.698957443237305,4.3030939189362725,5.51257848739624,5.512505708331009,7.735177040100098,6.9826835574631145,5.13293981552124,5.318098337883144,4.934744834899902,5.2353155446084125,5.402326583862305,5.286308912866177
32,8.051161766052246,6.256731277630179,3.874768495559693,2.815301531341151,6.909854412078857,6.0430661666773995,6.266665935516357,6.12519089280445,6.403696537017822,4.7515651499566705,7.658684730529785,6.357844814415218,7.126642227172852,6.089613090163988,5.534601211547852,5.337691721015564,5.833001613616943,5.853451854469633,7.933407306671143,7.343148438908291,5.835553646087647,5.550003462435026,5.917235374450684,6.0178353206818365,5.224470138549805,5.4562206950518055
33,6.746493816375732,5.637181920316559,5.766384124755859,5.497803039429125,6.5935959815979,5.868292375812221,5.976674556732178,5.926555293694803,5.557881832122803,4.312849024122902,4.100144386291504,4.590169209139056,5.102885246276856,5.220921350989653,4.755634784698486,4.36348003739156,5.5495219230651855,5.638021333130801,7.391046047210693,6.8426668847851255,5.420259475708008,5.341191932224887,6.314382076263428,5.933564813507759,5.821866989135742,5.580597686536066
34,5.771609783172607,5.520427858335228,5.322272777557373,5.886910671250834,5.388720512390137,5.547875899299347,6.635139465332031,6.27530745832776,5.31644344329834,4.415016436336079,3.774742603302002,3.1732447092779177,4.6902689933776855,4.579028369140497,5.525582313537598,5.79957444902454,6.194097995758057,6.089264911981696,5.430849552154541,6.029838081217344,5.701431751251221,5.640402360904016,6.310952663421631,6.173302623809809,6.177484512329102,5.72291947138795
35,5.152310848236084,4.950003778326469,6.016092777252197,5.642119158124545,5.6132493019104,5.533558260138686,5.003716468811035,5.281030462004411,1.8262804746627808,0.7038776830701808,4.939427852630615,4.975743062470669,4.213974952697754,4.4800793698755825,5.9329681396484375,5.619159291778833,5.653165340423584,5.706038470429095,5.710831165313721,6.858375571024657,5.641227722167969,5.43163249700674,6.202215671539307,5.8296133407121955,5.734169960021973,5.431398286943637
36,3.753798723220825,3.3512456920573737,6.316792964935303,5.731239663582581,4.444733619689941,4.906368561120503,6.496055603027344,6.131497589215648,2.555508136749268,4.262273254707203,5.468338489532471,5.608617989654931,4.637434482574463,5.296634779203197,5.210977077484131,5.568730909963666,6.027653694152832,5.953369997939057,5.130958557128906,5.899068240434304,5.644321918487549,5.6413044834916555,5.471099853515625,5.6196850964554725,5.643436908721924,5.492125283890149
37,5.026422023773193,5.475896388912684,5.072512626647949,5.2971082646066705,4.223289489746094,4.687233952872273,4.998081684112549,5.1254514938692175,2.0003106594085693,3.0685856695631966,5.011911392211914,5.675338888015842,5.214371204376221,5.538710797021864,5.35777759552002,5.55099846594444,5.670432090759277,5.655261084007049,7.577400207519531,7.0248659013906245,5.103034973144531,5.382054357163223,4.877068042755127,4.960812409094793,4.46651554107666,4.711722510984936
38,5.007805824279785,5.6315389107515035,4.905384063720703,5.1914638259524075,6.044830799102783,5.593662262069742,5.689024925231934,5.544600375039752,5.543165683746338,4.667174143538705,6.600042343139648,5.87584607820573,6.009766578674316,5.586335521905759,5.248143672943115,5.26945768116536,5.204901218414307,5.175487176167553,6.734470844268799,6.6144353961919755,5.271415710449219,5.208055884481272,5.445953369140625,5.474204603060013,4.392505168914795,4.422909603411084
39,5.11309814453125,5.150827393187444,4.777293682098389,5.337333653792013,5.109024524688721,5.362850286284884,4.968809604644775,5.073170067165757,2.236644506454468,3.527984699461216,4.740827083587647,4.8718003253704385,4.21690845489502,4.318197414306024,5.307089805603027,5.461384289760265,5.59416389465332,5.590553392132919,7.238756656646728,6.8395894130850206,5.03219747543335,5.270096120080229,5.572150707244873,5.6229706235963155,5.002451419830322,5.351724866285447
40,4.483772277832031,5.489172477902371,4.084653377532959,4.2602544168928915,4.152863502502441,4.817598027892844,6.1054534912109375,6.111252080569011,5.35400390625,4.705005877542921,5.705118656158447,6.244734784418562,5.056640148162842,5.908255451743974,5.576696872711182,5.593054408007194,5.732850074768066,5.897649961505241,7.658815860748291,7.371762093456153,5.443605422973633,5.645642747247888,5.044731616973877,5.407918597909788,5.474844932556152,5.423770459661296
41,4.69763708114624,5.563282899062772,6.14774751663208,5.905334472487802,5.504880428314209,5.785383898824556,5.891500949859619,6.219373673842643,2.5461370944976807,4.211175926270787,3.768294095993042,3.2310434375949195,4.877947807312012,4.697264929890462,5.280606746673584,5.682122794870654,5.879600524902344,6.0648196089180475,5.807758808135986,6.510903704878456,5.5165696144104,5.618339953650906,5.912353515625,6.153992811391961,5.507272720336914,5.739789426880889
42,5.103385925292969,5.370546266039278,5.81681489944458,5.457272456042797,4.879493713378906,5.0521388969330685,5.411044597625732,5.724843980723854,2.4963607788085938,3.814154470269106,4.072724342346191,4.299345580043027,5.021194934844971,4.897179398419729,5.245903015136719,5.440629736707463,5.814209938049316,5.768139334694358,7.312902450561523,6.134087845936604,4.897205829620361,4.651266659709602,5.433531761169434,5.648779510722758,4.587443828582764,4.8764604852432045
43,3.9178929328918457,4.288692701338948,5.826865196228027,5.405132885124077,5.672890663146973,5.30843991972737,5.243008136749268,5.615747991375314,1.9641127586364744,2.7081288115854023,4.958409309387207,5.469710445603419,4.631067276000977,5.2318479291360935,4.851532936096191,4.9721046838045035,5.635731220245361,5.728246613212765,7.241580486297607,6.800038456402126,5.190623760223389,5.449069583848016,5.716239929199219,5.611967193240192,5.144834041595459,5.3692188217257115
44,4.936156749725342,5.066922574018899,4.4209465980529785,5.190776638526339,4.081094264984131,4.1843600536162295,6.294333934783936,6.120801189557803,2.0349221229553223,3.608990239657752,4.572906017303467,5.724522140218637,4.647099018096924,5.460373347616343,5.561471462249756,5.75295722083817,5.9413371086120605,5.956566086871,7.266517639160156,7.099722703639418,5.63517951965332,5.687708027369459,5.1906046867370605,5.265414663420906,5.514040470123291,5.3865098980957775
45,3.638108968734741,2.616722556745883,5.1034135818481445,5.724355091115791,5.953833103179932,5.309325498577212,6.57130241394043,6.17740361377055,3.2984423637390137,4.701953977254703,5.690601825714111,5.971096570267411,5.021487236022949,5.640211939255656,5.967015266418457,5.770880067096859,6.166713714599609,6.067379285887752,7.760351181030273,7.049288184243539,5.840293884277344,5.791593583036213,5.948450565338135,5.807795751118405,5.693654537200928,5.515790996823967
46,4.831500053405762,5.246144906449802,4.930476188659668,5.379667399246926,4.141411304473877,4.51770691159403,5.045565605163574,5.244839526302593,3.4484519958496094,4.219681842148834,4.71076250076294,5.623385796967101,4.8421831130981445,5.456251622263022,5.125277996063232,5.433419586386201,5.396003723144531,5.600965043078688,5.420391082763672,6.545227522296241,4.930731296539307,5.221205528923377,5.00034761428833,5.209428638605977,5.420869827270508,5.321367521613501
47,8.440932273864746,5.67911357708982,6.074766635894775,5.294260523811765,6.765743732452393,5.209170159577902,4.974913120269775,4.572870265619915,2.968883991241455,4.16153035048193,7.715780258178711,5.808770757894569,6.937915325164795,5.5936820298656915,5.945170879364014,5.4653893926140285,5.751434326171875,5.511492683644822,5.861015319824219,6.643042813237198,5.153534412384033,5.282819285982396,5.707162380218506,5.348131673942858,4.353992938995361,4.187678883879179
48,4.1681437492370605,4.629717245043148,6.259349346160889,5.865758351567549,4.611889362335205,4.898317993932116,5.667662143707275,6.045498794098196,5.244356632232666,4.360785013671719,5.20815896987915,5.373895372544535,4.357894420623779,4.798452739245241,5.897227764129639,5.8176266135332915,5.876132011413574,5.9160875223705585,7.667821884155273,7.080064675037792,5.675467014312744,5.5929458439933555,5.309412002563477,5.462373240334705,4.402518272399902,4.671832577107308
49,3.730212926864624,3.4223541281399763,4.436660289764404,5.240356003112631,6.001482009887695,5.452470563406448,6.172852516174316,6.119323353182094,5.698367595672607,4.810569975769437,6.93580961227417,6.129190858410205,6.398937702178955,5.820492975198338,5.574679851531982,5.673653203186577,5.760085105895996,5.9637975977895525,7.840114593505859,7.125644361411192,5.721960544586182,5.725915986046792,5.851420879364014,5.803985650643739,4.941415786743164,5.352879972786076
50,3.7966833114624015,3.7420435338954396,5.021888732910156,5.294552933853531,4.600696086883545,5.143694408641289,5.298296451568604,5.627755120975195,2.667093515396118,3.8186166499585985,6.491039276123047,5.528240776826606,6.010045051574707,5.387573161113839,5.5225510597229,5.427075998756158,5.685656547546387,5.731091990510342,6.783571720123291,6.440306097586433,4.8601508140563965,4.729546895443801,5.374444007873535,5.583728820053752,4.758020877838135,5.208126406889976
51,5.532787799835205,5.543708111791045,6.527656078338623,6.065049424950623,5.950851917266846,5.686755476830099,6.630948543548584,6.346844688547705,5.167536735534668,4.583805929700673,3.798149824142456,3.4290882213586484,4.503209114074707,4.538502012780173,6.162086009979248,5.911731691866668,6.187751293182373,6.0991897145105405,7.340127944946289,6.985893219618673,5.700646877288818,5.630270472220081,4.946561813354492,5.634878001986592,5.756894588470459,5.679046296284694
52,4.392882823944092,5.660175776133101,4.020063877105713,3.910936148829053,5.173309326171875,5.579143831429228,6.295225143432617,6.1077453208434465,2.4080824851989746,4.420489740730891,5.564821720123291,5.988639788082601,5.0122971534729,5.7408986752149795,5.199732780456543,5.4206904650588354,5.959908962249756,5.8744956661708265,7.7769455909729,7.217733711969849,5.533198356628418,5.55660227131113,4.907405376434326,5.375263534237839,4.65257453918457,5.082481454761441
53,7.007149696350098,5.979435117324432,3.991276979446411,3.7299190035870953,5.402833938598633,5.655628962065983,6.188725471496582,6.097372687479669,3.207134962081909,4.619713991185166,5.462283134460449,6.14292126288141,5.98594331741333,5.924445217403821,5.365267276763916,5.48395950356536,6.085532188415527,5.883280819431951,7.815812587738037,7.095760938810522,5.907251834869385,5.589311489954793,5.463828086853027,5.707284752886343,4.415454387664795,4.598953506604223
54,4.346701622009277,5.521329849603138,5.3779706954956055,5.189951983214069,5.9593939781188965,5.973773030288911,5.633344650268555,5.48861006656992,3.2429494857788086,4.747881384974125,5.463810443878174,5.949140093466106,5.523324966430664,5.631438723514615,5.239508152008057,5.157641867799009,5.1780619621276855,5.021477714997993,7.30163049697876,6.941306200659129,5.134288787841797,5.112043336311406,5.7298102378845215,5.660053796135055,4.760405540466309,5.051240826513109
55,4.241799354553223,5.354236921032691,4.076106548309326,4.205257491646646,5.621786594390869,5.505673082217942,6.162235736846924,6.099180160399456,5.391995906829834,4.586100445967481,5.376951694488525,5.821805135581491,4.80318546295166,5.569156468510096,5.207559585571289,5.40801261639314,5.744707584381104,5.857658844900394,7.082707405090332,7.178857358389599,5.2026472091674805,5.483094071911547,4.755011558532715,5.156433743686742,5.45875358581543,5.342510024973176
56,4.411746025085449,5.20653802730408,5.112115859985352,5.216590086759058,4.897669792175293,5.330126072152828,5.797713279724121,5.719958597986009,2.632209300994873,3.8698298354534204,5.026473045349121,5.3330882703656455,4.733946800231934,5.15742772506058,4.797581195831299,4.796455818785761,5.312499046325684,5.427093195727965,5.271421432495117,5.902679142321522,4.892145156860352,5.071907550749613,5.140616416931152,5.328515923395354,4.490816116333008,4.734307994470612
57,6.986747741699219,5.805803154281284,5.346676349639893,5.063285710406249,6.521917343139648,6.0307655543269645,5.615074157714844,5.39663791405999,5.778436183929443,4.650708024170791,6.708127975463867,5.908122227224073,6.087891101837158,5.612333104232423,4.775575160980225,4.65327069387272,5.14619779586792,4.90763251932444,7.10297155380249,6.875649864863439,5.194708824157715,5.002933466722162,5.865085124969482,5.662905767114319,5.405097007751465,5.22109749455102
58,4.8471198081970215,5.813008775604183,5.378610610961914,5.250286473526382,5.90403413772583,6.0230641899480375,5.149438858032227,5.31778395005957,5.416506290435791,4.744961544094581,4.455813407897949,5.506945861797827,5.100099563598633,5.490367643417197,5.167911052703857,5.186020286572019,5.20856237411499,5.094066017273673,7.295760154724121,6.95235192077676,5.22182035446167,5.1593854510406345,5.887460231781006,5.775587165982505,5.430573463439941,5.315749409553034
59,3.965298414230346,4.267148871335633,6.612681865692139,5.674151265444123,3.9468679428100586,3.692341410783575,6.555839538574219,6.088880934883454,5.376868724822998,4.598915999172063,5.957604885101318,6.0793946661002165,5.43524169921875,5.778282051690623,6.635313034057617,5.843578702826326,6.283211708068848,5.981417922896309,7.90532922744751,7.270486572092129,6.110487937927246,5.779762636178341,4.728593826293945,4.653052966142144,5.506335735321045,5.318067908795929
60,3.908792018890381,3.898928914968687,6.167742729187012,5.8396827845639265,4.469869136810303,5.098522121353231,6.070940971374512,6.104724570580661,5.220755577087402,4.301718583782065,4.680066108703613,5.182609420450997,4.287607192993164,4.6592243184336875,5.089911460876465,5.428333825595765,5.978978157043457,5.917056530854173,7.068933010101318,6.84560643868629,5.550899982452393,5.552666152027564,5.132067680358887,5.580983476697563,5.589742183685303,5.435281864070907
61,4.552950382232666,5.193901645841004,4.252624988555908,4.7698714019429715,5.622159957885742,5.285277415420961,5.93869686126709,6.0285814331093315,3.5106608867645264,4.055292118316732,4.733158111572266,5.068062675408631,4.370215892791748,4.683791740213225,5.459442615509033,5.403253217694784,5.723842620849609,5.729423038927159,7.355634689331055,6.8613796085116245,4.793247699737549,4.589571150420583,4.70800256729126,5.041869603627585,5.441554546356201,5.315405403026727
62,4.182930946350098,4.633272992181775,5.533852577209473,5.722297421313462,4.20123291015625,4.513108127102431,5.881320476531982,6.033896205712465,3.036623239517212,4.157399393747206,4.398690700531006,5.18748214441884,4.46083402633667,4.987137974612247,6.00164794921875,5.781030546344708,5.90737771987915,5.91540726291943,5.824794769287109,6.5585445279776415,5.685764789581299,5.610498381125111,5.2286224365234375,5.365698982722288,4.514894962310791,4.860462279072034
63,4.488585948944092,4.966434582968076,4.885903358459473,5.6363405161226225,5.504492282867432,4.912955013801818,6.050186634063721,6.026586219826809,5.163731098175049,4.435130719132234,5.030057430267334,5.109065427632457,4.398993968963623,4.793067663838604,5.353765964508057,5.607189935114424,5.584300518035889,5.774526286110981,6.357541561126709,7.0201318586023485,5.351061820983887,5.4450262807466245,4.4324951171875,4.082172405465322,4.8310980796813965,5.015955782727971
64,3.7678377628326416,3.3981421102353093,5.612824440002441,5.767328318956532,4.211578369140625,4.524730480804104,6.416480541229248,6.148022398472956,3.821753978729248,4.7123319652426865,5.0211992263793945,6.010416345432149,5.538304328918457,5.776304037374941,6.066100120544434,5.830362082354575,6.019536018371582,6.042575027873826,5.850015640258789,6.940975284214568,5.862129211425781,5.812752692597786,5.237085342407227,5.429012389769523,5.148263454437256,5.4071422720819795
65,4.367419719696045,5.521015212801993,4.768552303314209,5.064427782513666,5.992532730102539,5.966829499100164,5.539706707000732,5.478241849741218,5.5456085205078125,4.681649037253886,6.113979339599609,5.922256823574397,5.528487205505371,5.607702928417352,4.915516376495361,4.916561559499922,5.18274450302124,5.017252108735646,7.270689487457275,6.90029120776568,4.866237163543701,4.985917401264223,5.7557573318481445,5.682612830735162,5.115623474121094,5.217619698861647
66,5.594398498535156,5.528455886293732,5.503512859344482,5.311888516369219,4.692560195922852,5.439016316892904,5.6902289390563965,5.608285804847912,5.406549453735352,4.628799913657086,5.350276947021484,5.728026005946962,4.91867733001709,5.434483122582249,5.266021728515625,5.314516868067963,5.253047466278076,5.250762408870028,7.127767086029053,6.683066662264004,5.073119640350342,5.219342892876494,4.9237961769104,5.203827222447023,4.447439670562744,4.584790921001851
67,5.390546798706055,5.693971171788952,4.57432746887207,5.168364881514059,5.041927814483643,5.4289362400225745,4.916013240814209,4.858616808981453,2.080146312713623,3.603795411759168,4.720692157745361,5.6996819888810135,5.42894172668457,5.648312008657642,5.018121719360352,5.320836720099984,5.65629768371582,5.619871173054687,7.789737224578857,7.078208406810475,5.236750602722168,5.473906058161622,5.5527873039245605,5.560774302636471,4.470640182495117,4.703313081331201
68,5.465458393096924,5.507738054858243,5.229877948760986,5.05866152861022,6.007363319396973,5.760884610182681,5.731409072875977,5.694693079657014,1.8064392805099487,0.11066828562666789,5.076081275939941,5.238492131757592,4.749902248382568,5.213117255152264,4.843120098114014,4.87366905613434,5.298006057739258,5.290339202293998,7.309943675994873,6.587891442816494,5.241468906402588,5.087532068908557,5.101186275482178,5.413583742919275,5.396442890167236,5.32801691728134
69,5.909402370452881,5.692645073935616,5.473536491394043,5.026384201984849,6.408538818359375,5.8089723710690375,5.650169372558594,5.361169890259365,5.787696361541748,4.530383904098001,6.486886978149414,5.697576776092798,5.945801734924316,5.444563098877954,5.227286815643311,5.026140818497683,5.097600936889648,4.859734561676861,5.073175430297852,5.745523712609686,4.861169338226318,4.880547119461412,5.861124038696289,5.631667554456933,5.427541255950928,5.162449460253607
70,5.791354656219482,4.926028861053908,6.508427619934082,5.728103147997036,3.8435235023498535,3.0831745222529627,6.47025728225708,6.084646039960572,5.707548141479492,4.603676267312578,7.632749080657959,6.230119137366021,6.859847068786621,5.907522285203005,6.065375328063965,5.860699665445958,6.09637451171875,5.955148958853877,7.978414535522461,7.401827377144504,5.197091102600098,5.5834524377379795,4.642446041107178,4.383982828601161,5.503211975097656,5.25886751287712
71,5.805180549621582,5.6279249336392825,5.130552768707275,5.6955963351224135,4.548441410064697,5.309602184178534,6.210517883300781,6.185963530477403,5.367944240570068,4.333719044865047,3.9631152153015137,4.172423175549414,4.977492809295654,4.983364414793468,5.732695579528809,5.768698906897488,5.959261417388916,5.965576240758485,7.276486873626709,6.782665670581925,4.988574504852295,5.052168347404125,5.318973064422607,5.705854528613496,4.468218803405762,4.83242359104967
72,4.5284104347229,5.015301395292788,5.021412372589111,5.531001955936608,4.184553623199463,4.483186808588472,5.882453441619873,6.0853517898581355,1.8943628072738647,1.8661638083793226,4.313271522521973,5.155676442209128,4.894092082977295,5.381580296541173,5.143965721130371,5.533717703691303,5.676901817321777,5.882884390848419,5.29446268081665,6.258332774286617,5.078130722045898,5.397481284865399,5.139644622802734,5.345365757002715,5.18558931350708,5.3939114612937775
73,5.847026348114014,5.705589106281914,4.17090368270874,4.504264672149281,5.992398738861084,5.482564027972385,5.216383934020996,5.686609081320801,1.94123923778534,2.6457711073729087,4.58021354675293,5.522261413845898,5.256517887115479,5.599456236795181,5.497099876403809,5.504582170346113,5.770963668823242,5.801911528095162,7.71484375,7.185130941180122,5.143347263336182,5.387234113368358,4.813568115234375,5.211453273148168,5.390801906585693,5.328370888585438
74,3.7244694232940674,3.2865993177741384,6.008955001831055,5.812732841985192,5.015145301818848,5.413997896524724,5.551737308502197,6.010848853411101,2.213706970214844,4.277547963121452,5.282707214355469,5.680954319889042,4.475081920623779,5.21789689369669,5.738177299499512,5.716316843680662,5.699779510498047,5.922296573181776,7.424002647399902,7.075079324979087,5.224193096160889,5.614311627526757,5.95237922668457,5.860302787356931,5.634478092193604,5.490721085015194
75,5.42728853225708,5.465462433208029,4.204982280731201,4.434452205221911,4.609395503997803,5.266031184862374,5.887691497802734,5.902626683258961,2.625043630599976,3.9560600428895425,5.196339130401611,5.613844526614387,4.854483604431152,5.455838703875094,4.809972286224365,4.761689017750919,5.567836761474609,5.696038983653857,5.589648246765137,6.283771347557293,5.45860481262207,5.393747641846013,5.546303749084473,5.620557833069357,4.684337139129639,5.052126222195636
76,3.808625459671021,3.9805141699563524,4.172271728515625,4.634492823700198,6.025245189666748,5.6057650426773575,6.417995452880859,6.182334589787456,2.156200408935547,4.370250591053378,7.242442607879639,6.204835678750135,6.76452112197876,5.921707472735374,5.294261932373047,5.561762374366575,6.112255573272705,6.01311611116454,8.157010078430176,7.2250104206023495,5.967411994934082,5.723719180629841,5.75397253036499,5.902337237754109,5.602794647216797,5.503296441994064
77,5.121078968048096,5.420668501693451,4.186187267303467,4.676016042100902,4.063381195068359,4.544689344731033,6.302750587463379,6.110619966773516,5.443887233734131,4.632149494709697,5.611749172210693,6.033358315059185,4.944844722747803,5.731395907712995,5.630401611328125,5.648405373651045,5.942869663238525,5.9110143286976164,7.535934925079346,7.314855403567659,5.224102020263672,5.576037434276415,4.7171125411987305,4.885692408831333,4.852838516235352,5.20446426801747
78,3.858219623565674,4.249626182997325,4.156088352203369,4.55552815550927,4.626086711883545,5.423817688514708,5.930944919586182,6.1453586984855715,5.597759246826172,4.781186981336792,6.932406902313232,6.24010886650858,6.61055326461792,5.946090384539315,5.215539455413818,5.525404951135993,5.969718933105469,5.989725341136824,6.255069255828857,7.187670861785772,5.891017913818359,5.715646093133659,5.587634086608887,5.825164085553531,5.581173419952393,5.494813625584627
79,3.727626800537109,3.0068299392927678,6.723914623260498,5.797771541112146,5.971821308135986,5.176689839321427,6.803301334381104,6.179025011946946,2.1735620498657227,3.834288600938901,5.423378944396973,5.3217035453695365,4.563905715942383,5.06547755612637,6.460148811340332,5.762047617773108,6.243809223175049,5.9459956282155,4.812319278717041,4.469572606286247,5.670177459716797,5.584243231170368,6.643232345581055,5.866082467144882,5.9026312828063965,5.526667318340855
80,5.894128799438477,5.480291008141769,5.03297233581543,5.12882373929903,6.359255313873291,5.572168650435359,5.048344135284424,5.037293262905751,2.041743755340576,2.8707857775681505,4.311027050018311,4.687586213775255,5.089498043060303,5.07835680676286,5.29957389831543,5.293059319658275,5.273863315582275,5.316199079460086,5.126842975616455,5.311310828868003,5.253196716308594,5.234749777597946,6.036647319793701,5.708090356681679,5.4072771072387695,5.298905644180498
81,5.168089389801025,5.5648967422340165,4.097475051879883,4.296081470849208,4.738083839416504,5.551548166552119,5.92235803604126,6.09068912419462,5.249316215515137,4.336268127946089,5.1383233070373535,5.555013583596894,4.431123733520508,5.0993561471767785,5.588058471679688,5.560105938905102,5.878551006317139,5.857284185391033,7.334853172302246,7.059061971445323,5.261707782745361,5.47893783738965,5.541432857513428,5.733197596477367,4.52368688583374,4.932908277244954
82,5.904451847076416,5.643227260924768,5.769182205200195,5.344712898622735,4.696850299835205,5.269792447565575,4.823879241943359,4.467409072857064,5.727783679962158,4.168919753363813,6.077179908752441,5.752712230632415,5.540137767791748,5.611308392130922,5.70606803894043,5.464785180928948,5.532410144805908,5.4854745928296795,5.203817844390869,6.021190883749178,5.678569316864014,5.479964472843907,5.487232685089111,5.460714521119673,4.3761420249938965,4.515615535137862
83,5.075393199920654,4.382789809569693,6.445424556732178,6.095559129197778,6.454787254333496,5.671361842282433,6.536040306091309,6.219175591307656,4.9015793800354,3.8451351748306535,4.821788311004639,4.038433021673274,3.950912952423096,3.000443903898516,5.879345417022705,5.755184230300476,6.042532920837402,5.866019665229471,7.179432392120361,6.878520072413448,5.175995826721191,5.267215714621157,6.364803791046143,6.07566992791888,5.93247127532959,5.610234303583043
84,4.098197937011719,4.476669134913205,5.798776626586914,5.616081691750392,5.6239447593688965,5.462203545788762,5.720683574676514,5.983011722437653,1.895457983016968,2.1243942499055017,4.750450134277344,4.846114086228262,4.273987293243408,4.493385018304895,5.4761643409729,5.571272596817981,5.420907020568848,5.6035007079253685,4.870192050933838,4.775317994354641,5.3629679679870605,5.2685394089924475,5.512203216552734,5.768596638667227,5.548117637634277,5.440212543067048
85,6.351230144500732,5.508541634638982,6.526603221893311,5.863879635267566,7.105541706085205,5.666585159345126,6.905886173248291,6.316980770123259,1.893263339996338,1.664031271270227,3.81841492652893,3.3117057581676415,4.982966423034668,4.7332235934276925,5.532324314117432,5.80211626125627,6.387294769287109,6.0963171185792095,5.368585109710693,6.138177347776528,5.784358501434326,5.620453359275425,7.367510318756103,6.147319168255497,6.291447162628174,5.709474494365859
86,6.849578857421875,5.63681516090365,5.184517860412598,5.466484382159954,5.479054927825928,5.194101210059591,6.430743217468262,6.024580342458288,2.4588747024536133,3.8330061556495223,4.374997615814209,4.943160808016598,5.2870683670043945,5.237764962036541,5.779410362243652,5.761917548779471,5.877424240112305,5.830246880294374,5.402123928070068,5.813975613061948,5.332662105560303,5.440296099569138,5.454739093780518,5.2663377799615345,4.152404308319092,3.458129887922531
87,4.096127033233643,4.548822265600313,5.953245162963867,5.567019149518201,4.78422212600708,5.128520014958269,5.5802741050720215,5.899130809218957,5.238745212554932,3.881388139183497,4.159611225128174,4.388690840003913,4.383962154388428,4.467305485693153,5.635195255279541,5.522888325465816,5.742480754852295,5.774949673448857,5.472236633300781,6.130796222879057,4.863551616668701,4.722838796676879,4.93787145614624,5.384140175138659,5.496954441070557,5.408088664679133
88,3.728371381759644,3.3481540766322704,4.478529453277588,5.253375276751186,5.153957366943359,5.478527008688315,6.22296667098999,6.126077715584174,3.768261671066284,4.506822215414598,6.995357513427734,5.928906546928559,6.569522380828857,5.74969702982975,5.117288589477539,5.456303952809135,6.034572124481201,5.976870543234524,6.247410297393799,6.822529415398954,5.808062553405762,5.672083518059065,5.353774070739746,5.74268881850349,5.642158031463623,5.529775433965174
89,4.470522403717041,5.4755121226161645,4.399294853210449,4.96760700213119,6.020051956176758,5.505646856590474,5.3122968673706055,5.721902760342758,3.697586297988892,4.239074385982603,4.418660640716553,5.156638680235491,5.100358963012695,5.345622033839856,5.380251884460449,5.503387865010789,5.405994892120361,5.617872945832016,4.954042434692383,4.976188764713424,4.990312576293945,5.212545737702798,5.808455467224121,5.739581588981162,4.539729118347168,4.894952084338047
90,3.786684989929199,3.7665584355731054,4.832275390625,5.593055268477131,4.898463726043701,5.538256690564709,5.967018127441406,6.040648543570467,5.4691572189331055,4.8107457725070075,4.576488971710205,5.74037062757199,4.967837810516357,5.615641223296091,5.2604265213012695,5.575735268569984,5.560996055603027,5.823147349775558,7.50966739654541,7.080986500612616,5.474143981933594,5.6218665478802405,5.560803890228272,5.817601963448934,5.446404457092285,5.473252878996232
91,4.081962585449219,4.6152259367741,6.165113925933838,5.55695774832194,4.666009902954102,4.845616799527159,6.321020603179932,6.0134681765546825,5.397693157196045,4.133142895047896,4.508846282958984,4.926221811237475,4.535510063171387,4.809783464419477,5.260051250457764,5.4339607479011605,5.899391174316406,5.768468984947644,7.509303569793701,6.803229220817524,4.841768741607666,4.671911130505102,4.521153450012207,4.366376264841877,5.45068359375,5.1905080962944545
92,4.762213706970215,5.339278573293181,4.70991849899292,5.498971620139626,4.313742637634277,4.9947107784217675,6.514005184173584,6.273290703970392,1.86767327785492,0.751438359145673,4.142496109008789,4.913035332005961,5.136071681976318,5.426643815859597,5.97714900970459,5.876746440603039,6.119912147521973,6.05438606494086,5.979384422302246,7.049653185659777,5.572013854980469,5.670964289773392,5.282341003417969,5.58424838964546,4.786281585693359,5.2815290002941815
93,5.143677711486816,5.9052897915576805,4.339475154876709,5.057309226636709,5.236588001251221,5.844042162369101,6.161417007446289,6.253831364664851,5.597896575927734,4.685421850825422,3.9871559143066406,4.550560614301155,5.010427951812744,5.288936004182191,5.631441593170166,5.7612792145187814,5.834495544433594,6.012990167027214,7.437880516052246,7.065824256507782,5.613288879394531,5.638176447536226,5.881497859954834,6.011449326912512,4.606175899505615,5.1177135448313855
94,5.694072246551514,5.375281129216436,6.133814334869385,5.724181972953254,4.615987300872803,5.320373732185376,6.168385982513428,6.138375384979936,2.0505261421203613,3.3287181691947136,4.017833232879639,4.278181771874368,4.839486122131348,5.0423897121562975,4.945175647735596,5.103723497350254,5.907817363739014,5.935306044850267,5.837466239929199,6.698485348957796,5.617880344390869,5.539970685702022,5.0019378662109375,5.45445768672556,5.448984146118164,5.491168626879952
95,5.569729328155518,5.628309451638269,4.584021091461182,5.033887505570782,6.243238925933838,5.482042914784503,4.967664241790772,4.996797782389047,2.2835559844970703,3.8020426469729807,5.304216384887695,5.691770147896223,5.502353191375732,5.556546747157722,4.858355522155762,4.95742708619157,5.313263893127441,5.418359700585301,5.328341960906982,6.2251124244061575,4.928449630737305,5.110431720379166,5.668693542480469,5.573230037391142,4.525542736053467,4.796454793627863
96,3.788387298583984,3.6753296443563266,6.463272571563721,5.86130519027238,5.5177435874938965,5.128649727811418,6.595051288604736,6.182863999565109,5.5673346519470215,4.806530426776863,4.598535537719727,5.574636432697557,5.365974426269531,5.5674949325143555,6.356646537780762,5.808034155933615,6.224036693572998,6.037335333185685,6.342473030090332,7.060331940399912,5.989168643951416,5.742776409243873,4.7269287109375,5.0109504367817905,4.746583938598633,5.15510006736839
97,4.4722580909729,5.000845433132525,5.114863395690918,5.149794052864798,5.396151065826416,5.085554434517202,5.663141250610352,5.658023565544909,5.443495750427246,3.814808155171533,5.210506439208984,5.00109690284016,4.678391456604004,4.875062634892174,4.9017510414123535,4.920753670134023,5.275353908538818,5.2813911346664755,4.774731159210205,4.048067935741481,4.762261390686035,4.60789277621758,5.003898620605469,5.2928952870352965,5.428731441497803,5.218680426603837
98,4.703857898712158,5.408030753881329,4.996525287628174,5.353856991525244,5.025149822235107,5.471392555329615,4.98667573928833,5.131791190766931,2.4121172428131104,4.001879173333461,5.254591941833496,5.561608936319315,4.561776638031006,5.190963857867799,4.946125030517578,5.192116570369452,5.38848876953125,5.480052116797505,7.343323230743408,6.917290273843033,4.859120845794678,5.070991451383288,5.643271446228027,5.5920440958333355,4.465826511383057,4.725656067075002
99,4.316067218780518,4.977303868481753,5.8995361328125,5.504480405710128,5.775418758392334,5.3286774618162,4.928976058959961,4.899648431860161,2.5044517517089844,3.880315285314342,5.036896705627441,5.1525840489818115,4.336770057678223,4.708079581254113,5.846222400665283,5.519717431099218,5.598352909088135,5.600729317438544,5.519062519073486,6.582989716222725,5.637336254119873,5.4490450626711855,5.334986686706543,5.571118853511793,4.7122721672058105,5.112822542169006
100,4.033085823059082,4.678146100174031,5.65837287902832,5.205397602250155,5.962646484375,5.398373461778804,5.657662868499756,5.681935298024755,4.278047561645508,3.883573993396376,5.04075288772583,5.3017246994184495,4.91111421585083,5.240655827305736,4.845234394073486,4.771704733113597,5.411741256713867,5.485541994716056,5.641843318939209,5.939654245291082,5.191307067871094,5.269200716700363,5.69864559173584,5.506503358852113,4.58260440826416,4.919734901219858
101,5.055220127105713,5.5170929844092464,4.412162780761719,5.123734372650627,5.744296550750732,5.192245885732286,5.791740417480469,5.829823420700139,5.67209529876709,4.756506938521899,6.085699558258057,5.716932295087131,5.968747615814209,5.5673601351169495,5.32794713973999,5.424370368829274,5.350471019744873,5.513878254521492,7.473081111907959,7.136294284888598,5.378655910491943,5.366482805324054,4.457281589508057,4.1698775562022234,4.89958381652832,4.981500629243848
102,4.907496929168701,5.483964242944442,4.704751968383789,5.364521636339111,4.288097858428955,4.923037270109648,5.937844276428223,5.957216900501246,5.494296550750732,4.4173369284440485,4.615201950073242,5.575611912414161,5.237546920776367,5.552209020841303,5.060665130615234,5.469067377322282,5.454193592071533,5.71303076548917,5.559998035430908,6.541474766677685,5.014458656311035,5.352962621653479,5.1603546142578125,5.286096907292092,4.321173667907715,4.355182586553903
103,4.916298866271973,4.927572119962521,6.377434730529785,5.716107484307408,3.861647844314575,3.127035576152407,6.383059024810791,6.089970968043833,5.341269493103027,4.413660646505326,5.686931133270264,6.142956971998891,5.057974338531494,5.843460307378353,6.234428405761719,5.877049225580616,6.106884479522705,5.956568374130331,7.844186782836914,7.2399784267134395,5.89720344543457,5.761327714243106,4.970556735992432,4.68262374825003,5.52060604095459,5.39233977793956
104,5.158628463745117,5.019398665532221,5.502949237823486,5.990414309152113,5.701315879821777,5.733524351904449,5.912553787231445,6.224752475497814,4.967542171478272,4.103608271877965,3.866597890853882,3.5998217813840028,4.135025024414063,3.6496870330241094,5.986878395080566,5.820863378564985,5.980845928192139,5.96489358791526,7.123626708984375,6.869406519058142,5.58851957321167,5.45381405188719,6.0373053550720215,6.089721142889669,5.8715667724609375,5.715378862550387
105,4.802148818969727,5.329038461600173,4.330720901489258,4.568462287594246,4.396409034729004,4.928836419924696,5.879358768463135,5.773750464746544,5.368127822875977,3.826784001398164,5.338217735290527,5.286914049718204,4.66876220703125,5.050471843723567,4.892885684967041,4.89869720097689,5.378981113433838,5.478967167693021,5.142445087432861,5.744048573312604,4.773851871490479,4.592104526441031,5.132817268371582,5.34834251105159,5.322577476501465,5.308435795184614
106,4.613417148590088,5.3618021823947615,4.373932838439941,4.975663437319985,5.722264766693115,5.003191573492527,4.892271995544434,4.846402916788752,3.798540353775024,4.455191724226145,5.997874736785889,5.773129965328879,5.424940586090088,5.595776580957292,5.258536338806152,5.392134833399123,5.670160293579102,5.602716509397979,7.575159549713135,6.776144547249763,5.337752342224121,5.52079959665564,4.692935466766357,4.881270245728229,5.410284519195557,5.114256799623556
107,4.668123245239258,4.545696221210208,5.888238906860352,5.462953562006124,4.48575496673584,4.848067104227515,5.836918830871582,5.80034750776746,2.059765338897705,2.820213755007772,4.998200416564941,4.48216575599318,4.2567667961120605,4.166721964066904,5.080246925354004,5.279472200913121,5.634112358093262,5.665687083854089,7.0532732009887695,5.979763992953417,5.038467884063721,5.228037561602462,4.809791088104248,5.045570067307748,5.053093910217285,5.114900357696833
108,5.729280948638916,5.678843016504059,5.476287841796875,5.2377574707160575,6.23392915725708,5.780311001297637,5.5872063636779785,5.565555589287605,3.022134065628052,4.4968903222916685,5.441208362579346,5.731432769475621,4.802149772644043,5.373263210097005,5.426651477813721,5.232148703862327,5.1738152503967285,5.134454558148213,7.248427391052246,6.831256442891038,4.839317321777344,4.933814650665961,5.4186530113220215,5.53016139712129,4.436059951782227,4.626794429258481
109,5.290669918060303,6.017720099705026,4.022796154022217,3.788340533603382,5.575185298919678,5.859080784703121,5.584018230438232,5.880578026020661,5.612283706665039,4.561491239451848,4.911389350891113,5.869282116694458,5.414863109588623,5.762409034703687,4.995716571807861,5.139087123518569,5.371796131134033,5.586628450513861,6.640830993652344,7.023800193973597,5.271357536315918,5.375224601161813,5.168564319610596,5.655864999312037,5.483759880065918,5.4089457231944325
110,5.620189189910889,5.405337699479813,4.206385612487793,4.738338441334509,4.013694286346436,4.1819555593139786,6.043658256530762,6.075602715985372,2.2797086238861084,4.352744654633416,7.220981121063232,6.358522525791967,6.694394588470459,6.03530566277665,5.523043155670166,5.683829101389488,5.66209602355957,5.883291598419226,7.519245624542236,7.417697914956671,5.647872924804688,5.698641441492878,5.093865394592285,5.161133740519142,5.319594383239746,5.371662991847776
111,5.645575046539307,5.6413970534207865,6.266800880432129,6.0023643203387005,4.981578350067139,5.659878295471483,5.664093971252441,6.1912722471798585,2.6602232456207275,4.484657690645067,3.8116331100463854,3.568515460985835,4.6597185134887695,4.755366108256984,5.680289268493652,5.867790054134974,5.973916053771973,6.06924381218884,7.404519081115723,7.009056842549648,5.653552055358887,5.648077483901403,4.944972515106201,5.615458563270717,5.714542865753174,5.661417656910268
112,4.195310115814209,5.158762775915796,5.30781364440918,5.582864988653205,4.813328742980957,5.31855945048521,5.682437419891357,5.921164824810938,5.553337097167969,4.654927728215681,6.86305046081543,5.996307094075624,6.224489688873291,5.715393784611733,5.556777000427246,5.701910674785489,5.511932373046875,5.715631448282862,7.572812557220459,6.984820161188041,5.530946731567383,5.550413652737856,5.453011512756348,5.331602955051399,4.140453338623047,3.50559083475592
113,4.742549896240234,4.364456844929957,6.48699951171875,6.077584526311558,6.664533615112305,5.639682671516864,6.565987586975098,6.208675253298783,4.897328853607178,3.8338597820589295,4.830458641052246,4.045441637121359,3.9565861225128174,3.019465504609854,5.968825340270996,5.747629136918246,6.072268962860107,5.8616766473076884,6.925679683685303,6.830245436049494,5.12975025177002,5.240018849701189,7.0306010246276855,6.071915140859352,6.022170066833496,5.599555097637359
114,5.359449863433838,5.518091970964466,5.824941158294678,5.942376080779427,4.566592216491699,5.464465349927716,5.988992691040039,6.278670497563565,2.171967029571533,3.861405328907289,3.815255641937256,3.560277742878932,4.55690860748291,4.670461267467807,5.58425760269165,5.857286113181295,6.020347595214844,6.079599529884189,5.785991191864014,6.698223063431029,5.633687496185303,5.633988561011429,5.374818801879883,5.929409173830523,5.815415382385254,5.741271228540959
115,4.233831405639648,4.951499647817802,4.199690341949463,4.6891645530121036,5.273865222930908,5.585119423721401,5.527332782745361,5.992223376442478,1.949958562850952,2.7532141456709662,5.094605445861816,5.447112659931078,4.397753715515137,5.0190857305093886,5.044366359710693,5.357985023352858,5.7486491203308105,5.851205246793096,7.166435241699219,6.952727062116649,5.49281120300293,5.495631916099305,6.174264907836914,5.907175179407688,5.728365898132324,5.461078765862573
116,6.042614459991455,5.8142670023235885,6.339552879333496,6.051124262698944,4.961252212524414,5.838693954785866,6.061741828918457,6.355085347160728,3.0340983867645264,4.513688286466204,3.721018075942993,2.981499220854841,4.971028804779053,4.659882623068096,6.1284003257751465,5.961503502986605,6.190062046051025,6.166207655566726,7.434755802154541,6.892904648031619,5.801159381866455,5.696761621513067,5.864423751831055,6.232673781662498,6.013455867767334,5.878737138025032
117,5.479312419891357,5.883736701447055,3.9554905891418457,3.5107525599945517,6.383959770202637,5.893184272008773,5.87429141998291,6.042728796049855,5.252535343170166,4.45000782561327,5.255712032318115,5.798989201061234,4.56742000579834,5.408407134119718,5.388412952423096,5.364595549959457,5.606517314910889,5.758726116317417,7.349263668060303,7.12688001404228,5.10959529876709,5.399623489235315,5.930854320526123,5.934405351888474,5.259566307067871,5.459777138896236
118,5.058100700378418,4.974839699399889,5.774044036865234,5.630413134398012,4.586391925811768,5.398551378658667,5.578293323516846,5.896249970636804,5.144877910614014,4.007973692522809,4.26485538482666,4.678380187132015,4.246398448944092,4.332237188918627,4.941940307617188,5.123258631910286,5.494592666625977,5.634870169813594,7.1207146644592285,6.783658387419547,4.911623477935791,5.124733120437261,5.593939304351807,5.768973765880552,5.57728385925293,5.472463071722209
119,3.962941884994507,4.72689031890456,4.112522602081299,4.327367026116451,5.3032708168029785,5.673219938215854,5.439176082611084,5.927234367211169,3.788871288299561,4.650911323986981,5.263002872467041,6.115536345200968,5.697843074798584,5.897753777834229,5.013818740844727,5.281811759861423,5.803979396820068,5.895137509576977,6.005463600158691,7.049064680191043,5.747857093811035,5.633174838724571,6.167215824127197,5.922465386546942,5.705434322357178,5.5061524749108255
120,6.376014709472656,5.785752425747495,6.526675701141357,6.067430338120144,5.621170520782471,5.909515099044543,6.055512428283691,6.366349789146075,2.656043529510498,4.38955520892951,3.717090606689453,2.893560187363437,4.946269035339356,4.606724234994258,5.999734878540039,5.954166723293484,6.20585298538208,6.14593672087504,5.371146202087402,6.068764773863646,5.764069080352783,5.655124630445821,5.989230632781982,6.2899354539359305,5.935259819030762,5.889734004498475
121,4.239254474639893,5.23621953225616,4.234015941619873,4.539299833443219,5.490855693817139,5.693263411834906,5.73520565032959,5.903929134150922,2.1392645835876465,3.7915019093315885,5.122607707977295,5.760837987434873,4.996569633483887,5.599477633245583,4.78140926361084,4.69294158958822,5.4395294189453125,5.62447505085365,5.570527076721191,6.653700572404689,5.092272758483887,5.32048034953912,5.352879524230957,5.6884615975295,5.223803520202637,5.39803592444597
122,6.236365795135498,5.769832990264663,5.00108814239502,5.512881920442452,6.307534217834473,5.8311471328212825,5.729959011077881,5.881265203943271,5.410891056060791,4.664099798098223,4.035253524780273,4.602464728069737,4.993117332458496,5.1758670622356435,5.389898777008057,5.522750970400815,5.357866287231445,5.547958624738123,5.915676116943359,6.6565507160400506,5.166863441467285,5.371348500871821,5.9212260246276855,5.891206113663061,4.747557163238525,5.171749239395201
123,4.538226127624512,4.8442438569065045,4.69615364074707,5.615005893313855,4.094334602355957,4.398340963130891,5.995516300201416,6.095857789528309,5.170372009277344,4.420535916792709,4.643681526184082,5.488625230198142,4.337979793548584,4.937061226810524,5.673089504241943,5.764089329845784,5.660676002502441,5.866718436305393,7.137072563171387,7.163331844427874,5.501818656921387,5.586579943708445,5.178438663482666,5.34979121814595,5.407735347747803,5.424979799275225
124,3.728559255599976,3.3270128804935255,5.145946025848389,5.531799141542733,4.857710361480713,5.311175936657174,5.790128231048584,5.982944841997653,5.4473419189453125,4.680394648535905,6.728346824645996,5.982844624921241,6.157440185546875,5.69382902628162,5.159739971160889,5.495268144296444,5.518735408782959,5.816856751911303,6.234559059143066,6.956604012086992,5.5299506187438965,5.630024406471814,5.604667663574219,5.657365348835402,5.451725482940674,5.434505873023936
125,5.052676677703857,4.704345773494402,5.73390007019043,5.192150323556984,4.065041542053223,3.84915506783835,6.331191062927246,5.849806566554116,1.8561370372772217,0.26213002589095324,4.768402099609375,4.929087679649805,4.597282409667969,4.836846926896738,5.634617328643799,5.560965779566446,5.874026775360107,5.747434850381337,5.402242183685303,6.07876363364582,4.921910762786865,4.9312434625478625,5.082621574401856,4.938453827964527,5.3685150146484375,5.210727208057987
126,6.597900390625,5.717800041211588,5.284028053283691,5.23819697068937,5.255824089050293,5.613971619475843,5.083498001098633,5.264857744938134,5.579577445983887,4.602024377381183,6.378727912902832,5.906107416561093,5.939358234405518,5.61293813431637,5.267014026641846,5.288311963754373,5.238536357879639,5.208652160240194,7.076951026916504,6.802880631032081,4.945696830749512,5.163083499091552,5.584359645843506,5.492662979419328,4.386303424835205,4.42321422390253
127,4.560189723968506,5.537247563960735,6.032604694366455,5.997532647682544,5.9205474853515625,5.861139257162915,6.381864547729492,6.376344106132359,2.04323959350586,3.462950203520897,3.75543999671936,3.241570101451863,4.888918876647949,4.738208407608041,5.738728046417236,5.914196110932554,6.107421875,6.140188293797534,5.489173412322998,6.516827419076256,5.4299492835998535,5.617787101526804,6.513606548309326,6.244902846852889,5.394772052764893,5.775347973075164
128,6.386459827423096,5.593237028548359,4.800906181335449,5.24230013632702,6.015259742736816,5.213855049390929,5.842191219329834,5.798191934841669,5.629854679107666,4.2993273024880665,6.055182933807373,5.636892134271065,5.435364246368408,5.41741660737432,5.076678276062012,5.349118653659073,5.393741130828857,5.50263065390848,7.483547210693359,6.782380107375551,4.796361923217773,4.807534686236501,4.788577079772949,4.906102260033029,4.210628032684326,3.9139202582529244
129,3.993977546691896,4.1826359906318915,6.077042102813721,5.625187784427722,4.405641555786133,4.872994671625053,6.397871494293213,6.058819220998561,2.5049006938934326,3.7518111993564083,4.368973255157471,4.790414804485532,4.264232635498047,4.349011774714716,5.652474403381348,5.571955344026047,5.966623306274414,5.814472032642408,7.055220127105713,6.615295379970742,4.83425760269165,4.663819977711279,5.353143215179443,5.625369145612986,5.616025447845459,5.468316173007304
130,6.638150691986084,5.935483140281547,5.494897842407227,5.248117295785139,6.387492656707764,6.1589402922140675,5.764348030090332,5.6577506354492275,5.521823406219482,4.267585050712306,4.154872417449951,4.630410742429866,5.039986610412598,5.136066122028609,5.286116123199463,5.2336555448829545,5.234175682067871,5.184236960059379,5.476996898651123,6.002047708111994,5.034037113189697,5.051256022569258,6.02403736114502,5.898760425063572,5.527388095855713,5.513328863357934
131,5.80906867980957,5.003774249138678,6.436429500579834,5.76801025181072,3.875989198684693,3.2204592596104185,6.489955902099609,6.106253365605695,4.679980278015137,4.654205611547907,7.63482141494751,6.340985983964583,6.98902702331543,5.994287604801046,6.191816806793213,5.931241709823549,6.219409465789795,5.989594617290693,8.104426383972168,7.410110800754405,5.568717002868652,5.789407484297085,4.929610252380371,4.669838374980915,4.516659259796143,4.8813944700612435
132,4.413697719573975,5.105407983713593,4.24168872833252,4.918376119017272,4.431280136108398,5.306356473218728,5.720302581787109,6.1248218445437805,3.178738832473755,4.324316072974824,4.453651428222656,5.274649647437615,4.2930755615234375,4.78129648903305,5.600865364074707,5.656878142771436,5.780411720275879,5.9024647518060345,7.360507011413574,7.162678874240169,5.538668155670166,5.531621306338102,5.4826340675354,5.795591554410975,5.578028202056885,5.535679877686597
133,4.70897388458252,5.314795418593698,6.305519104003906,5.63161988515312,4.592620372772217,4.902931168277252,6.36790943145752,6.029185057964767,5.412957668304443,4.288870545771702,5.325020790100098,5.4596388665516,4.7019476890563965,5.227823442181045,6.064590930938721,5.787475391071756,5.98814058303833,5.838015014066169,5.34297513961792,6.394330945707872,5.468704700469971,5.520584831544633,4.7456955909729,4.74268146561545,4.122546195983887,3.435637326191397
134,4.7680277824401855,4.928712179921355,5.153298854827881,5.633451529754922,4.0198845863342285,3.7585466350009455,5.4663567543029785,5.903068476371375,2.391764879226685,3.978474321729595,4.624600887298584,5.483326693989747,4.869872570037842,5.455589664484676,5.95463752746582,5.8035168240982085,5.815938472747803,5.8459286597023725,4.912967681884766,4.81359988799431,5.752771854400635,5.607579121533182,4.932290554046631,5.0033739116600975,5.348166465759277,5.390991126416933
135,3.8103959560394287,3.6954130546509583,5.658156394958496,5.626454379905916,4.549788475036621,5.156005823849623,5.788498401641846,5.976565107840624,2.204820156097412,3.8364659935348953,4.740639686584473,5.309254030688585,4.486365795135498,5.0379213687880515,5.678669452667236,5.616261693363298,5.613746643066406,5.813689280387434,5.651722431182861,6.371958379600272,5.528378009796143,5.526226604474797,5.381089210510254,5.6725626795246,5.54490327835083,5.432841726682499
136,5.917137145996094,5.295706094241292,5.043018341064453,5.02737269633641,4.669155120849609,5.021188833607259,5.9141058921813965,5.871894357288613,1.8249038457870483,-0.36962962330620064,4.396827697753906,4.464241604867934,5.150026798248291,4.9186655654809845,5.035243988037109,5.203765989306439,5.439111232757568,5.508819706353241,4.7838945388793945,3.742721315439217,4.925390720367432,4.902659935138368,5.46488618850708,5.4296031383084875,5.483443260192871,5.393677889835489
137,4.235694408416748,5.235516942729329,4.751755237579346,5.058233442990914,4.774657249450684,5.539325246195299,5.233566761016846,5.487587458484758,2.0835368633270264,3.4543379782003516,5.060219764709473,5.409035014604363,4.630792617797852,5.1589310482766315,4.939774990081787,5.0573306632072885,5.222708702087402,5.285407803718238,5.450379371643066,6.2279368982395145,4.889801025390625,5.064205427494164,5.506816387176514,5.548171100599832,5.32170295715332,5.340308537662828
138,4.950296878814697,5.614011811226367,6.093699932098389,6.004936625222998,5.077485084533691,5.850747937289494,6.2149658203125,6.31762375152872,5.202714920043945,4.507179143674171,3.748525381088257,3.2624633890917654,4.450253009796143,4.4519425281572795,5.83129358291626,5.883532715844699,5.840117454528809,6.052594600618873,6.191337585449219,6.861281671688731,5.382484436035156,5.5784292592368425,5.952121257781982,6.194564723436843,5.905861854553223,5.815482297956717
139,4.121966361999512,4.704338552821183,4.428781986236572,4.925281053824127,5.719143390655518,5.458054829369647,5.265981197357178,5.579895357199182,1.992281556129456,2.5643986354835056,4.938169479370117,5.070453306057747,4.498353481292725,4.911931483532832,4.904692649841309,5.0488066800260825,5.502066612243652,5.654609643488408,5.545866012573242,6.221420656006287,5.211484432220459,5.342439122794026,5.255604267120361,5.582033220291614,5.513119220733643,5.367868412986782
140,4.42227840423584,5.014619443531294,5.644887447357178,5.641530930750461,4.015228748321533,4.033050467613739,5.853856086730957,5.997742963271634,3.674470186233521,4.5056144925424535,4.481783866882324,5.671855698552652,4.832248687744141,5.585500505057239,5.477720737457275,5.72608850623939,5.550307273864746,5.80771712806802,6.521210670471191,7.034893398241215,5.480460166931152,5.633347915747275,5.056388378143311,5.094272296235052,5.320017814636231,5.383716749825639
141,4.588603973388672,5.2710958978577205,5.798393249511719,5.372924066495146,4.679448127746582,4.7066727559982064,6.030707359313965,5.882476572314526,3.544260740280152,4.1180281816573885,6.425167083740234,5.5318275229424,5.881264686584473,5.418648962967927,4.99908971786499,5.309085363879568,5.80615234375,5.752246472284351,5.385435581207275,6.035786959920028,5.740716457366943,5.494675454436911,4.854948043823242,4.773974193178516,4.162722587585449,3.5698714930521565
142,5.613559246063232,5.286470582309894,5.235410213470459,5.300660459804844,4.577792167663574,5.111697870817584,5.894211292266846,5.793662606968105,2.208101749420166,3.3999427567464107,5.987585544586182,5.408146996033828,5.695223331451416,5.382317809577151,4.806960105895996,4.85807422280357,5.38145112991333,5.51288579408508,4.959554195404053,4.811866264177728,5.403906345367432,5.274323713970271,5.082320213317871,5.228242452774079,4.350961208343506,4.370097698582
143,5.165351867675781,5.521948594364838,5.115029335021973,5.539039599731202,4.660677909851074,5.306023626640077,5.0248308181762695,5.171605115006212,2.283207893371582,3.9593101813177953,4.279149532318115,5.050864536711736,4.764184474945068,5.249703378030535,5.391175270080566,5.587281005518685,5.590523719787598,5.699970908440165,5.425124168395996,6.346232879897883,5.126635551452637,5.407544507129882,5.107755184173584,5.48405289286009,4.551584243774414,4.9303192594093455
144,5.286879062652588,5.252175086454542,4.533210754394531,5.292358087572325,4.033328533172607,4.264994454896086,5.837502956390381,5.98301872842217,3.6559574604034415,4.49626649937687,4.89183235168457,5.867237423767928,5.22819709777832,5.722409703574671,5.033760070800781,5.432990089191627,5.46085262298584,5.761351081671428,5.364599704742432,6.57130510365272,5.450253963470459,5.568407898246683,4.816935062408447,4.9499057697341495,4.877355575561523,5.223104715202637
145,5.4775071144104,4.985246372988954,6.276673316955566,5.738435499121837,3.873107433319092,3.1486255318335297,5.354714393615723,5.828147831803448,5.609218597412109,4.680461312355945,7.036310195922852,6.3938150161240035,6.692845821380615,6.034081689041202,6.201164245605469,5.881029851728994,6.023936748504639,5.940287073320951,8.148336410522461,7.491289010592913,6.274499416351318,5.833900872995085,4.916210174560547,4.6939965730729485,5.494483947753906,5.318306533322952
146,4.6838884353637695,5.519748031589429,5.342663288116455,5.221278072104104,4.672183036804199,5.627209487618636,5.688608169555664,5.579095354383703,5.381775379180908,4.410592616740523,4.587844371795654,5.33073851295585,5.138607501983643,5.348210036884755,5.092923641204834,5.180232670267398,5.175911903381348,5.116328300809835,4.963066101074219,5.137773030718336,5.232637882232666,5.0956678511538245,5.603987216949463,5.658051937367574,5.398835182189941,5.308711641440449
147,4.996802806854248,5.169135969005308,5.982933044433594,5.376285556595033,4.186285018920898,4.495077652488895,5.060754776000977,5.224081878870941,1.923478603363037,2.187914213211246,5.46308708190918,5.68609145141603,5.867171287536621,5.574515418343948,6.066047191619873,5.6443651678628575,5.862433910369873,5.725837152852741,7.728199958801269,6.81819674894859,6.144623756408691,5.608276026751286,5.126022815704346,5.093596807427711,4.380706787109375,4.396041618181015
148,5.128347873687744,4.93520895115889,5.196589946746826,5.724298771026149,4.621880531311035,5.166832258698892,6.275412559509277,6.170594597566117,2.0527782440185547,2.922715179206545,4.066642761230469,4.02037877092053,4.308339595794678,4.234952162150426,5.341635704040527,5.641407752622497,5.734682559967041,5.816647624397168,4.794538021087647,4.097443456416129,5.1313018798828125,5.288373889291183,5.692175388336182,5.857110873898906,5.7659173011779785,5.6121457535949
149,4.04158878326416,4.601329464399068,4.543621063232422,5.346100661520589,4.074098110198975,4.275290892110169,5.236604690551758,5.699132665350807,2.353811740875244,4.445303136559886,6.628946304321289,6.250878641046329,6.432332515716553,5.935795794620824,5.392258644104004,5.707217279320425,5.827014446258545,5.896297075052303,7.827167987823486,7.329839347806448,5.588314056396484,5.751753180956697,5.138169288635254,5.22882268743211,5.479382038116455,5.382844061280519
150,6.429027080535889,5.74804306350127,3.976616382598877,3.585143476835184,4.549964904785156,5.259839409903032,6.426305770874023,6.0336929280820835,6.018906593322754,4.60033294790215,7.618211269378662,6.016699103653496,7.00670051574707,5.8217316485315145,5.631851673126221,5.401866338720048,6.060964107513428,5.844088392100975,7.69103193283081,6.833188583428366,5.323686599731445,5.486285308718874,4.868459224700928,5.285854088979944,5.583593845367432,5.2666990129689975
151,4.342798233032227,4.86737125393006,5.930690765380859,5.674017770494675,5.12022066116333,4.953798675786158,5.416519641876221,5.845262162221521,5.147745132446289,4.013386186020875,4.84575080871582,4.957423065404933,4.473705768585205,4.788046714632764,5.979284763336182,5.698026741974425,5.738433837890625,5.732778828358605,4.767544269561768,4.120926317454947,5.38859748840332,5.38678380715973,4.778486251831055,5.0147311851855445,4.380514144897461,4.544966454225323
152,7.471311092376709,5.694388773329416,5.302067756652832,5.1630434624624675,5.871480464935303,5.3096901587042815,4.98746395111084,5.058659455525251,2.944221019744873,3.6343202858786983,6.267423629760742,5.432889362977204,6.161843299865723,5.3628028195298,5.430422306060791,5.374757624487921,5.600975036621094,5.503489371984779,6.836495399475098,6.360177378433458,4.8429765701293945,4.654489631336524,5.575243949890137,5.341155240194061,4.184245586395264,3.818025523434287
153,6.153942584991455,5.476019779880726,4.437723159790039,5.127798613657726,6.149198532104492,5.094797226285522,5.265200138092041,5.649366607549482,5.674229621887207,4.334100957767044,5.985934257507324,5.744397614116687,5.374651908874512,5.570824710137583,5.092013359069824,5.489826219866031,5.655169486999512,5.75752828269605,5.405799865722656,6.361621206045611,5.64144229888916,5.5463150319239976,4.978597164154053,5.126923141513603,4.2039408683776855,3.760339725740313
154,4.461211681365967,5.486618998201184,4.168231964111328,4.393942317292851,4.714529514312744,5.499749723165363,5.175956726074219,5.521611532230746,2.014286756515503,3.1993377974950685,4.437238693237305,5.455658802950861,4.865920543670654,5.508949176685961,5.540300369262695,5.4930433924202475,5.772377014160156,5.798732530354177,7.562745571136475,7.0041722191827676,5.327159404754639,5.543173376148747,5.722930908203125,5.810811239397053,5.649891376495361,5.435415932388059
155,6.8755950927734375,5.324182103948012,5.63398551940918,5.292699629342149,5.020529747009277,4.99533557626366,5.966170310974121,5.815197649608543,5.768138885498047,3.828136092116519,4.81926965713501,4.898043883503834,5.470675468444824,5.1817487668328965,4.847449779510498,4.773247029209598,5.481866836547852,5.548871313385252,5.180844783782959,5.506602518005103,5.438973903656006,5.225272120493475,4.5305585861206055,4.223849710370925,5.009757518768311,5.137306475950283
156,4.939929962158203,5.585992489054572,4.209319591522217,4.6463104347938895,4.161358833312988,4.683628419098425,6.150814056396484,6.142397311350428,2.4761979579925537,4.46874115421888,4.451655864715576,5.751555126751779,5.166479587554932,5.777396731012189,5.597262859344482,5.685721257870199,5.737084865570068,5.9397242638279035,6.8570098876953125,7.273379733758256,5.629377365112305,5.678848268084247,5.21195650100708,5.433721255319583,5.446001529693604,5.48696453985583
157,4.281911849975586,5.2645155558458,5.149453639984131,5.56758974570979,4.481043815612793,5.459493813449268,5.973034381866455,5.9962835723597365,5.467796325683594,4.3633645306048665,4.082020282745361,4.46445978337412,4.907829761505127,5.118656578502167,5.508662223815918,5.586159137654541,5.549264907836914,5.727866561348803,7.112804889678955,6.541219107192086,5.264102458953857,5.428070576362793,4.926489353179932,5.413177719246256,5.486771106719971,5.494076825569564
158,6.599282264709473,5.762631459926072,6.368277549743652,5.8516552752842745,6.722207069396973,5.938395637405939,6.857311248779297,6.2685472225150605,4.264042377471924,4.335504558483831,3.80597734451294,3.3772953945631414,5.05767822265625,4.802574630896789,4.973277568817139,5.1475052189261765,6.380459308624268,6.03477867316239,7.51446533203125,6.8025862120252825,5.724189281463623,5.561419652640599,6.527297019958496,6.19017827600964,6.214905738830566,5.836645217859587
159,4.34386682510376,5.373374266664762,5.398307800292969,5.139787104539108,5.547197341918945,5.575367207243565,5.081748008728027,5.242731563904612,2.916553258895874,4.322486000404035,6.270665645599365,5.754122597118941,5.743113994598389,5.549916816660283,4.779232025146484,4.73480152890155,5.189327239990234,5.2170843392027475,5.593058109283447,6.592928732722622,5.272754192352295,5.204453147647419,5.084104061126709,5.362938895203096,5.334109783172607,5.253001215687414
160,6.112586498260498,5.638150525804428,5.093292236328125,5.071675226821729,6.396759033203125,5.845637634490179,5.492629051208496,5.533737311365303,5.792056560516357,4.2089979320119175,6.333381175994873,5.741785284337714,5.927436351776123,5.58644424888406,4.639332294464111,4.01189752045876,5.234010696411133,5.169692777109917,6.50685977935791,6.691173523150107,5.272365570068359,5.077887921895364,5.7692484855651855,5.6162420918218015,4.811973571777344,5.125545524348651
161,5.008183002471924,6.051250787516224,3.919105052947998,3.1775960052715413,5.462716579437256,5.964763634056275,5.967483997344971,6.099815986036902,5.548882961273193,4.622578667862751,5.642186641693115,6.172461373764202,4.994618892669678,5.871659974017905,5.061405658721924,5.220887295878893,5.762360095977783,5.835045320451559,7.539141178131103,7.2659178548828995,5.255003452301025,5.4898100927207985,6.142903804779053,5.998964841511953,5.138445854187012,5.433145541649354
162,4.039465427398682,4.752183683441143,4.975561618804932,5.769234427262561,4.54142427444458,5.444748195720182,6.49595832824707,6.252876105413835,5.226423263549805,4.5168588613954785,4.008477210998535,4.373511002750725,4.714434146881104,5.066648540612901,5.884779930114746,5.81015757002568,6.178708553314209,6.052613171529198,7.345873832702637,6.8635521965972455,5.717174053192139,5.654017941956539,4.984606742858887,5.560949804129679,5.663102149963379,5.614164334165929
163,4.059173583984375,4.577828963773394,5.949559211730957,5.232954080144365,4.831582546234131,4.880305534107132,5.752471923828125,5.833680255247683,5.58715295791626,3.8676930030536782,6.755864143371582,5.263342066973188,6.171730995178223,5.211682646788082,4.848733425140381,4.761595876304596,5.594579219818115,5.612509898943704,5.718000411987305,6.359442104631321,4.82071590423584,4.495272963183393,4.601166725158691,4.514946225000971,5.442978382110596,5.205719052206683
164,3.790168285369873,3.5237704585292735,4.963405132293701,5.7916976793868145,5.329071998596191,5.4753712956066325,5.708755970001221,6.103883541247299,3.01113510131836,4.290201989009115,4.888415336608887,5.192245869496257,4.238887310028076,4.597832267628242,5.651742935180664,5.729478631342286,5.849619388580322,5.956376291736018,6.114526748657227,6.934089726279456,5.410460472106934,5.574031362873701,5.94463586807251,5.914652340971155,5.694929599761963,5.553520379664416
165,5.559868812561035,5.140031038376466,5.417712211608887,5.289634047099872,4.4844183921813965,4.885333512706781,5.501194477081299,5.658351414832948,3.5867228507995605,3.7793148697053844,4.58305549621582,5.16482981776078,5.255977630615234,5.329018993266356,4.751837730407715,4.39445249996588,5.733396053314209,5.689722518094259,6.906590461730957,6.379313629755978,5.381041049957275,5.409647643427073,5.446779727935791,5.36426462539289,4.542503833770752,4.700440553505377
166,6.321238994598389,5.607080630200527,5.907177448272705,5.690061274166168,6.502015113830566,5.662544826513455,5.727786064147949,6.031368127774466,5.463799953460693,4.280638703978487,3.8892393112182617,3.610532526133439,4.915318965911865,4.742855697626566,5.567688465118408,5.656620966357401,5.525596618652344,5.730896319291965,4.927867412567139,4.66510528919918,5.172043323516846,5.342325906988412,6.308679103851318,6.066680552874816,5.8519287109375,5.647701923386865
167,5.978550434112549,5.637567431490707,5.511741638183594,5.286714989371534,4.541518211364746,5.192351693186023,4.96489143371582,5.076428735364806,1.9512968063354488,2.8113723463582745,6.26482629776001,5.838568187072213,5.724496841430664,5.629553258409792,5.42319393157959,5.510467489722522,5.417109489440918,5.515641485749759,7.51005220413208,7.0084518622428345,5.221035480499268,5.438653377002776,5.295336723327637,5.2746977109929585,4.327957630157471,4.325912478767158
168,4.012665748596191,4.171981622159062,6.112908363342285,5.78709588891833,5.927966117858887,5.533892976945064,5.750417232513428,6.093803156110359,1.9157553911209104,2.243619658606228,5.078338623046875,4.951388188611406,4.208890914916992,4.39699394145557,4.958569049835205,5.225979787177896,5.870504856109619,5.8728930303756295,7.309064388275146,6.9682251655455545,5.4996771812438965,5.443114237907298,5.740238666534424,5.857101638473046,5.739397048950195,5.507925264484572
169,5.150933742523193,4.722747296970093,5.9868364334106445,5.944480373796336,6.51215934753418,5.751166885901389,6.109904766082764,6.155503915756363,2.0031700134277344,2.9502813617993313,4.142979145050049,4.213579249936733,4.054381370544434,3.606714109118782,5.692847728729248,5.7131640329115765,5.665098190307617,5.795709320177348,6.893085956573486,6.923783370253335,5.416072368621826,5.333836806758175,6.569170475006104,6.038071704753348,5.826961994171143,5.575142659740435
170,5.319530010223389,5.331611900048041,4.345422267913818,4.784639726866312,4.571043968200684,5.210212538218989,5.226029396057129,5.5960134134152995,1.8999370336532595,1.6641979448225512,4.87379789352417,5.311835061598681,4.678000926971436,5.15218148939034,5.205012798309326,5.38989060693486,5.463656902313232,5.645604481202956,5.744538307189941,6.602110768372907,4.845749378204346,4.875547061280257,5.046317100524902,5.350494702546485,4.575538158416748,4.880924550035754
171,7.490321636199951,5.629647899858242,5.647134304046631,5.220844334322846,6.636191368103027,5.413832640457547,4.753479957580566,4.084872759463872,5.847322940826416,4.2027634929266435,6.379700660705566,5.704109573940874,6.160522937774658,5.5591574623636095,5.39754581451416,5.285032110805586,5.286810874938965,5.247954204732583,4.928765296936035,5.150279398173446,5.47736930847168,5.354066264878314,5.880979537963867,5.63444766602674,4.972805500030518,5.217527868064703
172,4.734106540679932,5.073072333052805,5.346645832061768,5.0389377575477,4.6665940284729,4.698925277972799,5.225364685058594,5.335124074425525,2.0210440158843994,2.4734754371021226,5.095024108886719,5.126531977203946,5.515478610992432,5.22456865364619,4.767831802368164,4.433612660658175,5.553642272949219,5.513169844948578,4.935245990753174,4.589347218646402,5.136646747589111,5.214069120306873,5.298391819000244,5.270395728345561,5.165172576904297,5.206612928052978
173,5.91796875,4.946375032454677,6.265190124511719,5.62334134151406,4.070536613464356,4.0582266188957865,6.451346397399902,6.028076945734734,5.953413963317871,4.159672685910024,5.697680950164795,5.172322558340447,5.939677715301514,5.269705243948509,5.309788703918457,5.576453990764788,5.960843563079834,5.753076902605275,4.828012466430664,4.036266192357829,5.52593994140625,5.423662645085808,4.432091236114502,3.7382219794113865,5.257258892059326,5.060382890771322
174,5.3430681228637695,5.278475240340347,6.290046215057373,5.817806822385782,4.149508953094482,4.555113783179385,5.800314903259277,6.088603410184325,5.347615718841553,4.463059764005936,4.054988384246826,4.478576009391211,5.109678268432617,5.167093826970922,6.081535339355469,5.850684415754068,6.12382173538208,6.01073237552529,7.393328666687012,6.922162844205841,5.878440856933594,5.694580502353164,4.774453163146973,4.988313969391188,5.098446369171143,5.362924285461151
175,6.148601055145264,5.593273856473618,5.366071224212647,5.286632305289675,6.305224895477295,5.793626169715681,5.7830491065979,5.7429198531239525,1.919454574584961,2.0226222351083956,4.346858024597168,4.9981066461013395,5.116862773895264,5.258161133385365,5.242160320281982,5.335402120287552,5.2353196144104,5.279682062677587,5.0237531661987305,5.299248314430986,5.259045124053955,5.155443718717341,5.817060947418213,5.768234369216075,5.363406181335449,5.357703987447412
176,6.40127420425415,5.701868757685546,5.277563571929932,5.840768037738514,6.186155796051025,5.902917393969613,6.522910118103027,6.370945345161553,1.8817063570022583,1.465604477860055,3.7821223735809326,3.3645646114299828,4.944113254547119,4.788362534721062,5.864415168762207,5.892099092180671,6.035202026367188,6.103260052034454,7.353093147277832,6.9434610802328605,5.278953552246094,5.494543992598811,6.51654577255249,6.196945924379401,6.190367221832275,5.782177839665544
177,4.915499687194824,5.080897509050103,5.871315956115723,5.457184783650209,5.234466552734375,5.294326581667356,5.021819114685059,5.185350077702235,3.258574962615967,3.7543432136745656,4.90120267868042,4.8686353754381315,4.269791126251221,4.379280625001408,5.432182312011719,5.401007195364124,5.623535633087158,5.557906530984588,7.220523357391357,6.688165049908762,4.793134689331055,4.641588605854496,5.017323970794678,5.427680431233433,4.680928707122803,5.104309659741268
178,6.462648391723633,5.882685541911224,6.360225200653076,6.095000568897509,6.513645648956299,6.0532286897410605,6.49410343170166,6.405916766595279,5.323172569274902,4.6864887805229865,3.703275680541992,2.909463496415795,4.937859058380127,4.6427562913584035,5.987724304199219,5.95617575147606,6.021246910095215,6.151174008035448,7.366125106811523,6.935671323773888,5.686014175415039,5.679731766874678,6.16884183883667,6.340851988525227,6.160157203674316,5.905307877502222
179,5.161398887634277,5.493271353843897,4.614223957061768,5.413407196994779,4.464558124542236,5.266764073207117,6.308033466339111,6.172795792685416,2.642051219940185,4.161185474920453,3.9884731769561768,4.381033778591556,4.592829704284668,4.938680837481062,5.095785617828369,5.4657740289383385,5.917253494262695,5.951279280978668,6.637556552886963,6.8850524978087,5.067088127136231,5.344281717382952,5.31022834777832,5.726637257258399,4.888885498046875,5.435804562898503
180,4.971569538116455,4.786643778664408,6.492663860321045,5.8668761651432995,3.99588680267334,4.152644322471112,6.396565914154053,6.12829276972938,5.087602615356445,4.402780287814593,5.322039604187012,5.360704072312075,4.356528282165527,4.858564659960109,6.249843597412109,5.823307472341226,6.049044132232666,5.920163610083373,6.850006580352783,7.206586711781609,5.623559951782227,5.601778212589355,4.620502948760986,4.607864296246366,5.4183878898620605,5.291868732317946
181,4.26754093170166,4.870708306491872,4.9755682945251465,5.468697578681232,3.9868013858795166,3.972662359308581,5.617481708526611,5.9413088564183045,5.261176109313965,4.030857194586812,4.712375164031982,5.519962467020692,4.750477313995361,5.415485490360002,5.653421401977539,5.665547503611084,5.739024639129639,5.828164931012155,6.45658016204834,6.703937140837764,5.04117488861084,5.33094692924985,4.909686088562012,5.000042134693594,5.472609519958496,5.4480793685650255
182,4.4235687255859375,5.2957488118415155,5.740208148956299,5.420194871794629,4.245773792266846,4.812534456281588,4.857836246490479,4.652293716110795,5.473121166229248,4.463471697950883,5.152492523193359,5.921635005229257,5.563847541809082,5.726082390794434,5.554239273071289,5.495304937020576,5.512182712554932,5.56130469684123,6.8778886795043945,6.9898819302848985,5.660655498504639,5.589371799175509,4.990068435668945,5.248403130642222,4.7860846519470215,5.112884796899365
183,3.985816478729248,4.267491101190129,5.808232307434082,5.7779479954755315,6.08129358291626,5.700466048465119,5.862228870391846,6.0121622026440695,2.197324514389038,3.9012201115339344,4.896289348602295,4.994353549882839,4.169800758361816,4.327717055675156,5.55171012878418,5.596985644724901,5.516717910766602,5.679270488287226,7.075581073760986,6.926798897239397,5.264558792114258,5.356132269340898,6.282324314117432,5.927615352950463,5.608852386474609,5.488956531442872
184,5.022319793701172,5.070683601651698,5.619339466094971,5.635897042343487,5.0085225105285645,5.793396998804552,5.631743431091309,5.834352605911949,3.486048698425293,4.270649616725299,5.033946990966797,4.950867240418948,4.14667272567749,4.2441699623305205,5.346222877502441,5.443803406459331,5.332048416137695,5.419146498539195,7.06056022644043,6.908115771365571,5.011664867401123,5.162332018703843,5.779965877532959,5.852327906277249,5.009654998779297,5.34494687706364
185,4.2155866622924805,5.287911603032901,4.054882526397705,3.826600677710378,6.154257774353027,5.725682018869742,6.403972148895264,6.108586246541824,1.929595947265625,2.365991681874155,4.699678421020508,5.6899081334760195,5.36299991607666,5.677606367164266,5.561429500579834,5.439654737844876,5.9506516456604,5.888572821856528,7.042355060577393,7.009671630826848,5.062666416168213,5.2402448922151175,6.576787948608398,5.939245033375185,5.758665561676025,5.472593061426324
186,5.160106658935547,5.299634618329043,5.447109222412109,5.422472646915798,4.5194621086120605,5.433500780125687,5.556253433227539,5.742978689357483,2.1462326049804688,3.799245299606866,5.285140037536621,5.321808678428209,4.46075439453125,4.977514665180746,5.362858772277832,5.410087264918286,5.23853063583374,5.324190731521867,5.045387268066406,5.429116955296202,5.262081146240234,5.182912964223276,5.284095764160156,5.549648585592921,4.648607730865479,5.030445065180887
187,4.388547897338867,5.4845572540661855,5.217326641082764,5.135940323093231,5.475314140319824,5.864770263619701,5.642590045928955,5.435365630423106,5.5239996910095215,4.744970273268804,5.120628356933594,5.8324594735353426,5.386783123016357,5.560555411620503,5.2307000160217285,5.110575752294747,5.185665130615234,4.987699385106777,7.012022018432617,6.70121016559863,5.074984550476074,5.086159464004404,5.84425163269043,5.67350686474231,5.397156238555908,5.188517711533183
188,3.8735406398773193,4.360573041544502,5.1149091720581055,5.426844895839095,5.882998466491699,5.582855975839364,5.133340835571289,5.462536806486492,2.2842857837677,4.354939263817416,6.365699768066406,5.978108116742773,5.9023118019104,5.701405051997015,5.128350734710693,5.388690443645472,5.318613052368164,5.529946047567134,6.572981834411621,6.962930008345934,5.403576374053955,5.472846079763504,5.589041233062744,5.686490389038165,4.835630893707275,5.192885695760668
189,5.000061988830566,4.359832963433345,6.441859722137451,6.044128064691467,6.447460651397705,5.526178694855635,6.528361797332764,6.177356137002712,4.907183647155762,3.8447907691035113,4.879688262939453,4.082756208825451,3.975597381591797,3.0978128184103113,6.004843711853027,5.74439464264457,5.995355606079102,5.8583342183857265,6.321903705596924,6.668794778212843,5.300683975219727,5.311830846189596,6.400521755218506,6.023003245931106,5.279247760772705,5.515256016657107
190,6.187487602233887,5.398187173485513,4.927447319030762,5.085560690945571,4.9339599609375,5.29984812933542,5.302696228027344,5.436573022903198,2.4403412342071533,3.9324509060037083,4.556909084320068,5.212949430379002,5.216753959655762,5.264862113990514,4.845869541168213,4.751379886402458,5.270517349243164,5.286964540440518,5.7321953773498535,6.110815558288221,4.828083515167236,4.824360071650461,5.521242618560791,5.589342042239403,5.488268852233887,5.2138678596382295
191,7.408135890960693,5.6348504022518435,4.028628349304199,3.838659938425294,5.36819314956665,5.291636362523213,6.337637901306152,6.07243552440211,2.0137481689453125,3.2588756785781587,5.644337177276611,5.65205215234431,6.003625392913818,5.62029068851113,5.644314289093018,5.445138637248916,5.94871711730957,5.799387799708479,4.960425853729248,5.278225219839482,5.301340103149414,5.416045650828388,4.853987216949463,5.239897906512795,5.598862171173096,5.3085281407766
192,7.858880519866943,5.751534928645399,4.19314432144165,4.568751231422307,6.513646125793457,5.54896021213291,5.97399377822876,5.99262967403604,5.941891193389893,4.395775178075913,6.222768306732178,5.983552208964327,6.37809944152832,5.797893134655199,4.804485321044922,4.8974250298274855,5.760921478271484,5.777616868131339,7.915955543518066,7.0071214678145735,5.367852210998535,5.465453691935107,5.371773719787598,5.504906429252954,4.2972822189331055,4.223807511166067
193,5.196945667266846,5.040669853516819,6.384931564331055,6.046939435603577,5.61167573928833,5.571904229039304,6.494058609008789,6.267190311019498,5.094228267669678,4.296863423947016,3.927277088165283,3.860840907240811,4.215652942657471,4.0100700537530996,5.547835350036621,5.788547793228547,6.077333450317383,5.983937004942977,7.277897834777832,6.966245996745402,5.546002864837647,5.496812033493732,4.93399715423584,5.569329559796448,5.668134689331055,5.577695141340413
194,5.297939300537109,5.190906066718913,6.121017932891846,5.9148826066647615,5.817042827606201,5.368547665567641,5.69822883605957,6.1247473466716915,5.170876502990723,4.406510914247869,4.005215167999268,4.228569158458668,4.36090612411499,4.50409424794454,5.218968391418457,5.613341326115551,5.827352046966553,5.926698594296581,7.333415985107422,7.010402085623156,5.491926670074463,5.511011802756891,4.695151329040527,5.039281781544616,5.5434417724609375,5.429831575496454
195,4.660756587982178,5.158807170785969,4.490736961364746,5.235158503505885,4.352114677429199,4.8101396516424835,6.2443437576293945,6.001607206691297,2.3281939029693604,4.054220124374724,4.888209342956543,5.304905464639861,4.786633014678955,5.2355124479970145,4.985360622406006,5.282832643055743,5.856900691986084,5.808547451177589,6.383026123046875,6.957668491382987,5.610214710235596,5.478560748596546,4.453181743621826,4.033062032338435,4.985031127929688,5.05111763250825
196,3.8209362030029297,3.9573247188233935,5.900977611541748,5.618605159118628,4.745720863342285,5.220377561595926,5.057580471038818,5.344098796484443,2.387385129928589,4.325109745429094,5.672686576843262,5.84384423779914,5.011448860168457,5.595989986358952,5.11757755279541,5.462084052902301,5.689179420471191,5.787773315413568,5.437139987945557,6.5547319699758555,5.507824420928955,5.639802148580683,5.081818103790283,5.490082591815079,5.432590961456299,5.373407524841965
197,4.526946067810059,5.515865830188963,4.422922134399414,4.802244658612203,5.65178108215332,5.722433386334454,5.661074161529541,5.652814767362319,3.317152261734009,4.077900763020942,4.762820720672607,5.19067640506535,4.399789333343506,4.802249351235785,5.221259593963623,5.197941515966063,5.213143348693848,5.234732373675662,5.79112720489502,6.543003846759011,4.7984490394592285,4.855188994822339,5.572168827056885,5.613500033011069,5.406816959381104,5.366933301429627
198,5.197286128997803,4.895396828783993,4.845714569091797,5.480748732616139,3.970313549041748,3.5119799673078482,5.981581687927246,6.052577671572201,5.508021354675293,4.012074707433509,5.342557430267334,5.613831008362492,5.070844650268555,5.523879984602092,5.223508358001709,5.635144113811905,5.844933986663818,5.8138557607488215,4.8067169189453125,4.109422572058837,5.483545303344727,5.543105606466666,5.063196182250977,4.9565458821426205,5.352384090423584,5.41527512097238
199,5.136805534362793,4.667395774121393,6.235762596130371,6.022440998993053,6.311363220214844,5.710330667002244,6.453987121582031,6.210203023093826,4.918102264404297,3.964861067518411,4.067522048950195,4.0302325412087585,4.048027992248535,3.4734693589231984,5.118582248687744,5.493683911357864,6.002788543701172,5.889060089432717,7.175682067871094,6.885970736667889,5.467861652374268,5.365084418027245,6.067764759063721,6.061900605115429,5.500981330871582,5.62195218771108
200,5.14443826675415,5.231509617828617,4.826246738433838,5.3217171113209965,4.0710978507995605,4.370313360467867,5.3939080238342285,5.727972085009741,4.044768333435059,4.210758849264233,5.501044273376465,5.7479496892389985,5.007711887359619,5.552508385319276,5.093419551849365,5.423080662633379,5.329307556152344,5.544590235917566,5.091700553894043,5.926352537292556,5.350211143493652,5.414828384763646,5.107831954956055,5.154869861188254,4.797633171081543,5.178310666716218
201,6.249311923980713,5.3716500505343125,4.444407939910889,5.185481794983091,4.926215171813965,5.120830884175556,6.420531272888184,6.173744133635019,1.847023129463196,1.0320728988973276,4.471962928771973,5.142476644130078,5.21245002746582,5.408157286720828,5.799186706542969,5.698886040786273,6.040916442871094,5.931993614748279,7.703729152679443,7.195565000771836,5.422813415527344,5.519320639771532,4.551976680755615,4.425856384065262,5.519011497497559,5.187894351723729
202,4.237787246704102,4.934187310327444,5.899332046508789,5.638552469798399,4.788266658782959,5.2534499562944825,6.346368312835693,6.061791808024081,4.013040542602539,4.285914086839166,4.250637531280518,4.834173766135393,4.754419326782227,5.136207021604037,4.861445426940918,4.877488142876385,5.931478977203369,5.847946562182532,6.763111591339111,6.899487510609474,5.089569091796875,5.293693642515082,4.758458137512207,5.028709212886359,5.261146068572998,5.371913464153041
203,5.984907627105713,5.8513378532356874,5.392856121063232,5.097847034358543,6.150088310241699,6.0235080818979485,5.590419769287109,5.385320018211989,5.627928256988525,4.796135890206198,6.264290809631348,5.912112345485683,5.480181694030762,5.586991278917343,5.236075401306152,5.049990313931285,5.08212947845459,4.8659143844395505,6.652924537658691,6.9105332227907255,5.157150268554688,5.0043742804033835,5.177479267120361,5.517475876618649,5.305070877075195,5.170640310814382
204,4.317138195037842,5.257512168129988,4.7527947425842285,5.218356525476776,4.6941237449646,5.5587619636071945,5.312907695770264,5.650940842006387,2.3668503761291504,3.861480119578827,4.553642272949219,5.369924750791605,5.213816642761231,5.511155193903079,4.766032695770264,4.604084216686416,5.485684871673584,5.593164906756327,7.022183895111084,6.719116813091121,5.4154052734375,5.358539959616226,5.601137161254883,5.6644178835663865,4.736974716186523,5.204477679627703
205,6.176573753356934,6.085824681066179,3.9412243366241455,3.3380161636712695,4.775112628936768,5.7661443140705435,5.566081523895264,6.022511457142745,2.9131174087524414,4.6129543347228195,6.530587196350098,6.29408781535837,6.002806663513184,6.030556102610858,5.203178405761719,5.3634296226313385,5.793672561645508,5.860036782862279,6.488200664520264,7.2567964749375715,5.786585330963135,5.576203818835996,5.687711238861084,5.863770918304596,4.7210540771484375,5.175126276088878
206,5.589229106903076,5.91095447608402,4.008102416992188,3.608674180496921,6.327911376953125,5.615902771802806,5.216530799865723,5.613858216704834,2.029496431350708,3.412978137067944,5.400975227355957,5.770077454952268,4.7348456382751465,5.4885989791887795,5.492382049560547,5.3580547135135,5.749972343444824,5.725359565270889,7.330021858215332,7.038465294767664,5.225074291229248,5.428192866680778,5.71218204498291,5.717658899599154,5.644676208496094,5.439863576690658
207,4.953140258789063,5.6043792808504715,4.063806056976318,4.2187717552097705,4.313103675842285,5.129932846209622,6.307094097137451,6.086443425787327,5.816768169403076,4.673790100606704,7.498038291931152,5.939160089708543,6.859316349029541,5.7743097321233074,5.335052490234375,5.473786830416175,5.983605861663818,5.861709405468375,8.01688003540039,7.2638082258214665,5.274675369262695,5.473664107170873,4.580812931060791,4.603949544876262,5.460463523864746,5.216470668249432
208,5.139299392700195,4.695978515715137,5.814373016357422,5.755014478576625,6.39250373840332,5.538897680847887,5.846623420715332,5.922184849430028,4.93055534362793,4.084118805218363,4.988345146179199,4.572705873877656,4.069606781005859,3.787887247870913,5.514239311218262,5.537810921343846,5.473201751708984,5.582207766033976,6.833381652832031,6.531145855500692,5.332393646240234,5.25376052550519,6.313594341278076,5.906771039666842,5.664712905883789,5.402493883618801
209,4.757841110229492,5.416284344575092,5.195563316345215,5.333249124080267,4.836373805999756,5.317842673484114,5.557421684265137,5.73653834949081,5.583342552185059,4.227968293927759,6.611239910125732,5.499572542253333,6.043596267700195,5.395417379267697,5.328853130340576,5.450017611930049,5.264290809631348,5.348464582497828,4.787973880767822,4.09171947735838,5.315428256988525,5.215014482738149,5.502066135406494,5.436634581276084,4.293543815612793,4.232228229825121
210,3.829089879989624,4.001699166580847,4.285812377929688,4.97237153226462,4.312943458557129,4.965301783489165,6.448561191558838,6.1697514248046055,5.466246604919434,4.802633071299823,5.784345626831055,6.250501160260944,6.103146076202393,5.942416468291114,5.841799736022949,5.713436636411879,6.23178768157959,6.030200337802137,7.763936519622803,7.2632590067601335,6.093575477600098,5.779776603031825,5.4229583740234375,5.63606280153292,5.59839391708374,5.471997958997791
211,4.6909003257751465,5.136588348758616,4.485211849212647,5.2531730796674365,3.975364208221436,3.858931466795191,5.520882606506348,5.956652270835484,2.930327177047729,4.404086370629485,5.213114738464356,6.011806567341048,4.770622253417969,5.647838591129046,5.579472064971924,5.748570348257886,5.636181354522705,5.875395590227611,5.735686302185059,7.16899077086413,5.608154773712158,5.679317779769388,5.0011982917785645,4.973446000160056,4.990752220153809,5.320466671407894
212,3.971222400665283,4.3875928401652695,5.706650257110596,5.486646468894173,4.65459680557251,5.378406604943272,5.965755462646484,5.944730395274514,1.963699579238892,2.851697983963518,5.272273540496826,5.684247512914305,4.756625175476074,5.445406504168725,4.753420829772949,4.610543033112974,5.586988925933838,5.714527159297985,7.376490116119385,6.975915309491511,5.463526725769043,5.438399956037545,5.37757682800293,5.605810211087418,5.130123138427734,5.361250179808977
213,4.595373630523682,5.428280888785288,5.510548114776611,5.520256859550383,5.520384788513184,5.380992445199465,5.080668449401856,5.372648954680504,5.276336669921875,4.302410511473635,5.0853376388549805,5.617494094691678,4.641459465026856,5.309573723575785,5.52878999710083,5.607902532221452,5.4773149490356445,5.637130179388368,6.741512298583984,6.835751063807482,5.175268650054932,5.442099701204952,5.591162204742432,5.4276635566665075,4.217775344848633,3.873758851120138
214,4.549870491027832,5.40290923540031,5.586367607116699,5.319378954577782,4.9138503074646,5.346959256879567,4.8503947257995605,4.531506671090387,2.792950391769409,4.07352116988944,4.814715385437012,5.55017842433597,5.0541605949401855,5.493045766482243,4.869331359863281,4.938406589636308,5.462575435638428,5.473909961934536,5.414200305938721,6.35125457370699,5.078217029571533,5.322995659345963,5.077177047729492,5.428872799768311,5.453621864318848,5.333545006518672
215,5.093480110168457,5.000294050062189,5.416059970855713,5.867132143205274,4.7806172370910645,5.490950491754115,5.443457126617432,5.89708127780664,5.03870153427124,4.033270675615922,3.929661989212036,3.841249743211056,4.221399307250977,4.012610232702922,5.906030178070068,5.7562972226279605,5.857247352600098,5.90854478774044,7.13323974609375,6.7404576302734425,5.606564998626709,5.496332045676414,5.82649040222168,5.9755895331420765,5.7660088539123535,5.5976955600495995
216,3.814728021621704,3.870475827774351,6.3347368240356445,5.782871276460535,5.720529556274414,5.286085403548781,6.490154266357422,6.13023246164165,2.781996965408325,4.243620529854161,4.883570671081543,5.306034405945004,4.3442158699035645,4.80810784887449,5.726000785827637,5.761719805941422,6.063558101654053,5.944617071908301,7.338719367980957,6.915717385215535,5.23087215423584,5.536811832146122,5.468301773071289,5.623017275809147,4.459752559661865,4.82600720794198
217,3.745542764663696,3.481811673859175,5.077492713928223,5.6214948378406335,6.154898643493652,5.354425462770485,5.062333106994629,5.332023631371707,5.747181415557861,4.745132481601395,7.004570960998535,6.1164671804232364,6.610246658325195,5.810573992893001,5.923146724700928,5.640211665557245,5.924096584320068,5.862481026992055,8.02356243133545,7.11584619064281,6.159089088439941,5.755339330259903,6.196145057678223,5.7990794515391855,5.581586837768555,5.428025612174652
218,3.823155403137207,3.7217251134855154,6.222023010253906,5.66115395312484,4.438408851623535,4.843425741018109,5.861325740814209,6.063957893601399,1.971550226211548,3.074681286654807,4.562396049499512,5.507153748662592,5.094458103179932,5.5032615882270495,5.904611587524414,5.751909005441067,5.890111446380615,5.979629620108536,6.645567417144775,6.703433320551818,5.346179485321045,5.645715477898281,5.308969497680664,5.539926898826648,4.971797466278076,5.286132001836817
219,4.584572792053223,5.104752696166459,6.385249614715576,5.8687926952999945,4.058259963989258,4.110527826014759,5.882463455200195,6.149654081941101,5.4091410636901855,4.665329249546771,4.16380500793457,5.099047621589281,5.171646595001221,5.478366614350625,6.194613456726074,5.907734742212121,6.188305377960205,6.044299829473859,7.460816383361816,7.099929054364867,5.952318668365479,5.777849399178225,4.858794212341309,5.066574544898045,5.397438049316406,5.433079698988416
220,5.989617824554443,5.8383857438641655,4.390227794647217,5.1646275534105675,4.816200733184815,5.769803962218362,6.404422283172607,6.336927644690644,2.0222928524017334,3.4378864083625404,3.9109935760498047,4.196078218930108,5.061378002166748,5.179680286329073,5.896002769470215,5.817446713572758,6.234213829040527,6.098475689411073,7.551061630249023,7.110778844904554,5.8396501541137695,5.673775133286721,5.821027755737305,6.098660038985827,5.189187526702881,5.654689057183153
221,4.34671688079834,4.684996134450808,5.10393762588501,5.754566033909254,5.4170756340026855,5.36260146890294,5.705030918121338,5.9930271086852365,5.100253105163574,3.9966105377023973,4.153053283691406,4.365874385907727,4.212343215942383,4.118253124739366,5.549075603485107,5.705946025161276,5.79637336730957,5.867018470293579,7.058890342712402,6.508955040186565,5.508371353149414,5.467852357101302,5.748661994934082,5.794056634591054,4.564476013183594,4.924377507728775
222,7.176268100738525,6.104106217854947,3.897209882736206,3.015618349044166,6.887978553771973,5.82872318977267,6.327657222747803,6.078662638316637,6.150622367858887,4.625889592085178,6.754069805145264,6.223045258898821,6.236223220825195,5.97519406114629,5.4883646965026855,5.342594611282131,5.880116939544678,5.839979740370348,7.548749923706055,7.047319935528137,5.255471229553223,5.465825806559581,6.2059855461120605,5.94810939360345,4.897777080535889,5.260351969742625
223,5.679417610168457,5.283975703548821,5.86353874206543,5.533743530189368,3.946519374847412,3.9192649290412924,5.828444480895996,5.950873715857339,5.636971473693848,4.364243843061116,7.003219604492188,6.028148287729689,6.504044055938721,5.807219083706726,5.599884033203125,5.734122576626512,5.591666221618652,5.76535646441599,7.598355770111084,7.0156524593255485,5.579805374145508,5.601512966119759,4.963210105895996,4.832355779716061,4.406617164611816,4.699993304350935
224,5.398396968841553,4.9677649431430435,6.160666465759277,5.61984846602206,5.817794799804688,4.691136361306133,5.514094829559326,5.877154386401367,5.322299003601074,3.9697256631921567,5.385011672973633,4.859516596080455,4.5829668045043945,4.809659133117837,5.863615989685059,5.649634545823211,5.719616413116455,5.700281412703767,4.758363723754883,3.9995625255266134,5.226824760437012,5.3034414573513535,4.513316631317139,4.286873288442192,4.461124897003174,4.652113224788807
225,5.47501277923584,5.161304061085086,4.897958755493164,5.1688943426450855,4.770922660827637,5.018621266399599,4.9516119956970215,4.962447797329953,1.82230281829834,0.010232869945479676,6.303162574768066,5.386431430206011,5.716688632965088,5.422446772938436,4.951360702514648,5.170664303381733,5.552104473114014,5.55406566502644,4.906848430633545,4.919132018579753,5.217442035675049,5.366251433454525,5.320284843444824,5.467647135250458,5.307389259338379,5.234459674253712
226,5.045462131500244,5.089779418754587,4.310206413269043,5.017255532323489,4.09850025177002,4.420345900668053,6.092175006866455,6.067465874208301,5.172472953796387,4.354910347225515,5.097616195678711,5.700897433249975,4.484179973602295,5.254548790790981,5.426341533660889,5.66839289111332,5.636017799377441,5.868117341082042,5.611613750457764,6.884267935154304,5.494913101196289,5.592732432892061,5.1902384757995605,5.3351085137806065,5.444784641265869,5.4058341556404566
227,4.241272926330566,5.060545800419394,4.609585285186768,5.153695691747552,4.409942150115967,5.007824387671368,5.017391204833984,5.170047144831195,3.104917526245117,4.143118256846528,5.773363590240479,5.627394672110042,5.720613956451416,5.516925274571136,5.352195739746094,5.428069782289709,5.312908172607422,5.453583638106912,4.810103416442871,4.484354473028174,5.088100910186768,5.329929120636864,5.351899147033691,5.518553905303307,5.157451152801514,5.338821086058528
228,5.106696605682373,4.529114825595039,6.372750759124756,5.925537549117465,6.319029331207275,5.555549833708179,6.507830619812012,6.176424440800227,1.903975009918213,2.043836333883216,4.308053970336914,4.188413354111105,4.039121627807617,3.487601498783166,6.088293552398682,5.768695743912384,6.058289051055908,5.883456881540062,7.158002853393555,6.802493953229108,5.608011722564697,5.368254303357051,6.136529445648193,5.921154070739223,4.802649021148682,5.300427012308729
229,6.939610481262207,5.551288808917173,5.532644748687744,5.336948683722026,6.019924163818359,5.567065348135965,5.750133514404297,5.732553196590791,1.873727321624756,2.256084463040203,4.708277702331543,5.492408530647865,5.3641862869262695,5.476355510260855,5.337197303771973,5.368122952093847,5.286413669586182,5.336041963360945,7.149831295013428,7.01996543329513,5.3167924880981445,5.247684358265152,4.718199253082275,4.960159720029255,5.328244686126709,5.148266665324309
230,3.938359498977661,4.0879450151694074,6.47410774230957,5.773369426514186,3.973922729492188,3.711498956815556,6.498449325561523,6.126100184503725,5.42323637008667,4.603129923515006,6.0184760093688965,6.168564847986025,5.430098533630371,5.866586944572342,6.320805549621582,5.870407480215665,6.13651704788208,6.00727765061995,5.462368011474609,6.857302683008868,5.9071197509765625,5.803396319760576,5.082637310028076,5.035718670955978,5.552371025085449,5.398446479488207
231,7.030079364776611,5.600631221358431,5.608922004699707,5.27264380314392,6.158549785614014,5.386849938389014,4.881078243255615,4.7585089864830925,4.293104648590088,4.477128727644278,6.523976802825928,5.7223028230401765,6.144949436187744,5.5465102798929475,5.303317070007324,5.279927959204054,5.201640605926514,5.244120807770565,5.195467948913574,6.164778769203047,5.169262409210205,5.283525686064141,4.778803825378418,5.049617894528312,5.330087184906006,5.160790464374511
232,5.502832412719727,5.550104876721065,5.556247234344482,5.429401125423138,6.591684341430664,5.706676886419458,6.0515313148498535,6.028554335142494,1.972350716590881,2.2587843512635595,4.008067607879639,4.131329966740075,4.983384609222412,4.925760504521615,4.878246307373047,4.8222392628292,5.613946914672852,5.722413444345765,6.135725975036621,6.598032038941538,4.881063938140869,4.652143240550574,6.484925270080566,5.956120491006511,5.665623664855957,5.594408263452293
233,4.034206867218018,4.398489975278898,4.387032508850098,4.988242687983174,4.094069004058838,4.197654627877629,6.309581756591797,5.973601346903577,5.406502723693848,4.266394948719479,5.001986503601074,5.815121385500224,5.529897212982178,5.6717747252483655,5.488137245178223,5.656315419302124,5.991499423980713,5.935261133518628,7.470646381378174,6.872435488142422,5.335002422332764,5.655420090313249,5.167529106140137,5.224331861707868,5.186824798583984,5.288439550410051
234,4.329438209533691,5.215327861296748,5.88670825958252,5.7578527767560965,5.2311835289001465,5.324234128945305,5.530064582824707,5.989869165345531,2.7671453952789307,4.558860887974082,4.131006717681885,4.7012381654731294,4.827371597290039,5.171921240707964,5.274241924285889,5.614488912889239,5.527488708496094,5.816891433112169,6.252150058746338,6.987021602920048,5.265810489654541,5.517896672317702,4.64502477645874,4.822459611110016,5.458680152893066,5.330356356731268
235,5.668350696563721,5.229755742443076,4.389921188354492,4.955240952700412,3.980043172836304,3.8582727754772552,6.126288414001465,6.026697259113123,1.9551024436950684,2.9277289911007527,6.383660793304443,6.020997498436622,6.050153732299805,5.764652179305438,5.53373908996582,5.626169726486212,5.661907196044922,5.826842202506072,6.418753623962402,7.123763318902502,4.939540863037109,5.1235239385637845,5.045766830444336,4.983604707716742,5.438992977142334,5.3500278537485695
236,4.166162490844727,5.02608420865702,4.891219139099121,5.639714441778098,5.483946323394775,5.754798787443926,5.569667816162109,6.096269041609806,1.8942168951034544,1.5611728826282982,4.011224746704102,4.511495341690829,4.9785261154174805,5.238244705098744,5.656174182891846,5.784790196288906,5.74905252456665,5.974901283846339,7.4641265869140625,7.070364665292052,5.594460487365723,5.63144843034286,6.248054504394531,6.022943462820919,5.833670139312744,5.616694483490721
237,3.6796133518218994,2.7017045161431525,6.322625160217285,5.7665867098338826,4.693508625030518,4.971906509751059,6.309243679046631,6.111688819371804,5.684506893157959,4.737393040015571,6.556742191314697,6.030183256290019,6.324742317199707,5.73357287297571,5.371756076812744,5.66048718171062,6.115052223205566,6.041511504360849,7.639638900756836,6.7840359693108985,5.40205192565918,5.741544800306067,5.759052753448486,5.730600201137127,5.529526233673096,5.403725736526926
238,5.299075126647949,4.952505667532809,5.596675872802734,5.689192743671925,3.85369610786438,3.0742953189982694,6.327463626861572,6.079519418055502,5.622583866119385,4.4699567265222955,7.438841342926025,6.258794428292081,6.953099250793457,5.982021622240161,5.327580451965332,5.780554100836028,6.112815856933594,5.957192325050586,8.046326637268066,7.291489209309609,5.947885513305664,5.778608643212066,4.911129951477051,4.6422557682771926,5.515317440032959,5.371255304423689
239,3.8700473308563232,4.106635792917255,5.032840251922607,5.735085154884149,4.521413326263428,4.9479355607460835,6.243908405303955,6.1379059570683845,2.026909351348877,3.777588373689698,5.09210729598999,5.544064552714754,4.690558433532715,5.314483497415477,5.577586650848389,5.727889330896569,6.068460941314697,5.95546778403569,7.734513759613037,7.1580565417716056,5.471090793609619,5.628119559701657,4.5440521240234375,4.507774834124422,4.894808292388916,5.130526741454276
240,6.157205581665039,5.626450762759806,5.3568220138549805,5.036571122446169,5.031589031219482,5.644775567636677,5.557225227355957,5.37068473360681,5.673738956451416,4.412851444074475,5.984348773956299,5.58798626272861,5.84912109375,5.412340376410165,5.373744010925293,5.064899506649403,5.168059349060059,4.962267170127426,6.06370210647583,6.358507839191668,5.109477519989014,5.024127702798682,4.966803073883057,5.2538109701776,5.287541389465332,5.097394773161551
241,6.482175827026367,5.555490394416306,6.2196855545043945,5.731968315482517,6.782663345336914,5.762964630257245,6.732915878295898,6.160495153581051,2.2444207668304443,3.688966924799343,3.855712890625,3.497401022787608,4.974841594696045,4.7762219739747565,4.94049072265625,5.044931216841032,6.1970391273498535,5.976342618121942,5.920212745666504,6.48850385961881,5.343300819396973,5.475717308594927,6.725865840911865,6.084170086526814,5.414731502532959,5.6568820287943105
242,5.609898090362549,5.324722773003023,6.276614189147949,5.537564846884297,4.111865520477295,4.50208020234615,6.445742607116699,6.0307686774171945,1.9646981954574585,2.8971913781211165,5.802512168884277,5.559473372835548,5.578797340393066,5.499001505382788,6.066964149475098,5.746173263807276,6.149731159210205,5.844022328782621,8.020036697387695,6.933682058000749,5.408435344696045,5.49486091564446,4.5209150314331055,4.162532849552284,4.257675647735596,4.113898664088079
243,3.756375312805176,3.698235784320417,5.482794761657715,5.752942278718565,4.947601318359375,5.220531827703692,6.561128616333008,6.128866344544641,5.2890825271606445,4.556871070114132,5.564194202423096,5.8080200564141045,4.758359432220459,5.458021286208786,5.925838947296143,5.785872765365545,6.057215213775635,5.982704015568216,5.932955741882324,6.880572027539147,5.158548355102539,5.53634665093307,5.648903846740723,5.604398747098732,4.358609676361084,4.486971172828404
244,4.184356212615967,4.428274400605497,6.016538619995117,5.715799097122208,4.236485958099365,4.739623330763592,6.085881233215332,5.97744212302289,2.979827880859375,3.9226413247210403,5.130877494812012,4.968171923476701,4.265852451324463,4.467289236554519,5.7786545753479,5.694898304982732,5.617089748382568,5.792812544065972,5.405881404876709,6.39126470048892,5.514796257019043,5.467293576339098,5.011908054351807,5.32337876117006,4.694919109344482,5.088877457816736
245,5.4499359130859375,5.768835367503733,4.476955413818359,4.959629216857658,4.919561386108398,5.966042441772501,5.268488883972168,5.44653487188015,3.6801445484161377,4.684768492240029,5.149721622467041,5.833018725875332,4.73003625869751,5.4459297252490515,5.148219108581543,5.141768841877231,5.172192096710205,5.049781768751214,7.14341402053833,6.968781983356789,5.175151348114014,5.102525937537511,5.703052043914795,5.7150841695001375,5.369585514068604,5.2628584610419935
246,4.071963310241699,4.865444681326223,4.39108419418335,4.942779101893962,4.888641357421875,5.3517155745383596,4.899617671966553,4.749408299477811,3.271212577819824,4.188373322520216,4.918762683868408,5.661211227083585,4.765859127044678,5.426499942916819,5.596029758453369,5.419727816266454,5.6725754737854,5.623301523690583,7.323268413543701,6.851821909547085,5.714392185211182,5.5628161711923605,5.752376556396484,5.701733330592185,5.552248001098633,5.318262669635296
247,5.9207048416137695,5.641986968180194,4.469282150268555,5.0431897728062065,4.745197772979736,5.552712475737947,5.183468341827393,5.457204764411678,5.410195350646973,4.224990346670298,4.188157081604004,4.897431658120974,5.09023904800415,5.334679386611003,4.875802040100098,4.98129311824057,5.511965274810791,5.674717079953543,6.990320682525635,6.811538494897391,5.448548316955566,5.461291526750608,5.734634876251221,5.805297204950367,5.63697624206543,5.491476894367447
248,5.27329683303833,5.034591044885721,6.1710205078125,5.629301196973452,5.348536491394043,5.435003323572007,6.46696662902832,6.1060905932741,5.1094160079956055,3.4726413229564495,4.01710844039917,3.621785836629236,4.315019607543945,4.018573367289923,5.031914710998535,5.186986324004897,5.901890754699707,5.7346846072571465,4.810870170593262,3.626621508428465,5.00031042098999,4.99373961720626,6.094645023345947,5.95648724018931,5.933090686798096,5.6859596185334205
249,7.285429954528809,5.581630875741877,5.578688621520996,5.081719422091818,6.033278465270996,5.2380557094317615,4.81958532333374,4.366151086824535,3.871150016784668,3.8549229789126027,5.269047737121582,5.307705165344684,5.620214939117432,5.310415041165493,5.101393699645996,5.193311993243652,5.267693996429443,5.207042110104429,4.77155876159668,3.854467170436635,5.198937892913818,5.22149437420305,5.543964862823486,5.5071972296536345,5.491117000579834,5.327884504396988
250,3.7316582202911377,3.130892934354312,6.584665298461914,5.746740109291052,4.534979820251465,5.085031284751924,6.41489839553833,6.223065316983542,1.850265622138977,1.1305256783886253,6.2364349365234375,5.997223755430518,6.279245853424072,5.789692138368835,6.125499248504639,5.831845430008938,6.389631271362305,6.086309852467104,7.947708606719971,7.1958940913282605,5.782426834106445,5.776640251595789,5.6235032081604,5.682148141160689,5.504671573638916,5.433639194594779
251,6.010889053344727,5.885956081700675,4.029273986816406,3.895043871631952,4.374011516571045,5.442439328674862,5.900160312652588,5.968768005160178,2.190986156463623,4.180332420283326,6.854438781738281,6.263837154090554,6.40434455871582,5.9760106056891855,5.396583557128906,5.397218680175818,5.462878227233887,5.6705304891219255,7.517206192016602,7.292973171023441,5.471147537231445,5.48921453914702,5.416419506072998,5.678631630512751,5.482768535614014,5.405561375538276
252,3.935501098632813,4.336226468478897,4.556900978088379,5.256456066560339,5.001086711883545,5.365794676088558,6.363183498382568,6.066610347647364,2.961945056915283,4.176755191118602,4.291393756866455,4.9638509897702985,5.1172871589660645,5.294966871133818,5.668638706207275,5.691631593418587,5.914740085601807,5.962437673143786,5.572905540466309,6.245504410102449,5.527097225189209,5.625032110548136,5.539941310882568,5.732116086691055,4.611937046051025,4.997886435602655
253,4.43330192565918,5.3542116191359455,5.667866230010986,5.313116066817471,4.412590503692627,5.090124988677088,4.813801765441895,4.441179315006303,5.571433067321777,4.399739666875385,6.842875957489014,6.025002541755886,6.354536056518555,5.769751882326094,4.887708187103272,5.061654587436151,5.422316074371338,5.458177876556559,6.843105792999268,7.100852753780091,5.202342510223389,5.482404322754442,5.402394771575928,5.480576031696524,5.487390041351318,5.305353612515594
254,5.100135803222656,4.962201178630697,5.692227840423584,5.739365713571244,3.910094022750856,3.556157098503435,6.020572185516357,6.0424467903248855,4.371903896331787,4.639264602897171,5.65470552444458,6.11498142351727,4.756463050842285,5.691803694506867,5.749411582946777,5.8223549226047195,5.6271562576293945,5.862511072930356,7.525424003601074,7.384787140761051,5.574367523193359,5.7062683608538505,4.839386463165283,4.796432880666377,5.241938591003418,5.312408399492869
255,4.915366172790527,5.210082172798857,5.912911415100098,5.58090567036058,3.9943230152130127,3.9380512122427906,4.9683051109313965,5.1143067808627025,5.550404071807861,4.583392136160352,6.175894737243652,6.260447854380063,5.597379207611084,5.9292130492650434,5.306157112121582,5.639206639908196,5.690155029296875,5.7425190413750595,7.813117504119873,7.386235018866739,5.779268741607666,5.726809757685267,5.073090553283691,5.023429485574028,5.456057548522949,5.31481791517329
256,4.470704078674316,5.228590793051202,4.579008102416992,4.9868597166342,5.059654712677002,4.9675058280342075,5.352481365203857,5.649643528242198,5.727835655212402,4.072974766594658,6.175209999084473,5.470246956461748,6.141882419586182,5.4383151682567155,4.738722324371338,4.467818127142962,5.579084396362305,5.614792571019132,5.462070941925049,6.433514127434734,5.602275371551514,5.353743102534293,4.647217750549316,4.524081837522553,5.459272861480713,5.202568656589358
257,4.29547643661499,5.229336351321733,6.063243865966797,5.644886135792501,4.896960735321045,5.564370507299248,5.703537940979004,6.051951152575125,2.433943033218384,4.001101641541283,3.9979772567749023,4.241668828227912,4.997973442077637,5.082353124907848,4.919029235839844,5.018049875281611,5.912054538726807,5.924964472853347,5.813540935516357,6.6733375860002315,5.52104377746582,5.53039947268034,5.731626987457275,5.871981650853971,5.1086039543151855,5.577442006876519
258,4.105507373809815,4.001731411031811,6.46873950958252,5.805618038927655,5.406383514404297,5.461802412673092,6.554090976715088,6.07170492831874,3.5123186111450195,3.55111468145503,5.089306354522705,4.220856835379597,4.200027942657471,3.5383544358267964,6.235569953918457,5.635890664719121,6.117283821105957,5.8117960834450235,5.91741418838501,6.203881901355403,5.118249416351318,5.152627663699953,5.812543869018555,5.903181402636297,5.89888858795166,5.541175961050046
259,4.91855525970459,5.477947470678262,5.193100929260254,5.505668918133458,4.537637710571289,5.007927474731161,5.86859130859375,5.85920252213968,5.478234767913818,4.575733460607622,5.666231155395508,5.9145184235697315,4.943207740783691,5.600849536311391,5.592072486877441,5.608424989588332,5.347674369812012,5.579543437510483,7.564130783081055,7.010037249345724,5.395420551300049,5.452445389819961,5.08066987991333,5.191923290828782,4.248540878295898,4.128528015300792
260,3.732529163360596,3.200677702622615,6.29127311706543,5.840994779663309,6.426647186279297,5.416512612699347,5.3750481605529785,5.823852009851419,5.350449085235596,4.643839349361903,5.335702896118164,5.736808576825901,4.548331260681152,5.275708071692366,6.171281814575195,5.737033538102237,5.976149559020996,5.9622770941956285,7.70934534072876,7.108439744211412,5.830530643463135,5.714809832779742,6.5495285987854,5.885296024814025,5.887402057647705,5.503428854898498
261,5.256964683532715,5.336607379728662,4.839017868041992,5.573489683429301,4.380138397216797,4.818953899967058,5.38814640045166,5.845781476714586,3.7043297290802,4.6077435556022905,4.907753467559815,5.503964007247452,5.017024040222168,5.425999716241372,5.646162986755371,5.667751061521671,5.576169490814209,5.775581892783405,6.737270355224609,7.095821500211746,5.470056056976318,5.537750783496516,4.462982177734375,3.9925017979895134,4.416165828704834,4.498448016464453
262,5.682465076446533,5.610466561723072,5.59647798538208,5.275856524486161,5.580672264099121,5.317023845679239,4.976203918457031,4.918597553695057,5.612383842468262,4.465475796113256,5.92649507522583,5.847244517285489,5.393319606781006,5.584618331683485,5.388047218322754,5.373594035311936,5.303193092346191,5.36646469899976,6.877479076385498,6.696307379895272,5.424098014831543,5.399666530451915,5.596736907958984,5.413298694307716,4.3817338943481445,4.356665653886949
263,5.818199157714844,5.491201154158466,5.651467323303223,5.24993971764871,4.880544662475586,5.182054618452078,4.931674480438232,4.314556054558067,2.510082721710205,3.985127315444499,5.540261268615723,5.864597025183265,5.475727558135986,5.676295221279926,4.856217861175537,4.779704152756316,5.676167964935303,5.44426359818348,7.153275012969971,7.025735824718745,5.377048015594482,5.45704135819882,5.616656303405762,5.514869825868991,5.599676609039307,5.298605953191765
264,3.967181205749512,4.547837307709362,6.445451736450195,5.774163337519102,4.641401767730713,4.888829248809672,6.691281795501709,6.140018076749783,5.495076656341553,4.59133390001832,4.836580276489258,5.744625004109023,5.450801372528076,5.6732097590441315,6.210687160491943,5.857083318954474,6.248212814331055,5.990787121193118,6.404336929321289,6.933019182994613,5.943782806396484,5.718839819775813,5.181540489196777,5.313786085059649,4.303339004516602,4.220336391500091
265,5.2648444175720215,5.289048400919178,6.103814601898193,6.093395866081897,5.632362365722656,5.885699505453598,6.492452144622803,6.3375178136310675,5.060072422027588,4.350846132020566,3.783788919448853,3.371837700925637,4.254772663116455,4.023413920365926,5.530589580535889,5.83161942771825,6.008159637451172,6.051008067183597,7.201771259307861,6.919518821761079,5.559494495391846,5.544464482364994,6.511021614074707,6.242127108316771,6.067429542541504,5.794630924781481
266,4.12778377532959,5.043869690787825,4.057761669158936,4.113427258137886,5.804097652435303,5.671877928853568,6.14256477355957,6.130163165855226,3.7214674949646,4.511746281757481,5.211156368255615,5.738641646567624,4.503146171569824,5.301880585479925,5.656606197357178,5.513348332451783,5.994601249694824,5.909571055341806,7.224323749542236,6.977106915864571,5.650054931640625,5.5638000016580955,6.064491271972656,5.978103833919438,5.743112087249756,5.483780986566684
267,4.336478233337402,5.076324052145238,5.67979621887207,5.49112751427667,4.03806734085083,4.477688619839601,5.784757137298584,5.799359136203431,5.386361598968506,4.771875826237819,6.899745941162109,6.205662651156786,6.105424880981445,5.850464740815143,5.423370361328125,5.540132165970278,5.347273349761963,5.511471217341025,7.411803245544434,7.229155511099132,5.37162971496582,5.48815446560868,5.103710174560547,5.167842938494476,5.330589294433594,5.284509327650321
268,4.731829643249512,5.523689016942123,4.543107986450195,5.114451015027077,4.3226518630981445,5.41300828434617,5.546845436096191,5.664002980922093,5.33523416519165,4.568708649957503,4.893214702606201,5.74575074223946,4.706111907958984,5.420805511951061,5.144959449768066,5.287033574187261,5.249190330505371,5.2865644869830275,7.17080020904541,6.957175968539878,4.938847541809082,5.1861363728731185,5.07371187210083,5.422835600612463,4.888668537139893,5.187734352871806
269,6.9411821365356445,5.429456529175752,5.631473064422607,4.921389161319614,6.770294666290283,5.652335964005915,5.67608642578125,5.314602876951261,1.9089434146881104,2.1762412891605676,7.037700653076172,5.477586961698713,6.465033531188965,5.330296362455035,5.328911781311035,5.061053454993633,5.200010776519775,4.96896294902921,6.971896648406982,6.304577137676583,5.261300563812256,5.036135701102329,5.888731479644775,5.531413689341113,5.471540451049805,5.040969983627247
270,4.524506092071533,5.349495258811022,4.5026469230651855,5.099315945729268,4.63584566116333,5.347027438293196,5.357487201690674,5.652566024021275,2.353405237197876,4.225389705494336,5.0392608642578125,5.696513250424097,4.712983131408691,5.3800728990029905,5.1139817237854,5.336199961122744,5.282198905944824,5.442565109925187,5.499051570892334,6.539015080092089,4.999844551086426,5.29311901088428,5.49955415725708,5.556329334717264,4.51866340637207,4.742506419337487
271,4.692477226257324,4.436970702145925,6.486805438995361,6.000724878543157,4.551938533782959,5.26196542760955,6.478574275970459,6.202554643246377,2.1587538719177246,3.393684703268946,4.896401405334473,4.298717221079949,4.035802364349365,3.481981548647256,6.117966175079346,5.778581469960585,5.972049236297607,5.859493393975145,5.128001689910889,5.989979947208747,5.603233337402344,5.3537102781403165,5.482088565826416,5.850529254283633,5.582939147949219,5.560184235451466
272,4.589865684509277,5.1184868291642145,6.425352573394775,5.6914678892657,4.682687282562256,4.778433262721485,6.610602378845215,6.100257687708332,2.579396724700928,4.045222260142594,4.46458101272583,4.736225440215563,5.239255428314209,5.1190321532433956,6.245686054229736,5.737831411508771,6.139854431152344,5.821416708611547,4.87097692489624,4.421985994549521,5.594977855682373,5.4417602735218615,4.548550128936768,4.290631072020458,4.480635166168213,4.698564888323681
273,5.1858978271484375,4.8404435406320765,5.55700159072876,5.828333373975456,5.742117404937744,4.912025550980177,6.194673538208008,6.09031231829004,3.753403186798096,4.281316478822876,5.10719633102417,4.8188934437810325,4.257198810577393,4.397999855856159,5.814620971679688,5.674984342980503,5.891664981842041,5.822998984337525,7.404905319213867,7.0308909294416715,5.062765598297119,5.265643920301124,4.426125526428223,4.115945723779138,5.441630363464356,5.131585669476587
274,4.287403583526611,5.207662840488682,4.044621467590332,3.8463304522009105,6.1950201988220215,5.548371775504077,6.598155498504639,6.148355411640345,1.9224646091461184,2.220440195432333,7.245548725128174,5.675001721679252,6.599061965942383,5.6496247534341695,5.723225116729736,5.487920759808777,6.097531795501709,5.824514442581109,4.824789524078369,4.366444560078751,5.473982334136963,5.441385938555865,6.403449058532715,5.909062979344352,5.877598762512207,5.505613452549978
275,3.801658153533936,4.0980083727708125,5.618531227111816,5.364322823549405,5.660206317901611,5.567235987264867,5.755251407623291,5.77597096999472,5.502396106719971,4.5913263794700185,5.798132419586182,5.840843008802979,5.075434684753418,5.511327029829612,5.36176061630249,5.370069719151254,5.351004600524902,5.468854658403787,7.34271240234375,6.878336053386373,4.852214336395264,5.086638643155674,5.705507755279541,5.690112216952881,5.437750339508057,5.359653737104091
276,5.085282325744629,4.4170548121899715,5.28519344329834,6.048975717444035,6.651175498962402,5.685311561469289,6.429532527923584,6.216207397663319,4.8524250984191895,3.874088685525649,4.623196601867676,4.091572819934945,3.957665205001831,3.0689546075584837,5.599313735961914,5.732470040439111,5.946060657501221,5.865572438272541,7.176133155822754,6.895765508025073,5.254793167114258,5.308112964498943,6.751420974731445,6.077264649327572,5.923243045806885,5.608753113184302
277,6.986659526824951,5.756644152130171,5.441298484802246,5.19382688270478,6.177967548370361,5.788954216943858,5.6505961418151855,5.485498353889372,4.043097496032715,4.766956492922586,6.806832790374756,5.855732697457984,6.13689661026001,5.577995440165159,5.1713151931762695,5.144308751008002,5.128540992736816,5.017646208540721,6.944980144500732,6.968362176825811,5.224013328552246,5.091278241567362,4.799645900726318,5.136045453436304,4.85981559753418,5.047583482219152
278,5.099152565002441,4.406472128684881,6.425971508026123,6.110296681155897,6.770912170410156,5.691194267681627,6.491852760314941,6.226416687989724,4.90823221206665,3.8819977115274957,4.334423542022705,4.026561869004678,3.953782320022583,3.0291461076375135,6.017767429351807,5.772332188805311,6.014533042907715,5.875313168664093,7.171407222747803,6.895713523231279,5.550961971282959,5.327694222305546,7.026738166809082,6.090486760337478,6.025737285614014,5.61784328248465
279,6.321768760681152,5.730780871106175,5.287130832672119,4.892397769310575,6.36138391494751,5.97118525268225,5.59450101852417,5.260220720989781,5.711204528808594,4.210551594196434,5.338346481323242,5.507390353983235,5.542460441589356,5.369254101895715,4.930361747741699,4.820725445783315,5.139086246490479,4.82511437105256,6.924117088317871,6.343725722267329,5.167579174041748,4.918378983456682,5.856855392456055,5.607347918733794,5.405895709991455,5.170272049660053
280,7.054957866668701,5.542382716009245,4.721939086914063,5.126041290421338,5.598841190338135,5.266848710357267,5.734073162078857,5.64346729398057,5.6665568351745605,4.439420550196384,6.188711643218994,5.531159260949101,5.972609519958496,5.3470932667252615,5.230063438415527,5.193529701668138,5.261516571044922,5.248398808721343,7.399951457977295,6.845392545895288,4.725355625152588,4.5642288045284305,4.529276847839356,4.449344768874144,5.246935844421387,5.044234858742704
281,3.911596536636353,4.05241552356223,5.285614967346191,5.689244693084833,4.275199890136719,4.643421993766125,6.086732864379883,6.086127380417695,5.330937385559082,4.234924771418103,4.643129825592041,5.3670027692119255,4.55265474319458,5.144113021091187,5.206729412078857,5.578323480852641,5.70554256439209,5.876873737037829,5.032463550567627,5.428742538507291,5.525528430938721,5.56821970421647,5.319896221160889,5.49813989004318,4.966907978057861,5.3686832558400726
282,5.762210369110107,5.385323437661,5.675633430480957,5.280369572988781,6.268558025360107,5.166763050017603,4.910025596618652,4.740037686275319,2.4890146255493164,3.782375198884041,5.673890113830566,5.549203917617768,5.027294635772705,5.372665476488514,5.020102024078369,5.294482863644602,5.587884902954102,5.546086785907492,6.691391944885254,6.612248235622041,5.088259220123291,5.355815833629412,5.485596656799316,5.339695466334506,4.293138980865479,4.084276065904424
283,3.7649972438812256,3.3783641758869205,5.921511650085449,5.382597635826476,6.297990798950195,5.426764363260845,5.481574535369873,5.740326297991544,5.727222919464111,3.885882828254137,6.765529632568359,5.523239366789229,6.343128681182861,5.496392216280979,4.8458685874938965,4.821663200368051,5.897332668304443,5.79177159328733,7.750268936157227,6.374724498810616,5.769542694091797,5.502180958952554,6.4720659255981445,5.74151290273055,5.70332145690918,5.48178744517886
284,5.887785911560059,5.730369202132598,4.138669490814209,4.183466770536819,6.157571315765381,5.581495020018319,5.617887020111084,5.9092803082183885,5.505412578582764,4.167330394137286,4.288033962249756,4.968911984176302,5.222362995147705,5.34045594096176,5.603594779968262,5.519581389944853,5.840646743774414,5.865102419957069,5.872872352600098,6.495786916700544,5.511853694915772,5.533684757198686,5.425504684448242,5.727372766593124,4.609559059143066,4.94335218538978
285,3.825150966644287,3.8951746773097478,6.010076999664307,5.504425158680459,5.054020404815674,5.215762775989001,4.967670917510986,5.001411877545846,5.676633358001709,4.352884057876309,6.848162651062012,5.783902187748465,6.345909118652344,5.600326833383586,5.966483116149902,5.544241986643444,5.670689582824707,5.7022642177585885,5.155670642852783,5.883869942939418,5.889621257781982,5.620066545890966,5.5001630783081055,5.663528956056566,5.525321006774902,5.3654142858838405
286,5.507267475128174,5.085016093548733,6.151238918304443,5.716705470947654,3.911465406417847,3.3235034768721197,6.005702972412109,6.088542377950305,5.45864725112915,4.595260235024685,4.752716064453125,6.008653788713248,5.480168342590332,5.840973928132024,5.983470439910889,5.906887005808813,5.953480243682861,5.97675565294815,6.434836387634277,7.3211159976498275,5.871104717254639,5.794620630208438,4.869123458862305,4.681150297247199,4.694196701049805,5.122113366486695
287,4.611307144165039,5.665955144406569,4.036724090576172,4.039463304492405,5.346526145935059,5.480304722584582,6.293333053588867,6.10535088172833,2.362818717956543,4.412031312028648,6.439316272735596,6.024925526952753,6.122737884521484,5.83528070677568,5.213321208953857,5.438872219051423,5.968110084533691,5.87463206665594,8.01711654663086,7.241033968333084,5.341426849365234,5.518555429648579,4.747379779815674,5.101586620963743,4.619454860687256,4.993752186638765
288,6.751099109649658,5.49013152924525,4.442144870758057,4.912056372338213,5.664076328277588,4.678050601479421,5.303837776184082,5.638815079490853,3.264876365661621,4.146297460428129,5.461584568023682,5.248014379186447,5.857097148895264,5.299710205488076,5.183187007904053,5.3806262679327315,5.528340816497803,5.634161609680652,5.727068901062012,6.534658495079693,5.392129898071289,5.385170032083254,4.422640323638916,3.716611416353163,5.375144481658936,5.024268697726933
289,6.441267967224121,5.508797313006099,5.850333213806152,5.5551619746932595,4.673817157745361,5.089530809345349,5.114235877990723,5.4196540446906845,5.572493553161621,4.455670930968054,4.521916389465332,5.337294807178617,5.3454694747924805,5.444193888143008,5.638404846191406,5.617232305071441,5.585751056671143,5.699483226298364,7.424940586090088,6.772235543240553,5.61648416519165,5.537175753131245,4.729423522949219,4.849185927560883,4.3558268547058105,4.3734035643212295
290,4.801092624664307,4.891182409987991,5.397962093353272,5.437820036077241,3.940246820449829,3.638171476206715,6.401415824890137,6.062605633954044,1.8460761308670044,0.912888972854592,5.687398433685303,5.835661666217158,5.870301246643066,5.654542359369133,5.776120662689209,5.695458459598194,6.01056432723999,5.86705200931438,7.715623378753662,7.080623368228469,4.909880638122559,4.934617629805379,4.909881591796875,4.876685790656083,5.531476974487305,5.317263378482215
291,6.935103416442871,5.915885794553587,5.319091796875,5.02664863448467,6.454617977142334,6.122864022698173,5.588466644287109,5.341490795382459,3.091632604598999,4.669494210252782,5.896768569946289,5.886603464888482,5.816188335418701,5.582677710155446,5.175283908843994,5.000134656995402,5.126147270202637,4.804140025445781,7.244731426239014,6.840630908907843,5.177596092224121,4.9565121660779425,5.761612415313721,5.659288528398716,5.375883102416992,5.205007751437578
292,6.097952365875244,5.918940149322322,6.816951751708984,5.954133156147139,6.47890567779541,5.86599378360586,7.102122783660889,6.377429644631437,5.309067249298096,4.476375160978142,3.6931731700897217,2.7176573175342535,5.002552509307861,4.51236363533639,6.43254280090332,5.945950160703953,6.635852336883545,6.156745143998887,7.351905345916748,6.797760610742061,5.948249340057373,5.66352442569244,6.076902866363525,6.182071906220675,6.238436698913574,5.901639313682529
293,5.983487606048584,5.450797691927461,5.4781365394592285,5.219999223754103,4.443950176239014,5.160009015508405,5.348275184631348,5.472269311155027,2.9628894329071045,4.517207343593093,5.002928733825684,5.670012481794408,5.429348468780518,5.4861819199123625,5.271708965301514,5.263327696591273,5.257330417633057,5.213660188672798,7.077212810516357,6.406289871948077,5.058427810668945,5.224582889163605,5.046542167663574,5.2877449080051315,4.744994163513184,4.917881312286834
294,5.667810916900635,4.9207276041820105,6.638097763061523,5.788261587158679,4.1920599937438965,3.042376476480412,6.600754737854004,6.106643150580073,5.910044193267822,4.71409231929392,8.633968353271484,6.322588004888867,7.542086124420166,5.990129464885376,6.574149131774902,5.919614238632278,6.176730632781982,5.989512765836712,8.715591430664062,7.489563189375757,6.236529350280762,5.829835017468558,4.710137844085693,4.384751862822981,5.554679870605469,5.265405097757293
295,3.859696626663208,3.834237190414383,5.635995388031006,5.592787960579343,4.806569576263428,4.886061070505573,6.292297840118408,6.045391965684755,5.327188491821289,4.080786175440117,4.427361965179443,4.85677142822223,4.6340508460998535,4.962050385416685,5.393433570861816,5.612413055072119,6.100704669952393,5.911324133274714,5.321639060974121,5.504820400257721,5.658560752868652,5.571407990402662,5.188742637634277,5.461396574447795,5.662229537963867,5.4484463434849655
296,4.071370601654053,4.442337639150825,6.49279260635376,5.784627750159535,4.275940895080566,3.530604260197664,6.656893730163574,6.1283438837530415,2.239941120147705,4.308019305153871,7.171968936920166,6.3063884473825285,6.81549072265625,5.969835900337537,5.96037483215332,5.898885587131568,6.269507884979248,6.022566521730714,8.243903160095215,7.348048769358171,6.2285590171813965,5.841064055720875,5.0635480880737305,4.892392555286896,4.721841812133789,5.1533320950379125
297,4.170116424560547,4.92177018698137,6.01817512512207,5.547120085179815,5.589763164520264,4.993968774641071,6.343950271606445,5.955461464388412,5.527482986450195,4.181374259187974,5.543972492218018,5.499087957837954,4.89953088760376,5.318744418440294,5.0690436363220215,5.440162224094094,5.950811862945557,5.809535181895427,7.499566555023193,6.711652920846902,5.023730278015137,5.273843426357101,4.7523956298828125,4.8171172482876825,4.184616088867188,3.7621288667456603
298,5.962640285491943,5.58342931731592,5.971161842346191,5.805860283986627,5.230474948883057,5.588975080592193,5.967723369598389,6.220755698444907,1.9937211275100708,2.2910833640255954,4.095729827880859,3.593085797097089,4.9942145347595215,4.806624031322393,6.125209808349609,5.849116201858947,6.095489978790283,6.054803506449246,6.316231727600098,6.729124698361084,5.246907711029053,5.403378731544105,5.850625514984131,5.989911179070064,4.846891403198242,5.4067395036846815
299,5.457973003387451,5.33705798210804,5.563028335571289,5.804334753272538,4.935102939605713,5.1480032288482045,6.15519905090332,6.147893911065415,3.422490119934082,4.270768605113882,4.064735889434815,3.7343766748303104,4.613382339477539,4.63104394858247,6.199562072753906,5.833533217432145,5.989784240722656,6.016688825504123,7.59198522567749,6.437212007314673,5.749412536621094,5.628715435353339,5.597820281982422,5.823085988835071,4.869938373565674,5.356837356994817
300,3.697803258895874,2.5678920774281266,6.686537742614746,5.871913498512947,4.981928825378418,5.117578508902146,6.17361307144165,6.18364620322271,5.900940895080566,4.888885574504041,7.867979526519775,6.176727242273443,7.011898040771484,5.843616644376571,6.612242698669434,5.826931699227959,6.38311243057251,6.103834061553969,6.897906303405762,7.141808687597972,6.313082218170166,5.858732151961979,5.757607460021973,5.765516946864349,5.77474308013916,5.4956413084891
301,4.195000648498535,4.651445408804416,5.002170085906982,5.303101451474861,5.394792556762695,5.247942366172235,6.010684490203857,5.928912478304273,3.936861515045166,3.588974453132135,4.482864856719971,4.727933524394708,4.706777095794678,4.923116997724884,4.779853820800781,4.4318448157800105,5.6788530349731445,5.630127969207179,4.798870086669922,3.7694305213300634,4.974260330200195,4.969144623077261,5.552608966827393,5.686951269102753,5.486908912658691,5.486393284742246
302,4.766294002532959,5.230444806485459,5.664194107055664,5.30963958301392,4.97542142868042,5.226257254221677,4.951831817626953,4.863146208514115,5.39834451675415,4.153792557296422,5.397166252136231,5.6119369839224875,4.726350784301758,5.3422584753584905,4.7691521644592285,4.628552708006155,5.495211124420166,5.477524885812438,7.327005386352539,6.586248794371788,5.436885356903076,5.401937100544356,5.752844333648682,5.597231319605952,4.867576599121094,5.111369459294537
303,3.716474294662476,3.309205050649424,4.453271865844727,5.116483044993508,4.772238731384277,5.233814315588116,6.385239601135254,6.117286704375704,5.577425003051758,4.57205351245063,7.060389041900635,5.965557587616498,6.698223114013672,5.718730201639949,5.934736251831055,5.668993817925788,6.272529125213623,5.9965047736799395,8.14518928527832,6.979911413246477,6.075206279754639,5.721481468536542,5.579810619354248,5.649909992363477,5.666774272918701,5.508163446025736
304,3.967398643493652,4.586175891781603,6.217602252960205,5.745707217299517,4.40013599395752,4.965205225543541,5.494173049926758,5.941650358124619,5.598056316375732,4.676154159794826,5.260269641876221,6.022695895616904,5.688543796539307,5.771444028431983,6.234610080718994,5.843077417600627,6.0839056968688965,5.947511339796283,8.06196403503418,7.1034821250552564,6.164096355438232,5.7327122878733405,5.299193382263184,5.330340354874056,4.216814994812012,3.913881095871945
305,7.8979716300964355,5.9700231362474385,4.07208776473999,4.132484405922098,6.8863525390625,5.7059981373693285,4.854701519012451,4.652614464199976,5.972957611083984,4.5581233024250345,6.349359035491943,6.177475137322956,6.478847026824951,5.9199500946233,5.298734188079834,5.302584615146971,5.689943790435791,5.572893356561775,7.668941974639893,7.222600353274118,5.832681655883789,5.551922800031163,6.107909202575684,5.824658477243017,5.43303108215332,5.374472507933411
306,4.352685928344727,5.226892466474051,4.900646686553955,5.236672261360636,4.70384407043457,4.972545504675946,4.926121234893799,4.389155339729557,5.642886638641357,4.269198351610145,5.876983642578125,5.883178455653076,5.227600574493408,5.639239637583182,5.124764442443848,5.273964155812125,5.743443489074707,5.524183865824207,6.879477500915527,7.015519914495155,5.752269268035889,5.562495341059191,5.263554573059082,5.394516253462889,5.580770015716553,5.279381153744939
307,3.770428895950317,3.5214785256185825,6.310328006744385,5.790049904572201,4.4546332359313965,4.3508079226614536,5.831175327301025,6.101281305172478,4.742054462432861,4.754686378097493,5.683355808258057,6.184414714602985,5.913021087646484,5.8755275427279186,5.495067596435547,5.7832943614067895,6.138820648193359,6.040911331849728,6.752243995666504,7.2248083713324425,5.9508056640625,5.830995886090261,5.242514610290527,5.332524809763512,5.615490436553955,5.436406097083278
308,4.323264598846436,5.017139201754952,4.85752010345459,5.169033858304363,5.185525417327881,5.21846641131189,4.999040603637695,5.03355643314465,1.8458552360534668,0.08122600306200801,5.791807651519775,5.545467573099706,5.1211137771606445,5.451134972420264,5.61167573928833,5.4560681315529616,5.465645790100098,5.563226614507859,5.959636211395264,6.6294140588197195,5.562950134277344,5.464016069235475,5.239932537078857,5.422323143443244,4.91932487487793,5.092856185078576
309,6.610982418060303,5.866048122282547,5.555490970611572,5.5162840228794225,6.409465312957764,6.0562416506132335,5.77477502822876,5.823996497121484,5.440445423126221,4.699607984635195,4.018028259277344,4.551725647295668,4.98046875,5.152482002001931,5.366008281707764,5.436122053025554,5.291029453277588,5.406598775131117,5.6088714599609375,6.592010394133986,5.309119701385498,5.277729996691418,6.091907024383545,5.975907828039682,5.598781585693359,5.5147034076120525
310,4.072699546813965,4.548440516506633,5.91874361038208,5.702753265120866,5.572901248931885,5.40363398305833,6.050500392913818,6.038154688302145,4.17102575302124,4.307025369989765,4.391021251678467,5.077339455562158,4.430976867675781,4.894480449817911,4.849851608276367,4.936922776544479,5.67813777923584,5.79852793537223,7.408010482788086,6.964510688717575,5.440144062042236,5.445229371771093,4.886546611785889,5.317927407055972,5.514315128326416,5.406772459963815
311,4.212804317474365,4.84182663390306,4.637292861938477,5.355830788197032,4.039115905761719,4.197994713738151,5.7634124755859375,6.001452804599353,2.895219326019287,4.257987044149426,5.167902946472168,5.92774036805266,4.928336143493652,5.659953849976888,4.936397075653076,5.2523055820139835,5.629270076751709,5.834734344655085,6.675895690917969,7.064449199546339,5.0279974937438965,5.417526570629715,5.007384300231934,5.1261323763374635,5.02969217300415,5.352254091095803
312,4.910178661346436,5.799088149804771,5.024026870727539,5.145924771162112,5.790132999420166,5.941892252191107,5.628664493560791,5.478529231454482,5.515865325927734,4.744719872624249,5.605118274688721,5.931856778222102,5.6359543800354,5.62414411759987,5.0303802490234375,5.107674458789845,5.143838405609131,5.012219968537415,6.910838603973389,6.920675316642475,5.191896438598633,5.094742356795882,5.543330192565918,5.58097399822503,4.5493669509887695,4.8081553703852515
313,3.82012677192688,3.957717901129276,5.821744441986084,5.564544801278387,4.935050010681152,5.349398075255669,4.99295711517334,5.149192612177925,5.678747653961182,4.599619046308444,5.78172492980957,6.0568675611879215,5.970918655395508,5.7899235075403945,4.977983474731445,5.285333673191991,5.741713047027588,5.7637298467995,8.005423545837402,7.13045923448702,5.799216747283936,5.672720926277018,5.807907581329346,5.732365779499372,5.612106323242188,5.4210380048995415
314,5.12227201461792,5.396539506605922,6.233768939971924,5.7321198860865525,4.97435188293457,4.930215766229246,6.209816932678223,6.070969460901801,2.422243118286133,4.311129351195153,4.744297981262207,5.3525528177053605,5.258494853973389,5.432887066796289,6.118273735046387,5.779051306274072,5.838207721710205,5.86823911672483,6.622537136077881,7.00101594805022,5.744905471801758,5.576560383193045,4.624406337738037,4.235682326632861,4.288389205932617,4.018193597288877
315,5.638375282287598,4.9990587299929095,6.108890056610107,5.598893038306692,4.270841121673584,3.6173771535765677,5.2902350425720215,5.70506947210042,1.9376661777496336,2.4274343477860234,7.73330545425415,6.127048304200666,7.058855056762695,5.890835658195344,5.479035377502441,5.763575538212321,5.9285807609558105,5.883266225266321,6.6514573097229,7.262318236396424,5.9558634757995605,5.7406983985544375,4.979504108428955,4.8499895389880106,5.359059810638428,5.287626005799116
316,4.288810253143311,5.277438984305886,4.901373863220215,5.063654625142569,5.647543430328369,5.450015982665341,4.977651119232178,4.568900589682973,5.395679950714111,3.684089969274302,4.702988624572754,5.093762353361882,4.9130859375,5.2214708117211295,4.995433330535889,5.05646215772877,5.668472766876221,5.447213337859804,5.500550270080566,5.844268272173726,5.0993523597717285,5.211462633900532,5.869931697845459,5.6457045946500415,5.280816555023193,5.416052599579033
317,6.980814456939697,5.876438176735439,4.626236915588379,5.0127919429035614,6.251501560211182,5.776139550374816,5.596075534820557,5.537306529730068,5.703063011169434,4.644802648150001,6.572055339813232,5.89134897840748,6.123661994934082,5.597972578319599,5.20217227935791,5.225411581500685,5.19871187210083,5.114969882275609,7.440746307373047,6.893537418283873,5.154392719268799,5.149185133245831,5.333632469177246,5.431700573413362,4.408812046051025,4.5685441486689795
318,3.733649730682373,2.9984072117583174,6.513486385345459,5.698448617251247,5.627570629119873,5.340790533650218,6.8175811767578125,6.210645392203128,1.9081050157547,0.9676032314815215,7.873952388763428,5.906491089092124,6.900334358215332,5.730085091984228,5.48898983001709,5.712388417028905,6.309260845184326,6.058840050452697,8.303754806518555,7.086887052591288,5.474623680114746,5.680324648850226,6.081020355224609,5.789610805526051,6.010037899017334,5.4648203699244515
319,5.60081148147583,5.301467667302269,6.048157691955566,5.869600267419088,4.41390323638916,4.23671060858153,6.104030609130859,6.192193623723194,5.487703800201416,4.659328784867475,4.25374698638916,5.0121796129088905,5.112531661987305,5.465100182738354,6.044551849365234,5.909281504417406,5.829203128814697,6.006941281641521,6.016635417938232,6.990878160235372,5.664309978485107,5.741859179685274,5.215970516204834,5.3271353537802515,5.599424839019775,5.54743792363638
320,3.76289415359497,3.1458635161383355,6.279441833496094,5.539814681536154,4.698060035705566,4.6264255033849775,6.3490753173828125,5.958240495408121,5.6580491065979,4.032486957778835,5.670038223266602,5.527023743697198,5.777431964874268,5.448995223989457,5.276120662689209,5.499637675347917,6.174344539642334,5.907194001805092,5.498286247253418,5.514461098594442,5.45056676864624,5.608363165368033,5.517578125,5.482137399519951,5.731999397277832,5.373910773661235
321,3.752189874649048,3.6422311112330026,5.429263114929199,5.530676020739604,5.809483528137207,5.251175145080137,6.051548957824707,6.004022825650752,5.53550386428833,4.576642909718328,5.556752681732178,5.891571304150697,5.692269325256348,5.637220463199789,5.161725997924805,5.530875543427014,5.643027305603027,5.845630856265533,7.603492259979248,6.944334646298303,5.210471153259277,5.587959583546169,5.55101203918457,5.5296946772908475,4.541171550750732,4.948353763424027
322,6.786508560180664,5.697059032025701,5.562966823577881,5.9485958245132835,6.267515659332275,5.557393281651286,6.987398147583008,6.2946144040992555,5.636358737945557,4.659324252909377,4.1590657234191895,4.000336205791773,5.272042751312256,5.011785209065332,6.652932643890381,5.924289661676155,6.475032806396484,6.080001479724255,7.159313678741455,6.977539721803389,6.057981967926025,5.672054435416206,4.997416973114014,5.473832052716261,4.486302852630615,4.871365891802285
323,5.65355920791626,5.480225262899811,4.220544338226318,4.4678728554376015,5.073315620422363,5.357403013036648,5.319648742675781,5.739264778491,1.955599069595337,2.1458330571428763,5.297591209411621,5.424825272720209,4.9796142578125,5.386027420255323,5.518157958984375,5.456477483737374,5.507309913635254,5.603138594045148,5.317929744720459,4.016078082996331,5.475327014923096,5.3290552737053,5.704104900360107,5.72777599539347,4.869449615478516,5.261991444128748
324,5.507189750671387,5.238740147817989,5.669549942016602,5.5404266531959845,6.310323238372803,5.7326740066081925,5.97039270401001,5.976308612093705,1.9422094821929927,1.6574039941707372,4.297236442565918,4.795117467651384,4.438693046569824,4.818128835971597,4.894289016723633,4.987034470971798,5.493063449859619,5.642423614038513,7.544754505157471,6.928616167660657,5.281293869018555,5.3096586690078045,5.526921272277832,5.774526387334323,5.637443065643311,5.461453396217361
325,5.749868869781494,5.383766861438513,5.094950199127197,5.3058743221681075,4.28746223449707,4.690116414617505,4.835646629333496,4.470488695156503,5.740562438964844,4.097464557213874,5.691969871520996,5.694848748616885,5.788965702056885,5.57384055634167,5.406919479370117,5.437484247279289,5.529664993286133,5.467860141179645,4.9241156578063965,4.918227073480152,5.117514133453369,5.3689347836019445,5.339645385742188,5.404952097763624,5.521393299102783,5.342959206013755
326,5.013946056365967,4.512409067354369,4.9915642738342285,5.7082986423653805,5.051578044891357,5.380810620340564,6.4047064781188965,6.118431321648647,4.958841323852539,3.5021015059552694,4.80497932434082,4.040050042377597,4.0305681228637695,3.2695855143984898,5.677359580993652,5.579966214943477,5.828921794891357,5.7233161456503066,5.016643524169922,5.245870623700279,4.817073345184326,4.634214219739644,6.034075736999512,5.955310307521292,5.805079936981201,5.572676426863925
327,4.323055744171143,4.94581755910605,4.391779899597168,5.045855895869026,4.088244438171387,4.358587376512753,5.346304416656494,5.7545445244014495,4.141645908355713,4.459406038288998,7.005734920501709,5.894012308491058,6.406777381896973,5.712148407798405,5.086323261260986,5.4298026930763905,5.742776870727539,5.823054574684878,5.495193958282471,6.6543433667493295,5.753389835357666,5.627235439447211,4.718173503875732,4.787047906520675,5.45078182220459,5.202548387582683
328,8.6060152053833,6.252954472400588,3.8528454303741455,2.6598946477518863,7.542377948760986,6.043440313618493,6.587653636932373,6.124612574196437,6.514107704162598,4.686895516996656,8.0501070022583,6.3324646800352635,7.5593180656433105,6.078992574408263,5.605728626251221,5.322472831707642,6.220458030700684,5.873901779108631,8.145171165466309,7.301706010875256,6.149694919586182,5.556540420602087,6.921910285949707,6.053932194332084,6.098644733428955,5.512508218671675
329,6.628080368041992,5.893150462009037,5.001009941101074,4.953153793066618,5.059006690979004,5.615530490424874,4.83362340927124,4.4856156498029724,5.635282039642334,4.3732644846116155,6.4026970863342285,5.804718958383896,6.079941272735596,5.561642148464626,5.212003231048584,5.118475462824389,5.158493995666504,5.047547208406002,6.457912445068359,6.850975258037502,5.133204936981201,5.195025434154518,5.4915032386779785,5.458715288241643,5.379011154174805,5.236405788487833
330,5.410031795501709,5.667293596119125,4.715447902679443,5.075471491219418,6.200572490692139,5.726069466541162,5.525628566741943,5.534515430527353,2.6156911849975586,4.352853708338054,5.654458999633789,5.752815157528534,5.524296283721924,5.529689996892387,4.920825481414795,5.026950298461935,5.149272441864014,5.110151560434379,5.193253040313721,5.992251999449839,5.197005271911621,5.114743323656387,5.723456382751465,5.586138865626181,4.5748209953308105,4.810579189454096
331,5.2868475914001465,5.341443483430602,4.966546535491943,5.566874508693216,4.244058609008789,4.59214699470422,5.527960777282715,5.933032878405876,3.995772123336792,4.297739473021452,5.161285400390625,5.723016804602488,5.584593772888184,5.607777177900092,5.316118240356445,5.739808408235474,5.786204814910889,5.829359133887956,5.108733654022217,5.418615581227894,5.371508121490479,5.5609057667858615,5.184080600738525,5.140358150453184,4.18190860748291,3.7603601842334156
332,5.449760437011719,5.60058145847034,4.090712547302246,3.9703399526270524,4.4819865226745605,5.176105775700774,5.1425395011901855,5.373325711465218,5.534639835357666,3.918854499833525,5.467093467712402,5.64668487419771,4.992661952972412,5.418402505924089,5.296735763549805,5.235989426593439,5.6057562828063965,5.610362861502836,7.356944561004639,6.697965592377858,4.821442127227783,4.68549297356049,5.453291893005371,5.59831444926852,4.840818881988525,5.162827335021192
333,4.103119373321533,4.423114092153853,5.276515483856201,5.722267457608246,3.931121826171875,3.439353151439861,6.081934452056885,6.113264308522172,2.46307373046875,4.470186077806716,5.792629718780518,6.243186950503619,5.694333553314209,5.926217164202229,5.85350513458252,5.8867555620990775,6.018759727478027,6.002175092166132,5.621103763580322,7.025736602640984,5.852148532867432,5.819287253196563,4.976983070373535,4.8686050094629865,5.385651588439941,5.357194536774387
334,4.281890392303467,4.432531229612232,6.379022121429443,5.972417560226949,4.210819244384766,4.725658211277275,6.116713523864746,6.179455219386724,2.3635730743408203,3.974288303207266,5.027403354644775,4.977726443797493,4.152815341949463,4.2192070550948895,6.027300834655762,5.825939876251624,5.983067512512207,5.930519101813274,7.260428905487059,7.113278566000382,5.312611103057861,5.506603495845375,5.319839954376221,5.570578130787745,5.593844890594482,5.505706874826361
335,5.148867130279541,5.813348607474887,3.931572198867798,3.2328408671559794,6.823868274688721,5.662609984877458,6.245275974273682,6.064294023228006,5.451996803283691,4.538978820144063,5.503257751464844,5.977948317298064,4.838937282562256,5.676907784771286,5.5960612297058105,5.365314871880948,5.980225086212158,5.851947824620079,5.635643005371094,6.667952308551702,5.700823783874512,5.5379802127530695,6.875384330749512,5.977659323988154,5.96976900100708,5.418116258029241
336,5.4331583976745605,5.1512178912006945,5.285181999206543,5.793140902477926,3.9722976684570312,3.6420874375240477,6.187142848968506,6.169811826563172,5.374215126037598,4.677726212552175,4.309431552886963,5.60649777086723,5.21409273147583,5.717539337182147,5.938007831573486,5.930964340427135,5.96904182434082,6.027473707156715,7.584242820739746,7.360409151923408,5.778120994567871,5.8075187347568855,5.04981803894043,4.994419676756754,5.559300422668457,5.455612592414428
337,5.557127475738525,5.745459229771435,5.34993839263916,5.056450577233658,6.134128093719482,5.928035676669614,5.603716850280762,5.400733684277008,5.332057952880859,4.530563987446777,5.176461696624756,5.61453213357752,4.657849311828613,5.240715197653287,5.206705093383789,5.074510220395773,5.145601749420166,4.915086929185057,7.100429534912109,6.788703419299081,5.176236629486084,4.993800057840446,5.602354049682617,5.58144674015944,5.309113502502441,5.2115232501178115
338,5.212016582489014,5.873043013119123,4.180270195007324,4.562263538430082,5.277101993560791,5.650853908977941,5.038909912109375,5.315680358260329,5.45933723449707,4.571601847389644,4.664722919464111,5.842546475602886,5.0736083984375,5.723385379512619,5.365584373474121,5.490403188044263,5.59337043762207,5.708409052046885,7.650737285614014,7.162437125043347,5.232341289520264,5.520096241014775,5.703909873962402,5.727668832686629,4.479074478149414,4.778191096473425
339,3.9496026039123535,4.338647936589967,5.7863383293151855,5.611031828691534,4.84451961517334,4.932007837501017,6.32576847076416,6.046506214003792,3.7362704277038574,4.214032661027087,4.875753879547119,5.1434427966643455,5.424466609954834,5.319603436806513,5.527296543121338,5.590687554744871,5.888927936553955,5.8328461188539205,5.373881816864014,5.996658816800296,5.684181213378906,5.484387452938324,4.48115348815918,4.175394791729731,5.459402561187744,5.222265061458241
340,5.473164081573486,5.36927944254442,4.439022064208984,5.130421479623581,4.341208934783936,4.860845464828377,5.529585361480713,5.883651586054951,2.4606833457946777,4.175811348961618,6.098437786102295,5.408498790709654,5.519496917724609,5.401909842092891,5.445722579956055,5.518052272538956,5.4284515380859375,5.636036125525231,5.1383490562438965,5.642468885140325,5.25050163269043,5.371899444180875,4.464914321899414,4.095702949406891,4.777121543884277,4.9824107535834905
341,6.331770420074463,5.888159310809823,3.9969658851623535,3.248660825240665,5.009159564971924,5.564569536028522,6.249094486236572,5.941014814849738,3.7837939262390137,3.9374582164217933,4.591507434844971,5.352836339424933,5.304413795471191,5.4078292702873325,5.470330715179443,5.19755173222314,5.891415119171143,5.72508603207714,7.310839653015137,6.6057587724930364,4.867405891418457,4.584663346048827,5.867250919342041,5.855487696935023,5.790165901184082,5.4376752888261555
342,5.042624473571777,5.661994602848289,4.510761737823486,4.80400284474621,6.125006198883057,5.822830734528036,5.580019950866699,5.3686756657312875,2.965363025665283,4.314785278769629,6.035893440246582,5.690156101041467,5.809436321258545,5.459064013215121,5.157273292541504,5.080330157728053,5.177488803863525,4.998951730094013,7.206286430358887,6.584222682482238,5.2230987548828125,5.069253828626546,5.695015907287598,5.557310109294542,4.672338008880615,4.861049268432663
343,4.6376237869262695,5.497625897702477,4.420742988586426,5.213861364418708,4.332520484924316,5.057963318571777,5.984163284301758,6.20852578136856,5.356201171875,4.596220833837304,4.082864284515381,4.884317147755185,4.876214504241943,5.379551579809857,5.370041370391846,5.73159086816982,5.922765254974365,6.020919166998497,5.76627254486084,6.897900596024965,5.358325004577637,5.647796585741132,5.3211541175842285,5.695406241212778,4.892053604125977,5.422805651245785
344,6.363047122955322,5.787133528167601,5.942971229553223,5.854778309482569,6.647375106811523,5.983371231376229,6.091123104095459,6.169507288878731,5.343314170837402,4.515352571611694,3.763386249542236,3.2784096116389314,4.865850925445557,4.701550325825219,5.674707412719727,5.770502157728086,5.678370952606201,5.915926969533109,7.218811511993408,6.751508508829385,5.420897006988525,5.539359809090166,6.546675682067871,6.204140159087436,5.909252166748047,5.7419240323151906
345,4.170180797576904,4.480660649747049,6.262944221496582,5.871994068915274,5.430081844329834,5.383637271557425,6.432811260223389,6.097624131273568,5.065087795257568,4.01671764928259,4.574473857879639,4.74888789154271,4.15115213394165,4.10866698471369,5.885055541992188,5.771654851139679,6.019171237945557,5.884978811359363,7.170801639556885,6.753749049099633,5.493257999420166,5.466640811446313,5.799367427825928,5.7037607789132165,4.363606929779053,4.5408519405929075
346,4.26777458190918,4.904739315515678,5.5845794677734375,5.263708185389099,5.246147155761719,5.260395842905014,5.623885154724121,5.63969838877201,2.217924833297729,3.490288261245696,4.783702373504639,5.0373739744598875,4.596778869628906,4.900705427309599,5.388476371765137,5.3781327800052665,5.314389705657959,5.397533301148217,5.013753414154053,5.21964133180979,4.917737483978272,5.080415860558352,5.236594200134277,5.391005161485361,4.459408760070801,4.580307237876783
347,4.963431358337402,4.4009617010504085,6.326282978057861,6.093806552449051,4.921237468719482,5.5715779760480295,6.496082782745361,6.2214048365277925,3.0842888355255127,3.829941437099227,4.744198799133301,4.128292278419665,3.96675705909729,3.119452821651506,6.053606986999512,5.776511507161128,6.05001163482666,5.87899334829354,7.168973445892334,6.9055113480165025,5.572340965270996,5.341511765221485,5.981061935424805,6.024901565583855,5.836440086364746,5.605376827144351
348,5.385106086730957,5.636694583072815,4.009233951568604,3.766793491350579,6.291867733001709,5.830223456141964,6.375223159790039,6.106345665356038,5.193981647491455,4.204610974730372,5.124342918395996,5.472322945500056,4.402352809906006,4.984973208139865,5.465025901794434,5.352596333174122,5.824027061462402,5.789584071865398,6.104883670806885,6.9640565947828446,4.87106990814209,4.895316880371035,6.740646839141846,6.028253853126803,5.888696193695068,5.536449182117138
349,4.630802631378174,5.312375706605759,4.543994903564453,4.9948880020573885,4.317138671875,4.8991233269177865,5.093772888183594,5.292821622205615,1.999618649482727,2.463162736997436,4.757461071014404,5.098201171497017,5.155820369720459,5.323398320400688,5.444781303405762,5.455083954965926,5.485052585601807,5.55603755898923,4.80652379989624,4.016666765197413,5.233687400817871,5.30676516171091,5.270007133483887,5.47879646811093,5.523071765899658,5.484057422122394
350,4.655246257781982,4.832190788382797,5.0137038230896,5.686490943877666,5.780323505401611,5.302691168033846,5.541100978851318,5.945196884147439,2.809283971786499,3.7540030557805792,4.124724864959717,4.104346493999968,4.224575519561768,4.034833035877481,5.585469722747803,5.632688010198626,5.681963920593262,5.778195091222765,4.97084903717041,5.1237554472232745,5.471157550811768,5.345220737432756,5.0753173828125,5.604865902629243,5.40811014175415,5.47310296128098
351,3.790780782699585,3.6941265583627096,4.628424167633057,5.451025785068386,5.722849369049072,5.460134599446011,5.982424736022949,6.112791866209369,5.252315044403076,4.143360778872449,4.727598667144775,5.190794962468251,4.406318187713623,4.884570084184598,5.692853927612305,5.636747067655005,5.86350679397583,5.898634012248152,5.27314567565918,6.079895020333833,5.114730358123779,5.410346882037069,5.389060974121094,5.798893781090362,5.172454833984375,5.518174606914415
352,7.950143814086914,5.608515715886771,5.14754056930542,5.328664880448694,6.325527191162109,5.004549502714914,4.840550422668457,4.667567274598237,5.941060543060303,4.415391170354355,7.2721266746521,5.74187884468764,6.897604942321777,5.581601360859065,5.688073635101318,5.47695417661479,5.668768405914307,5.545090866245564,8.267833709716797,7.097223808066976,5.970269680023193,5.523055320951352,4.610179424285889,4.559558891652348,4.4871673583984375,4.705607611029993
353,5.144681453704834,5.327263372004355,5.961152076721191,5.588268388988469,4.519139289855957,4.943927628211875,6.109698295593262,6.0588989437100365,3.578436851501465,3.987991959782048,4.301670074462891,4.718575195602454,4.915452003479004,5.06928453925245,5.251858234405518,5.578316414209901,5.824366092681885,5.796534682573603,4.899717807769775,4.683619351574422,4.993905544281006,5.090550843374598,4.952677249908447,5.195838871111068,4.314126014709473,4.303058378830159
354,4.458122253417969,5.184699846549451,4.976833820343018,5.245920170476763,4.676935195922852,4.875147589207662,5.679875373840332,5.815247868289467,5.472889423370361,3.8794903828195837,5.1349287033081055,5.35441531755151,4.837515830993652,5.247230535815913,4.883006095886231,4.90533652384059,5.646187782287598,5.681831516959526,5.993995666503906,6.370983728610143,5.138983249664307,5.31505928405726,4.981635093688965,5.035936583042352,4.360049724578857,4.461815958801688
355,4.996130466461182,5.2246649309143445,6.518643856048584,5.66805768307247,6.005733489990234,5.050040480035454,6.85475492477417,6.174752371457121,1.8951210975646973,0.5928249091568487,4.440052032470703,4.757720111781413,5.306262016296387,5.22042066970872,5.518677711486816,5.6817419170966765,6.307963848114014,5.938170322184038,7.880527019500732,7.061814369437597,5.289988994598389,5.382506255683834,4.686285972595215,4.433431209174677,4.904458999633789,5.0983222621456195
356,4.155900001525879,4.26842790457222,6.154172420501709,5.75562427791048,5.74293327331543,5.192742329420086,5.886661052703857,6.049443045892242,2.259869337081909,3.425193150053591,4.5971550941467285,4.491501740158113,4.269538402557373,4.103387959096599,5.478122234344482,5.62590417188177,5.801647663116455,5.7722978374699,5.192636489868164,4.2310763470284485,5.554504871368408,5.341849407355401,6.036245822906494,5.815838554050996,4.80082893371582,5.244274363531059
357,4.006672859191895,4.752498853746861,4.204660415649414,4.6400239283835845,5.180553436279297,5.564018450388375,5.775609493255615,6.0862762105371715,1.8448070287704468,0.8668064803986729,6.286713600158691,5.941407130852349,5.690652370452881,5.7794179154870475,5.48502779006958,5.590724384677311,5.663619995117188,5.869799532332698,7.481463432312012,7.138007002184,5.61324405670166,5.583470973126426,5.389863014221191,5.6933961441194905,4.806240558624268,5.19253987687188
358,3.81432843208313,3.899304072072466,5.649089813232422,5.426287738405636,4.300149917602539,4.67861026211515,5.308982849121094,5.684883569989791,5.40263032913208,4.151731879064376,5.44376802444458,5.612959078572183,4.75255012512207,5.274702528068937,5.519522190093994,5.50628854381171,5.720877170562744,5.769424952071003,6.727238178253174,6.760462359388275,4.847256183624268,4.785353639403763,5.217238426208496,5.423130972966259,5.282974720001221,5.379282872011303
359,4.214599609375,5.3777813224817566,4.196835041046143,4.652079909854417,5.950197696685791,5.532935137863082,5.142274856567383,5.542257761323073,4.517036437988281,4.50984476877853,5.242996692657471,5.957475323135858,4.98239803314209,5.693871365442778,5.228271484375,5.503676545017487,5.616855144500732,5.770426627780081,5.682066440582275,6.791589373458413,5.189296245574951,5.511150127769484,5.767305374145508,5.686396114206801,4.431167125701904,4.667568526282567
360,4.919804096221924,5.518582178939336,6.168717384338379,5.619023043662666,5.845561504364014,5.5652308482788015,6.524560928344727,6.092579939675631,2.7591917514801025,3.989938651776937,4.053475856781006,4.150180165971729,5.094067096710205,5.030377181483057,4.878146648406982,4.811667520396791,6.165545463562012,5.857308138003567,7.500072956085205,6.6717079886885635,5.303926467895508,5.364726254017679,4.858672618865967,5.274291450473006,5.440986633300781,5.54263505986868
361,5.992777347564697,5.546195724063721,6.221197605133057,5.830921484657589,4.981341361999512,5.628042674796574,5.839205741882324,6.098446744307718,5.332820892333984,4.142513128559663,3.746427536010742,2.8882809760031964,4.92979907989502,4.5030590931722685,5.90895414352417,5.830765446807009,5.934267520904541,6.0496566298347965,6.76504373550415,6.4375990750418834,5.625277042388916,5.623327524802032,5.99013090133667,6.102998674468926,5.912324905395508,5.696342847416105
362,5.378304481506348,5.887431888483989,6.479230880737305,5.9677494336961425,5.446701526641846,6.053916518673486,6.847582817077637,6.381069140075313,5.312169075012207,4.2706531755221,3.708020210266113,2.678812903565963,4.846078872680664,4.51651826743669,5.93846607208252,5.87539556367909,6.259243011474609,6.112474499526658,5.84477424621582,6.37218576546775,5.335977554321289,5.479019473509271,6.39288330078125,6.341237485158191,5.950123310089111,5.969599763427499
363,4.022712230682373,4.354610281127029,5.96339225769043,5.686181522955512,4.291484355926514,4.8535500283243955,6.104848384857178,6.02810404237321,5.263378620147705,4.238420179499718,5.311511039733887,5.3007769844648776,4.464247703552246,4.983611590964197,4.970148086547852,5.257494072578425,5.6161627769470215,5.798868856675979,5.063650131225586,6.00229480722166,5.17753267288208,5.454333843751807,4.814941883087158,5.1089601964145235,4.947471618652344,5.25756086232153
364,5.371683120727539,5.308072128606438,5.870749950408936,5.226963101763209,4.363124370574951,4.609476619060006,4.790213108062744,4.2105901396999705,5.6847357749938965,4.177827736047973,5.964373588562012,5.771518810707817,5.396493911743164,5.556726094437143,5.914193630218506,5.391720926439559,5.709141731262207,5.475741294587333,7.527853965759277,6.51715941186954,5.929113864898682,5.566237098497047,5.316796779632568,5.304356955533856,4.83547830581665,5.013056361892168
365,5.994759559631348,5.410504990638593,5.48630952835083,4.948259184086147,5.043025016784668,5.508715838819939,5.441472053527832,5.441502768224525,2.1319222450256348,2.682186009620633,4.455750465393066,4.375789033639661,4.990046501159668,4.810235666474315,5.284435749053955,5.15616546427816,5.232744693756104,5.102363140803356,4.762848854064941,3.188671892034475,5.091916561126709,4.931595800558246,5.717181205749512,5.598704101126073,5.067437648773193,5.264786555632707
366,5.15336799621582,5.342464962319186,6.223825454711914,5.91791793493362,5.8768181800842285,5.761218967159959,6.359537124633789,6.26332052437834,2.8700273036956787,4.080617440015037,3.983132839202881,3.3081629104201746,4.332627296447754,3.9953100492708975,6.101298809051514,5.800062907487583,5.990160465240479,5.983560101450416,7.056301116943359,6.776737767512178,5.130410194396973,5.2742978753654155,6.156522274017334,6.117127199357254,6.070394992828369,5.761787799406033
367,5.317757606506348,4.95993235479354,4.781952381134033,5.264566491643844,4.649604320526123,4.930760119082226,5.714897155761719,5.8877841243829785,1.9340494871139529,1.1637693687551711,4.684308052062988,5.036164523782591,4.646897315979004,5.036098365325878,4.919957637786865,4.947951436195822,5.832284927368164,5.771368514278937,6.005019187927246,6.444076559363135,5.581579685211182,5.414603835608104,4.93496036529541,5.12851498034682,4.863306999206543,5.152291687640902
368,4.659271240234375,5.149812464602454,4.669914245605469,5.1426977514665815,5.286872863769531,5.280949103233169,5.194031715393066,5.392050578940883,3.0724215507507324,3.7046406525211855,5.338028430938721,5.215723231326895,4.61183500289917,5.00483114929581,4.842222690582275,4.725950628826704,5.644437313079834,5.566465326619215,5.35631275177002,5.378026289667922,4.95814323425293,5.011941417076143,5.803018569946289,5.624985922131784,4.638726234436035,4.9938797428098365
369,6.566560745239258,5.768615304442431,5.743488788604736,5.5247745494520055,6.30492115020752,5.744120152039541,5.955069541931152,5.961726009947863,4.317631244659424,4.339216756415938,3.998850107192993,4.3119762796807795,4.972723484039307,4.9707906498365615,5.430745601654053,5.508347059623775,5.49594783782959,5.624554675174276,7.210263729095459,6.701363290189991,4.828146457672119,4.724294615741299,5.876527786254883,5.860749804476202,4.5679779052734375,4.990130725777166
370,3.812534809112549,3.8518148006583175,4.218894958496094,4.52646860874125,5.676307678222656,5.391117088541515,6.041620254516602,5.990717755590345,2.5715861320495605,4.14180227747331,6.910074234008789,5.810485907150197,6.340034008026123,5.601291687563247,5.206722259521484,5.387038420697309,5.922893524169922,5.8870925574594715,6.069573879241943,6.68986024151873,5.02904748916626,5.233885315130189,6.384149551391602,5.821909991279393,5.766744136810303,5.4086796727078585
371,4.124205112457275,4.245707921560908,6.396641254425049,5.486556285151154,4.254331588745117,4.295245323511743,6.027304649353027,5.9954593123639075,1.8721355199813845,0.7574212281823323,6.205376625061035,5.2471998129550315,6.121490478515625,5.312727843273763,6.247395992279053,5.709518778926689,6.07490348815918,5.832907378997103,4.828339576721191,4.110914421172828,5.984332084655762,5.520077970461585,4.847183227539063,4.957712916380656,4.754724025726318,4.9672547879819655
372,4.719839096069336,4.954857570917959,6.3246684074401855,5.797136321158027,3.903890371322632,3.258691045463372,5.672466278076172,6.049833464363378,3.270504713058472,4.639330876982917,4.715110778808594,6.10373489469677,5.474440097808838,5.922381438808554,6.2374796867370605,5.925838771761266,6.10888671875,6.005096264096819,7.894931316375732,7.434062314844942,6.081647872924805,5.838888567771196,4.9845499992370605,4.787523791113807,5.528397083282471,5.375911982549215
373,7.270273208618164,5.380417143087374,5.771315574645996,5.493047079401019,6.061371326446533,4.895048465301112,5.8983154296875,5.819579152735847,5.713322639465332,4.614689141636819,5.982119560241699,5.621093597807072,6.049992561340332,5.4788528063294395,5.573643684387207,5.545793150414347,5.444307804107666,5.580036871078678,7.318734169006348,6.780888202969448,5.482014656066895,5.42592659938101,4.511556625366211,4.20835992851434,4.328619480133057,4.220556276639291
374,5.396677017211914,5.466477311423128,4.9343743324279785,5.6300443337417105,5.821601390838623,5.490056605616075,5.756556987762451,6.080009086413286,5.235057830810547,4.227123270103424,4.03232479095459,4.400408175699853,4.4689621925354,4.730580813225272,5.63562536239624,5.719968826230902,5.7756876945495605,5.879326909642556,7.162018775939941,6.6723588177065265,4.987149715423584,5.16221820723153,5.5035810470581055,5.7274580625964155,4.388576984405518,4.58353212404801
375,4.326162815093994,5.14088471642731,5.871591091156006,5.878918440671237,4.337588310241699,5.015102366405521,6.421520709991455,6.216368587679194,5.288784027099609,4.510504876438579,4.07393741607666,4.756269074989243,4.542225360870361,5.039934310297197,5.58926248550415,5.868523252549218,6.034818172454834,6.020800358202103,7.393237113952637,7.049553728911317,5.470004081726074,5.6624514650068365,5.30029296875,5.567548248329644,4.480104446411133,4.885078484384219
376,4.248750686645508,5.257563638546116,5.245014667510986,5.39194697635438,5.936185359954834,5.480837232186081,5.546763896942139,5.726375664445952,3.0129635334014893,4.4589801738179045,6.643760681152344,5.856258493873494,6.081342697143555,5.6041911278081695,5.3930840492248535,5.503626678979559,5.3703155517578125,5.48052608091282,7.294131278991699,6.796108315331804,5.411038875579834,5.390421420501876,5.570199012756348,5.3978972363424695,4.223720550537109,3.8913264582148237
377,4.541446685791016,5.531951739578176,5.526328086853027,5.462962745961375,5.964397430419922,5.462285629991066,5.782289981842041,5.794864431408681,5.662398338317871,4.645540076130987,5.080379962921143,5.842627777016414,5.427825927734375,5.623101840880559,5.454686641693115,5.550777550983799,5.330496788024902,5.505476698510654,5.914064884185791,6.77911325312348,5.385919094085693,5.4058826589547735,5.5643815994262695,5.3891579002935535,4.19559907913208,3.7240301287688524
378,5.325000286102295,5.855227427405039,6.777722835540772,6.136522496550847,6.795569896697998,6.0398132326311185,7.138229846954346,6.450757213278676,5.296403884887695,4.6673353161503615,3.6937408447265625,2.8006630912935924,4.986702919006348,4.608201392487168,6.06803560256958,5.991704363334595,6.644932746887207,6.214603413515811,7.452576637268066,6.926571107945545,5.935977458953857,5.714416374352415,6.962109088897705,6.377745396079642,5.580763816833496,5.897160272372474
379,4.158796787261963,4.66618820528553,6.040608882904053,5.663662401457348,4.272172927856445,4.920116416456438,5.797714710235596,6.021503370844527,2.02758264541626,3.22633883575485,4.362143039703369,4.882936518880554,4.442197322845459,4.836348148033249,5.622482776641846,5.652208351952231,5.696370601654053,5.824044213445055,6.112939357757568,6.542347576134523,5.253546237945557,5.449552499104883,4.725054740905762,4.962718154126028,4.986536026000977,5.270347284946721
380,7.869221210479736,5.774349559443528,4.036043167114258,3.6202719962881336,6.938179016113281,5.680660691147377,6.324679851531982,5.963962715480355,3.737613439559937,4.002941944011072,5.169717788696289,5.645046194297404,5.736361503601074,5.632555125706581,4.781091690063477,4.52967943235406,5.83971118927002,5.6933482926953305,5.151564121246338,5.529689054911982,5.093974590301514,5.192134659590717,6.404165267944336,5.870596813455147,5.925382614135742,5.48999271221731
381,4.490478992462158,5.265949459306592,4.543619632720947,5.016509472496923,5.464006423950195,5.338353037165329,5.992561340332031,5.949578393833623,2.5960805416107178,3.6182086528033515,4.028903007507324,4.034060574543748,4.429957389831543,4.420502119554898,5.492092132568359,5.490584299791792,5.690390586853027,5.752908899891184,6.991853713989258,6.303565369941727,4.897631168365479,4.874669455855136,5.662044525146484,5.71224505298068,4.885615825653076,5.3078886511734416
382,5.694290637969971,5.283769706773285,4.318321228027344,4.9112703247045575,4.304856777191162,3.774716766897335,6.507816791534424,6.124852185777309,6.06188440322876,4.70813168238698,8.01424503326416,6.411702689596509,7.309361457824707,6.070156379319335,5.801431655883789,5.759835427852931,6.156956195831299,5.973064580472746,8.229827880859375,7.469733408593714,5.599143981933594,5.756521112086038,5.140164852142334,5.007761463188478,5.500864028930664,5.3825102757143135
383,7.222536563873291,5.771978772940385,6.986804008483887,5.813262737992195,7.713242053985596,5.837850116810521,7.345041751861572,6.296567249663134,2.569535732269287,3.9745545263333546,4.101850986480713,2.855032267874267,5.20742654800415,4.439332278437546,6.612890243530273,5.730938994666402,6.543424129486084,6.01795822577332,6.48738431930542,6.560083855443476,5.224499225616455,4.6941551328153945,7.743064880371094,6.264243518551227,6.911014080047607,5.845723697812285
384,4.808149814605713,5.396756811010491,4.736344337463379,4.883996674289518,5.1010613441467285,4.9595997967678285,5.205081462860107,5.299587211221034,2.604358434677124,3.241237727359061,4.611724853515625,4.596415354156461,5.283618450164795,4.955078638367546,4.907650947570801,4.8065279456101795,5.77459192276001,5.473189440818511,5.316555023193359,3.4681046805037807,4.981657981872559,4.770803866139131,5.62989616394043,5.463891753875432,5.720510959625244,5.469734974916994
385,4.399730205535889,5.513539630289519,5.538569927215576,5.459481329210685,5.584012508392334,5.971713292370517,5.621068000793457,5.798278651985878,2.037564754486084,3.606213730395769,4.156420707702637,5.000862420652946,4.882552623748779,5.317513796636725,5.342720985412598,5.423162657113989,5.34794807434082,5.409503944392603,7.122502326965332,6.955395066872538,5.127678871154785,5.294198823297097,6.003315448760986,5.888895404793906,5.486095428466797,5.436384574471581
386,5.939208984375,5.279122810567285,6.596523761749268,5.7483574225667295,4.039177894592285,4.114874189536759,6.599162578582764,6.095126567019899,2.6582720279693604,4.510800312167552,8.207418441772461,6.179563437300353,7.341786861419678,5.875840115474897,6.6837358474731445,5.925397648701402,6.478647708892822,5.957901975787488,8.516152381896973,7.2256488686860845,6.505864143371582,5.750949318680685,5.019821643829346,4.877249142124871,4.174582004547119,3.72941749337643
387,8.070134162902832,6.2379798863013205,4.019102096557617,2.809450182291509,6.420123100280762,5.983651101918156,5.809686183929443,6.044483282360763,4.56244707107544,4.62202802490367,7.974233627319336,6.278096681357687,7.11091423034668,6.0152315908325535,5.966259479522705,5.295665404356041,5.992082595825195,5.828405263257085,8.271920204162598,7.269122517749068,5.226659297943115,5.329462942085186,6.304665565490723,6.012480493454581,5.381833553314209,5.471171112923514
388,5.228769302368164,4.501370098576525,6.301300525665283,6.01735918307696,4.910231113433838,5.3111785107682286,6.17401647567749,6.169484003133245,5.23968505859375,3.9902073443427972,5.293924331665039,4.442931192543399,4.198749542236328,3.5350309538834823,5.486508846282959,5.69162977409455,5.894749641418457,5.861431208938914,7.1388139724731445,6.946694142423237,5.602346897125244,5.386670003709072,5.676432132720947,5.864092545023293,5.321765422821045,5.52580581077235
389,5.042656898498535,4.374111690994267,6.5099310874938965,6.115451348590607,5.960240364074707,5.676859934723603,6.57192325592041,6.227730064011836,4.8692779541015625,3.8649606253461872,4.859748363494873,4.040703527542213,3.9462523460388175,2.993964005012168,6.093301773071289,5.773524008804578,6.099499225616455,5.876456035881266,7.147767066955566,6.89623202459403,5.585717678070068,5.324586053321102,6.782031536102295,6.084949978638977,6.004974365234375,5.614447752607961
390,5.505525588989258,5.358057833348774,4.507210731506348,4.94401617517522,4.254899978637695,4.9525884419310575,5.512637138366699,5.549126742668053,3.181547880172729,4.232581200463642,5.904837131500244,5.711374714287823,5.296047687530518,5.485005425494537,5.260948181152344,5.316866792194831,5.291955471038818,5.335026536045782,7.098022937774658,6.561712269210938,5.119080066680908,5.291608146522607,5.108161926269531,5.250722096314224,4.628668785095215,4.8276364183698925
391,5.475152969360352,5.288908599343076,5.643072605133057,5.501966485922669,4.304033279418945,4.205600200636618,5.833184719085693,5.8094376423829885,5.488089561462402,4.735588458810547,6.304781436920166,6.213888416915959,5.394291877746582,5.848418921251823,5.432677268981934,5.557408963661915,5.34126615524292,5.528685283207172,7.565421104431152,7.269706795663362,5.387373924255371,5.502446207756691,5.079153537750244,5.039774188068886,5.332633018493652,5.273587079761212
392,3.883453369140625,4.1927996618600085,4.476907730102539,5.162428519045607,4.675032138824463,4.924755574523778,6.45372486114502,6.113795081643696,4.377802848815918,4.381009945455775,4.858216285705566,5.5493689980383465,4.515951156616211,5.142285834451948,5.73603630065918,5.6774386369116385,6.042162895202637,5.938858194540589,7.676949501037598,7.05425846792227,5.658436298370361,5.6226847310389205,5.367548942565918,5.500283976208351,5.538256645202637,5.488095836551601
393,4.947967529296875,4.917927308781023,4.437201976776123,5.19996300360938,4.475698947906494,5.086255926791964,5.667201995849609,5.97916164374274,2.248340845108032,3.772248421623146,4.924376010894775,5.165918920818102,4.300797939300537,4.658487244599761,4.897421360015869,5.102660908822442,5.742770671844482,5.8030987531696105,6.065788269042969,6.6936657875943,5.461146354675293,5.439659725157896,5.436576843261719,5.665649963380356,5.077907562255859,5.351186441141736
394,5.581852912902832,4.892224127430509,6.466131210327148,5.788778116392616,3.843778371810913,2.917250820126059,6.483299255371094,6.117456808253672,2.659607172012329,4.591562843290859,7.1820902824401855,6.410225551039232,6.361581802368164,6.046421100684399,5.714112281799316,5.916108823750792,6.240609645843506,6.009800194829336,8.147217750549316,7.512490216360506,6.093411922454834,5.858064461473634,4.856033802032471,4.587885070003494,5.543666839599609,5.32095690539045
395,4.54335880279541,5.618666918623108,4.409323692321777,4.897376638532716,5.256696224212647,5.668385173701898,4.847775936126709,4.641932448391743,1.931439757347107,2.957514141003404,6.43435525894165,6.007368069575287,5.973301887512207,5.770982449998663,5.271473407745361,5.3122419439738255,5.341990947723389,5.385234154874495,7.515987873077393,7.164201736035315,5.4347076416015625,5.430137343957481,5.835057735443115,5.698767076330528,5.495274066925049,5.305286335776369
396,3.8770134449005127,4.157742540785529,5.838569164276123,5.525758350044418,6.006426811218262,5.450900390688944,6.02733850479126,5.950598617155485,5.521276950836182,4.395179924173485,6.027424335479736,5.8677430511833695,5.117548942565918,5.632367008211196,4.750515937805176,4.574882563803161,5.62230396270752,5.764360946240994,6.873079299926758,6.921630178453976,5.544261932373047,5.502460056792688,5.957640647888184,5.674506780122051,4.646491050720215,5.035958751480994
397,5.1948676109313965,5.090232113839692,4.431931972503662,4.928728883923398,4.388439655303955,4.8711638511762825,6.0622382164001465,5.867464216080567,5.239842414855957,3.927825023453447,4.488770484924316,5.1865936795805165,4.6543707847595215,5.1457303520158275,4.800220012664795,4.698057781050823,5.646846771240234,5.7441708881713875,5.885217666625977,6.4988514349454185,5.293975830078125,5.432876125286671,5.459847450256348,5.513792508985542,5.608207702636719,5.351041981595586
398,3.849955320358277,4.03955190610664,4.718585014343262,5.380833541590622,4.255825519561768,4.659983494127245,5.42893123626709,5.814139275934114,4.183009624481201,4.395802112560699,5.709102630615234,5.879330515378593,5.299649715423584,5.622683010459699,5.686254024505615,5.68567091777077,5.856544017791748,5.8957137483125726,7.443064212799072,6.90248384853725,5.208462238311768,5.589589445368914,5.140261173248291,5.304105791932318,4.5720319747924805,4.928528375888194
399,3.8858330249786377,4.340614290948185,5.880647659301758,5.566649606847604,4.35484504699707,5.049853850030437,4.9358625411987305,5.000291524959701,5.568119525909424,4.594916125963869,6.185113906860352,6.059011832047633,5.675236701965332,5.789683366723279,5.288744926452637,5.538370375370059,5.755640506744385,5.733557078688597,7.90507173538208,7.17173643101493,5.7522406578063965,5.6815432759285756,5.076944351196289,5.443579578710295,5.486698627471924,5.3660838059924405
400,4.634857177734375,5.539259828747015,5.6887640953063965,5.5730270388662015,5.495052337646484,5.46785411920019,5.451740741729736,5.882891344880572,2.1163175106048584,3.6108498148124006,4.139606952667236,4.492239119765317,4.879724025726318,5.096559658341544,5.559777736663818,5.595159325306833,5.523690700531006,5.720818582549176,6.83644962310791,6.699964602025954,5.403911113739014,5.412384849243868,4.673627853393555,4.881626098739842,4.772589683532715,5.228061991023928
401,4.289231300354004,5.168474329629218,4.623969078063965,5.316204097607692,4.258480072021484,4.877151848954276,5.03345251083374,5.273796490946656,2.795792579650879,4.343298769400743,5.296301364898682,5.795529945109548,5.623981952667236,5.662013897974925,5.561157703399658,5.587372475681436,5.587286472320557,5.703627378481564,5.383425235748291,6.462478303796619,5.499710559844971,5.577189118031478,4.80464506149292,5.021524191556964,4.523925304412842,4.834016674689321
402,3.8328311443328857,3.9368573076592006,4.335458755493164,4.944657305824282,4.412631511688232,5.007104891041842,5.765294551849365,6.039320650706601,4.325379371643066,4.5488089797561795,5.040577411651611,5.921124050022847,5.55497407913208,5.735641354534934,5.57039737701416,5.652658053775425,5.868358135223389,5.9719854939129196,6.287765502929688,6.951991452698957,5.781820774078369,5.720630583693204,5.431005954742432,5.60669190172122,5.597231388092041,5.438095865761251
403,3.899319887161255,4.2127266511066885,4.461461067199707,5.068792002868397,5.589946269989014,5.179612083421834,5.838519096374512,5.921886928688657,3.4812123775482178,4.067072346512421,4.948983192443848,5.250598669768029,4.847517490386963,5.2123322151265015,5.420548439025879,5.49893813327649,5.501951694488525,5.704747437098596,4.923732280731201,4.958373820065092,5.128950119018555,5.377588541115263,4.886202812194824,5.243063154576919,5.4514007568359375,5.311649930893955
404,4.196807384490967,4.352915095185481,6.078134536743164,5.800898537172263,4.219882488250732,4.686209224954277,6.16157341003418,6.062280337054927,2.443153381347656,3.840905756812438,4.781161785125732,4.954409995904658,4.194149971008301,4.3204020675144905,5.316181659698486,5.646290226670653,5.716443538665772,5.854316434049394,6.23772668838501,6.843728697716403,5.044610023498535,5.379387433681359,5.321207046508789,5.517050881864154,5.517413139343262,5.43268229572164
405,6.346347332000732,5.550714357545885,4.436015605926514,5.173980685449014,4.428888320922852,5.009000664863394,6.508035659790039,6.094675703399106,2.040851354598999,3.5007730413132103,7.546984672546387,5.941922038567613,6.876683235168457,5.740466031933653,5.799755573272705,5.785612231029068,6.031073570251465,5.891339929361973,5.578670501708984,6.5108340519516394,5.369450092315674,5.56430159028404,5.319435119628906,5.253421554663652,4.154239654541016,3.5080115982795848
406,5.506587028503418,5.208922729662224,4.495882987976074,5.150693832115393,4.03310489654541,4.061409652464287,5.0403828620910645,5.2277926332691695,2.2177398204803467,3.927550808202132,6.64434289932251,6.082192309029037,6.142004489898682,5.828450569420341,5.582727909088135,5.617911944498707,5.756886959075928,5.750635811510401,7.749588966369629,7.148371012808456,5.930520057678223,5.685434532798334,5.1238274574279785,5.07670350220602,5.454827785491943,5.268704187588134
407,4.300411701202393,4.7682913303242085,6.131816387176514,5.76149964617245,3.986993312835693,3.8413176198732355,5.5231804847717285,5.972811471962389,2.266143321990967,4.09914256270699,4.606564044952393,5.753232218225141,4.599262714385986,5.427212127364376,6.012321472167969,5.84999639273759,5.912887573242188,5.945102101905035,7.43715763092041,7.286369314707928,5.467930793762207,5.709379446467157,5.029560565948486,5.0398914660507605,5.508183002471924,5.407037931344318
408,6.240303039550781,5.865714318306087,5.322302341461182,5.995411107605375,5.451431751251221,5.960942092615785,5.60344123840332,6.171300427341455,5.334213733673096,4.633875267562643,3.7267255783081055,3.1453445585678197,4.966882705688477,4.732225506240086,5.79078483581543,5.9108950429875176,6.062350273132324,6.122900633332829,7.397554874420166,6.958794803487534,5.460861682891846,5.6493887697664675,6.314545631408691,6.300181192253125,6.064370155334473,5.871430107124638
409,4.641107559204102,5.305954409526532,5.576540470123291,5.456289609017566,5.288942813873291,5.072091701384844,4.963302612304688,4.969903422517469,3.02441954612732,4.131630058886332,4.514458179473877,5.094161210082432,5.225789546966553,5.306575240512608,5.149921894073486,5.388451042925534,5.521630764007568,5.580163798977796,4.917622089385986,5.170901358750062,5.375874042510986,5.440761256654582,4.765760898590088,5.006702223870872,5.314836502075195,5.260143286985398
410,6.986260890960693,5.887732764156733,5.44495964050293,5.048806807850973,6.025906085968018,5.8597443892602366,4.79151725769043,4.254709735689712,2.244826316833496,3.734477681771752,5.53941011428833,5.705705834657961,5.764404296875,5.595490135536705,5.231297016143799,5.11578673274649,5.263172626495361,5.089140196123112,7.386087894439697,6.717947114736361,5.337172031402588,5.209252399327344,5.8797287940979,5.6713611734893545,5.475497722625732,5.338371330659248
411,4.401761531829834,4.710857537277403,4.797924518585205,5.299294652762645,3.9859402179718018,3.6204777035178783,5.483858108520508,5.738573204634855,5.378511905670166,4.019980903217534,6.016917705535889,5.780890024823805,5.519956111907959,5.614902128901282,4.977712154388428,5.300783340956307,5.664454936981201,5.795548643734835,5.792605400085449,6.455185453760927,5.319760799407959,5.599210379873771,5.01306676864624,4.897137675613014,5.4793009757995605,5.226438939058317
412,3.6853535175323486,2.8170119985724824,6.115226268768311,5.771052945012314,5.444297790527344,5.320068975764935,5.728703498840332,6.070443015106581,5.671219825744629,4.741038131334606,5.350162029266357,6.025254132653044,5.759592533111572,5.766128968959193,5.075437068939209,5.45388084723513,5.978885173797607,6.023792288526978,7.644976615905762,7.035994850548368,5.860694408416748,5.771830846569394,6.242676734924316,5.830595556381024,5.435529708862305,5.473379255246646
413,4.848710060119629,4.662468774299423,6.243555545806885,5.838052337867035,4.42287540435791,4.819723201807671,6.365662574768066,6.065116700102299,5.072231769561768,4.118778969797485,4.650565147399902,4.911394147784276,4.199918270111084,4.286085487300323,5.398497104644775,5.696978145161065,5.96794319152832,5.87078754089878,7.088466167449951,6.517304680602623,5.549116134643555,5.501289856630169,5.3948187828063965,5.545392980780909,4.458199501037598,4.706814733744276
414,5.222966194152832,5.07680953571209,5.686601638793945,5.5977840087680955,6.295381546020508,5.729914869957503,5.278220176696777,5.707100403296837,1.9096063375473025,2.3669976398408243,4.413527011871338,4.852759307935025,4.218000888824463,4.411712301830964,5.42918062210083,5.506501264621583,5.326428890228272,5.5099948905362055,5.377546310424805,6.403368980981715,5.287432670593262,5.253795564861028,6.14227294921875,5.866940986692603,5.606492042541504,5.430777088091632
415,5.318968772888184,5.687337773801981,4.507190704345703,5.017019987772774,5.479909420013428,5.562191969359672,4.781275749206543,4.27800412789314,2.1662721633911133,3.823781621224002,5.339566707611084,5.935090201492878,5.228296279907227,5.7111614013935625,4.8837080001831055,5.0254504014078405,5.354743957519531,5.402256187433076,5.954492092132568,7.056579597907784,5.455203056335449,5.460086794818772,5.926078796386719,5.687546721946568,5.286622047424316,5.303232142594293
416,4.469718933105469,5.518288693697345,5.861780643463135,5.465733335802729,6.012916088104248,5.638395849370184,4.936502456665039,4.735658487186706,3.286349058151245,4.051573703835639,4.168359756469727,4.632638015973734,5.052253723144531,5.207726740790675,5.765276908874512,5.498832232798252,5.650725364685059,5.607768370456524,5.197297096252441,5.719453104876094,5.637674331665039,5.477731079383077,6.190370559692383,5.897675322195213,5.735105037689209,5.572829837784592
417,4.082001686096191,4.20303561812936,5.323818683624268,5.856731850359326,5.540677547454834,5.464600542754552,6.308666706085205,6.169682902874966,2.0547196865081787,3.180593899568093,4.395407676696777,4.420254389179429,4.121030807495117,3.8875361696141826,5.548937797546387,5.694242301209986,5.800679683685303,5.852334579208744,5.055828094482422,5.757099171986154,5.481340408325195,5.371434407389331,5.335495471954346,5.819275536283855,5.5084228515625,5.540614013893002
418,3.665641069412232,2.6562407068133003,6.092653751373291,5.8071279640607765,6.259844779968262,5.381795983749837,6.269684314727783,6.146961350500589,5.62197208404541,4.8496952197802345,6.146503925323486,6.113620802940203,5.623762130737305,5.78976873200467,5.254085540771484,5.62355936809723,5.859059810638428,6.020858116352046,7.83451509475708,7.11277494459213,5.70969820022583,5.780526209356012,6.496867656707764,5.855976030415182,5.800047397613525,5.49572334531249
419,4.949895858764648,4.819622278974755,4.716553211212158,5.507942667442904,4.542078971862793,5.217462038004051,6.281405448913574,6.1038589899592814,2.3596279621124268,3.50208983883102,4.2162699699401855,4.3537164031084945,4.157595157623291,3.877548214714608,5.27760648727417,5.510471883344779,5.787924766540527,5.787270546910505,5.569899559020996,6.447233422096833,4.838190078735352,4.7516925463725315,5.515784740447998,5.792070463290096,5.578190803527832,5.543522343955735
420,5.933719158172607,5.715968719158609,5.207188606262207,5.4852696321589764,5.056521892547607,5.765361498164611,5.941254615783691,5.9782473240487635,2.055948495864868,3.364401129725037,3.950963020324707,4.131239125126774,4.938376903533936,4.915217676385084,5.402839183807373,5.488163306789274,5.424910068511963,5.62327723935268,6.028848171234131,6.687775828662901,4.841997623443604,4.756324153064682,5.405794620513916,5.853982576343967,5.188845157623291,5.509482706506581
421,3.856677770614624,4.03445943322946,6.401585102081299,5.855387100444505,5.386610507965088,4.983599416176107,5.996656894683838,6.13099624705529,5.454947471618652,4.694473764128418,4.604061603546143,5.4034057560751725,4.695160865783691,5.275140972519894,6.312888145446777,5.767530343525613,6.07061767578125,5.970278426271321,6.26305627822876,7.06739307555337,5.864835262298584,5.6538128759245065,4.549074172973633,4.518924841325484,4.9667158126831055,5.175168716646552
422,4.493218898773193,5.023047164038612,4.394268035888672,4.763450322662482,6.114992618560791,5.412411831579536,5.824385643005371,5.817631246960697,2.56801700592041,3.3597911674681846,4.612361907958984,4.8260599143264775,4.499506950378418,4.772335161024914,4.800240516662598,4.599543567043004,5.663136959075928,5.655002823973777,5.277926921844482,5.62824892703391,5.426973819732666,5.267400689913591,5.993569850921631,5.7070212459567875,4.824855327606201,5.181132022054987
423,5.907586574554443,5.65441623479193,4.914586544036865,5.812948816420047,4.771795272827148,5.5060063604732274,6.588400840759277,6.320221331284102,5.385447502136231,4.614537601644471,3.793777942657471,3.458001015252811,5.015642166137695,4.833827039595841,5.983959674835205,5.902997108638357,6.19908332824707,6.1327866434360585,7.323113918304443,6.685305524402384,5.818861961364746,5.709038587532597,5.859735488891602,6.118261079261725,5.964645385742188,5.745931674790725
424,4.495658874511719,5.089746789400811,5.967477798461914,5.504464485673638,4.755148410797119,4.888288251474441,5.688938617706299,5.874812186825553,2.0322201251983643,3.1701642452247762,4.667466640472412,5.158862906751312,4.841166973114014,5.173559395052451,5.716617107391357,5.672325239826335,5.614279747009277,5.7595906986515795,5.385120868682861,6.21798480700724,5.579790115356445,5.487455874707801,4.6818952560424805,4.643820424696666,4.262811183929443,4.019377249480203
425,4.398210525512695,5.082821264729019,4.782915592193604,5.564264338152236,5.810553073883057,5.515068824257914,6.155989646911621,6.105309166543857,2.501916646957397,4.072578129277525,3.9631097316741934,4.105144551940232,4.463217735290527,4.651264647678129,5.223578929901123,5.545683364153532,5.654775142669678,5.872452524104779,5.260478496551514,5.896243361978216,5.2553887367248535,5.479645176624552,6.22883415222168,6.006545319856346,5.236502647399902,5.505488079367468
426,4.942922115325928,5.208850094123198,5.705700397491455,5.564586886978187,4.013508319854736,3.9978344665598997,4.980464458465576,5.134209500227025,2.11085057258606,3.982381157055986,5.609896659851074,6.205257862869035,5.861208438873291,5.919127090875408,5.901319980621338,5.6930644361957405,5.690310955047607,5.750371773738033,6.13833475112915,7.30918266952871,5.957354545593262,5.72367941018038,5.080233573913574,5.052066591808778,5.219090461730957,5.295818297874993
427,5.261141777038574,4.87456195304585,4.745338439941406,5.392672155196189,3.939899444580078,3.25564443574359,6.257105350494385,5.982453542395056,2.24314546585083,4.031410882599207,6.669626712799072,6.064649909468835,6.008545398712158,5.7716281873264,5.19382905960083,5.588527241569907,5.85286808013916,5.877446956069135,6.579544544219971,6.824990056873573,5.028560161590576,5.348865048898041,5.065147399902344,4.829471123871849,5.507621765136719,5.243910890953525
428,5.626219272613525,5.730852060631816,4.235223770141602,4.664440954066427,4.537117004394531,5.230027207111808,5.344070911407471,5.7846109346888035,2.165969133377075,3.856948974720533,5.821221828460693,5.900052114585688,5.242068767547607,5.665096675737375,5.467135429382324,5.573590733209375,5.57191801071167,5.762779085628814,6.181768894195557,6.935592902929419,5.064623355865479,5.360284090373188,5.33130407333374,5.378210719059759,4.262725353240967,4.1137677056535
429,6.94798469543457,6.126771935438285,4.08446216583252,4.086129996507208,7.050154685974121,6.070253042316638,6.57780647277832,6.276341756623314,5.640525341033936,4.724520720069537,4.0767927169799805,4.902412132434964,5.238319396972656,5.495237269278818,5.73887300491333,5.606354080618826,6.15858268737793,6.01935334746152,7.554361343383789,7.192244126420709,5.806443214416504,5.625640036447807,7.040665626525879,6.20577732077631,6.1071367263793945,5.701361761634834
430,5.041747093200684,4.648515999842104,5.565832614898682,5.649435403691109,4.70695161819458,4.982433806608083,5.527244567871094,5.820013988596843,4.928049087524414,3.7013790558208424,4.58638858795166,4.4499973059728175,4.208943843841553,4.061499090832259,5.821796894073486,5.633524979909786,5.698617458343506,5.747213202760977,5.167253494262695,5.702662410147072,5.554545879364014,5.363628903181851,4.768353462219238,5.028728973313443,4.532474994659424,4.813904964469144
431,4.364801406860352,4.608898738285686,5.99787712097168,5.7378704049203435,4.204079627990723,4.554795333071571,5.737418174743652,6.036015912535381,2.599745512008667,3.816239858954486,5.211972713470459,4.779629198984079,4.383703708648682,4.566941600540278,6.073709487915039,5.708299485869658,5.843025207519531,5.765340287143501,4.756647109985352,3.939752558826313,5.371259689331055,5.361141195684283,4.62899112701416,4.705033982130934,5.404289245605469,5.290612065200318
432,6.998869895935059,5.76161923576798,5.176718711853027,5.077446478120824,6.476058006286621,5.964257805778609,5.6456828117370605,5.445777449526366,2.0012528896331787,3.580178524797941,6.278384685516357,5.780243744029776,5.985635757446289,5.535597404226851,5.213203430175781,5.097830240705864,5.098790645599365,4.918443265030245,5.331248760223389,6.111556092534604,5.204738616943359,5.0019083264056245,5.819367408752441,5.656049149748414,5.073655128479004,5.167133902682867
433,4.011447429656982,4.60641622659432,4.574044704437256,5.341258092175479,5.513064861297607,5.087357316182347,5.963185787200928,5.97349314564989,5.529353141784668,4.625832954294678,4.995176315307617,5.577775965804614,5.449742317199707,5.5266776371751485,5.274106502532959,5.515848798713883,5.517186164855957,5.75843106610019,6.463050365447998,6.868298614398632,5.502408981323242,5.520577885684375,4.568106174468994,4.527685715369277,5.238303184509277,5.164742225238014
434,3.921776294708252,4.170268062428026,4.851618766784668,5.567607056528494,4.903517723083496,5.136403899955994,6.082503318786621,6.084026657863892,2.2904367446899414,4.107855033958069,4.497546672821045,5.254015255094368,4.752224445343018,5.2759494949820525,5.030079364776611,5.338407191701246,5.76362419128418,5.894666448165657,5.276257038116455,6.218072338902278,5.233946800231934,5.5237136052757805,4.8485941886901855,5.190233487093303,5.423151969909668,5.352804198111908
435,5.800971984863281,4.888265043122768,6.672493934631348,5.7978542711401655,3.839930534362793,2.8598967618646047,6.5865397453308105,6.120203245355691,5.815310001373291,4.710408116801733,8.275137901306152,6.437364764230761,7.356931209564209,6.064951022118779,6.179332733154297,5.950856708253633,6.410546779632568,6.015882959700458,8.495198249816895,7.525068345583093,6.340561866760254,5.8700555271315755,4.968907356262207,4.58482639891562,5.60162878036499,5.324053665506145
436,6.583149433135986,5.777732090659074,4.347465515136719,4.831603432808646,4.941177845001221,5.519281558875648,4.766026020050049,4.187944407032407,5.852208137512207,4.408422647015244,7.22591495513916,6.077110565235866,6.798583030700684,5.835472563646465,4.877891540527344,5.010408836930394,5.632714748382568,5.452015707036374,8.00729751586914,7.191015851981788,5.772973537445068,5.515047745928939,5.792938709259033,5.6866834907465345,5.585450172424316,5.342133567626498
437,3.888458490371704,4.0574290112036975,5.171818733215332,5.760050446238684,4.5583815574646,5.222720270250301,5.652670383453369,6.056249012333653,4.002662181854248,4.530077081944317,4.154731273651123,4.960788001055115,5.039878845214844,5.3580287251649095,5.277353286743164,5.66989900547514,5.995447635650635,6.041482740318912,7.125418663024902,6.932138013384532,5.745564937591553,5.738527003025111,5.649895668029785,5.824065850696663,5.718545913696289,5.561769909975901
438,4.113150596618652,4.646594358036327,5.312324523925781,5.583398945281559,4.663310050964356,5.242947643476927,6.16813850402832,6.100731135700698,1.920968770980835,1.7418828063803968,4.139989376068115,4.549810684819757,4.976232051849365,5.116294626457603,5.675570011138916,5.698544574520079,5.660961627960205,5.865495490237628,5.106928825378418,5.620159489929993,5.123427391052246,5.3734335117183,5.465445518493652,5.7464705456027945,5.529974937438965,5.481553951145242
439,5.306111812591553,5.644175937169497,4.42251443862915,4.760847342563657,5.990163326263428,5.757314499277234,5.680471897125244,5.89956767413241,1.9334782361984253,1.4065397772532784,4.094286918640137,4.138216473383013,5.022796630859375,4.983422166638397,5.014059543609619,5.162549137174252,5.628658294677734,5.721518931852179,7.238528251647949,6.19366377214182,5.299432277679443,5.321345043518704,5.691247463226318,5.823831476797174,5.704258918762207,5.562497079384027
440,4.612732410430908,4.976307556375106,5.006150245666504,5.71036201800541,4.207955837249756,4.83029099574932,6.345605373382568,6.1301690079689415,1.9945387840271,3.233311660105273,4.888962745666504,5.280851537844588,4.351675033569336,4.84187770543121,5.927206516265869,5.803656329994526,5.980244159698486,5.901042733564532,7.339488506317139,7.031099099653369,5.634166240692139,5.543445254705988,4.838749408721924,5.092326970808362,4.376492023468018,4.604396619286272
441,4.646247386932373,5.4197309576131305,5.609516620635986,5.308952610882549,5.772938251495361,5.213302320249671,4.8508501052856445,4.656347932201924,5.712298393249512,4.177592472584624,5.682497501373291,5.504485192279931,5.752960205078125,5.465077896318359,5.115424156188965,5.279917035319834,5.329930305480957,5.390516962333859,5.07405948638916,5.480569602030855,5.274806976318359,5.349662212825955,4.723210334777832,4.94902387261433,5.389644622802734,5.224033345148254
442,5.112617015838623,5.205445380613988,5.000236988067627,5.472314122812074,4.14233922958374,4.545154872332964,5.124039173126221,5.467495087336041,2.0412256717681885,3.477175285738172,6.045031547546387,5.585505719338748,5.39846658706665,5.47934497369622,5.64506196975708,5.604293097476431,5.680864334106445,5.7305675111989895,5.914718627929688,6.913526551376868,5.15390682220459,5.41763735980026,4.498696804046631,4.142260335280079,4.586608409881592,4.76653417212154
443,4.110231876373291,5.136451154239213,4.232210159301758,4.603656499924693,4.8323493003845215,5.535832267127747,5.727710247039795,5.886354230046618,5.396133899688721,4.290498823596087,5.394773960113525,5.67439928774857,4.70098876953125,5.33573808942868,5.301606178283691,5.336670219689116,5.38071346282959,5.576795840026529,5.7434844970703125,6.710740713833785,4.770346641540527,4.735384115752762,5.510488033294678,5.697763045378338,4.613115310668945,5.014629247402524
444,5.64333963394165,5.893957559610641,5.1033806800842285,5.051534789350838,6.275296688079834,6.115104382880658,5.596747398376465,5.348905408355565,5.644503116607666,4.807938315189153,6.631275653839111,5.955163793137087,6.01814079284668,5.615088326205749,5.172857761383057,5.0135615830721525,5.12042760848999,4.8130822624273435,7.311055183410644,6.914767160463013,5.176417350769043,4.977290249567271,5.799112319946289,5.670933788882088,5.375274658203125,5.190337741234571
445,4.892921447753906,5.631198670487514,4.199955463409424,4.568514327995943,5.6462225914001465,5.665964916025371,6.145896911621094,6.137527246811568,1.8706234693527224,1.1799178548469265,4.486689567565918,5.468571700399813,4.910102844238281,5.547572016657496,5.51133918762207,5.617562304992665,5.61897087097168,5.858390322437,5.484919548034668,6.731939788597294,5.245795249938965,5.493312855326732,5.91038703918457,5.779863402755255,4.543788433074951,4.88231515728907
446,4.067515850067139,5.034219216584717,4.132992267608643,4.251669105806694,6.312550067901611,5.640593380556806,5.214938163757324,5.603884037313048,1.9270250797271729,2.445321690403311,6.954474449157715,5.881324012454865,6.418799877166748,5.7599562361743795,5.46959400177002,5.421027346445379,5.730238914489746,5.775118109350314,6.039298057556152,6.780105668643433,5.189655780792236,5.415499390292119,6.279129981994629,5.853837946336594,5.492339134216309,5.444681506507306
447,6.73659610748291,5.539489255874815,5.128331661224365,5.333780670020312,4.947035789489746,4.890801988977976,5.770112037658691,5.807049803431895,3.9287359714508057,4.464830761221622,4.737759590148926,5.250235306842508,5.400656223297119,5.297046196184444,5.4535651206970215,5.488403753322823,5.387251853942871,5.539461931816148,6.591578960418701,6.895886744543537,5.425288200378418,5.35934864306898,4.46330451965332,3.944219329113644,4.593857765197754,4.777386862942389
448,5.6072998046875,5.670923934922053,4.329135894775391,4.862671403728251,4.883429527282715,5.307509452787879,5.046178340911865,5.351983732534375,2.0234298706054688,3.5113992719603404,5.772294998168945,5.7427592151007145,5.210831165313721,5.575784616236135,5.336911678314209,5.444126607679647,5.428135395050049,5.572289421688252,7.445510864257812,7.055018785706345,5.46649694442749,5.439519678302724,4.721635818481445,4.901759475127373,4.557698726654053,4.859998510029457
449,5.782568454742432,5.489175842695076,5.616300106048584,5.491102345432752,4.1830573081970215,4.984873390393858,5.252102375030518,5.6255985359217044,5.502833366394043,4.702950411950194,4.641533851623535,5.560918570718035,5.292159080505371,5.5281306581588705,5.355354309082031,5.48216894803592,5.296535491943359,5.487688459987251,6.102347373962402,7.071456416307387,5.2729010581970215,5.402950503428929,4.61761999130249,4.620959021289109,5.308640003204346,5.163387314534372
450,5.197357177734375,5.642397473671175,6.341883182525635,6.0639157706414775,6.584165573120117,5.950116102672634,5.618814945220947,6.168840912084269,5.188608169555664,4.532749990853636,3.736741304397583,3.2205229688137855,4.452186107635498,4.4533701026692905,6.098877429962158,5.909264977379355,6.063680171966553,6.093034084189277,7.332191467285156,6.950839571537229,5.728965759277344,5.642829523282645,6.657983303070068,6.284827553249518,6.108801364898682,5.841985958983188
451,4.349031925201416,5.300377548347303,6.507342338562012,5.884409106810775,5.742165565490723,5.604997937692156,6.494049549102783,6.292064136297759,1.9521421194076536,2.544428545691847,3.961137533187866,4.289511255376403,4.806986808776856,5.0873896654266115,6.242775917053223,5.923412720332961,6.273590087890625,6.083477659555888,6.7054443359375,6.925424074192399,5.623368263244629,5.662151741770345,5.8371195793151855,5.872672300355741,4.482755184173584,4.833758947922874
452,3.954290628433228,4.136524938478663,4.881842136383057,5.598959454217897,4.047090530395508,4.136347052514416,6.285062313079834,6.166949280096468,1.912229895591736,2.5627729422132877,7.256685733795166,6.161395356600792,6.815146446228027,5.910048686857754,6.112508296966553,5.8539320022223045,6.267984390258789,6.031452602748395,8.077376365661621,7.296187795896177,6.180108547210693,5.791926698193986,5.132742404937744,5.194566036251911,5.573215961456299,5.402443975035995
453,6.59527063369751,5.820331069204374,4.748709678649902,5.471133125117728,6.595398426055908,5.773619230141203,5.254741191864014,5.666657824692564,5.387916088104248,4.285133891094611,3.864640951156616,3.828690315823336,4.982828140258789,4.862610481921974,5.502986907958984,5.603147270975094,5.728396892547607,5.854999672635012,6.191890716552734,6.737684180709701,4.9524126052856445,4.921628610065016,6.401106357574463,6.110683790966921,5.361879825592041,5.670371688672903
454,6.032599925994873,5.369162003555773,4.640280246734619,5.111188880090069,4.7777628898620605,4.967423843226045,5.99724817276001,5.830275782977108,3.2062413692474365,3.899465653209422,4.193691730499268,4.2914769618444595,4.975154876708984,4.862298093544877,5.517831802368164,5.506488973446059,5.504434585571289,5.66961704057774,5.372091770172119,5.850409406079169,5.229854583740234,5.3560867766300415,4.6390228271484375,4.555074139322564,5.308143138885498,5.171276291526727
455,5.832964897155762,5.66563516939487,4.1548357009887695,4.15213234121488,4.993048667907715,5.657954828929194,6.249515056610107,5.971948763364496,2.245844602584839,3.663466864489373,4.844484329223633,5.7155494187957085,5.09686803817749,5.643017596270181,4.70815372467041,4.229379170913698,5.883111476898193,5.7274487620498435,7.567958831787109,6.986973359996317,5.0753936767578125,5.195718156767492,5.992115497589111,5.820718954976492,5.787426471710205,5.490466859098914
456,6.070656776428223,5.874806869194388,3.978206634521485,3.6906512166471277,4.302952766418457,5.228859742473121,6.108303070068359,6.100042883272535,3.9603288173675537,4.674585138030818,7.304154396057129,6.307789832731216,6.724170207977295,6.030848724368875,5.487372875213623,5.492296659552273,5.644515037536621,5.85535182069734,5.777092933654785,7.071953421985942,5.652141571044922,5.598859990441577,5.34791374206543,5.650202434045251,4.953810691833496,5.353144155702235
457,3.815529108047485,3.7960295676590405,5.429760456085205,5.510299542286155,4.109123229980469,4.316495778157382,6.176830768585205,6.015244082980031,5.379638671875,4.478954073465874,6.066825866699219,5.917044853020872,6.048325061798096,5.665767554436876,5.404883861541748,5.67162006875128,5.751405715942383,5.910406866594093,6.46125602722168,7.00044543871641,5.58897590637207,5.702616950653618,4.910610675811768,5.011555223687798,5.285627841949463,5.350028103324917
458,6.265764236450195,5.848103295484475,4.553928375244141,5.4794456772389655,5.385609149932861,5.875294908732021,6.02976655960083,6.301811842476594,5.507327556610107,4.622451449295344,3.8188939094543457,3.610561569098291,4.976113319396973,4.908299537023331,5.722446918487549,5.829426490132251,5.849402904510498,6.077805716628972,5.604549407958984,6.6249707229730035,5.627470016479492,5.6493109524648,6.178955554962158,6.231127075729292,5.388075828552246,5.740103538677772
459,4.887962341308594,5.484402295667545,4.829727649688721,5.18958638437511,4.254770755767822,5.152887172645586,5.566000461578369,5.633932279351827,4.2292327880859375,4.511035905798782,6.18474006652832,5.990984062369672,5.838155269622803,5.709237412761131,4.7859086990356445,4.785172360288845,5.268774509429932,5.285518608758796,7.357034683227539,7.015074132262698,4.9603190422058105,5.192748632748616,5.242706298828125,5.381900667776213,5.350817680358887,5.280309134621319
460,5.369075298309326,5.8536289239906125,5.005438804626465,5.088939747506486,6.175848484039307,5.996054352611262,5.124509811401367,5.224402155331841,4.106558322906494,4.724613280019874,6.441728591918945,5.95241188690467,5.971763610839844,5.629066431969098,5.180827617645264,5.0869725926938605,5.142205715179443,4.924281315889167,7.274403095245361,6.928331177079203,5.205584526062012,5.0662062706878235,5.710737228393555,5.635559899595973,4.795752048492432,5.041954716141447
461,4.256266117095947,5.415961313823077,5.407951354980469,5.336266406373011,5.910158157348633,5.934435289957623,5.732260704040527,5.677809419731949,4.157074928283691,4.703843908550597,4.331719398498535,5.314549620722126,5.040685653686523,5.413369292974988,5.124053001403809,5.262924988162117,5.284790992736816,5.27139121995951,7.29680871963501,6.91518587790422,5.267833709716797,5.235795345220985,5.760101318359375,5.782911331568129,5.401036739349365,5.3792690021787
462,5.732804298400879,5.762121577317371,4.105599880218506,3.969585330002367,4.60750150680542,5.438245107484015,5.552296161651611,5.8171284815663,2.44948410987854,3.9709379616631124,6.158680438995361,5.804458599846746,6.044579982757568,5.676050163952038,4.80322790145874,4.66342805587244,5.427704811096191,5.587096210854971,5.451014995574951,6.290506659672872,5.135637283325195,5.302198759996904,5.293679237365723,5.539099986251068,5.559724807739258,5.394565913141489
463,5.086912155151367,4.828759317911528,6.213994026184082,5.871876714153528,4.605612754821777,4.94806891730474,6.203928470611572,6.090836407064191,5.1114606857299805,4.340972759164694,5.180278301239014,4.848077963577141,4.247862339019775,4.402478216629089,5.920554161071777,5.708983711517841,5.800387382507324,5.829919674429526,7.304583549499512,7.051414928870476,5.598286151885986,5.442163393457538,4.454410076141357,4.226539389668926,4.934688091278076,5.094690382118498
464,4.189034938812256,4.559292263281936,6.110116958618164,5.7015655603940685,3.995311737060547,3.6070979185584258,5.89476203918457,6.007672442598167,5.378580093383789,4.634521921705178,4.743282794952393,5.931807855330829,5.300909996032715,5.760561700330466,5.86265754699707,5.805163542505718,5.738576412200928,5.920484324693703,6.819346904754639,6.886014153234299,5.551863193511963,5.759707175492018,5.022156715393066,5.003018772392388,5.48981237411499,5.2843292020112855
465,6.535306930541992,5.887491268075634,6.696597576141357,6.141519707233756,7.1350297927856445,6.062868992961248,6.910853862762451,6.453573638761719,5.370954513549805,4.681024173962937,3.687921762466431,2.7622283034443327,4.983170509338379,4.596124294244057,6.233344554901123,5.998181276659811,6.380162715911865,6.210388070860226,7.389928340911865,6.934497311933196,5.844550609588623,5.710626914761833,7.443771839141846,6.396375640342073,6.591736316680908,5.943898140474709
466,4.002506256103516,4.818412635142616,4.288987159729004,4.921750366437488,4.814638614654541,5.469722471671426,6.451815128326416,6.1759136915238075,1.9306299686431885,2.6529742097856284,4.77829122543335,5.785653793104653,4.885862350463867,5.629365921326056,5.790686130523682,5.713042973790777,6.027515888214111,5.972500369526995,6.050642967224121,7.066670486838486,5.760786056518555,5.644756076824418,5.647247314453125,5.7033129346681,4.457949638366699,4.751703563928456
467,4.9350128173828125,5.59686383562563,3.986933469772339,3.375056904025773,6.24171781539917,5.594854040793979,5.696924209594727,5.857150725397895,1.9275133609771729,2.094462216597046,6.294578552246094,5.638596700793057,5.983438491821289,5.600392504271342,4.929960250854492,4.99480159232201,5.772108554840088,5.747777517803864,5.598513603210449,6.424238098456284,5.1700439453125,5.323877627441304,5.584389686584473,5.725666121254536,5.734212398529053,5.322990147126896
468,4.904253959655762,5.557208588698192,6.28438138961792,5.990717704849961,6.818355560302734,5.890543793378383,5.42385721206665,5.915361532936866,5.306197166442871,4.502402078731642,4.013052940368652,3.561785921242496,4.503335952758789,4.535744631172569,6.193831443786621,5.8447352297684745,6.023817539215088,6.0124693461292855,7.807405948638916,6.978286118014203,5.684819221496582,5.623302695695725,6.787547588348389,6.215303848711472,6.125359535217285,5.77635405041428
469,3.821445941925049,3.9171389706524518,4.784838676452637,5.5828842228279765,5.947858810424805,5.424746351681451,6.054779052734375,6.11125132888365,2.702115058898926,4.499688971364839,4.431759357452393,5.4474640871169,4.966282844543457,5.490628938623478,5.72496223449707,5.752137967300442,5.718807220458984,5.970340688040411,5.901360988616943,6.754141461255235,5.620977878570557,5.6904377375334905,5.924731731414795,5.778223794416478,4.57034158706665,4.959014032453622
470,3.950657367706299,4.179538348193056,4.824036121368408,5.4137078793185,4.589230060577393,5.068404138470373,6.334172248840332,5.965496007710176,4.539058208465576,4.215496094315457,5.05405330657959,5.520643937875328,4.768784999847412,5.33465464947867,4.7996368408203125,4.684478444865899,5.919779300689697,5.809271702991691,5.429555416107178,6.3579516509732015,5.34654712677002,5.48778404360327,4.996601104736328,5.327919943988535,5.516287803649902,5.338498821581846
471,4.541354656219482,5.740220762916809,4.087581157684326,4.12813639850869,5.54692268371582,5.805905878716351,5.860666275024414,6.139555167734003,5.359763145446777,4.5203899734986885,4.340141296386719,5.402248418760043,4.717194557189941,5.4439563551959536,5.3252854347229,5.497176822051202,5.782476902008057,5.901366838877578,5.844870090484619,6.890392949134846,5.12675666809082,5.4123934452910305,5.534567356109619,5.921182475793781,4.772029399871826,5.2830538969164795
472,5.87486457824707,5.3436914458290286,5.489416599273682,5.055144749717908,5.927030563354492,5.38238477055309,5.216517448425293,5.26632586072784,2.195587396621704,3.3761072381162878,7.026896953582764,5.6253337607319525,6.401721000671387,5.497534104516224,4.732054710388184,4.10453712495911,5.372062206268311,5.2711866304552455,7.451639175415039,6.352731139919013,5.11536169052124,5.143327365528697,5.824573993682861,5.552887320633991,5.650928020477295,5.202514771445783
473,5.051814556121826,5.172568090940364,4.527820110321045,5.2981943003160525,4.058934688568115,4.238459142111863,5.417558670043945,5.8224498079855795,5.796866416931152,4.5395140036308845,6.337335109710693,5.738728425537446,6.2695183753967285,5.596011261924147,5.595459938049316,5.640146389293113,5.870684623718262,5.820776451326933,7.574590682983398,6.909489733009506,5.238816261291504,5.497584869461352,4.496314525604248,4.092002110924134,4.645666122436523,4.817864102511452
474,4.201425075531006,5.276954554409461,5.22691535949707,5.182210683021141,5.774718284606934,5.746186922634421,5.086131095886231,5.208720438029501,5.420075416564941,4.7026661789831286,6.410722732543945,5.9306684214866205,5.917154788970947,5.623484493470501,5.152381420135498,5.166398353867908,5.179822444915772,5.106558868489405,6.4764556884765625,6.776413162673817,5.1627197265625,5.204665380167234,5.654714107513428,5.646782739927185,5.376471042633057,5.2126089750840165
475,3.9583117961883545,4.38425206167499,4.846047878265381,5.215768164763356,6.051933288574219,5.483185588956815,5.588679790496826,5.703581684579716,1.9934861660003664,2.993041451060315,6.042580604553223,5.536201148362382,5.642630577087402,5.415688178177367,5.19951057434082,5.340456811794223,5.292444229125977,5.411878108907274,5.022175312042236,5.2674439364966466,5.229632377624512,5.291144897296188,5.962066650390625,5.67357380293975,5.08755350112915,5.234290005995159
476,4.970915794372559,4.730547170530056,6.057160377502441,5.830834095058709,4.292214393615723,5.032894583800062,5.56614875793457,5.990219942513183,5.086600303649902,4.108250009835979,5.03098201751709,4.820182032421906,4.191709041595459,4.246949208326469,5.03373908996582,5.391371936405992,5.794203281402588,5.816272391367654,7.235206604003906,6.977074767266346,5.469729900360107,5.420241856551183,4.718608379364014,5.032921352202078,5.47581672668457,5.338737361784226
477,3.938660144805908,4.386274625241499,4.828697681427002,5.357116894238191,4.516269207000732,5.120516225185715,5.976233005523682,6.0399150702241515,2.704274177551269,4.066710935217787,4.28218412399292,4.9348599529811885,5.037449836730957,5.1623816019106865,5.469257831573486,5.51902656401292,5.634452819824219,5.8011973080956025,5.443048000335693,6.188117843374099,4.855469703674316,4.663823641986745,5.190944671630859,5.580829937965905,5.05762243270874,5.432771160915658
478,4.205249309539795,5.004333949769801,5.919673442840576,5.438155589229882,4.870547294616699,5.15314744604382,5.017243385314941,5.143649073149918,2.0108838081359863,3.1029548089187604,4.52745246887207,5.316325631070957,4.564979076385498,5.122339749520175,5.817137718200684,5.572918876140439,5.672253131866455,5.677056076479459,7.270777225494385,6.747664553702019,5.502569675445557,5.523049670237542,5.505107402801514,5.503136848265366,4.573865413665772,4.905993762736754
479,4.072547435760498,4.4451021576052145,5.50978946685791,5.6417163742830905,4.494575023651123,5.418710778851841,6.036932945251465,6.028205121742697,2.0628552436828613,3.043609483641134,4.805734634399414,4.642230468768872,4.179291725158691,4.185590156505391,5.265263557434082,5.51567373386684,5.621752738952637,5.733170001404249,7.153934001922607,6.576907205501755,5.152983665466309,5.299088932150496,5.043935298919678,5.539103870193106,5.490246295928955,5.508168925241698
480,3.6600377559661865,2.706705772243843,6.757553577423096,5.8582442145879945,5.477313041687012,5.187785389503213,6.830060958862305,6.189976360130244,5.784328460693359,4.8717070789147705,7.490915298461914,6.043670044375055,6.68355131149292,5.757000067308971,6.521080017089844,5.795172706065516,6.458038330078125,6.0791872227733545,8.283133506774902,7.144966856536291,5.623854637145996,5.779661911345782,4.969480514526367,5.435872624504169,5.679390907287598,5.416610449875015
481,4.044738292694092,4.6974413035361255,6.329199314117432,5.771379095531741,5.485617637634277,4.856354811077933,6.584392070770264,6.0935086430539664,5.706451416015625,4.704703335242814,5.332832336425781,5.693895466092579,5.396079063415527,5.555335914123609,6.500153064727783,5.791256118027657,6.303020000457764,5.927502750954741,8.102362632751465,7.1182739167737,6.106468200683594,5.647727710802463,4.505738258361816,4.218994526555092,4.289515972137451,4.1815259023853235
482,5.139723300933838,4.871263723599255,6.368029594421387,5.656742780177581,3.9849369525909424,3.9112701542036863,6.400641918182373,6.005790237555221,5.251541614532471,4.356570792251621,5.514607906341553,5.450684464530949,4.678421497344971,5.184718254890117,5.904426097869873,5.672840163777206,5.996901035308838,5.833305914790273,7.33901834487915,6.8705482959696695,4.995110511779785,5.204599858629031,4.488178730010986,4.036709512007556,5.125194549560547,5.0538657009458055
483,5.373537540435791,5.313795244444417,5.715795993804932,5.532657077437731,6.179722785949707,5.235994504287327,5.55467414855957,5.884789074372962,2.593994140625,3.9432622685285814,5.24627685546875,5.391836198090868,4.536092281341553,5.077982279577013,4.894637584686279,5.187841642611129,5.718686580657959,5.764086792350161,5.649146556854248,6.643566758477947,5.171841144561768,5.40737506168198,5.553464412689209,5.339290209419749,4.18707799911499,3.7871501382407455
484,3.82900071144104,4.180642649700998,5.681763648986816,5.163042281354009,5.800894737243652,5.10509235332794,5.090254306793213,5.298163681647331,5.686020374298096,4.028446603089575,6.096860408782959,5.589747693904742,5.526044845581055,5.35875736633931,5.048929691314697,5.214671809543106,5.536782741546631,5.595597331184157,7.442521572113037,6.684792494639243,4.823975563049316,4.720053002046905,5.486518859863281,5.451029201392291,4.873215675354004,5.252493978464417
485,4.763914585113525,5.466670019275422,5.43760871887207,5.542419440757553,5.825754642486572,5.651849687471755,5.928656101226807,5.983688811866484,2.008453369140625,3.0918235878121996,4.13001012802124,4.7242559262763,4.810462474822998,5.194763148244781,4.869993686676025,4.9657640877960025,5.517627239227295,5.690112604513007,7.379522323608398,6.9315112535234995,5.130301475524902,5.3530321204638085,5.043447971343994,5.51284100439404,5.045987606048584,5.385434987032227
486,5.875107765197754,5.432798538514117,5.763558387756348,5.497276135834728,4.416950702667236,5.229557533986232,5.865790367126465,5.98999137134165,1.8533339500427248,0.5026330713099466,4.654082775115967,5.601116726114297,5.337526321411133,5.607395793535487,5.53212833404541,5.682776109669113,5.486057758331299,5.7023298835868195,7.359074592590332,7.086066428753748,5.483935356140137,5.489116899776753,5.332417964935303,5.4021373385222615,4.3559184074401855,4.420287831625253
487,3.743875741958618,3.505570990882481,4.265920162200928,4.918707761449395,6.4127397537231445,5.550298201981532,6.634077548980713,6.198731660136147,5.759077072143555,4.868472763978768,7.325635433197021,6.229204308338519,6.850773334503174,5.915552924527328,5.904971599578857,5.675621294803919,6.362052917480469,6.052247296919785,8.365721702575684,7.214130559192437,6.183045387268066,5.775240250815892,6.643879413604736,5.93628969800733,5.8228044509887695,5.521937830094166
488,6.5590667724609375,5.906668636425035,6.069094657897949,5.823153893205945,6.40992546081543,5.980034218058311,5.222023010253906,5.625102766388244,5.373781204223633,4.387009749482499,3.8122031688690186,3.505453342649206,5.013508319854736,4.856681869409434,5.872705936431885,5.756782745225159,5.936903953552246,5.935445892818446,7.501558780670166,6.795917358047482,5.740854263305664,5.599865169313692,6.533910274505615,6.199910525305927,5.969894886016846,5.813505250161795
489,6.6871337890625,5.5772898431800675,4.132242679595947,4.082787362225552,5.973181247711182,5.298989288575296,5.118847370147705,5.28336486709949,2.033289670944214,3.0991210803372558,6.052632808685303,5.521426654249933,5.708893775939941,5.4428415945623385,5.279244899749756,5.213278179688041,5.376922607421875,5.471650470339043,4.989552974700928,5.161836062937833,4.915621280670166,5.005018513162428,5.956429481506348,5.700984758726526,5.477127552032471,5.276166997868393
490,5.1118693351745605,6.133335814072079,3.885143280029297,2.9123855480177805,5.146463394165039,5.914727929443503,6.528425216674805,6.144064437591354,3.3216686248779297,4.615092813255039,6.577467441558838,6.254673345902924,6.477502346038818,6.027706202705748,5.631814002990723,5.367974872210964,6.051531791687012,5.866762906677738,5.499813079833984,6.723994197913274,5.849684715270996,5.542719168844595,6.042603492736816,6.008769826819985,5.256569862365723,5.476046359031134
491,3.734356641769409,3.088776064384994,5.771868705749512,5.645650966187358,5.851480960845947,4.972508396262294,6.39591121673584,6.019830103701861,5.638620853424072,4.523272550185724,5.588533401489258,5.810906105832664,5.647956371307373,5.598787628937194,5.166884422302246,5.47229836598271,5.929489612579346,5.9586562387737745,5.59520435333252,6.231706435451284,5.75243616104126,5.715061163211307,6.042483806610107,5.682341055827616,4.773600101470947,5.072121025027817
492,5.151930809020996,5.199961683726244,6.263411521911621,5.490865807456894,4.65595006942749,4.899931578989468,6.459784507751465,6.060199963192088,1.8161355257034304,0.2573556526340841,5.757080554962158,5.405006671061676,5.871706485748291,5.42503753896857,6.10343599319458,5.796147430487653,5.938854694366455,5.83530112704467,5.009681224822998,5.228452833051579,5.845457553863525,5.50356340371683,5.021359920501709,5.077912997844572,4.169310092926025,3.6601016944750824
493,4.227064609527588,4.649971462089343,5.188272476196289,5.5373988796415645,4.076076984405518,4.163397935974587,5.551482200622559,5.832186730578588,2.9484167098999023,4.3181958132091784,7.568708419799805,5.670812392177979,6.8913116455078125,5.53883390134477,5.142312049865723,5.496176029655477,5.952404499053955,5.841544130877008,7.216941833496094,6.678295212805346,5.972531795501709,5.628800062910462,4.581711769104004,4.321068147325791,4.582330226898193,4.714611599118215
494,5.500777244567871,5.761407239609805,3.981971263885498,3.6646481431837774,6.431028842926025,5.876251711928963,6.495278358459473,6.197743336115597,1.858097791671753,1.1045188920553846,4.993000507354736,5.840627715007572,4.7275261878967285,5.612748541023211,5.672300815582275,5.50001509440603,6.008281230926514,5.913010875465565,7.076150894165039,7.265800870479249,5.7035346031188965,5.529906477096345,5.834477424621582,5.942462572177909,5.827061176300049,5.484156162265989
495,3.919018507003784,4.204797976090599,5.878604412078857,5.602387921178034,4.6342549324035645,4.856265013085994,5.709976673126221,5.972765303663363,2.102513074874878,3.7180184437570163,5.307299137115479,5.3573383740047,4.982919692993164,5.303842407813276,5.215640068054199,5.511471496315569,5.670264720916748,5.811195458215156,5.3160552978515625,6.132639183939144,5.195281028747559,5.4623919825109,4.532054901123047,4.378675463825693,5.387562274932861,5.156080978953483
496,5.151895523071289,4.985357451034015,6.02614688873291,5.742636622983117,5.940696239471436,5.421098829720891,5.143671989440918,5.606933116434285,1.8989471197128296,2.3400827509938065,4.792460441589356,5.023314069883427,4.2326531410217285,4.50079760565651,5.853069305419922,5.685823952137509,5.697107791900635,5.768096081192813,7.432145118713379,7.042289122974755,5.594946384429932,5.457508547817541,5.0370774269104,5.493397776636525,4.535274505615234,4.947010927159486
497,5.061765670776367,4.882291096202159,5.703281879425049,5.432920830673543,5.818846225738525,5.43565903021835,5.903984069824219,5.825117307947652,1.9470391273498533,2.0387633848414306,4.328785419464111,4.349984741292025,4.260619640350342,4.207659646919704,5.073500156402588,5.297307731272932,5.444851398468018,5.581487597900264,5.894026756286621,6.278674679003129,4.99456262588501,5.1574000563445255,4.957064151763916,5.364734185973638,4.987694263458252,5.246938818488396
498,6.508379459381104,5.888170848942763,4.694830417633057,4.905855128157141,6.410739421844482,6.127603602609043,5.580142498016357,5.396349108464653,2.610504150390625,4.277776655835479,6.017087459564209,5.734707581780764,5.583698749542236,5.5366559659922725,4.831167697906494,4.736609528213014,5.113088607788086,4.8895429352945365,6.162825107574463,6.591590866007326,5.177302837371826,4.945289630217153,5.8739013671875,5.688346196257661,5.415830612182617,5.283607726069588
499,4.455725193023682,5.218778639875601,5.222434520721436,5.723363440680967,4.422146320343018,5.0405410502397565,5.3455328941345215,5.807631687152374,5.380457878112793,4.324882600583724,4.026998996734619,4.397085774571948,4.693305969238281,5.026079822872276,5.587850093841553,5.745651405009923,5.677176475524902,5.874110162994374,5.033385276794434,5.368633272694436,5.302206993103027,5.546530634211831,5.264651775360107,5.6935148175633525,5.414053916931152,5.567189594911542
500,6.289610385894775,5.537269792342712,4.855105876922607,4.982149135077009,5.773243427276611,5.620690606754348,5.302640438079834,5.535292711054293,1.8260366916656487,0.6321977644882676,6.5821380615234375,5.636371981709348,6.126079082489014,5.5183101454070504,4.80061149597168,4.777735701254149,5.266865253448486,5.251018330499162,7.171628952026367,6.791068025501549,5.0451507568359375,5.135584658679078,5.469001293182373,5.488606080629649,5.462230682373047,5.224619125541001
501,7.811105728149414,5.609829121621297,4.517469882965088,4.818112618392482,6.571171283721924,5.294486485995326,5.960317134857178,5.862767141072787,1.928225040435791,1.8788981415429327,6.886194705963135,5.468956364517701,6.618941307067871,5.4648699555032465,4.759451389312744,4.63098961737394,5.644507884979248,5.645860147419855,6.021768093109131,6.523972439171387,5.137873649597168,5.215307236717401,5.478035926818848,5.256905082497726,4.316832065582275,4.304578816054816
502,5.3328857421875,5.274831124229808,5.35365104675293,5.355558176591628,5.16062068939209,5.330025824414418,5.556843280792236,5.893631304127414,1.8243658542633057,0.10446555148342364,7.1334099769592285,5.674619912947963,6.43557071685791,5.636545099435722,4.727897644042969,4.567913901256244,5.869662284851074,5.764012434634639,6.336292743682861,6.932506969393968,5.669229507446289,5.437768059480465,5.240726947784424,5.345382696915356,4.389937400817871,4.449125154199556
503,3.7010653018951416,2.903045089775578,6.063274383544922,5.6666802309113296,5.514395236968994,5.252165805196995,5.714780807495117,5.998329043429487,2.345290422439575,4.2907990941546945,5.831137180328369,5.782616104139056,5.349463939666748,5.586647828451595,5.656087398529053,5.660554396174815,5.711055755615234,5.913415426953777,5.254309177398682,6.036375760291644,5.631940841674805,5.667682806010109,6.166717529296875,5.803265495549334,5.645920276641846,5.455859238175352
504,5.387490272521973,5.467020028291764,5.9061150550842285,5.606875375044963,4.745382785797119,5.340201554380019,5.731986045837402,5.990827657203975,2.909668207168579,4.098011041555824,4.051894664764404,4.378555083971601,4.846739292144775,5.043767390485091,4.976631164550781,5.206932254311482,5.632889747619629,5.834407459153818,5.417412757873535,6.230219775925837,5.32801628112793,5.488678481429261,5.553572654724121,5.693072462523189,4.578251838684082,4.951020565306067
505,7.001653671264648,5.353095627596944,5.314128398895264,5.207123850297186,5.336071491241455,5.306780718182672,4.960175514221191,4.960137146255756,1.8937835693359373,1.5971044893243462,5.946568965911865,5.614757591537401,6.087184906005859,5.557227111260743,4.769885063171387,4.712835074734716,5.473450660705566,5.538051721935122,5.616555213928223,6.579825377232092,5.599493503570557,5.410487548506749,5.327703952789307,5.426182659331414,4.612153053283691,4.871378072952593
506,4.141794204711914,4.813441243573241,4.316600322723389,4.849137733412721,4.560801982879639,5.054834730818003,6.119606971740723,5.957990754466936,2.697582960128784,4.357648565045193,6.828636169433594,5.831479449394759,6.544867515563965,5.672286179759061,4.865564823150635,4.981956438523827,5.751536846160889,5.812112857136978,6.706628322601318,6.687338878216219,5.720535755157471,5.54597467921072,4.874032974243164,5.1460489826941656,4.718532085418701,4.99640989649929
507,4.612977981567383,5.397684828300205,5.10741138458252,5.720575127589485,4.853340148925781,5.2256883872189706,6.551396369934082,6.177602051566633,2.17337417602539,3.9136225506440994,4.16841459274292,4.744214676969139,4.943353652954102,5.207598838875833,5.9379167556762695,5.836479169161815,6.05412483215332,5.954100678048801,5.329365253448486,6.138969359859834,5.3277268409729,5.523371423902499,4.882316589355469,5.19666808717511,4.316286563873291,4.322583369183131
508,5.263236999511719,5.702829882410146,5.590843200683594,5.408273387004329,5.250551700592041,5.802438222641044,5.139056205749512,5.362861215721985,5.282623291015625,4.417110961126522,4.159837245941162,4.808167376021311,4.7458930015563965,5.151381847533245,5.324398040771484,5.376352153262717,5.267045974731445,5.362040589332614,5.217076301574707,6.018456780802767,5.093225479125977,5.251819144424213,5.914566516876221,5.862706165400713,5.529734611511231,5.453078862240673
509,3.6722607612609854,2.7062575715305552,6.346999168395996,5.7985629506285346,5.87490701675415,5.290457212249913,6.652975082397461,6.167204941221572,5.7027506828308105,4.748886060274274,4.921449661254883,5.884827955341287,5.581121921539307,5.695845390769787,5.320458889007568,5.647106955411635,6.338923931121826,6.0730601226906895,7.693895816802978,7.0300436018516885,5.983927249908447,5.7991616186287125,5.548282146453857,5.772421381970928,5.749899864196777,5.498027824381757
510,4.32056188583374,5.623431377149424,3.963856935501098,3.549634606044889,6.40119743347168,5.938116418769269,5.99621057510376,6.041143070367257,5.7004923820495605,4.70560447512457,7.044955730438232,6.254193316108251,6.486854076385498,5.986587676940763,4.977372169494629,5.154056248948077,5.601739406585693,5.772999424467621,7.699587345123291,7.241518824869832,5.54034423828125,5.513586416833772,6.349664211273193,5.969360255069526,5.712721824645996,5.485614763280379
511,4.198707103729248,5.1428567357911295,5.367340087890625,5.4003851393432045,4.3105082511901855,5.191831807265522,5.204094886779785,5.55349487302293,5.52336311340332,4.629411623301423,5.792860984802246,5.813555121685688,5.307072639465332,5.576693343530629,5.197421073913574,5.408532504414088,5.254495620727539,5.434207327967369,5.662216663360596,6.765794982728222,5.335325241088867,5.372485617771967,4.736069679260254,4.935990318231857,4.639908790588379,4.960728771762236
512,3.6521496772766113,2.634591899588769,6.433090686798096,5.848365272755281,6.133265018463135,5.3199504599963285,5.680899143218994,6.080975682291381,5.625946521759033,4.871261649618449,7.272746562957764,6.141265157102784,6.697713851928711,5.817931884279036,6.421703815460205,5.801057950145475,6.183892726898193,6.0747235720248085,6.590915203094482,7.104967067955927,6.298652172088623,5.837656568718658,6.154739856719971,5.8287963530503415,4.934294700622559,5.353814228888608
