index,actual_metric/the_pile_arxiv_val_loss,pred_metric/the_pile_arxiv_val_loss,actual_metric/the_pile_freelaw_val_loss,pred_metric/the_pile_freelaw_val_loss,actual_metric/the_pile_pubmed_central_val_loss,pred_metric/the_pile_pubmed_central_val_loss,actual_metric/the_pile_wikipedia_en_val_loss,pred_metric/the_pile_wikipedia_en_val_loss,actual_metric/the_pile_dm_mathematics_val_loss,pred_metric/the_pile_dm_mathematics_val_loss,actual_metric/the_pile_github_val_loss,pred_metric/the_pile_github_val_loss,actual_metric/the_pile_stackexchange_val_loss,pred_metric/the_pile_stackexchange_val_loss,actual_metric/the_pile_gutenberg_pg_19_val_loss,pred_metric/the_pile_gutenberg_pg_19_val_loss,actual_metric/the_pile_pile_cc_val_loss,pred_metric/the_pile_pile_cc_val_loss,actual_metric/the_pile_ubuntu_irc_val_loss,pred_metric/the_pile_ubuntu_irc_val_loss,actual_metric/the_pile_hackernews_val_loss,pred_metric/the_pile_hackernews_val_loss,actual_metric/the_pile_pubmed_abstracts_val_loss,pred_metric/the_pile_pubmed_abstracts_val_loss,actual_metric/the_pile_uspto_backgrounds_val_loss,pred_metric/the_pile_uspto_backgrounds_val_loss
1,7.0255866050720215,6.044846735184473,5.360580921173096,5.300893024255009,6.536046981811523,6.396312510177103,5.639575004577637,5.632121635220752,5.820674896240234,5.2651949468562576,6.632823467254639,6.485304202753494,6.107803821563721,5.99363826282158,4.726566791534424,4.702671092223877,5.169477939605713,5.173063027683856,7.224245071411133,7.065062671449315,5.206871032714844,5.1752456321602995,5.892633438110352,5.792076720777262,5.417374610900879,5.402608311024975
2,4.738541603088379,4.8930142288409,5.466145038604736,5.588633239947137,5.808464050292969,5.8048728900087205,5.42556619644165,5.521938049169948,4.61490535736084,4.567158454545551,4.141744136810303,4.178840574339339,4.922904014587402,4.885842114488429,4.954422473907471,5.166016852900932,5.343518733978272,5.4178811761031405,5.278083324432373,5.304513097011221,4.80118989944458,4.914872884329254,5.653641700744629,5.653746245010569,5.584351062774658,5.582528022940261
3,3.730258703231812,3.156328115238782,5.793972492218018,5.520270511674777,4.72146463394165,5.324362956214662,5.933119773864746,5.84166090986281,4.077418327331543,4.490443745032351,6.540956497192383,6.252895843203562,6.079324245452881,5.843101369563789,5.561453819274902,5.484356482113195,5.506680965423584,5.531187148496144,7.476072311401367,7.380376939799367,5.495143413543701,5.49897124037211,5.626057624816895,5.7820948687366105,5.50736665725708,5.408695306586914
4,4.887355327606201,4.933393540138359,5.040224075317383,5.597319319876703,5.371085166931152,5.362459913097252,5.858128547668457,6.066082186221806,5.298433780670166,5.11287085859791,4.150362968444824,3.8778247393972514,4.455072402954102,4.335897560704278,5.095427989959717,5.188902637109452,5.828740119934082,5.898154265765602,7.491352558135986,7.092825272158749,5.551083087921143,5.51703903515717,5.268948078155518,5.355969158244327,4.475535392761231,4.395756126046395
5,4.034541130065918,4.117327847245874,5.597909927368164,5.892529341432058,4.6931257247924805,5.203583750985694,5.8146257400512695,5.931137803670007,2.008139610290528,2.0113840211228884,4.485220432281494,4.479883974070781,4.24920654296875,4.002557123576846,5.003798007965088,5.028720966148107,5.760408401489258,5.812032641645794,7.100966453552246,7.084884508791426,5.329304218292236,5.402543835287953,5.664215087890625,5.712996038907922,4.813331127166748,5.100702258826059
6,3.848159790039064,3.410351912368256,5.519326210021973,5.258590117042279,5.222227573394775,5.087661336345816,5.401707172393799,5.452341309371383,5.442045211791992,5.0086823653752655,4.315804481506348,4.220563277881995,5.147463321685791,5.044857195867625,5.998071670532227,5.771419199492896,5.9236016273498535,5.848279498041069,5.313143730163574,5.507922338056171,5.817320823669434,5.734117249158029,6.0437750816345215,5.970001257247556,5.67151403427124,5.476661007013919
7,5.365633010864258,5.582613529022114,5.7348151206970215,5.4203854454371125,4.126685619354248,3.8756370375035836,5.565597534179688,5.778792451417771,2.9376449584960938,3.533202015407803,5.73452091217041,5.534862645692283,5.128252029418945,5.246629917377428,5.392933368682861,5.497967464445125,5.41911506652832,5.471602905216469,5.869746685028076,6.384297695149199,5.159833908081055,5.27765777307634,5.069451332092285,5.07026556203841,4.25531530380249,4.109895855964939
8,7.175310134887695,5.913870729357849,3.980865478515625,3.7243499797518584,6.568063259124756,5.970207398350134,5.785682678222656,5.623900694638458,5.779679298400879,4.99734149457835,6.64463996887207,6.423433728616388,6.25684118270874,6.016414567333928,5.178667545318604,5.23650530136773,5.321898460388184,5.252481960918069,7.332483768463135,7.3331997516259895,5.339742183685303,5.303348719963211,5.812262058258057,5.682637670538001,5.509659290313721,5.362652441046406
9,5.732336521148682,5.529741197243541,6.613649368286133,6.7355900460238765,3.839976310729981,3.9529725604765,6.18618631362915,6.396955528549952,5.692158222198486,5.9776750433456,7.759432315826416,7.631686247785033,6.9663615226745605,6.801427487895009,6.6692962646484375,6.44897642008169,6.354576110839844,6.304382675115312,8.405691146850586,8.154683309391183,6.47177791595459,6.184032581215355,4.594342708587647,4.818609646370124,5.514229774475098,5.376897751874668
10,4.920166969299316,5.117486751359218,5.735522270202637,5.69376062902625,4.18813419342041,4.086171586982073,4.815326690673828,4.747178638218099,5.443886756896973,4.935587576700987,5.298417091369629,5.887924306692247,5.052807331085205,5.631577441362387,5.244697570800781,5.365047615380263,5.520979404449463,5.546492818170369,7.628385543823242,7.237039528372239,5.575355052947998,5.705871754983637,5.24343204498291,5.270129946406311,5.451025485992432,5.423635661138238
11,7.649549961090088,6.980318990400878,3.8723204135894775,4.391584290546696,6.194097995758057,6.298525222117319,6.082755088806152,6.291618559647123,6.095431327819824,5.504812158511519,6.030669212341309,7.025853156367104,6.349047660827637,6.683271151112063,5.227353572845459,5.447347531056321,6.076876163482666,6.049655858874977,8.171777725219727,8.056174287593741,5.95081901550293,5.7775054776844845,5.37153434753418,5.883331010716707,5.747413158416748,5.631844927694057
12,6.068508148193359,6.017348559760206,4.028927326202393,4.022007780263846,4.410226821899414,4.823966126088739,5.977132320404053,5.895673714197013,5.78095817565918,5.045818088490854,6.723077297210693,6.429445304422335,6.378947734832764,6.204498115997008,4.868281841278076,4.944663630601513,5.962575435638428,5.877296469900225,7.836051940917969,7.505196414080054,5.869334697723389,5.606605144595169,5.124939918518066,5.187981360512281,5.561253070831299,5.689577115533322
13,5.616719722747803,5.483808531725443,5.331273078918457,5.7459640358688295,3.885855674743652,4.097442093263035,5.94351863861084,6.112953891141045,5.511852741241455,4.910758542913174,6.898706912994385,6.710115041407021,6.376709938049316,6.058253921496866,5.554836273193359,5.715109678484419,5.542590618133545,5.71466819906801,7.0256781578063965,7.760351644698897,5.158526420593262,5.4297970674145635,4.978461265563965,4.993685336187427,5.384755611419678,5.429929698760647
14,5.436479568481445,5.243132417182479,5.218822956085205,5.468440062101008,4.133479595184326,4.180939947181403,5.507219314575195,5.71210707027411,2.3308768272399902,2.959361998862073,4.662861347198486,4.878753015013833,4.974141597747803,5.0186952820258375,5.0477824211120605,5.041651345804943,5.597803115844727,5.647552040145325,5.373387336730957,5.375092439090766,4.832281112670898,4.835616810173136,4.571138381958008,4.543695347262603,4.946125507354736,5.194431311852191
15,4.835928916931152,4.574509164521199,5.9763712882995605,5.868849696860683,4.696907997131348,5.223553670965839,5.286471366882324,5.418370464015727,2.612511157989502,3.995748292944095,4.265994071960449,4.3782259584699235,4.273486614227295,3.954093216105517,5.212732315063477,5.468149168332365,5.70292329788208,5.727353713451474,7.151707649230957,7.060164353490485,4.99690580368042,5.065263341873705,4.784799575805664,4.743108324622836,4.6978535652160645,4.963234759534291
16,4.263101577758789,4.639776142659464,4.731163024902344,5.010998343694327,4.446780204772949,4.668556565000597,6.137884616851807,6.232640995628024,1.8533507585525515,1.3454480442725805,4.429530620574951,4.5518353897990504,4.592880725860596,4.763595123261803,5.278256893157959,5.474860520663056,5.888399600982666,5.882354187115998,5.00335693359375,4.720701796997674,5.570482730865479,5.527992025857731,5.373453140258789,5.355358384028858,4.804718494415283,4.893640137023058
17,3.779206991195679,3.257742943661947,4.426825046539307,4.734841388579364,5.9820075035095215,5.5754455189848855,6.0802001953125,6.204600155851623,2.6709392070770264,3.4338401743125773,4.874502658843994,5.328470184317515,4.626718521118164,4.926406115809968,5.488972187042236,5.685483301459213,5.748971939086914,5.910385652586561,5.351980686187744,5.340283809005263,5.358956336975098,5.597036280041933,6.06849479675293,6.013485767412073,4.903680324554443,5.214264892522439
18,5.161006927490234,5.332004651557953,5.229340553283691,5.141732611317111,4.228277683258057,4.226853545221444,5.453532695770264,5.569262459389585,2.4409642219543457,3.223814845576303,4.761942863464356,4.774542594311125,4.659525871276856,4.632403878952759,5.3418684005737305,5.327388406251327,5.253754138946533,5.220195545214992,5.025073528289795,4.456408744958663,5.077229022979736,5.15412933358547,5.035791397094727,5.110292667978798,5.336487293243408,5.2085625020542965
19,4.140886306762695,4.305562679402728,4.335186004638672,4.431771587480626,5.162656307220459,5.254931636918262,5.283300876617432,5.29988210648253,2.4845540523529053,3.602145971961406,5.453387260437012,5.3345337105904544,4.819840431213379,4.866020923194648,5.22469425201416,5.21951431960417,5.247750759124756,5.171455128045708,5.317441940307617,5.560770560463867,4.833442211151123,4.73667555812104,5.59989070892334,5.477318785162989,5.306461811065674,5.239422703111867
20,5.3710455894470215,5.004729136150143,5.678719520568848,5.148873907471711,4.048504829406738,3.5535109184121376,5.386486530303955,5.389646042413215,5.511875629425049,4.86019352578021,5.1697998046875,5.563398363429803,5.506645202636719,5.417532075639164,4.875679969787598,4.737579562443269,5.347065448760986,5.299895460826906,5.458584308624268,5.397913649739099,4.99979829788208,5.037856524358452,4.78153657913208,4.682233573989345,5.3079118728637695,5.239026118773141
21,3.7148549556732178,3.458024921174603,5.775569438934326,5.998969760823852,4.841148376464844,5.142086820412608,5.580223083496094,5.981339087681859,5.613797664642334,4.849111148463575,5.322590827941895,5.801302077143411,5.57145357131958,5.39117384900401,5.821041584014893,5.912744839519879,5.878022193908691,5.951699807278608,5.166763305664063,5.051219660667136,5.064894676208496,5.0887875245622896,5.783607482910156,5.8901347019076224,4.927324771881104,5.150565467058934
22,5.313518524169922,5.673942964080059,4.5764875411987305,4.7639349147186465,5.541999340057373,5.499686597019566,6.369202136993408,6.164295288554915,2.23321795463562,2.410793944766624,4.412414073944092,5.281151725165098,5.349352836608887,5.6437915580685765,4.759934902191162,4.850310649659856,6.061858177185059,5.932708037219635,7.594740867614746,7.153902539714741,5.767696857452393,5.707160900867875,5.863641262054443,5.846775385005469,4.635516166687012,4.670096608277191
23,5.221972465515137,4.9801396380987795,5.052719593048096,5.458222861183869,4.056276798248291,3.683004541156154,6.020731449127197,6.042852931671917,5.561578273773193,4.7651034988680046,4.91853141784668,5.394024376714439,5.417336463928223,5.547887849083354,6.032251834869385,6.028398907211865,5.977203845977783,6.001213830306565,4.856312274932861,5.053891305541303,5.783515453338623,5.736565347520368,4.762035846710205,4.696798925934996,4.409957885742188,4.280375795925867
24,7.729341983795166,7.2807522556167585,3.967174530029297,3.60356348551059,6.752795219421387,6.404301968587557,6.444605350494385,6.170956574040748,5.99164342880249,5.480235608428468,5.654896259307861,6.019867716959947,6.138266563415527,6.109759593585194,5.350730895996094,5.356133311701775,6.081203937530518,5.896973820764342,7.689416885375977,6.839852375081666,5.8698577880859375,5.614508360827133,5.93467378616333,5.679379892748472,4.452613830566406,4.271329534084082
25,5.003495216369629,4.255888039063403,4.26286506652832,4.260510234993407,4.548320293426514,4.923440890747133,6.2719340324401855,6.061864307502493,5.054658889770508,4.23072873776056,4.913228511810303,4.273940808874476,4.174592971801758,3.4400939279137708,5.677281379699707,5.576659706979386,5.843257427215576,5.757853223063803,5.450659275054932,5.658148628238206,5.52943229675293,5.341915159359428,5.509744644165039,5.809067970446723,5.620926380157471,5.546785213751125
26,3.882284879684448,3.7122764171759615,5.688676834106445,5.983618520740096,4.025252342224121,3.7920615801143085,5.573357582092285,5.958272503743134,5.430081844329834,4.683289768699225,6.123146057128906,5.945930275398029,5.667730808258057,5.82154199167099,6.119208812713623,6.026227873218557,5.942705631256104,6.078329893156296,5.740989685058594,6.406138503030677,5.928955554962158,5.951132917653957,4.998274326324463,4.945118423835308,5.132785320281982,5.340908779491187
27,5.64911413192749,5.03604083923922,4.26276159286499,4.04155704718699,4.184984683990479,3.899007026111062,5.313239574432373,5.523586103804542,2.4710938930511475,3.5334849657287832,5.107607364654541,5.579581247838118,5.51455545425415,5.529476535974713,4.910590171813965,4.7901846703379025,5.607277870178223,5.6232501201691925,6.157212257385254,6.775586369224921,4.921019554138184,4.632345912415771,4.804058074951172,4.749751228383447,5.396997451782227,5.328617786068516
28,4.687304496765137,4.837559715822385,4.21182918548584,4.455858450237704,6.05892276763916,6.247011925591627,5.891059398651123,5.993419165787709,1.8401778936386108,2.692128472101053,4.645040035247803,4.6514782094550275,4.333330154418945,4.4300539044369955,5.055291175842285,5.290934084214275,5.706452369689941,5.753119137238064,7.238473415374756,6.348022476314778,5.458417892456055,5.554302844602709,6.303548336029053,6.038915804711378,5.252003192901611,5.338271148398891
29,5.658636569976807,6.336388585971097,6.026126384735107,5.760706891738046,5.763899326324463,6.0793912872757065,6.317204475402832,6.196432478519818,5.946868896484375,5.6644425936655365,8.14659309387207,7.481532343357944,7.142147064208984,6.803897280192384,4.7790937423706055,4.738459434142531,5.957272052764893,5.913010311687869,8.297920227050781,7.506360557822408,5.942418098449707,5.867845736869475,5.617604732513428,5.6681557728701994,4.1322197914123535,4.52704951478531
30,6.861634254455566,6.116381669215151,5.755373954772949,5.640235614686855,5.65870475769043,5.742498528663065,5.272236347198486,5.410236776270266,5.643309116363525,4.638832099828365,4.5067949295043945,5.376010231296494,5.427286148071289,5.756419369222664,4.814216136932373,4.7947059265387475,5.754676342010498,5.759199857977771,6.341269493103027,7.150632811895005,5.69641637802124,5.587535903932523,5.775506496429443,5.683744668543726,4.324811458587647,4.184986617915618
31,4.4081878662109375,4.628955809903717,5.024968147277832,5.198700604462797,4.978406429290772,5.002839622027572,5.005675315856934,4.905058154091373,3.812377452850342,4.061817342700686,5.920037746429443,5.640672734214007,5.920503616333008,5.643849541338034,4.698957443237305,4.71510826336483,5.51257848739624,5.499124689024989,7.735177040100098,7.277980830090824,5.13293981552124,5.179181090020893,4.934744834899902,5.0455462887991915,5.402326583862305,5.4773759682177285
32,8.051161766052246,7.195497642422407,3.874768495559693,4.414061094464241,6.909854412078857,6.512152649908944,6.266665935516357,6.270835231267569,6.403696537017822,5.710570987917657,7.658684730529785,7.108569686200767,7.126642227172852,6.725835703945519,5.534601211547852,5.554216259163918,5.833001613616943,5.996708823701076,7.933407306671143,7.897255139547703,5.835553646087647,5.803063011658194,5.917235374450684,6.17016325394671,5.224470138549805,5.480506752395926
33,6.746493816375732,6.343778970688393,5.766384124755859,5.8086767597770175,6.5935959815979,6.4143855166481085,5.976674556732178,6.083661245627095,5.557881832122803,4.88374879566938,4.100144386291504,3.9922637098764815,5.102885246276856,5.022735038238451,4.755634784698486,4.822268199607119,5.5495219230651855,5.634926049410256,7.391046047210693,7.215878228206194,5.420259475708008,5.35294441262532,6.314382076263428,6.192003923886406,5.821866989135742,5.638462775088223
34,5.771609783172607,6.045495867849745,5.322272777557373,5.366692667437784,5.388720512390137,5.657197763566397,6.635139465332031,6.557832360605658,5.31644344329834,4.696864871485484,3.774742603302002,4.077969152436415,4.6902689933776855,4.941420616319604,5.525582313537598,5.699395404829293,6.194097995758057,6.160782989540975,5.430849552154541,5.939661078136582,5.701431751251221,5.736557864302614,6.310952663421631,6.392457251356499,6.177484512329102,5.996780590367909
35,5.152310848236084,4.760425708796844,6.016092777252197,5.693857611382935,5.6132493019104,5.802859398578552,5.003716468811035,4.926668251858621,1.8262804746627808,1.6607730468297257,4.939427852630615,4.634417390613265,4.213974952697754,4.0770913227913175,5.9329681396484375,5.778277524183853,5.653165340423584,5.5957609436467415,5.710831165313721,6.057966121816555,5.641227722167969,5.626774041569917,6.202215671539307,5.976384118613006,5.734169960021973,5.533410670764246
36,3.753798723220825,3.4863766209275,6.316792964935303,5.96545984751643,4.444733619689941,4.673080376612547,6.496055603027344,6.27278958066716,2.555508136749268,3.2230997577860414,5.468338489532471,5.005841359555134,4.637434482574463,4.6123066511105435,5.210977077484131,5.428855093638221,6.027653694152832,5.962400660943049,5.130958557128906,4.862370584757797,5.644321918487549,5.572399499553095,5.471099853515625,5.5815069878916095,5.643436908721924,5.477459249087241
37,5.026422023773193,5.924665837407598,5.072512626647949,5.225216735407418,4.223289489746094,4.552977675597235,4.998081684112549,4.9525607761809765,2.0003106594085693,1.5821160033554593,5.011911392211914,5.59481923069783,5.214371204376221,5.607266995825232,5.35777759552002,5.532614802266126,5.670432090759277,5.634661033925272,7.577400207519531,7.126413242897642,5.103034973144531,5.142207616754939,4.877068042755127,4.898783741015506,4.46651554107666,4.405249955089121
38,5.007805824279785,5.352509587360986,4.905384063720703,5.140241714267494,6.044830799102783,5.534070321315142,5.689024925231934,5.571242366799417,5.543165683746338,4.752110641798082,6.600042343139648,5.946331700540832,6.009766578674316,5.684494226238368,5.248143672943115,5.208146389017847,5.204901218414307,5.181902989608518,6.734470844268799,6.6685454948626495,5.271415710449219,5.201522432790268,5.445953369140625,5.456382738263246,4.392505168914795,4.351901785235547
39,5.11309814453125,4.795758398615344,4.777293682098389,5.1045320719731295,5.109024524688721,5.453491782201141,4.968809604644775,4.96616904749255,2.236644506454468,2.1224085218269915,4.740827083587647,4.72372716359591,4.21690845489502,4.078380176539924,5.307089805603027,5.5531394167718595,5.59416389465332,5.651626100314796,7.238756656646728,7.046163977016917,5.03219747543335,5.165362531368234,5.572150707244873,5.650797962140074,5.002451419830322,5.005219748237645
40,4.483772277832031,5.119833589868088,4.084653377532959,3.6993036264711843,4.152863502502441,4.031177638039372,6.1054534912109375,6.1402460704715995,5.35400390625,4.583026934592205,5.705118656158447,6.527188512008819,5.056640148162842,6.000054043873204,5.576696872711182,5.508195812064663,5.732850074768066,5.778263233197302,7.658815860748291,7.286324447075092,5.443605422973633,5.591886862112922,5.044731616973877,5.12801836189949,5.474844932556152,5.32586530274024
41,4.69763708114624,5.760371285355863,6.14774751663208,6.012836873007494,5.504880428314209,5.833250313507649,5.891500949859619,6.218425790693965,2.5461370944976807,3.7300894245841376,3.768294095993042,3.7483147958984593,4.877947807312012,4.876279135343636,5.280606746673584,5.502957580792108,5.879600524902344,6.056025929603398,5.807758808135986,6.331447178788295,5.5165696144104,5.617848624547718,5.912353515625,6.247328811886631,5.507272720336914,5.804911791188332
42,5.103385925292969,5.428170914361448,5.81681489944458,5.750252637036871,4.879493713378906,4.78247590981681,5.411044597625732,5.480507732872132,2.4963607788085938,2.774768059856415,4.072724342346191,4.035795889662909,5.021194934844971,4.931468248338295,5.245903015136719,5.199265839441729,5.814209938049316,5.826605319270612,7.312902450561523,7.13676765419552,4.897205829620361,5.0133779541258265,5.433531761169434,5.426444617995086,4.587443828582764,4.6263026192889125
43,3.9178929328918457,3.4660270544069696,5.826865196228027,5.509266075789193,5.672890663146973,5.103876089400368,5.243008136749268,5.251787784327237,1.9641127586364744,2.1646720474738665,4.958409309387207,5.555522614700367,4.631067276000977,5.0944524943183405,4.851532936096191,4.700715654641752,5.635731220245361,5.648605981391901,7.241580486297607,7.197781169913561,5.190623760223389,5.226346365634174,5.716239929199219,5.61993010192626,5.144834041595459,5.290026174047395
44,4.936156749725342,4.873295818501778,4.4209465980529785,4.677329383645278,4.081094264984131,3.949614028917633,6.294333934783936,6.125267969816018,2.0349221229553223,1.822801251993467,4.572906017303467,5.452235026483782,4.647099018096924,5.19247975534995,5.561471462249756,5.712281142695389,5.9413371086120605,5.893868624155056,7.266517639160156,6.739690741703399,5.63517951965332,5.682626133076436,5.1906046867370605,5.177712462342531,5.514040470123291,5.378372499433625
45,3.638108968734741,4.640257723942894,5.1034135818481445,5.818509408232516,5.953833103179932,5.784748119518024,6.57130241394043,6.3984543523016715,3.2984423637390137,5.119200481015931,5.690601825714111,6.622308670651546,5.021487236022949,6.148773893761578,5.967015266418457,5.939293919855365,6.166713714599609,6.215769941184418,7.760351181030273,7.904417644424332,5.840293884277344,5.924335992066659,5.948450565338135,5.9360358619412485,5.693654537200928,5.731928848728819
46,4.831500053405762,4.8505237061333135,4.930476188659668,4.946675910314418,4.141411304473877,3.829194447652152,5.045565605163574,4.881930911233296,3.4484519958496094,3.867733372873709,4.71076250076294,4.942107119814437,4.8421831130981445,4.861164310884195,5.125277996063232,5.192645704914893,5.396003723144531,5.427335328122311,5.420391082763672,5.823270523457125,4.930731296539307,4.859416740818549,5.00034761428833,4.911174935575627,5.420869827270508,5.245807035613565
47,8.440932273864746,7.280721972755834,6.074766635894775,5.518875117726447,6.765743732452393,5.943050515068849,4.974913120269775,4.998540630362236,2.968883991241455,5.152192141318634,7.715780258178711,6.681977333113603,6.937915325164795,6.123409380325373,5.945170879364014,5.5639758757055,5.751434326171875,5.637184749076608,5.861015319824219,6.599801063859758,5.153534412384033,5.1239118194616085,5.707162380218506,5.510315840699057,4.353992938995361,4.182265352221333
48,4.1681437492370605,3.977886792782644,6.259349346160889,5.984808099425971,4.611889362335205,4.291067525942852,5.667662143707275,5.889367371530069,5.244356632232666,4.314666821771134,5.20815896987915,4.799298609551833,4.357894420623779,4.105494545867593,5.897227764129639,5.861851255272365,5.876132011413574,5.905299349697154,7.667821884155273,7.131800322921947,5.675467014312744,5.502875355219967,5.309412002563477,5.248623138169265,4.402518272399902,4.331816456530717
49,3.730212926864624,3.4335449364310136,4.436660289764404,4.766702769671521,6.001482009887695,5.629093429552069,6.172852516174316,6.197789716576341,5.698367595672607,4.776114763146435,6.93580961227417,6.427345765827679,6.398937702178955,6.114491142035701,5.574679851531982,5.68732238986884,5.760085105895996,5.94730005216639,7.840114593505859,7.460150564835497,5.721960544586182,5.826521062535312,5.851420879364014,5.900733535468922,4.941415786743164,5.243290045985884
50,3.7966833114624015,3.839725761452381,5.021888732910156,5.270059484421605,4.600696086883545,4.5334175946871875,5.298296451568604,5.229724750424303,2.667093515396118,3.4419767791936287,6.491039276123047,6.513182466677114,6.010045051574707,6.075238933095822,5.5225510597229,5.585922983503192,5.685656547546387,5.742061651837492,6.783571720123291,6.487515992735743,4.8601508140563965,4.870788659648711,5.374444007873535,5.3729106433581455,4.758020877838135,4.813280878950531
51,5.532787799835205,5.512846780209882,6.527656078338623,6.453996127798037,5.950851917266846,5.79027006394181,6.630948543548584,6.39283751466326,5.167536735534668,4.2446314689042435,3.798149824142456,3.8805164467485542,4.503209114074707,4.698200423319331,6.162086009979248,5.986895636596135,6.187751293182373,6.173259370938056,7.340127944946289,7.312515929271032,5.700646877288818,5.713771940144444,4.946561813354492,5.143556823277128,5.756894588470459,5.790468338785455
52,4.392882823944092,5.240540236887843,4.020063877105713,3.872471759566505,5.173309326171875,5.240071940309024,6.295225143432617,6.147098771652259,2.4080824851989746,3.8822071985651614,5.564821720123291,5.871844051392219,5.0122971534729,5.5180869681916045,5.199732780456543,5.353229131394886,5.959908962249756,5.93903740930233,7.7769455909729,7.662830498922288,5.533198356628418,5.559900794556472,4.907405376434326,4.864388280006156,4.65257453918457,4.821527018052523
53,7.007149696350098,6.532604949560552,3.991276979446411,3.7760149609052065,5.402833938598633,5.605108180756652,6.188725471496582,6.203156814935584,3.207134962081909,4.833742998220359,5.462283134460449,5.930540340110045,5.98594331741333,5.834671171701819,5.365267276763916,5.377711454521115,6.085532188415527,5.960731952112832,7.815812587738037,7.106217038582231,5.907251834869385,5.661709267635443,5.463828086853027,5.589108656334079,4.415454387664795,4.202005091900659
54,4.346701622009277,4.864030981467975,5.3779706954956055,5.11958414973165,5.9593939781188965,5.986715397892218,5.633344650268555,5.578008148108533,3.2429494857788086,4.482821735898064,5.463810443878174,5.994199329533258,5.523324966430664,5.622052040684088,5.239508152008057,5.162087529781549,5.1780619621276855,5.127329556955716,7.30163049697876,7.213916221712498,5.134288787841797,5.162252476042622,5.7298102378845215,5.686800860307991,4.760405540466309,4.913992476755485
55,4.241799354553223,4.42751858228922,4.076106548309326,3.7333671758392084,5.621786594390869,5.294371900594127,6.162235736846924,6.071932643121754,5.391995906829834,4.806359318334168,5.376951694488525,5.853797690913471,4.80318546295166,5.433101339882223,5.207559585571289,5.251487206458008,5.744707584381104,5.84248119502058,7.082707405090332,7.48371462297568,5.2026472091674805,5.341470473433082,4.755011558532715,4.646513551041701,5.45875358581543,5.414300861973101
56,4.411746025085449,4.93628226907623,5.112115859985352,5.110937330441294,4.897669792175293,5.425306697026669,5.797713279724121,5.672293993203239,2.632209300994873,3.737495857826519,5.026473045349121,5.457112581486456,4.733946800231934,5.036983991914805,4.797581195831299,4.6360290766952374,5.312499046325684,5.2883847960766435,5.271421432495117,5.20869442357887,4.892145156860352,4.948765927184951,5.140616416931152,5.235246068235217,4.490816116333008,4.428530892704074
57,6.986747741699219,5.956372463657426,5.346676349639893,5.300637639283083,6.521917343139648,6.347014459424801,5.615074157714844,5.624379711247891,5.778436183929443,5.137547450232626,6.708127975463867,6.441821732829138,6.087891101837158,5.95116547916325,4.775575160980225,4.770012865628941,5.14619779586792,5.184683833331103,7.10297155380249,7.070733680735347,5.194708824157715,5.176923932338575,5.865085124969482,5.764363902636989,5.405097007751465,5.368547513265089
58,4.8471198081970215,5.6680034386167515,5.378610610961914,5.260093803565447,5.90403413772583,6.090241936610411,5.149438858032227,5.1635128461545845,5.416506290435791,5.019604586265661,4.455813407897949,5.0885358276118176,5.100099563598633,5.4058324510649705,5.167911052703857,5.151140890358851,5.20856237411499,5.124994614575951,7.295760154724121,7.071898821062842,5.22182035446167,5.157615183000975,5.887460231781006,5.872563646267093,5.430573463439941,5.371401115969313
59,3.965298414230346,4.040818730264287,6.612681865692139,6.222397408247671,3.9468679428100586,3.858870560926013,6.555839538574219,6.197051435340371,5.376868724822998,5.408302744209,5.957604885101318,5.64850031747783,5.43524169921875,5.535512428401249,6.635313034057617,6.175058862004218,6.283211708068848,6.100329902308263,7.90532922744751,6.7585441474928345,6.110487937927246,5.949540123944302,4.728593826293945,4.75858078011979,5.506335735321045,5.33970818305814
60,3.908792018890381,3.916113874652243,6.167742729187012,5.99402397496697,4.469869136810303,5.054183693456604,6.070940971374512,6.045201633827235,5.220755577087402,4.64331950729273,4.680066108703613,4.652673334309218,4.287607192993164,4.035449421695122,5.089911460876465,5.18426343613791,5.978978157043457,5.882487379398899,7.068933010101318,6.910136692574124,5.550899982452393,5.438843305919377,5.132067680358887,5.3574178698151345,5.589742183685303,5.468104490192175
61,4.552950382232666,4.777823101966226,4.252624988555908,4.58149993892786,5.622159957885742,5.084854484128168,5.93869686126709,6.116519983421229,3.5106608867645264,4.960218385517452,4.733158111572266,4.764078729380662,4.370215892791748,4.368592641826289,5.459442615509033,5.410871444520241,5.723842620849609,5.768528957080791,7.355634689331055,7.472844639398457,4.793247699737549,4.690316050906618,4.70800256729126,4.723459072234849,5.441554546356201,5.503719473388626
62,4.182930946350098,3.912492233824525,5.533852577209473,5.665639188877265,4.20123291015625,3.8571702520418985,5.881320476531982,5.906420712885063,3.036623239517212,3.598645311973726,4.398690700531006,4.393409095287951,4.46083402633667,4.346268743459563,6.00164794921875,5.787279927822499,5.90737771987915,5.840997454251651,5.824794769287109,6.291963815825366,5.685764789581299,5.670189096502209,5.2286224365234375,5.106446734099378,4.514894962310791,4.444142229785896
63,4.488585948944092,5.092586586196798,4.885903358459473,5.246735040503347,5.504492282867432,5.24946381299062,6.050186634063721,5.983719990808326,5.163731098175049,4.225845503876301,5.030057430267334,4.979430992645339,4.398993968963623,4.463387911560702,5.353765964508057,5.5097170064007175,5.584300518035889,5.681038130553184,6.357541561126709,6.923584352430761,5.351061820983887,5.4319409181017795,4.4324951171875,4.486432061579645,4.8310980796813965,4.91086507667379
64,3.7678377628326416,3.505523291530886,5.612824440002441,5.875301275584865,4.211578369140625,4.292216583724391,6.416480541229248,6.226447181042058,3.821753978729248,5.04874074296394,5.0211992263793945,5.477898972901629,5.538304328918457,5.62173013241356,6.066100120544434,5.990172245843514,6.019536018371582,6.104379907755939,5.850015640258789,6.5300045892218535,5.862129211425781,5.886024796942135,5.237085342407227,5.241891608150592,5.148263454437256,5.342266435560745
65,4.367419719696045,5.005396145517466,4.768552303314209,4.992386385530583,5.992532730102539,6.0082433893601515,5.539706707000732,5.565833264910234,5.5456085205078125,4.6584512203252615,6.113979339599609,6.145572200730482,5.528487205505371,5.629213031722433,4.915516376495361,4.893387894674473,5.18274450302124,5.112453262815225,7.270689487457275,6.960452093229306,4.866237163543701,5.011599027819325,5.7557573318481445,5.690679329076894,5.115623474121094,5.200077415791365
66,5.594398498535156,5.596344986727035,5.503512859344482,5.312070802717547,4.692560195922852,5.350746628359946,5.6902289390563965,5.586104835408529,5.406549453735352,5.217352066834149,5.350276947021484,5.732503388056709,4.91867733001709,5.45148821600361,5.266021728515625,5.276281304693635,5.253047466278076,5.1932951094462965,7.127767086029053,6.8017082475021065,5.073119640350342,5.15055150594933,4.9237961769104,4.953570078260979,4.447439670562744,4.443856515376861
67,5.390546798706055,6.129622267223914,4.57432746887207,5.002675302086208,5.041927814483643,5.301421868871814,4.916013240814209,4.769811314442586,2.080146312713623,2.822854220937149,4.720692157745361,5.567003633152863,5.42894172668457,5.693215711297986,5.018121719360352,5.224358403347786,5.65629768371582,5.602268397581891,7.789737224578857,7.106232001994642,5.236750602722168,5.367579896560438,5.5527873039245605,5.60878541741817,4.470640182495117,4.491999974465866
68,5.465458393096924,5.992792060436561,5.229877948760986,5.034707191494388,6.007363319396973,6.133047646786395,5.731409072875977,5.622650427218597,1.8064392805099487,1.580445933909072,5.076081275939941,5.42471886360778,4.749902248382568,5.0506343010602865,4.843120098114014,4.733743831137235,5.298006057739258,5.248018388581891,7.309943675994873,7.3506091014197095,5.241468906402588,5.193337136602996,5.101186275482178,5.098474454977857,5.396442890167236,5.499879002911296
69,5.909402370452881,6.032996744295615,5.473536491394043,5.273484738559422,6.408538818359375,5.988472053028889,5.650169372558594,5.694498052940205,5.787696361541748,4.9940877447585015,6.486886978149414,6.068415094234906,5.945801734924316,5.739200442033615,5.227286815643311,5.3024326438820415,5.097600936889648,5.267348013592785,5.073175430297852,5.215530209214266,4.861169338226318,5.06459077457419,5.861124038696289,5.716510457050893,5.427541255950928,5.35315031730722
70,5.791354656219482,5.686577509468203,6.508427619934082,6.301919273293449,3.8435235023498535,4.0282570837503515,6.47025728225708,6.484322083312257,5.707548141479492,5.443836221302515,7.632749080657959,7.268044664812301,6.859847068786621,6.462363942909858,6.065375328063965,6.189955597229393,6.09637451171875,6.190923679294967,7.978414535522461,8.03329568229598,5.197091102600098,5.531485254315779,4.642446041107178,4.8100041772747995,5.503211975097656,5.456867164661444
71,5.805180549621582,5.995400312297582,5.130552768707275,5.391345451898074,4.548441410064697,5.203721493954008,6.210517883300781,6.345407904145382,5.367944240570068,4.322421775624329,3.9631152153015137,3.8420530882878086,4.977492809295654,4.9130085223306645,5.732695579528809,5.81897783237285,5.959261417388916,6.0160075394893795,7.276486873626709,7.08149288270421,4.988574504852295,4.89175455860678,5.318973064422607,5.5155677495610265,4.468218803405762,4.448876396839251
72,4.5284104347229,4.774047049885927,5.021412372589111,5.022624009930942,4.184553623199463,3.952478648564952,5.882453441619873,5.928852337238456,1.8943628072738647,0.8485340675038093,4.313271522521973,4.594451047683477,4.894092082977295,5.173515237957688,5.143965721130371,5.208016349727854,5.676901817321777,5.776384522266613,5.29446268081665,5.034241339078654,5.078130722045898,5.166202578546845,5.139644622802734,5.113222885331964,5.18558931350708,5.250969590328662
73,5.847026348114014,5.227470063262674,4.17090368270874,3.8981690358226264,5.992398738861084,5.316835830632658,5.216383934020996,5.37341577657883,1.94123923778534,1.0704013366235707,4.58021354675293,5.0525701956086415,5.256517887115479,5.367117057532829,5.497099876403809,5.389678709347359,5.770963668823242,5.757285786003955,7.71484375,7.576591231926204,5.143347263336182,5.113738073241186,4.813568115234375,4.841150135362579,5.390801906585693,5.356648845774363
74,3.7244694232940674,3.7174943819186623,6.008955001831055,5.985587910584411,5.015145301818848,5.5516552397834955,5.551737308502197,5.765740217919262,2.213706970214844,3.186829995641375,5.282707214355469,5.526869586154691,4.475081920623779,4.862694255715519,5.738177299499512,5.797121292336035,5.699779510498047,5.850050995595866,7.424002647399902,7.430061811583366,5.224193096160889,5.480835726300345,5.95237922668457,6.002824373076471,5.634478092193604,5.680438140946006
75,5.42728853225708,5.785113416711743,4.204982280731201,3.9427251564170187,4.609395503997803,5.100158745825681,5.887691497802734,5.943157330371228,2.625043630599976,3.169226404608815,5.196339130401611,5.090644499840986,4.854483604431152,5.024297437944475,4.809972286224365,4.67778329310522,5.567836761474609,5.60264285442168,5.589648246765137,5.601760056273094,5.45860481262207,5.480924452467908,5.546303749084473,5.6455271558049285,4.684337139129639,4.7747287693432305
76,3.808625459671021,3.372370366731216,4.172271728515625,4.01276099081871,6.025245189666748,5.693734414350394,6.417995452880859,6.2630365673664485,2.156200408935547,3.263458334436472,7.242442607879639,6.744486050617464,6.76452112197876,6.442196795268468,5.294261932373047,5.4728269285515365,6.112255573272705,6.082245550313695,8.157010078430176,7.38956597097866,5.967411994934082,5.911476097983274,5.75397253036499,6.100074073420836,5.602794647216797,5.600173279270899
77,5.121078968048096,5.051740307264106,4.186187267303467,4.244262244082521,4.063381195068359,3.6625834127128423,6.302750587463379,6.204925769192817,5.443887233734131,4.920289585094359,5.611749172210693,6.425477685741583,4.944844722747803,5.789387448915883,5.630401611328125,5.712834938587232,5.942869663238525,5.927448676396581,7.535934925079346,7.553094820284158,5.224102020263672,5.46120348042777,4.7171125411987305,4.528719298786868,4.852838516235352,5.0443718563631945
78,3.858219623565674,3.485760917157279,4.156088352203369,3.866780547494875,4.626086711883545,5.272111180687585,5.930944919586182,6.1741420473760344,5.597759246826172,4.417180201519284,6.932406902313232,6.572472657891302,6.61055326461792,6.339134572785085,5.215539455413818,5.3740333909462485,5.969718933105469,6.01056057662302,6.255069255828857,7.034626670299323,5.891017913818359,5.883804908305652,5.587634086608887,5.924444737027841,5.581173419952393,5.534355622914854
79,3.727626800537109,3.555976450776887,6.723914623260498,6.5583911963783255,5.971821308135986,5.73829841847377,6.803301334381104,6.474303580164522,2.1735620498657227,2.959690505449831,5.423378944396973,5.413997227012523,4.563905715942383,4.700511036610605,6.460148811340332,6.163156117444834,6.243809223175049,6.113442381399139,4.812319278717041,4.858369944182787,5.670177459716797,5.603008622849901,6.643232345581055,6.301945431575166,5.9026312828063965,5.711566359824543
80,5.894128799438477,5.745019666861211,5.03297233581543,4.982264937509739,6.359255313873291,5.831069880504998,5.048344135284424,4.85439813248956,2.041743755340576,2.07677490523371,4.311027050018311,4.509498421495888,5.089498043060303,5.079955006792752,5.29957389831543,5.384877590713734,5.273863315582275,5.189119046548571,5.126842975616455,4.9406539310452935,5.253196716308594,5.26703104715735,6.036647319793701,5.750559504427526,5.4072771072387695,5.321611514948584
81,5.168089389801025,4.877664816370173,4.097475051879883,3.7808426668933515,4.738083839416504,5.214827350472327,5.92235803604126,5.959902507152402,5.249316215515137,4.3020234415223655,5.1383233070373535,4.618158645071554,4.431123733520508,3.9856195770676743,5.588058471679688,5.4075882907058235,5.878551006317139,5.805470193564557,7.334853172302246,6.964816667314226,5.261707782745361,5.298869371617947,5.541432857513428,5.536113152775576,4.52368688583374,4.439572412727878
82,5.904451847076416,6.4457429062486025,5.769182205200195,5.8448626751332435,4.696850299835205,5.416300415432758,4.823879241943359,4.980829005013272,5.727783679962158,4.823943554256206,6.077179908752441,5.7283277733894264,5.540137767791748,5.6819550259368725,5.70606803894043,5.684204693568857,5.532410144805908,5.546583558420351,5.203817844390869,5.205310080927481,5.678569316864014,5.546943611308495,5.487232685089111,5.682085890556871,4.3761420249938965,4.46823142079195
83,5.075393199920654,5.185957010403027,6.445424556732178,6.365064373422163,6.454787254333496,6.206621796641793,6.536040306091309,6.544371218302116,4.9015793800354,4.723482272321061,4.821788311004639,4.9772912858336,3.950912952423096,4.261864029125397,5.879345417022705,5.9412898550348565,6.042532920837402,6.060082610227298,7.179432392120361,7.063834402285774,5.175995826721191,5.377263011167074,6.364803791046143,6.5621883419060545,5.93247127532959,5.8847261291766655
84,4.098197937011719,4.344444475701135,5.798776626586914,5.7399034478298105,5.6239447593688965,5.43425541271259,5.720683574676514,5.844485558076926,1.895457983016968,1.071657399835263,4.750450134277344,4.983518980349534,4.273987293243408,4.314781250308306,5.4761643409729,5.615889092244673,5.420907020568848,5.477385802974379,4.870192050933838,4.954843013604314,5.3629679679870605,5.364041296492815,5.512203216552734,5.702452596999618,5.548117637634277,5.412175163931902
85,6.351230144500732,5.943780399020002,6.526603221893311,6.091500210117508,7.105541706085205,6.066915926913807,6.905886173248291,6.555635722707677,1.893263339996338,1.2860645439802685,3.81841492652893,4.2097019277263845,4.982966423034668,5.067690449595984,5.532324314117432,5.658679168203419,6.387294769287109,6.202430662148814,5.368585109710693,5.596548625412869,5.784358501434326,5.617697307217142,7.367510318756103,6.669530077887959,6.291447162628174,5.9071487781186525
86,6.849578857421875,6.427707644234632,5.184517860412598,5.410345812518065,5.479054927825928,5.386184055711499,6.430743217468262,6.356535083221557,2.4588747024536133,2.562483059717642,4.374997615814209,4.738821280400622,5.2870683670043945,5.273141555286801,5.779410362243652,5.779508283338521,5.877424240112305,5.860638365618938,5.402123928070068,4.789345544976624,5.332662105560303,5.2361245276777835,5.454739093780518,5.380270371066314,4.152404308319092,4.4693884346809
87,4.096127033233643,4.240764593416509,5.953245162963867,5.784159622190885,4.78422212600708,4.89609005229331,5.5802741050720215,5.707793552635307,5.238745212554932,4.13889205757073,4.159611225128174,4.196215741040649,4.383962154388428,4.42357462953047,5.635195255279541,5.596898143329595,5.742480754852295,5.777044916950641,5.472236633300781,6.048720861715196,4.863551616668701,4.726896213195566,4.93787145614624,4.914829035119529,5.496954441070557,5.458875764454717
88,3.728371381759644,3.7686623919867204,4.478529453277588,4.64935656752558,5.153957366943359,5.719017708076631,6.22296667098999,6.185711277011211,3.768261671066284,4.5464033735285625,6.995357513427734,6.995476693051583,6.569522380828857,6.557573727780121,5.117288589477539,5.330940428946286,6.034572124481201,6.036252695283654,6.247410297393799,6.772920360865359,5.808062553405762,5.927737796081608,5.353774070739746,5.681568596891942,5.642158031463623,5.637636414530025
89,4.470522403717041,5.040443942302287,4.399294853210449,4.291664994178304,6.020051956176758,5.480082591844228,5.3122968673706055,5.359141606236336,3.697586297988892,4.135395149613196,4.418660640716553,4.518587795681838,5.100358963012695,5.057612885339883,5.380251884460449,5.36780547175422,5.405994892120361,5.4077274826426285,4.954042434692383,4.314569927095196,4.990312576293945,4.9278667710512725,5.808455467224121,5.779256256455556,4.539729118347168,4.461334946179733
90,3.786684989929199,2.994246928707081,4.832275390625,5.173288391193061,4.898463726043701,5.277155708317544,5.967018127441406,5.848121592774334,5.4691572189331055,4.507880824716439,4.576488971710205,5.211250294893327,4.967837810516357,5.29762653467425,5.2604265213012695,5.352984486460526,5.560996055603027,5.575651018789421,7.50966739654541,7.109345062911953,5.474143981933594,5.510900840990444,5.560803890228272,5.763030333350466,5.446404457092285,5.418287163756838
91,4.081962585449219,4.452941125821999,6.165113925933838,6.100085094766704,4.666009902954102,5.0189517767310585,6.321020603179932,6.148924737305574,5.397693157196045,4.153215142782875,4.508846282958984,4.849274865753753,4.535510063171387,4.744002345222669,5.260051250457764,5.317843240885008,5.899391174316406,5.856158338419203,7.509303569793701,7.234023974820251,4.841768741607666,4.768442074191576,4.521153450012207,4.510143605073506,5.45068359375,5.350082392911595
92,4.762213706970215,4.954236791213253,4.70991849899292,4.970251878855502,4.313742637634277,4.4695339946312735,6.514005184173584,6.292305892063014,1.86767327785492,2.427788135955104,4.142496109008789,4.2024764827397165,5.136071681976318,5.211633023842092,5.97714900970459,5.922896344380767,6.119912147521973,6.1090100450339655,5.979384422302246,6.744733123784785,5.572013854980469,5.736456882199048,5.282341003417969,5.415398427880075,4.786281585693359,5.020360669923876
93,5.143677711486816,5.845451463855949,4.339475154876709,4.251165688931206,5.236588001251221,5.537378277968923,6.161417007446289,6.283435275812159,5.597896575927734,5.43377492325216,3.9871559143066406,3.4777094803093314,5.010427951812744,4.858772883201095,5.631441593170166,5.74877668359064,5.834495544433594,5.963714930915536,7.437880516052246,7.086993373706796,5.613288879394531,5.637157632421767,5.881497859954834,5.853579147982566,4.606175899505615,4.524887148929201
94,5.694072246551514,5.56488281819045,6.133814334869385,5.7644056624216,4.615987300872803,5.094107393702107,6.168385982513428,6.325428285436911,2.0505261421203613,1.192053430384311,4.017833232879639,4.134921334373586,4.839486122131348,5.084118412849898,4.945175647735596,4.756780844898243,5.907817363739014,6.009723536699885,5.837466239929199,6.529730694395189,5.617880344390869,5.517867495558265,5.0019378662109375,5.129891042251773,5.448984146118164,5.438677151733251
95,5.569729328155518,5.767139304397002,4.584021091461182,4.6858731329256225,6.243238925933838,5.555358349306234,4.967664241790772,4.770373154689831,2.2835559844970703,2.654853934459044,5.304216384887695,5.666882605414924,5.502353191375732,5.555413186336706,4.858355522155762,4.742397753537354,5.313263893127441,5.290029139842987,5.328341960906982,5.572937346612602,4.928449630737305,4.842936507412969,5.668693542480469,5.606736599161647,4.525542736053467,4.477053713479728
96,3.788387298583984,3.2652942441874035,6.463272571563721,6.062217492390357,5.5177435874938965,5.088079164451426,6.595051288604736,6.43778039661871,5.5673346519470215,4.947501213233568,4.598535537719727,4.914066863935228,5.365974426269531,5.265790349194262,6.356646537780762,6.172312843215823,6.224036693572998,6.192190097503198,6.342473030090332,6.85689161682837,5.989168643951416,5.86483677461149,4.7269287109375,4.619065793920657,4.746583938598633,4.961615389080307
97,4.4722580909729,5.054931087127941,5.114863395690918,4.974495286812733,5.396151065826416,5.196222950942149,5.663141250610352,5.638000260347223,5.443495750427246,5.520400647764983,5.210506439208984,5.483947297897924,4.678391456604004,5.080858679638156,4.9017510414123535,4.853831343963624,5.275353908538818,5.252689253907393,4.774731159210205,5.068687646741415,4.762261390686035,4.7885826139604655,5.003898620605469,4.926060517252798,5.428731441497803,5.411716441794865
98,4.703857898712158,5.133199353078106,4.996525287628174,5.294448376846146,5.025149822235107,5.343189564749297,4.98667573928833,4.758190648281721,2.4121172428131104,3.3172744337641653,5.254591941833496,5.468687912142681,4.561776638031006,4.82655596301061,4.946125030517578,4.956880852189875,5.38848876953125,5.359849576473634,7.343323230743408,6.899210778762173,4.859120845794678,4.8063416971835995,5.643271446228027,5.559187099167315,4.465826511383057,4.37630044183047
99,4.316067218780518,4.785729198722488,5.8995361328125,5.645619532823828,5.775418758392334,5.3528968640815195,4.928976058959961,4.75814899002533,2.5044517517089844,3.136955571179836,5.036896705627441,4.9604625563089675,4.336770057678223,4.245518731696152,5.846222400665283,5.73616424502355,5.598352909088135,5.593546244541019,5.519062519073486,6.236216219400303,5.637336254119873,5.528160031201577,5.334986686706543,5.5198714159601785,4.7122721672058105,4.864745452034784
100,4.033085823059082,4.281517008929484,5.65837287902832,5.283360184189957,5.962646484375,5.818359918632781,5.657662868499756,5.718483288202627,4.278047561645508,4.458535826161098,5.04075288772583,5.145608755907238,4.91111421585083,5.116030401537365,4.845234394073486,4.645407452291162,5.411741256713867,5.3675063136671115,5.641843318939209,5.599838217726551,5.191307067871094,5.15569635469928,5.69864559173584,5.752584467870152,4.58260440826416,4.676211487900039
101,5.055220127105713,5.835399741739531,4.412162780761719,4.463206647234751,5.744296550750732,5.335544985813356,5.791740417480469,5.697775284364086,5.67209529876709,4.992458179953499,6.085699558258057,5.945794897900688,5.968747615814209,5.805385539966488,5.32794713973999,5.214637379679896,5.350471019744873,5.243121407907028,7.473081111907959,6.976405993365401,5.378655910491943,5.257786744583904,4.457281589508057,4.515441605288053,4.89958381652832,4.975975898544936
102,4.907496929168701,5.331564477591068,4.704751968383789,4.889577272293803,4.288097858428955,4.381172090644092,5.937844276428223,5.847504233227112,5.494296550750732,4.005227794350519,4.615201950073242,5.3407783462231695,5.237546920776367,5.445853346189239,5.060665130615234,5.146062504431057,5.454193592071533,5.546479322565666,5.559998035430908,6.120094979884972,5.014458656311035,5.097340756935212,5.1603546142578125,5.083888270326525,4.321173667907715,4.029177848916076
103,4.916298866271973,5.088938558629091,6.377434730529785,6.109664735459297,3.861647844314575,4.3765296696327125,6.383059024810791,6.234898439844072,5.341269493103027,5.5543532395141115,5.686931133270264,6.661275384956358,5.057974338531494,5.939374086515662,6.234428405761719,5.903988701123936,6.106884479522705,6.059649784148577,7.844186782836914,7.890921553743786,5.89720344543457,5.863801524284462,4.970556735992432,5.001620976974952,5.52060604095459,5.577095165854643
104,5.158628463745117,4.827565715992815,5.502949237823486,5.727851250057893,5.701315879821777,5.804420310765402,5.912553787231445,6.207782764296878,4.967542171478272,4.3247374260627085,3.866597890853882,3.9865265798667333,4.135025024414063,4.1508319797677435,5.986878395080566,5.814555445955842,5.980845928192139,5.9795919625522975,7.123626708984375,7.309508717387191,5.58851957321167,5.459411784143882,6.0373053550720215,6.098686550830875,5.8715667724609375,5.829355915393472
105,4.802148818969727,4.484476818277481,4.330720901489258,4.235849976551304,4.396409034729004,4.612521407584187,5.879358768463135,5.625094888157661,5.368127822875977,4.141832841568475,5.338217735290527,4.988366250210751,4.66876220703125,4.577067688199611,4.892885684967041,4.823705300852001,5.378981113433838,5.31461065944206,5.142445087432861,4.848621514434995,4.773851871490479,4.695769080025697,5.132817268371582,5.189253572795923,5.322577476501465,5.349401421491344
106,4.613417148590088,5.462233275307465,4.373932838439941,4.482483059022802,5.722264766693115,5.4907169588129,4.892271995544434,4.718312846383421,3.798540353775024,4.735245654772688,5.997874736785889,6.277402863802292,5.424940586090088,5.972279059754767,5.258536338806152,5.271268274131174,5.670160293579102,5.623071550184722,7.575159549713135,7.563815042525817,5.337752342224121,5.446275349583849,4.692935466766357,4.662736010703005,5.410284519195557,5.1869483399999
107,4.668123245239258,4.684815971169942,5.888238906860352,5.616090461485182,4.48575496673584,4.492088364933498,5.836918830871582,5.6207000102266775,2.059765338897705,1.602751975786463,4.998200416564941,5.40469129558293,4.2567667961120605,4.562886300106094,5.080246925354004,5.0979145665637216,5.634112358093262,5.568386221899656,7.0532732009887695,6.62135056522249,5.038467884063721,5.186963245083161,4.809791088104248,4.748879294730406,5.053093910217285,5.027875982517234
108,5.729280948638916,5.521004076948467,5.476287841796875,4.998052751779679,6.23392915725708,5.786836833456547,5.5872063636779785,5.556067751175705,3.022134065628052,4.446303114780831,5.441208362579346,5.755207042387369,4.802149772644043,5.147807017667739,5.426651477813721,5.205163918973899,5.1738152503967285,5.150226513898756,7.248427391052246,7.066470189309633,4.839317321777344,4.886995844291374,5.4186530113220215,5.400982850369362,4.436059951782227,4.397510281602665
109,5.290669918060303,6.031310137040097,4.022796154022217,3.795385071517403,5.575185298919678,5.875188366401105,5.584018230438232,5.6780144850647085,5.612283706665039,5.145090320345128,4.911389350891113,5.882162876594499,5.414863109588623,5.814340173472484,4.995716571807861,5.068084463814377,5.371796131134033,5.403943049218348,6.640830993652344,7.051174322918662,5.271357536315918,5.330936396716937,5.168564319610596,5.298670611188686,5.483759880065918,5.434038217942784
110,5.620189189910889,5.400722332170271,4.206385612487793,4.114394130269124,4.013694286346436,3.7508350881494312,6.043658256530762,6.141217719551034,2.2797086238861084,3.34655845862963,7.220981121063232,6.89143946614316,6.694394588470459,6.376436085375878,5.523043155670166,5.5821875919270365,5.66209602355957,5.744462999288039,7.519245624542236,7.410064304724746,5.647872924804688,5.652180881667059,5.093865394592285,5.033205331383329,5.319594383239746,5.277578142116162
111,5.645575046539307,5.526876659184472,6.266800880432129,6.3593846968475125,4.981578350067139,5.7328700045747745,5.664093971252441,6.039928657226763,2.6602232456207275,3.6329502271520884,3.8116331100463854,3.7405531506034904,4.6597185134887695,4.794456455183553,5.680289268493652,5.923771830844626,5.973916053771973,6.120182338063513,7.404519081115723,7.313322257773886,5.653552055358887,5.721719115401089,4.944972515106201,5.187864211449692,5.714542865753174,5.735925285001685
112,4.195310115814209,4.476540213080015,5.30781364440918,5.561781537814537,4.813328742980957,5.6070032080524825,5.682437419891357,5.992119139498764,5.553337097167969,5.697287199980644,6.86305046081543,6.377448397638084,6.224489688873291,5.929236096591364,5.556777000427246,5.74577509802586,5.511932373046875,5.6559308833003215,7.572812557220459,7.092905798597345,5.530946731567383,5.5579782390366095,5.453011512756348,5.531804497291524,4.140453338623047,4.37898210874031
113,4.742549896240234,5.184283835849993,6.48699951171875,6.333577858267271,6.664533615112305,6.275475660074496,6.565987586975098,6.558233846768873,4.897328853607178,4.777663862194299,4.830458641052246,4.977202667097314,3.9565861225128174,4.266243716025996,5.968825340270996,5.931170039274553,6.072268962860107,6.063105778894535,6.925679683685303,7.009594168115201,5.12975025177002,5.330554472750446,7.0306010246276855,6.571603267452081,6.022170066833496,5.8670291051202925
114,5.359449863433838,5.261764881014458,5.824941158294678,5.9265013832047435,4.566592216491699,4.983754167069664,5.988992691040039,6.20719218158908,2.171967029571533,3.3127948881928067,3.815255641937256,3.374737466989492,4.55690860748291,4.489354877107652,5.58425760269165,5.822429777958727,6.020347595214844,6.072721950278617,5.785991191864014,6.550323876552025,5.633687496185303,5.601219330523719,5.374818801879883,5.6667210049373535,5.815415382385254,5.753532652239406
115,4.233831405639648,4.082348740481945,4.199690341949463,4.37100777911868,5.273865222930908,5.651336108872746,5.527332782745361,5.732804200948137,1.949958562850952,1.1834238296652926,5.094605445861816,4.618111331278814,4.397753715515137,4.06491810400388,5.044366359710693,5.12454997413985,5.7486491203308105,5.77592000137082,7.166435241699219,6.640749710643469,5.49281120300293,5.427553955281175,6.174264907836914,6.110051080413147,5.728365898132324,5.6101062361358025
116,6.042614459991455,6.0424732684136755,6.339552879333496,6.387112145433022,4.961252212524414,5.794113187838964,6.061741828918457,6.4059207843487345,3.0340983867645264,4.727578858837825,3.721018075942993,3.7889314985341778,4.971028804779053,4.904261483501332,6.1284003257751465,6.120556847488072,6.190062046051025,6.267260888154423,7.434755802154541,7.154249474683379,5.801159381866455,5.782081891126945,5.864423751831055,6.243494731804446,6.013455867767334,5.999666025228836
117,5.479312419891357,5.420916273498823,3.9554905891418457,3.820056627877546,6.383959770202637,5.893910643964682,5.87429141998291,5.91080628663103,5.252535343170166,4.815710544582849,5.255712032318115,5.496695002627126,4.56742000579834,4.766326637393736,5.388412952423096,5.427420300543934,5.606517314910889,5.712060193901636,7.349263668060303,7.23993491438973,5.10959529876709,5.3880281744831136,5.930854320526123,5.9293613704948465,5.259566307067871,5.434917503591015
118,5.058100700378418,4.8382313148397325,5.774044036865234,5.600552324194997,4.586391925811768,4.757482492446704,5.578293323516846,5.773247921990654,5.144877910614014,4.262989488060754,4.26485538482666,4.236058096199775,4.246398448944092,3.9493364184263076,4.941940307617188,4.86470783441985,5.494592666625977,5.508902923806432,7.1207146644592285,6.765229579969163,4.911623477935791,4.9320738564815,5.593939304351807,5.633239303577404,5.57728385925293,5.452287707416064
119,3.962941884994507,3.790248264821136,4.112522602081299,3.7844033602079588,5.3032708168029785,5.59786438111295,5.439176082611084,5.694989524464462,3.788871288299561,4.026811498338562,5.263002872467041,6.056336111976479,5.697843074798584,6.009905303982349,5.013818740844727,4.959918282640833,5.803979396820068,5.841425720234247,6.005463600158691,6.834150087153462,5.747857093811035,5.740702447273062,6.167215824127197,6.125563811317526,5.705434322357178,5.606045782028656
120,6.376014709472656,6.1022129983376345,6.526675701141357,6.598533439040038,5.621170520782471,6.179174301480128,6.055512428283691,6.479268067624524,2.656043529510498,3.7849438438807823,3.717090606689453,3.892316452857697,4.946269035339356,4.9655074900290135,5.999734878540039,5.941737011021823,6.20585298538208,6.212885593015799,5.371146202087402,5.393625964257711,5.764069080352783,5.636053708762068,5.989230632781982,6.435632042771239,5.935259819030762,6.0745516398677495
121,4.239254474639893,4.6548865671714745,4.234015941619873,4.179702270651774,5.490855693817139,5.466799729188323,5.73520565032959,5.7854748719618,2.1392645835876465,2.527992185870208,5.122607707977295,5.503647351465087,4.996569633483887,5.313257342413055,4.78140926361084,4.552400763440654,5.4395294189453125,5.4473524907262405,5.570527076721191,6.220769149481679,5.092272758483887,5.216222008482066,5.352879524230957,5.532392091667427,5.223803520202637,5.386756272838071
122,6.236365795135498,5.621685268704072,5.00108814239502,5.176758592220972,6.307534217834473,5.869367034789943,5.729959011077881,5.732278553789835,5.410891056060791,5.713375257822187,4.035253524780273,3.8043811869848385,4.993117332458496,4.888096481579567,5.389898777008057,5.392889785155166,5.357866287231445,5.3280901539340215,5.915676116943359,6.506013732643954,5.166863441467285,5.226751466503906,5.9212260246276855,5.878127696393365,4.747557163238525,4.936500533727372
123,4.538226127624512,4.542778536621546,4.69615364074707,5.349849911079267,4.094334602355957,3.765240472481888,5.995516300201416,6.005374119561598,5.170372009277344,3.788864126192374,4.643681526184082,4.902641829725936,4.337979793548584,4.195298198629697,5.673089504241943,5.6747898404175965,5.660676002502441,5.6828453482265,7.137072563171387,6.914449620798203,5.501818656921387,5.441582140566523,5.178438663482666,5.080743411602577,5.407735347747803,5.439290978862159
124,3.728559255599976,3.292132718671205,5.145946025848389,5.481074975879922,4.857710361480713,5.247493609408067,5.790128231048584,6.009956203600327,5.4473419189453125,5.210897187198696,6.728346824645996,6.159934016599476,6.157440185546875,5.753543754871243,5.159739971160889,5.225950358424931,5.518735408782959,5.652122162733461,6.234559059143066,7.424215281552355,5.5299506187438965,5.528246821490381,5.604667663574219,5.638718800652578,5.451725482940674,5.447406660955958
125,5.052676677703857,4.892459645644404,5.73390007019043,5.486963590468086,4.065041542053223,3.981604193979995,6.331191062927246,6.194810351177934,1.8561370372772217,2.063308196063301,4.768402099609375,4.58715507752889,4.597282409667969,4.527725326255431,5.634617328643799,5.559291601133181,5.874026775360107,5.794996202611282,5.402242183685303,5.710924249043817,4.921910762786865,4.91435913118031,5.082621574401856,5.059720266874543,5.3685150146484375,5.1841793242515735
126,6.597900390625,5.64411362663214,5.284028053283691,5.121488124021336,5.255824089050293,5.652491584132924,5.083498001098633,5.064459422539377,5.579577445983887,4.6333865974935415,6.378727912902832,6.069385785812131,5.939358234405518,5.644089286062532,5.267014026641846,5.220693670573818,5.238536357879639,5.159842114389581,7.076951026916504,6.8488169830784456,4.945696830749512,5.061124629354703,5.584359645843506,5.526532670002127,4.386303424835205,4.310933121013099
127,4.560189723968506,5.518229898753837,6.032604694366455,5.980695991655028,5.9205474853515625,5.97371763658357,6.381864547729492,6.516586668844415,2.04323959350586,2.1734908037312364,3.75543999671936,3.710039834426303,4.888918876647949,4.848723056577612,5.738728046417236,5.886707732011393,6.107421875,6.184570789316306,5.489173412322998,6.005745196446006,5.4299492835998535,5.544939027169131,6.513606548309326,6.469951351735227,5.394772052764893,5.82730676750375
128,6.386459827423096,6.096796410250072,4.800906181335449,5.049892003648469,6.015259742736816,5.571542687947869,5.842191219329834,5.768980396472206,5.629854679107666,4.883965689355289,6.055182933807373,6.251326963123981,5.435364246368408,5.483503249628407,5.076678276062012,5.050008730170525,5.393741130828857,5.407955751111903,7.483547210693359,7.611621484491243,4.796361923217773,4.70393184405428,4.788577079772949,4.697149116441597,4.210628032684326,4.2566342286400545
129,3.993977546691896,4.147936452667664,6.077042102813721,5.798129122083518,4.405641555786133,4.488821581079833,6.397871494293213,6.1891508417444205,2.5049006938934326,3.2162156481959907,4.368973255157471,4.145314652804211,4.264232635498047,3.901241021010576,5.652474403381348,5.55396763366407,5.966623306274414,5.824791992576126,7.055220127105713,6.618629993642417,4.83425760269165,4.718978917364371,5.353143215179443,5.389193273007744,5.616025447845459,5.614065039352923
130,6.638150691986084,6.298140100984744,5.494897842407227,5.294132823827811,6.387492656707764,5.894484009715905,5.764348030090332,5.666826421133742,5.521823406219482,4.5451774501493265,4.154872417449951,3.8067304557616177,5.039986610412598,4.825656369165948,5.286116123199463,5.142144262282219,5.234175682067871,5.125681808250809,5.476996898651123,5.222541275979789,5.034037113189697,5.042937212251632,6.02403736114502,5.921794905476007,5.527388095855713,5.418381026024585
131,5.80906867980957,5.695733536655946,6.436429500579834,6.32043462981406,3.875989198684693,4.0252328911876765,6.489955902099609,6.391476615327932,4.679980278015137,4.287215322695442,7.63482141494751,7.456966723475142,6.98902702331543,6.887952870285471,6.191816806793213,6.164687938231512,6.219409465789795,6.219217299031335,8.104426383972168,8.37599558605279,5.568717002868652,6.005452324341058,4.929610252380371,4.92839608391137,4.516659259796143,4.711846542596443
132,4.413697719573975,4.095953668833362,4.24168872833252,4.127699255583999,4.431280136108398,4.611717350853068,5.720302581787109,5.858451122133497,3.178738832473755,3.9830235202258466,4.453651428222656,4.2439595552252465,4.2930755615234375,3.658951656737988,5.600865364074707,5.515874722503558,5.780411720275879,5.72727993595836,7.360507011413574,6.710874782666759,5.538668155670166,5.389812738979113,5.4826340675354,5.649736536553656,5.578028202056885,5.544770306247421
133,4.70897388458252,5.377538774961228,6.305519104003906,5.961181801609239,4.592620372772217,5.125554735772675,6.36790943145752,6.330337509487021,5.412957668304443,4.97264350060257,5.325020790100098,5.568667834413052,4.7019476890563965,5.027928782669539,6.064590930938721,5.988446174654535,5.98814058303833,5.9840697090342445,5.34297513961792,6.089351865661538,5.468704700469971,5.5481402506334625,4.7456955909729,4.817323158927051,4.122546195983887,4.4194444636308
134,4.7680277824401855,4.946191445854837,5.153298854827881,5.11683309666794,4.0198845863342285,3.8755452908197277,5.4663567543029785,5.541139322477708,2.391764879226685,4.077514020332888,4.624600887298584,4.755843030858802,4.869872570037842,4.982214250091885,5.95463752746582,5.717068752492802,5.815938472747803,5.783112948164643,4.912967681884766,4.593613100054715,5.752771854400635,5.611156951923963,4.932290554046631,4.857444389018155,5.348166465759277,5.359441507345992
135,3.8103959560394287,3.605041268240089,5.658156394958496,5.614386547383169,4.549788475036621,4.679044843830082,5.788498401641846,5.750917431215951,2.204820156097412,2.4308812621581777,4.740639686584473,4.932454969906836,4.486365795135498,4.590515617903185,5.678669452667236,5.627086743161231,5.613746643066406,5.612290156823345,5.651722431182861,5.901798000636573,5.528378009796143,5.4228976049860025,5.381089210510254,5.594338081460798,5.54490327835083,5.50261211710123
136,5.917137145996094,5.7423912467979585,5.043018341064453,4.901497968234394,4.669155120849609,4.563806797133153,5.9141058921813965,6.008177720962386,1.8249038457870483,2.1641949553904047,4.396827697753906,4.330868471359359,5.150026798248291,5.033957060360853,5.035243988037109,5.017362396654182,5.439111232757568,5.5070255260737495,4.7838945388793945,5.200654633424348,4.925390720367432,4.953980461357661,5.46488618850708,5.388072489679165,5.483443260192871,5.50406263428254
137,4.235694408416748,4.633801795166185,4.751755237579346,4.804010439754725,4.774657249450684,5.095376498445953,5.233566761016846,5.243215384499649,2.0835368633270264,1.8851352859260526,5.060219764709473,5.19058170325235,4.630792617797852,4.810025558012923,4.939774990081787,4.852670254148072,5.222708702087402,5.142372816495906,5.450379371643066,5.265862382169441,4.889801025390625,4.87914544617055,5.506816387176514,5.459686137811375,5.32170295715332,5.3253306717253945
138,4.950296878814697,5.532541425908083,6.093699932098389,6.062750782122189,5.077485084533691,5.876071342946177,6.2149658203125,6.285912759416578,5.202714920043945,4.99237463429004,3.748525381088257,3.601076193012093,4.450253009796143,4.5409366421605375,5.83129358291626,5.897852405869268,5.840117454528809,6.019013868183921,6.191337585449219,7.020440233214549,5.382484436035156,5.559604270454722,5.952121257781982,6.173914443082873,5.905861854553223,5.97568614281192
139,4.121966361999512,3.869033626709311,4.428781986236572,4.64252667547152,5.719143390655518,5.73109659060711,5.265981197357178,5.292527506087519,1.992281556129456,1.832474653536308,4.938169479370117,4.846179913570502,4.498353481292725,4.588384935733625,4.904692649841309,4.856242402896434,5.502066612243652,5.573323979675664,5.545866012573242,6.136570121702356,5.211484432220459,5.253531654207355,5.255604267120361,5.459615333491777,5.513119220733643,5.45471822366419
140,4.42227840423584,4.510609233795181,5.644887447357178,5.573793573892279,4.015228748321533,3.6961746223334817,5.853856086730957,5.788024851815096,3.674470186233521,4.915427613614422,4.481783866882324,4.6830193779094875,4.832248687744141,4.858118336889343,5.477720737457275,5.618670312066925,5.550307273864746,5.5845455155409365,6.521210670471191,6.69937825896303,5.480460166931152,5.457583210552239,5.056388378143311,4.9809709984360095,5.320017814636231,5.352502342706031
141,4.588603973388672,5.160494152439286,5.798393249511719,5.865193174142842,4.679448127746582,5.1061985308271245,6.030707359313965,6.06998578141078,3.544260740280152,3.8211931566109096,6.425167083740234,6.0883985404173355,5.881264686584473,5.809057960923874,4.99908971786499,5.017180515260039,5.80615234375,5.793293237369739,5.385435581207275,5.654749523437068,5.740716457366943,5.673609004918868,4.854948043823242,4.891721332274047,4.162722587585449,4.089431795587736
142,5.613559246063232,5.580451441973893,5.235410213470459,5.168274613590816,4.577792167663574,5.213134658018192,5.894211292266846,5.741080915910998,2.208101749420166,2.4509715611167895,5.987585544586182,5.674993914845111,5.695223331451416,5.596874501298666,4.806960105895996,4.70501571283373,5.38145112991333,5.393427249006907,4.959554195404053,4.427894395849831,5.403906345367432,5.366031532826797,5.082320213317871,5.1450653104239334,4.350961208343506,4.144072335998343
143,5.165351867675781,5.416860371637233,5.115029335021973,5.358142875178858,4.660677909851074,5.223331511584274,5.0248308181762695,4.739267402196847,2.283207893371582,3.3749987256265515,4.279149532318115,4.496180625106212,4.764184474945068,4.964940154229039,5.391175270080566,5.599416753101715,5.590523719787598,5.579833256243976,5.425124168395996,5.744727220239958,5.126635551452637,5.235925505584829,5.107755184173584,5.262986358199673,4.551584243774414,4.594831428469206
144,5.286879062652588,5.117044969574497,4.533210754394531,4.824452730236857,4.033328533172607,3.39358726312108,5.837502956390381,5.8640614011728385,3.6559574604034415,4.349625700039265,4.89183235168457,5.710368880007055,5.22819709777832,5.608254897266121,5.033760070800781,5.10862623982355,5.46085262298584,5.563731700709907,5.364599704742432,5.597127211989157,5.450253963470459,5.4163093928171495,4.816935062408447,4.6411138228239475,4.877355575561523,5.011215653191939
145,5.4775071144104,5.338889553679105,6.276673316955566,6.225056153658594,3.873107433319092,4.241497667316977,5.354714393615723,5.736901054044361,5.609218597412109,4.644152525426431,7.036310195922852,6.938023202089072,6.692845821380615,6.491876851668796,6.201164245605469,5.951292513162147,6.023936748504639,6.018421520272278,8.148336410522461,7.967398869091661,6.274499416351318,6.017257062686119,4.916210174560547,5.012507565794079,5.494483947753906,5.531163557263716
146,4.6838884353637695,5.355398374465924,5.342663288116455,5.38755004277843,4.672183036804199,5.500555570761273,5.688608169555664,5.617970853350909,5.381775379180908,4.808705556678173,4.587844371795654,5.219566771112928,5.138607501983643,5.319123218755957,5.092923641204834,5.075927086311677,5.175911903381348,5.128685728163009,4.963066101074219,4.6272493741006455,5.232637882232666,5.12880203171236,5.603987216949463,5.7096707194031655,5.398835182189941,5.320611929943878
147,4.996802806854248,5.169599634597935,5.982933044433594,5.650815442471924,4.186285018920898,4.344831774190559,5.060754776000977,5.041661773777113,1.923478603363037,0.6787676221219788,5.46308708190918,5.906088340283867,5.867171287536621,5.788811131972506,6.066047191619873,5.842521953115241,5.862433910369873,5.798565828336367,7.728199958801269,7.076137311078311,6.144623756408691,5.8994023218111415,5.126022815704346,5.093273448775487,4.380706787109375,4.237617692852639
148,5.128347873687744,4.886671367402226,5.196589946746826,5.495729680020769,4.621880531311035,4.889371590004517,6.275412559509277,6.019740799036627,2.0527782440185547,2.610768318144792,4.066642761230469,4.169142307700682,4.308339595794678,4.367813369638104,5.341635704040527,5.41185832559288,5.734682559967041,5.7398294958444644,4.794538021087647,4.861805059354147,5.1313018798828125,5.291005527824265,5.692175388336182,5.703291287416469,5.7659173011779785,5.660697221216438
149,4.04158878326416,3.8257059449117414,4.543621063232422,5.064280393607658,4.074098110198975,3.722577799195501,5.236604690551758,5.307360749157425,2.353811740875244,3.8488234090987747,6.628946304321289,6.048860489960887,6.432332515716553,5.916387568809236,5.392258644104004,5.63489644775209,5.827014446258545,5.834567152985058,7.827167987823486,7.201910451659431,5.588314056396484,5.8100205275106305,5.138169288635254,5.0783167852946445,5.479382038116455,5.408612263488665
150,6.429027080535889,6.120403508056772,3.976616382598877,3.741280451875731,4.549964904785156,5.251830140262076,6.426305770874023,6.318938706932122,6.018906593322754,4.992879479465088,7.618211269378662,6.830483152092978,7.00670051574707,6.355299884312971,5.631851673126221,5.528880122483101,6.060964107513428,6.005723292940879,7.69103193283081,7.443763197264624,5.323686599731445,5.35209959007007,4.868459224700928,5.085370578626001,5.583593845367432,5.617269343586292
151,4.342798233032227,4.316547589799274,5.930690765380859,5.953154128050414,5.12022066116333,4.999934550079182,5.416519641876221,5.512883860397758,5.147745132446289,4.690041642475404,4.84575080871582,4.803641297821884,4.473705768585205,4.416147964451341,5.979284763336182,5.896614230847821,5.738433837890625,5.7516987025340605,4.767544269561768,4.899379518068108,5.38859748840332,5.408982670577976,4.778486251831055,4.7367251463206035,4.380514144897461,4.345737177851263
152,7.471311092376709,7.432231732590405,5.302067756652832,5.279196351755714,5.871480464935303,6.095048728060414,4.98746395111084,4.980442351981698,2.944221019744873,3.0132360626691876,6.267423629760742,6.210415929388681,6.161843299865723,6.063259789583052,5.430422306060791,5.351426926898583,5.600975036621094,5.548246112339169,6.836495399475098,6.880712925776937,4.8429765701293945,4.778944145623416,5.575243949890137,5.605473758319706,4.184245586395264,4.191086687015022
153,6.153942584991455,5.394363829683542,4.437723159790039,4.932099739870405,6.149198532104492,5.344920059366141,5.265200138092041,5.388920669309676,5.674229621887207,4.282388067031209,5.985934257507324,5.879305004230299,5.374651908874512,5.621099300147741,5.092013359069824,5.274593395892229,5.655169486999512,5.7636927895414685,5.405799865722656,6.022047175002139,5.64144229888916,5.711245783937273,4.978597164154053,5.085897413543278,4.2039408683776855,4.235908734940702
154,4.461211681365967,4.975016317752926,4.168231964111328,3.559797280512762,4.714529514312744,5.329711325648038,5.175956726074219,5.022172172181026,2.014286756515503,2.3056215007233614,4.437238693237305,4.890323201447079,4.865920543670654,5.173488769678867,5.540300369262695,5.424641890796782,5.772377014160156,5.682756795102085,7.562745571136475,6.999874431520988,5.327159404754639,5.550592993624964,5.722930908203125,5.8314036552477635,5.649891376495361,5.535450576151957
155,6.8755950927734375,6.100979051046075,5.63398551940918,5.517638403050612,5.020529747009277,4.919983676008532,5.966170310974121,5.920634936173072,5.768138885498047,4.515444089283315,4.81926965713501,4.868222639424505,5.470675468444824,5.464555551375789,4.847449779510498,4.774736914134568,5.481866836547852,5.470074939706955,5.180844783782959,4.970710308476591,5.438973903656006,5.387252758331462,4.5305585861206055,4.539402754871309,5.009757518768311,5.080971494942144
156,4.939929962158203,5.267015043867644,4.209319591522217,3.958105070832207,4.161358833312988,3.8744427745626586,6.150814056396484,6.0677669564054515,2.4761979579925537,3.9746117261619505,4.451655864715576,5.0382070712239,5.166479587554932,5.45150351491122,5.597262859344482,5.604016278882943,5.737084865570068,5.782176433547017,6.8570098876953125,6.971447471683984,5.629377365112305,5.607673360391061,5.21195650100708,5.141072279409943,5.446001529693604,5.309396461647921
157,4.281911849975586,4.800220559712921,5.149453639984131,5.411206077221928,4.481043815612793,4.625648079679949,5.973034381866455,5.81902751962002,5.467796325683594,5.092525850452783,4.082020282745361,3.5239479301423358,4.907829761505127,4.654471335674521,5.508662223815918,5.5125482679013205,5.549264907836914,5.500773827813495,7.112804889678955,6.3517037098638225,5.264102458953857,5.305942221315098,4.926489353179932,4.944942381186114,5.486771106719971,5.41810403116478
158,6.599282264709473,6.110085320972538,6.368277549743652,6.473861117591511,6.722207069396973,6.353604329256689,6.857311248779297,6.643944984588771,4.264042377471924,4.0043253671142365,3.80597734451294,3.596927887054057,5.05767822265625,4.843748869006089,4.973277568817139,4.94024703808344,6.380459308624268,6.231886003638021,7.51446533203125,6.953972492077031,5.724189281463623,5.606267301313894,6.527297019958496,6.452647761567602,6.214905738830566,5.901048590605828
159,4.34386682510376,4.883004348897488,5.398307800292969,5.205839708031011,5.547197341918945,5.446588781838122,5.081748008728027,4.981712315347978,2.916553258895874,4.709266494985981,6.270665645599365,6.018456339567102,5.743113994598389,5.729890855766094,4.779232025146484,4.603130247564138,5.189327239990234,5.099414228095917,5.593058109283447,5.966831654921969,5.272754192352295,5.124857423813644,5.084104061126709,5.237835067513685,5.334109783172607,5.388452650413573
160,6.112586498260498,6.422208582164975,5.093292236328125,5.181228012483349,6.396759033203125,6.534944312944266,5.492629051208496,5.598700391263703,5.792056560516357,5.538065051557905,6.333381175994873,6.4315088328140035,5.927436351776123,5.986397894414216,4.639332294464111,5.13189388504708,5.234010696411133,5.276241202865926,6.50685977935791,7.303610581065484,5.272365570068359,5.343920279160977,5.7692484855651855,5.791687459356373,4.811973571777344,4.985279380100338
161,5.008183002471924,6.406447093467213,3.919105052947998,4.069922725535612,5.462716579437256,6.109566411064993,5.967483997344971,6.113872834677127,5.548882961273193,5.014595359518993,5.642186641693115,6.213079803187702,4.994618892669678,5.875615672359645,5.061405658721924,5.189464993105729,5.762360095977783,5.87212581913005,7.539141178131103,7.517618303169397,5.255003452301025,5.577352545728818,6.142903804779053,6.1332968522473275,5.138445854187012,5.453437951820385
162,4.039465427398682,3.6921806093271416,4.975561618804932,5.291401540815725,4.54142427444458,4.6641546946408186,6.49595832824707,6.253559187468719,5.226423263549805,4.507884781243814,4.008477210998535,3.598642356273635,4.714434146881104,4.683711037883236,5.884779930114746,5.825775933672951,6.178708553314209,6.078702948559928,7.345873832702637,6.828322081130873,5.717174053192139,5.708702575818132,4.984606742858887,4.902558250661037,5.663102149963379,5.557537784830969
163,4.059173583984375,3.759209391029749,5.949559211730957,5.673842140439601,4.831582546234131,5.086987982378421,5.752471923828125,5.804891154294549,5.58715295791626,5.447012118397536,6.755864143371582,6.069538228604682,6.171730995178223,5.7878134871609,4.848733425140381,4.87050381821921,5.594579219818115,5.6404248819915646,5.718000411987305,6.050522197849585,4.82071590423584,4.911075089436576,4.601166725158691,4.674384047003253,5.442978382110596,5.312953938584474
164,3.790168285369873,3.8874480501807795,4.963405132293701,5.694700063997159,5.329071998596191,5.731811014165824,5.708755970001221,5.958714602360481,3.01113510131836,3.3937499304165932,4.888415336608887,4.830831302337558,4.238887310028076,4.0303581232932855,5.651742935180664,5.8082205353065905,5.849619388580322,5.966081156048711,6.114526748657227,7.1314373774160345,5.410460472106934,5.472636165103793,5.94463586807251,6.0336942077249685,5.694929599761963,5.805784839070515
165,5.559868812561035,5.598401202875823,5.417712211608887,5.383752380510586,4.4844183921813965,5.028856352598463,5.501194477081299,5.685031659966578,3.5867228507995605,3.86470349160624,4.58305549621582,4.83255529366104,5.255977630615234,5.3775257234208365,4.751837730407715,4.878774577071971,5.733396053314209,5.806343231542325,6.906590461730957,6.891521618695579,5.381041049957275,5.484573956748414,5.446779727935791,5.628174797803319,4.542503833770752,4.500832488632088
166,6.321238994598389,5.800225110670468,5.907177448272705,5.935480502119902,6.502015113830566,6.13517806653574,5.727786064147949,5.941791439601118,5.463799953460693,4.761257245098362,3.8892393112182617,3.628839554418276,4.915318965911865,4.897777811658374,5.567688465118408,5.457247425935791,5.525596618652344,5.573118080407297,4.927867412567139,4.387669117099413,5.172043323516846,5.179507606010573,6.308679103851318,6.279878636700101,5.8519287109375,5.860695933822547
167,5.978550434112549,6.422300073769961,5.511741638183594,5.29833312425307,4.541518211364746,4.91498847972032,4.96489143371582,4.96547753306811,1.9512968063354488,1.0008120035088899,6.26482629776001,6.015687624588312,5.724496841430664,5.825402330161583,5.42319393157959,5.516169340859185,5.417109489440918,5.406533186134445,7.51005220413208,7.003534978770191,5.221035480499268,5.22185498714677,5.295336723327637,5.363511940398547,4.327957630157471,4.291083170465899
168,4.012665748596191,4.4042915806400345,6.112908363342285,6.055453667743184,5.927966117858887,5.803339547673529,5.750417232513428,5.927188063807797,1.9157553911209104,1.4216898073491753,5.078338623046875,4.679668984884312,4.208890914916992,4.052544720169272,4.958569049835205,4.964420838738793,5.870504856109619,5.8878026797759295,7.309064388275146,7.434321675027324,5.4996771812438965,5.464753599373198,5.740238666534424,5.845561942524306,5.739397048950195,5.5468064305393705
169,5.150933742523193,5.143363567486196,5.9868364334106445,6.0289634381866515,6.51215934753418,6.257426801571447,6.109904766082764,6.144960962100553,2.0031700134277344,2.4721987794350633,4.142979145050049,4.299566311038842,4.054381370544434,4.018897375033979,5.692847728729248,5.732084080034046,5.665098190307617,5.7530282766334775,6.893085956573486,7.1764893368425735,5.416072368621826,5.428675106578119,6.569170475006104,6.347800614175703,5.826961994171143,5.7578701678639295
170,5.319530010223389,4.889338686031847,4.345422267913818,4.744737338817139,4.571043968200684,4.712134284335799,5.226029396057129,5.373722868350903,1.8999370336532595,1.0664922735256204,4.87379789352417,4.711395523852703,4.678000926971436,4.561698843354083,5.205012798309326,5.235287179973867,5.463656902313232,5.500001814932396,5.744538307189941,6.190650475747476,4.845749378204346,4.719066763785681,5.046317100524902,4.994169688701006,4.575538158416748,4.578413666797535
171,7.490321636199951,6.898311148496708,5.647134304046631,5.609392091512576,6.636191368103027,6.0726438721037415,4.753479957580566,5.208632330200564,5.847322940826416,5.300123980755926,6.379700660705566,6.493576750689861,6.160522937774658,6.238975723379995,5.39754581451416,5.465072131920536,5.286810874938965,5.375151027292862,4.928765296936035,4.742676890643784,5.47736930847168,5.396283601990483,5.880979537963867,5.732546433268358,4.972805500030518,5.2074790419217845
172,4.734106540679932,4.487396651150382,5.346645832061768,5.3281835383142555,4.6665940284729,4.6403453449808785,5.225364685058594,5.1732572277266256,2.0210440158843994,1.4933634656364076,5.095024108886719,5.27224326827965,5.515478610992432,5.479536753112968,4.767831802368164,4.784779840007223,5.553642272949219,5.549585866158456,4.935245990753174,4.879743687554802,5.136646747589111,5.220531950987952,5.298391819000244,5.293568995716155,5.165172576904297,5.185549775765111
173,5.91796875,5.534018627676467,6.265190124511719,6.148097199817328,4.070536613464356,4.157424317270986,6.451346397399902,6.1902895461621945,5.953413963317871,4.828015365891917,5.697680950164795,5.815573326879462,5.939677715301514,5.743576879605821,5.309788703918457,5.6788645628329135,5.960843563079834,5.951483660226451,4.828012466430664,4.74827489662172,5.52593994140625,5.527424178315861,4.432091236114502,4.753828849923601,5.257258892059326,5.267017623423786
174,5.3430681228637695,5.1631304315026725,6.290046215057373,6.005282698034353,4.149508953094482,3.805919335305659,5.800314903259277,5.822954011099527,5.347615718841553,5.100744647060521,4.054988384246826,3.8874989299601643,5.109678268432617,4.885011151827139,6.081535339355469,6.048096346163772,6.12382173538208,6.015564096432433,7.393328666687012,6.929707233376217,5.878440856933594,5.757027538042553,4.774453163146973,4.565837019460715,5.098446369171143,5.230187917322175
175,6.148601055145264,6.054174496898334,5.366071224212647,5.372419919290634,6.305224895477295,5.972304983008109,5.7830491065979,5.669662434574826,1.919454574584961,1.785851534828386,4.346858024597168,4.685041925044983,5.116862773895264,5.237661583392275,5.242160320281982,5.257324265566928,5.2353196144104,5.15463218497805,5.0237531661987305,4.930656302278682,5.259045124053955,5.219767523663226,5.817060947418213,5.767854447606166,5.363406181335449,5.3605818624414665
176,6.40127420425415,5.8847642385721635,5.277563571929932,5.881213487958585,6.186155796051025,6.523697454799343,6.522910118103027,6.5788459828827905,1.8817063570022583,2.276025106685994,3.7821223735809326,3.7570018392189275,4.944113254547119,4.861292656397262,5.864415168762207,5.92252198292179,6.035202026367188,6.157179349152127,7.353093147277832,6.892192704690148,5.278953552246094,5.32645476324734,6.51654577255249,6.710260090634126,6.190367221832275,6.023573822783784
177,4.915499687194824,4.750462148591533,5.871315956115723,5.722002998196243,5.234466552734375,5.28175377481202,5.021819114685059,5.051166686533185,3.258574962615967,3.157147354084976,4.90120267868042,4.992402752088849,4.269791126251221,4.238107587947659,5.432182312011719,5.473183694073157,5.623535633087158,5.666563578001509,7.220523357391357,6.902394527174132,4.793134689331055,4.823436320457429,5.017323970794678,5.084365059156415,4.680928707122803,4.699542588358611
178,6.462648391723633,6.2865556101926225,6.360225200653076,6.460807427283897,6.513645648956299,6.3849104536488985,6.49410343170166,6.549586523161992,5.323172569274902,5.180675852789974,3.703275680541992,4.071949698130335,4.937859058380127,5.019422730850295,5.987724304199219,6.032824339770636,6.021246910095215,6.227972907573901,7.366125106811523,7.175250038558407,5.686014175415039,5.7461603731352024,6.16884183883667,6.547410095902928,6.160157203674316,6.11334730967597
179,5.161398887634277,5.19670454429208,4.614223957061768,5.0245742378476494,4.464558124542236,4.76707572869029,6.308033466339111,6.1455557366881415,2.642051219940185,3.6877432201908302,3.9884731769561768,3.411857483643402,4.592829704284668,4.4133280410654105,5.095785617828369,5.211821256537732,5.917253494262695,5.886193211170443,6.637556552886963,6.583156752631895,5.067088127136231,5.072904307101488,5.31022834777832,5.4977266660454625,4.888885498046875,5.1979236699050855
180,4.971569538116455,4.847166837434968,6.492663860321045,6.339465656606736,3.99588680267334,3.5812929039031234,6.396565914154053,6.195891522851032,5.087602615356445,4.772775211532778,5.322039604187012,5.432231603356397,4.356528282165527,4.484450663529864,6.249843597412109,6.157749225555408,6.049044132232666,6.010612190492931,6.850006580352783,7.243612907599544,5.623559951782227,5.704681393605438,4.620502948760986,4.387063023843809,5.4183878898620605,5.269179809730006
181,4.26754093170166,4.159110974194596,4.9755682945251465,5.126404075333802,3.9868013858795166,3.706087473948977,5.617481708526611,5.712562028562756,5.261176109313965,5.502564587734409,4.712375164031982,4.962444371626742,4.750477313995361,4.799996324638591,5.653421401977539,5.668022905552721,5.739024639129639,5.7389846653653445,6.45658016204834,6.459476439032289,5.04117488861084,5.0136562067228,4.909686088562012,4.8606213450190765,5.472609519958496,5.480257112060126
182,4.4235687255859375,4.859037007283679,5.740208148956299,5.660991337759222,4.245773792266846,4.48222974364251,4.857836246490479,4.7115874719953466,5.473121166229248,5.384508538424931,5.152492523193359,5.750173593778142,5.563847541809082,5.5889096550868995,5.554239273071289,5.570514513188059,5.512182712554932,5.566680337173268,6.8778886795043945,7.11540885280215,5.660655498504639,5.703898479628635,4.990068435668945,5.178358303303098,4.7860846519470215,5.055024769650065
183,3.985816478729248,3.912968056370254,5.808232307434082,5.763721580451369,6.08129358291626,5.723784253445253,5.862228870391846,5.792551614342391,2.197324514389038,2.4927308777553403,4.896289348602295,4.518893744761891,4.169800758361816,3.7380622874573755,5.55171012878418,5.528693236082758,5.516717910766602,5.4986316632642565,7.075581073760986,7.083462184278475,5.264558792114258,5.196972822275635,6.282324314117432,6.072353387610093,5.608852386474609,5.620800027359278
184,5.022319793701172,4.546673356618917,5.619339466094971,5.663202964308947,5.0085225105285645,5.483771969112318,5.631743431091309,5.620849925313307,3.486048698425293,3.9087099034290285,5.033946990966797,4.533276232537052,4.14667272567749,3.6941156785301588,5.346222877502441,5.348425059825421,5.332048416137695,5.270732514329472,7.06056022644043,6.986770390173511,5.011664867401123,5.0626503345195,5.779965877532959,5.9532959628203805,5.009654998779297,5.303142193451219
185,4.2155866622924805,4.661311799817636,4.054882526397705,3.8570197476984975,6.154257774353027,5.835373999578259,6.403972148895264,6.178176312548518,1.929595947265625,1.7706974196038985,4.699678421020508,5.62982094870138,5.36299991607666,5.7574598804087485,5.561429500579834,5.497281934390943,5.9506516456604,5.87641015572572,7.042355060577393,6.849544561140929,5.062666416168213,5.087466675095121,6.576787948608398,6.205439484166595,5.758665561676025,5.629052535271276
186,5.160106658935547,4.884366388055707,5.447109222412109,5.292747300000406,4.5194621086120605,4.895456054544775,5.556253433227539,5.51732519150011,2.1462326049804688,2.7261299424466197,5.285140037536621,5.088262372586734,4.46075439453125,4.518957575366023,5.362858772277832,5.285064002467752,5.23853063583374,5.142602057043817,5.045387268066406,4.77071247358825,5.262081146240234,5.1539645780132,5.284095764160156,5.394984439244805,4.648607730865479,4.720611796904766
187,4.388547897338867,5.155578285403791,5.217326641082764,5.237960556347505,5.475314140319824,5.897282647105786,5.642590045928955,5.603182688424373,5.5239996910095215,5.10362187470027,5.120628356933594,5.843924930499529,5.386783123016357,5.661619291439185,5.2307000160217285,5.216812081292614,5.185665130615234,5.184981782013171,7.012022018432617,6.798525735891075,5.074984550476074,5.0637058564997055,5.84425163269043,5.749240171493264,5.397156238555908,5.333040076667581
188,3.8735406398773193,3.27583900456659,5.1149091720581055,5.23368659966261,5.882998466491699,5.332585709686027,5.133340835571289,5.081240124201394,2.2842857837677,3.3059031731224544,6.365699768066406,5.960794199026849,5.9023118019104,5.607939549009507,5.128350734710693,5.191548169907161,5.318613052368164,5.264860577272685,6.572981834411621,7.017462337977392,5.403576374053955,5.353655331231733,5.589041233062744,5.70641953878982,4.835630893707275,5.040999580721498
189,5.000061988830566,5.192234097174828,6.441859722137451,6.2711220748443575,6.447460651397705,6.455276973490583,6.528361797332764,6.528783017446585,4.907183647155762,5.059829060479801,4.879688262939453,4.908684630271057,3.975597381591797,4.234159434260882,6.004843711853027,5.898309132962248,5.995355606079102,6.052371161649788,6.321903705596924,6.9793816643550235,5.300683975219727,5.430439357870278,6.400521755218506,6.504113298375219,5.279247760772705,5.586553021926492
190,6.187487602233887,5.592661473288602,4.927447319030762,5.174011153282556,4.9339599609375,5.071571079049008,5.302696228027344,5.438098488053104,2.4403412342071533,3.044534087483964,4.556909084320068,5.2228938149851105,5.216753959655762,5.360155040224151,4.845869541168213,4.742123863481826,5.270517349243164,5.303167060545386,5.7321953773498535,6.282776707287089,4.828083515167236,4.667429101497088,5.521242618560791,5.528953413175888,5.488268852233887,5.451443819762852
191,7.408135890960693,6.073942802494732,4.028628349304199,3.9401224777411508,5.36819314956665,5.617400154254479,6.337637901306152,6.395934190059644,2.0137481689453125,1.7253866787170098,5.644337177276611,6.31140534076757,6.003625392913818,6.097503497199996,5.644314289093018,5.570784040041268,5.94871711730957,5.95085433940531,4.960425853729248,4.864437788661863,5.301340103149414,5.286721041063983,4.853987216949463,4.966843299108086,5.598862171173096,5.485945073820598
192,7.858880519866943,6.4435993884304406,4.19314432144165,4.298655790051235,6.513646125793457,5.59667023949584,5.97399377822876,6.025342556855635,5.941891193389893,4.193989957036264,6.222768306732178,5.8610828175675955,6.37809944152832,5.8274683219299,4.804485321044922,4.591246748542597,5.760921478271484,5.755117421350667,7.915955543518066,7.298080951979653,5.367852210998535,5.477335575682747,5.371773719787598,5.414898103551312,4.2972822189331055,4.061330033862761
193,5.196945667266846,4.985688992138027,6.384931564331055,6.142634720099017,5.61167573928833,5.6134106121996865,6.494058609008789,6.1854168161147385,5.094228267669678,4.943333394864928,3.927277088165283,4.047511088986608,4.215652942657471,4.088591151457489,5.547835350036621,5.7497004059679995,6.077333450317383,5.960933953234855,7.277897834777832,7.312030869248751,5.546002864837647,5.521369769853618,4.93399715423584,5.078744646822507,5.668134689331055,5.70735603846601
194,5.297939300537109,4.916542216501789,6.121017932891846,6.056341443174356,5.817042827606201,5.350048849405795,5.69822883605957,5.968190578780136,5.170876502990723,4.070013470368766,4.005215167999268,4.017046491465787,4.36090612411499,4.285084146148538,5.218968391418457,5.432414051810129,5.827352046966553,5.882253120869102,7.333415985107422,7.188552398291031,5.491926670074463,5.523939164504998,4.695151329040527,4.514051560552599,5.5434417724609375,5.4460353669877195
195,4.660756587982178,4.881264363141745,4.490736961364746,4.532318553248591,4.352114677429199,4.556616192281404,6.2443437576293945,5.971547867166875,2.3281939029693604,3.197367427529029,4.888209342956543,5.407778732829854,4.786633014678955,5.201242162976414,4.985360622406006,4.910774307713039,5.856900691986084,5.734070177373924,6.383026123046875,6.563891410728627,5.610214710235596,5.453006238648582,4.453181743621826,4.569632596208063,4.985031127929688,5.131139514547048
196,3.8209362030029297,3.244158785570058,5.900977611541748,5.83022463838838,4.745720863342285,5.0566582078161915,5.057580471038818,5.016074197502418,2.387385129928589,3.90385527443473,5.672686576843262,5.7923903910441785,5.011448860168457,5.427608218449795,5.11757755279541,5.413851163555526,5.689179420471191,5.71691471591819,5.437139987945557,6.028699037943142,5.507824420928955,5.661391382360682,5.081818103790283,5.305844891032206,5.432590961456299,5.422226846528167
197,4.526946067810059,4.90715078363317,4.422922134399414,4.407864138312262,5.65178108215332,5.404625951898101,5.661074161529541,5.622587814637066,3.317152261734009,3.413514695429251,4.762820720672607,4.821184140564188,4.399789333343506,4.275409229064732,5.221259593963623,5.221708478542841,5.213143348693848,5.2040614258155,5.79112720489502,5.811734911428118,4.7984490394592285,4.762354277969417,5.572168827056885,5.490832499155082,5.406816959381104,5.355993833981078
198,5.197286128997803,5.186754646710966,4.845714569091797,4.502210500788363,3.970313549041748,3.846945989773498,5.981581687927246,6.01930791181419,5.508021354675293,5.065740847781671,5.342557430267334,5.10162901597022,5.070844650268555,5.023866735801744,5.223508358001709,5.249547745550129,5.844933986663818,5.811612976227655,4.8067169189453125,4.745972051246057,5.483545303344727,5.5207580654457615,5.063196182250977,5.013712013695822,5.352384090423584,5.376448029996625
199,5.136805534362793,4.968342461911965,6.235762596130371,6.094135593634407,6.311363220214844,5.82047660282663,6.453987121582031,6.210997705277932,4.918102264404297,5.200014434056799,4.067522048950195,4.389120736987564,4.048027992248535,3.9999175341835884,5.118582248687744,5.277107538180438,6.002788543701172,5.9244964970128295,7.175682067871094,7.323356475210565,5.467861652374268,5.432210794435325,6.067764759063721,6.175899090182003,5.500981330871582,5.722334104470025
200,5.14443826675415,4.911709457905705,4.826246738433838,4.856564698053347,4.0710978507995605,3.7733605523056593,5.3939080238342285,5.439243418514624,4.044768333435059,4.137277199719356,5.501044273376465,5.140233981981075,5.007711887359619,4.870178695384052,5.093419551849365,5.092576236944536,5.329307556152344,5.249141064825985,5.091700553894043,4.818656720391792,5.350211143493652,5.213858854145084,5.107831954956055,5.081955346782478,4.797633171081543,4.965496194552698
201,6.249311923980713,5.420391367879934,4.444407939910889,4.758109150319348,4.926215171813965,5.197673729407449,6.420531272888184,6.476069551840241,1.847023129463196,1.3057827079623667,4.471962928771973,4.481089157912206,5.21245002746582,5.106045328293137,5.799186706542969,5.667609783005279,6.040916442871094,6.123655287057663,7.703729152679443,7.861259627915844,5.422813415527344,5.41595899834994,4.551976680755615,4.488719419894098,5.519011497497559,5.23129175680163
202,4.237787246704102,4.2014273084041704,5.899332046508789,5.824279486434897,4.788266658782959,5.010099345964892,6.346368312835693,6.253068489386489,4.013040542602539,3.765115260903792,4.250637531280518,4.354993930062664,4.754419326782227,4.83595808447403,4.861445426940918,4.744720424575916,5.931478977203369,5.869421974367606,6.763111591339111,6.665150131236857,5.089569091796875,5.134899673031151,4.758458137512207,4.67658485483765,5.261146068572998,5.35115136607438
203,5.984907627105713,6.1434253808292025,5.392856121063232,5.329974999857038,6.150088310241699,6.198622182122256,5.590419769287109,5.681604177265924,5.627928256988525,5.2737607845122145,6.264290809631348,6.212645375358669,5.480181694030762,5.839420390640584,5.236075401306152,5.256282524459291,5.08212947845459,5.24564273776644,6.652924537658691,7.173047851728308,5.157150268554688,5.228224019587966,5.177479267120361,5.46648933953297,5.305070877075195,5.257015078196286
204,4.317138195037842,4.843098815436781,4.7527947425842285,5.061564170527732,4.6941237449646,5.420097984922076,5.312907695770264,5.332901664614791,2.3668503761291504,3.560006048511377,4.553642272949219,4.875990448287638,5.213816642761231,5.260668422709285,4.766032695770264,4.7143039583580855,5.485684871673584,5.514042876947506,7.022183895111084,6.957181979898545,5.4154052734375,5.389749732350053,5.601137161254883,5.707905372595356,4.736974716186523,4.797756553294771
205,6.176573753356934,6.740616851172349,3.9412243366241455,3.8716011334928613,4.775112628936768,5.741347301253661,5.566081523895264,5.95353780406673,2.9131174087524414,4.6469427541575365,6.530587196350098,6.410830895583929,6.002806663513184,6.245969660327717,5.203178405761719,5.298723969104531,5.793672561645508,5.894833421365969,6.488200664520264,7.441685044367258,5.786585330963135,5.666630678084442,5.687711238861084,5.8543123149936624,4.7210540771484375,4.909608740328462
206,5.589229106903076,5.765663197119533,4.008102416992188,3.9412543273093426,6.327911376953125,5.76703039471434,5.216530799865723,5.269955751838248,2.029496431350708,2.2238361312260313,5.400975227355957,5.614253505517022,4.7348456382751465,4.966333189363054,5.492382049560547,5.50742596361853,5.749972343444824,5.798683090197803,7.330021858215332,7.870836603214981,5.225074291229248,5.401210715027972,5.71218204498291,5.633099930644328,5.644676208496094,5.51415623279049
207,4.953140258789063,5.0006993185647355,4.063806056976318,3.7505805775546226,4.313103675842285,4.634173245287283,6.307094097137451,6.163100986585268,5.816768169403076,4.613317979303201,7.498038291931152,6.524015985260232,6.859316349029541,6.142092097749708,5.335052490234375,5.352748106540228,5.983605861663818,5.902974291703784,8.01688003540039,7.87416627261315,5.274675369262695,5.27440752602565,4.580812931060791,4.380128804172194,5.460463523864746,5.296512805171254
208,5.139299392700195,4.973887148858995,5.814373016357422,5.962924254838289,6.39250373840332,6.0731814823782635,5.846623420715332,5.934656036134689,4.93055534362793,4.616506980151654,4.988345146179199,4.555791036991983,4.069606781005859,3.8938316081501734,5.514239311218262,5.5487253270866015,5.473201751708984,5.549839060696639,6.833381652832031,6.854996959078775,5.332393646240234,5.2231456911736265,6.313594341278076,6.238594267975976,5.664712905883789,5.439959859216419
209,4.757841110229492,4.6655736801967365,5.195563316345215,5.163000827381321,4.836373805999756,5.21945638786104,5.557421684265137,5.517993560639687,5.583342552185059,4.611339098120668,6.611239910125732,5.8005912777083815,6.043596267700195,5.522820473808598,5.328853130340576,5.344638614282105,5.264290809631348,5.257973853742043,4.787973880767822,4.93273860291615,5.315428256988525,5.266847193915385,5.502066135406494,5.668283613968085,4.293543815612793,4.188233936482741
210,3.829089879989624,3.5058637916003876,4.285812377929688,4.289216069890385,4.312943458557129,4.601303218108852,6.448561191558838,6.23613564521374,5.466246604919434,4.621767728889712,5.784345626831055,6.505673974964293,6.103146076202393,6.325625849039549,5.841799736022949,5.724274498804121,6.23178768157959,6.07886135777695,7.763936519622803,7.164905183424754,6.093575477600098,5.938608383897623,5.4229583740234375,5.564858961849565,5.59839391708374,5.482371881587552
211,4.6909003257751465,4.834359293076301,4.485211849212647,4.95519754713705,3.975364208221436,3.7963058982312607,5.520882606506348,5.775165702496831,2.930327177047729,3.8006347175219553,5.213114738464356,5.529996974903644,4.770622253417969,5.151870528487032,5.579472064971924,5.6633703608036425,5.636181354522705,5.722176646348915,5.735686302185059,6.496776828857236,5.608154773712158,5.593258920579106,5.0011982917785645,4.973878995431642,4.990752220153809,5.254039241242814
212,3.971222400665283,4.036313007266986,5.706650257110596,5.5864004070401165,4.65459680557251,5.030993218165037,5.965755462646484,5.720884641088443,1.963699579238892,1.8793266000151967,5.272273540496826,5.739522748238945,4.756625175476074,5.191175199057948,4.753420829772949,4.553925979834892,5.586988925933838,5.58322989859997,7.376490116119385,7.154575700737008,5.463526725769043,5.369002309493638,5.37757682800293,5.469850654667834,5.130123138427734,5.227099889677783
213,4.595373630523682,5.2779519463932925,5.510548114776611,5.756511643918361,5.520384788513184,5.531814586263572,5.080668449401856,5.011853241408395,5.276336669921875,4.8863271546267075,5.0853376388549805,5.50603140441254,4.641459465026856,4.991014880207064,5.52878999710083,5.622114738102241,5.4773149490356445,5.539939685818709,6.741512298583984,6.756117494022219,5.175268650054932,5.338248599846296,5.591162204742432,5.583983644247234,4.217775344848633,4.322446998215026
214,4.549870491027832,5.141473957778249,5.586367607116699,5.331452896846172,4.9138503074646,5.347345463440851,4.8503947257995605,4.860937353723813,2.792950391769409,3.513844569363014,4.814715385437012,5.471976499367068,5.0541605949401855,5.527381488826047,4.869331359863281,4.767541060271744,5.462575435638428,5.4954384873852735,5.414200305938721,5.842588655789378,5.078217029571533,5.1418193751362224,5.077177047729492,5.229883838071764,5.453621864318848,5.336276093055578
215,5.093480110168457,5.020850533305678,5.416059970855713,5.83806159866964,4.7806172370910645,5.06111497468051,5.443457126617432,5.510914627160111,5.03870153427124,4.635194152268076,3.929661989212036,3.9323381266261923,4.221399307250977,4.22987026336907,5.906030178070068,5.856834488316731,5.857247352600098,5.7928871849142025,7.13323974609375,6.9091503622502355,5.606564998626709,5.565099906030327,5.82649040222168,5.965196163630855,5.7660088539123535,5.721945726471204
216,3.814728021621704,3.727218503288066,6.3347368240356445,5.775718786178892,5.720529556274414,5.5213735879986485,6.490154266357422,6.31321933235763,2.781996965408325,3.7671652667515283,4.883570671081543,4.592941659834374,4.3442158699035645,4.030441927768175,5.726000785827637,5.805810761762982,6.063558101654053,5.987060893531936,7.338719367980957,7.194355651032385,5.23087215423584,5.277475017389384,5.468301773071289,5.5938925934982455,4.459752559661865,4.429543925561708
217,3.745542764663696,3.518538823901828,5.077492713928223,5.735445402734801,6.154898643493652,5.472975550187058,5.062333106994629,4.991738352522769,5.747181415557861,5.66431368708656,7.004570960998535,6.612538823521231,6.610246658325195,6.205906928122957,5.923146724700928,5.834332179086451,5.924096584320068,5.871672628288677,8.02356243133545,7.60594585107659,6.159089088439941,5.9871664693525215,6.196145057678223,5.948403500533361,5.581586837768555,5.5523168912118575
218,3.823155403137207,3.400103452424073,6.222023010253906,6.142941941794129,4.438408851623535,4.384960596764133,5.861325740814209,6.081102193534951,1.971550226211548,1.5787334939703193,4.562396049499512,4.835954967377217,5.094458103179932,5.302953282628972,5.904611587524414,5.802899037215748,5.890111446380615,6.001293946332459,6.645567417144775,6.654575394351617,5.346179485321045,5.40828371202317,5.308969497680664,5.441487809705777,4.971797466278076,5.1179934834518646
219,4.584572792053223,4.783737881155758,6.385249614715576,5.8885587633462855,4.058259963989258,3.6510891247882835,5.882463455200195,5.9728961693345495,5.4091410636901855,5.167750574181734,4.16380500793457,4.098719131368902,5.171646595001221,5.0823018555288195,6.194613456726074,6.079871245384635,6.188305377960205,6.054231755688322,7.460816383361816,7.066277154667464,5.952318668365479,5.824035004881176,4.858794212341309,4.7053150184634,5.397438049316406,5.336679142960235
220,5.989617824554443,5.684991776396316,4.390227794647217,4.46090790385408,4.816200733184815,5.368741387363093,6.404422283172607,6.366536581568001,2.0222928524017334,2.559539750060498,3.9109935760498047,3.358247583463861,5.061378002166748,4.7551500608738495,5.896002769470215,5.793440157543417,6.234213829040527,6.080167046172373,7.551061630249023,7.08563339132028,5.8396501541137695,5.657616580796682,5.821027755737305,6.118936484233539,5.189187526702881,5.517346325320094
221,4.34671688079834,4.217155089022062,5.10393762588501,5.553718651307579,5.4170756340026855,5.412656351253606,5.705030918121338,5.8632809647722866,5.100253105163574,4.5306716320142515,4.153053283691406,4.407781791257248,4.212343215942383,4.163080450520019,5.549075603485107,5.660951850062409,5.79637336730957,5.8287544075442534,7.058890342712402,6.8954401031378305,5.508371353149414,5.514986249323047,5.748661994934082,5.750041646353512,4.564476013183594,4.569826007396655
222,7.176268100738525,7.036998316519064,3.897209882736206,4.099779278497182,6.887978553771973,6.457490912276647,6.327657222747803,6.300360184712519,6.150622367858887,5.636450842178463,6.754069805145264,6.740140048286608,6.236223220825195,6.334988390839046,5.4883646965026855,5.566025323832028,5.880116939544678,5.985856743264352,7.548749923706055,7.141016952216962,5.255471229553223,5.564798345531407,6.2059855461120605,6.243191375930581,4.897777080535889,5.274458330204302
223,5.679417610168457,5.328769131976568,5.86353874206543,5.747974642957768,3.946519374847412,3.6312053568060514,5.828444480895996,5.897983853068824,5.636971473693848,4.640686520593481,7.003219604492188,6.057573898957154,6.504044055938721,5.6716519661602485,5.599884033203125,5.707221556096668,5.591666221618652,5.695029667676291,7.598355770111084,7.251815823926041,5.579805374145508,5.56080135665568,4.963210105895996,4.9903308058970435,4.406617164611816,4.440628851768673
224,5.398396968841553,5.109241427900954,6.160666465759277,5.958406514648436,5.817794799804688,4.9989814442048255,5.514094829559326,5.637979713117876,5.322299003601074,4.520403273897407,5.385011672973633,5.023885919529866,4.5829668045043945,4.704324220583903,5.863615989685059,5.802301524762818,5.719616413116455,5.731323138530511,4.758363723754883,4.876793649286201,5.226824760437012,5.291032105350804,4.513316631317139,4.405710793980369,4.461124897003174,4.6040565025847595
225,5.47501277923584,5.231092067967282,4.897958755493164,5.101586451167116,4.770922660827637,4.868034063587152,4.9516119956970215,4.977436042225662,1.82230281829834,2.5888062145112105,6.303162574768066,6.05819511341722,5.716688632965088,5.657688535223838,4.951360702514648,5.096555831623324,5.552104473114014,5.52658067106482,4.906848430633545,4.45039766742389,5.217442035675049,5.3631338929859895,5.320284843444824,5.349560993377174,5.307389259338379,5.263917823026297
226,5.045462131500244,4.8760640081788,4.310206413269043,4.33591925029543,4.09850025177002,3.74369487703993,6.092175006866455,6.060734704585172,5.172472953796387,4.087337571981566,5.097616195678711,5.384173541107766,4.484179973602295,4.74314176449911,5.426341533660889,5.537246707834937,5.636017799377441,5.704780465803948,5.611613750457764,6.203535451245974,5.494913101196289,5.464516119607639,5.1902384757995605,5.058756930824144,5.444784641265869,5.352172022147759
227,4.241272926330566,4.523490655175032,4.609585285186768,4.934958848553892,4.409942150115967,4.8669830276565476,5.017391204833984,4.760144008464937,3.104917526245117,4.251728302701751,5.773363590240479,5.424503496580212,5.720613956451416,5.3475431848269075,5.352195739746094,5.336607753824478,5.312908172607422,5.291114960082477,4.810103416442871,4.593706167529833,5.088100910186768,5.169584110826478,5.351899147033691,5.544188609551293,5.157451152801514,5.33068722136001
228,5.106696605682373,5.382281463477733,6.372750759124756,6.249929812162868,6.319029331207275,6.3097940977797915,6.507830619812012,6.538597343840045,1.903975009918213,2.1333787259644508,4.308053970336914,4.571570224510863,4.039121627807617,4.399776853004481,6.088293552398682,5.976953683137452,6.058289051055908,6.034685673991391,7.158002853393555,7.168532172633698,5.608011722564697,5.625149799083775,6.136529445648193,6.229533670767775,4.802649021148682,5.131172161493757
229,6.939610481262207,6.793008428574483,5.532644748687744,5.410440863942764,6.019924163818359,5.8890348231182355,5.750133514404297,5.726638245087863,1.873727321624756,1.8010414846571055,4.708277702331543,5.067736376191566,5.3641862869262695,5.454310633040542,5.337197303771973,5.385631599429661,5.286413669586182,5.24402993002376,7.149831295013428,7.308430371023332,5.3167924880981445,5.243051693685281,4.718199253082275,4.6775201054441995,5.328244686126709,5.161101469798354
230,3.938359498977661,3.9681026795820866,6.47410774230957,5.894159498553398,3.973922729492188,3.8643433410459678,6.498449325561523,6.243084416663498,5.42323637008667,4.750822896664892,6.0184760093688965,6.0772178696322525,5.430098533630371,5.832531081728996,6.320805549621582,6.007285495922863,6.13651704788208,6.102910135895385,5.462368011474609,6.2465655214549844,5.9071197509765625,5.94205254692808,5.082637310028076,4.942967795685325,5.552371025085449,5.421202255996047
231,7.030079364776611,6.129393237632805,5.608922004699707,5.204519495844234,6.158549785614014,5.6879443491620965,4.881078243255615,4.719064105274487,4.293104648590088,4.329469626396156,6.523976802825928,6.140618578684854,6.144949436187744,5.912068933594855,5.303317070007324,5.151132207058856,5.201640605926514,5.135413094404396,5.195467948913574,5.223824956146214,5.169262409210205,5.195070896454708,4.778803825378418,4.7814979802747555,5.330087184906006,5.178716371034277
232,5.502832412719727,5.6266130497613025,5.556247234344482,5.6481003267861976,6.591684341430664,6.624298314811193,6.0515313148498535,6.190333603796488,1.972350716590881,1.2381898199450028,4.008067607879639,4.091417336252214,4.983384609222412,5.116469272520142,4.878246307373047,4.932830024682605,5.613946914672852,5.698658107756509,6.135725975036621,5.989727143553786,4.881063938140869,4.852978639526505,6.484925270080566,6.498005998853624,5.665623664855957,5.738156297277987
233,4.034206867218018,4.4133648454892995,4.387032508850098,4.661316111285988,4.094069004058838,4.08886032884915,6.309581756591797,6.1991403227759605,5.406502723693848,5.409989222327107,5.001986503601074,5.86116065100682,5.529897212982178,5.932770468454447,5.488137245178223,5.572055875399397,5.991499423980713,6.028280957079215,7.470646381378174,7.085756512439239,5.335002422332764,5.502984717333046,5.167529106140137,5.122063210064195,5.186824798583984,5.4665531369271525
234,4.329438209533691,4.784229721410408,5.88670825958252,5.7797778119925765,5.2311835289001465,5.3081038315701825,5.530064582824707,5.827971546484155,2.7671453952789307,3.5424193390728598,4.131006717681885,4.091730714672679,4.827371597290039,4.953774331556773,5.274241924285889,5.466093402858927,5.527488708496094,5.690249241119395,6.252150058746338,6.763542839662413,5.265810489654541,5.4643293366906445,4.64502477645874,4.485265755286712,5.458680152893066,5.290218292869207
235,5.668350696563721,5.54179753961348,4.389921188354492,4.272171504231631,3.980043172836304,3.9901548775199376,6.126288414001465,6.2089689972560125,1.9551024436950684,1.3039973722548392,6.383660793304443,5.953861311968459,6.050153732299805,5.746347251728521,5.53373908996582,5.544243925025421,5.661907196044922,5.709673851554006,6.418753623962402,6.705309463297463,4.939540863037109,4.7817867915381305,5.045766830444336,5.06913737164148,5.438992977142334,5.417879140045859
236,4.166162490844727,4.176774300342215,4.891219139099121,4.986246618700974,5.483946323394775,5.50206784827217,5.569667816162109,5.835251342004191,1.8942168951034544,1.6110742719958806,4.011224746704102,3.7341328752238914,4.9785261154174805,4.795741995329303,5.656174182891846,5.639950704151936,5.74905252456665,5.836645028599295,7.4641265869140625,7.13984383465142,5.594460487365723,5.523368407596113,6.248054504394531,6.145370996115414,5.833670139312744,5.698600348430255
237,3.6796133518218994,4.0394700279459155,6.322625160217285,6.194928478424195,4.693508625030518,5.433234249823282,6.309243679046631,6.201640964880476,5.684506893157959,6.054495306389627,6.556742191314697,6.162867475466549,6.324742317199707,6.06123240130389,5.371756076812744,5.654684220751902,6.115052223205566,6.07766028464467,7.639638900756836,6.684289149168027,5.40205192565918,5.607870662491926,5.759052753448486,5.9086086053169655,5.529526233673096,5.477461388094177
238,5.299075126647949,5.285626045744277,5.596675872802734,6.0239741243036,3.85369610786438,4.308739241411573,6.327463626861572,6.184112771279842,5.622583866119385,5.494314029114468,7.438841342926025,6.972571275409592,6.953099250793457,6.364206397796478,5.327580451965332,5.679888832331174,6.112815856933594,6.05700934291467,8.046326637268066,7.815358311022163,5.947885513305664,5.884620733470545,4.911129951477051,5.017669740355771,5.515317440032959,5.520833553754952
239,3.8700473308563232,3.749100525466349,5.032840251922607,5.895185618999305,4.521413326263428,4.938859641958365,6.243908405303955,6.3658103584861525,2.026909351348877,2.535105543963639,5.09210729598999,5.261393109122379,4.690558433532715,4.991659148974963,5.577586650848389,5.952271355138969,6.068460941314697,6.108810950418757,7.734513759613037,7.301334636114728,5.471090793609619,5.634531933409339,4.5440521240234375,4.445615917643402,4.894808292388916,5.097008147218771
240,6.157205581665039,6.58850210650813,5.3568220138549805,5.212687891930406,5.031589031219482,5.591737988895692,5.557225227355957,5.4405424881845725,5.673738956451416,4.993783415612337,5.984348773956299,5.729562037901231,5.84912109375,5.610232116615264,5.373744010925293,5.2067094214163365,5.168059349060059,5.082399880923499,6.06370210647583,6.252104972972758,5.109477519989014,5.043124331343656,4.966803073883057,5.1756171394252215,5.287541389465332,5.317940196481737
241,6.482175827026367,6.329037862644232,6.2196855545043945,6.305142768827363,6.782663345336914,6.179212846001098,6.732915878295898,6.429804413694884,2.2444207668304443,2.5606136591405284,3.855712890625,3.4956428390702126,4.974841594696045,4.776213511518365,4.94049072265625,4.8639548884460675,6.1970391273498535,6.064786527910574,5.920212745666504,6.194433324611915,5.343300819396973,5.391576580952391,6.725865840911865,6.445718952999642,5.414731502532959,5.658451496207341
242,5.609898090362549,5.888556337340803,6.276614189147949,6.2128133283923574,4.111865520477295,4.154147692464738,6.445742607116699,6.420265270974128,1.9646981954574585,1.3866235316657978,5.802512168884277,5.536588694028007,5.578797340393066,5.482621019347797,6.066964149475098,6.162190245682834,6.149731159210205,6.071184979614591,8.020036697387695,7.532192715667988,5.408435344696045,5.59773617595495,4.5209150314331055,4.6212947885047955,4.257675647735596,4.203431585913372
243,3.756375312805176,3.445199059956929,5.482794761657715,5.923626621008637,4.947601318359375,5.47714671752686,6.561128616333008,6.278404598793271,5.2890825271606445,4.979442561907875,5.564194202423096,5.310270230822605,4.758359432220459,4.945098409966622,5.925838947296143,5.945021028148921,6.057215213775635,6.02442928269739,5.932955741882324,6.587594946975914,5.158548355102539,5.332993410642593,5.648903846740723,5.662525739938738,4.358609676361084,4.146017024749903
244,4.184356212615967,4.583507111949893,6.016538619995117,5.967881586318279,4.236485958099365,4.198299476657901,6.085881233215332,6.102441066528098,2.979827880859375,3.949403845140978,5.130877494812012,4.8183860187437215,4.265852451324463,4.258044499667719,5.7786545753479,5.836977623016945,5.617089748382568,5.78558640947335,5.405881404876709,6.150700525234449,5.514796257019043,5.438429360503503,5.011908054351807,5.075147394868491,4.694919109344482,4.875837599310452
245,5.4499359130859375,5.367027977904086,4.476955413818359,4.852267637582326,4.919561386108398,5.753496490869211,5.268488883972168,5.35554696703708,3.6801445484161377,4.5069887523970635,5.149721622467041,5.679823183761558,4.73003625869751,5.178714772225532,5.148219108581543,5.166555669898465,5.172192096710205,5.088555432411518,7.14341402053833,7.04141386553618,5.175151348114014,5.120395797949185,5.703052043914795,5.73075741195713,5.369585514068604,5.271559514751099
246,4.071963310241699,4.400845604989433,4.39108419418335,4.435167551271732,4.888641357421875,5.4954176876347685,4.899617671966553,4.824662309015457,3.271212577819824,4.464863368583781,4.918762683868408,5.686714664849219,4.765859127044678,5.229707568152455,5.596029758453369,5.525929841280703,5.6725754737854,5.682481825488612,7.323268413543701,7.133951884937467,5.714392185211182,5.7825720281817725,5.752376556396484,5.778249657813743,5.552248001098633,5.568859460455079
247,5.9207048416137695,5.488292597568987,4.469282150268555,4.711931425804787,4.745197772979736,5.288834569307679,5.183468341827393,4.997531095409425,5.410195350646973,4.312798768124878,4.188157081604004,3.614223024498869,5.09023904800415,4.7741453414752595,4.875802040100098,4.709823626287788,5.511965274810791,5.519194820641699,6.990320682525635,6.866686522608102,5.448548316955566,5.30829508797657,5.734634876251221,5.8867660373018,5.63697624206543,5.608466901236313
248,5.27329683303833,4.88624630796773,6.1710205078125,5.768195459889729,5.348536491394043,5.147950221833065,6.46696662902832,6.3522741838029875,5.1094160079956055,3.745492221193061,4.01710844039917,4.183614562621427,4.315019607543945,4.4748314701455705,5.031914710998535,4.9985980846409195,5.901890754699707,5.908002407977176,4.810870170593262,4.969555153631551,5.00031042098999,5.017942428049233,6.094645023345947,5.8685165454713015,5.933090686798096,5.74678390230131
249,7.285429954528809,6.892045594928613,5.578688621520996,5.698505464205568,6.033278465270996,5.7222377553635715,4.81958532333374,4.890007101079241,3.871150016784668,4.023150590289491,5.269047737121582,5.790553909668835,5.620214939117432,5.918765644304633,5.101393699645996,5.23496480235529,5.267693996429443,5.401594021866143,4.77155876159668,5.231906480066015,5.198937892913818,5.260154517053761,5.543964862823486,5.566290876581211,5.491117000579834,5.497255666844502
250,3.7316582202911377,3.644775734497929,6.584665298461914,6.359728024638469,4.534979820251465,4.8726045056720375,6.41489839553833,6.4939586057895236,1.850265622138977,2.0101797447194074,6.2364349365234375,7.010764672874661,6.279245853424072,6.519482430022315,6.125499248504639,5.979237218112195,6.389631271362305,6.332987150556666,7.947708606719971,8.156953228070334,5.782426834106445,5.755500976202033,5.6235032081604,5.735565468089867,5.504671573638916,5.647403256674913
251,6.010889053344727,5.644165863020461,4.029273986816406,3.5997844341846146,4.374011516571045,4.788416692361528,5.900160312652588,5.83338572287031,2.190986156463623,3.2013613766265374,6.854438781738281,6.448755102531057,6.40434455871582,6.0123350014434145,5.396583557128906,5.318853647555926,5.462878227233887,5.404194574174042,7.517206192016602,7.233464414498598,5.471147537231445,5.39798411652517,5.416419506072998,5.497539964540014,5.482768535614014,5.289521731604161
252,3.935501098632813,3.6443100023377433,4.556900978088379,4.577120259095363,5.001086711883545,5.369630784218902,6.363183498382568,6.032861823707579,2.961945056915283,3.575622445338551,4.291393756866455,4.0904672364613,5.1172871589660645,5.124843594792806,5.668638706207275,5.571610136014869,5.914740085601807,5.896074286587887,5.572905540466309,5.833123341840921,5.527097225189209,5.567773638741468,5.539941310882568,5.586070599830761,4.611937046051025,4.643845617055768
253,4.43330192565918,4.976744006101999,5.667866230010986,5.4452718132720666,4.412590503692627,4.530145860521232,4.813801765441895,4.793380871348094,5.571433067321777,4.881669682607178,6.842875957489014,5.9832397888141875,6.354536056518555,5.7989695181457765,4.887708187103272,4.846816911649737,5.422316074371338,5.482396596028249,6.843105792999268,7.0718278448720575,5.202342510223389,5.420844612771188,5.402394771575928,5.4622849550380845,5.487390041351318,5.391313299406626
254,5.100135803222656,5.278824001523429,5.692227840423584,6.086233746209991,3.910094022750856,3.819204360983966,6.020572185516357,6.125452667594029,4.371903896331787,4.631855393156702,5.65470552444458,6.440126402174442,4.756463050842285,5.696738844255646,5.749411582946777,5.895869168762671,5.6271562576293945,5.823127925542233,7.525424003601074,7.720292248396117,5.574367523193359,5.711667486947059,4.839386463165283,4.843779467768372,5.241938591003418,5.390472328355045
255,4.915366172790527,4.701951042923913,5.912911415100098,5.787903658348684,3.9943230152130127,3.57409718025337,4.9683051109313965,4.71713710453883,5.550404071807861,4.530851922540319,6.175894737243652,5.982576281267252,5.597379207611084,5.836919160760066,5.306157112121582,5.44160864723369,5.690155029296875,5.667905685506391,7.813117504119873,7.439729319743653,5.779268741607666,5.79015210135596,5.073090553283691,5.006010199331419,5.456057548522949,5.4877739350743155
256,4.470704078674316,4.773691088323485,4.579008102416992,4.747203844679452,5.059654712677002,4.841696813539657,5.352481365203857,5.531769051219542,5.727835655212402,5.495494876032902,6.175209999084473,6.191209936610431,6.141882419586182,6.240693786737467,4.738722324371338,4.8694523501120015,5.579084396362305,5.659584470239685,5.462070941925049,5.520205048213324,5.602275371551514,5.568459303063186,4.647217750549316,4.400139122712513,5.459272861480713,5.457465842182553
257,4.29547643661499,4.600518642725517,6.063243865966797,5.709353475331102,4.896960735321045,5.3997063575913335,5.703537940979004,6.022838390733082,2.433943033218384,3.7689619647886863,3.9979772567749023,3.4244471852391882,4.997973442077637,4.752869707521236,4.919029235839844,4.848692348059342,5.912054538726807,5.986350227103098,5.813540935516357,6.331611470139381,5.52104377746582,5.529301661243952,5.731626987457275,5.829384638009779,5.1086039543151855,5.4043761696377866
258,4.105507373809815,4.2670609425602,6.46873950958252,5.928607272075936,5.406383514404297,5.303033323421863,6.554090976715088,6.438543387481879,3.5123186111450195,3.2384995511689305,5.089306354522705,4.812011553436591,4.200027942657471,4.231738818803262,6.235569953918457,5.85587739109454,6.117283821105957,5.963322381865407,5.91741418838501,5.873074875448433,5.118249416351318,5.027961326477163,5.812543869018555,5.834532255421687,5.89888858795166,5.6987159844810495
259,4.91855525970459,5.129378503035293,5.193100929260254,5.433020002863521,4.537637710571289,4.408172969474758,5.86859130859375,5.777739050808683,5.478234767913818,4.676600010234737,5.666231155395508,6.0814725236275295,4.943207740783691,5.5528354136841624,5.592072486877441,5.542749816894205,5.347674369812012,5.4314505818136345,7.564130783081055,7.438005216924427,5.395420551300049,5.371873142647229,5.08066987991333,5.0834380543424,4.248540878295898,4.079974061277729
260,3.732529163360596,3.822373472619845,6.29127311706543,6.094724474841368,6.426647186279297,5.71439413839257,5.3750481605529785,5.411992864796173,5.350449085235596,4.453379381783703,5.335702896118164,5.664060529321182,4.548331260681152,5.003931818916316,6.171281814575195,5.9351714399821445,5.976149559020996,5.954727122132604,7.70934534072876,7.516800578107327,5.830530643463135,5.77515421601806,6.5495285987854,6.0898441551153875,5.887402057647705,5.769105428528516
261,5.256964683532715,5.273433249100208,4.839017868041992,5.313592094167414,4.380138397216797,5.162049368062828,5.38814640045166,5.721221497236615,3.7043297290802,4.534601102973156,4.907753467559815,5.468154389717453,5.017024040222168,5.4256853385344295,5.646162986755371,5.743353930107873,5.576169490814209,5.741384911207628,6.737270355224609,7.264603108621721,5.470056056976318,5.636585023002877,4.462982177734375,4.6815859319065325,4.416165828704834,4.437928090213391
262,5.682465076446533,5.719165673458066,5.59647798538208,5.635675912336116,5.580672264099121,5.337047928747532,4.976203918457031,4.7463108067368545,5.612383842468262,5.005633385290057,5.92649507522583,5.880887997138629,5.393319606781006,5.526350961684048,5.388047218322754,5.415269801927705,5.303193092346191,5.322031881833361,6.877479076385498,6.714261668503573,5.424098014831543,5.378958454003791,5.596736907958984,5.543010628620121,4.3817338943481445,4.29251997820984
263,5.818199157714844,5.512853171066863,5.651467323303223,5.346609530400406,4.880544662475586,4.583697729659819,4.931674480438232,4.9930607639196865,2.510082721710205,3.7133725860064684,5.540261268615723,5.594660747143078,5.475727558135986,5.588735712140175,4.856217861175537,4.738651658840371,5.676167964935303,5.59805900265968,7.153275012969971,7.0086306139509436,5.377048015594482,5.427426712005191,5.616656303405762,5.518416036923751,5.599676609039307,5.510070772129449
264,3.967181205749512,3.889067377664556,6.445451736450195,5.8198313938682675,4.641401767730713,4.347390337876958,6.691281795501709,6.369575333227915,5.495076656341553,4.825564966083599,4.836580276489258,5.243334647964834,5.450801372528076,5.5395989774397885,6.210687160491943,6.163120390587141,6.248212814331055,6.110187246088591,6.404336929321289,6.647756828545697,5.943782806396484,5.894331046526516,5.181540489196777,5.1346992559371625,4.303339004516602,3.963949572469557
265,5.2648444175720215,5.301105482184745,6.103814601898193,5.961213027641873,5.632362365722656,5.9849420936720605,6.492452144622803,6.195995615839674,5.060072422027588,5.364787131756595,3.783788919448853,3.952129843502391,4.254772663116455,4.35782168628099,5.530589580535889,5.663414261671271,6.008159637451172,5.963699406099656,7.201771259307861,7.211644182299817,5.559494495391846,5.54650562225375,6.511021614074707,6.338822161790275,6.067429542541504,6.079825746634891
266,4.12778377532959,4.061888896583273,4.057761669158936,3.6003215769157237,5.804097652435303,5.958841205177566,6.14256477355957,6.085510929517032,3.7214674949646,4.955617688503358,5.211156368255615,5.283364744235939,4.503146171569824,4.576724543414198,5.656606197357178,5.493366997469215,5.994601249694824,5.8949696270892735,7.224323749542236,6.5977645428652085,5.650054931640625,5.5652964638325,6.064491271972656,6.279790106995647,5.743112087249756,5.676671950803397
267,4.336478233337402,4.550199729944454,5.67979621887207,5.425464476314679,4.03806734085083,3.8895301418806056,5.784757137298584,5.693873522225683,5.386361598968506,4.9142993915684405,6.899745941162109,6.057720320864656,6.105424880981445,5.55042099335701,5.423370361328125,5.372385329398028,5.347273349761963,5.270965070391294,7.411803245544434,7.403007483788062,5.37162971496582,5.261304253392632,5.103710174560547,5.074163836875877,5.330589294433594,5.260882097569773
268,4.731829643249512,5.169029404822831,4.543107986450195,4.825106789654455,4.3226518630981445,4.801491716735217,5.546845436096191,5.527889410833015,5.33523416519165,4.755854408680896,4.893214702606201,5.432188766975017,4.706111907958984,4.964546458582134,5.144959449768066,5.174567404088779,5.249190330505371,5.100829228696401,7.17080020904541,6.953510930589817,4.938847541809082,4.998563676938348,5.07371187210083,5.1917189545630915,4.888668537139893,5.063039213873954
269,6.9411821365356445,6.565710383215295,5.631473064422607,5.394217205480993,6.770294666290283,6.478900141994283,5.67608642578125,5.607222618072629,1.9089434146881104,0.9249009703306491,7.037700653076172,6.504898351300481,6.465033531188965,6.169875647284484,5.328911781311035,5.314339651117912,5.200010776519775,5.246603460344384,6.971896648406982,7.1309922173882425,5.261300563812256,5.2944192948965085,5.888731479644775,5.859766682967683,5.471540451049805,5.352691274998872
270,4.524506092071533,4.761470995340397,4.5026469230651855,4.852624591580008,4.63584566116333,4.999805486237367,5.357487201690674,5.421379269357055,2.353405237197876,3.4259766345177383,5.0392608642578125,5.274157410579826,4.712983131408691,4.939861107540784,5.1139817237854,5.12136886633748,5.282198905944824,5.243404550756988,5.499051570892334,6.198986127510981,4.999844551086426,5.120828649611719,5.49955415725708,5.513102819771389,4.51866340637207,4.485451278338637
271,4.692477226257324,5.035154541584675,6.486805438995361,5.995421036866054,4.551938533782959,5.2016291055792605,6.478574275970459,6.300340442974865,2.1587538719177246,2.5744794837930587,4.896401405334473,4.756116344597351,4.035802364349365,3.9975868445509715,6.117966175079346,5.8818559494179325,5.972049236297607,5.893865117621539,5.128001689910889,5.221099009748781,5.603233337402344,5.4957477240742545,5.482088565826416,5.8403794645974125,5.582939147949219,5.612337317847512
272,4.589865684509277,5.0150695016617055,6.425352573394775,6.394439531557094,4.682687282562256,4.808620072332601,6.610602378845215,6.395334644058601,2.579396724700928,3.076551577217965,4.46458101272583,4.289267562270204,5.239255428314209,5.031107340619117,6.245686054229736,5.977199447689286,6.139854431152344,5.977183025896544,4.87097692489624,4.565240660823835,5.594977855682373,5.477980998091289,4.548550128936768,4.42457578741728,4.480635166168213,4.518461038554518
273,5.1858978271484375,5.07610738930577,5.55700159072876,5.666486529237313,5.742117404937744,5.464071587964728,6.194673538208008,6.102470257876417,3.753403186798096,4.5531385442003875,5.10719633102417,4.894095748697652,4.257198810577393,4.125751886785742,5.814620971679688,5.590587177852276,5.891664981842041,5.802256296466767,7.404905319213867,7.139376662570549,5.062765598297119,5.118729540587929,4.426125526428223,4.610101546630272,5.441630363464356,5.21382073032628
274,4.287403583526611,4.908534523974854,4.044621467590332,3.9580730553682146,6.1950201988220215,5.939687644518341,6.598155498504639,6.51564112575594,1.9224646091461184,1.2652608025737013,7.245548725128174,6.63761381688536,6.599061965942383,6.251227315160574,5.723225116729736,5.7399509743468675,6.097531795501709,6.020370950135113,4.824789524078369,4.753024433949977,5.473982334136963,5.540887709593127,6.403449058532715,6.242418160025463,5.877598762512207,5.647159977364943
275,3.801658153533936,3.145653555131951,5.618531227111816,5.167213909161118,5.660206317901611,5.2599004597888195,5.755251407623291,5.623947730875656,5.502396106719971,4.26270026777367,5.798132419586182,5.850348632028671,5.075434684753418,5.199773905225791,5.36176061630249,5.211772864784371,5.351004600524902,5.216549912700508,7.34271240234375,6.959663490422135,4.852214336395264,4.772526435667602,5.705507755279541,5.6029134441063375,5.437750339508057,5.232883879792286
276,5.085282325744629,5.075975576327062,5.28519344329834,6.250664812969242,6.651175498962402,6.152232824850455,6.429532527923584,6.468622414633837,4.8524250984191895,4.761677785621603,4.623196601867676,4.861328561523231,3.957665205001831,4.12898258678323,5.599313735961914,5.869260762321349,5.946060657501221,6.024392682160822,7.176133155822754,7.070050887242527,5.254793167114258,5.4219453335320065,6.751420974731445,6.536548467609198,5.923243045806885,5.847697364381538
277,6.986659526824951,6.311655621156555,5.441298484802246,5.30382996205409,6.177967548370361,5.925326760833383,5.6505961418151855,5.621381772666859,4.043097496032715,5.604678594725159,6.806832790374756,6.10134268336536,6.13689661026001,5.806650416432997,5.1713151931762695,5.2361689679854635,5.128540992736816,5.134368806210632,6.944980144500732,7.073549765266913,5.224013328552246,5.189328143300204,4.799645900726318,4.886780916214592,4.85981559753418,5.032673084468538
278,5.099152565002441,5.16715700560788,6.425971508026123,6.35627315390097,6.770912170410156,6.2058577427776775,6.491852760314941,6.484293143136211,4.90823221206665,4.78651087280849,4.334423542022705,4.919218339331582,3.953782320022583,4.237603157585326,6.017767429351807,5.943235118504337,6.014533042907715,6.035792920418648,7.171407222747803,7.113920053852137,5.550961971282959,5.464855099986407,7.026738166809082,6.574611382150537,6.025737285614014,5.881441432195343
279,6.321768760681152,6.457552144820867,5.287130832672119,5.17963372555288,6.36138391494751,6.427787972182467,5.59450101852417,5.6283704156121,5.711204528808594,4.389680725288731,5.338346481323242,5.729830215167973,5.542460441589356,5.656760659905593,4.930361747741699,5.0003913827028015,5.139086246490479,5.1966643110463755,6.924117088317871,6.70165602985933,5.167579174041748,5.116192412469474,5.856855392456055,5.899633542952584,5.405895709991455,5.363370368153584
280,7.054957866668701,6.774076637176265,4.721939086914063,5.02053599113595,5.598841190338135,5.466509318744622,5.734073162078857,5.691113038892231,5.6665568351745605,5.656292957657164,6.188711643218994,5.807708435798855,5.972609519958496,5.6373917091688766,5.230063438415527,5.230329466660878,5.261516571044922,5.213829788821762,7.399951457977295,7.007293393952086,4.725355625152588,4.754469075776001,4.529276847839356,4.392285926214448,5.246935844421387,5.123521507495054
281,3.911596536636353,3.6328808706173867,5.285614967346191,5.5057464296309035,4.275199890136719,4.170089690314684,6.086732864379883,6.037735518150626,5.330937385559082,3.5087783419246077,4.643129825592041,4.493912273342249,4.55265474319458,4.360981071128436,5.206729412078857,5.365115006943594,5.70554256439209,5.783517591956705,5.032463550567627,4.235808710270458,5.525528430938721,5.476816905915169,5.319896221160889,5.30502195182583,4.966907978057861,5.207807177971112
282,5.762210369110107,5.6564596029676375,5.675633430480957,5.823240818589657,6.268558025360107,5.751458767455912,4.910025596618652,4.914866172078036,2.4890146255493164,2.957921197010787,5.673890113830566,5.423393253969097,5.027294635772705,5.020244118027824,5.020102024078369,5.308142046291978,5.587884902954102,5.658460150535953,6.691391944885254,6.729302884922397,5.088259220123291,5.35289429071141,5.485596656799316,5.4128868225356985,4.293138980865479,4.305928415884797
283,3.7649972438812256,3.5857707838969217,5.921511650085449,5.732356491558165,6.297990798950195,5.96843760865229,5.481574535369873,5.589606886900732,5.727222919464111,4.777828957659784,6.765529632568359,6.334280830001655,6.343128681182861,5.919481043005468,4.8458685874938965,4.6791493987023305,5.897332668304443,5.877253151627771,7.750268936157227,7.370923853670382,5.769542694091797,5.643945597660915,6.4720659255981445,6.218008562538536,5.70332145690918,5.679710414781415
284,5.887785911560059,5.745076613027587,4.138669490814209,3.7046503537934643,6.157571315765381,5.8038454707612495,5.617887020111084,5.695544237053543,5.505412578582764,4.629057101290737,4.288033962249756,4.127891589324266,5.222362995147705,5.174998070973569,5.603594779968262,5.428922565060985,5.840646743774414,5.808517095050228,5.872872352600098,6.613390753817572,5.511853694915772,5.453815746820455,5.425504684448242,5.474429367254957,4.609559059143066,4.615585573573667
285,3.825150966644287,3.7453007937186746,6.010076999664307,5.643641890082191,5.054020404815674,5.507609010317179,4.967670917510986,4.972110205844617,5.676633358001709,4.642296906476927,6.848162651062012,6.180182553824605,6.345909118652344,5.79988396728424,5.966483116149902,5.766731136043206,5.670689582824707,5.720695958215383,5.155670642852783,5.471403523436174,5.889621257781982,5.787969071085345,5.5001630783081055,5.713777960689894,5.525321006774902,5.536422829293514
286,5.507267475128174,5.345929139994976,6.151238918304443,6.196057503710131,3.911465406417847,4.098509681646047,6.005702972412109,6.092257884017509,5.45864725112915,4.5285262063654415,4.752716064453125,5.704091860892215,5.480168342590332,5.8388355217064385,5.983470439910889,6.108522906912131,5.953480243682861,6.026724940450486,6.434836387634277,7.193570671924771,5.871104717254639,5.918477465995212,4.869123458862305,4.975665818663808,4.694196701049805,4.962560835668785
287,4.611307144165039,5.226237110547773,4.036724090576172,3.828515440997643,5.346526145935059,5.104785465488123,6.293333053588867,6.207861870220621,2.362818717956543,3.8459960577922083,6.439316272735596,6.065972869496733,6.122737884521484,5.870411700897462,5.213321208953857,5.344349007007904,5.968110084533691,5.937520518659117,8.01711654663086,7.786622217294158,5.341426849365234,5.412568249719763,4.747379779815674,4.593848935928616,4.619454860687256,4.772473934227802
288,6.751099109649658,6.631091835953716,4.442144870758057,4.27698948352372,5.664076328277588,5.304975841836571,5.303837776184082,5.285535717499002,3.264876365661621,4.134868467053526,5.461584568023682,5.460120938063039,5.857097148895264,5.823492099795792,5.183187007904053,5.104801773081862,5.528340816497803,5.502518024957181,5.727068901062012,6.092835008717848,5.392129898071289,5.415396728542703,4.422640323638916,4.5357361867525245,5.375144481658936,5.226470706513639
289,6.441267967224121,5.574213695198565,5.850333213806152,5.70370038654155,4.673817157745361,5.136949788318255,5.114235877990723,5.099533745647129,5.572493553161621,4.879724545446058,4.521916389465332,4.927513519637862,5.3454694747924805,5.326632383659425,5.638404846191406,5.740645325294092,5.585751056671143,5.652647948604292,7.424940586090088,7.022506311736791,5.61648416519165,5.663922079027986,4.729423522949219,4.705111893459984,4.3558268547058105,4.280443897123972
290,4.801092624664307,5.094923015408585,5.397962093353272,5.351573271307462,3.940246820449829,3.9223516920957584,6.401415824890137,6.401685437487478,1.8460761308670044,2.2548261810896486,5.687398433685303,6.097733989017724,5.870301246643066,6.1714514978754496,5.776120662689209,5.719394879297371,6.01056432723999,5.97075500518381,7.715623378753662,7.238484713654312,4.909880638122559,4.957545736379322,4.909881591796875,4.862306203883083,5.531476974487305,5.530038786854082
291,6.935103416442871,6.2174441439127754,5.319091796875,5.273527437932769,6.454617977142334,6.302824134280379,5.588466644287109,5.669384492962662,3.091632604598999,4.67138071079601,5.896768569946289,6.105992041313553,5.816188335418701,5.787853995985399,5.175283908843994,5.2444695439944535,5.126147270202637,5.279706311749475,7.244731426239014,7.080180984293459,5.177596092224121,5.243612049085472,5.761612415313721,5.760302682323139,5.375883102416992,5.3237311865815995
292,6.097952365875244,5.9230484413107884,6.816951751708984,6.723431578067889,6.47890567779541,6.06964265712078,7.102122783660889,6.829450803567774,5.309067249298096,4.2790000306606615,3.6931731700897217,3.8777319771210927,5.002552509307861,5.072637760691088,6.43254280090332,6.4341842185813425,6.635852336883545,6.501955724701054,7.351905345916748,7.420764236217274,5.948249340057373,5.920835425172907,6.076902866363525,5.954367695005808,6.238436698913574,6.031735378529289
293,5.983487606048584,5.8911145606312845,5.4781365394592285,5.573783963197297,4.443950176239014,4.739640568805288,5.348275184631348,5.4684716354006335,2.9628894329071045,4.572285259445941,5.002928733825684,5.386210440502547,5.429348468780518,5.5850017329677755,5.271708965301514,5.350141142216186,5.257330417633057,5.236289080073189,7.077212810516357,6.6441087544212545,5.058427810668945,5.0287568081953,5.046542167663574,5.129489429710073,4.744994163513184,5.040784859459213
294,5.667810916900635,5.641496808429225,6.638097763061523,6.641958655229531,4.1920599937438965,4.182287876774714,6.600754737854004,6.419917857088777,5.910044193267822,5.633380934579023,8.633968353271484,7.596659594203306,7.542086124420166,6.81463555528728,6.574149131774902,6.353189737411978,6.176730632781982,6.2612078131566875,8.715591430664062,8.17449187178179,6.236529350280762,6.150807927157884,4.710137844085693,4.878404559180463,5.554679870605469,5.425361472957314
295,3.859696626663208,3.747772416954581,5.635995388031006,5.464234360657182,4.806569576263428,4.568390035589641,6.292297840118408,6.285969471674098,5.327188491821289,3.1385728089053777,4.427361965179443,4.083899002850138,4.6340508460998535,4.574662757687139,5.393433570861816,5.535265158170982,6.100704669952393,5.972939063776058,5.321639060974121,5.085875820398724,5.658560752868652,5.5334060105011105,5.188742637634277,5.193766807412845,5.662229537963867,5.453774238446944
296,4.071370601654053,4.548178443641914,6.49279260635376,6.186548213767803,4.275940895080566,3.876888010585204,6.656893730163574,6.303579526139374,2.239941120147705,3.357151220738996,7.171968936920166,6.792409446950163,6.81549072265625,6.505168244017578,5.96037483215332,6.111181446908405,6.269507884979248,6.212126596904569,8.243903160095215,7.582243984665103,6.2285590171813965,6.081120997057292,5.0635480880737305,4.9254935403201765,4.721841812133789,5.018463522281791
297,4.170116424560547,4.341654250494873,6.01817512512207,6.021278360457911,5.589763164520264,5.341892521319604,6.343950271606445,6.057156896191574,5.527482986450195,4.784106444404531,5.543972492218018,5.452981660590537,4.89953088760376,4.914653682562862,5.0690436363220215,5.208818553467078,5.950811862945557,5.841612917664426,7.499566555023193,7.008745869141544,5.023730278015137,5.082208948076621,4.7523956298828125,4.806641793310513,4.184616088867188,4.246929472872912
298,5.962640285491943,5.677010966343931,5.971161842346191,5.879109922880935,5.230474948883057,5.619600628123517,5.967723369598389,6.247720858040897,1.9937211275100708,1.4337011148109335,4.095729827880859,3.6702351269225986,4.9942145347595215,4.850737669353771,6.125209808349609,5.949124832460438,6.095489978790283,6.063275692717785,6.316231727600098,6.501352162273518,5.246907711029053,5.234755674159256,5.850625514984131,6.148792896637083,4.846891403198242,5.157867363536753
299,5.457973003387451,4.9820982976865125,5.563028335571289,5.348459306925868,4.935102939605713,4.671228267402295,6.15519905090332,6.044762062419521,3.422490119934082,4.479273583008182,4.064735889434815,3.6596865902763644,4.613382339477539,4.574558126372102,6.199562072753906,5.914323068435577,5.989784240722656,5.983498307715163,7.59198522567749,6.9437558565871464,5.749412536621094,5.696882839493128,5.597820281982422,5.511173266941478,4.869938373565674,5.113818014978081
300,3.697803258895874,4.461929730423087,6.686537742614746,6.288803986299531,4.981928825378418,5.469848227260586,6.17361307144165,6.316971669573794,5.900940895080566,5.4894396417188185,7.867979526519775,6.662289548279148,7.011898040771484,6.379028824226757,6.612242698669434,6.133780382884214,6.38311243057251,6.277704104594048,6.897906303405762,7.5652942837198625,6.313082218170166,6.056136471580238,5.757607460021973,5.889928324876693,5.77474308013916,5.658225756626768
301,4.195000648498535,4.549762003047548,5.002170085906982,5.332840878459142,5.394792556762695,5.436002011993665,6.010684490203857,6.294496461697024,3.936861515045166,4.678878511752738,4.482864856719971,4.448052919108075,4.706777095794678,4.535642887106974,4.779853820800781,4.88476132667733,5.6788530349731445,5.747170444777464,4.798870086669922,5.167441264212139,4.974260330200195,4.932448213602583,5.552608966827393,5.775912336466608,5.486908912658691,5.648551412087785
302,4.766294002532959,4.840745800672396,5.664194107055664,5.495399875801161,4.97542142868042,4.909626099146263,4.951831817626953,4.813188452843231,5.39834451675415,3.9498727444539443,5.397166252136231,5.357042732826118,4.726350784301758,4.994317712416952,4.7691521644592285,4.690957726265447,5.495211124420166,5.508777530875401,7.327005386352539,7.153653711310443,5.436885356903076,5.385758884332678,5.752844333648682,5.753903576994805,4.867576599121094,5.067450910896678
303,3.716474294662476,4.156588610313869,4.453271865844727,4.3904679957614325,4.772238731384277,5.323475693133403,6.385239601135254,6.435517136113624,5.577425003051758,5.522638834849105,7.060389041900635,6.8549800588681125,6.698223114013672,6.434584520310312,5.934736251831055,5.640449133829984,6.272529125213623,6.13264535132592,8.14518928527832,7.742016300738879,6.075206279754639,5.905874535826916,5.579810619354248,5.512260698749911,5.666774272918701,5.6849943450566744
304,3.967398643493652,4.022477961387447,6.217602252960205,6.006419164355825,4.40013599395752,4.878270508777268,5.494173049926758,5.991972825453159,5.598056316375732,5.524930965863493,5.260269641876221,5.950963535226955,5.688543796539307,5.875184950802183,6.234610080718994,6.175025746901383,6.0839056968688965,6.076374245450696,8.06196403503418,7.042186049066896,6.164096355438232,5.9057464056701345,5.299193382263184,5.4069662952428885,4.216814994812012,4.108011351064403
305,7.8979716300964355,6.509952993974676,4.07208776473999,3.841677010821544,6.8863525390625,6.234176146934547,4.854701519012451,4.644127107086983,5.972957611083984,5.712435630685752,6.349359035491943,6.307354883956385,6.478847026824951,6.094052365398793,5.298734188079834,5.270698696030238,5.689943790435791,5.620607956137756,7.668941974639893,7.689374993693773,5.832681655883789,5.675774177803087,6.107909202575684,6.100962411585041,5.43303108215332,5.531444344894682
306,4.352685928344727,5.1284776650689485,4.900646686553955,5.200658926679938,4.70384407043457,4.70737350921865,4.926121234893799,4.995369547105277,5.642886638641357,5.202952809711207,5.876983642578125,5.9116829474505295,5.227600574493408,5.600069812804018,5.124764442443848,5.257262294157538,5.743443489074707,5.65935830572997,6.879477500915527,7.125954206428292,5.752269268035889,5.754261375001656,5.263554573059082,5.298483082612506,5.580770015716553,5.439568611497403
307,3.770428895950317,3.615170723737476,6.310328006744385,6.042013505659367,4.4546332359313965,4.002994408103053,5.831175327301025,6.083899656838632,4.742054462432861,5.03148740769477,5.683355808258057,5.9090152558409175,5.913021087646484,5.878286461628023,5.495067596435547,5.8621904257003825,6.138820648193359,6.124550313746954,6.752243995666504,7.055051956161307,5.9508056640625,5.954264322789829,5.242514610290527,5.132459326729196,5.615490436553955,5.454163709986684
308,4.323264598846436,5.010012338552651,4.85752010345459,5.27298391876744,5.185525417327881,5.18307249845754,4.999040603637695,5.022619131888784,1.8458552360534668,2.6506517316423124,5.791807651519775,6.052673456782086,5.1211137771606445,5.4499013324655845,5.61167573928833,5.561036651528653,5.465645790100098,5.52335962607792,5.959636211395264,6.415961198010319,5.562950134277344,5.559440932598216,5.239932537078857,5.445538415972255,4.91932487487793,5.117224512744647
309,6.610982418060303,5.796058590665621,5.555490970611572,5.570253648810639,6.409465312957764,6.215383153153746,5.77477502822876,5.666397736926397,5.440445423126221,5.584370863442291,4.018028259277344,3.7110173497701906,4.98046875,4.859202332636036,5.366008281707764,5.268023028939487,5.291029453277588,5.211613238505802,5.6088714599609375,6.274098198103337,5.309119701385498,5.1546963092996485,6.091907024383545,6.042715401494957,5.598781585693359,5.527207037254937
310,4.072699546813965,4.00310329383535,5.91874361038208,5.869942270699399,5.572901248931885,5.034794497584706,6.050500392913818,5.989279984030753,4.17102575302124,4.7860179475768625,4.391021251678467,4.464102399872218,4.430976867675781,4.2335446688598575,4.849851608276367,4.717436589502319,5.67813777923584,5.709350791734091,7.408010482788086,7.111693059528104,5.440144062042236,5.388998823525351,4.886546611785889,4.824486726226464,5.514315128326416,5.35186046155187
311,4.212804317474365,4.42702032622874,4.637292861938477,4.76213617305955,4.039115905761719,3.3296872521124343,5.7634124755859375,5.818049565231136,2.895219326019287,4.041744060140591,5.167902946472168,5.753129076642093,4.928336143493652,5.469688996183851,4.936397075653076,4.808361125636861,5.629270076751709,5.677794965112992,6.675895690917969,6.523305715257599,5.0279974937438965,5.0593425531783955,5.007384300231934,4.847999242849257,5.02969217300415,5.212222418241823
312,4.910178661346436,5.550174667586667,5.024026870727539,5.093433675889663,5.790132999420166,6.060786849921619,5.628664493560791,5.572225902835945,5.515865325927734,4.800145989157658,5.605118274688721,6.104490407388822,5.6359543800354,5.703593708291657,5.0303802490234375,5.1019014508261185,5.143838405609131,5.133339550828652,6.910838603973389,7.198917996026496,5.191896438598633,5.165985123688816,5.543330192565918,5.593093679915132,4.5493669509887695,4.626753504650836
313,3.82012677192688,3.288228549299445,5.821744441986084,5.797176170389093,4.935050010681152,5.080415020760498,4.99295711517334,4.809090747206267,5.678747653961182,5.144739934142847,5.78172492980957,6.139408177859568,5.970918655395508,5.8334224974437365,4.977983474731445,5.087573314901023,5.741713047027588,5.697977474281314,8.005423545837402,7.428325610182062,5.799216747283936,5.7716415314900775,5.807907581329346,5.8239689176353355,5.612106323242188,5.53868229502196
314,5.12227201461792,5.362742892049127,6.233768939971924,6.0125949986628955,4.97435188293457,5.147236174099744,6.209816932678223,6.37484516582636,2.422243118286133,4.323207345609315,4.744297981262207,5.0774967983755035,5.258494853973389,5.353093811856343,6.118273735046387,6.196387040826558,5.838207721710205,6.021090770513805,6.622537136077881,7.396046882591153,5.744905471801758,5.793433895607802,4.624406337738037,4.590313098693665,4.288389205932617,4.185117069357276
315,5.638375282287598,5.017303560074227,6.108890056610107,5.564874278199631,4.270841121673584,3.8570579364734616,5.2902350425720215,5.445003934388489,1.9376661777496336,0.9496854981901266,7.73330545425415,6.8266326396994135,7.058855056762695,6.483881942951561,5.479035377502441,5.784970866573304,5.9285807609558105,6.016274893765551,6.6514573097229,7.376670972039803,5.9558634757995605,6.040159664025452,4.979504108428955,4.966047807626166,5.359059810638428,5.368689669094101
316,4.288810253143311,4.7234985503955365,4.901373863220215,5.057370478250767,5.647543430328369,5.702996794913564,4.977651119232178,4.869815992649194,5.395679950714111,4.768977503003077,4.702988624572754,4.86026847392302,4.9130859375,5.13505725523856,4.995433330535889,5.217342442691822,5.668472766876221,5.6376112668091665,5.500550270080566,5.603899067895408,5.0993523597717285,5.205314145943021,5.869931697845459,5.770863257894302,5.280816555023193,5.394074205027496
317,6.980814456939697,5.643857465270399,4.626236915588379,4.877831928237579,6.251501560211182,5.765845364016875,5.596075534820557,5.522816894526283,5.703063011169434,4.545947180311362,6.572055339813232,5.962302014440073,6.123661994934082,5.545511052290229,5.20217227935791,5.191446150174087,5.19871187210083,5.095685250107158,7.440746307373047,7.026319848954471,5.154392719268799,5.095978500132908,5.333632469177246,5.382221039478782,4.408812046051025,4.386846370565255
318,3.733649730682373,3.5453603295355434,6.513486385345459,6.414918347152618,5.627570629119873,5.216932454948861,6.8175811767578125,6.49741712875315,1.9081050157547,2.03140637160077,7.873952388763428,7.253092423085498,6.900334358215332,6.505208554299203,5.48898983001709,5.677876924955145,6.309260845184326,6.241565952467384,8.303754806518555,8.240301101271916,5.474623680114746,5.514203333585828,6.081020355224609,5.915227000067894,6.010037899017334,5.730463934237392
319,5.60081148147583,5.124783595913725,6.048157691955566,5.744871738053497,4.41390323638916,3.65193361895969,6.104030609130859,5.9365991075211175,5.487703800201416,4.89693712618611,4.25374698638916,3.491596460406855,5.112531661987305,4.749730510578511,6.044551849365234,5.862891697047808,5.829203128814697,5.851749146921277,6.016635417938232,6.572166058452596,5.664309978485107,5.618796442160852,5.215970516204834,4.931533374970349,5.599424839019775,5.400811602414915
320,3.76289415359497,3.9661385523938666,6.279441833496094,5.915969852359313,4.698060035705566,4.897065692997586,6.3490753173828125,6.177623793536006,5.6580491065979,4.673471233055872,5.670038223266602,5.629715504897493,5.777431964874268,5.627731262527203,5.276120662689209,5.329475124464656,6.174344539642334,6.034847614814953,5.498286247253418,5.144874176580155,5.45056676864624,5.448195567539594,5.517578125,5.6416159610483865,5.731999397277832,5.7261102536138555
321,3.752189874649048,3.4135403049757147,5.429263114929199,5.4727956642943685,5.809483528137207,5.4301260438029955,6.051548957824707,6.169933009419086,5.53550386428833,5.2092135168341445,5.556752681732178,5.743593194394809,5.692269325256348,5.482878193837974,5.161725997924805,5.331003258807298,5.643027305603027,5.719268024830452,7.603492259979248,7.223198154117798,5.210471153259277,5.413108797984414,5.55101203918457,5.518420060015246,4.541171550750732,4.539721678533963
322,6.786508560180664,5.628698397429947,5.562966823577881,6.1277051424751985,6.267515659332275,5.514219798579956,6.987398147583008,6.520365412192028,5.636358737945557,4.810700928374934,4.1590657234191895,3.7075592543611378,5.272042751312256,4.983587291091703,6.652932643890381,6.25891807993447,6.475032806396484,6.244506746191231,7.159313678741455,7.275842332254081,6.057981967926025,5.817653932596135,4.997416973114014,4.935698063219446,4.486302852630615,4.374592972851711
323,5.65355920791626,5.400941993641403,4.220544338226318,3.9612880535143478,5.073315620422363,5.2952296396522405,5.319648742675781,5.3854795023922035,1.955599069595337,1.819578435654669,5.297591209411621,5.765637216612856,4.9796142578125,5.5610851837005795,5.518157958984375,5.487867822473366,5.507309913635254,5.4983204475875205,5.317929744720459,5.070153070914888,5.475327014923096,5.319641286900481,5.704104900360107,5.769444983449855,4.869449615478516,5.1658709390247655
324,5.507189750671387,5.567712776364092,5.669549942016602,5.456538120317577,6.310323238372803,6.087622087312001,5.97039270401001,5.71941044040431,1.9422094821929927,1.5783581873032668,4.297236442565918,4.478899605973697,4.438693046569824,4.589333435709873,4.894289016723633,4.687104544113201,5.493063449859619,5.49503233103793,7.544754505157471,7.1209528673658715,5.281293869018555,5.317500147635352,5.526921272277832,5.647590669327594,5.637443065643311,5.4529549297883575
325,5.749868869781494,5.66285136218261,5.094950199127197,5.1132897783270375,4.28746223449707,4.880400070650215,4.835646629333496,4.766229216066029,5.740562438964844,5.210687448695871,5.691969871520996,5.52774927897557,5.788965702056885,5.586507585519658,5.406919479370117,5.36438795211852,5.529664993286133,5.434001810437501,4.9241156578063965,4.801496779376407,5.117514133453369,5.201370977322154,5.339645385742188,5.298558689080543,5.521393299102783,5.323140444678787
326,5.013946056365967,4.765994541234389,4.9915642738342285,5.27901394272412,5.051578044891357,5.142724176500268,6.4047064781188965,6.470679690113651,4.958841323852539,4.281651633168874,4.80497932434082,5.0034256226541824,4.0305681228637695,4.25776079284943,5.677359580993652,5.727461282083004,5.828921794891357,5.892694296244313,5.016643524169922,4.836142126471277,4.817073345184326,4.962141361553503,6.034075736999512,6.042847161712964,5.805079936981201,5.853918230307695
327,4.323055744171143,4.382512309238175,4.391779899597168,4.4236483345105935,4.088244438171387,3.8312616390894396,5.346304416656494,5.519354836880956,4.141645908355713,4.5266263781531295,7.005734920501709,6.243230742516422,6.406777381896973,5.918001991154908,5.086323261260986,5.219885372616988,5.742776870727539,5.767917473987064,5.495193958282471,6.180515515535907,5.753389835357666,5.577314658708294,4.718173503875732,4.586377931194507,5.45078182220459,5.302361669906104
328,8.6060152053833,7.396811920330997,3.8528454303741455,4.563269050094701,7.542377948760986,6.7620191904843985,6.587653636932373,6.324366031365463,6.514107704162598,5.96691634711773,8.0501070022583,7.306291334169361,7.5593180656433105,6.935058535040979,5.605728626251221,5.594299924049908,6.220458030700684,6.093825732761915,8.145171165466309,7.970805116563106,6.149694919586182,5.871741755120858,6.921910285949707,6.2943884568654385,6.098644733428955,5.688401513789095
329,6.628080368041992,6.549375351658318,5.001009941101074,5.066653856807634,5.059006690979004,5.64289704705043,4.83362340927124,4.836927245637417,5.635282039642334,5.6451201143506635,6.4026970863342285,6.242868137055622,6.079941272735596,5.994131370505823,5.212003231048584,5.201095201508969,5.158493995666504,5.231495245998912,6.457912445068359,6.754898598666694,5.133204936981201,5.200357320351692,5.4915032386779785,5.532633709039097,5.379011154174805,5.433178942033187
330,5.410031795501709,5.537446513737636,4.715447902679443,4.94417802839838,6.200572490692139,5.783096445480493,5.525628566741943,5.559587668740814,2.6156911849975586,3.867186527152532,5.654458999633789,5.911074348310906,5.524296283721924,5.592985484445885,4.920825481414795,4.881955035461277,5.149272441864014,5.078865680296402,5.193253040313721,5.266834496164872,5.197005271911621,5.140270410277818,5.723456382751465,5.615271025895165,4.5748209953308105,4.6232793153095
331,5.2868475914001465,5.264538475207769,4.966546535491943,5.232740142753928,4.244058609008789,4.148883096767679,5.527960777282715,5.782234125101829,3.995772123336792,4.23541102221368,5.161285400390625,6.122325132980226,5.584593772888184,6.0625876414465285,5.316118240356445,5.693555621877896,5.786204814910889,5.88613573026376,5.108733654022217,4.927056845319197,5.371508121490479,5.63400343432397,5.184080600738525,5.231133777156924,4.18190860748291,4.204352073862159
332,5.449760437011719,5.627903928076047,4.090712547302246,3.729316718096029,4.4819865226745605,4.54430166414353,5.1425395011901855,5.274135122053755,5.534639835357666,3.530400419214965,5.467093467712402,5.179853661570894,4.992661952972412,4.94552806791258,5.296735763549805,5.185437688215734,5.6057562828063965,5.645543124712931,7.356944561004639,6.859984810952376,4.821442127227783,4.702339786443277,5.453291893005371,5.4224815718043535,4.840818881988525,4.971575365552262
333,4.103119373321533,4.493027213402772,5.276515483856201,5.9045522388311875,3.931121826171875,4.03081502202356,6.081934452056885,6.240809923665988,2.46307373046875,4.018440846376639,5.792629718780518,6.236405482325461,5.694333553314209,6.021560988511987,5.85350513458252,6.017930787869485,6.018759727478027,6.092075776018739,5.621103763580322,6.433070483687685,5.852148532867432,5.965385643950814,4.976983070373535,4.94870274493905,5.385651588439941,5.380589949492668
334,4.281890392303467,4.650252673846367,6.379022121429443,6.0753056791927165,4.210819244384766,4.192813806973741,6.116713523864746,6.218978195253409,2.3635730743408203,2.813588885949065,5.027403354644775,4.613218249563572,4.152815341949463,3.832663675885192,6.027300834655762,5.880907353508732,5.983067512512207,5.90535239576684,7.260428905487059,6.973151061186562,5.312611103057861,5.435948640184993,5.319839954376221,5.347778698736573,5.593844890594482,5.6392160099497275
335,5.148867130279541,6.18115598797308,3.931572198867798,3.939377111719625,6.823868274688721,6.292331890794366,6.245275974273682,6.375478912339413,5.451996803283691,5.2000749230281205,5.503257751464844,6.222412554132706,4.838937282562256,5.505021136814409,5.5960612297058105,5.636197103007035,5.980225086212158,6.02606533541927,5.635643005371094,6.4104665335768205,5.700823783874512,5.6763885976901545,6.875384330749512,6.527665472106025,5.96976900100708,5.857804396887495
336,5.4331583976745605,5.235556829866973,5.285181999206543,5.921517524271222,3.9722976684570312,3.8181815810388398,6.187142848968506,6.070725697521545,5.374215126037598,4.888408841645656,4.309431552886963,4.641560788468589,5.21409273147583,5.365101087215883,5.938007831573486,6.011571817670934,5.96904182434082,5.987664470295121,7.584242820739746,7.366727093182077,5.778120994567871,5.8169754806349685,5.04981803894043,4.873827621328594,5.559300422668457,5.401679977704564
337,5.557127475738525,5.5695953381625944,5.34993839263916,5.318177957575866,6.134128093719482,5.7932321311193045,5.603716850280762,5.643695251237736,5.332057952880859,4.535783893566208,5.176461696624756,5.64983615237396,4.657849311828613,5.216826207060502,5.206705093383789,5.239661063790049,5.145601749420166,5.235170028692774,7.100429534912109,7.049581091187922,5.176236629486084,5.148941839525468,5.602354049682617,5.656218156711309,5.309113502502441,5.351262302688962
338,5.212016582489014,6.120668440524043,4.180270195007324,4.001866965622566,5.277101993560791,5.693115136983575,5.038909912109375,4.762953932256144,5.45933723449707,5.049789488091235,4.664722919464111,5.205993636763488,5.0736083984375,5.418048099122809,5.365584373474121,5.383389928433128,5.59337043762207,5.588571902390821,7.650737285614014,7.262369986939201,5.232341289520264,5.428337770616885,5.703909873962402,5.769842552806823,4.479074478149414,4.467871829920313
339,3.9496026039123535,3.8426360735589644,5.7863383293151855,5.725583957288636,4.84451961517334,4.844842739918656,6.32576847076416,6.198508667678968,3.7362704277038574,4.2945076115853285,4.875753879547119,5.072387697992767,5.424466609954834,5.392698135941508,5.527296543121338,5.537635695212157,5.888927936553955,5.844739405260014,5.373881816864014,5.590213687818937,5.684181213378906,5.568505626164846,4.48115348815918,4.507308330355564,5.459402561187744,5.325257322006568
340,5.473164081573486,5.6868375653025955,4.439022064208984,4.779957178617259,4.341208934783936,4.928934689147261,5.529585361480713,5.839901600591705,2.4606833457946777,3.5359856601611956,6.098437786102295,5.5350992119564895,5.519496917724609,5.554379038561498,5.445722579956055,5.376713736958056,5.4284515380859375,5.494140356410966,5.1383490562438965,4.6916859506441915,5.25050163269043,5.243349061151595,4.464914321899414,4.4361398877157985,4.777121543884277,4.931285094186483
341,6.331770420074463,6.501772369974979,3.9969658851623535,4.211060869228882,5.009159564971924,5.4901303960372605,6.249094486236572,6.165510343690778,3.7837939262390137,4.708857412658584,4.591507434844971,5.3150300193077,5.304413795471191,5.593953884249923,5.470330715179443,5.605124607611385,5.891415119171143,5.862988624614192,7.310839653015137,6.935535500252292,4.867405891418457,4.985806639867421,5.867250919342041,6.1608591755151405,5.790165901184082,5.702625965299833
342,5.042624473571777,5.733278638241203,4.510761737823486,4.771530706785644,6.125006198883057,6.21111157968769,5.580019950866699,5.710066074909218,2.965363025665283,4.191317931592642,6.035893440246582,6.021616536372846,5.809436321258545,5.827656619479146,5.157273292541504,5.140976395961477,5.177488803863525,5.1677458156992255,7.206286430358887,7.237715884900987,5.2230987548828125,5.142039543178958,5.695015907287598,5.6950080895590425,4.672338008880615,4.810190369439555
343,4.6376237869262695,5.07959972302542,4.420742988586426,4.36372932496582,4.332520484924316,4.208435806696118,5.984163284301758,6.102873695826465,5.356201171875,4.614502651998067,4.082864284515381,3.6117857568461065,4.876214504241943,4.788263356993343,5.370041370391846,5.5718732334685,5.922765254974365,5.903445695430324,5.76627254486084,6.362171260250095,5.358325004577637,5.5213651473607115,5.3211541175842285,5.365844481056619,4.892053604125977,5.088923177560775
344,6.363047122955322,6.203579363003798,5.942971229553223,6.070320942211762,6.647375106811523,6.108004118392205,6.091123104095459,6.0769530281064705,5.343314170837402,5.386586754540294,3.763386249542236,3.7252916465540675,4.865850925445557,4.937059696756852,5.674707412719727,5.737754511506665,5.678370952606201,5.762786944894464,7.218811511993408,6.982072119187455,5.420897006988525,5.485827652889811,6.546675682067871,6.339452071285742,5.909252166748047,5.828742710994627
345,4.170180797576904,3.994036488883894,6.262944221496582,6.146189856524005,5.430081844329834,5.48250459433358,6.432811260223389,6.204163726214796,5.065087795257568,4.956168553117667,4.574473857879639,4.455161327990388,4.15115213394165,3.8424046528316795,5.885055541992188,5.8141773207637275,6.019171237945557,5.946162308444083,7.170801639556885,7.058310621966439,5.493257999420166,5.380367790027414,5.799367427825928,5.7449495609654475,4.363606929779053,4.2392372836810726
346,4.26777458190918,4.316686126874981,5.5845794677734375,5.3083786534254065,5.246147155761719,5.276899230078731,5.623885154724121,5.498445951070943,2.217924833297729,2.3981000127932215,4.783702373504639,5.031490894860811,4.596778869628906,4.714974769375461,5.388476371765137,5.276498634632468,5.314389705657959,5.247815497267778,5.013753414154053,4.955864682982836,4.917737483978272,4.954355089555169,5.236594200134277,5.229156262877652,4.459408760070801,4.322790727268111
347,4.963431358337402,5.069066847081501,6.326282978057861,6.318716959093419,4.921237468719482,5.885521221341767,6.496082782745361,6.48183672562905,3.0842888355255127,4.385125680732085,4.744198799133301,4.844458522578002,3.96675705909729,4.134560727379881,6.053606986999512,5.941462863053026,6.05001163482666,6.023868122879204,7.168973445892334,7.021860288654578,5.572340965270996,5.451008697361836,5.981061935424805,6.367670880018753,5.836440086364746,5.83200273051237
348,5.385106086730957,5.2165201851825405,4.009233951568604,3.6843853390184496,6.291867733001709,6.02510172654637,6.375223159790039,6.125616857061267,5.193981647491455,5.287259117772036,5.124342918395996,4.806657707997581,4.402352809906006,4.252439753287261,5.465025901794434,5.5045440601195255,5.824027061462402,5.77059350945104,6.104883670806885,6.545336145054587,4.87106990814209,4.803012636469773,6.740646839141846,6.437713992766861,5.888696193695068,5.679717818694618
349,4.630802631378174,4.495005253052472,4.543994903564453,4.557860680555399,4.317138671875,4.280231942510016,5.093772888183594,5.138006981738439,1.999618649482727,1.8934328575604418,4.757461071014404,4.6644392546608024,5.155820369720459,4.989116887839163,5.444781303405762,5.388043424016134,5.485052585601807,5.518574850361715,4.80652379989624,4.702115571335545,5.233687400817871,5.241155355078849,5.270007133483887,5.360558349011964,5.523071765899658,5.39100667817774
350,4.655246257781982,4.851352231410466,5.0137038230896,5.580669484697335,5.780323505401611,5.470155170170308,5.541100978851318,5.737525051489785,2.809283971786499,3.8239691929229513,4.124724864959717,4.035739011819371,4.224575519561768,3.962787569333628,5.585469722747803,5.633317423773706,5.681963920593262,5.659523241030917,4.97084903717041,4.52251194122055,5.471157550811768,5.379463912224457,5.0753173828125,5.229814608373437,5.40811014175415,5.388565862253819
351,3.790780782699585,3.5694863896360776,4.628424167633057,4.833667350576142,5.722849369049072,5.496169852058117,5.982424736022949,6.098981506113158,5.252315044403076,3.5393791704165865,4.727598667144775,5.262319780662953,4.406318187713623,4.6464630739581,5.692853927612305,5.742312654311715,5.86350679397583,5.869010731117571,5.27314567565918,4.980407694942149,5.114730358123779,5.2809565308013955,5.389060974121094,5.6084688947239165,5.172454833984375,5.565404359482591
352,7.950143814086914,6.583086965473867,5.14754056930542,5.122397857412282,6.325527191162109,5.869229614614774,4.840550422668457,4.86231570160737,5.941060543060303,4.89503789296775,7.2721266746521,6.409777765950709,6.897604942321777,6.142802805480198,5.688073635101318,5.484395360477221,5.668768405914307,5.59738368897725,8.267833709716797,7.370416841764958,5.970269680023193,5.6752162325997615,4.610179424285889,4.533140164244346,4.4871673583984375,4.619950855180309
353,5.144681453704834,5.008860092833081,5.961152076721191,5.219174314430695,4.519139289855957,4.7343849665309605,6.109698295593262,6.091105105111937,3.578436851501465,4.4201076737464575,4.301670074462891,4.51839781874792,4.915452003479004,5.001977983169261,5.251858234405518,5.357003370184621,5.824366092681885,5.797380758301235,4.899717807769775,4.866122359841824,4.993905544281006,4.901247559120529,4.952677249908447,4.904783577084803,4.314126014709473,4.200900561388742
354,4.458122253417969,5.027824731575785,4.976833820343018,5.241406699378826,4.676935195922852,4.835617494778796,5.679875373840332,5.669828855062274,5.472889423370361,5.079778246495744,5.1349287033081055,5.380529520164238,4.837515830993652,5.15909877652593,4.883006095886231,4.832617303808207,5.646187782287598,5.633772301570089,5.993995666503906,5.781287071587028,5.138983249664307,5.253782072887159,4.981635093688965,5.011700926193992,4.360049724578857,4.094959683314442
355,4.996130466461182,5.529831706286551,6.518643856048584,5.965424835349669,6.005733489990234,5.416244104495062,6.85475492477417,6.578538185445829,1.8951210975646973,1.9870801233351982,4.440052032470703,4.083940544535792,5.306262016296387,5.062752397898025,5.518677711486816,5.6245381422407155,6.307963848114014,6.172286181575747,7.880527019500732,7.495668819031954,5.289988994598389,5.2245591911090195,4.686285972595215,4.625498268636378,4.904458999633789,5.055971313285506
356,4.155900001525879,4.182206673849817,6.154172420501709,5.750847344307214,5.74293327331543,5.662944782981734,5.886661052703857,5.9530776845563,2.259869337081909,2.795708768517171,4.5971550941467285,4.619084031819629,4.269538402557373,4.01601972454768,5.478122234344482,5.5977755112339915,5.801647663116455,5.768524674438614,5.192636489868164,4.715910486229523,5.554504871368408,5.500505912582778,6.036245822906494,5.961303853791257,4.80082893371582,4.989093930791085
357,4.006672859191895,3.755446376102445,4.204660415649414,4.400394551441205,5.180553436279297,5.446130452126737,5.775609493255615,6.150168573431836,1.8448070287704468,1.7599947141555894,6.286713600158691,5.927624170797485,5.690652370452881,5.633063545325619,5.48502779006958,5.5464953128009595,5.663619995117188,5.817125741733788,7.481463432312012,7.308059677570942,5.61324405670166,5.541843149275472,5.389863014221191,5.647512265505601,4.806240558624268,5.202620371860555
358,3.81432843208313,3.6680214918104475,5.649089813232422,5.707851249644409,4.300149917602539,4.223347050273097,5.308982849121094,5.378086532330109,5.40263032913208,4.551881178136079,5.44376802444458,5.3210613054602165,4.75255012512207,4.880292747869103,5.519522190093994,5.450668920947027,5.720877170562744,5.68492310157604,6.727238178253174,6.876075388498454,4.847256183624268,4.728885921300748,5.217238426208496,5.150684088060191,5.282974720001221,5.163354989801929
359,4.214599609375,5.061010870668577,4.196835041046143,4.052676829748793,5.950197696685791,5.562170378022276,5.142274856567383,5.065449513201469,4.517036437988281,4.462311311527074,5.242996692657471,5.432049263033352,4.98239803314209,5.3233657880087275,5.228271484375,5.353479453869856,5.616855144500732,5.659737578483912,5.682066440582275,6.208738641685862,5.189296245574951,5.382311664876312,5.767305374145508,5.731743555267212,4.431167125701904,4.314655469841328
360,4.919804096221924,5.219862086875819,6.168717384338379,6.200468496222281,5.845561504364014,5.6943033442134405,6.524560928344727,6.5025995877583975,2.7591917514801025,3.4373465972104404,4.053475856781006,4.084706610273078,5.094067096710205,5.149772888022453,4.878146648406982,4.960031087187132,6.165545463562012,6.107698234162317,7.500072956085205,7.241024049202965,5.303926467895508,5.459782181738037,4.858672618865967,4.990653781651042,5.440986633300781,5.398225204426076
361,5.992777347564697,6.103958653554353,6.221197605133057,6.194495254293864,4.981341361999512,5.166078688617096,5.839205741882324,5.8938028300983705,5.332820892333984,4.847287385277393,3.746427536010742,3.8553237191547494,4.92979907989502,4.9866992904432665,5.90895414352417,5.965116517682395,5.934267520904541,5.951418354243306,6.76504373550415,6.808163668891408,5.625277042388916,5.595936322232881,5.99013090133667,6.052674912677149,5.912324905395508,5.734233625120451
362,5.378304481506348,5.833307739274961,6.479230880737305,6.390141842492632,5.446701526641846,5.867757092458684,6.847582817077637,6.956202926999368,5.312169075012207,4.894650046430457,3.708020210266113,4.351800781586293,4.846078872680664,5.221448536634199,5.93846607208252,6.017771027747984,6.259243011474609,6.359528936501863,5.84477424621582,6.301107429242806,5.335977554321289,5.419958373772226,6.39288330078125,6.512210806809798,5.950123310089111,6.088761912496388
363,4.022712230682373,3.9429218279598417,5.96339225769043,5.689528766474227,4.291484355926514,4.3465279375401185,6.104848384857178,6.0423128175531176,5.263378620147705,4.262317804549361,5.311511039733887,4.91080496090083,4.464247703552246,4.4005594082530175,4.970148086547852,4.982581893326756,5.6161627769470215,5.700237284144375,5.063650131225586,4.996728561751496,5.17753267288208,5.336392288254759,4.814941883087158,4.5993838114196,4.947471618652344,5.0846018689948265
364,5.371683120727539,5.1375361519509255,5.870749950408936,5.756677581621315,4.363124370574951,4.641640906939706,4.790213108062744,5.0375065093856755,5.6847357749938965,5.623130666032105,5.964373588562012,5.945180061212509,5.396493911743164,5.21645009342763,5.914193630218506,5.838999417407932,5.709141731262207,5.713811412012638,7.527853965759277,7.626057385309984,5.929113864898682,5.860205440297446,5.316796779632568,5.3079225424119665,4.83547830581665,4.897500087499776
365,5.994759559631348,6.041378406709433,5.48630952835083,5.693124494021424,5.043025016784668,5.3656706728045505,5.441472053527832,5.529089056898466,2.1319222450256348,2.857381201749719,4.455750465393066,4.5506962556616655,4.990046501159668,5.092563202384245,5.284435749053955,5.371191601682556,5.232744693756104,5.283664543953044,4.762848854064941,5.1493469741803235,5.091916561126709,5.142745262475838,5.717181205749512,5.719106837216645,5.067437648773193,5.21702259014989
366,5.15336799621582,5.275488379884885,6.223825454711914,5.869722432571962,5.8768181800842285,6.042702347528503,6.359537124633789,6.414428562396517,2.8700273036956787,3.954303230911721,3.983132839202881,3.881572846182033,4.332627296447754,4.458597245887447,6.101298809051514,5.87099648244121,5.990160465240479,6.03598942609318,7.056301116943359,7.0251305058364455,5.130410194396973,5.186777528806983,6.156522274017334,6.182108203605394,6.070394992828369,5.9748893489971255
367,5.317757606506348,5.234302517808789,4.781952381134033,5.1003948820498435,4.649604320526123,4.712155542432599,5.714897155761719,5.72076919883588,1.9340494871139529,2.0154818863735735,4.684308052062988,5.136186611058424,4.646897315979004,4.9854874109622545,4.919957637786865,4.850115029020156,5.832284927368164,5.7910797725503835,6.005019187927246,5.80698982773128,5.581579685211182,5.539907181291872,4.93496036529541,4.86926783514957,4.863306999206543,4.925816613175783
368,4.659271240234375,4.789118531856347,4.669914245605469,4.698658042417553,5.286872863769531,5.154076353539459,5.194031715393066,5.0342957580869925,3.0724215507507324,3.22966943213705,5.338028430938721,4.722683171338994,4.61183500289917,4.461032287800851,4.842222690582275,4.654650871853429,5.644437313079834,5.483831397646631,5.35631275177002,4.811951584232291,4.95814323425293,4.777111154835993,5.803018569946289,5.5439851203313,4.638726234436035,4.675504088991767
369,6.566560745239258,6.3394416370259465,5.743488788604736,5.190021098318239,6.30492115020752,6.1130748364957315,5.955069541931152,6.0167708937894355,4.317631244659424,4.673716143982893,3.998850107192993,3.9638728770627067,4.972723484039307,4.906396399724861,5.430745601654053,5.554403281499668,5.49594783782959,5.5387447729295625,7.210263729095459,6.879912780244245,4.828146457672119,4.836369449968808,5.876527786254883,5.869822551907036,4.5679779052734375,4.6938662717989645
370,3.812534809112549,3.573792433890848,4.218894958496094,4.313465983823532,5.676307678222656,5.354302991494737,6.041620254516602,6.064484940080174,2.5715861320495605,3.7641777113396775,6.910074234008789,6.392617720715112,6.340034008026123,6.026021473506659,5.206722259521484,5.1241395117866935,5.922893524169922,5.925904779304312,6.069573879241943,6.709678748073748,5.02904748916626,4.913924375836502,6.384149551391602,6.111915151483328,5.766744136810303,5.707936958019205
371,4.124205112457275,4.7875776553661815,6.396641254425049,6.363802420362744,4.254331588745117,4.780910634910786,6.027304649353027,6.1003731508069725,1.8721355199813845,1.807988113478706,6.205376625061035,6.185467006611414,6.121490478515625,6.1307052469826315,6.247395992279053,6.035321782521721,6.07490348815918,6.100969321071813,4.828339576721191,5.262675708121189,5.984332084655762,5.908492501959466,4.847183227539063,5.0100531197758285,4.754724025726318,4.854865911491042
372,4.719839096069336,5.324799045157041,6.3246684074401855,6.1709926210545385,3.903890371322632,4.128745601195678,5.672466278076172,6.0547472742072195,3.270504713058472,4.771369919275161,4.715110778808594,6.172750231493178,5.474440097808838,6.156489026513921,6.2374796867370605,6.043966671516897,6.10888671875,6.08740183915767,7.894931316375732,7.841881135164933,6.081647872924805,5.984907904645843,4.9845499992370605,4.933908731727777,5.528397083282471,5.4755082022781885
373,7.270273208618164,6.078969851782402,5.771315574645996,5.418155470635862,6.061371326446533,5.223686776201831,5.8983154296875,5.861167376860312,5.713322639465332,5.258782511843636,5.982119560241699,5.833701744343695,6.049992561340332,5.854190909319818,5.573643684387207,5.580506496357696,5.444307804107666,5.4976793339982075,7.318734169006348,7.001613865034377,5.482014656066895,5.491799588121165,4.511556625366211,4.426113915554268,4.328619480133057,4.213022871726261
374,5.396677017211914,5.256049719123167,4.9343743324279785,5.180820715510173,5.821601390838623,5.528408762838045,5.756556987762451,6.078955714489619,5.235057830810547,5.049646898293859,4.03232479095459,4.057712450869899,4.4689621925354,4.457984396654712,5.63562536239624,5.615733595148468,5.7756876945495605,5.854972058225985,7.162018775939941,6.77038781863169,4.987149715423584,4.932037874427357,5.5035810470581055,5.5372822244818884,4.388576984405518,4.263433979695722
375,4.326162815093994,4.542381003848361,5.871591091156006,5.646917730072418,4.337588310241699,4.246794803105428,6.421520709991455,6.131401661684077,5.288784027099609,4.6016948021318,4.07393741607666,3.660151286631221,4.542225360870361,4.484141746097268,5.58926248550415,5.92945891770168,6.034818172454834,6.002263395689416,7.393237113952637,7.08458217525253,5.470004081726074,5.6167833406740115,5.30029296875,5.128796744338531,4.480104446411133,4.3210255138961395
376,4.248750686645508,4.44071569670473,5.245014667510986,5.278894881811864,5.936185359954834,5.847701153139423,5.546763896942139,5.6341773262127965,3.0129635334014893,4.19379904509009,6.643760681152344,5.931286117140359,6.081342697143555,5.624389964234838,5.3930840492248535,5.357054276879532,5.3703155517578125,5.287898639552501,7.294131278991699,7.083424732817734,5.411038875579834,5.323663495868428,5.570199012756348,5.499093379472282,4.223720550537109,4.094014505238304
377,4.541446685791016,4.937985610051504,5.526328086853027,5.24026848616082,5.964397430419922,5.60172136262838,5.782289981842041,5.763266777317186,5.662398338317871,5.343134898942045,5.080379962921143,6.133186654965732,5.427825927734375,5.783405128254124,5.454686641693115,5.413462684578047,5.330496788024902,5.372010331247034,5.914064884185791,6.7970642179010365,5.385919094085693,5.408115996123502,5.5643815994262695,5.475587554078133,4.19559907913208,4.212495129294194
378,5.325000286102295,6.305896848624522,6.777722835540772,6.496162227633974,6.795569896697998,6.348034782370467,7.138229846954346,6.664851477556479,5.296403884887695,5.0409367737350355,3.6937408447265625,4.2161683521213265,4.986702919006348,5.082495778441637,6.06803560256958,6.114698997036586,6.644932746887207,6.364097475450139,7.452576637268066,7.1741104404029965,5.935977458953857,5.829993417078623,6.962109088897705,6.605732900762407,5.580763816833496,6.06325343198396
379,4.158796787261963,4.405927041148287,6.040608882904053,6.024864073330809,4.272172927856445,4.365321656961789,5.797714710235596,5.938035476834949,2.02758264541626,2.2935786630929806,4.362143039703369,4.256524373790011,4.442197322845459,4.368332163546877,5.622482776641846,5.7270008517787705,5.696370601654053,5.7728823785614045,6.112939357757568,6.676417971444478,5.253546237945557,5.365048952368483,4.725054740905762,4.511204711931514,4.986536026000977,5.15610478761648
380,7.869221210479736,6.76786824146409,4.036043167114258,3.9571385885101495,6.938179016113281,6.055974439281784,6.324679851531982,6.273800769067863,3.737613439559937,3.17895606541762,5.169717788696289,5.356457022641096,5.736361503601074,5.739095897470289,4.781091690063477,4.798950197469887,5.83971118927002,5.822036948318487,5.151564121246338,4.79388847086922,5.093974590301514,5.135227118864618,6.404165267944336,6.146443220055077,5.925382614135742,5.824655826030513
381,4.490478992462158,4.552930586989402,4.543619632720947,4.927973730088711,5.464006423950195,5.112632225245463,5.992561340332031,6.164401460415692,2.5960805416107178,2.586525474309696,4.028903007507324,3.866222433805172,4.429957389831543,4.313382013554477,5.492092132568359,5.557901935181785,5.690390586853027,5.801228867028866,6.991853713989258,7.061348511662828,4.897631168365479,4.837886673819293,5.662044525146484,5.529751314078048,4.885615825653076,5.156636388789926
382,5.694290637969971,5.56494746633014,4.318321228027344,4.390187654193869,4.304856777191162,3.8029565849821636,6.507816791534424,6.328172786489195,6.06188440322876,4.360876200459673,8.01424503326416,7.14119795610402,7.309361457824707,6.59580547890258,5.801431655883789,5.686634672674665,6.156956195831299,5.93187689717906,8.229827880859375,7.544307906913818,5.599143981933594,5.74402898641482,5.140164852142334,4.981776796280922,5.500864028930664,5.350261694824179
383,7.222536563873291,6.942388988114191,6.986804008483887,6.442084471315646,7.713242053985596,6.9149063282620755,7.345041751861572,6.86280446523656,2.569535732269287,2.989014496987311,4.101850986480713,4.241981380252968,5.20742654800415,5.314270576784839,6.612890243530273,6.1794422678995735,6.543424129486084,6.243941411266988,6.48738431930542,6.281214336166366,5.224499225616455,5.185939081019374,7.743064880371094,7.140425507965023,6.911014080047607,6.3324139836548605
384,4.808149814605713,5.151069739519549,4.736344337463379,4.8731757119453105,5.1010613441467285,5.28125789052679,5.205081462860107,5.109440371258881,2.604358434677124,2.5353399715863265,4.611724853515625,4.423430760423176,5.283618450164795,5.225007178799565,4.907650947570801,4.774585118956335,5.77459192276001,5.674576926685212,5.316555023193359,4.881369645970327,4.981657981872559,4.8986170094010415,5.62989616394043,5.721010692752299,5.720510959625244,5.701177018686747
385,4.399730205535889,5.186375379236409,5.538569927215576,5.2644169341367695,5.584012508392334,6.00740535727506,5.621068000793457,5.580091799971839,2.037564754486084,2.617400499038162,4.156420707702637,4.076499386117877,4.882552623748779,4.936122447954184,5.342720985412598,5.261999305350589,5.34794807434082,5.1860227224544815,7.122502326965332,7.094055745952751,5.127678871154785,5.163737204756356,6.003315448760986,5.931792422499408,5.486095428466797,5.420093600697706
386,5.939208984375,5.646755534162068,6.596523761749268,6.350639485615423,4.039177894592285,3.7024440033327313,6.599162578582764,6.360240209018023,2.6582720279693604,4.285099546610375,8.207418441772461,7.734149896628268,7.341786861419678,7.193496142648755,6.6837358474731445,6.270606310077546,6.478647708892822,6.297963626532798,8.516152381896973,8.434141610667153,6.505864143371582,6.1055346394327366,5.019821643829346,5.0051270369836836,4.174582004547119,4.239044684801481
387,8.070134162902832,7.3942956161221876,4.019102096557617,4.381827369737409,6.420123100280762,6.681627282550935,5.809686183929443,6.147741002453006,4.56244707107544,5.69701844759282,7.974233627319336,7.017199673149591,7.11091423034668,6.699425732949247,5.966259479522705,5.59500081860057,5.992082595825195,5.990223721496163,8.271920204162598,7.824259791795162,5.226659297943115,5.416791752064908,6.304665565490723,6.362589064598945,5.381833553314209,5.525482418854542
388,5.228769302368164,4.844931708625813,6.301300525665283,6.160907957480394,4.910231113433838,5.126661580234674,6.17401647567749,6.254876748404484,5.23968505859375,4.233706529294155,5.293924331665039,4.598231210872416,4.198749542236328,3.817068618272232,5.486508846282959,5.673022277091666,5.894749641418457,5.8891766387876086,7.1388139724731445,6.993594201509311,5.602346897125244,5.403136493593547,5.676432132720947,5.923723121393112,5.321765422821045,5.604179730538722
389,5.042656898498535,5.199650973570419,6.5099310874938965,6.395574207197049,5.960240364074707,6.217357773728444,6.57192325592041,6.521641788118824,4.8692779541015625,4.75590461962136,4.859748363494873,4.972803595418588,3.9462523460388175,4.259781022428458,6.093301773071289,5.966071768565274,6.099499225616455,6.059664108159962,7.147767066955566,7.107580023191804,5.585717678070068,5.4725151485138115,6.782031536102295,6.587741971759114,6.004974365234375,5.876291478708259
390,5.505525588989258,5.064997675288488,4.507210731506348,4.632126945767041,4.254899978637695,4.704553472297959,5.512637138366699,5.5265212769536465,3.181547880172729,4.247960427858222,5.904837131500244,6.040076281921909,5.296047687530518,5.563049719156239,5.260948181152344,5.19610735343976,5.291955471038818,5.196841677017859,7.098022937774658,7.073972176195463,5.119080066680908,5.115957565072878,5.108161926269531,5.179681363492995,4.628668785095215,4.766964914350996
391,5.475152969360352,5.2102739939995,5.643072605133057,5.512119140715281,4.304033279418945,3.844261680623656,5.833184719085693,5.739707562704197,5.488089561462402,4.989447893859177,6.304781436920166,6.222726896315548,5.394291877746582,5.61944096657873,5.432677268981934,5.382159575217627,5.34126615524292,5.299847013726514,7.565421104431152,7.537836302607827,5.387373924255371,5.275305307755147,5.079153537750244,5.036391478562185,5.332633018493652,5.299425984730711
392,3.883453369140625,3.4826248335053185,4.476907730102539,4.507974569665412,4.675032138824463,4.505517426703335,6.45372486114502,6.224067157787945,4.377802848815918,3.6251077654831323,4.858216285705566,4.810605993347488,4.515951156616211,4.444407188374761,5.73603630065918,5.587697354522463,6.042162895202637,5.937946740849349,7.676949501037598,7.165187326327752,5.658436298370361,5.530532411656313,5.367548942565918,5.277399554065369,5.538256645202637,5.4368235506740366
393,4.947967529296875,4.533701115987422,4.437201976776123,4.690015354738925,4.475698947906494,4.580812736201341,5.667201995849609,5.856457679439557,2.248340845108032,3.2324845163915885,4.924376010894775,4.575487698244417,4.300797939300537,3.9896072719013915,4.897421360015869,4.726795469601122,5.742770671844482,5.724033529656821,6.065788269042969,6.610075967018321,5.461146354675293,5.387138850498028,5.436576843261719,5.519838097923951,5.077907562255859,5.2052627819693775
394,5.581852912902832,5.826715426153641,6.466131210327148,6.367903483794497,3.843778371810913,4.579740785671605,6.483299255371094,6.412651989415206,2.659607172012329,4.443579517781957,7.1820902824401855,7.503264966491538,6.361581802368164,6.87443783752539,5.714112281799316,6.077326821181708,6.240609645843506,6.196786761376064,8.147217750549316,8.094320843031484,6.093411922454834,6.101662955550182,4.856033802032471,5.034543917519273,5.543666839599609,5.50604489358872
395,4.54335880279541,5.643780439414297,4.409323692321777,4.423217995284478,5.256696224212647,5.338524077247879,4.847775936126709,4.788202866438178,1.931439757347107,1.4567727081831838,6.43435525894165,6.268237639482223,5.973301887512207,5.920307484673187,5.271473407745361,5.281223382909918,5.341990947723389,5.314528625856992,7.515987873077393,7.077126694339446,5.4347076416015625,5.424440498152869,5.835057735443115,5.733799536743941,5.495274066925049,5.361805537645115
396,3.8770134449005127,3.6847181247386933,5.838569164276123,5.884592861187072,6.006426811218262,5.643360972051605,6.02733850479126,5.9448729595482765,5.521276950836182,5.371776033058814,6.027424335479736,5.547100231926977,5.117548942565918,5.166680884588914,4.750515937805176,4.604040169212748,5.62230396270752,5.623365379922023,6.873079299926758,7.070184637826345,5.544261932373047,5.508080883252176,5.957640647888184,5.876407233452091,4.646491050720215,4.626404747947221
397,5.1948676109313965,5.2210590219708966,4.431931972503662,4.313270498466839,4.388439655303955,4.136204122522,6.0622382164001465,5.900972864110707,5.239842414855957,4.2518401280125495,4.488770484924316,4.653566963981215,4.6543707847595215,4.856677228263828,4.800220012664795,4.59120103770047,5.646846771240234,5.691900241675106,5.885217666625977,6.401735109298049,5.293975830078125,5.277753624942157,5.459847450256348,5.46934004489542,5.608207702636719,5.4821978067521435
398,3.849955320358277,3.740196499062538,4.718585014343262,5.29903214515975,4.255825519561768,4.512798165091538,5.42893123626709,5.748116272383557,4.183009624481201,4.458631992565589,5.709102630615234,5.654107460802585,5.299649715423584,5.528195157308454,5.686254024505615,5.697359431241982,5.856544017791748,5.928716619972493,7.443064212799072,7.217815180997653,5.208462238311768,5.477783612842778,5.140261173248291,5.188837978856963,4.5720319747924805,4.69161770084045
399,3.8858330249786377,3.4627367930450963,5.880647659301758,5.709340026136167,4.35484504699707,4.568688838101436,4.9358625411987305,4.766733430198752,5.568119525909424,5.152475031844441,6.185113906860352,6.201348361719726,5.675236701965332,5.901002992899311,5.288744926452637,5.576032735809244,5.755640506744385,5.736851250500007,7.90507173538208,7.427132958567202,5.7522406578063965,5.882778368497635,5.076944351196289,5.261554531094627,5.486698627471924,5.457142679641184
400,4.634857177734375,5.233912287691117,5.6887640953063965,5.75294716941158,5.495052337646484,5.202412373808787,5.451740741729736,5.7432745114007,2.1163175106048584,2.6468342334121635,4.139606952667236,3.7971937466683525,4.879724025726318,4.841339984899871,5.559777736663818,5.495382958781581,5.523690700531006,5.616886787581027,6.83644962310791,7.277828493581122,5.403911113739014,5.37253555005198,4.673627853393555,4.477665447007269,4.772589683532715,5.075884449871997
401,4.289231300354004,4.618237336221243,4.623969078063965,5.164251638243665,4.258480072021484,4.600447573385001,5.03345251083374,4.906318840120528,2.795792579650879,4.281674729499443,5.296301364898682,5.505209600022591,5.623981952667236,5.510070873530522,5.561157703399658,5.632817341398442,5.587286472320557,5.630684345854842,5.383425235748291,5.889999456164713,5.499710559844971,5.611553572442782,4.80464506149292,4.782110787537987,4.523925304412842,4.6066731686515885
402,3.8328311443328857,3.68689564660848,4.335458755493164,4.249179054718599,4.412631511688232,4.853704598722019,5.765294551849365,6.1040084261390595,4.325379371643066,4.639906637485179,5.040577411651611,6.075403878887456,5.55497407913208,6.107764179062608,5.57039737701416,5.581788734765881,5.868358135223389,6.024818124424964,6.287765502929688,7.256814704925092,5.781820774078369,5.822531926270107,5.431005954742432,5.556406053141859,5.597231388092041,5.56841185866373
403,3.899319887161255,3.767029758826463,4.461461067199707,4.848000272003054,5.589946269989014,5.263983610072767,5.838519096374512,5.973879855211081,3.4812123775482178,4.059147590695551,4.948983192443848,5.45214109861188,4.847517490386963,5.182718760286337,5.420548439025879,5.503653237493841,5.501951694488525,5.638742790189094,4.923732280731201,4.1512134012577295,5.128950119018555,5.203335122272361,4.886202812194824,5.0182653664384755,5.4514007568359375,5.438100980641723
404,4.196807384490967,4.740231505810383,6.078134536743164,5.976658023247846,4.219882488250732,3.9851854529864315,6.16157341003418,6.2534859191863035,2.443153381347656,3.1920327502288357,4.781161785125732,4.707392923318595,4.194149971008301,4.0726142285059135,5.316181659698486,5.63568593642492,5.716443538665772,5.864323150946968,6.23772668838501,6.709430256023188,5.044610023498535,5.223584975198842,5.321207046508789,5.295299030492357,5.517413139343262,5.511236341528718
405,6.346347332000732,5.722028888198999,4.436015605926514,4.944198863339511,4.428888320922852,4.453857575080524,6.508035659790039,6.2910769341272905,2.040851354598999,2.391266318401775,7.546984672546387,6.510721586429174,6.876683235168457,6.254244783387472,5.799755573272705,5.774937982798403,6.031073570251465,5.995893275351796,5.578670501708984,6.033296780555075,5.369450092315674,5.57049753923225,5.319435119628906,5.2735676537086125,4.154239654541016,4.341887236598802
406,5.506587028503418,5.034374991058113,4.495882987976074,4.830532092429139,4.03310489654541,3.898389074309025,5.0403828620910645,4.985032340367677,2.2177398204803467,3.79972551952064,6.64434289932251,6.022681440394822,6.142004489898682,5.794918218497368,5.582727909088135,5.5682630690897055,5.756886959075928,5.749572164966399,7.749588966369629,7.250850477013915,5.930520057678223,5.802882378929853,5.1238274574279785,5.0345118806399585,5.454827785491943,5.4291639481862255
407,4.300411701202393,4.520888938598298,6.131816387176514,5.875041035505087,3.986993312835693,3.7027602206484667,5.5231804847717285,5.74652247728791,2.266143321990967,2.840282749349292,4.606564044952393,5.070107451205221,4.599262714385986,4.920005763990465,6.012321472167969,5.883417830822737,5.912887573242188,5.896881075639556,7.43715763092041,7.042717886220012,5.467930793762207,5.700624380476548,5.029560565948486,4.9165162926287715,5.508183002471924,5.439124551502972
408,6.240303039550781,6.067143873662311,5.322302341461182,6.11611461150363,5.451431751251221,6.224885219430826,5.60344123840332,5.939622796575524,5.334213733673096,4.981719884951412,3.7267255783081055,3.791722504530099,4.966882705688477,4.878841724279145,5.79078483581543,6.003641662808703,6.062350273132324,6.158085717165404,7.397554874420166,7.223987077404422,5.460861682891846,5.677139912039631,6.314545631408691,6.564942891691995,6.064370155334473,6.072939390585076
409,4.641107559204102,5.348681973933476,5.576540470123291,5.436183062649231,5.288942813873291,5.638399895418914,4.963302612304688,4.7252937901806,3.02441954612732,3.526625345483183,4.514458179473877,5.006465326345871,5.225789546966553,5.462498530600166,5.149921894073486,5.187234510267431,5.521630764007568,5.45772280253629,4.917622089385986,4.752330230806496,5.375874042510986,5.331886339002409,4.765760898590088,4.65504597533075,5.314836502075195,5.303202819387612
410,6.986260890960693,6.102516726879123,5.44495964050293,5.481557219669966,6.025906085968018,5.83281695572077,4.79151725769043,4.978030784615729,2.244826316833496,2.7408879820854506,5.53941011428833,5.745009117858386,5.764404296875,5.752116197678698,5.231297016143799,5.200065970502057,5.263172626495361,5.293483623376021,7.386087894439697,7.0408427361210535,5.337172031402588,5.360012803857788,5.8797287940979,5.983761024498267,5.475497722625732,5.452659972924332
411,4.401761531829834,4.477545607531531,4.797924518585205,4.9305899959217925,3.9859402179718018,3.78238955529726,5.483858108520508,5.522119134561735,5.378511905670166,4.933521438011965,6.016917705535889,5.796464394035156,5.519956111907959,5.516644912694669,4.977712154388428,4.947681618976356,5.664454936981201,5.718172329673555,5.792605400085449,6.084712803267421,5.319760799407959,5.43238886349198,5.01306676864624,5.039637832574369,5.4793009757995605,5.417773477659027
412,3.6853535175323486,3.871345562922581,6.115226268768311,6.220924498790496,5.444297790527344,5.700433097692091,5.728703498840332,6.059699424377382,5.671219825744629,5.491456226842448,5.350162029266357,6.206928179888284,5.759592533111572,5.930081453058519,5.075437068939209,5.225409652585886,5.978885173797607,6.024733801480859,7.644976615905762,7.287772176621112,5.860694408416748,5.815131649143454,6.242676734924316,6.101662182361414,5.435529708862305,5.585238237970825
413,4.848710060119629,4.42430390824369,6.243555545806885,5.959894733008689,4.42287540435791,4.809422962153987,6.365662574768066,6.186591705716033,5.072231769561768,4.424597662601329,4.650565147399902,4.6760792705764205,4.199918270111084,4.063618507816855,5.398497104644775,5.497897354921767,5.96794319152832,5.939956171281572,7.088466167449951,6.835856111933284,5.549116134643555,5.629663502243608,5.3948187828063965,5.45456615969016,4.458199501037598,4.261879590461606
414,5.222966194152832,5.052528847376726,5.686601638793945,5.59440428742344,6.295381546020508,5.832293454994384,5.278220176696777,5.278233251693238,1.9096063375473025,0.7501827211507301,4.413527011871338,4.37544090116008,4.218000888824463,4.020976861170365,5.42918062210083,5.461590861651511,5.326428890228272,5.286901918981927,5.377546310424805,5.833739069327852,5.287432670593262,5.295414622950542,6.14227294921875,5.9651421055373275,5.606492042541504,5.444605428677928
415,5.318968772888184,5.9786343177959775,4.507190704345703,4.982083602803378,5.479909420013428,5.397197710900673,4.781275749206543,5.003396198582256,2.1662721633911133,3.3116710536777028,5.339566707611084,6.143262667863533,5.228296279907227,5.8610734739392285,4.8837080001831055,4.939295843313908,5.354743957519531,5.503376901406063,5.954492092132568,7.021113742427161,5.455203056335449,5.479498188498259,5.926078796386719,5.799313420670894,5.286622047424316,5.4167372550590835
416,4.469718933105469,4.922782383249183,5.861780643463135,5.593114764847677,6.012916088104248,5.581359355102093,4.936502456665039,4.770830069308443,3.286349058151245,4.45858825505167,4.168359756469727,4.030287413475926,5.052253723144531,5.0083164283792945,5.765276908874512,5.611891089160577,5.650725364685059,5.604120168170129,5.197297096252441,5.5255516938303195,5.637674331665039,5.546536860672319,6.190370559692383,6.024480411551878,5.735105037689209,5.6086878466466175
417,4.082001686096191,4.2645978784526415,5.323818683624268,5.853638310075399,5.540677547454834,5.6163461575653955,6.308666706085205,6.242129438590116,2.0547196865081787,1.9722477356248376,4.395407676696777,4.484880254883833,4.121030807495117,3.838695071313243,5.548937797546387,5.764148824842362,5.800679683685303,5.859185777741065,5.055828094482422,5.073844355788558,5.481340408325195,5.390573124323046,5.335495471954346,5.633964316119381,5.5084228515625,5.566681165138245
418,3.665641069412232,4.126903016586187,6.092653751373291,6.19579344768268,6.259844779968262,5.848065047013527,6.269684314727783,6.2076262988127,5.62197208404541,5.323644503614682,6.146503925323486,6.55613231522398,5.623762130737305,6.132990886697521,5.254085540771484,5.5891786503106236,5.859059810638428,6.030575294575101,7.83451509475708,7.571370348640044,5.70969820022583,5.840827290800943,6.496867656707764,6.110422643821614,5.800047397613525,5.630916019793824
419,4.949895858764648,4.713238841687179,4.716553211212158,5.092810396771734,4.542078971862793,4.798923634783309,6.281405448913574,6.39805359783344,2.3596279621124268,2.9209464878799407,4.2162699699401855,4.123802653343687,4.157595157623291,3.8735401745507247,5.27760648727417,5.455771016201154,5.787924766540527,5.831434343293285,5.569899559020996,5.927096415751319,4.838190078735352,4.7929470316115985,5.515784740447998,5.712143685982028,5.578190803527832,5.704129540720442
420,5.933719158172607,6.290618876751054,5.207188606262207,5.615013994121675,5.056521892547607,6.153412927452488,5.941254615783691,6.054453763418204,2.055948495864868,2.785298581708693,3.950963020324707,3.5654005988228006,4.938376903533936,4.8188098454356885,5.402839183807373,5.630776441349059,5.424910068511963,5.520956238469286,6.028848171234131,6.411653917933267,4.841997623443604,4.819008334013828,5.405794620513916,5.966429617554656,5.188845157623291,5.572650107252035
421,3.856677770614624,3.5687561762054636,6.401585102081299,5.9911428152094945,5.386610507965088,5.139447717127628,5.996656894683838,6.279726257889186,5.454947471618652,4.513648111366966,4.604061603546143,4.9322534910957705,4.695160865783691,4.871137769877388,6.312888145446777,6.016826757604475,6.07061767578125,6.0735584294417535,6.26305627822876,6.838061757688386,5.864835262298584,5.707846619288329,4.549074172973633,4.447025758833821,4.9667158126831055,5.175868864409931
422,4.493218898773193,4.887686078746445,4.394268035888672,4.45043343821798,6.114992618560791,5.963075427474067,5.824385643005371,5.840704607564128,2.56801700592041,3.7517364193956704,4.612361907958984,4.365363993849752,4.499506950378418,4.395984534696505,4.800240516662598,4.888800126631085,5.663136959075928,5.704596683188694,5.277926921844482,5.537757577418499,5.426973819732666,5.372245915093293,5.993569850921631,5.770011396610254,4.824855327606201,4.860438472653245
423,5.907586574554443,5.846234167051423,4.914586544036865,5.2026661418026,4.771795272827148,5.29872716179042,6.588400840759277,6.433535175355606,5.385447502136231,5.45430088539766,3.793777942657471,3.6246255571036774,5.015642166137695,4.780945405498995,5.983959674835205,5.931145967621856,6.19908332824707,6.166767693062272,7.323113918304443,6.687710198530359,5.818861961364746,5.750114404658739,5.859735488891602,6.185174310082177,5.964645385742188,5.895414832596337
424,4.495658874511719,4.933503193616857,5.967477798461914,5.7006276964117735,4.755148410797119,5.098576671540239,5.688938617706299,5.769482444854748,2.0322201251983643,1.6602426187176738,4.667466640472412,4.909243198812767,4.841166973114014,4.9303972148730315,5.716617107391357,5.756157017800133,5.614279747009277,5.680503023258714,5.385120868682861,5.910687452819381,5.579790115356445,5.562184074024731,4.6818952560424805,4.648925497575922,4.262811183929443,4.024487799401338
425,4.398210525512695,4.886794448976266,4.782915592193604,4.897349623204098,5.810553073883057,5.561976952388366,6.155989646911621,6.095519674125974,2.501916646957397,3.8352722398235803,3.9631097316741934,3.7312944685063774,4.463217735290527,4.417392771537628,5.223578929901123,5.230457143591279,5.654775142669678,5.718970931131919,5.260478496551514,5.303958871225945,5.2553887367248535,5.416754042648632,6.22883415222168,6.113989705738096,5.236502647399902,5.531623609250353
426,4.942922115325928,4.721437009407818,5.705700397491455,5.637115775992841,4.013508319854736,3.6091403909419566,4.980464458465576,4.768200139337305,2.11085057258606,2.9446436822199447,5.609896659851074,6.045487514106165,5.861208438873291,5.924984169902685,5.901319980621338,5.605442233648323,5.690310955047607,5.708385848430932,6.13833475112915,7.276075094535912,5.957354545593262,5.8370155850633605,5.080233573913574,5.032275131494031,5.219090461730957,5.408582499152026
427,5.261141777038574,5.061461356022075,4.745338439941406,5.063593200616206,3.939899444580078,3.9232188556314345,6.257105350494385,6.15220660498292,2.24314546585083,2.394434800556547,6.669626712799072,6.081325033679866,6.008545398712158,5.751938006715016,5.19382905960083,5.291088302243805,5.85286808013916,5.798170467410733,6.579544544219971,6.581693464460252,5.028560161590576,4.921626275966457,5.065147399902344,5.0182644308174975,5.507621765136719,5.446286223001282
428,5.626219272613525,6.26517408948826,4.235223770141602,4.299009243845132,4.537117004394531,5.118641005364702,5.344070911407471,5.57178024746496,2.165969133377075,2.7258247125125283,5.821221828460693,5.801900221048464,5.242068767547607,5.51004112809968,5.467135429382324,5.370824969685512,5.57191801071167,5.687642226378872,6.181768894195557,6.915235791178117,5.064623355865479,5.04728427379442,5.33130407333374,5.3035423078876125,4.262725353240967,4.060151532401377
429,6.94798469543457,6.336456892316515,4.08446216583252,3.7448418887354857,7.050154685974121,6.019905397484523,6.57780647277832,6.38382693940829,5.640525341033936,5.765017353327111,4.0767927169799805,4.026676156854107,5.238319396972656,5.2309048817377315,5.73887300491333,5.611499956649461,6.15858268737793,6.035927196226349,7.554361343383789,7.388573382343575,5.806443214416504,5.737222657156872,7.040665626525879,6.361448681218725,6.1071367263793945,5.668008292384814
430,5.041747093200684,4.725329841855098,5.565832614898682,5.702737410227615,4.70695161819458,4.875697335251377,5.527244567871094,5.694627651420299,4.928049087524414,4.216942547623572,4.58638858795166,4.713471124021111,4.208943843841553,4.0326583737037165,5.821796894073486,5.77565049211083,5.698617458343506,5.7024833164543445,5.167253494262695,5.007957072444431,5.554545879364014,5.414089871956292,4.768353462219238,4.737130818353945,4.532474994659424,4.489348590310797
431,4.364801406860352,4.79468008749618,5.99787712097168,6.2467433721159304,4.204079627990723,4.348668514987051,5.737418174743652,5.92680948035792,2.599745512008667,4.454549370159022,5.211972713470459,5.1246104534045,4.383703708648682,4.434929316418924,6.073709487915039,5.959796399324266,5.843025207519531,5.8879287604215,4.756647109985352,5.256850232136215,5.371259689331055,5.448054739433422,4.62899112701416,4.321095186303661,5.404289245605469,5.321442353656016
432,6.998869895935059,6.177159076544217,5.176718711853027,5.2684596197614155,6.476058006286621,6.134029303746613,5.6456828117370605,5.661418720326614,2.0012528896331787,2.202304381216947,6.278384685516357,5.998062924791839,5.985635757446289,5.735242883309765,5.213203430175781,5.259288846095107,5.098790645599365,5.18842733088544,5.331248760223389,5.755630200698132,5.204738616943359,5.255146368700056,5.819367408752441,5.703374595797254,5.073655128479004,5.177443193224008
433,4.011447429656982,4.143654803412115,4.574044704437256,4.901684524447529,5.513064861297607,5.075428251160416,5.963185787200928,5.950110716375963,5.529353141784668,4.951911923996567,4.995176315307617,5.5435943687723865,5.449742317199707,5.67477452055597,5.274106502532959,5.386803443216217,5.517186164855957,5.619602611001777,6.463050365447998,6.7029820912270806,5.502408981323242,5.422814943203144,4.568106174468994,4.3848461587019285,5.238303184509277,5.1843297407843645
434,3.921776294708252,3.485039543235104,4.851618766784668,5.553603461847605,4.903517723083496,4.91291544861424,6.082503318786621,6.239722938395474,2.2904367446899414,3.2372520374712996,4.497546672821045,4.725735300706155,4.752224445343018,4.856497599898017,5.030079364776611,5.056142580777421,5.76362419128418,5.858583028481508,5.276257038116455,5.273825612880045,5.233946800231934,5.3593605258536074,4.8485941886901855,4.760534974543495,5.423151969909668,5.302853802118089
435,5.800971984863281,5.884387830021877,6.672493934631348,6.429070502357951,3.839930534362793,4.755759939714964,6.5865397453308105,6.457634024183423,5.815310001373291,4.782634370197468,8.275137901306152,7.538766052695655,7.356931209564209,6.890933509246261,6.179332733154297,6.152180031001098,6.410546779632568,6.20938159352502,8.495198249816895,8.190833923181286,6.340561866760254,6.121297600013995,4.968907356262207,5.078411829651339,5.60162878036499,5.535966572890214
436,6.583149433135986,6.264441735832378,4.347465515136719,4.805537574718518,4.941177845001221,5.523778230764989,4.766026020050049,5.091240031438596,5.852208137512207,5.13764571471526,7.22591495513916,6.226796927448064,6.798583030700684,6.080146101347502,4.877891540527344,4.887457155557733,5.632714748382568,5.62699205043493,8.00729751586914,7.515303410346608,5.772973537445068,5.599330000661979,5.792938709259033,5.831154104356996,5.585450172424316,5.539968775689217
437,3.888458490371704,3.545782845502039,5.171818733215332,5.273347107816338,4.5583815574646,4.55668533777953,5.652670383453369,5.773726223498175,4.002662181854248,4.3641001019896475,4.154731273651123,3.774230164742582,5.039878845214844,4.909518288066402,5.277353286743164,5.421699511687322,5.995447635650635,5.962659184077567,7.125418663024902,6.857247349108039,5.745564937591553,5.732392276963485,5.649895668029785,5.650009672493584,5.718545913696289,5.598068183384618
438,4.113150596618652,4.0491057832072315,5.312324523925781,5.441950136418106,4.663310050964356,4.929358499080052,6.16813850402832,6.008795679213245,1.920968770980835,1.4286693823745282,4.139989376068115,4.109765062131187,4.976232051849365,4.89822930116607,5.675570011138916,5.6020423199941725,5.660961627960205,5.711620548034946,5.106928825378418,4.7352473891764015,5.123427391052246,5.127478210049621,5.465445518493652,5.6728424654554015,5.529974937438965,5.426058237826048
439,5.306111812591553,5.154784154099657,4.42251443862915,4.548690860800174,5.990163326263428,6.226338089756709,5.680471897125244,5.801521115529417,1.9334782361984253,1.9605235465856508,4.094286918640137,4.215083279033293,5.022796630859375,4.976023563400544,5.014059543609619,5.00387769704194,5.628658294677734,5.634076897925683,7.238528251647949,6.781486049657445,5.299432277679443,5.21379858393306,5.691247463226318,5.8316371773617375,5.704258918762207,5.612133999332715
440,4.612732410430908,4.541464807323106,5.006150245666504,5.905626398795856,4.207955837249756,4.136217372132536,6.345605373382568,6.248388167965323,1.9945387840271,2.197452044668149,4.888962745666504,4.882719040353434,4.351675033569336,4.331579985406616,5.927206516265869,5.961744773483547,5.980244159698486,5.979116372659986,7.339488506317139,7.304190820225429,5.634166240692139,5.544709710773401,4.838749408721924,4.6668645790648675,4.376492023468018,4.2221465340383775
441,4.646247386932373,5.532473968735081,5.609516620635986,5.41985914165521,5.772938251495361,5.633870092412276,4.8508501052856445,4.776323340069516,5.712298393249512,3.86585853195282,5.682497501373291,5.746475748969385,5.752960205078125,5.751948831346664,5.115424156188965,5.082435852044393,5.329930305480957,5.3056077912503685,5.07405948638916,4.8084918350447845,5.274806976318359,5.263240429845395,4.723210334777832,4.673240548316527,5.389644622802734,5.274647958154525
442,5.112617015838623,5.113085799049743,5.000236988067627,5.175131061954238,4.14233922958374,4.461320114105323,5.124039173126221,5.170196268984394,2.0412256717681885,2.173990953435197,6.045031547546387,5.860709394063999,5.39846658706665,5.4954476858407935,5.64506196975708,5.54082875455846,5.680864334106445,5.71654976058451,5.914718627929688,6.662375225760547,5.15390682220459,5.345702196732798,4.498696804046631,4.595057811564597,4.586608409881592,4.69856814810361
443,4.110231876373291,4.559346303962474,4.232210159301758,3.8981644971632643,4.8323493003845215,5.132427703968698,5.727710247039795,5.735953104226191,5.396133899688721,4.231874410104534,5.394773960113525,5.352919152111156,4.70098876953125,4.870953374147244,5.301606178283691,5.249592145741089,5.38071346282959,5.368905805698075,5.7434844970703125,6.5011278418604315,4.770346641540527,4.66960078713787,5.510488033294678,5.5637278227187394,4.613115310668945,4.623079216658544
444,5.64333963394165,6.020412752873888,5.1033806800842285,5.2952313195095595,6.275296688079834,6.332305879985042,5.596747398376465,5.7119257663924605,5.644503116607666,5.041814847107014,6.631275653839111,6.287008202517934,6.01814079284668,5.8896074919748,5.172857761383057,5.25934060367814,5.12042760848999,5.300633962346403,7.311055183410644,7.287955629240561,5.176417350769043,5.253638758627866,5.799112319946289,5.77301536484227,5.375274658203125,5.300423068072679
445,4.892921447753906,5.228199921864498,4.199955463409424,4.187314444396905,5.6462225914001465,5.369886293758665,6.145896911621094,6.1964833375946204,1.8706234693527224,1.5279215393873482,4.486689567565918,4.500293677586764,4.910102844238281,4.897024703677134,5.51133918762207,5.555288364474787,5.61897087097168,5.724401842165006,5.484919548034668,5.931694835978609,5.245795249938965,5.397408993966269,5.91038703918457,5.689779604446435,4.543788433074951,4.5592748773000125
446,4.067515850067139,4.312940895515764,4.132992267608643,3.763012244924821,6.312550067901611,6.166848144137973,5.214938163757324,5.279082711890691,1.9270250797271729,1.2641569607366772,6.954474449157715,6.345119827384075,6.418799877166748,6.171201253746922,5.46959400177002,5.443496061047314,5.730238914489746,5.711017868355572,6.039298057556152,6.537326643741514,5.189655780792236,5.340378473833806,6.279129981994629,6.038414242937075,5.492339134216309,5.614655312174137
447,6.73659610748291,6.666928868335638,5.128331661224365,5.28596342670712,4.947035789489746,5.361714010812101,5.770112037658691,5.829791143087713,3.9287359714508057,3.8839973884426553,4.737759590148926,5.069769563760399,5.400656223297119,5.504709400788947,5.4535651206970215,5.551646841526641,5.387251853942871,5.410478866948035,6.591578960418701,6.476210800654171,5.425288200378418,5.490380737951896,4.46330451965332,4.512749270578498,4.593857765197754,4.6539015830095085
448,5.6072998046875,5.887107827630701,4.329135894775391,4.392917695058323,4.883429527282715,5.215765330222667,5.046178340911865,4.97851795375744,2.0234298706054688,1.9298318285762612,5.772294998168945,5.5441635362716015,5.210831165313721,5.4217611034539885,5.336911678314209,5.354916238016193,5.428135395050049,5.429258251551283,7.445510864257812,7.282541090835887,5.46649694442749,5.317992927580888,4.721635818481445,4.54005271725876,4.557698726654053,4.678875499442195
449,5.782568454742432,5.640473512580082,5.616300106048584,5.525142955286823,4.1830573081970215,4.650852884433388,5.252102375030518,5.313419801001316,5.502833366394043,5.340955625837815,4.641533851623535,5.408783075044587,5.292159080505371,5.499529298874623,5.355354309082031,5.443570277589706,5.296535491943359,5.290373805387253,6.102347373962402,6.90133397355681,5.2729010581970215,5.334612111149246,4.61761999130249,4.493374307650349,5.308640003204346,5.1464603282943235
450,5.197357177734375,5.608907537508463,6.341883182525635,6.067247874880822,6.584165573120117,6.118696309169575,5.618814945220947,5.794758886082557,5.188608169555664,5.159237535391681,3.736741304397583,3.822941210369419,4.452186107635498,4.613479627094898,6.098877429962158,5.927766463744918,6.063680171966553,6.0445866362416005,7.332191467285156,7.278829520792051,5.728965759277344,5.696777031032609,6.657983303070068,6.457252162696331,6.108801364898682,6.100693206394948
451,4.349031925201416,4.828852121157494,6.507342338562012,5.712206030152553,5.742165565490723,5.2567767396547795,6.494049549102783,6.478441755075744,1.9521421194076536,1.6448432205999735,3.961137533187866,3.6816572566674295,4.806986808776856,4.906995909718368,6.242775917053223,6.067518685230978,6.273590087890625,6.145637285516669,6.7054443359375,6.753729439093264,5.623368263244629,5.679242784209992,5.8371195793151855,5.799717478628137,4.482755184173584,4.331925101767815
452,3.954290628433228,3.822647203097978,4.881842136383057,5.578172607534641,4.047090530395508,3.7989557558082083,6.285062313079834,6.287808434357437,1.912229895591736,0.6807857005773714,7.256685733795166,6.841729191511617,6.815146446228027,6.513969639788861,6.112508296966553,5.998416728681934,6.267984390258789,6.246835420261496,8.077376365661621,7.56950042241022,6.180108547210693,6.022427628706504,5.132742404937744,5.038461941429712,5.573215961456299,5.429126368511649
453,6.59527063369751,6.2590950624191715,4.748709678649902,5.216700783997978,6.595398426055908,6.53439859225727,5.254741191864014,5.4192449201949975,5.387916088104248,4.061205855929106,3.864640951156616,3.7830317852310618,4.982828140258789,5.027003763995161,5.502986907958984,5.823686071773741,5.728396892547607,5.881055586675345,6.191890716552734,6.854103402478772,4.9524126052856445,4.962139771618985,6.401106357574463,6.639970983906181,5.361879825592041,5.651376761516033
454,6.032599925994873,6.092564912410767,4.640280246734619,4.657517358758944,4.7777628898620605,4.701137882730743,5.99724817276001,5.801602412338884,3.2062413692474365,3.2244952945835874,4.193691730499268,4.217867436875938,4.975154876708984,4.965582932150084,5.517831802368164,5.422672979673581,5.504434585571289,5.506089520841368,5.372091770172119,5.145997113004309,5.229854583740234,5.304810680946192,4.6390228271484375,4.543945636080465,5.308143138885498,5.270001215727604
455,5.832964897155762,6.107030899147369,4.1548357009887695,4.019166609441644,4.993048667907715,5.3056870838274275,6.249515056610107,6.017287533759466,2.245844602584839,2.4659543510158977,4.844484329223633,5.054762944017007,5.09686803817749,5.339312511364042,4.70815372467041,4.9146520615324105,5.883111476898193,5.793095256715114,7.567958831787109,7.431059598144635,5.0753936767578125,5.141086206936405,5.992115497589111,5.966016570553818,5.787426471710205,5.710216443574666
456,6.070656776428223,6.1165785108340796,3.978206634521485,3.5482679482752046,4.302952766418457,4.712696176615729,6.108303070068359,6.177985065207103,3.9603288173675537,4.485871709095555,7.304154396057129,6.73729044927956,6.724170207977295,6.36934111662565,5.487372875213623,5.428930812269407,5.644515037536621,5.758999751558367,5.777092933654785,6.64021869372973,5.652141571044922,5.590681504846066,5.34791374206543,5.49354346225394,4.953810691833496,5.118984182388715
457,3.815529108047485,3.656147471529428,5.429760456085205,5.5503376746609,4.109123229980469,4.135483837578274,6.176830768585205,6.183397617156506,5.379638671875,5.784578045352324,6.066825866699219,5.43523173482388,6.048325061798096,5.503470777346079,5.404883861541748,5.64946199301626,5.751405715942383,5.907293570130198,6.46125602722168,6.912772752194859,5.58897590637207,5.701476763647342,4.910610675811768,4.9191375912348585,5.285627841949463,5.396023097574297
458,6.265764236450195,5.9549209356022486,4.553928375244141,4.91269942576749,5.385609149932861,5.897986615413811,6.02976655960083,6.390142303263034,5.507327556610107,5.315442900916294,3.8188939094543457,3.5082555075753974,4.976113319396973,4.7845397624062,5.722446918487549,5.793981492190041,5.849402904510498,6.056729308628186,5.604549407958984,6.289470783517287,5.627470016479492,5.655799883372856,6.178955554962158,6.384411957725788,5.388075828552246,5.77010125205424
459,4.887962341308594,5.257985999215629,4.829727649688721,4.901736768124417,4.254770755767822,4.406640492977073,5.566000461578369,5.4375219306648885,4.2292327880859375,4.830639829678749,6.18474006652832,6.042507124558969,5.838155269622803,5.595082474576815,4.7859086990356445,4.510036267391736,5.268774509429932,5.061095751521209,7.357034683227539,6.7254083765493125,4.9603190422058105,4.933947260118641,5.242706298828125,5.2427332794686246,5.350817680358887,5.284894868981636
460,5.369075298309326,5.890850113918965,5.005438804626465,5.1588655596341315,6.175848484039307,6.112694222975767,5.124509811401367,5.3282406799445114,4.106558322906494,4.5761396389128945,6.441728591918945,6.185826665517459,5.971763610839844,5.8239352854665665,5.180827617645264,5.194431421916433,5.142205715179443,5.180219946678277,7.274403095245361,7.169708420313275,5.205584526062012,5.196563639526974,5.710737228393555,5.7300263654203745,4.795752048492432,5.016588580508919
461,4.256266117095947,4.504270932653445,5.407951354980469,5.201088960315029,5.910158157348633,5.777850144268279,5.732260704040527,5.542161411395069,4.157074928283691,4.941288780401442,4.331719398498535,4.555584138990379,5.040685653686523,5.055495259250296,5.124053001403809,5.081738799935968,5.284790992736816,5.120630889724605,7.29680871963501,6.954282608414202,5.267833709716797,5.132148979695306,5.760101318359375,5.737305576602933,5.401036739349365,5.356668014834854
462,5.732804298400879,5.8496835425592035,4.105599880218506,3.980992042998469,4.60750150680542,5.027582360193716,5.552296161651611,5.677358923669368,2.44948410987854,3.2238164741905666,6.158680438995361,5.854369092804348,6.044579982757568,5.755658288455684,4.80322790145874,4.698391930231334,5.427704811096191,5.520900031639203,5.451014995574951,5.485125021015387,5.135637283325195,5.276508031643047,5.293679237365723,5.393973590318111,5.559724807739258,5.586963573705265
463,5.086912155151367,5.058205551070705,6.213994026184082,5.711044235846388,4.605612754821777,5.287144574573692,6.203928470611572,6.038536063779472,5.1114606857299805,4.867081541999427,5.180278301239014,4.857243186825349,4.247862339019775,4.031241061497266,5.920554161071777,5.719708402880747,5.800387382507324,5.769975414094592,7.304583549499512,7.03629948628518,5.598286151885986,5.458367880801724,4.454410076141357,4.525047083032681,4.934688091278076,5.0633554059584975
464,4.189034938812256,4.318586930855475,6.110116958618164,5.724099947385437,3.995311737060547,4.036482080230127,5.89476203918457,6.002316291993685,5.378580093383789,4.485380159749232,4.743282794952393,5.402958213976048,5.300909996032715,5.602518404465366,5.86265754699707,5.861164441751517,5.738576412200928,5.857745550504744,6.819346904754639,6.690520799193214,5.551863193511963,5.734498463155157,5.022156715393066,5.083859570575062,5.48981237411499,5.374743659699921
465,6.535306930541992,6.376769811013362,6.696597576141357,6.54979852705407,7.1350297927856445,6.425861662944584,6.910853862762451,6.666961820013635,5.370954513549805,5.107707559774205,3.687921762466431,4.276262866348257,4.983170509338379,5.099061897242615,6.233344554901123,6.12084746525757,6.380162715911865,6.355781692854916,7.389928340911865,7.19942096470517,5.844550609588623,5.820220731791462,7.443771839141846,6.66272155618643,6.591736316680908,6.187131906151668
466,4.002506256103516,3.9011084179145157,4.288987159729004,4.427010022039066,4.814638614654541,5.031597385318368,6.451815128326416,6.2994880055423375,1.9306299686431885,0.7490717280776091,4.77829122543335,5.201345879918478,4.885862350463867,5.277009822826817,5.790686130523682,5.702318799077282,6.027515888214111,5.970286246562224,6.050642967224121,6.759577362080215,5.760786056518555,5.638210826592614,5.647247314453125,5.590355116838341,4.457949638366699,4.3250172804619
467,4.9350128173828125,5.654972842983324,3.986933469772339,3.8733515502623588,6.24171781539917,6.340447790977059,5.696924209594727,5.833138731960045,1.9275133609771729,2.152416383426151,6.294578552246094,5.79816709507747,5.983438491821289,5.724286671558947,4.929960250854492,4.951920895507237,5.772108554840088,5.794831033706088,5.598513603210449,5.9703242082380745,5.1700439453125,5.211705296172602,5.584389686584473,5.829088928336797,5.734212398529053,5.772717346408993
468,4.904253959655762,5.261421342640251,6.28438138961792,5.862677471657036,6.818355560302734,5.965992282360672,5.42385721206665,5.237452177992958,5.306197166442871,5.062405184212685,4.013052940368652,3.612122817479103,4.503335952758789,4.420577611339752,6.193831443786621,5.845568475563864,6.023817539215088,5.880253559852151,7.807405948638916,7.27305314865954,5.684819221496582,5.661426219118103,6.787547588348389,6.384222832686582,6.125359535217285,6.0081096291981115
469,3.821445941925049,3.3086231875479113,4.784838676452637,5.112815288183879,5.947858810424805,5.431338095252474,6.054779052734375,6.110333710316576,2.702115058898926,4.01935871068122,4.431759357452393,4.582968749656947,4.966282844543457,5.1738555144103415,5.72496223449707,5.755574115837636,5.718807220458984,5.893291257074978,5.901360988616943,6.463582734459697,5.620977878570557,5.690439871969984,5.924731731414795,5.760159741920581,4.57034158706665,4.541361589593027
470,3.950657367706299,3.765808708266177,4.824036121368408,5.32334822879508,4.589230060577393,4.8056838686272405,6.334172248840332,6.174976315756403,4.539058208465576,4.744662314727074,5.05405330657959,5.329484978563775,4.768784999847412,5.029044405752232,4.7996368408203125,4.584003801357015,5.919779300689697,5.777800467640832,5.429555416107178,6.0186906696081035,5.34654712677002,5.450849977342384,4.996601104736328,5.091503895553669,5.516287803649902,5.320547299576752
471,4.541354656219482,5.482384180629072,4.087581157684326,3.616174488081807,5.54692268371582,5.720623982037935,5.860666275024414,6.100672225541217,5.359763145446777,4.849233593252142,4.340141296386719,4.535455603169228,4.717194557189941,4.9253359570230115,5.3252854347229,5.390756183396723,5.782476902008057,5.845512912191682,5.844870090484619,6.48361674360521,5.12675666809082,5.251834334210949,5.534567356109619,5.899772724877312,4.772029399871826,4.9725373759928635
472,5.87486457824707,5.780232142320365,5.489416599273682,5.181433126618594,5.927030563354492,5.427027493843223,5.216517448425293,5.389024646158765,2.195587396621704,2.377451713371345,7.026896953582764,6.485903379624347,6.401721000671387,6.055458549634432,4.732054710388184,4.942994294010282,5.372062206268311,5.410118888963604,7.451639175415039,7.003944453610203,5.11536169052124,5.177446086235775,5.824573993682861,5.797380692579253,5.650928020477295,5.473776720571141
473,5.051814556121826,5.2829564956388255,4.527820110321045,5.026769390394303,4.058934688568115,4.1391260187244825,5.417558670043945,5.696052586235897,5.796866416931152,4.963032870084161,6.337335109710693,6.499485046723819,6.2695183753967285,6.216839125371795,5.595459938049316,5.691437307427756,5.870684623718262,5.909259999340918,7.574590682983398,7.466565566473694,5.238816261291504,5.432544082828508,4.496314525604248,4.502420548399476,4.645666122436523,4.7963960393362735
474,4.201425075531006,4.589194715509058,5.22691535949707,5.207906969561259,5.774718284606934,5.6251574800417385,5.086131095886231,5.080001293072594,5.420075416564941,4.715220482452811,6.410722732543945,5.93372903722662,5.917154788970947,5.62589020581497,5.152381420135498,5.152880242630452,5.179822444915772,5.1041921815520634,6.4764556884765625,6.7283192686203135,5.1627197265625,5.088055689690586,5.654714107513428,5.713480190095854,5.376471042633057,5.288873641955957
475,3.9583117961883545,3.7841665569569316,4.846047878265381,5.2006225749193575,6.051933288574219,5.616624328075928,5.588679790496826,5.690802707456763,1.9934861660003664,1.364668632691635,6.042580604553223,5.9931151533544265,5.642630577087402,5.628053591923702,5.19951057434082,5.2377864163837105,5.292444229125977,5.232094077294496,5.022175312042236,5.023395150921003,5.229632377624512,5.22881340848664,5.962066650390625,5.80597019212651,5.08755350112915,5.175322430049273
476,4.970915794372559,4.679732932404952,6.057160377502441,6.003817591945232,4.292214393615723,4.422453363160729,5.56614875793457,5.84409857558119,5.086600303649902,4.82786808010833,5.03098201751709,4.713224486691704,4.191709041595459,3.8872282074399696,5.03373908996582,5.259914863358631,5.794203281402588,5.790165525266735,7.235206604003906,7.015105365769008,5.469729900360107,5.427183118806043,4.718608379364014,4.515152509518929,5.47581672668457,5.268320607509656
477,3.938660144805908,3.8292875704692455,4.828697681427002,5.186305728785606,4.516269207000732,4.474632213372442,5.976233005523682,6.0094993235905525,2.704274177551269,3.947816344247019,4.28218412399292,4.097722359437729,5.037449836730957,4.714053379607803,5.469257831573486,5.571984137981252,5.634452819824219,5.696318074379017,5.443048000335693,5.541065944908079,4.855469703674316,4.822023695938346,5.190944671630859,5.340533536704804,5.05762243270874,5.2585101509223
478,4.205249309539795,4.5309750940074665,5.919673442840576,5.8117499334328455,4.870547294616699,4.949143203652431,5.017243385314941,4.912676812540266,2.0108838081359863,2.1100504842011785,4.52745246887207,4.651667167958543,4.564979076385498,4.548055025188006,5.817137718200684,5.709404902988279,5.672253131866455,5.627454413346909,7.270777225494385,7.064185581578105,5.502569675445557,5.376031069209537,5.505107402801514,5.46548663591331,4.573865413665772,4.459730589237386
479,4.072547435760498,3.693783110255618,5.50978946685791,5.329404792028831,4.494575023651123,4.890236941672422,6.036932945251465,6.036966921926308,2.0628552436828613,1.964992857115377,4.805734634399414,4.435548563476243,4.179291725158691,3.883947992126181,5.265263557434082,5.407503107042173,5.621752738952637,5.682126080143315,7.153934001922607,6.607262860722872,5.152983665466309,5.126504713070956,5.043935298919678,4.860356865342268,5.490246295928955,5.449513801268971
480,3.6600377559661865,4.159612865024746,6.757553577423096,6.436833647533907,5.477313041687012,5.589561992352472,6.830060958862305,6.460835560008146,5.784328460693359,5.7150253375363524,7.490915298461914,6.459886264357353,6.68355131149292,6.1336782001707135,6.521080017089844,6.20018653848373,6.458038330078125,6.298495412258475,8.283133506774902,7.546437975961849,5.623854637145996,5.882466381181506,4.969480514526367,5.28024730589327,5.679390907287598,5.551162519375341
481,4.044738292694092,4.071226420420552,6.329199314117432,6.0574378336240216,5.485617637634277,5.22679378150188,6.584392070770264,6.482687696203353,5.706451416015625,5.3792789130504755,5.332832336425781,5.278633676542149,5.396079063415527,5.26168445576044,6.500153064727783,6.304233103492313,6.303020000457764,6.127165208997413,8.102362632751465,7.166751379980693,6.106468200683594,5.870273993389255,4.505738258361816,4.616999431649604,4.289515972137451,4.180442916077825
482,5.139723300933838,5.357087072529008,6.368029594421387,5.979950315395095,3.9849369525909424,3.8684090010969614,6.400641918182373,6.135676466293661,5.251541614532471,5.503833968473649,5.514607906341553,6.1485028411524265,4.678421497344971,5.52933947731671,5.904426097869873,5.810927534104116,5.996901035308838,5.987214450797046,7.33901834487915,7.485350911533843,4.995110511779785,4.975705439580432,4.488178730010986,4.471122394189135,5.125194549560547,5.193658130301945
483,5.373537540435791,5.336113246123817,5.715795993804932,5.6353458393202756,6.179722785949707,5.64392048052472,5.55467414855957,5.815798749142697,2.593994140625,4.67946491626504,5.24627685546875,5.862903385567364,4.536092281341553,5.148727666717984,4.894637584686279,4.824273084657284,5.718686580657959,5.773728964370624,5.649146556854248,6.74315581216232,5.171841144561768,5.302015290676494,5.553464412689209,5.460319355003865,4.18707799911499,4.105446743979709
484,3.82900071144104,4.019096782167786,5.681763648986816,5.348901660099005,5.800894737243652,5.649187474240434,5.090254306793213,5.0440960247761675,5.686020374298096,5.630881220610145,6.096860408782959,6.656929506554526,5.526044845581055,5.955706566230071,5.048929691314697,4.999684038759278,5.536782741546631,5.535318525716334,7.442521572113037,7.396396493885998,4.823975563049316,4.892064080633676,5.486518859863281,5.475096007421632,4.873215675354004,4.840460626172919
485,4.763914585113525,5.545491601259754,5.43760871887207,5.607493605763748,5.825754642486572,5.708189060318581,5.928656101226807,5.93284314541652,2.008453369140625,1.584830142834053,4.13001012802124,4.277237132390409,4.810462474822998,5.016608640498681,4.869993686676025,4.691322758479037,5.517627239227295,5.563492616010725,7.379522323608398,6.858950786494231,5.130301475524902,5.2284914722394245,5.043447971343994,5.233313751195319,5.045987606048584,5.283851669994416
486,5.875107765197754,5.481846249571345,5.763558387756348,5.681553874746295,4.416950702667236,4.863757516370801,5.865790367126465,6.0424531840835085,1.8533339500427248,2.5026717767100335,4.654082775115967,5.3458163744864065,5.337526321411133,5.681606946143178,5.53212833404541,5.7098187247500976,5.486057758331299,5.589686205521867,7.359074592590332,7.209621694864293,5.483935356140137,5.5753037063419395,5.332417964935303,5.330540301803267,4.3559184074401855,4.294033924549627
487,3.743875741958618,3.5358337207620867,4.265920162200928,4.244552457728179,6.4127397537231445,5.889298772434973,6.634077548980713,6.296063154444932,5.759077072143555,4.763683387020021,7.325635433197021,6.893531948578366,6.850773334503174,6.592662460263936,5.904971599578857,5.724417614041096,6.362052917480469,6.1538758890719425,8.365721702575684,7.430513931225363,6.183045387268066,6.032093921796231,6.643879413604736,6.217625291824288,5.8228044509887695,5.6435299379604285
488,6.5590667724609375,5.361177477016424,6.069094657897949,5.897018297280355,6.40992546081543,5.864790474276143,5.222023010253906,5.12526457959788,5.373781204223633,5.290271668575006,3.8122031688690186,3.5795909665889307,5.013508319854736,4.8160173664258,5.872705936431885,5.851670416997073,5.936903953552246,5.936790855940138,7.501558780670166,7.508195458616957,5.740854263305664,5.668087020095308,6.533910274505615,6.42219617107889,5.969894886016846,5.962005859091647
489,6.6871337890625,5.9406455391609665,4.132242679595947,4.2011659741628895,5.973181247711182,5.906960501664627,5.118847370147705,4.951225408959841,2.033289670944214,2.061595533641302,6.052632808685303,5.473063161433022,5.708893775939941,5.335044085439429,5.279244899749756,5.498815574511708,5.376922607421875,5.387403934172123,4.989552974700928,4.6428304295046425,4.915621280670166,4.848216328450671,5.956429481506348,6.017986490688358,5.477127552032471,5.404967680706987
490,5.1118693351745605,7.1196556561500755,3.885143280029297,4.236243710772677,5.146463394165039,6.455496024773157,6.528425216674805,6.391878917469358,3.3216686248779297,4.933882560056145,6.577467441558838,7.046784954192628,6.477502346038818,6.7366952878319015,5.631814002990723,5.564292434590175,6.051531791687012,6.026704180099975,5.499813079833984,6.251987374458746,5.849684715270996,5.751085990448901,6.042603492736816,6.230378463839349,5.256569862365723,5.473670597977669
491,3.734356641769409,3.579897830338299,5.771868705749512,6.007144296846271,5.851480960845947,5.3206410292524655,6.39591121673584,6.210016156682929,5.638620853424072,4.931584292126873,5.588533401489258,5.5364707457692255,5.647956371307373,5.669947103607631,5.166884422302246,5.233037567041775,5.929489612579346,5.917801870982764,5.59520435333252,5.757842322988188,5.75243616104126,5.708051581623681,6.042483806610107,5.928610296539856,4.773600101470947,4.860545182182357
492,5.151930809020996,4.978113855669008,6.263411521911621,6.16555820262884,4.65595006942749,4.2059478491024835,6.459784507751465,6.38027879643918,1.8161355257034304,1.8178864378097077,5.757080554962158,5.698085495070686,5.871706485748291,5.802792409569067,6.10343599319458,5.986157817335144,5.938854694366455,5.906730526737032,5.009681224822998,4.524693330726048,5.845457553863525,5.777947301295187,5.021359920501709,5.067026466277062,4.169310092926025,4.190539491451507
493,4.227064609527588,4.412449814010209,5.188272476196289,5.396372191105848,4.076076984405518,3.8236192918928413,5.551482200622559,5.696896413709942,2.9484167098999023,4.344394285895113,7.568708419799805,6.454877900699229,6.8913116455078125,6.080592927439086,5.142312049865723,5.384324904795976,5.952404499053955,5.891894658076735,7.216941833496094,6.7593229759876206,5.972531795501709,5.759159970079011,4.581711769104004,4.472351216779199,4.582330226898193,4.668646616539926
494,5.500777244567871,5.223589545013459,3.981971263885498,3.9068593109660434,6.431028842926025,6.209872205283827,6.495278358459473,6.247632317646861,1.858097791671753,2.2963610674989776,4.993000507354736,5.166532330493052,4.7275261878967285,4.748051566590576,5.672300815582275,5.599480128912664,6.008281230926514,5.929571924947741,7.076150894165039,7.149691928501421,5.7035346031188965,5.597345728190739,5.834477424621582,6.004774935870328,5.827061176300049,5.8047049484754165
495,3.919018507003784,3.864675295913887,5.878604412078857,5.686888862752639,4.6342549324035645,4.750096184807716,5.709976673126221,6.093121451670335,2.102513074874878,2.6858318240400565,5.307299137115479,5.31433951205675,4.982919692993164,5.093699887367799,5.215640068054199,5.406941359278738,5.670264720916748,5.786096254109655,5.3160552978515625,5.088937486434787,5.195281028747559,5.32299087594985,4.532054901123047,4.485933861601581,5.387562274932861,5.2146729326835635
496,5.151895523071289,4.640272917002538,6.02614688873291,6.016703780141391,5.940696239471436,5.399745700467778,5.143671989440918,5.191125559768344,1.8989471197128296,1.3697886550604548,4.792460441589356,4.4470706875183055,4.2326531410217285,3.8909809229740207,5.853069305419922,5.804637330237133,5.697107791900635,5.692149071625498,7.432145118713379,6.889577450998752,5.594946384429932,5.48245012740987,5.0370774269104,5.321450338054789,4.535274505615234,4.7030178070489255
497,5.061765670776367,4.828246372927733,5.703281879425049,5.757345959423698,5.818846225738525,5.440881823335606,5.903984069824219,5.874247141552929,1.9470391273498533,2.214785094331071,4.328785419464111,4.311586596713669,4.260619640350342,4.212114027985347,5.073500156402588,5.185532993132429,5.444851398468018,5.451602366578816,5.894026756286621,6.42150100720158,4.99456262588501,5.121012932429225,4.957064151763916,5.108027814349385,4.987694263458252,5.033833914603718
498,6.508379459381104,6.464399491032602,4.694830417633057,4.988199771516901,6.410739421844482,6.418377759705865,5.580142498016357,5.484615902713324,2.610504150390625,3.9128870454633113,6.017087459564209,5.921455503104882,5.583698749542236,5.6537773620608895,4.831167697906494,4.871244248233092,5.113088607788086,5.122617356513889,6.162825107574463,6.4537313015618665,5.177302837371826,5.188211338359539,5.8739013671875,5.77440954731335,5.415830612182617,5.303486697551979
499,4.455725193023682,4.631039176085103,5.222434520721436,5.430425300592226,4.422146320343018,4.724025066209002,5.3455328941345215,5.213117581047881,5.380457878112793,4.104282774375376,4.026998996734619,3.1845245287651136,4.693305969238281,4.372093174707834,5.587850093841553,5.591621324473566,5.677176475524902,5.661724443704594,5.033385276794434,4.443432298106169,5.302206993103027,5.3729941389845095,5.264651775360107,5.4430985992846175,5.414053916931152,5.543362925113204
500,6.289610385894775,6.400000381239993,4.855105876922607,5.192149400422469,5.773243427276611,6.122238643769902,5.302640438079834,5.3025878807718465,1.8260366916656487,2.122500648964494,6.5821380615234375,5.961305776294972,6.126079082489014,5.759613064067202,4.80061149597168,4.758856184778084,5.266865253448486,5.189918403167783,7.171628952026367,6.836327089589463,5.0451507568359375,5.062295140796919,5.469001293182373,5.519676190840591,5.462230682373047,5.495837579842235
501,7.811105728149414,6.753714674112565,4.517469882965088,4.717835793878678,6.571171283721924,6.064721227908061,5.960317134857178,5.799978986289501,1.928225040435791,1.5573522291292912,6.886194705963135,6.77692867198649,6.618941307067871,6.350126145113063,4.759451389312744,4.84302594872598,5.644507884979248,5.681361911308829,6.021768093109131,6.111566784393402,5.137873649597168,5.094283230858989,5.478035926818848,5.5226240364065236,4.316832065582275,4.2478953914939535
502,5.3328857421875,5.811355309160435,5.35365104675293,5.322184259059444,5.16062068939209,5.2592615933414395,5.556843280792236,5.744611788141751,1.8243658542633057,2.36688620857198,7.1334099769592285,6.862890492795731,6.43557071685791,6.314382446576991,4.727897644042969,4.823389268478436,5.869662284851074,5.848752564136311,6.336292743682861,6.824571611452895,5.669229507446289,5.696029399881878,5.240726947784424,5.104147108713368,4.389937400817871,4.239312943816155
503,3.7010653018951416,3.802049956508739,6.063274383544922,5.77719685954116,5.514395236968994,5.429719668306502,5.714780807495117,6.042062832465405,2.345290422439575,3.6647034833176897,5.831137180328369,6.31095210307497,5.349463939666748,5.910822634393441,5.656087398529053,5.770146742922033,5.711055755615234,5.861117044631847,5.254309177398682,5.382154069055454,5.631940841674805,5.701846674439986,6.166717529296875,6.031652909542438,5.645920276641846,5.553874674334773
504,5.387490272521973,5.364803191031545,5.9061150550842285,5.474624136881289,4.745382785797119,5.229742730450667,5.731986045837402,5.966749742123425,2.909668207168579,3.621863082814308,4.051894664764404,3.8294120056303487,4.846739292144775,4.88916857544268,4.976631164550781,4.900547194286126,5.632889747619629,5.761517361358308,5.417412757873535,5.80286316567546,5.32801628112793,5.484873185660228,5.553572654724121,5.570943993270964,4.578251838684082,4.446405012866176
505,7.001653671264648,5.532282457640043,5.314128398895264,4.973043475850257,5.336071491241455,5.042759096499732,4.960175514221191,4.833032670101557,1.8937835693359373,0.2667327460542297,5.946568965911865,5.882705178696089,6.087184906005859,5.645974742861321,4.769885063171387,4.747312678002507,5.473450660705566,5.527310685280054,5.616555213928223,5.932515475573116,5.599493503570557,5.419255159269132,5.327703952789307,5.362935070529228,4.612153053283691,4.792367009184019
506,4.141794204711914,4.222885371060051,4.316600322723389,4.364280082686788,4.560801982879639,4.572016885846861,6.119606971740723,6.195061221480699,2.697582960128784,3.6406837867649875,6.828636169433594,5.963641351497354,6.544867515563965,5.845122167319184,4.865564823150635,4.61766889145743,5.751536846160889,5.80724242609565,6.706628322601318,6.690629525096835,5.720535755157471,5.529601181958699,4.874032974243164,4.848268126970739,4.718532085418701,4.923198756274682
507,4.612977981567383,5.053014791660643,5.10741138458252,5.702331736929205,4.853340148925781,4.978553796429136,6.551396369934082,6.409011920656081,2.17337417602539,3.212801158357598,4.16841459274292,4.132541515616117,4.943353652954102,5.024758297315563,5.9379167556762695,6.055614313600253,6.05412483215332,6.050457849157851,5.329365253448486,5.506266021911503,5.3277268409729,5.506238099044401,4.882316589355469,4.776966542966053,4.316286563873291,4.041486492712007
508,5.263236999511719,5.521765346019594,5.590843200683594,5.3602400109402,5.250551700592041,5.734352669079627,5.139056205749512,4.918732699597582,5.282623291015625,4.584741805615526,4.159837245941162,3.999826397512864,4.7458930015563965,4.767668074733481,5.324398040771484,5.252844206766188,5.267045974731445,5.143532263150009,5.217076301574707,5.214028384029345,5.093225479125977,5.098705491115783,5.914566516876221,5.9641843289887895,5.529734611511231,5.473625095690323
509,3.6722607612609854,4.239893221376202,6.346999168395996,6.083460161948356,5.87490701675415,5.67760151246144,6.652975082397461,6.330916975659222,5.7027506828308105,5.495605409155733,4.921449661254883,6.103724073334881,5.581121921539307,6.015680206394368,5.320458889007568,5.606669181821955,6.338923931121826,6.171345763745265,7.693895816802978,7.590158962255683,5.983927249908447,5.891649651990148,5.548282146453857,5.887050008236868,5.749899864196777,5.664045442123793
510,4.32056188583374,5.1890093177088605,3.963856935501098,3.7802401120230265,6.40119743347168,5.902451976918919,5.99621057510376,5.987633329193084,5.7004923820495605,4.45190314406835,7.044955730438232,6.4797174866498715,6.486854076385498,6.220376799119646,4.977372169494629,4.977259772053353,5.601739406585693,5.682373403686007,7.699587345123291,7.3866798630600545,5.54034423828125,5.614989562484699,6.349664211273193,6.0936247915481,5.712721824645996,5.551277153137206
511,4.198707103729248,4.668543304870189,5.367340087890625,5.364897287080821,4.3105082511901855,4.8309575840175345,5.204094886779785,5.30402414158541,5.52336311340332,4.6849293974073465,5.792860984802246,5.6387951189914975,5.307072639465332,5.366738542148586,5.197421073913574,5.341331801017127,5.254495620727539,5.224220493081267,5.662216663360596,6.252890588144997,5.335325241088867,5.266637414592614,4.736069679260254,4.640661873798048,4.639908790588379,4.753186835979363
512,3.6521496772766113,4.325741802080487,6.433090686798096,6.2293680613140525,6.133265018463135,5.874004547713266,5.680899143218994,6.133376472265787,5.625946521759033,5.532646420970898,7.272746562957764,6.582548891786447,6.697713851928711,6.284201337589476,6.421703815460205,6.125313919192134,6.183892726898193,6.209730288247185,6.590915203094482,7.530012922139826,6.298652172088623,6.038029778761223,6.154739856719971,6.061533448310603,4.934294700622559,5.36235383474739
